time,hu
1960-01-01,82.69
1960-01-02,87.95375
1960-01-03,91.16556
1960-01-04,91.305
1960-01-05,89.728
1960-01-06,90.62688
1960-01-07,93.375
1960-01-08,90.659996
1960-01-09,81.237
1960-01-10,89.53111
1960-01-11,88.976
1960-01-12,88.7955
1960-01-13,87.159996
1960-01-14,86.6985
1960-01-15,83.358
1960-01-16,94.01889
1960-01-17,92.029
1960-01-18,90.05556
1960-01-19,80.03
1960-01-20,82.1225
1960-01-21,84.3425
1960-01-22,85.052635
1960-01-23,83.54056
1960-01-24,85.3365
1960-01-25,84.087
1960-01-26,84.23842
1960-01-27,83.782
1960-01-28,79.278
1960-01-29,79.86053
1960-01-30,84.1465
1960-01-31,79.2905
1960-02-01,83.58053
1960-02-02,80.89
1960-02-03,82.1645
1960-02-04,79.261
1960-02-05,76.7955
1960-02-06,87.47421
1960-02-07,83.542496
1960-02-08,78.376495
1960-02-09,83.471
1960-02-10,76.988
1960-02-11,82.160995
1960-02-12,81.111496
1960-02-13,84.555
1960-02-14,89.2475
1960-02-15,78.3575
1960-02-16,89.4845
1960-02-17,79.7725
1960-02-18,82.429
1960-02-19,89.15941
1960-02-20,94.54667
1960-02-21,91.7425
1960-02-22,80.8025
1960-02-23,89.12
1960-02-24,90.68611
1960-02-25,78.661995
1960-02-26,85.534
1960-02-27,82.7885
1960-02-28,84.17526
1960-02-29,87.74177
1960-03-01,77.965
1960-03-02,86.0455
1960-03-03,84.8865
1960-03-04,87.197
1960-03-05,84.03333
1960-03-06,78.7805
1960-03-07,80.39
1960-03-08,80.8125
1960-03-09,83.527
1960-03-10,77.551
1960-03-11,70.083
1960-03-12,69.1165
1960-03-13,82.917
1960-03-14,82.781
1960-03-15,78.982
1960-03-16,79.62
1960-03-17,78.5775
1960-03-18,89.956474
1960-03-19,92.06286
1960-03-20,90.98222
1960-03-21,76.423996
1960-03-22,67.858
1960-03-23,72.5615
1960-03-24,71.895
1960-03-25,70.8185
1960-03-26,75.5895
1960-03-27,80.945
1960-03-28,73.712
1960-03-29,70.171
1960-03-30,72.165
1960-03-31,84.683685
1960-04-01,84.0285
1960-04-02,92.371056
1960-04-03,87.971
1960-04-04,67.864
1960-04-05,67.321
1960-04-06,76.1345
1960-04-07,61.847
1960-04-08,69.1655
1960-04-09,74.3865
1960-04-10,72.4295
1960-04-11,76.5545
1960-04-12,74.4115
1960-04-13,76.1565
1960-04-14,56.949997
1960-04-15,78.2075
1960-04-16,75.1345
1960-04-17,78.536995
1960-04-18,80.7695
1960-04-19,74.641495
1960-04-20,84.325
1960-04-21,84.915
1960-04-22,80.264
1960-04-23,78.6925
1960-04-24,71.0175
1960-04-25,69.7475
1960-04-26,79.4145
1960-04-27,76.7525
1960-04-28,84.0525
1960-04-29,89.86
1960-04-30,89.6235
1960-05-01,77.895
1960-05-02,75.923
1960-05-03,77.659996
1960-05-04,66.346
1960-05-05,57.3625
1960-05-06,78.087
1960-05-07,76.1215
1960-05-08,78.0365
1960-05-09,77.272995
1960-05-10,73.3275
1960-05-11,72.6045
1960-05-12,68.9675
1960-05-13,69.4955
1960-05-14,64.539
1960-05-15,66.203
1960-05-16,58.162
1960-05-17,67.6595
1960-05-18,69.390495
1960-05-19,58.0635
1960-05-20,58.2245
1960-05-21,74.106995
1960-05-22,67.576996
1960-05-23,78.460495
1960-05-24,79.463
1960-05-25,80.722
1960-05-26,78.6005
1960-05-27,85.4435
1960-05-28,89.65437
1960-05-29,91.10384
1960-05-30,86.816315
1960-05-31,77.235
1960-06-01,75.2055
1960-06-02,74.7355
1960-06-03,63.347
1960-06-04,70.102
1960-06-05,68.815
1960-06-06,69.390495
1960-06-07,68.8605
1960-06-08,76.6855
1960-06-09,74.9335
1960-06-10,73.641495
1960-06-11,85.435
1960-06-12,81.843
1960-06-13,76.751495
1960-06-14,67.622
1960-06-15,79.236496
1960-06-16,81.6575
1960-06-17,81.812996
1960-06-18,82.378
1960-06-19,74.715996
1960-06-20,68.1045
1960-06-21,83.802
1960-06-22,87.2405
1960-06-23,84.624
1960-06-24,76.751495
1960-06-25,73.5085
1960-06-26,61.406998
1960-06-27,72.9785
1960-06-28,77.2435
1960-06-29,85.9325
1960-06-30,74.743996
1960-07-01,71.7125
1960-07-02,76.472
1960-07-03,87.2425
1960-07-04,86.797
1960-07-05,71.4655
1960-07-06,70.763
1960-07-07,73.856
1960-07-08,66.334496
1960-07-09,69.0465
1960-07-10,87.2025
1960-07-11,75.5025
1960-07-12,74.0355
1960-07-13,79.183
1960-07-14,87.716
1960-07-15,78.5015
1960-07-16,72.5345
1960-07-17,71.127495
1960-07-18,63.86
1960-07-19,69.2895
1960-07-20,70.184
1960-07-21,80.463
1960-07-22,75.798996
1960-07-23,69.1945
1960-07-24,83.821
1960-07-25,78.15
1960-07-26,81.069496
1960-07-27,78.097
1960-07-28,71.9375
1960-07-29,79.805
1960-07-30,78.2805
1960-07-31,71.0315
1960-08-01,67.8805
1960-08-02,69.499
1960-08-03,77.681
1960-08-04,75.975
1960-08-05,64.4515
1960-08-06,75.788
1960-08-07,70.001495
1960-08-08,67.770996
1960-08-09,84.1645
1960-08-10,77.8695
1960-08-11,78.244995
1960-08-12,66.709
1960-08-13,64.9335
1960-08-14,72.54
1960-08-15,77.9695
1960-08-16,72.4855
1960-08-17,65.9295
1960-08-18,58.199497
1960-08-19,55.0835
1960-08-20,70.587
1960-08-21,75.088
1960-08-22,72.65
1960-08-23,66.4225
1960-08-24,65.465996
1960-08-25,67.595
1960-08-26,66.999
1960-08-27,73.270996
1960-08-28,67.9955
1960-08-29,67.253
1960-08-30,72.9285
1960-08-31,79.9685
1960-09-01,71.536
1960-09-02,70.3815
1960-09-03,63.0915
1960-09-04,56.758
1960-09-05,70.094
1960-09-06,75.097
1960-09-07,84.621
1960-09-08,77.917496
1960-09-09,91.1505
1960-09-10,91.61
1960-09-11,92.01625
1960-09-12,89.67
1960-09-13,74.578
1960-09-14,72.1035
1960-09-15,66.463
1960-09-16,70.095
1960-09-17,68.215
1960-09-18,68.320496
1960-09-19,66.9885
1960-09-20,63.656498
1960-09-21,78.0325
1960-09-22,81.8595
1960-09-23,84.666
1960-09-24,79.6865
1960-09-25,78.4755
1960-09-26,74.142
1960-09-27,78.2455
1960-09-28,80.090996
1960-09-29,78.4835
1960-09-30,80.0415
1960-10-01,85.58
1960-10-02,83.14
1960-10-03,78.8915
1960-10-04,72.585
1960-10-05,68.6505
1960-10-06,75.43
1960-10-07,80.649
1960-10-08,80.333496
1960-10-09,69.2015
1960-10-10,72.173996
1960-10-11,83.437996
1960-10-12,82.168945
1960-10-13,86.5825
1960-10-14,76.423
1960-10-15,73.1805
1960-10-16,84.6045
1960-10-17,83.1365
1960-10-18,77.264496
1960-10-19,73.786995
1960-10-20,69.957
1960-10-21,77.048996
1960-10-22,79.532
1960-10-23,72.198
1960-10-24,79.2895
1960-10-25,73.2355
1960-10-26,79.3835
1960-10-27,77.971
1960-10-28,73.9665
1960-10-29,69.124
1960-10-30,76.788
1960-10-31,76.084
1960-11-01,74.256
1960-11-02,81.144
1960-11-03,80.168
1960-11-04,72.041
1960-11-05,70.189995
1960-11-06,88.439
1960-11-07,90.325714
1960-11-08,90.136246
1960-11-09,88.314
1960-11-10,80.8975
1960-11-11,89.758
1960-11-12,87.5265
1960-11-13,83.0685
1960-11-14,92.25583
1960-11-15,93.9575
1960-11-16,81.551
1960-11-17,86.27526
1960-11-18,80.9415
1960-11-19,74.0815
1960-11-20,83.0945
1960-11-21,76.6755
1960-11-22,76.9025
1960-11-23,89.9521
1960-11-24,92.14154
1960-11-25,92.424614
1960-11-26,89.515
1960-11-27,86.95389
1960-11-28,88.994995
1960-11-29,92.094284
1960-11-30,83.148994
1960-12-01,77.0255
1960-12-02,72.820496
1960-12-03,85.495
1960-12-04,75.30111
1960-12-05,79.601
1960-12-06,80.897
1960-12-07,86.05421
1960-12-08,82.732
1960-12-09,87.82267
1960-12-10,90.82687
1960-12-11,91.92077
1960-12-12,93.482
1960-12-13,94.23333
1960-12-14,90.40894
1960-12-15,91.46562
1960-12-16,89.54706
1960-12-17,93.03778
1960-12-18,90.739334
1960-12-19,94.475
1960-12-20,92.97875
1960-12-21,88.5055
1960-12-22,91.9675
1960-12-23,91.02375
1960-12-24,89.30631
1960-12-25,92.83077
1960-12-26,92.05294
1960-12-27,92.67231
1960-12-28,92.87125
1960-12-29,90.96167
1960-12-30,93.0675
1960-12-31,91.23312
1961-01-01,90.42562
1961-01-02,91.98722
1961-01-03,92.26133
1961-01-04,93.493996
1961-01-05,93.198746
1961-01-06,91.59
1961-01-07,93.628
1961-01-08,91.66923
1961-01-09,90.84133
1961-01-10,92.77
1961-01-11,85.5465
1961-01-12,91.21
1961-01-13,85.57421
1961-01-14,82.733
1961-01-15,87.33211
1961-01-16,88.17083
1961-01-17,80.87421
1961-01-18,77.9565
1961-01-19,83.249
1961-01-20,79.443
1961-01-21,75.5865
1961-01-22,80.58
1961-01-23,79.203
1961-01-24,83.736
1961-01-25,90.46933
1961-01-26,86.9935
1961-01-27,83.531
1961-01-28,68.2385
1961-01-29,76.6765
1961-01-30,79.702995
1961-01-31,81.80473
1961-02-01,82.043495
1961-02-02,92.395004
1961-02-03,90.4075
1961-02-04,89.640625
1961-02-05,89.693
1961-02-06,91.512
1961-02-07,85.502
1961-02-08,92.80353
1961-02-09,89.54632
1961-02-10,91.061874
1961-02-11,90.80286
1961-02-12,90.973335
1961-02-13,93.518
1961-02-14,89.56143
1961-02-15,83.55947
1961-02-16,77.414
1961-02-17,87.264114
1961-02-18,82.609
1961-02-19,81.119995
1961-02-20,86.123886
1961-02-21,86.51294
1961-02-22,84.865
1961-02-23,85.173996
1961-02-24,78.998
1961-02-25,78.4215
1961-02-26,78.989
1961-02-27,80.172
1961-02-28,73.563995
1961-03-01,78.839
1961-03-02,86.8265
1961-03-03,83.431
1961-03-04,84.048996
1961-03-05,77.1875
1961-03-06,68.8455
1961-03-07,66.584
1961-03-08,61.4865
1961-03-09,52.869
1961-03-10,58.9225
1961-03-11,55.486
1961-03-12,51.7155
1961-03-13,59.2985
1961-03-14,64.9165
1961-03-15,71.0635
1961-03-16,61.0645
1961-03-17,59.8085
1961-03-18,53.362
1961-03-19,59.2945
1961-03-20,74.0205
1961-03-21,81.73631
1961-03-22,91.215385
1961-03-23,85.545
1961-03-24,79.368996
1961-03-25,77.0265
1961-03-26,67.75
1961-03-27,61.112
1961-03-28,76.168495
1961-03-29,74.1495
1961-03-30,66.0195
1961-03-31,71.428
1961-04-01,67.706
1961-04-02,70.5745
1961-04-03,73.112495
1961-04-04,75.5965
1961-04-05,63.6555
1961-04-06,56.1245
1961-04-07,56.333
1961-04-08,61.6685
1961-04-09,68.7445
1961-04-10,73.4165
1961-04-11,74.550995
1961-04-12,76.1315
1961-04-13,70.9245
1961-04-14,64.034
1961-04-15,55.7035
1961-04-16,51.802498
1961-04-17,64.792
1961-04-18,63.753498
1961-04-19,65.583496
1961-04-20,67.237
1961-04-21,75.5195
1961-04-22,74.066
1961-04-23,80.663
1961-04-24,86.681
1961-04-25,88.3165
1961-04-26,81.732
1961-04-27,84.208
1961-04-28,81.056
1961-04-29,75.3845
1961-04-30,79.378
1961-05-01,86.42722
1961-05-02,88.76
1961-05-03,75.4245
1961-05-04,85.6145
1961-05-05,78.0825
1961-05-06,64.46
1961-05-07,82.7565
1961-05-08,77.104996
1961-05-09,76.4255
1961-05-10,91.92333
1961-05-11,93.046
1961-05-12,84.245
1961-05-13,83.5
1961-05-14,88.93
1961-05-15,74.909
1961-05-16,78.464
1961-05-17,82.307
1961-05-18,89.08579
1961-05-19,81.233
1961-05-20,83.4985
1961-05-21,88.177895
1961-05-22,80.2695
1961-05-23,84.821
1961-05-24,78.502
1961-05-25,87.111
1961-05-26,83.1785
1961-05-27,74.9775
1961-05-28,80.5505
1961-05-29,77.88947
1961-05-30,86.6465
1961-05-31,68.61
1961-06-01,69.571495
1961-06-02,67.886
1961-06-03,70.753
1961-06-04,80.243
1961-06-05,80.8915
1961-06-06,81.898
1961-06-07,83.443
1961-06-08,81.9
1961-06-09,78.034
1961-06-10,73.8055
1961-06-11,79.465
1961-06-12,86.3275
1961-06-13,78.8505
1961-06-14,80.1895
1961-06-15,81.298996
1961-06-16,82.8585
1961-06-17,82.769
1961-06-18,68.002495
1961-06-19,78.940994
1961-06-20,71.55
1961-06-21,75.0545
1961-06-22,69.471
1961-06-23,76.677
1961-06-24,67.968
1961-06-25,63.0725
1961-06-26,64.9655
1961-06-27,59.150497
1961-06-28,76.7575
1961-06-29,77.787
1961-06-30,69.82
1961-07-01,65.177
1961-07-02,66.0655
1961-07-03,62.4965
1961-07-04,53.3055
1961-07-05,70.1985
1961-07-06,65.1895
1961-07-07,67.9695
1961-07-08,75.149
1961-07-09,73.975
1961-07-10,71.6325
1961-07-11,64.3855
1961-07-12,63.117
1961-07-13,62.095
1961-07-14,61.5275
1961-07-15,57.699997
1961-07-16,63.704998
1961-07-17,70.3875
1961-07-18,76.195496
1961-07-19,73.7865
1961-07-20,67.83
1961-07-21,75.014
1961-07-22,70.6325
1961-07-23,72.5665
1961-07-24,75.7025
1961-07-25,73.3525
1961-07-26,66.198
1961-07-27,65.602
1961-07-28,61.097
1961-07-29,75.642
1961-07-30,81.6925
1961-07-31,65.354996
1961-08-01,58.6945
1961-08-02,58.69
1961-08-03,69.7995
1961-08-04,71.16
1961-08-05,70.2435
1961-08-06,70.7465
1961-08-07,54.134
1961-08-08,63.682
1961-08-09,52.372997
1961-08-10,53.9645
1961-08-11,47.32
1961-08-12,54.859
1961-08-13,72.249
1961-08-14,70.78
1961-08-15,79.712
1961-08-16,79.134
1961-08-17,82.0525
1961-08-18,73.237
1961-08-19,67.031
1961-08-20,66.748
1961-08-21,69.437996
1961-08-22,64.385
1961-08-23,73.876495
1961-08-24,70.003
1961-08-25,76.6855
1961-08-26,72.521996
1961-08-27,71.67
1961-08-28,76.8525
1961-08-29,75.1475
1961-08-30,77.4835
1961-08-31,67.951
1961-09-01,64.7475
1961-09-02,61.622498
1961-09-03,52.6265
1961-09-04,57.192497
1961-09-05,60.215
1961-09-06,55.866497
1961-09-07,60.916
1961-09-08,66.0945
1961-09-09,74.2475
1961-09-10,91.76937
1961-09-11,81.858
1961-09-12,62.6305
1961-09-13,74.597496
1961-09-14,62.7915
1961-09-15,70.776
1961-09-16,65.6645
1961-09-17,64.0665
1961-09-18,64.4575
1961-09-19,67.6205
1961-09-20,56.233498
1961-09-21,63.2735
1961-09-22,61.6955
1961-09-23,58.944
1961-09-24,60.1715
1961-09-25,57.777
1961-09-26,64.661
1961-09-27,66.755
1961-09-28,62.473
1961-09-29,63.134
1961-09-30,66.8955
1961-10-01,73.2875
1961-10-02,85.2625
1961-10-03,80.7475
1961-10-04,78.39
1961-10-05,74.779495
1961-10-06,79.02
1961-10-07,72.2635
1961-10-08,68.97
1961-10-09,91.295555
1961-10-10,85.9605
1961-10-11,71.315
1961-10-12,77.623
1961-10-13,89.61
1961-10-14,88.096
1961-10-15,84.3315
1961-10-16,79.334496
1961-10-17,75.264
1961-10-18,64.543
1961-10-19,63.0055
1961-10-20,73.075
1961-10-21,83.243996
1961-10-22,85.4235
1961-10-23,79.994
1961-10-24,76.3865
1961-10-25,76.8785
1961-10-26,67.0715
1961-10-27,71.2705
1961-10-28,76.9155
1961-10-29,84.2665
1961-10-30,79.725
1961-10-31,85.168
1961-11-01,78.5375
1961-11-02,78.232
1961-11-03,65.316
1961-11-04,81.307
1961-11-05,87.97316
1961-11-06,87.71684
1961-11-07,89.7721
1961-11-08,88.736115
1961-11-09,84.8545
1961-11-10,88.165
1961-11-11,89.71
1961-11-12,92.35
1961-11-13,94.225
1961-11-14,91.637
1961-11-15,88.656
1961-11-16,92.01308
1961-11-17,91.548
1961-11-18,87.05211
1961-11-19,84.7385
1961-11-20,80.5195
1961-11-21,72.627
1961-11-22,67.619995
1961-11-23,56.649998
1961-11-24,56.322998
1961-11-25,72.5455
1961-11-26,83.466
1961-11-27,84.0155
1961-11-28,84.182
1961-11-29,86.4235
1961-11-30,84.681
1961-12-01,81.6515
1961-12-02,82.070496
1961-12-03,82.635
1961-12-04,81.7595
1961-12-05,77.4235
1961-12-06,89.97647
1961-12-07,91.125
1961-12-08,91.58
1961-12-09,86.1325
1961-12-10,77.563
1961-12-11,79.989
1961-12-12,87.71684
1961-12-13,79.876495
1961-12-14,81.015495
1961-12-15,69.624
1961-12-16,86.92824
1961-12-17,90.11278
1961-12-18,87.433
1961-12-19,91.203575
1961-12-20,90.47125
1961-12-21,88.0221
1961-12-22,82.611
1961-12-23,84.748
1961-12-24,89.36632
1961-12-25,83.7665
1961-12-26,84.174
1961-12-27,85.4175
1961-12-28,92.515335
1961-12-29,91.75072
1961-12-30,87.01235
1961-12-31,89.06857
1962-01-01,91.68857
1962-01-02,90.07786
1962-01-03,89.02333
1962-01-04,84.59737
1962-01-05,83.792496
1962-01-06,90.26294
1962-01-07,94.06
1962-01-08,92.22
1962-01-09,88.79737
1962-01-10,86.344734
1962-01-11,86.4465
1962-01-12,88.835884
1962-01-13,93.668335
1962-01-14,92.89
1962-01-15,90.14
1962-01-16,93.55556
1962-01-17,91.42812
1962-01-18,92.18364
1962-01-19,92.527695
1962-01-20,91.09333
1962-01-21,91.37
1962-01-22,88.266846
1962-01-23,92.332146
1962-01-24,90.53714
1962-01-25,90.70167
1962-01-26,91.388664
1962-01-27,89.47823
1962-01-28,88.82421
1962-01-29,89.66353
1962-01-30,92.91857
1962-01-31,91.34111
1962-02-01,93.24857
1962-02-02,92.854996
1962-02-03,94.935
1962-02-04,93.10429
1962-02-05,89.838234
1962-02-06,92.49
1962-02-07,90.61643
1962-02-08,86.6855
1962-02-09,90.05167
1962-02-10,89.21471
1962-02-11,88.18833
1962-02-12,91.02545
1962-02-13,82.159
1962-02-14,85.79
1962-02-15,84.9855
1962-02-16,86.486
1962-02-17,90.84375
1962-02-18,90.52947
1962-02-19,88.36444
1962-02-20,91.755
1962-02-21,85.4285
1962-02-22,91.87929
1962-02-23,93.84937
1962-02-24,92.79
1962-02-25,92.46125
1962-02-26,91.78571
1962-02-27,88.962776
1962-02-28,91.50357
1962-03-01,91.48143
1962-03-02,91.806
1962-03-03,83.664
1962-03-04,85.051575
1962-03-05,81.559
1962-03-06,81.881
1962-03-07,90.72385
1962-03-08,89.71842
1962-03-09,77.6495
1962-03-10,87.3655
1962-03-11,85.248
1962-03-12,87.293686
1962-03-13,85.83894
1962-03-14,91.67923
1962-03-15,93.1375
1962-03-16,92.235
1962-03-17,90.836426
1962-03-18,88.619
1962-03-19,89.05944
1962-03-20,87.28263
1962-03-21,87.5875
1962-03-22,94.0925
1962-03-23,92.793
1962-03-24,90.47235
1962-03-25,92.67
1962-03-26,88.27
1962-03-27,84.988
1962-03-28,85.217
1962-03-29,78.004
1962-03-30,84.4205
1962-03-31,82.4855
1962-04-01,86.32105
1962-04-02,69.611
1962-04-03,71.828995
1962-04-04,66.436
1962-04-05,77.6875
1962-04-06,85.40894
1962-04-07,86.320526
1962-04-08,78.695496
1962-04-09,76.905
1962-04-10,80.0645
1962-04-11,71.427
1962-04-12,88.932106
1962-04-13,81.02947
1962-04-14,92.025
1962-04-15,92.08546
1962-04-16,82.3315
1962-04-17,72.016495
1962-04-18,62.4635
1962-04-19,60.547
1962-04-20,60.8805
1962-04-21,66.6735
1962-04-22,53.809
1962-04-23,46.506
1962-04-24,56.768997
1962-04-25,62.772
1962-04-26,53.59
1962-04-27,68.243
1962-04-28,78.377495
1962-04-29,82.848
1962-04-30,83.277
1962-05-01,67.6305
1962-05-02,89.89933
1962-05-03,73.445
1962-05-04,74.3465
1962-05-05,73.8845
1962-05-06,71.2605
1962-05-07,64.2195
1962-05-08,66.4615
1962-05-09,61.7935
1962-05-10,82.528496
1962-05-11,77.779
1962-05-12,67.645996
1962-05-13,66.6645
1962-05-14,56.989
1962-05-15,77.6835
1962-05-16,64.8815
1962-05-17,55.573997
1962-05-18,66.3935
1962-05-19,63.95
1962-05-20,73.581
1962-05-21,86.1825
1962-05-22,67.814
1962-05-23,66.256
1962-05-24,67.097
1962-05-25,75.231995
1962-05-26,69.162
1962-05-27,71.263
1962-05-28,73.57
1962-05-29,77.898
1962-05-30,85.854
1962-05-31,73.3695
1962-06-01,75.1335
1962-06-02,78.550995
1962-06-03,78.5075
1962-06-04,76.201996
1962-06-05,68.28
1962-06-06,83.0195
1962-06-07,70.459
1962-06-08,63.582
1962-06-09,66.394
1962-06-10,79.06
1962-06-11,83.113
1962-06-12,82.354996
1962-06-13,69.158
1962-06-14,58.0485
1962-06-15,64.441
1962-06-16,65.6965
1962-06-17,66.070496
1962-06-18,59.43
1962-06-19,64.468
1962-06-20,67.076
1962-06-21,69.148
1962-06-22,67.6165
1962-06-23,60.9645
1962-06-24,64.094
1962-06-25,61.850998
1962-06-26,68.6335
1962-06-27,65.334496
1962-06-28,72.358
1962-06-29,53.218998
1962-06-30,71.4285
1962-07-01,80.6585
1962-07-02,71.748
1962-07-03,67.305
1962-07-04,59.794
1962-07-05,52.014
1962-07-06,60.118
1962-07-07,61.5295
1962-07-08,67.82
1962-07-09,56.453
1962-07-10,51.7565
1962-07-11,46.712498
1962-07-12,60.3505
1962-07-13,60.1185
1962-07-14,73.491
1962-07-15,61.3205
1962-07-16,72.7305
1962-07-17,66.5755
1962-07-18,88.17941
1962-07-19,81.594
1962-07-20,71.389496
1962-07-21,63.0915
1962-07-22,56.8295
1962-07-23,80.8525
1962-07-24,74.6525
1962-07-25,65.701996
1962-07-26,54.861
1962-07-27,58.4805
1962-07-28,66.136
1962-07-29,67.108
1962-07-30,73.1285
1962-07-31,81.706
1962-08-01,77.6435
1962-08-02,67.5655
1962-08-03,69.437
1962-08-04,60.3575
1962-08-05,67.5405
1962-08-06,67.963
1962-08-07,47.503998
1962-08-08,62.815
1962-08-09,62.753498
1962-08-10,55.934498
1962-08-11,70.228
1962-08-12,72.4555
1962-08-13,70.7455
1962-08-14,66.584
1962-08-15,56.188
1962-08-16,70.9955
1962-08-17,62.787
1962-08-18,57.0545
1962-08-19,61.9995
1962-08-20,63.8705
1962-08-21,61.3505
1962-08-22,69.098
1962-08-23,67.0495
1962-08-24,58.691998
1962-08-25,61.184998
1962-08-26,63.171997
1962-08-27,59.8015
1962-08-28,58.3395
1962-08-29,58.476997
1962-08-30,68.994
1962-08-31,67.027
1962-09-01,72.7955
1962-09-02,61.5955
1962-09-03,59.333
1962-09-04,56.692497
1962-09-05,58.016
1962-09-06,59.558
1962-09-07,57.0185
1962-09-08,65.861
1962-09-09,75.712
1962-09-10,64.671
1962-09-11,46.0355
1962-09-12,55.947
1962-09-13,56.4045
1962-09-14,84.703
1962-09-15,68.4055
1962-09-16,55.4035
1962-09-17,52.809
1962-09-18,74.5935
1962-09-19,67.459496
1962-09-20,68.167
1962-09-21,83.2735
1962-09-22,84.1535
1962-09-23,80.13
1962-09-24,84.2915
1962-09-25,79.638504
1962-09-26,75.597
1962-09-27,75.7265
1962-09-28,79.937996
1962-09-29,74.1465
1962-09-30,80.6805
1962-10-01,83.838
1962-10-02,79.106995
1962-10-03,76.81
1962-10-04,78.9355
1962-10-05,75.4625
1962-10-06,70.6195
1962-10-07,76.7395
1962-10-08,79.1185
1962-10-09,71.378
1962-10-10,72.872
1962-10-11,68.093
1962-10-12,72.6715
1962-10-13,72.08
1962-10-14,75.4395
1962-10-15,79.229996
1962-10-16,87.488945
1962-10-17,89.1255
1962-10-18,84.9505
1962-10-19,79.309
1962-10-20,79.14
1962-10-21,71.369995
1962-10-22,69.4505
1962-10-23,65.4665
1962-10-24,74.614
1962-10-25,78.603
1962-10-26,68.0775
1962-10-27,62.958
1962-10-28,80.4205
1962-10-29,86.459
1962-10-30,93.3225
1962-10-31,82.654
1962-11-01,77.5535
1962-11-02,86.729996
1962-11-03,85.113686
1962-11-04,76.6765
1962-11-05,78.242
1962-11-06,80.63737
1962-11-07,79.638
1962-11-08,80.8975
1962-11-09,83.1145
1962-11-10,89.39421
1962-11-11,92.35
1962-11-12,91.362305
1962-11-13,92.9775
1962-11-14,90.50066
1962-11-15,92.06294
1962-11-16,91.44882
1962-11-17,84.78105
1962-11-18,87.9095
1962-11-19,78.7205
1962-11-20,80.709
1962-11-21,93.15316
1962-11-22,81.3045
1962-11-23,90.58611
1962-11-24,89.78467
1962-11-25,89.664375
1962-11-26,90.56529
1962-11-27,88.84812
1962-11-28,93.36428
1962-11-29,93.215
1962-11-30,92.04
1962-12-01,89.692635
1962-12-02,92.621
1962-12-03,90.65
1962-12-04,85.13
1962-12-05,80.488
1962-12-06,86.48
1962-12-07,87.882996
1962-12-08,84.01529
1962-12-09,84.76894
1962-12-10,86.66534
1962-12-11,93.22875
1962-12-12,87.975266
1962-12-13,83.5405
1962-12-14,91.016
1962-12-15,93.015
1962-12-16,88.3455
1962-12-17,87.6125
1962-12-18,80.8985
1962-12-19,87.450554
1962-12-20,91.857
1962-12-21,92.546
1962-12-22,91.403885
1962-12-23,88.563
1962-12-24,88.028946
1962-12-25,90.2975
1962-12-26,88.224
1962-12-27,91.42928
1962-12-28,87.6555
1962-12-29,87.15889
1962-12-30,92.046
1962-12-31,92.767
1963-01-01,91.41583
1963-01-02,91.364
1963-01-03,89.28263
1963-01-04,92.406
1963-01-05,86.357
1963-01-06,88.5585
1963-01-07,90.22059
1963-01-08,93.97833
1963-01-09,89.633
1963-01-10,91.08353
1963-01-11,92.15134
1963-01-12,93.921
1963-01-13,87.80473
1963-01-14,84.857
1963-01-15,83.278496
1963-01-16,80.911
1963-01-17,79.2615
1963-01-18,86.655
1963-01-19,82.964
1963-01-20,89.01722
1963-01-21,90.2705
1963-01-22,86.597
1963-01-23,88.7105
1963-01-24,82.1315
1963-01-25,84.348
1963-01-26,85.3075
1963-01-27,82.528
1963-01-28,87.20263
1963-01-29,86.1845
1963-01-30,89.4195
1963-01-31,85.675
1963-02-01,91.15647
1963-02-02,92.76417
1963-02-03,91.858185
1963-02-04,88.798
1963-02-05,93.24
1963-02-06,91.97733
1963-02-07,88.15
1963-02-08,91.17313
1963-02-09,92.96222
1963-02-10,92.72615
1963-02-11,90.52333
1963-02-12,94.067505
1963-02-13,92.645996
1963-02-14,93.305
1963-02-15,91.29091
1963-02-16,85.3225
1963-02-17,83.162
1963-02-18,86.95368
1963-02-19,77.7625
1963-02-20,89.0135
1963-02-21,84.212
1963-02-22,89.92
1963-02-23,88.262
1963-02-24,78.611
1963-02-25,78.996
1963-02-26,82.622
1963-02-27,84.8285
1963-02-28,83.673996
1963-03-01,84.829
1963-03-02,82.631
1963-03-03,79.7555
1963-03-04,88.30062
1963-03-05,86.2255
1963-03-06,83.9935
1963-03-07,73.842995
1963-03-08,66.2615
1963-03-09,72.8825
1963-03-10,73.345
1963-03-11,92.7975
1963-03-12,88.6105
1963-03-13,87.54842
1963-03-14,82.303
1963-03-15,77.956
1963-03-16,73.129
1963-03-17,79.2685
1963-03-18,70.874
1963-03-19,76.575
1963-03-20,87.3685
1963-03-21,88.07833
1963-03-22,86.95
1963-03-23,90.33786
1963-03-24,90.7855
1963-03-25,79.352
1963-03-26,76.516495
1963-03-27,83.9265
1963-03-28,93.552
1963-03-29,92.6075
1963-03-30,79.8145
1963-03-31,92.89455
1963-04-01,90.58125
1963-04-02,90.65385
1963-04-03,86.884
1963-04-04,78.820496
1963-04-05,74.1955
1963-04-06,70.1745
1963-04-07,62.1255
1963-04-08,81.487
1963-04-09,81.774
1963-04-10,75.475
1963-04-11,75.6485
1963-04-12,85.336
1963-04-13,77.006
1963-04-14,84.3975
1963-04-15,90.13778
1963-04-16,79.01
1963-04-17,70.0635
1963-04-18,64.596
1963-04-19,66.9355
1963-04-20,70.594
1963-04-21,66.6975
1963-04-22,66.516
1963-04-23,59.2395
1963-04-24,58.3315
1963-04-25,77.874
1963-04-26,89.0355
1963-04-27,78.3675
1963-04-28,83.578
1963-04-29,79.808
1963-04-30,64.1755
1963-05-01,72.1705
1963-05-02,66.048996
1963-05-03,50.718
1963-05-04,67.359
1963-05-05,74.534
1963-05-06,80.4655
1963-05-07,71.5355
1963-05-08,66.9785
1963-05-09,66.46
1963-05-10,66.185
1963-05-11,57.711
1963-05-12,65.923
1963-05-13,56.7445
1963-05-14,59.6055
1963-05-15,51.865498
1963-05-16,48.248497
1963-05-17,62.217
1963-05-18,88.728
1963-05-19,74.009
1963-05-20,80.29
1963-05-21,86.573
1963-05-22,92.82
1963-05-23,80.4025
1963-05-24,77.278496
1963-05-25,78.105995
1963-05-26,67.658
1963-05-27,68.946
1963-05-28,72.3245
1963-05-29,83.8355
1963-05-30,81.0325
1963-05-31,72.072
1963-06-01,78.8715
1963-06-02,90.03105
1963-06-03,83.619
1963-06-04,77.1245
1963-06-05,70.002
1963-06-06,61.465
1963-06-07,59.4405
1963-06-08,56.7025
1963-06-09,63.0435
1963-06-10,64.489
1963-06-11,69.9135
1963-06-12,77.155
1963-06-13,68.2485
1963-06-14,64.466995
1963-06-15,70.818
1963-06-16,82.367
1963-06-17,77.972496
1963-06-18,68.779495
1963-06-19,76.3245
1963-06-20,79.236
1963-06-21,75.0535
1963-06-22,59.2915
1963-06-23,60.935497
1963-06-24,72.270996
1963-06-25,67.877
1963-06-26,67.7605
1963-06-27,64.3565
1963-06-28,51.752
1963-06-29,56.416
1963-06-30,56.5225
1963-07-01,65.4135
1963-07-02,70.125
1963-07-03,76.1495
1963-07-04,72.709
1963-07-05,68.312996
1963-07-06,56.785
1963-07-07,56.3075
1963-07-08,63.621998
1963-07-09,76.308495
1963-07-10,61.002
1963-07-11,68.5585
1963-07-12,84.54
1963-07-13,82.612
1963-07-14,72.8015
1963-07-15,81.8695
1963-07-16,73.79
1963-07-17,76.784
1963-07-18,69.576
1963-07-19,68.0815
1963-07-20,70.0185
1963-07-21,74.181
1963-07-22,69.292
1963-07-23,63.933
1963-07-24,57.337997
1963-07-25,55.8765
1963-07-26,48.183
1963-07-27,77.806
1963-07-28,75.128
1963-07-29,83.8485
1963-07-30,77.9985
1963-07-31,68.34
1963-08-01,61.89
1963-08-02,61.3625
1963-08-03,59.1065
1963-08-04,58.296497
1963-08-05,58.4725
1963-08-06,51.1695
1963-08-07,46.4465
1963-08-08,43.1595
1963-08-09,67.6885
1963-08-10,87.0045
1963-08-11,69.06
1963-08-12,57.5685
1963-08-13,66.2565
1963-08-14,65.706
1963-08-15,67.9135
1963-08-16,66.4165
1963-08-17,67.0945
1963-08-18,61.124
1963-08-19,69.1895
1963-08-20,58.584
1963-08-21,61.522
1963-08-22,83.3095
1963-08-23,62.6605
1963-08-24,69.729996
1963-08-25,68.499
1963-08-26,64.2685
1963-08-27,62.7035
1963-08-28,58.246998
1963-08-29,59.8635
1963-08-30,61.649498
1963-08-31,71.733
1963-09-01,72.19199
1963-09-02,66.0995
1963-09-03,58.948997
1963-09-04,68.203
1963-09-05,60.261497
1963-09-06,71.583
1963-09-07,80.837
1963-09-08,78.756
1963-09-09,76.682495
1963-09-10,75.604996
1963-09-11,73.539
1963-09-12,70.727
1963-09-13,71.3385
1963-09-14,67.79
1963-09-15,64.0375
1963-09-16,55.3265
1963-09-17,56.713497
1963-09-18,56.924
1963-09-19,62.093
1963-09-20,64.765
1963-09-21,51.267498
1963-09-22,65.3985
1963-09-23,63.6025
1963-09-24,61.1695
1963-09-25,47.636997
1963-09-26,80.196495
1963-09-27,71.419
1963-09-28,71.201996
1963-09-29,86.83684
1963-09-30,77.5655
1963-10-01,78.691
1963-10-02,62.933
1963-10-03,71.2555
1963-10-04,76.654
1963-10-05,82.362
1963-10-06,59.684498
1963-10-07,68.881996
1963-10-08,81.4015
1963-10-09,79.3855
1963-10-10,81.014496
1963-10-11,89.8685
1963-10-12,70.153
1963-10-13,66.94
1963-10-14,69.845
1963-10-15,70.6775
1963-10-16,65.194
1963-10-17,63.923
1963-10-18,73.765495
1963-10-19,79.122
1963-10-20,70.1895
1963-10-21,66.0495
1963-10-22,73.846
1963-10-23,80.361
1963-10-24,87.708496
1963-10-25,83.523
1963-10-26,84.25895
1963-10-27,78.3325
1963-10-28,78.1075
1963-10-29,82.113
1963-10-30,87.31611
1963-10-31,83.89
1963-11-01,76.9615
1963-11-02,68.9265
1963-11-03,76.5925
1963-11-04,80.5435
1963-11-05,75.6855
1963-11-06,66.4945
1963-11-07,66.524
1963-11-08,79.18
1963-11-09,70.683
1963-11-10,71.5375
1963-11-11,73.79
1963-11-12,62.9185
1963-11-13,83.9535
1963-11-14,93.10125
1963-11-15,69.302
1963-11-16,78.917
1963-11-17,88.747894
1963-11-18,75.875496
1963-11-19,69.6165
1963-11-20,79.3
1963-11-21,75.1225
1963-11-22,75.618
1963-11-23,70.292
1963-11-24,61.519
1963-11-25,66.613
1963-11-26,79.462
1963-11-27,76.4975
1963-11-28,87.7355
1963-11-29,81.8325
1963-11-30,70.285995
1963-12-01,77.4055
1963-12-02,89.79667
1963-12-03,82.79948
1963-12-04,84.572
1963-12-05,92.744995
1963-12-06,90.33
1963-12-07,90.47176
1963-12-08,90.51923
1963-12-09,90.29125
1963-12-10,86.917
1963-12-11,86.8735
1963-12-12,89.422226
1963-12-13,92.68
1963-12-14,91.15
1963-12-15,92.32
1963-12-16,91.70889
1963-12-17,92.07214
1963-12-18,86.046
1963-12-19,90.1985
1963-12-20,90.17294
1963-12-21,91.27611
1963-12-22,92.16
1963-12-23,92.87454
1963-12-24,85.47053
1963-12-25,83.99
1963-12-26,73.92944
1963-12-27,83.557495
1963-12-28,83.81722
1963-12-29,83.99555
1963-12-30,88.50316
1963-12-31,86.14158
1964-01-01,88.6945
1964-01-02,90.91
1964-01-03,90.61
1964-01-04,90.26417
1964-01-05,88.56111
1964-01-06,84.789
1964-01-07,91.43105
1964-01-08,91.059
1964-01-09,92.28923
1964-01-10,91.56765
1964-01-11,88.34105
1964-01-12,87.94947
1964-01-13,82.1935
1964-01-14,87.51316
1964-01-15,90.508
1964-01-16,88.254
1964-01-17,85.84684
1964-01-18,84.6305
1964-01-19,84.6985
1964-01-20,81.1735
1964-01-21,80.2475
1964-01-22,82.4975
1964-01-23,90.10833
1964-01-24,86.6065
1964-01-25,84.617004
1964-01-26,82.3285
1964-01-27,81.5475
1964-01-28,89.825264
1964-01-29,87.613
1964-01-30,91.57769
1964-01-31,93.62
1964-02-01,90.742226
1964-02-02,91.234116
1964-02-03,87.85222
1964-02-04,86.86222
1964-02-05,82.6645
1964-02-06,84.4015
1964-02-07,84.2065
1964-02-08,85.796
1964-02-09,87.64236
1964-02-10,87.1621
1964-02-11,85.418
1964-02-12,82.288
1964-02-13,85.4425
1964-02-14,83.712105
1964-02-15,83.832634
1964-02-16,91.681335
1964-02-17,91.484116
1964-02-18,92.58
1964-02-19,90.465
1964-02-20,92.795715
1964-02-21,85.51684
1964-02-22,77.254
1964-02-23,84.0945
1964-02-24,81.3015
1964-02-25,81.1415
1964-02-26,88.38611
1964-02-27,90.35643
1964-02-28,89.06
1964-02-29,89.691765
1964-03-01,92.7075
1964-03-02,83.2335
1964-03-03,81.0245
1964-03-04,89.09106
1964-03-05,89.65941
1964-03-06,86.812996
1964-03-07,91.75889
1964-03-08,88.5435
1964-03-09,86.865
1964-03-10,83.4635
1964-03-11,86.1879
1964-03-12,89.435
1964-03-13,88.586
1964-03-14,86.87631
1964-03-15,90.045265
1964-03-16,90.27294
1964-03-17,89.90941
1964-03-18,79.7745
1964-03-19,87.44765
1964-03-20,80.4105
1964-03-21,84.3105
1964-03-22,90.40263
1964-03-23,88.62278
1964-03-24,82.958
1964-03-25,80.906
1964-03-26,75.84
1964-03-27,83.2405
1964-03-28,84.213
1964-03-29,84.1725
1964-03-30,77.9405
1964-03-31,75.4355
1964-04-01,83.3775
1964-04-02,74.079
1964-04-03,82.1805
1964-04-04,67.3575
1964-04-05,74.823
1964-04-06,79.364
1964-04-07,80.153
1964-04-08,73.9335
1964-04-09,86.4425
1964-04-10,82.667496
1964-04-11,70.723
1964-04-12,75.012
1964-04-13,77.196
1964-04-14,77.187996
1964-04-15,74.8005
1964-04-16,65.6985
1964-04-17,62.189
1964-04-18,70.7485
1964-04-19,65.999
1964-04-20,55.156
1964-04-21,52.129498
1964-04-22,51.043
1964-04-23,54.8555
1964-04-24,67.6
1964-04-25,74.367
1964-04-26,85.469
1964-04-27,78.33
1964-04-28,60.0
1964-04-29,58.822
1964-04-30,72.709
1964-05-01,77.0225
1964-05-02,79.6355
1964-05-03,70.0535
1964-05-04,69.5555
1964-05-05,71.6975
1964-05-06,90.71263
1964-05-07,75.501495
1964-05-08,61.655
1964-05-09,80.337
1964-05-10,81.5245
1964-05-11,82.606
1964-05-12,78.408
1964-05-13,73.6725
1964-05-14,69.615
1964-05-15,77.246
1964-05-16,90.51
1964-05-17,89.7935
1964-05-18,80.6975
1964-05-19,66.255
1964-05-20,80.3435
1964-05-21,77.7495
1964-05-22,91.17941
1964-05-23,78.386
1964-05-24,71.6865
1964-05-25,75.4205
1964-05-26,78.598495
1964-05-27,77.1975
1964-05-28,85.107
1964-05-29,72.4
1964-05-30,77.9575
1964-05-31,80.423996
1964-06-01,74.9545
1964-06-02,64.8125
1964-06-03,67.209496
1964-06-04,75.357
1964-06-05,67.056496
1964-06-06,63.1655
1964-06-07,62.482
1964-06-08,75.3805
1964-06-09,85.9925
1964-06-10,89.0445
1964-06-11,82.458496
1964-06-12,81.86
1964-06-13,79.9635
1964-06-14,82.751
1964-06-15,77.381996
1964-06-16,78.422
1964-06-17,81.2105
1964-06-18,76.2325
1964-06-19,75.891495
1964-06-20,73.4835
1964-06-21,69.494995
1964-06-22,71.255
1964-06-23,70.408
1964-06-24,70.068
1964-06-25,76.455
1964-06-26,67.935
1964-06-27,65.7345
1964-06-28,65.516
1964-06-29,79.1745
1964-06-30,82.452995
1964-07-01,75.679
1964-07-02,85.5435
1964-07-03,73.5825
1964-07-04,74.8105
1964-07-05,75.92
1964-07-06,74.551
1964-07-07,69.893
1964-07-08,60.555
1964-07-09,63.4955
1964-07-10,56.618
1964-07-11,74.318
1964-07-12,76.973495
1964-07-13,76.834496
1964-07-14,65.2535
1964-07-15,65.6045
1964-07-16,72.618
1964-07-17,67.6505
1964-07-18,76.2795
1964-07-19,73.246
1964-07-20,59.309
1964-07-21,63.327
1964-07-22,50.2555
1964-07-23,68.065994
1964-07-24,72.566
1964-07-25,81.485
1964-07-26,74.7485
1964-07-27,74.024
1964-07-28,70.903496
1964-07-29,72.3025
1964-07-30,73.611496
1964-07-31,68.7885
1964-08-01,70.607
1964-08-02,75.224
1964-08-03,81.6
1964-08-04,69.3295
1964-08-05,67.2225
1964-08-06,67.6625
1964-08-07,58.923
1964-08-08,59.78
1964-08-09,55.941498
1964-08-10,83.1765
1964-08-11,82.1215
1964-08-12,87.8485
1964-08-13,79.910995
1964-08-14,78.363
1964-08-15,75.839
1964-08-16,88.6285
1964-08-17,74.274
1964-08-18,63.9865
1964-08-19,75.322
1964-08-20,81.0935
1964-08-21,81.5855
1964-08-22,71.865
1964-08-23,79.035995
1964-08-24,68.227
1964-08-25,68.686
1964-08-26,72.976
1964-08-27,67.358
1964-08-28,65.0045
1964-08-29,52.774998
1964-08-30,72.913
1964-08-31,68.199
1964-09-01,72.197
1964-09-02,74.391
1964-09-03,78.128
1964-09-04,69.207
1964-09-05,67.8915
1964-09-06,55.509
1964-09-07,66.5495
1964-09-08,79.639
1964-09-09,77.772
1964-09-10,78.9435
1964-09-11,74.438995
1964-09-12,66.119995
1964-09-13,71.469
1964-09-14,68.128
1964-09-15,64.92
1964-09-16,59.8405
1964-09-17,75.4625
1964-09-18,75.248
1964-09-19,84.6395
1964-09-20,73.371
1964-09-21,87.26369
1964-09-22,91.68
1964-09-23,92.90667
1964-09-24,93.09333
1964-09-25,88.5625
1964-09-26,88.4395
1964-09-27,88.19188
1964-09-28,83.5245
1964-09-29,80.868996
1964-09-30,79.1465
1964-10-01,81.017
1964-10-02,76.211
1964-10-03,82.677
1964-10-04,74.506
1964-10-05,77.819
1964-10-06,74.162
1964-10-07,68.7565
1964-10-08,64.793495
1964-10-09,74.7705
1964-10-10,61.165497
1964-10-11,82.3705
1964-10-12,71.5025
1964-10-13,71.2105
1964-10-14,76.456
1964-10-15,79.148
1964-10-16,80.994
1964-10-17,83.1125
1964-10-18,80.777
1964-10-19,91.46353
1964-10-20,89.45133
1964-10-21,82.2265
1964-10-22,90.990906
1964-10-23,82.3875
1964-10-24,73.464
1964-10-25,90.593155
1964-10-26,91.555
1964-10-27,91.567856
1964-10-28,89.48937
1964-10-29,86.92684
1964-10-30,87.4075
1964-10-31,90.014114
1964-11-01,86.50263
1964-11-02,88.963684
1964-11-03,93.69222
1964-11-04,
1964-11-05,90.94615
1964-11-06,91.829
1964-11-07,88.497856
1964-11-08,90.02375
1964-11-09,89.737274
1964-11-10,92.64636
1964-11-11,92.77857
1964-11-12,
1964-11-13,93.74
1964-11-14,83.07222
1964-11-15,87.7885
1964-11-16,82.2465
1964-11-17,83.116
1964-11-18,90.11211
1964-11-19,82.6605
1964-11-20,91.34917
1964-11-21,91.7125
1964-11-22,90.65158
1964-11-23,84.44778
1964-11-24,90.647896
1964-11-25,83.49368
1964-11-26,67.58
1964-11-27,77.932495
1964-11-28,81.9525
1964-11-29,81.83
1964-11-30,79.6765
1964-12-01,89.85895
1964-12-02,87.63684
1964-12-03,92.630905
1964-12-04,90.26706
1964-12-05,90.68727
1964-12-06,85.225494
1964-12-07,87.101
1964-12-08,88.78687
1964-12-09,85.5985
1964-12-10,88.76222
1964-12-11,89.742355
1964-12-12,92.37572
1964-12-13,90.86539
1964-12-14,92.53833
1964-12-15,89.795
1964-12-16,93.19
1964-12-17,92.37583
1964-12-18,
1964-12-19,92.0525
1964-12-20,91.136
1964-12-21,92.016426
1964-12-22,94.24
1964-12-23,92.153
1964-12-24,91.32846
1964-12-25,90.082634
1964-12-26,91.92286
1964-12-27,91.55428
1964-12-28,86.4825
1964-12-29,87.6125
1964-12-30,91.60562
1964-12-31,91.731766
1965-01-01,87.77842
1965-01-02,92.746666
1965-01-03,90.795456
1965-01-04,90.17
1965-01-05,86.384
1965-01-06,81.705
1965-01-07,87.44722
1965-01-08,81.4065
1965-01-09,86.1005
1965-01-10,85.709
1965-01-11,91.1125
1965-01-12,88.44631
1965-01-13,80.7345
1965-01-14,85.676
1965-01-15,85.93263
1965-01-16,87.003
1965-01-17,87.983
1965-01-18,93.42875
1965-01-19,89.99611
1965-01-20,
1965-01-21,88.4805
1965-01-22,93.4725
1965-01-23,
1965-01-24,
1965-01-25,93.8675
1965-01-26,91.47833
1965-01-27,90.793335
1965-01-28,89.98071
1965-01-29,90.18857
1965-01-30,90.59
1965-01-31,91.677
1965-02-01,84.3855
1965-02-02,90.85389
1965-02-03,88.58158
1965-02-04,88.123886
1965-02-05,83.726
1965-02-06,84.528
1965-02-07,73.3015
1965-02-08,87.246
1965-02-09,91.07
1965-02-10,90.06333
1965-02-11,88.75105
1965-02-12,84.4695
1965-02-13,86.424
1965-02-14,80.018
1965-02-15,79.6715
1965-02-16,91.686874
1965-02-17,88.4565
1965-02-18,84.519
1965-02-19,87.535995
1965-02-20,93.408
1965-02-21,94.18667
1965-02-22,85.849
1965-02-23,80.164
1965-02-24,80.3365
1965-02-25,91.84267
1965-02-26,79.8145
1965-02-27,82.75632
1965-02-28,76.408
1965-03-01,73.677
1965-03-02,85.849
1965-03-03,86.61579
1965-03-04,79.0665
1965-03-05,79.815
1965-03-06,86.139496
1965-03-07,86.48
1965-03-08,93.012146
1965-03-09,93.103
1965-03-10,90.1655
1965-03-11,75.215996
1965-03-12,81.167
1965-03-13,76.279
1965-03-14,79.01
1965-03-15,80.274
1965-03-16,79.256996
1965-03-17,83.321
1965-03-18,83.089
1965-03-19,84.585
1965-03-20,92.653336
1965-03-21,88.00105
1965-03-22,88.966
1965-03-23,85.8475
1965-03-24,87.647224
1965-03-25,89.38062
1965-03-26,91.176
1965-03-27,93.091
1965-03-28,86.519
1965-03-29,79.89
1965-03-30,73.5085
1965-03-31,79.090996
1965-04-01,90.10895
1965-04-02,70.638
1965-04-03,64.418
1965-04-04,59.952
1965-04-05,75.9935
1965-04-06,79.263
1965-04-07,76.4955
1965-04-08,80.7285
1965-04-09,82.929
1965-04-10,82.715
1965-04-11,88.615555
1965-04-12,77.8715
1965-04-13,83.127
1965-04-14,89.2255
1965-04-15,89.905
1965-04-16,89.343
1965-04-17,87.9375
1965-04-18,77.663
1965-04-19,71.5805
1965-04-20,78.772995
1965-04-21,81.195496
1965-04-22,78.1635
1965-04-23,77.5135
1965-04-24,77.892
1965-04-25,72.8185
1965-04-26,84.2115
1965-04-27,81.595
1965-04-28,75.1205
1965-04-29,84.59
1965-04-30,79.9245
1965-05-01,68.897995
1965-05-02,64.307495
1965-05-03,74.6805
1965-05-04,63.1955
1965-05-05,60.330997
1965-05-06,86.027
1965-05-07,91.65056
1965-05-08,75.649
1965-05-09,74.5605
1965-05-10,74.1865
1965-05-11,90.35941
1965-05-12,82.371
1965-05-13,78.770996
1965-05-14,79.63
1965-05-15,78.002
1965-05-16,77.6645
1965-05-17,69.744
1965-05-18,60.117
1965-05-19,52.9745
1965-05-20,76.4435
1965-05-21,82.229
1965-05-22,77.036
1965-05-23,75.095
1965-05-24,75.4385
1965-05-25,81.25
1965-05-26,81.528
1965-05-27,85.3325
1965-05-28,80.319496
1965-05-29,64.9595
1965-05-30,70.398994
1965-05-31,74.154495
1965-06-01,62.451
1965-06-02,76.454
1965-06-03,71.143
1965-06-04,70.9835
1965-06-05,82.0195
1965-06-06,82.97158
1965-06-07,69.5885
1965-06-08,70.6305
1965-06-09,72.703995
1965-06-10,82.2125
1965-06-11,80.756
1965-06-12,80.438995
1965-06-13,73.3885
1965-06-14,83.3445
1965-06-15,82.2445
1965-06-16,77.1725
1965-06-17,69.602
1965-06-18,82.027
1965-06-19,72.8795
1965-06-20,69.503
1965-06-21,73.6495
1965-06-22,69.895
1965-06-23,72.8965
1965-06-24,67.264496
1965-06-25,68.765495
1965-06-26,66.5595
1965-06-27,68.5485
1965-06-28,84.2215
1965-06-29,77.7695
1965-06-30,78.5875
1965-07-01,73.795
1965-07-02,75.1625
1965-07-03,72.7495
1965-07-04,71.757996
1965-07-05,70.102
1965-07-06,71.763
1965-07-07,63.316998
1965-07-08,52.396
1965-07-09,70.334496
1965-07-10,68.243
1965-07-11,69.293
1965-07-12,58.5565
1965-07-13,66.7385
1965-07-14,65.1805
1965-07-15,61.5725
1965-07-16,58.776
1965-07-17,65.829
1965-07-18,65.0255
1965-07-19,65.364
1965-07-20,76.6545
1965-07-21,64.090996
1965-07-22,72.0075
1965-07-23,64.594
1965-07-24,62.790497
1965-07-25,68.035995
1965-07-26,66.7905
1965-07-27,66.4065
1965-07-28,69.961494
1965-07-29,62.1105
1965-07-30,68.7065
1965-07-31,65.498
1965-08-01,65.103
1965-08-02,68.926
1965-08-03,62.2615
1965-08-04,66.914
1965-08-05,66.106
1965-08-06,59.113
1965-08-07,54.9745
1965-08-08,50.9395
1965-08-09,63.656498
1965-08-10,56.8005
1965-08-11,76.1705
1965-08-12,77.895996
1965-08-13,71.052
1965-08-14,68.5025
1965-08-15,78.247
1965-08-16,79.264496
1965-08-17,77.5075
1965-08-18,64.4935
1965-08-19,67.903
1965-08-20,62.559
1965-08-21,53.065
1965-08-22,59.5055
1965-08-23,65.153
1965-08-24,34.866997
1965-08-25,71.536995
1965-08-26,78.7225
1965-08-27,78.1785
1965-08-28,70.075
1965-08-29,79.6645
1965-08-30,74.446495
1965-08-31,65.186
1965-09-01,61.650997
1965-09-02,70.662
1965-09-03,66.018
1965-09-04,60.552
1965-09-05,61.1825
1965-09-06,72.4965
1965-09-07,72.6155
1965-09-08,75.0825
1965-09-09,51.007
1965-09-10,60.365498
1965-09-11,57.564
1965-09-12,78.848495
1965-09-13,83.948
1965-09-14,78.1885
1965-09-15,77.371
1965-09-16,78.205
1965-09-17,67.6345
1965-09-18,60.9955
1965-09-19,75.4625
1965-09-20,76.888
1965-09-21,76.259995
1965-09-22,65.8355
1965-09-23,67.295
1965-09-24,60.1255
1965-09-25,58.576
1965-09-26,61.277
1965-09-27,68.818
1965-09-28,59.5135
1965-09-29,63.0435
1965-09-30,67.125496
1965-10-01,67.101
1965-10-02,55.215
1965-10-03,67.487495
1965-10-04,71.1755
1965-10-05,73.791
1965-10-06,81.645
1965-10-07,77.4505
1965-10-08,77.8145
1965-10-09,85.3255
1965-10-10,80.2155
1965-10-11,73.9645
1965-10-12,75.018
1965-10-13,63.9605
1965-10-14,63.515
1965-10-15,64.321495
1965-10-16,50.642498
1965-10-17,75.469
1965-10-18,76.101
1965-10-19,81.716
1965-10-20,82.395
1965-10-21,83.833
1965-10-22,81.5675
1965-10-23,73.136
1965-10-24,74.278
1965-10-25,77.1795
1965-10-26,67.4225
1965-10-27,59.323498
1965-10-28,63.868
1965-10-29,56.272
1965-10-30,71.902
1965-10-31,76.017
1965-11-01,78.473
1965-11-02,77.687
1965-11-03,71.472
1965-11-04,81.020996
1965-11-05,84.57105
1965-11-06,85.235
1965-11-07,86.238945
1965-11-08,84.106
1965-11-09,84.71737
1965-11-10,90.97929
1965-11-11,92.63111
1965-11-12,92.840996
1965-11-13,92.538185
1965-11-14,89.731575
1965-11-15,81.772995
1965-11-16,92.71667
1965-11-17,87.666664
1965-11-18,89.747
1965-11-19,90.372
1965-11-20,92.44333
1965-11-21,91.28231
1965-11-22,89.153336
1965-11-23,91.96889
1965-11-24,90.95571
1965-11-25,86.6485
1965-11-26,80.985
1965-11-27,83.57474
1965-11-28,88.952225
1965-11-29,87.5915
1965-11-30,87.97158
1965-12-01,88.93278
1965-12-02,94.3425
1965-12-03,85.3195
1965-12-04,91.95556
1965-12-05,89.21176
1965-12-06,91.61
1965-12-07,90.2895
1965-12-08,91.11588
1965-12-09,87.89105
1965-12-10,90.46647
1965-12-11,89.25053
1965-12-12,88.57158
1965-12-13,87.2565
1965-12-14,88.84
1965-12-15,88.44941
1965-12-16,75.828995
1965-12-17,82.5375
1965-12-18,88.05369
1965-12-19,90.83727
1965-12-20,88.709
1965-12-21,91.58385
1965-12-22,
1965-12-23,92.10636
1965-12-24,91.13526
1965-12-25,92.402855
1965-12-26,90.00823
1965-12-27,84.3385
1965-12-28,85.5275
1965-12-29,91.729996
1965-12-30,83.272
1965-12-31,93.13875
1966-01-01,92.12929
1966-01-02,86.15421
1966-01-03,87.766846
1966-01-04,87.4555
1966-01-05,83.2815
1966-01-06,79.137
1966-01-07,70.861496
1966-01-08,77.801
1966-01-09,83.628
1966-01-10,85.034
1966-01-11,87.81684
1966-01-12,91.12666
1966-01-13,89.791176
1966-01-14,85.015
1966-01-15,83.152
1966-01-16,82.81555
1966-01-17,88.21611
1966-01-18,92.16071
1966-01-19,87.615
1966-01-20,87.1695
1966-01-21,87.023
1966-01-22,82.0965
1966-01-23,87.264
1966-01-24,91.04706
1966-01-25,89.88111
1966-01-26,87.792
1966-01-27,91.993126
1966-01-28,88.94
1966-01-29,87.57
1966-01-30,82.808
1966-01-31,85.03
1966-02-01,83.916
1966-02-02,85.998
1966-02-03,88.575264
1966-02-04,82.91
1966-02-05,88.67563
1966-02-06,87.46778
1966-02-07,81.068
1966-02-08,79.6985
1966-02-09,75.486
1966-02-10,90.14588
1966-02-11,93.93143
1966-02-12,89.185555
1966-02-13,87.453
1966-02-14,89.29
1966-02-15,94.935
1966-02-16,92.24461
1966-02-17,88.48375
1966-02-18,91.71455
1966-02-19,84.721
1966-02-20,88.39555
1966-02-21,88.13052
1966-02-22,83.644
1966-02-23,78.708496
1966-02-24,86.305
1966-02-25,77.520996
1966-02-26,78.792496
1966-02-27,77.4055
1966-02-28,76.95
1966-03-01,79.182
1966-03-02,84.962
1966-03-03,79.2245
1966-03-04,87.320526
1966-03-05,84.77
1966-03-06,90.94059
1966-03-07,92.39467
1966-03-08,88.74421
1966-03-09,80.28
1966-03-10,84.9725
1966-03-11,88.485
1966-03-12,79.809
1966-03-13,79.7625
1966-03-14,89.917366
1966-03-15,80.3855
1966-03-16,86.0255
1966-03-17,76.4235
1966-03-18,84.2835
1966-03-19,85.7665
1966-03-20,83.326
1966-03-21,74.487
1966-03-22,68.7755
1966-03-23,61.610497
1966-03-24,80.627
1966-03-25,80.757
1966-03-26,82.2555
1966-03-27,68.5725
1966-03-28,66.694
1966-03-29,77.6155
1966-03-30,88.3875
1966-03-31,84.14421
1966-04-01,76.0865
1966-04-02,86.3645
1966-04-03,76.9635
1966-04-04,85.342
1966-04-05,86.883
1966-04-06,83.637
1966-04-07,76.659
1966-04-08,68.057
1966-04-09,71.8805
1966-04-10,76.162
1966-04-11,79.8385
1966-04-12,91.27059
1966-04-13,77.229996
1966-04-14,81.126
1966-04-15,79.385
1966-04-16,81.092
1966-04-17,77.1625
1966-04-18,81.2585
1966-04-19,65.6575
1966-04-20,68.2965
1966-04-21,69.7975
1966-04-22,76.1805
1966-04-23,79.294
1966-04-24,68.084
1966-04-25,76.2255
1966-04-26,76.124
1966-04-27,80.52
1966-04-28,77.2055
1966-04-29,80.6835
1966-04-30,84.46895
1966-05-01,71.1865
1966-05-02,66.8365
1966-05-03,65.4085
1966-05-04,61.686
1966-05-05,66.127
1966-05-06,57.25
1966-05-07,57.187
1966-05-08,59.1625
1966-05-09,80.97
1966-05-10,70.101
1966-05-11,71.8975
1966-05-12,83.388
1966-05-13,74.3155
1966-05-14,76.9415
1966-05-15,75.328995
1966-05-16,67.0385
1966-05-17,60.18
1966-05-18,72.5845
1966-05-19,82.5905
1966-05-20,80.696
1966-05-21,74.952995
1966-05-22,73.7775
1966-05-23,71.281
1966-05-24,81.3645
1966-05-25,76.639
1966-05-26,78.1605
1966-05-27,80.1505
1966-05-28,88.3645
1966-05-29,83.709
1966-05-30,83.554
1966-05-31,82.408
1966-06-01,80.6985
1966-06-02,91.74941
1966-06-03,93.379
1966-06-04,90.182
1966-06-05,86.1115
1966-06-06,85.043
1966-06-07,84.7505
1966-06-08,82.9855
1966-06-09,76.7915
1966-06-10,81.7195
1966-06-11,85.82
1966-06-12,78.4645
1966-06-13,67.5375
1966-06-14,72.0945
1966-06-15,78.4145
1966-06-16,84.723
1966-06-17,80.306
1966-06-18,75.6635
1966-06-19,68.8525
1966-06-20,79.601
1966-06-21,83.6515
1966-06-22,80.511
1966-06-23,69.2615
1966-06-24,68.957
1966-06-25,79.565
1966-06-26,79.049995
1966-06-27,79.211
1966-06-28,76.056
1966-06-29,73.437
1966-06-30,78.454
1966-07-01,87.08158
1966-07-02,84.0715
1966-07-03,74.484
1966-07-04,72.079
1966-07-05,70.403
1966-07-06,74.417
1966-07-07,69.2585
1966-07-08,70.893
1966-07-09,75.6225
1966-07-10,77.3315
1966-07-11,72.8875
1966-07-12,72.693
1966-07-13,65.817
1966-07-14,67.6455
1966-07-15,77.405
1966-07-16,76.5305
1966-07-17,76.292496
1966-07-18,79.119995
1966-07-19,78.683
1966-07-20,69.987
1966-07-21,79.6665
1966-07-22,77.557495
1966-07-23,84.1885
1966-07-24,83.0775
1966-07-25,82.0305
1966-07-26,78.5345
1966-07-27,78.1025
1966-07-28,71.111
1966-07-29,81.897995
1966-07-30,74.52
1966-07-31,80.969
1966-08-01,77.304
1966-08-02,74.014496
1966-08-03,75.958
1966-08-04,72.7465
1966-08-05,72.127
1966-08-06,81.2425
1966-08-07,75.444496
1966-08-08,77.8125
1966-08-09,72.721
1966-08-10,72.833496
1966-08-11,78.593
1966-08-12,77.3945
1966-08-13,73.6105
1966-08-14,78.8385
1966-08-15,74.7765
1966-08-16,80.4085
1966-08-17,77.8075
1966-08-18,74.5065
1966-08-19,64.983
1966-08-20,72.141
1966-08-21,80.9955
1966-08-22,76.322
1966-08-23,78.942
1966-08-24,84.2875
1966-08-25,85.1315
1966-08-26,85.663
1966-08-27,78.3845
1966-08-28,71.1755
1966-08-29,79.487495
1966-08-30,72.4075
1966-08-31,71.8795
1966-09-01,88.509
1966-09-02,86.4645
1966-09-03,78.7775
1966-09-04,78.1055
1966-09-05,79.9525
1966-09-06,90.433685
1966-09-07,87.079
1966-09-08,79.362
1966-09-09,74.7445
1966-09-10,74.9385
1966-09-11,82.5365
1966-09-12,74.4785
1966-09-13,67.514496
1966-09-14,75.6435
1966-09-15,76.511
1966-09-16,81.7705
1966-09-17,82.932495
1966-09-18,78.82
1966-09-19,84.402
1966-09-20,75.7265
1966-09-21,71.2185
1966-09-22,75.9765
1966-09-23,78.4615
1966-09-24,79.5435
1966-09-25,78.2755
1966-09-26,73.344
1966-09-27,75.854
1966-09-28,76.118
1966-09-29,76.2915
1966-09-30,73.897
1966-10-01,78.375
1966-10-02,80.955
1966-10-03,81.4
1966-10-04,81.7465
1966-10-05,84.861
1966-10-06,78.3365
1966-10-07,72.2285
1966-10-08,74.89
1966-10-09,75.4975
1966-10-10,72.243996
1966-10-11,76.512
1966-10-12,79.195496
1966-10-13,82.661
1966-10-14,88.357
1966-10-15,87.609
1966-10-16,82.017
1966-10-17,80.115
1966-10-18,76.9085
1966-10-19,85.189
1966-10-20,87.5235
1966-10-21,89.96667
1966-10-22,90.2665
1966-10-23,81.8145
1966-10-24,74.146996
1966-10-25,81.165
1966-10-26,80.194496
1966-10-27,76.21
1966-10-28,82.422
1966-10-29,83.816
1966-10-30,83.17263
1966-10-31,94.266
1966-11-01,93.994995
1966-11-02,89.84722
1966-11-03,91.12375
1966-11-04,87.916664
1966-11-05,90.89188
1966-11-06,92.65222
1966-11-07,90.02
1966-11-08,85.7721
1966-11-09,81.668
1966-11-10,81.322
1966-11-11,90.45643
1966-11-12,91.364
1966-11-13,93.3575
1966-11-14,91.89286
1966-11-15,91.007645
1966-11-16,88.3065
1966-11-17,90.7321
1966-11-18,89.47369
1966-11-19,91.025
1966-11-20,88.47316
1966-11-21,89.06706
1966-11-22,90.80143
1966-11-23,89.18125
1966-11-24,89.196
1966-11-25,86.901665
1966-11-26,87.1065
1966-11-27,89.94778
1966-11-28,91.770004
1966-11-29,87.043686
1966-11-30,91.9225
1966-12-01,87.914
1966-12-02,83.705
1966-12-03,82.808
1966-12-04,84.3385
1966-12-05,82.9895
1966-12-06,91.80722
1966-12-07,90.194
1966-12-08,91.74416
1966-12-09,92.052666
1966-12-10,93.33428
1966-12-11,92.23273
1966-12-12,86.9585
1966-12-13,88.85722
1966-12-14,92.085
1966-12-15,87.905556
1966-12-16,89.924286
1966-12-17,86.4395
1966-12-18,93.762856
1966-12-19,91.815
1966-12-20,91.19
1966-12-21,90.87786
1966-12-22,93.8525
1966-12-23,92.8675
1966-12-24,92.35846
1966-12-25,90.60445
1966-12-26,89.62316
1966-12-27,87.01063
1966-12-28,87.2245
1966-12-29,85.91368
1966-12-30,87.321
1966-12-31,93.380905
1967-01-01,89.91706
1967-01-02,91.69
1967-01-03,90.83316
1967-01-04,84.9775
1967-01-05,86.2035
1967-01-06,84.422
1967-01-07,88.21222
1967-01-08,89.0015
1967-01-09,90.257225
1967-01-10,84.025
1967-01-11,80.8735
1967-01-12,88.289
1967-01-13,85.3675
1967-01-14,85.4325
1967-01-15,85.1125
1967-01-16,85.2695
1967-01-17,78.406
1967-01-18,84.333
1967-01-19,84.08211
1967-01-20,83.436
1967-01-21,73.347496
1967-01-22,81.2615
1967-01-23,86.152
1967-01-24,87.024
1967-01-25,91.12625
1967-01-26,87.1335
1967-01-27,87.3385
1967-01-28,78.797
1967-01-29,80.492
1967-01-30,80.3715
1967-01-31,79.197
1967-02-01,81.471
1967-02-02,90.34571
1967-02-03,93.149994
1967-02-04,92.81875
1967-02-05,90.958
1967-02-06,90.2525
1967-02-07,89.509
1967-02-08,88.7279
1967-02-09,85.86632
1967-02-10,93.73563
1967-02-11,89.7035
1967-02-12,85.514
1967-02-13,88.353
1967-02-14,86.321
1967-02-15,85.4355
1967-02-16,86.085266
1967-02-17,84.898
1967-02-18,81.4655
1967-02-19,87.24
1967-02-20,91.05167
1967-02-21,89.657
1967-02-22,81.498
1967-02-23,78.891495
1967-02-24,79.139496
1967-02-25,71.6535
1967-02-26,78.241
1967-02-27,79.6165
1967-02-28,85.2805
1967-03-01,76.205
1967-03-02,90.63588
1967-03-03,87.2825
1967-03-04,84.51158
1967-03-05,80.9635
1967-03-06,82.335495
1967-03-07,87.13368
1967-03-08,79.3655
1967-03-09,75.353
1967-03-10,78.8165
1967-03-11,85.4955
1967-03-12,84.663
1967-03-13,72.3285
1967-03-14,91.578125
1967-03-15,92.523575
1967-03-16,89.07445
1967-03-17,93.08818
1967-03-18,89.863335
1967-03-19,90.180626
1967-03-20,89.968124
1967-03-21,88.735
1967-03-22,85.967
1967-03-23,80.2025
1967-03-24,82.374
1967-03-25,79.048996
1967-03-26,76.371
1967-03-27,76.05
1967-03-28,73.0135
1967-03-29,80.8825
1967-03-30,85.2535
1967-03-31,84.5855
1967-04-01,80.741
1967-04-02,79.0055
1967-04-03,81.9255
1967-04-04,79.43
1967-04-05,81.634
1967-04-06,75.906
1967-04-07,70.769
1967-04-08,83.545
1967-04-09,72.388
1967-04-10,70.505
1967-04-11,68.7225
1967-04-12,71.1445
1967-04-13,75.613
1967-04-14,90.93889
1967-04-15,88.0553
1967-04-16,87.7035
1967-04-17,75.1305
1967-04-18,69.235
1967-04-19,84.417496
1967-04-20,67.335
1967-04-21,56.044
1967-04-22,86.8405
1967-04-23,94.54
1967-04-24,90.91687
1967-04-25,81.6655
1967-04-26,77.5365
1967-04-27,79.548996
1967-04-28,78.076
1967-04-29,86.901
1967-04-30,84.4745
1967-05-01,72.799995
1967-05-02,69.6035
1967-05-03,74.154495
1967-05-04,88.259476
1967-05-05,81.664
1967-05-06,82.762
1967-05-07,77.7115
1967-05-08,77.3325
1967-05-09,76.6925
1967-05-10,77.247
1967-05-11,79.947
1967-05-12,70.292
1967-05-13,62.462498
1967-05-14,62.2965
1967-05-15,59.688
1967-05-16,69.0895
1967-05-17,70.7775
1967-05-18,76.32
1967-05-19,84.378944
1967-05-20,86.57316
1967-05-21,92.030716
1967-05-22,90.62889
1967-05-23,85.092
1967-05-24,84.092
1967-05-25,88.13737
1967-05-26,82.5175
1967-05-27,72.358
1967-05-28,81.544
1967-05-29,80.3435
1967-05-30,76.3695
1967-05-31,79.583496
1967-06-01,86.6955
1967-06-02,86.1295
1967-06-03,80.278
1967-06-04,78.9265
1967-06-05,71.7465
1967-06-06,76.2415
1967-06-07,72.224
1967-06-08,72.039
1967-06-09,91.88267
1967-06-10,91.23062
1967-06-11,89.04294
1967-06-12,84.941
1967-06-13,82.3821
1967-06-14,92.23222
1967-06-15,89.22
1967-06-16,87.672104
1967-06-17,79.78
1967-06-18,82.892
1967-06-19,83.446
1967-06-20,87.60412
1967-06-21,83.05
1967-06-22,83.423996
1967-06-23,77.973495
1967-06-24,76.2945
1967-06-25,70.090996
1967-06-26,74.2295
1967-06-27,69.736
1967-06-28,77.7025
1967-06-29,77.7675
1967-06-30,74.7845
1967-07-01,73.0535
1967-07-02,71.954
1967-07-03,72.422
1967-07-04,74.231
1967-07-05,75.14
1967-07-06,80.859
1967-07-07,82.4405
1967-07-08,73.571
1967-07-09,66.088
1967-07-10,81.129
1967-07-11,79.1995
1967-07-12,72.172
1967-07-13,73.583
1967-07-14,67.685
1967-07-15,71.2905
1967-07-16,69.487495
1967-07-17,78.159
1967-07-18,79.6145
1967-07-19,81.126
1967-07-20,68.6305
1967-07-21,70.7135
1967-07-22,67.473495
1967-07-23,71.118
1967-07-24,75.883995
1967-07-25,71.6695
1967-07-26,76.78
1967-07-27,74.143
1967-07-28,73.6445
1967-07-29,82.807
1967-07-30,75.284996
1967-07-31,74.782
1967-08-01,78.7885
1967-08-02,78.2725
1967-08-03,71.838
1967-08-04,67.1385
1967-08-05,70.7525
1967-08-06,74.1365
1967-08-07,75.215996
1967-08-08,73.404495
1967-08-09,70.554
1967-08-10,66.356
1967-08-11,68.2325
1967-08-12,80.7005
1967-08-13,73.921
1967-08-14,81.634
1967-08-15,77.062
1967-08-16,73.2695
1967-08-17,70.137
1967-08-18,72.0825
1967-08-19,78.0195
1967-08-20,73.836
1967-08-21,75.8275
1967-08-22,75.9335
1967-08-23,73.784
1967-08-24,73.7405
1967-08-25,68.199
1967-08-26,71.97
1967-08-27,79.1185
1967-08-28,85.4765
1967-08-29,82.6365
1967-08-30,74.5085
1967-08-31,74.223495
1967-09-01,77.04
1967-09-02,78.7265
1967-09-03,77.1495
1967-09-04,74.215996
1967-09-05,70.051
1967-09-06,78.0735
1967-09-07,80.5715
1967-09-08,75.111496
1967-09-09,66.9985
1967-09-10,61.288998
1967-09-11,76.1215
1967-09-12,90.07105
1967-09-13,85.0805
1967-09-14,80.374
1967-09-15,69.2885
1967-09-16,87.1435
1967-09-17,88.7725
1967-09-18,91.012
1967-09-19,87.0535
1967-09-20,87.96895
1967-09-21,81.565
1967-09-22,81.126
1967-09-23,81.9615
1967-09-24,78.673
1967-09-25,81.69
1967-09-26,78.744995
1967-09-27,77.764
1967-09-28,82.8445
1967-09-29,88.173004
1967-09-30,83.301
1967-10-01,83.611496
1967-10-02,79.4695
1967-10-03,74.001495
1967-10-04,83.414
1967-10-05,85.4985
1967-10-06,87.5515
1967-10-07,87.92526
1967-10-08,87.99
1967-10-09,82.8425
1967-10-10,90.31
1967-10-11,91.530525
1967-10-12,85.6415
1967-10-13,82.7955
1967-10-14,85.3375
1967-10-15,83.2415
1967-10-16,81.798
1967-10-17,74.823
1967-10-18,72.4775
1967-10-19,82.745
1967-10-20,77.300995
1967-10-21,74.535995
1967-10-22,70.5465
1967-10-23,80.6935
1967-10-24,78.345
1967-10-25,87.4605
1967-10-26,89.08947
1967-10-27,87.399
1967-10-28,88.078
1967-10-29,78.534
1967-10-30,91.742355
1967-10-31,93.07667
1967-11-01,92.566666
1967-11-02,92.8875
1967-11-03,92.69
1967-11-04,
1967-11-05,92.63214
1967-11-06,90.6075
1967-11-07,92.905716
1967-11-08,90.28714
1967-11-09,88.77267
1967-11-10,91.24834
1967-11-11,91.715454
1967-11-12,89.956
1967-11-13,82.8165
1967-11-14,87.16526
1967-11-15,85.2945
1967-11-16,74.7775
1967-11-17,79.8605
1967-11-18,75.6795
1967-11-19,84.895996
1967-11-20,81.7955
1967-11-21,75.58
1967-11-22,80.5555
1967-11-23,85.6175
1967-11-24,84.1095
1967-11-25,86.93842
1967-11-26,82.995
1967-11-27,85.1075
1967-11-28,86.5035
1967-11-29,89.91125
1967-11-30,91.36833
1967-12-01,93.232
1967-12-02,89.2155
1967-12-03,83.73
1967-12-04,82.5205
1967-12-05,84.2535
1967-12-06,71.7565
1967-12-07,74.5305
1967-12-08,79.343
1967-12-09,91.819336
1967-12-10,84.9515
1967-12-11,87.5895
1967-12-12,94.455
1967-12-13,92.19455
1967-12-14,91.45
1967-12-15,88.27842
1967-12-16,86.92421
1967-12-17,88.41778
1967-12-18,89.035
1967-12-19,85.0305
1967-12-20,82.144
1967-12-21,82.0075
1967-12-22,85.1205
1967-12-23,87.133
1967-12-24,84.875
1967-12-25,85.7315
1967-12-26,85.386
1967-12-27,88.331055
1967-12-28,92.942726
1967-12-29,89.75437
1967-12-30,92.51
1967-12-31,91.3325
1968-01-01,90.1615
1968-01-02,92.293076
1968-01-03,90.97941
1968-01-04,88.78555
1968-01-05,85.467896
1968-01-06,80.953995
1968-01-07,74.473
1968-01-08,84.562
1968-01-09,79.535995
1968-01-10,84.722
1968-01-11,83.3555
1968-01-12,86.1885
1968-01-13,80.417
1968-01-14,73.9535
1968-01-15,86.76
1968-01-16,70.4275
1968-01-17,77.043495
1968-01-18,90.22437
1968-01-19,91.59
1968-01-20,87.8025
1968-01-21,84.098
1968-01-22,83.238
1968-01-23,85.90789
1968-01-24,86.548996
1968-01-25,88.83611
1968-01-26,86.80631
1968-01-27,85.8995
1968-01-28,81.197
1968-01-29,86.713
1968-01-30,86.60895
1968-01-31,85.09889
1968-02-01,82.5065
1968-02-02,84.298996
1968-02-03,90.6253
1968-02-04,87.685265
1968-02-05,90.979996
1968-02-06,89.653336
1968-02-07,90.168335
1968-02-08,89.91923
1968-02-09,91.58846
1968-02-10,91.225
1968-02-11,82.9305
1968-02-12,81.2415
1968-02-13,87.694
1968-02-14,87.0545
1968-02-15,85.959496
1968-02-16,87.2579
1968-02-17,92.45
1968-02-18,89.606
1968-02-19,80.766495
1968-02-20,78.4335
1968-02-21,78.750496
1968-02-22,87.587364
1968-02-23,85.94526
1968-02-24,84.481575
1968-02-25,85.182
1968-02-26,88.66842
1968-02-27,90.73941
1968-02-28,86.44789
1968-02-29,86.411
1968-03-01,91.795
1968-03-02,92.313126
1968-03-03,90.415886
1968-03-04,86.4379
1968-03-05,83.18
1968-03-06,88.3
1968-03-07,86.696
1968-03-08,89.88111
1968-03-09,88.4415
1968-03-10,81.033
1968-03-11,86.18263
1968-03-12,88.39842
1968-03-13,84.138
1968-03-14,80.4485
1968-03-15,73.9265
1968-03-16,77.9525
1968-03-17,75.1775
1968-03-18,73.409996
1968-03-19,83.937
1968-03-20,65.0545
1968-03-21,61.875
1968-03-22,73.597496
1968-03-23,79.568
1968-03-24,77.678
1968-03-25,79.803
1968-03-26,82.248
1968-03-27,74.7065
1968-03-28,73.756
1968-03-29,75.402
1968-03-30,70.207
1968-03-31,62.524998
1968-04-01,55.4125
1968-04-02,62.7355
1968-04-03,64.904495
1968-04-04,71.436
1968-04-05,67.9395
1968-04-06,56.625
1968-04-07,66.594
1968-04-08,83.5665
1968-04-09,87.668
1968-04-10,72.069496
1968-04-11,72.104996
1968-04-12,72.898
1968-04-13,75.968994
1968-04-14,77.1085
1968-04-15,70.824
1968-04-16,69.7305
1968-04-17,63.809498
1968-04-18,58.822
1968-04-19,63.6545
1968-04-20,63.704998
1968-04-21,54.43
1968-04-22,60.4535
1968-04-23,57.118
1968-04-24,53.9325
1968-04-25,60.861
1968-04-26,63.866497
1968-04-27,74.9705
1968-04-28,73.8125
1968-04-29,71.6975
1968-04-30,71.2105
1968-05-01,72.2025
1968-05-02,55.232
1968-05-03,62.905
1968-05-04,62.9525
1968-05-05,60.144497
1968-05-06,55.5855
1968-05-07,54.9735
1968-05-08,72.1515
1968-05-09,68.5605
1968-05-10,72.06
1968-05-11,65.123
1968-05-12,60.075
1968-05-13,74.566
1968-05-14,82.242
1968-05-15,76.245
1968-05-16,72.9275
1968-05-17,80.3545
1968-05-18,80.325
1968-05-19,76.109
1968-05-20,66.647
1968-05-21,71.5375
1968-05-22,69.858
1968-05-23,74.402
1968-05-24,70.3855
1968-05-25,82.964
1968-05-26,83.643
1968-05-27,72.4025
1968-05-28,67.892
1968-05-29,54.61
1968-05-30,64.0795
1968-05-31,80.8885
1968-06-01,88.8795
1968-06-02,77.4155
1968-06-03,81.3435
1968-06-04,75.87
1968-06-05,68.6175
1968-06-06,61.7005
1968-06-07,59.822998
1968-06-08,63.091
1968-06-09,64.117
1968-06-10,83.2475
1968-06-11,76.199
1968-06-12,80.008
1968-06-13,82.0775
1968-06-14,78.0615
1968-06-15,61.8495
1968-06-16,65.616
1968-06-17,68.4615
1968-06-18,62.0635
1968-06-19,64.3125
1968-06-20,62.1115
1968-06-21,74.756996
1968-06-22,69.4305
1968-06-23,61.163998
1968-06-24,56.031498
1968-06-25,74.1745
1968-06-26,66.6055
1968-06-27,70.320496
1968-06-28,71.946
1968-06-29,65.309
1968-06-30,63.1015
1968-07-01,65.533
1968-07-02,68.112
1968-07-03,75.3975
1968-07-04,78.4245
1968-07-05,75.0115
1968-07-06,68.697
1968-07-07,63.4995
1968-07-08,59.509
1968-07-09,57.7595
1968-07-10,61.336998
1968-07-11,63.9225
1968-07-12,67.4775
1968-07-13,70.4525
1968-07-14,67.969
1968-07-15,68.5885
1968-07-16,82.228
1968-07-17,76.3935
1968-07-18,79.987
1968-07-19,86.543686
1968-07-20,74.978
1968-07-21,75.97
1968-07-22,90.69945
1968-07-23,78.201
1968-07-24,78.0935
1968-07-25,79.3315
1968-07-26,84.463
1968-07-27,80.1155
1968-07-28,77.778
1968-07-29,85.6025
1968-07-30,78.8045
1968-07-31,77.868996
1968-08-01,75.6715
1968-08-02,69.5565
1968-08-03,77.7975
1968-08-04,90.41
1968-08-05,80.101
1968-08-06,76.7345
1968-08-07,71.7735
1968-08-08,80.3975
1968-08-09,83.059
1968-08-10,86.932
1968-08-11,82.88
1968-08-12,80.058
1968-08-13,91.59684
1968-08-14,79.961
1968-08-15,84.943
1968-08-16,76.77
1968-08-17,69.012
1968-08-18,81.8515
1968-08-19,90.93733
1968-08-20,93.08857
1968-08-21,89.27052
1968-08-22,76.18
1968-08-23,88.2155
1968-08-24,84.9575
1968-08-25,88.9805
1968-08-26,86.341
1968-08-27,86.3765
1968-08-28,83.3155
1968-08-29,80.5075
1968-08-30,74.878
1968-08-31,82.2035
1968-09-01,86.963
1968-09-02,87.08369
1968-09-03,87.0605
1968-09-04,80.6155
1968-09-05,83.163
1968-09-06,90.61389
1968-09-07,88.936874
1968-09-08,84.252
1968-09-09,86.798996
1968-09-10,83.5605
1968-09-11,80.910995
1968-09-12,79.3095
1968-09-13,87.389
1968-09-14,81.931
1968-09-15,85.1745
1968-09-16,83.874
1968-09-17,79.877365
1968-09-18,80.4315
1968-09-19,85.7995
1968-09-20,90.9345
1968-09-21,83.018
1968-09-22,82.2315
1968-09-23,84.73421
1968-09-24,90.14889
1968-09-25,93.004616
1968-09-26,90.795555
1968-09-27,80.1615
1968-09-28,81.8675
1968-09-29,85.556
1968-09-30,84.7265
1968-10-01,92.15182
1968-10-02,84.356
1968-10-03,85.762
1968-10-04,84.458
1968-10-05,86.4855
1968-10-06,79.553
1968-10-07,83.538
1968-10-08,78.0165
1968-10-09,75.985
1968-10-10,85.303
1968-10-11,90.61294
1968-10-12,86.36211
1968-10-13,84.0075
1968-10-14,82.074
1968-10-15,85.6325
1968-10-16,92.707
1968-10-17,92.632996
1968-10-18,92.94706
1968-10-19,89.265
1968-10-20,82.792496
1968-10-21,81.0795
1968-10-22,79.6445
1968-10-23,79.108
1968-10-24,73.2615
1968-10-25,77.3145
1968-10-26,84.6535
1968-10-27,92.62846
1968-10-28,90.4775
1968-10-29,81.536
1968-10-30,87.7745
1968-10-31,82.62631
1968-11-01,81.044
1968-11-02,80.2525
1968-11-03,85.316315
1968-11-04,89.82278
1968-11-05,93.975
1968-11-06,92.714
1968-11-07,89.76
1968-11-08,92.403
1968-11-09,93.261246
1968-11-10,93.098755
1968-11-11,93.102
1968-11-12,93.159996
1968-11-13,93.566666
1968-11-14,95.16
1968-11-15,93.375
1968-11-16,93.17273
1968-11-17,92.616
1968-11-18,92.14222
1968-11-19,93.485
1968-11-20,95.16
1968-11-21,
1968-11-22,94.7
1968-11-23,88.570526
1968-11-24,88.27187
1968-11-25,93.395004
1968-11-26,91.54813
1968-11-27,88.53933
1968-11-28,89.625
1968-11-29,86.83211
1968-11-30,94.3425
1968-12-01,92.77334
1968-12-02,91.16384
1968-12-03,85.821
1968-12-04,87.98278
1968-12-05,87.444214
1968-12-06,86.801
1968-12-07,86.7385
1968-12-08,88.87053
1968-12-09,92.58417
1968-12-10,87.665
1968-12-11,81.56947
1968-12-12,79.3135
1968-12-13,84.4147
1968-12-14,85.7975
1968-12-15,89.313156
1968-12-16,86.4545
1968-12-17,90.74467
1968-12-18,87.6485
1968-12-19,79.0485
1968-12-20,87.713
1968-12-21,92.04727
1968-12-22,91.189445
1968-12-23,89.385
1968-12-24,92.41111
1968-12-25,91.185
1968-12-26,88.11
1968-12-27,91.21934
1968-12-28,88.89278
1968-12-29,89.115
1968-12-30,89.28375
1968-12-31,91.92812
1969-01-01,91.045715
1969-01-02,89.88389
1969-01-03,90.56733
1969-01-04,90.761765
1969-01-05,85.187
1969-01-06,85.1655
1969-01-07,82.286
1969-01-08,82.26
1969-01-09,86.735504
1969-01-10,87.989
1969-01-11,89.454
1969-01-12,86.486
1969-01-13,81.323
1969-01-14,80.1715
1969-01-15,90.12941
1969-01-16,91.36072
1969-01-17,92.669
1969-01-18,90.74
1969-01-19,89.88273
1969-01-20,86.481
1969-01-21,83.094
1969-01-22,80.644
1969-01-23,78.1715
1969-01-24,88.60177
1969-01-25,89.3415
1969-01-26,81.042
1969-01-27,86.202
1969-01-28,85.3645
1969-01-29,79.943
1969-01-30,90.653885
1969-01-31,82.17
1969-02-01,85.298996
1969-02-02,87.59
1969-02-03,89.78313
1969-02-04,87.63421
1969-02-05,93.092
1969-02-06,93.63111
1969-02-07,90.64389
1969-02-08,86.284
1969-02-09,92.01471
1969-02-10,87.3965
1969-02-11,87.78555
1969-02-12,84.9005
1969-02-13,82.84
1969-02-14,91.43
1969-02-15,93.14333
1969-02-16,94.012
1969-02-17,93.08833
1969-02-18,91.00445
1969-02-19,88.9379
1969-02-20,88.61786
1969-02-21,93.6025
1969-02-22,92.34909
1969-02-23,90.37278
1969-02-24,89.52
1969-02-25,92.513336
1969-02-26,92.62428
1969-02-27,89.58
1969-02-28,93.00889
1969-03-01,93.35333
1969-03-02,91.668
1969-03-03,93.35
1969-03-04,92.65182
1969-03-05,91.06555
1969-03-06,89.68445
1969-03-07,87.98105
1969-03-08,91.007645
1969-03-09,89.151505
1969-03-10,81.951996
1969-03-11,87.845
1969-03-12,91.78
1969-03-13,90.24647
1969-03-14,88.19222
1969-03-15,90.5905
1969-03-16,92.41889
1969-03-17,92.71
1969-03-18,91.455
1969-03-19,93.68667
1969-03-20,89.594444
1969-03-21,91.04154
1969-03-22,88.84263
1969-03-23,85.6665
1969-03-24,90.81421
1969-03-25,88.7735
1969-03-26,92.542
1969-03-27,94.71
1969-03-28,93.729996
1969-03-29,92.113335
1969-03-30,92.09818
1969-03-31,85.41333
1969-04-01,83.4825
1969-04-02,83.533
1969-04-03,89.88368
1969-04-04,89.3565
1969-04-05,86.103
1969-04-06,81.579
1969-04-07,80.455
1969-04-08,75.724
1969-04-09,77.8695
1969-04-10,84.397
1969-04-11,82.426
1969-04-12,75.158
1969-04-13,80.346
1969-04-14,75.973
1969-04-15,86.628
1969-04-16,86.54105
1969-04-17,71.201996
1969-04-18,87.37842
1969-04-19,78.398
1969-04-20,81.9015
1969-04-21,83.0775
1969-04-22,84.8245
1969-04-23,85.966
1969-04-24,85.987
1969-04-25,83.3245
1969-04-26,76.3705
1969-04-27,71.399
1969-04-28,59.3415
1969-04-29,63.260998
1969-04-30,73.838
1969-05-01,73.465996
1969-05-02,83.604
1969-05-03,80.4275
1969-05-04,72.263
1969-05-05,63.5985
1969-05-06,70.1285
1969-05-07,71.6445
1969-05-08,80.549995
1969-05-09,81.3935
1969-05-10,82.9465
1969-05-11,88.40737
1969-05-12,83.2025
1969-05-13,76.499
1969-05-14,74.1555
1969-05-15,68.3605
1969-05-16,62.5215
1969-05-17,71.903496
1969-05-18,75.066
1969-05-19,83.03368
1969-05-20,77.657
1969-05-21,77.265495
1969-05-22,86.8115
1969-05-23,78.984
1969-05-24,73.951996
1969-05-25,71.7855
1969-05-26,71.8295
1969-05-27,83.482
1969-05-28,76.082
1969-05-29,69.2075
1969-05-30,69.847496
1969-05-31,70.324
1969-06-01,78.9815
1969-06-02,79.8945
1969-06-03,75.3985
1969-06-04,89.52111
1969-06-05,86.4405
1969-06-06,83.9295
1969-06-07,94.35429
1969-06-08,85.4675
1969-06-09,85.72
1969-06-10,84.0275
1969-06-11,88.138504
1969-06-12,81.3045
1969-06-13,79.8705
1969-06-14,86.4685
1969-06-15,87.14
1969-06-16,90.52824
1969-06-17,87.341576
1969-06-18,83.1975
1969-06-19,79.551
1969-06-20,85.889
1969-06-21,83.173
1969-06-22,85.09
1969-06-23,79.084
1969-06-24,78.4625
1969-06-25,82.341
1969-06-26,88.58579
1969-06-27,91.24812
1969-06-28,80.014
1969-06-29,80.974
1969-06-30,84.0755
1969-07-01,87.311
1969-07-02,86.3875
1969-07-03,80.3645
1969-07-04,80.395
1969-07-05,81.807
1969-07-06,86.908
1969-07-07,84.181
1969-07-08,85.57474
1969-07-09,83.71
1969-07-10,86.368
1969-07-11,90.56308
1969-07-12,88.3265
1969-07-13,76.9505
1969-07-14,85.1235
1969-07-15,77.587
1969-07-16,73.634995
1969-07-17,78.191
1969-07-18,80.7625
1969-07-19,76.849
1969-07-20,89.027
1969-07-21,83.2585
1969-07-22,85.2
1969-07-23,89.816
1969-07-24,79.3595
1969-07-25,82.4775
1969-07-26,80.6465
1969-07-27,80.682495
1969-07-28,82.732
1969-07-29,87.92
1969-07-30,83.4625
1969-07-31,76.8295
1969-08-01,69.75
1969-08-02,75.163
1969-08-03,78.913
1969-08-04,85.5115
1969-08-05,83.567
1969-08-06,77.1315
1969-08-07,73.49
1969-08-08,74.743
1969-08-09,83.253
1969-08-10,89.213
1969-08-11,87.99263
1969-08-12,85.041
1969-08-13,85.4835
1969-08-14,78.3975
1969-08-15,81.318
1969-08-16,81.5965
1969-08-17,84.04789
1969-08-18,88.585556
1969-08-19,90.664116
1969-08-20,89.184
1969-08-21,85.10368
1969-08-22,81.0035
1969-08-23,80.4505
1969-08-24,79.8535
1969-08-25,82.9345
1969-08-26,72.033
1969-08-27,75.022995
1969-08-28,84.031
1969-08-29,77.784
1969-08-30,67.807
1969-08-31,77.553
1969-09-01,78.153496
1969-09-02,79.147995
1969-09-03,79.4115
1969-09-04,80.895996
1969-09-05,85.7255
1969-09-06,86.825264
1969-09-07,90.58894
1969-09-08,81.1105
1969-09-09,76.269
1969-09-10,76.0715
1969-09-11,76.6335
1969-09-12,77.812
1969-09-13,75.1755
1969-09-14,78.606
1969-09-15,75.47894
1969-09-16,84.7185
1969-09-17,81.5095
1969-09-18,83.4495
1969-09-19,88.7225
1969-09-20,89.53667
1969-09-21,82.701
1969-09-22,80.212
1969-09-23,82.173
1969-09-24,84.2955
1969-09-25,75.1995
1969-09-26,81.6195
1969-09-27,81.078
1969-09-28,82.821
1969-09-29,81.417496
1969-09-30,83.869
1969-10-01,87.0155
1969-10-02,74.045
1969-10-03,75.104996
1969-10-04,79.29
1969-10-05,82.520004
1969-10-06,81.423
1969-10-07,75.6815
1969-10-08,75.4845
1969-10-09,76.9205
1969-10-10,67.5235
1969-10-11,67.515495
1969-10-12,77.872
1969-10-13,79.2455
1969-10-14,78.099
1969-10-15,77.847
1969-10-16,77.791
1969-10-17,76.196495
1969-10-18,77.0635
1969-10-19,75.7575
1969-10-20,72.09
1969-10-21,66.5885
1969-10-22,73.945
1969-10-23,76.958
1969-10-24,85.0335
1969-10-25,87.9295
1969-10-26,85.389
1969-10-27,81.7325
1969-10-28,79.014496
1969-10-29,80.596
1969-10-30,72.4235
1969-10-31,75.6905
1969-11-01,76.6635
1969-11-02,65.909
1969-11-03,57.968998
1969-11-04,62.075
1969-11-05,67.8235
1969-11-06,78.3575
1969-11-07,80.1795
1969-11-08,75.7705
1969-11-09,85.2675
1969-11-10,79.4025
1969-11-11,75.4425
1969-11-12,78.902
1969-11-13,81.47947
1969-11-14,80.159
1969-11-15,85.7075
1969-11-16,87.71895
1969-11-17,81.833
1969-11-18,88.983
1969-11-19,81.95368
1969-11-20,72.681496
1969-11-21,71.0065
1969-11-22,74.9095
1969-11-23,79.1845
1969-11-24,81.017
1969-11-25,78.065
1969-11-26,74.3015
1969-11-27,86.2945
1969-11-28,78.701996
1969-11-29,81.1235
1969-11-30,84.655
1969-12-01,92.59778
1969-12-02,93.435
1969-12-03,90.27389
1969-12-04,88.56765
1969-12-05,92.46667
1969-12-06,85.254
1969-12-07,87.756996
1969-12-08,92.55143
1969-12-09,92.62215
1969-12-10,94.71
1969-12-11,95.16
1969-12-12,94.09
1969-12-13,92.19462
1969-12-14,92.575386
1969-12-15,91.49364
1969-12-16,93.692856
1969-12-17,92.47
1969-12-18,84.905
1969-12-19,86.0525
1969-12-20,92.22737
1969-12-21,85.88
1969-12-22,85.9215
1969-12-23,88.859474
1969-12-24,91.04737
1969-12-25,90.06778
1969-12-26,90.07842
1969-12-27,92.55556
1969-12-28,93.300835
1969-12-29,91.773125
1969-12-30,92.41133
1969-12-31,92.252304
1970-01-01,90.766
1970-01-02,91.84182
1970-01-03,87.937775
1970-01-04,88.89357
1970-01-05,88.876114
1970-01-06,92.045
1970-01-07,94.1025
1970-01-08,89.602
1970-01-09,89.2579
1970-01-10,89.103
1970-01-11,87.112
1970-01-12,84.97474
1970-01-13,91.66067
1970-01-14,91.948746
1970-01-15,91.457695
1970-01-16,92.387856
1970-01-17,93.062
1970-01-18,88.861664
1970-01-19,90.872665
1970-01-20,91.75692
1970-01-21,91.90941
1970-01-22,91.468575
1970-01-23,91.54467
1970-01-24,88.68846
1970-01-25,90.56563
1970-01-26,91.657646
1970-01-27,91.19786
1970-01-28,90.52923
1970-01-29,87.60842
1970-01-30,82.03368
1970-01-31,89.174706
1970-02-01,93.06333
1970-02-02,92.4125
1970-02-03,92.846664
1970-02-04,89.85529
1970-02-05,92.675
1970-02-06,89.552666
1970-02-07,92.166664
1970-02-08,95.16
1970-02-09,89.65666
1970-02-10,85.956
1970-02-11,85.04211
1970-02-12,91.54176
1970-02-13,88.47294
1970-02-14,89.903885
1970-02-15,87.86632
1970-02-16,88.455
1970-02-17,92.244
1970-02-18,83.813156
1970-02-19,92.509285
1970-02-20,92.55933
1970-02-21,90.13143
1970-02-22,93.215
1970-02-23,92.442856
1970-02-24,91.21875
1970-02-25,93.285
1970-02-26,90.78667
1970-02-27,91.863
1970-02-28,91.32833
1970-03-01,88.892105
1970-03-02,87.70052
1970-03-03,88.57176
1970-03-04,84.726
1970-03-05,64.6095
1970-03-06,74.3795
1970-03-07,86.731
1970-03-08,88.384
1970-03-09,94.19143
1970-03-10,89.43933
1970-03-11,83.979
1970-03-12,89.8485
1970-03-13,91.18375
1970-03-14,91.10333
1970-03-15,94.475
1970-03-16,91.74333
1970-03-17,91.61077
1970-03-18,88.6695
1970-03-19,87.6995
1970-03-20,92.57733
1970-03-21,88.95526
1970-03-22,81.9645
1970-03-23,78.792
1970-03-24,85.2445
1970-03-25,86.7265
1970-03-26,77.6985
1970-03-27,70.227
1970-03-28,84.673
1970-03-29,86.66106
1970-03-30,77.933
1970-03-31,68.8085
1970-04-01,77.8525
1970-04-02,84.86421
1970-04-03,91.89125
1970-04-04,81.116
1970-04-05,78.2425
1970-04-06,83.767
1970-04-07,75.9255
1970-04-08,82.0205
1970-04-09,80.6215
1970-04-10,73.462
1970-04-11,73.775
1970-04-12,87.4505
1970-04-13,73.7345
1970-04-14,76.182495
1970-04-15,90.09534
1970-04-16,89.526665
1970-04-17,82.775
1970-04-18,89.469
1970-04-19,78.025
1970-04-20,78.1205
1970-04-21,89.4775
1970-04-22,76.013
1970-04-23,67.755
1970-04-24,76.3845
1970-04-25,81.319496
1970-04-26,72.312
1970-04-27,79.9935
1970-04-28,73.4795
1970-04-29,82.779
1970-04-30,87.385
1970-05-01,73.312996
1970-05-02,71.598
1970-05-03,73.917496
1970-05-04,84.019
1970-05-05,88.77167
1970-05-06,79.248
1970-05-07,77.745
1970-05-08,82.4495
1970-05-09,78.7565
1970-05-10,82.3
1970-05-11,73.905
1970-05-12,75.2215
1970-05-13,72.7205
1970-05-14,71.035995
1970-05-15,73.949
1970-05-16,83.0745
1970-05-17,90.805
1970-05-18,92.40733
1970-05-19,90.46555
1970-05-20,83.2385
1970-05-21,86.55
1970-05-22,81.642
1970-05-23,87.91947
1970-05-24,87.3315
1970-05-25,75.7455
1970-05-26,70.461
1970-05-27,79.288
1970-05-28,86.1915
1970-05-29,86.077
1970-05-30,74.2555
1970-05-31,80.9065
1970-06-01,83.64
1970-06-02,82.5325
1970-06-03,81.3265
1970-06-04,91.594444
1970-06-05,81.009995
1970-06-06,79.029
1970-06-07,83.898
1970-06-08,79.557
1970-06-09,81.2875
1970-06-10,82.271
1970-06-11,76.984
1970-06-12,80.2115
1970-06-13,71.4375
1970-06-14,76.241
1970-06-15,77.713
1970-06-16,74.1885
1970-06-17,85.0115
1970-06-18,79.933
1970-06-19,89.9835
1970-06-20,85.018
1970-06-21,73.923
1970-06-22,73.207
1970-06-23,73.951996
1970-06-24,73.539
1970-06-25,80.237495
1970-06-26,84.4025
1970-06-27,84.2985
1970-06-28,76.7535
1970-06-29,84.62
1970-06-30,80.9775
1970-07-01,76.777
1970-07-02,86.602
1970-07-03,88.9355
1970-07-04,76.5535
1970-07-05,88.999
1970-07-06,88.257
1970-07-07,84.6585
1970-07-08,78.5535
1970-07-09,75.2545
1970-07-10,79.4885
1970-07-11,82.479996
1970-07-12,81.806496
1970-07-13,76.063995
1970-07-14,82.588
1970-07-15,73.8975
1970-07-16,79.3995
1970-07-17,85.8495
1970-07-18,80.1635
1970-07-19,75.7485
1970-07-20,68.1725
1970-07-21,69.971
1970-07-22,75.604004
1970-07-23,77.1
1970-07-24,76.1775
1970-07-25,79.5055
1970-07-26,88.777
1970-07-27,78.0715
1970-07-28,74.71
1970-07-29,78.038
1970-07-30,79.3295
1970-07-31,74.1655
1970-08-01,80.7405
1970-08-02,76.753
1970-08-03,72.043
1970-08-04,72.5445
1970-08-05,74.931
1970-08-06,75.645996
1970-08-07,76.097
1970-08-08,86.0965
1970-08-09,82.1695
1970-08-10,80.553
1970-08-11,86.4885
1970-08-12,78.708496
1970-08-13,80.3555
1970-08-14,74.554
1970-08-15,73.195
1970-08-16,78.917496
1970-08-17,79.33
1970-08-18,85.811
1970-08-19,77.507996
1970-08-20,75.378
1970-08-21,74.878
1970-08-22,80.7845
1970-08-23,88.895
1970-08-24,87.426
1970-08-25,86.327896
1970-08-26,87.043
1970-08-27,81.447
1970-08-28,82.0665
1970-08-29,79.474
1970-08-30,78.2525
1970-08-31,83.287
1970-09-01,82.9325
1970-09-02,82.3455
1970-09-03,74.519
1970-09-04,77.5985
1970-09-05,81.5495
1970-09-06,77.867
1970-09-07,80.6375
1970-09-08,73.4305
1970-09-09,69.9495
1970-09-10,70.5405
1970-09-11,69.805
1970-09-12,75.3185
1970-09-13,74.7335
1970-09-14,78.2455
1970-09-15,69.528496
1970-09-16,71.728
1970-09-17,80.9705
1970-09-18,76.901
1970-09-19,79.714
1970-09-20,80.8015
1970-09-21,85.13
1970-09-22,81.302
1970-09-23,82.474
1970-09-24,75.641
1970-09-25,74.335
1970-09-26,69.0685
1970-09-27,78.19
1970-09-28,74.679
1970-09-29,73.9915
1970-09-30,71.434
1970-10-01,67.139496
1970-10-02,89.255
1970-10-03,85.423
1970-10-04,89.090996
1970-10-05,87.508
1970-10-06,87.666504
1970-10-07,81.7195
1970-10-08,80.535
1970-10-09,81.534
1970-10-10,83.5805
1970-10-11,85.1565
1970-10-12,84.6215
1970-10-13,82.0225
1970-10-14,82.6705
1970-10-15,88.567
1970-10-16,88.84765
1970-10-17,89.11053
1970-10-18,92.47546
1970-10-19,80.616
1970-10-20,87.236496
1970-10-21,85.9735
1970-10-22,84.671
1970-10-23,92.58889
1970-10-24,89.8205
1970-10-25,81.6505
1970-10-26,83.714
1970-10-27,78.4125
1970-10-28,74.4245
1970-10-29,72.8435
1970-10-30,76.5355
1970-10-31,74.7705
1970-11-01,71.2565
1970-11-02,76.494995
1970-11-03,70.1335
1970-11-04,68.6355
1970-11-05,62.7785
1970-11-06,70.8245
1970-11-07,79.6595
1970-11-08,86.20052
1970-11-09,88.84647
1970-11-10,86.808945
1970-11-11,71.3375
1970-11-12,76.780495
1970-11-13,76.4335
1970-11-14,74.6825
1970-11-15,81.1075
1970-11-16,86.30053
1970-11-17,89.87722
1970-11-18,83.77421
1970-11-19,75.708
1970-11-20,85.85
1970-11-21,83.0185
1970-11-22,88.917694
1970-11-23,92.83857
1970-11-24,92.75625
1970-11-25,88.40055
1970-11-26,89.448944
1970-11-27,91.0
1970-11-28,86.83466
1970-11-29,82.837
1970-11-30,83.3235
1970-12-01,83.798
1970-12-02,93.082
1970-12-03,84.226
1970-12-04,83.5495
1970-12-05,81.7825
1970-12-06,90.95067
1970-12-07,89.05947
1970-12-08,90.56125
1970-12-09,85.533
1970-12-10,88.545265
1970-12-11,90.266426
1970-12-12,87.64421
1970-12-13,89.280556
1970-12-14,92.35714
1970-12-15,92.878
1970-12-16,91.46167
1970-12-17,92.781334
1970-12-18,90.770996
1970-12-19,88.699
1970-12-20,88.8065
1970-12-21,79.8265
1970-12-22,90.49167
1970-12-23,91.725
1970-12-24,91.85875
1970-12-25,91.18188
1970-12-26,92.192
1970-12-27,89.063156
1970-12-28,91.944
1970-12-29,88.49944
1970-12-30,86.13158
1970-12-31,90.588234
1971-01-01,75.5335
1971-01-02,84.7265
1971-01-03,83.3215
1971-01-04,79.68
1971-01-05,86.0355
1971-01-06,90.94312
1971-01-07,88.924736
1971-01-08,89.37667
1971-01-09,90.11
1971-01-10,88.06059
1971-01-11,84.90437
1971-01-12,89.1525
1971-01-13,86.6435
1971-01-14,88.324
1971-01-15,81.1655
1971-01-16,88.65111
1971-01-17,90.96611
1971-01-18,89.920715
1971-01-19,88.82938
1971-01-20,91.86833
1971-01-21,87.082634
1971-01-22,86.75421
1971-01-23,89.50684
1971-01-24,85.2215
1971-01-25,89.04667
1971-01-26,90.20555
1971-01-27,90.67353
1971-01-28,85.02737
1971-01-29,79.2405
1971-01-30,75.4025
1971-01-31,81.2455
1971-02-01,90.8075
1971-02-02,93.10889
1971-02-03,88.6765
1971-02-04,91.85445
1971-02-05,90.9125
1971-02-06,90.4
1971-02-07,87.558
1971-02-08,86.567894
1971-02-09,85.3305
1971-02-10,89.56526
1971-02-11,90.763336
1971-02-12,87.14158
1971-02-13,85.831055
1971-02-14,84.104
1971-02-15,86.071
1971-02-16,91.336
1971-02-17,93.62125
1971-02-18,90.78588
1971-02-19,88.90723
1971-02-20,93.03667
1971-02-21,93.626
1971-02-22,92.03
1971-02-23,92.99834
1971-02-24,92.32
1971-02-25,92.84182
1971-02-26,82.67368
1971-02-27,85.58579
1971-02-28,80.0375
1971-03-01,85.168
1971-03-02,94.46
1971-03-03,88.364
1971-03-04,89.52556
1971-03-05,87.339
1971-03-06,91.41688
1971-03-07,87.795
1971-03-08,92.06722
1971-03-09,94.12909
1971-03-10,87.93579
1971-03-11,75.375496
1971-03-12,78.4625
1971-03-13,81.6925
1971-03-14,71.1155
1971-03-15,79.196
1971-03-16,75.857
1971-03-17,89.44929
1971-03-18,88.91789
1971-03-19,81.031
1971-03-20,73.6755
1971-03-21,70.8825
1971-03-22,64.977
1971-03-23,68.834496
1971-03-24,78.4255
1971-03-25,71.0355
1971-03-26,70.451996
1971-03-27,73.171
1971-03-28,89.0165
1971-03-29,91.604614
1971-03-30,91.86846
1971-03-31,91.41842
1971-04-01,82.292
1971-04-02,90.835625
1971-04-03,92.92643
1971-04-04,81.848
1971-04-05,76.234
1971-04-06,81.7075
1971-04-07,86.244
1971-04-08,84.953
1971-04-09,83.1005
1971-04-10,79.934
1971-04-11,86.42158
1971-04-12,81.548
1971-04-13,82.445
1971-04-14,84.053
1971-04-15,78.428
1971-04-16,71.7935
1971-04-17,65.9995
1971-04-18,73.45
1971-04-19,72.427
1971-04-20,74.218
1971-04-21,71.8585
1971-04-22,62.61
1971-04-23,56.411
1971-04-24,63.725998
1971-04-25,77.5125
1971-04-26,74.9925
1971-04-27,74.253
1971-04-28,77.007
1971-04-29,70.3425
1971-04-30,76.7165
1971-05-01,77.1665
1971-05-02,81.2475
1971-05-03,82.9235
1971-05-04,82.6055
1971-05-05,78.857
1971-05-06,91.55538
1971-05-07,92.62789
1971-05-08,85.3255
1971-05-09,78.2055
1971-05-10,75.1085
1971-05-11,73.1705
1971-05-12,68.4205
1971-05-13,65.5455
1971-05-14,65.5165
1971-05-15,75.386
1971-05-16,76.443
1971-05-17,71.7295
1971-05-18,73.2585
1971-05-19,66.937
1971-05-20,77.708
1971-05-21,68.951
1971-05-22,79.032
1971-05-23,81.82
1971-05-24,81.763
1971-05-25,79.802
1971-05-26,82.964
1971-05-27,80.3905
1971-05-28,84.198
1971-05-29,87.253334
1971-05-30,86.54053
1971-05-31,88.10529
1971-06-01,83.6025
1971-06-02,76.6925
1971-06-03,82.9
1971-06-04,76.250496
1971-06-05,82.256996
1971-06-06,80.413
1971-06-07,79.0625
1971-06-08,83.5605
1971-06-09,89.371
1971-06-10,67.2445
1971-06-11,64.2315
1971-06-12,71.1305
1971-06-13,73.5665
1971-06-14,73.4845
1971-06-15,70.029
1971-06-16,71.497
1971-06-17,78.1645
1971-06-18,80.9625
1971-06-19,76.961
1971-06-20,79.668495
1971-06-21,77.041
1971-06-22,78.4565
1971-06-23,74.2735
1971-06-24,62.887497
1971-06-25,67.7325
1971-06-26,71.0055
1971-06-27,81.576
1971-06-28,86.59368
1971-06-29,81.319
1971-06-30,81.245
1971-07-01,87.2385
1971-07-02,78.421
1971-07-03,79.4145
1971-07-04,79.817
1971-07-05,80.298996
1971-07-06,78.0595
1971-07-07,78.8665
1971-07-08,81.7585
1971-07-09,71.075
1971-07-10,70.302
1971-07-11,76.0215
1971-07-12,73.603
1971-07-13,75.0045
1971-07-14,77.835
1971-07-15,86.9035
1971-07-16,75.526
1971-07-17,73.2815
1971-07-18,72.542
1971-07-19,79.955
1971-07-20,81.9165
1971-07-21,84.974
1971-07-22,78.6015
1971-07-23,75.439995
1971-07-24,74.5515
1971-07-25,74.396
1971-07-26,73.5875
1971-07-27,70.759
1971-07-28,75.455
1971-07-29,69.677
1971-07-30,75.6235
1971-07-31,65.312
1971-08-01,57.411
1971-08-02,58.6575
1971-08-03,63.556
1971-08-04,63.289
1971-08-05,75.1625
1971-08-06,66.92
1971-08-07,68.1095
1971-08-08,73.473
1971-08-09,76.9605
1971-08-10,82.837
1971-08-11,72.484
1971-08-12,76.7395
1971-08-13,77.975
1971-08-14,73.446495
1971-08-15,67.9335
1971-08-16,76.0415
1971-08-17,73.604996
1971-08-18,81.0455
1971-08-19,73.826996
1971-08-20,70.533
1971-08-21,69.798996
1971-08-22,70.3415
1971-08-23,73.247
1971-08-24,76.095
1971-08-25,83.78
1971-08-26,77.495
1971-08-27,79.006
1971-08-28,80.8555
1971-08-29,75.423996
1971-08-30,70.867
1971-08-31,72.089
1971-09-01,79.8855
1971-09-02,77.2425
1971-09-03,77.261
1971-09-04,78.363
1971-09-05,79.181496
1971-09-06,81.777
1971-09-07,80.3175
1971-09-08,84.787
1971-09-09,81.015
1971-09-10,79.0055
1971-09-11,73.944496
1971-09-12,83.6305
1971-09-13,82.99
1971-09-14,86.935
1971-09-15,90.63706
1971-09-16,91.694115
1971-09-17,92.33
1971-09-18,
1971-09-19,87.3445
1971-09-20,87.3295
1971-09-21,80.098495
1971-09-22,79.9535
1971-09-23,81.392
1971-09-24,83.5985
1971-09-25,86.659
1971-09-26,83.3415
1971-09-27,82.7445
1971-09-28,82.7185
1971-09-29,80.914734
1971-09-30,86.458885
1971-10-01,81.1745
1971-10-02,79.971
1971-10-03,77.043
1971-10-04,79.568
1971-10-05,84.148
1971-10-06,78.223495
1971-10-07,68.9305
1971-10-08,63.964
1971-10-09,68.9925
1971-10-10,73.867
1971-10-11,76.972496
1971-10-12,76.587
1971-10-13,73.456
1971-10-14,71.4235
1971-10-15,81.6015
1971-10-16,87.4335
1971-10-17,92.638
1971-10-18,91.602
1971-10-19,86.9315
1971-10-20,83.682
1971-10-21,85.057495
1971-10-22,79.6965
1971-10-23,68.0265
1971-10-24,67.305
1971-10-25,75.8425
1971-10-26,72.515495
1971-10-27,74.311
1971-10-28,77.983
1971-10-29,86.1335
1971-10-30,91.00647
1971-10-31,92.80785
1971-11-01,91.75923
1971-11-02,90.39389
1971-11-03,91.38
1971-11-04,90.248825
1971-11-05,79.205
1971-11-06,75.5585
1971-11-07,80.861
1971-11-08,83.354
1971-11-09,75.2915
1971-11-10,81.529
1971-11-11,83.865
1971-11-12,85.9205
1971-11-13,93.15583
1971-11-14,92.78
1971-11-15,88.67737
1971-11-16,88.867645
1971-11-17,77.407
1971-11-18,78.084496
1971-11-19,79.4565
1971-11-20,83.0815
1971-11-21,87.469
1971-11-22,83.723495
1971-11-23,86.84631
1971-11-24,92.28333
1971-11-25,91.32375
1971-11-26,91.52125
1971-11-27,83.3945
1971-11-28,84.1485
1971-11-29,91.774376
1971-11-30,91.73417
1971-12-01,93.16143
1971-12-02,93.86667
1971-12-03,91.07
1971-12-04,91.232
1971-12-05,90.38529
1971-12-06,90.29786
1971-12-07,86.86421
1971-12-08,89.41118
1971-12-09,88.98211
1971-12-10,89.8365
1971-12-11,85.4515
1971-12-12,89.087
1971-12-13,83.0265
1971-12-14,88.405
1971-12-15,88.16687
1971-12-16,85.0525
1971-12-17,79.1135
1971-12-18,86.99
1971-12-19,84.1225
1971-12-20,84.794
1971-12-21,89.819
1971-12-22,89.897224
1971-12-23,87.385
1971-12-24,83.3655
1971-12-25,87.428
1971-12-26,87.48944
1971-12-27,88.710556
1971-12-28,89.716156
1971-12-29,93.7075
1971-12-30,90.10643
1971-12-31,89.53643
1972-01-01,91.038826
1972-01-02,89.20611
1972-01-03,91.627
1972-01-04,88.445885
1972-01-05,89.46632
1972-01-06,91.759285
1972-01-07,91.2275
1972-01-08,92.60091
1972-01-09,93.68
1972-01-10,92.97667
1972-01-11,90.35667
1972-01-12,88.88579
1972-01-13,87.789
1972-01-14,79.423
1972-01-15,83.942
1972-01-16,86.672
1972-01-17,88.78833
1972-01-18,88.149
1972-01-19,89.357
1972-01-20,90.22786
1972-01-21,90.10824
1972-01-22,84.9915
1972-01-23,88.1265
1972-01-24,90.70812
1972-01-25,92.57846
1972-01-26,88.87526
1972-01-27,87.6485
1972-01-28,91.0065
1972-01-29,90.65412
1972-01-30,91.407776
1972-01-31,91.457855
1972-02-01,88.888
1972-02-02,89.6875
1972-02-03,88.45556
1972-02-04,90.571
1972-02-05,85.7455
1972-02-06,91.13875
1972-02-07,87.617226
1972-02-08,87.91
1972-02-09,85.932
1972-02-10,88.68053
1972-02-11,90.631874
1972-02-12,89.24167
1972-02-13,91.20818
1972-02-14,88.513336
1972-02-15,92.97
1972-02-16,92.398186
1972-02-17,88.67526
1972-02-18,85.17421
1972-02-19,89.61266
1972-02-20,89.24125
1972-02-21,91.46214
1972-02-22,92.866
1972-02-23,90.8175
1972-02-24,92.57
1972-02-25,91.93909
1972-02-26,93.30625
1972-02-27,94.567505
1972-02-28,92.77333
1972-02-29,90.973335
1972-03-01,91.90929
1972-03-02,91.689
1972-03-03,88.86588
1972-03-04,91.04375
1972-03-05,92.35769
1972-03-06,91.02875
1972-03-07,89.89421
1972-03-08,88.27421
1972-03-09,86.83948
1972-03-10,84.149475
1972-03-11,92.74769
1972-03-12,85.162
1972-03-13,82.81
1972-03-14,76.838
1972-03-15,67.2445
1972-03-16,70.94
1972-03-17,66.9675
1972-03-18,71.6165
1972-03-19,76.2135
1972-03-20,68.5755
1972-03-21,73.448
1972-03-22,65.2825
1972-03-23,67.3365
1972-03-24,66.964
1972-03-25,66.5865
1972-03-26,63.4615
1972-03-27,65.878494
1972-03-28,60.829
1972-03-29,67.973
1972-03-30,65.15
1972-03-31,57.5405
1972-04-01,63.6415
1972-04-02,79.285995
1972-04-03,80.765
1972-04-04,59.52
1972-04-05,61.226997
1972-04-06,76.486496
1972-04-07,75.8225
1972-04-08,66.225
1972-04-09,81.5645
1972-04-10,76.1165
1972-04-11,74.449
1972-04-12,70.9855
1972-04-13,79.2875
1972-04-14,81.7325
1972-04-15,80.8655
1972-04-16,82.006
1972-04-17,81.959
1972-04-18,80.5125
1972-04-19,82.711
1972-04-20,88.88737
1972-04-21,90.74
1972-04-22,84.3925
1972-04-23,77.811
1972-04-24,74.655
1972-04-25,84.788
1972-04-26,82.677
1972-04-27,84.750496
1972-04-28,78.5625
1972-04-29,69.875496
1972-04-30,70.8515
1972-05-01,81.8145
1972-05-02,79.2025
1972-05-03,90.12867
1972-05-04,92.585556
1972-05-05,87.9235
1972-05-06,88.60474
1972-05-07,85.859
1972-05-08,80.632996
1972-05-09,74.233
1972-05-10,82.0475
1972-05-11,80.85
1972-05-12,90.64769
1972-05-13,84.0325
1972-05-14,75.3685
1972-05-15,73.173
1972-05-16,70.951
1972-05-17,82.9965
1972-05-18,78.8175
1972-05-19,74.8505
1972-05-20,77.54
1972-05-21,74.4905
1972-05-22,81.912
1972-05-23,77.0195
1972-05-24,76.4555
1972-05-25,75.88
1972-05-26,69.839
1972-05-27,79.049
1972-05-28,75.815
1972-05-29,84.502
1972-05-30,70.897995
1972-05-31,77.9435
1972-06-01,83.195
1972-06-02,83.3385
1972-06-03,87.5675
1972-06-04,88.5325
1972-06-05,82.6705
1972-06-06,77.9115
1972-06-07,66.971
1972-06-08,64.75
1972-06-09,73.574
1972-06-10,72.591
1972-06-11,65.6015
1972-06-12,70.69
1972-06-13,71.159
1972-06-14,64.5355
1972-06-15,60.61
1972-06-16,67.0635
1972-06-17,69.9915
1972-06-18,74.716995
1972-06-19,78.3505
1972-06-20,71.4905
1972-06-21,69.743996
1972-06-22,71.3665
1972-06-23,71.466995
1972-06-24,85.782
1972-06-25,79.779
1972-06-26,67.0495
1972-06-27,73.451996
1972-06-28,78.923996
1972-06-29,72.951
1972-06-30,73.685
1972-07-01,78.889496
1972-07-02,81.820496
1972-07-03,76.032
1972-07-04,79.909
1972-07-05,79.806496
1972-07-06,77.6065
1972-07-07,85.8215
1972-07-08,78.731
1972-07-09,77.3845
1972-07-10,77.3185
1972-07-11,80.6245
1972-07-12,78.8745
1972-07-13,84.548
1972-07-14,78.991
1972-07-15,63.178
1972-07-16,66.845
1972-07-17,82.785995
1972-07-18,84.8285
1972-07-19,82.451
1972-07-20,88.48579
1972-07-21,85.564
1972-07-22,87.091995
1972-07-23,84.1495
1972-07-24,80.5275
1972-07-25,77.075
1972-07-26,79.7705
1972-07-27,91.28
1972-07-28,83.9325
1972-07-29,77.6595
1972-07-30,77.1485
1972-07-31,78.9615
1972-08-01,81.2545
1972-08-02,81.0585
1972-08-03,82.4765
1972-08-04,89.1265
1972-08-05,88.273
1972-08-06,78.919
1972-08-07,79.1935
1972-08-08,78.298
1972-08-09,76.7985
1972-08-10,74.682495
1972-08-11,74.545
1972-08-12,71.79
1972-08-13,71.611496
1972-08-14,70.487495
1972-08-15,67.361
1972-08-16,67.89
1972-08-17,69.519
1972-08-18,85.725266
1972-08-19,92.63
1972-08-20,92.225334
1972-08-21,86.429
1972-08-22,88.867
1972-08-23,81.459
1972-08-24,84.9205
1972-08-25,82.5415
1972-08-26,83.507996
1972-08-27,82.8395
1972-08-28,81.347496
1972-08-29,84.7845
1972-08-30,87.8665
1972-08-31,91.314735
1972-09-01,81.331
1972-09-02,86.068
1972-09-03,79.4545
1972-09-04,77.2245
1972-09-05,79.895996
1972-09-06,76.99
1972-09-07,69.939995
1972-09-08,73.8245
1972-09-09,79.3135
1972-09-10,82.473495
1972-09-11,89.60368
1972-09-12,92.78273
1972-09-13,91.293846
1972-09-14,84.408
1972-09-15,85.6805
1972-09-16,86.85105
1972-09-17,90.17412
1972-09-18,91.784706
1972-09-19,86.987
1972-09-20,86.9005
1972-09-21,87.3375
1972-09-22,86.8795
1972-09-23,85.748
1972-09-24,78.69
1972-09-25,94.71
1972-09-26,91.65056
1972-09-27,92.845
1972-09-28,91.07333
1972-09-29,84.4775
1972-09-30,87.0025
1972-10-01,84.1085
1972-10-02,88.24895
1972-10-03,90.29889
1972-10-04,93.53
1972-10-05,91.83
1972-10-06,92.59333
1972-10-07,91.90733
1972-10-08,92.20529
1972-10-09,93.24
1972-10-10,93.24834
1972-10-11,84.227
1972-10-12,84.0755
1972-10-13,82.8695
1972-10-14,90.57059
1972-10-15,91.189995
1972-10-16,88.5895
1972-10-17,82.7405
1972-10-18,81.308
1972-10-19,84.9115
1972-10-20,83.0005
1972-10-21,72.0475
1972-10-22,93.31333
1972-10-23,77.4895
1972-10-24,80.522995
1972-10-25,80.493996
1972-10-26,80.638
1972-10-27,78.881
1972-10-28,79.102
1972-10-29,84.0885
1972-10-30,90.51428
1972-10-31,89.418
1972-11-01,88.332
1972-11-02,86.706
1972-11-03,78.2455
1972-11-04,84.75421
1972-11-05,82.413
1972-11-06,78.468
1972-11-07,81.889496
1972-11-08,83.093
1972-11-09,83.9095
1972-11-10,86.4335
1972-11-11,89.246315
1972-11-12,91.235
1972-11-13,80.703
1972-11-14,68.0845
1972-11-15,86.104
1972-11-16,83.288
1972-11-17,77.9135
1972-11-18,82.231
1972-11-19,88.630005
1972-11-20,86.83948
1972-11-21,90.45105
1972-11-22,90.4945
1972-11-23,91.81
1972-11-24,92.533
1972-11-25,92.21875
1972-11-26,92.59
1972-11-27,90.871056
1972-11-28,84.4535
1972-11-29,83.2145
1972-11-30,79.089
1972-12-01,82.530525
1972-12-02,88.486664
1972-12-03,89.962
1972-12-04,92.64625
1972-12-05,
1972-12-06,93.975
1972-12-07,91.08909
1972-12-08,89.871056
1972-12-09,92.44875
1972-12-10,93.0875
1972-12-11,90.347
1972-12-12,91.59909
1972-12-13,89.33055
1972-12-14,86.42667
1972-12-15,93.5525
1972-12-16,92.86714
1972-12-17,92.25
1972-12-18,89.28555
1972-12-19,92.23917
1972-12-20,91.18143
1972-12-21,87.7721
1972-12-22,91.41857
1972-12-23,93.28154
1972-12-24,90.270836
1972-12-25,90.02133
1972-12-26,90.97312
1972-12-27,91.43833
1972-12-28,86.73235
1972-12-29,87.041336
1972-12-30,81.8545
1972-12-31,82.1105
1973-01-01,78.9285
1973-01-02,77.098
1973-01-03,87.21684
1973-01-04,89.52111
1973-01-05,92.71125
1973-01-06,92.29857
1973-01-07,92.464615
1973-01-08,90.76833
1973-01-09,91.39692
1973-01-10,91.71769
1973-01-11,89.753685
1973-01-12,85.24
1973-01-13,87.24
1973-01-14,75.6515
1973-01-15,78.64
1973-01-16,83.518
1973-01-17,91.69647
1973-01-18,91.29813
1973-01-19,92.71834
1973-01-20,92.75357
1973-01-21,91.31647
1973-01-22,88.638336
1973-01-23,90.23308
1973-01-24,88.024704
1973-01-25,84.3455
1973-01-26,81.9915
1973-01-27,78.9705
1973-01-28,80.7455
1973-01-29,92.25091
1973-01-30,88.6253
1973-01-31,88.37316
1973-02-01,88.006
1973-02-02,91.881424
1973-02-03,93.187996
1973-02-04,87.70143
1973-02-05,91.99133
1973-02-06,89.58421
1973-02-07,82.86474
1973-02-08,83.570496
1973-02-09,79.5325
1973-02-10,79.9265
1973-02-11,89.43833
1973-02-12,91.48882
1973-02-13,87.585
1973-02-14,89.07
1973-02-15,83.248
1973-02-16,88.477
1973-02-17,90.23882
1973-02-18,88.1365
1973-02-19,77.3805
1973-02-20,82.662
1973-02-21,86.46474
1973-02-22,86.1395
1973-02-23,82.0755
1973-02-24,86.951004
1973-02-25,86.474
1973-02-26,91.26455
1973-02-27,82.7315
1973-02-28,89.32263
1973-03-01,88.2365
1973-03-02,87.365
1973-03-03,80.53
1973-03-04,89.657776
1973-03-05,80.679
1973-03-06,83.131
1973-03-07,86.7525
1973-03-08,85.1935
1973-03-09,92.8825
1973-03-10,93.756004
1973-03-11,94.094
1973-03-12,89.4005
1973-03-13,92.321175
1973-03-14,94.21
1973-03-15,92.145
1973-03-16,89.159
1973-03-17,88.57684
1973-03-18,92.881996
1973-03-19,90.786
1973-03-20,90.1695
1973-03-21,85.83
1973-03-22,82.352
1973-03-23,76.044
1973-03-24,75.319496
1973-03-25,75.889
1973-03-26,74.0885
1973-03-27,75.595
1973-03-28,78.8665
1973-03-29,80.917
1973-03-30,81.441
1973-03-31,64.190994
1973-04-01,78.426
1973-04-02,66.389496
1973-04-03,67.361496
1973-04-04,84.759
1973-04-05,93.299995
1973-04-06,91.25056
1973-04-07,77.715996
1973-04-08,82.884
1973-04-09,76.9925
1973-04-10,53.6385
1973-04-11,69.122
1973-04-12,79.626
1973-04-13,80.472
1973-04-14,86.4085
1973-04-15,91.83222
1973-04-16,91.186874
1973-04-17,83.2495
1973-04-18,80.521
1973-04-19,75.861496
1973-04-20,72.887
1973-04-21,67.8045
1973-04-22,73.969
1973-04-23,70.0675
1973-04-24,87.05684
1973-04-25,92.4
1973-04-26,88.1265
1973-04-27,81.83632
1973-04-28,76.756996
1973-04-29,74.500496
1973-04-30,90.42389
1973-05-01,81.394
1973-05-02,72.083
1973-05-03,76.134
1973-05-04,73.373
1973-05-05,71.629
1973-05-06,67.2485
1973-05-07,82.645996
1973-05-08,75.1015
1973-05-09,74.2115
1973-05-10,88.426315
1973-05-11,87.5325
1973-05-12,79.145996
1973-05-13,87.554
1973-05-14,74.841995
1973-05-15,73.6855
1973-05-16,74.945496
1973-05-17,90.112
1973-05-18,75.0045
1973-05-19,76.656
1973-05-20,83.776
1973-05-21,79.3925
1973-05-22,69.4395
1973-05-23,71.5095
1973-05-24,74.7755
1973-05-25,76.0885
1973-05-26,85.1995
1973-05-27,90.63563
1973-05-28,88.663155
1973-05-29,72.5065
1973-05-30,72.113
1973-05-31,78.6625
1973-06-01,76.875496
1973-06-02,77.6145
1973-06-03,71.588
1973-06-04,84.851
1973-06-05,87.88579
1973-06-06,82.6885
1973-06-07,80.35421
1973-06-08,80.910995
1973-06-09,83.2125
1973-06-10,89.170555
1973-06-11,83.431
1973-06-12,79.461
1973-06-13,75.014
1973-06-14,71.464
1973-06-15,80.828
1973-06-16,81.965
1973-06-17,77.875496
1973-06-18,72.541
1973-06-19,85.0865
1973-06-20,88.9365
1973-06-21,83.3145
1973-06-22,83.104
1973-06-23,73.557
1973-06-24,83.8695
1973-06-25,88.41368
1973-06-26,79.7605
1973-06-27,70.443
1973-06-28,71.288
1973-06-29,72.6325
1973-06-30,86.2145
1973-07-01,90.023
1973-07-02,85.506
1973-07-03,81.5415
1973-07-04,89.61421
1973-07-05,88.8625
1973-07-06,85.1075
1973-07-07,81.6575
1973-07-08,82.3565
1973-07-09,88.27
1973-07-10,89.305
1973-07-11,92.29154
1973-07-12,90.93857
1973-07-13,83.5455
1973-07-14,84.5425
1973-07-15,82.0055
1973-07-16,77.1665
1973-07-17,77.372
1973-07-18,72.423996
1973-07-19,73.7135
1973-07-20,76.79
1973-07-21,74.1325
1973-07-22,80.433
1973-07-23,73.696
1973-07-24,78.918
1973-07-25,76.4535
1973-07-26,83.183
1973-07-27,87.71389
1973-07-28,84.5265
1973-07-29,81.5875
1973-07-30,82.967
1973-07-31,83.682
1973-08-01,77.069496
1973-08-02,75.8135
1973-08-03,73.492
1973-08-04,74.0385
1973-08-05,76.033
1973-08-06,72.6455
1973-08-07,65.028
1973-08-08,70.898
1973-08-09,69.935
1973-08-10,69.79
1973-08-11,73.755
1973-08-12,77.432495
1973-08-13,73.55
1973-08-14,83.994
1973-08-15,81.5935
1973-08-16,78.678
1973-08-17,76.82
1973-08-18,79.199
1973-08-19,78.8325
1973-08-20,78.957
1973-08-21,77.0885
1973-08-22,77.976
1973-08-23,84.914
1973-08-24,76.3685
1973-08-25,74.3985
1973-08-26,82.458
1973-08-27,90.29737
1973-08-28,77.285
1973-08-29,75.3965
1973-08-30,83.6165
1973-08-31,73.028496
1973-09-01,74.601
1973-09-02,80.1465
1973-09-03,79.1625
1973-09-04,73.1995
1973-09-05,73.682
1973-09-06,70.208496
1973-09-07,70.7765
1973-09-08,70.365
1973-09-09,70.0175
1973-09-10,70.831
1973-09-11,75.4375
1973-09-12,73.808
1973-09-13,70.826
1973-09-14,64.101
1973-09-15,67.432
1973-09-16,63.3645
1973-09-17,60.4585
1973-09-18,81.2745
1973-09-19,82.6975
1973-09-20,89.16316
1973-09-21,78.4875
1973-09-22,82.555
1973-09-23,76.979
1973-09-24,85.2485
1973-09-25,91.61875
1973-09-26,89.19611
1973-09-27,89.865
1973-09-28,91.881424
1973-09-29,89.880554
1973-09-30,83.4755
1973-10-01,89.456
1973-10-02,85.2585
1973-10-03,86.013
1973-10-04,81.557495
1973-10-05,72.8435
1973-10-06,72.3645
1973-10-07,73.7955
1973-10-08,65.169
1973-10-09,72.861496
1973-10-10,79.251
1973-10-11,69.5515
1973-10-12,75.265
1973-10-13,78.486
1973-10-14,81.1645
1973-10-15,77.5375
1973-10-16,76.905
1973-10-17,71.946495
1973-10-18,71.971
1973-10-19,69.373
1973-10-20,76.8765
1973-10-21,70.464
1973-10-22,86.915
1973-10-23,81.8055
1973-10-24,81.1615
1973-10-25,81.0765
1973-10-26,75.9085
1973-10-27,82.8395
1973-10-28,78.371
1973-10-29,77.4575
1973-10-30,78.33
1973-10-31,71.5735
1973-11-01,69.915
1973-11-02,65.984
1973-11-03,70.937
1973-11-04,69.4055
1973-11-05,67.6805
1973-11-06,68.7815
1973-11-07,77.076
1973-11-08,85.006
1973-11-09,88.170525
1973-11-10,90.13368
1973-11-11,83.83579
1973-11-12,90.61667
1973-11-13,84.34167
1973-11-14,81.7335
1973-11-15,74.36
1973-11-16,85.5465
1973-11-17,77.2845
1973-11-18,78.623
1973-11-19,66.3515
1973-11-20,68.976
1973-11-21,71.543
1973-11-22,65.0385
1973-11-23,68.359
1973-11-24,69.2845
1973-11-25,60.1825
1973-11-26,68.023
1973-11-27,87.10889
1973-11-28,90.274445
1973-11-29,79.597496
1973-11-30,83.3305
1973-12-01,76.69
1973-12-02,78.8975
1973-12-03,84.717
1973-12-04,80.5875
1973-12-05,89.8135
1973-12-06,80.2035
1973-12-07,79.2705
1973-12-08,81.2285
1973-12-09,81.5825
1973-12-10,78.584
1973-12-11,79.27
1973-12-12,80.823
1973-12-13,79.3925
1973-12-14,90.402664
1973-12-15,88.82833
1973-12-16,90.25053
1973-12-17,76.2415
1973-12-18,83.621
1973-12-19,84.701
1973-12-20,83.90842
1973-12-21,88.017334
1973-12-22,81.67333
1973-12-23,81.545296
1973-12-24,87.24333
1973-12-25,86.685
1973-12-26,84.281
1973-12-27,87.099
1973-12-28,89.164116
1973-12-29,88.413
1973-12-30,86.08063
1973-12-31,91.47875
1974-01-01,91.51357
1974-01-02,90.5179
1974-01-03,90.70778
1974-01-04,90.86
1974-01-05,90.74
1974-01-06,88.579475
1974-01-07,90.37235
1974-01-08,86.5855
1974-01-09,91.41722
1974-01-10,90.41889
1974-01-11,91.301056
1974-01-12,91.98538
1974-01-13,88.7625
1974-01-14,88.88842
1974-01-15,87.24778
1974-01-16,85.0635
1974-01-17,84.636665
1974-01-18,92.94727
1974-01-19,89.92667
1974-01-20,88.95571
1974-01-21,83.7755
1974-01-22,89.1315
1974-01-23,89.558945
1974-01-24,93.49625
1974-01-25,92.07333
1974-01-26,91.617775
1974-01-27,88.308
1974-01-28,93.559
1974-01-29,90.08615
1974-01-30,91.31143
1974-01-31,90.143684
1974-02-01,85.1621
1974-02-02,89.82389
1974-02-03,86.3
1974-02-04,89.375626
1974-02-05,92.03375
1974-02-06,86.461
1974-02-07,89.04125
1974-02-08,85.544
1974-02-09,76.687
1974-02-10,80.1845
1974-02-11,79.805
1974-02-12,80.207
1974-02-13,85.2905
1974-02-14,88.728
1974-02-15,88.5485
1974-02-16,88.003
1974-02-17,84.6125
1974-02-18,85.57588
1974-02-19,87.085
1974-02-20,93.09
1974-02-21,90.703
1974-02-22,90.77611
1974-02-23,83.76473
1974-02-24,88.049446
1974-02-25,87.39316
1974-02-26,84.520996
1974-02-27,83.225
1974-02-28,78.8495
1974-03-01,79.896996
1974-03-02,81.6805
1974-03-03,84.6225
1974-03-04,84.76421
1974-03-05,86.4425
1974-03-06,90.412224
1974-03-07,93.362
1974-03-08,90.4225
1974-03-09,88.73473
1974-03-10,87.691765
1974-03-11,88.383156
1974-03-12,80.932
1974-03-13,81.122
1974-03-14,78.9515
1974-03-15,89.2875
1974-03-16,84.31947
1974-03-17,78.4745
1974-03-18,65.6135
1974-03-19,63.9665
1974-03-20,65.4495
1974-03-21,59.5095
1974-03-22,67.118996
1974-03-23,68.534996
1974-03-24,70.005
1974-03-25,76.123
1974-03-26,73.897
1974-03-27,70.1495
1974-03-28,65.724
1974-03-29,66.993
1974-03-30,72.9235
1974-03-31,67.22
1974-04-01,72.1905
1974-04-02,66.072495
1974-04-03,63.4315
1974-04-04,68.631
1974-04-05,63.556
1974-04-06,68.933
1974-04-07,77.0645
1974-04-08,75.9105
1974-04-09,83.0905
1974-04-10,65.047
1974-04-11,53.650497
1974-04-12,56.4335
1974-04-13,70.031
1974-04-14,81.398
1974-04-15,87.5055
1974-04-16,86.60111
1974-04-17,86.35368
1974-04-18,86.81167
1974-04-19,83.389496
1974-04-20,79.441
1974-04-21,72.992
1974-04-22,82.3365
1974-04-23,77.1755
1974-04-24,72.6805
1974-04-25,81.77631
1974-04-26,85.4565
1974-04-27,72.7695
1974-04-28,79.6775
1974-04-29,71.1075
1974-04-30,71.131
1974-05-01,70.1985
1974-05-02,85.13778
1974-05-03,78.776
1974-05-04,62.44
1974-05-05,77.1505
1974-05-06,71.5315
1974-05-07,69.1625
1974-05-08,80.194
1974-05-09,80.238
1974-05-10,85.9035
1974-05-11,67.243996
1974-05-12,71.0635
1974-05-13,86.1425
1974-05-14,79.179
1974-05-15,87.899414
1974-05-16,90.11
1974-05-17,73.538
1974-05-18,79.249
1974-05-19,80.8975
1974-05-20,69.804
1974-05-21,74.6745
1974-05-22,79.421
1974-05-23,75.0995
1974-05-24,75.085495
1974-05-25,75.127495
1974-05-26,65.480995
1974-05-27,62.976997
1974-05-28,65.649
1974-05-29,68.972496
1974-05-30,75.8445
1974-05-31,67.128494
1974-06-01,79.8005
1974-06-02,89.1195
1974-06-03,86.56421
1974-06-04,79.379
1974-06-05,73.653496
1974-06-06,79.061
1974-06-07,89.5115
1974-06-08,75.27
1974-06-09,66.103
1974-06-10,79.821
1974-06-11,87.294
1974-06-12,76.9375
1974-06-13,72.4145
1974-06-14,77.8635
1974-06-15,76.095
1974-06-16,81.895
1974-06-17,83.2415
1974-06-18,76.0625
1974-06-19,76.952
1974-06-20,84.215
1974-06-21,75.070496
1974-06-22,75.3885
1974-06-23,70.3055
1974-06-24,74.5345
1974-06-25,79.3025
1974-06-26,72.5515
1974-06-27,66.5645
1974-06-28,73.7065
1974-06-29,75.6425
1974-06-30,83.1595
1974-07-01,71.1755
1974-07-02,71.921
1974-07-03,70.5665
1974-07-04,74.844
1974-07-05,71.2285
1974-07-06,71.1545
1974-07-07,80.126495
1974-07-08,77.09
1974-07-09,75.9015
1974-07-10,81.468
1974-07-11,72.9675
1974-07-12,68.7585
1974-07-13,65.996
1974-07-14,60.949497
1974-07-15,75.868
1974-07-16,76.2965
1974-07-17,72.0725
1974-07-18,70.9885
1974-07-19,77.558
1974-07-20,83.4835
1974-07-21,90.75584
1974-07-22,90.6525
1974-07-23,91.54
1974-07-24,78.1895
1974-07-25,80.284
1974-07-26,73.683
1974-07-27,66.875
1974-07-28,68.331
1974-07-29,69.262
1974-07-30,73.1835
1974-07-31,70.0115
1974-08-01,64.336
1974-08-02,69.326
1974-08-03,70.806
1974-08-04,72.633995
1974-08-05,74.7285
1974-08-06,75.3015
1974-08-07,75.27
1974-08-08,62.244
1974-08-09,65.427
1974-08-10,78.254
1974-08-11,72.5885
1974-08-12,79.368996
1974-08-13,80.8525
1974-08-14,72.2425
1974-08-15,70.3115
1974-08-16,71.7565
1974-08-17,76.64
1974-08-18,71.2135
1974-08-19,69.042496
1974-08-20,70.2025
1974-08-21,73.0045
1974-08-22,71.853
1974-08-23,79.852
1974-08-24,77.573
1974-08-25,71.235
1974-08-26,67.708496
1974-08-27,62.3535
1974-08-28,60.146
1974-08-29,65.49
1974-08-30,75.874
1974-08-31,75.1925
1974-09-01,66.214
1974-09-02,65.368996
1974-09-03,56.613
1974-09-04,68.479
1974-09-05,77.858
1974-09-06,79.097496
1974-09-07,67.612495
1974-09-08,76.498
1974-09-09,72.153
1974-09-10,66.719
1974-09-11,73.5305
1974-09-12,71.645996
1974-09-13,63.092
1974-09-14,72.583
1974-09-15,76.293
1974-09-16,78.156
1974-09-17,63.190998
1974-09-18,69.8695
1974-09-19,76.6605
1974-09-20,74.97
1974-09-21,74.736496
1974-09-22,76.141
1974-09-23,85.0615
1974-09-24,75.7015
1974-09-25,78.849
1974-09-26,82.133995
1974-09-27,79.389496
1974-09-28,70.346
1974-09-29,70.7845
1974-09-30,74.121
1974-10-01,90.44473
1974-10-02,80.187996
1974-10-03,77.72
1974-10-04,81.579
1974-10-05,83.306
1974-10-06,92.04933
1974-10-07,83.941
1974-10-08,81.626
1974-10-09,80.9055
1974-10-10,71.153
1974-10-11,70.6715
1974-10-12,69.247
1974-10-13,87.62
1974-10-14,89.8035
1974-10-15,88.0375
1974-10-16,76.995995
1974-10-17,77.804
1974-10-18,73.0125
1974-10-19,69.401
1974-10-20,72.126495
1974-10-21,80.69
1974-10-22,61.9515
1974-10-23,71.660995
1974-10-24,83.596
1974-10-25,80.462
1974-10-26,80.7415
1974-10-27,83.535995
1974-10-28,83.7035
1974-10-29,89.77294
1974-10-30,91.68143
1974-10-31,82.1645
1974-11-01,90.013336
1974-11-02,80.692
1974-11-03,78.256
1974-11-04,77.281
1974-11-05,77.506996
1974-11-06,85.545
1974-11-07,90.0175
1974-11-08,93.19334
1974-11-09,92.46667
1974-11-10,88.58765
1974-11-11,88.594
1974-11-12,89.10667
1974-11-13,92.347336
1974-11-14,88.58631
1974-11-15,91.280716
1974-11-16,89.918
1974-11-17,93.718
1974-11-18,92.305
1974-11-19,90.97706
1974-11-20,91.184166
1974-11-21,93.163574
1974-11-22,93.568
1974-11-23,92.30375
1974-11-24,88.552
1974-11-25,83.001
1974-11-26,93.475
1974-11-27,90.56263
1974-11-28,88.90263
1974-11-29,85.178
1974-11-30,89.43059
1974-12-01,86.141
1974-12-02,89.775
1974-12-03,92.69666
1974-12-04,90.54412
1974-12-05,85.239
1974-12-06,87.5425
1974-12-07,83.570496
1974-12-08,89.740715
1974-12-09,83.8515
1974-12-10,80.5795
1974-12-11,84.1925
1974-12-12,89.10333
1974-12-13,92.03091
1974-12-14,91.7
1974-12-15,
1974-12-16,92.28818
1974-12-17,90.705
1974-12-18,90.93
1974-12-19,87.0015
1974-12-20,91.08
1974-12-21,87.725555
1974-12-22,84.815
1974-12-23,85.23333
1974-12-24,87.71647
1974-12-25,90.310555
1974-12-26,91.79417
1974-12-27,91.01737
1974-12-28,93.039
1974-12-29,85.579
1974-12-30,83.25474
1974-12-31,91.25364
1975-01-01,86.44278
1975-01-02,92.11375
1975-01-03,92.88
1975-01-04,89.718
1975-01-05,88.1505
1975-01-06,82.7955
1975-01-07,82.082
1975-01-08,87.95684
1975-01-09,89.91579
1975-01-10,86.54
1975-01-11,85.196
1975-01-12,86.4905
1975-01-13,83.8845
1975-01-14,89.69231
1975-01-15,76.30333
1975-01-16,75.64056
1975-01-17,81.4765
1975-01-18,85.54
1975-01-19,83.7545
1975-01-20,90.30857
1975-01-21,91.05867
1975-01-22,93.21667
1975-01-23,83.303
1975-01-24,82.084
1975-01-25,87.62158
1975-01-26,89.657
1975-01-27,81.107
1975-01-28,81.8405
1975-01-29,92.15611
1975-01-30,91.46941
1975-01-31,91.14072
1975-02-01,86.993
1975-02-02,91.818665
1975-02-03,92.629166
1975-02-04,86.288
1975-02-05,83.127
1975-02-06,80.389
1975-02-07,77.081
1975-02-08,84.1715
1975-02-09,80.391
1975-02-10,74.458496
1975-02-11,67.4165
1975-02-12,70.56
1975-02-13,69.9705
1975-02-14,83.722
1975-02-15,80.034
1975-02-16,90.44833
1975-02-17,90.34389
1975-02-18,74.8655
1975-02-19,79.293
1975-02-20,86.4405
1975-02-21,85.3905
1975-02-22,78.4995
1975-02-23,78.132996
1975-02-24,80.446
1975-02-25,86.2965
1975-02-26,79.905
1975-02-27,77.557
1975-02-28,67.9055
1975-03-01,60.8665
1975-03-02,59.5225
1975-03-03,59.864
1975-03-04,68.806
1975-03-05,73.644
1975-03-06,68.473495
1975-03-07,70.471
1975-03-08,68.865
1975-03-09,68.9945
1975-03-10,73.985
1975-03-11,80.1365
1975-03-12,74.515
1975-03-13,74.2585
1975-03-14,81.0815
1975-03-15,77.645
1975-03-16,79.798
1975-03-17,84.9921
1975-03-18,76.8015
1975-03-19,76.7195
1975-03-20,81.604996
1975-03-21,88.213
1975-03-22,86.9565
1975-03-23,92.29
1975-03-24,89.149475
1975-03-25,87.25833
1975-03-26,80.443
1975-03-27,62.697998
1975-03-28,73.1485
1975-03-29,70.882996
1975-03-30,84.469475
1975-03-31,64.913
1975-04-01,80.825
1975-04-02,78.229
1975-04-03,76.308
1975-04-04,67.568
1975-04-05,65.499
1975-04-06,52.256
1975-04-07,62.532497
1975-04-08,69.2885
1975-04-09,58.1975
1975-04-10,65.6105
1975-04-11,77.2075
1975-04-12,67.3025
1975-04-13,67.070496
1975-04-14,61.503498
1975-04-15,59.8395
1975-04-16,63.5985
1975-04-17,85.384
1975-04-18,84.711
1975-04-19,76.3145
1975-04-20,73.159
1975-04-21,77.6125
1975-04-22,81.1745
1975-04-23,89.5405
1975-04-24,85.7245
1975-04-25,79.3545
1975-04-26,88.954
1975-04-27,91.045334
1975-04-28,85.95611
1975-04-29,76.145996
1975-04-30,74.722496
1975-05-01,86.2955
1975-05-02,94.71
1975-05-03,93.18
1975-05-04,91.24438
1975-05-05,83.8915
1975-05-06,81.0545
1975-05-07,78.7695
1975-05-08,77.061
1975-05-09,84.8865
1975-05-10,86.155
1975-05-11,72.9545
1975-05-12,79.8145
1975-05-13,80.8125
1975-05-14,85.076004
1975-05-15,86.9375
1975-05-16,80.443
1975-05-17,80.9805
1975-05-18,78.2825
1975-05-19,81.283
1975-05-20,80.6785
1975-05-21,78.569496
1975-05-22,79.111
1975-05-23,86.4405
1975-05-24,90.71555
1975-05-25,85.898
1975-05-26,83.1515
1975-05-27,83.086
1975-05-28,78.5915
1975-05-29,74.822
1975-05-30,74.082
1975-05-31,74.778496
1975-06-01,83.5715
1975-06-02,82.972496
1975-06-03,83.583
1975-06-04,87.375
1975-06-05,87.073685
1975-06-06,85.337
1975-06-07,94.047775
1975-06-08,88.83833
1975-06-09,80.844
1975-06-10,81.9495
1975-06-11,79.428
1975-06-12,74.4855
1975-06-13,79.157
1975-06-14,79.841995
1975-06-15,71.389496
1975-06-16,67.521996
1975-06-17,79.118
1975-06-18,87.9715
1975-06-19,83.964
1975-06-20,82.6
1975-06-21,85.053
1975-06-22,82.4905
1975-06-23,76.861496
1975-06-24,70.840996
1975-06-25,81.6585
1975-06-26,79.3985
1975-06-27,74.3695
1975-06-28,70.104996
1975-06-29,88.0455
1975-06-30,71.626495
1975-07-01,79.6665
1975-07-02,84.968
1975-07-03,81.184
1975-07-04,77.0525
1975-07-05,67.974
1975-07-06,76.2235
1975-07-07,81.236
1975-07-08,74.2465
1975-07-09,75.9285
1975-07-10,76.039
1975-07-11,70.5885
1975-07-12,77.655
1975-07-13,77.463
1975-07-14,76.1595
1975-07-15,74.281
1975-07-16,79.5535
1975-07-17,76.684
1975-07-18,77.249
1975-07-19,76.1475
1975-07-20,82.6665
1975-07-21,78.6585
1975-07-22,78.67
1975-07-23,78.112
1975-07-24,74.922
1975-07-25,84.8685
1975-07-26,84.587
1975-07-27,73.3005
1975-07-28,73.5815
1975-07-29,74.778496
1975-07-30,80.688
1975-07-31,83.842
1975-08-01,81.2035
1975-08-02,78.537
1975-08-03,82.9095
1975-08-04,85.255
1975-08-05,85.111
1975-08-06,86.5015
1975-08-07,87.3745
1975-08-08,87.704
1975-08-09,84.664
1975-08-10,79.8425
1975-08-11,78.771996
1975-08-12,76.635
1975-08-13,80.9235
1975-08-14,85.6375
1975-08-15,77.593994
1975-08-16,75.756996
1975-08-17,82.377
1975-08-18,79.543495
1975-08-19,87.55052
1975-08-20,83.977
1975-08-21,85.5285
1975-08-22,81.8355
1975-08-23,77.2465
1975-08-24,72.85
1975-08-25,74.6605
1975-08-26,71.1165
1975-08-27,90.032104
1975-08-28,80.4275
1975-08-29,76.5755
1975-08-30,81.132
1975-08-31,80.525
1975-09-01,77.46
1975-09-02,75.8245
1975-09-03,72.8305
1975-09-04,71.85
1975-09-05,78.0405
1975-09-06,82.6495
1975-09-07,73.631
1975-09-08,81.8175
1975-09-09,74.557
1975-09-10,72.624
1975-09-11,73.7615
1975-09-12,66.104
1975-09-13,85.2415
1975-09-14,73.978
1975-09-15,69.1775
1975-09-16,77.7445
1975-09-17,69.9485
1975-09-18,68.393
1975-09-19,70.534996
1975-09-20,75.7735
1975-09-21,77.726
1975-09-22,81.302
1975-09-23,80.645996
1975-09-24,76.9415
1975-09-25,76.6
1975-09-26,70.660995
1975-09-27,72.583
1975-09-28,70.523
1975-09-29,77.5115
1975-09-30,69.1345
1975-10-01,60.4025
1975-10-02,62.742
1975-10-03,76.417
1975-10-04,73.5135
1975-10-05,79.1905
1975-10-06,81.1915
1975-10-07,79.072
1975-10-08,78.186
1975-10-09,73.3855
1975-10-10,78.9905
1975-10-11,91.755
1975-10-12,91.28067
1975-10-13,84.5521
1975-10-14,85.0905
1975-10-15,81.163
1975-10-16,74.5025
1975-10-17,75.005
1975-10-18,87.05
1975-10-19,89.5715
1975-10-20,90.60412
1975-10-21,91.747055
1975-10-22,88.706665
1975-10-23,90.75647
1975-10-24,81.1245
1975-10-25,79.318
1975-10-26,81.95737
1975-10-27,79.0085
1975-10-28,76.1105
1975-10-29,81.4805
1975-10-30,75.7405
1975-10-31,78.638
1975-11-01,88.62526
1975-11-02,88.433334
1975-11-03,90.63722
1975-11-04,90.65611
1975-11-05,90.45
1975-11-06,87.246666
1975-11-07,84.977
1975-11-08,85.0615
1975-11-09,83.518
1975-11-10,88.7595
1975-11-11,94.40375
1975-11-12,92.183334
1975-11-13,87.832634
1975-11-14,84.11737
1975-11-15,80.4535
1975-11-16,87.0365
1975-11-17,89.418945
1975-11-18,82.4985
1975-11-19,86.8015
1975-11-20,90.86667
1975-11-21,88.0895
1975-11-22,90.167854
1975-11-23,90.0125
1975-11-24,91.33
1975-11-25,89.75611
1975-11-26,85.875496
1975-11-27,82.2805
1975-11-28,79.118
1975-11-29,88.6045
1975-11-30,89.654
1975-12-01,90.034
1975-12-02,86.111336
1975-12-03,86.8525
1975-12-04,91.51357
1975-12-05,88.59947
1975-12-06,83.701
1975-12-07,89.55111
1975-12-08,85.8385
1975-12-09,82.267
1975-12-10,84.0435
1975-12-11,86.19158
1975-12-12,86.6835
1975-12-13,84.775
1975-12-14,92.02
1975-12-15,90.615
1975-12-16,85.27944
1975-12-17,88.03526
1975-12-18,90.935
1975-12-19,87.82833
1975-12-20,89.80063
1975-12-21,90.64353
1975-12-22,89.18833
1975-12-23,90.16353
1975-12-24,89.40882
1975-12-25,91.273575
1975-12-26,88.097496
1975-12-27,89.212
1975-12-28,88.156845
1975-12-29,87.61278
1975-12-30,91.45812
1975-12-31,91.29429
1976-01-01,90.345
1976-01-02,86.4325
1976-01-03,81.5765
1976-01-04,84.354996
1976-01-05,77.9975
1976-01-06,72.7825
1976-01-07,87.506
1976-01-08,83.273
1976-01-09,81.403496
1976-01-10,81.0325
1976-01-11,82.8595
1976-01-12,83.536316
1976-01-13,74.9575
1976-01-14,75.71
1976-01-15,80.0685
1976-01-16,80.714
1976-01-17,85.56
1976-01-18,88.91526
1976-01-19,81.7565
1976-01-20,80.0045
1976-01-21,84.2655
1976-01-22,88.925
1976-01-23,82.152
1976-01-24,72.79
1976-01-25,84.998
1976-01-26,89.44765
1976-01-27,90.94611
1976-01-28,90.750626
1976-01-29,86.48353
1976-01-30,84.8745
1976-01-31,78.166
1976-02-01,91.72125
1976-02-02,90.3135
1976-02-03,92.325
1976-02-04,92.086
1976-02-05,93.57375
1976-02-06,91.083
1976-02-07,84.918495
1976-02-08,78.136
1976-02-09,80.556496
1976-02-10,84.38
1976-02-11,85.69632
1976-02-12,87.1445
1976-02-13,89.91333
1976-02-14,87.72353
1976-02-15,91.78667
1976-02-16,93.05666
1976-02-17,90.215
1976-02-18,87.446
1976-02-19,81.736
1976-02-20,83.0595
1976-02-21,88.001
1976-02-22,88.2
1976-02-23,87.97471
1976-02-24,83.186
1976-02-25,76.5265
1976-02-26,83.77789
1976-02-27,83.29421
1976-02-28,83.7965
1976-02-29,81.863
1976-03-01,74.793
1976-03-02,62.797497
1976-03-03,64.336
1976-03-04,82.856
1976-03-05,88.18842
1976-03-06,85.6095
1976-03-07,86.84
1976-03-08,82.616
1976-03-09,85.332
1976-03-10,92.18562
1976-03-11,89.7555
1976-03-12,88.35474
1976-03-13,84.878
1976-03-14,80.1815
1976-03-15,80.4275
1976-03-16,84.840004
1976-03-17,84.1225
1976-03-18,84.859
1976-03-19,88.1435
1976-03-20,85.403
1976-03-21,84.5065
1976-03-22,80.713
1976-03-23,68.1475
1976-03-24,78.909
1976-03-25,86.93933
1976-03-26,79.702995
1976-03-27,82.048
1976-03-28,80.183
1976-03-29,71.184
1976-03-30,64.64
1976-03-31,61.1105
1976-04-01,63.304
1976-04-02,58.98
1976-04-03,50.378
1976-04-04,52.562
1976-04-05,46.2945
1976-04-06,61.146
1976-04-07,59.4125
1976-04-08,81.207
1976-04-09,88.278336
1976-04-10,90.1585
1976-04-11,92.66286
1976-04-12,
1976-04-13,91.55
1976-04-14,87.375
1976-04-15,90.046844
1976-04-16,90.76846
1976-04-17,81.2775
1976-04-18,74.597496
1976-04-19,72.962
1976-04-20,73.5385
1976-04-21,70.974
1976-04-22,83.871
1976-04-23,81.1435
1976-04-24,70.806
1976-04-25,77.9145
1976-04-26,86.4921
1976-04-27,78.485
1976-04-28,70.284996
1976-04-29,86.962
1976-04-30,79.643
1976-05-01,83.473
1976-05-02,73.918
1976-05-03,86.218
1976-05-04,87.251114
1976-05-05,74.134
1976-05-06,63.382
1976-05-07,66.1385
1976-05-08,66.0825
1976-05-09,54.663498
1976-05-10,70.2575
1976-05-11,69.822
1976-05-12,69.104
1976-05-13,78.7
1976-05-14,79.393
1976-05-15,66.384995
1976-05-16,69.109
1976-05-17,65.5635
1976-05-18,63.4245
1976-05-19,66.0605
1976-05-20,68.776
1976-05-21,72.4905
1976-05-22,82.076996
1976-05-23,87.467
1976-05-24,83.356
1976-05-25,71.7355
1976-05-26,73.611
1976-05-27,77.338
1976-05-28,87.414
1976-05-29,75.299995
1976-05-30,73.647
1976-05-31,80.627
1976-06-01,80.3675
1976-06-02,73.2995
1976-06-03,80.001
1976-06-04,83.0865
1976-06-05,79.628
1976-06-06,82.6335
1976-06-07,82.99
1976-06-08,83.7155
1976-06-09,74.671
1976-06-10,69.653
1976-06-11,67.4905
1976-06-12,74.505
1976-06-13,70.414
1976-06-14,75.6215
1976-06-15,71.963
1976-06-16,75.077995
1976-06-17,83.6
1976-06-18,73.2285
1976-06-19,64.4775
1976-06-20,62.859497
1976-06-21,67.044
1976-06-22,66.5585
1976-06-23,72.95
1976-06-24,77.8585
1976-06-25,75.345
1976-06-26,77.169
1976-06-27,76.536995
1976-06-28,75.952995
1976-06-29,73.7255
1976-06-30,73.487495
1976-07-01,70.6775
1976-07-02,69.995
1976-07-03,67.428
1976-07-04,66.21
1976-07-05,68.808
1976-07-06,69.519
1976-07-07,72.63
1976-07-08,88.124
1976-07-09,82.1255
1976-07-10,78.832
1976-07-11,77.769
1976-07-12,68.2595
1976-07-13,73.5925
1976-07-14,71.469
1976-07-15,79.131
1976-07-16,77.4265
1976-07-17,76.6775
1976-07-18,80.235
1976-07-19,68.122
1976-07-20,68.743
1976-07-21,67.433
1976-07-22,72.2725
1976-07-23,79.386
1976-07-24,79.6225
1976-07-25,76.2315
1976-07-26,77.5435
1976-07-27,80.3675
1976-07-28,82.3415
1976-07-29,85.8885
1976-07-30,79.662
1976-07-31,71.3395
1976-08-01,77.973
1976-08-02,84.712
1976-08-03,81.4045
1976-08-04,80.656
1976-08-05,82.503
1976-08-06,89.2055
1976-08-07,79.718
1976-08-08,84.0175
1976-08-09,82.808
1976-08-10,76.5915
1976-08-11,86.0575
1976-08-12,79.698
1976-08-13,81.0665
1976-08-14,86.5235
1976-08-15,85.7305
1976-08-16,79.866
1976-08-17,83.083
1976-08-18,81.847
1976-08-19,82.375
1976-08-20,90.296425
1976-08-21,93.48182
1976-08-22,88.07579
1976-08-23,89.7125
1976-08-24,85.098495
1976-08-25,81.243
1976-08-26,80.9305
1976-08-27,78.299995
1976-08-28,75.3045
1976-08-29,80.9005
1976-08-30,78.173
1976-08-31,70.19
1976-09-01,81.091995
1976-09-02,88.3315
1976-09-03,79.4655
1976-09-04,83.5095
1976-09-05,90.99636
1976-09-06,77.5645
1976-09-07,80.7985
1976-09-08,82.1665
1976-09-09,73.069496
1976-09-10,74.82
1976-09-11,71.318
1976-09-12,73.486496
1976-09-13,73.681
1976-09-14,73.527
1976-09-15,79.1285
1976-09-16,78.8085
1976-09-17,82.3365
1976-09-18,82.624214
1976-09-19,92.09461
1976-09-20,93.106155
1976-09-21,86.288
1976-09-22,88.381996
1976-09-23,87.445
1976-09-24,83.2535
1976-09-25,86.3315
1976-09-26,83.5855
1976-09-27,76.766
1976-09-28,76.958
1976-09-29,86.197
1976-09-30,80.877
1976-10-01,86.2625
1976-10-02,92.26466
1976-10-03,90.344734
1976-10-04,85.287
1976-10-05,84.8645
1976-10-06,92.34529
1976-10-07,89.96235
1976-10-08,86.9845
1976-10-09,85.24105
1976-10-10,84.412
1976-10-11,85.6345
1976-10-12,83.51842
1976-10-13,80.1485
1976-10-14,84.923996
1976-10-15,93.235
1976-10-16,91.89236
1976-10-17,90.278336
1976-10-18,93.35667
1976-10-19,92.83429
1976-10-20,90.385
1976-10-21,91.4875
1976-10-22,93.03
1976-10-23,91.316666
1976-10-24,88.90667
1976-10-25,85.35474
1976-10-26,87.65941
1976-10-27,86.467896
1976-10-28,92.05
1976-10-29,88.944374
1976-10-30,86.75667
1976-10-31,86.695
1976-11-01,89.12667
1976-11-02,92.20563
1976-11-03,91.53077
1976-11-04,87.80067
1976-11-05,88.36278
1976-11-06,89.661766
1976-11-07,90.72889
1976-11-08,89.32883
1976-11-09,90.77182
1976-11-10,87.818886
1976-11-11,89.83818
1976-11-12,83.47945
1976-11-13,89.6075
1976-11-14,92.17643
1976-11-15,93.24
1976-11-16,92.84143
1976-11-17,90.10687
1976-11-18,93.0125
1976-11-19,93.24
1976-11-20,94.38333
1976-11-21,93.585
1976-11-22,
1976-11-23,87.3125
1976-11-24,88.3555
1976-11-25,90.914116
1976-11-26,90.41947
1976-11-27,86.93632
1976-11-28,89.14059
1976-11-29,90.80857
1976-11-30,90.71214
1976-12-01,90.802
1976-12-02,86.5655
1976-12-03,85.562
1976-12-04,90.14667
1976-12-05,91.987274
1976-12-06,93.435715
1976-12-07,88.94471
1976-12-08,91.905716
1976-12-09,83.6045
1976-12-10,87.69053
1976-12-11,90.63421
1976-12-12,90.22444
1976-12-13,91.33363
1976-12-14,89.55778
1976-12-15,90.59055
1976-12-16,91.25
1976-12-17,92.46307
1976-12-18,90.17333
1976-12-19,91.843636
1976-12-20,89.72938
1976-12-21,93.2725
1976-12-22,90.72278
1976-12-23,91.68
1976-12-24,91.43143
1976-12-25,89.41526
1976-12-26,82.786
1976-12-27,82.39737
1976-12-28,80.047
1976-12-29,83.463
1976-12-30,93.017
1976-12-31,86.878235
1977-01-01,88.256424
1977-01-02,91.19625
1977-01-03,82.7335
1977-01-04,80.226
1977-01-05,80.611496
1977-01-06,74.4245
1977-01-07,88.272
1977-01-08,88.99368
1977-01-09,91.17529
1977-01-10,86.954
1977-01-11,84.476
1977-01-12,86.927895
1977-01-13,91.6325
1977-01-14,90.85
1977-01-15,92.382225
1977-01-16,91.97818
1977-01-17,94.386665
1977-01-18,90.87572
1977-01-19,85.424736
1977-01-20,82.8395
1977-01-21,89.82875
1977-01-22,92.012856
1977-01-23,93.70333
1977-01-24,94.185
1977-01-25,94.71
1977-01-26,92.12
1977-01-27,94.22
1977-01-28,90.44055
1977-01-29,87.816315
1977-01-30,86.66588
1977-01-31,87.14733
1977-02-01,89.84055
1977-02-02,93.531
1977-02-03,92.9775
1977-02-04,89.21222
1977-02-05,85.181
1977-02-06,91.85125
1977-02-07,92.325
1977-02-08,91.498825
1977-02-09,89.87111
1977-02-10,85.13105
1977-02-11,91.33385
1977-02-12,85.34684
1977-02-13,89.902664
1977-02-14,91.577225
1977-02-15,87.096664
1977-02-16,90.73647
1977-02-17,91.932144
1977-02-18,89.74737
1977-02-19,83.6725
1977-02-20,83.9895
1977-02-21,80.8235
1977-02-22,87.7875
1977-02-23,83.18421
1977-02-24,77.0975
1977-02-25,81.291
1977-02-26,84.78
1977-02-27,82.25
1977-02-28,87.447
1977-03-01,88.11474
1977-03-02,87.2385
1977-03-03,88.98947
1977-03-04,89.19118
1977-03-05,80.6205
1977-03-06,72.6455
1977-03-07,78.9
1977-03-08,78.356995
1977-03-09,79.6205
1977-03-10,77.862
1977-03-11,76.49049
1977-03-12,75.969
1977-03-13,84.5255
1977-03-14,94.935
1977-03-15,95.16
1977-03-16,91.25445
1977-03-17,82.8325
1977-03-18,80.0495
1977-03-19,79.095
1977-03-20,81.1665
1977-03-21,79.062
1977-03-22,77.202995
1977-03-23,71.1135
1977-03-24,67.001
1977-03-25,71.3965
1977-03-26,79.824
1977-03-27,81.475
1977-03-28,74.161
1977-03-29,84.472
1977-03-30,91.91286
1977-03-31,92.11
1977-04-01,89.32667
1977-04-02,86.75
1977-04-03,85.7115
1977-04-04,81.214
1977-04-05,79.5255
1977-04-06,85.822
1977-04-07,72.872
1977-04-08,82.064735
1977-04-09,88.38944
1977-04-10,82.267
1977-04-11,81.632996
1977-04-12,81.5025
1977-04-13,76.274
1977-04-14,85.6045
1977-04-15,81.8095
1977-04-16,87.90611
1977-04-17,82.826996
1977-04-18,68.541
1977-04-19,69.656
1977-04-20,79.256996
1977-04-21,69.4155
1977-04-22,73.921
1977-04-23,77.895996
1977-04-24,71.106
1977-04-25,86.915
1977-04-26,79.043
1977-04-27,71.9705
1977-04-28,75.0825
1977-04-29,65.706
1977-04-30,62.601997
1977-05-01,64.0475
1977-05-02,60.575497
1977-05-03,55.337997
1977-05-04,60.535
1977-05-05,66.7995
1977-05-06,62.412
1977-05-07,73.736496
1977-05-08,84.4675
1977-05-09,85.1805
1977-05-10,85.881
1977-05-11,79.8835
1977-05-12,80.372
1977-05-13,75.0355
1977-05-14,59.3
1977-05-15,82.8545
1977-05-16,88.0565
1977-05-17,80.159996
1977-05-18,77.97
1977-05-19,73.636
1977-05-20,72.692
1977-05-21,74.771
1977-05-22,83.114
1977-05-23,85.397
1977-05-24,78.1995
1977-05-25,72.69
1977-05-26,73.833
1977-05-27,90.95944
1977-05-28,92.64167
1977-05-29,84.126
1977-05-30,81.01
1977-05-31,81.0235
1977-06-01,85.0995
1977-06-02,90.64687
1977-06-03,91.11429
1977-06-04,86.03
1977-06-05,80.821
1977-06-06,77.1495
1977-06-07,69.5375
1977-06-08,68.428
1977-06-09,72.428
1977-06-10,72.090996
1977-06-11,76.977
1977-06-12,80.5595
1977-06-13,79.1215
1977-06-14,79.6
1977-06-15,77.463
1977-06-16,83.0485
1977-06-17,82.3155
1977-06-18,83.4145
1977-06-19,79.626
1977-06-20,75.7295
1977-06-21,70.9375
1977-06-22,76.4135
1977-06-23,87.251
1977-06-24,82.245
1977-06-25,78.529
1977-06-26,78.8795
1977-06-27,86.38052
1977-06-28,82.648
1977-06-29,73.9755
1977-06-30,66.581
1977-07-01,89.5445
1977-07-02,81.7295
1977-07-03,72.5105
1977-07-04,73.251495
1977-07-05,78.317
1977-07-06,82.342995
1977-07-07,74.2215
1977-07-08,77.869
1977-07-09,75.7585
1977-07-10,74.8285
1977-07-11,79.944
1977-07-12,71.574
1977-07-13,72.594
1977-07-14,64.4625
1977-07-15,77.515495
1977-07-16,69.486
1977-07-17,80.148
1977-07-18,78.9
1977-07-19,78.3685
1977-07-20,75.873
1977-07-21,69.595
1977-07-22,80.029
1977-07-23,83.4595
1977-07-24,79.3145
1977-07-25,66.5275
1977-07-26,68.2755
1977-07-27,76.513
1977-07-28,73.5705
1977-07-29,74.974
1977-07-30,71.703
1977-07-31,79.4385
1977-08-01,67.417496
1977-08-02,73.6125
1977-08-03,72.183
1977-08-04,76.107
1977-08-05,71.744995
1977-08-06,75.8455
1977-08-07,78.005
1977-08-08,77.53
1977-08-09,66.852
1977-08-10,66.303
1977-08-11,72.238
1977-08-12,81.1795
1977-08-13,76.376
1977-08-14,81.268
1977-08-15,85.8675
1977-08-16,81.6865
1977-08-17,76.906
1977-08-18,75.895996
1977-08-19,74.295
1977-08-20,71.029
1977-08-21,73.9225
1977-08-22,61.7385
1977-08-23,64.0395
1977-08-24,87.0185
1977-08-25,78.1085
1977-08-26,76.2985
1977-08-27,70.752
1977-08-28,78.134
1977-08-29,80.1045
1977-08-30,74.224
1977-08-31,70.261
1977-09-01,74.8365
1977-09-02,72.218
1977-09-03,67.305
1977-09-04,66.139
1977-09-05,76.057495
1977-09-06,73.4115
1977-09-07,82.8495
1977-09-08,80.361
1977-09-09,78.145996
1977-09-10,82.7855
1977-09-11,80.1725
1977-09-12,80.2395
1977-09-13,82.3585
1977-09-14,83.652
1977-09-15,72.0205
1977-09-16,65.885
1977-09-17,73.215
1977-09-18,90.48316
1977-09-19,83.1595
1977-09-20,85.022995
1977-09-21,81.099
1977-09-22,77.1075
1977-09-23,84.179
1977-09-24,93.458
1977-09-25,75.9415
1977-09-26,69.1525
1977-09-27,72.7325
1977-09-28,72.987
1977-09-29,63.785
1977-09-30,72.845
1977-10-01,67.0275
1977-10-02,72.1155
1977-10-03,90.69
1977-10-04,84.2925
1977-10-05,71.461
1977-10-06,64.7345
1977-10-07,70.708
1977-10-08,73.139496
1977-10-09,79.3365
1977-10-10,79.946
1977-10-11,78.463
1977-10-12,81.378
1977-10-13,80.411
1977-10-14,82.84
1977-10-15,77.0595
1977-10-16,73.206
1977-10-17,68.7185
1977-10-18,74.338
1977-10-19,65.883
1977-10-20,63.753
1977-10-21,69.7125
1977-10-22,76.0665
1977-10-23,75.867
1977-10-24,77.903
1977-10-25,82.316
1977-10-26,89.41647
1977-10-27,86.2165
1977-10-28,83.1925
1977-10-29,87.825
1977-10-30,88.95579
1977-10-31,88.96611
1977-11-01,83.13105
1977-11-02,89.61357
1977-11-03,87.41947
1977-11-04,78.434
1977-11-05,76.945
1977-11-06,77.0745
1977-11-07,84.261
1977-11-08,90.21263
1977-11-09,89.2665
1977-11-10,78.8845
1977-11-11,78.8225
1977-11-12,75.3035
1977-11-13,69.794
1977-11-14,76.417
1977-11-15,72.761
1977-11-16,73.7485
1977-11-17,85.65
1977-11-18,88.523
1977-11-19,91.68176
1977-11-20,92.729
1977-11-21,87.9355
1977-11-22,89.21777
1977-11-23,90.93474
1977-11-24,87.537
1977-11-25,85.960556
1977-11-26,89.233154
1977-11-27,87.44357
1977-11-28,86.57125
1977-11-29,87.4235
1977-11-30,87.27937
1977-12-01,92.8923
1977-12-02,91.3975
1977-12-03,90.38923
1977-12-04,88.80556
1977-12-05,85.7305
1977-12-06,80.853
1977-12-07,91.25714
1977-12-08,88.62857
1977-12-09,93.25
1977-12-10,90.31
1977-12-11,88.774445
1977-12-12,83.1225
1977-12-13,84.24158
1977-12-14,87.814735
1977-12-15,90.51294
1977-12-16,90.72143
1977-12-17,88.72615
1977-12-18,87.998825
1977-12-19,90.2825
1977-12-20,92.48923
1977-12-21,90.23235
1977-12-22,89.994995
1977-12-23,90.317055
1977-12-24,88.579
1977-12-25,91.14438
1977-12-26,88.643684
1977-12-27,91.86125
1977-12-28,91.65
1977-12-29,91.76647
1977-12-30,90.625
1977-12-31,90.19454
1978-01-01,91.702225
1978-01-02,89.4295
1978-01-03,89.345
1978-01-04,90.13722
1978-01-05,88.41579
1978-01-06,87.930504
1978-01-07,89.42944
1978-01-08,90.457146
1978-01-09,88.22945
1978-01-10,84.599
1978-01-11,84.301
1978-01-12,84.3205
1978-01-13,86.89684
1978-01-14,92.29875
1978-01-15,90.094444
1978-01-16,86.69211
1978-01-17,79.4615
1978-01-18,89.12421
1978-01-19,92.234
1978-01-20,88.967896
1978-01-21,89.41
1978-01-22,92.39091
1978-01-23,92.04077
1978-01-24,92.33363
1978-01-25,92.97
1978-01-26,90.0595
1978-01-27,89.14526
1978-01-28,90.94067
1978-01-29,84.36737
1978-01-30,92.05231
1978-01-31,92.86273
1978-02-01,95.16
1978-02-02,93.47125
1978-02-03,94.24
1978-02-04,90.27571
1978-02-05,93.85
1978-02-06,94.71
1978-02-07,91.9675
1978-02-08,92.111664
1978-02-09,92.96
1978-02-10,93.045
1978-02-11,89.866875
1978-02-12,90.5
1978-02-13,90.85313
1978-02-14,93.61833
1978-02-15,90.57235
1978-02-16,87.828
1978-02-17,90.70177
1978-02-18,89.5075
1978-02-19,86.92579
1978-02-20,90.67727
1978-02-21,85.5875
1978-02-22,85.6715
1978-02-23,83.53316
1978-02-24,87.45526
1978-02-25,85.795555
1978-02-26,87.60333
1978-02-27,91.07857
1978-02-28,85.8215
1978-03-01,89.932304
1978-03-02,91.026
1978-03-03,92.53
1978-03-04,91.99
1978-03-05,90.85714
1978-03-06,93.652725
1978-03-07,91.07333
1978-03-08,91.58706
1978-03-09,89.075
1978-03-10,92.965836
1978-03-11,89.009445
1978-03-12,91.534
1978-03-13,86.579
1978-03-14,81.2805
1978-03-15,85.475555
1978-03-16,84.947
1978-03-17,71.812
1978-03-18,77.232
1978-03-19,83.74105
1978-03-20,84.96263
1978-03-21,88.00471
1978-03-22,92.948
1978-03-23,81.594
1978-03-24,83.123
1978-03-25,92.87857
1978-03-26,91.58375
1978-03-27,89.5205
1978-03-28,88.0485
1978-03-29,80.608
1978-03-30,71.199
1978-03-31,77.0105
1978-04-01,71.6765
1978-04-02,84.4165
1978-04-03,86.994736
1978-04-04,93.3375
1978-04-05,92.722725
1978-04-06,85.16105
1978-04-07,86.2385
1978-04-08,84.819
1978-04-09,83.5645
1978-04-10,72.5295
1978-04-11,75.7345
1978-04-12,73.982
1978-04-13,79.280495
1978-04-14,76.076
1978-04-15,74.125496
1978-04-16,88.164734
1978-04-17,90.12765
1978-04-18,86.344
1978-04-19,81.885
1978-04-20,71.593
1978-04-21,75.088
1978-04-22,85.253
1978-04-23,78.247
1978-04-24,71.8025
1978-04-25,65.1335
1978-04-26,84.459
1978-04-27,77.132996
1978-04-28,86.553
1978-04-29,79.1985
1978-04-30,82.145996
1978-05-01,77.1735
1978-05-02,78.254
1978-05-03,80.788
1978-05-04,66.459496
1978-05-05,67.581
1978-05-06,66.472
1978-05-07,72.2215
1978-05-08,89.708
1978-05-09,83.38421
1978-05-10,84.462
1978-05-11,87.532104
1978-05-12,85.857
1978-05-13,72.962
1978-05-14,72.61
1978-05-15,78.6915
1978-05-16,85.6265
1978-05-17,77.226
1978-05-18,77.909996
1978-05-19,75.3465
1978-05-20,71.7215
1978-05-21,72.5175
1978-05-22,70.1285
1978-05-23,70.548996
1978-05-24,76.178
1978-05-25,79.1185
1978-05-26,82.901
1978-05-27,88.85737
1978-05-28,91.27125
1978-05-29,90.95384
1978-05-30,88.04105
1978-05-31,82.219
1978-06-01,77.7955
1978-06-02,74.6185
1978-06-03,77.726
1978-06-04,73.111
1978-06-05,71.709496
1978-06-06,75.6405
1978-06-07,74.7705
1978-06-08,74.3405
1978-06-09,81.987495
1978-06-10,80.87
1978-06-11,81.319
1978-06-12,76.813995
1978-06-13,74.868996
1978-06-14,83.925
1978-06-15,89.3515
1978-06-16,88.0645
1978-06-17,81.9465
1978-06-18,73.213
1978-06-19,80.5995
1978-06-20,77.955
1978-06-21,77.672
1978-06-22,87.1855
1978-06-23,76.9925
1978-06-24,69.084496
1978-06-25,73.865
1978-06-26,81.513
1978-06-27,78.939
1978-06-28,88.90158
1978-06-29,91.32083
1978-06-30,88.282
1978-07-01,77.2545
1978-07-02,79.658
1978-07-03,73.516495
1978-07-04,67.5435
1978-07-05,60.224
1978-07-06,74.0195
1978-07-07,81.612
1978-07-08,77.548996
1978-07-09,76.4805
1978-07-10,77.722
1978-07-11,75.496
1978-07-12,73.01
1978-07-13,78.2125
1978-07-14,78.027
1978-07-15,82.0115
1978-07-16,86.5915
1978-07-17,77.6
1978-07-18,72.937
1978-07-19,74.4845
1978-07-20,74.65
1978-07-21,76.042496
1978-07-22,87.7895
1978-07-23,74.862495
1978-07-24,70.2945
1978-07-25,74.5035
1978-07-26,70.649
1978-07-27,68.417496
1978-07-28,66.6265
1978-07-29,73.750496
1978-07-30,70.93
1978-07-31,72.875496
1978-08-01,70.806
1978-08-02,67.297
1978-08-03,57.1885
1978-08-04,65.1925
1978-08-05,78.103
1978-08-06,75.4655
1978-08-07,62.6765
1978-08-08,60.2455
1978-08-09,64.471
1978-08-10,60.329
1978-08-11,72.6495
1978-08-12,83.1865
1978-08-13,78.036
1978-08-14,73.259995
1978-08-15,71.7355
1978-08-16,59.451
1978-08-17,63.906998
1978-08-18,73.766495
1978-08-19,70.465996
1978-08-20,76.0665
1978-08-21,78.329
1978-08-22,71.8385
1978-08-23,63.7905
1978-08-24,80.724
1978-08-25,75.875
1978-08-26,72.392
1978-08-27,72.3865
1978-08-28,73.4405
1978-08-29,76.646996
1978-08-30,70.6315
1978-08-31,88.66631
1978-09-01,76.3815
1978-09-02,73.369995
1978-09-03,74.153496
1978-09-04,73.418495
1978-09-05,69.9055
1978-09-06,69.7885
1978-09-07,83.071
1978-09-08,89.79875
1978-09-09,92.822
1978-09-10,86.91684
1978-09-11,85.8085
1978-09-12,76.5995
1978-09-13,91.813156
1978-09-14,84.4075
1978-09-15,85.5125
1978-09-16,83.023
1978-09-17,78.0275
1978-09-18,74.9055
1978-09-19,76.362
1978-09-20,83.178
1978-09-21,87.353
1978-09-22,77.681
1978-09-23,86.258
1978-09-24,82.847
1978-09-25,82.1425
1978-09-26,80.511
1978-09-27,85.50316
1978-09-28,87.54316
1978-09-29,83.89
1978-09-30,74.203995
1978-10-01,84.4845
1978-10-02,87.66947
1978-10-03,80.9355
1978-10-04,71.7015
1978-10-05,81.7865
1978-10-06,77.754
1978-10-07,80.728
1978-10-08,76.2415
1978-10-09,73.5645
1978-10-10,77.867
1978-10-11,77.3535
1978-10-12,75.908
1978-10-13,73.9245
1978-10-14,75.298
1978-10-15,76.2845
1978-10-16,75.4595
1978-10-17,71.711
1978-10-18,75.486
1978-10-19,82.7715
1978-10-20,92.09637
1978-10-21,89.68882
1978-10-22,78.5185
1978-10-23,76.031
1978-10-24,73.4935
1978-10-25,75.6515
1978-10-26,86.3635
1978-10-27,90.24333
1978-10-28,84.584
1978-10-29,85.614
1978-10-30,87.5145
1978-10-31,86.7685
1978-11-01,86.84778
1978-11-02,85.37684
1978-11-03,83.4945
1978-11-04,85.9745
1978-11-05,85.173
1978-11-06,86.69625
1978-11-07,87.49421
1978-11-08,87.37421
1978-11-09,88.02368
1978-11-10,86.32647
1978-11-11,88.35
1978-11-12,87.393684
1978-11-13,84.6879
1978-11-14,86.476
1978-11-15,80.792
1978-11-16,69.9935
1978-11-17,80.2985
1978-11-18,82.858
1978-11-19,80.5945
1978-11-20,75.262
1978-11-21,76.6775
1978-11-22,82.034996
1978-11-23,82.118
1978-11-24,83.953995
1978-11-25,78.766
1978-11-26,85.171
1978-11-27,79.759
1978-11-28,90.628944
1978-11-29,91.54667
1978-11-30,90.03555
1978-12-01,87.6935
1978-12-02,91.892944
1978-12-03,87.68737
1978-12-04,86.94
1978-12-05,89.48643
1978-12-06,89.6825
1978-12-07,84.6255
1978-12-08,84.695
1978-12-09,88.14263
1978-12-10,91.32833
1978-12-11,87.28111
1978-12-12,88.69692
1978-12-13,92.893
1978-12-14,92.265
1978-12-15,91.325386
1978-12-16,85.0695
1978-12-17,84.8085
1978-12-18,88.37071
1978-12-19,86.117226
1978-12-20,90.75154
1978-12-21,91.87572
1978-12-22,87.33945
1978-12-23,85.6285
1978-12-24,88.05937
1978-12-25,89.357056
1978-12-26,92.645
1978-12-27,90.60667
1978-12-28,82.529
1978-12-29,81.046
1978-12-30,77.765
1978-12-31,79.9065
1979-01-01,84.754
1979-01-02,90.25611
1979-01-03,90.64445
1979-01-04,83.8065
1979-01-05,90.90945
1979-01-06,82.3455
1979-01-07,84.8185
1979-01-08,83.75263
1979-01-09,77.8365
1979-01-10,84.9345
1979-01-11,90.01
1979-01-12,92.465836
1979-01-13,94.71
1979-01-14,91.277275
1979-01-15,91.65363
1979-01-16,92.70917
1979-01-17,94.174446
1979-01-18,93.475
1979-01-19,91.974
1979-01-20,90.71
1979-01-21,91.819
1979-01-22,91.57364
1979-01-23,90.414
1979-01-24,93.13
1979-01-25,
1979-01-26,93.24
1979-01-27,93.75
1979-01-28,89.97059
1979-01-29,91.86533
1979-01-30,89.998
1979-01-31,91.58308
1979-02-01,88.93875
1979-02-02,86.567
1979-02-03,86.9985
1979-02-04,91.61
1979-02-05,
1979-02-06,
1979-02-07,92.204285
1979-02-08,90.9853
1979-02-09,93.42364
1979-02-10,90.2
1979-02-11,93.54667
1979-02-12,93.90625
1979-02-13,87.799446
1979-02-14,93.206665
1979-02-15,93.799995
1979-02-16,
1979-02-17,91.028336
1979-02-18,92.21222
1979-02-19,90.575
1979-02-20,87.587776
1979-02-21,91.11692
1979-02-22,88.42563
1979-02-23,89.595
1979-02-24,90.39158
1979-02-25,91.258575
1979-02-26,86.841576
1979-02-27,88.36632
1979-02-28,82.7265
1979-03-01,87.15579
1979-03-02,85.5025
1979-03-03,87.4255
1979-03-04,86.9455
1979-03-05,89.1947
1979-03-06,90.210625
1979-03-07,86.1985
1979-03-08,87.395
1979-03-09,92.718124
1979-03-10,83.837
1979-03-11,84.177
1979-03-12,82.459
1979-03-13,80.38
1979-03-14,79.1365
1979-03-15,77.488495
1979-03-16,84.2265
1979-03-17,77.8285
1979-03-18,64.347496
1979-03-19,77.451996
1979-03-20,80.3845
1979-03-21,79.381996
1979-03-22,69.002
1979-03-23,89.67421
1979-03-24,79.158
1979-03-25,81.7295
1979-03-26,83.1365
1979-03-27,87.8295
1979-03-28,91.09857
1979-03-29,84.6235
1979-03-30,77.4855
1979-03-31,77.329
1979-04-01,79.256996
1979-04-02,92.590004
1979-04-03,91.225
1979-04-04,78.697
1979-04-05,79.613495
1979-04-06,80.507996
1979-04-07,85.438
1979-04-08,88.954445
1979-04-09,87.753
1979-04-10,80.287
1979-04-11,85.5585
1979-04-12,80.7125
1979-04-13,73.047
1979-04-14,68.034996
1979-04-15,67.262
1979-04-16,63.9925
1979-04-17,77.921
1979-04-18,90.45333
1979-04-19,83.645996
1979-04-20,75.960495
1979-04-21,80.472
1979-04-22,75.0405
1979-04-23,64.951
1979-04-24,59.9385
1979-04-25,43.881496
1979-04-26,70.973
1979-04-27,81.1435
1979-04-28,80.1625
1979-04-29,82.798996
1979-04-30,63.122997
1979-05-01,77.5515
1979-05-02,60.659
1979-05-03,74.924995
1979-05-04,72.8655
1979-05-05,64.839
1979-05-06,69.006996
1979-05-07,77.5095
1979-05-08,84.9635
1979-05-09,89.933
1979-05-10,85.3355
1979-05-11,88.675
1979-05-12,88.503075
1979-05-13,89.83632
1979-05-14,86.167
1979-05-15,75.960495
1979-05-16,79.6075
1979-05-17,77.24
1979-05-18,79.2255
1979-05-19,74.381996
1979-05-20,78.889496
1979-05-21,75.4
1979-05-22,71.285995
1979-05-23,72.4615
1979-05-24,81.069
1979-05-25,80.443
1979-05-26,80.165
1979-05-27,76.807
1979-05-28,78.728
1979-05-29,77.4255
1979-05-30,84.222496
1979-05-31,73.8235
1979-06-01,67.0735
1979-06-02,68.3575
1979-06-03,69.276
1979-06-04,64.6435
1979-06-05,68.4055
1979-06-06,64.879
1979-06-07,71.9155
1979-06-08,72.0075
1979-06-09,73.6685
1979-06-10,76.1515
1979-06-11,73.8115
1979-06-12,65.5175
1979-06-13,76.0115
1979-06-14,72.572
1979-06-15,77.2535
1979-06-16,79.6845
1979-06-17,78.872
1979-06-18,80.704
1979-06-19,84.153
1979-06-20,85.502
1979-06-21,86.7265
1979-06-22,84.5745
1979-06-23,84.305
1979-06-24,83.221
1979-06-25,76.261
1979-06-26,73.136
1979-06-27,77.445
1979-06-28,71.886
1979-06-29,79.7115
1979-06-30,76.097
1979-07-01,75.659
1979-07-02,78.879
1979-07-03,87.20895
1979-07-04,88.3555
1979-07-05,81.775
1979-07-06,79.596
1979-07-07,82.0905
1979-07-08,82.0345
1979-07-09,82.0655
1979-07-10,85.7585
1979-07-11,75.58
1979-07-12,67.0175
1979-07-13,71.7405
1979-07-14,79.8545
1979-07-15,85.1805
1979-07-16,85.72158
1979-07-17,82.2855
1979-07-18,83.7055
1979-07-19,74.51
1979-07-20,78.8445
1979-07-21,77.049995
1979-07-22,76.4265
1979-07-23,80.015
1979-07-24,86.5335
1979-07-25,80.7155
1979-07-26,73.468
1979-07-27,74.9805
1979-07-28,84.538
1979-07-29,71.9735
1979-07-30,74.457
1979-07-31,69.539
1979-08-01,71.6695
1979-08-02,71.092995
1979-08-03,68.635
1979-08-04,78.3625
1979-08-05,74.958496
1979-08-06,71.848495
1979-08-07,72.250496
1979-08-08,70.468
1979-08-09,63.288498
1979-08-10,77.3915
1979-08-11,87.1475
1979-08-12,93.113335
1979-08-13,90.6515
1979-08-14,86.756
1979-08-15,80.601
1979-08-16,86.206
1979-08-17,89.054
1979-08-18,90.04611
1979-08-19,86.88947
1979-08-20,82.861496
1979-08-21,84.35
1979-08-22,90.23611
1979-08-23,82.6125
1979-08-24,78.1965
1979-08-25,84.1135
1979-08-26,81.046
1979-08-27,86.71316
1979-08-28,77.759
1979-08-29,87.466
1979-08-30,82.9535
1979-08-31,80.2455
1979-09-01,78.539
1979-09-02,76.3925
1979-09-03,74.112
1979-09-04,71.958
1979-09-05,85.0175
1979-09-06,84.5145
1979-09-07,83.127
1979-09-08,83.1125
1979-09-09,76.818
1979-09-10,82.976
1979-09-11,81.514
1979-09-12,79.715
1979-09-13,78.2185
1979-09-14,76.4275
1979-09-15,81.2435
1979-09-16,82.157
1979-09-17,73.926994
1979-09-18,67.564
1979-09-19,68.3995
1979-09-20,68.0205
1979-09-21,71.8595
1979-09-22,70.198
1979-09-23,79.556496
1979-09-24,69.8725
1979-09-25,61.6555
1979-09-26,77.7445
1979-09-27,85.1735
1979-09-28,86.8715
1979-09-29,82.0415
1979-09-30,84.5635
1979-10-01,88.49684
1979-10-02,92.47539
1979-10-03,88.0645
1979-10-04,75.2225
1979-10-05,80.8425
1979-10-06,85.6579
1979-10-07,85.3835
1979-10-08,85.3085
1979-10-09,78.8905
1979-10-10,74.0385
1979-10-11,71.104
1979-10-12,72.7655
1979-10-13,76.784
1979-10-14,82.718
1979-10-15,80.9965
1979-10-16,83.6095
1979-10-17,82.4805
1979-10-18,91.15353
1979-10-19,88.62789
1979-10-20,88.9565
1979-10-21,84.7515
1979-10-22,87.03
1979-10-23,86.906
1979-10-24,88.3275
1979-10-25,86.20842
1979-10-26,78.5245
1979-10-27,81.979
1979-10-28,86.043
1979-10-29,90.528946
1979-10-30,93.625
1979-10-31,93.444
1979-11-01,93.47312
1979-11-02,91.682
1979-11-03,92.51846
1979-11-04,90.68
1979-11-05,89.62842
1979-11-06,
1979-11-07,92.312
1979-11-08,90.232
1979-11-09,84.961
1979-11-10,91.92
1979-11-11,91.569
1979-11-12,
1979-11-13,90.285
1979-11-14,84.2395
1979-11-15,75.958496
1979-11-16,83.8
1979-11-17,82.133
1979-11-18,85.5215
1979-11-19,90.962944
1979-11-20,93.8425
1979-11-21,93.494995
1979-11-22,93.19572
1979-11-23,93.22
1979-11-24,93.2975
1979-11-25,
1979-11-26,91.80625
1979-11-27,90.24412
1979-11-28,83.1645
1979-11-29,86.13177
1979-11-30,86.02385
1979-12-01,82.5935
1979-12-02,84.247
1979-12-03,89.26833
1979-12-04,89.943886
1979-12-05,84.65
1979-12-06,79.9575
1979-12-07,85.64278
1979-12-08,86.469444
1979-12-09,87.71
1979-12-10,79.6035
1979-12-11,83.30421
1979-12-12,87.28167
1979-12-13,81.1795
1979-12-14,74.2585
1979-12-15,85.754
1979-12-16,92.76666
1979-12-17,90.825714
1979-12-18,92.692
1979-12-19,89.207855
1979-12-20,87.296
1979-12-21,91.92333
1979-12-22,91.228
1979-12-23,89.35182
1979-12-24,88.919
1979-12-25,87.396
1979-12-26,88.0495
1979-12-27,91.151115
1979-12-28,81.893
1979-12-29,87.418945
1979-12-30,92.301
1979-12-31,90.93611
1980-01-01,90.049095
1980-01-02,87.33421
1980-01-03,92.617775
1980-01-04,91.21357
1980-01-05,86.9035
1980-01-06,86.531
1980-01-07,92.39867
1980-01-08,92.86
1980-01-09,93.35
1980-01-10,92.32429
1980-01-11,93.25625
1980-01-12,93.36363
1980-01-13,90.37846
1980-01-14,90.73647
1980-01-15,82.88
1980-01-16,90.35294
1980-01-17,93.066
1980-01-18,87.984375
1980-01-19,91.54143
1980-01-20,92.22923
1980-01-21,92.104004
1980-01-22,90.650665
1980-01-23,89.210526
1980-01-24,92.06177
1980-01-25,91.55091
1980-01-26,90.93769
1980-01-27,92.4925
1980-01-28,89.66882
1980-01-29,85.765785
1980-01-30,87.11611
1980-01-31,83.85421
1980-02-01,86.1575
1980-02-02,88.35526
1980-02-03,91.24083
1980-02-04,93.35
1980-02-05,91.07714
1980-02-06,94.24
1980-02-07,89.831665
1980-02-08,94.24
1980-02-09,92.854996
1980-02-10,93.13571
1980-02-11,92.7275
1980-02-12,94.475
1980-02-13,93.32
1980-02-14,91.38154
1980-02-15,92.30231
1980-02-16,88.186874
1980-02-17,91.04312
1980-02-18,91.32
1980-02-19,87.72176
1980-02-20,89.53375
1980-02-21,86.162224
1980-02-22,85.22222
1980-02-23,89.37666
1980-02-24,90.04466
1980-02-25,90.72833
1980-02-26,84.505264
1980-02-27,83.8445
1980-02-28,88.6175
1980-02-29,84.878
1980-03-01,91.511665
1980-03-02,88.9565
1980-03-03,85.78895
1980-03-04,89.71
1980-03-05,80.9265
1980-03-06,81.9055
1980-03-07,83.325
1980-03-08,93.104996
1980-03-09,92.022
1980-03-10,92.81555
1980-03-11,88.82125
1980-03-12,90.78764
1980-03-13,91.36467
1980-03-14,89.30666
1980-03-15,91.36266
1980-03-16,91.418
1980-03-17,91.50077
1980-03-18,81.732
1980-03-19,86.5755
1980-03-20,85.8155
1980-03-21,88.662
1980-03-22,90.47125
1980-03-23,90.856
1980-03-24,94.24
1980-03-25,91.54714
1980-03-26,91.281876
1980-03-27,92.858
1980-03-28,87.223
1980-03-29,84.3925
1980-03-30,88.0655
1980-03-31,84.765
1980-04-01,77.763
1980-04-02,78.846
1980-04-03,80.520996
1980-04-04,92.754616
1980-04-05,89.77778
1980-04-06,89.26947
1980-04-07,91.77842
1980-04-08,87.2535
1980-04-09,79.186
1980-04-10,85.6335
1980-04-11,87.1385
1980-04-12,83.303
1980-04-13,75.67
1980-04-14,66.45
1980-04-15,55.393997
1980-04-16,62.5965
1980-04-17,66.965
1980-04-18,63.385998
1980-04-19,73.9245
1980-04-20,67.196
1980-04-21,81.782
1980-04-22,85.426
1980-04-23,78.259
1980-04-24,72.955
1980-04-25,78.496
1980-04-26,82.34
1980-04-27,84.955
1980-04-28,82.53
1980-04-29,80.017
1980-04-30,69.363
1980-05-01,73.319496
1980-05-02,86.9425
1980-05-03,85.8585
1980-05-04,77.1055
1980-05-05,74.001
1980-05-06,86.9005
1980-05-07,80.506
1980-05-08,78.8395
1980-05-09,75.7245
1980-05-10,90.27875
1980-05-11,89.46526
1980-05-12,77.944
1980-05-13,73.69
1980-05-14,74.000496
1980-05-15,85.7925
1980-05-16,88.21
1980-05-17,86.142
1980-05-18,83.9325
1980-05-19,82.5335
1980-05-20,90.79625
1980-05-21,89.509476
1980-05-22,81.715
1980-05-23,79.0085
1980-05-24,85.7095
1980-05-25,82.6455
1980-05-26,71.7465
1980-05-27,73.6325
1980-05-28,72.9375
1980-05-29,82.598
1980-05-30,76.816
1980-05-31,79.606995
1980-06-01,68.5715
1980-06-02,84.195496
1980-06-03,79.4135
1980-06-04,80.374
1980-06-05,82.91389
1980-06-06,88.97
1980-06-07,87.4447
1980-06-08,84.1925
1980-06-09,81.173
1980-06-10,78.8605
1980-06-11,72.9995
1980-06-12,74.639
1980-06-13,70.25
1980-06-14,69.6065
1980-06-15,66.901
1980-06-16,72.587
1980-06-17,75.6255
1980-06-18,82.1875
1980-06-19,87.69737
1980-06-20,83.179
1980-06-21,76.986496
1980-06-22,69.0505
1980-06-23,68.112495
1980-06-24,65.8595
1980-06-25,75.196
1980-06-26,70.221
1980-06-27,78.1415
1980-06-28,77.5925
1980-06-29,66.7755
1980-06-30,78.868
1980-07-01,67.549995
1980-07-02,78.3835
1980-07-03,71.975
1980-07-04,83.967
1980-07-05,81.264496
1980-07-06,76.026
1980-07-07,73.0605
1980-07-08,63.787
1980-07-09,60.676
1980-07-10,61.1135
1980-07-11,67.802
1980-07-12,77.528496
1980-07-13,78.1805
1980-07-14,70.1375
1980-07-15,68.311
1980-07-16,70.175995
1980-07-17,80.244
1980-07-18,77.2725
1980-07-19,77.361496
1980-07-20,72.766495
1980-07-21,67.2285
1980-07-22,78.395996
1980-07-23,82.7285
1980-07-24,86.151
1980-07-25,85.4055
1980-07-26,83.6295
1980-07-27,76.742
1980-07-28,79.116
1980-07-29,84.356
1980-07-30,80.6635
1980-07-31,84.7135
1980-08-01,85.407
1980-08-02,78.9105
1980-08-03,75.125
1980-08-04,73.313995
1980-08-05,73.126
1980-08-06,75.969
1980-08-07,74.075
1980-08-08,65.988495
1980-08-09,77.350494
1980-08-10,76.096
1980-08-11,72.792496
1980-08-12,73.766
1980-08-13,86.2455
1980-08-14,86.9775
1980-08-15,83.8565
1980-08-16,79.7325
1980-08-17,78.4975
1980-08-18,90.78555
1980-08-19,83.037
1980-08-20,83.5005
1980-08-21,78.925995
1980-08-22,74.1325
1980-08-23,77.7995
1980-08-24,81.9655
1980-08-25,83.781
1980-08-26,76.829
1980-08-27,73.465
1980-08-28,74.6985
1980-08-29,73.723495
1980-08-30,73.645996
1980-08-31,76.9975
1980-09-01,83.11053
1980-09-02,87.368004
1980-09-03,80.775
1980-09-04,71.4
1980-09-05,71.101
1980-09-06,69.125496
1980-09-07,77.254
1980-09-08,71.3675
1980-09-09,76.1235
1980-09-10,75.637
1980-09-11,78.5725
1980-09-12,73.5665
1980-09-13,70.914
1980-09-14,71.43
1980-09-15,69.362495
1980-09-16,71.736
1980-09-17,71.32
1980-09-18,73.156
1980-09-19,67.6055
1980-09-20,66.0955
1980-09-21,64.765
1980-09-22,75.522
1980-09-23,71.143
1980-09-24,72.0085
1980-09-25,78.5665
1980-09-26,84.369
1980-09-27,82.6815
1980-09-28,81.4915
1980-09-29,83.701
1980-09-30,77.26
1980-10-01,84.9265
1980-10-02,82.732
1980-10-03,80.21
1980-10-04,76.174995
1980-10-05,75.687996
1980-10-06,74.419495
1980-10-07,71.526
1980-10-08,80.723495
1980-10-09,76.7595
1980-10-10,84.84947
1980-10-11,76.947
1980-10-12,66.0155
1980-10-13,81.307
1980-10-14,76.820496
1980-10-15,65.1885
1980-10-16,68.644
1980-10-17,73.817
1980-10-18,73.032
1980-10-19,89.62444
1980-10-20,91.58733
1980-10-21,92.170715
1980-10-22,81.834
1980-10-23,78.117
1980-10-24,75.556496
1980-10-25,77.556496
1980-10-26,87.706
1980-10-27,79.9705
1980-10-28,79.048996
1980-10-29,78.598495
1980-10-30,76.8245
1980-10-31,76.2485
1980-11-01,87.08
1980-11-02,90.151665
1980-11-03,93.73556
1980-11-04,93.67667
1980-11-05,93.833336
1980-11-06,92.18445
1980-11-07,93.08714
1980-11-08,79.681
1980-11-09,82.005
1980-11-10,89.685
1980-11-11,92.92934
1980-11-12,87.799
1980-11-13,88.977776
1980-11-14,89.42
1980-11-15,89.13052
1980-11-16,84.18421
1980-11-17,85.01
1980-11-18,84.5945
1980-11-19,85.045
1980-11-20,72.4295
1980-11-21,78.4335
1980-11-22,80.1325
1980-11-23,82.351
1980-11-24,79.125496
1980-11-25,73.284
1980-11-26,78.664
1980-11-27,80.5765
1980-11-28,90.11667
1980-11-29,81.465
1980-11-30,89.13588
1980-12-01,89.637856
1980-12-02,89.700584
1980-12-03,84.8145
1980-12-04,91.045
1980-12-05,87.0945
1980-12-06,75.637
1980-12-07,88.1515
1980-12-08,92.38533
1980-12-09,90.0755
1980-12-10,84.2285
1980-12-11,83.638336
1980-12-12,81.528
1980-12-13,86.48944
1980-12-14,85.775
1980-12-15,83.002
1980-12-16,86.412224
1980-12-17,86.80053
1980-12-18,91.006
1980-12-19,93.39
1980-12-20,89.913124
1980-12-21,92.4
1980-12-22,93.71
1980-12-23,93.015
1980-12-24,88.7355
1980-12-25,90.689415
1980-12-26,92.691666
1980-12-27,92.092
1980-12-28,93.123
1980-12-29,87.655
1980-12-30,91.11444
1980-12-31,86.1055
1981-01-01,82.64333
1981-01-02,84.335
1981-01-03,79.301
1981-01-04,76.308
1981-01-05,88.371666
1981-01-06,84.5765
1981-01-07,85.4215
1981-01-08,83.1845
1981-01-09,89.97667
1981-01-10,88.38263
1981-01-11,83.375496
1981-01-12,87.32632
1981-01-13,80.107
1981-01-14,90.54706
1981-01-15,85.821
1981-01-16,90.32643
1981-01-17,88.151665
1981-01-18,90.85562
1981-01-19,91.44
1981-01-20,89.70389
1981-01-21,91.02
1981-01-22,91.996666
1981-01-23,92.77286
1981-01-24,92.366
1981-01-25,92.70384
1981-01-26,89.121056
1981-01-27,85.434
1981-01-28,88.01632
1981-01-29,87.93072
1981-01-30,88.26059
1981-01-31,81.456314
1981-02-01,77.1775
1981-02-02,73.7555
1981-02-03,77.182495
1981-02-04,80.5075
1981-02-05,88.4121
1981-02-06,93.297
1981-02-07,87.817055
1981-02-08,90.52187
1981-02-09,82.095
1981-02-10,87.067
1981-02-11,81.5305
1981-02-12,85.0925
1981-02-13,88.63579
1981-02-14,90.36421
1981-02-15,86.4245
1981-02-16,88.676315
1981-02-17,88.30389
1981-02-18,88.117
1981-02-19,90.586
1981-02-20,85.9005
1981-02-21,81.598
1981-02-22,87.636
1981-02-23,87.423996
1981-02-24,80.312
1981-02-25,76.1495
1981-02-26,75.292
1981-02-27,85.27
1981-02-28,84.776
1981-03-01,83.295
1981-03-02,81.153
1981-03-03,84.95611
1981-03-04,89.15437
1981-03-05,87.5
1981-03-06,84.3385
1981-03-07,87.2055
1981-03-08,85.731
1981-03-09,84.7425
1981-03-10,78.945
1981-03-11,77.798
1981-03-12,72.3995
1981-03-13,90.015335
1981-03-14,92.33818
1981-03-15,83.8105
1981-03-16,87.575264
1981-03-17,81.486496
1981-03-18,85.5615
1981-03-19,90.88
1981-03-20,90.863335
1981-03-21,81.899
1981-03-22,78.6905
1981-03-23,76.5935
1981-03-24,78.46
1981-03-25,83.0015
1981-03-26,78.182495
1981-03-27,80.7485
1981-03-28,62.714
1981-03-29,71.777
1981-03-30,69.446
1981-03-31,63.503
1981-04-01,69.597496
1981-04-02,78.239
1981-04-03,77.616
1981-04-04,71.7205
1981-04-05,72.2725
1981-04-06,69.872
1981-04-07,62.3195
1981-04-08,60.121998
1981-04-09,56.601997
1981-04-10,76.002
1981-04-11,86.619
1981-04-12,70.4465
1981-04-13,63.329
1981-04-14,57.9895
1981-04-15,53.6735
1981-04-16,60.4255
1981-04-17,84.507996
1981-04-18,88.94929
1981-04-19,91.67875
1981-04-20,78.3835
1981-04-21,71.1585
1981-04-22,64.8795
1981-04-23,76.1965
1981-04-24,72.9335
1981-04-25,87.599
1981-04-26,81.709496
1981-04-27,84.415
1981-04-28,72.111496
1981-04-29,70.634
1981-04-30,75.6735
1981-05-01,69.426
1981-05-02,65.3945
1981-05-03,76.615
1981-05-04,82.7025
1981-05-05,90.210556
1981-05-06,90.101814
1981-05-07,90.854996
1981-05-08,91.016846
1981-05-09,81.395
1981-05-10,82.9905
1981-05-11,79.1795
1981-05-12,84.32158
1981-05-13,87.94947
1981-05-14,83.4065
1981-05-15,72.979996
1981-05-16,63.8135
1981-05-17,68.081
1981-05-18,66.708496
1981-05-19,65.0655
1981-05-20,68.687
1981-05-21,79.8825
1981-05-22,72.9145
1981-05-23,67.7745
1981-05-24,61.879498
1981-05-25,55.361
1981-05-26,56.892998
1981-05-27,56.541
1981-05-28,77.907
1981-05-29,82.1575
1981-05-30,76.193
1981-05-31,73.004
1981-06-01,71.9165
1981-06-02,67.705
1981-06-03,71.129
1981-06-04,70.4835
1981-06-05,69.701996
1981-06-06,71.9645
1981-06-07,73.335
1981-06-08,74.201996
1981-06-09,78.565
1981-06-10,81.071495
1981-06-11,85.899
1981-06-12,74.5365
1981-06-13,75.104
1981-06-14,72.857
1981-06-15,77.8585
1981-06-16,79.522995
1981-06-17,79.646996
1981-06-18,81.1005
1981-06-19,81.409
1981-06-20,77.491
1981-06-21,92.44462
1981-06-22,90.33466
1981-06-23,88.365555
1981-06-24,79.347
1981-06-25,71.070496
1981-06-26,70.951
1981-06-27,70.996
1981-06-28,69.7005
1981-06-29,70.175995
1981-06-30,72.665
1981-07-01,71.8275
1981-07-02,69.054
1981-07-03,61.641
1981-07-04,79.5275
1981-07-05,73.4895
1981-07-06,72.698
1981-07-07,77.7255
1981-07-08,77.729
1981-07-09,78.2005
1981-07-10,78.947
1981-07-11,81.4625
1981-07-12,74.698
1981-07-13,74.1185
1981-07-14,69.347496
1981-07-15,79.1025
1981-07-16,77.7735
1981-07-17,68.958496
1981-07-18,59.082
1981-07-19,54.670998
1981-07-20,71.4905
1981-07-21,75.6305
1981-07-22,71.3225
1981-07-23,61.532997
1981-07-24,57.2315
1981-07-25,60.477997
1981-07-26,71.631
1981-07-27,81.4335
1981-07-28,89.1579
1981-07-29,85.518
1981-07-30,79.487
1981-07-31,78.135
1981-08-01,70.5625
1981-08-02,70.7915
1981-08-03,69.712
1981-08-04,71.741
1981-08-05,70.0475
1981-08-06,63.1545
1981-08-07,65.029495
1981-08-08,62.246
1981-08-09,67.617
1981-08-10,68.065
1981-08-11,70.262
1981-08-12,75.2835
1981-08-13,77.8535
1981-08-14,72.8855
1981-08-15,78.1555
1981-08-16,70.399
1981-08-17,76.875496
1981-08-18,77.938995
1981-08-19,77.9095
1981-08-20,64.088
1981-08-21,61.986
1981-08-22,79.2575
1981-08-23,73.9955
1981-08-24,81.003
1981-08-25,88.048004
1981-08-26,76.721
1981-08-27,77.081
1981-08-28,79.2855
1981-08-29,71.644
1981-08-30,74.278496
1981-08-31,71.077995
1981-09-01,73.053
1981-09-02,79.736
1981-09-03,84.131996
1981-09-04,85.573
1981-09-05,78.374
1981-09-06,79.0125
1981-09-07,79.0625
1981-09-08,77.7885
1981-09-09,74.5875
1981-09-10,74.5945
1981-09-11,78.2
1981-09-12,84.578
1981-09-13,79.109
1981-09-14,77.575
1981-09-15,89.24722
1981-09-16,79.2475
1981-09-17,82.1845
1981-09-18,73.4925
1981-09-19,71.547
1981-09-20,79.0375
1981-09-21,73.9915
1981-09-22,72.964
1981-09-23,69.3175
1981-09-24,83.077995
1981-09-25,86.4185
1981-09-26,75.323
1981-09-27,82.5475
1981-09-28,79.592
1981-09-29,84.2055
1981-09-30,87.0125
1981-10-01,86.6715
1981-10-02,82.117
1981-10-03,71.923
1981-10-04,76.876
1981-10-05,73.008
1981-10-06,78.003
1981-10-07,81.405
1981-10-08,74.4505
1981-10-09,78.12
1981-10-10,79.894
1981-10-11,81.424995
1981-10-12,78.1895
1981-10-13,90.77889
1981-10-14,81.125
1981-10-15,78.8315
1981-10-16,81.1665
1981-10-17,78.6505
1981-10-18,81.7935
1981-10-19,82.351
1981-10-20,79.729
1981-10-21,76.656
1981-10-22,75.509
1981-10-23,80.3245
1981-10-24,90.92611
1981-10-25,88.423996
1981-10-26,79.755
1981-10-27,81.7135
1981-10-28,81.5815
1981-10-29,80.56
1981-10-30,73.918
1981-10-31,76.570496
1981-11-01,68.727
1981-11-02,70.856995
1981-11-03,55.151
1981-11-04,71.2665
1981-11-05,75.373
1981-11-06,81.7735
1981-11-07,81.981575
1981-11-08,86.979
1981-11-09,92.67
1981-11-10,91.127144
1981-11-11,83.8995
1981-11-12,85.813
1981-11-13,88.098946
1981-11-14,84.039474
1981-11-15,92.75285
1981-11-16,91.74
1981-11-17,88.566
1981-11-18,80.556496
1981-11-19,84.0885
1981-11-20,91.62062
1981-11-21,91.32176
1981-11-22,81.0325
1981-11-23,79.971
1981-11-24,80.9995
1981-11-25,69.4945
1981-11-26,83.0805
1981-11-27,87.602104
1981-11-28,85.411
1981-11-29,94.122
1981-11-30,91.40158
1981-12-01,88.61737
1981-12-02,93.40125
1981-12-03,88.708664
1981-12-04,91.645
1981-12-05,90.077644
1981-12-06,83.7145
1981-12-07,85.3665
1981-12-08,82.33947
1981-12-09,75.121
1981-12-10,85.531
1981-12-11,85.75
1981-12-12,90.734
1981-12-13,88.09947
1981-12-14,81.13052
1981-12-15,90.95722
1981-12-16,88.377365
1981-12-17,82.34421
1981-12-18,77.408
1981-12-19,84.6415
1981-12-20,90.50166
1981-12-21,86.72833
1981-12-22,82.83
1981-12-23,87.344
1981-12-24,90.02062
1981-12-25,91.57833
1981-12-26,93.49286
1981-12-27,93.35445
1981-12-28,91.52538
1981-12-29,89.8775
1981-12-30,91.61833
1981-12-31,84.4135
1982-01-01,87.76
1982-01-02,91.10294
1982-01-03,90.1675
1982-01-04,83.37947
1982-01-05,87.708
1982-01-06,86.05316
1982-01-07,85.888
1982-01-08,76.606995
1982-01-09,69.029
1982-01-10,78.0265
1982-01-11,83.34
1982-01-12,87.609
1982-01-13,86.599
1982-01-14,83.748
1982-01-15,85.072
1982-01-16,80.43158
1982-01-17,83.03895
1982-01-18,88.341995
1982-01-19,89.5125
1982-01-20,87.70533
1982-01-21,92.37625
1982-01-22,91.664
1982-01-23,90.02529
1982-01-24,90.238
1982-01-25,91.09294
1982-01-26,88.696
1982-01-27,88.5835
1982-01-28,93.994995
1982-01-29,90.06438
1982-01-30,87.73889
1982-01-31,89.32294
1982-02-01,87.1445
1982-02-02,91.01466
1982-02-03,90.077
1982-02-04,88.751114
1982-02-05,87.64389
1982-02-06,80.1415
1982-02-07,76.746
1982-02-08,82.244736
1982-02-09,89.101
1982-02-10,89.875
1982-02-11,85.972
1982-02-12,84.0165
1982-02-13,87.743126
1982-02-14,85.98579
1982-02-15,82.085
1982-02-16,86.54263
1982-02-17,88.6575
1982-02-18,88.2715
1982-02-19,89.48294
1982-02-20,88.92812
1982-02-21,88.20778
1982-02-22,84.914
1982-02-23,86.46316
1982-02-24,91.18533
1982-02-25,94.229996
1982-02-26,89.748886
1982-02-27,88.83466
1982-02-28,89.795456
1982-03-01,89.75389
1982-03-02,80.606
1982-03-03,91.00667
1982-03-04,90.47369
1982-03-05,90.67368
1982-03-06,91.08733
1982-03-07,76.9205
1982-03-08,75.716995
1982-03-09,77.2405
1982-03-10,74.944
1982-03-11,80.122
1982-03-12,91.068825
1982-03-13,87.247894
1982-03-14,91.36143
1982-03-15,94.71
1982-03-16,93.204
1982-03-17,93.20636
1982-03-18,90.48556
1982-03-19,90.75421
1982-03-20,92.1475
1982-03-21,90.86437
1982-03-22,85.639496
1982-03-23,82.4215
1982-03-24,79.106995
1982-03-25,81.28
1982-03-26,78.409996
1982-03-27,75.167496
1982-03-28,69.797
1982-03-29,71.262
1982-03-30,86.706
1982-03-31,84.194
1982-04-01,80.856
1982-04-02,63.6955
1982-04-03,68.5915
1982-04-04,76.756996
1982-04-05,69.4485
1982-04-06,59.9445
1982-04-07,66.1205
1982-04-08,59.504997
1982-04-09,65.621
1982-04-10,67.7765
1982-04-11,69.669
1982-04-12,77.238495
1982-04-13,71.193
1982-04-14,77.581
1982-04-15,80.860504
1982-04-16,93.23071
1982-04-17,89.0
1982-04-18,78.954
1982-04-19,78.437996
1982-04-20,81.6855
1982-04-21,89.787895
1982-04-22,86.5
1982-04-23,75.904495
1982-04-24,77.969
1982-04-25,63.835
1982-04-26,67.9635
1982-04-27,82.802
1982-04-28,86.192
1982-04-29,92.607056
1982-04-30,90.37
1982-05-01,53.9055
1982-05-02,75.4655
1982-05-03,64.289
1982-05-04,50.664
1982-05-05,54.479
1982-05-06,52.234997
1982-05-07,70.5395
1982-05-08,77.155
1982-05-09,76.548
1982-05-10,77.622
1982-05-11,68.194
1982-05-12,63.864998
1982-05-13,82.0995
1982-05-14,81.6195
1982-05-15,67.319
1982-05-16,64.188995
1982-05-17,66.9285
1982-05-18,62.656998
1982-05-19,59.368
1982-05-20,67.774
1982-05-21,70.3505
1982-05-22,78.193
1982-05-23,76.6635
1982-05-24,69.599
1982-05-25,84.0045
1982-05-26,79.070496
1982-05-27,81.5835
1982-05-28,71.8725
1982-05-29,77.548996
1982-05-30,76.8005
1982-05-31,62.7995
1982-06-01,72.320496
1982-06-02,70.5915
1982-06-03,70.5225
1982-06-04,59.392
1982-06-05,61.828
1982-06-06,65.2165
1982-06-07,71.182495
1982-06-08,76.281
1982-06-09,75.931
1982-06-10,76.020996
1982-06-11,67.19
1982-06-12,72.137
1982-06-13,81.3815
1982-06-14,85.47053
1982-06-15,68.7275
1982-06-16,67.543495
1982-06-17,75.2195
1982-06-18,70.923996
1982-06-19,80.9715
1982-06-20,83.4245
1982-06-21,78.6665
1982-06-22,82.668
1982-06-23,76.623
1982-06-24,73.2785
1982-06-25,75.287994
1982-06-26,67.0065
1982-06-27,67.8725
1982-06-28,78.1685
1982-06-29,75.0065
1982-06-30,79.3585
1982-07-01,72.908
1982-07-02,67.7255
1982-07-03,66.45
1982-07-04,69.471
1982-07-05,71.9535
1982-07-06,65.776
1982-07-07,85.457
1982-07-08,86.8515
1982-07-09,75.966995
1982-07-10,81.211
1982-07-11,90.0215
1982-07-12,87.5355
1982-07-13,89.823
1982-07-14,87.457504
1982-07-15,80.932
1982-07-16,76.1235
1982-07-17,82.6645
1982-07-18,73.022995
1982-07-19,75.912
1982-07-20,71.713
1982-07-21,73.951996
1982-07-22,77.921
1982-07-23,73.4955
1982-07-24,77.812
1982-07-25,73.273
1982-07-26,86.09789
1982-07-27,90.7421
1982-07-28,89.23063
1982-07-29,84.72
1982-07-30,79.5495
1982-07-31,72.409
1982-08-01,86.685
1982-08-02,84.997
1982-08-03,74.335495
1982-08-04,73.792
1982-08-05,81.3095
1982-08-06,85.519
1982-08-07,78.736
1982-08-08,79.779
1982-08-09,78.062996
1982-08-10,80.0665
1982-08-11,80.653496
1982-08-12,79.173996
1982-08-13,76.4405
1982-08-14,75.255
1982-08-15,76.537
1982-08-16,78.1435
1982-08-17,76.4535
1982-08-18,83.7515
1982-08-19,77.973495
1982-08-20,70.017
1982-08-21,76.9245
1982-08-22,87.27
1982-08-23,89.5205
1982-08-24,78.2635
1982-08-25,79.8375
1982-08-26,77.744995
1982-08-27,75.8595
1982-08-28,65.8585
1982-08-29,80.319496
1982-08-30,88.0555
1982-08-31,88.229
1982-09-01,84.9925
1982-09-02,81.737
1982-09-03,84.6005
1982-09-04,73.9785
1982-09-05,67.9405
1982-09-06,66.963
1982-09-07,73.71
1982-09-08,79.5675
1982-09-09,80.782
1982-09-10,79.181496
1982-09-11,79.6635
1982-09-12,87.7535
1982-09-13,82.365
1982-09-14,78.756996
1982-09-15,78.1925
1982-09-16,77.1575
1982-09-17,77.5735
1982-09-18,77.719
1982-09-19,74.611
1982-09-20,76.598495
1982-09-21,71.026
1982-09-22,74.613
1982-09-23,80.062
1982-09-24,86.5245
1982-09-25,78.064
1982-09-26,84.568
1982-09-27,77.976
1982-09-28,79.923
1982-09-29,80.348
1982-09-30,86.68053
1982-10-01,83.289
1982-10-02,80.123
1982-10-03,91.634705
1982-10-04,90.5985
1982-10-05,81.589
1982-10-06,76.178
1982-10-07,85.27368
1982-10-08,90.2325
1982-10-09,88.74611
1982-10-10,85.3965
1982-10-11,86.1545
1982-10-12,80.688995
1982-10-13,89.1155
1982-10-14,85.9105
1982-10-15,86.76632
1982-10-16,90.435
1982-10-17,84.936
1982-10-18,84.3215
1982-10-19,81.5815
1982-10-20,84.962
1982-10-21,84.308945
1982-10-22,85.51158
1982-10-23,76.712
1982-10-24,82.701996
1982-10-25,89.83437
1982-10-26,89.659996
1982-10-27,87.706314
1982-10-28,89.539444
1982-10-29,83.094
1982-10-30,79.147995
1982-10-31,85.6305
1982-11-01,87.034
1982-11-02,82.0475
1982-11-03,78.089
1982-11-04,80.1465
1982-11-05,83.2415
1982-11-06,78.8415
1982-11-07,76.2055
1982-11-08,71.764
1982-11-09,63.566998
1982-11-10,64.973
1982-11-11,72.399994
1982-11-12,84.697
1982-11-13,74.944
1982-11-14,73.7355
1982-11-15,91.78166
1982-11-16,92.20333
1982-11-17,92.85429
1982-11-18,92.40417
1982-11-19,91.708
1982-11-20,89.68867
1982-11-21,84.73368
1982-11-22,85.718
1982-11-23,90.75647
1982-11-24,90.68875
1982-11-25,91.93364
1982-11-26,91.83833
1982-11-27,91.386665
1982-11-28,89.3775
1982-11-29,89.256004
1982-11-30,92.88286
1982-12-01,88.965
1982-12-02,89.91944
1982-12-03,83.625786
1982-12-04,81.399
1982-12-05,83.0445
1982-12-06,78.6515
1982-12-07,80.099
1982-12-08,79.3015
1982-12-09,80.3955
1982-12-10,75.041
1982-12-11,88.99687
1982-12-12,92.12
1982-12-13,88.28263
1982-12-14,91.724
1982-12-15,89.702
1982-12-16,86.998886
1982-12-17,81.133
1982-12-18,76.1645
1982-12-19,88.73556
1982-12-20,91.56778
1982-12-21,89.57889
1982-12-22,89.70308
1982-12-23,86.35842
1982-12-24,91.71083
1982-12-25,92.604996
1982-12-26,92.51818
1982-12-27,90.20571
1982-12-28,86.873886
1982-12-29,88.48947
1982-12-30,86.07737
1982-12-31,86.947
1983-01-01,85.89647
1983-01-02,90.2325
1983-01-03,88.323685
1983-01-04,86.87684
1983-01-05,81.916
1983-01-06,85.662
1983-01-07,82.8975
1983-01-08,86.8105
1983-01-09,91.507774
1983-01-10,86.6925
1983-01-11,81.9965
1983-01-12,84.1885
1983-01-13,84.15263
1983-01-14,83.8595
1983-01-15,87.51895
1983-01-16,84.024
1983-01-17,84.161
1983-01-18,74.389
1983-01-19,66.2845
1983-01-20,86.301575
1983-01-21,82.329
1983-01-22,83.5065
1983-01-23,84.81684
1983-01-24,82.1015
1983-01-25,82.33789
1983-01-26,81.907
1983-01-27,84.9835
1983-01-28,67.416
1983-01-29,71.9645
1983-01-30,64.027
1983-01-31,77.6975
1983-02-01,76.4825
1983-02-02,75.7985
1983-02-03,90.34
1983-02-04,82.671
1983-02-05,83.875496
1983-02-06,80.3845
1983-02-07,75.736496
1983-02-08,88.683
1983-02-09,91.03357
1983-02-10,86.95412
1983-02-11,81.5515
1983-02-12,80.371
1983-02-13,79.5395
1983-02-14,78.8875
1983-02-15,90.039444
1983-02-16,92.69353
1983-02-17,84.2935
1983-02-18,86.8135
1983-02-19,84.9415
1983-02-20,80.576
1983-02-21,81.322
1983-02-22,78.3515
1983-02-23,85.8835
1983-02-24,82.3145
1983-02-25,80.7735
1983-02-26,71.237
1983-02-27,60.9865
1983-02-28,75.0735
1983-03-01,88.75
1983-03-02,87.50882
1983-03-03,76.339
1983-03-04,81.219475
1983-03-05,78.797
1983-03-06,77.640495
1983-03-07,63.471
1983-03-08,69.746
1983-03-09,58.7785
1983-03-10,57.029
1983-03-11,57.641
1983-03-12,64.800995
1983-03-13,72.195
1983-03-14,64.1205
1983-03-15,57.7445
1983-03-16,61.344498
1983-03-17,64.522995
1983-03-18,60.072
1983-03-19,74.354
1983-03-20,80.117
1983-03-21,74.4785
1983-03-22,66.6035
1983-03-23,63.151
1983-03-24,63.1335
1983-03-25,74.582
1983-03-26,79.739
1983-03-27,84.389
1983-03-28,76.4795
1983-03-29,63.3255
1983-03-30,68.3935
1983-03-31,73.9355
1983-04-01,78.928
1983-04-02,81.642
1983-04-03,70.173
1983-04-04,87.5995
1983-04-05,68.6925
1983-04-06,84.11
1983-04-07,66.9365
1983-04-08,64.735
1983-04-09,60.8495
1983-04-10,63.066498
1983-04-11,60.124
1983-04-12,52.191498
1983-04-13,79.186
1983-04-14,79.58
1983-04-15,82.432
1983-04-16,74.854996
1983-04-17,71.983
1983-04-18,70.802
1983-04-19,78.7995
1983-04-20,83.467
1983-04-21,74.5895
1983-04-22,80.8055
1983-04-23,75.8715
1983-04-24,75.779
1983-04-25,66.4575
1983-04-26,62.466
1983-04-27,68.9135
1983-04-28,66.2455
1983-04-29,75.374
1983-04-30,77.004
1983-05-01,66.7825
1983-05-02,76.222496
1983-05-03,70.2165
1983-05-04,60.746
1983-05-05,72.707
1983-05-06,66.8655
1983-05-07,70.008
1983-05-08,69.293
1983-05-09,65.415
1983-05-10,89.282104
1983-05-11,83.825
1983-05-12,76.2465
1983-05-13,65.9355
1983-05-14,63.525997
1983-05-15,58.975998
1983-05-16,61.275497
1983-05-17,67.5815
1983-05-18,74.4155
1983-05-19,73.8705
1983-05-20,68.877
1983-05-21,71.792
1983-05-22,69.214
1983-05-23,73.385
1983-05-24,79.2915
1983-05-25,64.8135
1983-05-26,70.506996
1983-05-27,74.153496
1983-05-28,76.4095
1983-05-29,79.946
1983-05-30,86.354
1983-05-31,75.705
1983-06-01,71.0095
1983-06-02,67.207
1983-06-03,68.119995
1983-06-04,64.976
1983-06-05,62.024998
1983-06-06,79.279
1983-06-07,86.643
1983-06-08,65.2345
1983-06-09,62.2915
1983-06-10,72.5935
1983-06-11,68.0065
1983-06-12,81.7295
1983-06-13,83.471
1983-06-14,83.205
1983-06-15,80.0815
1983-06-16,90.65833
1983-06-17,90.367
1983-06-18,91.13824
1983-06-19,83.6575
1983-06-20,83.142105
1983-06-21,76.925
1983-06-22,81.2945
1983-06-23,80.4205
1983-06-24,71.5865
1983-06-25,60.469997
1983-06-26,74.7615
1983-06-27,72.65
1983-06-28,77.658
1983-06-29,81.0505
1983-06-30,85.8805
1983-07-01,84.918
1983-07-02,83.832
1983-07-03,81.742
1983-07-04,80.227
1983-07-05,75.99049
1983-07-06,70.2565
1983-07-07,67.3635
1983-07-08,78.91
1983-07-09,86.279
1983-07-10,78.887
1983-07-11,85.698
1983-07-12,84.969
1983-07-13,85.1725
1983-07-14,82.367
1983-07-15,71.4435
1983-07-16,70.693
1983-07-17,76.9835
1983-07-18,75.646996
1983-07-19,74.011
1983-07-20,73.503494
1983-07-21,80.986496
1983-07-22,71.991
1983-07-23,74.888
1983-07-24,72.3225
1983-07-25,78.584496
1983-07-26,72.4615
1983-07-27,71.5855
1983-07-28,75.1805
1983-07-29,76.7425
1983-07-30,82.736496
1983-07-31,77.4765
1983-08-01,73.023
1983-08-02,71.999
1983-08-03,61.953
1983-08-04,80.668
1983-08-05,76.694496
1983-08-06,76.335
1983-08-07,78.8655
1983-08-08,78.459
1983-08-09,83.6215
1983-08-10,81.062996
1983-08-11,77.599
1983-08-12,73.444496
1983-08-13,71.9435
1983-08-14,84.213
1983-08-15,69.959496
1983-08-16,64.42
1983-08-17,64.0425
1983-08-18,73.583496
1983-08-19,70.185
1983-08-20,74.4435
1983-08-21,71.7375
1983-08-22,71.261
1983-08-23,70.8005
1983-08-24,71.9075
1983-08-25,75.3515
1983-08-26,75.116
1983-08-27,75.3055
1983-08-28,66.2905
1983-08-29,70.63
1983-08-30,78.697
1983-08-31,70.453995
1983-09-01,67.737
1983-09-02,69.1645
1983-09-03,55.087498
1983-09-04,79.8875
1983-09-05,80.821
1983-09-06,71.6405
1983-09-07,73.009
1983-09-08,69.82
1983-09-09,58.0235
1983-09-10,56.1485
1983-09-11,45.8555
1983-09-12,59.9685
1983-09-13,75.026
1983-09-14,67.994995
1983-09-15,61.4865
1983-09-16,55.07
1983-09-17,55.3255
1983-09-18,88.7845
1983-09-19,92.68267
1983-09-20,84.067
1983-09-21,80.444
1983-09-22,72.877
1983-09-23,67.895996
1983-09-24,70.52
1983-09-25,67.989
1983-09-26,82.9905
1983-09-27,80.9925
1983-09-28,75.125
1983-09-29,72.7985
1983-09-30,76.525
1983-10-01,79.6475
1983-10-02,76.1
1983-10-03,69.869995
1983-10-04,79.3325
1983-10-05,74.925
1983-10-06,75.833496
1983-10-07,61.9375
1983-10-08,69.6725
1983-10-09,76.267
1983-10-10,62.553497
1983-10-11,61.149998
1983-10-12,80.7655
1983-10-13,71.5555
1983-10-14,67.9895
1983-10-15,66.1145
1983-10-16,66.2445
1983-10-17,66.4905
1983-10-18,91.35105
1983-10-19,83.6125
1983-10-20,77.208496
1983-10-21,80.629
1983-10-22,78.9635
1983-10-23,78.908
1983-10-24,71.544495
1983-10-25,90.16842
1983-10-26,84.0125
1983-10-27,81.468
1983-10-28,78.4415
1983-10-29,86.89445
1983-10-30,87.149
1983-10-31,83.659
1983-11-01,90.748825
1983-11-02,87.1835
1983-11-03,85.8065
1983-11-04,78.4525
1983-11-05,88.62312
1983-11-06,85.267
1983-11-07,86.549
1983-11-08,89.73473
1983-11-09,88.03154
1983-11-10,88.17737
1983-11-11,86.29737
1983-11-12,73.834496
1983-11-13,74.1085
1983-11-14,82.2975
1983-11-15,87.32421
1983-11-16,81.974
1983-11-17,79.534
1983-11-18,85.252106
1983-11-19,88.6035
1983-11-20,85.733154
1983-11-21,82.9415
1983-11-22,85.374
1983-11-23,80.6705
1983-11-24,78.8165
1983-11-25,78.0685
1983-11-26,76.87421
1983-11-27,83.2125
1983-11-28,85.54467
1983-11-29,86.162
1983-11-30,84.301
1983-12-01,86.02105
1983-12-02,87.89083
1983-12-03,90.174286
1983-12-04,90.184
1983-12-05,86.82235
1983-12-06,88.33923
1983-12-07,91.365
1983-12-08,90.93286
1983-12-09,91.884285
1983-12-10,89.780716
1983-12-11,91.35
1983-12-12,90.262726
1983-12-13,82.1095
1983-12-14,88.36895
1983-12-15,88.495
1983-12-16,85.21111
1983-12-17,87.39526
1983-12-18,89.20533
1983-12-19,88.465
1983-12-20,84.452
1983-12-21,91.526474
1983-12-22,89.64667
1983-12-23,91.295
1983-12-24,92.23889
1983-12-25,83.116425
1983-12-26,84.44631
1983-12-27,91.98545
1983-12-28,86.013
1983-12-29,78.029
1983-12-30,84.7905
1983-12-31,82.923996
1984-01-01,75.96
1984-01-02,70.3345
1984-01-03,76.031
1984-01-04,78.863
1984-01-05,89.2605
1984-01-06,93.53667
1984-01-07,93.486
1984-01-08,92.83091
1984-01-09,90.57857
1984-01-10,91.59067
1984-01-11,92.01417
1984-01-12,90.92117
1984-01-13,91.788185
1984-01-14,88.83611
1984-01-15,84.7405
1984-01-16,90.6625
1984-01-17,83.972
1984-01-18,82.3315
1984-01-19,81.518
1984-01-20,83.22882
1984-01-21,88.21611
1984-01-22,85.24895
1984-01-23,90.13167
1984-01-24,92.49154
1984-01-25,91.84286
1984-01-26,92.886665
1984-01-27,89.7877
1984-01-28,92.11616
1984-01-29,89.69842
1984-01-30,91.36933
1984-01-31,88.33813
1984-02-01,92.129166
1984-02-02,89.468
1984-02-03,91.20438
1984-02-04,93.08375
1984-02-05,93.00625
1984-02-06,92.82667
1984-02-07,86.557
1984-02-08,86.131
1984-02-09,92.9875
1984-02-10,92.08
1984-02-11,89.79063
1984-02-12,87.41368
1984-02-13,84.678
1984-02-14,89.685
1984-02-15,87.8715
1984-02-16,86.706
1984-02-17,85.462
1984-02-18,91.60812
1984-02-19,91.52
1984-02-20,89.33948
1984-02-21,92.89
1984-02-22,87.77947
1984-02-23,89.58059
1984-02-24,89.91
1984-02-25,88.86412
1984-02-26,90.056114
1984-02-27,87.5675
1984-02-28,92.63857
1984-02-29,91.605
1984-03-01,92.600525
1984-03-02,92.47
1984-03-03,93.07375
1984-03-04,91.60833
1984-03-05,93.494995
1984-03-06,93.75
1984-03-07,
1984-03-08,91.4925
1984-03-09,90.273125
1984-03-10,94.71
1984-03-11,93.1975
1984-03-12,91.29938
1984-03-13,92.48722
1984-03-14,93.735
1984-03-15,88.94334
1984-03-16,88.51444
1984-03-17,89.077
1984-03-18,80.922
1984-03-19,88.7995
1984-03-20,80.918
1984-03-21,71.505
1984-03-22,91.3225
1984-03-23,92.76
1984-03-24,91.257774
1984-03-25,83.967
1984-03-26,78.47
1984-03-27,90.97611
1984-03-28,71.22
1984-03-29,65.2685
1984-03-30,72.019
1984-03-31,84.966
1984-04-01,68.986496
1984-04-02,55.861
1984-04-03,69.79
1984-04-04,83.027
1984-04-05,85.1935
1984-04-06,70.986
1984-04-07,84.79
1984-04-08,90.527336
1984-04-09,88.52
1984-04-10,89.515
1984-04-11,85.284996
1984-04-12,82.5855
1984-04-13,90.96647
1984-04-14,89.03158
1984-04-15,73.193
1984-04-16,60.784
1984-04-17,61.3625
1984-04-18,87.154
1984-04-19,87.395996
1984-04-20,65.6625
1984-04-21,73.19
1984-04-22,77.0895
1984-04-23,73.847
1984-04-24,84.723
1984-04-25,81.79
1984-04-26,82.4715
1984-04-27,90.56833
1984-04-28,82.099
1984-04-29,79.499
1984-04-30,72.6155
1984-05-01,72.6575
1984-05-02,82.477
1984-05-03,80.4275
1984-05-04,65.0955
1984-05-05,62.575
1984-05-06,69.396996
1984-05-07,63.470497
1984-05-08,77.922
1984-05-09,81.029495
1984-05-10,86.0135
1984-05-11,85.93842
1984-05-12,90.63937
1984-05-13,86.765625
1984-05-14,88.80333
1984-05-15,68.809
1984-05-16,65.5
1984-05-17,67.304
1984-05-18,66.458
1984-05-19,62.9035
1984-05-20,63.682
1984-05-21,67.6415
1984-05-22,67.3865
1984-05-23,72.6305
1984-05-24,75.315
1984-05-25,71.75
1984-05-26,78.2395
1984-05-27,72.447
1984-05-28,72.2285
1984-05-29,78.5335
1984-05-30,77.7985
1984-05-31,70.208
1984-06-01,83.9215
1984-06-02,77.79
1984-06-03,70.818
1984-06-04,75.347
1984-06-05,68.4515
1984-06-06,61.17
1984-06-07,70.0605
1984-06-08,81.0165
1984-06-09,79.134
1984-06-10,76.22
1984-06-11,72.316
1984-06-12,83.725
1984-06-13,74.520996
1984-06-14,73.6055
1984-06-15,76.741
1984-06-16,81.812
1984-06-17,77.4805
1984-06-18,79.834496
1984-06-19,75.6985
1984-06-20,71.8785
1984-06-21,64.3245
1984-06-22,80.843
1984-06-23,85.2345
1984-06-24,79.581
1984-06-25,85.991
1984-06-26,76.896996
1984-06-27,71.041
1984-06-28,61.392498
1984-06-29,77.177
1984-06-30,75.15
1984-07-01,69.4525
1984-07-02,68.4375
1984-07-03,76.215996
1984-07-04,82.4345
1984-07-05,71.463
1984-07-06,76.849
1984-07-07,82.478
1984-07-08,84.14
1984-07-09,75.278
1984-07-10,70.3275
1984-07-11,64.258
1984-07-12,60.732
1984-07-13,68.235
1984-07-14,73.750496
1984-07-15,64.0255
1984-07-16,68.808
1984-07-17,70.3865
1984-07-18,81.2475
1984-07-19,75.6355
1984-07-20,74.3675
1984-07-21,75.612495
1984-07-22,75.293
1984-07-23,66.132
1984-07-24,70.494995
1984-07-25,73.892
1984-07-26,75.92
1984-07-27,89.83369
1984-07-28,86.1515
1984-07-29,76.5525
1984-07-30,75.6605
1984-07-31,70.057
1984-08-01,69.68
1984-08-02,77.840996
1984-08-03,82.043
1984-08-04,76.9185
1984-08-05,73.0515
1984-08-06,73.465
1984-08-07,66.507996
1984-08-08,72.579
1984-08-09,69.95
1984-08-10,63.206497
1984-08-11,68.417
1984-08-12,75.5515
1984-08-13,81.410995
1984-08-14,78.5125
1984-08-15,75.6275
1984-08-16,77.864
1984-08-17,81.768
1984-08-18,81.7935
1984-08-19,80.947495
1984-08-20,80.2685
1984-08-21,86.6375
1984-08-22,84.2895
1984-08-23,76.4965
1984-08-24,67.827995
1984-08-25,85.008
1984-08-26,88.0921
1984-08-27,85.8735
1984-08-28,82.102
1984-08-29,76.735
1984-08-30,71.2575
1984-08-31,74.7035
1984-09-01,75.0255
1984-09-02,74.4745
1984-09-03,77.6515
1984-09-04,69.976
1984-09-05,65.3215
1984-09-06,69.602
1984-09-07,69.965996
1984-09-08,78.9795
1984-09-09,76.381996
1984-09-10,70.972
1984-09-11,84.2715
1984-09-12,74.162
1984-09-13,63.9605
1984-09-14,68.348
1984-09-15,69.127
1984-09-16,81.2165
1984-09-17,81.339
1984-09-18,87.4065
1984-09-19,78.6765
1984-09-20,76.866
1984-09-21,84.2495
1984-09-22,82.5615
1984-09-23,73.0965
1984-09-24,69.725
1984-09-25,81.3835
1984-09-26,84.841
1984-09-27,79.222496
1984-09-28,75.6295
1984-09-29,72.631996
1984-09-30,74.0915
1984-10-01,71.8545
1984-10-02,84.5335
1984-10-03,75.7995
1984-10-04,78.5945
1984-10-05,64.4235
1984-10-06,66.937996
1984-10-07,78.806
1984-10-08,83.975
1984-10-09,74.7015
1984-10-10,75.167
1984-10-11,75.4155
1984-10-12,81.941
1984-10-13,82.029
1984-10-14,74.639496
1984-10-15,70.1575
1984-10-16,77.163
1984-10-17,83.482
1984-10-18,70.741
1984-10-19,65.8285
1984-10-20,69.0085
1984-10-21,74.5485
1984-10-22,76.923996
1984-10-23,74.038
1984-10-24,78.77
1984-10-25,75.907
1984-10-26,80.0655
1984-10-27,85.0355
1984-10-28,82.6295
1984-10-29,90.89158
1984-10-30,83.4135
1984-10-31,85.061
1984-11-01,87.31263
1984-11-02,87.05187
1984-11-03,85.8045
1984-11-04,88.205
1984-11-05,87.47421
1984-11-06,89.49588
1984-11-07,90.50236
1984-11-08,91.693
1984-11-09,92.384
1984-11-10,91.81917
1984-11-11,89.98473
1984-11-12,85.0385
1984-11-13,79.81895
1984-11-14,75.9425
1984-11-15,83.3265
1984-11-16,90.953575
1984-11-17,90.92308
1984-11-18,91.560905
1984-11-19,92.16
1984-11-20,94.38333
1984-11-21,93.572495
1984-11-22,91.62538
1984-11-23,86.87222
1984-11-24,78.0155
1984-11-25,74.9885
1984-11-26,84.708
1984-11-27,89.3575
1984-11-28,88.333
1984-11-29,80.8355
1984-11-30,83.104
1984-12-01,80.7635
1984-12-02,83.413155
1984-12-03,85.7795
1984-12-04,82.7435
1984-12-05,84.324
1984-12-06,89.56077
1984-12-07,87.77
1984-12-08,89.62688
1984-12-09,88.50053
1984-12-10,85.95588
1984-12-11,86.700554
1984-12-12,87.52062
1984-12-13,86.475555
1984-12-14,84.33474
1984-12-15,90.03846
1984-12-16,89.689445
1984-12-17,90.86916
1984-12-18,89.685555
1984-12-19,92.2975
1984-12-20,94.935
1984-12-21,91.94
1984-12-22,91.50667
1984-12-23,92.5975
1984-12-24,91.85917
1984-12-25,93.475
1984-12-26,93.3375
1984-12-27,89.69231
1984-12-28,91.235
1984-12-29,92.51385
1984-12-30,91.35647
1984-12-31,90.89214
1985-01-01,92.15938
1985-01-02,91.06062
1985-01-03,88.801056
1985-01-04,91.04222
1985-01-05,90.746666
1985-01-06,89.9885
1985-01-07,88.6595
1985-01-08,92.973
1985-01-09,89.2735
1985-01-10,89.1175
1985-01-11,87.67579
1985-01-12,82.7115
1985-01-13,82.5685
1985-01-14,88.4785
1985-01-15,87.76421
1985-01-16,86.22211
1985-01-17,86.206314
1985-01-18,92.29769
1985-01-19,90.74643
1985-01-20,92.795555
1985-01-21,88.20167
1985-01-22,89.40867
1985-01-23,85.7405
1985-01-24,83.655266
1985-01-25,83.871
1985-01-26,85.926
1985-01-27,90.545555
1985-01-28,92.17384
1985-01-29,87.75
1985-01-30,79.499
1985-01-31,87.73684
1985-02-01,90.916664
1985-02-02,89.69538
1985-02-03,82.314735
1985-02-04,83.672
1985-02-05,85.4695
1985-02-06,83.116
1985-02-07,86.4555
1985-02-08,85.07842
1985-02-09,90.122856
1985-02-10,87.05444
1985-02-11,90.49934
1985-02-12,91.83572
1985-02-13,85.9095
1985-02-14,86.88737
1985-02-15,84.295
1985-02-16,87.2375
1985-02-17,80.7465
1985-02-18,87.1395
1985-02-19,81.576996
1985-02-20,85.7695
1985-02-21,87.569496
1985-02-22,86.973495
1985-02-23,80.922
1985-02-24,90.819336
1985-02-25,89.95895
1985-02-26,89.69625
1985-02-27,84.04471
1985-02-28,82.846
1985-03-01,85.4115
1985-03-02,88.90588
1985-03-03,89.285
1985-03-04,91.6025
1985-03-05,92.4525
1985-03-06,92.11
1985-03-07,90.27545
1985-03-08,90.4775
1985-03-09,91.78091
1985-03-10,91.265884
1985-03-11,89.32727
1985-03-12,84.4295
1985-03-13,80.367
1985-03-14,83.887
1985-03-15,90.19778
1985-03-16,93.376
1985-03-17,90.09125
1985-03-18,83.375786
1985-03-19,91.073524
1985-03-20,94.455
1985-03-21,92.41
1985-03-22,91.5125
1985-03-23,91.755005
1985-03-24,93.761665
1985-03-25,93.175
1985-03-26,92.69143
1985-03-27,92.15941
1985-03-28,90.24353
1985-03-29,90.6221
1985-03-30,87.216
1985-03-31,77.444496
1985-04-01,76.835495
1985-04-02,74.905
1985-04-03,71.698
1985-04-04,64.6745
1985-04-05,51.350998
1985-04-06,48.9295
1985-04-07,75.270996
1985-04-08,64.279495
1985-04-09,53.318
1985-04-10,61.2065
1985-04-11,67.6885
1985-04-12,76.4525
1985-04-13,92.792496
1985-04-14,76.439
1985-04-15,76.199
1985-04-16,84.3455
1985-04-17,81.553
1985-04-18,75.2065
1985-04-19,78.2485
1985-04-20,69.627
1985-04-21,71.319
1985-04-22,72.348
1985-04-23,69.545
1985-04-24,79.1325
1985-04-25,75.7545
1985-04-26,77.0025
1985-04-27,79.77
1985-04-28,78.756
1985-04-29,91.475
1985-04-30,69.395996
1985-05-01,60.775497
1985-05-02,59.329
1985-05-03,72.8655
1985-05-04,74.357
1985-05-05,75.82
1985-05-06,73.694
1985-05-07,71.31
1985-05-08,61.3545
1985-05-09,74.154
1985-05-10,78.517
1985-05-11,78.571
1985-05-12,74.444
1985-05-13,76.8985
1985-05-14,73.076996
1985-05-15,72.334
1985-05-16,71.951
1985-05-17,73.5645
1985-05-18,73.7285
1985-05-19,62.358498
1985-05-20,74.6045
1985-05-21,75.0775
1985-05-22,76.7445
1985-05-23,73.2445
1985-05-24,70.42
1985-05-25,64.8575
1985-05-26,63.754498
1985-05-27,57.4935
1985-05-28,58.974
1985-05-29,76.323
1985-05-30,65.187
1985-05-31,68.0665
1985-06-01,76.7775
1985-06-02,81.95
1985-06-03,83.1235
1985-06-04,81.295
1985-06-05,73.017
1985-06-06,67.6595
1985-06-07,67.017
1985-06-08,69.974
1985-06-09,80.0995
1985-06-10,65.054
1985-06-11,75.819496
1985-06-12,74.186
1985-06-13,67.780495
1985-06-14,61.023
1985-06-15,70.2915
1985-06-16,60.829
1985-06-17,73.419
1985-06-18,74.5675
1985-06-19,69.0325
1985-06-20,69.006996
1985-06-21,89.26527
1985-06-22,83.242
1985-06-23,77.754
1985-06-24,80.663
1985-06-25,78.6215
1985-06-26,73.144
1985-06-27,76.646996
1985-06-28,77.476
1985-06-29,72.3975
1985-06-30,73.05299
1985-07-01,71.2125
1985-07-02,74.937
1985-07-03,82.5655
1985-07-04,76.971
1985-07-05,64.945496
1985-07-06,60.094498
1985-07-07,80.9825
1985-07-08,79.6745
1985-07-09,77.0965
1985-07-10,72.4025
1985-07-11,89.169
1985-07-12,81.482
1985-07-13,76.4075
1985-07-14,79.1615
1985-07-15,70.837
1985-07-16,71.767
1985-07-17,77.1305
1985-07-18,80.0675
1985-07-19,75.284
1985-07-20,71.0605
1985-07-21,77.4555
1985-07-22,78.5265
1985-07-23,76.702995
1985-07-24,65.566
1985-07-25,75.208496
1985-07-26,65.1095
1985-07-27,64.4305
1985-07-28,65.6485
1985-07-29,63.9265
1985-07-30,63.9785
1985-07-31,65.6975
1985-08-01,65.556
1985-08-02,72.6965
1985-08-03,80.8725
1985-08-04,72.691
1985-08-05,65.8375
1985-08-06,53.025997
1985-08-07,72.4815
1985-08-08,71.5495
1985-08-09,64.8675
1985-08-10,67.3875
1985-08-11,71.696
1985-08-12,68.8815
1985-08-13,65.333
1985-08-14,60.7285
1985-08-15,63.478
1985-08-16,62.7725
1985-08-17,65.099
1985-08-18,64.847
1985-08-19,70.4515
1985-08-20,64.9215
1985-08-21,66.984
1985-08-22,73.7205
1985-08-23,70.137
1985-08-24,67.1575
1985-08-25,60.964
1985-08-26,49.885498
1985-08-27,86.699
1985-08-28,89.80158
1985-08-29,91.39222
1985-08-30,88.7025
1985-08-31,82.993
1985-09-01,74.1795
1985-09-02,76.495995
1985-09-03,71.562996
1985-09-04,81.6405
1985-09-05,75.0725
1985-09-06,80.006
1985-09-07,71.419
1985-09-08,66.495
1985-09-09,77.0385
1985-09-10,85.5825
1985-09-11,78.5545
1985-09-12,79.602
1985-09-13,82.4135
1985-09-14,74.636
1985-09-15,65.0195
1985-09-16,69.723495
1985-09-17,73.258995
1985-09-18,69.343
1985-09-19,67.2705
1985-09-20,67.7165
1985-09-21,69.897995
1985-09-22,74.583496
1985-09-23,68.442
1985-09-24,68.647995
1985-09-25,74.127
1985-09-26,74.736
1985-09-27,77.126495
1985-09-28,73.906
1985-09-29,73.2325
1985-09-30,68.5755
1985-10-01,68.5015
1985-10-02,60.6215
1985-10-03,62.012
1985-10-04,64.793495
1985-10-05,69.473495
1985-10-06,68.79
1985-10-07,65.6455
1985-10-08,78.919
1985-10-09,79.5525
1985-10-10,75.008995
1985-10-11,73.484
1985-10-12,76.0615
1985-10-13,79.1025
1985-10-14,79.069
1985-10-15,90.15369
1985-10-16,92.10667
1985-10-17,81.3285
1985-10-18,76.7825
1985-10-19,83.71632
1985-10-20,82.7615
1985-10-21,77.923
1985-10-22,70.64
1985-10-23,83.5335
1985-10-24,74.7005
1985-10-25,79.958
1985-10-26,73.607
1985-10-27,71.875
1985-10-28,66.9385
1985-10-29,74.6975
1985-10-30,72.472
1985-10-31,65.4205
1985-11-01,80.806
1985-11-02,89.30111
1985-11-03,81.2905
1985-11-04,87.30316
1985-11-05,89.990585
1985-11-06,91.708336
1985-11-07,79.8705
1985-11-08,82.282
1985-11-09,73.769
1985-11-10,75.9595
1985-11-11,83.2345
1985-11-12,87.698425
1985-11-13,86.1865
1985-11-14,87.288826
1985-11-15,80.7825
1985-11-16,83.631996
1985-11-17,90.507225
1985-11-18,93.338
1985-11-19,91.899
1985-11-20,92.565
1985-11-21,91.41167
1985-11-22,92.904
1985-11-23,93.817505
1985-11-24,94.935
1985-11-25,93.21333
1985-11-26,90.37273
1985-11-27,93.49143
1985-11-28,93.46727
1985-11-29,92.72412
1985-11-30,83.876495
1985-12-01,87.58316
1985-12-02,91.78307
1985-12-03,90.78445
1985-12-04,87.475
1985-12-05,82.148
1985-12-06,76.513
1985-12-07,81.764496
1985-12-08,86.93889
1985-12-09,92.565
1985-12-10,92.98334
1985-12-11,92.21
1985-12-12,91.405
1985-12-13,90.72625
1985-12-14,93.1375
1985-12-15,89.950584
1985-12-16,83.593
1985-12-17,73.1025
1985-12-18,68.826
1985-12-19,85.1225
1985-12-20,87.909
1985-12-21,89.65428
1985-12-22,83.92368
1985-12-23,87.71555
1985-12-24,88.8175
1985-12-25,89.53167
1985-12-26,90.22875
1985-12-27,90.520905
1985-12-28,86.5885
1985-12-29,79.5925
1985-12-30,82.006
1985-12-31,91.49947
1986-01-01,89.97769
1986-01-02,92.725716
1986-01-03,93.545
1986-01-04,91.71471
1986-01-05,90.25842
1986-01-06,91.19118
1986-01-07,92.73143
1986-01-08,87.23053
1986-01-09,81.033
1986-01-10,89.1975
1986-01-11,85.1285
1986-01-12,90.63421
1986-01-13,88.588425
1986-01-14,79.7115
1986-01-15,85.256996
1986-01-16,88.07
1986-01-17,90.52
1986-01-18,85.1595
1986-01-19,82.29105
1986-01-20,80.0515
1986-01-21,75.403496
1986-01-22,78.0495
1986-01-23,81.1565
1986-01-24,81.1495
1986-01-25,90.71154
1986-01-26,87.1975
1986-01-27,84.025
1986-01-28,92.30818
1986-01-29,90.9125
1986-01-30,88.87846
1986-01-31,89.973335
1986-02-01,90.615715
1986-02-02,90.79584
1986-02-03,89.95875
1986-02-04,87.969
1986-02-05,84.4455
1986-02-06,89.14316
1986-02-07,91.77857
1986-02-08,91.066666
1986-02-09,93.28786
1986-02-10,90.17357
1986-02-11,91.65357
1986-02-12,90.58938
1986-02-13,92.87133
1986-02-14,91.69188
1986-02-15,90.54188
1986-02-16,91.255295
1986-02-17,93.31812
1986-02-18,89.392
1986-02-19,88.35
1986-02-20,92.94
1986-02-21,92.56812
1986-02-22,92.80428
1986-02-23,90.594734
1986-02-24,91.26556
1986-02-25,92.47077
1986-02-26,87.599
1986-02-27,79.708496
1986-02-28,75.9355
1986-03-01,76.166
1986-03-02,90.875
1986-03-03,92.46143
1986-03-04,93.25
1986-03-05,90.842
1986-03-06,89.365
1986-03-07,88.346664
1986-03-08,91.12375
1986-03-09,90.83133
1986-03-10,89.81923
1986-03-11,89.23062
1986-03-12,88.385
1986-03-13,88.33316
1986-03-14,84.4665
1986-03-15,86.222496
1986-03-16,81.403
1986-03-17,86.9345
1986-03-18,83.006996
1986-03-19,90.664116
1986-03-20,82.8155
1986-03-21,85.012
1986-03-22,81.579
1986-03-23,79.422
1986-03-24,82.9275
1986-03-25,81.39
1986-03-26,80.122
1986-03-27,89.69842
1986-03-28,85.035995
1986-03-29,76.812996
1986-03-30,81.597
1986-03-31,75.6665
1986-04-01,59.6675
1986-04-02,61.1305
1986-04-03,63.026
1986-04-04,57.911
1986-04-05,77.672
1986-04-06,77.3465
1986-04-07,57.205498
1986-04-08,61.8615
1986-04-09,53.141
1986-04-10,60.307
1986-04-11,70.286995
1986-04-12,79.9065
1986-04-13,82.795
1986-04-14,90.686874
1986-04-15,75.3215
1986-04-16,66.062
1986-04-17,66.859
1986-04-18,68.8305
1986-04-19,83.1705
1986-04-20,81.0
1986-04-21,78.042
1986-04-22,66.566
1986-04-23,62.649998
1986-04-24,54.391
1986-04-25,60.6335
1986-04-26,70.0515
1986-04-27,75.637
1986-04-28,72.051
1986-04-29,74.9345
1986-04-30,86.957
1986-05-01,81.7045
1986-05-02,74.457
1986-05-03,60.3075
1986-05-04,51.0275
1986-05-05,52.1395
1986-05-06,52.3825
1986-05-07,48.997997
1986-05-08,54.844
1986-05-09,71.369995
1986-05-10,87.11
1986-05-11,77.554
1986-05-12,77.0215
1986-05-13,72.5485
1986-05-14,66.652
1986-05-15,59.053497
1986-05-16,64.344
1986-05-17,74.499
1986-05-18,67.508995
1986-05-19,62.987
1986-05-20,68.1065
1986-05-21,74.996
1986-05-22,69.6205
1986-05-23,65.783
1986-05-24,67.544
1986-05-25,73.5625
1986-05-26,71.305
1986-05-27,59.2905
1986-05-28,53.1385
1986-05-29,74.359
1986-05-30,68.219
1986-05-31,80.5865
1986-06-01,82.7435
1986-06-02,78.633995
1986-06-03,74.252
1986-06-04,79.569
1986-06-05,72.1215
1986-06-06,81.9779
1986-06-07,74.309
1986-06-08,86.364
1986-06-09,90.58
1986-06-10,85.3005
1986-06-11,87.797
1986-06-12,87.0515
1986-06-13,84.7245
1986-06-14,84.505
1986-06-15,72.557
1986-06-16,72.507996
1986-06-17,70.052
1986-06-18,69.449
1986-06-19,69.2395
1986-06-20,64.1495
1986-06-21,73.194496
1986-06-22,73.712
1986-06-23,75.403496
1986-06-24,80.772995
1986-06-25,71.38
1986-06-26,68.952995
1986-06-27,73.4395
1986-06-28,80.057
1986-06-29,82.582
1986-06-30,83.6935
1986-07-01,83.945496
1986-07-02,88.9665
1986-07-03,81.4885
1986-07-04,81.2425
1986-07-05,76.601
1986-07-06,70.383995
1986-07-07,63.555
1986-07-08,88.87182
1986-07-09,73.661995
1986-07-10,74.168
1986-07-11,72.1625
1986-07-12,73.687996
1986-07-13,71.1565
1986-07-14,74.7555
1986-07-15,83.782
1986-07-16,81.979996
1986-07-17,80.8985
1986-07-18,86.6325
1986-07-19,77.7545
1986-07-20,75.647
1986-07-21,87.2015
1986-07-22,85.306
1986-07-23,83.779
1986-07-24,79.9295
1986-07-25,75.632996
1986-07-26,75.694496
1986-07-27,79.5345
1986-07-28,71.284
1986-07-29,74.514496
1986-07-30,76.261
1986-07-31,74.4655
1986-08-01,68.6525
1986-08-02,77.1355
1986-08-03,74.4385
1986-08-04,63.4825
1986-08-05,65.1445
1986-08-06,82.597
1986-08-07,75.67
1986-08-08,74.0555
1986-08-09,73.2725
1986-08-10,72.034
1986-08-11,71.152
1986-08-12,59.767998
1986-08-13,69.788
1986-08-14,68.821
1986-08-15,80.7385
1986-08-16,67.304
1986-08-17,66.529
1986-08-18,70.038
1986-08-19,72.4825
1986-08-20,60.6695
1986-08-21,64.8845
1986-08-22,59.9385
1986-08-23,56.7345
1986-08-24,66.453995
1986-08-25,70.6785
1986-08-26,70.8805
1986-08-27,60.161
1986-08-28,63.104
1986-08-29,48.69
1986-08-30,79.7065
1986-08-31,66.319
1986-09-01,69.6995
1986-09-02,70.958496
1986-09-03,67.4055
1986-09-04,55.481
1986-09-05,66.912
1986-09-06,62.240498
1986-09-07,63.104
1986-09-08,70.2595
1986-09-09,77.584
1986-09-10,69.914
1986-09-11,75.514496
1986-09-12,68.4245
1986-09-13,66.029
1986-09-14,64.506996
1986-09-15,63.934498
1986-09-16,63.709
1986-09-17,73.43
1986-09-18,71.4285
1986-09-19,77.999
1986-09-20,66.2555
1986-09-21,62.6135
1986-09-22,60.55
1986-09-23,66.035995
1986-09-24,66.175995
1986-09-25,70.775
1986-09-26,78.334
1986-09-27,83.439
1986-09-28,91.60895
1986-09-29,82.461
1986-09-30,81.4925
1986-10-01,74.1505
1986-10-02,69.038
1986-10-03,71.7675
1986-10-04,60.39
1986-10-05,66.0375
1986-10-06,66.559
1986-10-07,60.5645
1986-10-08,76.687
1986-10-09,79.315994
1986-10-10,78.418495
1986-10-11,75.5655
1986-10-12,71.9075
1986-10-13,67.333496
1986-10-14,71.885
1986-10-15,67.1045
1986-10-16,84.657
1986-10-17,86.079475
1986-10-18,88.0975
1986-10-19,76.469
1986-10-20,84.692
1986-10-21,80.6975
1986-10-22,68.779
1986-10-23,76.1205
1986-10-24,83.0045
1986-10-25,83.537
1986-10-26,78.688995
1986-10-27,88.75895
1986-10-28,87.252
1986-10-29,89.79158
1986-10-30,90.956665
1986-10-31,92.434
1986-11-01,90.74062
1986-11-02,83.8985
1986-11-03,85.899
1986-11-04,79.329475
1986-11-05,90.76111
1986-11-06,86.14111
1986-11-07,75.8585
1986-11-08,79.956
1986-11-09,78.501495
1986-11-10,82.589
1986-11-11,80.389
1986-11-12,81.9705
1986-11-13,82.936
1986-11-14,85.003
1986-11-15,82.82158
1986-11-16,88.918236
1986-11-17,90.81563
1986-11-18,88.8685
1986-11-19,92.52909
1986-11-20,90.138336
1986-11-21,90.46467
1986-11-22,91.336876
1986-11-23,87.7505
1986-11-24,88.4055
1986-11-25,90.83111
1986-11-26,91.99
1986-11-27,90.69
1986-11-28,88.48389
1986-11-29,92.3625
1986-11-30,90.52637
1986-12-01,88.72111
1986-12-02,85.8945
1986-12-03,79.28167
1986-12-04,67.514206
1986-12-05,68.2855
1986-12-06,68.0355
1986-12-07,77.013
1986-12-08,80.0345
1986-12-09,69.7845
1986-12-10,75.6
1986-12-11,84.9695
1986-12-12,86.357
1986-12-13,83.2415
1986-12-14,85.114
1986-12-15,82.7265
1986-12-16,85.1845
1986-12-17,93.04667
1986-12-18,92.17533
1986-12-19,85.973526
1986-12-20,81.348495
1986-12-21,71.9265
1986-12-22,83.024
1986-12-23,81.301
1986-12-24,78.321
1986-12-25,89.3721
1986-12-26,89.14263
1986-12-27,82.5895
1986-12-28,87.23111
1986-12-29,84.788
1986-12-30,75.488
1986-12-31,77.825
1987-01-01,87.0795
1987-01-02,85.254
1987-01-03,86.713
1987-01-04,82.7065
1987-01-05,76.811
1987-01-06,80.057
1987-01-07,90.675
1987-01-08,88.7915
1987-01-09,84.035995
1987-01-10,70.3925
1987-01-11,85.26631
1987-01-12,82.126495
1987-01-13,78.6975
1987-01-14,87.2665
1987-01-15,88.38611
1987-01-16,91.819
1987-01-17,91.35429
1987-01-18,91.37692
1987-01-19,92.15357
1987-01-20,89.78
1987-01-21,88.753334
1987-01-22,89.7255
1987-01-23,92.381996
1987-01-24,90.93643
1987-01-25,86.421
1987-01-26,81.0775
1987-01-27,81.052
1987-01-28,86.1075
1987-01-29,91.162
1987-01-30,88.452774
1987-01-31,80.362
1987-02-01,86.956314
1987-02-02,87.22945
1987-02-03,89.91235
1987-02-04,88.155556
1987-02-05,92.22667
1987-02-06,92.28429
1987-02-07,92.40471
1987-02-08,88.32235
1987-02-09,83.6425
1987-02-10,85.86632
1987-02-11,85.10445
1987-02-12,80.99526
1987-02-13,89.385
1987-02-14,90.92467
1987-02-15,92.391
1987-02-16,92.618
1987-02-17,
1987-02-18,93.70333
1987-02-19,92.222
1987-02-20,91.66546
1987-02-21,90.058464
1987-02-22,84.45895
1987-02-23,88.87765
1987-02-24,87.64176
1987-02-25,79.5655
1987-02-26,75.067
1987-02-27,77.784996
1987-02-28,76.4515
1987-03-01,86.04895
1987-03-02,87.02
1987-03-03,83.667496
1987-03-04,77.3055
1987-03-05,76.265
1987-03-06,80.32
1987-03-07,84.8745
1987-03-08,85.461
1987-03-09,84.8975
1987-03-10,88.048996
1987-03-11,84.2595
1987-03-12,82.2475
1987-03-13,79.1835
1987-03-14,79.767
1987-03-15,79.646996
1987-03-16,74.192
1987-03-17,89.071
1987-03-18,83.3215
1987-03-19,79.256996
1987-03-20,77.723
1987-03-21,78.969
1987-03-22,89.20737
1987-03-23,
1987-03-24,91.43
1987-03-25,86.74895
1987-03-26,79.1645
1987-03-27,80.298996
1987-03-28,74.458496
1987-03-29,84.8815
1987-03-30,84.349
1987-03-31,85.10684
1987-04-01,92.4325
1987-04-02,86.856316
1987-04-03,82.990524
1987-04-04,80.6625
1987-04-05,79.325
1987-04-06,72.6775
1987-04-07,69.6185
1987-04-08,56.205997
1987-04-09,64.431496
1987-04-10,84.512634
1987-04-11,91.698
1987-04-12,93.597145
1987-04-13,84.424
1987-04-14,77.158
1987-04-15,85.7725
1987-04-16,76.0525
1987-04-17,69.398
1987-04-18,57.524998
1987-04-19,52.5075
1987-04-20,57.522
1987-04-21,71.9465
1987-04-22,91.59882
1987-04-23,72.8965
1987-04-24,73.6795
1987-04-25,69.298996
1987-04-26,64.333496
1987-04-27,73.361496
1987-04-28,69.824
1987-04-29,65.0625
1987-04-30,68.016495
1987-05-01,80.224
1987-05-02,74.1495
1987-05-03,81.5805
1987-05-04,80.853
1987-05-05,82.111496
1987-05-06,85.2875
1987-05-07,84.3925
1987-05-08,87.755
1987-05-09,72.348495
1987-05-10,66.692
1987-05-11,58.4545
1987-05-12,64.105
1987-05-13,59.4315
1987-05-14,75.8245
1987-05-15,70.6355
1987-05-16,87.10684
1987-05-17,76.7995
1987-05-18,61.572998
1987-05-19,74.095
1987-05-20,77.786
1987-05-21,87.71526
1987-05-22,83.27778
1987-05-23,87.68611
1987-05-24,85.309
1987-05-25,82.186
1987-05-26,86.651
1987-05-27,79.562
1987-05-28,81.1045
1987-05-29,79.932495
1987-05-30,86.4935
1987-05-31,88.965294
1987-06-01,83.79263
1987-06-02,75.679
1987-06-03,72.163
1987-06-04,70.203
1987-06-05,82.833
1987-06-06,70.9495
1987-06-07,60.8405
1987-06-08,62.4715
1987-06-09,68.9665
1987-06-10,72.715
1987-06-11,73.8465
1987-06-12,71.6465
1987-06-13,66.046
1987-06-14,67.5435
1987-06-15,68.223
1987-06-16,60.0415
1987-06-17,79.316
1987-06-18,80.641
1987-06-19,80.710495
1987-06-20,67.531
1987-06-21,84.148
1987-06-22,88.113
1987-06-23,84.69722
1987-06-24,80.4525
1987-06-25,77.2475
1987-06-26,71.7545
1987-06-27,66.4015
1987-06-28,72.613
1987-06-29,66.231995
1987-06-30,72.0525
1987-07-01,67.789
1987-07-02,72.2745
1987-07-03,71.320496
1987-07-04,83.001495
1987-07-05,88.47
1987-07-06,81.5325
1987-07-07,71.3095
1987-07-08,63.653
1987-07-09,64.486496
1987-07-10,71.4495
1987-07-11,68.9495
1987-07-12,66.9665
1987-07-13,73.281
1987-07-14,68.585495
1987-07-15,70.508995
1987-07-16,68.778496
1987-07-17,65.8385
1987-07-18,71.3165
1987-07-19,66.7405
1987-07-20,61.524
1987-07-21,66.086
1987-07-22,68.629
1987-07-23,70.3505
1987-07-24,74.292
1987-07-25,68.724
1987-07-26,74.6585
1987-07-27,79.575
1987-07-28,78.2175
1987-07-29,74.326996
1987-07-30,66.343
1987-07-31,61.997
1987-08-01,76.7585
1987-08-02,75.927
1987-08-03,63.937
1987-08-04,68.1865
1987-08-05,66.9995
1987-08-06,71.4665
1987-08-07,59.773
1987-08-08,68.3035
1987-08-09,62.933
1987-08-10,73.2875
1987-08-11,72.508995
1987-08-12,70.559
1987-08-13,74.545494
1987-08-14,67.6565
1987-08-15,69.36
1987-08-16,80.928
1987-08-17,68.7635
1987-08-18,66.311
1987-08-19,78.782
1987-08-20,82.0055
1987-08-21,77.307
1987-08-22,87.237
1987-08-23,74.901
1987-08-24,67.921
1987-08-25,65.0095
1987-08-26,67.972496
1987-08-27,71.361
1987-08-28,69.979996
1987-08-29,71.582
1987-08-30,68.9955
1987-08-31,65.3825
1987-09-01,68.0585
1987-09-02,65.2175
1987-09-03,71.1515
1987-09-04,70.864
1987-09-05,62.8075
1987-09-06,63.8555
1987-09-07,81.671
1987-09-08,72.4165
1987-09-09,72.832
1987-09-10,71.725494
1987-09-11,71.473
1987-09-12,69.513
1987-09-13,64.1195
1987-09-14,56.7935
1987-09-15,51.931
1987-09-16,58.9895
1987-09-17,61.687
1987-09-18,69.198
1987-09-19,65.7395
1987-09-20,67.3505
1987-09-21,66.2135
1987-09-22,68.437996
1987-09-23,64.1625
1987-09-24,56.5565
1987-09-25,63.5505
1987-09-26,59.236
1987-09-27,63.5995
1987-09-28,81.2635
1987-09-29,91.51
1987-09-30,90.148
1987-10-01,90.819336
1987-10-02,79.2055
1987-10-03,79.42
1987-10-04,80.093
1987-10-05,78.1225
1987-10-06,70.3315
1987-10-07,67.087
1987-10-08,77.694
1987-10-09,86.095
1987-10-10,90.3035
1987-10-11,82.277
1987-10-12,82.3485
1987-10-13,92.307
1987-10-14,93.816
1987-10-15,85.249
1987-10-16,83.9425
1987-10-17,87.3285
1987-10-18,86.861496
1987-10-19,92.135
1987-10-20,88.98579
1987-10-21,86.17
1987-10-22,78.6095
1987-10-23,75.783
1987-10-24,81.616
1987-10-25,81.618
1987-10-26,89.4725
1987-10-27,89.833885
1987-10-28,81.009
1987-10-29,72.3225
1987-10-30,74.791
1987-10-31,84.018
1987-11-01,87.542496
1987-11-02,85.104996
1987-11-03,87.217
1987-11-04,85.8555
1987-11-05,83.191
1987-11-06,82.978
1987-11-07,87.22647
1987-11-08,75.2495
1987-11-09,76.9775
1987-11-10,84.2625
1987-11-11,92.38556
1987-11-12,87.6
1987-11-13,92.36818
1987-11-14,89.92316
1987-11-15,89.583
1987-11-16,87.5915
1987-11-17,94.55333
1987-11-18,91.47111
1987-11-19,89.79882
1987-11-20,91.606
1987-11-21,92.65111
1987-11-22,92.06555
1987-11-23,88.25588
1987-11-24,85.87945
1987-11-25,84.6135
1987-11-26,87.583336
1987-11-27,83.737
1987-11-28,91.27857
1987-11-29,94.05
1987-11-30,94.121666
1987-12-01,92.16
1987-12-02,91.79111
1987-12-03,91.28445
1987-12-04,89.115
1987-12-05,86.257774
1987-12-06,88.795
1987-12-07,92.295715
1987-12-08,90.699165
1987-12-09,90.35133
1987-12-10,88.351875
1987-12-11,89.3685
1987-12-12,83.00842
1987-12-13,85.84882
1987-12-14,85.028885
1987-12-15,93.64625
1987-12-16,93.2575
1987-12-17,92.762146
1987-12-18,88.29625
1987-12-19,91.50818
1987-12-20,92.198
1987-12-21,90.91062
1987-12-22,91.70588
1987-12-23,89.31733
1987-12-24,86.926315
1987-12-25,84.65
1987-12-26,84.04833
1987-12-27,86.94684
1987-12-28,78.611496
1987-12-29,85.816315
1987-12-30,83.32
1987-12-31,74.7625
1988-01-01,87.7745
1988-01-02,91.71733
1988-01-03,90.77067
1988-01-04,90.82267
1988-01-05,89.47889
1988-01-06,86.43
1988-01-07,85.3425
1988-01-08,91.595
1988-01-09,89.55572
1988-01-10,92.21
1988-01-11,94.114
1988-01-12,91.42909
1988-01-13,86.13263
1988-01-14,88.8
1988-01-15,82.7835
1988-01-16,82.487
1988-01-17,91.62842
1988-01-18,89.87375
1988-01-19,92.1175
1988-01-20,89.80214
1988-01-21,90.64445
1988-01-22,89.162224
1988-01-23,86.70118
1988-01-24,92.92125
1988-01-25,91.274
1988-01-26,91.305626
1988-01-27,84.454
1988-01-28,91.045715
1988-01-29,91.66428
1988-01-30,90.32188
1988-01-31,92.97923
1988-02-01,91.25588
1988-02-02,84.354
1988-02-03,86.98
1988-02-04,79.916
1988-02-05,80.16
1988-02-06,87.687
1988-02-07,87.2495
1988-02-08,90.610664
1988-02-09,89.34778
1988-02-10,89.04625
1988-02-11,90.318886
1988-02-12,78.6925
1988-02-13,83.849
1988-02-14,91.240715
1988-02-15,88.75842
1988-02-16,81.334496
1988-02-17,80.9195
1988-02-18,84.3735
1988-02-19,81.7015
1988-02-20,87.625786
1988-02-21,88.4195
1988-02-22,85.0225
1988-02-23,85.165
1988-02-24,80.5685
1988-02-25,83.046
1988-02-26,91.538666
1988-02-27,84.98945
1988-02-28,92.01857
1988-02-29,80.9005
1988-03-01,78.557
1988-03-02,84.631
1988-03-03,77.807
1988-03-04,71.583496
1988-03-05,68.320496
1988-03-06,80.4935
1988-03-07,87.68
1988-03-08,91.176155
1988-03-09,94.54
1988-03-10,93.047
1988-03-11,86.58
1988-03-12,80.215
1988-03-13,78.921
1988-03-14,71.2685
1988-03-15,72.515
1988-03-16,64.8215
1988-03-17,74.25
1988-03-18,78.3875
1988-03-19,76.2995
1988-03-20,70.382996
1988-03-21,84.679
1988-03-22,79.95789
1988-03-23,90.88538
1988-03-24,90.66529
1988-03-25,90.48111
1988-03-26,88.30526
1988-03-27,89.116
1988-03-28,92.42714
1988-03-29,92.429
1988-03-30,80.5815
1988-03-31,71.685
1988-04-01,86.941
1988-04-02,82.6795
1988-04-03,74.914
1988-04-04,81.8445
1988-04-05,84.3895
1988-04-06,87.64833
1988-04-07,83.862
1988-04-08,80.2295
1988-04-09,79.493
1988-04-10,79.979
1988-04-11,76.5035
1988-04-12,63.615498
1988-04-13,65.1305
1988-04-14,86.939
1988-04-15,83.520996
1988-04-16,81.5435
1988-04-17,89.012634
1988-04-18,90.46834
1988-04-19,88.4235
1988-04-20,81.612495
1988-04-21,75.4535
1988-04-22,74.949
1988-04-23,69.2435
1988-04-24,77.449
1988-04-25,91.005264
1988-04-26,89.47737
1988-04-27,88.8955
1988-04-28,83.6575
1988-04-29,81.251
1988-04-30,69.1845
1988-05-01,63.0905
1988-05-02,53.25
1988-05-03,57.7325
1988-05-04,61.492
1988-05-05,72.2925
1988-05-06,68.7545
1988-05-07,78.2585
1988-05-08,70.1065
1988-05-09,71.622
1988-05-10,75.559
1988-05-11,88.731
1988-05-12,91.140526
1988-05-13,80.3875
1988-05-14,76.874
1988-05-15,73.348
1988-05-16,77.792
1988-05-17,77.2145
1988-05-18,73.56
1988-05-19,78.895996
1988-05-20,77.7435
1988-05-21,88.98211
1988-05-22,90.12222
1988-05-23,90.86722
1988-05-24,84.844
1988-05-25,83.2585
1988-05-26,89.7055
1988-05-27,86.998
1988-05-28,85.548
1988-05-29,81.5875
1988-05-30,86.395996
1988-05-31,79.2975
1988-06-01,80.0845
1988-06-02,86.81158
1988-06-03,82.776
1988-06-04,71.9955
1988-06-05,65.414
1988-06-06,74.167
1988-06-07,80.9915
1988-06-08,76.287
1988-06-09,76.0535
1988-06-10,77.7405
1988-06-11,73.2985
1988-06-12,86.4665
1988-06-13,84.378
1988-06-14,71.174
1988-06-15,70.9235
1988-06-16,69.621
1988-06-17,77.0775
1988-06-18,70.8405
1988-06-19,67.084
1988-06-20,77.739
1988-06-21,81.539
1988-06-22,75.7135
1988-06-23,72.7245
1988-06-24,81.437
1988-06-25,77.4655
1988-06-26,72.9015
1988-06-27,82.358
1988-06-28,82.5045
1988-06-29,83.681
1988-06-30,78.4135
1988-07-01,71.631996
1988-07-02,70.7765
1988-07-03,78.458496
1988-07-04,73.4145
1988-07-05,65.910995
1988-07-06,64.678
1988-07-07,68.6295
1988-07-08,69.667
1988-07-09,71.729996
1988-07-10,75.265
1988-07-11,75.117
1988-07-12,68.6245
1988-07-13,67.896996
1988-07-14,59.443497
1988-07-15,67.925995
1988-07-16,77.198
1988-07-17,79.5405
1988-07-18,71.4375
1988-07-19,76.7265
1988-07-20,80.5915
1988-07-21,74.9755
1988-07-22,71.3605
1988-07-23,66.411
1988-07-24,65.45
1988-07-25,70.767
1988-07-26,79.320496
1988-07-27,74.222
1988-07-28,70.519
1988-07-29,69.4105
1988-07-30,78.1875
1988-07-31,74.224
1988-08-01,64.141
1988-08-02,63.118
1988-08-03,64.2695
1988-08-04,68.645
1988-08-05,73.321
1988-08-06,69.4995
1988-08-07,71.231
1988-08-08,69.9955
1988-08-09,68.6665
1988-08-10,63.295498
1988-08-11,58.982
1988-08-12,61.184998
1988-08-13,65.575
1988-08-14,61.928497
1988-08-15,61.7145
1988-08-16,64.0205
1988-08-17,68.813995
1988-08-18,70.909
1988-08-19,66.404
1988-08-20,57.393497
1988-08-21,65.4435
1988-08-22,69.6355
1988-08-23,87.219475
1988-08-24,81.1435
1988-08-25,63.89
1988-08-26,83.456
1988-08-27,67.806
1988-08-28,66.2055
1988-08-29,60.1945
1988-08-30,61.685997
1988-08-31,71.2805
1988-09-01,72.4115
1988-09-02,75.083496
1988-09-03,66.0105
1988-09-04,57.455997
1988-09-05,68.2635
1988-09-06,77.376495
1988-09-07,91.00579
1988-09-08,81.159
1988-09-09,77.0255
1988-09-10,75.012
1988-09-11,70.3545
1988-09-12,71.477
1988-09-13,72.752
1988-09-14,82.075
1988-09-15,86.34
1988-09-16,82.4835
1988-09-17,83.603
1988-09-18,85.118
1988-09-19,76.429
1988-09-20,80.644
1988-09-21,82.31
1988-09-22,87.9515
1988-09-23,86.682
1988-09-24,88.097
1988-09-25,79.598
1988-09-26,78.819
1988-09-27,83.933
1988-09-28,79.11
1988-09-29,69.0185
1988-09-30,75.824
1988-10-01,81.5495
1988-10-02,82.2635
1988-10-03,82.9175
1988-10-04,88.61474
1988-10-05,91.655
1988-10-06,76.3585
1988-10-07,80.024
1988-10-08,83.9655
1988-10-09,81.401
1988-10-10,69.626
1988-10-11,82.581
1988-10-12,82.162
1988-10-13,79.5625
1988-10-14,75.2295
1988-10-15,78.0795
1988-10-16,81.206
1988-10-17,75.6345
1988-10-18,75.109
1988-10-19,86.007996
1988-10-20,84.615
1988-10-21,81.7065
1988-10-22,78.469
1988-10-23,83.686
1988-10-24,83.1575
1988-10-25,84.838
1988-10-26,85.98842
1988-10-27,74.13
1988-10-28,63.6665
1988-10-29,72.1365
1988-10-30,79.762
1988-10-31,90.67824
1988-11-01,87.3035
1988-11-02,79.234
1988-11-03,84.384
1988-11-04,85.181114
1988-11-05,85.88684
1988-11-06,87.678
1988-11-07,87.34737
1988-11-08,84.844734
1988-11-09,82.7015
1988-11-10,82.01722
1988-11-11,82.61
1988-11-12,81.191
1988-11-13,75.159
1988-11-14,87.401
1988-11-15,89.87937
1988-11-16,83.1625
1988-11-17,83.405
1988-11-18,80.5265
1988-11-19,80.533
1988-11-20,88.46158
1988-11-21,86.84556
1988-11-22,88.46412
1988-11-23,89.69632
1988-11-24,84.8655
1988-11-25,89.53438
1988-11-26,92.39692
1988-11-27,92.86667
1988-11-28,87.10765
1988-11-29,78.222
1988-11-30,74.851
1988-12-01,80.3515
1988-12-02,90.773636
1988-12-03,90.21875
1988-12-04,91.96333
1988-12-05,92.41111
1988-12-06,88.365
1988-12-07,86.798
1988-12-08,85.204
1988-12-09,88.98526
1988-12-10,89.678
1988-12-11,83.4355
1988-12-12,85.252
1988-12-13,86.82737
1988-12-14,85.392105
1988-12-15,83.825
1988-12-16,89.35316
1988-12-17,91.50562
1988-12-18,86.3235
1988-12-19,87.475
1988-12-20,85.14316
1988-12-21,85.86316
1988-12-22,84.5945
1988-12-23,81.6215
1988-12-24,86.0355
1988-12-25,71.336494
1988-12-26,76.222
1988-12-27,83.6165
1988-12-28,82.523
1988-12-29,82.641
1988-12-30,80.1015
1988-12-31,83.6245
1989-01-01,82.201996
1989-01-02,77.8795
1989-01-03,75.5355
1989-01-04,70.331
1989-01-05,64.4485
1989-01-06,71.223
1989-01-07,83.06
1989-01-08,86.339
1989-01-09,85.19369
1989-01-10,80.8955
1989-01-11,79.037
1989-01-12,78.5515
1989-01-13,87.5475
1989-01-14,85.433
1989-01-15,81.8175
1989-01-16,73.3965
1989-01-17,72.644
1989-01-18,74.651
1989-01-19,81.140526
1989-01-20,83.1215
1989-01-21,81.3245
1989-01-22,78.863495
1989-01-23,86.0825
1989-01-24,85.7685
1989-01-25,82.11053
1989-01-26,84.389
1989-01-27,85.49263
1989-01-28,83.883156
1989-01-29,86.6275
1989-01-30,84.8575
1989-01-31,81.456
1989-02-01,83.9695
1989-02-02,81.607
1989-02-03,75.8175
1989-02-04,82.4975
1989-02-05,86.83789
1989-02-06,82.628
1989-02-07,81.2765
1989-02-08,73.160995
1989-02-09,79.917
1989-02-10,81.076
1989-02-11,64.9855
1989-02-12,58.613
1989-02-13,84.4025
1989-02-14,91.76867
1989-02-15,90.40385
1989-02-16,85.77571
1989-02-17,79.147995
1989-02-18,72.4145
1989-02-19,81.397224
1989-02-20,81.4965
1989-02-21,70.0945
1989-02-22,83.531
1989-02-23,77.3415
1989-02-24,74.823
1989-02-25,61.8185
1989-02-26,66.28
1989-02-27,77.631
1989-02-28,68.906
1989-03-01,65.32
1989-03-02,81.9835
1989-03-03,74.8285
1989-03-04,89.65369
1989-03-05,93.152
1989-03-06,89.918945
1989-03-07,83.51
1989-03-08,77.1985
1989-03-09,82.548
1989-03-10,88.828
1989-03-11,89.34631
1989-03-12,85.352
1989-03-13,84.5435
1989-03-14,77.761
1989-03-15,80.847
1989-03-16,75.598495
1989-03-17,69.7245
1989-03-18,72.053
1989-03-19,76.6
1989-03-20,77.8595
1989-03-21,81.231
1989-03-22,82.042
1989-03-23,80.277
1989-03-24,85.47
1989-03-25,64.973
1989-03-26,57.574997
1989-03-27,51.651497
1989-03-28,48.176
1989-03-29,56.694
1989-03-30,54.081497
1989-03-31,52.203
1989-04-01,55.526997
1989-04-02,67.11
1989-04-03,67.89
1989-04-04,83.0485
1989-04-05,71.187996
1989-04-06,70.4055
1989-04-07,70.432
1989-04-08,67.346
1989-04-09,60.748
1989-04-10,71.2825
1989-04-11,67.007996
1989-04-12,66.3525
1989-04-13,67.7165
1989-04-14,87.99353
1989-04-15,88.9775
1989-04-16,88.12222
1989-04-17,78.635
1989-04-18,75.725
1989-04-19,86.76353
1989-04-20,77.7485
1989-04-21,66.5415
1989-04-22,79.502
1989-04-23,84.1155
1989-04-24,72.9275
1989-04-25,72.891
1989-04-26,72.5405
1989-04-27,66.8515
1989-04-28,68.6245
1989-04-29,79.5355
1989-04-30,84.5865
1989-05-01,86.535
1989-05-02,88.537
1989-05-03,85.384735
1989-05-04,88.2595
1989-05-05,82.0225
1989-05-06,79.345
1989-05-07,88.0265
1989-05-08,83.261
1989-05-09,74.7055
1989-05-10,66.528
1989-05-11,69.793
1989-05-12,69.5595
1989-05-13,66.902
1989-05-14,77.184
1989-05-15,76.6215
1989-05-16,73.327995
1989-05-17,65.4185
1989-05-18,62.4035
1989-05-19,64.7605
1989-05-20,78.7105
1989-05-21,79.6015
1989-05-22,78.777
1989-05-23,70.2585
1989-05-24,66.489
1989-05-25,67.0545
1989-05-26,79.7635
1989-05-27,81.4985
1989-05-28,73.378
1989-05-29,77.234
1989-05-30,78.409
1989-05-31,68.59
1989-06-01,80.1975
1989-06-02,76.679
1989-06-03,82.973495
1989-06-04,81.6785
1989-06-05,82.0295
1989-06-06,83.7735
1989-06-07,82.8465
1989-06-08,69.95
1989-06-09,67.7905
1989-06-10,57.763
1989-06-11,69.702995
1989-06-12,90.68166
1989-06-13,88.30688
1989-06-14,79.8875
1989-06-15,80.386
1989-06-16,68.222496
1989-06-17,84.2535
1989-06-18,86.264
1989-06-19,82.499
1989-06-20,79.888
1989-06-21,83.50316
1989-06-22,78.1585
1989-06-23,77.8835
1989-06-24,78.5045
1989-06-25,76.071
1989-06-26,73.1415
1989-06-27,80.613
1989-06-28,77.678
1989-06-29,86.7535
1989-06-30,74.9685
1989-07-01,78.973
1989-07-02,76.127
1989-07-03,69.18
1989-07-04,69.457
1989-07-05,65.826
1989-07-06,69.9065
1989-07-07,68.162
1989-07-08,64.042496
1989-07-09,56.378
1989-07-10,62.4295
1989-07-11,56.366997
1989-07-12,66.465996
1989-07-13,76.593
1989-07-14,82.0345
1989-07-15,68.4125
1989-07-16,75.952995
1989-07-17,67.784996
1989-07-18,58.672497
1989-07-19,76.863495
1989-07-20,68.737495
1989-07-21,66.885
1989-07-22,63.719498
1989-07-23,66.853
1989-07-24,55.0025
1989-07-25,63.447
1989-07-26,71.0635
1989-07-27,82.19
1989-07-28,69.343
1989-07-29,74.681496
1989-07-30,72.8035
1989-07-31,71.7215
1989-08-01,71.1095
1989-08-02,72.2
1989-08-03,71.851
1989-08-04,66.798996
1989-08-05,64.1205
1989-08-06,63.4875
1989-08-07,62.8295
1989-08-08,65.317
1989-08-09,69.9215
1989-08-10,80.210495
1989-08-11,75.612
1989-08-12,83.9645
1989-08-13,85.4415
1989-08-14,73.187
1989-08-15,68.482
1989-08-16,64.694
1989-08-17,65.909996
1989-08-18,71.1215
1989-08-19,67.191
1989-08-20,65.339
1989-08-21,62.8705
1989-08-22,65.673996
1989-08-23,71.408
1989-08-24,72.0935
1989-08-25,72.186
1989-08-26,65.298
1989-08-27,70.545
1989-08-28,73.981
1989-08-29,81.6025
1989-08-30,90.51527
1989-08-31,90.70389
1989-09-01,87.7655
1989-09-02,75.9505
1989-09-03,80.1975
1989-09-04,82.3915
1989-09-05,87.789
1989-09-06,78.2595
1989-09-07,77.3805
1989-09-08,80.815
1989-09-09,76.7035
1989-09-10,88.507
1989-09-11,80.104
1989-09-12,78.823
1989-09-13,74.012
1989-09-14,67.855995
1989-09-15,86.72278
1989-09-16,78.0645
1989-09-17,79.31
1989-09-18,73.319496
1989-09-19,74.3505
1989-09-20,70.063
1989-09-21,77.025
1989-09-22,68.097496
1989-09-23,74.503
1989-09-24,73.1415
1989-09-25,67.6925
1989-09-26,71.9285
1989-09-27,70.623
1989-09-28,75.7745
1989-09-29,89.796
1989-09-30,92.06714
1989-10-01,76.5895
1989-10-02,76.704
1989-10-03,77.923
1989-10-04,83.2895
1989-10-05,73.7035
1989-10-06,76.5205
1989-10-07,64.212
1989-10-08,76.667496
1989-10-09,90.717224
1989-10-10,89.53928
1989-10-11,84.434
1989-10-12,78.335495
1989-10-13,70.5135
1989-10-14,68.8875
1989-10-15,89.29
1989-10-16,91.73053
1989-10-17,81.547
1989-10-18,81.8675
1989-10-19,74.017
1989-10-20,73.378
1989-10-21,83.796
1989-10-22,79.715996
1989-10-23,75.118
1989-10-24,71.479996
1989-10-25,75.4075
1989-10-26,80.4125
1989-10-27,77.3695
1989-10-28,76.326
1989-10-29,75.906494
1989-10-30,83.0545
1989-10-31,78.568
1989-11-01,77.9505
1989-11-02,81.3535
1989-11-03,68.569
1989-11-04,77.484
1989-11-05,85.482
1989-11-06,87.22211
1989-11-07,89.748665
1989-11-08,92.901665
1989-11-09,92.276665
1989-11-10,92.3675
1989-11-11,92.725
1989-11-12,89.66923
1989-11-13,89.28667
1989-11-14,92.115715
1989-11-15,85.29938
1989-11-16,88.364
1989-11-17,83.983154
1989-11-18,80.0921
1989-11-19,80.369995
1989-11-20,82.501
1989-11-21,78.7125
1989-11-22,80.76
1989-11-23,84.90211
1989-11-24,75.4185
1989-11-25,89.91286
1989-11-26,85.562225
1989-11-27,78.875
1989-11-28,85.315
1989-11-29,79.6495
1989-11-30,76.1345
1989-12-01,79.65278
1989-12-02,78.9435
1989-12-03,77.2175
1989-12-04,78.3685
1989-12-05,71.5825
1989-12-06,77.807
1989-12-07,75.1055
1989-12-08,68.331
1989-12-09,85.88579
1989-12-10,78.297
1989-12-11,72.478
1989-12-12,69.9435
1989-12-13,71.333496
1989-12-14,77.104996
1989-12-15,76.267
1989-12-16,77.92579
1989-12-17,68.1595
1989-12-18,77.529495
1989-12-19,74.892
1989-12-20,75.8145
1989-12-21,84.117
1989-12-22,82.8755
1989-12-23,80.44
1989-12-24,73.3
1989-12-25,83.7495
1989-12-26,84.56647
1989-12-27,90.258125
1989-12-28,89.30428
1989-12-29,92.57
1989-12-30,91.99357
1989-12-31,90.599335
1990-01-01,90.520836
1990-01-02,88.89533
1990-01-03,89.17667
1990-01-04,85.37789
1990-01-05,78.27789
1990-01-06,83.10474
1990-01-07,80.208496
1990-01-08,79.7
1990-01-09,75.944496
1990-01-10,82.767
1990-01-11,78.56895
1990-01-12,85.274704
1990-01-13,86.7185
1990-01-14,90.36437
1990-01-15,87.3935
1990-01-16,83.2095
1990-01-17,81.568
1990-01-18,87.3545
1990-01-19,89.453
1990-01-20,85.862
1990-01-21,87.95421
1990-01-22,88.47444
1990-01-23,89.692665
1990-01-24,85.09105
1990-01-25,79.043
1990-01-26,81.37158
1990-01-27,87.3545
1990-01-28,81.872
1990-01-29,88.32389
1990-01-30,87.310524
1990-01-31,90.92
1990-02-01,91.914
1990-02-02,93.10923
1990-02-03,91.298996
1990-02-04,93.55454
1990-02-05,80.0275
1990-02-06,80.504
1990-02-07,89.36948
1990-02-08,81.673
1990-02-09,81.196
1990-02-10,91.40375
1990-02-11,85.4345
1990-02-12,85.003
1990-02-13,93.21333
1990-02-14,85.345
1990-02-15,86.602104
1990-02-16,82.861
1990-02-17,87.151054
1990-02-18,83.3945
1990-02-19,84.754
1990-02-20,83.2315
1990-02-21,85.56421
1990-02-22,79.95
1990-02-23,75.033
1990-02-24,67.458
1990-02-25,66.612495
1990-02-26,52.142998
1990-02-27,75.244995
1990-02-28,85.770996
1990-03-01,76.278
1990-03-02,72.8645
1990-03-03,73.4015
1990-03-04,69.541
1990-03-05,63.795498
1990-03-06,66.861
1990-03-07,59.704
1990-03-08,51.010498
1990-03-09,51.639
1990-03-10,58.105
1990-03-11,78.4615
1990-03-12,67.118
1990-03-13,52.146
1990-03-14,60.938
1990-03-15,60.2555
1990-03-16,59.0095
1990-03-17,60.3895
1990-03-18,46.856
1990-03-19,45.573997
1990-03-20,57.9505
1990-03-21,65.9255
1990-03-22,62.3115
1990-03-23,64.61
1990-03-24,59.8405
1990-03-25,60.094498
1990-03-26,61.726498
1990-03-27,80.7125
1990-03-28,66.934
1990-03-29,75.5705
1990-03-30,86.984116
1990-03-31,79.0745
1990-04-01,71.595
1990-04-02,61.107998
1990-04-03,57.924
1990-04-04,68.989
1990-04-05,73.8445
1990-04-06,76.0595
1990-04-07,85.105
1990-04-08,86.33235
1990-04-09,83.5805
1990-04-10,87.64632
1990-04-11,87.19722
1990-04-12,84.4485
1990-04-13,77.595
1990-04-14,70.154495
1990-04-15,63.8835
1990-04-16,75.6305
1990-04-17,89.656
1990-04-18,82.9515
1990-04-19,79.259
1990-04-20,85.0745
1990-04-21,83.30526
1990-04-22,79.27105
1990-04-23,81.920525
1990-04-24,77.162994
1990-04-25,83.775
1990-04-26,89.163155
1990-04-27,81.79
1990-04-28,76.664
1990-04-29,86.6225
1990-04-30,80.581
1990-05-01,86.966
1990-05-02,73.251495
1990-05-03,73.598495
1990-05-04,69.7885
1990-05-05,64.518
1990-05-06,75.6585
1990-05-07,74.869995
1990-05-08,71.2915
1990-05-09,75.554
1990-05-10,76.7905
1990-05-11,69.3635
1990-05-12,65.653496
1990-05-13,78.1505
1990-05-14,67.7315
1990-05-15,73.712
1990-05-16,70.775
1990-05-17,67.9905
1990-05-18,71.588
1990-05-19,82.17
1990-05-20,79.324
1990-05-21,68.9995
1990-05-22,72.253
1990-05-23,78.3855
1990-05-24,74.937
1990-05-25,75.466995
1990-05-26,77.3375
1990-05-27,88.928
1990-05-28,79.890495
1990-05-29,85.417496
1990-05-30,84.2325
1990-05-31,80.2485
1990-06-01,75.953995
1990-06-02,72.515
1990-06-03,73.556
1990-06-04,80.823
1990-06-05,76.0165
1990-06-06,79.5065
1990-06-07,81.607
1990-06-08,77.6375
1990-06-09,80.111
1990-06-10,70.8585
1990-06-11,77.251
1990-06-12,74.022995
1990-06-13,80.508995
1990-06-14,82.8395
1990-06-15,73.241
1990-06-16,84.784
1990-06-17,87.742
1990-06-18,77.3275
1990-06-19,70.608
1990-06-20,67.428
1990-06-21,64.522
1990-06-22,71.8995
1990-06-23,72.0885
1990-06-24,70.229
1990-06-25,72.6785
1990-06-26,67.502
1990-06-27,67.157
1990-06-28,66.093
1990-06-29,67.0085
1990-06-30,65.081
1990-07-01,58.2365
1990-07-02,67.5235
1990-07-03,75.0355
1990-07-04,69.044
1990-07-05,79.9505
1990-07-06,71.055
1990-07-07,74.357
1990-07-08,65.8235
1990-07-09,66.2915
1990-07-10,75.213
1990-07-11,71.604996
1990-07-12,72.539
1990-07-13,71.262
1990-07-14,68.741
1990-07-15,64.09
1990-07-16,63.4745
1990-07-17,59.024
1990-07-18,57.427
1990-07-19,72.167496
1990-07-20,76.987
1990-07-21,71.1015
1990-07-22,66.8295
1990-07-23,67.5635
1990-07-24,65.4535
1990-07-25,67.2285
1990-07-26,70.9305
1990-07-27,72.259
1990-07-28,71.7605
1990-07-29,65.317
1990-07-30,61.884
1990-07-31,58.5205
1990-08-01,62.135998
1990-08-02,66.391
1990-08-03,65.652
1990-08-04,58.913998
1990-08-05,61.334
1990-08-06,44.703
1990-08-07,58.273
1990-08-08,77.2345
1990-08-09,85.249
1990-08-10,83.522
1990-08-11,83.069496
1990-08-12,69.991
1990-08-13,70.6205
1990-08-14,67.902
1990-08-15,62.127
1990-08-16,59.569
1990-08-17,60.032997
1990-08-18,75.7075
1990-08-19,70.035995
1990-08-20,63.450497
1990-08-21,72.8375
1990-08-22,70.178
1990-08-23,76.344
1990-08-24,70.99
1990-08-25,62.822
1990-08-26,60.411
1990-08-27,62.5225
1990-08-28,61.465
1990-08-29,64.654
1990-08-30,64.7495
1990-08-31,64.1355
1990-09-01,53.474
1990-09-02,72.277
1990-09-03,83.395004
1990-09-04,78.81
1990-09-05,76.179
1990-09-06,86.832
1990-09-07,84.000496
1990-09-08,81.0875
1990-09-09,69.8055
1990-09-10,67.6585
1990-09-11,82.8985
1990-09-12,90.15948
1990-09-13,83.1305
1990-09-14,74.9695
1990-09-15,73.27
1990-09-16,73.361496
1990-09-17,83.546
1990-09-18,72.0685
1990-09-19,79.861496
1990-09-20,68.9895
1990-09-21,64.0215
1990-09-22,63.938
1990-09-23,68.647
1990-09-24,75.2915
1990-09-25,73.8365
1990-09-26,64.5965
1990-09-27,78.9945
1990-09-28,85.2905
1990-09-29,72.666
1990-09-30,66.1245
1990-10-01,66.6445
1990-10-02,75.0505
1990-10-03,86.625
1990-10-04,77.553
1990-10-05,81.774
1990-10-06,80.848
1990-10-07,68.7525
1990-10-08,77.4945
1990-10-09,81.78
1990-10-10,80.06
1990-10-11,65.9365
1990-10-12,67.225
1990-10-13,68.9905
1990-10-14,68.487495
1990-10-15,68.533
1990-10-16,75.5215
1990-10-17,66.4165
1990-10-18,70.6545
1990-10-19,68.362495
1990-10-20,75.556
1990-10-21,85.537
1990-10-22,81.796844
1990-10-23,81.9685
1990-10-24,79.0775
1990-10-25,76.265495
1990-10-26,72.243
1990-10-27,88.032
1990-10-28,89.411766
1990-10-29,85.386
1990-10-30,87.7135
1990-10-31,73.1905
1990-11-01,79.7125
1990-11-02,83.3705
1990-11-03,81.9175
1990-11-04,88.151665
1990-11-05,86.04823
1990-11-06,83.28
1990-11-07,86.09106
1990-11-08,86.4379
1990-11-09,83.347
1990-11-10,81.144
1990-11-11,77.625
1990-11-12,79.537
1990-11-13,85.123
1990-11-14,80.507996
1990-11-15,83.9195
1990-11-16,88.16
1990-11-17,83.081
1990-11-18,77.5615
1990-11-19,73.332
1990-11-20,82.2615
1990-11-21,77.8885
1990-11-22,75.478
1990-11-23,78.012
1990-11-24,82.937775
1990-11-25,88.37334
1990-11-26,91.67412
1990-11-27,92.15
1990-11-28,87.99467
1990-11-29,86.011
1990-11-30,89.915
1990-12-01,91.89072
1990-12-02,91.48818
1990-12-03,92.11429
1990-12-04,92.439095
1990-12-05,91.596924
1990-12-06,92.002
1990-12-07,90.84334
1990-12-08,90.433
1990-12-09,89.58895
1990-12-10,90.704704
1990-12-11,91.00584
1990-12-12,94.71
1990-12-13,94.3525
1990-12-14,93.24
1990-12-15,92.479996
1990-12-16,93.10167
1990-12-17,91.88909
1990-12-18,93.484
1990-12-19,92.17
1990-12-20,91.445
1990-12-21,90.87778
1990-12-22,83.658
1990-12-23,85.82611
1990-12-24,85.994736
1990-12-25,91.5025
1990-12-26,87.187225
1990-12-27,85.10368
1990-12-28,92.183334
1990-12-29,90.866
1990-12-30,86.827225
1990-12-31,84.305786
1991-01-01,89.94316
1991-01-02,87.31368
1991-01-03,79.803154
1991-01-04,76.7595
1991-01-05,83.31
1991-01-06,89.006
1991-01-07,89.54474
1991-01-08,90.465
1991-01-09,88.658424
1991-01-10,86.0225
1991-01-11,81.9245
1991-01-12,85.3815
1991-01-13,91.841
1991-01-14,85.5555
1991-01-15,84.988945
1991-01-16,74.9765
1991-01-17,79.566
1991-01-18,84.95737
1991-01-19,82.7905
1991-01-20,81.4415
1991-01-21,80.212
1991-01-22,83.4825
1991-01-23,80.578
1991-01-24,82.492
1991-01-25,79.4375
1991-01-26,76.340996
1991-01-27,80.4555
1991-01-28,85.389
1991-01-29,86.49117
1991-01-30,84.124
1991-01-31,81.1335
1991-02-01,86.48473
1991-02-02,78.1765
1991-02-03,84.020996
1991-02-04,79.86
1991-02-05,88.87684
1991-02-06,91.416
1991-02-07,92.07
1991-02-08,88.69278
1991-02-09,88.958824
1991-02-10,92.329
1991-02-11,90.4875
1991-02-12,93.317
1991-02-13,89.42111
1991-02-14,89.45389
1991-02-15,93.101425
1991-02-16,84.83211
1991-02-17,87.9615
1991-02-18,81.857
1991-02-19,83.7395
1991-02-20,81.7195
1991-02-21,83.5685
1991-02-22,92.05647
1991-02-23,90.56467
1991-02-24,91.6
1991-02-25,90.415886
1991-02-26,87.8175
1991-02-27,88.063
1991-02-28,89.16778
1991-03-01,80.893
1991-03-02,86.252
1991-03-03,85.6055
1991-03-04,81.0865
1991-03-05,84.3785
1991-03-06,83.8635
1991-03-07,89.67778
1991-03-08,89.91187
1991-03-09,88.89667
1991-03-10,87.6
1991-03-11,85.302
1991-03-12,87.1985
1991-03-13,86.545
1991-03-14,75.6785
1991-03-15,65.8405
1991-03-16,81.961494
1991-03-17,93.78222
1991-03-18,88.46916
1991-03-19,88.981
1991-03-20,90.486115
1991-03-21,86.943
1991-03-22,74.2355
1991-03-23,77.7845
1991-03-24,79.5645
1991-03-25,86.58316
1991-03-26,87.85105
1991-03-27,80.71632
1991-03-28,89.15941
1991-03-29,89.98133
1991-03-30,83.0455
1991-03-31,90.71611
1991-04-01,88.026
1991-04-02,76.7865
1991-04-03,69.5365
1991-04-04,69.084
1991-04-05,70.1785
1991-04-06,74.6515
1991-04-07,79.847
1991-04-08,91.246666
1991-04-09,84.270996
1991-04-10,76.5495
1991-04-11,76.6745
1991-04-12,75.033
1991-04-13,73.8435
1991-04-14,85.983
1991-04-15,83.8525
1991-04-16,76.6965
1991-04-17,68.6975
1991-04-18,82.364
1991-04-19,80.87
1991-04-20,82.1425
1991-04-21,80.8635
1991-04-22,82.6375
1991-04-23,84.0825
1991-04-24,88.43611
1991-04-25,83.065
1991-04-26,78.119995
1991-04-27,77.084
1991-04-28,89.33632
1991-04-29,92.72
1991-04-30,83.669
1991-05-01,71.326
1991-05-02,67.803
1991-05-03,67.8985
1991-05-04,68.703
1991-05-05,83.264496
1991-05-06,80.789
1991-05-07,81.6345
1991-05-08,88.9275
1991-05-09,80.8325
1991-05-10,74.617
1991-05-11,79.9265
1991-05-12,83.2055
1991-05-13,88.696
1991-05-14,79.831
1991-05-15,86.04842
1991-05-16,83.1345
1991-05-17,88.168
1991-05-18,80.7635
1991-05-19,83.4255
1991-05-20,88.13
1991-05-21,75.770996
1991-05-22,73.009
1991-05-23,67.892
1991-05-24,85.9965
1991-05-25,91.62294
1991-05-26,83.4915
1991-05-27,74.483
1991-05-28,89.786316
1991-05-29,90.55
1991-05-30,83.041504
1991-05-31,76.087
1991-06-01,75.3155
1991-06-02,74.544495
1991-06-03,75.452995
1991-06-04,88.154
1991-06-05,91.20273
1991-06-06,83.7305
1991-06-07,86.509476
1991-06-08,91.145004
1991-06-09,91.475296
1991-06-10,80.8985
1991-06-11,82.4705
1991-06-12,81.8235
1991-06-13,76.858
1991-06-14,79.727
1991-06-15,78.645996
1991-06-16,72.0725
1991-06-17,66.529
1991-06-18,77.627
1991-06-19,85.677
1991-06-20,84.767
1991-06-21,84.629
1991-06-22,80.8565
1991-06-23,76.9495
1991-06-24,74.6975
1991-06-25,74.5535
1991-06-26,71.858
1991-06-27,75.895996
1991-06-28,73.1205
1991-06-29,83.823
1991-06-30,84.513
1991-07-01,93.84
1991-07-02,94.19
1991-07-03,86.937
1991-07-04,88.50056
1991-07-05,92.88461
1991-07-06,88.472
1991-07-07,80.952995
1991-07-08,75.483
1991-07-09,79.410995
1991-07-10,78.968994
1991-07-11,73.9475
1991-07-12,74.3175
1991-07-13,71.948
1991-07-14,81.9145
1991-07-15,83.1355
1991-07-16,81.6095
1991-07-17,77.927
1991-07-18,89.72158
1991-07-19,79.36
1991-07-20,79.341995
1991-07-21,78.3835
1991-07-22,78.2005
1991-07-23,73.7265
1991-07-24,75.6495
1991-07-25,76.5225
1991-07-26,79.9165
1991-07-27,88.67067
1991-07-28,90.25235
1991-07-29,87.0965
1991-07-30,91.23579
1991-07-31,80.208
1991-08-01,77.9815
1991-08-02,85.6065
1991-08-03,87.455
1991-08-04,84.5265
1991-08-05,84.3275
1991-08-06,84.3075
1991-08-07,78.9
1991-08-08,74.118996
1991-08-09,72.7325
1991-08-10,77.302
1991-08-11,77.224
1991-08-12,80.8875
1991-08-13,83.036995
1991-08-14,84.784
1991-08-15,79.0
1991-08-16,86.5985
1991-08-17,77.617
1991-08-18,78.5125
1991-08-19,79.3805
1991-08-20,80.681496
1991-08-21,82.3175
1991-08-22,79.9935
1991-08-23,76.236
1991-08-24,73.9905
1991-08-25,78.780495
1991-08-26,81.525
1991-08-27,86.351
1991-08-28,86.1745
1991-08-29,85.619
1991-08-30,87.9295
1991-08-31,83.875496
1991-09-01,81.8275
1991-09-02,78.9435
1991-09-03,76.9015
1991-09-04,75.1365
1991-09-05,73.715
1991-09-06,68.9
1991-09-07,74.866
1991-09-08,78.0125
1991-09-09,71.205
1991-09-10,73.3965
1991-09-11,67.8505
1991-09-12,73.204
1991-09-13,76.2555
1991-09-14,78.125496
1991-09-15,76.779
1991-09-16,78.276
1991-09-17,74.607
1991-09-18,80.9205
1991-09-19,83.964
1991-09-20,78.901
1991-09-21,82.4895
1991-09-22,75.5185
1991-09-23,78.792496
1991-09-24,81.754
1991-09-25,79.787
1991-09-26,77.2255
1991-09-27,71.221
1991-09-28,85.2825
1991-09-29,76.131996
1991-09-30,78.115
1991-10-01,67.822
1991-10-02,79.377
1991-10-03,86.97421
1991-10-04,87.522
1991-10-05,80.6775
1991-10-06,81.0055
1991-10-07,79.0925
1991-10-08,87.01369
1991-10-09,87.822
1991-10-10,90.005
1991-10-11,84.752
1991-10-12,83.2545
1991-10-13,88.084
1991-10-14,82.7525
1991-10-15,80.291
1991-10-16,85.9855
1991-10-17,81.9295
1991-10-18,79.171
1991-10-19,73.747
1991-10-20,82.1275
1991-10-21,88.3525
1991-10-22,89.05526
1991-10-23,78.8635
1991-10-24,78.355995
1991-10-25,89.49111
1991-10-26,83.42895
1991-10-27,84.75
1991-10-28,86.7495
1991-10-29,83.9165
1991-10-30,80.8495
1991-10-31,70.068
1991-11-01,83.252
1991-11-02,81.4645
1991-11-03,79.8035
1991-11-04,75.891
1991-11-05,86.706474
1991-11-06,91.79421
1991-11-07,91.49556
1991-11-08,93.244286
1991-11-09,89.82
1991-11-10,91.835625
1991-11-11,89.814
1991-11-12,91.34294
1991-11-13,88.437775
1991-11-14,82.682
1991-11-15,87.617226
1991-11-16,83.144
1991-11-17,87.56529
1991-11-18,91.40818
1991-11-19,87.3725
1991-11-20,85.583
1991-11-21,92.57616
1991-11-22,92.49273
1991-11-23,92.53917
1991-11-24,92.432
1991-11-25,92.17
1991-11-26,92.992
1991-11-27,90.63
1991-11-28,92.12
1991-11-29,91.13077
1991-11-30,92.06273
1991-12-01,88.59588
1991-12-02,88.04647
1991-12-03,85.33632
1991-12-04,88.23944
1991-12-05,88.403
1991-12-06,87.345
1991-12-07,88.588
1991-12-08,85.48053
1991-12-09,86.07625
1991-12-10,85.76894
1991-12-11,85.08894
1991-12-12,81.588
1991-12-13,80.3125
1991-12-14,76.4975
1991-12-15,74.143
1991-12-16,80.994446
1991-12-17,83.944
1991-12-18,85.9365
1991-12-19,91.91818
1991-12-20,89.20889
1991-12-21,93.53286
1991-12-22,91.23
1991-12-23,89.333
1991-12-24,88.177895
1991-12-25,89.01945
1991-12-26,82.7785
1991-12-27,85.5655
1991-12-28,89.78764
1991-12-29,87.59294
1991-12-30,87.67555
1991-12-31,87.397
1992-01-01,80.794
1992-01-02,75.978
1992-01-03,60.3525
1992-01-04,67.9805
1992-01-05,70.6015
1992-01-06,81.894
1992-01-07,84.866
1992-01-08,74.9235
1992-01-09,73.449
1992-01-10,76.9555
1992-01-11,83.013504
1992-01-12,91.0535
1992-01-13,79.5275
1992-01-14,74.7175
1992-01-15,86.07474
1992-01-16,82.573
1992-01-17,71.868996
1992-01-18,59.878998
1992-01-19,78.856995
1992-01-20,83.869
1992-01-21,82.4315
1992-01-22,80.101
1992-01-23,84.6215
1992-01-24,86.56684
1992-01-25,89.0365
1992-01-26,87.611
1992-01-27,86.9521
1992-01-28,85.493
1992-01-29,83.372
1992-01-30,76.9245
1992-01-31,77.302
1992-02-01,76.227
1992-02-02,76.184
1992-02-03,77.8945
1992-02-04,79.641
1992-02-05,83.762
1992-02-06,80.6075
1992-02-07,85.225266
1992-02-08,87.649414
1992-02-09,86.31333
1992-02-10,79.459
1992-02-11,73.1565
1992-02-12,80.2985
1992-02-13,76.965
1992-02-14,80.846
1992-02-15,72.1075
1992-02-16,74.736496
1992-02-17,87.46555
1992-02-18,85.21
1992-02-19,81.695
1992-02-20,80.5155
1992-02-21,83.924
1992-02-22,77.589
1992-02-23,82.512
1992-02-24,84.255
1992-02-25,77.5745
1992-02-26,74.306496
1992-02-27,69.6915
1992-02-28,65.0155
1992-02-29,76.124
1992-03-01,78.798004
1992-03-02,70.729996
1992-03-03,71.5415
1992-03-04,65.903
1992-03-05,62.241
1992-03-06,73.7935
1992-03-07,77.063995
1992-03-08,69.5665
1992-03-09,76.6165
1992-03-10,72.9785
1992-03-11,74.821
1992-03-12,77.839
1992-03-13,59.206497
1992-03-14,68.972
1992-03-15,80.073
1992-03-16,79.013
1992-03-17,76.162
1992-03-18,80.996
1992-03-19,92.122856
1992-03-20,90.95059
1992-03-21,77.6405
1992-03-22,77.415
1992-03-23,74.391
1992-03-24,66.974
1992-03-25,58.43
1992-03-26,71.675995
1992-03-27,69.456
1992-03-28,82.899
1992-03-29,88.99842
1992-03-30,67.6835
1992-03-31,52.2105
1992-04-01,60.748
1992-04-02,67.7735
1992-04-03,67.976
1992-04-04,69.0025
1992-04-05,70.1735
1992-04-06,79.6775
1992-04-07,87.6355
1992-04-08,84.018
1992-04-09,84.729
1992-04-10,92.434
1992-04-11,91.091576
1992-04-12,87.43842
1992-04-13,74.5605
1992-04-14,67.410995
1992-04-15,67.2885
1992-04-16,61.733
1992-04-17,76.019
1992-04-18,82.554
1992-04-19,90.479996
1992-04-20,82.1975
1992-04-21,72.748
1992-04-22,63.426
1992-04-23,57.843998
1992-04-24,81.749
1992-04-25,74.784996
1992-04-26,65.4675
1992-04-27,65.302
1992-04-28,65.8025
1992-04-29,74.026
1992-04-30,79.611496
1992-05-01,60.628
1992-05-02,59.0575
1992-05-03,51.556
1992-05-04,63.337997
1992-05-05,61.6615
1992-05-06,63.363
1992-05-07,61.802998
1992-05-08,76.139
1992-05-09,70.572495
1992-05-10,65.2265
1992-05-11,62.425
1992-05-12,68.614
1992-05-13,68.7865
1992-05-14,71.9495
1992-05-15,54.553497
1992-05-16,51.358997
1992-05-17,57.9245
1992-05-18,89.336
1992-05-19,83.9675
1992-05-20,72.4245
1992-05-21,63.5685
1992-05-22,65.6405
1992-05-23,76.1905
1992-05-24,63.684498
1992-05-25,68.183
1992-05-26,77.4685
1992-05-27,81.967
1992-05-28,78.8435
1992-05-29,74.1785
1992-05-30,86.5365
1992-05-31,64.9385
1992-06-01,67.2055
1992-06-02,67.167
1992-06-03,67.7825
1992-06-04,79.456
1992-06-05,81.113495
1992-06-06,80.904495
1992-06-07,73.9105
1992-06-08,77.9685
1992-06-09,86.365
1992-06-10,84.755
1992-06-11,79.0075
1992-06-12,74.809
1992-06-13,77.201996
1992-06-14,83.4085
1992-06-15,88.794
1992-06-16,83.138
1992-06-17,84.737495
1992-06-18,89.075
1992-06-19,82.268
1992-06-20,80.3395
1992-06-21,82.30105
1992-06-22,75.154
1992-06-23,71.602
1992-06-24,58.84
1992-06-25,75.59
1992-06-26,84.389496
1992-06-27,77.231
1992-06-28,71.8455
1992-06-29,71.2975
1992-06-30,67.6105
1992-07-01,77.487495
1992-07-02,73.348
1992-07-03,75.877
1992-07-04,67.922
1992-07-05,67.312996
1992-07-06,69.4845
1992-07-07,65.422
1992-07-08,63.054497
1992-07-09,62.803
1992-07-10,63.7185
1992-07-11,72.002
1992-07-12,78.172
1992-07-13,78.3435
1992-07-14,76.7885
1992-07-15,80.585
1992-07-16,76.4505
1992-07-17,67.878
1992-07-18,69.756996
1992-07-19,78.042
1992-07-20,77.3085
1992-07-21,70.2555
1992-07-22,70.2895
1992-07-23,75.788
1992-07-24,78.5735
1992-07-25,77.2205
1992-07-26,77.1905
1992-07-27,76.445
1992-07-28,68.001495
1992-07-29,66.5535
1992-07-30,61.0635
1992-07-31,64.18
1992-08-01,67.7215
1992-08-02,65.0735
1992-08-03,62.7565
1992-08-04,68.931496
1992-08-05,73.435
1992-08-06,72.7125
1992-08-07,70.6185
1992-08-08,63.290497
1992-08-09,62.8945
1992-08-10,59.913498
1992-08-11,61.4935
1992-08-12,65.395996
1992-08-13,59.121998
1992-08-14,61.091
1992-08-15,73.8595
1992-08-16,78.5995
1992-08-17,67.4015
1992-08-18,61.9045
1992-08-19,61.7725
1992-08-20,63.038998
1992-08-21,58.0075
1992-08-22,68.752
1992-08-23,72.389496
1992-08-24,76.1035
1992-08-25,69.284
1992-08-26,64.1125
1992-08-27,58.236
1992-08-28,56.378498
1992-08-29,53.269497
1992-08-30,55.5615
1992-08-31,65.607
1992-09-01,53.4325
1992-09-02,63.016
1992-09-03,59.7185
1992-09-04,62.586998
1992-09-05,87.2625
1992-09-06,62.5775
1992-09-07,69.932495
1992-09-08,65.398
1992-09-09,65.574
1992-09-10,63.3615
1992-09-11,72.503
1992-09-12,71.014496
1992-09-13,69.944
1992-09-14,69.3305
1992-09-15,71.973
1992-09-16,69.937
1992-09-17,65.393
1992-09-18,70.2565
1992-09-19,72.625
1992-09-20,74.141
1992-09-21,71.5165
1992-09-22,61.726997
1992-09-23,73.0325
1992-09-24,68.256996
1992-09-25,55.192997
1992-09-26,53.086
1992-09-27,61.059498
1992-09-28,59.8635
1992-09-29,69.0085
1992-09-30,78.348495
1992-10-01,80.257
1992-10-02,71.283
1992-10-03,71.453995
1992-10-04,78.728
1992-10-05,82.5445
1992-10-06,76.39
1992-10-07,72.2655
1992-10-08,78.7995
1992-10-09,68.514496
1992-10-10,67.1085
1992-10-11,77.144
1992-10-12,79.5865
1992-10-13,77.6985
1992-10-14,69.3525
1992-10-15,83.828
1992-10-16,80.4035
1992-10-17,74.578
1992-10-18,79.085
1992-10-19,74.225
1992-10-20,68.9085
1992-10-21,79.8045
1992-10-22,77.349
1992-10-23,79.2275
1992-10-24,82.5425
1992-10-25,79.5885
1992-10-26,72.1995
1992-10-27,80.834
1992-10-28,73.459
1992-10-29,82.206
1992-10-30,74.1225
1992-10-31,73.838
1992-11-01,80.8905
1992-11-02,77.9635
1992-11-03,83.4921
1992-11-04,83.4725
1992-11-05,75.5185
1992-11-06,77.894
1992-11-07,69.738
1992-11-08,59.2485
1992-11-09,76.4505
1992-11-10,67.224
1992-11-11,56.938
1992-11-12,82.5945
1992-11-13,73.842
1992-11-14,88.2935
1992-11-15,76.047
1992-11-16,71.403
1992-11-17,76.2715
1992-11-18,89.128944
1992-11-19,84.229
1992-11-20,81.714
1992-11-21,75.4365
1992-11-22,80.111496
1992-11-23,74.923
1992-11-24,73.241
1992-11-25,72.585
1992-11-26,79.591995
1992-11-27,73.001
1992-11-28,61.479
1992-11-29,78.8515
1992-11-30,88.99611
1992-12-01,83.0335
1992-12-02,72.0065
1992-12-03,76.101
1992-12-04,76.589
1992-12-05,75.0715
1992-12-06,84.723495
1992-12-07,89.58312
1992-12-08,86.69222
1992-12-09,90.496666
1992-12-10,92.95917
1992-12-11,91.575
1992-12-12,91.863846
1992-12-13,83.811
1992-12-14,85.62
1992-12-15,87.29278
1992-12-16,85.424446
1992-12-17,90.04059
1992-12-18,91.17286
1992-12-19,89.472664
1992-12-20,87.27059
1992-12-21,88.298
1992-12-22,81.9135
1992-12-23,79.852
1992-12-24,80.7145
1992-12-25,86.10895
1992-12-26,84.017
1992-12-27,80.5365
1992-12-28,81.931
1992-12-29,78.33579
1992-12-30,71.1625
1992-12-31,75.9295
1993-01-01,82.8885
1993-01-02,81.2035
1993-01-03,81.746
1993-01-04,77.22158
1993-01-05,81.8095
1993-01-06,77.9915
1993-01-07,73.8995
1993-01-08,87.1665
1993-01-09,85.168945
1993-01-10,85.0915
1993-01-11,74.0245
1993-01-12,72.118996
1993-01-13,68.478
1993-01-14,67.9485
1993-01-15,61.8765
1993-01-16,60.8955
1993-01-17,64.487
1993-01-18,70.826
1993-01-19,74.06
1993-01-20,85.1035
1993-01-21,79.9155
1993-01-22,67.446
1993-01-23,49.746998
1993-01-24,60.170998
1993-01-25,60.1215
1993-01-26,71.9775
1993-01-27,73.4285
1993-01-28,65.86
1993-01-29,81.56
1993-01-30,82.98947
1993-01-31,78.4345
1993-02-01,80.3375
1993-02-02,80.6835
1993-02-03,77.458
1993-02-04,70.359
1993-02-05,55.920498
1993-02-06,67.873
1993-02-07,77.8595
1993-02-08,70.8865
1993-02-09,72.4815
1993-02-10,72.849
1993-02-11,70.836
1993-02-12,56.164997
1993-02-13,62.139
1993-02-14,75.462
1993-02-15,79.793
1993-02-16,69.748
1993-02-17,72.0545
1993-02-18,75.518
1993-02-19,76.5225
1993-02-20,82.806
1993-02-21,78.3585
1993-02-22,90.91454
1993-02-23,89.536
1993-02-24,82.5135
1993-02-25,83.92842
1993-02-26,87.404
1993-02-27,82.393
1993-02-28,73.5515
1993-03-01,85.55631
1993-03-02,89.159996
1993-03-03,89.28267
1993-03-04,90.104996
1993-03-05,89.31105
1993-03-06,87.92
1993-03-07,89.13529
1993-03-08,93.348465
1993-03-09,90.125626
1993-03-10,86.3425
1993-03-11,79.93
1993-03-12,82.002
1993-03-13,81.465996
1993-03-14,85.214
1993-03-15,78.2605
1993-03-16,81.808
1993-03-17,88.72842
1993-03-18,93.296
1993-03-19,74.307
1993-03-20,66.3435
1993-03-21,63.1415
1993-03-22,59.804
1993-03-23,67.8945
1993-03-24,73.1905
1993-03-25,82.976
1993-03-26,91.39333
1993-03-27,90.84588
1993-03-28,91.159996
1993-03-29,83.3015
1993-03-30,82.969
1993-03-31,82.106
1993-04-01,81.319496
1993-04-02,76.69
1993-04-03,69.5865
1993-04-04,82.4135
1993-04-05,84.704
1993-04-06,78.255
1993-04-07,85.0495
1993-04-08,79.4705
1993-04-09,81.289
1993-04-10,74.0535
1993-04-11,73.06
1993-04-12,85.899475
1993-04-13,78.866
1993-04-14,73.681
1993-04-15,84.3845
1993-04-16,82.9921
1993-04-17,88.24722
1993-04-18,78.5225
1993-04-19,67.874
1993-04-20,64.3385
1993-04-21,59.4745
1993-04-22,50.580498
1993-04-23,59.885
1993-04-24,57.284
1993-04-25,49.621
1993-04-26,47.0215
1993-04-27,51.883
1993-04-28,56.218
1993-04-29,65.5965
1993-04-30,73.295
1993-05-01,72.839
1993-05-02,61.41
1993-05-03,66.7875
1993-05-04,85.20579
1993-05-05,75.482
1993-05-06,74.7315
1993-05-07,78.1105
1993-05-08,85.642
1993-05-09,77.603
1993-05-10,67.228
1993-05-11,55.96
1993-05-12,60.667
1993-05-13,64.724
1993-05-14,78.0195
1993-05-15,82.7455
1993-05-16,77.922
1993-05-17,82.071
1993-05-18,85.682
1993-05-19,80.6385
1993-05-20,76.570496
1993-05-21,75.867
1993-05-22,78.6905
1993-05-23,80.292
1993-05-24,80.285995
1993-05-25,81.545
1993-05-26,80.7755
1993-05-27,69.9915
1993-05-28,66.1035
1993-05-29,70.6185
1993-05-30,68.070496
1993-05-31,78.1155
1993-06-01,78.185
1993-06-02,71.494
1993-06-03,73.8535
1993-06-04,68.932
1993-06-05,74.7965
1993-06-06,69.131
1993-06-07,68.13
1993-06-08,73.401
1993-06-09,74.017
1993-06-10,70.1525
1993-06-11,64.3715
1993-06-12,63.545
1993-06-13,70.052
1993-06-14,74.854996
1993-06-15,80.629
1993-06-16,71.229
1993-06-17,68.5515
1993-06-18,79.8445
1993-06-19,70.603
1993-06-20,62.760498
1993-06-21,65.414
1993-06-22,61.121
1993-06-23,67.817
1993-06-24,72.0035
1993-06-25,68.2525
1993-06-26,63.6375
1993-06-27,75.4395
1993-06-28,64.939
1993-06-29,77.97
1993-06-30,61.191498
1993-07-01,63.7595
1993-07-02,63.065998
1993-07-03,53.253998
1993-07-04,58.829998
1993-07-05,67.9525
1993-07-06,68.6805
1993-07-07,82.079
1993-07-08,76.185
1993-07-09,56.829
1993-07-10,54.565
1993-07-11,53.949497
1993-07-12,69.3545
1993-07-13,80.0535
1993-07-14,70.864
1993-07-15,58.961
1993-07-16,70.729996
1993-07-17,65.3715
1993-07-18,66.3815
1993-07-19,66.024
1993-07-20,62.801
1993-07-21,66.5685
1993-07-22,85.63263
1993-07-23,72.866
1993-07-24,65.1005
1993-07-25,58.705498
1993-07-26,73.414
1993-07-27,78.972496
1993-07-28,70.6025
1993-07-29,65.069
1993-07-30,61.595497
1993-07-31,63.6725
1993-08-01,68.3515
1993-08-02,64.433
1993-08-03,60.27
1993-08-04,61.86
1993-08-05,56.454
1993-08-06,59.684
1993-08-07,64.14
1993-08-08,62.742
1993-08-09,67.7635
1993-08-10,86.134
1993-08-11,76.4815
1993-08-12,67.4335
1993-08-13,60.6315
1993-08-14,64.5215
1993-08-15,62.618
1993-08-16,60.3255
1993-08-17,64.2065
1993-08-18,67.281
1993-08-19,63.8895
1993-08-20,64.698
1993-08-21,66.778496
1993-08-22,57.678497
1993-08-23,51.837997
1993-08-24,59.156998
1993-08-25,62.121998
1993-08-26,69.392
1993-08-27,74.895
1993-08-28,82.6005
1993-08-29,81.657
1993-08-30,85.611496
1993-08-31,75.143
1993-09-01,80.4495
1993-09-02,83.7995
1993-09-03,75.7385
1993-09-04,64.2295
1993-09-05,85.765
1993-09-06,78.6665
1993-09-07,60.4325
1993-09-08,58.510998
1993-09-09,70.708
1993-09-10,68.344
1993-09-11,67.535995
1993-09-12,77.147995
1993-09-13,68.1305
1993-09-14,53.1555
1993-09-15,78.465
1993-09-16,71.423996
1993-09-17,70.9485
1993-09-18,68.2385
1993-09-19,73.0685
1993-09-20,63.215
1993-09-21,69.091995
1993-09-22,57.857998
1993-09-23,62.0175
1993-09-24,60.781998
1993-09-25,56.495
1993-09-26,62.3535
1993-09-27,74.295
1993-09-28,68.417
1993-09-29,72.155495
1993-09-30,80.5015
1993-10-01,79.443
1993-10-02,73.5575
1993-10-03,71.326
1993-10-04,84.6505
1993-10-05,90.711174
1993-10-06,87.1935
1993-10-07,77.6475
1993-10-08,73.943
1993-10-09,74.7935
1993-10-10,78.5735
1993-10-11,70.781
1993-10-12,70.09
1993-10-13,59.792
1993-10-14,54.2415
1993-10-15,60.608498
1993-10-16,69.6375
1993-10-17,71.986496
1993-10-18,70.987
1993-10-19,79.1655
1993-10-20,87.7005
1993-10-21,89.923996
1993-10-22,84.8315
1993-10-23,82.6555
1993-10-24,84.5445
1993-10-25,87.998886
1993-10-26,85.9415
1993-10-27,87.7005
1993-10-28,78.542
1993-10-29,78.65474
1993-10-30,70.0335
1993-10-31,67.102
1993-11-01,80.843
1993-11-02,66.979
1993-11-03,73.462
1993-11-04,85.32
1993-11-05,92.16571
1993-11-06,91.9325
1993-11-07,90.69538
1993-11-08,87.16534
1993-11-09,92.2725
1993-11-10,91.23
1993-11-11,82.81
1993-11-12,66.1525
1993-11-13,77.366
1993-11-14,89.99895
1993-11-15,91.593575
1993-11-16,92.1425
1993-11-17,92.276
1993-11-18,85.1985
1993-11-19,83.33
1993-11-20,90.249
1993-11-21,92.487274
1993-11-22,93.14
1993-11-23,92.81231
1993-11-24,89.6553
1993-11-25,88.052
1993-11-26,83.889496
1993-11-27,83.884
1993-11-28,87.1
1993-11-29,90.869415
1993-11-30,91.62615
1993-12-01,86.31
1993-12-02,85.4305
1993-12-03,85.394
1993-12-04,86.35294
1993-12-05,90.38
1993-12-06,90.225
1993-12-07,87.814
1993-12-08,90.516
1993-12-09,86.2021
1993-12-10,73.876495
1993-12-11,82.448
1993-12-12,85.96526
1993-12-13,83.349
1993-12-14,78.507996
1993-12-15,85.0775
1993-12-16,83.48473
1993-12-17,84.54842
1993-12-18,75.822
1993-12-19,80.0615
1993-12-20,81.817
1993-12-21,75.9335
1993-12-22,74.062996
1993-12-23,77.941
1993-12-24,80.639496
1993-12-25,80.183
1993-12-26,77.5535
1993-12-27,86.384735
1993-12-28,86.19
1993-12-29,86.6385
1993-12-30,87.0905
1993-12-31,79.296
1994-01-01,88.0879
1994-01-02,93.057495
1994-01-03,89.66563
1994-01-04,83.5555
1994-01-05,85.6675
1994-01-06,86.0575
1994-01-07,82.70105
1994-01-08,83.488
1994-01-09,92.93429
1994-01-10,90.00778
1994-01-11,87.895
1994-01-12,93.922
1994-01-13,92.09154
1994-01-14,
1994-01-15,94.26125
1994-01-16,82.983154
1994-01-17,87.589
1994-01-18,87.916504
1994-01-19,83.77579
1994-01-20,80.968
1994-01-21,92.5125
1994-01-22,88.445
1994-01-23,85.4685
1994-01-24,73.3155
1994-01-25,76.034
1994-01-26,75.5375
1994-01-27,85.5735
1994-01-28,83.9755
1994-01-29,86.562
1994-01-30,81.6075
1994-01-31,81.886
1994-02-01,80.7295
1994-02-02,72.638
1994-02-03,78.1025
1994-02-04,73.808
1994-02-05,84.042
1994-02-06,91.11364
1994-02-07,85.7575
1994-02-08,89.31555
1994-02-09,87.89823
1994-02-10,81.8415
1994-02-11,83.9265
1994-02-12,85.5815
1994-02-13,67.629
1994-02-14,67.632996
1994-02-15,75.729996
1994-02-16,76.652
1994-02-17,73.491
1994-02-18,85.406
1994-02-19,87.937225
1994-02-20,88.45611
1994-02-21,91.14
1994-02-22,90.00072
1994-02-23,81.8465
1994-02-24,81.2405
1994-02-25,89.73625
1994-02-26,82.7735
1994-02-27,72.225
1994-02-28,65.2755
1994-03-01,67.247
1994-03-02,70.7285
1994-03-03,75.376
1994-03-04,71.1755
1994-03-05,81.9285
1994-03-06,78.343994
1994-03-07,72.8595
1994-03-08,87.7525
1994-03-09,84.753685
1994-03-10,75.5495
1994-03-11,79.2395
1994-03-12,61.303997
1994-03-13,67.945496
1994-03-14,72.2825
1994-03-15,63.8505
1994-03-16,66.0095
1994-03-17,81.26
1994-03-18,66.181
1994-03-19,52.664497
1994-03-20,63.9395
1994-03-21,72.0615
1994-03-22,74.683
1994-03-23,68.175995
1994-03-24,69.2965
1994-03-25,54.439
1994-03-26,65.4435
1994-03-27,83.96
1994-03-28,86.5905
1994-03-29,74.589
1994-03-30,68.4935
1994-03-31,64.769
1994-04-01,58.288998
1994-04-02,65.9875
1994-04-03,77.384
1994-04-04,76.488
1994-04-05,86.64737
1994-04-06,91.14412
1994-04-07,86.6205
1994-04-08,72.7315
1994-04-09,88.68105
1994-04-10,77.163
1994-04-11,75.605995
1994-04-12,63.552498
1994-04-13,71.006
1994-04-14,61.165
1994-04-15,58.372498
1994-04-16,67.7035
1994-04-17,57.255497
1994-04-18,77.1715
1994-04-19,73.423996
1994-04-20,74.3535
1994-04-21,72.409996
1994-04-22,86.8635
1994-04-23,87.0945
1994-04-24,81.6075
1994-04-25,76.8535
1994-04-26,77.7845
1994-04-27,82.2905
1994-04-28,88.11105
1994-04-29,82.832
1994-04-30,77.933
1994-05-01,73.5305
1994-05-02,73.0405
1994-05-03,71.933
1994-05-04,66.2265
1994-05-05,60.2525
1994-05-06,72.973
1994-05-07,85.069
1994-05-08,84.764
1994-05-09,86.5625
1994-05-10,78.8985
1994-05-11,75.535995
1994-05-12,73.965
1994-05-13,68.9495
1994-05-14,66.878
1994-05-15,76.064995
1994-05-16,73.118
1994-05-17,60.6805
1994-05-18,52.691498
1994-05-19,59.2225
1994-05-20,67.569496
1994-05-21,66.712
1994-05-22,67.641
1994-05-23,62.596996
1994-05-24,66.875496
1994-05-25,80.418
1994-05-26,72.726
1994-05-27,68.3395
1994-05-28,66.4995
1994-05-29,72.0595
1994-05-30,75.31
1994-05-31,77.928
1994-06-01,68.3625
1994-06-02,58.0755
1994-06-03,60.276
1994-06-04,68.651
1994-06-05,79.4385
1994-06-06,81.9395
1994-06-07,83.169
1994-06-08,79.159
1994-06-09,72.4425
1994-06-10,76.3
1994-06-11,84.8395
1994-06-12,75.9665
1994-06-13,73.9855
1994-06-14,82.8705
1994-06-15,80.5215
1994-06-16,69.1435
1994-06-17,67.823
1994-06-18,60.7375
1994-06-19,67.991
1994-06-20,70.3295
1994-06-21,80.46
1994-06-22,70.5625
1994-06-23,64.495
1994-06-24,56.414997
1994-06-25,60.234497
1994-06-26,60.783
1994-06-27,60.898
1994-06-28,59.908997
1994-06-29,54.929
1994-06-30,66.176
1994-07-01,69.4015
1994-07-02,76.141
1994-07-03,67.661
1994-07-04,61.46
1994-07-05,61.553497
1994-07-06,65.4505
1994-07-07,65.8385
1994-07-08,67.2445
1994-07-09,80.083496
1994-07-10,82.8675
1994-07-11,92.6575
1994-07-12,86.489
1994-07-13,81.0025
1994-07-14,77.242
1994-07-15,80.337
1994-07-16,71.497
1994-07-17,76.752495
1994-07-18,77.761
1994-07-19,71.548996
1994-07-20,70.0815
1994-07-21,75.486496
1994-07-22,74.302
1994-07-23,74.812996
1994-07-24,65.8915
1994-07-25,64.8585
1994-07-26,61.4755
1994-07-27,66.1615
1994-07-28,68.67
1994-07-29,63.967
1994-07-30,67.042
1994-07-31,64.679
1994-08-01,57.025497
1994-08-02,53.364
1994-08-03,58.683
1994-08-04,66.595
1994-08-05,75.4575
1994-08-06,69.2625
1994-08-07,64.499
1994-08-08,62.2985
1994-08-09,57.738
1994-08-10,58.8835
1994-08-11,59.4865
1994-08-12,60.614998
1994-08-13,69.7595
1994-08-14,62.306
1994-08-15,66.737
1994-08-16,69.029
1994-08-17,65.6235
1994-08-18,70.331
1994-08-19,68.448
1994-08-20,65.827
1994-08-21,63.011497
1994-08-22,67.0115
1994-08-23,79.278496
1994-08-24,72.7125
1994-08-25,69.5885
1994-08-26,80.6205
1994-08-27,88.969444
1994-08-28,80.323
1994-08-29,80.090996
1994-08-30,75.2605
1994-08-31,70.275
1994-09-01,74.8525
1994-09-02,69.293
1994-09-03,60.3645
1994-09-04,78.185
1994-09-05,81.878
1994-09-06,72.129
1994-09-07,67.651
1994-09-08,54.413498
1994-09-09,60.9885
1994-09-10,73.8595
1994-09-11,57.6035
1994-09-12,62.467
1994-09-13,49.170998
1994-09-14,61.260498
1994-09-15,67.1785
1994-09-16,66.401
1994-09-17,73.369995
1994-09-18,74.998
1994-09-19,83.19
1994-09-20,88.039474
1994-09-21,75.877495
1994-09-22,69.046
1994-09-23,63.911
1994-09-24,71.914
1994-09-25,72.303
1994-09-26,74.940994
1994-09-27,75.869995
1994-09-28,72.1625
1994-09-29,74.451
1994-09-30,78.206
1994-10-01,75.2945
1994-10-02,67.2095
1994-10-03,76.2345
1994-10-04,87.74737
1994-10-05,86.23684
1994-10-06,91.77917
1994-10-07,91.797226
1994-10-08,92.403076
1994-10-09,88.668335
1994-10-10,75.734
1994-10-11,82.9755
1994-10-12,79.446
1994-10-13,80.869995
1994-10-14,78.4675
1994-10-15,82.3395
1994-10-16,79.0445
1994-10-17,86.9485
1994-10-18,81.011
1994-10-19,68.1565
1994-10-20,79.778496
1994-10-21,84.79158
1994-10-22,84.9085
1994-10-23,86.852
1994-10-24,89.372635
1994-10-25,91.149284
1994-10-26,81.4555
1994-10-27,88.808334
1994-10-28,75.0155
1994-10-29,86.544
1994-10-30,86.2979
1994-10-31,82.1645
1994-11-01,73.193
1994-11-02,72.72
1994-11-03,80.2515
1994-11-04,75.0115
1994-11-05,65.4955
1994-11-06,61.7115
1994-11-07,65.4075
1994-11-08,65.577
1994-11-09,81.3885
1994-11-10,84.3725
1994-11-11,89.01118
1994-11-12,93.77778
1994-11-13,90.20385
1994-11-14,89.22632
1994-11-15,81.78316
1994-11-16,82.0815
1994-11-17,85.5775
1994-11-18,86.4745
1994-11-19,87.0825
1994-11-20,80.723
1994-11-21,79.85
1994-11-22,79.562996
1994-11-23,82.343
1994-11-24,79.8695
1994-11-25,76.4305
1994-11-26,72.101
1994-11-27,74.2905
1994-11-28,77.583
1994-11-29,75.205
1994-11-30,79.792
1994-12-01,76.8145
1994-12-02,81.477
1994-12-03,77.672
1994-12-04,68.7185
1994-12-05,71.251
1994-12-06,79.318
1994-12-07,87.2635
1994-12-08,88.833336
1994-12-09,88.60611
1994-12-10,89.04941
1994-12-11,89.12111
1994-12-12,83.4085
1994-12-13,74.1815
1994-12-14,69.8125
1994-12-15,84.67611
1994-12-16,85.779
1994-12-17,85.568
1994-12-18,86.86421
1994-12-19,87.60526
1994-12-20,82.593
1994-12-21,73.392
1994-12-22,91.405
1994-12-23,91.24125
1994-12-24,91.66375
1994-12-25,92.71889
1994-12-26,93.725
1994-12-27,90.869446
1994-12-28,87.5275
1994-12-29,85.8805
1994-12-30,84.0405
1994-12-31,86.737
1995-01-01,86.86737
1995-01-02,82.86263
1995-01-03,85.167496
1995-01-04,90.89
1995-01-05,86.7045
1995-01-06,90.195885
1995-01-07,92.154
1995-01-08,92.85
1995-01-09,91.54
1995-01-10,90.525
1995-01-11,88.761
1995-01-12,90.68437
1995-01-13,89.47474
1995-01-14,91.31706
1995-01-15,86.416
1995-01-16,87.813
1995-01-17,88.848946
1995-01-18,88.30389
1995-01-19,83.3395
1995-01-20,84.863686
1995-01-21,88.67263
1995-01-22,88.39867
1995-01-23,85.63765
1995-01-24,90.28778
1995-01-25,76.271996
1995-01-26,80.0815
1995-01-27,80.141
1995-01-28,77.898
1995-01-29,82.751495
1995-01-30,80.777
1995-01-31,85.563156
1995-02-01,79.333
1995-02-02,75.97
1995-02-03,79.172
1995-02-04,72.3815
1995-02-05,86.9515
1995-02-06,86.1425
1995-02-07,86.8895
1995-02-08,71.602
1995-02-09,71.682495
1995-02-10,81.938995
1995-02-11,82.8925
1995-02-12,83.653
1995-02-13,77.9405
1995-02-14,83.7165
1995-02-15,88.943886
1995-02-16,84.3515
1995-02-17,85.643
1995-02-18,79.4265
1995-02-19,88.655
1995-02-20,81.39684
1995-02-21,68.9985
1995-02-22,74.5935
1995-02-23,77.338
1995-02-24,77.3055
1995-02-25,80.3875
1995-02-26,77.7205
1995-02-27,77.756996
1995-02-28,78.584496
1995-03-01,69.7165
1995-03-02,60.8625
1995-03-03,77.555
1995-03-04,76.9485
1995-03-05,69.1915
1995-03-06,76.242
1995-03-07,84.305
1995-03-08,87.64421
1995-03-09,72.0665
1995-03-10,80.711
1995-03-11,81.347496
1995-03-12,87.2315
1995-03-13,83.65
1995-03-14,85.03737
1995-03-15,87.79
1995-03-16,78.453
1995-03-17,84.116
1995-03-18,76.621
1995-03-19,70.283
1995-03-20,65.121
1995-03-21,81.6765
1995-03-22,83.5545
1995-03-23,78.494
1995-03-24,81.1475
1995-03-25,72.654
1995-03-26,66.0625
1995-03-27,62.3115
1995-03-28,70.090996
1995-03-29,77.7
1995-03-30,89.525
1995-03-31,90.80778
1995-04-01,76.973495
1995-04-02,80.277
1995-04-03,70.0895
1995-04-04,58.080997
1995-04-05,60.339497
1995-04-06,65.962
1995-04-07,72.749
1995-04-08,76.6975
1995-04-09,91.989334
1995-04-10,88.9985
1995-04-11,80.5955
1995-04-12,90.2025
1995-04-13,84.4675
1995-04-14,82.5775
1995-04-15,60.662
1995-04-16,61.57
1995-04-17,90.91
1995-04-18,75.675995
1995-04-19,56.2855
1995-04-20,54.496998
1995-04-21,49.2185
1995-04-22,59.257
1995-04-23,69.457
1995-04-24,74.779
1995-04-25,75.455
1995-04-26,69.480995
1995-04-27,75.625496
1995-04-28,78.1105
1995-04-29,71.019
1995-04-30,66.442
1995-05-01,78.964
1995-05-02,72.2625
1995-05-03,82.541
1995-05-04,72.5525
1995-05-05,78.617
1995-05-06,83.5555
1995-05-07,70.529
1995-05-08,62.6805
1995-05-09,69.3465
1995-05-10,69.895
1995-05-11,80.14
1995-05-12,84.92
1995-05-13,75.8045
1995-05-14,76.189
1995-05-15,77.685
1995-05-16,68.442
1995-05-17,63.086998
1995-05-18,83.8875
1995-05-19,77.853
1995-05-20,90.256874
1995-05-21,93.22833
1995-05-22,92.46769
1995-05-23,87.1705
1995-05-24,83.242
1995-05-25,76.622
1995-05-26,72.5195
1995-05-27,62.399498
1995-05-28,65.504
1995-05-29,64.392
1995-05-30,70.45
1995-05-31,65.9615
1995-06-01,69.83
1995-06-02,75.2245
1995-06-03,74.819
1995-06-04,72.869995
1995-06-05,68.1805
1995-06-06,71.9535
1995-06-07,83.8235
1995-06-08,83.3155
1995-06-09,79.4935
1995-06-10,76.335495
1995-06-11,67.4885
1995-06-12,72.6755
1995-06-13,77.153496
1995-06-14,85.2975
1995-06-15,79.5175
1995-06-16,83.5795
1995-06-17,82.793
1995-06-18,80.4395
1995-06-19,78.975
1995-06-20,73.0815
1995-06-21,70.3515
1995-06-22,84.831
1995-06-23,81.7895
1995-06-24,83.107
1995-06-25,82.3555
1995-06-26,77.32
1995-06-27,88.631996
1995-06-28,78.904
1995-06-29,77.8685
1995-06-30,74.114
1995-07-01,69.766
1995-07-02,71.097496
1995-07-03,64.275
1995-07-04,73.5965
1995-07-05,72.683
1995-07-06,74.158
1995-07-07,78.155
1995-07-08,66.725494
1995-07-09,79.028
1995-07-10,76.281
1995-07-11,79.1135
1995-07-12,75.861
1995-07-13,72.2985
1995-07-14,70.501
1995-07-15,71.187
1995-07-16,78.846
1995-07-17,80.368996
1995-07-18,77.014496
1995-07-19,87.378
1995-07-20,75.7155
1995-07-21,69.215996
1995-07-22,63.735
1995-07-23,71.761
1995-07-24,73.227
1995-07-25,71.7685
1995-07-26,74.3155
1995-07-27,66.918
1995-07-28,66.57
1995-07-29,65.6745
1995-07-30,71.24
1995-07-31,73.2255
1995-08-01,76.9955
1995-08-02,81.277
1995-08-03,84.9125
1995-08-04,67.251495
1995-08-05,68.32
1995-08-06,69.1185
1995-08-07,68.7025
1995-08-08,69.0
1995-08-09,65.891
1995-08-10,83.1435
1995-08-11,69.2845
1995-08-12,59.9515
1995-08-13,62.0205
1995-08-14,65.355995
1995-08-15,67.188995
1995-08-16,82.399
1995-08-17,77.657
1995-08-18,67.5215
1995-08-19,63.545498
1995-08-20,69.938995
1995-08-21,75.8675
1995-08-22,74.460495
1995-08-23,67.708496
1995-08-24,65.654
1995-08-25,71.685
1995-08-26,84.159996
1995-08-27,73.098
1995-08-28,63.575497
1995-08-29,79.447
1995-08-30,73.0415
1995-08-31,80.072
1995-09-01,77.065
1995-09-02,74.136
1995-09-03,65.2215
1995-09-04,79.579
1995-09-05,81.603
1995-09-06,83.7535
1995-09-07,80.250496
1995-09-08,71.366
1995-09-09,74.5075
1995-09-10,74.224
1995-09-11,72.775
1995-09-12,71.903
1995-09-13,73.805
1995-09-14,71.395
1995-09-15,72.3955
1995-09-16,71.421
1995-09-17,76.197495
1995-09-18,85.016
1995-09-19,74.7485
1995-09-20,78.47
1995-09-21,84.046
1995-09-22,80.934
1995-09-23,87.0065
1995-09-24,85.244
1995-09-25,79.3595
1995-09-26,82.7905
1995-09-27,79.43
1995-09-28,80.158
1995-09-29,91.794
1995-09-30,79.9155
1995-10-01,78.7255
1995-10-02,77.2745
1995-10-03,76.5775
1995-10-04,75.332
1995-10-05,75.6875
1995-10-06,66.9335
1995-10-07,71.173
1995-10-08,77.9625
1995-10-09,81.535995
1995-10-10,78.17
1995-10-11,78.8635
1995-10-12,73.364
1995-10-13,76.7935
1995-10-14,71.5245
1995-10-15,78.3985
1995-10-16,78.542
1995-10-17,73.919495
1995-10-18,70.8405
1995-10-19,76.694
1995-10-20,77.7765
1995-10-21,79.681
1995-10-22,82.076
1995-10-23,71.4475
1995-10-24,70.5625
1995-10-25,77.736496
1995-10-26,85.58
1995-10-27,84.5745
1995-10-28,87.451004
1995-10-29,80.466
1995-10-30,79.076996
1995-10-31,85.5295
1995-11-01,89.456665
1995-11-02,87.249374
1995-11-03,91.773125
1995-11-04,91.8225
1995-11-05,93.026
1995-11-06,86.761
1995-11-07,92.50875
1995-11-08,82.766
1995-11-09,87.69631
1995-11-10,86.607
1995-11-11,79.8635
1995-11-12,79.1005
1995-11-13,87.128
1995-11-14,89.96777
1995-11-15,93.16154
1995-11-16,85.99263
1995-11-17,82.4035
1995-11-18,89.577644
1995-11-19,84.021576
1995-11-20,88.4725
1995-11-21,89.68889
1995-11-22,88.719475
1995-11-23,88.08
1995-11-24,85.71421
1995-11-25,74.7965
1995-11-26,58.5725
1995-11-27,67.8635
1995-11-28,77.2305
1995-11-29,89.65312
1995-11-30,91.608
1995-12-01,92.71
1995-12-02,93.149994
1995-12-03,93.57333
1995-12-04,93.24
1995-12-05,91.92923
1995-12-06,90.11412
1995-12-07,90.14056
1995-12-08,90.481766
1995-12-09,90.92722
1995-12-10,88.94789
1995-12-11,92.315
1995-12-12,92.09917
1995-12-13,91.35333
1995-12-14,92.80143
1995-12-15,93.115
1995-12-16,91.674614
1995-12-17,87.9995
1995-12-18,88.49529
1995-12-19,91.246666
1995-12-20,92.03562
1995-12-21,85.05158
1995-12-22,80.972496
1995-12-23,88.10667
1995-12-24,85.07105
1995-12-25,88.56529
1995-12-26,90.036316
1995-12-27,89.03588
1995-12-28,88.88737
1995-12-29,91.11823
1995-12-30,90.479996
1995-12-31,89.016
1996-01-01,92.129234
1996-01-02,94.55333
1996-01-03,90.77583
1996-01-04,91.17571
1996-01-05,92.2125
1996-01-06,92.77857
1996-01-07,91.51357
1996-01-08,90.511665
1996-01-09,91.69
1996-01-10,90.912224
1996-01-11,90.765
1996-01-12,86.655
1996-01-13,89.63687
1996-01-14,89.902306
1996-01-15,90.17333
1996-01-16,86.41421
1996-01-17,82.126
1996-01-18,82.366
1996-01-19,84.4775
1996-01-20,88.72579
1996-01-21,91.12067
1996-01-22,90.34556
1996-01-23,84.7215
1996-01-24,85.96526
1996-01-25,83.4015
1996-01-26,89.94688
1996-01-27,92.89818
1996-01-28,92.68429
1996-01-29,93.14556
1996-01-30,91.33
1996-01-31,87.012634
1996-02-01,79.9475
1996-02-02,78.9575
1996-02-03,78.097496
1996-02-04,83.2045
1996-02-05,91.77308
1996-02-06,87.78222
1996-02-07,84.707
1996-02-08,85.55
1996-02-09,88.361664
1996-02-10,86.87
1996-02-11,85.2405
1996-02-12,85.4505
1996-02-13,83.85667
1996-02-14,92.907
1996-02-15,89.66631
1996-02-16,88.83941
1996-02-17,85.2525
1996-02-18,91.433334
1996-02-19,82.4545
1996-02-20,82.4935
1996-02-21,88.79444
1996-02-22,92.74384
1996-02-23,92.82533
1996-02-24,90.70412
1996-02-25,86.37315
1996-02-26,88.14056
1996-02-27,85.731575
1996-02-28,80.182
1996-02-29,74.9405
1996-03-01,87.553
1996-03-02,88.61
1996-03-03,86.241
1996-03-04,84.965996
1996-03-05,83.929
1996-03-06,88.50889
1996-03-07,86.187
1996-03-08,84.9505
1996-03-09,86.6405
1996-03-10,90.186
1996-03-11,82.2675
1996-03-12,87.993004
1996-03-13,90.948
1996-03-14,91.83353
1996-03-15,90.46471
1996-03-16,91.93313
1996-03-17,92.53588
1996-03-18,82.1635
1996-03-19,83.4005
1996-03-20,82.8095
1996-03-21,87.94527
1996-03-22,85.58474
1996-03-23,83.602
1996-03-24,77.0515
1996-03-25,88.26667
1996-03-26,85.037895
1996-03-27,89.06579
1996-03-28,92.29
1996-03-29,90.89273
1996-03-30,85.67333
1996-03-31,90.272224
1996-04-01,74.694
1996-04-02,68.758995
1996-04-03,77.1645
1996-04-04,87.6645
1996-04-05,86.147224
1996-04-06,76.975
1996-04-07,64.437004
1996-04-08,72.296
1996-04-09,77.692
1996-04-10,78.3235
1996-04-11,77.989494
1996-04-12,83.19053
1996-04-13,74.756
1996-04-14,82.4205
1996-04-15,85.609
1996-04-16,86.9925
1996-04-17,79.347
1996-04-18,73.2835
1996-04-19,69.283
1996-04-20,66.1735
1996-04-21,64.027
1996-04-22,56.942997
1996-04-23,46.697998
1996-04-24,55.785
1996-04-25,69.42
1996-04-26,74.424995
1996-04-27,55.0645
1996-04-28,58.954998
1996-04-29,55.517
1996-04-30,62.5355
1996-05-01,58.475
1996-05-02,75.224
1996-05-03,54.14
1996-05-04,59.018497
1996-05-05,69.4625
1996-05-06,71.537
1996-05-07,77.812
1996-05-08,68.751
1996-05-09,68.770996
1996-05-10,74.639
1996-05-11,77.7835
1996-05-12,82.1345
1996-05-13,70.306
1996-05-14,80.549995
1996-05-15,83.987495
1996-05-16,84.638
1996-05-17,75.104996
1996-05-18,65.8025
1996-05-19,58.855
1996-05-20,58.4775
1996-05-21,64.5395
1996-05-22,64.609
1996-05-23,70.9505
1996-05-24,58.9665
1996-05-25,64.789
1996-05-26,71.8215
1996-05-27,73.093
1996-05-28,86.558945
1996-05-29,91.731575
1996-05-30,85.2565
1996-05-31,74.1295
1996-06-01,70.6845
1996-06-02,53.821053
1996-06-03,63.41
1996-06-04,76.7495
1996-06-05,69.629
1996-06-06,70.6585
1996-06-07,61.9295
1996-06-08,62.909
1996-06-09,59.637
1996-06-10,59.9665
1996-06-11,63.400997
1996-06-12,69.558
1996-06-13,82.5995
1996-06-14,79.371
1996-06-15,76.0665
1996-06-16,73.706
1996-06-17,72.3175
1996-06-18,57.302498
1996-06-19,76.4745
1996-06-20,70.285
1996-06-21,69.6085
1996-06-22,63.2305
1996-06-23,69.006
1996-06-24,77.652
1996-06-25,75.509
1996-06-26,80.35
1996-06-27,73.8635
1996-06-28,81.5345
1996-06-29,62.712498
1996-06-30,73.8415
1996-07-01,69.317
1996-07-02,66.782
1996-07-03,69.722496
1996-07-04,67.474
1996-07-05,62.084
1996-07-06,67.9225
1996-07-07,71.3655
1996-07-08,53.516
1996-07-09,52.7505
1996-07-10,66.7315
1996-07-11,70.4405
1996-07-12,59.567497
1996-07-13,54.9025
1996-07-14,58.650997
1996-07-15,61.6735
1996-07-16,64.3565
1996-07-17,74.6845
1996-07-18,70.052
1996-07-19,66.738495
1996-07-20,70.1345
1996-07-21,67.3185
1996-07-22,69.0775
1996-07-23,66.5955
1996-07-24,57.132
1996-07-25,69.548996
1996-07-26,67.723
1996-07-27,62.37
1996-07-28,57.108498
1996-07-29,59.475998
1996-07-30,59.171997
1996-07-31,72.0765
1996-08-01,70.034
1996-08-02,64.528
1996-08-03,63.496
1996-08-04,74.6
1996-08-05,78.0075
1996-08-06,80.003494
1996-08-07,65.6235
1996-08-08,72.6095
1996-08-09,79.791
1996-08-10,71.926
1996-08-11,63.61
1996-08-12,55.198498
1996-08-13,62.809998
1996-08-14,68.3685
1996-08-15,77.056
1996-08-16,83.0825
1996-08-17,67.445496
1996-08-18,76.4655
1996-08-19,78.326996
1996-08-20,75.0555
1996-08-21,73.694496
1996-08-22,70.326996
1996-08-23,74.251495
1996-08-24,82.8035
1996-08-25,74.903
1996-08-26,76.1245
1996-08-27,72.923996
1996-08-28,71.298996
1996-08-29,65.184
1996-08-30,63.9525
1996-08-31,78.7885
1996-09-01,74.823
1996-09-02,81.447
1996-09-03,72.2685
1996-09-04,74.971
1996-09-05,86.7465
1996-09-06,88.259476
1996-09-07,82.225
1996-09-08,92.64437
1996-09-09,79.3415
1996-09-10,81.388
1996-09-11,73.5235
1996-09-12,78.182
1996-09-13,89.53895
1996-09-14,88.875
1996-09-15,79.576996
1996-09-16,81.4405
1996-09-17,78.1855
1996-09-18,76.5275
1996-09-19,78.6875
1996-09-20,83.462
1996-09-21,86.21167
1996-09-22,91.47737
1996-09-23,85.3305
1996-09-24,82.3825
1996-09-25,78.3845
1996-09-26,86.4775
1996-09-27,91.26945
1996-09-28,86.3125
1996-09-29,81.2525
1996-09-30,76.7745
1996-10-01,76.059
1996-10-02,69.863
1996-10-03,86.9145
1996-10-04,85.229996
1996-10-05,78.657
1996-10-06,79.892
1996-10-07,79.2215
1996-10-08,80.918
1996-10-09,83.8665
1996-10-10,92.38
1996-10-11,86.9645
1996-10-12,83.819496
1996-10-13,78.556496
1996-10-14,71.493
1996-10-15,77.749
1996-10-16,78.7735
1996-10-17,74.636
1996-10-18,85.20158
1996-10-19,86.71
1996-10-20,85.4705
1996-10-21,79.4665
1996-10-22,81.8355
1996-10-23,80.659996
1996-10-24,87.10316
1996-10-25,87.3935
1996-10-26,89.21167
1996-10-27,83.10737
1996-10-28,76.0815
1996-10-29,81.3845
1996-10-30,76.951996
1996-10-31,82.147
1996-11-01,76.1985
1996-11-02,80.647
1996-11-03,82.539
1996-11-04,79.5205
1996-11-05,70.935
1996-11-06,76.7475
1996-11-07,69.4985
1996-11-08,72.076996
1996-11-09,77.250496
1996-11-10,77.976
1996-11-11,76.744
1996-11-12,72.7355
1996-11-13,73.486
1996-11-14,88.87526
1996-11-15,92.852
1996-11-16,82.45105
1996-11-17,87.082
1996-11-18,82.2285
1996-11-19,82.492
1996-11-20,75.7485
1996-11-21,84.3455
1996-11-22,79.662
1996-11-23,92.447
1996-11-24,89.97312
1996-11-25,91.23556
1996-11-26,85.1905
1996-11-27,91.87385
1996-11-28,85.924446
1996-11-29,94.54
1996-11-30,92.17555
1996-12-01,93.168335
1996-12-02,89.770996
1996-12-03,93.3525
1996-12-04,92.99333
1996-12-05,93.56833
1996-12-06,89.79786
1996-12-07,92.83818
1996-12-08,92.10437
1996-12-09,91.027855
1996-12-10,91.28214
1996-12-11,88.38
1996-12-12,90.23462
1996-12-13,89.53059
1996-12-14,86.13941
1996-12-15,86.00706
1996-12-16,75.7975
1996-12-17,80.8015
1996-12-18,84.55611
1996-12-19,84.737
1996-12-20,87.97421
1996-12-21,90.11
1996-12-22,88.971664
1996-12-23,91.725716
1996-12-24,87.71333
1996-12-25,90.21667
1996-12-26,89.22647
1996-12-27,83.0505
1996-12-28,78.3365
1996-12-29,81.1075
1996-12-30,87.98106
1996-12-31,90.208496
1997-01-01,90.333336
1997-01-02,89.325
1997-01-03,89.1325
1997-01-04,90.57056
1997-01-05,87.30882
1997-01-06,85.474
1997-01-07,88.982
1997-01-08,90.0947
1997-01-09,87.854996
1997-01-10,88.09
1997-01-11,92.342224
1997-01-12,91.24333
1997-01-13,89.2679
1997-01-14,91.07
1997-01-15,87.535
1997-01-16,85.01421
1997-01-17,86.287224
1997-01-18,90.19882
1997-01-19,89.2075
1997-01-20,83.214
1997-01-21,87.496666
1997-01-22,84.5645
1997-01-23,82.189476
1997-01-24,82.243996
1997-01-25,77.861496
1997-01-26,73.2185
1997-01-27,74.958496
1997-01-28,80.599
1997-01-29,82.756
1997-01-30,81.9365
1997-01-31,79.90263
1997-02-01,80.026
1997-02-02,82.033
1997-02-03,79.537994
1997-02-04,76.639
1997-02-05,64.1505
1997-02-06,81.361
1997-02-07,83.508
1997-02-08,77.071495
1997-02-09,71.15
1997-02-10,76.1295
1997-02-11,75.333
1997-02-12,73.5405
1997-02-13,70.306496
1997-02-14,85.74316
1997-02-15,79.2325
1997-02-16,88.7515
1997-02-17,83.619
1997-02-18,81.625496
1997-02-19,88.929474
1997-02-20,87.879
1997-02-21,82.543495
1997-02-22,74.6685
1997-02-23,74.384
1997-02-24,74.6915
1997-02-25,67.553
1997-02-26,76.479
1997-02-27,82.3205
1997-02-28,79.9965
1997-03-01,65.0905
1997-03-02,68.1205
1997-03-03,69.311
1997-03-04,72.863
1997-03-05,59.569
1997-03-06,62.470997
1997-03-07,66.058
1997-03-08,80.796
1997-03-09,76.113
1997-03-10,72.376
1997-03-11,72.2285
1997-03-12,68.145996
1997-03-13,59.205498
1997-03-14,67.8715
1997-03-15,73.335
1997-03-16,78.961
1997-03-17,83.9945
1997-03-18,80.683
1997-03-19,64.742
1997-03-20,88.31555
1997-03-21,86.9765
1997-03-22,83.595
1997-03-23,78.9765
1997-03-24,69.896996
1997-03-25,67.2485
1997-03-26,76.195496
1997-03-27,70.1805
1997-03-28,69.1015
1997-03-29,81.36
1997-03-30,91.27818
1997-03-31,88.897
1997-04-01,91.1735
1997-04-02,89.899
1997-04-03,89.555504
1997-04-04,84.668
1997-04-05,88.9605
1997-04-06,87.098
1997-04-07,82.4755
1997-04-08,80.0635
1997-04-09,65.808
1997-04-10,64.2135
1997-04-11,64.2565
1997-04-12,78.4555
1997-04-13,85.8215
1997-04-14,81.7785
1997-04-15,69.583496
1997-04-16,84.764
1997-04-17,77.2795
1997-04-18,76.025
1997-04-19,69.0755
1997-04-20,68.793
1997-04-21,82.462
1997-04-22,92.19294
1997-04-23,87.922
1997-04-24,82.063995
1997-04-25,67.0685
1997-04-26,77.3455
1997-04-27,63.362
1997-04-28,58.9405
1997-04-29,56.233997
1997-04-30,79.6185
1997-05-01,84.12684
1997-05-02,71.826
1997-05-03,67.0255
1997-05-04,55.722
1997-05-05,45.957497
1997-05-06,53.149498
1997-05-07,55.198997
1997-05-08,54.7345
1997-05-09,68.597
1997-05-10,67.068
1997-05-11,56.1535
1997-05-12,51.613
1997-05-13,43.873497
1997-05-14,59.1895
1997-05-15,58.900497
1997-05-16,57.1515
1997-05-17,58.181
1997-05-18,65.462
1997-05-19,68.282
1997-05-20,75.6485
1997-05-21,71.6085
1997-05-22,71.7435
1997-05-23,79.836
1997-05-24,73.664
1997-05-25,78.4135
1997-05-26,78.5805
1997-05-27,74.942
1997-05-28,81.876
1997-05-29,89.961
1997-05-30,83.871
1997-05-31,85.045
1997-06-01,81.2875
1997-06-02,80.641
1997-06-03,84.16947
1997-06-04,83.6155
1997-06-05,76.114
1997-06-06,83.2165
1997-06-07,84.434
1997-06-08,88.45684
1997-06-09,80.2995
1997-06-10,82.489
1997-06-11,85.087
1997-06-12,80.4775
1997-06-13,68.7475
1997-06-14,75.0635
1997-06-15,82.02947
1997-06-16,70.403496
1997-06-17,81.4765
1997-06-18,79.209
1997-06-19,82.7195
1997-06-20,87.211
1997-06-21,77.215996
1997-06-22,67.044495
1997-06-23,76.64
1997-06-24,80.7255
1997-06-25,86.715
1997-06-26,81.0965
1997-06-27,76.353
1997-06-28,71.147
1997-06-29,70.497
1997-06-30,72.308
1997-07-01,67.807495
1997-07-02,67.8035
1997-07-03,58.242
1997-07-04,64.4485
1997-07-05,69.099
1997-07-06,68.6195
1997-07-07,75.744736
1997-07-08,83.3405
1997-07-09,89.32
1997-07-10,75.68
1997-07-11,81.1415
1997-07-12,80.834496
1997-07-13,84.4755
1997-07-14,77.8585
1997-07-15,81.572
1997-07-16,79.6635
1997-07-17,72.9215
1997-07-18,73.846
1997-07-19,74.76
1997-07-20,70.051
1997-07-21,73.8465
1997-07-22,81.3925
1997-07-23,76.3085
1997-07-24,70.9385
1997-07-25,78.2875
1997-07-26,89.597
1997-07-27,91.40588
1997-07-28,87.1725
1997-07-29,78.0455
1997-07-30,85.9505
1997-07-31,78.3095
1997-08-01,75.822
1997-08-02,92.88125
1997-08-03,90.198944
1997-08-04,85.0535
1997-08-05,78.9015
1997-08-06,80.3785
1997-08-07,84.5675
1997-08-08,80.9275
1997-08-09,79.534996
1997-08-10,84.933
1997-08-11,82.6775
1997-08-12,82.6535
1997-08-13,81.9095
1997-08-14,76.172
1997-08-15,76.7075
1997-08-16,78.4665
1997-08-17,80.3595
1997-08-18,76.419
1997-08-19,77.1055
1997-08-20,65.605995
1997-08-21,67.847
1997-08-22,76.086
1997-08-23,75.5725
1997-08-24,76.503
1997-08-25,81.875496
1997-08-26,77.2775
1997-08-27,74.376
1997-08-28,75.7155
1997-08-29,78.4915
1997-08-30,84.918
1997-08-31,88.24105
1997-09-01,85.718
1997-09-02,80.115
1997-09-03,76.5545
1997-09-04,75.7575
1997-09-05,70.791
1997-09-06,66.7515
1997-09-07,79.2045
1997-09-08,80.376
1997-09-09,65.215996
1997-09-10,67.050995
1997-09-11,63.7635
1997-09-12,64.945
1997-09-13,55.132
1997-09-14,75.637
1997-09-15,86.734
1997-09-16,80.8465
1997-09-17,70.057
1997-09-18,70.949
1997-09-19,76.0065
1997-09-20,78.6555
1997-09-21,72.852
1997-09-22,71.127
1997-09-23,70.739
1997-09-24,73.5615
1997-09-25,74.1185
1997-09-26,73.935
1997-09-27,75.9515
1997-09-28,73.2055
1997-09-29,71.0675
1997-09-30,70.826996
1997-10-01,82.307495
1997-10-02,75.348
1997-10-03,82.2975
1997-10-04,75.0825
1997-10-05,72.372
1997-10-06,71.7405
1997-10-07,70.669
1997-10-08,71.581
1997-10-09,70.7135
1997-10-10,63.943
1997-10-11,70.7285
1997-10-12,78.348
1997-10-13,81.406
1997-10-14,89.42316
1997-10-15,92.90125
1997-10-16,85.231
1997-10-17,81.132
1997-10-18,79.104
1997-10-19,74.661995
1997-10-20,73.0595
1997-10-21,72.2675
1997-10-22,78.69
1997-10-23,76.851
1997-10-24,89.936
1997-10-25,83.659
1997-10-26,79.68105
1997-10-27,83.1345
1997-10-28,91.83786
1997-10-29,90.78824
1997-10-30,75.75
1997-10-31,79.8
1997-11-01,86.719
1997-11-02,83.1915
1997-11-03,86.96474
1997-11-04,77.6135
1997-11-05,84.3795
1997-11-06,68.151
1997-11-07,70.808
1997-11-08,73.108
1997-11-09,80.4625
1997-11-10,85.4785
1997-11-11,87.158
1997-11-12,81.093
1997-11-13,78.522995
1997-11-14,85.233154
1997-11-15,91.2075
1997-11-16,91.79667
1997-11-17,92.63909
1997-11-18,92.7575
1997-11-19,93.171425
1997-11-20,91.40235
1997-11-21,93.93
1997-11-22,89.65647
1997-11-23,90.581
1997-11-24,93.23546
1997-11-25,90.37
1997-11-26,90.710556
1997-11-27,90.53
1997-11-28,91.73
1997-11-29,92.18923
1997-11-30,91.2025
1997-12-01,91.328125
1997-12-02,92.28091
1997-12-03,92.95
1997-12-04,83.693
1997-12-05,82.145996
1997-12-06,86.23111
1997-12-07,88.31231
1997-12-08,85.728
1997-12-09,86.824
1997-12-10,85.555786
1997-12-11,83.863686
1997-12-12,82.0895
1997-12-13,91.38643
1997-12-14,87.60895
1997-12-15,93.028
1997-12-16,80.6825
1997-12-17,73.7115
1997-12-18,72.626
1997-12-19,73.264
1997-12-20,76.500496
1997-12-21,83.597496
1997-12-22,92.88734
1997-12-23,91.97692
1997-12-24,90.075714
1997-12-25,86.98579
1997-12-26,82.8
1997-12-27,80.806496
1997-12-28,92.48667
1997-12-29,90.48187
1997-12-30,81.6145
1997-12-31,77.931496
1998-01-01,78.1645
1998-01-02,78.114
1998-01-03,84.597
1998-01-04,87.561874
1998-01-05,83.289444
1998-01-06,84.8635
1998-01-07,70.946495
1998-01-08,71.8125
1998-01-09,77.097496
1998-01-10,83.7685
1998-01-11,79.8585
1998-01-12,76.465
1998-01-13,74.8315
1998-01-14,71.613
1998-01-15,84.6555
1998-01-16,87.516846
1998-01-17,88.344734
1998-01-18,87.16527
1998-01-19,88.28824
1998-01-20,89.527145
1998-01-21,89.362854
1998-01-22,91.095
1998-01-23,88.91368
1998-01-24,82.469
1998-01-25,85.74263
1998-01-26,80.22947
1998-01-27,85.76
1998-01-28,84.4985
1998-01-29,84.5135
1998-01-30,79.7845
1998-01-31,73.6035
1998-02-01,81.795
1998-02-02,84.923
1998-02-03,83.6465
1998-02-04,90.53533
1998-02-05,90.60667
1998-02-06,89.4255
1998-02-07,79.4685
1998-02-08,84.84737
1998-02-09,83.4305
1998-02-10,84.5155
1998-02-11,75.062996
1998-02-12,72.775
1998-02-13,75.2185
1998-02-14,83.4045
1998-02-15,82.018
1998-02-16,83.605
1998-02-17,76.58
1998-02-18,68.449
1998-02-19,71.121
1998-02-20,73.2985
1998-02-21,78.483
1998-02-22,63.2935
1998-02-23,73.242
1998-02-24,76.056
1998-02-25,74.4565
1998-02-26,72.707
1998-02-27,72.6965
1998-02-28,62.1035
1998-03-01,64.7465
1998-03-02,65.5545
1998-03-03,60.2575
1998-03-04,48.678497
1998-03-05,52.851997
1998-03-06,63.9725
1998-03-07,58.068497
1998-03-08,60.896
1998-03-09,91.06
1998-03-10,87.75579
1998-03-11,88.806114
1998-03-12,76.184
1998-03-13,73.6165
1998-03-14,71.538
1998-03-15,78.468
1998-03-16,82.178
1998-03-17,80.482
1998-03-18,73.684
1998-03-19,83.4685
1998-03-20,80.248
1998-03-21,80.708
1998-03-22,85.183
1998-03-23,76.417
1998-03-24,71.819496
1998-03-25,71.351
1998-03-26,78.6705
1998-03-27,75.534
1998-03-28,66.6915
1998-03-29,77.2625
1998-03-30,68.727
1998-03-31,60.8905
1998-04-01,62.9405
1998-04-02,62.1075
1998-04-03,68.207
1998-04-04,57.927498
1998-04-05,66.996
1998-04-06,71.1175
1998-04-07,68.195496
1998-04-08,57.198997
1998-04-09,63.03
1998-04-10,79.3725
1998-04-11,82.331
1998-04-12,67.481
1998-04-13,67.3505
1998-04-14,72.6095
1998-04-15,62.838997
1998-04-16,60.072998
1998-04-17,72.282
1998-04-18,75.429474
1998-04-19,82.793
1998-04-20,83.1065
1998-04-21,85.4095
1998-04-22,86.99158
1998-04-23,74.685
1998-04-24,72.295
1998-04-25,70.0125
1998-04-26,79.0765
1998-04-27,62.0705
1998-04-28,67.6375
1998-04-29,68.7015
1998-04-30,79.284
1998-05-01,70.858
1998-05-02,75.5565
1998-05-03,82.89
1998-05-04,75.07
1998-05-05,85.545
1998-05-06,73.1805
1998-05-07,68.2015
1998-05-08,64.254
1998-05-09,59.237
1998-05-10,68.048996
1998-05-11,74.358
1998-05-12,69.128
1998-05-13,62.4355
1998-05-14,67.118
1998-05-15,76.469
1998-05-16,88.193
1998-05-17,90.84067
1998-05-18,86.59368
1998-05-19,85.721
1998-05-20,84.4205
1998-05-21,83.3115
1998-05-22,76.3785
1998-05-23,72.308
1998-05-24,72.2175
1998-05-25,67.5105
1998-05-26,81.103
1998-05-27,74.507996
1998-05-28,73.0645
1998-05-29,70.817
1998-05-30,71.3825
1998-05-31,71.115
1998-06-01,70.4105
1998-06-02,75.2805
1998-06-03,69.099
1998-06-04,72.806
1998-06-05,69.4375
1998-06-06,70.7045
1998-06-07,75.8165
1998-06-08,77.2005
1998-06-09,82.300995
1998-06-10,82.043
1998-06-11,68.3455
1998-06-12,69.334496
1998-06-13,80.506
1998-06-14,88.358
1998-06-15,77.961
1998-06-16,80.5875
1998-06-17,79.8325
1998-06-18,85.4885
1998-06-19,73.736
1998-06-20,74.4835
1998-06-21,77.954
1998-06-22,69.156
1998-06-23,75.548996
1998-06-24,77.835
1998-06-25,79.793
1998-06-26,76.1495
1998-06-27,71.3445
1998-06-28,74.6315
1998-06-29,79.126495
1998-06-30,77.621
1998-07-01,69.499
1998-07-02,71.959496
1998-07-03,72.0075
1998-07-04,86.6915
1998-07-05,79.066
1998-07-06,76.6575
1998-07-07,63.414
1998-07-08,83.92263
1998-07-09,84.153
1998-07-10,77.1625
1998-07-11,68.45
1998-07-12,64.2455
1998-07-13,68.9405
1998-07-14,72.096
1998-07-15,76.8005
1998-07-16,87.364
1998-07-17,74.4955
1998-07-18,70.837
1998-07-19,66.32
1998-07-20,57.159496
1998-07-21,60.362
1998-07-22,59.5695
1998-07-23,57.4105
1998-07-24,68.604
1998-07-25,68.0655
1998-07-26,72.1885
1998-07-27,68.2125
1998-07-28,67.893
1998-07-29,81.087
1998-07-30,73.35
1998-07-31,69.840996
1998-08-01,72.9285
1998-08-02,61.795998
1998-08-03,54.8485
1998-08-04,69.3445
1998-08-05,68.333496
1998-08-06,66.452
1998-08-07,64.318
1998-08-08,65.7735
1998-08-09,53.934
1998-08-10,59.977497
1998-08-11,56.832
1998-08-12,61.306
1998-08-13,53.5675
1998-08-14,63.8675
1998-08-15,58.6185
1998-08-16,61.0285
1998-08-17,69.8145
1998-08-18,65.69
1998-08-19,66.6925
1998-08-20,77.723495
1998-08-21,74.861
1998-08-22,72.973
1998-08-23,70.889
1998-08-24,58.597
1998-08-25,63.8555
1998-08-26,60.302998
1998-08-27,68.8855
1998-08-28,72.1145
1998-08-29,79.95
1998-08-30,78.909996
1998-08-31,73.527
1998-09-01,77.167496
1998-09-02,77.6915
1998-09-03,73.5705
1998-09-04,84.50684
1998-09-05,81.859
1998-09-06,82.392
1998-09-07,85.688995
1998-09-08,84.381
1998-09-09,85.9205
1998-09-10,77.8555
1998-09-11,71.8655
1998-09-12,66.0745
1998-09-13,79.491
1998-09-14,85.6525
1998-09-15,89.4895
1998-09-16,78.616
1998-09-17,81.722
1998-09-18,87.54211
1998-09-19,92.706665
1998-09-20,93.27167
1998-09-21,93.3175
1998-09-22,92.77937
1998-09-23,89.96
1998-09-24,83.101
1998-09-25,83.3925
1998-09-26,82.7345
1998-09-27,78.979996
1998-09-28,89.549416
1998-09-29,91.364
1998-09-30,90.25667
1998-10-01,76.1295
1998-10-02,82.017
1998-10-03,91.62785
1998-10-04,89.46933
1998-10-05,86.648
1998-10-06,84.78222
1998-10-07,86.88052
1998-10-08,87.39
1998-10-09,80.423996
1998-10-10,82.0355
1998-10-11,76.3975
1998-10-12,83.378
1998-10-13,88.5565
1998-10-14,88.25474
1998-10-15,88.06563
1998-10-16,85.035
1998-10-17,78.030495
1998-10-18,81.985
1998-10-19,86.488
1998-10-20,89.335
1998-10-21,75.487495
1998-10-22,77.653
1998-10-23,81.7915
1998-10-24,77.522995
1998-10-25,81.2025
1998-10-26,89.68706
1998-10-27,89.115
1998-10-28,70.1
1998-10-29,69.967
1998-10-30,70.132996
1998-10-31,83.724
1998-11-01,70.6545
1998-11-02,81.307495
1998-11-03,72.209
1998-11-04,83.6425
1998-11-05,77.9015
1998-11-06,78.2345
1998-11-07,88.92158
1998-11-08,82.7355
1998-11-09,87.496315
1998-11-10,85.5865
1998-11-11,90.75353
1998-11-12,93.87666
1998-11-13,94.174
1998-11-14,92.110664
1998-11-15,93.40923
1998-11-16,77.4365
1998-11-17,80.6645
1998-11-18,78.9705
1998-11-19,77.186
1998-11-20,90.34529
1998-11-21,88.15933
1998-11-22,87.39474
1998-11-23,87.185
1998-11-24,90.134285
1998-11-25,89.32263
1998-11-26,91.0153
1998-11-27,91.90846
1998-11-28,92.00091
1998-11-29,88.65187
1998-11-30,87.59052
1998-12-01,83.9655
1998-12-02,82.653496
1998-12-03,73.2015
1998-12-04,80.8785
1998-12-05,90.29211
1998-12-06,86.911
1998-12-07,80.8165
1998-12-08,84.3815
1998-12-09,87.04
1998-12-10,74.2705
1998-12-11,86.246
1998-12-12,85.7535
1998-12-13,82.4275
1998-12-14,88.77412
1998-12-15,85.07588
1998-12-16,85.9205
1998-12-17,80.882
1998-12-18,86.33947
1998-12-19,80.219
1998-12-20,81.4275
1998-12-21,78.4345
1998-12-22,88.42158
1998-12-23,85.434
1998-12-24,82.753
1998-12-25,80.708
1998-12-26,76.08
1998-12-27,78.3275
1998-12-28,77.111496
1998-12-29,78.18
1998-12-30,83.073
1998-12-31,87.041
1999-01-01,79.30059
1999-01-02,85.2345
1999-01-03,86.27368
1999-01-04,92.23637
1999-01-05,91.780716
1999-01-06,86.43278
1999-01-07,85.33667
1999-01-08,79.895
1999-01-09,88.14889
1999-01-10,85.749
1999-01-11,83.83647
1999-01-12,91.32471
1999-01-13,84.3605
1999-01-14,86.721
1999-01-15,86.128944
1999-01-16,80.6945
1999-01-17,76.9925
1999-01-18,85.374
1999-01-19,83.357895
1999-01-20,84.752106
1999-01-21,85.15842
1999-01-22,84.6715
1999-01-23,88.87
1999-01-24,88.74
1999-01-25,89.17158
1999-01-26,79.631
1999-01-27,77.1055
1999-01-28,88.043
1999-01-29,88.69111
1999-01-30,85.1795
1999-01-31,81.5375
1999-02-01,87.05368
1999-02-02,83.9495
1999-02-03,84.304
1999-02-04,86.40421
1999-02-05,72.7275
1999-02-06,83.273
1999-02-07,79.01
1999-02-08,78.125496
1999-02-09,67.5815
1999-02-10,67.7125
1999-02-11,78.603
1999-02-12,82.2795
1999-02-13,81.237
1999-02-14,81.34
1999-02-15,80.6365
1999-02-16,75.0105
1999-02-17,76.5045
1999-02-18,84.261
1999-02-19,78.049995
1999-02-20,77.737495
1999-02-21,79.9535
1999-02-22,69.6495
1999-02-23,78.251495
1999-02-24,71.5745
1999-02-25,75.9975
1999-02-26,65.593
1999-02-27,68.673
1999-02-28,61.7875
1999-03-01,72.856995
1999-03-02,75.444496
1999-03-03,70.634
1999-03-04,60.8295
1999-03-05,77.5545
1999-03-06,71.020996
1999-03-07,78.5665
1999-03-08,82.053
1999-03-09,71.298996
1999-03-10,68.4525
1999-03-11,70.97
1999-03-12,71.887
1999-03-13,71.9425
1999-03-14,70.8495
1999-03-15,66.401
1999-03-16,84.9815
1999-03-17,80.713
1999-03-18,87.5445
1999-03-19,88.7125
1999-03-20,74.1695
1999-03-21,74.022
1999-03-22,73.0925
1999-03-23,63.934
1999-03-24,70.3715
1999-03-25,62.156
1999-03-26,54.2555
1999-03-27,64.558
1999-03-28,84.757
1999-03-29,85.1755
1999-03-30,83.6895
1999-03-31,83.9635
1999-04-01,79.958496
1999-04-02,81.515
1999-04-03,85.750496
1999-04-04,79.011
1999-04-05,70.094
1999-04-06,66.69
1999-04-07,71.04
1999-04-08,69.9435
1999-04-09,73.9255
1999-04-10,81.975
1999-04-11,83.612
1999-04-12,81.715996
1999-04-13,68.946
1999-04-14,85.5885
1999-04-15,67.625
1999-04-16,49.243
1999-04-17,72.5175
1999-04-18,81.913
1999-04-19,84.331
1999-04-20,85.6705
1999-04-21,63.7435
1999-04-22,72.543
1999-04-23,83.726
1999-04-24,86.26211
1999-04-25,88.397224
1999-04-26,88.151
1999-04-27,83.5265
1999-04-28,80.5125
1999-04-29,80.2465
1999-04-30,66.868
1999-05-01,67.525
1999-05-02,75.877
1999-05-03,67.55
1999-05-04,80.2755
1999-05-05,80.86
1999-05-06,79.0665
1999-05-07,63.334
1999-05-08,61.223
1999-05-09,74.705
1999-05-10,84.087
1999-05-11,77.6485
1999-05-12,77.7995
1999-05-13,86.49611
1999-05-14,78.6365
1999-05-15,83.404
1999-05-16,87.636
1999-05-17,69.729996
1999-05-18,74.934
1999-05-19,69.1955
1999-05-20,56.891
1999-05-21,64.321
1999-05-22,80.575
1999-05-23,90.80167
1999-05-24,85.011
1999-05-25,78.88
1999-05-26,71.6595
1999-05-27,72.259
1999-05-28,69.214
1999-05-29,63.2465
1999-05-30,66.941
1999-05-31,67.3135
1999-06-01,75.089
1999-06-02,72.6795
1999-06-03,70.069
1999-06-04,78.3815
1999-06-05,87.656
1999-06-06,70.225
1999-06-07,60.1055
1999-06-08,55.528
1999-06-09,77.956
1999-06-10,73.840996
1999-06-11,68.375
1999-06-12,63.5345
1999-06-13,77.627
1999-06-14,76.069
1999-06-15,73.493996
1999-06-16,77.7285
1999-06-17,76.502
1999-06-18,80.2305
1999-06-19,82.7895
1999-06-20,78.7805
1999-06-21,82.033
1999-06-22,82.95105
1999-06-23,88.041504
1999-06-24,90.108
1999-06-25,81.5825
1999-06-26,74.5395
1999-06-27,70.333
1999-06-28,64.669495
1999-06-29,70.169
1999-06-30,72.448
1999-07-01,76.925995
1999-07-02,78.331
1999-07-03,77.6465
1999-07-04,74.843
1999-07-05,67.794
1999-07-06,63.7985
1999-07-07,59.629498
1999-07-08,70.5715
1999-07-09,69.935
1999-07-10,72.841995
1999-07-11,66.6665
1999-07-12,70.556
1999-07-13,74.116
1999-07-14,74.1085
1999-07-15,80.2635
1999-07-16,79.835
1999-07-17,68.982
1999-07-18,69.1975
1999-07-19,67.2315
1999-07-20,64.4705
1999-07-21,63.227
1999-07-22,73.183
1999-07-23,74.8395
1999-07-24,74.7725
1999-07-25,70.139496
1999-07-26,72.3525
1999-07-27,83.6545
1999-07-28,85.813995
1999-07-29,77.4365
1999-07-30,89.06
1999-07-31,82.568
1999-08-01,77.9665
1999-08-02,84.137
1999-08-03,80.0935
1999-08-04,76.376495
1999-08-05,71.933
1999-08-06,67.904495
1999-08-07,71.4435
1999-08-08,70.2805
1999-08-09,64.1775
1999-08-10,66.407
1999-08-11,75.629
1999-08-12,78.608
1999-08-13,79.7185
1999-08-14,76.195
1999-08-15,71.5215
1999-08-16,71.743
1999-08-17,69.5345
1999-08-18,69.354
1999-08-19,74.612
1999-08-20,77.5655
1999-08-21,72.1085
1999-08-22,79.778
1999-08-23,76.288
1999-08-24,65.29
1999-08-25,75.338
1999-08-26,73.2115
1999-08-27,72.4415
1999-08-28,64.4835
1999-08-29,71.641495
1999-08-30,67.7665
1999-08-31,86.159
1999-09-01,89.707
1999-09-02,86.2405
1999-09-03,88.162
1999-09-04,88.447
1999-09-05,77.3955
1999-09-06,67.2025
1999-09-07,74.334
1999-09-08,75.613
1999-09-09,81.801
1999-09-10,85.599
1999-09-11,82.1725
1999-09-12,73.558
1999-09-13,74.386
1999-09-14,72.5985
1999-09-15,79.2875
1999-09-16,76.070496
1999-09-17,77.917496
1999-09-18,76.53
1999-09-19,75.741
1999-09-20,70.7075
1999-09-21,69.7655
1999-09-22,78.948
1999-09-23,77.497
1999-09-24,75.3635
1999-09-25,70.147995
1999-09-26,70.715996
1999-09-27,66.2415
1999-09-28,70.569
1999-09-29,82.500496
1999-09-30,73.276
1999-10-01,67.9185
1999-10-02,76.323
1999-10-03,70.9065
1999-10-04,76.8035
1999-10-05,86.38941
1999-10-06,84.4155
1999-10-07,89.945
1999-10-08,83.454
1999-10-09,81.8945
1999-10-10,81.262
1999-10-11,86.19579
1999-10-12,81.5785
1999-10-13,75.936
1999-10-14,82.1365
1999-10-15,83.0705
1999-10-16,78.2805
1999-10-17,81.5535
1999-10-18,77.222496
1999-10-19,92.12846
1999-10-20,91.52154
1999-10-21,90.327225
1999-10-22,89.34611
1999-10-23,86.132
1999-10-24,87.57625
1999-10-25,83.935
1999-10-26,85.2845
1999-10-27,83.358
1999-10-28,76.1385
1999-10-29,75.458
1999-10-30,81.0
1999-10-31,80.5465
1999-11-01,77.6995
1999-11-02,76.487
1999-11-03,85.0885
1999-11-04,87.276245
1999-11-05,79.846
1999-11-06,77.9125
1999-11-07,83.3625
1999-11-08,86.7895
1999-11-09,80.434
1999-11-10,74.2065
1999-11-11,81.619995
1999-11-12,80.4805
1999-11-13,83.749
1999-11-14,76.5815
1999-11-15,82.7635
1999-11-16,87.939445
1999-11-17,92.71455
1999-11-18,91.185555
1999-11-19,81.086
1999-11-20,86.5685
1999-11-21,83.486496
1999-11-22,93.261246
1999-11-23,89.250626
1999-11-24,78.165
1999-11-25,84.03
1999-11-26,84.72
1999-11-27,82.6085
1999-11-28,84.976845
1999-11-29,82.777
1999-11-30,82.1865
1999-12-01,77.3045
1999-12-02,69.818
1999-12-03,71.8745
1999-12-04,64.652
1999-12-05,73.653
1999-12-06,86.88
1999-12-07,82.05684
1999-12-08,82.007996
1999-12-09,75.115
1999-12-10,76.0335
1999-12-11,84.991
1999-12-12,85.873886
1999-12-13,90.42
1999-12-14,67.4155
1999-12-15,78.392
1999-12-16,87.606316
1999-12-17,88.4595
1999-12-18,85.2125
1999-12-19,79.8395
1999-12-20,89.195
1999-12-21,85.028336
1999-12-22,86.25737
1999-12-23,81.5205
1999-12-24,84.2415
1999-12-25,80.5655
1999-12-26,83.3975
1999-12-27,87.764496
1999-12-28,84.91368
1999-12-29,77.97053
1999-12-30,82.906
1999-12-31,92.49636
2000-01-01,91.25883
2000-01-02,84.5305
2000-01-03,82.935
2000-01-04,86.2345
2000-01-05,85.864
2000-01-06,86.35167
2000-01-07,88.3575
2000-01-08,88.878334
2000-01-09,85.2215
2000-01-10,89.65389
2000-01-11,88.068184
2000-01-12,87.596664
2000-01-13,80.597
2000-01-14,79.793
2000-01-15,85.98944
2000-01-16,88.94
2000-01-17,82.986
2000-01-18,84.3575
2000-01-19,82.076
2000-01-20,81.997
2000-01-21,73.476
2000-01-22,73.894
2000-01-23,77.6065
2000-01-24,84.68421
2000-01-25,80.1175
2000-01-26,77.4265
2000-01-27,77.649
2000-01-28,78.4715
2000-01-29,72.5075
2000-01-30,76.2405
2000-01-31,74.0545
2000-02-01,63.4815
2000-02-02,73.7875
2000-02-03,80.2575
2000-02-04,77.6145
2000-02-05,75.5785
2000-02-06,83.424736
2000-02-07,83.469
2000-02-08,80.4275
2000-02-09,79.522
2000-02-10,87.1625
2000-02-11,88.2575
2000-02-12,91.45765
2000-02-13,84.187
2000-02-14,83.6525
2000-02-15,82.3095
2000-02-16,72.593
2000-02-17,86.670525
2000-02-18,92.99588
2000-02-19,81.0025
2000-02-20,92.0
2000-02-21,87.687
2000-02-22,83.073
2000-02-23,74.313
2000-02-24,83.134
2000-02-25,76.65
2000-02-26,78.1175
2000-02-27,74.3705
2000-02-28,70.5785
2000-02-29,60.464
2000-03-01,62.0295
2000-03-02,79.9125
2000-03-03,84.61105
2000-03-04,71.868996
2000-03-05,82.009
2000-03-06,71.894
2000-03-07,65.9475
2000-03-08,64.911995
2000-03-09,70.1385
2000-03-10,74.348495
2000-03-11,68.5045
2000-03-12,67.752
2000-03-13,64.361496
2000-03-14,66.5455
2000-03-15,71.9855
2000-03-16,82.1485
2000-03-17,79.455
2000-03-18,87.168
2000-03-19,83.119
2000-03-20,79.385
2000-03-21,73.9605
2000-03-22,71.269
2000-03-23,66.8295
2000-03-24,63.4475
2000-03-25,58.9055
2000-03-26,69.0275
2000-03-27,70.584496
2000-03-28,71.491
2000-03-29,71.7535
2000-03-30,76.247
2000-03-31,54.94
2000-04-01,72.0665
2000-04-02,82.2285
2000-04-03,72.232
2000-04-04,68.638
2000-04-05,71.8165
2000-04-06,82.2575
2000-04-07,64.387
2000-04-08,79.465
2000-04-09,70.889
2000-04-10,62.4095
2000-04-11,72.5405
2000-04-12,66.099
2000-04-13,70.93
2000-04-14,66.617
2000-04-15,55.374
2000-04-16,65.89
2000-04-17,58.8935
2000-04-18,65.5555
2000-04-19,74.56
2000-04-20,86.5715
2000-04-21,75.9305
2000-04-22,72.2465
2000-04-23,77.3125
2000-04-24,84.893
2000-04-25,89.34579
2000-04-26,92.27454
2000-04-27,86.697
2000-04-28,78.0065
2000-04-29,73.592
2000-04-30,72.0915
2000-05-01,68.0775
2000-05-02,69.234
2000-05-03,56.7925
2000-05-04,49.168
2000-05-05,55.8975
2000-05-06,51.5915
2000-05-07,52.9505
2000-05-08,58.478
2000-05-09,64.751495
2000-05-10,64.4675
2000-05-11,65.061
2000-05-12,69.706
2000-05-13,69.389
2000-05-14,61.7355
2000-05-15,57.378498
2000-05-16,59.681
2000-05-17,54.955997
2000-05-18,58.9965
2000-05-19,66.904495
2000-05-20,72.738
2000-05-21,70.655
2000-05-22,66.761
2000-05-23,72.312996
2000-05-24,75.552
2000-05-25,64.235
2000-05-26,59.052
2000-05-27,52.5265
2000-05-28,53.239
2000-05-29,72.863
2000-05-30,78.353
2000-05-31,68.2615
2000-06-01,88.371
2000-06-02,71.303
2000-06-03,63.373
2000-06-04,60.2025
2000-06-05,56.195
2000-06-06,47.468998
2000-06-07,72.103
2000-06-08,64.7805
2000-06-09,57.462498
2000-06-10,56.364
2000-06-11,50.898
2000-06-12,54.028
2000-06-13,53.948997
2000-06-14,63.229
2000-06-15,66.1345
2000-06-16,71.9835
2000-06-17,74.8165
2000-06-18,63.979
2000-06-19,58.283
2000-06-20,53.21
2000-06-21,52.9455
2000-06-22,47.128498
2000-06-23,48.568497
2000-06-24,70.5375
2000-06-25,66.875496
2000-06-26,68.715
2000-06-27,72.8355
2000-06-28,61.447998
2000-06-29,59.089
2000-06-30,75.9635
2000-07-01,70.4205
2000-07-02,58.8945
2000-07-03,57.2585
2000-07-04,50.156498
2000-07-05,54.642
2000-07-06,59.303
2000-07-07,63.441498
2000-07-08,51.5465
2000-07-09,71.817
2000-07-10,60.934498
2000-07-11,44.080498
2000-07-12,64.928
2000-07-13,74.72
2000-07-14,56.8535
2000-07-15,53.2285
2000-07-16,65.5265
2000-07-17,63.43
2000-07-18,60.900997
2000-07-19,73.0885
2000-07-20,68.765495
2000-07-21,66.1475
2000-07-22,73.8405
2000-07-23,65.0455
2000-07-24,57.227497
2000-07-25,55.873497
2000-07-26,49.296497
2000-07-27,63.2115
2000-07-28,60.366997
2000-07-29,70.979
2000-07-30,68.067
2000-07-31,72.694496
2000-08-01,63.567497
2000-08-02,55.2575
2000-08-03,49.4155
2000-08-04,63.199497
2000-08-05,57.9815
2000-08-06,48.656498
2000-08-07,61.6215
2000-08-08,67.8855
2000-08-09,71.064995
2000-08-10,64.218
2000-08-11,58.0575
2000-08-12,59.448498
2000-08-13,57.0835
2000-08-14,53.184
2000-08-15,62.295
2000-08-16,60.6305
2000-08-17,60.335
2000-08-18,48.213497
2000-08-19,54.267
2000-08-20,50.1995
2000-08-21,39.055996
2000-08-22,46.03
2000-08-23,47.3295
2000-08-24,54.9195
2000-08-25,61.760998
2000-08-26,66.528496
2000-08-27,64.181496
2000-08-28,60.934498
2000-08-29,65.7965
2000-08-30,66.231995
2000-08-31,58.0985
2000-09-01,81.9475
2000-09-02,71.0465
2000-09-03,76.7905
2000-09-04,79.393
2000-09-05,88.4225
2000-09-06,86.363
2000-09-07,72.0665
2000-09-08,70.356
2000-09-09,72.895
2000-09-10,73.7285
2000-09-11,75.0385
2000-09-12,72.8495
2000-09-13,69.798
2000-09-14,71.085
2000-09-15,69.854
2000-09-16,77.846
2000-09-17,84.5255
2000-09-18,84.178
2000-09-19,82.552
2000-09-20,79.411
2000-09-21,74.2135
2000-09-22,87.0665
2000-09-23,92.10714
2000-09-24,83.712
2000-09-25,74.143
2000-09-26,71.2875
2000-09-27,74.726
2000-09-28,74.459
2000-09-29,78.1015
2000-09-30,74.7775
2000-10-01,77.767
2000-10-02,71.512
2000-10-03,80.533
2000-10-04,81.6985
2000-10-05,76.6295
2000-10-06,79.9935
2000-10-07,84.520996
2000-10-08,86.9665
2000-10-09,85.7955
2000-10-10,85.3365
2000-10-11,73.7145
2000-10-12,71.243996
2000-10-13,80.223
2000-10-14,75.1515
2000-10-15,80.122
2000-10-16,78.489
2000-10-17,79.5215
2000-10-18,76.22
2000-10-19,77.863
2000-10-20,75.007996
2000-10-21,72.848
2000-10-22,78.8985
2000-10-23,80.312
2000-10-24,69.526
2000-10-25,65.302
2000-10-26,62.5095
2000-10-27,74.8495
2000-10-28,80.7605
2000-10-29,74.8135
2000-10-30,71.283
2000-10-31,68.986496
2000-11-01,76.575
2000-11-02,92.00533
2000-11-03,86.5795
2000-11-04,83.051
2000-11-05,91.17062
2000-11-06,88.22588
2000-11-07,91.920555
2000-11-08,83.4325
2000-11-09,83.050995
2000-11-10,86.69
2000-11-11,85.634
2000-11-12,87.389
2000-11-13,83.506
2000-11-14,79.8095
2000-11-15,73.033
2000-11-16,83.71895
2000-11-17,81.3745
2000-11-18,82.734
2000-11-19,89.85
2000-11-20,90.29737
2000-11-21,91.18615
2000-11-22,91.93353
2000-11-23,89.59
2000-11-24,88.22063
2000-11-25,87.348495
2000-11-26,91.77923
2000-11-27,92.314285
2000-11-28,92.30334
2000-11-29,90.674286
2000-11-30,91.98923
2000-12-01,89.12944
2000-12-02,85.432
2000-12-03,88.152504
2000-12-04,92.24875
2000-12-05,90.43933
2000-12-06,89.54714
2000-12-07,83.94526
2000-12-08,76.9905
2000-12-09,83.082
2000-12-10,89.84368
2000-12-11,87.03368
2000-12-12,78.24
2000-12-13,82.593
2000-12-14,79.8365
2000-12-15,83.778
2000-12-16,86.96737
2000-12-17,77.057
2000-12-18,87.049446
2000-12-19,83.0535
2000-12-20,86.12842
2000-12-21,80.798
2000-12-22,86.505
2000-12-23,80.2995
2000-12-24,72.124
2000-12-25,65.640495
2000-12-26,83.936
2000-12-27,79.29105
2000-12-28,73.9355
2000-12-29,84.207
2000-12-30,87.9335
2000-12-31,77.6615
2001-01-01,90.48055
2001-01-02,84.422
2001-01-03,85.8095
2001-01-04,87.4905
2001-01-05,88.86143
2001-01-06,84.5625
2001-01-07,85.2045
2001-01-08,83.4935
2001-01-09,85.6645
2001-01-10,76.6355
2001-01-11,76.959
2001-01-12,84.422
2001-01-13,90.72
2001-01-14,85.82412
2001-01-15,87.405266
2001-01-16,83.502106
2001-01-17,82.55526
2001-01-18,82.139496
2001-01-19,84.751
2001-01-20,82.965996
2001-01-21,81.273
2001-01-22,81.278
2001-01-23,80.272995
2001-01-24,82.594
2001-01-25,83.0955
2001-01-26,82.17
2001-01-27,87.289474
2001-01-28,84.49684
2001-01-29,83.538
2001-01-30,85.51369
2001-01-31,90.26667
2001-02-01,87.58948
2001-02-02,89.122
2001-02-03,81.4575
2001-02-04,71.480995
2001-02-05,76.921
2001-02-06,74.053
2001-02-07,74.5675
2001-02-08,73.4015
2001-02-09,72.1735
2001-02-10,82.8625
2001-02-11,87.09368
2001-02-12,75.654
2001-02-13,74.9405
2001-02-14,85.15632
2001-02-15,75.5405
2001-02-16,65.402
2001-02-17,70.284
2001-02-18,76.61
2001-02-19,75.9435
2001-02-20,77.8985
2001-02-21,77.3375
2001-02-22,69.253
2001-02-23,70.202
2001-02-24,83.94842
2001-02-25,90.89166
2001-02-26,87.6955
2001-02-27,79.8225
2001-02-28,76.201996
2001-03-01,87.236496
2001-03-02,74.3385
2001-03-03,74.974
2001-03-04,80.933
2001-03-05,76.613
2001-03-06,86.5415
2001-03-07,70.8575
2001-03-08,62.4865
2001-03-09,66.279
2001-03-10,71.563995
2001-03-11,68.752495
2001-03-12,66.3025
2001-03-13,65.3925
2001-03-14,84.8075
2001-03-15,65.9825
2001-03-16,63.379997
2001-03-17,61.7185
2001-03-18,73.1455
2001-03-19,77.4805
2001-03-20,63.987
2001-03-21,67.1495
2001-03-22,81.475
2001-03-23,83.125
2001-03-24,74.941
2001-03-25,82.4505
2001-03-26,71.2465
2001-03-27,79.597
2001-03-28,81.1
2001-03-29,79.9005
2001-03-30,79.2165
2001-03-31,62.913998
2001-04-01,68.639
2001-04-02,62.296497
2001-04-03,54.4035
2001-04-04,51.0325
2001-04-05,53.565998
2001-04-06,76.764
2001-04-07,69.961
2001-04-08,52.755497
2001-04-09,82.969
2001-04-10,92.85667
2001-04-11,92.15583
2001-04-12,84.46684
2001-04-13,82.6705
2001-04-14,74.937996
2001-04-15,88.0535
2001-04-16,65.459496
2001-04-17,74.3545
2001-04-18,87.0255
2001-04-19,67.354
2001-04-20,76.7015
2001-04-21,75.1325
2001-04-22,86.923
2001-04-23,91.505
2001-04-24,85.426
2001-04-25,67.287994
2001-04-26,69.696
2001-04-27,77.348
2001-04-28,80.833
2001-04-29,78.781
2001-04-30,63.587498
2001-05-01,59.177998
2001-05-02,57.9155
2001-05-03,58.1555
2001-05-04,66.824
2001-05-05,57.9675
2001-05-06,75.6435
2001-05-07,85.656
2001-05-08,85.7965
2001-05-09,75.631996
2001-05-10,72.609
2001-05-11,78.3965
2001-05-12,77.347
2001-05-13,75.375496
2001-05-14,65.944
2001-05-15,63.552498
2001-05-16,60.752
2001-05-17,58.474
2001-05-18,62.8365
2001-05-19,84.2395
2001-05-20,71.4605
2001-05-21,77.1235
2001-05-22,82.8715
2001-05-23,81.209
2001-05-24,68.47
2001-05-25,67.749
2001-05-26,73.2255
2001-05-27,68.8155
2001-05-28,69.0665
2001-05-29,70.696
2001-05-30,61.482
2001-05-31,69.987
2001-06-01,82.372
2001-06-02,80.741
2001-06-03,79.3245
2001-06-04,84.4935
2001-06-05,65.4295
2001-06-06,70.9685
2001-06-07,76.086
2001-06-08,69.771996
2001-06-09,69.940994
2001-06-10,68.85
2001-06-11,68.9985
2001-06-12,70.8645
2001-06-13,67.252
2001-06-14,81.469
2001-06-15,75.3935
2001-06-16,64.645
2001-06-17,68.994995
2001-06-18,80.187996
2001-06-19,91.57
2001-06-20,83.519
2001-06-21,90.5315
2001-06-22,76.956
2001-06-23,71.071
2001-06-24,75.2215
2001-06-25,67.833
2001-06-26,71.057495
2001-06-27,65.3825
2001-06-28,68.9935
2001-06-29,65.7385
2001-06-30,79.015
2001-07-01,74.4485
2001-07-02,86.9405
2001-07-03,82.734
2001-07-04,74.609
2001-07-05,74.0225
2001-07-06,76.299995
2001-07-07,65.323
2001-07-08,67.9115
2001-07-09,70.910995
2001-07-10,72.8935
2001-07-11,76.8685
2001-07-12,80.2015
2001-07-13,66.249
2001-07-14,61.912
2001-07-15,53.376
2001-07-16,51.949997
2001-07-17,63.026
2001-07-18,68.1345
2001-07-19,59.5475
2001-07-20,49.718998
2001-07-21,76.7185
2001-07-22,81.2015
2001-07-23,81.74
2001-07-24,78.361496
2001-07-25,76.367
2001-07-26,71.675995
2001-07-27,76.9375
2001-07-28,71.497
2001-07-29,72.5755
2001-07-30,71.09
2001-07-31,70.115
2001-08-01,67.76
2001-08-02,66.395
2001-08-03,61.174
2001-08-04,42.797497
2001-08-05,69.204
2001-08-06,67.571
2001-08-07,65.693
2001-08-08,58.059
2001-08-09,65.4225
2001-08-10,62.488
2001-08-11,74.800995
2001-08-12,83.256
2001-08-13,72.043
2001-08-14,63.028
2001-08-15,60.4225
2001-08-16,58.587498
2001-08-17,55.4535
2001-08-18,61.440998
2001-08-19,60.9805
2001-08-20,55.962997
2001-08-21,53.657997
2001-08-22,64.1035
2001-08-23,75.687996
2001-08-24,74.222496
2001-08-25,70.101
2001-08-26,65.8925
2001-08-27,60.8415
2001-08-28,65.2035
2001-08-29,69.43
2001-08-30,61.8295
2001-08-31,62.449997
2001-09-01,64.9635
2001-09-02,79.602
2001-09-03,69.438995
2001-09-04,64.7465
2001-09-05,63.734497
2001-09-06,87.6855
2001-09-07,86.127
2001-09-08,72.993996
2001-09-09,70.4725
2001-09-10,67.868996
2001-09-11,87.2165
2001-09-12,73.1005
2001-09-13,70.7595
2001-09-14,69.17
2001-09-15,71.4615
2001-09-16,76.1215
2001-09-17,77.7735
2001-09-18,72.3725
2001-09-19,76.7475
2001-09-20,72.9385
2001-09-21,75.0505
2001-09-22,76.8545
2001-09-23,81.068
2001-09-24,79.632996
2001-09-25,83.226
2001-09-26,75.197
2001-09-27,90.3421
2001-09-28,81.254
2001-09-29,73.451
2001-09-30,70.296
2001-10-01,78.4155
2001-10-02,77.319496
2001-10-03,71.9475
2001-10-04,75.7685
2001-10-05,82.131
2001-10-06,78.49
2001-10-07,76.49
2001-10-08,72.348
2001-10-09,68.837
2001-10-10,75.655
2001-10-11,75.534004
2001-10-12,67.2455
2001-10-13,68.512
2001-10-14,72.5485
2001-10-15,73.951
2001-10-16,74.951
2001-10-17,80.136
2001-10-18,75.363
2001-10-19,79.996
2001-10-20,75.86
2001-10-21,74.661
2001-10-22,84.604996
2001-10-23,75.327995
2001-10-24,73.4615
2001-10-25,63.385498
2001-10-26,65.5815
2001-10-27,72.861
2001-10-28,70.6015
2001-10-29,74.1155
2001-10-30,79.399
2001-10-31,61.986
2001-11-01,60.954
2001-11-02,76.402
2001-11-03,69.868996
2001-11-04,73.6045
2001-11-05,73.4795
2001-11-06,69.703
2001-11-07,81.615
2001-11-08,80.575
2001-11-09,80.832
2001-11-10,79.7975
2001-11-11,86.721
2001-11-12,89.85105
2001-11-13,86.654
2001-11-14,86.21158
2001-11-15,83.718
2001-11-16,71.0495
2001-11-17,65.3535
2001-11-18,75.5795
2001-11-19,78.806496
2001-11-20,85.523155
2001-11-21,80.6705
2001-11-22,68.652
2001-11-23,73.8105
2001-11-24,92.14616
2001-11-25,82.231
2001-11-26,83.8995
2001-11-27,82.254
2001-11-28,82.316
2001-11-29,94.71
2001-11-30,89.43737
2001-12-01,89.91059
2001-12-02,88.98889
2001-12-03,86.40278
2001-12-04,86.4921
2001-12-05,88.454735
2001-12-06,82.245
2001-12-07,79.098
2001-12-08,81.775
2001-12-09,82.013
2001-12-10,82.1885
2001-12-11,71.4365
2001-12-12,80.4505
2001-12-13,88.10647
2001-12-14,84.558
2001-12-15,83.199
2001-12-16,86.317
2001-12-17,87.5665
2001-12-18,87.6755
2001-12-19,84.759
2001-12-20,77.2755
2001-12-21,76.897995
2001-12-22,76.278496
2001-12-23,74.784996
2001-12-24,85.4785
2001-12-25,88.15437
2001-12-26,79.951
2001-12-27,86.36222
2001-12-28,81.727
2001-12-29,69.8055
2001-12-30,73.738495
2001-12-31,84.08
2002-01-01,79.037
2002-01-02,76.881
2002-01-03,75.2675
2002-01-04,74.465
2002-01-05,77.6065
2002-01-06,78.921
2002-01-07,76.9385
2002-01-08,84.192
2002-01-09,84.331
2002-01-10,83.0685
2002-01-11,82.4325
2002-01-12,84.056
2002-01-13,86.25579
2002-01-14,87.604706
2002-01-15,85.00105
2002-01-16,88.964
2002-01-17,87.515785
2002-01-18,91.29667
2002-01-19,91.53117
2002-01-20,91.61471
2002-01-21,81.341
2002-01-22,87.963684
2002-01-23,85.1295
2002-01-24,81.9735
2002-01-25,86.4765
2002-01-26,78.019
2002-01-27,78.5755
2002-01-28,80.0705
2002-01-29,58.165
2002-01-30,57.1585
2002-01-31,61.268997
2002-02-01,72.1505
2002-02-02,84.384
2002-02-03,73.1695
2002-02-04,58.7925
2002-02-05,68.584
2002-02-06,75.8385
2002-02-07,75.588
2002-02-08,81.247
2002-02-09,72.6135
2002-02-10,74.361
2002-02-11,79.657
2002-02-12,71.454994
2002-02-13,51.786
2002-02-14,73.239
2002-02-15,73.7955
2002-02-16,65.0575
2002-02-17,60.359497
2002-02-18,51.279
2002-02-19,77.8985
2002-02-20,70.331
2002-02-21,78.397
2002-02-22,68.653
2002-02-23,75.347496
2002-02-24,85.08474
2002-02-25,76.123
2002-02-26,68.458
2002-02-27,66.721
2002-02-28,72.9895
2002-03-01,66.7115
2002-03-02,71.111496
2002-03-03,66.2735
2002-03-04,66.9375
2002-03-05,69.115
2002-03-06,64.8355
2002-03-07,50.6135
2002-03-08,52.3265
2002-03-09,59.348
2002-03-10,85.4415
2002-03-11,77.758995
2002-03-12,78.642
2002-03-13,64.515
2002-03-14,53.350998
2002-03-15,60.3475
2002-03-16,59.825
2002-03-17,65.465
2002-03-18,60.787
2002-03-19,55.065
2002-03-20,72.7335
2002-03-21,75.7715
2002-03-22,84.174995
2002-03-23,87.66889
2002-03-24,80.1475
2002-03-25,88.56941
2002-03-26,80.881
2002-03-27,75.963
2002-03-28,68.251
2002-03-29,67.9765
2002-03-30,71.2675
2002-03-31,63.1415
2002-04-01,58.788
2002-04-02,55.172
2002-04-03,56.596
2002-04-04,71.992
2002-04-05,88.89842
2002-04-06,84.5515
2002-04-07,74.8645
2002-04-08,58.9395
2002-04-09,74.462
2002-04-10,72.2035
2002-04-11,68.557
2002-04-12,80.656
2002-04-13,86.558334
2002-04-14,86.062355
2002-04-15,87.93616
2002-04-16,89.1775
2002-04-17,78.394
2002-04-18,74.8025
2002-04-19,71.0375
2002-04-20,74.0055
2002-04-21,65.8385
2002-04-22,64.88
2002-04-23,76.1775
2002-04-24,72.8035
2002-04-25,73.1715
2002-04-26,75.307
2002-04-27,71.5865
2002-04-28,81.3275
2002-04-29,70.4345
2002-04-30,81.5645
2002-05-01,67.268
2002-05-02,58.5935
2002-05-03,54.991497
2002-05-04,59.5275
2002-05-05,52.4255
2002-05-06,58.984
2002-05-07,54.7035
2002-05-08,50.386997
2002-05-09,54.834
2002-05-10,60.485
2002-05-11,65.926
2002-05-12,65.9485
2002-05-13,64.8555
2002-05-14,60.017498
2002-05-15,66.116
2002-05-16,69.808
2002-05-17,64.25
2002-05-18,58.787
2002-05-19,63.782497
2002-05-20,74.692
2002-05-21,79.2865
2002-05-22,68.4765
2002-05-23,68.159
2002-05-24,65.9815
2002-05-25,65.93
2002-05-26,72.329
2002-05-27,69.076
2002-05-28,71.1845
2002-05-29,75.816
2002-05-30,84.0865
2002-05-31,69.052
2002-06-01,66.8525
2002-06-02,72.105995
2002-06-03,85.5585
2002-06-04,84.986
2002-06-05,66.9985
2002-06-06,67.8935
2002-06-07,71.3645
2002-06-08,74.585495
2002-06-09,73.0455
2002-06-10,82.9515
2002-06-11,90.731575
2002-06-12,81.311
2002-06-13,73.0815
2002-06-14,67.3225
2002-06-15,62.6005
2002-06-16,72.622
2002-06-17,75.9755
2002-06-18,59.5055
2002-06-19,61.0055
2002-06-20,56.2025
2002-06-21,55.086
2002-06-22,59.3225
2002-06-23,58.649998
2002-06-24,63.2145
2002-06-25,68.708
2002-06-26,74.5575
2002-06-27,64.9055
2002-06-28,62.134
2002-06-29,70.42
2002-06-30,67.617
2002-07-01,69.0715
2002-07-02,60.213497
2002-07-03,61.499
2002-07-04,56.432
2002-07-05,67.613495
2002-07-06,67.139
2002-07-07,70.7835
2002-07-08,72.3575
2002-07-09,75.0555
2002-07-10,69.8295
2002-07-11,66.493996
2002-07-12,72.7045
2002-07-13,67.1065
2002-07-14,70.6555
2002-07-15,67.8855
2002-07-16,57.001
2002-07-17,77.2035
2002-07-18,78.8145
2002-07-19,80.5215
2002-07-20,87.7515
2002-07-21,74.797
2002-07-22,75.014
2002-07-23,65.496
2002-07-24,64.109
2002-07-25,84.144
2002-07-26,81.053
2002-07-27,86.876
2002-07-28,78.3035
2002-07-29,84.802
2002-07-30,84.457
2002-07-31,81.902
2002-08-01,83.639
2002-08-02,78.6995
2002-08-03,77.479
2002-08-04,73.947
2002-08-05,75.154
2002-08-06,77.654495
2002-08-07,81.46
2002-08-08,91.24529
2002-08-09,88.7995
2002-08-10,82.5905
2002-08-11,79.21
2002-08-12,77.126495
2002-08-13,71.018
2002-08-14,84.278
2002-08-15,78.718
2002-08-16,84.349
2002-08-17,84.9975
2002-08-18,81.6335
2002-08-19,75.727
2002-08-20,75.208496
2002-08-21,72.202995
2002-08-22,72.4675
2002-08-23,71.358
2002-08-24,69.3515
2002-08-25,68.74
2002-08-26,71.233
2002-08-27,72.289
2002-08-28,71.1445
2002-08-29,73.7765
2002-08-30,80.287
2002-08-31,74.946
2002-09-01,74.278
2002-09-02,71.858
2002-09-03,70.889496
2002-09-04,81.118
2002-09-05,66.45
2002-09-06,59.343
2002-09-07,69.557495
2002-09-08,69.445
2002-09-09,71.734
2002-09-10,72.6585
2002-09-11,75.1705
2002-09-12,75.253
2002-09-13,77.026
2002-09-14,85.7805
2002-09-15,83.566
2002-09-16,86.6485
2002-09-17,76.862
2002-09-18,75.773
2002-09-19,71.083496
2002-09-20,73.559
2002-09-21,86.1495
2002-09-22,83.764
2002-09-23,82.9055
2002-09-24,85.7555
2002-09-25,91.868
2002-09-26,92.17333
2002-09-27,81.3465
2002-09-28,85.573
2002-09-29,92.58625
2002-09-30,89.70105
2002-10-01,88.744
2002-10-02,80.087
2002-10-03,76.4365
2002-10-04,79.0875
2002-10-05,84.018
2002-10-06,84.608
2002-10-07,88.11647
2002-10-08,80.3545
2002-10-09,81.7885
2002-10-10,82.6575
2002-10-11,89.576004
2002-10-12,92.58462
2002-10-13,93.75
2002-10-14,92.88571
2002-10-15,89.00158
2002-10-16,87.75263
2002-10-17,84.342
2002-10-18,80.21
2002-10-19,81.1575
2002-10-20,78.4925
2002-10-21,74.104
2002-10-22,74.556496
2002-10-23,80.2555
2002-10-24,92.04842
2002-10-25,79.356
2002-10-26,76.0935
2002-10-27,60.3805
2002-10-28,63.8255
2002-10-29,70.15
2002-10-30,74.9565
2002-10-31,73.7055
2002-11-01,82.0605
2002-11-02,80.489
2002-11-03,85.4515
2002-11-04,85.34722
2002-11-05,91.4675
2002-11-06,91.84571
2002-11-07,91.83
2002-11-08,93.22375
2002-11-09,88.38733
2002-11-10,86.15
2002-11-11,80.8345
2002-11-12,79.5855
2002-11-13,79.491
2002-11-14,84.24842
2002-11-15,77.8325
2002-11-16,70.779
2002-11-17,70.578
2002-11-18,74.399
2002-11-19,71.9195
2002-11-20,79.6035
2002-11-21,86.953156
2002-11-22,82.6805
2002-11-23,87.596
2002-11-24,79.182
2002-11-25,81.5395
2002-11-26,88.232
2002-11-27,84.485
2002-11-28,83.32842
2002-11-29,88.109474
2002-11-30,90.645836
2002-12-01,93.40417
2002-12-02,86.832
2002-12-03,90.34059
2002-12-04,91.64
2002-12-05,91.06625
2002-12-06,91.937
2002-12-07,86.736
2002-12-08,84.777
2002-12-09,75.957
2002-12-10,79.8875
2002-12-11,77.6565
2002-12-12,80.4825
2002-12-13,79.6
2002-12-14,81.908424
2002-12-15,89.411
2002-12-16,86.97263
2002-12-17,90.435
2002-12-18,93.06167
2002-12-19,88.543076
2002-12-20,87.025
2002-12-21,80.8415
2002-12-22,84.216995
2002-12-23,90.05812
2002-12-24,82.8955
2002-12-25,78.0905
2002-12-26,79.6935
2002-12-27,84.97474
2002-12-28,83.11895
2002-12-29,91.7375
2002-12-30,87.54235
2002-12-31,80.3655
2003-01-01,86.64824
2003-01-02,87.058334
2003-01-03,91.159996
2003-01-04,90.94222
2003-01-05,90.043335
2003-01-06,87.7785
2003-01-07,89.95824
2003-01-08,81.8375
2003-01-09,85.8065
2003-01-10,88.9
2003-01-11,89.05722
2003-01-12,85.344734
2003-01-13,85.8915
2003-01-14,80.112
2003-01-15,89.145
2003-01-16,87.17722
2003-01-17,89.062004
2003-01-18,83.431
2003-01-19,87.68375
2003-01-20,86.98
2003-01-21,88.661575
2003-01-22,86.86235
2003-01-23,90.52563
2003-01-24,93.057495
2003-01-25,93.53
2003-01-26,91.30105
2003-01-27,89.253334
2003-01-28,87.14158
2003-01-29,86.50579
2003-01-30,88.43316
2003-01-31,89.58833
2003-02-01,90.30778
2003-02-02,86.67313
2003-02-03,84.4045
2003-02-04,80.098495
2003-02-05,91.72813
2003-02-06,87.7965
2003-02-07,86.625786
2003-02-08,89.7575
2003-02-09,90.51947
2003-02-10,89.02778
2003-02-11,84.2935
2003-02-12,83.5075
2003-02-13,83.831
2003-02-14,82.9565
2003-02-15,83.067
2003-02-16,80.485504
2003-02-17,82.705
2003-02-18,84.885
2003-02-19,88.76421
2003-02-20,87.357895
2003-02-21,81.6085
2003-02-22,77.566
2003-02-23,75.553
2003-02-24,77.212
2003-02-25,80.9745
2003-02-26,77.1335
2003-02-27,75.2625
2003-02-28,74.0245
2003-03-01,78.069
2003-03-02,81.5635
2003-03-03,86.280525
2003-03-04,83.467
2003-03-05,83.2545
2003-03-06,81.787
2003-03-07,85.8465
2003-03-08,80.8785
2003-03-09,81.0625
2003-03-10,90.70177
2003-03-11,89.095
2003-03-12,87.182
2003-03-13,87.761
2003-03-14,88.994736
2003-03-15,82.1755
2003-03-16,82.598495
2003-03-17,77.7695
2003-03-18,74.8515
2003-03-19,77.952995
2003-03-20,74.0465
2003-03-21,74.431
2003-03-22,63.132
2003-03-23,64.1365
2003-03-24,63.961
2003-03-25,52.725
2003-03-26,52.717
2003-03-27,55.7365
2003-03-28,60.028
2003-03-29,67.5645
2003-03-30,71.0
2003-03-31,73.5945
2003-04-01,66.199
2003-04-02,61.3125
2003-04-03,59.873497
2003-04-04,73.3585
2003-04-05,83.171
2003-04-06,76.062
2003-04-07,85.90948
2003-04-08,82.394
2003-04-09,59.982998
2003-04-10,60.4395
2003-04-11,70.266
2003-04-12,73.086
2003-04-13,86.2135
2003-04-14,72.363
2003-04-15,61.9525
2003-04-16,68.933
2003-04-17,62.3975
2003-04-18,75.512
2003-04-19,74.561
2003-04-20,49.417
2003-04-21,51.173
2003-04-22,56.2845
2003-04-23,68.529
2003-04-24,83.8685
2003-04-25,71.995
2003-04-26,61.0995
2003-04-27,59.2285
2003-04-28,78.812996
2003-04-29,52.482002
2003-04-30,54.6965
2003-05-01,57.8365
2003-05-02,61.919
2003-05-03,57.977497
2003-05-04,55.010498
2003-05-05,57.4685
2003-05-06,58.6845
2003-05-07,51.09
2003-05-08,49.850998
2003-05-09,51.823498
2003-05-10,53.77
2003-05-11,48.0905
2003-05-12,56.5365
2003-05-13,60.7155
2003-05-14,77.772
2003-05-15,85.798
2003-05-16,68.3285
2003-05-17,74.2755
2003-05-18,73.668
2003-05-19,71.643
2003-05-20,66.072
2003-05-21,76.5055
2003-05-22,87.350525
2003-05-23,83.0335
2003-05-24,78.998
2003-05-25,76.029
2003-05-26,67.2125
2003-05-27,69.5125
2003-05-28,76.113495
2003-05-29,71.0815
2003-05-30,73.164
2003-05-31,59.4585
2003-06-01,63.7415
2003-06-02,64.2575
2003-06-03,72.843
2003-06-04,63.413
2003-06-05,62.6075
2003-06-06,65.735
2003-06-07,67.0625
2003-06-08,67.1685
2003-06-09,68.075
2003-06-10,65.4055
2003-06-11,67.394
2003-06-12,65.2795
2003-06-13,61.468
2003-06-14,62.0025
2003-06-15,65.588
2003-06-16,77.1085
2003-06-17,67.2315
2003-06-18,55.7665
2003-06-19,78.718
2003-06-20,73.793495
2003-06-21,62.1235
2003-06-22,62.143997
2003-06-23,60.419
2003-06-24,58.763496
2003-06-25,65.761
2003-06-26,62.1685
2003-06-27,70.59
2003-06-28,63.114998
2003-06-29,58.287
2003-06-30,69.112495
2003-07-01,58.521
2003-07-02,58.247498
2003-07-03,55.424
2003-07-04,70.8945
2003-07-05,81.099
2003-07-06,70.9845
2003-07-07,73.792
2003-07-08,68.596504
2003-07-09,62.413998
2003-07-10,67.429
2003-07-11,73.656
2003-07-12,69.051
2003-07-13,72.912
2003-07-14,73.574
2003-07-15,68.592
2003-07-16,70.1705
2003-07-17,65.065
2003-07-18,67.59
2003-07-19,82.606
2003-07-20,66.9385
2003-07-21,62.9495
2003-07-22,61.961
2003-07-23,69.2345
2003-07-24,79.471
2003-07-25,77.126
2003-07-26,83.307495
2003-07-27,68.071
2003-07-28,66.1005
2003-07-29,75.354
2003-07-30,80.9825
2003-07-31,76.059
2003-08-01,67.8185
2003-08-02,73.7245
2003-08-03,68.042
2003-08-04,61.594498
2003-08-05,58.004997
2003-08-06,59.733498
2003-08-07,59.475998
2003-08-08,55.040497
2003-08-09,57.398
2003-08-10,63.913998
2003-08-11,57.651
2003-08-12,53.566998
2003-08-13,52.9045
2003-08-14,48.4995
2003-08-15,64.3445
2003-08-16,58.3135
2003-08-17,60.564
2003-08-18,60.8145
2003-08-19,58.818
2003-08-20,68.262
2003-08-21,70.167
2003-08-22,64.779
2003-08-23,63.612
2003-08-24,55.131
2003-08-25,56.627
2003-08-26,61.3285
2003-08-27,63.9645
2003-08-28,53.552998
2003-08-29,55.628998
2003-08-30,53.8845
2003-08-31,62.177498
2003-09-01,66.7885
2003-09-02,77.774
2003-09-03,72.2555
2003-09-04,73.036
2003-09-05,70.056496
2003-09-06,65.573
2003-09-07,61.2585
2003-09-08,64.7335
2003-09-09,73.3715
2003-09-10,71.7295
2003-09-11,93.006
2003-09-12,91.90182
2003-09-13,89.39
2003-09-14,84.859
2003-09-15,80.199
2003-09-16,79.037
2003-09-17,73.874
2003-09-18,71.185
2003-09-19,72.264496
2003-09-20,72.55
2003-09-21,68.2955
2003-09-22,59.2555
2003-09-23,65.221
2003-09-24,81.913
2003-09-25,80.2445
2003-09-26,78.159996
2003-09-27,77.9405
2003-09-28,71.754
2003-09-29,64.308
2003-09-30,85.6505
2003-10-01,81.003
2003-10-02,76.8645
2003-10-03,76.0955
2003-10-04,76.9025
2003-10-05,81.124
2003-10-06,88.79
2003-10-07,69.9085
2003-10-08,89.59579
2003-10-09,85.082
2003-10-10,79.7625
2003-10-11,83.0655
2003-10-12,77.418495
2003-10-13,80.091995
2003-10-14,79.1305
2003-10-15,88.4521
2003-10-16,90.55
2003-10-17,90.998665
2003-10-18,85.9145
2003-10-19,86.589
2003-10-20,90.32667
2003-10-21,92.23067
2003-10-22,88.0485
2003-10-23,89.7775
2003-10-24,91.29
2003-10-25,89.94611
2003-10-26,86.297
2003-10-27,92.772
2003-10-28,81.9675
2003-10-29,78.1355
2003-10-30,84.9065
2003-10-31,86.18
2003-11-01,79.211
2003-11-02,83.769
2003-11-03,87.244736
2003-11-04,92.57833
2003-11-05,89.79235
2003-11-06,89.539474
2003-11-07,91.068
2003-11-08,88.58667
2003-11-09,84.40263
2003-11-10,81.439
2003-11-11,82.2525
2003-11-12,80.122
2003-11-13,82.626495
2003-11-14,87.8155
2003-11-15,87.57267
2003-11-16,86.27947
2003-11-17,87.1321
2003-11-18,79.289
2003-11-19,79.1965
2003-11-20,78.07
2003-11-21,83.643684
2003-11-22,88.03824
2003-11-23,91.756
2003-11-24,89.6075
2003-11-25,90.75693
2003-11-26,87.6785
2003-11-27,88.93895
2003-11-28,89.74461
2003-11-29,88.8125
2003-11-30,92.4625
2003-12-01,89.21286
2003-12-02,88.740585
2003-12-03,87.042
2003-12-04,84.39421
2003-12-05,87.21883
2003-12-06,74.126
2003-12-07,77.645996
2003-12-08,73.38
2003-12-09,74.7485
2003-12-10,75.174995
2003-12-11,82.317
2003-12-12,89.996254
2003-12-13,89.13375
2003-12-14,90.18643
2003-12-15,86.872635
2003-12-16,82.6325
2003-12-17,78.6315
2003-12-18,78.28579
2003-12-19,80.946
2003-12-20,81.556496
2003-12-21,79.14
2003-12-22,76.4405
2003-12-23,89.9195
2003-12-24,82.9765
2003-12-25,81.909996
2003-12-26,85.079475
2003-12-27,79.3495
2003-12-28,85.209
2003-12-29,88.56555
2003-12-30,86.7875
2003-12-31,90.14158
2004-01-01,91.88385
2004-01-02,93.85333
2004-01-03,92.090836
2004-01-04,92.01666
2004-01-05,86.18889
2004-01-06,80.494995
2004-01-07,82.076
2004-01-08,80.354996
2004-01-09,78.4415
2004-01-10,81.12263
2004-01-11,88.07474
2004-01-12,88.57684
2004-01-13,88.492226
2004-01-14,88.8225
2004-01-15,88.37
2004-01-16,82.102
2004-01-17,74.96
2004-01-18,85.590996
2004-01-19,88.24
2004-01-20,89.70937
2004-01-21,86.327774
2004-01-22,79.52
2004-01-23,77.5095
2004-01-24,80.696
2004-01-25,88.29667
2004-01-26,84.8745
2004-01-27,85.808
2004-01-28,88.8379
2004-01-29,92.11158
2004-01-30,87.555786
2004-01-31,80.067
2004-02-01,76.087
2004-02-02,77.4475
2004-02-03,86.86412
2004-02-04,89.55428
2004-02-05,79.99
2004-02-06,68.2675
2004-02-07,70.041
2004-02-08,78.469
2004-02-09,82.9465
2004-02-10,67.6615
2004-02-11,72.321
2004-02-12,74.8225
2004-02-13,69.491
2004-02-14,76.256996
2004-02-15,86.449
2004-02-16,83.8135
2004-02-17,77.4645
2004-02-18,85.274734
2004-02-19,78.37
2004-02-20,76.008
2004-02-21,54.552
2004-02-22,68.06
2004-02-23,85.865265
2004-02-24,88.63842
2004-02-25,84.6635
2004-02-26,80.631
2004-02-27,88.94353
2004-02-28,85.189
2004-02-29,86.599
2004-03-01,83.98211
2004-03-02,86.58369
2004-03-03,81.5885
2004-03-04,81.1415
2004-03-05,83.6285
2004-03-06,75.3325
2004-03-07,71.6995
2004-03-08,63.639
2004-03-09,89.38177
2004-03-10,91.925
2004-03-11,81.8185
2004-03-12,76.0685
2004-03-13,77.7665
2004-03-14,66.698
2004-03-15,77.5555
2004-03-16,74.1875
2004-03-17,73.3635
2004-03-18,74.9745
2004-03-19,72.3025
2004-03-20,69.896996
2004-03-21,63.381
2004-03-22,68.789
2004-03-23,66.236496
2004-03-24,73.415
2004-03-25,79.713
2004-03-26,87.509476
2004-03-27,89.9785
2004-03-28,84.759
2004-03-29,74.3375
2004-03-30,65.3985
2004-03-31,63.652
2004-04-01,52.9945
2004-04-02,57.436
2004-04-03,52.695
2004-04-04,65.4755
2004-04-05,70.337
2004-04-06,71.8635
2004-04-07,66.757996
2004-04-08,75.424995
2004-04-09,78.927
2004-04-10,68.0815
2004-04-11,69.2475
2004-04-12,70.9355
2004-04-13,77.368996
2004-04-14,73.5095
2004-04-15,60.6785
2004-04-16,53.052
2004-04-17,66.8175
2004-04-18,79.248
2004-04-19,67.531494
2004-04-20,59.903
2004-04-21,62.0735
2004-04-22,60.6655
2004-04-23,62.9945
2004-04-24,69.9895
2004-04-25,80.067
2004-04-26,69.868
2004-04-27,72.230995
2004-04-28,71.017
2004-04-29,63.635
2004-04-30,63.9455
2004-05-01,55.792
2004-05-02,63.8125
2004-05-03,65.1775
2004-05-04,70.2155
2004-05-05,77.929
2004-05-06,81.648
2004-05-07,75.517
2004-05-08,73.89
2004-05-09,78.8185
2004-05-10,80.959
2004-05-11,78.3945
2004-05-12,77.6715
2004-05-13,72.507996
2004-05-14,85.3525
2004-05-15,77.3185
2004-05-16,83.0035
2004-05-17,75.5235
2004-05-18,73.68
2004-05-19,65.4325
2004-05-20,58.9785
2004-05-21,69.8115
2004-05-22,79.698
2004-05-23,75.816
2004-05-24,83.237
2004-05-25,68.653
2004-05-26,65.511
2004-05-27,72.102
2004-05-28,68.9205
2004-05-29,69.084496
2004-05-30,71.821
2004-05-31,76.531
2004-06-01,72.2965
2004-06-02,73.1025
2004-06-03,68.890495
2004-06-04,77.1215
2004-06-05,84.5455
2004-06-06,84.1255
2004-06-07,84.6745
2004-06-08,73.961494
2004-06-09,69.5675
2004-06-10,76.831
2004-06-11,75.7055
2004-06-12,76.976
2004-06-13,79.805
2004-06-14,79.535995
2004-06-15,72.388
2004-06-16,74.807
2004-06-17,67.931496
2004-06-18,84.5965
2004-06-19,74.9705
2004-06-20,73.0725
2004-06-21,82.5045
2004-06-22,77.169
2004-06-23,68.096
2004-06-24,73.513
2004-06-25,71.3925
2004-06-26,71.498
2004-06-27,71.187
2004-06-28,65.089
2004-06-29,70.546
2004-06-30,70.633
2004-07-01,58.399
2004-07-02,75.2895
2004-07-03,75.917496
2004-07-04,64.141
2004-07-05,58.949497
2004-07-06,62.3545
2004-07-07,58.9405
2004-07-08,65.0725
2004-07-09,62.559
2004-07-10,67.861
2004-07-11,74.4
2004-07-12,81.559
2004-07-13,83.5745
2004-07-14,73.9015
2004-07-15,66.4835
2004-07-16,70.3625
2004-07-17,69.371
2004-07-18,64.454
2004-07-19,62.523
2004-07-20,65.76
2004-07-21,66.4935
2004-07-22,67.977
2004-07-23,68.479
2004-07-24,70.576996
2004-07-25,72.9495
2004-07-26,76.569
2004-07-27,90.4825
2004-07-28,90.983
2004-07-29,82.145
2004-07-30,82.8015
2004-07-31,74.396996
2004-08-01,69.183
2004-08-02,75.6705
2004-08-03,71.9195
2004-08-04,74.5885
2004-08-05,76.187
2004-08-06,79.955
2004-08-07,85.91421
2004-08-08,73.76
2004-08-09,82.125496
2004-08-10,82.756996
2004-08-11,74.3595
2004-08-12,70.635
2004-08-13,75.862
2004-08-14,79.3835
2004-08-15,73.6725
2004-08-16,66.2015
2004-08-17,63.9445
2004-08-18,58.559998
2004-08-19,57.929996
2004-08-20,63.6445
2004-08-21,72.715
2004-08-22,87.7095
2004-08-23,74.588
2004-08-24,64.8945
2004-08-25,69.774
2004-08-26,74.367
2004-08-27,86.6705
2004-08-28,87.189
2004-08-29,80.8505
2004-08-30,78.8875
2004-08-31,82.72
2004-09-01,82.75
2004-09-02,74.9155
2004-09-03,72.2855
2004-09-04,72.867004
2004-09-05,66.716995
2004-09-06,67.5325
2004-09-07,68.3715
2004-09-08,70.282
2004-09-09,71.8465
2004-09-10,63.8285
2004-09-11,68.2555
2004-09-12,61.522
2004-09-13,71.8245
2004-09-14,61.8605
2004-09-15,69.926
2004-09-16,81.4675
2004-09-17,81.961
2004-09-18,82.520996
2004-09-19,79.205
2004-09-20,78.131
2004-09-21,75.175995
2004-09-22,71.6545
2004-09-23,74.253
2004-09-24,75.4105
2004-09-25,85.3245
2004-09-26,85.2875
2004-09-27,91.321
2004-09-28,84.1205
2004-09-29,89.35421
2004-09-30,78.064
2004-10-01,77.3055
2004-10-02,85.8185
2004-10-03,82.898
2004-10-04,84.4395
2004-10-05,81.066
2004-10-06,77.221
2004-10-07,76.0315
2004-10-08,75.18
2004-10-09,82.69369
2004-10-10,81.897
2004-10-11,85.30556
2004-10-12,81.0915
2004-10-13,69.3885
2004-10-14,75.729996
2004-10-15,81.8715
2004-10-16,90.426315
2004-10-17,84.9145
2004-10-18,78.095
2004-10-19,79.6085
2004-10-20,84.056
2004-10-21,85.392
2004-10-22,88.213
2004-10-23,84.01
2004-10-24,81.9505
2004-10-25,75.779
2004-10-26,81.5805
2004-10-27,78.3445
2004-10-28,74.7615
2004-10-29,80.285995
2004-10-30,82.657
2004-10-31,84.6905
2004-11-01,79.977
2004-11-02,82.862
2004-11-03,81.173
2004-11-04,72.7565
2004-11-05,79.8455
2004-11-06,86.33632
2004-11-07,85.254
2004-11-08,92.17833
2004-11-09,83.4565
2004-11-10,91.613075
2004-11-11,88.50316
2004-11-12,92.11
2004-11-13,89.722496
2004-11-14,88.83647
2004-11-15,87.409
2004-11-16,87.22222
2004-11-17,86.686844
2004-11-18,82.7055
2004-11-19,77.3535
2004-11-20,71.153
2004-11-21,79.784996
2004-11-22,79.677
2004-11-23,84.529
2004-11-24,76.308
2004-11-25,85.215
2004-11-26,74.222
2004-11-27,73.8365
2004-11-28,83.54842
2004-11-29,76.641495
2004-11-30,83.2395
2004-12-01,86.199
2004-12-02,85.9825
2004-12-03,85.1875
2004-12-04,85.643684
2004-12-05,89.33867
2004-12-06,91.05909
2004-12-07,78.515
2004-12-08,82.27
2004-12-09,81.19684
2004-12-10,82.4985
2004-12-11,77.8515
2004-12-12,80.167
2004-12-13,75.2095
2004-12-14,81.784996
2004-12-15,77.863
2004-12-16,76.344
2004-12-17,80.53
2004-12-18,85.4855
2004-12-19,88.67368
2004-12-20,89.63944
2004-12-21,89.420906
2004-12-22,87.41529
2004-12-23,88.83444
2004-12-24,89.532
2004-12-25,85.49158
2004-12-26,78.094
2004-12-27,74.48105
2004-12-28,90.92944
2004-12-29,93.44667
2004-12-30,87.53737
2004-12-31,91.90938
2005-01-01,91.52154
2005-01-02,92.63143
2005-01-03,81.489
2005-01-04,80.4805
2005-01-05,80.223
2005-01-06,81.145996
2005-01-07,79.053
2005-01-08,79.4405
2005-01-09,71.218
2005-01-10,74.9945
2005-01-11,83.273
2005-01-12,83.971
2005-01-13,90.40941
2005-01-14,84.812
2005-01-15,75.3325
2005-01-16,77.4675
2005-01-17,77.134
2005-01-18,79.3875
2005-01-19,84.14842
2005-01-20,88.16368
2005-01-21,89.2605
2005-01-22,74.313995
2005-01-23,81.112495
2005-01-24,81.78
2005-01-25,90.97077
2005-01-26,88.10667
2005-01-27,84.1255
2005-01-28,83.2985
2005-01-29,87.983
2005-01-30,85.614
2005-01-31,82.274
2005-02-01,89.63722
2005-02-02,93.89
2005-02-03,89.046844
2005-02-04,85.326
2005-02-05,79.5335
2005-02-06,71.2545
2005-02-07,67.3255
2005-02-08,71.6885
2005-02-09,76.407
2005-02-10,82.7855
2005-02-11,78.255
2005-02-12,80.993
2005-02-13,86.93105
2005-02-14,90.10313
2005-02-15,88.736
2005-02-16,87.39059
2005-02-17,90.835266
2005-02-18,92.96467
2005-02-19,92.920906
2005-02-20,87.27
2005-02-21,92.352
2005-02-22,84.8825
2005-02-23,85.63789
2005-02-24,90.712
2005-02-25,84.747
2005-02-26,91.204704
2005-02-27,89.53667
2005-02-28,74.262
2005-03-01,79.6885
2005-03-02,79.9495
2005-03-03,79.928
2005-03-04,84.386
2005-03-05,92.3
2005-03-06,85.236
2005-03-07,88.046
2005-03-08,80.9505
2005-03-09,83.282
2005-03-10,79.3325
2005-03-11,78.618
2005-03-12,72.0275
2005-03-13,65.4515
2005-03-14,68.7275
2005-03-15,67.9945
2005-03-16,63.904
2005-03-17,66.7185
2005-03-18,57.478
2005-03-19,65.7425
2005-03-20,57.662
2005-03-21,57.5695
2005-03-22,66.5585
2005-03-23,58.278
2005-03-24,56.467
2005-03-25,66.639496
2005-03-26,69.195
2005-03-27,80.509
2005-03-28,79.2775
2005-03-29,86.125
2005-03-30,86.1385
2005-03-31,76.193
2005-04-01,62.413998
2005-04-02,61.522
2005-04-03,55.8
2005-04-04,63.7825
2005-04-05,61.156998
2005-04-06,51.117
2005-04-07,47.0505
2005-04-08,51.392
2005-04-09,50.134
2005-04-10,77.233
2005-04-11,71.532
2005-04-12,74.0885
2005-04-13,70.6625
2005-04-14,75.929
2005-04-15,90.56294
2005-04-16,79.6935
2005-04-17,71.806
2005-04-18,74.477
2005-04-19,88.964
2005-04-20,85.268
2005-04-21,71.9195
2005-04-22,64.57
2005-04-23,71.3885
2005-04-24,74.7165
2005-04-25,88.1405
2005-04-26,91.33369
2005-04-27,73.446
2005-04-28,69.217
2005-04-29,72.6055
2005-04-30,71.234
2005-05-01,66.3555
2005-05-02,68.4095
2005-05-03,71.9125
2005-05-04,84.167
2005-05-05,87.60842
2005-05-06,74.9125
2005-05-07,88.833
2005-05-08,68.018
2005-05-09,70.487
2005-05-10,72.0165
2005-05-11,85.1065
2005-05-12,82.728
2005-05-13,72.319
2005-05-14,73.109
2005-05-15,80.979996
2005-05-16,78.566
2005-05-17,72.3465
2005-05-18,83.3965
2005-05-19,78.5765
2005-05-20,76.2845
2005-05-21,84.47
2005-05-22,83.0915
2005-05-23,83.24
2005-05-24,71.723495
2005-05-25,78.1615
2005-05-26,74.969
2005-05-27,77.356
2005-05-28,74.449
2005-05-29,79.137
2005-05-30,76.9895
2005-05-31,79.5665
2005-06-01,76.022
2005-06-02,71.5565
2005-06-03,72.5655
2005-06-04,69.3425
2005-06-05,83.1795
2005-06-06,86.8005
2005-06-07,88.256
2005-06-08,84.5765
2005-06-09,80.331
2005-06-10,81.384
2005-06-11,86.8245
2005-06-12,78.3975
2005-06-13,75.995
2005-06-14,76.176
2005-06-15,68.2685
2005-06-16,67.376
2005-06-17,73.888
2005-06-18,70.027
2005-06-19,73.0355
2005-06-20,69.9795
2005-06-21,71.8325
2005-06-22,71.8385
2005-06-23,74.792
2005-06-24,79.182
2005-06-25,71.1035
2005-06-26,71.019
2005-06-27,73.409996
2005-06-28,73.57
2005-06-29,75.0945
2005-06-30,66.316
2005-07-01,72.964
2005-07-02,84.960526
2005-07-03,88.3575
2005-07-04,78.753494
2005-07-05,73.7585
2005-07-06,83.639
2005-07-07,88.383
2005-07-08,81.664
2005-07-09,78.7445
2005-07-10,85.4995
2005-07-11,82.236496
2005-07-12,79.51
2005-07-13,78.831
2005-07-14,81.6865
2005-07-15,77.756996
2005-07-16,76.1705
2005-07-17,84.509
2005-07-18,69.7425
2005-07-19,74.468
2005-07-20,72.765495
2005-07-21,67.401
2005-07-22,63.8735
2005-07-23,73.795
2005-07-24,78.4895
2005-07-25,67.83
2005-07-26,77.013
2005-07-27,73.8415
2005-07-28,69.247
2005-07-29,64.99
2005-07-30,74.073
2005-07-31,68.9795
2005-08-01,79.841995
2005-08-02,77.936
2005-08-03,75.7765
2005-08-04,83.8175
2005-08-05,84.237
2005-08-06,92.88
2005-08-07,85.8595
2005-08-08,91.48105
2005-08-09,72.4785
2005-08-10,72.9225
2005-08-11,77.473495
2005-08-12,79.365
2005-08-13,79.1775
2005-08-14,81.3225
2005-08-15,80.0265
2005-08-16,86.122
2005-08-17,85.147896
2005-08-18,81.055
2005-08-19,82.74
2005-08-20,83.3045
2005-08-21,77.544
2005-08-22,79.298
2005-08-23,88.44211
2005-08-24,78.309
2005-08-25,79.846
2005-08-26,87.253685
2005-08-27,79.5135
2005-08-28,86.982
2005-08-29,81.559
2005-08-30,79.4615
2005-08-31,74.4855
2005-09-01,75.833496
2005-09-02,84.7395
2005-09-03,81.082
2005-09-04,71.787
2005-09-05,70.831
2005-09-06,77.5605
2005-09-07,78.2965
2005-09-08,78.3795
2005-09-09,76.3365
2005-09-10,66.284
2005-09-11,80.272995
2005-09-12,82.2395
2005-09-13,82.222496
2005-09-14,91.23222
2005-09-15,92.134445
2005-09-16,82.4715
2005-09-17,88.64474
2005-09-18,86.083
2005-09-19,90.05333
2005-09-20,91.6185
2005-09-21,88.101
2005-09-22,85.8355
2005-09-23,83.729996
2005-09-24,90.398
2005-09-25,86.607
2005-09-26,86.47
2005-09-27,79.8885
2005-09-28,78.7045
2005-09-29,84.27
2005-09-30,90.67889
2005-10-01,91.55182
2005-10-02,92.034
2005-10-03,89.18105
2005-10-04,81.833
2005-10-05,74.929
2005-10-06,77.193
2005-10-07,74.4515
2005-10-08,73.0435
2005-10-09,76.008995
2005-10-10,79.3605
2005-10-11,79.691
2005-10-12,74.722
2005-10-13,81.978
2005-10-14,87.06947
2005-10-15,84.639
2005-10-16,77.238
2005-10-17,76.3295
2005-10-18,77.6485
2005-10-19,80.5055
2005-10-20,80.4435
2005-10-21,81.0105
2005-10-22,84.4265
2005-10-23,84.5395
2005-10-24,80.572
2005-10-25,79.537
2005-10-26,78.0745
2005-10-27,67.419
2005-10-28,59.4225
2005-10-29,65.553
2005-10-30,69.006996
2005-10-31,66.962
2005-11-01,80.5955
2005-11-02,78.56
2005-11-03,87.068
2005-11-04,84.344734
2005-11-05,89.063
2005-11-06,88.98158
2005-11-07,81.438995
2005-11-08,84.492
2005-11-09,86.93316
2005-11-10,87.20263
2005-11-11,91.987495
2005-11-12,92.53625
2005-11-13,89.5
2005-11-14,90.78375
2005-11-15,89.331
2005-11-16,84.71158
2005-11-17,83.532
2005-11-18,83.2065
2005-11-19,87.23263
2005-11-20,78.701996
2005-11-21,79.354996
2005-11-22,85.348335
2005-11-23,90.3353
2005-11-24,92.18889
2005-11-25,90.264
2005-11-26,85.817894
2005-11-27,81.2015
2005-11-28,90.95111
2005-11-29,85.125786
2005-11-30,88.45611
2005-12-01,89.58188
2005-12-02,87.33134
2005-12-03,87.79263
2005-12-04,91.498825
2005-12-05,89.48889
2005-12-06,81.9835
2005-12-07,85.267365
2005-12-08,85.0795
2005-12-09,81.512634
2005-12-10,83.76684
2005-12-11,82.2025
2005-12-12,83.9945
2005-12-13,91.80692
2005-12-14,92.47667
2005-12-15,88.7255
2005-12-16,87.96895
2005-12-17,84.95579
2005-12-18,88.25
2005-12-19,85.8525
2005-12-20,87.735
2005-12-21,83.2795
2005-12-22,77.8005
2005-12-23,88.90059
2005-12-24,89.011765
2005-12-25,89.16947
2005-12-26,81.835
2005-12-27,86.757
2005-12-28,85.936
2005-12-29,85.1875
2005-12-30,86.759
2005-12-31,67.7635
2006-01-01,77.268
2006-01-02,89.8875
2006-01-03,91.479996
2006-01-04,92.557495
2006-01-05,89.46
2006-01-06,87.511665
2006-01-07,82.999
2006-01-08,76.1685
2006-01-09,83.999
2006-01-10,86.673004
2006-01-11,87.937775
2006-01-12,89.82278
2006-01-13,87.87
2006-01-14,85.36895
2006-01-15,90.99438
2006-01-16,87.305786
2006-01-17,81.1365
2006-01-18,86.20158
2006-01-19,83.272
2006-01-20,81.9395
2006-01-21,83.6855
2006-01-22,85.6745
2006-01-23,76.0615
2006-01-24,74.959
2006-01-25,64.58
2006-01-26,74.699
2006-01-27,71.808
2006-01-28,79.157
2006-01-29,79.373
2006-01-30,87.557144
2006-01-31,88.172775
2006-02-01,77.13105
2006-02-02,73.516
2006-02-03,76.337
2006-02-04,82.393684
2006-02-05,85.5
2006-02-06,77.111
2006-02-07,82.419
2006-02-08,77.762
2006-02-09,84.591995
2006-02-10,87.436
2006-02-11,77.2075
2006-02-12,80.9965
2006-02-13,82.9685
2006-02-14,84.6595
2006-02-15,84.1515
2006-02-16,82.6385
2006-02-17,85.11053
2006-02-18,81.02
2006-02-19,88.0785
2006-02-20,80.3035
2006-02-21,77.5525
2006-02-22,86.2095
2006-02-23,87.24684
2006-02-24,84.08947
2006-02-25,84.88052
2006-02-26,90.24545
2006-02-27,87.9295
2006-02-28,88.69632
2006-03-01,79.924995
2006-03-02,80.9775
2006-03-03,71.667
2006-03-04,76.0465
2006-03-05,76.224495
2006-03-06,79.822
2006-03-07,84.5505
2006-03-08,75.988
2006-03-09,76.7455
2006-03-10,78.9025
2006-03-11,85.917
2006-03-12,85.86474
2006-03-13,88.177
2006-03-14,80.7105
2006-03-15,85.26421
2006-03-16,91.57294
2006-03-17,87.7425
2006-03-18,89.167
2006-03-19,85.06579
2006-03-20,76.3655
2006-03-21,76.996
2006-03-22,81.011
2006-03-23,69.325
2006-03-24,67.6195
2006-03-25,71.3655
2006-03-26,80.991
2006-03-27,83.019
2006-03-28,77.378
2006-03-29,80.5885
2006-03-30,66.3075
2006-03-31,67.569496
2006-04-01,70.354
2006-04-02,76.359
2006-04-03,87.562225
2006-04-04,86.6165
2006-04-05,74.4165
2006-04-06,83.1665
2006-04-07,86.477
2006-04-08,75.569
2006-04-09,62.527
2006-04-10,51.995
2006-04-11,79.9005
2006-04-12,88.5345
2006-04-13,84.2445
2006-04-14,82.0335
2006-04-15,67.065
2006-04-16,84.6135
2006-04-17,82.8245
2006-04-18,79.697495
2006-04-19,79.8805
2006-04-20,78.6575
2006-04-21,74.034996
2006-04-22,72.409996
2006-04-23,72.791
2006-04-24,72.799995
2006-04-25,64.233
2006-04-26,69.172
2006-04-27,71.961
2006-04-28,58.651
2006-04-29,62.6825
2006-04-30,69.578
2006-05-01,59.949497
2006-05-02,68.3815
2006-05-03,66.9345
2006-05-04,45.6985
2006-05-05,50.5335
2006-05-06,67.2345
2006-05-07,74.097496
2006-05-08,76.2355
2006-05-09,71.4665
2006-05-10,78.63
2006-05-11,77.326
2006-05-12,72.9185
2006-05-13,67.1205
2006-05-14,72.303
2006-05-15,64.7935
2006-05-16,61.91
2006-05-17,69.1995
2006-05-18,74.216
2006-05-19,85.710526
2006-05-20,75.2245
2006-05-21,65.9125
2006-05-22,71.999
2006-05-23,74.4525
2006-05-24,83.872
2006-05-25,78.977
2006-05-26,76.8655
2006-05-27,73.2035
2006-05-28,74.099
2006-05-29,69.861
2006-05-30,76.8425
2006-05-31,78.2145
2006-06-01,67.527
2006-06-02,83.0415
2006-06-03,88.6875
2006-06-04,84.349
2006-06-05,77.222
2006-06-06,74.227
2006-06-07,75.747
2006-06-08,78.739
2006-06-09,63.1485
2006-06-10,78.298996
2006-06-11,73.0515
2006-06-12,72.249
2006-06-13,66.145996
2006-06-14,70.701996
2006-06-15,72.188995
2006-06-16,63.714
2006-06-17,66.0435
2006-06-18,67.79
2006-06-19,76.182
2006-06-20,77.980995
2006-06-21,70.2765
2006-06-22,71.3695
2006-06-23,85.3355
2006-06-24,76.866
2006-06-25,74.423996
2006-06-26,71.715996
2006-06-27,77.376495
2006-06-28,77.086
2006-06-29,70.0175
2006-06-30,68.75
2006-07-01,87.454
2006-07-02,82.1615
2006-07-03,65.862
2006-07-04,64.587
2006-07-05,69.4945
2006-07-06,67.913
2006-07-07,71.9285
2006-07-08,73.762
2006-07-09,72.6705
2006-07-10,76.0785
2006-07-11,71.5275
2006-07-12,75.127
2006-07-13,73.78
2006-07-14,69.063995
2006-07-15,76.481
2006-07-16,78.428
2006-07-17,70.0275
2006-07-18,68.4215
2006-07-19,64.586
2006-07-20,69.615
2006-07-21,67.351
2006-07-22,77.5935
2006-07-23,71.010994
2006-07-24,74.388
2006-07-25,74.014
2006-07-26,65.811
2006-07-27,68.0385
2006-07-28,72.714
2006-07-29,67.5965
2006-07-30,79.653496
2006-07-31,73.384
2006-08-01,75.793
2006-08-02,85.9845
2006-08-03,83.711
2006-08-04,72.877
2006-08-05,74.515495
2006-08-06,70.3925
2006-08-07,80.792496
2006-08-08,75.7685
2006-08-09,82.792496
2006-08-10,86.823
2006-08-11,85.9265
2006-08-12,77.1865
2006-08-13,65.1215
2006-08-14,80.6245
2006-08-15,69.7435
2006-08-16,70.141
2006-08-17,65.557495
2006-08-18,66.818
2006-08-19,72.5575
2006-08-20,74.639
2006-08-21,75.067
2006-08-22,76.236496
2006-08-23,76.014496
2006-08-24,75.1715
2006-08-25,66.1375
2006-08-26,83.552
2006-08-27,78.175995
2006-08-28,89.92944
2006-08-29,82.579
2006-08-30,83.2685
2006-08-31,77.726
2006-09-01,73.5545
2006-09-02,80.7855
2006-09-03,78.4485
2006-09-04,67.8065
2006-09-05,65.1205
2006-09-06,62.803497
2006-09-07,72.2255
2006-09-08,76.479
2006-09-09,75.4405
2006-09-10,72.598495
2006-09-11,70.909996
2006-09-12,74.7905
2006-09-13,73.6645
2006-09-14,76.8695
2006-09-15,70.250496
2006-09-16,75.241
2006-09-17,82.7775
2006-09-18,83.8395
2006-09-19,81.222496
2006-09-20,91.407776
2006-09-21,81.189
2006-09-22,89.2525
2006-09-23,85.1785
2006-09-24,86.5965
2006-09-25,81.176
2006-09-26,77.172
2006-09-27,88.709
2006-09-28,87.3225
2006-09-29,86.923996
2006-09-30,79.492
2006-10-01,74.7355
2006-10-02,79.055
2006-10-03,78.152
2006-10-04,72.9565
2006-10-05,84.759
2006-10-06,91.4525
2006-10-07,90.87421
2006-10-08,90.7705
2006-10-09,82.755
2006-10-10,80.9275
2006-10-11,76.342995
2006-10-12,81.943
2006-10-13,75.546
2006-10-14,78.621
2006-10-15,76.65
2006-10-16,76.337
2006-10-17,80.805
2006-10-18,73.4295
2006-10-19,81.2975
2006-10-20,83.399
2006-10-21,82.8505
2006-10-22,84.42
2006-10-23,83.9365
2006-10-24,84.416
2006-10-25,77.305
2006-10-26,79.433
2006-10-27,70.636
2006-10-28,78.74
2006-10-29,83.6455
2006-10-30,77.145996
2006-10-31,74.0735
2006-11-01,67.9905
2006-11-02,82.6995
2006-11-03,78.8295
2006-11-04,65.874
2006-11-05,83.571
2006-11-06,80.722
2006-11-07,81.359
2006-11-08,75.8515
2006-11-09,74.159996
2006-11-10,61.3255
2006-11-11,75.573
2006-11-12,76.5735
2006-11-13,88.064445
2006-11-14,78.357
2006-11-15,81.819496
2006-11-16,79.19421
2006-11-17,79.1995
2006-11-18,75.9685
2006-11-19,86.9605
2006-11-20,87.70421
2006-11-21,87.5765
2006-11-22,88.30263
2006-11-23,87.28941
2006-11-24,92.14
2006-11-25,90.184166
2006-11-26,90.05
2006-11-27,87.388885
2006-11-28,92.89833
2006-11-29,92.72
2006-11-30,93.54428
2006-12-01,90.5625
2006-12-02,85.37473
2006-12-03,89.06062
2006-12-04,88.126495
2006-12-05,82.7735
2006-12-06,89.13167
2006-12-07,90.575
2006-12-08,85.41842
2006-12-09,81.9485
2006-12-10,88.54579
2006-12-11,89.9379
2006-12-12,88.81263
2006-12-13,87.26867
2006-12-14,80.182
2006-12-15,74.45
2006-12-16,70.233
2006-12-17,83.1855
2006-12-18,87.51611
2006-12-19,90.700005
2006-12-20,90.89
2006-12-21,90.46875
2006-12-22,87.31579
2006-12-23,88.386314
2006-12-24,80.77167
2006-12-25,78.49778
2006-12-26,72.5185
2006-12-27,72.7715
2006-12-28,65.6095
2006-12-29,77.8305
2006-12-30,86.61706
2006-12-31,81.9415
2007-01-01,81.083
2007-01-02,76.957
2007-01-03,87.124
2007-01-04,87.06167
2007-01-05,83.519
2007-01-06,89.530525
2007-01-07,85.278
2007-01-08,81.709
2007-01-09,83.2965
2007-01-10,83.353
2007-01-11,78.992
2007-01-12,84.18
2007-01-13,76.1255
2007-01-14,78.042
2007-01-15,60.3425
2007-01-16,59.6905
2007-01-17,69.514496
2007-01-18,72.4685
2007-01-19,75.368
2007-01-20,64.7695
2007-01-21,82.268
2007-01-22,73.5815
2007-01-23,84.126114
2007-01-24,78.062996
2007-01-25,80.93
2007-01-26,85.0685
2007-01-27,87.2495
2007-01-28,75.285995
2007-01-29,70.1385
2007-01-30,72.6105
2007-01-31,81.511
2007-02-01,78.264
2007-02-02,76.867
2007-02-03,87.1435
2007-02-04,88.17555
2007-02-05,78.339
2007-02-06,82.4135
2007-02-07,87.87158
2007-02-08,85.47
2007-02-09,83.32
2007-02-10,81.8435
2007-02-11,78.098495
2007-02-12,85.8285
2007-02-13,89.28889
2007-02-14,89.7725
2007-02-15,83.7115
2007-02-16,91.03294
2007-02-17,85.61263
2007-02-18,88.8125
2007-02-19,84.4415
2007-02-20,78.396996
2007-02-21,76.347496
2007-02-22,85.3155
2007-02-23,83.348
2007-02-24,79.7905
2007-02-25,76.742
2007-02-26,72.797
2007-02-27,92.073845
2007-02-28,86.72
2007-03-01,77.634
2007-03-02,76.9665
2007-03-03,67.590996
2007-03-04,81.2065
2007-03-05,74.682
2007-03-06,76.2425
2007-03-07,70.3025
2007-03-08,84.6315
2007-03-09,86.3705
2007-03-10,86.33894
2007-03-11,82.345
2007-03-12,74.889496
2007-03-13,79.139496
2007-03-14,67.699
2007-03-15,69.94
2007-03-16,74.6445
2007-03-17,69.0665
2007-03-18,70.3975
2007-03-19,77.162
2007-03-20,72.5765
2007-03-21,85.994
2007-03-22,85.89
2007-03-23,85.9245
2007-03-24,69.652
2007-03-25,81.895996
2007-03-26,73.444
2007-03-27,63.5455
2007-03-28,58.2995
2007-03-29,65.7955
2007-03-30,70.124
2007-03-31,76.6405
2007-04-01,71.6495
2007-04-02,67.635
2007-04-03,66.266
2007-04-04,71.169
2007-04-05,73.2975
2007-04-06,58.4055
2007-04-07,57.740498
2007-04-08,61.425
2007-04-09,57.8325
2007-04-10,61.967
2007-04-11,72.0275
2007-04-12,64.287
2007-04-13,55.652
2007-04-14,55.82
2007-04-15,52.584
2007-04-16,57.0555
2007-04-17,48.3975
2007-04-18,68.601
2007-04-19,66.197495
2007-04-20,54.26
2007-04-21,61.389
2007-04-22,55.019497
2007-04-23,55.812
2007-04-24,57.892498
2007-04-25,64.812
2007-04-26,50.329
2007-04-27,55.207
2007-04-28,55.0905
2007-04-29,67.4715
2007-04-30,71.1035
2007-05-01,71.812
2007-05-02,68.589
2007-05-03,62.1275
2007-05-04,74.9785
2007-05-05,68.238
2007-05-06,72.8115
2007-05-07,78.2555
2007-05-08,67.122
2007-05-09,65.6025
2007-05-10,62.9595
2007-05-11,64.551
2007-05-12,52.743
2007-05-13,57.9035
2007-05-14,46.011497
2007-05-15,52.836
2007-05-16,72.99
2007-05-17,67.9265
2007-05-18,76.8675
2007-05-19,84.0515
2007-05-20,84.34684
2007-05-21,79.5775
2007-05-22,77.5885
2007-05-23,75.674995
2007-05-24,76.0185
2007-05-25,76.162
2007-05-26,73.528
2007-05-27,79.4455
2007-05-28,67.0215
2007-05-29,79.6935
2007-05-30,78.8455
2007-05-31,87.179
2007-06-01,80.4965
2007-06-02,81.000496
2007-06-03,72.5035
2007-06-04,68.9945
2007-06-05,79.56
2007-06-06,69.684
2007-06-07,50.7805
2007-06-08,50.887497
2007-06-09,59.989
2007-06-10,67.770996
2007-06-11,61.067997
2007-06-12,59.835
2007-06-13,64.9505
2007-06-14,77.322
2007-06-15,67.947
2007-06-16,74.815
2007-06-17,65.932495
2007-06-18,65.764
2007-06-19,69.216995
2007-06-20,72.4775
2007-06-21,62.748
2007-06-22,70.741
2007-06-23,69.401
2007-06-24,58.7445
2007-06-25,60.653
2007-06-26,50.9395
2007-06-27,53.673
2007-06-28,56.010998
2007-06-29,62.178997
2007-06-30,60.944
2007-07-01,63.408497
2007-07-02,55.432
2007-07-03,59.44
2007-07-04,71.063995
2007-07-05,74.175
2007-07-06,59.8945
2007-07-07,59.9525
2007-07-08,61.627
2007-07-09,65.344
2007-07-10,58.913998
2007-07-11,79.247
2007-07-12,72.587
2007-07-13,69.126
2007-07-14,72.6775
2007-07-15,66.3445
2007-07-16,61.4945
2007-07-17,60.531998
2007-07-18,50.7125
2007-07-19,52.365498
2007-07-20,55.195
2007-07-21,61.1745
2007-07-22,56.795
2007-07-23,55.4325
2007-07-24,58.492
2007-07-25,54.378498
2007-07-26,57.9395
2007-07-27,59.6525
2007-07-28,62.2945
2007-07-29,63.86
2007-07-30,66.6345
2007-07-31,63.572
2007-08-01,79.438995
2007-08-02,65.6575
2007-08-03,61.572998
2007-08-04,84.2455
2007-08-05,86.68
2007-08-06,89.31647
2007-08-07,86.329
2007-08-08,80.805
2007-08-09,75.7775
2007-08-10,72.4265
2007-08-11,81.248
2007-08-12,77.824
2007-08-13,83.1435
2007-08-14,72.425995
2007-08-15,68.5185
2007-08-16,63.792
2007-08-17,72.9655
2007-08-18,79.071495
2007-08-19,72.843
2007-08-20,71.867
2007-08-21,71.034996
2007-08-22,76.7125
2007-08-23,68.803
2007-08-24,59.240997
2007-08-25,61.5905
2007-08-26,75.185
2007-08-27,80.4945
2007-08-28,74.7255
2007-08-29,68.937
2007-08-30,72.466995
2007-08-31,71.006996
2007-09-01,85.957
2007-09-02,80.1585
2007-09-03,74.182
2007-09-04,83.5275
2007-09-05,90.97938
2007-09-06,79.374
2007-09-07,75.250496
2007-09-08,78.862
2007-09-09,84.8955
2007-09-10,77.2545
2007-09-11,83.0795
2007-09-12,79.7475
2007-09-13,76.273
2007-09-14,75.7165
2007-09-15,74.889496
2007-09-16,64.363
2007-09-17,67.8245
2007-09-18,69.033
2007-09-19,82.2875
2007-09-20,89.0575
2007-09-21,76.6515
2007-09-22,71.9335
2007-09-23,73.838
2007-09-24,73.1105
2007-09-25,70.9775
2007-09-26,78.3495
2007-09-27,72.354
2007-09-28,74.3875
2007-09-29,81.81
2007-09-30,78.1465
2007-10-01,69.81
2007-10-02,63.6905
2007-10-03,70.204
2007-10-04,63.7315
2007-10-05,70.226
2007-10-06,79.493996
2007-10-07,91.955
2007-10-08,91.97733
2007-10-09,91.52625
2007-10-10,84.0415
2007-10-11,83.9265
2007-10-12,86.29
2007-10-13,79.568
2007-10-14,75.134995
2007-10-15,73.986
2007-10-16,64.007996
2007-10-17,66.794
2007-10-18,69.624
2007-10-19,87.423996
2007-10-20,89.06834
2007-10-21,91.91125
2007-10-22,91.835
2007-10-23,87.679
2007-10-24,88.386314
2007-10-25,91.436
2007-10-26,92.36
2007-10-27,89.833336
2007-10-28,88.642105
2007-10-29,91.09625
2007-10-30,84.5335
2007-10-31,89.92438
2007-11-01,87.1705
2007-11-02,87.211
2007-11-03,83.115
2007-11-04,89.83158
2007-11-05,85.5925
2007-11-06,77.835
2007-11-07,88.496315
2007-11-08,87.819
2007-11-09,76.8775
2007-11-10,89.515
2007-11-11,72.529495
2007-11-12,89.85647
2007-11-13,79.9065
2007-11-14,74.3065
2007-11-15,86.87631
2007-11-16,87.84842
2007-11-17,92.40546
2007-11-18,91.253746
2007-11-19,90.63
2007-11-20,79.275
2007-11-21,73.255
2007-11-22,83.3
2007-11-23,87.229996
2007-11-24,85.358
2007-11-25,86.9905
2007-11-26,89.74684
2007-11-27,77.455
2007-11-28,78.1975
2007-11-29,76.5025
2007-11-30,76.378494
2007-12-01,83.1775
2007-12-02,84.7155
2007-12-03,83.975
2007-12-04,87.28421
2007-12-05,85.9285
2007-12-06,87.407
2007-12-07,83.26526
2007-12-08,88.75
2007-12-09,94.32889
2007-12-10,92.207695
2007-12-11,89.77
2007-12-12,90.705
2007-12-13,83.99
2007-12-14,81.9995
2007-12-15,89.59353
2007-12-16,91.140526
2007-12-17,85.2835
2007-12-18,88.528
2007-12-19,84.03111
2007-12-20,78.21158
2007-12-21,80.59263
2007-12-22,80.5555
2007-12-23,82.922104
2007-12-24,89.869286
2007-12-25,89.33875
2007-12-26,88.30765
2007-12-27,85.23143
2007-12-28,87.71316
2007-12-29,88.82176
2007-12-30,89.33941
2007-12-31,90.722145
2008-01-01,89.472
2008-01-02,86.13111
2008-01-03,83.589
2008-01-04,74.1565
2008-01-05,75.487
2008-01-06,79.073
2008-01-07,90.5565
2008-01-08,92.18875
2008-01-09,90.545555
2008-01-10,87.8655
2008-01-11,85.965
2008-01-12,85.69158
2008-01-13,87.60684
2008-01-14,81.187996
2008-01-15,88.61823
2008-01-16,88.174706
2008-01-17,86.2555
2008-01-18,87.69158
2008-01-19,91.30583
2008-01-20,91.19334
2008-01-21,82.588
2008-01-22,77.364
2008-01-23,83.972
2008-01-24,82.318
2008-01-25,74.167
2008-01-26,62.850998
2008-01-27,71.823
2008-01-28,87.30631
2008-01-29,84.48111
2008-01-30,81.076
2008-01-31,85.56263
2008-02-01,85.5605
2008-02-02,84.903336
2008-02-03,85.93737
2008-02-04,91.152855
2008-02-05,91.89833
2008-02-06,92.284
2008-02-07,92.875
2008-02-08,88.32611
2008-02-09,78.1315
2008-02-10,79.736496
2008-02-11,78.3825
2008-02-12,75.4545
2008-02-13,76.645
2008-02-14,69.4605
2008-02-15,76.451996
2008-02-16,83.896
2008-02-17,72.7715
2008-02-18,76.008995
2008-02-19,81.137
2008-02-20,81.654
2008-02-21,75.057
2008-02-22,75.378
2008-02-23,68.4905
2008-02-24,65.5085
2008-02-25,68.095
2008-02-26,71.937004
2008-02-27,78.0435
2008-02-28,70.7405
2008-02-29,79.306496
2008-03-01,79.936
2008-03-02,68.881
2008-03-03,59.505497
2008-03-04,71.3255
2008-03-05,83.446
2008-03-06,82.691
2008-03-07,81.0115
2008-03-08,71.9695
2008-03-09,86.1205
2008-03-10,78.278496
2008-03-11,78.282
2008-03-12,72.6225
2008-03-13,77.432
2008-03-14,64.6805
2008-03-15,69.974
2008-03-16,68.8255
2008-03-17,77.1065
2008-03-18,66.51
2008-03-19,69.4375
2008-03-20,71.275
2008-03-21,69.519
2008-03-22,69.49
2008-03-23,66.808
2008-03-24,78.057
2008-03-25,75.8845
2008-03-26,64.344
2008-03-27,68.8935
2008-03-28,76.0855
2008-03-29,61.902
2008-03-30,69.18
2008-03-31,62.342
2008-04-01,83.3005
2008-04-02,82.914
2008-04-03,74.6525
2008-04-04,84.233
2008-04-05,88.653336
2008-04-06,93.9525
2008-04-07,83.691
2008-04-08,65.005
2008-04-09,79.018
2008-04-10,75.7205
2008-04-11,80.5105
2008-04-12,74.9125
2008-04-13,74.588
2008-04-14,78.8885
2008-04-15,76.972
2008-04-16,74.917496
2008-04-17,68.058
2008-04-18,76.4285
2008-04-19,82.458
2008-04-20,74.3725
2008-04-21,72.7555
2008-04-22,81.4785
2008-04-23,62.5755
2008-04-24,72.777
2008-04-25,72.158
2008-04-26,63.1375
2008-04-27,64.287
2008-04-28,65.538
2008-04-29,78.503
2008-04-30,72.120995
2008-05-01,77.143
2008-05-02,82.26
2008-05-03,84.1585
2008-05-04,85.4315
2008-05-05,79.432495
2008-05-06,72.179
2008-05-07,71.179
2008-05-08,70.690994
2008-05-09,78.0325
2008-05-10,75.636
2008-05-11,76.3925
2008-05-12,68.723
2008-05-13,65.303
2008-05-14,70.228
2008-05-15,63.4125
2008-05-16,73.554
2008-05-17,73.8375
2008-05-18,70.1615
2008-05-19,79.664
2008-05-20,84.955
2008-05-21,76.02
2008-05-22,88.302
2008-05-23,86.812
2008-05-24,79.256996
2008-05-25,76.358
2008-05-26,69.472496
2008-05-27,71.5385
2008-05-28,67.768
2008-05-29,63.528
2008-05-30,62.685997
2008-05-31,68.2625
2008-06-01,71.931496
2008-06-02,71.889
2008-06-03,67.548
2008-06-04,66.0565
2008-06-05,79.9635
2008-06-06,82.728
2008-06-07,86.7275
2008-06-08,78.793495
2008-06-09,76.947
2008-06-10,71.2615
2008-06-11,75.474
2008-06-12,85.0515
2008-06-13,90.84842
2008-06-14,85.1175
2008-06-15,84.8545
2008-06-16,70.4115
2008-06-17,81.2985
2008-06-18,80.723495
2008-06-19,79.047
2008-06-20,73.387
2008-06-21,76.764496
2008-06-22,70.937
2008-06-23,71.6805
2008-06-24,73.1595
2008-06-25,68.9905
2008-06-26,69.972
2008-06-27,79.814995
2008-06-28,75.432
2008-06-29,71.029
2008-06-30,73.5315
2008-07-01,67.8055
2008-07-02,65.903496
2008-07-03,60.801
2008-07-04,73.6095
2008-07-05,65.341
2008-07-06,57.3
2008-07-07,67.955
2008-07-08,69.904
2008-07-09,72.112
2008-07-10,62.316498
2008-07-11,61.3815
2008-07-12,55.059998
2008-07-13,53.851498
2008-07-14,69.809
2008-07-15,87.7995
2008-07-16,82.6805
2008-07-17,72.786995
2008-07-18,83.0515
2008-07-19,73.791
2008-07-20,65.361496
2008-07-21,77.163
2008-07-22,81.604
2008-07-23,82.4945
2008-07-24,78.9685
2008-07-25,75.603
2008-07-26,81.568
2008-07-27,71.1325
2008-07-28,77.257996
2008-07-29,71.6245
2008-07-30,65.5355
2008-07-31,69.788
2008-08-01,63.142998
2008-08-02,66.537
2008-08-03,71.9475
2008-08-04,67.5005
2008-08-05,67.177
2008-08-06,64.113495
2008-08-07,69.5265
2008-08-08,62.316498
2008-08-09,77.715
2008-08-10,78.724
2008-08-11,65.3595
2008-08-12,57.485
2008-08-13,65.914
2008-08-14,69.082504
2008-08-15,54.703
2008-08-16,43.4445
2008-08-17,60.3985
2008-08-18,64.2115
2008-08-19,60.9675
2008-08-20,59.880997
2008-08-21,64.963
2008-08-22,61.023
2008-08-23,54.551
2008-08-24,71.215
2008-08-25,65.8035
2008-08-26,71.414
2008-08-27,70.5775
2008-08-28,62.2365
2008-08-29,71.370995
2008-08-30,66.349
2008-08-31,71.5385
2008-09-01,72.9925
2008-09-02,65.1995
2008-09-03,65.251
2008-09-04,46.375
2008-09-05,60.9365
2008-09-06,62.075
2008-09-07,48.3365
2008-09-08,64.144
2008-09-09,71.8695
2008-09-10,68.403496
2008-09-11,71.227
2008-09-12,73.9095
2008-09-13,81.698
2008-09-14,89.761665
2008-09-15,92.24286
2008-09-16,88.671
2008-09-17,92.76363
2008-09-18,84.7295
2008-09-19,86.892
2008-09-20,86.48
2008-09-21,80.0535
2008-09-22,80.598495
2008-09-23,87.4865
2008-09-24,86.111496
2008-09-25,91.584
2008-09-26,88.06
2008-09-27,83.083496
2008-09-28,84.125496
2008-09-29,81.4425
2008-09-30,72.0515
2008-10-01,78.8125
2008-10-02,82.2685
2008-10-03,92.134
2008-10-04,86.552635
2008-10-05,91.27563
2008-10-06,75.578995
2008-10-07,78.0245
2008-10-08,86.5885
2008-10-09,86.3
2008-10-10,83.8715
2008-10-11,83.026
2008-10-12,77.1505
2008-10-13,76.6395
2008-10-14,81.6455
2008-10-15,82.4085
2008-10-16,85.395996
2008-10-17,79.548
2008-10-18,78.375
2008-10-19,81.6295
2008-10-20,82.5335
2008-10-21,82.1215
2008-10-22,78.9075
2008-10-23,88.935
2008-10-24,86.5515
2008-10-25,92.63583
2008-10-26,86.454
2008-10-27,81.029
2008-10-28,77.868996
2008-10-29,74.4185
2008-10-30,74.778496
2008-10-31,83.7295
2008-11-01,76.558
2008-11-02,78.516
2008-11-03,90.568
2008-11-04,86.579445
2008-11-05,90.93267
2008-11-06,84.63611
2008-11-07,90.944115
2008-11-08,76.833496
2008-11-09,75.5655
2008-11-10,82.091995
2008-11-11,84.89842
2008-11-12,81.8305
2008-11-13,85.24263
2008-11-14,92.326004
2008-11-15,91.878746
2008-11-16,92.506424
2008-11-17,86.61421
2008-11-18,84.606
2008-11-19,90.41368
2008-11-20,85.1025
2008-11-21,78.9785
2008-11-22,80.1055
2008-11-23,72.633995
2008-11-24,78.6385
2008-11-25,85.31158
2008-11-26,91.69235
2008-11-27,89.03389
2008-11-28,86.40474
2008-11-29,90.07412
2008-11-30,86.11105
2008-12-01,84.69111
2008-12-02,88.778336
2008-12-03,91.541115
2008-12-04,86.5315
2008-12-05,73.3055
2008-12-06,82.891
2008-12-07,90.46357
2008-12-08,80.44
2008-12-09,85.93632
2008-12-10,84.587
2008-12-11,82.166504
2008-12-12,86.92833
2008-12-13,88.322105
2008-12-14,91.124664
2008-12-15,91.05538
2008-12-16,86.42333
2008-12-17,87.172
2008-12-18,91.36
2008-12-19,91.87215
2008-12-20,89.64267
2008-12-21,93.0625
2008-12-22,90.34778
2008-12-23,85.476845
2008-12-24,79.918
2008-12-25,90.90056
2008-12-26,88.47
2008-12-27,87.878944
2008-12-28,87.1185
2008-12-29,88.46647
2008-12-30,87.49833
2008-12-31,88.52277
2009-01-01,81.3965
2009-01-02,90.560905
2009-01-03,84.587
2009-01-04,90.16133
2009-01-05,89.64445
2009-01-06,88.67934
2009-01-07,87.073685
2009-01-08,87.4135
2009-01-09,82.873
2009-01-10,73.271996
2009-01-11,83.213684
2009-01-12,78.6185
2009-01-13,75.3855
2009-01-14,83.71632
2009-01-15,91.77067
2009-01-16,90.11294
2009-01-17,75.967
2009-01-18,82.671
2009-01-19,83.6995
2009-01-20,87.79882
2009-01-21,86.298
2009-01-22,88.423996
2009-01-23,80.484
2009-01-24,92.617
2009-01-25,91.87462
2009-01-26,89.062225
2009-01-27,91.560905
2009-01-28,88.597145
2009-01-29,88.956314
2009-01-30,85.873
2009-01-31,88.815
2009-02-01,88.69055
2009-02-02,84.79471
2009-02-03,88.09154
2009-02-04,84.6095
2009-02-05,85.3125
2009-02-06,82.17158
2009-02-07,76.971
2009-02-08,82.1125
2009-02-09,85.222
2009-02-10,82.344734
2009-02-11,88.52368
2009-02-12,87.90579
2009-02-13,87.2595
2009-02-14,87.22945
2009-02-15,85.7925
2009-02-16,88.19556
2009-02-17,82.869
2009-02-18,87.27177
2009-02-19,93.354996
2009-02-20,90.10389
2009-02-21,85.1915
2009-02-22,87.99556
2009-02-23,84.4555
2009-02-24,72.4815
2009-02-25,87.1835
2009-02-26,86.9085
2009-02-27,88.240555
2009-02-28,86.30263
2009-03-01,83.04842
2009-03-02,80.786995
2009-03-03,83.3085
2009-03-04,81.6545
2009-03-05,86.84684
2009-03-06,88.9595
2009-03-07,85.751
2009-03-08,87.7175
2009-03-09,81.348495
2009-03-10,84.777
2009-03-11,76.8835
2009-03-12,84.559
2009-03-13,79.694
2009-03-14,76.6495
2009-03-15,61.788998
2009-03-16,86.045
2009-03-17,86.6985
2009-03-18,84.8655
2009-03-19,76.541504
2009-03-20,82.820496
2009-03-21,82.1405
2009-03-22,82.8935
2009-03-23,77.703
2009-03-24,68.381996
2009-03-25,76.474495
2009-03-26,66.576
2009-03-27,63.6215
2009-03-28,63.873497
2009-03-29,78.2115
2009-03-30,88.32
2009-03-31,84.8395
2009-04-01,84.7515
2009-04-02,85.096
2009-04-03,69.87
2009-04-04,65.711
2009-04-05,56.13
2009-04-06,54.342
2009-04-07,55.539497
2009-04-08,61.3605
2009-04-09,65.9385
2009-04-10,68.865
2009-04-11,77.0615
2009-04-12,70.037
2009-04-13,81.0165
2009-04-14,79.9845
2009-04-15,66.8265
2009-04-16,68.053
2009-04-17,58.6145
2009-04-18,75.2745
2009-04-19,71.819496
2009-04-20,74.543495
2009-04-21,72.2275
2009-04-22,68.1645
2009-04-23,59.7165
2009-04-24,59.079
2009-04-25,69.713
2009-04-26,68.7665
2009-04-27,66.5035
2009-04-28,50.3335
2009-04-29,61.2105
2009-04-30,66.824
2009-05-01,76.6955
2009-05-02,71.328995
2009-05-03,69.794
2009-05-04,71.173
2009-05-05,77.155
2009-05-06,70.932
2009-05-07,64.933
2009-05-08,55.6745
2009-05-09,64.743004
2009-05-10,55.194496
2009-05-11,70.752
2009-05-12,72.935
2009-05-13,75.1225
2009-05-14,73.17
2009-05-15,66.546
2009-05-16,79.5205
2009-05-17,67.47
2009-05-18,67.2915
2009-05-19,75.0565
2009-05-20,71.5825
2009-05-21,63.5785
2009-05-22,64.3535
2009-05-23,63.7735
2009-05-24,67.4855
2009-05-25,62.4515
2009-05-26,59.598
2009-05-27,63.4595
2009-05-28,70.0085
2009-05-29,86.7635
2009-05-30,87.2375
2009-05-31,76.8925
2009-06-01,73.1825
2009-06-02,82.111496
2009-06-03,74.708496
2009-06-04,66.222496
2009-06-05,64.5385
2009-06-06,82.051
2009-06-07,62.372
2009-06-08,73.575
2009-06-09,63.2465
2009-06-10,72.7865
2009-06-11,81.1765
2009-06-12,68.249
2009-06-13,62.056
2009-06-14,58.088997
2009-06-15,65.111
2009-06-16,64.933
2009-06-17,71.2525
2009-06-18,67.6095
2009-06-19,60.8275
2009-06-20,76.8435
2009-06-21,90.49
2009-06-22,82.348
2009-06-23,77.737
2009-06-24,76.346
2009-06-25,77.418495
2009-06-26,72.264496
2009-06-27,80.8095
2009-06-28,75.945496
2009-06-29,77.0945
2009-06-30,78.5165
2009-07-01,70.949
2009-07-02,72.1915
2009-07-03,76.264
2009-07-04,78.569
2009-07-05,72.529
2009-07-06,78.507996
2009-07-07,80.803
2009-07-08,61.972
2009-07-09,72.594
2009-07-10,76.305
2009-07-11,88.59167
2009-07-12,86.068
2009-07-13,67.04
2009-07-14,68.952995
2009-07-15,59.7385
2009-07-16,73.887
2009-07-17,71.024
2009-07-18,65.7425
2009-07-19,76.804
2009-07-20,67.861496
2009-07-21,66.534
2009-07-22,63.5075
2009-07-23,59.252
2009-07-24,66.6755
2009-07-25,77.764
2009-07-26,72.0625
2009-07-27,65.8945
2009-07-28,67.385
2009-07-29,69.4705
2009-07-30,65.113495
2009-07-31,76.5365
2009-08-01,61.8665
2009-08-02,60.6065
2009-08-03,67.136
2009-08-04,67.111496
2009-08-05,83.5675
2009-08-06,79.599495
2009-08-07,73.1715
2009-08-08,75.6435
2009-08-09,69.3105
2009-08-10,71.744995
2009-08-11,67.0635
2009-08-12,79.5175
2009-08-13,76.279495
2009-08-14,66.7725
2009-08-15,71.415
2009-08-16,72.654495
2009-08-17,67.434
2009-08-18,65.7545
2009-08-19,60.1735
2009-08-20,58.5285
2009-08-21,65.5075
2009-08-22,66.435
2009-08-23,76.77
2009-08-24,75.044
2009-08-25,62.6275
2009-08-26,55.89
2009-08-27,58.3745
2009-08-28,62.462997
2009-08-29,74.766495
2009-08-30,81.409
2009-08-31,78.019
2009-09-01,70.134
2009-09-02,60.0495
2009-09-03,54.1875
2009-09-04,78.6985
2009-09-05,78.765
2009-09-06,86.086
2009-09-07,86.855
2009-09-08,85.6475
2009-09-09,77.3515
2009-09-10,69.241
2009-09-11,66.822
2009-09-12,74.020996
2009-09-13,87.571
2009-09-14,83.583496
2009-09-15,78.833
2009-09-16,70.32
2009-09-17,80.5465
2009-09-18,82.0815
2009-09-19,73.9525
2009-09-20,66.3685
2009-09-21,68.024
2009-09-22,70.8935
2009-09-23,71.1
2009-09-24,75.3395
2009-09-25,70.665
2009-09-26,77.915
2009-09-27,73.743996
2009-09-28,71.2785
2009-09-29,72.719
2009-09-30,68.548
2009-10-01,81.5425
2009-10-02,75.5265
2009-10-03,89.59684
2009-10-04,88.009
2009-10-05,79.2255
2009-10-06,77.4185
2009-10-07,75.3445
2009-10-08,71.715
2009-10-09,79.8885
2009-10-10,78.492
2009-10-11,88.259
2009-10-12,83.324
2009-10-13,89.30473
2009-10-14,83.6855
2009-10-15,87.598946
2009-10-16,92.653336
2009-10-17,87.36938
2009-10-18,92.341995
2009-10-19,92.91333
2009-10-20,87.733154
2009-10-21,79.8405
2009-10-22,80.149
2009-10-23,78.905
2009-10-24,82.439
2009-10-25,89.41842
2009-10-26,90.02579
2009-10-27,89.22737
2009-10-28,82.340996
2009-10-29,86.787895
2009-10-30,89.7645
2009-10-31,77.031
2009-11-01,73.464
2009-11-02,75.5445
2009-11-03,84.5545
2009-11-04,91.70889
2009-11-05,91.524376
2009-11-06,89.9875
2009-11-07,90.14
2009-11-08,87.98526
2009-11-09,89.86616
2009-11-10,90.87857
2009-11-11,90.083336
2009-11-12,84.19632
2009-11-13,85.794
2009-11-14,82.7595
2009-11-15,91.73538
2009-11-16,88.58118
2009-11-17,87.014114
2009-11-18,92.08133
2009-11-19,83.2685
2009-11-20,77.2235
2009-11-21,68.889496
2009-11-22,71.944
2009-11-23,83.8635
2009-11-24,85.0995
2009-11-25,80.9895
2009-11-26,80.9135
2009-11-27,84.73631
2009-11-28,83.076004
2009-11-29,81.2575
2009-11-30,78.61
2009-12-01,77.4915
2009-12-02,85.631
2009-12-03,88.274734
2009-12-04,92.0
2009-12-05,90.14933
2009-12-06,87.48222
2009-12-07,88.3565
2009-12-08,87.592
2009-12-09,92.695
2009-12-10,91.59572
2009-12-11,84.483154
2009-12-12,83.3545
2009-12-13,83.18579
2009-12-14,83.2875
2009-12-15,92.122856
2009-12-16,90.37334
2009-12-17,91.896
2009-12-18,91.05875
2009-12-19,89.135
2009-12-20,91.7675
2009-12-21,81.885
2009-12-22,87.681114
2009-12-23,86.97158
2009-12-24,90.39066
2009-12-25,90.31357
2009-12-26,79.08
2009-12-27,88.4
2009-12-28,86.44631
2009-12-29,80.740524
2009-12-30,88.9725
2009-12-31,89.93
2010-01-01,89.22
2010-01-02,86.44294
2010-01-03,90.35529
2010-01-04,79.747
2010-01-05,83.72632
2010-01-06,89.875786
2010-01-07,91.67923
2010-01-08,91.96364
2010-01-09,84.487
2010-01-10,86.96316
2010-01-11,90.58846
2010-01-12,91.05461
2010-01-13,88.912224
2010-01-14,88.7
2010-01-15,90.684166
2010-01-16,91.314445
2010-01-17,89.742
2010-01-18,90.344
2010-01-19,89.31706
2010-01-20,89.106926
2010-01-21,89.51765
2010-01-22,89.31941
2010-01-23,81.675
2010-01-24,75.872
2010-01-25,80.7175
2010-01-26,83.577
2010-01-27,86.84737
2010-01-28,87.9645
2010-01-29,88.482
2010-01-30,84.6935
2010-01-31,90.65667
2010-02-01,89.965385
2010-02-02,85.36053
2010-02-03,80.4395
2010-02-04,83.9835
2010-02-05,85.533
2010-02-06,83.573685
2010-02-07,87.35429
2010-02-08,86.766
2010-02-09,82.481
2010-02-10,82.6055
2010-02-11,89.69833
2010-02-12,89.02875
2010-02-13,88.65895
2010-02-14,89.304
2010-02-15,89.99375
2010-02-16,86.160995
2010-02-17,89.90615
2010-02-18,90.89176
2010-02-19,84.2465
2010-02-20,85.7275
2010-02-21,81.567
2010-02-22,80.718
2010-02-23,78.897995
2010-02-24,88.596
2010-02-25,90.26357
2010-02-26,86.343
2010-02-27,92.65818
2010-02-28,89.86063
2010-03-01,84.935
2010-03-02,77.7575
2010-03-03,76.666
2010-03-04,89.83765
2010-03-05,90.58889
2010-03-06,77.7345
2010-03-07,75.983
2010-03-08,87.43647
2010-03-09,81.4415
2010-03-10,81.171
2010-03-11,90.5
2010-03-12,89.98947
2010-03-13,87.75632
2010-03-14,84.774
2010-03-15,72.308
2010-03-16,72.794
2010-03-17,74.9695
2010-03-18,69.398994
2010-03-19,65.4515
2010-03-20,64.556
2010-03-21,72.291
2010-03-22,65.47
2010-03-23,82.563995
2010-03-24,71.125496
2010-03-25,64.475
2010-03-26,66.8455
2010-03-27,70.349
2010-03-28,86.406
2010-03-29,72.68
2010-03-30,65.582
2010-03-31,75.76
2010-04-01,73.9995
2010-04-02,72.907
2010-04-03,74.8085
2010-04-04,67.32
2010-04-05,72.5825
2010-04-06,89.16563
2010-04-07,79.1605
2010-04-08,73.2805
2010-04-09,71.3675
2010-04-10,79.062996
2010-04-11,79.615
2010-04-12,56.8755
2010-04-13,64.0475
2010-04-14,84.882996
2010-04-15,83.426
2010-04-16,86.9605
2010-04-17,69.4505
2010-04-18,68.5845
2010-04-19,84.5895
2010-04-20,86.553
2010-04-21,70.140495
2010-04-22,78.8665
2010-04-23,71.0205
2010-04-24,75.895
2010-04-25,67.231
2010-04-26,67.0325
2010-04-27,58.349
2010-04-28,66.478
2010-04-29,69.27
2010-04-30,60.389
2010-05-01,63.1835
2010-05-02,72.921
2010-05-03,76.1845
2010-05-04,79.85
2010-05-05,80.729
2010-05-06,88.21706
2010-05-07,83.3685
2010-05-08,79.2565
2010-05-09,84.72
2010-05-10,80.0505
2010-05-11,68.321
2010-05-12,80.5445
2010-05-13,76.339
2010-05-14,75.628
2010-05-15,75.6685
2010-05-16,75.1805
2010-05-17,78.862
2010-05-18,83.9015
2010-05-19,82.5135
2010-05-20,78.995
2010-05-21,77.14
2010-05-22,79.211
2010-05-23,81.4905
2010-05-24,83.2185
2010-05-25,67.4645
2010-05-26,76.404
2010-05-27,78.4855
2010-05-28,71.568
2010-05-29,84.4085
2010-05-30,79.4775
2010-05-31,75.108
2010-06-01,82.694
2010-06-02,59.0005
2010-06-03,79.8445
2010-06-04,86.515
2010-06-05,72.956
2010-06-06,68.7725
2010-06-07,64.771996
2010-06-08,67.7915
2010-06-09,74.4785
2010-06-10,65.325
2010-06-11,63.8275
2010-06-12,62.1205
2010-06-13,68.081
2010-06-14,76.9965
2010-06-15,79.563995
2010-06-16,84.972
2010-06-17,77.009995
2010-06-18,79.2435
2010-06-19,87.53105
2010-06-20,91.22
2010-06-21,84.26941
2010-06-22,82.5335
2010-06-23,79.159996
2010-06-24,81.3995
2010-06-25,81.951996
2010-06-26,80.6305
2010-06-27,86.3315
2010-06-28,77.912994
2010-06-29,79.668
2010-06-30,83.705
2010-07-01,74.2525
2010-07-02,78.7685
2010-07-03,75.5115
2010-07-04,77.562
2010-07-05,85.5035
2010-07-06,80.618
2010-07-07,84.1965
2010-07-08,81.4745
2010-07-09,75.6825
2010-07-10,77.498
2010-07-11,78.7775
2010-07-12,84.985
2010-07-13,78.725
2010-07-14,74.0305
2010-07-15,76.854996
2010-07-16,67.9815
2010-07-17,73.0935
2010-07-18,72.488
2010-07-19,84.354
2010-07-20,80.74
2010-07-21,77.0465
2010-07-22,77.609
2010-07-23,71.55
2010-07-24,69.1595
2010-07-25,90.51947
2010-07-26,85.087776
2010-07-27,90.88778
2010-07-28,83.6905
2010-07-29,77.198
2010-07-30,70.159
2010-07-31,76.2345
2010-08-01,80.836
2010-08-02,63.4235
2010-08-03,63.073997
2010-08-04,80.3825
2010-08-05,83.0095
2010-08-06,63.499
2010-08-07,74.159996
2010-08-08,75.196
2010-08-09,74.0635
2010-08-10,70.3865
2010-08-11,75.851
2010-08-12,69.090996
2010-08-13,78.385
2010-08-14,69.776
2010-08-15,66.872
2010-08-16,76.618004
2010-08-17,80.242
2010-08-18,68.8325
2010-08-19,71.0945
2010-08-20,70.7635
2010-08-21,75.6125
2010-08-22,71.519
2010-08-23,65.5505
2010-08-24,71.9645
2010-08-25,77.375
2010-08-26,69.1325
2010-08-27,71.502
2010-08-28,72.45
2010-08-29,77.208496
2010-08-30,74.457
2010-08-31,82.067
2010-09-01,83.798996
2010-09-02,70.3125
2010-09-03,71.09
2010-09-04,82.3095
2010-09-05,84.8425
2010-09-06,74.9825
2010-09-07,70.728
2010-09-08,72.494
2010-09-09,77.34
2010-09-10,79.9835
2010-09-11,70.384995
2010-09-12,70.303
2010-09-13,66.129
2010-09-14,71.881
2010-09-15,69.298996
2010-09-16,70.5475
2010-09-17,78.5555
2010-09-18,72.8255
2010-09-19,79.606
2010-09-20,75.7245
2010-09-21,70.8745
2010-09-22,71.395004
2010-09-23,66.927
2010-09-24,70.1935
2010-09-25,71.745
2010-09-26,62.938
2010-09-27,69.298996
2010-09-28,68.7855
2010-09-29,85.3245
2010-09-30,79.032
2010-10-01,82.173
2010-10-02,80.5545
2010-10-03,80.546
2010-10-04,74.505
2010-10-05,91.57
2010-10-06,82.247
2010-10-07,84.24
2010-10-08,71.6325
2010-10-09,67.501
2010-10-10,71.425
2010-10-11,76.863
2010-10-12,79.393
2010-10-13,78.7955
2010-10-14,87.68263
2010-10-15,90.45737
2010-10-16,91.81643
2010-10-17,89.532
2010-10-18,91.845
2010-10-19,92.588
2010-10-20,89.04579
2010-10-21,80.274
2010-10-22,71.659
2010-10-23,67.581
2010-10-24,66.7635
2010-10-25,78.4495
2010-10-26,88.566666
2010-10-27,86.6035
2010-10-28,85.163155
2010-10-29,77.572
2010-10-30,72.35
2010-10-31,78.5175
2010-11-01,74.9355
2010-11-02,80.642
2010-11-03,86.5065
2010-11-04,73.793
2010-11-05,73.8545
2010-11-06,74.850494
2010-11-07,76.0075
2010-11-08,73.4075
2010-11-09,71.1305
2010-11-10,75.915
2010-11-11,82.0325
2010-11-12,82.756
2010-11-13,79.7195
2010-11-14,82.242
2010-11-15,82.484
2010-11-16,82.052
2010-11-17,88.1005
2010-11-18,89.9395
2010-11-19,87.5785
2010-11-20,91.02611
2010-11-21,87.1055
2010-11-22,83.518
2010-11-23,89.50278
2010-11-24,79.3135
2010-11-25,80.5205
2010-11-26,89.98684
2010-11-27,86.33722
2010-11-28,85.331665
2010-11-29,82.4765
2010-11-30,72.5325
2010-12-01,86.5985
2010-12-02,92.308334
2010-12-03,91.05461
2010-12-04,91.82727
2010-12-05,85.51895
2010-12-06,87.296875
2010-12-07,90.57667
2010-12-08,89.54895
2010-12-09,84.688
2010-12-10,78.4355
2010-12-11,74.457
2010-12-12,85.161766
2010-12-13,88.97625
2010-12-14,89.056
2010-12-15,83.828
2010-12-16,91.15385
2010-12-17,89.871056
2010-12-18,81.67421
2010-12-19,76.236
2010-12-20,82.345
2010-12-21,86.88556
2010-12-22,88.79071
2010-12-23,88.99421
2010-12-24,85.57737
2010-12-25,89.642
2010-12-26,90.807
2010-12-27,92.60429
2010-12-28,86.2925
2010-12-29,84.111
2010-12-30,83.3315
2010-12-31,80.8415
2011-01-01,85.07158
2011-01-02,87.82105
2011-01-03,91.46933
2011-01-04,70.9815
2011-01-05,74.988495
2011-01-06,71.0885
2011-01-07,78.08
2011-01-08,80.8745
2011-01-09,84.055
2011-01-10,86.27778
2011-01-11,79.963
2011-01-12,91.79889
2011-01-13,89.89917
2011-01-14,92.0375
2011-01-15,93.5625
2011-01-16,86.549995
2011-01-17,76.7175
2011-01-18,77.206
2011-01-19,92.514
2011-01-20,92.71
2011-01-21,89.36769
2011-01-22,93.264
2011-01-23,88.78667
2011-01-24,88.90353
2011-01-25,82.2345
2011-01-26,78.942
2011-01-27,88.487366
2011-01-28,80.835625
2011-01-29,75.1405
2011-01-30,77.878
2011-01-31,84.755
2011-02-01,85.97263
2011-02-02,88.74842
2011-02-03,78.8005
2011-02-04,89.39
2011-02-05,89.15667
2011-02-06,85.998825
2011-02-07,79.6685
2011-02-08,81.410995
2011-02-09,72.750496
2011-02-10,71.751
2011-02-11,80.103
2011-02-12,73.422
2011-02-13,75.0805
2011-02-14,76.2205
2011-02-15,80.456
2011-02-16,46.7975
2011-02-17,71.095
2011-02-18,83.5995
2011-02-19,88.86833
2011-02-20,89.0375
2011-02-21,85.601
2011-02-22,86.517
2011-02-23,87.34579
2011-02-24,89.53647
2011-02-25,86.49778
2011-02-26,82.5335
2011-02-27,68.2315
2011-02-28,80.792
2011-03-01,74.2095
2011-03-02,76.3855
2011-03-03,84.42368
2011-03-04,87.746315
2011-03-05,83.2165
2011-03-06,88.17167
2011-03-07,86.3865
2011-03-08,79.091995
2011-03-09,77.5865
2011-03-10,66.092
2011-03-11,80.5755
2011-03-12,78.1525
2011-03-13,70.1355
2011-03-14,64.462
2011-03-15,89.749374
2011-03-16,51.5345
2011-03-17,78.236496
2011-03-18,85.075
2011-03-19,91.534996
2011-03-20,92.837776
2011-03-21,81.819
2011-03-22,79.8245
2011-03-23,65.684
2011-03-24,63.8325
2011-03-25,61.9775
2011-03-26,69.9005
2011-03-27,46.0995
2011-03-28,73.386
2011-03-29,88.9055
2011-03-30,75.8955
2011-03-31,76.8865
2011-04-01,77.3745
2011-04-02,67.0215
2011-04-03,69.354
2011-04-04,46.5375
2011-04-05,92.79417
2011-04-06,82.347
2011-04-07,86.8995
2011-04-08,66.459496
2011-04-09,69.5085
2011-04-10,61.3975
2011-04-11,61.315998
2011-04-12,82.556
2011-04-13,92.76
2011-04-14,89.333496
2011-04-15,84.198
2011-04-16,82.313995
2011-04-17,76.792496
2011-04-18,68.307
2011-04-19,60.9455
2011-04-20,60.948498
2011-04-21,63.085
2011-04-22,55.621
2011-04-23,59.9465
2011-04-24,64.241
2011-04-25,42.234997
2011-04-26,21.031109
2011-04-27,56.275497
2011-04-28,77.492004
2011-04-29,68.741
2011-04-30,60.9795
2011-05-01,81.404
2011-05-02,89.323
2011-05-03,78.862495
2011-05-04,82.607
2011-05-05,73.9055
2011-05-06,62.647
2011-05-07,76.757996
2011-05-08,70.2145
2011-05-09,73.6705
2011-05-10,63.8535
2011-05-11,57.7855
2011-05-12,69.423
2011-05-13,75.937
2011-05-14,63.3215
2011-05-15,62.84
2011-05-16,93.3275
2011-05-17,92.545555
2011-05-18,77.6915
2011-05-19,61.115997
2011-05-20,70.820496
2011-05-21,63.057
2011-05-22,62.864
2011-05-23,73.2845
2011-05-24,74.46
2011-05-25,79.488495
2011-05-26,72.9685
2011-05-27,82.2125
2011-05-28,62.4235
2011-05-29,90.08059
2011-05-30,66.6515
2011-05-31,67.8835
2011-06-01,49.7995
2011-06-02,60.9255
2011-06-03,75.57
2011-06-04,53.211998
2011-06-05,60.702
2011-06-06,46.396996
2011-06-07,70.918
2011-06-08,56.7655
2011-06-09,71.977
2011-06-10,86.8645
2011-06-11,89.222
2011-06-12,85.789
2011-06-13,66.2115
2011-06-14,59.869
2011-06-15,67.193
2011-06-16,60.906998
2011-06-17,62.011497
2011-06-18,73.2065
2011-06-19,88.384
2011-06-20,80.5875
2011-06-21,69.2665
2011-06-22,58.5555
2011-06-23,71.011
2011-06-24,79.8285
2011-06-25,75.9905
2011-06-26,48.398
2011-06-27,48.874496
2011-06-28,85.636
2011-06-29,84.514496
2011-06-30,88.468
2011-07-01,86.601
2011-07-02,84.36316
2011-07-03,80.1
2011-07-04,77.2775
2011-07-05,80.9765
2011-07-06,83.6085
2011-07-07,74.9335
2011-07-08,64.695496
2011-07-09,61.16
2011-07-10,54.009
2011-07-11,65.4665
2011-07-12,73.043
2011-07-13,68.207
2011-07-14,65.7695
2011-07-15,76.098495
2011-07-16,84.6345
2011-07-17,76.473
2011-07-18,69.6515
2011-07-19,55.9255
2011-07-20,68.7935
2011-07-21,65.513
2011-07-22,73.4165
2011-07-23,57.9875
2011-07-24,86.6145
2011-07-25,73.807495
2011-07-26,83.037
2011-07-27,74.893
2011-07-28,52.0295
2011-07-29,87.4835
2011-07-30,92.8425
2011-07-31,83.0795
2011-08-01,85.942
2011-08-02,85.34
2011-08-03,75.229996
2011-08-04,76.962
2011-08-05,82.2385
2011-08-06,77.643
2011-08-07,76.6295
2011-08-08,69.1515
2011-08-09,80.832
2011-08-10,77.113
2011-08-11,68.3995
2011-08-12,71.9575
2011-08-13,76.682495
2011-08-14,74.8755
2011-08-15,81.6695
2011-08-16,78.140495
2011-08-17,73.9835
2011-08-18,71.7885
2011-08-19,63.669
2011-08-20,51.5485
2011-08-21,48.385498
2011-08-22,56.978
2011-08-23,72.8055
2011-08-24,55.2845
2011-08-25,54.593998
2011-08-26,60.55
2011-08-27,61.074497
2011-08-28,55.2455
2011-08-29,60.177
2011-08-30,72.056
2011-08-31,66.9955
2011-09-01,64.501
2011-09-02,74.7205
2011-09-03,70.4235
2011-09-04,66.276
2011-09-05,79.0365
2011-09-06,90.7325
2011-09-07,84.3785
2011-09-08,84.4655
2011-09-09,64.3955
2011-09-10,74.113
2011-09-11,66.444496
2011-09-12,62.364
2011-09-13,65.391495
2011-09-14,62.126
2011-09-15,67.8785
2011-09-16,64.541
2011-09-17,70.153
2011-09-18,77.9315
2011-09-19,36.886314
2011-09-20,72.764496
2011-09-21,81.935
2011-09-22,74.459
2011-09-23,69.77
2011-09-24,65.924
2011-09-25,67.599
2011-09-26,68.72
2011-09-27,59.2525
2011-09-28,64.7465
2011-09-29,62.424
2011-09-30,71.537
2011-10-01,69.2985
2011-10-02,62.921997
2011-10-03,73.22
2011-10-04,78.232
2011-10-05,73.8725
2011-10-06,83.5495
2011-10-07,54.989998
2011-10-08,91.49286
2011-10-09,90.00786
2011-10-10,84.933
2011-10-11,91.02
2011-10-12,87.960526
2011-10-13,92.75429
2011-10-14,90.96077
2011-10-15,82.5925
2011-10-16,81.315
2011-10-17,75.1075
2011-10-18,70.817
2011-10-19,55.522
2011-10-20,69.0585
2011-10-21,92.13167
2011-10-22,92.616875
2011-10-23,80.372
2011-10-24,56.3345
2011-10-25,65.8175
2011-10-26,73.918
2011-10-27,49.008
2011-10-28,61.968998
2011-10-29,67.111496
2011-10-30,72.959
2011-10-31,64.7545
2011-11-01,71.048
2011-11-02,77.108
2011-11-03,75.18
2011-11-04,75.742
2011-11-05,84.3295
2011-11-06,82.2305
2011-11-07,63.036
2011-11-08,76.926
2011-11-09,76.761
2011-11-10,75.7595
2011-11-11,83.451996
2011-11-12,80.328
2011-11-13,84.90611
2011-11-14,70.264496
2011-11-15,72.941
2011-11-16,74.374
2011-11-17,76.5645
2011-11-18,83.3285
2011-11-19,85.642
2011-11-20,83.7375
2011-11-21,88.61611
2011-11-22,77.125
2011-11-23,84.779
2011-11-24,85.60687
2011-11-25,90.51454
2011-11-26,93.93166
2011-11-27,86.173004
2011-11-28,84.8755
2011-11-29,80.085
2011-11-30,83.23789
2011-12-01,85.3855
2011-12-02,70.749
2011-12-03,83.923
2011-12-04,68.0365
2011-12-05,73.0205
2011-12-06,81.7425
2011-12-07,89.537056
2011-12-08,91.62941
2011-12-09,72.291
2011-12-10,86.631
2011-12-11,86.93916
2011-12-12,88.7265
2011-12-13,92.747
2011-12-14,83.028496
2011-12-15,88.72
2011-12-16,77.0175
2011-12-17,84.476845
2011-12-18,75.300995
2011-12-19,68.473
2011-12-20,92.165
2011-12-21,82.671
2011-12-22,90.12334
2011-12-23,84.34
2011-12-24,74.543
2011-12-25,
2011-12-26,91.06
2011-12-27,93.255
2011-12-28,91.74333
2011-12-29,89.88944
2011-12-30,81.5925
2011-12-31,92.041115
2012-01-01,86.7225
2012-01-02,72.9225
2012-01-03,84.35
2012-01-04,85.727
2012-01-05,78.625
2012-01-06,90.86706
2012-01-07,76.518
2012-01-08,90.23625
2012-01-09,93.245
2012-01-10,89.88077
2012-01-11,90.6325
2012-01-12,89.86
2012-01-13,84.764496
2012-01-14,87.11
2012-01-15,86.111
2012-01-16,80.868
2012-01-17,80.6225
2012-01-18,81.9745
2012-01-19,82.76842
2012-01-20,81.822105
2012-01-21,84.154495
2012-01-22,86.147896
2012-01-23,83.0825
2012-01-24,89.043335
2012-01-25,81.1365
2012-01-26,83.958
2012-01-27,81.3705
2012-01-28,71.874
2012-01-29,65.079
2012-01-30,71.778496
2012-01-31,67.42
2012-02-01,56.3225
2012-02-02,67.445
2012-02-03,80.5335
2012-02-04,90.0065
2012-02-05,86.1895
2012-02-06,79.6105
2012-02-07,75.948
2012-02-08,68.1505
2012-02-09,72.083
2012-02-10,64.875
2012-02-11,67.988
2012-02-12,77.724
2012-02-13,81.433
2012-02-14,67.775
2012-02-15,76.807
2012-02-16,80.674995
2012-02-17,85.13842
2012-02-18,88.64357
2012-02-19,79.4205
2012-02-20,93.098
2012-02-21,87.0485
2012-02-22,91.46222
2012-02-23,92.50285
2012-02-24,93.2
2012-02-25,85.07056
2012-02-26,84.19473
2012-02-27,81.918
2012-02-28,68.0955
2012-02-29,89.452225
2012-03-01,68.625
2012-03-02,85.04
2012-03-03,60.301
2012-03-04,76.9755
2012-03-05,85.5005
2012-03-06,66.6845
2012-03-07,78.83
2012-03-08,80.6145
2012-03-09,64.3775
2012-03-10,74.966995
2012-03-11,90.055
2012-03-12,58.769497
2012-03-13,84.1245
2012-03-14,75.182
2012-03-15,55.303497
2012-03-16,60.670498
2012-03-17,55.2865
2012-03-18,54.885998
2012-03-19,62.9785
2012-03-20,60.9945
2012-03-21,56.6415
2012-03-22,63.395
2012-03-23,67.4945
2012-03-24,74.321
2012-03-25,58.8805
2012-03-26,49.4095
2012-03-27,61.618
2012-03-28,58.440998
2012-03-29,52.7645
2012-03-30,80.154
2012-03-31,71.023994
2012-04-01,80.731
2012-04-02,69.36
2012-04-03,61.843
2012-04-04,60.0095
2012-04-05,69.4
2012-04-06,76.465996
2012-04-07,65.397995
2012-04-08,81.52
2012-04-09,64.979
2012-04-10,74.8795
2012-04-11,59.835
2012-04-12,53.9175
2012-04-13,67.5915
2012-04-14,85.05842
2012-04-15,84.9405
2012-04-16,84.923
2012-04-17,91.028336
2012-04-18,88.959
2012-04-19,84.268
2012-04-20,89.91579
2012-04-21,81.3445
2012-04-22,61.202
2012-04-23,56.822
2012-04-24,71.654
2012-04-25,81.7995
2012-04-26,72.264496
2012-04-27,46.977
2012-04-28,57.260998
2012-04-29,57.6145
2012-04-30,64.8875
2012-05-01,56.383
2012-05-02,53.948997
2012-05-03,56.7145
2012-05-04,49.668
2012-05-05,73.463
2012-05-06,57.560997
2012-05-07,61.555
2012-05-08,86.9795
2012-05-09,83.0845
2012-05-10,64.311
2012-05-11,66.7975
2012-05-12,66.2895
2012-05-13,90.68823
2012-05-14,88.5205
2012-05-15,92.799164
2012-05-16,93.03667
2012-05-17,93.24
2012-05-18,84.7105
2012-05-19,78.092
2012-05-20,74.7155
2012-05-21,73.4385
2012-05-22,59.357
2012-05-23,81.388
2012-05-24,87.2025
2012-05-25,85.2425
2012-05-26,79.6565
2012-05-27,88.1735
2012-05-28,68.946
2012-05-29,75.5175
2012-05-30,76.999
2012-05-31,72.3675
2012-06-01,78.4085
2012-06-02,71.004
2012-06-03,76.072
2012-06-04,68.8045
2012-06-05,86.274
2012-06-06,84.1655
2012-06-07,80.2895
2012-06-08,82.997
2012-06-09,69.824
2012-06-10,86.1845
2012-06-11,84.171
2012-06-12,79.7805
2012-06-13,70.3785
2012-06-14,69.8425
2012-06-15,76.8185
2012-06-16,69.2875
2012-06-17,61.985
2012-06-18,64.3855
2012-06-19,67.28
2012-06-20,62.48
2012-06-21,60.654
2012-06-22,76.187996
2012-06-23,69.385
2012-06-24,68.251495
2012-06-25,78.006996
2012-06-26,68.959496
2012-06-27,73.37
2012-06-28,74.434
2012-06-29,69.443
2012-06-30,61.921997
2012-07-01,39.683
2012-07-02,56.8345
2012-07-03,61.2085
2012-07-04,48.045
2012-07-05,46.983997
2012-07-06,55.885498
2012-07-07,54.9745
2012-07-08,57.576
2012-07-09,70.185
2012-07-10,66.2115
2012-07-11,67.7885
2012-07-12,72.548
2012-07-13,67.18
2012-07-14,67.189995
2012-07-15,64.0325
2012-07-16,77.368
2012-07-17,73.2185
2012-07-18,71.5775
2012-07-19,59.7735
2012-07-20,60.222
2012-07-21,53.111
2012-07-22,79.622
2012-07-23,65.3365
2012-07-24,55.207
2012-07-25,74.8775
2012-07-26,80.9905
2012-07-27,80.1795
2012-07-28,72.6875
2012-07-29,52.9685
2012-07-30,91.76111
2012-07-31,80.7935
2012-08-01,76.8775
2012-08-02,63.916
2012-08-03,56.503998
2012-08-04,70.610504
2012-08-05,58.983997
2012-08-06,53.6385
2012-08-07,61.7715
2012-08-08,52.36
2012-08-09,59.184998
2012-08-10,65.219
2012-08-11,73.0495
2012-08-12,81.8385
2012-08-13,82.6365
2012-08-14,84.305
2012-08-15,77.3495
2012-08-16,72.4075
2012-08-17,53.3325
2012-08-18,48.5795
2012-08-19,64.4165
2012-08-20,53.052998
2012-08-21,50.864
2012-08-22,51.7575
2012-08-23,57.732998
2012-08-24,43.37
2012-08-25,46.594498
2012-08-26,44.885998
2012-08-27,77.9125
2012-08-28,53.831497
2012-08-29,61.093998
2012-08-30,59.803497
2012-08-31,47.7495
2012-09-01,18.582666
2012-09-02,53.0615
2012-09-03,55.723
2012-09-04,65.1395
2012-09-05,60.267498
2012-09-06,81.9075
2012-09-07,67.963
2012-09-08,60.968998
2012-09-09,68.6305
2012-09-10,67.45
2012-09-11,62.583
2012-09-12,45.309
2012-09-13,33.41944
2012-09-14,78.788
2012-09-15,93.291
2012-09-16,83.503
2012-09-17,68.644
2012-09-18,70.556496
2012-09-19,61.931
2012-09-20,95.16
2012-09-21,80.6175
2012-09-22,78.710495
2012-09-23,78.7185
2012-09-24,74.8125
2012-09-25,79.226
2012-09-26,69.863
2012-09-27,44.621998
2012-09-28,65.919
2012-09-29,64.4985
2012-09-30,63.9265
2012-10-01,79.49
2012-10-02,75.0845
2012-10-03,93.012
2012-10-04,81.4945
2012-10-05,78.6895
2012-10-06,66.0255
2012-10-07,81.101
2012-10-08,79.944
2012-10-09,77.7175
2012-10-10,80.3175
2012-10-11,88.84105
2012-10-12,92.28176
2012-10-13,92.829
2012-10-14,90.02875
2012-10-15,89.65737
2012-10-16,74.716995
2012-10-17,75.9825
2012-10-18,68.7355
2012-10-19,60.060497
2012-10-20,43.813
2012-10-21,53.819
2012-10-22,69.7915
2012-10-23,65.284
2012-10-24,79.6755
2012-10-25,89.02611
2012-10-26,72.2215
2012-10-27,76.1755
2012-10-28,93.994995
2012-10-29,89.405
2012-10-30,89.52778
2012-10-31,83.6465
2012-11-01,90.77778
2012-11-02,86.8085
2012-11-03,89.75056
2012-11-04,85.804214
2012-11-05,84.636
2012-11-06,83.4805
2012-11-07,87.945625
2012-11-08,90.18412
2012-11-09,85.72588
2012-11-10,90.9375
2012-11-11,83.408
2012-11-12,72.031
2012-11-13,85.52684
2012-11-14,83.489
2012-11-15,90.00235
2012-11-16,90.70333
2012-11-17,85.560524
2012-11-18,77.2725
2012-11-19,82.99316
2012-11-20,87.39526
2012-11-21,86.138
2012-11-22,90.56643
2012-11-23,86.4925
2012-11-24,90.722664
2012-11-25,90.03263
2012-11-26,89.53
2012-11-27,90.236
2012-11-28,91.13353
2012-11-29,81.21833
2012-11-30,89.75
2012-12-01,91.65714
2012-12-02,89.43667
2012-12-03,91.60667
2012-12-04,72.977
2012-12-05,88.497894
2012-12-06,88.8
2012-12-07,88.0305
2012-12-08,88.473335
2012-12-09,92.63143
2012-12-10,87.504
2012-12-11,85.54211
2012-12-12,90.05385
2012-12-13,81.0615
2012-12-14,74.115
2012-12-15,77.2275
2012-12-16,89.91579
2012-12-17,88.354996
2012-12-18,83.5825
2012-12-19,80.687
2012-12-20,75.095
2012-12-21,84.9295
2012-12-22,89.96059
2012-12-23,80.081
2012-12-24,73.09789
2012-12-25,71.7145
2012-12-26,83.79263
2012-12-27,92.384544
2012-12-28,91.665
2012-12-29,80.6195
2012-12-30,87.967896
2012-12-31,92.54
2013-01-01,80.402
2013-01-02,82.72211
2013-01-03,93.149
2013-01-04,88.995
2013-01-05,88.833336
2013-01-06,78.6615
2013-01-07,67.3715
2013-01-08,66.2305
2013-01-09,83.45158
2013-01-10,83.0
2013-01-11,91.98818
2013-01-12,88.30231
2013-01-13,80.0815
2013-01-14,72.156
2013-01-15,88.916664
2013-01-16,91.415
2013-01-17,86.898
2013-01-18,90.57636
2013-01-19,91.46154
2013-01-20,87.375885
2013-01-21,81.876
2013-01-22,88.72357
2013-01-23,89.8625
2013-01-24,86.994
2013-01-25,91.940834
2013-01-26,90.384735
2013-01-27,86.172104
2013-01-28,89.47474
2013-01-29,91.262726
2013-01-30,91.10445
2013-01-31,88.4865
2013-02-01,77.6325
2013-02-02,84.7735
2013-02-03,94.520004
2013-02-04,91.09
2013-02-05,85.048996
2013-02-06,76.391495
2013-02-07,92.842224
2013-02-08,91.15579
2013-02-09,91.124
2013-02-10,84.8115
2013-02-11,86.565
2013-02-12,64.79
2013-02-13,80.759
2013-02-14,86.97941
2013-02-15,87.996666
2013-02-16,90.314
2013-02-17,87.033
2013-02-18,81.629
2013-02-19,82.3885
2013-02-20,92.00474
2013-02-21,91.80556
2013-02-22,91.34143
2013-02-23,77.583496
2013-02-24,75.778
2013-02-25,85.6879
2013-02-26,85.2125
2013-02-27,79.999
2013-02-28,82.2445
2013-03-01,88.22158
2013-03-02,87.126
2013-03-03,73.6755
2013-03-04,55.7455
2013-03-05,56.451
2013-03-06,51.434498
2013-03-07,80.0795
2013-03-08,93.01556
2013-03-09,91.0975
2013-03-10,91.386665
2013-03-11,89.346664
2013-03-12,89.3545
2013-03-13,90.49625
2013-03-14,87.18625
2013-03-15,92.10286
2013-03-16,80.1895
2013-03-17,75.6075
2013-03-18,62.641
2013-03-19,86.30333
2013-03-20,75.368996
2013-03-21,88.37062
2013-03-22,87.371056
2013-03-23,71.638
2013-03-24,70.597496
2013-03-25,76.303
2013-03-26,81.979996
2013-03-27,89.35438
2013-03-28,84.5675
2013-03-29,80.2145
2013-03-30,87.01235
2013-03-31,86.8355
2013-04-01,85.632996
2013-04-02,78.02
2013-04-03,90.82833
2013-04-04,93.435715
2013-04-05,84.70789
2013-04-06,89.7
2013-04-07,88.71611
2013-04-08,87.738
2013-04-09,87.61316
2013-04-10,88.981
2013-04-11,77.309494
2013-04-12,76.76
2013-04-13,78.9905
2013-04-14,75.779495
2013-04-15,76.292
2013-04-16,72.332
2013-04-17,49.5895
2013-04-18,50.753
2013-04-19,46.204
2013-04-20,54.912
2013-04-21,54.976498
2013-04-22,64.9275
2013-04-23,72.9545
2013-04-24,64.2355
2013-04-25,54.3205
2013-04-26,55.274
2013-04-27,45.903683
2013-04-28,53.907997
2013-04-29,58.957
2013-04-30,51.9605
2013-05-01,52.4535
2013-05-02,46.128998
2013-05-03,46.9635
2013-05-04,60.628998
2013-05-05,53.495
2013-05-06,63.568497
2013-05-07,63.9325
2013-05-08,61.565998
2013-05-09,61.725998
2013-05-10,67.4495
2013-05-11,33.810997
2013-05-12,76.795
2013-05-13,92.06812
2013-05-14,85.2325
2013-05-15,73.0315
2013-05-16,80.696
2013-05-17,60.287
2013-05-18,72.692
2013-05-19,61.309498
2013-05-20,64.2135
2013-05-21,71.298
2013-05-22,85.89
2013-05-23,91.17125
2013-05-24,91.987
2013-05-25,88.1105
2013-05-26,89.59789
2013-05-27,79.484
2013-05-28,71.896996
2013-05-29,65.1265
2013-05-30,74.416
2013-05-31,51.2035
2013-06-01,76.933
2013-06-02,76.588
2013-06-03,87.46437
2013-06-04,89.814735
2013-06-05,76.351
2013-06-06,82.89
2013-06-07,85.17
2013-06-08,80.881
2013-06-09,76.2745
2013-06-10,74.421
2013-06-11,62.220497
2013-06-12,88.824
2013-06-13,84.735
2013-06-14,72.9155
2013-06-15,66.8985
2013-06-16,64.800995
2013-06-17,64.016
2013-06-18,63.4245
2013-06-19,60.6205
2013-06-20,61.554
2013-06-21,64.807495
2013-06-22,74.3875
2013-06-23,83.256
2013-06-24,82.4025
2013-06-25,82.9795
2013-06-26,81.659
2013-06-27,86.332
2013-06-28,86.48684
2013-06-29,80.8035
2013-06-30,83.0885
2013-07-01,68.524
2013-07-02,69.8835
2013-07-03,65.3375
2013-07-04,65.8415
2013-07-05,76.28
2013-07-06,74.0845
2013-07-07,70.722
2013-07-08,70.7405
2013-07-09,71.151
2013-07-10,75.299995
2013-07-11,79.399
2013-07-12,78.308
2013-07-13,80.8285
2013-07-14,83.5655
2013-07-15,80.3295
2013-07-16,82.4005
2013-07-17,72.081
2013-07-18,68.8225
2013-07-19,69.6725
2013-07-20,73.859
2013-07-21,65.184
2013-07-22,61.581
2013-07-23,59.721
2013-07-24,59.865997
2013-07-25,58.1485
2013-07-26,69.644
2013-07-27,63.051
2013-07-28,57.855
2013-07-29,59.312
2013-07-30,71.6775
2013-07-31,68.107
2013-08-01,68.635
2013-08-02,62.740997
2013-08-03,61.229
2013-08-04,63.236
2013-08-05,53.302498
2013-08-06,58.920498
2013-08-07,59.788498
2013-08-08,59.421497
2013-08-09,49.7875
2013-08-10,60.4165
2013-08-11,70.9185
2013-08-12,68.3315
2013-08-13,50.7435
2013-08-14,64.889496
2013-08-15,77.713
2013-08-16,69.529
2013-08-17,63.185497
2013-08-18,63.891
2013-08-19,51.795998
2013-08-20,48.233997
2013-08-21,78.4615
2013-08-22,71.2535
2013-08-23,69.8285
2013-08-24,54.188
2013-08-25,56.891
2013-08-26,77.0545
2013-08-27,83.9045
2013-08-28,84.84
2013-08-29,89.030525
2013-08-30,83.8675
2013-08-31,79.1555
2013-09-01,76.5485
2013-09-02,69.014496
2013-09-03,76.3255
2013-09-04,63.936
2013-09-05,67.058495
2013-09-06,66.7865
2013-09-07,64.8565
2013-09-08,67.1175
2013-09-09,65.3675
2013-09-10,84.62
2013-09-11,86.91421
2013-09-12,86.658
2013-09-13,79.958496
2013-09-14,80.168
2013-09-15,82.596
2013-09-16,84.526
2013-09-17,79.368
2013-09-18,78.6345
2013-09-19,91.48071
2013-09-20,78.645
2013-09-21,83.527
2013-09-22,79.449
2013-09-23,86.989
2013-09-24,76.6295
2013-09-25,65.9195
2013-09-26,75.1515
2013-09-27,73.777
2013-09-28,80.340996
2013-09-29,82.9805
2013-09-30,83.7745
2013-10-01,91.43167
2013-10-02,87.63
2013-10-03,86.40632
2013-10-04,85.280525
2013-10-05,77.927
2013-10-06,59.309
2013-10-07,74.9125
2013-10-08,71.5655
2013-10-09,85.2145
2013-10-10,91.51222
2013-10-11,79.7295
2013-10-12,82.0195
2013-10-13,88.083
2013-10-14,86.642
2013-10-15,88.39579
2013-10-16,94.19334
2013-10-17,93.0125
2013-10-18,89.10421
2013-10-19,74.4335
2013-10-20,61.482
2013-10-21,76.3275
2013-10-22,87.00263
2013-10-23,79.4555
2013-10-24,70.749
2013-10-25,77.08
2013-10-26,77.738
2013-10-27,70.923
2013-10-28,74.794495
2013-10-29,77.1765
2013-10-30,88.21177
2013-10-31,86.40941
2013-11-01,87.35445
2013-11-02,84.3705
2013-11-03,82.319
2013-11-04,85.48
2013-11-05,88.003
2013-11-06,91.0
2013-11-07,91.11462
2013-11-08,81.707
2013-11-09,79.0475
2013-11-10,92.10934
2013-11-11,90.363075
2013-11-12,91.32692
2013-11-13,93.10833
2013-11-14,91.35
2013-11-15,86.973
2013-11-16,81.56105
2013-11-17,87.538826
2013-11-18,88.87546
2013-11-19,84.3205
2013-11-20,74.6015
2013-11-21,80.937996
2013-11-22,88.274376
2013-11-23,93.80286
2013-11-24,92.41499
2013-11-25,92.54857
2013-11-26,86.44111
2013-11-27,89.51
2013-11-28,89.18437
2013-11-29,93.67
2013-11-30,89.28167
2013-12-01,87.31923
2013-12-02,83.06684
2013-12-03,74.0685
2013-12-04,77.46
2013-12-05,91.12615
2013-12-06,86.53111
2013-12-07,75.9945
2013-12-08,83.366
2013-12-09,90.476
2013-12-10,82.13
2013-12-11,88.636
2013-12-12,81.575
2013-12-13,77.167496
2013-12-14,82.0715
2013-12-15,87.0275
2013-12-16,87.2805
2013-12-17,68.66526
2013-12-18,69.308
2013-12-19,82.0135
2013-12-20,84.14526
2013-12-21,83.789
2013-12-22,78.091
2013-12-23,73.453995
2013-12-24,82.944
2013-12-25,87.78643
2013-12-26,80.317
2013-12-27,87.2915
2013-12-28,86.93444
2013-12-29,87.99368
2013-12-30,90.815
2013-12-31,89.8705
2014-01-01,88.97158
2014-01-02,89.42824
2014-01-03,88.90134
2014-01-04,88.249
2014-01-05,94.257
2014-01-06,93.298
2014-01-07,87.645
2014-01-08,90.29
2014-01-09,87.76312
2014-01-10,89.46933
2014-01-11,83.65631
2014-01-12,89.556114
2014-01-13,71.098495
2014-01-14,77.089
2014-01-15,90.84333
2014-01-16,92.277
2014-01-17,89.91909
2014-01-18,91.208336
2014-01-19,88.28467
2014-01-20,92.41875
2014-01-21,91.72546
2014-01-22,92.25
2014-01-23,90.91308
2014-01-24,82.7545
2014-01-25,90.524445
2014-01-26,89.627
2014-01-27,88.17684
2014-01-28,91.3625
2014-01-29,88.56
2014-01-30,86.90111
2014-01-31,80.661
2014-02-01,82.212
2014-02-02,79.1965
2014-02-03,75.838
2014-02-04,72.9685
2014-02-05,75.3265
2014-02-06,85.463684
2014-02-07,92.18786
2014-02-08,92.277504
2014-02-09,90.700005
2014-02-10,85.84
2014-02-11,80.6885
2014-02-12,84.7321
2014-02-13,93.239
2014-02-14,92.18091
2014-02-15,87.32059
2014-02-16,83.999
2014-02-17,85.145996
2014-02-18,81.3405
2014-02-19,82.49947
2014-02-20,91.29
2014-02-21,88.00842
2014-02-22,93.196365
2014-02-23,92.77
2014-02-24,86.328
2014-02-25,83.568
2014-02-26,89.27555
2014-02-27,87.00778
2014-02-28,84.9115
2014-03-01,84.748
2014-03-02,91.48222
2014-03-03,68.9215
2014-03-04,82.33
2014-03-05,
2014-03-06,92.95
2014-03-07,89.601
2014-03-08,79.9305
2014-03-09,72.6565
2014-03-10,64.709
2014-03-11,54.330997
2014-03-12,55.4885
2014-03-13,51.032997
2014-03-14,48.938
2014-03-15,54.0715
2014-03-16,74.667496
2014-03-17,71.36
2014-03-18,50.847
2014-03-19,81.3605
2014-03-20,72.989
2014-03-21,61.2315
2014-03-22,47.4525
2014-03-23,61.16
2014-03-24,80.584
2014-03-25,79.0185
2014-03-26,80.172
2014-03-27,87.0685
2014-03-28,84.52263
2014-03-29,59.238
2014-03-30,50.861
2014-03-31,55.475
2014-04-01,51.138
2014-04-02,50.5615
2014-04-03,66.563995
2014-04-04,59.768997
2014-04-05,58.830498
2014-04-06,80.909996
2014-04-07,74.979
2014-04-08,72.654
2014-04-09,88.9845
2014-04-10,78.2515
2014-04-11,87.821
2014-04-12,82.145
2014-04-13,79.386
2014-04-14,77.028496
2014-04-15,86.9265
2014-04-16,92.74571
2014-04-17,89.57
2014-04-18,93.71
2014-04-19,86.4825
2014-04-20,80.6905
2014-04-21,79.9985
2014-04-22,76.512
2014-04-23,84.1085
2014-04-24,89.729996
2014-04-25,70.319496
2014-04-26,62.923
2014-04-27,70.376
2014-04-28,74.527
2014-04-29,76.8265
2014-04-30,87.62053
2014-05-01,80.3345
2014-05-02,81.4195
2014-05-03,83.0665
2014-05-04,87.9775
2014-05-05,72.1895
2014-05-06,64.7435
2014-05-07,66.8985
2014-05-08,80.6885
2014-05-09,70.999
2014-05-10,73.06
2014-05-11,66.9495
2014-05-12,89.25882
2014-05-13,72.626
2014-05-14,90.206665
2014-05-15,92.50714
2014-05-16,81.4155
2014-05-17,91.78125
2014-05-18,81.747
2014-05-19,71.812996
2014-05-20,78.3885
2014-05-21,61.63
2014-05-22,56.072
2014-05-23,60.7035
2014-05-24,69.1565
2014-05-25,77.729996
2014-05-26,72.913
2014-05-27,84.281
2014-05-28,82.4325
2014-05-29,78.996
2014-05-30,80.8235
2014-05-31,89.04211
2014-06-01,85.3655
2014-06-02,88.4695
2014-06-03,76.385
2014-06-04,79.3455
2014-06-05,66.2025
2014-06-06,59.251
2014-06-07,62.087498
2014-06-08,59.240498
2014-06-09,64.3025
2014-06-10,59.9125
2014-06-11,59.1245
2014-06-12,53.5265
2014-06-13,63.777
2014-06-14,80.405
2014-06-15,83.968
2014-06-16,83.645996
2014-06-17,80.455
2014-06-18,79.6925
2014-06-19,80.5035
2014-06-20,71.0045
2014-06-21,75.8845
2014-06-22,67.7425
2014-06-23,69.275
2014-06-24,76.1095
2014-06-25,75.3315
2014-06-26,86.2835
2014-06-27,78.7305
2014-06-28,65.17
2014-06-29,70.3305
2014-06-30,59.8135
2014-07-01,75.605995
2014-07-02,58.627
2014-07-03,74.777
2014-07-04,58.0235
2014-07-05,54.815
2014-07-06,62.127
2014-07-07,57.1135
2014-07-08,62.519997
2014-07-09,73.195496
2014-07-10,68.6125
2014-07-11,86.722496
2014-07-12,86.022
2014-07-13,70.298996
2014-07-14,73.0265
2014-07-15,78.389496
2014-07-16,81.385
2014-07-17,81.270996
2014-07-18,83.6765
2014-07-19,71.5445
2014-07-20,62.998997
2014-07-21,69.112
2014-07-22,71.8495
2014-07-23,90.094444
2014-07-24,89.095
2014-07-25,65.3245
2014-07-26,64.686
2014-07-27,69.447
2014-07-28,76.389496
2014-07-29,68.5885
2014-07-30,57.809498
2014-07-31,76.709496
2014-08-01,77.1645
2014-08-02,54.4895
2014-08-03,43.406498
2014-08-04,61.065998
2014-08-05,75.5785
2014-08-06,86.503
2014-08-07,80.722
2014-08-08,88.1585
2014-08-09,78.903496
2014-08-10,57.874
2014-08-11,73.5585
2014-08-12,74.839
2014-08-13,66.75
2014-08-14,54.529
2014-08-15,75.913
2014-08-16,76.184494
2014-08-17,75.338
2014-08-18,72.5655
2014-08-19,62.656498
2014-08-20,64.2295
2014-08-21,80.9955
2014-08-22,73.5275
2014-08-23,60.8985
2014-08-24,80.3955
2014-08-25,71.193
2014-08-26,65.729996
2014-08-27,71.8825
2014-08-28,73.547
2014-08-29,66.2625
2014-08-30,68.586
2014-08-31,60.8685
2014-09-01,46.414997
2014-09-02,64.265
2014-09-03,84.372
2014-09-04,80.3955
2014-09-05,83.7475
2014-09-06,75.493
2014-09-07,69.2305
2014-09-08,76.347
2014-09-09,77.32
2014-09-10,81.958
2014-09-11,64.349495
2014-09-12,55.823997
2014-09-13,75.945496
2014-09-14,85.5155
2014-09-15,72.723
2014-09-16,80.679
2014-09-17,68.814
2014-09-18,65.242
2014-09-19,57.549
2014-09-20,75.349
2014-09-21,91.19334
2014-09-22,90.633156
2014-09-23,87.5135
2014-09-24,81.626
2014-09-25,77.1465
2014-09-26,90.014
2014-09-27,76.072
2014-09-28,66.264
2014-09-29,72.4475
2014-09-30,68.5115
2014-10-01,79.7145
2014-10-02,83.4995
2014-10-03,86.8875
2014-10-04,70.63
2014-10-05,84.2215
2014-10-06,84.3215
2014-10-07,80.9085
2014-10-08,79.291504
2014-10-09,84.2945
2014-10-10,79.8915
2014-10-11,72.031
2014-10-12,67.521996
2014-10-13,74.9945
2014-10-14,72.249
2014-10-15,80.7415
2014-10-16,93.332504
2014-10-17,90.49105
2014-10-18,82.395996
2014-10-19,78.4505
2014-10-20,76.3105
2014-10-21,85.83211
2014-10-22,94.39
2014-10-23,93.2
2014-10-24,89.432495
2014-10-25,82.215
2014-10-26,74.8955
2014-10-27,68.9705
2014-10-28,52.131
2014-10-29,82.363
2014-10-30,82.003
2014-10-31,82.2565
2014-11-01,74.3405
2014-11-02,72.7995
2014-11-03,81.2805
2014-11-04,88.74412
2014-11-05,88.366425
2014-11-06,81.20158
2014-11-07,77.4425
2014-11-08,86.111
2014-11-09,92.55666
2014-11-10,89.28909
2014-11-11,90.51846
2014-11-12,88.99111
2014-11-13,89.954445
2014-11-14,91.369
2014-11-15,89.73647
2014-11-16,88.668236
2014-11-17,89.2035
2014-11-18,93.42833
2014-11-19,90.6875
2014-11-20,91.96
2014-11-21,85.684
2014-11-22,80.849
2014-11-23,87.29411
2014-11-24,89.752106
2014-11-25,82.337
2014-11-26,90.86692
2014-11-27,92.645004
2014-11-28,87.318886
2014-11-29,83.398
2014-11-30,89.79471
2014-12-01,81.8425
2014-12-02,84.98889
2014-12-03,80.762
2014-12-04,83.1915
2014-12-05,86.32895
2014-12-06,88.44111
2014-12-07,92.7375
2014-12-08,
2014-12-09,92.486664
2014-12-10,92.178185
2014-12-11,94.195
2014-12-12,90.58118
2014-12-13,76.476
2014-12-14,73.72632
2014-12-15,86.8515
2014-12-16,79.6475
2014-12-17,93.44546
2014-12-18,93.20111
2014-12-19,93.97
2014-12-20,89.91389
2014-12-21,86.990524
2014-12-22,82.491
2014-12-23,81.56421
2014-12-24,81.624
2014-12-25,83.267365
2014-12-26,90.761665
2014-12-27,81.864
2014-12-28,80.33055
2014-12-29,86.234
2014-12-30,74.959496
2014-12-31,87.76579
2015-01-01,77.776
2015-01-02,85.191055
2015-01-03,86.67579
2015-01-04,87.685555
2015-01-05,83.6625
2015-01-06,77.352
2015-01-07,73.037994
2015-01-08,70.291
2015-01-09,82.4225
2015-01-10,89.94462
2015-01-11,80.394
2015-01-12,82.946495
2015-01-13,81.7895
2015-01-14,70.955
2015-01-15,85.67158
2015-01-16,80.783
2015-01-17,81.0095
2015-01-18,85.40369
2015-01-19,90.47692
2015-01-20,90.42294
2015-01-21,90.277336
2015-01-22,90.06857
2015-01-23,91.455
2015-01-24,93.2775
2015-01-25,91.746666
2015-01-26,93.06182
2015-01-27,90.83
2015-01-28,92.53111
2015-01-29,80.919
2015-01-30,65.726
2015-01-31,77.621
2015-02-01,78.139496
2015-02-02,86.38687
2015-02-03,83.6275
2015-02-04,82.51
2015-02-05,92.39667
2015-02-06,90.56944
2015-02-07,88.52526
2015-02-08,91.940765
2015-02-09,83.5035
2015-02-10,89.594734
2015-02-11,81.23789
2015-02-12,74.4015
2015-02-13,80.498
2015-02-14,71.937996
2015-02-15,83.07222
2015-02-16,80.142494
2015-02-17,63.198498
2015-02-18,60.935997
2015-02-19,63.621
2015-02-20,65.721
2015-02-21,79.514
2015-02-22,82.517
2015-02-23,82.39
2015-02-24,76.195
2015-02-25,93.8625
2015-02-26,93.086
2015-02-27,91.944
2015-02-28,91.46421
2015-03-01,87.09421
2015-03-02,81.96895
2015-03-03,78.366
2015-03-04,69.6825
2015-03-05,89.204704
2015-03-06,89.9655
2015-03-07,79.498
2015-03-08,71.794
2015-03-09,69.67
2015-03-10,68.366
2015-03-11,71.542496
2015-03-12,94.22857
2015-03-13,90.866875
2015-03-14,89.11
2015-03-15,75.7585
2015-03-16,60.8775
2015-03-17,57.572998
2015-03-18,60.0435
2015-03-19,76.6695
2015-03-20,68.1075
2015-03-21,49.8195
2015-03-22,68.366
2015-03-23,55.175
2015-03-24,53.0
2015-03-25,63.527
2015-03-26,71.0485
2015-03-27,77.4005
2015-03-28,89.87211
2015-03-29,80.32842
2015-03-30,83.40444
2015-03-31,74.3245
2015-04-01,84.8095
2015-04-02,72.101
2015-04-03,86.7395
2015-04-04,72.3385
2015-04-05,89.37666
2015-04-06,91.35357
2015-04-07,75.7245
2015-04-08,78.725494
2015-04-09,47.275997
2015-04-10,45.552498
2015-04-11,51.7105
2015-04-12,57.982
2015-04-13,54.406498
2015-04-14,55.3605
2015-04-15,58.8515
2015-04-16,54.842
2015-04-17,60.7715
2015-04-18,83.783
2015-04-19,73.802
2015-04-20,69.46
2015-04-21,64.267
2015-04-22,50.8145
2015-04-23,64.455
2015-04-24,51.585
2015-04-25,57.9025
2015-04-26,58.8545
2015-04-27,51.749996
2015-04-28,59.518497
2015-04-29,79.9995
2015-04-30,76.7145
2015-05-01,69.9365
2015-05-02,87.90947
2015-05-03,49.479
2015-05-04,70.598
2015-05-05,70.2525
2015-05-06,64.9325
2015-05-07,83.001495
2015-05-08,73.3225
2015-05-09,68.5455
2015-05-10,77.969
2015-05-11,66.1715
2015-05-12,63.187
2015-05-13,47.776
2015-05-14,70.4975
2015-05-15,71.339
2015-05-16,68.8175
2015-05-17,71.378494
2015-05-18,56.762
2015-05-19,56.4425
2015-05-20,66.9115
2015-05-21,62.315
2015-05-22,72.856
2015-05-23,62.48
2015-05-24,80.2045
2015-05-25,76.536995
2015-05-26,77.8965
2015-05-27,91.24177
2015-05-28,82.863
2015-05-29,71.2635
2015-05-30,69.458496
2015-05-31,70.516
2015-06-01,53.302498
2015-06-02,55.516
2015-06-03,58.67
2015-06-04,60.2475
2015-06-05,62.065
2015-06-06,50.097
2015-06-07,56.699997
2015-06-08,47.8155
2015-06-09,53.729
2015-06-10,61.5005
2015-06-11,63.945
2015-06-12,53.054497
2015-06-13,62.413498
2015-06-14,69.245
2015-06-15,70.629
2015-06-16,88.10555
2015-06-17,79.709496
2015-06-18,89.973335
2015-06-19,74.1835
2015-06-20,85.597
2015-06-21,83.259
2015-06-22,71.252
2015-06-23,40.9945
2015-06-24,80.315
2015-06-25,87.168
2015-06-26,89.624
2015-06-27,76.322
2015-06-28,76.4895
2015-06-29,82.587
2015-06-30,82.0325
2015-07-01,77.1155
2015-07-02,62.6495
2015-07-03,64.348
2015-07-04,63.5165
2015-07-05,64.041
2015-07-06,64.503
2015-07-07,59.1165
2015-07-08,59.366
2015-07-09,80.6645
2015-07-10,65.9485
2015-07-11,54.455498
2015-07-12,58.114998
2015-07-13,72.6635
2015-07-14,82.372
2015-07-15,76.2195
2015-07-16,67.131996
2015-07-17,57.196
2015-07-18,55.707996
2015-07-19,54.1765
2015-07-20,67.8635
2015-07-21,61.3755
2015-07-22,56.3715
2015-07-23,58.093998
2015-07-24,63.712997
2015-07-25,54.392998
2015-07-26,76.318
2015-07-27,68.8135
2015-07-28,73.1745
2015-07-29,60.101498
2015-07-30,61.6945
2015-07-31,73.7585
2015-08-01,66.496
2015-08-02,68.026
2015-08-03,69.998
2015-08-04,65.495
2015-08-05,69.1095
2015-08-06,59.7665
2015-08-07,57.116497
2015-08-08,52.6005
2015-08-09,52.967
2015-08-10,51.092
2015-08-11,40.748497
2015-08-12,53.5375
2015-08-13,48.811
2015-08-14,64.7435
2015-08-15,69.095
2015-08-16,68.51
2015-08-17,78.919
2015-08-18,80.948
2015-08-19,75.8115
2015-08-20,72.965996
2015-08-21,83.347496
2015-08-22,80.6525
2015-08-23,66.968
2015-08-24,64.2325
2015-08-25,64.937996
2015-08-26,72.9045
2015-08-27,56.502
2015-08-28,45.5
2015-08-29,51.184
2015-08-30,50.4395
2015-08-31,52.9115
2015-09-01,39.8705
2015-09-02,54.219997
2015-09-03,61.645
2015-09-04,65.303
2015-09-05,70.2355
2015-09-06,80.639
2015-09-07,70.361496
2015-09-08,70.06
2015-09-09,69.615
2015-09-10,92.28333
2015-09-11,79.2995
2015-09-12,74.904495
2015-09-13,80.066
2015-09-14,73.0735
2015-09-15,50.899998
2015-09-16,56.788498
2015-09-17,56.8805
2015-09-18,59.7595
2015-09-19,57.7115
2015-09-20,86.935
2015-09-21,86.9675
2015-09-22,72.694496
2015-09-23,76.4615
2015-09-24,82.976
2015-09-25,89.305
2015-09-26,90.59125
2015-09-27,91.97467
2015-09-28,91.5221
2015-09-29,89.45734
2015-09-30,81.9715
2015-10-01,79.667496
2015-10-02,83.1815
2015-10-03,81.675
2015-10-04,81.5585
2015-10-05,79.392
2015-10-06,88.014
2015-10-07,87.413
2015-10-08,89.35778
2015-10-09,88.804
2015-10-10,88.766
2015-10-11,88.07533
2015-10-12,91.36615
2015-10-13,79.548996
2015-10-14,78.482
2015-10-15,81.963
2015-10-16,82.111496
2015-10-17,93.17
2015-10-18,86.41684
2015-10-19,88.19235
2015-10-20,94.318
2015-10-21,90.35
2015-10-22,95.16
2015-10-23,92.100716
2015-10-24,81.194
2015-10-25,74.838
2015-10-26,70.806
2015-10-27,78.5675
2015-10-28,79.3795
2015-10-29,73.993
2015-10-30,84.646996
2015-10-31,70.558
2015-11-01,63.499496
2015-11-02,45.367218
2015-11-03,59.052998
2015-11-04,44.969498
2015-11-05,67.9005
2015-11-06,79.3925
2015-11-07,85.13333
2015-11-08,85.37053
2015-11-09,80.239
2015-11-10,88.454704
2015-11-11,88.185
2015-11-12,83.44667
2015-11-13,74.732
2015-11-14,85.496666
2015-11-15,69.7265
2015-11-16,85.312
2015-11-17,76.934
2015-11-18,86.736
2015-11-19,73.6885
2015-11-20,75.837
2015-11-21,82.695
2015-11-22,91.98333
2015-11-23,87.90375
2015-11-24,94.214
2015-11-25,92.47143
2015-11-26,91.384
2015-11-27,89.34866
2015-11-28,93.115
2015-11-29,91.75231
2015-11-30,85.667496
2015-12-01,87.19059
2015-12-02,86.876
2015-12-03,88.60555
2015-12-04,85.151054
2015-12-05,88.86833
2015-12-06,81.4115
2015-12-07,84.96
2015-12-08,82.4975
2015-12-09,87.12063
2015-12-10,89.1975
2015-12-11,89.35944
2015-12-12,80.14
2015-12-13,78.203995
2015-12-14,85.458496
2015-12-15,87.2615
2015-12-16,89.399445
2015-12-17,85.4385
2015-12-18,81.5945
2015-12-19,86.04211
2015-12-20,78.729996
2015-12-21,89.4
2015-12-22,87.42684
2015-12-23,75.312996
2015-12-24,85.57
2015-12-25,89.33706
2015-12-26,83.771996
2015-12-27,74.242
2015-12-28,78.7605
2015-12-29,63.0185
2015-12-30,79.529
2015-12-31,63.524498
2016-01-01,68.236
2016-01-02,69.886
2016-01-03,85.46
2016-01-04,79.941
2016-01-05,87.332
2016-01-06,84.692
2016-01-07,88.97706
2016-01-08,87.4255
2016-01-09,74.038
2016-01-10,87.098236
2016-01-11,87.544
2016-01-12,90.457695
2016-01-13,87.64833
2016-01-14,83.251
2016-01-15,88.52842
2016-01-16,91.82455
2016-01-17,90.107895
2016-01-18,83.012
2016-01-19,76.645996
2016-01-20,82.020996
2016-01-21,86.773155
2016-01-22,83.132
2016-01-23,78.8575
2016-01-24,72.3815
2016-01-25,76.4755
2016-01-26,92.69667
2016-01-27,90.730835
2016-01-28,90.35
2016-01-29,88.506
2016-01-30,83.021996
2016-01-31,83.772
2016-02-01,88.015
2016-02-02,88.966
2016-02-03,77.8955
2016-02-04,89.75158
2016-02-05,88.252106
2016-02-06,77.554
2016-02-07,69.201996
2016-02-08,78.388
2016-02-09,81.894
2016-02-10,82.268
2016-02-11,85.8645
2016-02-12,74.79
2016-02-13,86.6985
2016-02-14,81.547
2016-02-15,78.77
2016-02-16,89.40063
2016-02-17,77.463
2016-02-18,67.1715
2016-02-19,82.460495
2016-02-20,88.53667
2016-02-21,88.012
2016-02-22,80.433
2016-02-23,87.494736
2016-02-24,91.06824
2016-02-25,80.9835
2016-02-26,92.05167
2016-02-27,82.5435
2016-02-28,81.95158
2016-02-29,86.377
2016-03-01,90.07643
2016-03-02,85.494995
2016-03-03,75.2285
2016-03-04,89.573
2016-03-05,89.13
2016-03-06,88.665
2016-03-07,90.1885
2016-03-08,83.5075
2016-03-09,80.1235
2016-03-10,90.304115
2016-03-11,87.419
2016-03-12,84.354996
2016-03-13,81.6155
2016-03-14,76.618
2016-03-15,79.263504
2016-03-16,55.9945
2016-03-17,56.817997
2016-03-18,66.216995
2016-03-19,53.1175
2016-03-20,56.081997
2016-03-21,75.3985
2016-03-22,90.95059
2016-03-23,88.96555
2016-03-24,79.012
2016-03-25,73.017
2016-03-26,71.043
2016-03-27,76.594
2016-03-28,63.6455
2016-03-29,76.7755
2016-03-30,68.6905
2016-03-31,65.559
2016-04-01,61.569
2016-04-02,52.252
2016-04-03,48.885498
2016-04-04,50.604
2016-04-05,55.760498
2016-04-06,63.858997
2016-04-07,64.368004
2016-04-08,69.108
2016-04-09,80.4195
2016-04-10,87.64737
2016-04-11,79.6525
2016-04-12,68.1875
2016-04-13,66.739
2016-04-14,78.557
2016-04-15,73.699
2016-04-16,66.371
2016-04-17,58.3765
2016-04-18,58.0505
2016-04-19,60.074497
2016-04-20,62.6675
2016-04-21,55.588497
2016-04-22,45.029
2016-04-23,47.1555
2016-04-24,85.37368
2016-04-25,90.973076
2016-04-26,78.854
2016-04-27,53.4845
2016-04-28,61.655
2016-04-29,90.99222
2016-04-30,85.209
2016-05-01,78.0185
2016-05-02,75.994995
2016-05-03,78.8975
2016-05-04,80.8815
2016-05-05,77.1025
2016-05-06,73.6915
2016-05-07,74.319
2016-05-08,78.085495
2016-05-09,74.581
2016-05-10,71.15
2016-05-11,78.331
2016-05-12,64.672
2016-05-13,80.511055
2016-05-14,85.9685
2016-05-15,84.57474
2016-05-16,84.6015
2016-05-17,75.5945
2016-05-18,73.219
2016-05-19,73.4395
2016-05-20,81.6745
2016-05-21,75.2835
2016-05-22,65.913
2016-05-23,68.868
2016-05-24,63.5765
2016-05-25,84.8825
2016-05-26,76.3635
2016-05-27,75.9625
2016-05-28,69.123
2016-05-29,70.8665
2016-05-30,79.441
2016-05-31,81.817
2016-06-01,80.7345
2016-06-02,88.641
2016-06-03,81.779495
2016-06-04,78.845
2016-06-05,70.172
2016-06-06,79.53
2016-06-07,66.365
2016-06-08,60.4345
2016-06-09,68.2865
2016-06-10,71.74
2016-06-11,77.657
2016-06-12,79.3125
2016-06-13,90.85625
2016-06-14,91.72063
2016-06-15,79.712
2016-06-16,61.9725
2016-06-17,60.288
2016-06-18,66.043495
2016-06-19,78.8345
2016-06-20,72.525
2016-06-21,84.7595
2016-06-22,74.606
2016-06-23,72.876
2016-06-24,65.5845
2016-06-25,68.4635
2016-06-26,62.7595
2016-06-27,80.3365
2016-06-28,89.277
2016-06-29,79.083
2016-06-30,73.198
2016-07-01,76.642
2016-07-02,74.769
2016-07-03,81.0045
2016-07-04,72.848495
2016-07-05,62.29
2016-07-06,62.8825
2016-07-07,60.025497
2016-07-08,55.7715
2016-07-09,69.487
2016-07-10,61.138
2016-07-11,55.803497
2016-07-12,50.262497
2016-07-13,52.27
2016-07-14,78.4415
2016-07-15,77.688995
2016-07-16,78.76
2016-07-17,88.905556
2016-07-18,83.531
2016-07-19,79.352
2016-07-20,77.9395
2016-07-21,66.6605
2016-07-22,66.553
2016-07-23,65.6685
2016-07-24,62.821
2016-07-25,62.7795
2016-07-26,80.5185
2016-07-27,76.97
2016-07-28,73.0665
2016-07-29,84.7325
2016-07-30,72.1015
2016-07-31,69.3
2016-08-01,71.3265
2016-08-02,83.2305
2016-08-03,68.5635
2016-08-04,69.319
2016-08-05,54.95
2016-08-06,74.281
2016-08-07,71.1295
2016-08-08,75.494
2016-08-09,69.6935
2016-08-10,67.746
2016-08-11,88.08053
2016-08-12,75.5025
2016-08-13,61.009
2016-08-14,61.4325
2016-08-15,58.899498
2016-08-16,56.7975
2016-08-17,76.1315
2016-08-18,73.664
2016-08-19,64.608
2016-08-20,64.417
2016-08-21,61.963497
2016-08-22,87.0115
2016-08-23,85.742
2016-08-24,78.321
2016-08-25,69.6495
2016-08-26,66.038
2016-08-27,56.323997
2016-08-28,59.9755
2016-08-29,48.8265
2016-08-30,68.849
2016-08-31,57.7805
2016-09-01,69.235
2016-09-02,63.0285
2016-09-03,60.384
2016-09-04,57.7655
2016-09-05,77.211494
2016-09-06,85.685
2016-09-07,72.1295
2016-09-08,66.878
2016-09-09,70.1985
2016-09-10,67.2005
2016-09-11,62.8405
2016-09-12,60.5585
2016-09-13,63.993
2016-09-14,55.955498
2016-09-15,57.481
2016-09-16,62.614
2016-09-17,61.4935
2016-09-18,65.4835
2016-09-19,77.17
2016-09-20,86.03526
2016-09-21,78.601
2016-09-22,80.9685
2016-09-23,76.022995
2016-09-24,75.55
2016-09-25,73.558
2016-09-26,70.4215
2016-09-27,67.595
2016-09-28,68.2295
2016-09-29,65.53
2016-09-30,70.043
2016-10-01,67.928
2016-10-02,58.914497
2016-10-03,91.04235
2016-10-04,84.236
2016-10-05,88.92684
2016-10-06,85.9195
2016-10-07,91.673996
2016-10-08,90.7375
2016-10-09,89.08111
2016-10-10,91.73334
2016-10-11,92.570625
2016-10-12,90.153534
2016-10-13,80.9615
2016-10-14,83.3955
2016-10-15,73.4005
2016-10-16,90.10875
2016-10-17,78.4775
2016-10-18,70.243996
2016-10-19,86.726
2016-10-20,67.8965
2016-10-21,77.7075
2016-10-22,91.142105
2016-10-23,77.087
2016-10-24,81.098
2016-10-25,74.647
2016-10-26,79.441
2016-10-27,82.4945
2016-10-28,78.347
2016-10-29,82.5055
2016-10-30,78.221
2016-10-31,80.043
2016-11-01,73.961
2016-11-02,80.5755
2016-11-03,91.05067
2016-11-04,77.324
2016-11-05,78.39737
2016-11-06,83.198944
2016-11-07,91.46933
2016-11-08,89.005554
2016-11-09,93.75
2016-11-10,90.314
2016-11-11,81.411
2016-11-12,89.39667
2016-11-13,83.280556
2016-11-14,83.91263
2016-11-15,90.844666
2016-11-16,87.233154
2016-11-17,87.37278
2016-11-18,82.285995
2016-11-19,73.167
2016-11-20,73.8115
2016-11-21,77.173996
2016-11-22,87.039444
2016-11-23,84.11611
2016-11-24,87.05421
2016-11-25,87.55333
2016-11-26,81.91789
2016-11-27,89.45778
2016-11-28,86.5365
2016-11-29,87.80059
2016-11-30,82.391
2016-12-01,87.41842
2016-12-02,78.868996
2016-12-03,85.1715
2016-12-04,82.2665
2016-12-05,72.7495
2016-12-06,75.483
2016-12-07,80.2805
2016-12-08,45.696
2016-12-09,62.792
2016-12-10,81.60895
2016-12-11,80.964
2016-12-12,90.75692
2016-12-13,72.8185
2016-12-14,73.735
2016-12-15,85.11
2016-12-16,84.3965
2016-12-17,79.637
2016-12-18,80.917496
2016-12-19,78.553
2016-12-20,82.422356
2016-12-21,82.686
2016-12-22,79.566315
2016-12-23,82.97
2016-12-24,85.850525
2016-12-25,89.3
2016-12-26,
2016-12-27,82.8735
2016-12-28,87.7725
2016-12-29,78.163
2016-12-30,72.3435
2016-12-31,73.001495
2017-01-01,72.9845
2017-01-02,70.864
2017-01-03,86.8395
2017-01-04,86.566315
2017-01-05,89.5645
2017-01-06,84.0665
2017-01-07,74.334
2017-01-08,71.5665
2017-01-09,85.80052
2017-01-10,90.76579
2017-01-11,88.936
2017-01-12,86.048996
2017-01-13,81.327
2017-01-14,92.287224
2017-01-15,91.60467
2017-01-16,90.855995
2017-01-17,84.143
2017-01-18,84.72263
2017-01-19,79.319
2017-01-20,77.0885
2017-01-21,88.099
2017-01-22,81.9255
2017-01-23,76.341
2017-01-24,85.151
2017-01-25,88.425
2017-01-26,78.8705
2017-01-27,63.848
2017-01-28,71.587
2017-01-29,66.3435
2017-01-30,63.966
2017-01-31,68.595
2017-02-01,68.2165
2017-02-02,79.85316
2017-02-03,83.850525
2017-02-04,91.898
2017-02-05,91.792
2017-02-06,90.26235
2017-02-07,95.16
2017-02-08,91.281815
2017-02-09,80.1825
2017-02-10,78.598495
2017-02-11,89.75125
2017-02-12,88.47706
2017-02-13,86.42421
2017-02-14,81.052635
2017-02-15,75.996
2017-02-16,50.3675
2017-02-17,65.068
2017-02-18,88.12474
2017-02-19,90.586876
2017-02-20,92.02111
2017-02-21,88.72789
2017-02-22,79.7195
2017-02-23,72.0495
2017-02-24,75.4295
2017-02-25,84.6585
2017-02-26,76.326996
2017-02-27,70.1205
2017-02-28,79.8855
2017-03-01,86.683
2017-03-02,78.378
2017-03-03,65.986496
2017-03-04,64.833
2017-03-05,51.853
2017-03-06,81.151
2017-03-07,82.542
2017-03-08,93.628
2017-03-09,90.068665
2017-03-10,87.21474
2017-03-11,80.6325
2017-03-12,90.117775
2017-03-13,89.76894
2017-03-14,86.5745
2017-03-15,71.797
2017-03-16,66.3135
2017-03-17,61.982998
2017-03-18,65.3295
2017-03-19,74.275
2017-03-20,81.1515
2017-03-21,75.097
2017-03-22,65.6015
2017-03-23,63.0645
2017-03-24,59.6335
2017-03-25,62.803
2017-03-26,79.3325
2017-03-27,61.3675
2017-03-28,55.357998
2017-03-29,56.661
2017-03-30,63.564
2017-03-31,62.874
2017-04-01,50.082497
2017-04-02,46.691998
2017-04-03,38.9875
2017-04-04,72.285
2017-04-05,80.281
2017-04-06,89.86632
2017-04-07,76.590996
2017-04-08,84.076
2017-04-09,71.136
2017-04-10,59.5405
2017-04-11,62.060497
2017-04-12,62.827
2017-04-13,60.608997
2017-04-14,67.613
2017-04-15,58.8435
2017-04-16,75.0275
2017-04-17,75.423
2017-04-18,70.048
2017-04-19,80.4625
2017-04-20,83.4535
2017-04-21,75.2825
2017-04-22,72.201
2017-04-23,85.5855
2017-04-24,65.6415
2017-04-25,57.602997
2017-04-26,55.871
2017-04-27,59.0985
2017-04-28,43.2995
2017-04-29,82.3285
2017-04-30,79.344
2017-05-01,76.2045
2017-05-02,63.7475
2017-05-03,47.465
2017-05-04,80.17
2017-05-05,80.6665
2017-05-06,86.988
2017-05-07,86.169
2017-05-08,88.77947
2017-05-09,78.3045
2017-05-10,61.330498
2017-05-11,55.2365
2017-05-12,83.14737
2017-05-13,90.72
2017-05-14,89.067894
2017-05-15,55.916
2017-05-16,70.603
2017-05-17,72.6615
2017-05-18,65.4715
2017-05-19,53.5255
2017-05-20,60.367
2017-05-21,76.333496
2017-05-22,77.9715
2017-05-23,68.322
2017-05-24,80.5505
2017-05-25,77.818
2017-05-26,84.447
2017-05-27,78.9265
2017-05-28,71.1755
2017-05-29,59.379498
2017-05-30,60.9735
2017-05-31,63.985
2017-06-01,72.0885
2017-06-02,64.401
2017-06-03,60.978
2017-06-04,66.483
2017-06-05,80.145
2017-06-06,75.376
2017-06-07,88.472
2017-06-08,80.131
2017-06-09,66.832
2017-06-10,60.496
2017-06-11,80.570496
2017-06-12,74.475
2017-06-13,62.678997
2017-06-14,67.42
2017-06-15,63.690998
2017-06-16,54.129498
2017-06-17,85.069
2017-06-18,86.762
2017-06-19,69.255
2017-06-20,57.545998
2017-06-21,60.3325
2017-06-22,56.8675
2017-06-23,73.2005
2017-06-24,63.759
2017-06-25,62.01
2017-06-26,77.6015
2017-06-27,72.372
2017-06-28,62.7625
2017-06-29,64.7775
2017-06-30,59.466
2017-07-01,70.117
2017-07-02,67.227
2017-07-03,81.381996
2017-07-04,64.316
2017-07-05,58.481
2017-07-06,60.507
2017-07-07,53.9175
2017-07-08,73.5365
2017-07-09,63.445
2017-07-10,57.842
2017-07-11,61.9615
2017-07-12,65.033
2017-07-13,74.1655
2017-07-14,62.679
2017-07-15,69.776
2017-07-16,80.7435
2017-07-17,70.2875
2017-07-18,63.8365
2017-07-19,62.947998
2017-07-20,57.260998
2017-07-21,59.164
2017-07-22,63.272
2017-07-23,64.334
2017-07-24,56.1165
2017-07-25,82.46
2017-07-26,72.586
2017-07-27,68.1485
2017-07-28,75.354
2017-07-29,67.4425
2017-07-30,60.267498
2017-07-31,51.436497
2017-08-01,47.376
2017-08-02,41.473
2017-08-03,52.141
2017-08-04,44.473
2017-08-05,48.123
2017-08-06,49.5195
2017-08-07,84.69
2017-08-08,71.1695
2017-08-09,67.1065
2017-08-10,53.962498
2017-08-11,52.6885
2017-08-12,61.6335
2017-08-13,90.4615
2017-08-14,76.143
2017-08-15,75.019
2017-08-16,73.444496
2017-08-17,63.737
2017-08-18,59.9235
2017-08-19,44.328
2017-08-20,73.2305
2017-08-21,73.482
2017-08-22,71.4935
2017-08-23,68.971
2017-08-24,59.2215
2017-08-25,50.1025
2017-08-26,48.065998
2017-08-27,54.1135
2017-08-28,52.899498
2017-08-29,67.279495
2017-08-30,65.401
2017-08-31,58.984497
2017-09-01,56.8955
2017-09-02,69.929
2017-09-03,90.61579
2017-09-04,81.92
2017-09-05,76.701
2017-09-06,74.216
2017-09-07,59.75
2017-09-08,71.884
2017-09-09,71.062
2017-09-10,73.134
2017-09-11,46.006
2017-09-12,80.6335
2017-09-13,79.3925
2017-09-14,60.232
2017-09-15,56.878998
2017-09-16,52.8715
2017-09-17,59.552
2017-09-18,63.252
2017-09-19,54.631
2017-09-20,84.534996
2017-09-21,94.15375
2017-09-22,88.44947
2017-09-23,82.606
2017-09-24,82.6485
2017-09-25,85.2635
2017-09-26,83.7695
2017-09-27,63.164497
2017-09-28,63.1235
2017-09-29,55.593998
2017-09-30,71.709
2017-10-01,77.4085
2017-10-02,72.618996
2017-10-03,60.395
2017-10-04,79.837
2017-10-05,77.5325
2017-10-06,83.043
2017-10-07,93.94231
2017-10-08,88.2445
2017-10-09,81.088
2017-10-10,72.2665
2017-10-11,77.5485
2017-10-12,71.411995
2017-10-13,72.7
2017-10-14,71.6805
2017-10-15,74.5335
2017-10-16,62.4225
2017-10-17,59.6445
2017-10-18,67.801
2017-10-19,54.3045
2017-10-20,59.684
2017-10-21,70.587
2017-10-22,76.236
2017-10-23,92.10429
2017-10-24,94.706
2017-10-25,89.6405
2017-10-26,79.8175
2017-10-27,82.517
2017-10-28,91.36353
2017-10-29,82.5585
2017-10-30,72.4635
2017-10-31,73.084496
2017-11-01,81.1665
2017-11-02,69.779
2017-11-03,86.7655
2017-11-04,84.3415
2017-11-05,78.547
2017-11-06,78.309
2017-11-07,85.945
2017-11-08,85.6965
2017-11-09,91.91778
2017-11-10,92.80273
2017-11-11,86.604004
2017-11-12,86.706
2017-11-13,88.945
2017-11-14,89.83
2017-11-15,87.49842
2017-11-16,87.96467
2017-11-17,91.17555
2017-11-18,
2017-11-19,89.706154
2017-11-20,89.96236
2017-11-21,86.36
2017-11-22,88.988945
2017-11-23,77.5125
2017-11-24,68.793495
2017-11-25,84.4245
2017-11-26,94.70333
2017-11-27,90.732
2017-11-28,91.97357
2017-11-29,81.357
2017-11-30,80.979
2017-12-01,89.48158
2017-12-02,86.836
2017-12-03,93.297775
2017-12-04,90.11105
2017-12-05,84.82579
2017-12-06,86.51778
2017-12-07,83.334
2017-12-08,61.506
2017-12-09,90.407646
2017-12-10,83.7425
2017-12-11,77.743
2017-12-12,71.6425
2017-12-13,89.86737
2017-12-14,86.58875
2017-12-15,84.9921
2017-12-16,89.47278
2017-12-17,88.759445
2017-12-18,84.2595
2017-12-19,83.2735
2017-12-20,84.012
2017-12-21,87.102776
2017-12-22,91.62923
2017-12-23,92.42375
2017-12-24,88.29266
2017-12-25,78.881
2017-12-26,74.764496
2017-12-27,82.3785
2017-12-28,69.5405
2017-12-29,89.51647
2017-12-30,83.6855
2017-12-31,83.13526
2018-01-01,89.54867
2018-01-02,92.31375
2018-01-03,88.25222
2018-01-04,94.85333
2018-01-05,91.77
2018-01-06,79.687996
2018-01-07,78.046
2018-01-08,76.931
2018-01-09,84.41211
2018-01-10,77.763
2018-01-11,88.835
2018-01-12,90.35467
2018-01-13,79.336
2018-01-14,69.8915
2018-01-15,81.303154
2018-01-16,89.18882
2018-01-17,
2018-01-18,85.807
2018-01-19,84.02526
2018-01-20,86.59
2018-01-21,92.67077
2018-01-22,77.19
2018-01-23,82.158
2018-01-24,79.5385
2018-01-25,70.743996
2018-01-26,63.470497
2018-01-27,48.91
2018-01-28,85.23368
2018-01-29,87.88875
2018-01-30,75.5525
2018-01-31,71.4845
2018-02-01,58.51
2018-02-02,79.3435
2018-02-03,94.24
2018-02-04,88.0245
2018-02-05,85.2725
2018-02-06,87.0195
2018-02-07,70.320496
2018-02-08,92.314445
2018-02-09,89.352356
2018-02-10,89.3505
2018-02-11,85.414
2018-02-12,80.034
2018-02-13,89.884445
2018-02-14,88.093124
2018-02-15,89.73722
2018-02-16,89.8275
2018-02-17,85.76316
2018-02-18,85.749
2018-02-19,73.715996
2018-02-20,71.498
2018-02-21,89.674706
2018-02-22,76.5935
2018-02-23,82.521996
2018-02-24,83.0195
2018-02-25,67.234
2018-02-26,68.2825
2018-02-27,86.661
2018-02-28,70.307
2018-03-01,66.9995
2018-03-02,78.7075
2018-03-03,87.4115
2018-03-04,61.59
2018-03-05,64.9245
2018-03-06,88.9121
2018-03-07,92.93833
2018-03-08,93.665
2018-03-09,87.94055
2018-03-10,84.418
2018-03-11,80.377
2018-03-12,85.659
2018-03-13,87.10105
2018-03-14,80.5715
2018-03-15,86.8115
2018-03-16,92.095
2018-03-17,88.2745
2018-03-18,89.20294
2018-03-19,90.562225
2018-03-20,88.67687
2018-03-21,84.89895
2018-03-22,70.229
2018-03-23,76.973
2018-03-24,77.9495
2018-03-25,69.1085
2018-03-26,77.7325
2018-03-27,83.7325
2018-03-28,85.186
2018-03-29,90.22211
2018-03-30,89.78824
2018-03-31,82.84368
2018-04-01,93.994995
2018-04-02,70.591995
2018-04-03,61.071
2018-04-04,48.371998
2018-04-05,68.821
2018-04-06,79.1855
2018-04-07,68.0815
2018-04-08,62.62
2018-04-09,55.142498
2018-04-10,64.0105
2018-04-11,63.69
2018-04-12,73.806
2018-04-13,64.016
2018-04-14,59.4165
2018-04-15,59.052
2018-04-16,68.3
2018-04-17,82.9665
2018-04-18,58.485
2018-04-19,53.010998
2018-04-20,49.995
2018-04-21,46.907497
2018-04-22,55.48
2018-04-23,57.763496
2018-04-24,78.085495
2018-04-25,65.777
2018-04-26,63.767998
2018-04-27,75.678
2018-04-28,53.8485
2018-04-29,61.993
2018-04-30,60.823997
2018-05-01,49.651
2018-05-02,50.679497
2018-05-03,41.7155
2018-05-04,55.4335
2018-05-05,65.5485
2018-05-06,59.802998
2018-05-07,66.895
2018-05-08,77.660995
2018-05-09,67.3655
2018-05-10,65.439
2018-05-11,69.5325
2018-05-12,52.4525
2018-05-13,65.854
2018-05-14,66.484
2018-05-15,74.553
2018-05-16,92.02385
2018-05-17,61.3485
2018-05-18,80.5085
2018-05-19,81.841995
2018-05-20,75.7295
2018-05-21,76.8965
2018-05-22,75.602
2018-05-23,75.9
2018-05-24,76.3605
2018-05-25,75.926
2018-05-26,74.095
2018-05-27,76.489
2018-05-28,69.922
2018-05-29,48.2385
2018-05-30,58.2825
2018-05-31,63.769497
2018-06-01,53.295
2018-06-02,69.9475
2018-06-03,83.173996
2018-06-04,71.43
2018-06-05,70.018
2018-06-06,57.057
2018-06-07,60.0025
2018-06-08,61.19
2018-06-09,75.718
2018-06-10,76.596
2018-06-11,77.4575
2018-06-12,68.547
2018-06-13,87.545
2018-06-14,90.024666
2018-06-15,81.6885
2018-06-16,79.5545
2018-06-17,81.235
2018-06-18,91.975334
2018-06-19,84.594
2018-06-20,78.0275
2018-06-21,72.4155
2018-06-22,80.3975
2018-06-23,82.497
2018-06-24,77.6165
2018-06-25,76.558
2018-06-26,58.672497
2018-06-27,85.0355
2018-06-28,86.303
2018-06-29,90.83389
2018-06-30,82.449
2018-07-01,84.337
2018-07-02,79.0785
2018-07-03,70.931
2018-07-04,69.8825
2018-07-05,60.751
2018-07-06,69.2935
2018-07-07,84.067
2018-07-08,81.7275
2018-07-09,88.818886
2018-07-10,84.2975
2018-07-11,67.2875
2018-07-12,76.9935
2018-07-13,68.305
2018-07-14,72.6005
2018-07-15,74.8685
2018-07-16,75.15
2018-07-17,74.6055
2018-07-18,82.2585
2018-07-19,87.463
2018-07-20,87.869995
2018-07-21,73.361
2018-07-22,71.9915
2018-07-23,88.6135
2018-07-24,80.0655
2018-07-25,81.768
2018-07-26,79.9395
2018-07-27,84.58
2018-07-28,89.64353
2018-07-29,86.9355
2018-07-30,79.9525
2018-07-31,83.6495
2018-08-01,76.6475
2018-08-02,73.044
2018-08-03,66.5435
2018-08-04,59.5915
2018-08-05,58.589
2018-08-06,66.9745
2018-08-07,55.674
2018-08-08,63.450996
2018-08-09,64.1345
2018-08-10,62.8705
2018-08-11,54.9725
2018-08-12,67.0075
2018-08-13,56.778
2018-08-14,34.541996
2018-08-15,82.3535
2018-08-16,71.638
2018-08-17,66.0845
2018-08-18,64.923
2018-08-19,63.2975
2018-08-20,57.9795
2018-08-21,61.364998
2018-08-22,63.6995
2018-08-23,71.616
2018-08-24,60.691998
2018-08-25,50.657497
2018-08-26,85.7345
2018-08-27,77.611
2018-08-28,73.7695
2018-08-29,63.163498
2018-08-30,74.904495
2018-08-31,73.471
2018-09-01,57.4875
2018-09-02,39.117996
2018-09-03,57.429497
2018-09-04,83.089
2018-09-05,86.329
2018-09-06,84.815
2018-09-07,84.961
2018-09-08,82.287
2018-09-09,75.6355
2018-09-10,81.023
2018-09-11,75.6005
2018-09-12,69.964
2018-09-13,69.845
2018-09-14,59.351498
2018-09-15,76.2025
2018-09-16,73.4685
2018-09-17,63.885
2018-09-18,68.972
2018-09-19,70.393
2018-09-20,63.6695
2018-09-21,74.4305
2018-09-22,84.551
2018-09-23,80.9015
2018-09-24,81.722
2018-09-25,75.7315
2018-09-26,72.301
2018-09-27,63.606
2018-09-28,65.927
2018-09-29,79.394
2018-09-30,76.673996
2018-10-01,87.7535
2018-10-02,92.508
2018-10-03,82.167
2018-10-04,79.4205
2018-10-05,75.9125
2018-10-06,67.958
2018-10-07,63.826
2018-10-08,79.312
2018-10-09,73.9395
2018-10-10,73.5385
2018-10-11,66.282
2018-10-12,58.342
2018-10-13,60.563
2018-10-14,52.056
2018-10-15,66.1225
2018-10-16,66.068
2018-10-17,60.9545
2018-10-18,61.104
2018-10-19,81.6465
2018-10-20,81.157
2018-10-21,85.990524
2018-10-22,89.90875
2018-10-23,84.029
2018-10-24,72.572495
2018-10-25,82.611
2018-10-26,85.65211
2018-10-27,72.9385
2018-10-28,53.414497
2018-10-29,82.81526
2018-10-30,88.818
2018-10-31,73.3645
2018-11-01,87.49526
2018-11-02,82.513
2018-11-03,74.167496
2018-11-04,78.9055
2018-11-05,86.39777
2018-11-06,91.29
2018-11-07,86.07333
2018-11-08,80.3515
2018-11-09,82.673996
2018-11-10,90.70563
2018-11-11,81.5415
2018-11-12,52.9615
2018-11-13,59.810497
2018-11-14,68.9225
2018-11-15,73.407
2018-11-16,69.505
2018-11-17,68.5205
2018-11-18,78.531494
2018-11-19,89.27
2018-11-20,85.6905
2018-11-21,90.55278
2018-11-22,89.9575
2018-11-23,86.927055
2018-11-24,84.887
2018-11-25,89.527855
2018-11-26,
2018-11-27,92.715
2018-11-28,71.809
2018-11-29,76.079
2018-11-30,79.751
2018-12-01,89.36474
2018-12-02,64.458496
2018-12-03,73.395
2018-12-04,93.975
2018-12-05,81.55789
2018-12-06,84.798
2018-12-07,79.6355
2018-12-08,90.751
2018-12-09,92.918
2018-12-10,93.994995
2018-12-11,92.278
2018-12-12,93.293335
2018-12-13,91.934
2018-12-14,88.24438
2018-12-15,93.16125
2018-12-16,92.93692
2018-12-17,90.3225
2018-12-18,78.858
2018-12-19,87.78
2018-12-20,89.95533
2018-12-21,87.068665
2018-12-22,91.49273
2018-12-23,89.66937
2018-12-24,88.22895
2018-12-25,67.907
2018-12-26,79.804
2018-12-27,69.5495
2018-12-28,90.57059
2018-12-29,90.25077
2018-12-30,90.4447
2018-12-31,92.86857
2019-01-01,90.15071
2019-01-02,89.14842
2019-01-03,88.27277
2019-01-04,88.601875
2019-01-05,92.64636
2019-01-06,90.38765
2019-01-07,86.8625
2019-01-08,85.6255
2019-01-09,84.51527
2019-01-10,86.73
2019-01-11,85.1585
2019-01-12,89.26474
2019-01-13,91.665
2019-01-14,93.788574
2019-01-15,88.0495
2019-01-16,90.92917
2019-01-17,86.744
2019-01-18,91.41
2019-01-19,88.78105
2019-01-20,93.354164
2019-01-21,86.38294
2019-01-22,83.8955
2019-01-23,88.09052
2019-01-24,92.526665
2019-01-25,93.25166
2019-01-26,83.11
2019-01-27,87.436844
2019-01-28,78.215
2019-01-29,91.887146
2019-01-30,
2019-01-31,86.24765
2019-02-01,85.58706
2019-02-02,84.9575
2019-02-03,79.4805
2019-02-04,92.886665
2019-02-05,91.03909
2019-02-06,85.521576
2019-02-07,70.7235
2019-02-08,90.41631
2019-02-09,79.059
2019-02-10,75.0445
2019-02-11,91.80875
2019-02-12,86.854
2019-02-13,77.954
2019-02-14,82.34
2019-02-15,73.5025
2019-02-16,85.9515
2019-02-17,83.6435
2019-02-18,79.8915
2019-02-19,75.8855
2019-02-20,76.709
2019-02-21,61.924
2019-02-22,77.756
2019-02-23,57.289997
2019-02-24,56.1805
2019-02-25,64.7985
2019-02-26,74.0715
2019-02-27,68.4405
2019-02-28,73.072
2019-03-01,67.57
2019-03-02,59.125
2019-03-03,69.514496
2019-03-04,64.034996
2019-03-05,56.4825
2019-03-06,56.834
2019-03-07,75.440994
2019-03-08,81.9495
2019-03-09,79.909
2019-03-10,75.754
2019-03-11,77.7055
2019-03-12,73.626
2019-03-13,67.986496
2019-03-14,84.364
2019-03-15,80.557
2019-03-16,70.3415
2019-03-17,72.722496
2019-03-18,84.172
2019-03-19,78.9235
2019-03-20,70.326996
2019-03-21,61.442497
2019-03-22,66.2355
2019-03-23,43.8435
2019-03-24,55.654
2019-03-25,68.8085
2019-03-26,70.4115
2019-03-27,64.4085
2019-03-28,62.112
2019-03-29,59.871
2019-03-30,50.0895
2019-03-31,43.831497
2019-04-01,52.926
2019-04-02,40.656498
2019-04-03,38.26
2019-04-04,33.762997
2019-04-05,45.8565
2019-04-06,76.504
2019-04-07,64.126495
2019-04-08,74.7415
2019-04-09,57.3095
2019-04-10,66.081
2019-04-11,76.531
2019-04-12,90.75066
2019-04-13,86.805
2019-04-14,76.298996
2019-04-15,68.5065
2019-04-16,66.7465
2019-04-17,82.978
2019-04-18,64.788
2019-04-19,46.948498
2019-04-20,41.887997
2019-04-21,35.4405
2019-04-22,46.587498
2019-04-23,40.309998
2019-04-24,58.4255
2019-04-25,43.269497
2019-04-26,44.451996
2019-04-27,79.1765
2019-04-28,94.24
2019-04-29,89.00375
2019-04-30,86.90222
2019-05-01,91.01737
2019-05-02,84.491
2019-05-03,68.2175
2019-05-04,87.45947
2019-05-05,92.516
2019-05-06,
2019-05-07,84.2565
2019-05-08,76.7615
2019-05-09,87.31555
2019-05-10,89.381996
2019-05-11,71.638
2019-05-12,51.248497
2019-05-13,78.278496
2019-05-14,93.15056
2019-05-15,89.99684
2019-05-16,83.238495
2019-05-17,74.0995
2019-05-18,75.819496
2019-05-19,67.1585
2019-05-20,91.787056
2019-05-21,84.987
2019-05-22,87.64
2019-05-23,88.16684
2019-05-24,87.0805
2019-05-25,85.213
2019-05-26,69.6135
2019-05-27,76.5935
2019-05-28,82.5125
2019-05-29,77.583496
2019-05-30,91.71875
2019-05-31,89.19316
2019-06-01,77.667496
2019-06-02,80.284996
2019-06-03,80.407
2019-06-04,86.394
2019-06-05,79.7195
2019-06-06,77.817
2019-06-07,70.9065
2019-06-08,68.9075
2019-06-09,73.9745
2019-06-10,62.9265
2019-06-11,66.371
2019-06-12,63.926
2019-06-13,61.9635
2019-06-14,55.478
2019-06-15,61.5185
2019-06-16,71.831
2019-06-17,85.346
2019-06-18,82.4915
2019-06-19,84.2465
2019-06-20,82.431
2019-06-21,85.642
2019-06-22,77.594
2019-06-23,77.152
2019-06-24,90.4085
2019-06-25,77.168
2019-06-26,70.9705
2019-06-27,69.6345
2019-06-28,66.828
2019-06-29,65.8055
2019-06-30,61.5985
2019-07-01,65.2335
2019-07-02,63.9935
2019-07-03,61.956497
2019-07-04,61.6885
2019-07-05,59.4235
2019-07-06,58.373997
2019-07-07,62.408
2019-07-08,70.431496
2019-07-09,60.927
2019-07-10,66.818
2019-07-11,77.746
2019-07-12,63.540997
2019-07-13,71.9995
2019-07-14,82.8215
2019-07-15,66.595
2019-07-16,60.246
2019-07-17,63.9885
2019-07-18,62.345
2019-07-19,66.4295
2019-07-20,70.275
2019-07-21,65.4705
2019-07-22,71.691
2019-07-23,74.9895
2019-07-24,73.7615
2019-07-25,76.0415
2019-07-26,80.3415
2019-07-27,64.7165
2019-07-28,76.6805
2019-07-29,87.912
2019-07-30,78.9375
2019-07-31,89.51894
2019-08-01,84.797
2019-08-02,75.633995
2019-08-03,81.171
2019-08-04,74.492
2019-08-05,69.118
2019-08-06,67.98
2019-08-07,60.557
2019-08-08,58.740997
2019-08-09,58.7845
2019-08-10,53.330997
2019-08-11,62.864998
2019-08-12,57.9785
2019-08-13,65.1445
2019-08-14,92.27842
2019-08-15,80.0125
2019-08-16,71.937
2019-08-17,67.5725
2019-08-18,70.875
2019-08-19,52.128
2019-08-20,50.7725
2019-08-21,53.739
2019-08-22,55.083
2019-08-23,65.5025
2019-08-24,60.830498
2019-08-25,51.846497
2019-08-26,46.490498
2019-08-27,47.705498
2019-08-28,47.471
2019-08-29,48.8155
2019-08-30,50.406498
2019-08-31,49.061
2019-09-01,55.383
2019-09-02,37.828995
2019-09-03,87.904
2019-09-04,73.7085
2019-09-05,73.867
2019-09-06,60.447998
2019-09-07,54.839
2019-09-08,62.207
2019-09-09,55.5065
2019-09-10,59.628
2019-09-11,61.753998
2019-09-12,65.5365
2019-09-13,53.495
2019-09-14,53.728
2019-09-15,46.2235
2019-09-16,38.2625
2019-09-17,59.767
2019-09-18,60.7165
2019-09-19,59.895
2019-09-20,66.8015
2019-09-21,56.897
2019-09-22,53.2505
2019-09-23,71.4765
2019-09-24,71.236496
2019-09-25,88.715294
2019-09-26,92.1025
2019-09-27,85.27631
2019-09-28,78.403
2019-09-29,81.74
2019-09-30,69.581
2019-10-01,81.7965
2019-10-02,64.7335
2019-10-03,94.05
2019-10-04,90.448
2019-10-05,85.74526
2019-10-06,87.376
2019-10-07,85.5
2019-10-08,65.875
2019-10-09,59.499
2019-10-10,77.532
2019-10-11,84.5075
2019-10-12,57.9725
2019-10-13,43.6185
2019-10-14,58.1515
2019-10-15,78.0115
2019-10-16,73.943
2019-10-17,73.838
2019-10-18,69.212
2019-10-19,61.8415
2019-10-20,65.826996
2019-10-21,75.205
2019-10-22,65.164
2019-10-23,66.826996
2019-10-24,76.7545
2019-10-25,79.335495
2019-10-26,84.54053
2019-10-27,80.601
2019-10-28,81.081
2019-10-29,83.323
2019-10-30,84.3665
2019-10-31,76.9275
2019-11-01,83.9
2019-11-02,80.895996
2019-11-03,77.6995
2019-11-04,75.843
2019-11-05,54.364
2019-11-06,89.99438
2019-11-07,88.477776
2019-11-08,93.02154
2019-11-09,89.45778
2019-11-10,93.164444
2019-11-11,88.17368
2019-11-12,72.121
2019-11-13,59.455997
2019-11-14,85.43
2019-11-15,87.317
2019-11-16,71.656
2019-11-17,76.765
2019-11-18,78.480995
2019-11-19,88.14263
2019-11-20,85.91421
2019-11-21,76.266
2019-11-22,64.711
2019-11-23,57.8355
2019-11-24,72.35
2019-11-25,84.0655
2019-11-26,83.5685
2019-11-27,87.2555
2019-11-28,87.7
2019-11-29,91.416
2019-11-30,80.2755
2019-12-01,78.958496
2019-12-02,83.062775
2019-12-03,92.91286
2019-12-04,85.931175
2019-12-05,79.89
2019-12-06,82.0479
2019-12-07,87.3855
2019-12-08,92.568886
2019-12-09,79.851
2019-12-10,92.520004
2019-12-11,84.66611
2019-12-12,89.95556
2019-12-13,83.375496
2019-12-14,91.66572
2019-12-15,83.019
2019-12-16,59.8275
2019-12-17,43.012222
2019-12-18,59.5285
2019-12-19,75.683
2019-12-20,68.570496
2019-12-21,73.1705
2019-12-22,74.7335
2019-12-23,90.07412
2019-12-24,84.817894
2019-12-25,88.556
2019-12-26,84.43
2019-12-27,89.43647
2019-12-28,80.8415
2019-12-29,76.7075
2019-12-30,76.8835
2019-12-31,81.65684
2020-01-01,85.05389
2020-01-02,87.24222
2020-01-03,77.2625
2020-01-04,92.77
2020-01-05,87.03
2020-01-06,64.607
2020-01-07,67.808
2020-01-08,77.2275
2020-01-09,79.966995
2020-01-10,62.102997
2020-01-11,94.229996
2020-01-12,93.24
2020-01-13,89.343
2020-01-14,82.47895
2020-01-15,85.84
2020-01-16,80.014
2020-01-17,82.2015
2020-01-18,85.8795
2020-01-19,90.964165
2020-01-20,94.55333
2020-01-21,77.4945
2020-01-22,70.7905
2020-01-23,61.0715
2020-01-24,62.598
2020-01-25,68.821
2020-01-26,78.5365
2020-01-27,81.7605
2020-01-28,91.486664
2020-01-29,89.174706
2020-01-30,82.89316
2020-01-31,91.8475
2020-02-01,91.0153
2020-02-02,84.541
2020-02-03,81.401
2020-02-04,94.55
2020-02-05,82.514496
2020-02-06,76.2025
2020-02-07,73.0875
2020-02-08,60.3505
2020-02-09,53.5095
2020-02-10,57.3825
2020-02-11,76.367
2020-02-12,62.2175
2020-02-13,75.868
2020-02-14,92.0375
2020-02-15,85.756996
2020-02-16,79.2055
2020-02-17,70.4775
2020-02-18,73.3885
2020-02-19,73.2815
2020-02-20,92.70529
2020-02-21,92.128
2020-02-22,77.506996
2020-02-23,67.721
2020-02-24,72.3815
2020-02-25,65.778496
2020-02-26,83.39158
2020-02-27,80.596
2020-02-28,
2020-02-29,91.06389
2020-03-01,69.881
2020-03-02,76.644
2020-03-03,85.9075
2020-03-04,
2020-03-05,84.4295
2020-03-06,77.578
2020-03-07,91.737495
2020-03-08,91.43941
2020-03-09,90.64895
2020-03-10,85.68
2020-03-11,91.086876
2020-03-12,78.071
2020-03-13,77.3415
2020-03-14,70.823
2020-03-15,48.8475
2020-03-16,72.037
2020-03-17,50.573498
2020-03-18,65.463
2020-03-19,64.863
2020-03-20,60.3815
2020-03-21,77.206
2020-03-22,57.517
2020-03-23,87.113
2020-03-24,62.566498
2020-03-25,47.208496
2020-03-26,48.865997
2020-03-27,55.1865
2020-03-28,57.5185
2020-03-29,59.4235
2020-03-30,81.0915
2020-03-31,55.830498
2020-04-01,53.274998
2020-04-02,65.214
2020-04-03,64.863
2020-04-04,55.929
2020-04-05,47.32
2020-04-06,55.241497
2020-04-07,53.662
2020-04-08,51.588497
2020-04-09,62.232998
2020-04-10,51.976498
2020-04-11,51.7145
2020-04-12,56.1535
2020-04-13,37.2725
2020-04-14,74.8725
2020-04-15,60.996
2020-04-16,61.2435
2020-04-17,54.1735
2020-04-18,46.878498
2020-04-19,55.364998
2020-04-20,58.6375
2020-04-21,65.215
2020-04-22,58.845497
2020-04-23,54.699997
2020-04-24,59.911
2020-04-25,69.7285
2020-04-26,66.679
2020-04-27,67.8515
2020-04-28,57.4155
2020-04-29,77.6605
2020-04-30,91.270996
2020-05-01,92.64286
2020-05-02,93.975
2020-05-03,72.4505
2020-05-04,84.863
2020-05-05,83.46611
2020-05-06,81.8035
2020-05-07,70.7815
2020-05-08,58.622997
2020-05-09,68.2235
2020-05-10,62.06
2020-05-11,51.399998
2020-05-12,82.8315
2020-05-13,65.392
2020-05-14,70.5805
2020-05-15,68.727
2020-05-16,67.441
2020-05-17,90.7025
2020-05-18,72.774
2020-05-19,65.1025
2020-05-20,85.25
2020-05-21,51.7015
2020-05-22,65.035995
2020-05-23,41.498
2020-05-24,90.04895
2020-05-25,77.543495
2020-05-26,80.819496
2020-05-27,84.4265
2020-05-28,86.9455
2020-05-29,69.5865
2020-05-30,81.066
2020-05-31,82.933
2020-06-01,76.0065
2020-06-02,66.0225
2020-06-03,58.842
2020-06-04,80.3085
2020-06-05,59.983498
2020-06-06,73.429
2020-06-07,73.820496
2020-06-08,63.4315
2020-06-09,85.42667
2020-06-10,85.3635
2020-06-11,82.353
2020-06-12,82.866
2020-06-13,84.417
2020-06-14,78.582
2020-06-15,88.490524
2020-06-16,92.891
2020-06-17,91.26428
2020-06-18,88.365265
2020-06-19,88.29
2020-06-20,87.2925
2020-06-21,92.72125
2020-06-22,90.316666
2020-06-23,89.05947
2020-06-24,74.3005
2020-06-25,85.90948
2020-06-26,85.88947
2020-06-27,73.949
2020-06-28,72.0355
2020-06-29,49.066998
2020-06-30,73.4335
2020-07-01,67.6175
2020-07-02,71.4685
2020-07-03,87.62
2020-07-04,84.927
2020-07-05,70.415
2020-07-06,70.0045
2020-07-07,82.3695
2020-07-08,63.525997
2020-07-09,66.954
2020-07-10,61.345497
2020-07-11,43.315998
2020-07-12,83.4
2020-07-13,72.0735
2020-07-14,67.9645
2020-07-15,75.5485
2020-07-16,64.2265
2020-07-17,91.45118
2020-07-18,90.43938
2020-07-19,88.8825
2020-07-20,71.5675
2020-07-21,68.4625
2020-07-22,71.3495
2020-07-23,79.2395
2020-07-24,68.1425
2020-07-25,88.7655
2020-07-26,87.6825
2020-07-27,90.5285
2020-07-28,67.8425
2020-07-29,69.291
2020-07-30,81.612
2020-07-31,64.937
2020-08-01,63.2455
2020-08-02,77.5635
2020-08-03,51.3905
2020-08-04,35.5375
2020-08-05,90.878746
2020-08-06,68.7845
2020-08-07,63.304497
2020-08-08,70.7465
2020-08-09,69.2275
2020-08-10,76.8905
2020-08-11,67.3545
2020-08-12,73.835
2020-08-13,72.5065
2020-08-14,52.192497
2020-08-15,83.764
2020-08-16,70.839
2020-08-17,66.0325
2020-08-18,82.3285
2020-08-19,94.0975
2020-08-20,72.8715
2020-08-21,69.192
2020-08-22,81.3495
2020-08-23,92.07111
2020-08-24,88.1655
2020-08-25,89.5925
2020-08-26,76.905
2020-08-27,64.2835
2020-08-28,76.562
2020-08-29,64.197
2020-08-30,48.0445
2020-08-31,39.306496
2020-09-01,84.432
2020-09-02,85.8675
2020-09-03,84.2675
2020-09-04,63.9105
2020-09-05,58.055
2020-09-06,65.2005
2020-09-07,81.991
2020-09-08,67.583496
2020-09-09,60.217
2020-09-10,59.0715
2020-09-11,64.195
2020-09-12,77.4635
2020-09-13,71.1335
2020-09-14,58.335
2020-09-15,63.007
2020-09-16,67.596
2020-09-17,72.9155
2020-09-18,53.927
2020-09-19,64.172
2020-09-20,68.1095
2020-09-21,73.0395
2020-09-22,80.376
2020-09-23,75.000496
2020-09-24,82.6755
2020-09-25,69.2215
2020-09-26,93.0375
2020-09-27,74.858
2020-09-28,61.847
2020-09-29,92.111
2020-09-30,93.409996
2020-10-01,93.206665
2020-10-02,70.195
2020-10-03,68.4335
2020-10-04,61.115997
2020-10-05,90.54444
2020-10-06,79.9855
2020-10-07,88.673
2020-10-08,88.368
2020-10-09,71.2955
2020-10-10,83.1515
2020-10-11,92.229996
2020-10-12,89.088425
2020-10-13,92.29714
2020-10-14,73.2145
2020-10-15,81.4855
2020-10-16,93.99875
2020-10-17,93.491
2020-10-18,90.278336
2020-10-19,78.974
2020-10-20,73.571
2020-10-21,63.1975
2020-10-22,63.983997
2020-10-23,45.937
2020-10-24,81.571
2020-10-25,94.38333
2020-10-26,93.402
2020-10-27,83.486
2020-10-28,90.739334
2020-10-29,91.409996
2020-10-30,75.824
2020-10-31,87.29737
2020-11-01,51.4895
2020-11-02,72.268
2020-11-03,90.62722
2020-11-04,93.478
2020-11-05,91.76
2020-11-06,78.068
2020-11-07,84.792
2020-11-08,82.898
2020-11-09,84.268
2020-11-10,88.9925
2020-11-11,92.56231
2020-11-12,91.14364
2020-11-13,88.55421
2020-11-14,79.826
2020-11-15,74.9225
2020-11-16,70.5545
2020-11-17,93.31357
2020-11-18,94.055
2020-11-19,72.3915
2020-11-20,90.88353
2020-11-21,85.826996
2020-11-22,91.22357
2020-11-23,86.6035
2020-11-24,83.304
2020-11-25,71.784996
2020-11-26,78.5755
2020-11-27,80.6975
2020-11-28,85.607895
2020-11-29,87.46769
2020-11-30,91.69125
2020-12-01,90.01083
2020-12-02,72.2395
2020-12-03,70.6775
2020-12-04,48.876
2020-12-05,73.1935
2020-12-06,50.067497
2020-12-07,76.263
2020-12-08,70.065
2020-12-09,80.3665
2020-12-10,82.92737
2020-12-11,90.63177
2020-12-12,92.41077
2020-12-13,94.71
2020-12-14,92.276665
2020-12-15,90.12941
2020-12-16,93.15714
2020-12-17,92.24778
2020-12-18,90.50857
2020-12-19,85.9925
2020-12-20,84.128
2020-12-21,71.273
2020-12-22,82.3705
2020-12-23,93.74
2020-12-24,90.06267
2020-12-25,91.123634
2020-12-26,86.367
2020-12-27,92.02071
2020-12-28,68.293495
2020-12-29,61.85
2020-12-30,73.6105
2020-12-31,92.955
2021-01-01,72.2975
2021-01-02,72.154495
2021-01-03,77.8015
2021-01-04,87.66235
2021-01-05,83.801
2021-01-06,76.2675
2021-01-07,78.215
2021-01-08,89.0465
2021-01-09,90.17
2021-01-10,89.40625
2021-01-11,89.110664
2021-01-12,92.04466
2021-01-13,92.04
2021-01-14,89.42846
2021-01-15,86.91631
2021-01-16,80.6835
2021-01-17,82.775
2021-01-18,78.1095
2021-01-19,83.372
2021-01-20,86.83294
2021-01-21,78.424736
2021-01-22,89.76667
2021-01-23,69.270996
2021-01-24,73.891
2021-01-25,89.06
2021-01-26,93.514
2021-01-27,88.67111
2021-01-28,72.4375
2021-01-29,82.64158
2021-01-30,87.155
2021-01-31,78.7715
2021-02-01,91.66125
2021-02-02,92.7675
2021-02-03,87.85368
2021-02-04,83.02052
2021-02-05,75.635
2021-02-06,66.581
2021-02-07,75.0765
2021-02-08,86.52737
2021-02-09,84.585266
2021-02-10,82.1095
2021-02-11,92.35875
2021-02-12,76.211
2021-02-13,82.0335
2021-02-14,87.01842
2021-02-15,77.9615
2021-02-16,88.07222
2021-02-17,80.226
2021-02-18,88.96562
2021-02-19,78.194496
2021-02-20,91.2
2021-02-21,73.476
2021-02-22,75.0335
2021-02-23,55.3195
2021-02-24,75.18
2021-02-25,70.217995
2021-02-26,76.918
2021-02-27,77.744995
2021-02-28,73.7065
2021-03-01,78.5075
2021-03-02,77.868
2021-03-03,76.6485
2021-03-04,62.18
2021-03-05,60.871
2021-03-06,67.911
2021-03-07,51.9015
2021-03-08,53.571
2021-03-09,69.1425
2021-03-10,91.488
2021-03-11,78.984
2021-03-12,84.804
2021-03-13,73.0365
2021-03-14,73.5205
2021-03-15,92.34534
2021-03-16,70.889496
2021-03-17,77.489
2021-03-18,87.52684
2021-03-19,75.3075
2021-03-20,81.8415
2021-03-21,90.66052
2021-03-22,87.3165
2021-03-23,71.540504
2021-03-24,65.293
2021-03-25,68.918
2021-03-26,57.8765
2021-03-27,58.869
2021-03-28,58.2775
2021-03-29,38.528
2021-03-30,71.282
2021-03-31,62.802002
2021-04-01,65.305
2021-04-02,77.555
2021-04-03,89.6375
2021-04-04,89.98889
2021-04-05,75.8295
2021-04-06,83.591995
2021-04-07,69.890495
2021-04-08,69.715
2021-04-09,69.1665
2021-04-10,48.970497
2021-04-11,55.8815
2021-04-12,42.0075
2021-04-13,88.20789
2021-04-14,88.4745
2021-04-15,91.64445
2021-04-16,79.852
2021-04-17,88.271576
2021-04-18,87.6085
2021-04-19,81.1845
2021-04-20,78.7685
2021-04-21,83.9835
2021-04-22,65.3555
2021-04-23,69.395
2021-04-24,58.067497
2021-04-25,56.816498
2021-04-26,48.984
2021-04-27,63.495
2021-04-28,67.337
2021-04-29,68.972
2021-04-30,74.2485
2021-05-01,71.144
2021-05-02,70.390495
2021-05-03,65.7115
2021-05-04,57.152
2021-05-05,47.7315
2021-05-06,58.5915
2021-05-07,62.274498
2021-05-08,73.5905
2021-05-09,51.1465
2021-05-10,50.4435
2021-05-11,50.7115
2021-05-12,63.9805
2021-05-13,84.1005
2021-05-14,85.5685
2021-05-15,72.5385
2021-05-16,89.233
2021-05-17,82.61
2021-05-18,90.655624
2021-05-19,71.5545
2021-05-20,87.2995
2021-05-21,71.625
2021-05-22,71.981
2021-05-23,69.7895
2021-05-24,73.3855
2021-05-25,78.071
2021-05-26,65.576996
2021-05-27,75.0585
2021-05-28,81.485
2021-05-29,82.476
2021-05-30,88.87334
2021-05-31,88.609474
2021-06-01,87.473
2021-06-02,72.1805
2021-06-03,60.507
2021-06-04,53.2945
2021-06-05,74.286995
2021-06-06,72.570496
2021-06-07,72.92
2021-06-08,65.4465
2021-06-09,66.557
2021-06-10,71.765
2021-06-11,73.4255
2021-06-12,65.4085
2021-06-13,83.769
2021-06-14,75.986
2021-06-15,72.5045
2021-06-16,65.9705
2021-06-17,59.3935
2021-06-18,60.04
2021-06-19,77.351
2021-06-20,62.186
2021-06-21,72.02
2021-06-22,71.899
2021-06-23,65.24
2021-06-24,70.162994
2021-06-25,61.917
2021-06-26,83.037
2021-06-27,67.697
2021-06-28,62.8695
2021-06-29,65.958496
2021-06-30,68.751
2021-07-01,74.7315
2021-07-02,80.9015
2021-07-03,82.023
2021-07-04,76.569
2021-07-05,55.9665
2021-07-06,46.289997
2021-07-07,49.1555
2021-07-08,49.281998
2021-07-09,28.499998
2021-07-10,60.447998
2021-07-11,46.858498
2021-07-12,33.3005
2021-07-13,49.1275
2021-07-14,39.164497
2021-07-15,71.108
2021-07-16,91.261
2021-07-17,80.5045
2021-07-18,75.8295
2021-07-19,84.572
2021-07-20,89.9895
2021-07-21,75.329
2021-07-22,64.695496
2021-07-23,64.083496
2021-07-24,58.827
2021-07-25,58.635498
2021-07-26,60.0575
2021-07-27,61.406498
2021-07-28,56.596
2021-07-29,62.3505
2021-07-30,46.5775
2021-07-31,67.919
2021-08-01,62.4885
2021-08-02,68.833496
2021-08-03,64.326996
2021-08-04,62.881
2021-08-05,55.066998
2021-08-06,66.427
2021-08-07,44.358498
2021-08-08,54.9515
2021-08-09,55.394
2021-08-10,58.762497
2021-08-11,46.733498
2021-08-12,44.461998
2021-08-13,53.771
2021-08-14,53.6585
2021-08-15,51.8355
2021-08-16,58.0045
2021-08-17,66.263
2021-08-18,65.826996
2021-08-19,50.2455
2021-08-20,59.4905
2021-08-21,59.895
2021-08-22,68.027
2021-08-23,42.346497
2021-08-24,85.493996
2021-08-25,90.656
2021-08-26,74.582
2021-08-27,82.851
2021-08-28,77.2845
2021-08-29,89.98444
2021-08-30,84.9475
2021-08-31,79.392
2021-09-01,86.99526
2021-09-02,78.673
2021-09-03,74.7895
2021-09-04,70.72
2021-09-05,66.65
2021-09-06,71.3935
2021-09-07,71.5515
2021-09-08,65.751
2021-09-09,71.6335
2021-09-10,81.8565
2021-09-11,71.0815
2021-09-12,61.3885
2021-09-13,64.998
2021-09-14,61.649498
2021-09-15,62.831
2021-09-16,62.9865
2021-09-17,65.8005
2021-09-18,89.18389
2021-09-19,91.56353
2021-09-20,88.416664
2021-09-21,84.562
2021-09-22,89.21421
2021-09-23,74.015495
2021-09-24,65.95
2021-09-25,73.709496
2021-09-26,61.4335
2021-09-27,34.783497
2021-09-28,89.05789
2021-09-29,80.9155
2021-09-30,83.72
2021-10-01,85.919
2021-10-02,85.478
2021-10-03,79.924995
2021-10-04,63.398
2021-10-05,51.999
2021-10-06,36.353497
2021-10-07,49.121
2021-10-08,75.415
2021-10-09,91.61909
2021-10-10,71.045
2021-10-11,85.082504
2021-10-12,92.71
2021-10-13,91.59
2021-10-14,92.16
2021-10-15,93.520004
2021-10-16,94.34572
2021-10-17,87.098946
2021-10-18,80.63
2021-10-19,65.996
2021-10-20,79.3455
2021-10-21,80.271996
2021-10-22,56.951996
2021-10-23,90.401
2021-10-24,76.044
2021-10-25,70.416
2021-10-26,57.031498
2021-10-27,64.475
2021-10-28,72.2895
2021-10-29,56.5225
2021-10-30,66.638
2021-10-31,77.46
2021-11-01,86.12944
2021-11-02,84.5755
2021-11-03,79.1475
2021-11-04,59.553997
2021-11-05,90.813126
2021-11-06,90.21526
2021-11-07,92.43636
2021-11-08,94.817505
2021-11-09,93.205
2021-11-10,81.2655
2021-11-11,85.19334
2021-11-12,74.169
2021-11-13,70.2865
2021-11-14,75.27
2021-11-15,76.8125
2021-11-16,75.4925
2021-11-17,89.56
2021-11-18,
2021-11-19,91.5925
2021-11-20,89.932724
2021-11-21,72.306496
2021-11-22,75.6165
2021-11-23,90.63214
2021-11-24,90.26466
2021-11-25,67.778496
2021-11-26,63.771
2021-11-27,77.5745
2021-11-28,65.924
2021-11-29,92.57
2021-11-30,91.101425
2021-12-01,83.763504
2021-12-02,69.5695
2021-12-03,90.99375
2021-12-04,92.82
2021-12-05,84.3545
2021-12-06,92.71
2021-12-07,92.64
2021-12-08,82.6185
2021-12-09,73.368
2021-12-10,92.71643
2021-12-11,94.24
2021-12-12,
2021-12-13,92.3025
2021-12-14,80.466
2021-12-15,82.49368
2021-12-16,93.215
2021-12-17,89.84529
2021-12-18,80.317
2021-12-19,87.39562
2021-12-20,72.5235
2021-12-21,71.4945
2021-12-22,77.069
2021-12-23,64.501
2021-12-24,75.215
2021-12-25,82.81158
2021-12-26,76.8015
2021-12-27,92.98143
2021-12-28,92.655
2021-12-29,93.003334
2021-12-30,90.23572
2021-12-31,91.7025
2022-01-01,91.88333
2022-01-02,93.401665
2022-01-03,91.56143
2022-01-04,89.068665
2022-01-05,
2022-01-06,93.975
2022-01-07,90.213844
2022-01-08,
2022-01-09,94.71
2022-01-10,93.30334
2022-01-11,77.917
2022-01-12,79.2545
2022-01-13,89.99
2022-01-14,
2022-01-15,94.455
2022-01-16,93.75
2022-01-17,93.71
2022-01-18,71.318
2022-01-19,81.7185
2022-01-20,84.93895
2022-01-21,85.37369
2022-01-22,81.1355
2022-01-23,58.716
2022-01-24,55.552498
2022-01-25,74.704
2022-01-26,88.1005
2022-01-27,92.851425
2022-01-28,90.56353
2022-01-29,73.6475
2022-01-30,88.16947
2022-01-31,72.447495
2022-02-01,89.07632
2022-02-02,93.994995
2022-02-03,90.51211
2022-02-04,76.446
2022-02-05,77.0055
2022-02-06,83.8365
2022-02-07,90.1385
2022-02-08,76.352
2022-02-09,84.3395
2022-02-10,92.43833
2022-02-11,84.7035
2022-02-12,65.516
2022-02-13,71.876495
2022-02-14,76.413
2022-02-15,94.71
2022-02-16,
2022-02-17,94.2
2022-02-18,63.0995
2022-02-19,70.583
2022-02-20,67.631996
2022-02-21,84.03
2022-02-22,94.11
2022-02-23,91.546875
2022-02-24,85.443
2022-02-25,60.808
2022-02-26,46.274
2022-02-27,54.3945
2022-02-28,43.2385
2022-03-01,76.0715
2022-03-02,79.104
2022-03-03,51.786
2022-03-04,58.599
2022-03-05,81.07737
2022-03-06,69.319496
2022-03-07,75.955
2022-03-08,80.0325
2022-03-09,78.681
2022-03-10,67.642
2022-03-11,41.274498
2022-03-12,59.382
2022-03-13,53.0435
2022-03-14,62.3875
2022-03-15,49.718
2022-03-16,79.548996
2022-03-17,83.07684
2022-03-18,77.879
2022-03-19,50.8905
2022-03-20,65.791
2022-03-21,54.09
2022-03-22,33.341496
2022-03-23,43.741997
2022-03-24,44.836998
2022-03-25,51.179
2022-03-26,57.0765
2022-03-27,39.651997
2022-03-28,42.2595
2022-03-29,50.0535
2022-03-30,87.888
2022-03-31,90.03715
2022-04-01,93.475
2022-04-02,86.88737
2022-04-03,80.6635
2022-04-04,80.7655
2022-04-05,88.022
2022-04-06,72.528
2022-04-07,91.83583
2022-04-08,78.7215
2022-04-09,89.82263
2022-04-10,57.998497
2022-04-11,62.1715
2022-04-12,49.9745
2022-04-13,59.26
2022-04-14,47.861
2022-04-15,42.085
2022-04-16,81.602
2022-04-17,61.859
2022-04-18,72.187
2022-04-19,56.3885
2022-04-20,67.0245
2022-04-21,74.8805
2022-04-22,72.407
2022-04-23,94.71
2022-04-24,92.94
2022-04-25,71.637
2022-04-26,76.6085
2022-04-27,48.0585
2022-04-28,89.746
2022-04-29,72.3965
2022-04-30,69.645996
2022-05-01,64.6765
2022-05-02,63.42
2022-05-03,66.4675
2022-05-04,59.46
2022-05-05,55.789497
2022-05-06,52.925
2022-05-07,76.963
2022-05-08,71.233
2022-05-09,60.789497
2022-05-10,57.4335
2022-05-11,62.3075
2022-05-12,58.733498
2022-05-13,66.9265
2022-05-14,74.155
2022-05-15,68.396
2022-05-16,69.067
2022-05-17,76.8765
2022-05-18,63.4605
2022-05-19,72.542496
2022-05-20,42.354
2022-05-21,35.271
2022-05-22,49.449497
2022-05-23,79.259
2022-05-24,76.4605
2022-05-25,56.184998
2022-05-26,74.688995
2022-05-27,66.3395
2022-05-28,71.323
2022-05-29,82.8955
2022-05-30,58.104
2022-05-31,70.367
2022-06-01,82.267
2022-06-02,71.1585
2022-06-03,66.6475
2022-06-04,90.29
2022-06-05,80.1785
2022-06-06,65.183
2022-06-07,74.5355
2022-06-08,26.377892
2022-06-09,54.1725
2022-06-10,72.9535
2022-06-11,84.5655
2022-06-12,68.734
2022-06-13,50.419
2022-06-14,59.170498
2022-06-15,55.082497
2022-06-16,45.6525
2022-06-17,45.9925
2022-06-18,65.658
2022-06-19,78.761
2022-06-20,69.935
2022-06-21,61.06
2022-06-22,63.8155
2022-06-23,42.753998
2022-06-24,60.8725
2022-06-25,57.557
2022-06-26,76.399
2022-06-27,64.78
2022-06-28,62.7945
2022-06-29,76.0335
2022-06-30,72.3605
2022-07-01,74.0935
2022-07-02,73.6785
2022-07-03,70.8035
2022-07-04,63.3015
2022-07-05,16.088568
2022-07-06,83.1285
2022-07-07,58.634
2022-07-08,63.8415
2022-07-09,74.9495
2022-07-10,73.6485
2022-07-11,79.675995
2022-07-12,77.975
2022-07-13,60.9335
2022-07-14,58.356
2022-07-15,65.0495
2022-07-16,55.871998
2022-07-17,74.458
2022-07-18,51.7385
2022-07-19,68.236496
2022-07-20,50.3695
2022-07-21,49.098
2022-07-22,43.594498
2022-07-23,40.6
2022-07-24,71.4845
2022-07-25,72.444496
2022-07-26,41.139
2022-07-27,62.076
2022-07-28,72.1225
2022-07-29,68.2265
2022-07-30,65.656
2022-07-31,89.75684
2022-08-01,83.419
2022-08-02,71.388
2022-08-03,69.3305
2022-08-04,59.789497
2022-08-05,61.507
2022-08-06,59.661
2022-08-07,70.76
2022-08-08,65.1495
2022-08-09,67.6475
2022-08-10,62.267998
2022-08-11,64.2165
2022-08-12,80.0385
2022-08-13,66.065
2022-08-14,79.0775
2022-08-15,82.256
2022-08-16,83.6605
2022-08-17,78.7245
2022-08-18,83.236
2022-08-19,65.8605
2022-08-20,60.307
2022-08-21,80.2625
2022-08-22,77.002495
2022-08-23,74.4825
2022-08-24,76.01
2022-08-25,58.274498
2022-08-26,67.6985
2022-08-27,61.46
2022-08-28,44.684498
2022-08-29,85.203
2022-08-30,76.687996
2022-08-31,78.772995
2022-09-01,67.729996
2022-09-02,
2022-09-03,92.63
2022-09-04,80.7895
2022-09-05,74.682
2022-09-06,57.613
2022-09-07,80.0905
2022-09-08,86.340004
2022-09-09,
2022-09-10,92.445
2022-09-11,89.987366
2022-09-12,64.8555
2022-09-13,62.309998
2022-09-14,73.230995
2022-09-15,74.582
2022-09-16,76.7025
2022-09-17,90.88684
2022-09-18,81.068
2022-09-19,81.031
2022-09-20,88.36316
2022-09-21,89.861664
2022-09-22,78.0965
2022-09-23,84.613
2022-09-24,82.52
2022-09-25,51.790497
2022-09-26,93.384544
2022-09-27,88.4395
2022-09-28,76.8925
2022-09-29,90.55111
2022-09-30,90.725296
2022-10-01,89.4705
2022-10-02,74.3865
2022-10-03,80.1
2022-10-04,79.255
2022-10-05,79.507996
2022-10-06,68.8715
2022-10-07,70.3645
2022-10-08,55.381
2022-10-09,86.47
2022-10-10,90.780556
2022-10-11,83.0605
2022-10-12,77.169495
2022-10-13,78.1585
2022-10-14,88.433685
2022-10-15,90.13158
2022-10-16,77.8035
2022-10-17,87.00316
2022-10-18,78.3145
2022-10-19,85.6305
2022-10-20,82.6715
2022-10-21,82.17316
2022-10-22,77.1125
2022-10-23,92.17267
2022-10-24,80.095
2022-10-25,94.24
2022-10-26,89.876114
2022-10-27,84.4015
2022-10-28,83.7485
2022-10-29,87.499
2022-10-30,79.1675
2022-10-31,51.149498
2022-11-01,54.6245
2022-11-02,90.58625
2022-11-03,93.04
2022-11-04,80.7495
2022-11-05,92.8
2022-11-06,91.9747
2022-11-07,
2022-11-08,93.201996
2022-11-09,84.35764
2022-11-10,91.220665
2022-11-11,77.253
2022-11-12,67.261
2022-11-13,75.3825
2022-11-14,70.37
2022-11-15,87.00579
2022-11-16,
2022-11-17,90.08211
2022-11-18,86.96167
2022-11-19,72.8535
2022-11-20,89.24333
2022-11-21,85.845
2022-11-22,86.0035
2022-11-23,74.9555
2022-11-24,92.83727
2022-11-25,78.807
2022-11-26,91.51
2022-11-27,85.85611
2022-11-28,90.990906
2022-11-29,92.53
2022-11-30,85.4705
2022-12-01,89.15375
2022-12-02,79.293
2022-12-03,76.334496
2022-12-04,82.5475
2022-12-05,81.629
2022-12-06,76.31
2022-12-07,80.9365
2022-12-08,82.731995
2022-12-09,87.27947
2022-12-10,94.935
2022-12-11,84.16263
2022-12-12,83.793
2022-12-13,86.01211
2022-12-14,85.3765
2022-12-15,89.06263
2022-12-16,92.78625
2022-12-17,92.28562
2022-12-18,83.373
2022-12-19,75.34
2022-12-20,55.128
2022-12-21,59.771
2022-12-22,70.295
2022-12-23,93.75
2022-12-24,92.975
2022-12-25,92.67
2022-12-26,83.2979
2022-12-27,84.07158
2022-12-28,92.05615
2022-12-29,69.515495
2022-12-30,81.045
2022-12-31,91.674446
2023-01-01,88.02375
2023-01-02,80.5685
2023-01-03,94.24
2023-01-04,91.48286
2023-01-05,87.19833
2023-01-06,83.8385
2023-01-07,89.045715
2023-01-08,88.319
2023-01-09,73.9775
2023-01-10,91.06
2023-01-11,92.115
2023-01-12,
2023-01-13,92.07867
2023-01-14,95.16
2023-01-15,82.9555
2023-01-16,88.9
2023-01-17,86.5415
2023-01-18,72.901
2023-01-19,90.94235
2023-01-20,
2023-01-21,89.757774
2023-01-22,84.843
2023-01-23,80.6405
2023-01-24,88.45177
2023-01-25,83.0645
2023-01-26,84.79211
2023-01-27,84.098
2023-01-28,79.6845
2023-01-29,77.572495
2023-01-30,74.9215
2023-01-31,82.989
2023-02-01,85.8375
2023-02-02,84.56833
2023-02-03,78.7335
2023-02-04,87.577774
2023-02-05,79.972496
2023-02-06,77.303
2023-02-07,74.2945
2023-02-08,64.644
2023-02-09,83.0
2023-02-10,84.678
2023-02-11,90.13084
2023-02-12,91.36769
2023-02-13,91.81917
2023-02-14,81.212
2023-02-15,77.002106
2023-02-16,70.9325
2023-02-17,93.56143
2023-02-18,91.20588
2023-02-19,93.085556
2023-02-20,80.3445
2023-02-21,85.1055
2023-02-22,79.1365
2023-02-23,90.40813
2023-02-24,94.37334
2023-02-25,93.79858
2023-02-26,86.9565
2023-02-27,85.02947
2023-02-28,93.55333
2023-03-01,57.927998
2023-03-02,79.8405
2023-03-03,69.7575
2023-03-04,86.9735
2023-03-05,83.444496
2023-03-06,78.729996
2023-03-07,77.4525
2023-03-08,82.7875
2023-03-09,93.37
2023-03-10,93.426
2023-03-11,89.48688
2023-03-12,82.389
2023-03-13,45.5645
2023-03-14,58.6255
2023-03-15,93.7175
2023-03-16,52.767
2023-03-17,71.1515
2023-03-18,72.8635
2023-03-19,63.2855
2023-03-20,62.6115
2023-03-21,87.5495
2023-03-22,70.252495
2023-03-23,81.2525
2023-03-24,65.533
2023-03-25,73.932
2023-03-26,72.811
2023-03-27,91.59812
2023-03-28,59.702
2023-03-29,66.0615
2023-03-30,64.414
2023-03-31,93.01
2023-04-01,89.75895
2023-04-02,79.8015
2023-04-03,93.306
2023-04-04,84.649
2023-04-05,71.239
2023-04-06,
2023-04-07,91.054665
2023-04-08,79.149
2023-04-09,77.1365
2023-04-10,93.75
2023-04-11,72.8665
2023-04-12,89.4375
2023-04-13,75.1215
2023-04-14,57.697998
2023-04-15,48.669
2023-04-16,48.7715
2023-04-17,86.621
2023-04-18,60.715
2023-04-19,53.1065
2023-04-20,74.109
2023-04-21,66.4575
2023-04-22,61.5345
2023-04-23,82.202995
2023-04-24,77.268
2023-04-25,
2023-04-26,90.717224
2023-04-27,80.1015
2023-04-28,72.406
2023-04-29,33.19052
2023-04-30,76.0595
2023-05-01,63.919
2023-05-02,45.344997
2023-05-03,56.78
2023-05-04,71.5025
2023-05-05,70.7045
2023-05-06,65.5765
2023-05-07,77.9605
2023-05-08,81.6495
2023-05-09,80.237
2023-05-10,76.4545
2023-05-11,66.2135
2023-05-12,34.566498
2023-05-13,71.222
2023-05-14,55.246998
2023-05-15,92.83
2023-05-16,82.8515
2023-05-17,75.108
2023-05-18,92.62333
2023-05-19,86.262
2023-05-20,74.4115
2023-05-21,69.034
2023-05-22,63.454998
2023-05-23,66.5795
2023-05-24,93.673996
2023-05-25,77.03
2023-05-26,76.33
2023-05-27,79.2075
2023-05-28,71.045
2023-05-29,82.111
2023-05-30,83.798996
2023-05-31,73.8795
2023-06-01,63.163498
2023-06-02,72.28
2023-06-03,62.726498
2023-06-04,57.538
2023-06-05,80.153496
2023-06-06,88.566
2023-06-07,90.945
2023-06-08,72.812996
2023-06-09,78.5895
2023-06-10,81.177
2023-06-11,60.579998
2023-06-12,71.388
2023-06-13,87.4835
2023-06-14,71.348495
2023-06-15,81.3735
2023-06-16,
2023-06-17,93.60167
2023-06-18,74.8735
2023-06-19,66.833496
2023-06-20,65.7595
2023-06-21,46.553497
2023-06-22,77.0625
2023-06-23,67.017
2023-06-24,78.7305
2023-06-25,79.505
2023-06-26,76.2525
2023-06-27,82.655266
2023-06-28,71.432
2023-06-29,74.462
2023-06-30,79.5825
2023-07-01,65.423
2023-07-02,85.351
2023-07-03,79.5235
2023-07-04,85.6425
2023-07-05,70.371
2023-07-06,83.506996
2023-07-07,76.324
2023-07-08,67.555
2023-07-09,66.386
2023-07-10,49.1415
2023-07-11,63.21
2023-07-12,83.4425
2023-07-13,84.6805
2023-07-14,76.2765
2023-07-15,40.231
2023-07-16,40.267998
2023-07-17,62.378498
2023-07-18,74.2655
2023-07-19,72.25
2023-07-20,79.128
2023-07-21,66.368996
2023-07-22,76.044
2023-07-23,67.2435
2023-07-24,55.32
2023-07-25,52.957
2023-07-26,77.6075
2023-07-27,69.1195
2023-07-28,67.6565
2023-07-29,76.114
2023-07-30,68.9935
2023-07-31,85.6455
2023-08-01,57.165
2023-08-02,86.475
2023-08-03,87.41684
2023-08-04,54.649498
2023-08-05,63.7285
2023-08-06,72.586
2023-08-07,62.616
2023-08-08,85.0155
2023-08-09,61.703
2023-08-10,80.973
2023-08-11,91.161575
2023-08-12,71.988495
2023-08-13,61.368
2023-08-14,69.306
2023-08-15,77.083
2023-08-16,82.198
2023-08-17,71.6565
2023-08-18,72.878
2023-08-19,67.7335
2023-08-20,72.5525
2023-08-21,73.1775
2023-08-22,72.582
2023-08-23,88.065
2023-08-24,87.899
2023-08-25,75.1315
2023-08-26,57.7085
2023-08-27,74.115
2023-08-28,76.106
2023-08-29,40.9665
2023-08-30,70.087
2023-08-31,88.5805
2023-09-01,76.057495
2023-09-02,65.9025
2023-09-03,88.62444
2023-09-04,68.7735
2023-09-05,72.817
2023-09-06,77.369995
2023-09-07,70.3765
2023-09-08,63.23
2023-09-09,65.4685
2023-09-10,67.619995
2023-09-11,70.7435
2023-09-12,63.094997
2023-09-13,50.114
2023-09-14,88.0465
2023-09-15,85.766
2023-09-16,77.181496
2023-09-17,85.6305
2023-09-18,70.6775
2023-09-19,71.4605
2023-09-20,85.665
2023-09-21,85.377
2023-09-22,78.4785
2023-09-23,52.544
2023-09-24,90.594666
2023-09-25,82.972
2023-09-26,66.3655
2023-09-27,61.542
2023-09-28,68.558
2023-09-29,83.9845
2023-09-30,71.821
2023-10-01,63.3345
2023-10-02,67.7325
2023-10-03,62.187
2023-10-04,70.9695
2023-10-05,80.103
2023-10-06,76.8275
2023-10-07,71.951996
2023-10-08,51.376
2023-10-09,76.432495
2023-10-10,48.8055
2023-10-11,74.951996
2023-10-12,49.5905
2023-10-13,72.6375
2023-10-14,51.7585
2023-10-15,91.09077
2023-10-16,84.02842
2023-10-17,85.04158
2023-10-18,87.153
2023-10-19,94.2
2023-10-20,86.93
2023-10-21,43.157997
2023-10-22,48.167
2023-10-23,72.481995
2023-10-24,77.8775
2023-10-25,90.61895
2023-10-26,88.36211
2023-10-27,86.16947
2023-10-28,86.399
2023-10-29,84.237
2023-10-30,78.5745
2023-10-31,75.714
2023-11-01,87.2579
2023-11-02,82.848
2023-11-03,75.939995
2023-11-04,92.807495
2023-11-05,85.13263
2023-11-06,71.199
2023-11-07,82.915
2023-11-08,
2023-11-09,82.52
2023-11-10,51.0645
2023-11-11,91.676
2023-11-12,85.179
2023-11-13,85.5585
2023-11-14,91.436874
2023-11-15,91.9975
2023-11-16,71.8265
2023-11-17,89.5575
2023-11-18,83.42
2023-11-19,81.958496
2023-11-20,87.93353
2023-11-21,93.153336
2023-11-22,87.814445
2023-11-23,87.75684
2023-11-24,81.78
2023-11-25,86.03474
2023-11-26,76.988495
2023-11-27,89.144
2023-11-28,81.379
2023-11-29,76.480995
2023-11-30,79.093
2023-12-01,90.914
2023-12-02,93.07889
2023-12-03,90.691536
2023-12-04,84.7315
2023-12-05,67.4775
2023-12-06,45.670998
2023-12-07,90.402
2023-12-08,82.579
2023-12-09,83.105
2023-12-10,69.34499
2023-12-11,89.111115
2023-12-12,90.634
2023-12-13,87.96667
2023-12-14,91.27333
2023-12-15,82.0385
2023-12-16,75.9155
2023-12-17,92.845
2023-12-18,92.175
2023-12-19,85.36
2023-12-20,82.1
2023-12-21,84.750496
2023-12-22,81.935
2023-12-23,44.2425
2023-12-24,81.667
2023-12-25,58.114998
2023-12-26,72.0865
2023-12-27,81.582
2023-12-28,57.182
2023-12-29,81.7385
2023-12-30,86.3755
2023-12-31,87.56579
2024-01-01,73.8005
2024-01-02,79.1855
2024-01-03,91.732
2024-01-04,84.0305
2024-01-05,78.23789
2024-01-06,75.2275
2024-01-07,67.6845
2024-01-08,65.9835
2024-01-09,72.182495
2024-01-10,87.82066
2024-01-11,92.35
2024-01-12,82.2
2024-01-13,79.645996
2024-01-14,75.276
2024-01-15,76.856
2024-01-16,46.7865
2024-01-17,70.2735
2024-01-18,88.88647
2024-01-19,83.9921
2024-01-20,87.1755
2024-01-21,91.44
2024-01-22,92.866
2024-01-23,81.171
2024-01-24,92.615
2024-01-25,91.39
2024-01-26,55.474
2024-01-27,60.1415
2024-01-28,35.0845
2024-01-29,61.719498
2024-01-30,77.625786
2024-01-31,89.217
2024-02-01,92.315
2024-02-02,93.71
2024-02-03,88.788666
2024-02-04,79.585
2024-02-05,85.329
2024-02-06,67.117
2024-02-07,75.2725
2024-02-08,83.7115
2024-02-09,76.6355
2024-02-10,90.64667
2024-02-11,58.495
2024-02-12,87.531
2024-02-13,64.3455
2024-02-14,49.67
2024-02-15,71.7665
2024-02-16,62.052998
2024-02-17,64.538
2024-02-18,78.432
2024-02-19,55.7985
2024-02-20,94.455
2024-02-21,88.0955
2024-02-22,69.8975
2024-02-23,81.805
2024-02-24,85.552
2024-02-25,94.7
2024-02-26,81.83894
2024-02-27,41.963997
2024-02-28,36.71368
2024-02-29,60.8715
2024-03-01,72.4825
2024-03-02,51.418
2024-03-03,86.409
2024-03-04,81.4515
2024-03-05,75.2915
2024-03-06,94.0925
2024-03-07,87.4935
2024-03-08,81.2295
2024-03-09,85.8715
2024-03-10,78.6615
2024-03-11,45.641
2024-03-12,42.3435
2024-03-13,76.9475
2024-03-14,77.6325
2024-03-15,70.934494
2024-03-16,89.747894
2024-03-17,94.582504
2024-03-18,84.4805
2024-03-19,53.677998
2024-03-20,64.517
2024-03-21,61.092
2024-03-22,67.6605
2024-03-23,66.0115
2024-03-24,81.762
2024-03-25,75.674995
2024-03-26,67.4345
2024-03-27,64.7775
2024-03-28,86.2535
2024-03-29,58.3835
2024-03-30,66.382996
2024-03-31,51.220497
2024-04-01,54.788998
2024-04-02,83.61
2024-04-03,72.584496
2024-04-04,67.792
2024-04-05,75.7395
2024-04-06,70.308
2024-04-07,64.5235
2024-04-08,63.7875
2024-04-09,69.126495
2024-04-10,82.262
2024-04-11,84.6155
2024-04-12,74.7145
2024-04-13,67.1445
2024-04-14,71.250496
2024-04-15,75.1525
2024-04-16,91.403336
2024-04-17,79.73
2024-04-18,81.244
2024-04-19,87.677895
2024-04-20,57.9105
2024-04-21,81.2465
2024-04-22,92.68615
2024-04-23,86.5935
2024-04-24,87.5225
2024-04-25,83.6595
2024-04-26,73.639
2024-04-27,53.253
2024-04-28,52.8755
2024-04-29,43.0705
2024-04-30,26.733496
2024-05-01,39.108997
2024-05-02,32.789997
2024-05-03,44.650497
2024-05-04,58.094997
2024-05-05,62.484497
2024-05-06,61.991
2024-05-07,83.923996
2024-05-08,88.081
2024-05-09,84.686
2024-05-10,72.4555
2024-05-11,64.1975
2024-05-12,53.076
2024-05-13,62.3355
2024-05-14,59.737
2024-05-15,76.545
2024-05-16,55.3185
2024-05-17,68.270996
2024-05-18,84.3015
2024-05-19,73.4235
2024-05-20,65.507996
2024-05-21,60.013
2024-05-22,83.4405
2024-05-23,90.222
2024-05-24,67.825
2024-05-25,67.494
2024-05-26,40.797997
2024-05-27,47.413
2024-05-28,86.3215
2024-05-29,70.101
2024-05-30,82.36474
2024-05-31,78.131
2024-06-01,84.2615
2024-06-02,56.4855
2024-06-03,77.485
2024-06-04,80.500496
2024-06-05,79.2095
2024-06-06,63.317497
2024-06-07,68.590996
2024-06-08,72.377
2024-06-09,90.11278
2024-06-10,87.53167
2024-06-11,
2024-06-12,78.569
2024-06-13,88.381996
2024-06-14,89.2135
2024-06-15,77.072
2024-06-16,70.7265
2024-06-17,76.636
2024-06-18,56.3555
2024-06-19,39.9605
2024-06-20,44.234997
2024-06-21,47.600998
2024-06-22,58.024998
2024-06-23,78.1475
2024-06-24,41.497997
2024-06-25,72.35
2024-06-26,65.289
2024-06-27,75.8165
2024-06-28,81.5495
2024-06-29,74.066
2024-06-30,77.0045
2024-07-01,41.3695
2024-07-02,92.918335
2024-07-03,74.125496
2024-07-04,60.9645
2024-07-05,80.112
2024-07-06,73.362
2024-07-07,54.3485
2024-07-08,74.184
2024-07-09,63.72
2024-07-10,54.3465
2024-07-11,42.747997
2024-07-12,49.066498
2024-07-13,27.724497
2024-07-14,57.0235
2024-07-15,66.327995
2024-07-16,46.539997
2024-07-17,71.2255
2024-07-18,80.316
2024-07-19,64.7975
2024-07-20,44.2445
2024-07-21,82.418495
2024-07-22,70.5475
2024-07-23,75.4785
2024-07-24,76.1235
2024-07-25,63.7715
2024-07-26,56.842
2024-07-27,74.2445
2024-07-28,46.2565
2024-07-29,50.821
2024-07-30,53.288
2024-07-31,51.471
2024-08-01,47.470997
2024-08-02,50.142
2024-08-03,90.281
2024-08-04,59.9795
2024-08-05,70.9695
2024-08-06,84.64
2024-08-07,63.918
2024-08-08,37.002495
2024-08-09,66.622
2024-08-10,68.019
2024-08-11,70.012
2024-08-12,65.3035
2024-08-13,58.434
2024-08-14,49.031498
2024-08-15,35.146996
2024-08-16,56.919
2024-08-17,62.73
2024-08-18,70.4405
2024-08-19,48.003998
2024-08-20,49.92
2024-08-21,62.678497
2024-08-22,72.621
2024-08-23,62.768497
2024-08-24,66.0395
2024-08-25,64.44
2024-08-26,63.021
2024-08-27,71.029
2024-08-28,58.861
2024-08-29,52.955997
2024-08-30,36.784496
2024-08-31,44.131
2024-09-01,49.197
2024-09-02,66.854996
2024-09-03,54.545998
2024-09-04,44.101997
2024-09-05,58.546997
2024-09-06,62.4475
2024-09-07,46.658497
2024-09-08,43.6525
2024-09-09,12.263326
2024-09-10,94.455
2024-09-11,
2024-09-12,67.876
2024-09-13,71.767
2024-09-14,89.29895
2024-09-15,84.5955
2024-09-16,91.98909
2024-09-17,83.167
2024-09-18,56.5065
2024-09-19,55.635998
2024-09-20,40.372498
2024-09-21,48.187
2024-09-22,75.2435
2024-09-23,69.0855
2024-09-24,54.8355
2024-09-25,88.066315
2024-09-26,82.3795
2024-09-27,68.817
2024-09-28,89.72125
2024-09-29,90.90833
2024-09-30,82.281
2024-10-01,75.7
2024-10-02,82.798
2024-10-03,
2024-10-04,
2024-10-05,93.14643
2024-10-06,94.15667
2024-10-07,73.2555
2024-10-08,80.258
2024-10-09,88.38353
2024-10-10,75.568
2024-10-11,89.71842
2024-10-12,81.73105
2024-10-13,88.6695
2024-10-14,74.643
2024-10-15,81.749
2024-10-16,73.1265
2024-10-17,83.343
2024-10-18,86.352
2024-10-19,56.775497
2024-10-20,77.4925
2024-10-21,57.2045
2024-10-22,38.527
2024-10-23,85.322105
2024-10-24,64.5135
2024-10-25,64.259
2024-10-26,59.646
2024-10-27,42.385498
2024-10-28,82.326
2024-10-29,86.2105
2024-10-30,85.083
2024-10-31,89.17687
2024-11-01,82.65
2024-11-02,76.082
2024-11-03,63.632
2024-11-04,66.0275
2024-11-05,75.137
2024-11-06,60.1055
2024-11-07,55.670498
2024-11-08,59.3565
2024-11-09,77.6885
2024-11-10,85.2875
2024-11-11,88.285
2024-11-12,
2024-11-13,94.05
2024-11-14,
2024-11-15,90.308334
2024-11-16,90.64
2024-11-17,73.852
2024-11-18,92.07125
2024-11-19,78.9785
2024-11-20,72.362495
2024-11-21,60.5345
2024-11-22,80.527
2024-11-23,84.3885
2024-11-24,82.73105
2024-11-25,67.256996
2024-11-26,72.069496
2024-11-27,86.09947
2024-11-28,
2024-11-29,
2024-11-30,87.74
2024-12-01,46.2915
2024-12-02,76.570496
2024-12-03,86.850555
2024-12-04,92.41333
2024-12-05,93.75
2024-12-06,87.6055
2024-12-07,88.65941
2024-12-08,95.16
2024-12-09,
2024-12-10,91.0
2024-12-11,93.75
2024-12-12,91.54429
2024-12-13,75.509
2024-12-14,88.0079
2024-12-15,71.824
2024-12-16,63.6265
2024-12-17,73.5585
2024-12-18,68.052
2024-12-19,91.20294
2024-12-20,
2024-12-21,68.894
2024-12-22,75.613495
2024-12-23,88.68286
2024-12-24,79.8455
2024-12-25,78.0765
2024-12-26,76.256
2024-12-27,72.61316
2024-12-28,79.03889
2024-12-29,
2024-12-30,93.874
2024-12-31,94.12334
