time,hu
1960-01-01,83.47158
1960-01-02,91.52177
1960-01-03,89.80421
1960-01-04,92.50539
1960-01-05,91.880905
1960-01-06,91.16059
1960-01-07,91.315384
1960-01-08,89.46632
1960-01-09,83.696
1960-01-10,85.129
1960-01-11,86.617
1960-01-12,86.5695
1960-01-13,88.21895
1960-01-14,87.5565
1960-01-15,81.3785
1960-01-16,91.7021
1960-01-17,90.08722
1960-01-18,87.972
1960-01-19,78.3625
1960-01-20,78.304
1960-01-21,87.60421
1960-01-22,85.085266
1960-01-23,85.67
1960-01-24,84.114
1960-01-25,78.318
1960-01-26,81.195496
1960-01-27,78.9505
1960-01-28,83.2855
1960-01-29,83.604996
1960-01-30,84.094734
1960-01-31,78.5385
1960-02-01,77.346
1960-02-02,73.9615
1960-02-03,79.5465
1960-02-04,74.762
1960-02-05,76.27
1960-02-06,80.8805
1960-02-07,82.8125
1960-02-08,78.726
1960-02-09,81.267
1960-02-10,78.6205
1960-02-11,85.5595
1960-02-12,75.8955
1960-02-13,82.097
1960-02-14,88.47
1960-02-15,84.03474
1960-02-16,86.5915
1960-02-17,83.0925
1960-02-18,85.688
1960-02-19,91.077896
1960-02-20,92.46
1960-02-21,91.164
1960-02-22,79.227
1960-02-23,81.54053
1960-02-24,89.63
1960-02-25,80.8875
1960-02-26,84.478
1960-02-27,80.520996
1960-02-28,86.591576
1960-02-29,88.75421
1960-03-01,83.3115
1960-03-02,87.61895
1960-03-03,86.98421
1960-03-04,89.64445
1960-03-05,87.387
1960-03-06,80.1565
1960-03-07,80.006
1960-03-08,80.5915
1960-03-09,79.7045
1960-03-10,68.924995
1960-03-11,65.096
1960-03-12,64.834
1960-03-13,77.249
1960-03-14,77.848
1960-03-15,72.9015
1960-03-16,69.86
1960-03-17,77.465996
1960-03-18,90.387695
1960-03-19,93.22583
1960-03-20,90.342224
1960-03-21,74.93
1960-03-22,71.0065
1960-03-23,73.6565
1960-03-24,72.482
1960-03-25,69.8115
1960-03-26,68.1085
1960-03-27,80.072
1960-03-28,76.062996
1960-03-29,71.471
1960-03-30,77.3095
1960-03-31,82.7685
1960-04-01,74.82
1960-04-02,86.77611
1960-04-03,85.9135
1960-04-04,76.1655
1960-04-05,71.253
1960-04-06,73.046
1960-04-07,57.393497
1960-04-08,71.905
1960-04-09,79.99
1960-04-10,79.567
1960-04-11,80.354
1960-04-12,68.817
1960-04-13,78.582
1960-04-14,61.646
1960-04-15,78.109
1960-04-16,78.904495
1960-04-17,75.0355
1960-04-18,68.178
1960-04-19,58.394
1960-04-20,71.751
1960-04-21,79.0385
1960-04-22,77.2615
1960-04-23,76.5995
1960-04-24,69.891
1960-04-25,76.827995
1960-04-26,73.8655
1960-04-27,73.1725
1960-04-28,80.905
1960-04-29,89.793686
1960-04-30,88.557365
1960-05-01,80.232
1960-05-02,82.0415
1960-05-03,71.818
1960-05-04,63.757
1960-05-05,52.856
1960-05-06,75.057
1960-05-07,73.7285
1960-05-08,80.36948
1960-05-09,76.1935
1960-05-10,74.793
1960-05-11,71.1665
1960-05-12,64.3315
1960-05-13,62.732
1960-05-14,64.681
1960-05-15,55.691498
1960-05-16,49.033497
1960-05-17,61.2585
1960-05-18,69.918495
1960-05-19,51.895996
1960-05-20,66.705
1960-05-21,73.542
1960-05-22,62.182
1960-05-23,81.2625
1960-05-24,78.6575
1960-05-25,79.0895
1960-05-26,71.7775
1960-05-27,83.756996
1960-05-28,87.1405
1960-05-29,91.1425
1960-05-30,86.80631
1960-05-31,79.1595
1960-06-01,76.5165
1960-06-02,73.2095
1960-06-03,69.237495
1960-06-04,73.526
1960-06-05,71.3935
1960-06-06,67.8705
1960-06-07,67.629
1960-06-08,78.194496
1960-06-09,72.242
1960-06-10,75.4135
1960-06-11,85.384
1960-06-12,72.604
1960-06-13,76.5115
1960-06-14,68.4135
1960-06-15,80.7585
1960-06-16,80.8675
1960-06-17,75.9975
1960-06-18,82.789
1960-06-19,71.7055
1960-06-20,73.069
1960-06-21,82.1655
1960-06-22,81.261
1960-06-23,77.833496
1960-06-24,74.3365
1960-06-25,71.0665
1960-06-26,66.42
1960-06-27,81.3255
1960-06-28,78.794495
1960-06-29,87.831
1960-06-30,79.875
1960-07-01,70.179
1960-07-02,78.4305
1960-07-03,83.804
1960-07-04,82.7175
1960-07-05,67.8925
1960-07-06,66.5025
1960-07-07,74.167496
1960-07-08,69.167
1960-07-09,72.1135
1960-07-10,83.8595
1960-07-11,69.3515
1960-07-12,68.6425
1960-07-13,81.9425
1960-07-14,88.7225
1960-07-15,79.567
1960-07-16,68.7805
1960-07-17,71.980995
1960-07-18,67.0195
1960-07-19,68.654
1960-07-20,68.5225
1960-07-21,81.322
1960-07-22,74.0125
1960-07-23,70.487495
1960-07-24,84.895
1960-07-25,84.5075
1960-07-26,79.712105
1960-07-27,82.7415
1960-07-28,73.4845
1960-07-29,75.81
1960-07-30,75.588
1960-07-31,73.289
1960-08-01,68.8965
1960-08-02,72.047
1960-08-03,74.305
1960-08-04,81.852
1960-08-05,62.8325
1960-08-06,76.035995
1960-08-07,71.001
1960-08-08,69.699
1960-08-09,84.797
1960-08-10,77.065
1960-08-11,75.2195
1960-08-12,59.8075
1960-08-13,57.687
1960-08-14,68.94
1960-08-15,76.799995
1960-08-16,72.335
1960-08-17,68.1575
1960-08-18,58.934998
1960-08-19,59.068497
1960-08-20,68.359
1960-08-21,79.468
1960-08-22,76.1525
1960-08-23,69.1765
1960-08-24,71.32
1960-08-25,69.568
1960-08-26,73.223495
1960-08-27,71.6205
1960-08-28,67.9195
1960-08-29,70.1335
1960-08-30,71.63
1960-08-31,79.1825
1960-09-01,76.262
1960-09-02,75.4305
1960-09-03,64.2495
1960-09-04,57.183
1960-09-05,76.757996
1960-09-06,82.637
1960-09-07,81.771996
1960-09-08,77.93
1960-09-09,88.237
1960-09-10,89.79
1960-09-11,92.098
1960-09-12,85.101
1960-09-13,74.682495
1960-09-14,76.091
1960-09-15,71.457
1960-09-16,69.741
1960-09-17,66.946
1960-09-18,66.01
1960-09-19,57.2285
1960-09-20,61.209
1960-09-21,73.108
1960-09-22,83.13684
1960-09-23,85.6965
1960-09-24,78.159
1960-09-25,79.002495
1960-09-26,76.2995
1960-09-27,76.555
1960-09-28,86.1915
1960-09-29,81.775
1960-09-30,84.124
1960-10-01,88.8385
1960-10-02,89.189476
1960-10-03,85.226
1960-10-04,79.8375
1960-10-05,67.3235
1960-10-06,77.18
1960-10-07,81.237495
1960-10-08,83.376
1960-10-09,75.448
1960-10-10,75.2715
1960-10-11,87.721
1960-10-12,89.268745
1960-10-13,89.691666
1960-10-14,78.7545
1960-10-15,76.45
1960-10-16,86.873
1960-10-17,85.7665
1960-10-18,83.056
1960-10-19,74.469
1960-10-20,78.250496
1960-10-21,83.62158
1960-10-22,85.96
1960-10-23,79.928
1960-10-24,83.2705
1960-10-25,81.895
1960-10-26,79.146996
1960-10-27,77.246
1960-10-28,77.5375
1960-10-29,70.6405
1960-10-30,72.27
1960-10-31,76.3015
1960-11-01,80.1145
1960-11-02,84.832
1960-11-03,87.037
1960-11-04,74.520996
1960-11-05,63.690998
1960-11-06,91.30105
1960-11-07,91.8925
1960-11-08,88.31368
1960-11-09,88.9847
1960-11-10,84.9295
1960-11-11,92.058235
1960-11-12,89.81
1960-11-13,84.0545
1960-11-14,92.71846
1960-11-15,93.91077
1960-11-16,87.513
1960-11-17,89.44631
1960-11-18,85.305786
1960-11-19,79.358
1960-11-20,88.34684
1960-11-21,79.85737
1960-11-22,78.765495
1960-11-23,85.938
1960-11-24,92.316666
1960-11-25,91.32786
1960-11-26,88.63333
1960-11-27,85.70389
1960-11-28,88.4895
1960-11-29,91.66706
1960-11-30,81.2185
1960-12-01,82.936844
1960-12-02,76.04
1960-12-03,84.451996
1960-12-04,75.9005
1960-12-05,77.49
1960-12-06,74.923996
1960-12-07,73.8035
1960-12-08,81.2505
1960-12-09,90.09133
1960-12-10,90.23369
1960-12-11,89.0
1960-12-12,93.4
1960-12-13,95.01
1960-12-14,91.902145
1960-12-15,91.662224
1960-12-16,92.8625
1960-12-17,93.55778
1960-12-18,89.153885
1960-12-19,91.674
1960-12-20,91.555885
1960-12-21,83.447
1960-12-22,92.23375
1960-12-23,90.52067
1960-12-24,91.915
1960-12-25,92.692
1960-12-26,91.81533
1960-12-27,92.90692
1960-12-28,92.83235
1960-12-29,91.653336
1960-12-30,91.56625
1960-12-31,92.2375
1961-01-01,88.817
1961-01-02,88.91875
1961-01-03,84.406
1961-01-04,83.741
1961-01-05,91.544
1961-01-06,90.14647
1961-01-07,90.33471
1961-01-08,89.567894
1961-01-09,88.09368
1961-01-10,91.67267
1961-01-11,82.977
1961-01-12,90.323845
1961-01-13,84.3705
1961-01-14,81.46
1961-01-15,89.361115
1961-01-16,90.386154
1961-01-17,79.8035
1961-01-18,69.6845
1961-01-19,77.881
1961-01-20,77.2955
1961-01-21,71.983
1961-01-22,74.9265
1961-01-23,76.5355
1961-01-24,81.2185
1961-01-25,89.3995
1961-01-26,82.1135
1961-01-27,76.0625
1961-01-28,64.168
1961-01-29,74.155
1961-01-30,71.2355
1961-01-31,80.132
1961-02-01,78.5895
1961-02-02,90.255
1961-02-03,90.4147
1961-02-04,86.102
1961-02-05,88.458
1961-02-06,84.770996
1961-02-07,84.7325
1961-02-08,89.348236
1961-02-09,86.744
1961-02-10,91.42833
1961-02-11,87.313
1961-02-12,92.19308
1961-02-13,93.356
1961-02-14,84.15632
1961-02-15,77.6105
1961-02-16,78.2285
1961-02-17,83.615555
1961-02-18,78.14421
1961-02-19,81.347
1961-02-20,89.51945
1961-02-21,82.0745
1961-02-22,77.6305
1961-02-23,80.262
1961-02-24,76.9
1961-02-25,81.696
1961-02-26,75.318
1961-02-27,74.723
1961-02-28,66.068
1961-03-01,80.6225
1961-03-02,81.468
1961-03-03,76.0
1961-03-04,79.8305
1961-03-05,76.5645
1961-03-06,65.246
1961-03-07,63.6685
1961-03-08,65.7305
1961-03-09,60.9675
1961-03-10,61.863
1961-03-11,53.4195
1961-03-12,54.2435
1961-03-13,57.683
1961-03-14,69.565
1961-03-15,66.319
1961-03-16,61.806
1961-03-17,56.8565
1961-03-18,49.351997
1961-03-19,61.677
1961-03-20,74.9845
1961-03-21,75.99
1961-03-22,88.87473
1961-03-23,82.0255
1961-03-24,76.0895
1961-03-25,75.415
1961-03-26,62.4575
1961-03-27,59.0585
1961-03-28,74.397995
1961-03-29,69.04
1961-03-30,61.512497
1961-03-31,74.367
1961-04-01,62.595
1961-04-02,74.2275
1961-04-03,73.962
1961-04-04,72.6845
1961-04-05,58.3975
1961-04-06,52.7255
1961-04-07,53.068497
1961-04-08,64.139496
1961-04-09,62.014
1961-04-10,65.903
1961-04-11,69.173
1961-04-12,71.3385
1961-04-13,62.7445
1961-04-14,59.587997
1961-04-15,48.1245
1961-04-16,53.172497
1961-04-17,67.4525
1961-04-18,65.4385
1961-04-19,73.779495
1961-04-20,69.842
1961-04-21,70.681
1961-04-22,64.7495
1961-04-23,69.5715
1961-04-24,83.6695
1961-04-25,87.328
1961-04-26,78.9065
1961-04-27,81.5825
1961-04-28,76.727
1961-04-29,72.322
1961-04-30,80.451
1961-05-01,85.60167
1961-05-02,84.631
1961-05-03,73.6895
1961-05-04,79.9545
1961-05-05,71.322
1961-05-06,65.1785
1961-05-07,79.675
1961-05-08,76.128
1961-05-09,69.93
1961-05-10,88.61842
1961-05-11,91.225624
1961-05-12,87.742
1961-05-13,74.6355
1961-05-14,80.651
1961-05-15,76.2955
1961-05-16,75.663
1961-05-17,79.518
1961-05-18,83.626495
1961-05-19,76.653496
1961-05-20,79.5685
1961-05-21,87.742226
1961-05-22,80.297
1961-05-23,78.893
1961-05-24,72.905
1961-05-25,78.763
1961-05-26,74.3145
1961-05-27,65.3185
1961-05-28,75.3775
1961-05-29,73.664
1961-05-30,85.403496
1961-05-31,68.1465
1961-06-01,58.5475
1961-06-02,65.964
1961-06-03,74.319496
1961-06-04,82.435
1961-06-05,79.4215
1961-06-06,81.2105
1961-06-07,80.927
1961-06-08,76.945496
1961-06-09,83.3345
1961-06-10,73.9205
1961-06-11,79.711
1961-06-12,86.097
1961-06-13,74.6325
1961-06-14,76.107
1961-06-15,74.813995
1961-06-16,75.947
1961-06-17,72.31
1961-06-18,66.2245
1961-06-19,71.2045
1961-06-20,66.999
1961-06-21,66.376495
1961-06-22,66.3695
1961-06-23,75.125
1961-06-24,65.8595
1961-06-25,57.560997
1961-06-26,60.128998
1961-06-27,58.767
1961-06-28,77.88
1961-06-29,72.836
1961-06-30,66.289
1961-07-01,65.4325
1961-07-02,60.2525
1961-07-03,55.031998
1961-07-04,50.669
1961-07-05,63.6835
1961-07-06,57.2145
1961-07-07,62.6605
1961-07-08,67.493996
1961-07-09,74.6935
1961-07-10,69.3945
1961-07-11,66.3255
1961-07-12,64.819
1961-07-13,57.813
1961-07-14,59.016
1961-07-15,58.589
1961-07-16,58.5695
1961-07-17,72.1435
1961-07-18,72.4745
1961-07-19,69.163
1961-07-20,71.296
1961-07-21,74.236496
1961-07-22,68.625
1961-07-23,71.2805
1961-07-24,75.2955
1961-07-25,67.625496
1961-07-26,64.2265
1961-07-27,57.5125
1961-07-28,52.582
1961-07-29,77.583496
1961-07-30,87.881996
1961-07-31,72.323
1961-08-01,59.793
1961-08-02,61.174
1961-08-03,66.5445
1961-08-04,68.149
1961-08-05,66.279
1961-08-06,65.089
1961-08-07,46.984497
1961-08-08,63.233498
1961-08-09,56.7465
1961-08-10,56.488
1961-08-11,46.574997
1961-08-12,62.712997
1961-08-13,80.693
1961-08-14,71.1605
1961-08-15,72.9285
1961-08-16,77.034
1961-08-17,76.458496
1961-08-18,77.3185
1961-08-19,65.5365
1961-08-20,68.0365
1961-08-21,68.3325
1961-08-22,58.505
1961-08-23,73.3555
1961-08-24,71.42
1961-08-25,72.3705
1961-08-26,70.0225
1961-08-27,70.097
1961-08-28,72.833496
1961-08-29,68.431
1961-08-30,70.792496
1961-08-31,64.181496
1961-09-01,65.555
1961-09-02,59.952
1961-09-03,49.2715
1961-09-04,51.7765
1961-09-05,64.412
1961-09-06,51.024998
1961-09-07,60.592
1961-09-08,51.692497
1961-09-09,73.4065
1961-09-10,85.8275
1961-09-11,76.7805
1961-09-12,61.7965
1961-09-13,73.1315
1961-09-14,59.1535
1961-09-15,63.378
1961-09-16,63.6675
1961-09-17,61.968
1961-09-18,54.17
1961-09-19,61.098
1961-09-20,55.3115
1961-09-21,61.475
1961-09-22,59.414497
1961-09-23,54.896
1961-09-24,54.562
1961-09-25,53.4615
1961-09-26,63.1415
1961-09-27,64.7905
1961-09-28,65.6645
1961-09-29,66.3515
1961-09-30,65.8115
1961-10-01,72.116
1961-10-02,79.709
1961-10-03,78.387
1961-10-04,72.436
1961-10-05,67.484
1961-10-06,72.943
1961-10-07,59.906498
1961-10-08,60.543
1961-10-09,89.3345
1961-10-10,85.751
1961-10-11,73.093
1961-10-12,73.386
1961-10-13,85.2145
1961-10-14,83.7425
1961-10-15,84.4415
1961-10-16,76.668495
1961-10-17,69.172
1961-10-18,47.3975
1961-10-19,43.946
1961-10-20,66.411995
1961-10-21,81.526
1961-10-22,82.005
1961-10-23,79.8085
1961-10-24,74.945496
1961-10-25,73.504
1961-10-26,62.837498
1961-10-27,58.254997
1961-10-28,64.4545
1961-10-29,81.6175
1961-10-30,79.234
1961-10-31,87.7225
1961-11-01,79.6795
1961-11-02,77.647
1961-11-03,62.264
1961-11-04,80.655
1961-11-05,89.505714
1961-11-06,91.47923
1961-11-07,89.361115
1961-11-08,90.18222
1961-11-09,82.0565
1961-11-10,82.657
1961-11-11,88.76158
1961-11-12,90.98125
1961-11-13,92.003334
1961-11-14,90.323845
1961-11-15,90.833885
1961-11-16,89.05692
1961-11-17,91.39714
1961-11-18,86.638
1961-11-19,81.5825
1961-11-20,82.0375
1961-11-21,78.661
1961-11-22,74.27
1961-11-23,66.629
1961-11-24,64.083
1961-11-25,78.0385
1961-11-26,84.68895
1961-11-27,76.169
1961-11-28,88.71833
1961-11-29,85.83369
1961-11-30,79.5325
1961-12-01,82.704
1961-12-02,74.096
1961-12-03,79.7865
1961-12-04,78.158
1961-12-05,75.071495
1961-12-06,90.274
1961-12-07,92.48
1961-12-08,92.02125
1961-12-09,84.473
1961-12-10,80.925995
1961-12-11,85.01842
1961-12-12,90.772354
1961-12-13,82.8785
1961-12-14,73.259995
1961-12-15,76.1875
1961-12-16,82.845
1961-12-17,88.195
1961-12-18,87.05
1961-12-19,88.83722
1961-12-20,89.424614
1961-12-21,83.606
1961-12-22,83.8415
1961-12-23,80.943
1961-12-24,89.380554
1961-12-25,82.421
1961-12-26,82.417
1961-12-27,86.90945
1961-12-28,89.01632
1961-12-29,90.0635
1961-12-30,87.67167
1961-12-31,84.20294
1962-01-01,91.977646
1962-01-02,86.39111
1962-01-03,90.04667
1962-01-04,85.4495
1962-01-05,87.3495
1962-01-06,88.3725
1962-01-07,93.49
1962-01-08,87.41263
1962-01-09,88.3385
1962-01-10,86.477
1962-01-11,75.840996
1962-01-12,86.2395
1962-01-13,90.617226
1962-01-14,91.62643
1962-01-15,88.68667
1962-01-16,90.314705
1962-01-17,87.27684
1962-01-18,92.682144
1962-01-19,90.488335
1962-01-20,87.69278
1962-01-21,90.195335
1962-01-22,82.8645
1962-01-23,88.35941
1962-01-24,85.9265
1962-01-25,87.36842
1962-01-26,90.41545
1962-01-27,89.83769
1962-01-28,87.121
1962-01-29,90.23765
1962-01-30,90.16615
1962-01-31,89.32437
1962-02-01,88.842
1962-02-02,93.37666
1962-02-03,91.758575
1962-02-04,92.225555
1962-02-05,87.204
1962-02-06,89.48316
1962-02-07,82.1885
1962-02-08,76.068
1962-02-09,88.0725
1962-02-10,88.320526
1962-02-11,83.4225
1962-02-12,84.81526
1962-02-13,79.465
1962-02-14,88.4495
1962-02-15,84.9275
1962-02-16,81.1435
1962-02-17,85.7885
1962-02-18,84.767
1962-02-19,87.29474
1962-02-20,87.156
1962-02-21,81.103
1962-02-22,88.05526
1962-02-23,89.582
1962-02-24,91.26421
1962-02-25,88.24526
1962-02-26,87.69842
1962-02-27,82.29
1962-02-28,88.886665
1962-03-01,89.648
1962-03-02,88.667496
1962-03-03,80.057
1962-03-04,76.7335
1962-03-05,76.5485
1962-03-06,83.764
1962-03-07,91.198
1962-03-08,84.23158
1962-03-09,79.616
1962-03-10,77.1175
1962-03-11,85.45737
1962-03-12,89.06105
1962-03-13,82.295
1962-03-14,88.34737
1962-03-15,90.84
1962-03-16,93.325
1962-03-17,89.54263
1962-03-18,87.05
1962-03-19,82.161995
1962-03-20,81.679
1962-03-21,87.6745
1962-03-22,92.901665
1962-03-23,91.47769
1962-03-24,89.91167
1962-03-25,92.12625
1962-03-26,86.069
1962-03-27,83.4645
1962-03-28,87.2335
1962-03-29,76.294
1962-03-30,78.2915
1962-03-31,80.4605
1962-04-01,85.0865
1962-04-02,65.611
1962-04-03,66.104996
1962-04-04,58.5225
1962-04-05,71.6005
1962-04-06,87.32316
1962-04-07,82.5685
1962-04-08,72.9755
1962-04-09,67.099495
1962-04-10,70.3625
1962-04-11,79.416
1962-04-12,86.986496
1962-04-13,80.988
1962-04-14,89.542
1962-04-15,88.72389
1962-04-16,79.2475
1962-04-17,72.277
1962-04-18,62.704
1962-04-19,59.081997
1962-04-20,55.138
1962-04-21,59.601498
1962-04-22,46.6325
1962-04-23,44.171997
1962-04-24,49.685497
1962-04-25,60.136497
1962-04-26,53.031998
1962-04-27,68.797
1962-04-28,78.7395
1962-04-29,82.1515
1962-04-30,78.326996
1962-05-01,68.071
1962-05-02,79.6725
1962-05-03,70.0
1962-05-04,74.8605
1962-05-05,67.335
1962-05-06,72.721
1962-05-07,66.636
1962-05-08,66.862
1962-05-09,60.274998
1962-05-10,80.749
1962-05-11,78.1645
1962-05-12,65.773
1962-05-13,65.5805
1962-05-14,50.947
1962-05-15,77.163
1962-05-16,67.048996
1962-05-17,54.670998
1962-05-18,71.225
1962-05-19,56.788
1962-05-20,71.6205
1962-05-21,88.584
1962-05-22,63.2835
1962-05-23,62.8835
1962-05-24,71.958
1962-05-25,79.959
1962-05-26,71.7875
1962-05-27,75.1365
1962-05-28,73.9025
1962-05-29,76.3925
1962-05-30,83.502
1962-05-31,64.3395
1962-06-01,72.7735
1962-06-02,80.049995
1962-06-03,83.3575
1962-06-04,82.6805
1962-06-05,75.3065
1962-06-06,86.201
1962-06-07,76.746
1962-06-08,68.4005
1962-06-09,58.617
1962-06-10,77.7165
1962-06-11,79.8915
1962-06-12,77.4815
1962-06-13,65.447
1962-06-14,61.8675
1962-06-15,64.2555
1962-06-16,63.899498
1962-06-17,68.4245
1962-06-18,66.770996
1962-06-19,68.121994
1962-06-20,73.003
1962-06-21,67.5345
1962-06-22,69.051
1962-06-23,58.3155
1962-06-24,64.193
1962-06-25,60.0225
1962-06-26,65.797
1962-06-27,58.3415
1962-06-28,67.24
1962-06-29,49.599
1962-06-30,69.7025
1962-07-01,80.207
1962-07-02,72.7075
1962-07-03,71.9525
1962-07-04,66.591995
1962-07-05,59.7865
1962-07-06,67.6005
1962-07-07,64.8785
1962-07-08,69.909996
1962-07-09,59.1065
1962-07-10,55.483498
1962-07-11,54.4435
1962-07-12,61.5795
1962-07-13,60.133
1962-07-14,71.798
1962-07-15,65.2185
1962-07-16,78.2435
1962-07-17,78.4835
1962-07-18,90.37941
1962-07-19,86.5965
1962-07-20,74.0765
1962-07-21,62.189
1962-07-22,64.069496
1962-07-23,84.559
1962-07-24,71.706
1962-07-25,66.0265
1962-07-26,55.924
1962-07-27,58.877
1962-07-28,64.1615
1962-07-29,65.319
1962-07-30,71.768
1962-07-31,81.026
1962-08-01,75.255
1962-08-02,69.566
1962-08-03,78.4095
1962-08-04,67.604996
1962-08-05,64.8825
1962-08-06,71.6075
1962-08-07,55.5615
1962-08-08,66.9095
1962-08-09,65.1935
1962-08-10,68.481
1962-08-11,73.629
1962-08-12,74.687996
1962-08-13,67.3935
1962-08-14,69.352
1962-08-15,65.4905
1962-08-16,77.3545
1962-08-17,67.6245
1962-08-18,61.8805
1962-08-19,62.4445
1962-08-20,70.8605
1962-08-21,70.981995
1962-08-22,73.5775
1962-08-23,68.404495
1962-08-24,52.5155
1962-08-25,65.683
1962-08-26,59.5335
1962-08-27,64.459496
1962-08-28,59.656
1962-08-29,54.6445
1962-08-30,66.574
1962-08-31,64.1845
1962-09-01,73.806496
1962-09-02,63.4165
1962-09-03,57.9685
1962-09-04,55.0895
1962-09-05,57.534496
1962-09-06,64.529
1962-09-07,63.5625
1962-09-08,69.445496
1962-09-09,76.4245
1962-09-10,58.983498
1962-09-11,48.277
1962-09-12,54.0
1962-09-13,58.0775
1962-09-14,78.03
1962-09-15,62.002
1962-09-16,57.209
1962-09-17,52.670998
1962-09-18,84.976
1962-09-19,67.553
1962-09-20,73.623
1962-09-21,81.016495
1962-09-22,81.362
1962-09-23,81.6865
1962-09-24,86.198
1962-09-25,79.5225
1962-09-26,70.923
1962-09-27,80.1265
1962-09-28,81.9385
1962-09-29,74.4795
1962-09-30,80.6925
1962-10-01,83.836
1962-10-02,76.2345
1962-10-03,73.793
1962-10-04,78.807
1962-10-05,76.192
1962-10-06,74.0915
1962-10-07,72.8865
1962-10-08,74.3935
1962-10-09,66.313
1962-10-10,67.813995
1962-10-11,66.549995
1962-10-12,70.947
1962-10-13,68.8185
1962-10-14,73.8605
1962-10-15,76.9295
1962-10-16,84.29
1962-10-17,82.422
1962-10-18,77.357
1962-10-19,78.286
1962-10-20,72.8555
1962-10-21,71.168
1962-10-22,70.346
1962-10-23,70.832
1962-10-24,71.3055
1962-10-25,77.230995
1962-10-26,73.681
1962-10-27,54.886497
1962-10-28,70.366
1962-10-29,84.977
1962-10-30,91.03412
1962-10-31,82.5555
1962-11-01,78.6695
1962-11-02,88.127
1962-11-03,90.4375
1962-11-04,85.42526
1962-11-05,74.825
1962-11-06,76.106
1962-11-07,74.886
1962-11-08,72.704994
1962-11-09,74.842995
1962-11-10,87.845
1962-11-11,90.10786
1962-11-12,90.270004
1962-11-13,93.6575
1962-11-14,90.52333
1962-11-15,89.526665
1962-11-16,91.433525
1962-11-17,83.5455
1962-11-18,83.8135
1962-11-19,75.2855
1962-11-20,79.1835
1962-11-21,91.028
1962-11-22,78.516
1962-11-23,91.65071
1962-11-24,93.321
1962-11-25,92.545715
1962-11-26,93.455
1962-11-27,91.02125
1962-11-28,91.88077
1962-11-29,92.94875
1962-11-30,89.462
1962-12-01,88.5125
1962-12-02,88.50053
1962-12-03,88.1015
1962-12-04,78.7605
1962-12-05,80.8425
1962-12-06,88.80947
1962-12-07,86.79176
1962-12-08,85.601875
1962-12-09,80.182
1962-12-10,82.409996
1962-12-11,91.50883
1962-12-12,79.574
1962-12-13,73.3085
1962-12-14,87.75166
1962-12-15,88.211
1962-12-16,87.593155
1962-12-17,86.127
1962-12-18,84.751495
1962-12-19,86.0185
1962-12-20,90.74333
1962-12-21,90.57
1962-12-22,88.0995
1962-12-23,85.1445
1962-12-24,83.244
1962-12-25,86.363
1962-12-26,85.8555
1962-12-27,89.3895
1962-12-28,82.174995
1962-12-29,81.1655
1962-12-30,89.48
1962-12-31,92.428
1963-01-01,89.2815
1963-01-02,88.5921
1963-01-03,86.223
1963-01-04,91.87769
1963-01-05,83.65
1963-01-06,85.5625
1963-01-07,90.215004
1963-01-08,92.0875
1963-01-09,88.885
1963-01-10,89.9275
1963-01-11,90.04632
1963-01-12,89.974
1963-01-13,83.6715
1963-01-14,79.422
1963-01-15,79.2875
1963-01-16,75.6705
1963-01-17,74.643
1963-01-18,81.9205
1963-01-19,79.6275
1963-01-20,81.588
1963-01-21,83.974
1963-01-22,81.4625
1963-01-23,85.395
1963-01-24,81.907
1963-01-25,86.4685
1963-01-26,81.864
1963-01-27,82.886
1963-01-28,83.873
1963-01-29,81.523
1963-01-30,84.7555
1963-01-31,81.7705
1963-02-01,88.526
1963-02-02,88.895004
1963-02-03,89.787224
1963-02-04,78.3255
1963-02-05,91.7295
1963-02-06,87.4915
1963-02-07,87.5775
1963-02-08,88.19527
1963-02-09,91.07
1963-02-10,90.88789
1963-02-11,87.0645
1963-02-12,91.7425
1963-02-13,92.72125
1963-02-14,90.875
1963-02-15,89.071175
1963-02-16,77.7455
1963-02-17,85.15316
1963-02-18,90.58111
1963-02-19,80.895
1963-02-20,89.886665
1963-02-21,80.3275
1963-02-22,86.378
1963-02-23,84.0945
1963-02-24,76.738
1963-02-25,78.363495
1963-02-26,81.389496
1963-02-27,75.871
1963-02-28,75.111
1963-03-01,80.2295
1963-03-02,81.390495
1963-03-03,75.0765
1963-03-04,87.833496
1963-03-05,86.44611
1963-03-06,76.071
1963-03-07,66.7675
1963-03-08,64.671
1963-03-09,74.757996
1963-03-10,79.3365
1963-03-11,89.5405
1963-03-12,87.335
1963-03-13,86.107
1963-03-14,78.6105
1963-03-15,73.348495
1963-03-16,64.3515
1963-03-17,71.648
1963-03-18,70.285995
1963-03-19,79.8935
1963-03-20,83.629
1963-03-21,89.296844
1963-03-22,87.928894
1963-03-23,89.03588
1963-03-24,79.57
1963-03-25,75.1915
1963-03-26,59.901497
1963-03-27,80.1565
1963-03-28,91.64188
1963-03-29,89.42833
1963-03-30,82.135
1963-03-31,90.884445
1963-04-01,87.518234
1963-04-02,90.99294
1963-04-03,81.737
1963-04-04,69.4905
1963-04-05,66.662
1963-04-06,65.99
1963-04-07,55.9175
1963-04-08,75.56
1963-04-09,76.2445
1963-04-10,69.944
1963-04-11,64.607
1963-04-12,88.012
1963-04-13,80.2845
1963-04-14,81.894
1963-04-15,87.74368
1963-04-16,68.684
1963-04-17,57.232998
1963-04-18,56.688
1963-04-19,60.330498
1963-04-20,64.8025
1963-04-21,61.968
1963-04-22,59.465
1963-04-23,68.0775
1963-04-24,63.3805
1963-04-25,76.2355
1963-04-26,88.5135
1963-04-27,79.757
1963-04-28,84.883
1963-04-29,75.7525
1963-04-30,60.9235
1963-05-01,66.0475
1963-05-02,54.961
1963-05-03,45.691998
1963-05-04,61.4985
1963-05-05,76.885
1963-05-06,79.76
1963-05-07,76.974495
1963-05-08,69.692
1963-05-09,62.444
1963-05-10,62.834
1963-05-11,51.026497
1963-05-12,60.003998
1963-05-13,54.956497
1963-05-14,49.577
1963-05-15,51.265
1963-05-16,41.846
1963-05-17,61.038998
1963-05-18,85.0345
1963-05-19,76.254
1963-05-20,82.6325
1963-05-21,89.1225
1963-05-22,90.897224
1963-05-23,81.262
1963-05-24,79.699
1963-05-25,69.038
1963-05-26,64.8945
1963-05-27,68.7465
1963-05-28,70.6755
1963-05-29,77.138
1963-05-30,74.1785
1963-05-31,70.7545
1963-06-01,77.8725
1963-06-02,83.938995
1963-06-03,74.7495
1963-06-04,66.807
1963-06-05,60.5865
1963-06-06,57.192997
1963-06-07,63.015
1963-06-08,62.027
1963-06-09,73.228
1963-06-10,68.1835
1963-06-11,68.473
1963-06-12,77.986
1963-06-13,67.508995
1963-06-14,58.075
1963-06-15,71.041
1963-06-16,83.458
1963-06-17,71.656
1963-06-18,61.8675
1963-06-19,71.484
1963-06-20,76.423996
1963-06-21,75.673
1963-06-22,61.552498
1963-06-23,66.632996
1963-06-24,68.167
1963-06-25,73.889
1963-06-26,68.6285
1963-06-27,61.2025
1963-06-28,45.456497
1963-06-29,56.219498
1963-06-30,64.83
1963-07-01,67.6835
1963-07-02,61.712498
1963-07-03,70.016
1963-07-04,61.175
1963-07-05,59.600998
1963-07-06,51.8245
1963-07-07,57.208
1963-07-08,66.2835
1963-07-09,77.583496
1963-07-10,62.0605
1963-07-11,67.307
1963-07-12,84.7445
1963-07-13,81.0625
1963-07-14,74.6045
1963-07-15,78.736496
1963-07-16,69.7445
1963-07-17,68.931
1963-07-18,62.827
1963-07-19,65.8065
1963-07-20,64.8905
1963-07-21,73.384995
1963-07-22,62.101997
1963-07-23,59.337498
1963-07-24,52.1875
1963-07-25,54.822
1963-07-26,48.295998
1963-07-27,77.774
1963-07-28,73.6025
1963-07-29,87.0765
1963-07-30,82.416
1963-07-31,72.306
1963-08-01,64.0775
1963-08-02,66.868996
1963-08-03,59.228497
1963-08-04,60.920498
1963-08-05,60.4735
1963-08-06,54.6715
1963-08-07,36.858498
1963-08-08,54.4145
1963-08-09,72.3875
1963-08-10,88.6045
1963-08-11,65.9845
1963-08-12,61.554
1963-08-13,71.116
1963-08-14,69.891
1963-08-15,75.144
1963-08-16,75.4215
1963-08-17,64.958496
1963-08-18,60.981
1963-08-19,68.214
1963-08-20,50.3435
1963-08-21,65.284
1963-08-22,87.3835
1963-08-23,65.225
1963-08-24,71.848495
1963-08-25,66.2595
1963-08-26,63.0345
1963-08-27,53.2075
1963-08-28,52.1065
1963-08-29,61.425
1963-08-30,66.267
1963-08-31,72.546
1963-09-01,71.1005
1963-09-02,67.038
1963-09-03,63.8485
1963-09-04,77.953995
1963-09-05,63.115997
1963-09-06,73.5415
1963-09-07,85.921
1963-09-08,85.672775
1963-09-09,79.672
1963-09-10,82.7505
1963-09-11,81.614
1963-09-12,75.9625
1963-09-13,76.459
1963-09-14,72.501495
1963-09-15,72.4375
1963-09-16,66.404
1963-09-17,59.392498
1963-09-18,62.0785
1963-09-19,64.568
1963-09-20,68.0015
1963-09-21,58.1195
1963-09-22,62.295
1963-09-23,63.884
1963-09-24,61.732998
1963-09-25,55.641
1963-09-26,89.68
1963-09-27,76.9395
1963-09-28,73.1295
1963-09-29,80.514496
1963-09-30,79.384
1963-10-01,79.921
1963-10-02,62.9535
1963-10-03,73.952995
1963-10-04,78.4625
1963-10-05,87.6455
1963-10-06,61.466
1963-10-07,63.052498
1963-10-08,82.76789
1963-10-09,79.714
1963-10-10,84.1385
1963-10-11,85.886
1963-10-12,70.1555
1963-10-13,66.4135
1963-10-14,65.199
1963-10-15,72.186
1963-10-16,69.724
1963-10-17,62.818
1963-10-18,77.7535
1963-10-19,82.9705
1963-10-20,71.0675
1963-10-21,70.788994
1963-10-22,76.3375
1963-10-23,84.498
1963-10-24,89.792496
1963-10-25,79.0855
1963-10-26,85.240555
1963-10-27,75.3685
1963-10-28,80.1995
1963-10-29,79.371
1963-10-30,85.2705
1963-10-31,77.9645
1963-11-01,71.268
1963-11-02,69.723
1963-11-03,76.861
1963-11-04,74.603
1963-11-05,77.708496
1963-11-06,68.142
1963-11-07,63.029
1963-11-08,77.2615
1963-11-09,75.198
1963-11-10,74.663
1963-11-11,75.137
1963-11-12,69.4965
1963-11-13,85.0335
1963-11-14,90.019
1963-11-15,69.159
1963-11-16,84.597
1963-11-17,88.544
1963-11-18,77.723
1963-11-19,74.812
1963-11-20,81.687
1963-11-21,77.409996
1963-11-22,79.6105
1963-11-23,69.591995
1963-11-24,69.4425
1963-11-25,72.8975
1963-11-26,81.8875
1963-11-27,79.7545
1963-11-28,85.14059
1963-11-29,80.5921
1963-11-30,73.0065
1963-12-01,67.722496
1963-12-02,80.60895
1963-12-03,77.3235
1963-12-04,80.798
1963-12-05,89.984
1963-12-06,88.64437
1963-12-07,84.791
1963-12-08,86.46375
1963-12-09,87.39
1963-12-10,81.543
1963-12-11,78.687
1963-12-12,85.6205
1963-12-13,88.02052
1963-12-14,88.0275
1963-12-15,89.10611
1963-12-16,88.523155
1963-12-17,86.2215
1963-12-18,80.978
1963-12-19,83.479
1963-12-20,86.604004
1963-12-21,87.76789
1963-12-22,91.93188
1963-12-23,89.12778
1963-12-24,82.02579
1963-12-25,74.988495
1963-12-26,81.236496
1963-12-27,86.10667
1963-12-28,85.1365
1963-12-29,86.26111
1963-12-30,88.1015
1963-12-31,83.353
1964-01-01,82.556496
1964-01-02,89.799446
1964-01-03,88.831
1964-01-04,86.21611
1964-01-05,85.99105
1964-01-06,82.7825
1964-01-07,88.3635
1964-01-08,89.16526
1964-01-09,85.372
1964-01-10,85.3205
1964-01-11,82.26053
1964-01-12,79.186
1964-01-13,74.1965
1964-01-14,81.194496
1964-01-15,86.31
1964-01-16,83.9795
1964-01-17,83.427
1964-01-18,80.651
1964-01-19,79.175
1964-01-20,76.7475
1964-01-21,74.709
1964-01-22,81.808
1964-01-23,86.157
1964-01-24,81.491
1964-01-25,82.964
1964-01-26,78.9225
1964-01-27,75.9095
1964-01-28,80.822
1964-01-29,78.51
1964-01-30,84.16106
1964-01-31,91.67786
1964-02-01,85.4305
1964-02-02,86.22278
1964-02-03,81.8425
1964-02-04,87.755
1964-02-05,72.101
1964-02-06,78.173996
1964-02-07,83.793495
1964-02-08,82.099
1964-02-09,88.20842
1964-02-10,83.97421
1964-02-11,81.971
1964-02-12,84.555786
1964-02-13,81.5085
1964-02-14,77.3295
1964-02-15,78.891
1964-02-16,83.364
1964-02-17,81.098
1964-02-18,91.91692
1964-02-19,87.3215
1964-02-20,89.62842
1964-02-21,76.708
1964-02-22,71.836
1964-02-23,73.3125
1964-02-24,69.0235
1964-02-25,73.636
1964-02-26,80.129
1964-02-27,83.8055
1964-02-28,88.7895
1964-02-29,84.239
1964-03-01,90.14353
1964-03-02,77.3795
1964-03-03,80.3875
1964-03-04,85.888
1964-03-05,81.3435
1964-03-06,79.5375
1964-03-07,87.055504
1964-03-08,86.354004
1964-03-09,83.403496
1964-03-10,80.696
1964-03-11,84.201996
1964-03-12,85.740524
1964-03-13,84.168
1964-03-14,84.931496
1964-03-15,85.962
1964-03-16,90.74611
1964-03-17,89.64389
1964-03-18,78.319
1964-03-19,83.0625
1964-03-20,78.1945
1964-03-21,86.9175
1964-03-22,91.96643
1964-03-23,91.78
1964-03-24,85.777
1964-03-25,82.857
1964-03-26,79.041
1964-03-27,79.5125
1964-03-28,83.7435
1964-03-29,86.8095
1964-03-30,80.3785
1964-03-31,75.073
1964-04-01,81.20947
1964-04-02,69.24
1964-04-03,76.6045
1964-04-04,75.817
1964-04-05,82.8955
1964-04-06,82.7415
1964-04-07,77.4555
1964-04-08,77.5305
1964-04-09,75.7215
1964-04-10,81.42
1964-04-11,68.3095
1964-04-12,75.826
1964-04-13,69.047
1964-04-14,72.525
1964-04-15,72.603
1964-04-16,65.104
1964-04-17,56.024
1964-04-18,63.6
1964-04-19,55.108498
1964-04-20,45.087997
1964-04-21,37.956497
1964-04-22,51.871998
1964-04-23,51.0065
1964-04-24,68.0105
1964-04-25,80.340996
1964-04-26,83.4625
1964-04-27,69.2405
1964-04-28,56.868
1964-04-29,52.5085
1964-04-30,79.0505
1964-05-01,78.694
1964-05-02,77.792496
1964-05-03,75.426
1964-05-04,77.2315
1964-05-05,79.7755
1964-05-06,86.9365
1964-05-07,70.7465
1964-05-08,56.8435
1964-05-09,80.004
1964-05-10,82.7315
1964-05-11,80.235
1964-05-12,72.892
1964-05-13,66.96
1964-05-14,70.477
1964-05-15,79.304
1964-05-16,84.059
1964-05-17,81.5875
1964-05-18,73.508995
1964-05-19,61.087498
1964-05-20,68.65
1964-05-21,75.664
1964-05-22,83.0875
1964-05-23,73.246
1964-05-24,69.7
1964-05-25,66.2055
1964-05-26,71.3495
1964-05-27,72.8015
1964-05-28,79.0635
1964-05-29,65.055
1964-05-30,74.8785
1964-05-31,81.463
1964-06-01,69.083496
1964-06-02,58.315998
1964-06-03,69.1685
1964-06-04,68.974
1964-06-05,62.344997
1964-06-06,57.951
1964-06-07,60.66
1964-06-08,68.6205
1964-06-09,86.1605
1964-06-10,82.5545
1964-06-11,76.7565
1964-06-12,70.8705
1964-06-13,70.695
1964-06-14,71.8955
1964-06-15,68.441
1964-06-16,70.0525
1964-06-17,82.802
1964-06-18,76.141495
1964-06-19,74.7495
1964-06-20,71.2955
1964-06-21,68.0535
1964-06-22,71.578
1964-06-23,73.199
1964-06-24,70.486496
1964-06-25,72.269
1964-06-26,64.069496
1964-06-27,63.3145
1964-06-28,63.063
1964-06-29,81.6355
1964-06-30,83.011
1964-07-01,70.4405
1964-07-02,84.4855
1964-07-03,66.595
1964-07-04,70.7455
1964-07-05,79.025
1964-07-06,77.9055
1964-07-07,65.0865
1964-07-08,61.1885
1964-07-09,53.648
1964-07-10,46.232
1964-07-11,84.8705
1964-07-12,83.76
1964-07-13,75.851
1964-07-14,65.532
1964-07-15,58.788
1964-07-16,68.323
1964-07-17,64.919
1964-07-18,67.3045
1964-07-19,65.427
1964-07-20,57.9025
1964-07-21,61.495
1964-07-22,49.6205
1964-07-23,68.4055
1964-07-24,75.2875
1964-07-25,81.603
1964-07-26,68.2835
1964-07-27,77.0595
1964-07-28,68.34
1964-07-29,69.88
1964-07-30,70.226
1964-07-31,66.6895
1964-08-01,70.588
1964-08-02,74.512
1964-08-03,76.401
1964-08-04,70.373
1964-08-05,64.4095
1964-08-06,65.2405
1964-08-07,58.3165
1964-08-08,67.583
1964-08-09,57.059998
1964-08-10,85.5925
1964-08-11,86.66684
1964-08-12,87.41529
1964-08-13,77.602
1964-08-14,79.881996
1964-08-15,76.14
1964-08-16,85.5905
1964-08-17,72.1345
1964-08-18,61.625
1964-08-19,77.0655
1964-08-20,79.2315
1964-08-21,75.0775
1964-08-22,76.029
1964-08-23,80.3745
1964-08-24,73.408
1964-08-25,70.7335
1964-08-26,75.143
1964-08-27,67.2175
1964-08-28,64.515
1964-08-29,49.732
1964-08-30,75.058
1964-08-31,66.1845
1964-09-01,75.3865
1964-09-02,77.2035
1964-09-03,76.069496
1964-09-04,69.5195
1964-09-05,66.6485
1964-09-06,52.218
1964-09-07,77.1625
1964-09-08,81.094
1964-09-09,77.213
1964-09-10,80.9025
1964-09-11,75.586
1964-09-12,68.2305
1964-09-13,72.9065
1964-09-14,68.6005
1964-09-15,62.501
1964-09-16,57.5975
1964-09-17,71.914
1964-09-18,76.033
1964-09-19,77.210495
1964-09-20,72.669
1964-09-21,90.117775
1964-09-22,88.837364
1964-09-23,92.14364
1964-09-24,86.693
1964-09-25,83.1055
1964-09-26,88.61
1964-09-27,85.3275
1964-09-28,82.224
1964-09-29,81.802
1964-09-30,77.1175
1964-10-01,78.64
1964-10-02,72.925
1964-10-03,78.469
1964-10-04,72.166504
1964-10-05,76.905
1964-10-06,73.6765
1964-10-07,68.233
1964-10-08,58.1215
1964-10-09,73.508995
1964-10-10,64.3295
1964-10-11,85.883
1964-10-12,72.1715
1964-10-13,70.0885
1964-10-14,74.167
1964-10-15,79.0225
1964-10-16,78.8005
1964-10-17,86.221
1964-10-18,81.89
1964-10-19,90.08421
1964-10-20,90.85222
1964-10-21,86.458496
1964-10-22,87.77889
1964-10-23,81.097496
1964-10-24,60.277
1964-10-25,85.4885
1964-10-26,91.060555
1964-10-27,88.745
1964-10-28,85.61579
1964-10-29,84.96895
1964-10-30,86.16
1964-10-31,86.88947
1964-11-01,84.0245
1964-11-02,86.5675
1964-11-03,91.46
1964-11-04,92.97889
1964-11-05,89.845
1964-11-06,92.532
1964-11-07,88.0065
1964-11-08,83.006996
1964-11-09,83.17
1964-11-10,88.54737
1964-11-11,90.79737
1964-11-12,93.74
1964-11-13,91.51375
1964-11-14,79.020996
1964-11-15,80.962494
1964-11-16,69.015
1964-11-17,74.7605
1964-11-18,83.3505
1964-11-19,82.866
1964-11-20,90.371
1964-11-21,89.976875
1964-11-22,87.689445
1964-11-23,82.91526
1964-11-24,89.085266
1964-11-25,82.9145
1964-11-26,69.22
1964-11-27,73.267494
1964-11-28,77.1755
1964-11-29,74.931
1964-11-30,78.946
1964-12-01,92.02385
1964-12-02,88.96375
1964-12-03,91.95384
1964-12-04,92.683334
1964-12-05,88.71
1964-12-06,84.014496
1964-12-07,85.825
1964-12-08,86.125786
1964-12-09,87.318886
1964-12-10,89.05067
1964-12-11,90.98692
1964-12-12,92.48333
1964-12-13,85.91556
1964-12-14,90.69857
1964-12-15,86.42722
1964-12-16,90.60375
1964-12-17,87.81842
1964-12-18,93.18445
1964-12-19,93.572
1964-12-20,87.47111
1964-12-21,90.73778
1964-12-22,92.1075
1964-12-23,89.422356
1964-12-24,90.81722
1964-12-25,86.62631
1964-12-26,91.729996
1964-12-27,90.064735
1964-12-28,85.5595
1964-12-29,80.6155
1964-12-30,91.847145
1964-12-31,84.9245
1965-01-01,83.25474
1965-01-02,91.81812
1965-01-03,92.78167
1965-01-04,92.08454
1965-01-05,86.655
1965-01-06,84.2125
1965-01-07,85.8865
1965-01-08,75.1695
1965-01-09,84.838
1965-01-10,84.61105
1965-01-11,88.62882
1965-01-12,83.70052
1965-01-13,77.6875
1965-01-14,76.173996
1965-01-15,84.38947
1965-01-16,79.112495
1965-01-17,78.417496
1965-01-18,90.96
1965-01-19,87.62053
1965-01-20,93.573074
1965-01-21,88.0305
1965-01-22,89.88
1965-01-23,
1965-01-24,92.975
1965-01-25,93.270004
1965-01-26,87.64786
1965-01-27,87.9035
1965-01-28,82.78
1965-01-29,86.5479
1965-01-30,84.254
1965-01-31,89.11857
1965-02-01,84.38368
1965-02-02,87.782
1965-02-03,85.1525
1965-02-04,87.3785
1965-02-05,80.7
1965-02-06,77.47
1965-02-07,68.4395
1965-02-08,83.404495
1965-02-09,86.87
1965-02-10,86.992
1965-02-11,84.311
1965-02-12,78.555
1965-02-13,78.216995
1965-02-14,77.5215
1965-02-15,82.3535
1965-02-16,90.8
1965-02-17,86.6125
1965-02-18,85.262
1965-02-19,85.208496
1965-02-20,89.65737
1965-02-21,89.89667
1965-02-22,81.872
1965-02-23,82.0195
1965-02-24,76.4125
1965-02-25,84.9005
1965-02-26,75.4795
1965-02-27,81.798
1965-02-28,70.943
1965-03-01,67.1705
1965-03-02,79.264
1965-03-03,80.7815
1965-03-04,76.579
1965-03-05,75.745
1965-03-06,88.8165
1965-03-07,91.34529
1965-03-08,91.11158
1965-03-09,89.89111
1965-03-10,88.51421
1965-03-11,77.121
1965-03-12,77.492
1965-03-13,75.868996
1965-03-14,72.9955
1965-03-15,71.1
1965-03-16,76.2555
1965-03-17,83.3035
1965-03-18,82.6815
1965-03-19,83.505
1965-03-20,91.52545
1965-03-21,81.714
1965-03-22,83.224
1965-03-23,76.839
1965-03-24,87.59737
1965-03-25,87.27944
1965-03-26,89.52412
1965-03-27,90.24083
1965-03-28,84.2015
1965-03-29,78.695496
1965-03-30,75.653
1965-03-31,82.0325
1965-04-01,85.6155
1965-04-02,64.7595
1965-04-03,60.670998
1965-04-04,55.358997
1965-04-05,69.4155
1965-04-06,76.097
1965-04-07,71.9225
1965-04-08,79.501
1965-04-09,84.368
1965-04-10,87.5535
1965-04-11,88.87842
1965-04-12,81.1155
1965-04-13,80.365
1965-04-14,82.761
1965-04-15,85.0225
1965-04-16,87.23263
1965-04-17,87.13526
1965-04-18,74.8685
1965-04-19,71.609
1965-04-20,75.750496
1965-04-21,82.4855
1965-04-22,80.0685
1965-04-23,80.2265
1965-04-24,79.415
1965-04-25,76.8955
1965-04-26,79.7965
1965-04-27,74.695
1965-04-28,72.588
1965-04-29,79.769
1965-04-30,78.2885
1965-05-01,65.4815
1965-05-02,58.736
1965-05-03,70.139496
1965-05-04,50.3345
1965-05-05,61.8835
1965-05-06,87.42117
1965-05-07,86.715
1965-05-08,71.124
1965-05-09,72.6735
1965-05-10,73.1615
1965-05-11,85.661575
1965-05-12,80.1735
1965-05-13,72.097
1965-05-14,69.795
1965-05-15,78.1475
1965-05-16,81.32
1965-05-17,69.3555
1965-05-18,52.636997
1965-05-19,41.021
1965-05-20,75.075
1965-05-21,74.1105
1965-05-22,71.172
1965-05-23,79.9385
1965-05-24,76.7065
1965-05-25,77.375
1965-05-26,77.0265
1965-05-27,75.2285
1965-05-28,79.082
1965-05-29,71.118
1965-05-30,72.9565
1965-05-31,69.653496
1965-06-01,64.3225
1965-06-02,68.715996
1965-06-03,59.372997
1965-06-04,62.517498
1965-06-05,82.86737
1965-06-06,87.80947
1965-06-07,76.251
1965-06-08,68.5085
1965-06-09,78.7545
1965-06-10,85.72263
1965-06-11,86.715
1965-06-12,83.0075
1965-06-13,65.699
1965-06-14,85.27368
1965-06-15,80.356995
1965-06-16,73.9645
1965-06-17,69.690994
1965-06-18,83.98
1965-06-19,74.2175
1965-06-20,72.2835
1965-06-21,71.557495
1965-06-22,69.994
1965-06-23,74.29
1965-06-24,67.514
1965-06-25,66.277
1965-06-26,68.393
1965-06-27,70.6405
1965-06-28,88.13947
1965-06-29,73.1375
1965-06-30,75.773
1965-07-01,69.483
1965-07-02,82.2335
1965-07-03,73.114
1965-07-04,75.405
1965-07-05,76.667496
1965-07-06,68.9855
1965-07-07,61.9085
1965-07-08,50.654
1965-07-09,68.2325
1965-07-10,67.792
1965-07-11,68.445
1965-07-12,59.510998
1965-07-13,72.6835
1965-07-14,62.357
1965-07-15,61.139
1965-07-16,55.422
1965-07-17,68.421
1965-07-18,74.8135
1965-07-19,71.9775
1965-07-20,72.07
1965-07-21,68.069496
1965-07-22,67.757996
1965-07-23,67.7705
1965-07-24,67.25
1965-07-25,69.2965
1965-07-26,73.529495
1965-07-27,70.7555
1965-07-28,69.641495
1965-07-29,57.9645
1965-07-30,63.835
1965-07-31,67.3285
1965-08-01,73.879
1965-08-02,78.371
1965-08-03,65.1215
1965-08-04,70.1495
1965-08-05,66.4365
1965-08-06,61.256
1965-08-07,49.679474
1965-08-08,49.041
1965-08-09,63.8845
1965-08-10,65.5025
1965-08-11,85.232
1965-08-12,79.743996
1965-08-13,73.757996
1965-08-14,66.793
1965-08-15,78.062
1965-08-16,76.813995
1965-08-17,73.709
1965-08-18,66.3255
1965-08-19,72.1495
1965-08-20,68.0255
1965-08-21,55.928497
1965-08-22,57.4355
1965-08-23,59.7565
1965-08-24,43.8965
1965-08-25,74.9595
1965-08-26,85.56579
1965-08-27,84.5565
1965-08-28,76.652
1965-08-29,84.069
1965-08-30,78.268
1965-08-31,67.735
1965-09-01,63.990997
1965-09-02,62.999
1965-09-03,56.8665
1965-09-04,66.095
1965-09-05,64.3915
1965-09-06,75.9145
1965-09-07,76.4465
1965-09-08,78.5765
1965-09-09,61.204998
1965-09-10,61.763496
1965-09-11,63.239
1965-09-12,84.097
1965-09-13,84.593
1965-09-14,82.0775
1965-09-15,76.004
1965-09-16,75.7335
1965-09-17,66.9695
1965-09-18,58.128998
1965-09-19,75.4005
1965-09-20,82.682495
1965-09-21,79.35
1965-09-22,72.727
1965-09-23,67.4555
1965-09-24,61.596
1965-09-25,64.7915
1965-09-26,56.809498
1965-09-27,66.451
1965-09-28,55.0355
1965-09-29,68.335495
1965-09-30,74.2065
1965-10-01,66.743
1965-10-02,67.3725
1965-10-03,69.3235
1965-10-04,71.0765
1965-10-05,71.8155
1965-10-06,78.847496
1965-10-07,77.5745
1965-10-08,75.8625
1965-10-09,78.197
1965-10-10,73.9995
1965-10-11,69.45
1965-10-12,71.0795
1965-10-13,59.3955
1965-10-14,59.988
1965-10-15,56.812
1965-10-16,51.8485
1965-10-17,70.734
1965-10-18,70.3275
1965-10-19,76.361496
1965-10-20,81.242
1965-10-21,76.784996
1965-10-22,77.354
1965-10-23,67.3655
1965-10-24,74.175
1965-10-25,73.4675
1965-10-26,71.131996
1965-10-27,59.3
1965-10-28,57.149
1965-10-29,52.3125
1965-10-30,70.71
1965-10-31,69.4
1965-11-01,73.1835
1965-11-02,69.782
1965-11-03,64.812
1965-11-04,76.737
1965-11-05,83.443
1965-11-06,83.8121
1965-11-07,82.392
1965-11-08,82.833
1965-11-09,84.742
1965-11-10,88.63353
1965-11-11,92.384544
1965-11-12,91.68467
1965-11-13,92.82727
1965-11-14,90.05722
1965-11-15,81.652
1965-11-16,89.25684
1965-11-17,82.3805
1965-11-18,85.513
1965-11-19,88.651054
1965-11-20,91.408005
1965-11-21,88.72
1965-11-22,84.3215
1965-11-23,90.940765
1965-11-24,90.50684
1965-11-25,86.8135
1965-11-26,76.4285
1965-11-27,78.9185
1965-11-28,86.020996
1965-11-29,80.3815
1965-11-30,80.361496
1965-12-01,87.64421
1965-12-02,91.085
1965-12-03,85.3185
1965-12-04,90.854706
1965-12-05,88.62
1965-12-06,86.9475
1965-12-07,87.07158
1965-12-08,90.33
1965-12-09,87.1015
1965-12-10,89.528
1965-12-11,88.75421
1965-12-12,87.73778
1965-12-13,88.41889
1965-12-14,89.19
1965-12-15,86.7935
1965-12-16,85.8865
1965-12-17,87.0755
1965-12-18,90.09866
1965-12-19,90.46182
1965-12-20,87.57588
1965-12-21,91.98923
1965-12-22,93.69
1965-12-23,91.21
1965-12-24,92.121765
1965-12-25,91.380585
1965-12-26,91.45824
1965-12-27,80.6565
1965-12-28,86.8225
1965-12-29,90.33421
1965-12-30,76.8665
1965-12-31,91.61842
1966-01-01,89.65579
1966-01-02,89.10167
1966-01-03,84.761
1966-01-04,85.69944
1966-01-05,80.462
1966-01-06,75.478
1966-01-07,71.4525
1966-01-08,81.2285
1966-01-09,84.815
1966-01-10,85.9115
1966-01-11,85.26631
1966-01-12,90.59778
1966-01-13,90.49263
1966-01-14,86.6705
1966-01-15,81.561
1966-01-16,84.354
1966-01-17,88.816
1966-01-18,90.67263
1966-01-19,86.847
1966-01-20,85.3295
1966-01-21,87.819
1966-01-22,80.6765
1966-01-23,80.582
1966-01-24,91.55059
1966-01-25,85.8885
1966-01-26,85.152
1966-01-27,87.6215
1966-01-28,88.732
1966-01-29,86.17722
1966-01-30,78.9635
1966-01-31,83.0965
1966-02-01,89.62263
1966-02-02,87.98631
1966-02-03,88.647644
1966-02-04,88.42667
1966-02-05,87.78333
1966-02-06,87.477646
1966-02-07,83.095
1966-02-08,85.9145
1966-02-09,83.179
1966-02-10,88.57445
1966-02-11,92.74412
1966-02-12,91.10389
1966-02-13,88.62722
1966-02-14,90.972145
1966-02-15,93.57
1966-02-16,92.029335
1966-02-17,87.8945
1966-02-18,90.8577
1966-02-19,85.72369
1966-02-20,85.92611
1966-02-21,83.3495
1966-02-22,75.918495
1966-02-23,82.46158
1966-02-24,89.93842
1966-02-25,79.5115
1966-02-26,75.385
1966-02-27,75.942
1966-02-28,65.446
1966-03-01,77.233
1966-03-02,84.446
1966-03-03,76.807495
1966-03-04,82.1155
1966-03-05,81.6325
1966-03-06,90.143684
1966-03-07,88.85
1966-03-08,89.9975
1966-03-09,78.085495
1966-03-10,84.960495
1966-03-11,85.679
1966-03-12,79.387
1966-03-13,85.0235
1966-03-14,87.9965
1966-03-15,76.2325
1966-03-16,87.845
1966-03-17,76.5065
1966-03-18,86.297
1966-03-19,84.2325
1966-03-20,73.38
1966-03-21,59.8435
1966-03-22,60.060997
1966-03-23,59.789
1966-03-24,72.833496
1966-03-25,76.6295
1966-03-26,79.4205
1966-03-27,57.418
1966-03-28,62.746998
1966-03-29,81.1855
1966-03-30,84.15
1966-03-31,74.0035
1966-04-01,76.944
1966-04-02,89.368
1966-04-03,81.2725
1966-04-04,82.1205
1966-04-05,80.111496
1966-04-06,78.668495
1966-04-07,67.347496
1966-04-08,60.1255
1966-04-09,68.7145
1966-04-10,73.126495
1966-04-11,82.153
1966-04-12,87.89278
1966-04-13,81.0185
1966-04-14,79.2915
1966-04-15,70.423996
1966-04-16,81.125496
1966-04-17,81.9485
1966-04-18,80.1195
1966-04-19,62.491497
1966-04-20,66.459
1966-04-21,72.123
1966-04-22,78.693
1966-04-23,77.4205
1966-04-24,61.918
1966-04-25,72.3155
1966-04-26,76.9385
1966-04-27,82.0765
1966-04-28,77.679
1966-04-29,77.889
1966-04-30,82.1425
1966-05-01,68.764
1966-05-02,66.2315
1966-05-03,61.427998
1966-05-04,57.499
1966-05-05,60.0565
1966-05-06,58.86
1966-05-07,53.829998
1966-05-08,56.5335
1966-05-09,80.286
1966-05-10,74.469
1966-05-11,78.016
1966-05-12,80.696
1966-05-13,75.723495
1966-05-14,76.9155
1966-05-15,74.4405
1966-05-16,68.432495
1966-05-17,56.371
1966-05-18,63.731
1966-05-19,80.653496
1966-05-20,79.479996
1966-05-21,71.942
1966-05-22,68.5185
1966-05-23,69.506
1966-05-24,84.6615
1966-05-25,71.523
1966-05-26,81.054
1966-05-27,88.02167
1966-05-28,90.21667
1966-05-29,87.04421
1966-05-30,90.53611
1966-05-31,85.3695
1966-06-01,80.2425
1966-06-02,86.49579
1966-06-03,90.153
1966-06-04,82.345
1966-06-05,78.418
1966-06-06,85.766
1966-06-07,83.767
1966-06-08,80.433
1966-06-09,72.821
1966-06-10,79.262
1966-06-11,81.088
1966-06-12,74.1485
1966-06-13,64.901
1966-06-14,68.1315
1966-06-15,71.696
1966-06-16,81.168
1966-06-17,76.455
1966-06-18,74.946495
1966-06-19,72.998
1966-06-20,84.959
1966-06-21,86.425
1966-06-22,83.364
1966-06-23,68.9205
1966-06-24,67.4775
1966-06-25,88.59631
1966-06-26,82.982
1966-06-27,86.54
1966-06-28,82.384
1966-06-29,84.5165
1966-06-30,84.740524
1966-07-01,86.0675
1966-07-02,80.337
1966-07-03,73.173996
1966-07-04,69.653496
1966-07-05,70.407
1966-07-06,75.2285
1966-07-07,71.352
1966-07-08,73.7255
1966-07-09,79.8925
1966-07-10,75.5405
1966-07-11,67.354996
1966-07-12,75.7915
1966-07-13,66.766495
1966-07-14,72.058
1966-07-15,78.0175
1966-07-16,76.876495
1966-07-17,74.5685
1966-07-18,71.24
1966-07-19,75.88
1966-07-20,75.0325
1966-07-21,83.2245
1966-07-22,84.198
1966-07-23,88.322105
1966-07-24,85.35
1966-07-25,86.302
1966-07-26,82.221
1966-07-27,76.1915
1966-07-28,72.405
1966-07-29,91.075
1966-07-30,74.7055
1966-07-31,80.1775
1966-08-01,77.273
1966-08-02,80.7005
1966-08-03,77.0515
1966-08-04,71.1295
1966-08-05,73.9135
1966-08-06,87.635
1966-08-07,77.836
1966-08-08,75.504
1966-08-09,73.187996
1966-08-10,77.8035
1966-08-11,77.5385
1966-08-12,80.112
1966-08-13,74.5745
1966-08-14,77.505
1966-08-15,76.974495
1966-08-16,79.4855
1966-08-17,79.18
1966-08-18,73.028496
1966-08-19,65.806496
1966-08-20,75.214
1966-08-21,80.6915
1966-08-22,78.8325
1966-08-23,78.8905
1966-08-24,81.03
1966-08-25,85.3045
1966-08-26,88.26556
1966-08-27,85.395
1966-08-28,77.4355
1966-08-29,79.744
1966-08-30,73.994
1966-08-31,75.122
1966-09-01,90.70067
1966-09-02,85.4185
1966-09-03,83.054
1966-09-04,79.126495
1966-09-05,76.185
1966-09-06,86.803
1966-09-07,86.563
1966-09-08,81.9575
1966-09-09,76.755
1966-09-10,75.5205
1966-09-11,80.1985
1966-09-12,73.5915
1966-09-13,68.4775
1966-09-14,80.663
1966-09-15,75.0115
1966-09-16,78.4485
1966-09-17,80.658
1966-09-18,80.653
1966-09-19,85.535995
1966-09-20,75.864
1966-09-21,74.640495
1966-09-22,79.1705
1966-09-23,81.3495
1966-09-24,82.837
1966-09-25,79.943
1966-09-26,75.932495
1966-09-27,74.639496
1966-09-28,78.6735
1966-09-29,75.663
1966-09-30,76.654
1966-10-01,82.438
1966-10-02,84.1565
1966-10-03,83.2675
1966-10-04,83.4425
1966-10-05,84.0375
1966-10-06,82.227
1966-10-07,78.3665
1966-10-08,76.5495
1966-10-09,73.705
1966-10-10,81.4415
1966-10-11,82.226
1966-10-12,83.9385
1966-10-13,88.253685
1966-10-14,92.62
1966-10-15,90.38368
1966-10-16,83.3955
1966-10-17,80.2865
1966-10-18,78.165
1966-10-19,83.153
1966-10-20,84.801
1966-10-21,90.67333
1966-10-22,88.36053
1966-10-23,80.409996
1966-10-24,74.984
1966-10-25,81.402
1966-10-26,88.49
1966-10-27,82.9885
1966-10-28,87.2375
1966-10-29,87.43316
1966-10-30,88.858665
1966-10-31,94.71
1966-11-01,92.17
1966-11-02,89.031876
1966-11-03,89.932106
1966-11-04,84.4645
1966-11-05,88.115555
1966-11-06,92.401665
1966-11-07,88.969376
1966-11-08,87.002945
1966-11-09,79.2885
1966-11-10,79.6425
1966-11-11,90.6075
1966-11-12,92.93
1966-11-13,94.455
1966-11-14,90.432
1966-11-15,92.926155
1966-11-16,87.40158
1966-11-17,88.8175
1966-11-18,91.65857
1966-11-19,93.91
1966-11-20,92.296875
1966-11-21,93.295
1966-11-22,91.424286
1966-11-23,87.922
1966-11-24,89.658
1966-11-25,91.22539
1966-11-26,89.319
1966-11-27,92.31
1966-11-28,93.25667
1966-11-29,90.40941
1966-11-30,93.6625
1966-12-01,85.0865
1966-12-02,79.783
1966-12-03,86.444
1966-12-04,86.6655
1966-12-05,84.7815
1966-12-06,92.86769
1966-12-07,92.08786
1966-12-08,91.277504
1966-12-09,91.624374
1966-12-10,92.835335
1966-12-11,89.70333
1966-12-12,84.429
1966-12-13,86.8355
1966-12-14,92.10834
1966-12-15,90.01474
1966-12-16,90.704
1966-12-17,88.0545
1966-12-18,92.71714
1966-12-19,93.356
1966-12-20,91.65938
1966-12-21,91.505714
1966-12-22,92.664444
1966-12-23,92.986664
1966-12-24,91.33125
1966-12-25,90.75692
1966-12-26,90.19187
1966-12-27,87.97053
1966-12-28,84.892
1966-12-29,86.0925
1966-12-30,85.986
1966-12-31,92.555336
1967-01-01,90.94091
1967-01-02,92.00875
1967-01-03,88.36
1967-01-04,88.37053
1967-01-05,84.168
1967-01-06,84.9045
1967-01-07,90.69278
1967-01-08,89.9305
1967-01-09,88.878235
1967-01-10,85.5375
1967-01-11,82.037
1967-01-12,88.47211
1967-01-13,88.169
1967-01-14,88.066666
1967-01-15,87.29611
1967-01-16,86.448
1967-01-17,81.693
1967-01-18,82.895
1967-01-19,77.783
1967-01-20,73.813995
1967-01-21,72.707
1967-01-22,82.9365
1967-01-23,86.6955
1967-01-24,85.9985
1967-01-25,92.17214
1967-01-26,88.09789
1967-01-27,87.48947
1967-01-28,80.1025
1967-01-29,86.644
1967-01-30,86.6445
1967-01-31,79.7775
1967-02-01,83.7885
1967-02-02,90.829094
1967-02-03,93.718
1967-02-04,90.91167
1967-02-05,91.61933
1967-02-06,91.56625
1967-02-07,88.22143
1967-02-08,91.01312
1967-02-09,87.69
1967-02-10,91.87933
1967-02-11,85.910995
1967-02-12,80.151
1967-02-13,83.5605
1967-02-14,84.87789
1967-02-15,84.708
1967-02-16,83.8445
1967-02-17,72.477
1967-02-18,77.5
1967-02-19,82.557
1967-02-20,89.015
1967-02-21,88.65947
1967-02-22,83.524
1967-02-23,75.208496
1967-02-24,83.0435
1967-02-25,68.0965
1967-02-26,73.6205
1967-02-27,79.1185
1967-02-28,83.7065
1967-03-01,72.257
1967-03-02,84.8915
1967-03-03,85.102
1967-03-04,83.729
1967-03-05,80.293
1967-03-06,79.8245
1967-03-07,81.18842
1967-03-08,69.395996
1967-03-09,67.783
1967-03-10,72.782
1967-03-11,81.154495
1967-03-12,83.0205
1967-03-13,76.108
1967-03-14,91.09643
1967-03-15,91.68105
1967-03-16,87.24
1967-03-17,90.22471
1967-03-18,87.3045
1967-03-19,90.49438
1967-03-20,88.291664
1967-03-21,84.934
1967-03-22,88.114
1967-03-23,83.573
1967-03-24,78.375
1967-03-25,78.935
1967-03-26,71.4625
1967-03-27,70.8125
1967-03-28,67.978
1967-03-29,80.6755
1967-03-30,87.726
1967-03-31,84.3985
1967-04-01,82.9645
1967-04-02,79.6725
1967-04-03,76.218
1967-04-04,80.7555
1967-04-05,81.898
1967-04-06,72.4495
1967-04-07,71.1595
1967-04-08,77.1065
1967-04-09,62.406498
1967-04-10,53.945
1967-04-11,62.853497
1967-04-12,69.7605
1967-04-13,69.9515
1967-04-14,87.198944
1967-04-15,89.557
1967-04-16,82.9335
1967-04-17,70.4995
1967-04-18,59.072998
1967-04-19,81.5955
1967-04-20,62.168
1967-04-21,51.6235
1967-04-22,90.184
1967-04-23,91.89
1967-04-24,90.51
1967-04-25,88.71778
1967-04-26,81.1765
1967-04-27,86.0665
1967-04-28,85.5221
1967-04-29,86.1005
1967-04-30,78.7135
1967-05-01,71.632996
1967-05-02,71.6865
1967-05-03,74.1605
1967-05-04,90.448944
1967-05-05,84.826
1967-05-06,83.528
1967-05-07,78.9895
1967-05-08,79.029
1967-05-09,72.698
1967-05-10,69.781
1967-05-11,74.5255
1967-05-12,71.6865
1967-05-13,62.617
1967-05-14,60.677
1967-05-15,52.080498
1967-05-16,64.7625
1967-05-17,70.205
1967-05-18,75.335
1967-05-19,88.8795
1967-05-20,88.125
1967-05-21,90.16706
1967-05-22,92.755
1967-05-23,84.45368
1967-05-24,89.846
1967-05-25,83.87947
1967-05-26,86.1685
1967-05-27,71.071
1967-05-28,80.597
1967-05-29,76.18
1967-05-30,71.49
1967-05-31,76.2435
1967-06-01,85.166
1967-06-02,84.206
1967-06-03,77.095
1967-06-04,74.196
1967-06-05,75.4505
1967-06-06,74.807495
1967-06-07,61.351
1967-06-08,72.643
1967-06-09,92.163635
1967-06-10,91.13571
1967-06-11,89.94222
1967-06-12,78.771996
1967-06-13,83.507996
1967-06-14,92.29786
1967-06-15,83.85474
1967-06-16,85.1695
1967-06-17,79.1195
1967-06-18,82.2895
1967-06-19,81.802
1967-06-20,82.69369
1967-06-21,82.4295
1967-06-22,79.52
1967-06-23,74.442
1967-06-24,69.645
1967-06-25,65.143
1967-06-26,66.561
1967-06-27,63.917
1967-06-28,75.798
1967-06-29,77.8675
1967-06-30,71.5535
1967-07-01,68.771996
1967-07-02,66.459496
1967-07-03,68.3155
1967-07-04,81.383995
1967-07-05,78.5205
1967-07-06,74.476
1967-07-07,73.3375
1967-07-08,66.462
1967-07-09,68.526
1967-07-10,84.705
1967-07-11,80.306
1967-07-12,71.949
1967-07-13,68.225
1967-07-14,64.6355
1967-07-15,67.647995
1967-07-16,74.9925
1967-07-17,80.8585
1967-07-18,82.499
1967-07-19,76.044
1967-07-20,64.1785
1967-07-21,71.8255
1967-07-22,67.8035
1967-07-23,70.227
1967-07-24,69.249
1967-07-25,70.514
1967-07-26,67.7555
1967-07-27,69.070496
1967-07-28,70.696
1967-07-29,76.583496
1967-07-30,73.8805
1967-07-31,73.36
1967-08-01,72.4365
1967-08-02,70.8365
1967-08-03,74.015
1967-08-04,64.889
1967-08-05,72.399
1967-08-06,69.7765
1967-08-07,75.997
1967-08-08,70.024
1967-08-09,67.1365
1967-08-10,62.558
1967-08-11,61.309998
1967-08-12,77.8535
1967-08-13,73.202995
1967-08-14,83.237
1967-08-15,78.681
1967-08-16,67.6705
1967-08-17,63.584
1967-08-18,70.4475
1967-08-19,74.6065
1967-08-20,74.913
1967-08-21,73.843
1967-08-22,70.585495
1967-08-23,71.5485
1967-08-24,68.590996
1967-08-25,66.615
1967-08-26,74.178
1967-08-27,83.63
1967-08-28,85.313
1967-08-29,80.797
1967-08-30,71.1275
1967-08-31,74.1495
1967-09-01,76.389
1967-09-02,74.847496
1967-09-03,73.4645
1967-09-04,63.7235
1967-09-05,65.6465
1967-09-06,70.154
1967-09-07,76.9435
1967-09-08,67.744995
1967-09-09,58.891
1967-09-10,58.947998
1967-09-11,81.626495
1967-09-12,90.12059
1967-09-13,84.71842
1967-09-14,77.978
1967-09-15,77.613
1967-09-16,86.236
1967-09-17,90.1735
1967-09-18,89.87158
1967-09-19,85.64263
1967-09-20,84.6985
1967-09-21,81.3935
1967-09-22,75.404495
1967-09-23,82.7995
1967-09-24,78.6935
1967-09-25,77.4285
1967-09-26,75.5645
1967-09-27,78.2615
1967-09-28,78.8245
1967-09-29,84.1705
1967-09-30,78.1355
1967-10-01,82.1105
1967-10-02,77.0
1967-10-03,78.489
1967-10-04,82.381
1967-10-05,90.78562
1967-10-06,86.904
1967-10-07,82.443
1967-10-08,85.8935
1967-10-09,83.4715
1967-10-10,92.80125
1967-10-11,91.71857
1967-10-12,85.0465
1967-10-13,78.6365
1967-10-14,84.542
1967-10-15,80.733
1967-10-16,80.863
1967-10-17,73.245995
1967-10-18,78.1175
1967-10-19,80.0165
1967-10-20,68.7275
1967-10-21,67.434
1967-10-22,65.1165
1967-10-23,78.099
1967-10-24,74.233
1967-10-25,87.177
1967-10-26,87.039
1967-10-27,87.731
1967-10-28,80.5255
1967-10-29,74.970505
1967-10-30,92.05
1967-10-31,93.111664
1967-11-01,93.2
1967-11-02,90.74875
1967-11-03,91.796844
1967-11-04,94.14166
1967-11-05,87.70526
1967-11-06,86.281
1967-11-07,92.20818
1967-11-08,88.35934
1967-11-09,88.64
1967-11-10,89.70167
1967-11-11,91.973
1967-11-12,87.86056
1967-11-13,80.7865
1967-11-14,78.747
1967-11-15,77.221
1967-11-16,78.83789
1967-11-17,80.4805
1967-11-18,75.976
1967-11-19,88.691666
1967-11-20,83.47263
1967-11-21,81.526
1967-11-22,81.8465
1967-11-23,86.433334
1967-11-24,83.802
1967-11-25,81.405785
1967-11-26,81.961
1967-11-27,81.7935
1967-11-28,88.552
1967-11-29,90.10421
1967-11-30,93.77625
1967-12-01,91.75
1967-12-02,87.21667
1967-12-03,88.791664
1967-12-04,85.55947
1967-12-05,85.86053
1967-12-06,75.109
1967-12-07,83.127
1967-12-08,81.3185
1967-12-09,90.68889
1967-12-10,85.944
1967-12-11,84.7775
1967-12-12,93.225716
1967-12-13,90.89059
1967-12-14,89.67833
1967-12-15,86.576004
1967-12-16,87.322105
1967-12-17,89.878334
1967-12-18,88.24421
1967-12-19,86.002
1967-12-20,86.08053
1967-12-21,83.262
1967-12-22,83.5385
1967-12-23,85.83421
1967-12-24,84.607895
1967-12-25,84.647
1967-12-26,88.90948
1967-12-27,90.60777
1967-12-28,89.91333
1967-12-29,91.25889
1967-12-30,92.098
1967-12-31,91.84637
1968-01-01,87.274
1968-01-02,90.94111
1968-01-03,91.345
1968-01-04,86.24263
1968-01-05,83.9095
1968-01-06,84.037
1968-01-07,79.3785
1968-01-08,87.41
1968-01-09,82.172104
1968-01-10,81.909996
1968-01-11,81.320496
1968-01-12,79.3795
1968-01-13,80.555
1968-01-14,70.235
1968-01-15,89.15895
1968-01-16,73.6105
1968-01-17,76.335
1968-01-18,90.807335
1968-01-19,
1968-01-20,88.38143
1968-01-21,84.7345
1968-01-22,82.01316
1968-01-23,88.344
1968-01-24,87.862
1968-01-25,91.5445
1968-01-26,87.3
1968-01-27,83.7935
1968-01-28,83.2775
1968-01-29,84.49765
1968-01-30,83.89
1968-01-31,85.451
1968-02-01,84.49737
1968-02-02,82.9
1968-02-03,89.23556
1968-02-04,86.10944
1968-02-05,87.81722
1968-02-06,85.597
1968-02-07,82.5365
1968-02-08,86.0725
1968-02-09,90.48778
1968-02-10,91.865
1968-02-11,87.145996
1968-02-12,84.733
1968-02-13,89.08353
1968-02-14,87.06333
1968-02-15,87.8565
1968-02-16,89.24833
1968-02-17,92.06416
1968-02-18,84.728424
1968-02-19,82.0445
1968-02-20,74.033
1968-02-21,81.24
1968-02-22,82.81526
1968-02-23,85.280525
1968-02-24,88.05
1968-02-25,86.751495
1968-02-26,88.46684
1968-02-27,89.72611
1968-02-28,85.73278
1968-02-29,87.770996
1968-03-01,87.371056
1968-03-02,84.706
1968-03-03,86.92684
1968-03-04,84.75737
1968-03-05,81.617
1968-03-06,87.287
1968-03-07,90.04263
1968-03-08,87.368004
1968-03-09,85.163
1968-03-10,83.227
1968-03-11,83.288
1968-03-12,87.0545
1968-03-13,80.9385
1968-03-14,73.8965
1968-03-15,65.654
1968-03-16,74.8645
1968-03-17,64.969
1968-03-18,68.9525
1968-03-19,83.687996
1968-03-20,63.0995
1968-03-21,62.075
1968-03-22,70.270996
1968-03-23,79.645
1968-03-24,74.6885
1968-03-25,73.6155
1968-03-26,76.1705
1968-03-27,77.782
1968-03-28,63.859497
1968-03-29,69.173996
1968-03-30,55.1415
1968-03-31,52.6535
1968-04-01,51.966
1968-04-02,58.2845
1968-04-03,58.2715
1968-04-04,70.582
1968-04-05,55.717
1968-04-06,51.015
1968-04-07,69.406
1968-04-08,82.224
1968-04-09,88.274
1968-04-10,76.250496
1968-04-11,67.8015
1968-04-12,62.733498
1968-04-13,72.002
1968-04-14,68.2455
1968-04-15,64.8215
1968-04-16,71.5405
1968-04-17,68.197
1968-04-18,56.4305
1968-04-19,54.609
1968-04-20,55.739998
1968-04-21,50.682
1968-04-22,53.347
1968-04-23,53.622498
1968-04-24,52.802998
1968-04-25,62.1365
1968-04-26,63.691998
1968-04-27,74.242
1968-04-28,72.787
1968-04-29,67.812996
1968-04-30,70.659996
1968-05-01,71.9135
1968-05-02,54.557
1968-05-03,68.396996
1968-05-04,63.483498
1968-05-05,52.622997
1968-05-06,39.799
1968-05-07,59.806
1968-05-08,72.8775
1968-05-09,67.965996
1968-05-10,66.5675
1968-05-11,63.8515
1968-05-12,52.656998
1968-05-13,76.3235
1968-05-14,85.9145
1968-05-15,80.437
1968-05-16,73.1895
1968-05-17,78.667
1968-05-18,78.836
1968-05-19,73.807
1968-05-20,69.048
1968-05-21,62.218998
1968-05-22,75.2965
1968-05-23,78.070496
1968-05-24,76.965
1968-05-25,81.681
1968-05-26,80.8545
1968-05-27,72.376495
1968-05-28,65.04
1968-05-29,53.934998
1968-05-30,73.4275
1968-05-31,85.860504
1968-06-01,87.96555
1968-06-02,76.052
1968-06-03,80.7275
1968-06-04,71.5675
1968-06-05,57.2705
1968-06-06,50.355
1968-06-07,51.449497
1968-06-08,57.233997
1968-06-09,62.0765
1968-06-10,89.17263
1968-06-11,82.184
1968-06-12,78.6685
1968-06-13,82.95
1968-06-14,70.199
1968-06-15,56.174
1968-06-16,56.768497
1968-06-17,57.847
1968-06-18,59.412
1968-06-19,61.1695
1968-06-20,57.344498
1968-06-21,74.5995
1968-06-22,70.628
1968-06-23,60.3545
1968-06-24,58.4175
1968-06-25,74.392
1968-06-26,65.0525
1968-06-27,65.749
1968-06-28,69.2405
1968-06-29,60.503
1968-06-30,56.642998
1968-07-01,57.2465
1968-07-02,68.1515
1968-07-03,75.0115
1968-07-04,71.448
1968-07-05,70.7465
1968-07-06,62.1965
1968-07-07,60.883
1968-07-08,56.427498
1968-07-09,61.771
1968-07-10,63.3645
1968-07-11,60.5615
1968-07-12,65.309
1968-07-13,67.0655
1968-07-14,63.3665
1968-07-15,62.003498
1968-07-16,81.201
1968-07-17,73.247
1968-07-18,83.906
1968-07-19,88.76369
1968-07-20,77.182
1968-07-21,78.297
1968-07-22,90.359
1968-07-23,79.117
1968-07-24,79.529495
1968-07-25,78.2905
1968-07-26,84.516
1968-07-27,84.6095
1968-07-28,86.4915
1968-07-29,89.6905
1968-07-30,81.562
1968-07-31,74.316
1968-08-01,68.312996
1968-08-02,72.006996
1968-08-03,79.4965
1968-08-04,89.19611
1968-08-05,75.957
1968-08-06,73.309
1968-08-07,73.050995
1968-08-08,78.626
1968-08-09,85.733
1968-08-10,90.47111
1968-08-11,87.00632
1968-08-12,81.164
1968-08-13,87.167
1968-08-14,75.908
1968-08-15,87.4275
1968-08-16,73.021996
1968-08-17,66.182
1968-08-18,80.4395
1968-08-19,91.63
1968-08-20,88.457504
1968-08-21,83.09
1968-08-22,73.61
1968-08-23,88.555786
1968-08-24,89.234
1968-08-25,90.48368
1968-08-26,87.770996
1968-08-27,87.88333
1968-08-28,86.5245
1968-08-29,82.13
1968-08-30,77.3025
1968-08-31,83.8775
1968-09-01,89.613
1968-09-02,87.507
1968-09-03,85.3095
1968-09-04,80.44
1968-09-05,85.307
1968-09-06,90.074
1968-09-07,88.89167
1968-09-08,82.1035
1968-09-09,85.612
1968-09-10,82.069
1968-09-11,81.766
1968-09-12,80.2335
1968-09-13,86.483
1968-09-14,79.805
1968-09-15,80.14
1968-09-16,80.7595
1968-09-17,80.349
1968-09-18,87.78895
1968-09-19,89.25889
1968-09-20,87.1295
1968-09-21,77.5345
1968-09-22,85.9
1968-09-23,80.894
1968-09-24,86.534
1968-09-25,90.289474
1968-09-26,87.5935
1968-09-27,79.9065
1968-09-28,76.4255
1968-09-29,83.388504
1968-09-30,86.2475
1968-10-01,92.24833
1968-10-02,82.139
1968-10-03,87.79588
1968-10-04,85.3025
1968-10-05,88.076
1968-10-06,79.5605
1968-10-07,84.334
1968-10-08,77.627
1968-10-09,74.047
1968-10-10,87.6221
1968-10-11,89.96842
1968-10-12,88.3575
1968-10-13,83.411
1968-10-14,84.744
1968-10-15,88.81579
1968-10-16,90.58083
1968-10-17,91.5175
1968-10-18,90.367226
1968-10-19,85.663
1968-10-20,80.716995
1968-10-21,81.3325
1968-10-22,76.2055
1968-10-23,72.77
1968-10-24,77.483
1968-10-25,84.0875
1968-10-26,83.8435
1968-10-27,90.772224
1968-10-28,90.702225
1968-10-29,78.822
1968-10-30,83.739
1968-10-31,77.091995
1968-11-01,73.4945
1968-11-02,71.5465
1968-11-03,76.7645
1968-11-04,79.5275
1968-11-05,88.26
1968-11-06,92.255
1968-11-07,
1968-11-08,91.83909
1968-11-09,90.745
1968-11-10,92.89222
1968-11-11,91.14412
1968-11-12,90.73375
1968-11-13,95.01
1968-11-14,92.764
1968-11-15,90.638336
1968-11-16,91.577774
1968-11-17,91.426
1968-11-18,92.249
1968-11-19,91.87143
1968-11-20,92.80167
1968-11-21,
1968-11-22,
1968-11-23,89.6175
1968-11-24,89.13611
1968-11-25,91.818
1968-11-26,92.67667
1968-11-27,88.40385
1968-11-28,91.33
1968-11-29,86.38177
1968-11-30,92.788
1968-12-01,92.018745
1968-12-02,89.32286
1968-12-03,85.814735
1968-12-04,87.74737
1968-12-05,84.622
1968-12-06,83.338
1968-12-07,81.771
1968-12-08,88.094444
1968-12-09,91.47823
1968-12-10,87.05421
1968-12-11,78.1845
1968-12-12,77.1015
1968-12-13,81.657364
1968-12-14,84.24895
1968-12-15,84.8
1968-12-16,80.093
1968-12-17,85.85
1968-12-18,87.26611
1968-12-19,84.611
1968-12-20,90.836426
1968-12-21,92.123634
1968-12-22,91.92333
1968-12-23,91.20187
1968-12-24,92.6875
1968-12-25,91.972305
1968-12-26,90.386665
1968-12-27,90.53364
1968-12-28,87.4845
1968-12-29,89.92778
1968-12-30,88.98294
1968-12-31,88.89389
1969-01-01,85.956314
1969-01-02,89.54056
1969-01-03,89.78529
1969-01-04,90.21778
1969-01-05,85.681
1969-01-06,84.6805
1969-01-07,80.1585
1969-01-08,78.484
1969-01-09,83.4635
1969-01-10,85.522995
1969-01-11,86.1715
1969-01-12,84.8379
1969-01-13,70.9935
1969-01-14,70.948
1969-01-15,87.1065
1969-01-16,86.5045
1969-01-17,90.32429
1969-01-18,91.236
1969-01-19,91.73059
1969-01-20,85.223495
1969-01-21,78.953
1969-01-22,80.761
1969-01-23,81.5185
1969-01-24,89.97429
1969-01-25,88.84105
1969-01-26,83.0595
1969-01-27,81.906
1969-01-28,79.750496
1969-01-29,75.587
1969-01-30,90.52529
1969-01-31,79.826
1969-02-01,82.753
1969-02-02,77.9935
1969-02-03,88.611115
1969-02-04,89.18579
1969-02-05,91.10111
1969-02-06,91.965385
1969-02-07,89.01684
1969-02-08,83.284
1969-02-09,91.523575
1969-02-10,90.08474
1969-02-11,89.26556
1969-02-12,81.0025
1969-02-13,86.486496
1969-02-14,87.37
1969-02-15,91.95
1969-02-16,91.70722
1969-02-17,92.674446
1969-02-18,87.87111
1969-02-19,86.332
1969-02-20,88.39889
1969-02-21,92.692
1969-02-22,89.53687
1969-02-23,86.19842
1969-02-24,87.1855
1969-02-25,92.3175
1969-02-26,93.46455
1969-02-27,91.067696
1969-02-28,88.30941
1969-03-01,91.51
1969-03-02,89.093155
1969-03-03,91.31353
1969-03-04,91.51647
1969-03-05,90.28928
1969-03-06,82.547
1969-03-07,83.367
1969-03-08,87.93722
1969-03-09,82.926
1969-03-10,75.135
1969-03-11,80.5085
1969-03-12,87.269
1969-03-13,85.9975
1969-03-14,86.757225
1969-03-15,88.94474
1969-03-16,90.681175
1969-03-17,92.597145
1969-03-18,92.75
1969-03-19,90.18823
1969-03-20,87.098
1969-03-21,88.8565
1969-03-22,81.679
1969-03-23,77.7165
1969-03-24,85.0165
1969-03-25,83.1525
1969-03-26,91.447334
1969-03-27,92.77909
1969-03-28,93.7
1969-03-29,93.28
1969-03-30,91.475716
1969-03-31,84.486
1969-04-01,79.0545
1969-04-02,78.912
1969-04-03,84.5905
1969-04-04,84.84
1969-04-05,76.741
1969-04-06,74.0105
1969-04-07,75.527
1969-04-08,70.289
1969-04-09,72.3605
1969-04-10,75.6655
1969-04-11,78.095
1969-04-12,69.209
1969-04-13,77.3735
1969-04-14,83.65722
1969-04-15,86.939476
1969-04-16,81.9785
1969-04-17,77.0775
1969-04-18,80.960495
1969-04-19,77.2
1969-04-20,78.933
1969-04-21,73.32
1969-04-22,73.11
1969-04-23,86.881996
1969-04-24,80.3285
1969-04-25,74.919495
1969-04-26,73.368
1969-04-27,62.156498
1969-04-28,46.6895
1969-04-29,51.983498
1969-04-30,65.2825
1969-05-01,65.800995
1969-05-02,70.157
1969-05-03,74.5665
1969-05-04,63.9545
1969-05-05,54.822998
1969-05-06,62.532997
1969-05-07,61.5095
1969-05-08,75.3955
1969-05-09,82.291
1969-05-10,84.7375
1969-05-11,83.6195
1969-05-12,77.6435
1969-05-13,74.5215
1969-05-14,66.6845
1969-05-15,64.122
1969-05-16,60.954
1969-05-17,71.738
1969-05-18,69.47
1969-05-19,84.58
1969-05-20,77.000496
1969-05-21,78.366
1969-05-22,85.0565
1969-05-23,75.9785
1969-05-24,67.115
1969-05-25,63.218
1969-05-26,66.542
1969-05-27,80.2625
1969-05-28,69.4835
1969-05-29,62.708
1969-05-30,66.041
1969-05-31,66.373
1969-06-01,75.626
1969-06-02,83.4825
1969-06-03,79.640495
1969-06-04,89.97895
1969-06-05,82.1105
1969-06-06,80.4525
1969-06-07,91.049416
1969-06-08,87.178
1969-06-09,80.6875
1969-06-10,88.3245
1969-06-11,90.38278
1969-06-12,85.0865
1969-06-13,75.809
1969-06-14,83.1085
1969-06-15,88.10579
1969-06-16,91.58
1969-06-17,84.4235
1969-06-18,80.7355
1969-06-19,75.9265
1969-06-20,87.95263
1969-06-21,87.733
1969-06-22,88.8085
1969-06-23,79.053
1969-06-24,78.923
1969-06-25,84.43842
1969-06-26,89.26278
1969-06-27,87.9795
1969-06-28,76.968
1969-06-29,86.0105
1969-06-30,84.8385
1969-07-01,87.341995
1969-07-02,80.2585
1969-07-03,77.257996
1969-07-04,77.984
1969-07-05,79.729
1969-07-06,85.175
1969-07-07,79.7995
1969-07-08,87.769
1969-07-09,85.05
1969-07-10,85.411575
1969-07-11,92.65929
1969-07-12,83.548996
1969-07-13,80.899
1969-07-14,80.6095
1969-07-15,70.6625
1969-07-16,71.483
1969-07-17,71.394
1969-07-18,82.442
1969-07-19,78.287
1969-07-20,85.3625
1969-07-21,81.3365
1969-07-22,83.338
1969-07-23,87.359
1969-07-24,76.3845
1969-07-25,79.95
1969-07-26,75.736496
1969-07-27,77.3785
1969-07-28,80.0765
1969-07-29,79.5925
1969-07-30,76.8225
1969-07-31,68.0795
1969-08-01,70.2635
1969-08-02,73.441
1969-08-03,75.877
1969-08-04,80.0945
1969-08-05,73.227
1969-08-06,66.975
1969-08-07,63.0445
1969-08-08,69.0215
1969-08-09,84.625
1969-08-10,88.058
1969-08-11,88.665
1969-08-12,83.8055
1969-08-13,84.4085
1969-08-14,80.6525
1969-08-15,78.505
1969-08-16,79.3305
1969-08-17,90.342
1969-08-18,92.196
1969-08-19,90.522224
1969-08-20,85.18895
1969-08-21,83.4565
1969-08-22,78.5205
1969-08-23,82.398
1969-08-24,85.395
1969-08-25,88.312
1969-08-26,80.3365
1969-08-27,74.844
1969-08-28,88.98334
1969-08-29,81.1655
1969-08-30,68.01
1969-08-31,81.8595
1969-09-01,75.1665
1969-09-02,80.6615
1969-09-03,80.4075
1969-09-04,80.205
1969-09-05,85.373
1969-09-06,85.433
1969-09-07,89.5795
1969-09-08,78.058
1969-09-09,74.278496
1969-09-10,75.106
1969-09-11,78.5545
1969-09-12,78.056
1969-09-13,77.292
1969-09-14,72.618996
1969-09-15,75.8655
1969-09-16,81.6625
1969-09-17,81.2395
1969-09-18,83.0825
1969-09-19,86.069
1969-09-20,87.187
1969-09-21,80.4005
1969-09-22,80.389496
1969-09-23,82.895996
1969-09-24,84.321
1969-09-25,74.2195
1969-09-26,77.348
1969-09-27,76.2145
1969-09-28,80.163
1969-09-29,77.385
1969-09-30,77.493996
1969-10-01,85.1135
1969-10-02,75.236496
1969-10-03,72.0885
1969-10-04,80.912
1969-10-05,83.983
1969-10-06,80.104
1969-10-07,75.6315
1969-10-08,76.676
1969-10-09,73.1605
1969-10-10,64.993
1969-10-11,68.221504
1969-10-12,80.351
1969-10-13,75.819496
1969-10-14,65.0935
1969-10-15,74.703
1969-10-16,78.641
1969-10-17,79.153496
1969-10-18,78.2855
1969-10-19,74.3305
1969-10-20,69.733
1969-10-21,67.0645
1969-10-22,74.916
1969-10-23,76.528496
1969-10-24,84.796
1969-10-25,87.634
1969-10-26,82.83158
1969-10-27,80.721
1969-10-28,78.541
1969-10-29,78.0335
1969-10-30,73.886
1969-10-31,76.482
1969-11-01,79.3085
1969-11-02,68.357
1969-11-03,61.510998
1969-11-04,64.656
1969-11-05,77.445
1969-11-06,83.144
1969-11-07,81.51
1969-11-08,73.25
1969-11-09,83.848
1969-11-10,81.006
1969-11-11,76.581
1969-11-12,76.8165
1969-11-13,84.5505
1969-11-14,77.247
1969-11-15,85.4085
1969-11-16,88.791
1969-11-17,78.4195
1969-11-18,90.32111
1969-11-19,82.2825
1969-11-20,69.651
1969-11-21,72.0075
1969-11-22,78.625
1969-11-23,82.00053
1969-11-24,78.339
1969-11-25,79.8105
1969-11-26,79.017
1969-11-27,89.91882
1969-11-28,81.5295
1969-11-29,82.991
1969-11-30,86.6585
1969-12-01,93.631424
1969-12-02,94.564285
1969-12-03,89.58579
1969-12-04,87.45353
1969-12-05,90.73929
1969-12-06,89.82278
1969-12-07,90.71
1969-12-08,91.85
1969-12-09,93.945
1969-12-10,93.502
1969-12-11,93.49
1969-12-12,91.32
1969-12-13,91.41882
1969-12-14,92.65929
1969-12-15,90.911575
1969-12-16,92.931816
1969-12-17,91.191666
1969-12-18,84.618
1969-12-19,83.6879
1969-12-20,90.12368
1969-12-21,84.959
1969-12-22,81.0565
1969-12-23,84.074
1969-12-24,88.294
1969-12-25,88.69842
1969-12-26,89.027504
1969-12-27,90.13556
1969-12-28,90.14471
1969-12-29,92.07
1969-12-30,90.83444
1969-12-31,88.337
1970-01-01,90.066666
1970-01-02,92.15615
1970-01-03,85.42333
1970-01-04,83.1575
1970-01-05,82.3385
1970-01-06,92.12909
1970-01-07,93.049164
1970-01-08,89.44706
1970-01-09,86.232
1970-01-10,83.0205
1970-01-11,79.629
1970-01-12,79.829
1970-01-13,87.08632
1970-01-14,88.45182
1970-01-15,91.168465
1970-01-16,91.95937
1970-01-17,91.62538
1970-01-18,88.2585
1970-01-19,90.20941
1970-01-20,90.340004
1970-01-21,87.68895
1970-01-22,90.13944
1970-01-23,89.2945
1970-01-24,88.02
1970-01-25,89.45684
1970-01-26,89.61895
1970-01-27,90.361
1970-01-28,91.566666
1970-01-29,84.862495
1970-01-30,81.767
1970-01-31,87.06
1970-02-01,92.25077
1970-02-02,90.782
1970-02-03,92.098
1970-02-04,83.298
1970-02-05,88.429474
1970-02-06,89.4075
1970-02-07,89.71611
1970-02-08,92.395
1970-02-09,82.3175
1970-02-10,83.3885
1970-02-11,87.1585
1970-02-12,88.454735
1970-02-13,87.4995
1970-02-14,85.005
1970-02-15,88.66278
1970-02-16,88.365
1970-02-17,87.2895
1970-02-18,83.238
1970-02-19,92.60769
1970-02-20,87.247
1970-02-21,88.806
1970-02-22,90.52909
1970-02-23,93.88857
1970-02-24,89.96307
1970-02-25,92.56
1970-02-26,89.547646
1970-02-27,90.279335
1970-02-28,90.34563
1970-03-01,90.70263
1970-03-02,83.7855
1970-03-03,84.7785
1970-03-04,76.803
1970-03-05,66.742
1970-03-06,73.59
1970-03-07,89.93389
1970-03-08,85.7165
1970-03-09,89.736664
1970-03-10,88.45167
1970-03-11,81.4505
1970-03-12,84.951996
1970-03-13,89.013885
1970-03-14,92.85834
1970-03-15,93.886665
1970-03-16,91.41
1970-03-17,90.66947
1970-03-18,85.3845
1970-03-19,88.22
1970-03-20,90.05722
1970-03-21,87.357056
1970-03-22,76.8435
1970-03-23,78.531
1970-03-24,84.797
1970-03-25,84.959
1970-03-26,79.596
1970-03-27,76.923
1970-03-28,87.412
1970-03-29,82.69684
1970-03-30,77.0225
1970-03-31,62.789497
1970-04-01,75.852
1970-04-02,80.7395
1970-04-03,90.12357
1970-04-04,80.469
1970-04-05,73.0275
1970-04-06,78.254
1970-04-07,70.3135
1970-04-08,78.735
1970-04-09,78.160995
1970-04-10,64.6835
1970-04-11,66.525
1970-04-12,85.49778
1970-04-13,71.4605
1970-04-14,86.12316
1970-04-15,90.956474
1970-04-16,89.488
1970-04-17,80.1735
1970-04-18,89.056
1970-04-19,79.507996
1970-04-20,74.96
1970-04-21,87.828
1970-04-22,77.1585
1970-04-23,67.584496
1970-04-24,73.1075
1970-04-25,76.5225
1970-04-26,63.423
1970-04-27,78.3865
1970-04-28,82.9805
1970-04-29,88.465004
1970-04-30,83.944
1970-05-01,75.647995
1970-05-02,75.904
1970-05-03,69.0925
1970-05-04,75.0075
1970-05-05,91.43389
1970-05-06,77.5465
1970-05-07,77.4745
1970-05-08,78.514496
1970-05-09,80.892
1970-05-10,79.270996
1970-05-11,78.498
1970-05-12,74.652
1970-05-13,80.488495
1970-05-14,76.455
1970-05-15,72.6105
1970-05-16,78.1985
1970-05-17,90.60933
1970-05-18,91.90588
1970-05-19,87.6135
1970-05-20,83.296
1970-05-21,86.274734
1970-05-22,87.18579
1970-05-23,89.61
1970-05-24,86.969
1970-05-25,75.4655
1970-05-26,69.151
1970-05-27,84.4125
1970-05-28,91.0745
1970-05-29,84.984
1970-05-30,67.3095
1970-05-31,86.851
1970-06-01,83.1795
1970-06-02,82.5305
1970-06-03,82.418
1970-06-04,93.62375
1970-06-05,83.6765
1970-06-06,82.5745
1970-06-07,87.221
1970-06-08,75.7715
1970-06-09,74.4685
1970-06-10,78.2315
1970-06-11,83.816
1970-06-12,79.791
1970-06-13,74.161
1970-06-14,76.9065
1970-06-15,76.379
1970-06-16,71.875496
1970-06-17,85.4525
1970-06-18,82.3575
1970-06-19,84.98
1970-06-20,84.0975
1970-06-21,71.138
1970-06-22,70.903496
1970-06-23,71.235
1970-06-24,72.5495
1970-06-25,77.2925
1970-06-26,86.448
1970-06-27,83.166
1970-06-28,74.6585
1970-06-29,80.8995
1970-06-30,82.4945
1970-07-01,86.5245
1970-07-02,82.349
1970-07-03,87.6725
1970-07-04,75.899
1970-07-05,92.38917
1970-07-06,88.77737
1970-07-07,87.066
1970-07-08,83.2935
1970-07-09,75.134995
1970-07-10,83.31
1970-07-11,79.447495
1970-07-12,81.7145
1970-07-13,75.678
1970-07-14,73.839
1970-07-15,76.195496
1970-07-16,86.95167
1970-07-17,91.27412
1970-07-18,91.19882
1970-07-19,83.266495
1970-07-20,72.1335
1970-07-21,72.237
1970-07-22,78.014
1970-07-23,81.175995
1970-07-24,76.8725
1970-07-25,81.486
1970-07-26,87.66631
1970-07-27,77.629
1970-07-28,78.646996
1970-07-29,79.4375
1970-07-30,77.2915
1970-07-31,75.17
1970-08-01,78.2125
1970-08-02,77.907
1970-08-03,73.24
1970-08-04,74.9005
1970-08-05,75.7415
1970-08-06,80.1105
1970-08-07,74.858
1970-08-08,86.1635
1970-08-09,83.9335
1970-08-10,86.54842
1970-08-11,91.92812
1970-08-12,76.0065
1970-08-13,76.831
1970-08-14,71.932
1970-08-15,74.368996
1970-08-16,82.261
1970-08-17,83.246
1970-08-18,85.57
1970-08-19,80.0945
1970-08-20,74.0345
1970-08-21,74.5955
1970-08-22,85.7465
1970-08-23,88.54562
1970-08-24,87.844
1970-08-25,89.7565
1970-08-26,89.0085
1970-08-27,83.7985
1970-08-28,80.531
1970-08-29,77.8175
1970-08-30,80.9045
1970-08-31,87.69
1970-09-01,90.375
1970-09-02,87.6245
1970-09-03,79.298
1970-09-04,85.3765
1970-09-05,83.801
1970-09-06,80.736
1970-09-07,81.866
1970-09-08,71.4335
1970-09-09,74.6855
1970-09-10,80.1355
1970-09-11,70.6635
1970-09-12,79.84
1970-09-13,82.434
1970-09-14,80.0385
1970-09-15,74.876495
1970-09-16,73.67
1970-09-17,85.5205
1970-09-18,79.404
1970-09-19,86.5645
1970-09-20,87.093
1970-09-21,84.4785
1970-09-22,84.527
1970-09-23,79.907
1970-09-24,75.613
1970-09-25,76.216995
1970-09-26,75.481
1970-09-27,81.6575
1970-09-28,76.1065
1970-09-29,71.968
1970-09-30,71.505
1970-10-01,72.7045
1970-10-02,86.847
1970-10-03,89.25667
1970-10-04,89.41
1970-10-05,87.691
1970-10-06,85.0625
1970-10-07,81.946
1970-10-08,72.313995
1970-10-09,74.8975
1970-10-10,80.3065
1970-10-11,87.015785
1970-10-12,80.484
1970-10-13,78.612
1970-10-14,84.987
1970-10-15,80.8465
1970-10-16,85.3245
1970-10-17,81.462
1970-10-18,91.12222
1970-10-19,72.8415
1970-10-20,84.019
1970-10-21,86.76158
1970-10-22,86.2975
1970-10-23,92.041664
1970-10-24,86.9095
1970-10-25,84.84421
1970-10-26,84.836
1970-10-27,78.5945
1970-10-28,72.041
1970-10-29,75.805
1970-10-30,74.862
1970-10-31,74.747
1970-11-01,71.442
1970-11-02,73.5585
1970-11-03,76.6705
1970-11-04,71.4265
1970-11-05,65.2775
1970-11-06,76.904
1970-11-07,83.4835
1970-11-08,89.8735
1970-11-09,87.02889
1970-11-10,85.793
1970-11-11,76.103
1970-11-12,79.9465
1970-11-13,74.1045
1970-11-14,59.3685
1970-11-15,78.2
1970-11-16,89.19789
1970-11-17,88.854
1970-11-18,83.6185
1970-11-19,72.7125
1970-11-20,82.205
1970-11-21,80.816
1970-11-22,89.78647
1970-11-23,95.01
1970-11-24,94.24
1970-11-25,88.97411
1970-11-26,89.777145
1970-11-27,91.25091
1970-11-28,89.70588
1970-11-29,80.472
1970-11-30,83.5805
1970-12-01,84.509
1970-12-02,91.19
1970-12-03,84.410995
1970-12-04,85.875
1970-12-05,79.796
1970-12-06,92.39
1970-12-07,86.22158
1970-12-08,90.11
1970-12-09,88.65
1970-12-10,87.463
1970-12-11,89.40053
1970-12-12,84.971
1970-12-13,87.96
1970-12-14,92.75616
1970-12-15,92.57786
1970-12-16,92.065834
1970-12-17,91.90579
1970-12-18,88.25421
1970-12-19,89.1045
1970-12-20,89.30118
1970-12-21,86.0365
1970-12-22,89.275
1970-12-23,92.075455
1970-12-24,91.86083
1970-12-25,91.29059
1970-12-26,88.402145
1970-12-27,86.50421
1970-12-28,88.94471
1970-12-29,87.183
1970-12-30,84.9815
1970-12-31,85.16
1971-01-01,85.1005
1971-01-02,86.702
1971-01-03,88.8035
1971-01-04,84.0725
1971-01-05,88.3
1971-01-06,90.34944
1971-01-07,89.416115
1971-01-08,88.737
1971-01-09,90.37
1971-01-10,87.15235
1971-01-11,87.542305
1971-01-12,91.02534
1971-01-13,89.657776
1971-01-14,86.85158
1971-01-15,84.081
1971-01-16,89.4775
1971-01-17,90.107895
1971-01-18,91.385
1971-01-19,90.85647
1971-01-20,90.07412
1971-01-21,83.822
1971-01-22,82.6735
1971-01-23,89.52053
1971-01-24,86.975
1971-01-25,87.6
1971-01-26,88.064
1971-01-27,85.0295
1971-01-28,84.17316
1971-01-29,82.6815
1971-01-30,79.175
1971-01-31,79.8495
1971-02-01,83.6435
1971-02-02,91.174706
1971-02-03,85.442
1971-02-04,88.39111
1971-02-05,87.80389
1971-02-06,87.8575
1971-02-07,87.4575
1971-02-08,87.029
1971-02-09,81.6285
1971-02-10,87.873886
1971-02-11,85.5395
1971-02-12,85.483
1971-02-13,82.651
1971-02-14,84.78579
1971-02-15,81.292496
1971-02-16,85.466
1971-02-17,90.09928
1971-02-18,92.05692
1971-02-19,89.02177
1971-02-20,92.197
1971-02-21,92.41917
1971-02-22,90.70421
1971-02-23,91.673996
1971-02-24,91.8875
1971-02-25,87.904
1971-02-26,83.301
1971-02-27,82.734
1971-02-28,77.286
1971-03-01,81.011
1971-03-02,88.6085
1971-03-03,83.697
1971-03-04,87.5645
1971-03-05,84.567
1971-03-06,90.25611
1971-03-07,87.471
1971-03-08,87.634
1971-03-09,87.91133
1971-03-10,87.2555
1971-03-11,74.819
1971-03-12,79.7185
1971-03-13,81.48368
1971-03-14,67.951996
1971-03-15,79.999
1971-03-16,77.368
1971-03-17,90.38125
1971-03-18,84.1785
1971-03-19,77.66
1971-03-20,68.5515
1971-03-21,58.8575
1971-03-22,56.273
1971-03-23,73.571
1971-03-24,74.8785
1971-03-25,59.9075
1971-03-26,69.0085
1971-03-27,73.4525
1971-03-28,83.812
1971-03-29,90.884285
1971-03-30,92.814285
1971-03-31,87.7555
1971-04-01,73.6185
1971-04-02,84.89474
1971-04-03,84.633156
1971-04-04,73.857
1971-04-05,74.372
1971-04-06,86.1195
1971-04-07,88.721
1971-04-08,83.1035
1971-04-09,81.292
1971-04-10,79.424995
1971-04-11,85.465
1971-04-12,78.446
1971-04-13,79.3175
1971-04-14,79.644
1971-04-15,73.1015
1971-04-16,68.8865
1971-04-17,56.9675
1971-04-18,74.736496
1971-04-19,70.486496
1971-04-20,68.437
1971-04-21,68.3705
1971-04-22,64.9945
1971-04-23,60.079
1971-04-24,71.767
1971-04-25,82.121574
1971-04-26,78.0945
1971-04-27,78.196
1971-04-28,81.7925
1971-04-29,61.862
1971-04-30,73.864
1971-05-01,70.68
1971-05-02,87.30842
1971-05-03,87.542
1971-05-04,84.71263
1971-05-05,77.0395
1971-05-06,89.521
1971-05-07,89.96684
1971-05-08,82.153496
1971-05-09,73.1245
1971-05-10,71.3225
1971-05-11,65.653496
1971-05-12,64.996
1971-05-13,61.039497
1971-05-14,67.6465
1971-05-15,67.527
1971-05-16,69.6455
1971-05-17,65.6485
1971-05-18,67.1245
1971-05-19,62.8705
1971-05-20,76.8545
1971-05-21,66.152
1971-05-22,77.215996
1971-05-23,79.199
1971-05-24,80.687996
1971-05-25,71.8385
1971-05-26,73.337
1971-05-27,74.012
1971-05-28,86.5285
1971-05-29,88.18445
1971-05-30,86.653336
1971-05-31,87.18389
1971-06-01,80.2435
1971-06-02,78.757
1971-06-03,75.7885
1971-06-04,71.8515
1971-06-05,74.9295
1971-06-06,78.931496
1971-06-07,84.214
1971-06-08,84.4265
1971-06-09,91.222664
1971-06-10,69.617
1971-06-11,67.932
1971-06-12,75.7325
1971-06-13,79.278496
1971-06-14,70.732
1971-06-15,67.2205
1971-06-16,73.237
1971-06-17,72.201996
1971-06-18,83.198
1971-06-19,80.3195
1971-06-20,78.6795
1971-06-21,77.099
1971-06-22,79.8415
1971-06-23,78.083496
1971-06-24,68.441
1971-06-25,70.0105
1971-06-26,74.4575
1971-06-27,80.806
1971-06-28,83.692
1971-06-29,83.1175
1971-06-30,83.0285
1971-07-01,80.2595
1971-07-02,80.6745
1971-07-03,82.8145
1971-07-04,82.1755
1971-07-05,82.729004
1971-07-06,73.9785
1971-07-07,73.507996
1971-07-08,75.0405
1971-07-09,69.812
1971-07-10,67.03
1971-07-11,70.6745
1971-07-12,70.783
1971-07-13,76.787
1971-07-14,74.7275
1971-07-15,83.142
1971-07-16,69.484
1971-07-17,73.145996
1971-07-18,73.0675
1971-07-19,85.5325
1971-07-20,84.0075
1971-07-21,80.5125
1971-07-22,75.188
1971-07-23,71.68
1971-07-24,67.101
1971-07-25,69.575
1971-07-26,70.766495
1971-07-27,70.665
1971-07-28,71.2185
1971-07-29,74.514496
1971-07-30,77.193
1971-07-31,69.397995
1971-08-01,58.118
1971-08-02,59.698498
1971-08-03,64.8035
1971-08-04,69.3275
1971-08-05,77.8495
1971-08-06,70.206
1971-08-07,64.2615
1971-08-08,75.224
1971-08-09,80.1165
1971-08-10,78.8675
1971-08-11,69.2275
1971-08-12,79.945
1971-08-13,77.8025
1971-08-14,71.4995
1971-08-15,69.019
1971-08-16,71.778496
1971-08-17,77.932
1971-08-18,78.506996
1971-08-19,73.767
1971-08-20,69.340996
1971-08-21,67.174995
1971-08-22,62.815998
1971-08-23,77.3085
1971-08-24,80.103
1971-08-25,81.188
1971-08-26,73.401
1971-08-27,78.608
1971-08-28,81.5475
1971-08-29,75.835
1971-08-30,70.859
1971-08-31,71.06
1971-09-01,85.6555
1971-09-02,80.534
1971-09-03,78.251
1971-09-04,75.8865
1971-09-05,75.721
1971-09-06,81.831
1971-09-07,80.019
1971-09-08,84.513
1971-09-09,82.0465
1971-09-10,72.9925
1971-09-11,74.5115
1971-09-12,81.5875
1971-09-13,83.6025
1971-09-14,83.734
1971-09-15,89.3545
1971-09-16,89.60643
1971-09-17,92.85555
1971-09-18,93.23625
1971-09-19,83.76
1971-09-20,84.421
1971-09-21,78.756
1971-09-22,76.0385
1971-09-23,74.971
1971-09-24,77.6835
1971-09-25,82.845
1971-09-26,84.9765
1971-09-27,73.687996
1971-09-28,76.764496
1971-09-29,85.29895
1971-09-30,91.232
1971-10-01,85.683
1971-10-02,80.478
1971-10-03,73.6895
1971-10-04,80.3695
1971-10-05,81.6225
1971-10-06,75.870995
1971-10-07,66.6565
1971-10-08,59.8945
1971-10-09,64.3675
1971-10-10,70.076
1971-10-11,76.8905
1971-10-12,75.811
1971-10-13,73.054
1971-10-14,64.300995
1971-10-15,86.259445
1971-10-16,88.36105
1971-10-17,89.422
1971-10-18,88.72
1971-10-19,83.3235
1971-10-20,78.8945
1971-10-21,82.5345
1971-10-22,76.0255
1971-10-23,61.622997
1971-10-24,62.0685
1971-10-25,70.527
1971-10-26,72.045
1971-10-27,74.3455
1971-10-28,75.6545
1971-10-29,80.424995
1971-10-30,85.039
1971-10-31,92.19706
1971-11-01,91.117645
1971-11-02,92.352776
1971-11-03,92.71
1971-11-04,91.42083
1971-11-05,79.254
1971-11-06,74.0685
1971-11-07,80.504
1971-11-08,83.683
1971-11-09,77.2705
1971-11-10,77.49
1971-11-11,86.522995
1971-11-12,87.5575
1971-11-13,91.72833
1971-11-14,91.15385
1971-11-15,89.70158
1971-11-16,89.488945
1971-11-17,79.071
1971-11-18,74.5585
1971-11-19,83.125496
1971-11-20,88.42105
1971-11-21,87.459
1971-11-22,80.7585
1971-11-23,88.97369
1971-11-24,90.67316
1971-11-25,91.4147
1971-11-26,91.19846
1971-11-27,85.164734
1971-11-28,80.6595
1971-11-29,85.7265
1971-11-30,89.158424
1971-12-01,92.71889
1971-12-02,91.6375
1971-12-03,91.806366
1971-12-04,91.52286
1971-12-05,90.99467
1971-12-06,92.45
1971-12-07,88.2279
1971-12-08,87.49421
1971-12-09,85.18
1971-12-10,89.5435
1971-12-11,90.57389
1971-12-12,87.525
1971-12-13,86.383
1971-12-14,90.17
1971-12-15,84.866844
1971-12-16,87.4905
1971-12-17,77.057
1971-12-18,86.60737
1971-12-19,86.965
1971-12-20,88.6285
1971-12-21,90.77615
1971-12-22,90.65867
1971-12-23,88.48947
1971-12-24,83.135
1971-12-25,86.4195
1971-12-26,87.969376
1971-12-27,89.636665
1971-12-28,88.347694
1971-12-29,90.04858
1971-12-30,89.09
1971-12-31,87.992226
1972-01-01,85.655
1972-01-02,90.21389
1972-01-03,89.2315
1972-01-04,85.427
1972-01-05,91.31467
1972-01-06,91.98375
1972-01-07,92.06778
1972-01-08,91.91615
1972-01-09,92.480835
1972-01-10,91.185715
1972-01-11,89.653
1972-01-12,82.6655
1972-01-13,84.6705
1972-01-14,77.434
1972-01-15,78.326996
1972-01-16,79.1245
1972-01-17,77.3455
1972-01-18,78.586
1972-01-19,82.6715
1972-01-20,85.347
1972-01-21,87.44211
1972-01-22,82.115
1972-01-23,87.095
1972-01-24,87.755
1972-01-25,87.585
1972-01-26,88.186
1972-01-27,82.86
1972-01-28,85.01632
1972-01-29,89.75222
1972-01-30,91.430626
1972-01-31,93.40666
1972-02-01,83.5805
1972-02-02,78.223
1972-02-03,82.0805
1972-02-04,81.6055
1972-02-05,82.803
1972-02-06,79.171
1972-02-07,78.783
1972-02-08,83.133995
1972-02-09,82.772
1972-02-10,89.62
1972-02-11,87.15316
1972-02-12,83.653
1972-02-13,90.95611
1972-02-14,90.2975
1972-02-15,93.01556
1972-02-16,91.95928
1972-02-17,87.1685
1972-02-18,85.2325
1972-02-19,86.73947
1972-02-20,81.2575
1972-02-21,89.083336
1972-02-22,90.80067
1972-02-23,92.407
1972-02-24,91.29375
1972-02-25,92.180626
1972-02-26,91.34267
1972-02-27,92.07875
1972-02-28,89.49923
1972-02-29,88.95923
1972-03-01,89.668465
1972-03-02,88.882996
1972-03-03,87.954445
1972-03-04,90.77571
1972-03-05,87.62473
1972-03-06,84.0465
1972-03-07,81.874
1972-03-08,82.7625
1972-03-09,80.513
1972-03-10,84.528
1972-03-11,87.579
1972-03-12,75.473
1972-03-13,73.0775
1972-03-14,67.5415
1972-03-15,59.2415
1972-03-16,66.9055
1972-03-17,63.88
1972-03-18,63.788998
1972-03-19,68.442
1972-03-20,63.817997
1972-03-21,68.4345
1972-03-22,67.242
1972-03-23,60.951
1972-03-24,70.286995
1972-03-25,62.251
1972-03-26,58.072
1972-03-27,56.466
1972-03-28,64.218
1972-03-29,67.726
1972-03-30,63.7205
1972-03-31,49.653
1972-04-01,58.061
1972-04-02,73.458496
1972-04-03,78.6195
1972-04-04,59.0785
1972-04-05,55.6885
1972-04-06,78.8
1972-04-07,64.375496
1972-04-08,52.969997
1972-04-09,77.3845
1972-04-10,71.423996
1972-04-11,61.72
1972-04-12,63.2575
1972-04-13,79.6165
1972-04-14,85.281494
1972-04-15,82.67737
1972-04-16,86.0955
1972-04-17,81.412994
1972-04-18,82.139496
1972-04-19,84.028
1972-04-20,88.48684
1972-04-21,88.726845
1972-04-22,79.587
1972-04-23,83.3375
1972-04-24,74.1385
1972-04-25,86.5265
1972-04-26,86.9045
1972-04-27,84.707
1972-04-28,76.859
1972-04-29,66.464
1972-04-30,62.576
1972-05-01,70.507996
1972-05-02,74.2605
1972-05-03,90.445335
1972-05-04,91.86412
1972-05-05,86.3275
1972-05-06,82.721
1972-05-07,81.2705
1972-05-08,78.7275
1972-05-09,77.25
1972-05-10,80.817
1972-05-11,85.58158
1972-05-12,92.35333
1972-05-13,76.6055
1972-05-14,74.6025
1972-05-15,65.753494
1972-05-16,61.1735
1972-05-17,83.5985
1972-05-18,74.416
1972-05-19,71.101
1972-05-20,76.9285
1972-05-21,76.5895
1972-05-22,82.6065
1972-05-23,75.676
1972-05-24,73.1505
1972-05-25,75.347496
1972-05-26,64.671
1972-05-27,76.944496
1972-05-28,80.123
1972-05-29,78.1385
1972-05-30,69.686
1972-05-31,78.374
1972-06-01,87.17368
1972-06-02,83.472
1972-06-03,88.56105
1972-06-04,83.7415
1972-06-05,78.4645
1972-06-06,73.0715
1972-06-07,63.4095
1972-06-08,66.167496
1972-06-09,71.394
1972-06-10,74.3935
1972-06-11,63.663
1972-06-12,65.8665
1972-06-13,73.5965
1972-06-14,60.262
1972-06-15,61.5005
1972-06-16,64.711
1972-06-17,67.914
1972-06-18,75.558
1972-06-19,74.520996
1972-06-20,68.743
1972-06-21,61.3355
1972-06-22,63.7635
1972-06-23,66.634
1972-06-24,90.17263
1972-06-25,84.3285
1972-06-26,68.075
1972-06-27,77.846
1972-06-28,79.487495
1972-06-29,76.0125
1972-06-30,73.473
1972-07-01,81.446
1972-07-02,77.7395
1972-07-03,69.251
1972-07-04,76.823
1972-07-05,74.1145
1972-07-06,68.3125
1972-07-07,76.472496
1972-07-08,75.9775
1972-07-09,67.410995
1972-07-10,70.7895
1972-07-11,79.6075
1972-07-12,85.54263
1972-07-13,87.76369
1972-07-14,85.693
1972-07-15,65.3705
1972-07-16,61.277
1972-07-17,74.844
1972-07-18,80.172
1972-07-19,75.0685
1972-07-20,85.054
1972-07-21,84.71
1972-07-22,85.8735
1972-07-23,83.829
1972-07-24,81.454
1972-07-25,76.2805
1972-07-26,82.4575
1972-07-27,91.87572
1972-07-28,77.9575
1972-07-29,74.406
1972-07-30,73.8245
1972-07-31,78.7915
1972-08-01,80.2855
1972-08-02,81.043
1972-08-03,87.0265
1972-08-04,89.05579
1972-08-05,80.783
1972-08-06,77.073
1972-08-07,76.27
1972-08-08,76.9605
1972-08-09,73.611
1972-08-10,73.07
1972-08-11,70.028
1972-08-12,70.9295
1972-08-13,70.631
1972-08-14,70.325
1972-08-15,62.3135
1972-08-16,63.6485
1972-08-17,72.5295
1972-08-18,89.944115
1972-08-19,92.5925
1972-08-20,92.54
1972-08-21,90.078
1972-08-22,91.3025
1972-08-23,84.8525
1972-08-24,82.939
1972-08-25,82.381996
1972-08-26,79.825
1972-08-27,83.1145
1972-08-28,78.5655
1972-08-29,83.102
1972-08-30,82.615
1972-08-31,92.877335
1972-09-01,84.1225
1972-09-02,86.91
1972-09-03,80.7665
1972-09-04,79.466995
1972-09-05,78.64
1972-09-06,75.47
1972-09-07,72.8425
1972-09-08,75.397995
1972-09-09,77.8145
1972-09-10,80.498
1972-09-11,89.094444
1972-09-12,93.959
1972-09-13,90.265884
1972-09-14,85.2985
1972-09-15,82.001
1972-09-16,90.17857
1972-09-17,87.08421
1972-09-18,90.5055
1972-09-19,85.038
1972-09-20,88.263
1972-09-21,86.92737
1972-09-22,86.588
1972-09-23,87.2105
1972-09-24,83.1065
1972-09-25,92.08
1972-09-26,88.64737
1972-09-27,93.0
1972-09-28,88.5575
1972-09-29,80.1065
1972-09-30,84.4725
1972-10-01,84.275
1972-10-02,86.855
1972-10-03,90.352
1972-10-04,91.978
1972-10-05,92.150665
1972-10-06,91.412224
1972-10-07,90.90611
1972-10-08,90.317
1972-10-09,90.87572
1972-10-10,91.35083
1972-10-11,85.778496
1972-10-12,79.679
1972-10-13,79.812
1972-10-14,88.05947
1972-10-15,91.223526
1972-10-16,85.352
1972-10-17,84.1635
1972-10-18,82.363
1972-10-19,83.8005
1972-10-20,72.342
1972-10-21,76.3185
1972-10-22,90.478
1972-10-23,85.011
1972-10-24,81.4895
1972-10-25,75.414
1972-10-26,74.1845
1972-10-27,69.3155
1972-10-28,66.992
1972-10-29,78.66842
1972-10-30,90.48067
1972-10-31,90.365
1972-11-01,85.649
1972-11-02,86.575
1972-11-03,82.5485
1972-11-04,85.9825
1972-11-05,83.4715
1972-11-06,80.183
1972-11-07,84.5865
1972-11-08,84.784996
1972-11-09,85.9725
1972-11-10,88.211
1972-11-11,84.5825
1972-11-12,92.4725
1972-11-13,79.965
1972-11-14,66.6315
1972-11-15,86.58
1972-11-16,85.136
1972-11-17,76.497
1972-11-18,84.70947
1972-11-19,84.74579
1972-11-20,81.674995
1972-11-21,88.060524
1972-11-22,88.8975
1972-11-23,89.48368
1972-11-24,91.85
1972-11-25,90.317696
1972-11-26,92.501335
1972-11-27,91.62118
1972-11-28,87.1275
1972-11-29,81.5765
1972-11-30,80.582
1972-12-01,78.304
1972-12-02,81.471
1972-12-03,86.37778
1972-12-04,91.539444
1972-12-05,92.586
1972-12-06,93.2425
1972-12-07,86.99857
1972-12-08,86.186
1972-12-09,87.86471
1972-12-10,92.221535
1972-12-11,88.28
1972-12-12,90.746666
1972-12-13,87.179504
1972-12-14,86.222
1972-12-15,88.89833
1972-12-16,91.37125
1972-12-17,90.167694
1972-12-18,89.22722
1972-12-19,90.22929
1972-12-20,86.9155
1972-12-21,86.21222
1972-12-22,87.359
1972-12-23,89.9095
1972-12-24,88.58316
1972-12-25,88.48333
1972-12-26,87.50588
1972-12-27,83.42684
1972-12-28,79.212105
1972-12-29,76.2985
1972-12-30,74.972
1972-12-31,72.501
1973-01-01,66.8435
1973-01-02,69.0045
1973-01-03,85.191
1973-01-04,88.994446
1973-01-05,92.185
1973-01-06,89.873634
1973-01-07,91.91428
1973-01-08,89.81357
1973-01-09,90.852
1973-01-10,86.87
1973-01-11,88.17737
1973-01-12,79.846
1973-01-13,81.5745
1973-01-14,74.2125
1973-01-15,71.692
1973-01-16,76.5955
1973-01-17,88.809
1973-01-18,86.762
1973-01-19,92.64154
1973-01-20,92.772354
1973-01-21,87.835
1973-01-22,86.1565
1973-01-23,89.341576
1973-01-24,87.019
1973-01-25,79.833496
1973-01-26,81.645996
1973-01-27,76.9505
1973-01-28,82.312
1973-01-29,89.994705
1973-01-30,88.2115
1973-01-31,87.91158
1973-02-01,89.359474
1973-02-02,89.60944
1973-02-03,92.594666
1973-02-04,90.31125
1973-02-05,89.86429
1973-02-06,89.023155
1973-02-07,84.3555
1973-02-08,78.0025
1973-02-09,73.3865
1973-02-10,81.2175
1973-02-11,90.87444
1973-02-12,86.872
1973-02-13,80.451996
1973-02-14,78.678
1973-02-15,82.4545
1973-02-16,88.9355
1973-02-17,90.70389
1973-02-18,87.843155
1973-02-19,81.773
1973-02-20,88.213684
1973-02-21,90.670555
1973-02-22,86.77105
1973-02-23,82.473
1973-02-24,84.4775
1973-02-25,89.97056
1973-02-26,88.86611
1973-02-27,85.7095
1973-02-28,87.441
1973-03-01,86.764
1973-03-02,83.861
1973-03-03,82.5625
1973-03-04,83.6785
1973-03-05,74.9895
1973-03-06,75.784
1973-03-07,79.704
1973-03-08,83.208496
1973-03-09,90.815
1973-03-10,91.80357
1973-03-11,91.05666
1973-03-12,79.78
1973-03-13,81.6905
1973-03-14,88.373886
1973-03-15,88.092
1973-03-16,79.024
1973-03-17,79.7065
1973-03-18,90.27105
1973-03-19,88.03895
1973-03-20,80.901
1973-03-21,79.167
1973-03-22,74.6965
1973-03-23,71.516
1973-03-24,65.969
1973-03-25,65.8925
1973-03-26,70.9205
1973-03-27,64.3395
1973-03-28,71.3535
1973-03-29,68.305
1973-03-30,66.956
1973-03-31,61.6105
1973-04-01,79.597496
1973-04-02,64.407
1973-04-03,69.197
1973-04-04,87.83053
1973-04-05,90.568886
1973-04-06,86.1725
1973-04-07,74.9755
1973-04-08,78.0155
1973-04-09,70.546
1973-04-10,45.045998
1973-04-11,71.565
1973-04-12,74.8325
1973-04-13,83.317
1973-04-14,83.8325
1973-04-15,88.20278
1973-04-16,86.127
1973-04-17,79.464
1973-04-18,81.448
1973-04-19,71.719
1973-04-20,78.404
1973-04-21,69.948
1973-04-22,77.441
1973-04-23,69.848495
1973-04-24,81.3135
1973-04-25,93.185
1973-04-26,86.570496
1973-04-27,73.9095
1973-04-28,67.115
1973-04-29,68.063995
1973-04-30,86.786
1973-05-01,72.275
1973-05-02,67.3395
1973-05-03,71.951996
1973-05-04,74.2205
1973-05-05,65.7245
1973-05-06,66.155
1973-05-07,84.3365
1973-05-08,75.673
1973-05-09,76.5025
1973-05-10,89.17263
1973-05-11,90.75842
1973-05-12,79.499
1973-05-13,82.673
1973-05-14,73.5915
1973-05-15,75.792496
1973-05-16,78.705
1973-05-17,86.957
1973-05-18,71.9085
1973-05-19,69.173004
1973-05-20,77.4275
1973-05-21,73.892
1973-05-22,71.682
1973-05-23,66.9735
1973-05-24,74.8175
1973-05-25,79.121994
1973-05-26,86.537895
1973-05-27,91.20937
1973-05-28,87.262
1973-05-29,69.1455
1973-05-30,65.72
1973-05-31,74.107
1973-06-01,67.1175
1973-06-02,69.153
1973-06-03,72.94
1973-06-04,86.8255
1973-06-05,86.0635
1973-06-06,80.876
1973-06-07,81.318
1973-06-08,85.0255
1973-06-09,83.86
1973-06-10,89.558334
1973-06-11,83.0615
1973-06-12,74.8255
1973-06-13,73.577
1973-06-14,77.9975
1973-06-15,80.3735
1973-06-16,75.7255
1973-06-17,74.585
1973-06-18,74.116
1973-06-19,83.664
1973-06-20,85.167
1973-06-21,78.571495
1973-06-22,77.598
1973-06-23,80.7465
1973-06-24,87.518
1973-06-25,87.899
1973-06-26,77.9825
1973-06-27,70.5415
1973-06-28,68.7195
1973-06-29,72.8435
1973-06-30,91.2305
1973-07-01,88.8495
1973-07-02,84.6225
1973-07-03,77.309
1973-07-04,88.242775
1973-07-05,89.085
1973-07-06,85.749504
1973-07-07,82.104
1973-07-08,82.8675
1973-07-09,87.765
1973-07-10,86.386314
1973-07-11,90.93222
1973-07-12,86.3455
1973-07-13,85.36
1973-07-14,81.528
1973-07-15,76.05
1973-07-16,74.736
1973-07-17,73.088
1973-07-18,69.7705
1973-07-19,69.562996
1973-07-20,75.994995
1973-07-21,73.312996
1973-07-22,77.344
1973-07-23,77.072
1973-07-24,77.5605
1973-07-25,79.201996
1973-07-26,80.854
1973-07-27,90.49421
1973-07-28,84.102
1973-07-29,85.4395
1973-07-30,83.005
1973-07-31,79.163
1973-08-01,72.713
1973-08-02,72.851
1973-08-03,73.1275
1973-08-04,71.9645
1973-08-05,76.361
1973-08-06,71.577995
1973-08-07,59.5025
1973-08-08,67.9855
1973-08-09,67.0795
1973-08-10,66.737
1973-08-11,69.1935
1973-08-12,74.372
1973-08-13,76.167496
1973-08-14,80.967995
1973-08-15,78.457
1973-08-16,74.4655
1973-08-17,74.439995
1973-08-18,74.418
1973-08-19,75.304
1973-08-20,77.365
1973-08-21,75.929
1973-08-22,72.766
1973-08-23,79.270996
1973-08-24,73.218
1973-08-25,73.852
1973-08-26,73.535995
1973-08-27,83.9485
1973-08-28,76.977
1973-08-29,75.865
1973-08-30,83.1255
1973-08-31,74.389496
1973-09-01,75.929
1973-09-02,80.237
1973-09-03,80.0595
1973-09-04,77.1705
1973-09-05,71.516
1973-09-06,67.278
1973-09-07,70.475
1973-09-08,72.455
1973-09-09,70.7545
1973-09-10,73.786995
1973-09-11,73.2165
1973-09-12,71.3495
1973-09-13,70.388
1973-09-14,62.663498
1973-09-15,65.295
1973-09-16,61.441498
1973-09-17,64.3975
1973-09-18,80.4715
1973-09-19,76.646996
1973-09-20,86.92
1973-09-21,76.2425
1973-09-22,80.618
1973-09-23,80.4545
1973-09-24,83.393
1973-09-25,88.81389
1973-09-26,88.539474
1973-09-27,91.01
1973-09-28,90.344
1973-09-29,87.48
1973-09-30,84.184
1973-10-01,87.2825
1973-10-02,86.953
1973-10-03,83.6795
1973-10-04,78.9235
1973-10-05,73.684
1973-10-06,69.168
1973-10-07,70.9275
1973-10-08,71.767
1973-10-09,77.2725
1973-10-10,78.909
1973-10-11,72.713
1973-10-12,81.1145
1973-10-13,73.9455
1973-10-14,71.087
1973-10-15,74.979996
1973-10-16,76.608
1973-10-17,69.0915
1973-10-18,72.9895
1973-10-19,65.062
1973-10-20,74.0395
1973-10-21,71.5065
1973-10-22,84.718
1973-10-23,80.2085
1973-10-24,81.0625
1973-10-25,79.2725
1973-10-26,69.8055
1973-10-27,77.843
1973-10-28,81.0035
1973-10-29,76.978
1973-10-30,80.256996
1973-10-31,73.0095
1973-11-01,68.753
1973-11-02,68.1175
1973-11-03,66.4315
1973-11-04,65.960495
1973-11-05,58.265
1973-11-06,68.3285
1973-11-07,84.641
1973-11-08,85.089
1973-11-09,86.96474
1973-11-10,89.444496
1973-11-11,78.2075
1973-11-12,91.402
1973-11-13,82.5585
1973-11-14,80.4185
1973-11-15,75.479996
1973-11-16,82.498
1973-11-17,80.375496
1973-11-18,74.683
1973-11-19,68.792496
1973-11-20,74.723495
1973-11-21,73.611496
1973-11-22,61.7565
1973-11-23,65.8995
1973-11-24,75.512
1973-11-25,58.282497
1973-11-26,74.0125
1973-11-27,84.69842
1973-11-28,87.058
1973-11-29,77.826
1973-11-30,81.8105
1973-12-01,74.788
1973-12-02,77.987495
1973-12-03,76.902
1973-12-04,78.4845
1973-12-05,88.3121
1973-12-06,78.661
1973-12-07,81.8125
1973-12-08,81.3575
1973-12-09,80.390526
1973-12-10,78.199
1973-12-11,77.821
1973-12-12,77.27
1973-12-13,80.625496
1973-12-14,88.350525
1973-12-15,86.59052
1973-12-16,89.865265
1973-12-17,75.6215
1973-12-18,82.26947
1973-12-19,81.8515
1973-12-20,70.664
1973-12-21,79.25474
1973-12-22,79.8285
1973-12-23,83.71158
1973-12-24,81.014
1973-12-25,80.4779
1973-12-26,85.1985
1973-12-27,87.61
1973-12-28,85.174736
1973-12-29,89.55111
1973-12-30,86.66889
1973-12-31,84.993
1974-01-01,89.446
1974-01-02,85.8455
1974-01-03,88.20812
1974-01-04,87.738945
1974-01-05,87.63733
1974-01-06,89.9925
1974-01-07,90.4325
1974-01-08,86.11948
1974-01-09,86.2495
1974-01-10,85.395
1974-01-11,87.375
1974-01-12,89.45824
1974-01-13,84.84631
1974-01-14,79.714
1974-01-15,79.6955
1974-01-16,82.1955
1974-01-17,87.66389
1974-01-18,91.566
1974-01-19,89.82611
1974-01-20,91.73091
1974-01-21,87.26369
1974-01-22,89.15579
1974-01-23,89.9175
1974-01-24,91.223076
1974-01-25,91.29647
1974-01-26,88.261246
1974-01-27,82.1125
1974-01-28,91.04059
1974-01-29,86.951996
1974-01-30,88.941666
1974-01-31,79.8625
1974-02-01,82.388
1974-02-02,86.672
1974-02-03,85.20105
1974-02-04,85.021576
1974-02-05,90.75846
1974-02-06,82.08684
1974-02-07,91.317894
1974-02-08,84.4475
1974-02-09,81.284
1974-02-10,78.759
1974-02-11,73.4545
1974-02-12,75.7925
1974-02-13,80.1835
1974-02-14,85.1425
1974-02-15,86.892
1974-02-16,79.669
1974-02-17,74.043686
1974-02-18,73.935265
1974-02-19,83.219
1974-02-20,92.674545
1974-02-21,91.44334
1974-02-22,91.07313
1974-02-23,85.6495
1974-02-24,84.54875
1974-02-25,87.003685
1974-02-26,81.3975
1974-02-27,75.1005
1974-02-28,73.633995
1974-03-01,70.357
1974-03-02,71.3245
1974-03-03,79.601
1974-03-04,75.5155
1974-03-05,77.4245
1974-03-06,89.1025
1974-03-07,91.466
1974-03-08,88.208
1974-03-09,85.9395
1974-03-10,86.7675
1974-03-11,84.2875
1974-03-12,75.3115
1974-03-13,75.372
1974-03-14,71.263
1974-03-15,83.721
1974-03-16,76.838
1974-03-17,72.0075
1974-03-18,65.8535
1974-03-19,57.652
1974-03-20,59.9665
1974-03-21,53.59
1974-03-22,64.1185
1974-03-23,63.691998
1974-03-24,66.695496
1974-03-25,69.624
1974-03-26,67.958
1974-03-27,61.985
1974-03-28,56.379498
1974-03-29,53.864
1974-03-30,65.032
1974-03-31,67.405
1974-04-01,64.5325
1974-04-02,64.49
1974-04-03,56.774498
1974-04-04,63.3345
1974-04-05,62.3545
1974-04-06,61.459
1974-04-07,70.3595
1974-04-08,71.122
1974-04-09,74.2
1974-04-10,57.7865
1974-04-11,49.815
1974-04-12,53.827
1974-04-13,70.8405
1974-04-14,75.1245
1974-04-15,84.888
1974-04-16,82.6495
1974-04-17,84.3785
1974-04-18,84.575
1974-04-19,74.098495
1974-04-20,75.721
1974-04-21,75.5625
1974-04-22,84.124
1974-04-23,76.636
1974-04-24,70.187996
1974-04-25,82.75579
1974-04-26,87.28445
1974-04-27,82.561
1974-04-28,71.1875
1974-04-29,70.204
1974-04-30,70.3975
1974-05-01,78.2045
1974-05-02,90.838
1974-05-03,80.139
1974-05-04,71.1965
1974-05-05,78.1915
1974-05-06,69.854996
1974-05-07,74.7935
1974-05-08,81.4135
1974-05-09,74.483
1974-05-10,80.997
1974-05-11,66.2975
1974-05-12,80.7325
1974-05-13,82.9785
1974-05-14,82.988
1974-05-15,89.972664
1974-05-16,93.0075
1974-05-17,80.7665
1974-05-18,82.8145
1974-05-19,78.8395
1974-05-20,65.6635
1974-05-21,81.675
1974-05-22,83.0435
1974-05-23,81.1065
1974-05-24,77.6635
1974-05-25,80.0755
1974-05-26,72.32
1974-05-27,74.12
1974-05-28,67.4255
1974-05-29,72.757996
1974-05-30,81.153496
1974-05-31,73.0255
1974-06-01,86.4635
1974-06-02,91.16625
1974-06-03,83.389496
1974-06-04,79.9955
1974-06-05,72.193
1974-06-06,76.7185
1974-06-07,90.52909
1974-06-08,74.139
1974-06-09,68.837
1974-06-10,86.4775
1974-06-11,93.07846
1974-06-12,82.337
1974-06-13,83.2755
1974-06-14,84.1845
1974-06-15,81.261
1974-06-16,83.785
1974-06-17,86.4915
1974-06-18,81.831
1974-06-19,83.0095
1974-06-20,84.381996
1974-06-21,72.7555
1974-06-22,74.1665
1974-06-23,71.343
1974-06-24,77.0885
1974-06-25,82.235
1974-06-26,72.211
1974-06-27,66.9745
1974-06-28,73.502
1974-06-29,77.0995
1974-06-30,85.4075
1974-07-01,69.8025
1974-07-02,79.2155
1974-07-03,64.5435
1974-07-04,76.015495
1974-07-05,69.0245
1974-07-06,69.838
1974-07-07,84.722
1974-07-08,78.893
1974-07-09,73.633995
1974-07-10,82.9765
1974-07-11,71.907
1974-07-12,73.4275
1974-07-13,65.2345
1974-07-14,60.3275
1974-07-15,72.8985
1974-07-16,72.104
1974-07-17,74.26
1974-07-18,75.1175
1974-07-19,82.49368
1974-07-20,85.2325
1974-07-21,90.37867
1974-07-22,90.95556
1974-07-23,93.614
1974-07-24,74.545
1974-07-25,79.663
1974-07-26,73.514
1974-07-27,69.5965
1974-07-28,69.9675
1974-07-29,66.583496
1974-07-30,69.225
1974-07-31,71.024
1974-08-01,64.4335
1974-08-02,72.9835
1974-08-03,74.774
1974-08-04,69.127
1974-08-05,69.5165
1974-08-06,77.434
1974-08-07,73.404495
1974-08-08,65.4595
1974-08-09,74.7625
1974-08-10,75.719
1974-08-11,83.024734
1974-08-12,88.123
1974-08-13,79.641495
1974-08-14,73.86
1974-08-15,74.287
1974-08-16,75.164
1974-08-17,74.427
1974-08-18,74.2005
1974-08-19,73.956
1974-08-20,76.497
1974-08-21,78.61
1974-08-22,76.7835
1974-08-23,81.154495
1974-08-24,82.9475
1974-08-25,79.113
1974-08-26,72.057
1974-08-27,74.045
1974-08-28,62.760498
1974-08-29,64.1995
1974-08-30,74.8565
1974-08-31,73.598495
1974-09-01,64.5335
1974-09-02,65.4665
1974-09-03,63.898
1974-09-04,73.332
1974-09-05,78.7415
1974-09-06,71.8965
1974-09-07,71.606995
1974-09-08,80.0895
1974-09-09,69.989
1974-09-10,70.5895
1974-09-11,77.432
1974-09-12,74.9505
1974-09-13,69.3045
1974-09-14,77.175
1974-09-15,82.338
1974-09-16,76.7875
1974-09-17,67.4395
1974-09-18,66.313
1974-09-19,74.322
1974-09-20,73.486
1974-09-21,81.125
1974-09-22,81.955
1974-09-23,89.086
1974-09-24,74.884
1974-09-25,80.617
1974-09-26,86.52947
1974-09-27,81.2015
1974-09-28,72.74
1974-09-29,69.0175
1974-09-30,79.335
1974-10-01,92.314545
1974-10-02,84.8595
1974-10-03,85.619
1974-10-04,82.331
1974-10-05,89.103
1974-10-06,93.2275
1974-10-07,86.013504
1974-10-08,87.3235
1974-10-09,79.1765
1974-10-10,72.433
1974-10-11,69.047
1974-10-12,69.626495
1974-10-13,90.927
1974-10-14,92.37666
1974-10-15,89.01
1974-10-16,84.8395
1974-10-17,77.4275
1974-10-18,80.313995
1974-10-19,74.046
1974-10-20,71.1515
1974-10-21,85.204
1974-10-22,72.2275
1974-10-23,80.837
1974-10-24,85.3755
1974-10-25,80.597
1974-10-26,83.2825
1974-10-27,81.148
1974-10-28,81.9655
1974-10-29,91.780716
1974-10-30,92.70643
1974-10-31,82.431
1974-11-01,89.59684
1974-11-02,83.9
1974-11-03,86.523
1974-11-04,79.895996
1974-11-05,72.844
1974-11-06,84.4415
1974-11-07,91.63917
1974-11-08,90.854996
1974-11-09,92.416664
1974-11-10,90.38375
1974-11-11,87.595
1974-11-12,85.268
1974-11-13,90.715
1974-11-14,87.9121
1974-11-15,81.451996
1974-11-16,81.5325
1974-11-17,89.318825
1974-11-18,87.242
1974-11-19,81.192
1974-11-20,87.67647
1974-11-21,89.1985
1974-11-22,91.031425
1974-11-23,91.35928
1974-11-24,87.02737
1974-11-25,81.8175
1974-11-26,93.506
1974-11-27,91.84111
1974-11-28,85.1865
1974-11-29,86.4615
1974-11-30,89.85647
1974-12-01,86.6
1974-12-02,89.98611
1974-12-03,90.89923
1974-12-04,90.68895
1974-12-05,89.29474
1974-12-06,84.603
1974-12-07,86.42
1974-12-08,92.357
1974-12-09,82.5865
1974-12-10,82.677
1974-12-11,85.0865
1974-12-12,90.600555
1974-12-13,92.21786
1974-12-14,93.509995
1974-12-15,94.004
1974-12-16,91.872
1974-12-17,87.114
1974-12-18,88.236115
1974-12-19,88.0435
1974-12-20,88.00737
1974-12-21,87.009
1974-12-22,83.0765
1974-12-23,85.691666
1974-12-24,85.974
1974-12-25,89.62353
1974-12-26,91.48187
1974-12-27,88.9147
1974-12-28,89.554115
1974-12-29,81.2315
1974-12-30,87.6235
1974-12-31,86.9595
1975-01-01,84.79823
1975-01-02,90.171425
1975-01-03,91.131996
1975-01-04,89.00895
1975-01-05,87.86421
1975-01-06,79.2265
1975-01-07,75.649
1975-01-08,85.698
1975-01-09,87.17158
1975-01-10,80.417496
1975-01-11,79.718994
1975-01-12,82.372
1975-01-13,84.021996
1975-01-14,86.0115
1975-01-15,75.2335
1975-01-16,66.042
1975-01-17,73.8245
1975-01-18,71.21
1975-01-19,72.1755
1975-01-20,90.95941
1975-01-21,89.81941
1975-01-22,91.57938
1975-01-23,82.710495
1975-01-24,82.374
1975-01-25,83.8855
1975-01-26,89.50667
1975-01-27,71.1565
1975-01-28,80.12
1975-01-29,88.535
1975-01-30,89.75056
1975-01-31,89.32632
1975-02-01,85.8915
1975-02-02,91.10529
1975-02-03,88.20588
1975-02-04,78.944496
1975-02-05,76.9685
1975-02-06,76.1885
1975-02-07,78.2195
1975-02-08,76.0515
1975-02-09,72.1105
1975-02-10,67.2775
1975-02-11,67.4775
1975-02-12,70.28
1975-02-13,68.631996
1975-02-14,81.6855
1975-02-15,77.15
1975-02-16,88.725266
1975-02-17,83.4115
1975-02-18,74.4165
1975-02-19,78.5955
1975-02-20,82.576996
1975-02-21,83.045
1975-02-22,72.3105
1975-02-23,73.5945
1975-02-24,74.2605
1975-02-25,83.022995
1975-02-26,74.685
1975-02-27,71.559494
1975-02-28,57.823997
1975-03-01,62.421997
1975-03-02,58.226997
1975-03-03,62.588497
1975-03-04,65.4305
1975-03-05,66.8055
1975-03-06,68.098
1975-03-07,72.576
1975-03-08,66.939
1975-03-09,60.9855
1975-03-10,67.831
1975-03-11,76.386
1975-03-12,72.395996
1975-03-13,74.917
1975-03-14,78.191
1975-03-15,78.3785
1975-03-16,80.8855
1975-03-17,88.75158
1975-03-18,78.6345
1975-03-19,71.099
1975-03-20,78.2045
1975-03-21,82.7275
1975-03-22,84.701
1975-03-23,88.08158
1975-03-24,87.9079
1975-03-25,86.91167
1975-03-26,77.802
1975-03-27,67.625
1975-03-28,77.414
1975-03-29,77.475
1975-03-30,88.413
1975-03-31,72.1445
1975-04-01,87.48579
1975-04-02,82.770996
1975-04-03,82.194496
1975-04-04,66.739
1975-04-05,62.6275
1975-04-06,47.4615
1975-04-07,52.7585
1975-04-08,76.390495
1975-04-09,64.8085
1975-04-10,72.4965
1975-04-11,86.204
1975-04-12,74.3265
1975-04-13,71.6565
1975-04-14,64.4905
1975-04-15,68.3045
1975-04-16,67.531
1975-04-17,85.758
1975-04-18,80.1315
1975-04-19,75.7825
1975-04-20,72.6135
1975-04-21,75.139
1975-04-22,76.034996
1975-04-23,92.24222
1975-04-24,85.881
1975-04-25,76.8595
1975-04-26,86.923
1975-04-27,85.2275
1975-04-28,80.2575
1975-04-29,71.251495
1975-04-30,67.8465
1975-05-01,83.9305
1975-05-02,94.24
1975-05-03,94.376
1975-05-04,90.590004
1975-05-05,83.8425
1975-05-06,76.151
1975-05-07,70.3775
1975-05-08,71.312996
1975-05-09,81.0025
1975-05-10,82.553
1975-05-11,73.43
1975-05-12,75.7955
1975-05-13,77.5955
1975-05-14,78.708496
1975-05-15,81.5025
1975-05-16,72.03
1975-05-17,79.656
1975-05-18,75.2995
1975-05-19,76.3805
1975-05-20,79.507
1975-05-21,75.388
1975-05-22,76.2205
1975-05-23,88.3475
1975-05-24,93.29083
1975-05-25,88.36316
1975-05-26,86.171
1975-05-27,87.3745
1975-05-28,77.59
1975-05-29,67.886
1975-05-30,72.304
1975-05-31,81.139496
1975-06-01,87.598946
1975-06-02,90.24895
1975-06-03,83.1435
1975-06-04,88.18
1975-06-05,76.6635
1975-06-06,82.7825
1975-06-07,91.82455
1975-06-08,90.89533
1975-06-09,84.2135
1975-06-10,77.242
1975-06-11,76.3395
1975-06-12,71.2035
1975-06-13,79.423
1975-06-14,79.3875
1975-06-15,69.044
1975-06-16,62.920998
1975-06-17,80.736496
1975-06-18,88.9965
1975-06-19,88.27611
1975-06-20,82.4245
1975-06-21,82.567
1975-06-22,80.4195
1975-06-23,75.425
1975-06-24,66.2555
1975-06-25,82.494
1975-06-26,77.179
1975-06-27,69.6815
1975-06-28,70.791
1975-06-29,85.52059
1975-06-30,74.216995
1975-07-01,87.322
1975-07-02,79.436
1975-07-03,78.795
1975-07-04,72.281
1975-07-05,70.159
1975-07-06,80.4495
1975-07-07,79.2005
1975-07-08,71.4335
1975-07-09,67.2835
1975-07-10,63.6335
1975-07-11,68.455
1975-07-12,79.1865
1975-07-13,81.9105
1975-07-14,73.638
1975-07-15,71.0235
1975-07-16,77.031
1975-07-17,73.5815
1975-07-18,77.968
1975-07-19,75.044
1975-07-20,83.6765
1975-07-21,80.7755
1975-07-22,80.7995
1975-07-23,78.2015
1975-07-24,75.293
1975-07-25,86.4345
1975-07-26,85.052
1975-07-27,72.531
1975-07-28,77.1725
1975-07-29,76.712
1975-07-30,80.8565
1975-07-31,81.997
1975-08-01,80.4015
1975-08-02,77.532
1975-08-03,82.085
1975-08-04,83.5455
1975-08-05,84.4115
1975-08-06,84.9405
1975-08-07,86.8815
1975-08-08,85.3685
1975-08-09,81.83
1975-08-10,76.92
1975-08-11,76.003
1975-08-12,77.305
1975-08-13,81.294
1975-08-14,81.6895
1975-08-15,74.7825
1975-08-16,73.82
1975-08-17,81.623
1975-08-18,78.8495
1975-08-19,87.861115
1975-08-20,84.028
1975-08-21,81.473495
1975-08-22,79.7865
1975-08-23,76.178
1975-08-24,73.199
1975-08-25,81.8185
1975-08-26,77.861
1975-08-27,89.44235
1975-08-28,84.339
1975-08-29,80.3105
1975-08-30,84.9135
1975-08-31,82.6765
1975-09-01,83.4125
1975-09-02,79.401
1975-09-03,77.139
1975-09-04,78.821
1975-09-05,84.8505
1975-09-06,88.5785
1975-09-07,79.472
1975-09-08,82.109
1975-09-09,79.1565
1975-09-10,74.744995
1975-09-11,74.1365
1975-09-12,70.2745
1975-09-13,88.52765
1975-09-14,73.983
1975-09-15,73.009
1975-09-16,78.3255
1975-09-17,74.211
1975-09-18,71.9495
1975-09-19,75.3375
1975-09-20,79.316
1975-09-21,80.7135
1975-09-22,83.567
1975-09-23,81.861
1975-09-24,77.7415
1975-09-25,76.282
1975-09-26,69.666
1975-09-27,77.1295
1975-09-28,70.365
1975-09-29,81.5925
1975-09-30,73.729
1975-10-01,59.342
1975-10-02,64.129
1975-10-03,78.3125
1975-10-04,73.9355
1975-10-05,78.7895
1975-10-06,84.2495
1975-10-07,80.307495
1975-10-08,79.9005
1975-10-09,77.6795
1975-10-10,75.163
1975-10-11,90.524
1975-10-12,89.68105
1975-10-13,82.355995
1975-10-14,88.264
1975-10-15,84.501
1975-10-16,72.83
1975-10-17,77.282
1975-10-18,90.71059
1975-10-19,90.14786
1975-10-20,92.315834
1975-10-21,92.93636
1975-10-22,90.68616
1975-10-23,90.86471
1975-10-24,80.8495
1975-10-25,83.701
1975-10-26,81.359474
1975-10-27,82.51842
1975-10-28,77.619995
1975-10-29,82.67
1975-10-30,81.4875
1975-10-31,80.083496
1975-11-01,85.46105
1975-11-02,87.7305
1975-11-03,88.78474
1975-11-04,92.61692
1975-11-05,90.46445
1975-11-06,89.14316
1975-11-07,82.926
1975-11-08,84.145996
1975-11-09,81.469
1975-11-10,83.844
1975-11-11,91.802
1975-11-12,90.415
1975-11-13,83.9505
1975-11-14,77.1645
1975-11-15,81.566315
1975-11-16,86.4065
1975-11-17,86.3375
1975-11-18,76.817
1975-11-19,85.06
1975-11-20,87.65278
1975-11-21,88.011665
1975-11-22,87.547
1975-11-23,90.565
1975-11-24,90.74177
1975-11-25,87.56
1975-11-26,81.076004
1975-11-27,78.1155
1975-11-28,66.9835
1975-11-29,79.393
1975-11-30,82.317
1975-12-01,81.8805
1975-12-02,86.454735
1975-12-03,82.5545
1975-12-04,88.6595
1975-12-05,86.553
1975-12-06,82.1095
1975-12-07,88.0765
1975-12-08,82.4335
1975-12-09,78.7445
1975-12-10,81.47211
1975-12-11,84.1055
1975-12-12,83.0885
1975-12-13,84.151
1975-12-14,92.294
1975-12-15,87.64667
1975-12-16,81.68
1975-12-17,88.67529
1975-12-18,90.74421
1975-12-19,85.076
1975-12-20,86.009
1975-12-21,88.328
1975-12-22,89.3635
1975-12-23,86.922
1975-12-24,87.3815
1975-12-25,88.09333
1975-12-26,87.0405
1975-12-27,91.77067
1975-12-28,90.054375
1975-12-29,85.37473
1975-12-30,88.61706
1975-12-31,92.905716
1976-01-01,86.35368
1976-01-02,85.013
1976-01-03,74.8565
1976-01-04,77.678
1976-01-05,73.7835
1976-01-06,70.649
1976-01-07,83.4685
1976-01-08,74.0915
1976-01-09,79.4085
1976-01-10,83.317
1976-01-11,82.8485
1976-01-12,82.5325
1976-01-13,76.048
1976-01-14,74.429
1976-01-15,78.9485
1976-01-16,75.765
1976-01-17,83.5265
1976-01-18,81.9095
1976-01-19,79.7265
1976-01-20,78.875
1976-01-21,83.153
1976-01-22,83.399
1976-01-23,76.747
1976-01-24,78.413
1976-01-25,81.485
1976-01-26,83.29736
1976-01-27,88.757645
1976-01-28,87.27111
1976-01-29,86.4415
1976-01-30,78.624
1976-01-31,79.5345
1976-02-01,88.0365
1976-02-02,87.011
1976-02-03,89.100525
1976-02-04,91.04211
1976-02-05,92.21588
1976-02-06,89.31944
1976-02-07,82.06222
1976-02-08,71.234
1976-02-09,73.9665
1976-02-10,82.09
1976-02-11,79.53842
1976-02-12,82.604996
1976-02-13,85.716
1976-02-14,84.825
1976-02-15,88.91941
1976-02-16,91.651665
1976-02-17,87.7015
1976-02-18,77.1415
1976-02-19,73.354
1976-02-20,77.1455
1976-02-21,82.807365
1976-02-22,82.815
1976-02-23,86.791176
1976-02-24,82.1155
1976-02-25,74.6075
1976-02-26,83.246315
1976-02-27,83.8655
1976-02-28,80.876
1976-02-29,79.11
1976-03-01,75.959496
1976-03-02,68.044
1976-03-03,67.2695
1976-03-04,76.467
1976-03-05,85.8945
1976-03-06,81.523
1976-03-07,84.4075
1976-03-08,77.979
1976-03-09,83.998
1976-03-10,90.81438
1976-03-11,86.5865
1976-03-12,82.2615
1976-03-13,77.142
1976-03-14,75.601
1976-03-15,70.4815
1976-03-16,79.2075
1976-03-17,82.62685
1976-03-18,84.9955
1976-03-19,87.85579
1976-03-20,81.5535
1976-03-21,77.141
1976-03-22,76.681496
1976-03-23,66.559
1976-03-24,76.0595
1976-03-25,82.95105
1976-03-26,73.822
1976-03-27,83.750496
1976-03-28,74.47
1976-03-29,69.6
1976-03-30,54.7715
1976-03-31,53.1955
1976-04-01,60.6815
1976-04-02,58.809498
1976-04-03,41.0585
1976-04-04,51.6395
1976-04-05,45.8355
1976-04-06,54.978
1976-04-07,59.135498
1976-04-08,82.884
1976-04-09,84.868
1976-04-10,80.617
1976-04-11,83.2815
1976-04-12,92.99764
1976-04-13,88.159004
1976-04-14,84.308
1976-04-15,89.625
1976-04-16,88.30294
1976-04-17,74.722
1976-04-18,64.9825
1976-04-19,67.8265
1976-04-20,68.294
1976-04-21,61.4735
1976-04-22,80.1895
1976-04-23,75.1525
1976-04-24,66.0825
1976-04-25,75.6375
1976-04-26,87.91631
1976-04-27,78.0455
1976-04-28,69.4555
1976-04-29,83.0735
1976-04-30,76.7875
1976-05-01,78.048
1976-05-02,71.544
1976-05-03,86.2725
1976-05-04,86.4635
1976-05-05,68.4545
1976-05-06,59.815998
1976-05-07,60.983997
1976-05-08,62.0865
1976-05-09,56.8945
1976-05-10,63.517
1976-05-11,63.6445
1976-05-12,59.106
1976-05-13,72.393
1976-05-14,84.4425
1976-05-15,69.297
1976-05-16,67.208496
1976-05-17,64.462
1976-05-18,63.462997
1976-05-19,58.209
1976-05-20,68.405
1976-05-21,70.999
1976-05-22,88.170555
1976-05-23,88.4955
1976-05-24,88.4035
1976-05-25,70.931
1976-05-26,76.525
1976-05-27,80.53
1976-05-28,90.8385
1976-05-29,72.219
1976-05-30,73.48
1976-05-31,84.146996
1976-06-01,82.023
1976-06-02,65.8365
1976-06-03,85.321
1976-06-04,87.47369
1976-06-05,78.522995
1976-06-06,82.284996
1976-06-07,82.6795
1976-06-08,81.858
1976-06-09,71.101
1976-06-10,65.173
1976-06-11,66.611496
1976-06-12,68.9645
1976-06-13,71.067
1976-06-14,78.711
1976-06-15,69.791504
1976-06-16,69.8445
1976-06-17,84.4155
1976-06-18,71.3695
1976-06-19,64.4225
1976-06-20,59.861
1976-06-21,66.1585
1976-06-22,63.5325
1976-06-23,66.582
1976-06-24,73.6915
1976-06-25,74.071
1976-06-26,77.341995
1976-06-27,74.7905
1976-06-28,74.231
1976-06-29,71.891
1976-06-30,70.638
1976-07-01,66.877
1976-07-02,63.4265
1976-07-03,64.517
1976-07-04,61.336998
1976-07-05,66.872
1976-07-06,65.268
1976-07-07,66.1585
1976-07-08,81.584496
1976-07-09,81.682495
1976-07-10,80.2595
1976-07-11,80.2185
1976-07-12,68.8735
1976-07-13,71.1315
1976-07-14,72.7285
1976-07-15,79.732
1976-07-16,72.166
1976-07-17,71.069496
1976-07-18,72.182495
1976-07-19,62.7985
1976-07-20,70.821
1976-07-21,69.122
1976-07-22,76.2835
1976-07-23,81.08
1976-07-24,81.125
1976-07-25,75.455
1976-07-26,76.25
1976-07-27,80.9235
1976-07-28,81.557
1976-07-29,80.145
1976-07-30,72.7045
1976-07-31,64.285995
1976-08-01,76.909996
1976-08-02,80.6745
1976-08-03,76.484
1976-08-04,79.7695
1976-08-05,80.804
1976-08-06,83.3215
1976-08-07,80.917
1976-08-08,84.4345
1976-08-09,79.128494
1976-08-10,74.5805
1976-08-11,85.1735
1976-08-12,80.849
1976-08-13,80.451996
1976-08-14,79.7565
1976-08-15,80.988
1976-08-16,78.1735
1976-08-17,81.24
1976-08-18,82.0535
1976-08-19,84.207
1976-08-20,89.37294
1976-08-21,92.410835
1976-08-22,85.297
1976-08-23,84.6515
1976-08-24,82.64
1976-08-25,79.6235
1976-08-26,78.014496
1976-08-27,69.8465
1976-08-28,73.488
1976-08-29,74.2135
1976-08-30,74.2095
1976-08-31,71.1515
1976-09-01,80.813995
1976-09-02,87.48526
1976-09-03,81.3795
1976-09-04,86.638504
1976-09-05,92.58625
1976-09-06,76.9355
1976-09-07,82.688995
1976-09-08,79.8325
1976-09-09,68.824
1976-09-10,64.501
1976-09-11,72.5735
1976-09-12,70.192
1976-09-13,71.345
1976-09-14,64.0455
1976-09-15,85.306
1976-09-16,78.807
1976-09-17,86.865
1976-09-18,85.768
1976-09-19,92.01785
1976-09-20,93.69727
1976-09-21,90.898
1976-09-22,88.20052
1976-09-23,88.5025
1976-09-24,82.117
1976-09-25,85.2315
1976-09-26,82.625
1976-09-27,74.459
1976-09-28,75.667
1976-09-29,85.570496
1976-09-30,87.7745
1976-10-01,88.54667
1976-10-02,92.569336
1976-10-03,88.40211
1976-10-04,82.3235
1976-10-05,84.875
1976-10-06,93.54667
1976-10-07,87.42737
1976-10-08,88.78579
1976-10-09,82.996
1976-10-10,85.027
1976-10-11,80.726
1976-10-12,78.424995
1976-10-13,76.346
1976-10-14,86.9545
1976-10-15,94.5925
1976-10-16,92.03154
1976-10-17,90.367
1976-10-18,93.51083
1976-10-19,88.75421
1976-10-20,87.451004
1976-10-21,89.99158
1976-10-22,91.86375
1976-10-23,90.88706
1976-10-24,84.655
1976-10-25,82.716
1976-10-26,84.8415
1976-10-27,85.66947
1976-10-28,90.05312
1976-10-29,87.47411
1976-10-30,83.33833
1976-10-31,80.828
1976-11-01,87.3865
1976-11-02,90.71555
1976-11-03,89.61611
1976-11-04,86.852104
1976-11-05,82.253
1976-11-06,84.30167
1976-11-07,85.609
1976-11-08,85.86737
1976-11-09,89.51769
1976-11-10,85.4085
1976-11-11,87.60533
1976-11-12,84.542496
1976-11-13,89.81133
1976-11-14,93.02167
1976-11-15,91.59
1976-11-16,93.081665
1976-11-17,91.47294
1976-11-18,93.07143
1976-11-19,94.24
1976-11-20,93.2
1976-11-21,93.5475
1976-11-22,93.53667
1976-11-23,87.599
1976-11-24,89.28167
1976-11-25,90.12889
1976-11-26,86.44473
1976-11-27,85.05842
1976-11-28,89.44444
1976-11-29,89.87062
1976-11-30,88.42812
1976-12-01,87.735
1976-12-02,78.7675
1976-12-03,86.86948
1976-12-04,86.908
1976-12-05,93.08
1976-12-06,92.37
1976-12-07,82.101
1976-12-08,91.62
1976-12-09,81.7115
1976-12-10,88.6965
1976-12-11,89.702225
1976-12-12,91.054375
1976-12-13,91.683075
1976-12-14,87.92941
1976-12-15,87.99684
1976-12-16,90.64667
1976-12-17,91.993996
1976-12-18,91.32313
1976-12-19,86.712944
1976-12-20,86.78733
1976-12-21,91.07
1976-12-22,87.829445
1976-12-23,90.99375
1976-12-24,90.44667
1976-12-25,86.5585
1976-12-26,78.3745
1976-12-27,78.619995
1976-12-28,72.9635
1976-12-29,83.265
1976-12-30,92.3375
1976-12-31,86.3805
1977-01-01,84.354996
1977-01-02,84.195496
1977-01-03,82.531
1977-01-04,73.204994
1977-01-05,70.189
1977-01-06,66.6105
1977-01-07,84.2175
1977-01-08,84.3345
1977-01-09,86.7895
1977-01-10,78.1505
1977-01-11,74.044
1977-01-12,84.0505
1977-01-13,93.20143
1977-01-14,90.44572
1977-01-15,90.27631
1977-01-16,92.65727
1977-01-17,93.78
1977-01-18,89.312775
1977-01-19,79.5315
1977-01-20,79.835
1977-01-21,89.618
1977-01-22,91.08222
1977-01-23,90.14333
1977-01-24,92.02917
1977-01-25,91.994286
1977-01-26,87.987854
1977-01-27,91.89727
1977-01-28,88.5245
1977-01-29,81.6895
1977-01-30,84.14889
1977-01-31,85.33421
1977-02-01,85.7535
1977-02-02,91.68353
1977-02-03,91.60375
1977-02-04,86.9925
1977-02-05,84.34
1977-02-06,89.06765
1977-02-07,91.130005
1977-02-08,87.81895
1977-02-09,90.64
1977-02-10,83.3875
1977-02-11,91.53833
1977-02-12,85.5335
1977-02-13,89.98947
1977-02-14,92.28545
1977-02-15,90.487144
1977-02-16,89.77
1977-02-17,91.60412
1977-02-18,86.2705
1977-02-19,72.169
1977-02-20,74.576
1977-02-21,71.867
1977-02-22,87.25684
1977-02-23,85.111496
1977-02-24,74.8845
1977-02-25,73.4405
1977-02-26,84.603
1977-02-27,81.922775
1977-02-28,86.031
1977-03-01,88.06737
1977-03-02,82.902
1977-03-03,91.36
1977-03-04,88.51316
1977-03-05,79.493
1977-03-06,76.488
1977-03-07,79.3385
1977-03-08,73.815
1977-03-09,79.0735
1977-03-10,77.391
1977-03-11,68.8915
1977-03-12,63.335
1977-03-13,82.0575
1977-03-14,93.56111
1977-03-15,94.05444
1977-03-16,86.878
1977-03-17,77.959
1977-03-18,76.6035
1977-03-19,75.0575
1977-03-20,73.472
1977-03-21,76.5525
1977-03-22,68.493996
1977-03-23,68.7465
1977-03-24,68.878
1977-03-25,71.8825
1977-03-26,78.1745
1977-03-27,75.658
1977-03-28,68.962
1977-03-29,87.0105
1977-03-30,90.43056
1977-03-31,91.80278
1977-04-01,84.537895
1977-04-02,83.032
1977-04-03,84.751
1977-04-04,78.3935
1977-04-05,75.9995
1977-04-06,81.226
1977-04-07,67.97
1977-04-08,82.707
1977-04-09,88.858826
1977-04-10,82.105995
1977-04-11,78.597
1977-04-12,78.542496
1977-04-13,76.2255
1977-04-14,83.761
1977-04-15,86.8825
1977-04-16,85.8915
1977-04-17,80.9545
1977-04-18,67.708496
1977-04-19,65.0585
1977-04-20,74.163
1977-04-21,62.379498
1977-04-22,70.5445
1977-04-23,75.546
1977-04-24,69.52
1977-04-25,84.1955
1977-04-26,76.459
1977-04-27,66.3645
1977-04-28,75.191
1977-04-29,62.653
1977-04-30,59.817997
1977-05-01,52.0415
1977-05-02,51.5865
1977-05-03,53.879997
1977-05-04,54.652
1977-05-05,56.990498
1977-05-06,63.0605
1977-05-07,73.0605
1977-05-08,85.686
1977-05-09,86.11211
1977-05-10,85.565
1977-05-11,79.52
1977-05-12,74.3255
1977-05-13,63.051
1977-05-14,62.7225
1977-05-15,84.6955
1977-05-16,83.641
1977-05-17,77.736496
1977-05-18,71.9895
1977-05-19,70.257996
1977-05-20,63.135
1977-05-21,66.770996
1977-05-22,82.0735
1977-05-23,82.739
1977-05-24,73.628
1977-05-25,67.8395
1977-05-26,69.9185
1977-05-27,83.97
1977-05-28,88.134
1977-05-29,79.4655
1977-05-30,75.6295
1977-05-31,82.8395
1977-06-01,84.71
1977-06-02,86.111
1977-06-03,87.8795
1977-06-04,71.999
1977-06-05,76.276
1977-06-06,71.780495
1977-06-07,65.9465
1977-06-08,61.545
1977-06-09,65.07
1977-06-10,64.5435
1977-06-11,71.6415
1977-06-12,78.512
1977-06-13,73.742
1977-06-14,77.406
1977-06-15,72.591995
1977-06-16,82.0845
1977-06-17,84.6565
1977-06-18,80.848495
1977-06-19,76.8945
1977-06-20,72.095
1977-06-21,66.7075
1977-06-22,74.9975
1977-06-23,83.331
1977-06-24,74.9765
1977-06-25,72.824
1977-06-26,69.738
1977-06-27,88.84737
1977-06-28,74.6755
1977-06-29,75.2185
1977-06-30,63.6545
1977-07-01,92.49846
1977-07-02,79.878
1977-07-03,66.8655
1977-07-04,73.0255
1977-07-05,78.8095
1977-07-06,80.910995
1977-07-07,77.399
1977-07-08,78.154495
1977-07-09,77.5735
1977-07-10,80.3545
1977-07-11,83.7835
1977-07-12,74.1585
1977-07-13,69.5195
1977-07-14,66.9085
1977-07-15,80.684
1977-07-16,69.585495
1977-07-17,79.2115
1977-07-18,74.491
1977-07-19,73.4005
1977-07-20,72.191
1977-07-21,70.709496
1977-07-22,81.3495
1977-07-23,83.145996
1977-07-24,76.8805
1977-07-25,64.7725
1977-07-26,66.6045
1977-07-27,80.324
1977-07-28,77.4825
1977-07-29,72.1635
1977-07-30,69.7715
1977-07-31,82.2155
1977-08-01,77.3365
1977-08-02,79.756
1977-08-03,76.779
1977-08-04,77.5235
1977-08-05,76.928
1977-08-06,76.977
1977-08-07,77.1035
1977-08-08,74.566
1977-08-09,72.637
1977-08-10,72.613495
1977-08-11,78.752
1977-08-12,79.722496
1977-08-13,79.8225
1977-08-14,78.7865
1977-08-15,87.486
1977-08-16,85.8675
1977-08-17,78.689
1977-08-18,77.1555
1977-08-19,80.7035
1977-08-20,73.7695
1977-08-21,79.241
1977-08-22,76.311
1977-08-23,77.5305
1977-08-24,89.156
1977-08-25,78.224
1977-08-26,79.141495
1977-08-27,71.2425
1977-08-28,78.931
1977-08-29,79.188
1977-08-30,73.2115
1977-08-31,69.6785
1977-09-01,75.8855
1977-09-02,71.042
1977-09-03,66.853
1977-09-04,62.803997
1977-09-05,76.5205
1977-09-06,77.106
1977-09-07,81.383995
1977-09-08,79.881
1977-09-09,81.946
1977-09-10,77.771996
1977-09-11,79.224
1977-09-12,80.4945
1977-09-13,76.951
1977-09-14,74.6655
1977-09-15,66.057
1977-09-16,68.996
1977-09-17,73.1015
1977-09-18,90.62937
1977-09-19,86.283
1977-09-20,89.52052
1977-09-21,84.771996
1977-09-22,81.109
1977-09-23,87.8775
1977-09-24,90.88588
1977-09-25,82.8165
1977-09-26,70.6585
1977-09-27,73.8775
1977-09-28,72.061
1977-09-29,62.824497
1977-09-30,60.1955
1977-10-01,62.2665
1977-10-02,76.1095
1977-10-03,90.8125
1977-10-04,82.669
1977-10-05,70.1695
1977-10-06,65.0865
1977-10-07,63.5475
1977-10-08,66.118996
1977-10-09,75.0865
1977-10-10,76.0085
1977-10-11,82.342
1977-10-12,85.6015
1977-10-13,81.609
1977-10-14,86.8785
1977-10-15,80.203
1977-10-16,77.8255
1977-10-17,73.980995
1977-10-18,76.7215
1977-10-19,64.989
1977-10-20,75.463
1977-10-21,73.97
1977-10-22,71.099495
1977-10-23,74.1805
1977-10-24,78.991
1977-10-25,83.7465
1977-10-26,89.98
1977-10-27,87.7105
1977-10-28,82.4025
1977-10-29,88.208824
1977-10-30,90.11421
1977-10-31,88.22945
1977-11-01,88.551765
1977-11-02,92.466
1977-11-03,89.0015
1977-11-04,81.365
1977-11-05,80.889496
1977-11-06,77.921
1977-11-07,82.338
1977-11-08,88.4245
1977-11-09,89.8
1977-11-10,85.7925
1977-11-11,83.9645
1977-11-12,75.951
1977-11-13,69.6485
1977-11-14,81.4895
1977-11-15,79.8685
1977-11-16,80.4835
1977-11-17,87.48526
1977-11-18,90.2
1977-11-19,91.36706
1977-11-20,91.545
1977-11-21,81.7395
1977-11-22,86.5285
1977-11-23,90.592354
1977-11-24,90.147
1977-11-25,84.405
1977-11-26,90.72667
1977-11-27,91.19111
1977-11-28,85.58889
1977-11-29,87.89632
1977-11-30,87.89
1977-12-01,92.03429
1977-12-02,93.37
1977-12-03,89.95357
1977-12-04,86.686844
1977-12-05,87.5765
1977-12-06,75.535995
1977-12-07,87.18158
1977-12-08,89.499374
1977-12-09,90.03429
1977-12-10,86.84368
1977-12-11,82.143
1977-12-12,78.7125
1977-12-13,79.069
1977-12-14,85.244446
1977-12-15,90.71895
1977-12-16,89.73125
1977-12-17,88.00421
1977-12-18,87.4379
1977-12-19,87.615265
1977-12-20,88.18
1977-12-21,89.01889
1977-12-22,89.903
1977-12-23,89.28737
1977-12-24,85.755
1977-12-25,91.487144
1977-12-26,88.197
1977-12-27,88.11389
1977-12-28,83.333
1977-12-29,88.3325
1977-12-30,89.88941
1977-12-31,85.68895
1978-01-01,89.21883
1978-01-02,85.0935
1978-01-03,85.350555
1978-01-04,82.7695
1978-01-05,85.6475
1978-01-06,84.32105
1978-01-07,89.172775
1978-01-08,89.99526
1978-01-09,82.237
1978-01-10,78.702995
1978-01-11,77.845
1978-01-12,74.2545
1978-01-13,83.907
1978-01-14,91.89272
1978-01-15,87.494736
1978-01-16,76.348495
1978-01-17,76.197
1978-01-18,80.4255
1978-01-19,88.9915
1978-01-20,86.3665
1978-01-21,84.24684
1978-01-22,91.458496
1978-01-23,88.543
1978-01-24,83.769
1978-01-25,91.448746
1978-01-26,84.6465
1978-01-27,88.257
1978-01-28,82.228
1978-01-29,74.388
1978-01-30,92.165
1978-01-31,91.83375
1978-02-01,93.55
1978-02-02,90.55666
1978-02-03,92.08375
1978-02-04,89.97444
1978-02-05,91.32421
1978-02-06,92.394165
1978-02-07,93.245
1978-02-08,91.21231
1978-02-09,91.35158
1978-02-10,89.39778
1978-02-11,80.375786
1978-02-12,85.6565
1978-02-13,90.41
1978-02-14,91.74833
1978-02-15,88.97263
1978-02-16,80.525
1978-02-17,88.78333
1978-02-18,89.64066
1978-02-19,82.295
1978-02-20,88.135
1978-02-21,75.131
1978-02-22,71.72
1978-02-23,81.43105
1978-02-24,78.172
1978-02-25,76.6075
1978-02-26,79.464
1978-02-27,87.23055
1978-02-28,82.0725
1978-03-01,86.80333
1978-03-02,90.58466
1978-03-03,90.008
1978-03-04,86.804
1978-03-05,86.82579
1978-03-06,92.308
1978-03-07,86.469
1978-03-08,85.7295
1978-03-09,85.4065
1978-03-10,92.596924
1978-03-11,85.42177
1978-03-12,88.3315
1978-03-13,80.7315
1978-03-14,72.573
1978-03-15,80.6175
1978-03-16,76.3515
1978-03-17,69.5615
1978-03-18,78.458
1978-03-19,78.977
1978-03-20,82.6875
1978-03-21,87.375
1978-03-22,89.729
1978-03-23,68.819496
1978-03-24,86.108
1978-03-25,91.69556
1978-03-26,86.731
1978-03-27,85.2815
1978-03-28,78.349
1978-03-29,70.728
1978-03-30,64.474
1978-03-31,74.1795
1978-04-01,71.9525
1978-04-02,83.280495
1978-04-03,79.09
1978-04-04,90.87882
1978-04-05,90.62933
1978-04-06,80.2465
1978-04-07,75.822
1978-04-08,81.660995
1978-04-09,76.08
1978-04-10,65.388
1978-04-11,74.599
1978-04-12,70.7605
1978-04-13,77.7755
1978-04-14,71.0035
1978-04-15,70.2845
1978-04-16,92.34077
1978-04-17,90.19945
1978-04-18,91.429375
1978-04-19,87.38421
1978-04-20,80.8805
1978-04-21,70.882996
1978-04-22,84.8235
1978-04-23,77.418495
1978-04-24,73.391
1978-04-25,69.309
1978-04-26,79.658
1978-04-27,82.9825
1978-04-28,86.3175
1978-04-29,80.929
1978-04-30,84.017
1978-05-01,74.482
1978-05-02,79.86
1978-05-03,82.7815
1978-05-04,64.267
1978-05-05,65.5125
1978-05-06,62.8075
1978-05-07,81.464
1978-05-08,86.838
1978-05-09,86.54948
1978-05-10,87.49368
1978-05-11,84.1935
1978-05-12,77.6705
1978-05-13,64.3215
1978-05-14,72.399
1978-05-15,75.378
1978-05-16,83.7005
1978-05-17,79.0765
1978-05-18,80.7835
1978-05-19,69.925
1978-05-20,70.736496
1978-05-21,70.0745
1978-05-22,64.4925
1978-05-23,78.3155
1978-05-24,85.556496
1978-05-25,84.884735
1978-05-26,87.481
1978-05-27,86.7805
1978-05-28,88.488335
1978-05-29,89.060715
1978-05-30,85.5805
1978-05-31,79.737495
1978-06-01,74.379
1978-06-02,73.4905
1978-06-03,69.7465
1978-06-04,68.529
1978-06-05,74.632996
1978-06-06,77.8275
1978-06-07,75.781
1978-06-08,79.5
1978-06-09,79.59
1978-06-10,80.796
1978-06-11,78.497
1978-06-12,72.3345
1978-06-13,74.8245
1978-06-14,81.7025
1978-06-15,88.23106
1978-06-16,85.56
1978-06-17,81.6495
1978-06-18,75.153
1978-06-19,81.529495
1978-06-20,74.638
1978-06-21,74.399
1978-06-22,85.181496
1978-06-23,76.473
1978-06-24,68.222
1978-06-25,74.082
1978-06-26,86.368
1978-06-27,81.9515
1978-06-28,93.23222
1978-06-29,92.24571
1978-06-30,90.808945
1978-07-01,84.6125
1978-07-02,85.238
1978-07-03,77.739
1978-07-04,72.033
1978-07-05,58.0355
1978-07-06,77.0435
1978-07-07,86.2285
1978-07-08,81.559
1978-07-09,75.6525
1978-07-10,82.355995
1978-07-11,73.867
1978-07-12,76.3575
1978-07-13,81.9035
1978-07-14,78.025
1978-07-15,84.8365
1978-07-16,82.3095
1978-07-17,74.808
1978-07-18,74.0685
1978-07-19,82.041
1978-07-20,76.135
1978-07-21,77.081
1978-07-22,87.9815
1978-07-23,78.3965
1978-07-24,75.641
1978-07-25,74.144
1978-07-26,73.210495
1978-07-27,68.1125
1978-07-28,70.3045
1978-07-29,75.568
1978-07-30,70.554
1978-07-31,73.625
1978-08-01,70.3855
1978-08-02,67.856995
1978-08-03,62.9125
1978-08-04,71.128494
1978-08-05,84.3105
1978-08-06,75.584496
1978-08-07,67.8415
1978-08-08,58.318
1978-08-09,66.163
1978-08-10,68.79
1978-08-11,74.980995
1978-08-12,81.7595
1978-08-13,79.2845
1978-08-14,73.3785
1978-08-15,72.006
1978-08-16,63.062
1978-08-17,63.8565
1978-08-18,80.2725
1978-08-19,78.2745
1978-08-20,83.475
1978-08-21,81.085
1978-08-22,78.345
1978-08-23,69.387
1978-08-24,83.3325
1978-08-25,76.312
1978-08-26,75.496
1978-08-27,75.01
1978-08-28,73.8225
1978-08-29,74.4905
1978-08-30,66.878
1978-08-31,90.381996
1978-09-01,76.6015
1978-09-02,80.113
1978-09-03,79.09
1978-09-04,76.478
1978-09-05,74.044
1978-09-06,77.0865
1978-09-07,87.1055
1978-09-08,89.3445
1978-09-09,92.931335
1978-09-10,90.52947
1978-09-11,85.0985
1978-09-12,79.031
1978-09-13,88.8565
1978-09-14,82.206
1978-09-15,85.8385
1978-09-16,78.671
1978-09-17,74.14
1978-09-18,70.0685
1978-09-19,72.994
1978-09-20,83.165
1978-09-21,80.8745
1978-09-22,74.915
1978-09-23,87.7215
1978-09-24,86.1065
1978-09-25,80.896996
1978-09-26,80.97
1978-09-27,87.6085
1978-09-28,91.331665
1978-09-29,82.861
1978-09-30,71.307
1978-10-01,88.448
1978-10-02,86.770996
1978-10-03,78.0275
1978-10-04,69.576
1978-10-05,83.219
1978-10-06,78.422
1978-10-07,84.89
1978-10-08,81.1295
1978-10-09,74.599
1978-10-10,76.604
1978-10-11,83.5235
1978-10-12,84.0165
1978-10-13,75.416
1978-10-14,76.0545
1978-10-15,74.673
1978-10-16,76.479
1978-10-17,77.7195
1978-10-18,74.964
1978-10-19,85.714
1978-10-20,92.01666
1978-10-21,87.402
1978-10-22,74.0935
1978-10-23,78.139
1978-10-24,70.937
1978-10-25,74.6665
1978-10-26,85.685265
1978-10-27,90.03235
1978-10-28,76.979
1978-10-29,85.7735
1978-10-30,87.44368
1978-10-31,88.17105
1978-11-01,87.2979
1978-11-02,89.547646
1978-11-03,85.12556
1978-11-04,88.2735
1978-11-05,88.778336
1978-11-06,86.22053
1978-11-07,89.13556
1978-11-08,90.308
1978-11-09,86.8715
1978-11-10,85.36176
1978-11-11,88.634735
1978-11-12,86.64
1978-11-13,85.64421
1978-11-14,88.424
1978-11-15,80.5
1978-11-16,72.54
1978-11-17,81.818
1978-11-18,85.3265
1978-11-19,84.173996
1978-11-20,75.278496
1978-11-21,84.93222
1978-11-22,85.543526
1978-11-23,84.73263
1978-11-24,86.459
1978-11-25,81.438995
1978-11-26,84.34105
1978-11-27,82.2775
1978-11-28,90.62
1978-11-29,90.92
1978-11-30,88.67857
1978-12-01,88.9
1978-12-02,92.336
1978-12-03,86.7395
1978-12-04,84.0795
1978-12-05,87.231
1978-12-06,85.65
1978-12-07,79.528496
1978-12-08,85.5455
1978-12-09,86.812996
1978-12-10,90.66812
1978-12-11,89.678
1978-12-12,84.33474
1978-12-13,92.64571
1978-12-14,91.4325
1978-12-15,90.175
1978-12-16,77.9755
1978-12-17,87.228
1978-12-18,87.55368
1978-12-19,82.99333
1978-12-20,89.477646
1978-12-21,92.63637
1978-12-22,87.0335
1978-12-23,82.3995
1978-12-24,86.96842
1978-12-25,87.456314
1978-12-26,89.725
1978-12-27,88.689445
1978-12-28,83.6985
1978-12-29,79.4465
1978-12-30,81.031
1978-12-31,81.349
1979-01-01,82.3265
1979-01-02,84.8445
1979-01-03,80.666
1979-01-04,74.8295
1979-01-05,85.1885
1979-01-06,80.1985
1979-01-07,82.296
1979-01-08,73.887
1979-01-09,68.146
1979-01-10,85.5535
1979-01-11,82.684
1979-01-12,89.8645
1979-01-13,90.458824
1979-01-14,89.42412
1979-01-15,89.265
1979-01-16,92.082146
1979-01-17,91.30062
1979-01-18,91.348
1979-01-19,91.147644
1979-01-20,90.20187
1979-01-21,90.866
1979-01-22,88.72625
1979-01-23,87.17834
1979-01-24,91.04188
1979-01-25,92.922226
1979-01-26,92.62111
1979-01-27,89.9675
1979-01-28,82.818
1979-01-29,90.37
1979-01-30,86.3985
1979-01-31,89.99333
1979-02-01,85.20947
1979-02-02,81.2235
1979-02-03,81.009
1979-02-04,91.42667
1979-02-05,93.47428
1979-02-06,88.95
1979-02-07,89.6647
1979-02-08,84.637
1979-02-09,85.9985
1979-02-10,89.66866
1979-02-11,89.47
1979-02-12,91.985
1979-02-13,90.152306
1979-02-14,92.198
1979-02-15,91.995
1979-02-16,93.05
1979-02-17,90.96526
1979-02-18,86.621
1979-02-19,83.267
1979-02-20,82.3495
1979-02-21,84.6175
1979-02-22,83.2825
1979-02-23,83.65
1979-02-24,85.462
1979-02-25,90.46286
1979-02-26,85.86158
1979-02-27,83.0615
1979-02-28,79.6315
1979-03-01,84.0065
1979-03-02,84.1475
1979-03-03,82.1615
1979-03-04,80.103
1979-03-05,91.75066
1979-03-06,91.40412
1979-03-07,84.4505
1979-03-08,87.15667
1979-03-09,91.36647
1979-03-10,84.452
1979-03-11,80.694496
1979-03-12,84.653496
1979-03-13,82.4055
1979-03-14,85.15263
1979-03-15,81.8845
1979-03-16,80.089
1979-03-17,75.715996
1979-03-18,66.761
1979-03-19,80.006
1979-03-20,78.1325
1979-03-21,73.0545
1979-03-22,71.2975
1979-03-23,89.405
1979-03-24,76.897995
1979-03-25,73.055
1979-03-26,76.5655
1979-03-27,89.632355
1979-03-28,89.34368
1979-03-29,85.1325
1979-03-30,75.0885
1979-03-31,79.031
1979-04-01,75.3555
1979-04-02,82.4715
1979-04-03,82.816
1979-04-04,71.499
1979-04-05,82.7605
1979-04-06,81.555
1979-04-07,86.68737
1979-04-08,90.32105
1979-04-09,87.2435
1979-04-10,77.212
1979-04-11,77.4935
1979-04-12,73.9795
1979-04-13,66.3145
1979-04-14,63.135
1979-04-15,66.716
1979-04-16,54.608997
1979-04-17,72.419495
1979-04-18,90.07
1979-04-19,77.228
1979-04-20,69.388
1979-04-21,71.583496
1979-04-22,69.432495
1979-04-23,57.479
1979-04-24,51.336
1979-04-25,36.607998
1979-04-26,73.36
1979-04-27,87.5335
1979-04-28,85.4565
1979-04-29,89.10647
1979-04-30,68.6725
1979-05-01,78.284996
1979-05-02,68.473
1979-05-03,77.239
1979-05-04,72.1475
1979-05-05,63.7215
1979-05-06,70.066
1979-05-07,81.9495
1979-05-08,88.3595
1979-05-09,92.96231
1979-05-10,89.175
1979-05-11,88.8595
1979-05-12,87.35421
1979-05-13,81.842
1979-05-14,78.792496
1979-05-15,70.9855
1979-05-16,74.113495
1979-05-17,70.3965
1979-05-18,67.767
1979-05-19,64.681
1979-05-20,69.29
1979-05-21,67.515
1979-05-22,68.678
1979-05-23,71.734
1979-05-24,75.854
1979-05-25,70.7335
1979-05-26,78.259
1979-05-27,71.4285
1979-05-28,77.444
1979-05-29,72.3785
1979-05-30,81.018
1979-05-31,70.600494
1979-06-01,65.1555
1979-06-02,66.179
1979-06-03,67.184
1979-06-04,64.4825
1979-06-05,66.734
1979-06-06,67.464
1979-06-07,72.992
1979-06-08,75.428
1979-06-09,73.8055
1979-06-10,73.074
1979-06-11,71.4525
1979-06-12,69.9925
1979-06-13,76.0165
1979-06-14,77.347496
1979-06-15,80.8845
1979-06-16,77.476
1979-06-17,80.9745
1979-06-18,86.16947
1979-06-19,89.76688
1979-06-20,86.3875
1979-06-21,90.90421
1979-06-22,89.37235
1979-06-23,79.7255
1979-06-24,79.174995
1979-06-25,68.496
1979-06-26,70.437
1979-06-27,73.582
1979-06-28,71.144
1979-06-29,82.933
1979-06-30,77.877
1979-07-01,77.127
1979-07-02,77.97
1979-07-03,87.2595
1979-07-04,89.96421
1979-07-05,81.238
1979-07-06,80.534
1979-07-07,83.86316
1979-07-08,85.1135
1979-07-09,82.201
1979-07-10,87.472496
1979-07-11,76.3875
1979-07-12,68.852
1979-07-13,71.7125
1979-07-14,80.838
1979-07-15,81.556
1979-07-16,87.3345
1979-07-17,80.793
1979-07-18,80.6155
1979-07-19,73.54
1979-07-20,75.2745
1979-07-21,75.4805
1979-07-22,76.948
1979-07-23,76.242
1979-07-24,84.6575
1979-07-25,79.9715
1979-07-26,75.5075
1979-07-27,80.8115
1979-07-28,86.4485
1979-07-29,72.637
1979-07-30,75.773
1979-07-31,66.4015
1979-08-01,71.36549
1979-08-02,72.813995
1979-08-03,75.277
1979-08-04,82.889
1979-08-05,75.5055
1979-08-06,69.4785
1979-08-07,70.035995
1979-08-08,67.302
1979-08-09,70.593
1979-08-10,85.796
1979-08-11,89.04833
1979-08-12,91.415
1979-08-13,92.99
1979-08-14,89.204
1979-08-15,82.692
1979-08-16,82.657
1979-08-17,86.445
1979-08-18,89.58158
1979-08-19,85.444496
1979-08-20,88.5775
1979-08-21,83.9395
1979-08-22,90.786316
1979-08-23,78.7745
1979-08-24,72.456
1979-08-25,86.8345
1979-08-26,83.56737
1979-08-27,88.72945
1979-08-28,73.876
1979-08-29,87.4355
1979-08-30,80.761
1979-08-31,82.933
1979-09-01,76.148
1979-09-02,72.812
1979-09-03,70.028
1979-09-04,73.5945
1979-09-05,86.786
1979-09-06,83.468
1979-09-07,81.805
1979-09-08,80.751
1979-09-09,77.1
1979-09-10,85.859
1979-09-11,78.234
1979-09-12,78.8605
1979-09-13,77.3875
1979-09-14,77.61
1979-09-15,79.0915
1979-09-16,78.1565
1979-09-17,68.585
1979-09-18,56.963
1979-09-19,69.183
1979-09-20,68.0055
1979-09-21,66.1155
1979-09-22,67.1425
1979-09-23,83.82
1979-09-24,77.853
1979-09-25,63.76
1979-09-26,78.4165
1979-09-27,82.35
1979-09-28,86.722
1979-09-29,82.7775
1979-09-30,83.028
1979-10-01,86.6115
1979-10-02,86.057
1979-10-03,81.473495
1979-10-04,72.3965
1979-10-05,81.9165
1979-10-06,82.8885
1979-10-07,80.9755
1979-10-08,77.340996
1979-10-09,73.6785
1979-10-10,68.9235
1979-10-11,61.2185
1979-10-12,63.0495
1979-10-13,70.9735
1979-10-14,80.3695
1979-10-15,72.031
1979-10-16,76.3725
1979-10-17,75.931
1979-10-18,91.25083
1979-10-19,84.686
1979-10-20,84.815
1979-10-21,83.337
1979-10-22,89.025
1979-10-23,86.72948
1979-10-24,83.568
1979-10-25,79.429
1979-10-26,76.4745
1979-10-27,78.6325
1979-10-28,78.113
1979-10-29,87.910995
1979-10-30,92.92
1979-10-31,92.075
1979-11-01,91.73929
1979-11-02,90.58882
1979-11-03,92.46272
1979-11-04,91.45611
1979-11-05,85.72369
1979-11-06,92.43444
1979-11-07,89.8865
1979-11-08,87.3845
1979-11-09,79.4535
1979-11-10,90.82
1979-11-11,91.26833
1979-11-12,93.208
1979-11-13,86.60222
1979-11-14,79.9545
1979-11-15,69.979996
1979-11-16,82.643
1979-11-17,87.28647
1979-11-18,82.79737
1979-11-19,89.99117
1979-11-20,92.61
1979-11-21,
1979-11-22,92.947334
1979-11-23,90.552666
1979-11-24,92.42167
1979-11-25,93.755005
1979-11-26,86.933334
1979-11-27,87.7575
1979-11-28,81.4115
1979-11-29,87.09818
1979-11-30,83.99294
1979-12-01,83.72
1979-12-02,85.331
1979-12-03,86.68176
1979-12-04,88.6135
1979-12-05,87.34706
1979-12-06,83.4885
1979-12-07,86.751
1979-12-08,86.063156
1979-12-09,83.029
1979-12-10,78.168
1979-12-11,82.638
1979-12-12,87.73842
1979-12-13,79.462
1979-12-14,74.309
1979-12-15,88.401
1979-12-16,92.97625
1979-12-17,85.9685
1979-12-18,90.14471
1979-12-19,91.98813
1979-12-20,85.76526
1979-12-21,90.26071
1979-12-22,88.12706
1979-12-23,89.710526
1979-12-24,89.69235
1979-12-25,88.637
1979-12-26,88.342
1979-12-27,86.090996
1979-12-28,78.2465
1979-12-29,83.6255
1979-12-30,92.33091
1979-12-31,92.50188
1980-01-01,90.37444
1980-01-02,85.1
1980-01-03,91.59615
1980-01-04,87.4845
1980-01-05,80.406
1980-01-06,85.59
1980-01-07,90.69611
1980-01-08,91.832504
1980-01-09,91.82267
1980-01-10,91.24333
1980-01-11,90.66631
1980-01-12,92.27556
1980-01-13,86.28714
1980-01-14,86.394
1980-01-15,77.323
1980-01-16,87.3305
1980-01-17,90.68833
1980-01-18,87.337
1980-01-19,87.13611
1980-01-20,89.543
1980-01-21,90.11421
1980-01-22,83.13737
1980-01-23,85.7025
1980-01-24,88.3747
1980-01-25,91.8075
1980-01-26,90.4525
1980-01-27,86.621666
1980-01-28,82.88842
1980-01-29,80.673
1980-01-30,82.4565
1980-01-31,81.0255
1980-02-01,81.2
1980-02-02,73.5635
1980-02-03,86.44889
1980-02-04,93.80167
1980-02-05,90.308
1980-02-06,92.53833
1980-02-07,91.549
1980-02-08,93.218575
1980-02-09,90.68
1980-02-10,89.84333
1980-02-11,90.70214
1980-02-12,90.94625
1980-02-13,91.72945
1980-02-14,86.5055
1980-02-15,88.297
1980-02-16,84.35
1980-02-17,88.183334
1980-02-18,91.40818
1980-02-19,83.5965
1980-02-20,86.23
1980-02-21,85.79579
1980-02-22,84.7765
1980-02-23,84.0525
1980-02-24,88.632355
1980-02-25,87.25684
1980-02-26,82.7005
1980-02-27,77.8825
1980-02-28,84.99895
1980-02-29,81.0405
1980-03-01,91.51083
1980-03-02,80.5505
1980-03-03,81.6345
1980-03-04,85.1595
1980-03-05,71.2295
1980-03-06,71.5025
1980-03-07,76.4635
1980-03-08,90.192726
1980-03-09,90.92923
1980-03-10,92.331
1980-03-11,90.14445
1980-03-12,88.55167
1980-03-13,86.0145
1980-03-14,84.243996
1980-03-15,83.1225
1980-03-16,88.84
1980-03-17,90.02278
1980-03-18,82.6105
1980-03-19,83.559
1980-03-20,78.6925
1980-03-21,84.472496
1980-03-22,84.2135
1980-03-23,90.45909
1980-03-24,92.09
1980-03-25,91.46737
1980-03-26,85.640526
1980-03-27,89.501
1980-03-28,83.6005
1980-03-29,71.7845
1980-03-30,86.0025
1980-03-31,85.232
1980-04-01,71.5015
1980-04-02,80.096
1980-04-03,78.777
1980-04-04,93.50143
1980-04-05,91.01357
1980-04-06,90.54222
1980-04-07,89.642105
1980-04-08,85.746
1980-04-09,79.826
1980-04-10,84.168
1980-04-11,83.789
1980-04-12,78.8395
1980-04-13,70.3845
1980-04-14,62.367496
1980-04-15,50.333
1980-04-16,56.025997
1980-04-17,61.113
1980-04-18,61.344498
1980-04-19,68.288
1980-04-20,63.218998
1980-04-21,84.354
1980-04-22,89.83125
1980-04-23,77.1415
1980-04-24,76.242
1980-04-25,76.677
1980-04-26,83.4079
1980-04-27,81.6295
1980-04-28,82.8945
1980-04-29,81.672
1980-04-30,73.704
1980-05-01,73.604
1980-05-02,82.507996
1980-05-03,84.715
1980-05-04,72.232
1980-05-05,72.6685
1980-05-06,85.5655
1980-05-07,83.039
1980-05-08,80.6475
1980-05-09,76.529495
1980-05-10,91.361336
1980-05-11,84.54
1980-05-12,70.6075
1980-05-13,66.3865
1980-05-14,69.9565
1980-05-15,85.4365
1980-05-16,84.445
1980-05-17,83.532
1980-05-18,81.6865
1980-05-19,78.04
1980-05-20,88.5015
1980-05-21,80.428
1980-05-22,80.725
1980-05-23,74.157
1980-05-24,79.567
1980-05-25,76.1785
1980-05-26,67.8125
1980-05-27,65.7195
1980-05-28,67.5915
1980-05-29,77.524
1980-05-30,70.405
1980-05-31,86.18158
1980-06-01,73.922
1980-06-02,76.4645
1980-06-03,79.3365
1980-06-04,87.3145
1980-06-05,84.928
1980-06-06,90.60944
1980-06-07,89.98929
1980-06-08,81.7295
1980-06-09,78.091
1980-06-10,80.0635
1980-06-11,76.3925
1980-06-12,73.6555
1980-06-13,70.908
1980-06-14,71.1235
1980-06-15,68.109
1980-06-16,74.447495
1980-06-17,80.1355
1980-06-18,79.659996
1980-06-19,92.204704
1980-06-20,85.3795
1980-06-21,76.297
1980-06-22,69.301
1980-06-23,73.4545
1980-06-24,68.568
1980-06-25,79.354
1980-06-26,71.486
1980-06-27,83.635
1980-06-28,81.6765
1980-06-29,72.9335
1980-06-30,80.241
1980-07-01,69.79
1980-07-02,83.3505
1980-07-03,75.7155
1980-07-04,86.52789
1980-07-05,82.6635
1980-07-06,78.726
1980-07-07,73.2965
1980-07-08,71.548
1980-07-09,57.454
1980-07-10,59.326
1980-07-11,66.819496
1980-07-12,79.569496
1980-07-13,75.06
1980-07-14,69.621
1980-07-15,69.9765
1980-07-16,73.3155
1980-07-17,77.501495
1980-07-18,75.4655
1980-07-19,76.7155
1980-07-20,73.5345
1980-07-21,64.225
1980-07-22,83.509
1980-07-23,91.58813
1980-07-24,90.7235
1980-07-25,90.905
1980-07-26,88.093
1980-07-27,81.4835
1980-07-28,84.318
1980-07-29,87.2585
1980-07-30,84.665
1980-07-31,86.6275
1980-08-01,86.243004
1980-08-02,82.583
1980-08-03,74.7355
1980-08-04,66.6605
1980-08-05,74.194
1980-08-06,74.668
1980-08-07,72.129
1980-08-08,67.3835
1980-08-09,81.7715
1980-08-10,72.545
1980-08-11,74.6115
1980-08-12,72.9515
1980-08-13,89.89
1980-08-14,92.412224
1980-08-15,89.663
1980-08-16,81.6355
1980-08-17,81.186
1980-08-18,85.828
1980-08-19,83.362
1980-08-20,84.254
1980-08-21,80.969
1980-08-22,70.0175
1980-08-23,75.194
1980-08-24,84.6745
1980-08-25,84.9315
1980-08-26,73.715996
1980-08-27,75.054
1980-08-28,76.3185
1980-08-29,75.521996
1980-08-30,75.61
1980-08-31,83.589
1980-09-01,87.824
1980-09-02,89.87923
1980-09-03,83.4985
1980-09-04,74.1995
1980-09-05,72.463
1980-09-06,68.9755
1980-09-07,84.284
1980-09-08,77.601
1980-09-09,74.645996
1980-09-10,85.4935
1980-09-11,80.451
1980-09-12,71.961494
1980-09-13,72.3645
1980-09-14,69.958
1980-09-15,75.087
1980-09-16,73.500496
1980-09-17,72.1005
1980-09-18,77.408
1980-09-19,71.033
1980-09-20,75.062996
1980-09-21,69.043
1980-09-22,75.0195
1980-09-23,76.8675
1980-09-24,75.692
1980-09-25,81.6315
1980-09-26,87.6475
1980-09-27,83.8365
1980-09-28,86.459
1980-09-29,84.042496
1980-09-30,77.9845
1980-10-01,86.119995
1980-10-02,83.5095
1980-10-03,80.163
1980-10-04,78.465
1980-10-05,75.763
1980-10-06,75.183495
1980-10-07,70.1645
1980-10-08,82.4215
1980-10-09,81.3175
1980-10-10,90.05706
1980-10-11,79.606
1980-10-12,66.244995
1980-10-13,79.5325
1980-10-14,79.052
1980-10-15,66.8795
1980-10-16,71.461
1980-10-17,70.921
1980-10-18,75.8645
1980-10-19,92.30428
1980-10-20,90.03941
1980-10-21,88.7525
1980-10-22,79.656
1980-10-23,75.81
1980-10-24,74.668495
1980-10-25,70.526
1980-10-26,88.948
1980-10-27,77.892
1980-10-28,74.799995
1980-10-29,75.679
1980-10-30,76.1275
1980-10-31,79.599
1980-11-01,84.9925
1980-11-02,86.9975
1980-11-03,91.222855
1980-11-04,92.84167
1980-11-05,93.68429
1980-11-06,91.61667
1980-11-07,90.751114
1980-11-08,83.15737
1980-11-09,85.9765
1980-11-10,85.824
1980-11-11,88.56895
1980-11-12,80.971
1980-11-13,88.996
1980-11-14,88.66579
1980-11-15,87.6285
1980-11-16,84.965996
1980-11-17,85.048996
1980-11-18,78.9465
1980-11-19,85.3925
1980-11-20,75.954
1980-11-21,78.5745
1980-11-22,76.762
1980-11-23,80.938995
1980-11-24,79.10421
1980-11-25,76.093
1980-11-26,78.7535
1980-11-27,83.0365
1980-11-28,90.35438
1980-11-29,86.69526
1980-11-30,90.723335
1980-12-01,89.54294
1980-12-02,91.34842
1980-12-03,83.017
1980-12-04,87.1705
1980-12-05,83.0895
1980-12-06,77.675995
1980-12-07,88.45556
1980-12-08,88.62529
1980-12-09,82.6595
1980-12-10,81.95263
1980-12-11,82.65053
1980-12-12,83.8925
1980-12-13,84.547775
1980-12-14,84.8435
1980-12-15,79.3055
1980-12-16,85.21316
1980-12-17,87.28579
1980-12-18,88.325264
1980-12-19,90.19158
1980-12-20,89.963684
1980-12-21,91.23133
1980-12-22,93.69
1980-12-23,89.0725
1980-12-24,84.625
1980-12-25,88.436
1980-12-26,93.74333
1980-12-27,92.47111
1980-12-28,91.566925
1980-12-29,86.8845
1980-12-30,88.75
1980-12-31,87.42684
1981-01-01,80.022
1981-01-02,81.090996
1981-01-03,77.957
1981-01-04,79.484
1981-01-05,88.1815
1981-01-06,81.016
1981-01-07,84.224495
1981-01-08,82.035995
1981-01-09,85.961
1981-01-10,79.0085
1981-01-11,83.0745
1981-01-12,83.8585
1981-01-13,75.418
1981-01-14,89.00105
1981-01-15,80.1885
1981-01-16,87.00895
1981-01-17,83.2515
1981-01-18,83.3395
1981-01-19,84.102104
1981-01-20,83.749
1981-01-21,92.25625
1981-01-22,92.25667
1981-01-23,92.42923
1981-01-24,87.32895
1981-01-25,89.86
1981-01-26,87.9095
1981-01-27,82.9695
1981-01-28,84.682106
1981-01-29,84.81895
1981-01-30,84.1215
1981-01-31,86.74
1981-02-01,78.836
1981-02-02,74.6915
1981-02-03,71.293
1981-02-04,77.634
1981-02-05,87.306496
1981-02-06,89.46158
1981-02-07,87.94316
1981-02-08,90.075836
1981-02-09,80.0735
1981-02-10,83.969
1981-02-11,76.125
1981-02-12,81.6045
1981-02-13,85.8175
1981-02-14,87.68053
1981-02-15,85.253
1981-02-16,88.145
1981-02-17,81.892
1981-02-18,86.6725
1981-02-19,88.34526
1981-02-20,82.461
1981-02-21,76.352
1981-02-22,81.4515
1981-02-23,81.1775
1981-02-24,79.176
1981-02-25,69.2905
1981-02-26,72.1855
1981-02-27,79.2495
1981-02-28,76.44
1981-03-01,75.0075
1981-03-02,82.3915
1981-03-03,86.511665
1981-03-04,88.35133
1981-03-05,86.433
1981-03-06,82.726
1981-03-07,81.4075
1981-03-08,75.377
1981-03-09,83.3125
1981-03-10,77.8585
1981-03-11,81.064735
1981-03-12,80.519
1981-03-13,90.60667
1981-03-14,90.09947
1981-03-15,81.4635
1981-03-16,86.70421
1981-03-17,86.18263
1981-03-18,86.504
1981-03-19,93.386665
1981-03-20,88.16579
1981-03-21,75.6475
1981-03-22,70.419
1981-03-23,71.154
1981-03-24,80.7715
1981-03-25,82.44
1981-03-26,77.7885
1981-03-27,79.7245
1981-03-28,73.3655
1981-03-29,68.1425
1981-03-30,64.8565
1981-03-31,57.5195
1981-04-01,66.118996
1981-04-02,68.5585
1981-04-03,76.689995
1981-04-04,67.39
1981-04-05,67.2055
1981-04-06,66.148
1981-04-07,60.166
1981-04-08,60.52
1981-04-09,59.941498
1981-04-10,81.015
1981-04-11,83.657
1981-04-12,69.5965
1981-04-13,61.3295
1981-04-14,55.428997
1981-04-15,45.525997
1981-04-16,59.5275
1981-04-17,79.966995
1981-04-18,89.009
1981-04-19,90.05312
1981-04-20,77.938995
1981-04-21,67.655
1981-04-22,59.965
1981-04-23,75.558495
1981-04-24,71.8675
1981-04-25,81.736
1981-04-26,80.082
1981-04-27,81.132996
1981-04-28,65.729996
1981-04-29,70.2755
1981-04-30,76.465
1981-05-01,71.0565
1981-05-02,68.0525
1981-05-03,70.55
1981-05-04,77.946
1981-05-05,89.786156
1981-05-06,88.93166
1981-05-07,86.3145
1981-05-08,89.41368
1981-05-09,78.698
1981-05-10,75.243996
1981-05-11,71.5055
1981-05-12,77.705
1981-05-13,84.93158
1981-05-14,79.437
1981-05-15,69.59
1981-05-16,67.5475
1981-05-17,67.088
1981-05-18,73.438995
1981-05-19,64.0745
1981-05-20,71.22
1981-05-21,78.3375
1981-05-22,69.4685
1981-05-23,70.9495
1981-05-24,63.4755
1981-05-25,55.415
1981-05-26,47.6395
1981-05-27,48.302998
1981-05-28,80.3325
1981-05-29,85.033
1981-05-30,72.9285
1981-05-31,74.559
1981-06-01,72.506996
1981-06-02,70.2845
1981-06-03,63.9405
1981-06-04,66.434
1981-06-05,79.11
1981-06-06,78.59
1981-06-07,84.1745
1981-06-08,79.833496
1981-06-09,76.379
1981-06-10,82.78
1981-06-11,89.695786
1981-06-12,74.0675
1981-06-13,69.547
1981-06-14,73.178
1981-06-15,78.2855
1981-06-16,78.617
1981-06-17,77.705
1981-06-18,80.571
1981-06-19,88.35579
1981-06-20,76.7355
1981-06-21,88.945786
1981-06-22,88.2525
1981-06-23,89.12
1981-06-24,79.804
1981-06-25,76.5595
1981-06-26,72.575
1981-06-27,73.4435
1981-06-28,72.4095
1981-06-29,68.206
1981-06-30,71.421
1981-07-01,72.1365
1981-07-02,62.447998
1981-07-03,62.4375
1981-07-04,84.381
1981-07-05,74.7565
1981-07-06,71.126
1981-07-07,74.282
1981-07-08,69.074
1981-07-09,76.488495
1981-07-10,82.065
1981-07-11,76.547
1981-07-12,73.7025
1981-07-13,75.4575
1981-07-14,70.631
1981-07-15,83.479996
1981-07-16,78.913
1981-07-17,68.235
1981-07-18,56.5215
1981-07-19,54.676
1981-07-20,77.545
1981-07-21,80.4305
1981-07-22,74.9355
1981-07-23,60.516
1981-07-24,59.1885
1981-07-25,62.198997
1981-07-26,74.933
1981-07-27,80.104
1981-07-28,89.551056
1981-07-29,92.71059
1981-07-30,82.2575
1981-07-31,76.518
1981-08-01,68.661
1981-08-02,71.882996
1981-08-03,73.4255
1981-08-04,73.8685
1981-08-05,70.8155
1981-08-06,65.7775
1981-08-07,68.390495
1981-08-08,67.531494
1981-08-09,72.1615
1981-08-10,72.364
1981-08-11,75.622
1981-08-12,81.192
1981-08-13,80.109
1981-08-14,75.181496
1981-08-15,79.725
1981-08-16,69.946495
1981-08-17,77.7995
1981-08-18,81.292
1981-08-19,78.4695
1981-08-20,60.268997
1981-08-21,65.4295
1981-08-22,84.5505
1981-08-23,78.722
1981-08-24,89.175
1981-08-25,88.743004
1981-08-26,74.978
1981-08-27,79.673
1981-08-28,80.337
1981-08-29,72.451
1981-08-30,81.8515
1981-08-31,74.945
1981-09-01,78.015
1981-09-02,81.5545
1981-09-03,84.8445
1981-09-04,86.588
1981-09-05,82.265495
1981-09-06,82.526
1981-09-07,80.759
1981-09-08,78.183
1981-09-09,78.016
1981-09-10,78.863495
1981-09-11,85.5945
1981-09-12,88.0785
1981-09-13,81.1015
1981-09-14,85.521
1981-09-15,88.22737
1981-09-16,80.442
1981-09-17,81.8175
1981-09-18,77.7395
1981-09-19,72.095
1981-09-20,79.73579
1981-09-21,74.011
1981-09-22,70.764
1981-09-23,64.2625
1981-09-24,83.062996
1981-09-25,84.958
1981-09-26,77.926994
1981-09-27,75.063
1981-09-28,75.2275
1981-09-29,88.5
1981-09-30,88.884445
1981-10-01,88.283005
1981-10-02,81.16579
1981-10-03,79.4085
1981-10-04,79.562
1981-10-05,77.417
1981-10-06,78.361
1981-10-07,78.812
1981-10-08,74.3725
1981-10-09,76.0805
1981-10-10,75.784996
1981-10-11,80.5415
1981-10-12,77.4015
1981-10-13,91.69813
1981-10-14,84.0135
1981-10-15,81.034996
1981-10-16,86.45105
1981-10-17,81.888
1981-10-18,77.695496
1981-10-19,89.988945
1981-10-20,77.5895
1981-10-21,79.808
1981-10-22,76.7625
1981-10-23,81.723
1981-10-24,91.4875
1981-10-25,89.714
1981-10-26,78.7295
1981-10-27,74.6445
1981-10-28,84.0175
1981-10-29,79.3185
1981-10-30,72.284
1981-10-31,81.4405
1981-11-01,69.233
1981-11-02,76.97
1981-11-03,57.415497
1981-11-04,68.092
1981-11-05,75.449
1981-11-06,82.871
1981-11-07,84.67737
1981-11-08,88.14474
1981-11-09,93.01692
1981-11-10,90.371056
1981-11-11,84.31368
1981-11-12,85.645996
1981-11-13,88.616
1981-11-14,87.8255
1981-11-15,91.77889
1981-11-16,91.54091
1981-11-17,87.7425
1981-11-18,82.301
1981-11-19,85.465
1981-11-20,89.902725
1981-11-21,90.26417
1981-11-22,81.89
1981-11-23,83.1655
1981-11-24,82.736
1981-11-25,64.6905
1981-11-26,80.770996
1981-11-27,85.989
1981-11-28,85.152
1981-11-29,92.89
1981-11-30,89.71555
1981-12-01,88.738235
1981-12-02,94.04667
1981-12-03,92.108665
1981-12-04,91.38308
1981-12-05,90.288124
1981-12-06,85.7825
1981-12-07,87.351
1981-12-08,81.37
1981-12-09,81.224
1981-12-10,86.878944
1981-12-11,86.9215
1981-12-12,89.70333
1981-12-13,89.97369
1981-12-14,85.1065
1981-12-15,90.79823
1981-12-16,91.4275
1981-12-17,86.277
1981-12-18,81.3225
1981-12-19,85.6755
1981-12-20,89.48722
1981-12-21,85.0125
1981-12-22,77.0675
1981-12-23,86.889496
1981-12-24,92.18091
1981-12-25,92.29
1981-12-26,94.01
1981-12-27,92.753
1981-12-28,90.92286
1981-12-29,86.94111
1981-12-30,90.475
1981-12-31,83.7115
1982-01-01,85.56105
1982-01-02,91.67313
1982-01-03,87.36235
1982-01-04,85.805
1982-01-05,87.5685
1982-01-06,84.786316
1982-01-07,81.321495
1982-01-08,76.718
1982-01-09,70.4045
1982-01-10,81.2545
1982-01-11,80.8395
1982-01-12,88.86389
1982-01-13,82.186
1982-01-14,80.557365
1982-01-15,83.621
1982-01-16,81.09052
1982-01-17,85.05053
1982-01-18,88.5385
1982-01-19,86.23222
1982-01-20,87.14706
1982-01-21,91.57643
1982-01-22,92.004616
1982-01-23,90.275
1982-01-24,90.236664
1982-01-25,90.22895
1982-01-26,87.5325
1982-01-27,85.2705
1982-01-28,93.46571
1982-01-29,90.85625
1982-01-30,89.77533
1982-01-31,87.84765
1982-02-01,83.71579
1982-02-02,88.061
1982-02-03,86.681
1982-02-04,84.93316
1982-02-05,82.9145
1982-02-06,74.697
1982-02-07,78.4705
1982-02-08,77.2595
1982-02-09,88.645
1982-02-10,88.2165
1982-02-11,82.484
1982-02-12,81.775
1982-02-13,86.52684
1982-02-14,81.575
1982-02-15,75.9245
1982-02-16,81.0335
1982-02-17,82.1275
1982-02-18,87.285995
1982-02-19,84.55055
1982-02-20,83.272224
1982-02-21,82.182
1982-02-22,78.151
1982-02-23,81.2845
1982-02-24,91.01444
1982-02-25,93.60167
1982-02-26,87.56294
1982-02-27,90.27077
1982-02-28,89.8365
1982-03-01,86.90421
1982-03-02,79.913
1982-03-03,85.81
1982-03-04,83.6305
1982-03-05,86.4779
1982-03-06,89.60647
1982-03-07,69.4785
1982-03-08,67.295
1982-03-09,72.590996
1982-03-10,70.673996
1982-03-11,82.9335
1982-03-12,89.73222
1982-03-13,85.67263
1982-03-14,92.66545
1982-03-15,91.3735
1982-03-16,91.6805
1982-03-17,89.0895
1982-03-18,81.9635
1982-03-19,88.33684
1982-03-20,90.28693
1982-03-21,87.15579
1982-03-22,82.232
1982-03-23,74.7075
1982-03-24,73.208
1982-03-25,76.889
1982-03-26,76.7455
1982-03-27,73.1625
1982-03-28,66.972
1982-03-29,69.846
1982-03-30,86.2715
1982-03-31,83.889
1982-04-01,74.361
1982-04-02,62.807
1982-04-03,61.4475
1982-04-04,70.4805
1982-04-05,66.211
1982-04-06,54.4155
1982-04-07,54.802
1982-04-08,60.0365
1982-04-09,69.636
1982-04-10,66.474
1982-04-11,63.807
1982-04-12,79.245
1982-04-13,67.288
1982-04-14,81.791
1982-04-15,79.9905
1982-04-16,92.503075
1982-04-17,85.819
1982-04-18,75.478
1982-04-19,81.20599
1982-04-20,82.539
1982-04-21,84.5905
1982-04-22,84.87
1982-04-23,76.0075
1982-04-24,77.244995
1982-04-25,56.0305
1982-04-26,68.5375
1982-04-27,86.304
1982-04-28,90.0035
1982-04-29,89.971
1982-04-30,89.7315
1982-05-01,50.6825
1982-05-02,74.6175
1982-05-03,60.279
1982-05-04,48.8625
1982-05-05,42.546497
1982-05-06,50.859497
1982-05-07,73.479996
1982-05-08,72.924995
1982-05-09,81.5335
1982-05-10,74.2195
1982-05-11,68.195
1982-05-12,67.6635
1982-05-13,79.729004
1982-05-14,80.118
1982-05-15,64.2115
1982-05-16,61.305
1982-05-17,62.219498
1982-05-18,55.2795
1982-05-19,57.1
1982-05-20,74.127
1982-05-21,69.7765
1982-05-22,71.9015
1982-05-23,74.1595
1982-05-24,73.3585
1982-05-25,88.85778
1982-05-26,80.6185
1982-05-27,79.1525
1982-05-28,70.4355
1982-05-29,82.06
1982-05-30,77.294
1982-05-31,65.9405
1982-06-01,70.2325
1982-06-02,66.8945
1982-06-03,69.4685
1982-06-04,63.389
1982-06-05,60.797
1982-06-06,68.105995
1982-06-07,70.7865
1982-06-08,66.9705
1982-06-09,70.664
1982-06-10,78.084496
1982-06-11,69.456
1982-06-12,73.6775
1982-06-13,80.139496
1982-06-14,85.310555
1982-06-15,68.145996
1982-06-16,65.361
1982-06-17,79.162
1982-06-18,71.8155
1982-06-19,85.64421
1982-06-20,81.383
1982-06-21,78.192
1982-06-22,82.6625
1982-06-23,80.803
1982-06-24,73.342
1982-06-25,73.459496
1982-06-26,73.308
1982-06-27,69.737
1982-06-28,82.2955
1982-06-29,73.865
1982-06-30,82.129
1982-07-01,76.937
1982-07-02,67.8825
1982-07-03,63.3215
1982-07-04,72.1465
1982-07-05,72.032
1982-07-06,66.9385
1982-07-07,86.1305
1982-07-08,81.9475
1982-07-09,73.890495
1982-07-10,81.7445
1982-07-11,92.092
1982-07-12,89.94333
1982-07-13,90.22
1982-07-14,85.727
1982-07-15,80.298
1982-07-16,72.1455
1982-07-17,78.381
1982-07-18,73.137
1982-07-19,77.103
1982-07-20,74.395
1982-07-21,73.658
1982-07-22,72.115
1982-07-23,77.1495
1982-07-24,73.5745
1982-07-25,79.985
1982-07-26,84.665
1982-07-27,91.274704
1982-07-28,92.28125
1982-07-29,84.2785
1982-07-30,76.7945
1982-07-31,74.163
1982-08-01,85.61889
1982-08-02,84.453
1982-08-03,79.4845
1982-08-04,74.7765
1982-08-05,80.771996
1982-08-06,83.3715
1982-08-07,74.4335
1982-08-08,79.8435
1982-08-09,79.68
1982-08-10,82.7005
1982-08-11,80.477
1982-08-12,76.282
1982-08-13,78.148
1982-08-14,80.5
1982-08-15,76.7025
1982-08-16,81.688
1982-08-17,74.363
1982-08-18,84.7065
1982-08-19,77.295
1982-08-20,70.591995
1982-08-21,77.871
1982-08-22,89.506
1982-08-23,85.3585
1982-08-24,78.753
1982-08-25,81.6225
1982-08-26,81.4855
1982-08-27,71.5615
1982-08-28,70.755
1982-08-29,84.779495
1982-08-30,90.282
1982-08-31,88.0255
1982-09-01,84.045
1982-09-02,80.663
1982-09-03,81.427
1982-09-04,75.0545
1982-09-05,67.5405
1982-09-06,61.260498
1982-09-07,68.881
1982-09-08,79.6645
1982-09-09,84.994
1982-09-10,84.0595
1982-09-11,83.5045
1982-09-12,86.3895
1982-09-13,82.6575
1982-09-14,80.155
1982-09-15,78.8115
1982-09-16,76.007996
1982-09-17,81.2755
1982-09-18,78.025
1982-09-19,75.71
1982-09-20,77.5645
1982-09-21,71.1065
1982-09-22,72.6555
1982-09-23,81.623
1982-09-24,87.869
1982-09-25,78.878
1982-09-26,78.0085
1982-09-27,76.0665
1982-09-28,81.915
1982-09-29,81.6575
1982-09-30,86.029
1982-10-01,82.631996
1982-10-02,83.814
1982-10-03,89.47421
1982-10-04,89.7375
1982-10-05,76.2965
1982-10-06,68.853
1982-10-07,85.937645
1982-10-08,88.667366
1982-10-09,88.547646
1982-10-10,88.3455
1982-10-11,85.81
1982-10-12,82.80421
1982-10-13,86.14555
1982-10-14,82.259
1982-10-15,90.315
1982-10-16,90.78375
1982-10-17,85.362
1982-10-18,82.521996
1982-10-19,85.099
1982-10-20,85.8265
1982-10-21,84.412
1982-10-22,86.61158
1982-10-23,79.5555
1982-10-24,76.3125
1982-10-25,89.80765
1982-10-26,92.64846
1982-10-27,90.818825
1982-10-28,87.81333
1982-10-29,79.897995
1982-10-30,81.347496
1982-10-31,84.6285
1982-11-01,88.22389
1982-11-02,84.187
1982-11-03,86.606
1982-11-04,87.782104
1982-11-05,82.624504
1982-11-06,76.948
1982-11-07,71.9105
1982-11-08,66.101
1982-11-09,56.238
1982-11-10,51.509
1982-11-11,68.492
1982-11-12,77.415
1982-11-13,63.827
1982-11-14,68.654495
1982-11-15,92.18
1982-11-16,92.81
1982-11-17,89.53714
1982-11-18,91.65818
1982-11-19,89.638824
1982-11-20,90.01923
1982-11-21,85.419
1982-11-22,85.107
1982-11-23,84.50632
1982-11-24,85.703
1982-11-25,89.599
1982-11-26,84.619
1982-11-27,87.262
1982-11-28,80.9075
1982-11-29,88.37312
1982-11-30,92.388336
1982-12-01,89.25684
1982-12-02,88.10176
1982-12-03,81.27579
1982-12-04,84.977
1982-12-05,85.192635
1982-12-06,80.972
1982-12-07,83.710526
1982-12-08,81.565
1982-12-09,80.845
1982-12-10,71.862
1982-12-11,88.99167
1982-12-12,91.735
1982-12-13,87.19
1982-12-14,92.85636
1982-12-15,88.4035
1982-12-16,85.84052
1982-12-17,85.70052
1982-12-18,72.850494
1982-12-19,91.61
1982-12-20,91.11616
1982-12-21,85.7165
1982-12-22,90.02789
1982-12-23,89.28176
1982-12-24,93.53333
1982-12-25,94.24
1982-12-26,93.411995
1982-12-27,91.78889
1982-12-28,90.629
1982-12-29,89.65947
1982-12-30,88.795
1982-12-31,84.08059
1983-01-01,87.05067
1983-01-02,90.44
1983-01-03,89.7895
1983-01-04,89.174446
1983-01-05,81.9925
1983-01-06,88.7325
1983-01-07,84.707
1983-01-08,85.556
1983-01-09,90.581
1983-01-10,83.362
1983-01-11,85.196
1983-01-12,85.5225
1983-01-13,84.158
1983-01-14,85.14
1983-01-15,90.81944
1983-01-16,87.66684
1983-01-17,90.96667
1983-01-18,77.3025
1983-01-19,72.5685
1983-01-20,84.9335
1983-01-21,81.7725
1983-01-22,88.2765
1983-01-23,87.249
1983-01-24,85.203
1983-01-25,87.24834
1983-01-26,79.6225
1983-01-27,84.59722
1983-01-28,68.711
1983-01-29,77.486496
1983-01-30,68.924995
1983-01-31,77.5
1983-02-01,73.3415
1983-02-02,76.2405
1983-02-03,83.278496
1983-02-04,85.939
1983-02-05,85.859
1983-02-06,73.2545
1983-02-07,80.459496
1983-02-08,88.737366
1983-02-09,89.40945
1983-02-10,89.4555
1983-02-11,85.374504
1983-02-12,84.608
1983-02-13,75.961
1983-02-14,76.709496
1983-02-15,87.515785
1983-02-16,88.86823
1983-02-17,82.27
1983-02-18,89.501
1983-02-19,85.356
1983-02-20,81.82
1983-02-21,80.588
1983-02-22,72.478
1983-02-23,82.989
1983-02-24,83.3315
1983-02-25,81.3925
1983-02-26,69.337
1983-02-27,66.1935
1983-02-28,82.4015
1983-03-01,91.362724
1983-03-02,89.27105
1983-03-03,76.959496
1983-03-04,83.7275
1983-03-05,79.8415
1983-03-06,80.595
1983-03-07,66.961
1983-03-08,73.5195
1983-03-09,64.179
1983-03-10,61.0825
1983-03-11,59.3195
1983-03-12,58.565998
1983-03-13,70.361
1983-03-14,59.6645
1983-03-15,52.3625
1983-03-16,49.892498
1983-03-17,62.324
1983-03-18,58.529
1983-03-19,79.238495
1983-03-20,84.804
1983-03-21,77.3835
1983-03-22,65.5095
1983-03-23,68.4335
1983-03-24,57.169
1983-03-25,74.96
1983-03-26,88.92111
1983-03-27,90.40706
1983-03-28,76.767
1983-03-29,52.884
1983-03-30,66.6925
1983-03-31,77.326
1983-04-01,77.375
1983-04-02,80.423996
1983-04-03,68.579
1983-04-04,86.073
1983-04-05,72.532
1983-04-06,78.009
1983-04-07,69.447
1983-04-08,67.621
1983-04-09,62.3205
1983-04-10,73.7915
1983-04-11,65.6055
1983-04-12,57.344997
1983-04-13,89.83158
1983-04-14,82.305
1983-04-15,86.98579
1983-04-16,74.6915
1983-04-17,71.443
1983-04-18,66.124
1983-04-19,74.6065
1983-04-20,77.2005
1983-04-21,72.618
1983-04-22,77.439
1983-04-23,73.395
1983-04-24,74.2665
1983-04-25,66.6225
1983-04-26,60.7085
1983-04-27,65.945
1983-04-28,65.935
1983-04-29,75.134995
1983-04-30,82.3685
1983-05-01,63.244
1983-05-02,82.1365
1983-05-03,72.727
1983-05-04,65.809
1983-05-05,73.4355
1983-05-06,68.043495
1983-05-07,72.439
1983-05-08,70.4785
1983-05-09,76.8695
1983-05-10,92.177055
1983-05-11,80.594
1983-05-12,68.0665
1983-05-13,62.303
1983-05-14,61.489
1983-05-15,62.138
1983-05-16,60.4485
1983-05-17,62.9935
1983-05-18,64.818
1983-05-19,70.514
1983-05-20,72.054
1983-05-21,68.106
1983-05-22,63.0325
1983-05-23,65.7
1983-05-24,81.566
1983-05-25,68.4475
1983-05-26,72.6925
1983-05-27,75.465996
1983-05-28,79.8695
1983-05-29,81.3925
1983-05-30,84.9325
1983-05-31,74.1095
1983-06-01,65.1015
1983-06-02,64.2765
1983-06-03,67.659996
1983-06-04,65.817
1983-06-05,60.425
1983-06-06,76.7325
1983-06-07,79.3075
1983-06-08,63.833
1983-06-09,60.266
1983-06-10,69.191
1983-06-11,70.106
1983-06-12,81.126
1983-06-13,83.274
1983-06-14,82.7635
1983-06-15,82.6615
1983-06-16,91.64555
1983-06-17,91.513
1983-06-18,91.374115
1983-06-19,89.1965
1983-06-20,88.0635
1983-06-21,76.311
1983-06-22,75.835495
1983-06-23,75.4295
1983-06-24,70.318
1983-06-25,59.976
1983-06-26,71.928
1983-06-27,70.878
1983-06-28,83.158
1983-06-29,81.5795
1983-06-30,83.003685
1983-07-01,78.9915
1983-07-02,85.844
1983-07-03,78.925995
1983-07-04,76.6925
1983-07-05,71.253
1983-07-06,67.435
1983-07-07,67.3415
1983-07-08,73.1275
1983-07-09,80.4055
1983-07-10,74.536
1983-07-11,83.261
1983-07-12,86.328
1983-07-13,87.894
1983-07-14,87.082
1983-07-15,75.403
1983-07-16,72.189
1983-07-17,76.18
1983-07-18,74.3645
1983-07-19,68.825
1983-07-20,73.7195
1983-07-21,80.0075
1983-07-22,73.025
1983-07-23,75.0595
1983-07-24,74.0995
1983-07-25,79.4135
1983-07-26,71.208496
1983-07-27,68.8635
1983-07-28,72.019
1983-07-29,72.923
1983-07-30,81.9755
1983-07-31,74.1055
1983-08-01,70.473
1983-08-02,68.5085
1983-08-03,64.4695
1983-08-04,84.37684
1983-08-05,81.4995
1983-08-06,73.024
1983-08-07,78.635
1983-08-08,78.86
1983-08-09,82.1485
1983-08-10,82.1355
1983-08-11,81.9285
1983-08-12,77.848495
1983-08-13,75.5385
1983-08-14,78.376
1983-08-15,70.179
1983-08-16,62.656
1983-08-17,62.0165
1983-08-18,71.4635
1983-08-19,71.569496
1983-08-20,69.946
1983-08-21,71.8435
1983-08-22,73.0855
1983-08-23,75.1925
1983-08-24,71.243996
1983-08-25,71.194
1983-08-26,72.074
1983-08-27,69.6645
1983-08-28,61.051
1983-08-29,70.715996
1983-08-30,74.9985
1983-08-31,71.374
1983-09-01,67.3305
1983-09-02,67.119
1983-09-03,53.679
1983-09-04,88.937
1983-09-05,85.318
1983-09-06,75.59
1983-09-07,80.877
1983-09-08,69.985
1983-09-09,55.1515
1983-09-10,47.392498
1983-09-11,45.5635
1983-09-12,71.99
1983-09-13,79.8825
1983-09-14,71.767
1983-09-15,58.163498
1983-09-16,53.5975
1983-09-17,61.804
1983-09-18,93.388
1983-09-19,92.03
1983-09-20,82.4545
1983-09-21,84.762
1983-09-22,77.6305
1983-09-23,69.569496
1983-09-24,71.3135
1983-09-25,77.849
1983-09-26,85.963
1983-09-27,80.347496
1983-09-28,77.392
1983-09-29,77.6885
1983-09-30,75.985
1983-10-01,79.149
1983-10-02,75.3945
1983-10-03,74.285995
1983-10-04,80.9285
1983-10-05,73.6045
1983-10-06,77.277
1983-10-07,62.968
1983-10-08,69.159996
1983-10-09,76.3115
1983-10-10,64.774
1983-10-11,60.6885
1983-10-12,83.576996
1983-10-13,69.602
1983-10-14,62.836
1983-10-15,60.842
1983-10-16,54.4715
1983-10-17,65.632996
1983-10-18,90.16625
1983-10-19,82.506996
1983-10-20,78.769
1983-10-21,81.6725
1983-10-22,81.4145
1983-10-23,76.695
1983-10-24,74.0735
1983-10-25,89.15211
1983-10-26,81.964
1983-10-27,83.8035
1983-10-28,77.7285
1983-10-29,86.748825
1983-10-30,85.018
1983-10-31,82.451996
1983-11-01,90.546844
1983-11-02,85.1205
1983-11-03,86.5745
1983-11-04,77.053
1983-11-05,88.08
1983-11-06,87.52177
1983-11-07,89.124664
1983-11-08,87.265
1983-11-09,87.79083
1983-11-10,87.52529
1983-11-11,86.58579
1983-11-12,73.197
1983-11-13,77.0745
1983-11-14,82.59
1983-11-15,85.372
1983-11-16,82.228
1983-11-17,79.4015
1983-11-18,85.44278
1983-11-19,85.8005
1983-11-20,82.596
1983-11-21,83.9155
1983-11-22,81.1995
1983-11-23,77.871
1983-11-24,81.034996
1983-11-25,75.708
1983-11-26,77.748
1983-11-27,80.233
1983-11-28,88.14412
1983-11-29,87.64579
1983-11-30,87.44312
1983-12-01,87.93833
1983-12-02,84.972664
1983-12-03,88.02
1983-12-04,87.05857
1983-12-05,88.03778
1983-12-06,90.73765
1983-12-07,91.585
1983-12-08,92.7875
1983-12-09,92.46
1983-12-10,89.07687
1983-12-11,91.07445
1983-12-12,90.05
1983-12-13,79.6435
1983-12-14,83.675
1983-12-15,88.00611
1983-12-16,87.40158
1983-12-17,84.8695
1983-12-18,88.83063
1983-12-19,81.61421
1983-12-20,81.612
1983-12-21,89.30353
1983-12-22,87.703156
1983-12-23,92.952225
1983-12-24,92.22
1983-12-25,85.68266
1983-12-26,83.8095
1983-12-27,92.40222
1983-12-28,85.53412
1983-12-29,80.3695
1983-12-30,86.50684
1983-12-31,83.631996
1984-01-01,76.888
1984-01-02,69.2405
1984-01-03,70.959
1984-01-04,82.34
1984-01-05,88.92
1984-01-06,90.21632
1984-01-07,90.109375
1984-01-08,92.207695
1984-01-09,88.589165
1984-01-10,91.631
1984-01-11,90.82437
1984-01-12,90.43588
1984-01-13,91.85429
1984-01-14,85.20684
1984-01-15,86.80666
1984-01-16,91.79875
1984-01-17,84.16263
1984-01-18,84.39
1984-01-19,85.2145
1984-01-20,86.94556
1984-01-21,88.7
1984-01-22,85.76684
1984-01-23,89.26933
1984-01-24,88.779335
1984-01-25,93.0725
1984-01-26,92.60667
1984-01-27,90.84941
1984-01-28,88.93222
1984-01-29,88.95684
1984-01-30,91.0
1984-01-31,86.80105
1984-02-01,88.7075
1984-02-02,88.285
1984-02-03,90.306114
1984-02-04,91.625336
1984-02-05,89.5825
1984-02-06,93.63555
1984-02-07,85.39737
1984-02-08,82.5045
1984-02-09,92.49067
1984-02-10,91.228
1984-02-11,89.76894
1984-02-12,86.777
1984-02-13,85.85333
1984-02-14,90.793686
1984-02-15,87.463
1984-02-16,86.223495
1984-02-17,84.568
1984-02-18,88.22945
1984-02-19,88.62
1984-02-20,87.27579
1984-02-21,93.22083
1984-02-22,87.0005
1984-02-23,86.825
1984-02-24,83.77
1984-02-25,84.89389
1984-02-26,86.30053
1984-02-27,85.13
1984-02-28,92.02545
1984-02-29,89.73813
1984-03-01,89.452
1984-03-02,89.59267
1984-03-03,93.011
1984-03-04,91.415
1984-03-05,93.42667
1984-03-06,93.208336
1984-03-07,90.99715
1984-03-08,84.6865
1984-03-09,85.240524
1984-03-10,92.469376
1984-03-11,91.274704
1984-03-12,90.063156
1984-03-13,88.3015
1984-03-14,86.40947
1984-03-15,83.2635
1984-03-16,85.1425
1984-03-17,84.3545
1984-03-18,78.035995
1984-03-19,78.3315
1984-03-20,71.9745
1984-03-21,63.970497
1984-03-22,84.3955
1984-03-23,89.414734
1984-03-24,86.5335
1984-03-25,72.744995
1984-03-26,74.526
1984-03-27,88.87
1984-03-28,72.895
1984-03-29,54.0515
1984-03-30,63.891
1984-03-31,87.65053
1984-04-01,63.292
1984-04-02,42.32
1984-04-03,61.451
1984-04-04,79.1795
1984-04-05,86.0065
1984-04-06,69.226
1984-04-07,72.838
1984-04-08,84.08158
1984-04-09,83.672
1984-04-10,82.3005
1984-04-11,78.658
1984-04-12,80.198
1984-04-13,88.475555
1984-04-14,83.417
1984-04-15,67.4475
1984-04-16,50.9915
1984-04-17,67.812
1984-04-18,83.847
1984-04-19,71.72
1984-04-20,55.9085
1984-04-21,62.579998
1984-04-22,77.503
1984-04-23,74.576
1984-04-24,87.2545
1984-04-25,77.4215
1984-04-26,80.647
1984-04-27,88.702
1984-04-28,78.985
1984-04-29,79.091995
1984-04-30,72.1855
1984-05-01,69.93
1984-05-02,79.2775
1984-05-03,75.188995
1984-05-04,67.0275
1984-05-05,65.874
1984-05-06,71.508995
1984-05-07,68.7835
1984-05-08,83.6305
1984-05-09,87.0965
1984-05-10,88.444
1984-05-11,92.01
1984-05-12,91.75077
1984-05-13,89.11182
1984-05-14,90.288666
1984-05-15,73.303
1984-05-16,69.6195
1984-05-17,70.7485
1984-05-18,67.781
1984-05-19,65.253
1984-05-20,63.4195
1984-05-21,71.0305
1984-05-22,67.876495
1984-05-23,78.377
1984-05-24,76.527
1984-05-25,78.328995
1984-05-26,80.187996
1984-05-27,73.547
1984-05-28,76.669
1984-05-29,77.994995
1984-05-30,83.4055
1984-05-31,76.3145
1984-06-01,83.708
1984-06-02,74.78
1984-06-03,70.4775
1984-06-04,74.4515
1984-06-05,68.019
1984-06-06,64.3085
1984-06-07,72.22
1984-06-08,79.7285
1984-06-09,84.5195
1984-06-10,79.2545
1984-06-11,69.936
1984-06-12,77.3745
1984-06-13,67.2265
1984-06-14,71.562996
1984-06-15,78.533
1984-06-16,82.0415
1984-06-17,78.029
1984-06-18,74.877
1984-06-19,70.918495
1984-06-20,71.238
1984-06-21,69.199
1984-06-22,81.964
1984-06-23,85.7905
1984-06-24,82.491
1984-06-25,78.8105
1984-06-26,75.9095
1984-06-27,70.997
1984-06-28,55.7935
1984-06-29,79.743004
1984-06-30,72.052
1984-07-01,73.048
1984-07-02,72.5945
1984-07-03,76.626
1984-07-04,85.529
1984-07-05,78.6355
1984-07-06,79.324
1984-07-07,86.072
1984-07-08,83.271996
1984-07-09,71.9185
1984-07-10,68.320496
1984-07-11,66.221
1984-07-12,62.822
1984-07-13,67.4195
1984-07-14,70.9115
1984-07-15,62.788998
1984-07-16,68.423
1984-07-17,77.761
1984-07-18,83.766
1984-07-19,72.051
1984-07-20,78.861
1984-07-21,74.7475
1984-07-22,70.203995
1984-07-23,65.4045
1984-07-24,70.2955
1984-07-25,71.182
1984-07-26,73.2885
1984-07-27,89.168945
1984-07-28,85.17
1984-07-29,78.006
1984-07-30,77.821495
1984-07-31,67.639496
1984-08-01,67.365
1984-08-02,84.5455
1984-08-03,80.361496
1984-08-04,75.3325
1984-08-05,75.6045
1984-08-06,71.111
1984-08-07,69.2765
1984-08-08,72.601
1984-08-09,69.7735
1984-08-10,67.045
1984-08-11,76.1065
1984-08-12,83.89263
1984-08-13,81.805
1984-08-14,78.209
1984-08-15,76.08
1984-08-16,79.8545
1984-08-17,81.6715
1984-08-18,79.5225
1984-08-19,79.584
1984-08-20,80.119995
1984-08-21,83.496
1984-08-22,82.929
1984-08-23,76.4765
1984-08-24,68.4015
1984-08-25,80.4385
1984-08-26,89.62444
1984-08-27,81.4985
1984-08-28,79.902
1984-08-29,74.8415
1984-08-30,73.468
1984-08-31,73.742
1984-09-01,77.798996
1984-09-02,75.4995
1984-09-03,73.8065
1984-09-04,68.029
1984-09-05,63.6655
1984-09-06,67.827995
1984-09-07,76.111496
1984-09-08,81.4715
1984-09-09,76.3545
1984-09-10,63.913998
1984-09-11,86.5875
1984-09-12,78.7055
1984-09-13,66.069496
1984-09-14,69.22
1984-09-15,70.138
1984-09-16,83.6795
1984-09-17,85.988
1984-09-18,89.408
1984-09-19,79.128
1984-09-20,77.5815
1984-09-21,84.888
1984-09-22,86.9545
1984-09-23,72.671
1984-09-24,71.7835
1984-09-25,86.8675
1984-09-26,87.6935
1984-09-27,86.252
1984-09-28,83.9835
1984-09-29,82.4405
1984-09-30,76.418495
1984-10-01,72.459496
1984-10-02,80.942
1984-10-03,74.7865
1984-10-04,82.152
1984-10-05,60.7955
1984-10-06,66.4085
1984-10-07,89.06526
1984-10-08,86.2665
1984-10-09,75.5665
1984-10-10,80.8025
1984-10-11,74.910995
1984-10-12,84.1105
1984-10-13,81.5235
1984-10-14,77.186
1984-10-15,77.1135
1984-10-16,84.503
1984-10-17,82.0885
1984-10-18,66.681
1984-10-19,68.2685
1984-10-20,63.55
1984-10-21,77.623
1984-10-22,78.350494
1984-10-23,73.549995
1984-10-24,82.2375
1984-10-25,77.9345
1984-10-26,75.2115
1984-10-27,85.3335
1984-10-28,85.84944
1984-10-29,89.86667
1984-10-30,85.128334
1984-10-31,86.356316
1984-11-01,87.09111
1984-11-02,90.40077
1984-11-03,85.1585
1984-11-04,86.93895
1984-11-05,86.984215
1984-11-06,88.14895
1984-11-07,83.07737
1984-11-08,88.78923
1984-11-09,91.12182
1984-11-10,90.516365
1984-11-11,89.1445
1984-11-12,83.923996
1984-11-13,76.973495
1984-11-14,75.0505
1984-11-15,78.208
1984-11-16,89.25579
1984-11-17,89.40118
1984-11-18,91.34375
1984-11-19,93.12857
1984-11-20,92.85
1984-11-21,91.92
1984-11-22,91.166664
1984-11-23,84.2985
1984-11-24,70.134
1984-11-25,80.4135
1984-11-26,85.255
1984-11-27,90.84167
1984-11-28,86.04722
1984-11-29,81.159
1984-11-30,80.6075
1984-12-01,78.2845
1984-12-02,81.836
1984-12-03,85.6755
1984-12-04,82.8975
1984-12-05,85.34389
1984-12-06,90.96333
1984-12-07,89.25471
1984-12-08,88.29389
1984-12-09,89.032104
1984-12-10,88.038666
1984-12-11,89.42667
1984-12-12,88.34263
1984-12-13,86.95684
1984-12-14,83.534
1984-12-15,86.0235
1984-12-16,88.4445
1984-12-17,89.18895
1984-12-18,88.138504
1984-12-19,89.64474
1984-12-20,94.24
1984-12-21,91.257774
1984-12-22,93.0025
1984-12-23,92.39667
1984-12-24,91.068665
1984-12-25,90.00733
1984-12-26,90.73688
1984-12-27,88.75176
1984-12-28,87.58937
1984-12-29,92.62
1984-12-30,91.1423
1984-12-31,89.166664
1985-01-01,88.92389
1985-01-02,89.85647
1985-01-03,88.9545
1985-01-04,88.00579
1985-01-05,90.8
1985-01-06,87.1065
1985-01-07,87.888504
1985-01-08,89.973526
1985-01-09,87.052
1985-01-10,89.02389
1985-01-11,88.9075
1985-01-12,83.6415
1985-01-13,76.621
1985-01-14,84.74
1985-01-15,83.5755
1985-01-16,79.56368
1985-01-17,81.2165
1985-01-18,87.85834
1985-01-19,86.647896
1985-01-20,90.062775
1985-01-21,86.389496
1985-01-22,84.00474
1985-01-23,84.604
1985-01-24,86.864
1985-01-25,81.324
1985-01-26,79.527
1985-01-27,87.34055
1985-01-28,87.628
1985-01-29,82.8015
1985-01-30,77.1365
1985-01-31,85.47444
1985-02-01,89.00389
1985-02-02,88.55789
1985-02-03,80.9485
1985-02-04,82.33
1985-02-05,82.973
1985-02-06,84.076
1985-02-07,83.92737
1985-02-08,81.7395
1985-02-09,87.512
1985-02-10,89.012
1985-02-11,86.78158
1985-02-12,86.4485
1985-02-13,82.338
1985-02-14,82.193
1985-02-15,80.7355
1985-02-16,87.179
1985-02-17,81.5515
1985-02-18,81.6965
1985-02-19,80.582
1985-02-20,85.1385
1985-02-21,80.6585
1985-02-22,84.026
1985-02-23,79.378
1985-02-24,91.42643
1985-02-25,89.032104
1985-02-26,85.62631
1985-02-27,85.4605
1985-02-28,80.5555
1985-03-01,84.69945
1985-03-02,86.191
1985-03-03,87.36579
1985-03-04,91.114
1985-03-05,87.94134
1985-03-06,90.924446
1985-03-07,88.9535
1985-03-08,91.024376
1985-03-09,91.74636
1985-03-10,91.25846
1985-03-11,89.869446
1985-03-12,83.877
1985-03-13,79.369995
1985-03-14,76.181
1985-03-15,88.69133
1985-03-16,92.961815
1985-03-17,88.53737
1985-03-18,84.73789
1985-03-19,88.40063
1985-03-20,93.69615
1985-03-21,88.44889
1985-03-22,88.124115
1985-03-23,91.456665
1985-03-24,90.58235
1985-03-25,93.27917
1985-03-26,89.20294
1985-03-27,82.476
1985-03-28,88.60579
1985-03-29,84.834
1985-03-30,77.6515
1985-03-31,59.4245
1985-04-01,70.81
1985-04-02,73.302
1985-04-03,70.666
1985-04-04,63.526
1985-04-05,48.41
1985-04-06,41.893997
1985-04-07,81.235
1985-04-08,62.545498
1985-04-09,56.116497
1985-04-10,70.264
1985-04-11,79.378
1985-04-12,76.7525
1985-04-13,92.55929
1985-04-14,68.5765
1985-04-15,75.2965
1985-04-16,83.285
1985-04-17,79.575
1985-04-18,76.466995
1985-04-19,78.804
1985-04-20,71.1365
1985-04-21,64.7985
1985-04-22,68.196
1985-04-23,59.5995
1985-04-24,84.2465
1985-04-25,77.879
1985-04-26,80.9465
1985-04-27,78.6275
1985-04-28,77.6635
1985-04-29,91.5325
1985-04-30,76.270996
1985-05-01,71.566
1985-05-02,63.448498
1985-05-03,80.517
1985-05-04,78.231995
1985-05-05,71.84
1985-05-06,71.1435
1985-05-07,68.0025
1985-05-08,67.3535
1985-05-09,82.3975
1985-05-10,84.852
1985-05-11,83.5325
1985-05-12,77.711
1985-05-13,75.006996
1985-05-14,74.54
1985-05-15,75.333496
1985-05-16,75.9775
1985-05-17,77.185
1985-05-18,80.048996
1985-05-19,70.6545
1985-05-20,75.103
1985-05-21,82.4115
1985-05-22,81.445786
1985-05-23,79.3125
1985-05-24,76.934
1985-05-25,69.602
1985-05-26,68.8
1985-05-27,65.7595
1985-05-28,60.265
1985-05-29,76.721
1985-05-30,77.721
1985-05-31,72.516
1985-06-01,84.386
1985-06-02,86.206314
1985-06-03,89.038
1985-06-04,76.8585
1985-06-05,71.3165
1985-06-06,66.3875
1985-06-07,66.54
1985-06-08,73.5305
1985-06-09,86.1865
1985-06-10,68.819
1985-06-11,76.2105
1985-06-12,72.126
1985-06-13,64.275
1985-06-14,63.451
1985-06-15,75.5515
1985-06-16,63.99
1985-06-17,74.815
1985-06-18,78.395996
1985-06-19,72.756996
1985-06-20,74.0225
1985-06-21,90.97945
1985-06-22,81.6625
1985-06-23,81.968
1985-06-24,85.548996
1985-06-25,86.486496
1985-06-26,80.0595
1985-06-27,76.1515
1985-06-28,76.195
1985-06-29,72.139496
1985-06-30,75.698
1985-07-01,73.202995
1985-07-02,78.609
1985-07-03,83.0225
1985-07-04,75.729996
1985-07-05,69.166
1985-07-06,63.774998
1985-07-07,70.816
1985-07-08,74.556496
1985-07-09,82.4715
1985-07-10,74.089
1985-07-11,84.5085
1985-07-12,79.2975
1985-07-13,75.7015
1985-07-14,75.8345
1985-07-15,69.123
1985-07-16,75.581
1985-07-17,79.000496
1985-07-18,81.833
1985-07-19,73.6895
1985-07-20,70.72
1985-07-21,83.598
1985-07-22,74.876495
1985-07-23,70.08
1985-07-24,65.9095
1985-07-25,74.3935
1985-07-26,65.109
1985-07-27,66.652
1985-07-28,65.6985
1985-07-29,63.2925
1985-07-30,66.9185
1985-07-31,73.196
1985-08-01,71.721
1985-08-02,76.358
1985-08-03,79.615
1985-08-04,76.6425
1985-08-05,69.511
1985-08-06,49.928497
1985-08-07,79.250496
1985-08-08,82.9575
1985-08-09,73.895996
1985-08-10,71.307
1985-08-11,74.1025
1985-08-12,68.444496
1985-08-13,63.649998
1985-08-14,63.7115
1985-08-15,69.2625
1985-08-16,64.6475
1985-08-17,70.596
1985-08-18,73.692
1985-08-19,70.959
1985-08-20,74.502
1985-08-21,68.715
1985-08-22,72.3745
1985-08-23,72.8535
1985-08-24,67.338
1985-08-25,58.7905
1985-08-26,50.559498
1985-08-27,93.12125
1985-08-28,91.024284
1985-08-29,93.64333
1985-08-30,91.572105
1985-08-31,83.2045
1985-09-01,78.266
1985-09-02,82.407
1985-09-03,72.1585
1985-09-04,86.31
1985-09-05,75.5525
1985-09-06,78.6865
1985-09-07,70.0655
1985-09-08,62.065998
1985-09-09,79.6805
1985-09-10,86.708
1985-09-11,81.9215
1985-09-12,81.839
1985-09-13,81.006
1985-09-14,74.914
1985-09-15,67.046
1985-09-16,72.475
1985-09-17,72.611496
1985-09-18,72.0785
1985-09-19,70.6045
1985-09-20,74.547
1985-09-21,76.034996
1985-09-22,74.093994
1985-09-23,69.9425
1985-09-24,73.799995
1985-09-25,77.583496
1985-09-26,76.201
1985-09-27,76.4635
1985-09-28,75.6045
1985-09-29,78.7025
1985-09-30,76.117
1985-10-01,71.138
1985-10-02,65.487495
1985-10-03,63.687
1985-10-04,66.2285
1985-10-05,63.7765
1985-10-06,64.341995
1985-10-07,72.3095
1985-10-08,80.1175
1985-10-09,80.954
1985-10-10,82.1645
1985-10-11,72.543
1985-10-12,77.2455
1985-10-13,75.229996
1985-10-14,78.8015
1985-10-15,91.84533
1985-10-16,92.18143
1985-10-17,84.164
1985-10-18,79.381996
1985-10-19,86.55263
1985-10-20,83.699
1985-10-21,79.1085
1985-10-22,70.249
1985-10-23,86.47211
1985-10-24,81.15632
1985-10-25,81.841576
1985-10-26,77.571
1985-10-27,76.5365
1985-10-28,73.626
1985-10-29,78.59
1985-10-30,70.497
1985-10-31,63.027
1985-11-01,83.851
1985-11-02,89.831055
1985-11-03,78.195496
1985-11-04,81.6635
1985-11-05,85.246666
1985-11-06,88.01765
1985-11-07,71.5655
1985-11-08,80.764
1985-11-09,71.198
1985-11-10,69.2435
1985-11-11,80.988
1985-11-12,84.335
1985-11-13,87.2865
1985-11-14,91.01692
1985-11-15,86.46
1985-11-16,87.3495
1985-11-17,91.19944
1985-11-18,89.412
1985-11-19,89.984375
1985-11-20,90.64158
1985-11-21,91.926315
1985-11-22,92.06923
1985-11-23,93.236664
1985-11-24,92.89
1985-11-25,93.44222
1985-11-26,92.91375
1985-11-27,93.423996
1985-11-28,91.89437
1985-11-29,88.626114
1985-11-30,84.245
1985-12-01,89.46883
1985-12-02,90.17286
1985-12-03,88.843575
1985-12-04,87.5275
1985-12-05,80.83706
1985-12-06,77.793495
1985-12-07,75.1915
1985-12-08,85.24368
1985-12-09,90.8353
1985-12-10,88.71667
1985-12-11,93.435
1985-12-12,87.96714
1985-12-13,91.111336
1985-12-14,90.590004
1985-12-15,91.62
1985-12-16,87.53941
1985-12-17,80.820526
1985-12-18,75.1335
1985-12-19,85.23722
1985-12-20,87.89632
1985-12-21,88.70722
1985-12-22,87.92333
1985-12-23,84.736
1985-12-24,86.8805
1985-12-25,84.753
1985-12-26,88.194214
1985-12-27,89.770004
1985-12-28,84.456314
1985-12-29,78.046
1985-12-30,84.6305
1985-12-31,90.674736
1986-01-01,91.15727
1986-01-02,91.94857
1986-01-03,91.121765
1986-01-04,90.798
1986-01-05,89.71263
1986-01-06,86.09421
1986-01-07,91.49
1986-01-08,86.341576
1986-01-09,82.0055
1986-01-10,83.041
1986-01-11,82.158
1986-01-12,88.46842
1986-01-13,88.117
1986-01-14,81.9015
1986-01-15,86.051575
1986-01-16,88.816666
1986-01-17,88.26833
1986-01-18,83.7625
1986-01-19,82.1195
1986-01-20,81.645
1986-01-21,76.9565
1986-01-22,72.9665
1986-01-23,76.7095
1986-01-24,78.156
1986-01-25,91.27765
1986-01-26,89.009476
1986-01-27,83.6455
1986-01-28,89.426
1986-01-29,87.93176
1986-01-30,84.64056
1986-01-31,88.38353
1986-02-01,85.8005
1986-02-02,89.44187
1986-02-03,81.687
1986-02-04,79.174995
1986-02-05,79.784996
1986-02-06,81.8995
1986-02-07,88.191055
1986-02-08,88.2295
1986-02-09,89.827896
1986-02-10,89.10333
1986-02-11,87.321
1986-02-12,86.82421
1986-02-13,90.56834
1986-02-14,86.37947
1986-02-15,87.51947
1986-02-16,90.787895
1986-02-17,92.74714
1986-02-18,88.49421
1986-02-19,91.66917
1986-02-20,92.3275
1986-02-21,87.73278
1986-02-22,88.615
1986-02-23,90.61
1986-02-24,89.59684
1986-02-25,89.47611
1986-02-26,84.1355
1986-02-27,78.746
1986-02-28,75.0545
1986-03-01,81.363
1986-03-02,90.763336
1986-03-03,93.24545
1986-03-04,93.229996
1986-03-05,91.308334
1986-03-06,81.007996
1986-03-07,84.178
1986-03-08,90.11
1986-03-09,88.53236
1986-03-10,87.0635
1986-03-11,85.409996
1986-03-12,87.81
1986-03-13,85.5635
1986-03-14,86.8715
1986-03-15,85.738
1986-03-16,78.756
1986-03-17,81.6155
1986-03-18,82.4905
1986-03-19,88.6045
1986-03-20,83.0775
1986-03-21,85.361
1986-03-22,87.9425
1986-03-23,80.4165
1986-03-24,80.887
1986-03-25,84.2115
1986-03-26,83.432495
1986-03-27,89.414734
1986-03-28,79.295
1986-03-29,70.983
1986-03-30,76.5815
1986-03-31,70.0085
1986-04-01,61.3
1986-04-02,64.7675
1986-04-03,62.492
1986-04-04,53.546497
1986-04-05,81.442
1986-04-06,73.8275
1986-04-07,61.753
1986-04-08,58.2315
1986-04-09,49.117496
1986-04-10,68.297
1986-04-11,82.446
1986-04-12,85.213
1986-04-13,87.35316
1986-04-14,92.917145
1986-04-15,73.9905
1986-04-16,56.4685
1986-04-17,68.278
1986-04-18,66.3775
1986-04-19,89.0575
1986-04-20,84.3845
1986-04-21,70.448
1986-04-22,67.514
1986-04-23,57.6675
1986-04-24,53.562
1986-04-25,61.3875
1986-04-26,62.375
1986-04-27,73.987
1986-04-28,75.266495
1986-04-29,77.762
1986-04-30,87.0585
1986-05-01,75.8695
1986-05-02,70.007996
1986-05-03,62.379498
1986-05-04,57.192497
1986-05-05,47.946
1986-05-06,48.4825
1986-05-07,46.725
1986-05-08,50.895
1986-05-09,86.8525
1986-05-10,86.4885
1986-05-11,71.176
1986-05-12,76.625
1986-05-13,72.039
1986-05-14,64.4205
1986-05-15,51.346
1986-05-16,73.5165
1986-05-17,84.6045
1986-05-18,68.924995
1986-05-19,71.4045
1986-05-20,73.3465
1986-05-21,72.348
1986-05-22,73.34
1986-05-23,71.315
1986-05-24,70.118
1986-05-25,79.303
1986-05-26,71.9145
1986-05-27,66.037
1986-05-28,57.0495
1986-05-29,77.160995
1986-05-30,79.33
1986-05-31,89.393684
1986-06-01,87.8
1986-06-02,79.4505
1986-06-03,69.812
1986-06-04,75.681
1986-06-05,74.7495
1986-06-06,85.8855
1986-06-07,73.171
1986-06-08,79.0765
1986-06-09,83.5765
1986-06-10,83.866
1986-06-11,86.677
1986-06-12,85.6715
1986-06-13,82.839
1986-06-14,85.7505
1986-06-15,71.7035
1986-06-16,68.7305
1986-06-17,64.7025
1986-06-18,66.399
1986-06-19,66.6175
1986-06-20,67.8435
1986-06-21,80.0635
1986-06-22,71.583
1986-06-23,70.601
1986-06-24,75.382996
1986-06-25,67.723
1986-06-26,64.6995
1986-06-27,68.455
1986-06-28,77.5905
1986-06-29,85.668
1986-06-30,85.8095
1986-07-01,83.382996
1986-07-02,84.9135
1986-07-03,81.667496
1986-07-04,80.682495
1986-07-05,73.2355
1986-07-06,68.7255
1986-07-07,59.701
1986-07-08,91.39616
1986-07-09,73.0855
1986-07-10,75.884
1986-07-11,77.3605
1986-07-12,71.201996
1986-07-13,66.77
1986-07-14,71.5025
1986-07-15,81.033
1986-07-16,78.5535
1986-07-17,79.2595
1986-07-18,83.80421
1986-07-19,76.611
1986-07-20,82.784996
1986-07-21,91.30882
1986-07-22,87.3875
1986-07-23,79.9655
1986-07-24,74.306496
1986-07-25,77.8365
1986-07-26,77.4915
1986-07-27,83.479996
1986-07-28,74.183
1986-07-29,73.8795
1986-07-30,75.747
1986-07-31,72.344
1986-08-01,73.229
1986-08-02,79.347496
1986-08-03,77.0235
1986-08-04,65.326996
1986-08-05,63.232998
1986-08-06,84.7405
1986-08-07,79.163
1986-08-08,79.3095
1986-08-09,78.145
1986-08-10,75.397
1986-08-11,73.156
1986-08-12,62.058
1986-08-13,73.1635
1986-08-14,70.856
1986-08-15,79.667496
1986-08-16,67.3635
1986-08-17,70.769
1986-08-18,72.028
1986-08-19,75.134
1986-08-20,64.999
1986-08-21,69.387
1986-08-22,59.1385
1986-08-23,43.421997
1986-08-24,67.357
1986-08-25,80.5995
1986-08-26,72.7915
1986-08-27,55.4165
1986-08-28,64.472
1986-08-29,60.592
1986-08-30,83.739
1986-08-31,70.953
1986-09-01,71.6265
1986-09-02,68.1835
1986-09-03,65.208
1986-09-04,56.954
1986-09-05,68.862495
1986-09-06,63.142498
1986-09-07,64.0765
1986-09-08,68.357
1986-09-09,81.469
1986-09-10,74.6305
1986-09-11,80.863
1986-09-12,69.4635
1986-09-13,72.8955
1986-09-14,69.9875
1986-09-15,64.8245
1986-09-16,55.109
1986-09-17,77.245
1986-09-18,75.361
1986-09-19,75.9415
1986-09-20,63.677498
1986-09-21,66.664
1986-09-22,65.2835
1986-09-23,71.1185
1986-09-24,64.6335
1986-09-25,66.752
1986-09-26,74.7155
1986-09-27,78.274
1986-09-28,87.8345
1986-09-29,76.018
1986-09-30,75.340996
1986-10-01,71.903496
1986-10-02,67.2145
1986-10-03,72.61
1986-10-04,63.573997
1986-10-05,67.693
1986-10-06,61.71
1986-10-07,61.333
1986-10-08,81.099
1986-10-09,82.1965
1986-10-10,77.249
1986-10-11,76.097
1986-10-12,70.697
1986-10-13,67.0525
1986-10-14,66.941
1986-10-15,64.308
1986-10-16,76.807495
1986-10-17,78.049
1986-10-18,80.7935
1986-10-19,70.351
1986-10-20,86.839
1986-10-21,78.5985
1986-10-22,68.6615
1986-10-23,73.8535
1986-10-24,82.2045
1986-10-25,78.014496
1986-10-26,73.9475
1986-10-27,88.297775
1986-10-28,87.05889
1986-10-29,86.725
1986-10-30,91.137
1986-10-31,90.66889
1986-11-01,90.47647
1986-11-02,80.8445
1986-11-03,88.003685
1986-11-04,83.156
1986-11-05,87.83053
1986-11-06,85.916504
1986-11-07,71.722496
1986-11-08,82.515
1986-11-09,76.715996
1986-11-10,77.358
1986-11-11,76.8705
1986-11-12,78.3005
1986-11-13,84.14526
1986-11-14,81.3675
1986-11-15,76.685
1986-11-16,81.962
1986-11-17,84.9165
1986-11-18,88.53842
1986-11-19,91.19667
1986-11-20,88.04158
1986-11-21,89.47
1986-11-22,83.3375
1986-11-23,80.722
1986-11-24,81.9905
1986-11-25,90.66187
1986-11-26,89.234116
1986-11-27,90.37417
1986-11-28,88.31571
1986-11-29,90.7825
1986-11-30,90.22846
1986-12-01,88.22056
1986-12-02,86.54056
1986-12-03,86.94421
1986-12-04,71.9365
1986-12-05,75.821
1986-12-06,73.759995
1986-12-07,84.185
1986-12-08,85.8735
1986-12-09,68.235
1986-12-10,79.4485
1986-12-11,87.83579
1986-12-12,88.82059
1986-12-13,86.381
1986-12-14,84.7725
1986-12-15,83.2755
1986-12-16,87.90474
1986-12-17,91.96
1986-12-18,90.39706
1986-12-19,88.74556
1986-12-20,89.00316
1986-12-21,84.7035
1986-12-22,85.9921
1986-12-23,81.906
1986-12-24,81.094
1986-12-25,90.0879
1986-12-26,89.14895
1986-12-27,82.823
1986-12-28,87.028
1986-12-29,87.72
1986-12-30,80.715
1986-12-31,83.31737
1987-01-01,85.757774
1987-01-02,84.70263
1987-01-03,87.39333
1987-01-04,84.9345
1987-01-05,79.83947
1987-01-06,88.7975
1987-01-07,89.483
1987-01-08,82.421
1987-01-09,78.2135
1987-01-10,72.5775
1987-01-11,84.403
1987-01-12,82.83
1987-01-13,78.659996
1987-01-14,83.072
1987-01-15,84.65722
1987-01-16,89.792
1987-01-17,92.195335
1987-01-18,86.20053
1987-01-19,89.287
1987-01-20,85.263
1987-01-21,87.7445
1987-01-22,87.88737
1987-01-23,91.41
1987-01-24,90.295334
1987-01-25,84.2495
1987-01-26,81.018
1987-01-27,81.6795
1987-01-28,85.382996
1987-01-29,89.454
1987-01-30,84.6625
1987-01-31,77.458496
1987-02-01,77.853
1987-02-02,83.491
1987-02-03,85.21526
1987-02-04,88.488235
1987-02-05,91.85786
1987-02-06,90.86125
1987-02-07,92.240715
1987-02-08,83.2205
1987-02-09,88.74579
1987-02-10,82.9975
1987-02-11,83.592224
1987-02-12,80.732
1987-02-13,85.387
1987-02-14,89.41579
1987-02-15,89.27842
1987-02-16,90.86786
1987-02-17,
1987-02-18,93.494995
1987-02-19,90.69125
1987-02-20,89.291664
1987-02-21,88.36389
1987-02-22,85.348
1987-02-23,90.871
1987-02-24,84.539
1987-02-25,77.933
1987-02-26,71.682
1987-02-27,73.4065
1987-02-28,80.5715
1987-03-01,83.76526
1987-03-02,83.9405
1987-03-03,81.879
1987-03-04,77.139
1987-03-05,74.5735
1987-03-06,81.611
1987-03-07,86.077
1987-03-08,85.1495
1987-03-09,87.62
1987-03-10,86.227
1987-03-11,82.0515
1987-03-12,80.7775
1987-03-13,76.9115
1987-03-14,77.331
1987-03-15,78.6615
1987-03-16,69.22
1987-03-17,85.917366
1987-03-18,79.172
1987-03-19,75.666
1987-03-20,82.6185
1987-03-21,76.446495
1987-03-22,84.326996
1987-03-23,92.18154
1987-03-24,89.25889
1987-03-25,85.1085
1987-03-26,76.861
1987-03-27,78.5995
1987-03-28,68.114
1987-03-29,89.66684
1987-03-30,87.55053
1987-03-31,92.652725
1987-04-01,93.487854
1987-04-02,84.4735
1987-04-03,77.188995
1987-04-04,79.3765
1987-04-05,72.1605
1987-04-06,69.929
1987-04-07,71.097496
1987-04-08,57.883
1987-04-09,70.8825
1987-04-10,86.35263
1987-04-11,88.506
1987-04-12,92.823
1987-04-13,78.520996
1987-04-14,70.5935
1987-04-15,80.402
1987-04-16,74.6755
1987-04-17,69.2815
1987-04-18,57.8715
1987-04-19,48.66
1987-04-20,57.684998
1987-04-21,76.9225
1987-04-22,90.725266
1987-04-23,65.909
1987-04-24,73.0675
1987-04-25,65.5255
1987-04-26,67.739
1987-04-27,68.406
1987-04-28,64.8125
1987-04-29,60.6935
1987-04-30,62.314
1987-05-01,72.9475
1987-05-02,65.116
1987-05-03,76.562
1987-05-04,73.445496
1987-05-05,77.654
1987-05-06,89.61278
1987-05-07,89.12158
1987-05-08,83.3795
1987-05-09,70.9455
1987-05-10,64.5215
1987-05-11,61.891
1987-05-12,62.4805
1987-05-13,53.8175
1987-05-14,82.3265
1987-05-15,74.203
1987-05-16,88.78833
1987-05-17,76.06
1987-05-18,64.9925
1987-05-19,79.8015
1987-05-20,84.0655
1987-05-21,91.223335
1987-05-22,90.07091
1987-05-23,88.89706
1987-05-24,89.0045
1987-05-25,79.069
1987-05-26,80.5345
1987-05-27,71.857
1987-05-28,81.9005
1987-05-29,77.415
1987-05-30,84.6535
1987-05-31,85.6925
1987-06-01,79.4685
1987-06-02,74.9255
1987-06-03,77.789
1987-06-04,70.6765
1987-06-05,85.9505
1987-06-06,74.264496
1987-06-07,61.613
1987-06-08,62.5045
1987-06-09,70.4145
1987-06-10,75.37
1987-06-11,75.1785
1987-06-12,67.8645
1987-06-13,62.2315
1987-06-14,68.668495
1987-06-15,70.633
1987-06-16,59.052998
1987-06-17,82.308
1987-06-18,79.7205
1987-06-19,73.5055
1987-06-20,68.125
1987-06-21,84.819496
1987-06-22,88.20842
1987-06-23,85.39056
1987-06-24,79.3805
1987-06-25,76.416504
1987-06-26,72.5785
1987-06-27,70.6845
1987-06-28,73.0795
1987-06-29,69.193
1987-06-30,73.187996
1987-07-01,66.0785
1987-07-02,76.114
1987-07-03,72.480995
1987-07-04,76.7285
1987-07-05,85.071
1987-07-06,74.5205
1987-07-07,65.0265
1987-07-08,58.0235
1987-07-09,62.497498
1987-07-10,70.383995
1987-07-11,65.1795
1987-07-12,63.024998
1987-07-13,69.986
1987-07-14,65.611
1987-07-15,68.442
1987-07-16,69.062996
1987-07-17,70.6165
1987-07-18,69.7255
1987-07-19,65.9615
1987-07-20,61.635998
1987-07-21,66.4825
1987-07-22,72.064
1987-07-23,68.698
1987-07-24,69.5345
1987-07-25,66.326996
1987-07-26,81.3565
1987-07-27,75.0215
1987-07-28,78.561
1987-07-29,71.3535
1987-07-30,70.0565
1987-07-31,68.48
1987-08-01,75.108
1987-08-02,74.982
1987-08-03,63.656998
1987-08-04,75.604
1987-08-05,74.2415
1987-08-06,78.438995
1987-08-07,62.126
1987-08-08,70.6435
1987-08-09,60.4875
1987-08-10,74.153496
1987-08-11,71.9835
1987-08-12,69.017
1987-08-13,73.748
1987-08-14,66.057
1987-08-15,75.134
1987-08-16,82.115
1987-08-17,69.841995
1987-08-18,71.668
1987-08-19,84.9675
1987-08-20,87.166
1987-08-21,76.5915
1987-08-22,80.9915
1987-08-23,73.479
1987-08-24,67.0195
1987-08-25,61.202
1987-08-26,72.542
1987-08-27,73.3915
1987-08-28,75.7265
1987-08-29,77.459496
1987-08-30,69.299995
1987-08-31,68.3085
1987-09-01,66.7915
1987-09-02,65.7055
1987-09-03,69.86
1987-09-04,71.1985
1987-09-05,64.7215
1987-09-06,59.2395
1987-09-07,84.7145
1987-09-08,78.2775
1987-09-09,76.1865
1987-09-10,69.196495
1987-09-11,72.355995
1987-09-12,73.194496
1987-09-13,69.0385
1987-09-14,59.0485
1987-09-15,59.8575
1987-09-16,57.6045
1987-09-17,60.553497
1987-09-18,72.996
1987-09-19,69.246
1987-09-20,70.074
1987-09-21,69.038
1987-09-22,68.3035
1987-09-23,54.4545
1987-09-24,51.636497
1987-09-25,68.7585
1987-09-26,69.415
1987-09-27,74.1605
1987-09-28,80.954
1987-09-29,87.9765
1987-09-30,89.11
1987-10-01,89.86895
1987-10-02,82.3625
1987-10-03,78.804
1987-10-04,75.936
1987-10-05,69.710495
1987-10-06,57.48
1987-10-07,58.581497
1987-10-08,81.0535
1987-10-09,85.523
1987-10-10,84.3165
1987-10-11,75.659
1987-10-12,79.785995
1987-10-13,93.154
1987-10-14,93.052
1987-10-15,78.87211
1987-10-16,75.775
1987-10-17,84.889
1987-10-18,87.743
1987-10-19,92.47134
1987-10-20,89.088425
1987-10-21,83.2495
1987-10-22,71.209496
1987-10-23,70.93
1987-10-24,76.723495
1987-10-25,83.0625
1987-10-26,88.57667
1987-10-27,85.98211
1987-10-28,76.335
1987-10-29,67.906
1987-10-30,70.474495
1987-10-31,83.2485
1987-11-01,85.20105
1987-11-02,83.439
1987-11-03,88.12889
1987-11-04,83.138
1987-11-05,77.336
1987-11-06,85.1315
1987-11-07,86.50706
1987-11-08,73.4185
1987-11-09,78.7625
1987-11-10,88.61222
1987-11-11,92.03889
1987-11-12,87.32111
1987-11-13,87.111664
1987-11-14,85.745
1987-11-15,91.47056
1987-11-16,88.64632
1987-11-17,91.711876
1987-11-18,93.265
1987-11-19,91.475555
1987-11-20,92.683685
1987-11-21,92.4975
1987-11-22,91.972855
1987-11-23,92.34294
1987-11-24,79.1445
1987-11-25,80.624
1987-11-26,82.87666
1987-11-27,87.276
1987-11-28,90.42667
1987-11-29,92.8725
1987-11-30,93.347275
1987-12-01,91.4925
1987-12-02,92.83363
1987-12-03,89.92313
1987-12-04,87.3025
1987-12-05,82.783
1987-12-06,84.842224
1987-12-07,88.07125
1987-12-08,89.41923
1987-12-09,89.21111
1987-12-10,86.93
1987-12-11,84.03
1987-12-12,83.659
1987-12-13,85.1555
1987-12-14,82.0385
1987-12-15,90.21786
1987-12-16,87.3753
1987-12-17,90.41
1987-12-18,89.20526
1987-12-19,94.26429
1987-12-20,89.59267
1987-12-21,89.51647
1987-12-22,88.5947
1987-12-23,85.437645
1987-12-24,88.18667
1987-12-25,85.5005
1987-12-26,81.302
1987-12-27,89.50471
1987-12-28,83.3095
1987-12-29,85.01666
1987-12-30,81.583496
1987-12-31,70.391
1988-01-01,86.3355
1988-01-02,89.1565
1988-01-03,88.78875
1988-01-04,89.99117
1988-01-05,86.285
1988-01-06,81.2465
1988-01-07,86.41684
1988-01-08,89.26611
1988-01-09,93.09778
1988-01-10,92.83
1988-01-11,92.81333
1988-01-12,91.17154
1988-01-13,83.64778
1988-01-14,85.27737
1988-01-15,80.37315
1988-01-16,78.4835
1988-01-17,85.864
1988-01-18,90.174286
1988-01-19,90.35722
1988-01-20,85.959
1988-01-21,88.3025
1988-01-22,90.064735
1988-01-23,90.0475
1988-01-24,92.932724
1988-01-25,89.5853
1988-01-26,88.54357
1988-01-27,87.4185
1988-01-28,90.039
1988-01-29,88.26118
1988-01-30,90.082
1988-01-31,91.34556
1988-02-01,85.53555
1988-02-02,78.945496
1988-02-03,87.3775
1988-02-04,79.5955
1988-02-05,78.2195
1988-02-06,86.559
1988-02-07,86.3115
1988-02-08,91.51666
1988-02-09,91.0025
1988-02-10,85.71222
1988-02-11,89.3945
1988-02-12,73.820496
1988-02-13,84.3995
1988-02-14,91.744286
1988-02-15,89.27177
1988-02-16,81.238
1988-02-17,82.1045
1988-02-18,88.4125
1988-02-19,88.313156
1988-02-20,88.52125
1988-02-21,84.2985
1988-02-22,87.805
1988-02-23,82.889
1988-02-24,81.8045
1988-02-25,86.40632
1988-02-26,91.968185
1988-02-27,81.602
1988-02-28,90.681335
1988-02-29,84.907
1988-03-01,80.6455
1988-03-02,83.6865
1988-03-03,80.6785
1988-03-04,66.2415
1988-03-05,61.0775
1988-03-06,85.0515
1988-03-07,86.2
1988-03-08,92.31
1988-03-09,92.94
1988-03-10,92.332146
1988-03-11,86.291
1988-03-12,79.913
1988-03-13,81.08
1988-03-14,73.866
1988-03-15,70.1855
1988-03-16,63.2865
1988-03-17,77.556496
1988-03-18,73.2325
1988-03-19,76.4245
1988-03-20,66.69
1988-03-21,84.471
1988-03-22,79.5045
1988-03-23,92.98857
1988-03-24,86.4555
1988-03-25,82.0645
1988-03-26,85.131
1988-03-27,89.0885
1988-03-28,91.668945
1988-03-29,92.37071
1988-03-30,73.5395
1988-03-31,63.3435
1988-04-01,84.0765
1988-04-02,84.048996
1988-04-03,75.25
1988-04-04,76.3025
1988-04-05,77.389496
1988-04-06,80.673
1988-04-07,79.0875
1988-04-08,81.0485
1988-04-09,80.541504
1988-04-10,80.708496
1988-04-11,74.044
1988-04-12,56.067497
1988-04-13,69.1655
1988-04-14,85.6685
1988-04-15,75.385
1988-04-16,78.269
1988-04-17,82.571
1988-04-18,86.972
1988-04-19,82.066
1988-04-20,75.7675
1988-04-21,73.953
1988-04-22,80.097496
1988-04-23,75.5365
1988-04-24,81.972
1988-04-25,86.713
1988-04-26,84.165
1988-04-27,83.2075
1988-04-28,72.974
1988-04-29,77.7955
1988-04-30,65.6615
1988-05-01,59.0055
1988-05-02,52.339
1988-05-03,55.0725
1988-05-04,61.017998
1988-05-05,71.5775
1988-05-06,71.723495
1988-05-07,75.428
1988-05-08,69.645
1988-05-09,71.845
1988-05-10,69.9825
1988-05-11,90.043686
1988-05-12,86.5875
1988-05-13,74.6235
1988-05-14,69.1985
1988-05-15,65.3455
1988-05-16,72.56
1988-05-17,76.9055
1988-05-18,76.288
1988-05-19,79.347496
1988-05-20,83.575
1988-05-21,91.30706
1988-05-22,92.36417
1988-05-23,91.9325
1988-05-24,87.284
1988-05-25,85.897
1988-05-26,84.986496
1988-05-27,86.67263
1988-05-28,84.991
1988-05-29,81.984
1988-05-30,83.943
1988-05-31,82.4165
1988-06-01,85.9075
1988-06-02,83.805
1988-06-03,79.4615
1988-06-04,75.439995
1988-06-05,65.9145
1988-06-06,77.3285
1988-06-07,80.0625
1988-06-08,77.3845
1988-06-09,78.6085
1988-06-10,75.9125
1988-06-11,71.675
1988-06-12,83.928
1988-06-13,87.0
1988-06-14,70.3015
1988-06-15,70.9465
1988-06-16,71.9805
1988-06-17,79.988495
1988-06-18,67.7385
1988-06-19,64.507996
1988-06-20,75.431496
1988-06-21,79.3935
1988-06-22,72.655
1988-06-23,78.4285
1988-06-24,82.762
1988-06-25,83.025
1988-06-26,75.306
1988-06-27,84.631
1988-06-28,80.722496
1988-06-29,82.515495
1988-06-30,77.0765
1988-07-01,66.417496
1988-07-02,70.2675
1988-07-03,77.56
1988-07-04,71.5585
1988-07-05,66.75
1988-07-06,67.2575
1988-07-07,67.736
1988-07-08,72.292
1988-07-09,78.276
1988-07-10,72.8515
1988-07-11,72.156
1988-07-12,68.34
1988-07-13,73.817
1988-07-14,59.7845
1988-07-15,70.9595
1988-07-16,85.41263
1988-07-17,82.218
1988-07-18,72.7765
1988-07-19,83.64
1988-07-20,83.91
1988-07-21,77.2585
1988-07-22,74.3875
1988-07-23,70.032
1988-07-24,63.186
1988-07-25,74.3405
1988-07-26,79.923004
1988-07-27,75.958
1988-07-28,71.77
1988-07-29,66.076996
1988-07-30,83.135
1988-07-31,73.313995
1988-08-01,65.497
1988-08-02,59.402
1988-08-03,68.457
1988-08-04,68.049995
1988-08-05,77.0855
1988-08-06,70.344
1988-08-07,74.637
1988-08-08,74.096
1988-08-09,72.1505
1988-08-10,66.182
1988-08-11,67.2795
1988-08-12,63.847
1988-08-13,69.109
1988-08-14,64.721
1988-08-15,66.087
1988-08-16,73.433
1988-08-17,75.386
1988-08-18,69.1285
1988-08-19,65.8285
1988-08-20,61.490498
1988-08-21,68.9825
1988-08-22,79.4525
1988-08-23,91.3875
1988-08-24,84.3605
1988-08-25,70.854996
1988-08-26,85.76945
1988-08-27,76.8275
1988-08-28,70.417496
1988-08-29,70.698
1988-08-30,71.77
1988-08-31,73.083
1988-09-01,71.5385
1988-09-02,72.951996
1988-09-03,69.0335
1988-09-04,69.867
1988-09-05,68.815
1988-09-06,79.932
1988-09-07,90.5305
1988-09-08,80.8835
1988-09-09,76.358
1988-09-10,75.8405
1988-09-11,72.2605
1988-09-12,73.8825
1988-09-13,76.4155
1988-09-14,85.478
1988-09-15,89.068886
1988-09-16,86.64421
1988-09-17,88.5435
1988-09-18,89.886
1988-09-19,77.693
1988-09-20,84.416
1988-09-21,84.552
1988-09-22,91.11444
1988-09-23,85.3495
1988-09-24,83.892
1988-09-25,76.442
1988-09-26,79.04
1988-09-27,83.908
1988-09-28,78.412
1988-09-29,70.423996
1988-09-30,75.6685
1988-10-01,86.80526
1988-10-02,84.3565
1988-10-03,83.265
1988-10-04,87.60684
1988-10-05,85.611
1988-10-06,81.0715
1988-10-07,84.0765
1988-10-08,86.0645
1988-10-09,77.0865
1988-10-10,68.505
1988-10-11,81.8085
1988-10-12,79.6735
1988-10-13,77.33
1988-10-14,73.528496
1988-10-15,70.266495
1988-10-16,78.3655
1988-10-17,76.022995
1988-10-18,78.0915
1988-10-19,82.4495
1988-10-20,83.1645
1988-10-21,81.1625
1988-10-22,79.535995
1988-10-23,80.6205
1988-10-24,87.231
1988-10-25,81.3
1988-10-26,81.759
1988-10-27,68.002
1988-10-28,56.264
1988-10-29,75.7195
1988-10-30,82.012634
1988-10-31,86.3885
1988-11-01,86.265
1988-11-02,76.125
1988-11-03,83.8745
1988-11-04,83.671
1988-11-05,81.2595
1988-11-06,83.24947
1988-11-07,87.424736
1988-11-08,86.4245
1988-11-09,84.6205
1988-11-10,85.4155
1988-11-11,80.734
1988-11-12,76.283
1988-11-13,75.6995
1988-11-14,88.289
1988-11-15,89.95722
1988-11-16,82.2915
1988-11-17,82.6785
1988-11-18,79.522
1988-11-19,85.38368
1988-11-20,86.6195
1988-11-21,87.1835
1988-11-22,89.86316
1988-11-23,86.60778
1988-11-24,80.729
1988-11-25,85.042
1988-11-26,91.31267
1988-11-27,91.25583
1988-11-28,84.6495
1988-11-29,79.0525
1988-11-30,71.8015
1988-12-01,78.18
1988-12-02,88.07412
1988-12-03,89.85083
1988-12-04,92.45333
1988-12-05,91.391
1988-12-06,88.2421
1988-12-07,89.4285
1988-12-08,87.384
1988-12-09,90.34529
1988-12-10,90.765785
1988-12-11,88.93889
1988-12-12,88.073
1988-12-13,90.238945
1988-12-14,87.7315
1988-12-15,87.26111
1988-12-16,89.59889
1988-12-17,88.03529
1988-12-18,89.37474
1988-12-19,85.589
1988-12-20,85.868
1988-12-21,83.3935
1988-12-22,79.446495
1988-12-23,83.7815
1988-12-24,83.6515
1988-12-25,70.4935
1988-12-26,81.1705
1988-12-27,85.6355
1988-12-28,83.6565
1988-12-29,85.06
1988-12-30,86.91389
1988-12-31,87.09333
1989-01-01,85.27421
1989-01-02,80.963684
1989-01-03,74.354
1989-01-04,72.029
1989-01-05,74.988
1989-01-06,80.288
1989-01-07,84.183685
1989-01-08,86.9095
1989-01-09,90.78765
1989-01-10,85.697365
1989-01-11,85.61474
1989-01-12,84.2515
1989-01-13,89.207504
1989-01-14,84.8985
1989-01-15,84.6525
1989-01-16,83.2955
1989-01-17,82.34
1989-01-18,82.418
1989-01-19,86.785
1989-01-20,87.38563
1989-01-21,86.0285
1989-01-22,86.9395
1989-01-23,89.70765
1989-01-24,87.4665
1989-01-25,82.8935
1989-01-26,88.1885
1989-01-27,88.543686
1989-01-28,87.66611
1989-01-29,86.91235
1989-01-30,87.1925
1989-01-31,87.9295
1989-02-01,90.23875
1989-02-02,85.955
1989-02-03,81.663
1989-02-04,86.67316
1989-02-05,86.212
1989-02-06,85.153
1989-02-07,87.155
1989-02-08,81.623
1989-02-09,84.990524
1989-02-10,79.137
1989-02-11,63.231
1989-02-12,67.3315
1989-02-13,89.71
1989-02-14,90.399376
1989-02-15,89.095
1989-02-16,87.18
1989-02-17,80.279
1989-02-18,71.5365
1989-02-19,81.8875
1989-02-20,83.7295
1989-02-21,72.006996
1989-02-22,81.62
1989-02-23,71.018
1989-02-24,64.7075
1989-02-25,51.782497
1989-02-26,63.1585
1989-02-27,77.753
1989-02-28,69.6075
1989-03-01,71.918
1989-03-02,85.7285
1989-03-03,75.3115
1989-03-04,92.264114
1989-03-05,92.87312
1989-03-06,88.471
1989-03-07,80.2275
1989-03-08,77.1905
1989-03-09,79.9895
1989-03-10,87.067
1989-03-11,88.372635
1989-03-12,87.617
1989-03-13,82.8155
1989-03-14,83.2915
1989-03-15,81.7205
1989-03-16,76.81
1989-03-17,70.2345
1989-03-18,77.826996
1989-03-19,75.312
1989-03-20,74.544
1989-03-21,83.278
1989-03-22,82.6935
1989-03-23,81.7385
1989-03-24,78.182495
1989-03-25,67.910995
1989-03-26,57.647
1989-03-27,54.6825
1989-03-28,53.5085
1989-03-29,57.024998
1989-03-30,62.789497
1989-03-31,54.6685
1989-04-01,68.3115
1989-04-02,72.728
1989-04-03,64.388
1989-04-04,82.0985
1989-04-05,71.4655
1989-04-06,76.895996
1989-04-07,79.279495
1989-04-08,65.545
1989-04-09,59.757
1989-04-10,68.44
1989-04-11,60.732998
1989-04-12,60.257
1989-04-13,58.5305
1989-04-14,84.9505
1989-04-15,83.53368
1989-04-16,87.395996
1989-04-17,80.724495
1989-04-18,81.3735
1989-04-19,86.21579
1989-04-20,74.0895
1989-04-21,61.236
1989-04-22,76.506
1989-04-23,85.403
1989-04-24,75.889
1989-04-25,76.5945
1989-04-26,68.1635
1989-04-27,59.979
1989-04-28,70.4075
1989-04-29,89.61316
1989-04-30,90.99923
1989-05-01,89.16889
1989-05-02,91.14923
1989-05-03,84.6015
1989-05-04,87.6445
1989-05-05,79.828
1989-05-06,80.126495
1989-05-07,87.54211
1989-05-08,84.937996
1989-05-09,78.0575
1989-05-10,65.9885
1989-05-11,72.2295
1989-05-12,72.9825
1989-05-13,73.5335
1989-05-14,82.315
1989-05-15,79.528496
1989-05-16,71.907
1989-05-17,64.14
1989-05-18,64.4775
1989-05-19,68.257
1989-05-20,81.6765
1989-05-21,78.4715
1989-05-22,74.2865
1989-05-23,66.776
1989-05-24,63.2625
1989-05-25,68.8445
1989-05-26,75.499
1989-05-27,75.5765
1989-05-28,68.4065
1989-05-29,77.120995
1989-05-30,76.17
1989-05-31,71.886
1989-06-01,86.653
1989-06-02,73.7035
1989-06-03,79.4675
1989-06-04,81.627
1989-06-05,85.259
1989-06-06,87.999
1989-06-07,84.992
1989-06-08,65.9015
1989-06-09,72.046
1989-06-10,61.024498
1989-06-11,67.6805
1989-06-12,90.66643
1989-06-13,89.002304
1989-06-14,79.826
1989-06-15,70.256
1989-06-16,66.372
1989-06-17,82.283
1989-06-18,82.483
1989-06-19,80.8055
1989-06-20,79.893
1989-06-21,82.862
1989-06-22,78.3535
1989-06-23,82.793
1989-06-24,83.31263
1989-06-25,76.1715
1989-06-26,72.988
1989-06-27,80.685
1989-06-28,80.3305
1989-06-29,90.347
1989-06-30,73.413
1989-07-01,78.2955
1989-07-02,72.991
1989-07-03,68.3175
1989-07-04,63.8145
1989-07-05,61.9935
1989-07-06,66.7685
1989-07-07,66.58
1989-07-08,63.297497
1989-07-09,56.7415
1989-07-10,64.3125
1989-07-11,62.3745
1989-07-12,67.2615
1989-07-13,84.513
1989-07-14,83.6275
1989-07-15,72.913
1989-07-16,73.4005
1989-07-17,67.3715
1989-07-18,59.024498
1989-07-19,78.8555
1989-07-20,72.3845
1989-07-21,69.003
1989-07-22,67.3505
1989-07-23,64.5715
1989-07-24,57.0355
1989-07-25,65.443
1989-07-26,70.552
1989-07-27,82.6865
1989-07-28,76.7575
1989-07-29,81.312004
1989-07-30,74.796
1989-07-31,76.8495
1989-08-01,80.7705
1989-08-02,78.570496
1989-08-03,71.942
1989-08-04,71.1965
1989-08-05,64.3355
1989-08-06,62.3495
1989-08-07,65.648
1989-08-08,70.815
1989-08-09,78.9975
1989-08-10,78.4205
1989-08-11,76.39
1989-08-12,81.2105
1989-08-13,84.1805
1989-08-14,77.246
1989-08-15,69.0665
1989-08-16,66.961494
1989-08-17,67.508995
1989-08-18,72.894
1989-08-19,72.4335
1989-08-20,71.2005
1989-08-21,71.2395
1989-08-22,72.6705
1989-08-23,76.3265
1989-08-24,76.0495
1989-08-25,67.831
1989-08-26,70.323
1989-08-27,78.2295
1989-08-28,85.749
1989-08-29,83.17895
1989-08-30,92.69909
1989-08-31,93.807144
1989-09-01,86.98368
1989-09-02,77.1325
1989-09-03,85.81368
1989-09-04,86.095
1989-09-05,89.54706
1989-09-06,78.7395
1989-09-07,76.135
1989-09-08,81.784
1989-09-09,81.9035
1989-09-10,89.45684
1989-09-11,80.083
1989-09-12,78.261
1989-09-13,71.2525
1989-09-14,69.9565
1989-09-15,81.897896
1989-09-16,79.217
1989-09-17,78.679
1989-09-18,74.069
1989-09-19,74.1095
1989-09-20,71.917496
1989-09-21,76.704
1989-09-22,67.196
1989-09-23,73.9095
1989-09-24,73.0545
1989-09-25,70.1045
1989-09-26,75.471
1989-09-27,69.525
1989-09-28,75.524
1989-09-29,90.99
1989-09-30,87.13579
1989-10-01,72.4485
1989-10-02,75.2855
1989-10-03,82.0465
1989-10-04,85.6395
1989-10-05,78.3185
1989-10-06,79.032
1989-10-07,66.944496
1989-10-08,81.519
1989-10-09,92.65182
1989-10-10,93.12111
1989-10-11,79.079
1989-10-12,78.1635
1989-10-13,72.598
1989-10-14,70.3765
1989-10-15,89.204445
1989-10-16,86.123
1989-10-17,80.611
1989-10-18,82.467
1989-10-19,80.979
1989-10-20,73.9895
1989-10-21,82.543
1989-10-22,79.2265
1989-10-23,73.917496
1989-10-24,66.5445
1989-10-25,74.9185
1989-10-26,81.486
1989-10-27,82.014
1989-10-28,76.8915
1989-10-29,66.526
1989-10-30,78.971
1989-10-31,79.251495
1989-11-01,80.1285
1989-11-02,76.575
1989-11-03,68.478
1989-11-04,73.713
1989-11-05,76.217
1989-11-06,83.5175
1989-11-07,88.46474
1989-11-08,91.74625
1989-11-09,92.39833
1989-11-10,92.772
1989-11-11,90.450905
1989-11-12,89.01833
1989-11-13,88.50539
1989-11-14,88.7
1989-11-15,86.8685
1989-11-16,85.91842
1989-11-17,79.711
1989-11-18,83.3225
1989-11-19,81.583496
1989-11-20,76.983
1989-11-21,76.2915
1989-11-22,74.3965
1989-11-23,84.960526
1989-11-24,68.909
1989-11-25,85.465
1989-11-26,81.643
1989-11-27,77.7495
1989-11-28,82.9685
1989-11-29,75.9925
1989-11-30,72.5045
1989-12-01,81.35737
1989-12-02,84.957504
1989-12-03,84.18059
1989-12-04,84.4925
1989-12-05,83.22211
1989-12-06,85.123
1989-12-07,80.711
1989-12-08,68.5465
1989-12-09,85.038
1989-12-10,82.168
1989-12-11,71.4675
1989-12-12,74.665
1989-12-13,74.5395
1989-12-14,73.517
1989-12-15,76.1975
1989-12-16,81.48
1989-12-17,70.3995
1989-12-18,75.468
1989-12-19,68.7345
1989-12-20,78.3015
1989-12-21,81.2535
1989-12-22,76.0675
1989-12-23,78.54
1989-12-24,76.873
1989-12-25,88.611
1989-12-26,87.24
1989-12-27,89.20937
1989-12-28,87.91571
1989-12-29,93.117775
1989-12-30,92.01818
1989-12-31,89.862305
1990-01-01,89.11933
1990-01-02,89.085335
1990-01-03,89.42267
1990-01-04,83.3215
1990-01-05,77.2585
1990-01-06,81.54
1990-01-07,82.584
1990-01-08,79.187996
1990-01-09,82.917
1990-01-10,86.907
1990-01-11,84.465996
1990-01-12,88.89611
1990-01-13,90.143684
1990-01-14,90.848
1990-01-15,90.661575
1990-01-16,86.96316
1990-01-17,84.3785
1990-01-18,85.0605
1990-01-19,91.97667
1990-01-20,85.737366
1990-01-21,89.83118
1990-01-22,91.674164
1990-01-23,91.42846
1990-01-24,80.5955
1990-01-25,76.750496
1990-01-26,82.1915
1990-01-27,84.613335
1990-01-28,77.11
1990-01-29,89.834
1990-01-30,86.9185
1990-01-31,88.35267
1990-02-01,86.67368
1990-02-02,91.086
1990-02-03,89.381996
1990-02-04,90.69722
1990-02-05,77.7825
1990-02-06,75.018
1990-02-07,79.236
1990-02-08,75.946
1990-02-09,76.980995
1990-02-10,87.566666
1990-02-11,77.926
1990-02-12,79.3825
1990-02-13,94.31556
1990-02-14,90.23125
1990-02-15,89.1775
1990-02-16,85.9365
1990-02-17,89.581055
1990-02-18,82.915
1990-02-19,88.599
1990-02-20,84.365265
1990-02-21,81.864
1990-02-22,81.111
1990-02-23,73.034
1990-02-24,71.096
1990-02-25,64.390495
1990-02-26,53.508
1990-02-27,76.644
1990-02-28,87.4925
1990-03-01,75.0505
1990-03-02,76.505
1990-03-03,75.1725
1990-03-04,77.006
1990-03-05,68.005
1990-03-06,66.243
1990-03-07,66.3045
1990-03-08,57.9435
1990-03-09,49.884
1990-03-10,61.611
1990-03-11,83.113
1990-03-12,69.736
1990-03-13,58.221
1990-03-14,61.781998
1990-03-15,61.09
1990-03-16,57.665497
1990-03-17,57.6135
1990-03-18,51.3715
1990-03-19,50.404
1990-03-20,53.6325
1990-03-21,64.8005
1990-03-22,55.072998
1990-03-23,66.15
1990-03-24,57.939
1990-03-25,60.3765
1990-03-26,69.395
1990-03-27,85.0375
1990-03-28,72.1425
1990-03-29,82.0345
1990-03-30,89.94667
1990-03-31,81.917
1990-04-01,67.9405
1990-04-02,55.884
1990-04-03,46.114
1990-04-04,69.6045
1990-04-05,74.1855
1990-04-06,72.8135
1990-04-07,89.1725
1990-04-08,91.62846
1990-04-09,80.762
1990-04-10,88.98937
1990-04-11,82.542
1990-04-12,75.687996
1990-04-13,69.4625
1990-04-14,63.8125
1990-04-15,57.581
1990-04-16,76.918495
1990-04-17,90.784996
1990-04-18,85.357
1990-04-19,73.272
1990-04-20,81.065
1990-04-21,80.4975
1990-04-22,74.862
1990-04-23,84.04316
1990-04-24,72.722
1990-04-25,73.623
1990-04-26,87.06944
1990-04-27,79.917496
1990-04-28,78.988495
1990-04-29,87.6715
1990-04-30,77.617
1990-05-01,87.5055
1990-05-02,69.5715
1990-05-03,66.075
1990-05-04,65.388
1990-05-05,64.3175
1990-05-06,67.613495
1990-05-07,69.639496
1990-05-08,67.647
1990-05-09,72.7855
1990-05-10,74.3865
1990-05-11,68.3945
1990-05-12,68.0385
1990-05-13,83.3175
1990-05-14,71.1805
1990-05-15,74.0485
1990-05-16,65.443
1990-05-17,69.8095
1990-05-18,71.415
1990-05-19,81.157
1990-05-20,74.084
1990-05-21,71.1575
1990-05-22,69.452995
1990-05-23,79.5045
1990-05-24,79.528496
1990-05-25,79.0265
1990-05-26,76.359
1990-05-27,84.2775
1990-05-28,71.3145
1990-05-29,77.3845
1990-05-30,82.768
1990-05-31,74.644
1990-06-01,70.8245
1990-06-02,68.237495
1990-06-03,75.501495
1990-06-04,79.006
1990-06-05,71.2885
1990-06-06,74.8445
1990-06-07,81.9565
1990-06-08,81.6045
1990-06-09,84.756
1990-06-10,77.287
1990-06-11,83.47158
1990-06-12,74.548996
1990-06-13,77.886
1990-06-14,77.9055
1990-06-15,73.9955
1990-06-16,80.027
1990-06-17,84.1155
1990-06-18,78.2175
1990-06-19,67.269
1990-06-20,67.427
1990-06-21,61.2105
1990-06-22,73.736
1990-06-23,76.5025
1990-06-24,71.679
1990-06-25,71.421
1990-06-26,70.3735
1990-06-27,63.37
1990-06-28,62.058
1990-06-29,67.9515
1990-06-30,66.8915
1990-07-01,59.527
1990-07-02,71.058
1990-07-03,77.787
1990-07-04,81.931496
1990-07-05,81.4505
1990-07-06,76.59
1990-07-07,79.5705
1990-07-08,67.8695
1990-07-09,67.264496
1990-07-10,74.028496
1990-07-11,74.788
1990-07-12,71.029
1990-07-13,68.9875
1990-07-14,69.375
1990-07-15,62.1595
1990-07-16,60.429497
1990-07-17,58.595497
1990-07-18,62.2145
1990-07-19,75.918
1990-07-20,78.4885
1990-07-21,71.24
1990-07-22,64.01
1990-07-23,61.1
1990-07-24,66.3795
1990-07-25,77.215
1990-07-26,73.2835
1990-07-27,72.552
1990-07-28,67.763
1990-07-29,65.028496
1990-07-30,62.246
1990-07-31,60.165
1990-08-01,63.23
1990-08-02,64.575
1990-08-03,65.477
1990-08-04,60.419
1990-08-05,61.677
1990-08-06,45.5865
1990-08-07,67.511
1990-08-08,85.47
1990-08-09,91.299995
1990-08-10,85.0705
1990-08-11,86.994
1990-08-12,71.101
1990-08-13,70.861496
1990-08-14,69.886
1990-08-15,56.7845
1990-08-16,59.9035
1990-08-17,59.795998
1990-08-18,82.427
1990-08-19,71.184
1990-08-20,60.911
1990-08-21,75.906
1990-08-22,74.285995
1990-08-23,75.4125
1990-08-24,71.566
1990-08-25,64.936
1990-08-26,62.781
1990-08-27,63.814
1990-08-28,61.183
1990-08-29,64.3965
1990-08-30,66.8135
1990-08-31,67.377
1990-09-01,52.010498
1990-09-02,78.8495
1990-09-03,85.3055
1990-09-04,77.9205
1990-09-05,84.129
1990-09-06,89.4385
1990-09-07,77.9815
1990-09-08,84.241
1990-09-09,75.3325
1990-09-10,68.51
1990-09-11,84.798004
1990-09-12,91.58733
1990-09-13,80.212
1990-09-14,79.457
1990-09-15,74.3785
1990-09-16,76.649
1990-09-17,81.5545
1990-09-18,75.3815
1990-09-19,77.3935
1990-09-20,70.1065
1990-09-21,67.8915
1990-09-22,59.1945
1990-09-23,69.382996
1990-09-24,79.8515
1990-09-25,70.604
1990-09-26,68.0235
1990-09-27,76.2715
1990-09-28,82.3695
1990-09-29,73.125496
1990-09-30,59.552498
1990-10-01,70.601
1990-10-02,80.154
1990-10-03,83.4675
1990-10-04,78.249
1990-10-05,79.6225
1990-10-06,77.588
1990-10-07,75.4055
1990-10-08,85.416
1990-10-09,87.417496
1990-10-10,80.6185
1990-10-11,70.4665
1990-10-12,71.4885
1990-10-13,75.276
1990-10-14,68.589
1990-10-15,73.189995
1990-10-16,74.401
1990-10-17,69.738495
1990-10-18,68.847496
1990-10-19,67.702995
1990-10-20,78.591995
1990-10-21,82.14632
1990-10-22,79.8705
1990-10-23,79.876495
1990-10-24,77.182
1990-10-25,76.304
1990-10-26,76.0275
1990-10-27,84.623
1990-10-28,88.95895
1990-10-29,82.7725
1990-10-30,85.236
1990-10-31,74.3585
1990-11-01,79.565
1990-11-02,79.862
1990-11-03,81.7355
1990-11-04,89.46474
1990-11-05,90.215
1990-11-06,87.02167
1990-11-07,90.117
1990-11-08,89.14474
1990-11-09,89.8485
1990-11-10,83.9655
1990-11-11,81.8935
1990-11-12,86.5605
1990-11-13,89.4305
1990-11-14,86.02052
1990-11-15,85.9055
1990-11-16,89.70059
1990-11-17,86.2325
1990-11-18,85.2525
1990-11-19,76.191
1990-11-20,81.2875
1990-11-21,75.2295
1990-11-22,78.354004
1990-11-23,80.36
1990-11-24,86.72263
1990-11-25,85.197365
1990-11-26,87.6025
1990-11-27,92.90833
1990-11-28,89.996925
1990-11-29,89.8325
1990-11-30,89.58444
1990-12-01,90.60533
1990-12-02,88.5785
1990-12-03,90.53368
1990-12-04,90.79867
1990-12-05,91.52177
1990-12-06,90.948
1990-12-07,93.21
1990-12-08,89.182144
1990-12-09,85.6215
1990-12-10,83.2015
1990-12-11,84.694496
1990-12-12,94.39667
1990-12-13,93.05923
1990-12-14,94.24
1990-12-15,93.02
1990-12-16,93.325
1990-12-17,93.02571
1990-12-18,90.72353
1990-12-19,91.746
1990-12-20,92.016
1990-12-21,87.1335
1990-12-22,82.482
1990-12-23,86.005
1990-12-24,78.1875
1990-12-25,80.84842
1990-12-26,76.252
1990-12-27,76.8325
1990-12-28,92.05357
1990-12-29,88.82353
1990-12-30,84.002
1990-12-31,84.16947
1991-01-01,90.05389
1991-01-02,84.2305
1991-01-03,80.524
1991-01-04,78.0385
1991-01-05,83.319496
1991-01-06,85.981
1991-01-07,84.278
1991-01-08,90.67176
1991-01-09,83.41579
1991-01-10,82.9845
1991-01-11,79.932
1991-01-12,82.291
1991-01-13,90.90071
1991-01-14,86.3255
1991-01-15,84.71158
1991-01-16,71.3465
1991-01-17,79.282
1991-01-18,85.04895
1991-01-19,84.77263
1991-01-20,82.5295
1991-01-21,83.220505
1991-01-22,86.36158
1991-01-23,80.963
1991-01-24,85.95167
1991-01-25,80.65
1991-01-26,81.791
1991-01-27,86.8675
1991-01-28,89.526665
1991-01-29,88.406845
1991-01-30,83.881996
1991-01-31,77.6985
1991-02-01,80.2535
1991-02-02,79.425
1991-02-03,77.951996
1991-02-04,76.2745
1991-02-05,83.62889
1991-02-06,88.208
1991-02-07,88.23473
1991-02-08,85.3
1991-02-09,88.069
1991-02-10,90.26882
1991-02-11,90.06812
1991-02-12,92.72667
1991-02-13,88.81353
1991-02-14,85.562996
1991-02-15,90.441666
1991-02-16,83.1695
1991-02-17,84.7055
1991-02-18,80.1625
1991-02-19,80.06
1991-02-20,79.085495
1991-02-21,80.4105
1991-02-22,89.868
1991-02-23,89.37765
1991-02-24,92.925
1991-02-25,89.34167
1991-02-26,89.56167
1991-02-27,85.5655
1991-02-28,87.64737
1991-03-01,82.9015
1991-03-02,84.1285
1991-03-03,86.75421
1991-03-04,80.38
1991-03-05,83.2135
1991-03-06,80.465996
1991-03-07,83.9025
1991-03-08,86.56111
1991-03-09,85.73789
1991-03-10,84.7695
1991-03-11,80.9965
1991-03-12,84.75053
1991-03-13,82.947
1991-03-14,76.8605
1991-03-15,67.86
1991-03-16,79.595
1991-03-17,91.473335
1991-03-18,89.960556
1991-03-19,85.024
1991-03-20,90.71764
1991-03-21,81.884995
1991-03-22,66.917
1991-03-23,76.374
1991-03-24,76.699
1991-03-25,85.00737
1991-03-26,81.6565
1991-03-27,82.740555
1991-03-28,89.76556
1991-03-29,90.06294
1991-03-30,85.7825
1991-03-31,91.10421
1991-04-01,83.4845
1991-04-02,70.958496
1991-04-03,58.389
1991-04-04,59.552998
1991-04-05,60.137
1991-04-06,73.82
1991-04-07,77.695
1991-04-08,88.97647
1991-04-09,80.381
1991-04-10,74.173
1991-04-11,76.6905
1991-04-12,67.171
1991-04-13,66.172
1991-04-14,77.7735
1991-04-15,74.5645
1991-04-16,66.8265
1991-04-17,65.333
1991-04-18,78.985
1991-04-19,85.69
1991-04-20,79.7675
1991-04-21,84.531
1991-04-22,77.175
1991-04-23,81.5895
1991-04-24,86.4275
1991-04-25,80.1215
1991-04-26,74.9645
1991-04-27,76.5925
1991-04-28,87.70579
1991-04-29,90.186844
1991-04-30,79.541
1991-05-01,68.4625
1991-05-02,60.593
1991-05-03,62.8015
1991-05-04,65.765495
1991-05-05,78.961
1991-05-06,74.876
1991-05-07,82.986496
1991-05-08,91.60133
1991-05-09,79.736496
1991-05-10,61.32
1991-05-11,74.2185
1991-05-12,78.5665
1991-05-13,88.524
1991-05-14,75.298996
1991-05-15,84.8935
1991-05-16,75.723
1991-05-17,88.92412
1991-05-18,78.937
1991-05-19,87.51765
1991-05-20,89.25
1991-05-21,77.19
1991-05-22,70.738
1991-05-23,66.8805
1991-05-24,87.116
1991-05-25,84.8385
1991-05-26,76.839
1991-05-27,69.7125
1991-05-28,85.318
1991-05-29,91.51556
1991-05-30,78.3425
1991-05-31,75.763
1991-06-01,65.1535
1991-06-02,66.0235
1991-06-03,71.6105
1991-06-04,82.479
1991-06-05,91.05
1991-06-06,78.253
1991-06-07,84.4245
1991-06-08,91.612724
1991-06-09,89.0025
1991-06-10,77.333496
1991-06-11,79.879
1991-06-12,75.648
1991-06-13,69.263
1991-06-14,76.6515
1991-06-15,72.5755
1991-06-16,73.988
1991-06-17,64.893
1991-06-18,73.347496
1991-06-19,84.0905
1991-06-20,83.291
1991-06-21,84.599
1991-06-22,78.7265
1991-06-23,74.4535
1991-06-24,76.1165
1991-06-25,76.186
1991-06-26,70.8105
1991-06-27,81.4885
1991-06-28,79.047
1991-06-29,86.754
1991-06-30,84.9385
1991-07-01,91.35941
1991-07-02,94.123634
1991-07-03,89.986496
1991-07-04,89.8745
1991-07-05,89.54706
1991-07-06,85.201
1991-07-07,78.985
1991-07-08,71.626495
1991-07-09,74.193
1991-07-10,79.735
1991-07-11,70.847
1991-07-12,72.7605
1991-07-13,69.6305
1991-07-14,78.0725
1991-07-15,86.976
1991-07-16,80.497
1991-07-17,76.491
1991-07-18,92.3025
1991-07-19,77.83
1991-07-20,71.159996
1991-07-21,77.176
1991-07-22,72.9155
1991-07-23,68.9345
1991-07-24,69.5715
1991-07-25,78.979996
1991-07-26,83.0945
1991-07-27,91.23857
1991-07-28,90.20412
1991-07-29,86.032
1991-07-30,89.86158
1991-07-31,81.479996
1991-08-01,82.247
1991-08-02,91.257
1991-08-03,91.73167
1991-08-04,90.712776
1991-08-05,88.6825
1991-08-06,87.5625
1991-08-07,80.1995
1991-08-08,72.404
1991-08-09,72.014
1991-08-10,78.089
1991-08-11,74.6435
1991-08-12,79.2425
1991-08-13,80.193
1991-08-14,80.4045
1991-08-15,80.802
1991-08-16,83.524
1991-08-17,75.5505
1991-08-18,80.0895
1991-08-19,80.3285
1991-08-20,76.22
1991-08-21,83.6065
1991-08-22,82.2485
1991-08-23,74.4145
1991-08-24,72.1525
1991-08-25,80.5225
1991-08-26,79.491
1991-08-27,87.118
1991-08-28,85.926315
1991-08-29,85.7885
1991-08-30,91.03842
1991-08-31,83.181
1991-09-01,82.735
1991-09-02,77.604996
1991-09-03,74.4535
1991-09-04,73.85
1991-09-05,71.099
1991-09-06,70.1725
1991-09-07,78.815
1991-09-08,75.2405
1991-09-09,70.0865
1991-09-10,72.323
1991-09-11,63.4935
1991-09-12,77.973495
1991-09-13,75.319496
1991-09-14,79.707
1991-09-15,76.8795
1991-09-16,81.715996
1991-09-17,75.1625
1991-09-18,86.961
1991-09-19,83.6505
1991-09-20,77.6555
1991-09-21,81.945496
1991-09-22,75.085
1991-09-23,81.567
1991-09-24,80.6605
1991-09-25,79.742
1991-09-26,73.4685
1991-09-27,69.608
1991-09-28,82.013
1991-09-29,78.25421
1991-09-30,69.458496
1991-10-01,71.0205
1991-10-02,80.6515
1991-10-03,85.968
1991-10-04,84.7165
1991-10-05,79.795
1991-10-06,75.419
1991-10-07,79.989
1991-10-08,73.5495
1991-10-09,82.2965
1991-10-10,88.40143
1991-10-11,84.0035
1991-10-12,84.2045
1991-10-13,87.689476
1991-10-14,80.7615
1991-10-15,81.952995
1991-10-16,88.35474
1991-10-17,80.2845
1991-10-18,77.522995
1991-10-19,77.6715
1991-10-20,87.74118
1991-10-21,89.80937
1991-10-22,90.282776
1991-10-23,80.548
1991-10-24,82.54
1991-10-25,88.345
1991-10-26,81.21263
1991-10-27,81.057495
1991-10-28,85.98263
1991-10-29,82.106
1991-10-30,82.196
1991-10-31,72.5045
1991-11-01,82.5305
1991-11-02,75.986496
1991-11-03,70.6765
1991-11-04,69.866
1991-11-05,87.66842
1991-11-06,89.315
1991-11-07,90.026
1991-11-08,88.63944
1991-11-09,87.892
1991-11-10,91.04786
1991-11-11,85.15369
1991-11-12,87.101
1991-11-13,82.00474
1991-11-14,72.484
1991-11-15,81.26894
1991-11-16,80.836
1991-11-17,86.26556
1991-11-18,91.226425
1991-11-19,85.5395
1991-11-20,79.945496
1991-11-21,88.892105
1991-11-22,91.12312
1991-11-23,89.64333
1991-11-24,91.1475
1991-11-25,90.78941
1991-11-26,92.82
1991-11-27,91.20571
1991-11-28,89.035
1991-11-29,88.038666
1991-11-30,89.64571
1991-12-01,86.91278
1991-12-02,86.21059
1991-12-03,89.11471
1991-12-04,88.717896
1991-12-05,87.03625
1991-12-06,85.3925
1991-12-07,83.251
1991-12-08,81.961
1991-12-09,80.8175
1991-12-10,83.5479
1991-12-11,85.6515
1991-12-12,82.55842
1991-12-13,81.255
1991-12-14,78.250496
1991-12-15,82.917366
1991-12-16,82.133
1991-12-17,85.9655
1991-12-18,82.3125
1991-12-19,89.9853
1991-12-20,85.271576
1991-12-21,90.7325
1991-12-22,91.674706
1991-12-23,88.62538
1991-12-24,83.5635
1991-12-25,87.1825
1991-12-26,79.5735
1991-12-27,83.12316
1991-12-28,88.62722
1991-12-29,88.77842
1991-12-30,88.8747
1991-12-31,85.0285
1992-01-01,75.7595
1992-01-02,78.30526
1992-01-03,65.2115
1992-01-04,60.983997
1992-01-05,77.2385
1992-01-06,81.6365
1992-01-07,82.5435
1992-01-08,76.34055
1992-01-09,71.0085
1992-01-10,79.4775
1992-01-11,80.7905
1992-01-12,84.74105
1992-01-13,80.054
1992-01-14,75.280495
1992-01-15,91.192635
1992-01-16,82.041
1992-01-17,73.193
1992-01-18,61.6335
1992-01-19,82.99158
1992-01-20,81.559
1992-01-21,78.845
1992-01-22,78.341995
1992-01-23,83.438995
1992-01-24,79.927895
1992-01-25,88.216
1992-01-26,79.3655
1992-01-27,87.401
1992-01-28,85.82316
1992-01-29,85.51158
1992-01-30,72.411995
1992-01-31,83.4595
1992-02-01,78.7345
1992-02-02,81.111
1992-02-03,78.0595
1992-02-04,80.448
1992-02-05,85.094734
1992-02-06,78.3315
1992-02-07,87.643
1992-02-08,88.66294
1992-02-09,87.02353
1992-02-10,76.8915
1992-02-11,75.9755
1992-02-12,80.169
1992-02-13,79.226
1992-02-14,83.763
1992-02-15,70.2575
1992-02-16,76.3105
1992-02-17,85.37421
1992-02-18,84.95947
1992-02-19,83.899
1992-02-20,81.626
1992-02-21,86.9975
1992-02-22,75.0555
1992-02-23,82.7435
1992-02-24,77.8535
1992-02-25,72.936
1992-02-26,71.556
1992-02-27,68.0095
1992-02-28,73.541
1992-02-29,73.668
1992-03-01,78.671
1992-03-02,74.192
1992-03-03,70.928
1992-03-04,67.7105
1992-03-05,64.6825
1992-03-06,70.8605
1992-03-07,72.8085
1992-03-08,67.3305
1992-03-09,73.643
1992-03-10,70.0355
1992-03-11,68.8845
1992-03-12,72.4395
1992-03-13,50.3915
1992-03-14,73.837
1992-03-15,77.5445
1992-03-16,78.6845
1992-03-17,73.403496
1992-03-18,72.881996
1992-03-19,88.433685
1992-03-20,87.28166
1992-03-21,76.115
1992-03-22,79.845
1992-03-23,76.3585
1992-03-24,64.3315
1992-03-25,57.627
1992-03-26,75.094
1992-03-27,60.664497
1992-03-28,71.6935
1992-03-29,84.281
1992-03-30,64.938995
1992-03-31,58.401497
1992-04-01,52.577
1992-04-02,69.2205
1992-04-03,69.306
1992-04-04,68.619995
1992-04-05,68.143
1992-04-06,78.7615
1992-04-07,88.891
1992-04-08,78.8155
1992-04-09,76.054
1992-04-10,85.229
1992-04-11,84.695496
1992-04-12,82.5225
1992-04-13,64.891
1992-04-14,63.852
1992-04-15,55.738
1992-04-16,61.9015
1992-04-17,76.196
1992-04-18,82.1125
1992-04-19,82.469
1992-04-20,78.279
1992-04-21,69.436
1992-04-22,57.0865
1992-04-23,58.5625
1992-04-24,81.2465
1992-04-25,70.597
1992-04-26,62.607998
1992-04-27,66.65
1992-04-28,69.056
1992-04-29,70.8495
1992-04-30,85.177
1992-05-01,57.559498
1992-05-02,53.408497
1992-05-03,41.931
1992-05-04,68.715
1992-05-05,65.7865
1992-05-06,64.6525
1992-05-07,60.356
1992-05-08,76.361
1992-05-09,66.437
1992-05-10,66.423996
1992-05-11,62.1245
1992-05-12,67.725
1992-05-13,65.81
1992-05-14,68.3085
1992-05-15,52.078
1992-05-16,52.5765
1992-05-17,55.162
1992-05-18,89.1295
1992-05-19,82.543
1992-05-20,70.078
1992-05-21,63.7225
1992-05-22,68.8025
1992-05-23,72.907
1992-05-24,65.205
1992-05-25,61.253998
1992-05-26,75.4655
1992-05-27,76.887
1992-05-28,84.415
1992-05-29,78.492
1992-05-30,90.389
1992-05-31,70.098
1992-06-01,69.9375
1992-06-02,67.324
1992-06-03,63.475
1992-06-04,65.4275
1992-06-05,73.278
1992-06-06,79.988
1992-06-07,69.8935
1992-06-08,80.0205
1992-06-09,86.8065
1992-06-10,86.7725
1992-06-11,74.6185
1992-06-12,75.9135
1992-06-13,77.584
1992-06-14,87.09631
1992-06-15,86.74
1992-06-16,78.6045
1992-06-17,82.99421
1992-06-18,89.50056
1992-06-19,75.8515
1992-06-20,78.743
1992-06-21,82.496
1992-06-22,72.6775
1992-06-23,70.435
1992-06-24,61.976498
1992-06-25,77.974
1992-06-26,80.6225
1992-06-27,76.7585
1992-06-28,67.865
1992-06-29,69.8425
1992-06-30,67.459496
1992-07-01,74.014496
1992-07-02,69.504
1992-07-03,70.941
1992-07-04,66.626495
1992-07-05,64.2475
1992-07-06,74.480995
1992-07-07,68.764496
1992-07-08,64.317
1992-07-09,60.4435
1992-07-10,62.6675
1992-07-11,75.6085
1992-07-12,77.94
1992-07-13,83.567
1992-07-14,80.68
1992-07-15,79.308
1992-07-16,70.5755
1992-07-17,64.2195
1992-07-18,68.005
1992-07-19,74.4255
1992-07-20,73.073
1992-07-21,65.2755
1992-07-22,73.113495
1992-07-23,73.5785
1992-07-24,74.833
1992-07-25,76.9425
1992-07-26,72.2725
1992-07-27,72.777
1992-07-28,61.544
1992-07-29,61.9465
1992-07-30,62.1245
1992-07-31,59.0
1992-08-01,68.7115
1992-08-02,66.435
1992-08-03,65.5905
1992-08-04,67.004
1992-08-05,75.6625
1992-08-06,70.92
1992-08-07,67.7915
1992-08-08,63.993
1992-08-09,59.143497
1992-08-10,60.802998
1992-08-11,68.598
1992-08-12,68.628
1992-08-13,60.7435
1992-08-14,63.016
1992-08-15,75.1245
1992-08-16,78.5315
1992-08-17,70.261
1992-08-18,59.943
1992-08-19,64.0
1992-08-20,61.8365
1992-08-21,58.6245
1992-08-22,77.596
1992-08-23,72.916
1992-08-24,77.494
1992-08-25,66.2335
1992-08-26,58.8665
1992-08-27,57.8405
1992-08-28,56.2235
1992-08-29,46.651497
1992-08-30,50.6735
1992-08-31,58.912
1992-09-01,50.738
1992-09-02,62.234997
1992-09-03,46.850998
1992-09-04,59.6685
1992-09-05,90.566246
1992-09-06,70.224
1992-09-07,80.3315
1992-09-08,68.701996
1992-09-09,62.8905
1992-09-10,64.1495
1992-09-11,67.625
1992-09-12,70.3965
1992-09-13,71.1155
1992-09-14,63.775997
1992-09-15,73.5055
1992-09-16,68.991
1992-09-17,66.1615
1992-09-18,71.561
1992-09-19,70.1725
1992-09-20,76.529495
1992-09-21,76.0305
1992-09-22,68.002
1992-09-23,67.910995
1992-09-24,73.6135
1992-09-25,60.8065
1992-09-26,61.1875
1992-09-27,57.1625
1992-09-28,52.0925
1992-09-29,68.794
1992-09-30,78.7915
1992-10-01,80.0365
1992-10-02,73.0845
1992-10-03,68.4555
1992-10-04,79.38
1992-10-05,81.9425
1992-10-06,81.7525
1992-10-07,79.74526
1992-10-08,79.2355
1992-10-09,68.212
1992-10-10,72.7455
1992-10-11,78.0635
1992-10-12,77.7485
1992-10-13,80.949
1992-10-14,72.3225
1992-10-15,78.5165
1992-10-16,78.2115
1992-10-17,82.3965
1992-10-18,84.124
1992-10-19,80.089
1992-10-20,72.479
1992-10-21,83.286
1992-10-22,83.22053
1992-10-23,79.4955
1992-10-24,84.0695
1992-10-25,83.868
1992-10-26,79.395
1992-10-27,85.314
1992-10-28,71.613
1992-10-29,80.360504
1992-10-30,78.933
1992-10-31,83.9485
1992-11-01,84.826996
1992-11-02,73.6725
1992-11-03,79.8015
1992-11-04,83.0595
1992-11-05,80.9935
1992-11-06,83.317
1992-11-07,77.144
1992-11-08,69.352
1992-11-09,75.8455
1992-11-10,61.915
1992-11-11,61.0435
1992-11-12,88.30118
1992-11-13,78.8185
1992-11-14,86.7555
1992-11-15,78.6295
1992-11-16,73.26
1992-11-17,84.531
1992-11-18,89.11579
1992-11-19,82.657
1992-11-20,80.2095
1992-11-21,75.14
1992-11-22,84.684
1992-11-23,81.8385
1992-11-24,80.9115
1992-11-25,80.511
1992-11-26,81.748
1992-11-27,76.4705
1992-11-28,65.9545
1992-11-29,83.935265
1992-11-30,84.676315
1992-12-01,77.6295
1992-12-02,68.687996
1992-12-03,75.7875
1992-12-04,70.919
1992-12-05,70.319496
1992-12-06,82.02105
1992-12-07,91.32083
1992-12-08,87.167
1992-12-09,89.731575
1992-12-10,92.97444
1992-12-11,94.118576
1992-12-12,91.39714
1992-12-13,84.164734
1992-12-14,86.89526
1992-12-15,87.66462
1992-12-16,83.1975
1992-12-17,87.522224
1992-12-18,88.555626
1992-12-19,88.30526
1992-12-20,89.518425
1992-12-21,89.72579
1992-12-22,85.422
1992-12-23,79.6565
1992-12-24,81.4895
1992-12-25,81.42895
1992-12-26,83.20368
1992-12-27,81.941
1992-12-28,83.0175
1992-12-29,80.761
1992-12-30,77.7545
1992-12-31,81.7355
1993-01-01,83.335
1993-01-02,82.211
1993-01-03,81.773
1993-01-04,75.256
1993-01-05,80.1815
1993-01-06,71.667496
1993-01-07,82.5785
1993-01-08,86.245
1993-01-09,84.8515
1993-01-10,84.30473
1993-01-11,73.4375
1993-01-12,71.742
1993-01-13,62.9125
1993-01-14,68.8735
1993-01-15,60.984497
1993-01-16,68.589
1993-01-17,70.65
1993-01-18,77.541
1993-01-19,76.453
1993-01-20,89.50445
1993-01-21,81.195496
1993-01-22,74.3945
1993-01-23,64.312
1993-01-24,69.1895
1993-01-25,71.517
1993-01-26,73.341
1993-01-27,74.542496
1993-01-28,72.1
1993-01-29,81.3105
1993-01-30,81.24895
1993-01-31,76.675
1993-02-01,79.893
1993-02-02,82.3165
1993-02-03,79.8105
1993-02-04,76.7995
1993-02-05,65.273
1993-02-06,75.527
1993-02-07,78.2915
1993-02-08,76.534996
1993-02-09,71.861
1993-02-10,76.5935
1993-02-11,77.6895
1993-02-12,59.7315
1993-02-13,66.887
1993-02-14,81.018
1993-02-15,74.0135
1993-02-16,71.375
1993-02-17,71.7485
1993-02-18,77.6355
1993-02-19,73.826996
1993-02-20,88.1515
1993-02-21,80.556
1993-02-22,90.80778
1993-02-23,89.98882
1993-02-24,85.09789
1993-02-25,86.57316
1993-02-26,85.823
1993-02-27,76.1225
1993-02-28,70.7195
1993-03-01,77.194496
1993-03-02,86.3005
1993-03-03,87.46375
1993-03-04,88.50421
1993-03-05,88.10316
1993-03-06,81.4405
1993-03-07,81.584
1993-03-08,90.25611
1993-03-09,88.375786
1993-03-10,80.563995
1993-03-11,82.4
1993-03-12,81.987
1993-03-13,78.0555
1993-03-14,81.7255
1993-03-15,78.2815
1993-03-16,80.3435
1993-03-17,88.37278
1993-03-18,92.08769
1993-03-19,73.4025
1993-03-20,63.952
1993-03-21,60.1315
1993-03-22,60.306
1993-03-23,71.9345
1993-03-24,72.097496
1993-03-25,82.9455
1993-03-26,90.99111
1993-03-27,91.72539
1993-03-28,92.76929
1993-03-29,84.2405
1993-03-30,79.326996
1993-03-31,79.736
1993-04-01,79.398
1993-04-02,81.324
1993-04-03,77.095
1993-04-04,87.696
1993-04-05,89.88118
1993-04-06,78.829
1993-04-07,88.1615
1993-04-08,82.7025
1993-04-09,86.2055
1993-04-10,76.3325
1993-04-11,70.993996
1993-04-12,84.4445
1993-04-13,78.6545
1993-04-14,73.3665
1993-04-15,84.6565
1993-04-16,84.9025
1993-04-17,82.7305
1993-04-18,74.182
1993-04-19,71.098495
1993-04-20,64.06
1993-04-21,60.25
1993-04-22,54.159
1993-04-23,61.513
1993-04-24,48.485497
1993-04-25,51.008
1993-04-26,44.604
1993-04-27,50.4305
1993-04-28,61.9175
1993-04-29,62.2345
1993-04-30,61.0575
1993-05-01,65.408
1993-05-02,60.782497
1993-05-03,66.1265
1993-05-04,86.68
1993-05-05,72.9165
1993-05-06,71.8295
1993-05-07,70.334
1993-05-08,76.3895
1993-05-09,70.471
1993-05-10,60.396
1993-05-11,51.8075
1993-05-12,57.02
1993-05-13,55.656498
1993-05-14,70.862495
1993-05-15,76.7745
1993-05-16,79.9675
1993-05-17,76.4915
1993-05-18,80.346
1993-05-19,74.1985
1993-05-20,69.7045
1993-05-21,69.578
1993-05-22,77.907
1993-05-23,80.528496
1993-05-24,76.6365
1993-05-25,74.489
1993-05-26,76.5655
1993-05-27,73.6905
1993-05-28,66.1
1993-05-29,72.1625
1993-05-30,65.3345
1993-05-31,79.377
1993-06-01,72.707
1993-06-02,63.2775
1993-06-03,66.687
1993-06-04,67.982994
1993-06-05,72.251
1993-06-06,70.736496
1993-06-07,66.184
1993-06-08,65.765
1993-06-09,68.518
1993-06-10,60.933
1993-06-11,62.6835
1993-06-12,69.9245
1993-06-13,72.1355
1993-06-14,77.799995
1993-06-15,77.7525
1993-06-16,68.225
1993-06-17,63.5965
1993-06-18,78.25
1993-06-19,70.0995
1993-06-20,62.8325
1993-06-21,60.517
1993-06-22,64.6455
1993-06-23,73.0795
1993-06-24,75.4485
1993-06-25,60.3295
1993-06-26,62.7465
1993-06-27,76.043495
1993-06-28,75.5425
1993-06-29,81.498
1993-06-30,63.725
1993-07-01,70.7565
1993-07-02,66.9945
1993-07-03,59.178
1993-07-04,61.281498
1993-07-05,64.184
1993-07-06,74.8155
1993-07-07,81.847
1993-07-08,72.0345
1993-07-09,58.7865
1993-07-10,58.46
1993-07-11,49.274998
1993-07-12,72.673996
1993-07-13,80.3255
1993-07-14,76.0255
1993-07-15,52.349
1993-07-16,72.3365
1993-07-17,68.6875
1993-07-18,67.4645
1993-07-19,65.468
1993-07-20,55.677
1993-07-21,73.763
1993-07-22,91.45412
1993-07-23,78.3245
1993-07-24,73.3185
1993-07-25,57.502
1993-07-26,71.056
1993-07-27,79.332
1993-07-28,69.2145
1993-07-29,68.0645
1993-07-30,64.3055
1993-07-31,63.668
1993-08-01,68.17
1993-08-02,68.0985
1993-08-03,66.3515
1993-08-04,65.1545
1993-08-05,52.345497
1993-08-06,62.109
1993-08-07,62.315
1993-08-08,61.8365
1993-08-09,66.9435
1993-08-10,85.775
1993-08-11,77.472496
1993-08-12,68.659996
1993-08-13,64.104
1993-08-14,64.3915
1993-08-15,63.166
1993-08-16,61.258
1993-08-17,63.833
1993-08-18,67.4065
1993-08-19,65.205
1993-08-20,63.170498
1993-08-21,68.7755
1993-08-22,65.250496
1993-08-23,55.801
1993-08-24,69.0525
1993-08-25,63.088997
1993-08-26,75.2825
1993-08-27,73.5575
1993-08-28,85.8705
1993-08-29,87.143
1993-08-30,82.4105
1993-08-31,80.1635
1993-09-01,87.656845
1993-09-02,86.895996
1993-09-03,79.2345
1993-09-04,74.9845
1993-09-05,88.772
1993-09-06,80.268
1993-09-07,64.2115
1993-09-08,62.0275
1993-09-09,71.639
1993-09-10,71.8125
1993-09-11,73.6605
1993-09-12,84.1495
1993-09-13,73.399994
1993-09-14,57.313
1993-09-15,82.724
1993-09-16,78.443
1993-09-17,72.4785
1993-09-18,80.0375
1993-09-19,80.105995
1993-09-20,73.1805
1993-09-21,70.143
1993-09-22,62.8505
1993-09-23,61.219498
1993-09-24,66.667
1993-09-25,59.4055
1993-09-26,69.576996
1993-09-27,82.0625
1993-09-28,74.7545
1993-09-29,77.3705
1993-09-30,80.9115
1993-10-01,73.8645
1993-10-02,68.959
1993-10-03,74.1705
1993-10-04,88.7405
1993-10-05,90.9925
1993-10-06,83.4115
1993-10-07,75.5415
1993-10-08,74.7185
1993-10-09,71.914
1993-10-10,83.061
1993-10-11,67.754
1993-10-12,69.495
1993-10-13,61.896
1993-10-14,52.731
1993-10-15,63.975998
1993-10-16,77.389
1993-10-17,77.201
1993-10-18,77.09
1993-10-19,80.2615
1993-10-20,91.67765
1993-10-21,89.289474
1993-10-22,81.3055
1993-10-23,82.0785
1993-10-24,83.242
1993-10-25,87.862
1993-10-26,82.66789
1993-10-27,88.13158
1993-10-28,80.5665
1993-10-29,82.052
1993-10-30,73.178
1993-10-31,72.195496
1993-11-01,78.098
1993-11-02,65.767
1993-11-03,62.603
1993-11-04,81.34105
1993-11-05,91.05211
1993-11-06,90.950584
1993-11-07,88.3585
1993-11-08,87.563156
1993-11-09,90.77
1993-11-10,88.865265
1993-11-11,81.189995
1993-11-12,59.442997
1993-11-13,75.325
1993-11-14,86.46316
1993-11-15,88.69813
1993-11-16,93.38333
1993-11-17,90.09412
1993-11-18,82.0895
1993-11-19,81.8315
1993-11-20,87.26
1993-11-21,89.14647
1993-11-22,91.01722
1993-11-23,91.664
1993-11-24,87.1965
1993-11-25,84.69473
1993-11-26,85.034
1993-11-27,79.7685
1993-11-28,81.7795
1993-11-29,85.5295
1993-11-30,88.88
1993-12-01,84.309
1993-12-02,86.147
1993-12-03,87.983
1993-12-04,89.33421
1993-12-05,91.54083
1993-12-06,91.1075
1993-12-07,87.541664
1993-12-08,93.473076
1993-12-09,86.12722
1993-12-10,76.123
1993-12-11,84.13368
1993-12-12,87.9145
1993-12-13,83.985
1993-12-14,77.931
1993-12-15,90.26118
1993-12-16,86.663
1993-12-17,88.23647
1993-12-18,81.805
1993-12-19,82.345
1993-12-20,81.38778
1993-12-21,85.492
1993-12-22,81.678
1993-12-23,77.542
1993-12-24,83.29
1993-12-25,76.1465
1993-12-26,78.986
1993-12-27,90.326
1993-12-28,92.130714
1993-12-29,91.74294
1993-12-30,89.992775
1993-12-31,82.382996
1994-01-01,87.855
1994-01-02,93.045715
1994-01-03,89.025
1994-01-04,82.819
1994-01-05,83.109
1994-01-06,79.78222
1994-01-07,69.311
1994-01-08,77.2175
1994-01-09,90.885
1994-01-10,90.293076
1994-01-11,88.60889
1994-01-12,90.61714
1994-01-13,89.34214
1994-01-14,93.45167
1994-01-15,93.69455
1994-01-16,84.10579
1994-01-17,89.12684
1994-01-18,88.6405
1994-01-19,80.973495
1994-01-20,83.854996
1994-01-21,90.86429
1994-01-22,86.845
1994-01-23,88.1505
1994-01-24,82.1435
1994-01-25,79.6195
1994-01-26,82.326996
1994-01-27,81.8255
1994-01-28,80.9295
1994-01-29,86.307
1994-01-30,79.659996
1994-01-31,86.6925
1994-02-01,81.018
1994-02-02,81.8945
1994-02-03,77.5905
1994-02-04,73.207
1994-02-05,81.320526
1994-02-06,86.34368
1994-02-07,87.302
1994-02-08,89.1
1994-02-09,89.64316
1994-02-10,83.265
1994-02-11,84.34684
1994-02-12,83.6785
1994-02-13,66.499
1994-02-14,66.351
1994-02-15,72.532
1994-02-16,74.307
1994-02-17,74.7165
1994-02-18,86.23
1994-02-19,90.944374
1994-02-20,91.36632
1994-02-21,92.28687
1994-02-22,89.7065
1994-02-23,76.8535
1994-02-24,83.7075
1994-02-25,90.780624
1994-02-26,83.0905
1994-02-27,74.042496
1994-02-28,63.301
1994-03-01,70.8025
1994-03-02,79.597
1994-03-03,82.084
1994-03-04,75.68
1994-03-05,84.614
1994-03-06,78.076996
1994-03-07,68.409
1994-03-08,87.39684
1994-03-09,79.641
1994-03-10,75.792
1994-03-11,71.0775
1994-03-12,60.8495
1994-03-13,64.838
1994-03-14,77.053
1994-03-15,76.1645
1994-03-16,73.153
1994-03-17,74.715
1994-03-18,61.4545
1994-03-19,49.886497
1994-03-20,63.061996
1994-03-21,80.0205
1994-03-22,72.305
1994-03-23,63.452
1994-03-24,70.359
1994-03-25,55.0575
1994-03-26,64.445496
1994-03-27,83.129
1994-03-28,80.2705
1994-03-29,65.5035
1994-03-30,67.493996
1994-03-31,60.116497
1994-04-01,54.809498
1994-04-02,74.044
1994-04-03,86.752
1994-04-04,74.695
1994-04-05,87.96
1994-04-06,92.51
1994-04-07,85.564
1994-04-08,76.2255
1994-04-09,83.4145
1994-04-10,74.3545
1994-04-11,78.1065
1994-04-12,72.3685
1994-04-13,68.874
1994-04-14,65.7865
1994-04-15,58.631
1994-04-16,60.416
1994-04-17,62.860497
1994-04-18,83.0725
1994-04-19,70.658
1994-04-20,73.713
1994-04-21,74.518
1994-04-22,83.861496
1994-04-23,80.2055
1994-04-24,76.9365
1994-04-25,75.6645
1994-04-26,74.2395
1994-04-27,82.698
1994-04-28,90.62353
1994-04-29,81.4245
1994-04-30,74.3105
1994-05-01,76.28
1994-05-02,72.4945
1994-05-03,68.9025
1994-05-04,63.099
1994-05-05,62.03
1994-05-06,80.259995
1994-05-07,86.691
1994-05-08,82.479
1994-05-09,80.33
1994-05-10,80.054
1994-05-11,76.9345
1994-05-12,78.962
1994-05-13,73.373
1994-05-14,64.4135
1994-05-15,73.6295
1994-05-16,69.933
1994-05-17,54.429996
1994-05-18,52.4475
1994-05-19,58.977997
1994-05-20,70.9975
1994-05-21,71.8935
1994-05-22,72.737
1994-05-23,60.649998
1994-05-24,71.7995
1994-05-25,85.52263
1994-05-26,76.5235
1994-05-27,78.338
1994-05-28,71.972496
1994-05-29,74.5655
1994-05-30,83.1175
1994-05-31,70.9305
1994-06-01,65.1145
1994-06-02,59.2875
1994-06-03,58.4225
1994-06-04,75.4795
1994-06-05,87.194
1994-06-06,87.4515
1994-06-07,78.6635
1994-06-08,75.126
1994-06-09,68.403496
1994-06-10,86.0365
1994-06-11,88.9395
1994-06-12,77.802
1994-06-13,76.2605
1994-06-14,80.1755
1994-06-15,78.5795
1994-06-16,70.409996
1994-06-17,73.7295
1994-06-18,64.020996
1994-06-19,64.8225
1994-06-20,70.6565
1994-06-21,76.4115
1994-06-22,68.694
1994-06-23,64.2305
1994-06-24,51.737
1994-06-25,56.806
1994-06-26,58.796497
1994-06-27,63.172997
1994-06-28,63.105
1994-06-29,60.2445
1994-06-30,72.792
1994-07-01,68.054
1994-07-02,71.631
1994-07-03,67.7275
1994-07-04,62.573498
1994-07-05,57.739
1994-07-06,62.516
1994-07-07,69.43
1994-07-08,67.42
1994-07-09,79.944
1994-07-10,82.7375
1994-07-11,90.3555
1994-07-12,83.928
1994-07-13,76.965996
1994-07-14,72.4475
1994-07-15,77.471
1994-07-16,72.568
1994-07-17,74.2845
1994-07-18,78.463
1994-07-19,70.51
1994-07-20,64.0415
1994-07-21,69.663
1994-07-22,74.0505
1994-07-23,73.0025
1994-07-24,63.863
1994-07-25,59.622498
1994-07-26,62.923
1994-07-27,67.4255
1994-07-28,62.656
1994-07-29,61.278
1994-07-30,63.533
1994-07-31,63.722
1994-08-01,54.424
1994-08-02,55.5225
1994-08-03,61.400997
1994-08-04,68.2775
1994-08-05,68.175
1994-08-06,66.1635
1994-08-07,65.0805
1994-08-08,63.0975
1994-08-09,65.951
1994-08-10,58.816998
1994-08-11,63.628998
1994-08-12,72.1605
1994-08-13,71.0305
1994-08-14,64.945
1994-08-15,62.742
1994-08-16,71.4755
1994-08-17,62.392
1994-08-18,76.193
1994-08-19,72.229
1994-08-20,68.513
1994-08-21,64.1645
1994-08-22,67.971
1994-08-23,73.353
1994-08-24,71.277
1994-08-25,75.633
1994-08-26,89.02789
1994-08-27,90.07313
1994-08-28,77.8585
1994-08-29,77.7765
1994-08-30,76.096
1994-08-31,71.748
1994-09-01,81.1145
1994-09-02,66.9235
1994-09-03,57.105
1994-09-04,84.574
1994-09-05,85.358
1994-09-06,78.433
1994-09-07,73.140495
1994-09-08,59.114998
1994-09-09,63.3765
1994-09-10,78.9685
1994-09-11,65.618996
1994-09-12,67.317
1994-09-13,59.752
1994-09-14,64.8815
1994-09-15,72.004
1994-09-16,67.0385
1994-09-17,80.2065
1994-09-18,77.7105
1994-09-19,82.5595
1994-09-20,91.72357
1994-09-21,82.5195
1994-09-22,72.656
1994-09-23,68.686
1994-09-24,70.4125
1994-09-25,71.694
1994-09-26,77.459
1994-09-27,79.2275
1994-09-28,76.4085
1994-09-29,74.3125
1994-09-30,78.7375
1994-10-01,78.9335
1994-10-02,74.319
1994-10-03,80.973495
1994-10-04,91.289375
1994-10-05,84.3635
1994-10-06,91.11
1994-10-07,90.54154
1994-10-08,90.75278
1994-10-09,90.09
1994-10-10,77.575
1994-10-11,80.694496
1994-10-12,79.732
1994-10-13,84.767
1994-10-14,81.029495
1994-10-15,80.0265
1994-10-16,83.562
1994-10-17,86.32
1994-10-18,79.501
1994-10-19,69.766
1994-10-20,73.529
1994-10-21,77.0375
1994-10-22,76.3425
1994-10-23,83.139
1994-10-24,81.449
1994-10-25,91.55
1994-10-26,80.809
1994-10-27,89.319
1994-10-28,74.6585
1994-10-29,89.14895
1994-10-30,88.74556
1994-10-31,75.3005
1994-11-01,71.2965
1994-11-02,72.225
1994-11-03,82.3945
1994-11-04,76.22
1994-11-05,68.8445
1994-11-06,60.325996
1994-11-07,68.7355
1994-11-08,72.5655
1994-11-09,82.52263
1994-11-10,85.044
1994-11-11,86.08765
1994-11-12,92.31
1994-11-13,91.24412
1994-11-14,87.359375
1994-11-15,87.052
1994-11-16,86.095
1994-11-17,87.643
1994-11-18,88.8275
1994-11-19,86.3965
1994-11-20,81.536
1994-11-21,81.4515
1994-11-22,80.7765
1994-11-23,84.8005
1994-11-24,86.237
1994-11-25,78.424995
1994-11-26,76.124
1994-11-27,81.233
1994-11-28,85.511
1994-11-29,78.537
1994-11-30,79.163
1994-12-01,74.642
1994-12-02,81.49
1994-12-03,81.443
1994-12-04,73.1975
1994-12-05,78.211
1994-12-06,86.098
1994-12-07,85.305885
1994-12-08,86.06611
1994-12-09,90.09
1994-12-10,91.17286
1994-12-11,90.59944
1994-12-12,82.357
1994-12-13,78.8505
1994-12-14,80.28421
1994-12-15,87.15474
1994-12-16,82.667496
1994-12-17,90.4905
1994-12-18,89.88263
1994-12-19,86.439445
1994-12-20,80.1465
1994-12-21,77.0255
1994-12-22,89.24834
1994-12-23,90.441536
1994-12-24,89.54667
1994-12-25,91.64083
1994-12-26,92.832855
1994-12-27,88.6525
1994-12-28,88.86105
1994-12-29,85.1565
1994-12-30,82.83
1994-12-31,85.68471
1995-01-01,89.00647
1995-01-02,88.77556
1995-01-03,87.26421
1995-01-04,91.40077
1995-01-05,85.048
1995-01-06,87.77333
1995-01-07,91.734
1995-01-08,93.00584
1995-01-09,92.866
1995-01-10,91.43895
1995-01-11,87.19937
1995-01-12,90.828125
1995-01-13,90.292145
1995-01-14,90.011665
1995-01-15,88.2
1995-01-16,91.42313
1995-01-17,88.59
1995-01-18,84.37369
1995-01-19,82.9265
1995-01-20,81.8
1995-01-21,85.158
1995-01-22,86.569
1995-01-23,88.12842
1995-01-24,89.04211
1995-01-25,80.2595
1995-01-26,76.972
1995-01-27,82.1695
1995-01-28,81.125
1995-01-29,86.741
1995-01-30,85.638
1995-01-31,89.72059
1995-02-01,78.9335
1995-02-02,74.9895
1995-02-03,82.9315
1995-02-04,74.52
1995-02-05,88.54222
1995-02-06,88.17
1995-02-07,86.01527
1995-02-08,76.722
1995-02-09,79.9535
1995-02-10,79.512
1995-02-11,78.6775
1995-02-12,81.533
1995-02-13,78.182495
1995-02-14,79.6605
1995-02-15,90.925
1995-02-16,86.612495
1995-02-17,86.0105
1995-02-18,79.418
1995-02-19,89.18706
1995-02-20,82.9245
1995-02-21,68.727
1995-02-22,76.624
1995-02-23,80.2185
1995-02-24,79.3115
1995-02-25,84.233154
1995-02-26,78.9755
1995-02-27,86.647
1995-02-28,79.5685
1995-03-01,64.2885
1995-03-02,55.2365
1995-03-03,84.50053
1995-03-04,75.1555
1995-03-05,73.764496
1995-03-06,76.9165
1995-03-07,88.872
1995-03-08,87.87111
1995-03-09,70.4195
1995-03-10,78.892
1995-03-11,80.5865
1995-03-12,81.429
1995-03-13,82.803
1995-03-14,78.51526
1995-03-15,87.04
1995-03-16,74.667
1995-03-17,84.14684
1995-03-18,66.677
1995-03-19,68.667
1995-03-20,65.602
1995-03-21,79.305
1995-03-22,82.1215
1995-03-23,83.306
1995-03-24,84.5015
1995-03-25,76.423
1995-03-26,61.3435
1995-03-27,60.6415
1995-03-28,68.668
1995-03-29,73.541
1995-03-30,90.32647
1995-03-31,87.265785
1995-04-01,77.6515
1995-04-02,84.5165
1995-04-03,59.524
1995-04-04,56.568497
1995-04-05,60.983498
1995-04-06,62.489
1995-04-07,69.856
1995-04-08,76.006
1995-04-09,88.47316
1995-04-10,85.0525
1995-04-11,78.375
1995-04-12,89.93158
1995-04-13,86.15211
1995-04-14,83.2495
1995-04-15,63.637
1995-04-16,60.109
1995-04-17,86.368004
1995-04-18,71.7675
1995-04-19,51.9325
1995-04-20,50.7175
1995-04-21,52.4125
1995-04-22,50.241497
1995-04-23,59.441498
1995-04-24,64.399
1995-04-25,74.943
1995-04-26,79.058
1995-04-27,81.885
1995-04-28,76.8985
1995-04-29,71.9365
1995-04-30,67.5375
1995-05-01,75.8945
1995-05-02,70.798996
1995-05-03,78.998
1995-05-04,72.381
1995-05-05,76.4655
1995-05-06,81.313
1995-05-07,61.889
1995-05-08,58.146
1995-05-09,68.957
1995-05-10,73.8855
1995-05-11,81.876
1995-05-12,80.385
1995-05-13,72.791
1995-05-14,82.6345
1995-05-15,77.278496
1995-05-16,65.119
1995-05-17,57.299
1995-05-18,82.7515
1995-05-19,80.981
1995-05-20,91.82455
1995-05-21,93.93
1995-05-22,92.42
1995-05-23,86.003
1995-05-24,84.322
1995-05-25,74.909
1995-05-26,66.712
1995-05-27,64.8095
1995-05-28,71.028496
1995-05-29,62.740498
1995-05-30,70.162
1995-05-31,69.0915
1995-06-01,74.0775
1995-06-02,80.9925
1995-06-03,85.5595
1995-06-04,76.688995
1995-06-05,68.422
1995-06-06,67.395996
1995-06-07,78.5865
1995-06-08,82.192
1995-06-09,77.392
1995-06-10,77.4345
1995-06-11,66.732
1995-06-12,70.819
1995-06-13,78.0615
1995-06-14,82.814995
1995-06-15,79.748
1995-06-16,82.0895
1995-06-17,81.87
1995-06-18,76.833
1995-06-19,77.924995
1995-06-20,69.809
1995-06-21,69.035995
1995-06-22,82.2185
1995-06-23,76.222
1995-06-24,81.334
1995-06-25,84.303
1995-06-26,85.925
1995-06-27,90.058
1995-06-28,81.556
1995-06-29,70.211
1995-06-30,72.210495
1995-07-01,71.1555
1995-07-02,72.352
1995-07-03,68.5545
1995-07-04,76.7125
1995-07-05,71.201
1995-07-06,71.371
1995-07-07,77.2525
1995-07-08,65.6065
1995-07-09,75.891495
1995-07-10,70.219
1995-07-11,74.9495
1995-07-12,74.463
1995-07-13,69.839
1995-07-14,65.658
1995-07-15,74.8265
1995-07-16,83.6485
1995-07-17,77.5235
1995-07-18,72.806
1995-07-19,82.6015
1995-07-20,71.4385
1995-07-21,66.9635
1995-07-22,61.045498
1995-07-23,71.4335
1995-07-24,74.137
1995-07-25,72.081
1995-07-26,68.542496
1995-07-27,57.071
1995-07-28,61.841
1995-07-29,58.6315
1995-07-30,69.6235
1995-07-31,72.485
1995-08-01,76.613
1995-08-02,79.6515
1995-08-03,85.1055
1995-08-04,69.8955
1995-08-05,69.6605
1995-08-06,69.295
1995-08-07,64.548
1995-08-08,74.5275
1995-08-09,64.446
1995-08-10,77.340996
1995-08-11,66.889
1995-08-12,58.181
1995-08-13,59.399998
1995-08-14,61.9825
1995-08-15,74.196495
1995-08-16,87.09105
1995-08-17,77.2355
1995-08-18,71.3095
1995-08-19,62.841
1995-08-20,69.501
1995-08-21,76.3785
1995-08-22,74.458496
1995-08-23,70.1695
1995-08-24,65.1475
1995-08-25,74.561
1995-08-26,89.55631
1995-08-27,72.9605
1995-08-28,69.2
1995-08-29,82.836
1995-08-30,81.5035
1995-08-31,79.9325
1995-09-01,76.097496
1995-09-02,79.438995
1995-09-03,67.569
1995-09-04,83.922
1995-09-05,82.2655
1995-09-06,85.246
1995-09-07,77.609
1995-09-08,73.1165
1995-09-09,82.395996
1995-09-10,78.049995
1995-09-11,74.236496
1995-09-12,74.819
1995-09-13,72.479
1995-09-14,70.6075
1995-09-15,74.1065
1995-09-16,80.1465
1995-09-17,79.918495
1995-09-18,84.432
1995-09-19,77.21
1995-09-20,83.6165
1995-09-21,84.2115
1995-09-22,83.381996
1995-09-23,86.1105
1995-09-24,85.0195
1995-09-25,80.912
1995-09-26,81.2945
1995-09-27,78.401
1995-09-28,77.142
1995-09-29,91.52588
1995-09-30,78.532
1995-10-01,82.513
1995-10-02,81.364
1995-10-03,76.192
1995-10-04,71.773
1995-10-05,75.2145
1995-10-06,71.585
1995-10-07,72.262
1995-10-08,79.224
1995-10-09,86.2065
1995-10-10,82.2375
1995-10-11,77.735
1995-10-12,71.5535
1995-10-13,77.488
1995-10-14,76.6125
1995-10-15,82.638
1995-10-16,78.9485
1995-10-17,78.6585
1995-10-18,74.686
1995-10-19,77.332
1995-10-20,77.803
1995-10-21,75.594
1995-10-22,79.033
1995-10-23,72.129
1995-10-24,70.513
1995-10-25,72.7355
1995-10-26,79.6615
1995-10-27,80.0355
1995-10-28,81.3525
1995-10-29,80.403496
1995-10-30,80.672
1995-10-31,86.2
1995-11-01,88.558235
1995-11-02,90.057335
1995-11-03,89.52
1995-11-04,90.37583
1995-11-05,91.73235
1995-11-06,87.34529
1995-11-07,90.95734
1995-11-08,81.363
1995-11-09,83.912
1995-11-10,82.177
1995-11-11,77.0865
1995-11-12,80.73
1995-11-13,83.92737
1995-11-14,89.261055
1995-11-15,87.786316
1995-11-16,81.1335
1995-11-17,82.237
1995-11-18,86.402
1995-11-19,83.88789
1995-11-20,88.71579
1995-11-21,89.69842
1995-11-22,86.043
1995-11-23,87.338
1995-11-24,84.1015
1995-11-25,76.078
1995-11-26,60.767498
1995-11-27,68.0405
1995-11-28,78.0675
1995-11-29,91.639336
1995-11-30,90.12071
1995-12-01,92.605
1995-12-02,
1995-12-03,93.975
1995-12-04,92.375
1995-12-05,91.57857
1995-12-06,88.789474
1995-12-07,89.01
1995-12-08,90.40222
1995-12-09,89.49842
1995-12-10,90.72875
1995-12-11,92.791115
1995-12-12,93.597275
1995-12-13,92.46222
1995-12-14,92.68667
1995-12-15,91.585
1995-12-16,91.27294
1995-12-17,84.043686
1995-12-18,90.87056
1995-12-19,91.403336
1995-12-20,90.34421
1995-12-21,85.178
1995-12-22,81.334
1995-12-23,81.872
1995-12-24,87.10611
1995-12-25,89.78833
1995-12-26,89.2825
1995-12-27,91.795296
1995-12-28,86.43
1995-12-29,88.85333
1995-12-30,90.365
1995-12-31,88.219
1996-01-01,91.304
1996-01-02,93.975
1996-01-03,90.985
1996-01-04,92.310555
1996-01-05,92.355835
1996-01-06,89.62631
1996-01-07,88.1025
1996-01-08,90.83
1996-01-09,90.31461
1996-01-10,89.133125
1996-01-11,86.572105
1996-01-12,85.41368
1996-01-13,85.75833
1996-01-14,91.134705
1996-01-15,90.83
1996-01-16,88.41579
1996-01-17,83.16579
1996-01-18,82.8465
1996-01-19,87.84526
1996-01-20,87.65421
1996-01-21,88.308235
1996-01-22,86.12
1996-01-23,80.959
1996-01-24,83.0615
1996-01-25,84.214
1996-01-26,90.41263
1996-01-27,93.725334
1996-01-28,92.72444
1996-01-29,92.32
1996-01-30,89.84143
1996-01-31,83.68389
1996-02-01,79.959
1996-02-02,76.2765
1996-02-03,79.6635
1996-02-04,84.283
1996-02-05,92.31734
1996-02-06,85.606
1996-02-07,80.3925
1996-02-08,84.0255
1996-02-09,87.93842
1996-02-10,86.118
1996-02-11,84.014496
1996-02-12,82.168
1996-02-13,81.195
1996-02-14,92.79857
1996-02-15,90.87526
1996-02-16,87.13
1996-02-17,83.68105
1996-02-18,87.875
1996-02-19,77.6085
1996-02-20,81.6495
1996-02-21,91.187775
1996-02-22,90.75
1996-02-23,90.6
1996-02-24,91.905
1996-02-25,82.739
1996-02-26,82.1635
1996-02-27,82.30105
1996-02-28,77.9545
1996-02-29,76.417
1996-03-01,86.9595
1996-03-02,86.2635
1996-03-03,84.7275
1996-03-04,83.86
1996-03-05,82.223
1996-03-06,84.18
1996-03-07,83.070496
1996-03-08,77.2625
1996-03-09,77.152
1996-03-10,85.3385
1996-03-11,80.716995
1996-03-12,85.239
1996-03-13,87.156
1996-03-14,87.4715
1996-03-15,84.81529
1996-03-16,89.013
1996-03-17,89.73421
1996-03-18,79.089
1996-03-19,79.1655
1996-03-20,83.255
1996-03-21,82.864
1996-03-22,82.061
1996-03-23,79.2545
1996-03-24,74.5515
1996-03-25,87.850586
1996-03-26,81.35737
1996-03-27,90.24389
1996-03-28,91.124
1996-03-29,89.86263
1996-03-30,79.903
1996-03-31,88.695496
1996-04-01,70.877
1996-04-02,69.694
1996-04-03,82.923
1996-04-04,86.3055
1996-04-05,84.91053
1996-04-06,74.8885
1996-04-07,65.089
1996-04-08,70.428
1996-04-09,74.1305
1996-04-10,75.6025
1996-04-11,71.9555
1996-04-12,79.456
1996-04-13,79.84684
1996-04-14,81.885
1996-04-15,87.388
1996-04-16,91.55353
1996-04-17,77.636
1996-04-18,72.6935
1996-04-19,65.754
1996-04-20,62.11
1996-04-21,61.727497
1996-04-22,52.5415
1996-04-23,45.5095
1996-04-24,47.853497
1996-04-25,64.264
1996-04-26,76.303
1996-04-27,65.6805
1996-04-28,56.301
1996-04-29,64.754
1996-04-30,65.910995
1996-05-01,63.404
1996-05-02,70.334496
1996-05-03,58.288
1996-05-04,60.9015
1996-05-05,67.0415
1996-05-06,69.702995
1996-05-07,76.901
1996-05-08,74.1845
1996-05-09,64.048
1996-05-10,75.4835
1996-05-11,80.854996
1996-05-12,78.323
1996-05-13,76.255
1996-05-14,84.0925
1996-05-15,85.609
1996-05-16,85.9379
1996-05-17,76.3385
1996-05-18,59.607
1996-05-19,54.279
1996-05-20,55.212498
1996-05-21,66.1215
1996-05-22,69.215
1996-05-23,72.4805
1996-05-24,63.3265
1996-05-25,62.497498
1996-05-26,73.8315
1996-05-27,72.0885
1996-05-28,89.963684
1996-05-29,92.20929
1996-05-30,79.6405
1996-05-31,74.6335
1996-06-01,71.56
1996-06-02,61.3885
1996-06-03,65.5675
1996-06-04,79.8605
1996-06-05,72.486496
1996-06-06,71.2745
1996-06-07,67.2295
1996-06-08,67.39
1996-06-09,62.9395
1996-06-10,62.9035
1996-06-11,65.5805
1996-06-12,71.3395
1996-06-13,84.199
1996-06-14,72.6875
1996-06-15,75.025
1996-06-16,74.2945
1996-06-17,70.859
1996-06-18,57.543
1996-06-19,75.7675
1996-06-20,71.850494
1996-06-21,64.9995
1996-06-22,69.9245
1996-06-23,74.8825
1996-06-24,80.4265
1996-06-25,78.5565
1996-06-26,84.5315
1996-06-27,80.5965
1996-06-28,83.4945
1996-06-29,70.4065
1996-06-30,77.7145
1996-07-01,68.1015
1996-07-02,65.362495
1996-07-03,78.593
1996-07-04,75.0435
1996-07-05,65.64
1996-07-06,71.427
1996-07-07,75.944
1996-07-08,50.8425
1996-07-09,59.926
1996-07-10,62.707497
1996-07-11,77.270996
1996-07-12,63.565
1996-07-13,60.6605
1996-07-14,60.718
1996-07-15,68.104996
1996-07-16,68.9765
1996-07-17,74.6695
1996-07-18,70.24
1996-07-19,74.7895
1996-07-20,79.638
1996-07-21,68.42
1996-07-22,68.332
1996-07-23,66.854
1996-07-24,57.1215
1996-07-25,74.395996
1996-07-26,84.644
1996-07-27,64.932495
1996-07-28,59.6945
1996-07-29,63.6275
1996-07-30,66.3655
1996-07-31,80.6875
1996-08-01,72.622
1996-08-02,66.1095
1996-08-03,72.2275
1996-08-04,83.236
1996-08-05,84.567
1996-08-06,77.4195
1996-08-07,69.1335
1996-08-08,75.182
1996-08-09,78.016
1996-08-10,66.944496
1996-08-11,61.86
1996-08-12,49.9995
1996-08-13,70.083496
1996-08-14,74.1965
1996-08-15,73.681
1996-08-16,83.456
1996-08-17,80.3605
1996-08-18,77.343
1996-08-19,74.475
1996-08-20,72.923996
1996-08-21,71.1145
1996-08-22,68.9575
1996-08-23,79.814
1996-08-24,83.194496
1996-08-25,74.1105
1996-08-26,79.558
1996-08-27,77.6355
1996-08-28,72.1885
1996-08-29,68.1655
1996-08-30,72.996
1996-08-31,85.5225
1996-09-01,80.8315
1996-09-02,78.653
1996-09-03,69.225
1996-09-04,77.2945
1996-09-05,85.533
1996-09-06,87.27278
1996-09-07,85.0915
1996-09-08,92.31875
1996-09-09,77.267
1996-09-10,84.4255
1996-09-11,74.6575
1996-09-12,79.174995
1996-09-13,91.386
1996-09-14,88.081665
1996-09-15,79.604996
1996-09-16,85.856
1996-09-17,82.175
1996-09-18,76.1075
1996-09-19,82.527
1996-09-20,84.979
1996-09-21,87.489
1996-09-22,88.67895
1996-09-23,88.317894
1996-09-24,86.38526
1996-09-25,84.4075
1996-09-26,89.238945
1996-09-27,90.75684
1996-09-28,87.99105
1996-09-29,82.703
1996-09-30,75.707
1996-10-01,66.048
1996-10-02,66.212
1996-10-03,88.6305
1996-10-04,83.962
1996-10-05,78.776
1996-10-06,75.4365
1996-10-07,84.8595
1996-10-08,79.743
1996-10-09,80.983
1996-10-10,88.462776
1996-10-11,83.7485
1996-10-12,83.3035
1996-10-13,76.5625
1996-10-14,71.050995
1996-10-15,65.628
1996-10-16,71.0925
1996-10-17,73.922
1996-10-18,87.29842
1996-10-19,85.8665
1996-10-20,86.71632
1996-10-21,85.48
1996-10-22,84.37
1996-10-23,86.09778
1996-10-24,86.6955
1996-10-25,86.253
1996-10-26,87.45947
1996-10-27,84.637
1996-10-28,78.9025
1996-10-29,81.6465
1996-10-30,76.8325
1996-10-31,79.221
1996-11-01,80.397
1996-11-02,79.735504
1996-11-03,82.9125
1996-11-04,80.3785
1996-11-05,69.889
1996-11-06,68.7535
1996-11-07,66.389
1996-11-08,75.003
1996-11-09,78.218
1996-11-10,67.2695
1996-11-11,73.75
1996-11-12,60.743
1996-11-13,71.31
1996-11-14,83.702
1996-11-15,88.89333
1996-11-16,76.696
1996-11-17,82.49
1996-11-18,78.160995
1996-11-19,79.4435
1996-11-20,69.084496
1996-11-21,84.136
1996-11-22,83.5865
1996-11-23,90.986664
1996-11-24,90.39333
1996-11-25,86.566666
1996-11-26,84.45158
1996-11-27,89.522
1996-11-28,86.5515
1996-11-29,93.153336
1996-11-30,91.486
1996-12-01,93.902
1996-12-02,92.05666
1996-12-03,92.87
1996-12-04,91.222
1996-12-05,92.38375
1996-12-06,92.67846
1996-12-07,91.29539
1996-12-08,90.27308
1996-12-09,88.87375
1996-12-10,90.971176
1996-12-11,89.712776
1996-12-12,89.237854
1996-12-13,86.866
1996-12-14,89.9115
1996-12-15,83.949
1996-12-16,79.6845
1996-12-17,80.83369
1996-12-18,83.572
1996-12-19,84.953156
1996-12-20,88.30473
1996-12-21,88.80684
1996-12-22,87.58
1996-12-23,87.482
1996-12-24,87.2125
1996-12-25,90.65188
1996-12-26,89.129
1996-12-27,81.524
1996-12-28,74.895996
1996-12-29,80.1245
1996-12-30,86.6895
1996-12-31,89.34421
1997-01-01,88.56737
1997-01-02,87.337
1997-01-03,86.8625
1997-01-04,87.80526
1997-01-05,89.350555
1997-01-06,86.2475
1997-01-07,86.10158
1997-01-08,89.21333
1997-01-09,88.79737
1997-01-10,89.467896
1997-01-11,91.888885
1997-01-12,92.35824
1997-01-13,89.62
1997-01-14,89.2275
1997-01-15,88.24778
1997-01-16,87.25278
1997-01-17,84.98055
1997-01-18,89.065
1997-01-19,86.34631
1997-01-20,86.218
1997-01-21,90.95067
1997-01-22,81.5035
1997-01-23,84.318
1997-01-24,87.627365
1997-01-25,81.751
1997-01-26,81.823
1997-01-27,75.5205
1997-01-28,82.763
1997-01-29,86.7625
1997-01-30,81.3445
1997-01-31,83.226845
1997-02-01,80.7275
1997-02-02,82.9355
1997-02-03,79.1095
1997-02-04,74.4425
1997-02-05,73.634995
1997-02-06,86.661
1997-02-07,81.2355
1997-02-08,80.499
1997-02-09,79.099
1997-02-10,79.417
1997-02-11,79.3035
1997-02-12,79.196
1997-02-13,76.2885
1997-02-14,85.3135
1997-02-15,76.229
1997-02-16,87.48277
1997-02-17,80.5395
1997-02-18,82.3265
1997-02-19,92.14533
1997-02-20,89.458885
1997-02-21,83.7895
1997-02-22,74.104
1997-02-23,76.77
1997-02-24,72.457
1997-02-25,68.317
1997-02-26,75.104
1997-02-27,81.60579
1997-02-28,79.2445
1997-03-01,65.0525
1997-03-02,66.0315
1997-03-03,64.345
1997-03-04,65.3145
1997-03-05,61.5205
1997-03-06,64.0095
1997-03-07,63.427998
1997-03-08,69.090996
1997-03-09,73.5365
1997-03-10,72.835495
1997-03-11,63.6545
1997-03-12,61.963997
1997-03-13,57.3485
1997-03-14,68.3585
1997-03-15,78.395
1997-03-16,78.078
1997-03-17,82.7075
1997-03-18,76.0455
1997-03-19,74.9035
1997-03-20,85.54
1997-03-21,79.5945
1997-03-22,81.7585
1997-03-23,81.618
1997-03-24,63.41
1997-03-25,67.491
1997-03-26,78.8445
1997-03-27,66.334
1997-03-28,68.0525
1997-03-29,81.471504
1997-03-30,87.4465
1997-03-31,79.840996
1997-04-01,85.4495
1997-04-02,86.823
1997-04-03,82.1965
1997-04-04,80.9521
1997-04-05,81.4135
1997-04-06,87.1295
1997-04-07,78.2405
1997-04-08,72.69
1997-04-09,65.21
1997-04-10,59.7875
1997-04-11,55.260498
1997-04-12,78.715
1997-04-13,79.5905
1997-04-14,71.4755
1997-04-15,70.626495
1997-04-16,80.409
1997-04-17,85.4805
1997-04-18,71.079
1997-04-19,68.812
1997-04-20,64.9005
1997-04-21,81.274
1997-04-22,92.9277
1997-04-23,87.629
1997-04-24,74.070496
1997-04-25,60.583
1997-04-26,77.8995
1997-04-27,66.1635
1997-04-28,53.271
1997-04-29,56.1535
1997-04-30,81.058
1997-05-01,84.843
1997-05-02,74.642
1997-05-03,65.6245
1997-05-04,61.471
1997-05-05,47.3715
1997-05-06,53.419
1997-05-07,57.354
1997-05-08,64.25
1997-05-09,76.9065
1997-05-10,68.5235
1997-05-11,62.1795
1997-05-12,54.433
1997-05-13,43.712498
1997-05-14,65.657
1997-05-15,58.8455
1997-05-16,58.453
1997-05-17,66.063995
1997-05-18,62.599
1997-05-19,69.3265
1997-05-20,68.405
1997-05-21,76.093
1997-05-22,78.18
1997-05-23,80.1095
1997-05-24,73.949
1997-05-25,80.9285
1997-05-26,76.9965
1997-05-27,75.7075
1997-05-28,84.792496
1997-05-29,90.725266
1997-05-30,86.562
1997-05-31,86.4205
1997-06-01,85.303
1997-06-02,78.6345
1997-06-03,83.314
1997-06-04,80.1765
1997-06-05,68.640495
1997-06-06,80.0445
1997-06-07,86.721
1997-06-08,81.8695
1997-06-09,80.679
1997-06-10,80.7795
1997-06-11,78.6375
1997-06-12,76.750496
1997-06-13,68.7825
1997-06-14,77.361
1997-06-15,84.14
1997-06-16,69.014496
1997-06-17,82.137
1997-06-18,80.7845
1997-06-19,76.8345
1997-06-20,89.2285
1997-06-21,78.145
1997-06-22,70.1375
1997-06-23,83.403
1997-06-24,78.5045
1997-06-25,82.2565
1997-06-26,77.0485
1997-06-27,77.9245
1997-06-28,66.609
1997-06-29,65.4485
1997-06-30,73.1485
1997-07-01,69.047
1997-07-02,70.1545
1997-07-03,59.771
1997-07-04,69.7405
1997-07-05,71.097496
1997-07-06,75.819
1997-07-07,87.47053
1997-07-08,89.3385
1997-07-09,92.497055
1997-07-10,74.9475
1997-07-11,77.694
1997-07-12,82.532
1997-07-13,81.5495
1997-07-14,79.139
1997-07-15,84.357
1997-07-16,79.126
1997-07-17,72.1275
1997-07-18,74.768
1997-07-19,85.5215
1997-07-20,81.079
1997-07-21,81.244995
1997-07-22,80.4525
1997-07-23,76.0915
1997-07-24,74.451
1997-07-25,79.236496
1997-07-26,89.765884
1997-07-27,92.00222
1997-07-28,83.423996
1997-07-29,74.889
1997-07-30,85.608
1997-07-31,78.293
1997-08-01,80.7455
1997-08-02,92.104
1997-08-03,91.06834
1997-08-04,84.3585
1997-08-05,73.932
1997-08-06,76.9465
1997-08-07,80.5305
1997-08-08,82.945496
1997-08-09,77.778
1997-08-10,80.3145
1997-08-11,79.126
1997-08-12,76.3035
1997-08-13,74.0645
1997-08-14,69.376495
1997-08-15,70.5545
1997-08-16,76.953
1997-08-17,76.261
1997-08-18,73.737495
1997-08-19,70.7575
1997-08-20,63.43
1997-08-21,65.426
1997-08-22,73.892
1997-08-23,73.063995
1997-08-24,73.4
1997-08-25,79.761
1997-08-26,76.5625
1997-08-27,77.8435
1997-08-28,74.002
1997-08-29,79.33
1997-08-30,86.6225
1997-08-31,89.48055
1997-09-01,85.866844
1997-09-02,82.3685
1997-09-03,78.5165
1997-09-04,80.418495
1997-09-05,75.959496
1997-09-06,66.1695
1997-09-07,81.523
1997-09-08,79.987495
1997-09-09,68.208496
1997-09-10,69.548996
1997-09-11,64.019
1997-09-12,64.9485
1997-09-13,57.343998
1997-09-14,79.3705
1997-09-15,83.2055
1997-09-16,80.022995
1997-09-17,70.141
1997-09-18,69.672
1997-09-19,73.552
1997-09-20,76.0665
1997-09-21,71.126495
1997-09-22,70.2715
1997-09-23,70.29
1997-09-24,74.6225
1997-09-25,77.1005
1997-09-26,76.552
1997-09-27,76.6965
1997-09-28,77.0635
1997-09-29,73.5275
1997-09-30,75.705
1997-10-01,83.12842
1997-10-02,79.482
1997-10-03,82.222496
1997-10-04,75.5075
1997-10-05,71.8395
1997-10-06,74.2765
1997-10-07,63.544
1997-10-08,69.7045
1997-10-09,72.5485
1997-10-10,66.159996
1997-10-11,74.988
1997-10-12,82.0345
1997-10-13,79.8675
1997-10-14,88.548
1997-10-15,92.69572
1997-10-16,84.379
1997-10-17,82.1025
1997-10-18,76.1775
1997-10-19,70.2875
1997-10-20,70.4925
1997-10-21,73.4145
1997-10-22,74.228
1997-10-23,74.3695
1997-10-24,84.999
1997-10-25,77.584496
1997-10-26,75.333
1997-10-27,83.75105
1997-10-28,89.12526
1997-10-29,84.8225
1997-10-30,77.8075
1997-10-31,80.3715
1997-11-01,86.7545
1997-11-02,82.1825
1997-11-03,88.695
1997-11-04,79.737
1997-11-05,75.639
1997-11-06,63.8905
1997-11-07,62.5575
1997-11-08,67.7605
1997-11-09,76.0675
1997-11-10,85.076004
1997-11-11,88.89059
1997-11-12,76.4305
1997-11-13,75.2165
1997-11-14,87.83947
1997-11-15,91.24133
1997-11-16,89.53091
1997-11-17,92.47909
1997-11-18,91.89917
1997-11-19,90.60091
1997-11-20,91.112305
1997-11-21,92.2
1997-11-22,91.27368
1997-11-23,90.10714
1997-11-24,92.14154
1997-11-25,93.402145
1997-11-26,87.63937
1997-11-27,91.151535
1997-11-28,91.939285
1997-11-29,90.282776
1997-11-30,88.831764
1997-12-01,90.13267
1997-12-02,90.85
1997-12-03,90.803635
1997-12-04,87.16778
1997-12-05,85.513
1997-12-06,88.114
1997-12-07,88.686844
1997-12-08,85.5895
1997-12-09,86.4479
1997-12-10,84.2205
1997-12-11,83.08421
1997-12-12,84.682
1997-12-13,90.11786
1997-12-14,87.142105
1997-12-15,90.64278
1997-12-16,79.1455
1997-12-17,68.7315
1997-12-18,71.448
1997-12-19,72.9625
1997-12-20,78.2105
1997-12-21,88.85263
1997-12-22,92.38
1997-12-23,93.160995
1997-12-24,88.78333
1997-12-25,84.5035
1997-12-26,82.7795
1997-12-27,85.1095
1997-12-28,92.543076
1997-12-29,90.81231
1997-12-30,83.1865
1997-12-31,77.0245
1998-01-01,78.501
1998-01-02,80.005
1998-01-03,84.4685
1998-01-04,88.490524
1998-01-05,83.1775
1998-01-06,84.2845
1998-01-07,74.798
1998-01-08,74.181496
1998-01-09,81.312996
1998-01-10,82.7415
1998-01-11,82.515785
1998-01-12,77.5915
1998-01-13,69.1795
1998-01-14,72.3665
1998-01-15,84.9555
1998-01-16,89.43647
1998-01-17,88.15882
1998-01-18,86.1445
1998-01-19,83.9845
1998-01-20,91.80444
1998-01-21,91.94111
1998-01-22,90.356
1998-01-23,87.591
1998-01-24,78.4595
1998-01-25,87.47736
1998-01-26,83.743
1998-01-27,84.23684
1998-01-28,84.56
1998-01-29,85.685
1998-01-30,76.782
1998-01-31,74.596
1998-02-01,78.325
1998-02-02,80.155
1998-02-03,80.086
1998-02-04,88.4079
1998-02-05,81.4415
1998-02-06,85.3875
1998-02-07,78.9635
1998-02-08,80.8165
1998-02-09,80.6305
1998-02-10,79.509
1998-02-11,71.2475
1998-02-12,71.57
1998-02-13,78.4345
1998-02-14,84.0655
1998-02-15,81.1475
1998-02-16,82.986496
1998-02-17,74.5505
1998-02-18,66.159996
1998-02-19,64.9945
1998-02-20,73.024
1998-02-21,70.7885
1998-02-22,57.982
1998-02-23,72.5265
1998-02-24,75.861496
1998-02-25,75.3415
1998-02-26,75.626
1998-02-27,66.076996
1998-02-28,63.2205
1998-03-01,63.568
1998-03-02,58.046497
1998-03-03,57.6195
1998-03-04,49.538498
1998-03-05,55.5745
1998-03-06,60.93
1998-03-07,63.8255
1998-03-08,66.3955
1998-03-09,89.90579
1998-03-10,80.594
1998-03-11,81.298996
1998-03-12,71.3235
1998-03-13,67.583
1998-03-14,68.338
1998-03-15,76.6295
1998-03-16,75.26
1998-03-17,66.8015
1998-03-18,67.2905
1998-03-19,84.082
1998-03-20,75.908
1998-03-21,77.128494
1998-03-22,78.78
1998-03-23,66.532
1998-03-24,68.31
1998-03-25,70.4635
1998-03-26,72.8975
1998-03-27,63.477497
1998-03-28,63.3475
1998-03-29,71.17
1998-03-30,63.213997
1998-03-31,59.261997
1998-04-01,55.77
1998-04-02,58.589497
1998-04-03,67.289
1998-04-04,53.9755
1998-04-05,60.164497
1998-04-06,72.905
1998-04-07,68.153
1998-04-08,56.470497
1998-04-09,67.9425
1998-04-10,77.8925
1998-04-11,75.7395
1998-04-12,65.9195
1998-04-13,70.7845
1998-04-14,77.21
1998-04-15,63.521
1998-04-16,60.784
1998-04-17,71.236496
1998-04-18,76.5645
1998-04-19,85.08316
1998-04-20,89.8675
1998-04-21,88.82176
1998-04-22,87.6975
1998-04-23,73.524
1998-04-24,68.938995
1998-04-25,70.840996
1998-04-26,75.0405
1998-04-27,56.8445
1998-04-28,60.4225
1998-04-29,63.917
1998-04-30,78.1495
1998-05-01,73.565
1998-05-02,78.337
1998-05-03,81.76
1998-05-04,75.1635
1998-05-05,86.3615
1998-05-06,74.187
1998-05-07,64.869995
1998-05-08,63.232
1998-05-09,60.1025
1998-05-10,64.92
1998-05-11,68.0475
1998-05-12,62.289
1998-05-13,58.5005
1998-05-14,65.3805
1998-05-15,77.2045
1998-05-16,84.619
1998-05-17,87.684
1998-05-18,83.04474
1998-05-19,89.255
1998-05-20,84.653
1998-05-21,80.9835
1998-05-22,79.2025
1998-05-23,77.8985
1998-05-24,64.3735
1998-05-25,70.2165
1998-05-26,83.337
1998-05-27,74.196495
1998-05-28,67.6825
1998-05-29,64.2295
1998-05-30,70.905
1998-05-31,62.2085
1998-06-01,69.851
1998-06-02,77.372
1998-06-03,71.0305
1998-06-04,72.8115
1998-06-05,68.912
1998-06-06,63.979
1998-06-07,71.7385
1998-06-08,69.236496
1998-06-09,84.8315
1998-06-10,80.569
1998-06-11,63.442497
1998-06-12,68.503
1998-06-13,80.773
1998-06-14,90.382355
1998-06-15,76.9945
1998-06-16,78.3465
1998-06-17,80.9425
1998-06-18,86.183685
1998-06-19,74.845
1998-06-20,72.7565
1998-06-21,76.479996
1998-06-22,66.0255
1998-06-23,72.809
1998-06-24,81.696
1998-06-25,80.852
1998-06-26,74.395996
1998-06-27,72.335495
1998-06-28,78.334
1998-06-29,75.8385
1998-06-30,71.7325
1998-07-01,69.2135
1998-07-02,72.6555
1998-07-03,68.307495
1998-07-04,87.5375
1998-07-05,83.4955
1998-07-06,78.4655
1998-07-07,68.193
1998-07-08,89.539444
1998-07-09,90.469
1998-07-10,83.8565
1998-07-11,66.289
1998-07-12,71.9245
1998-07-13,70.012
1998-07-14,75.8265
1998-07-15,81.552
1998-07-16,85.192
1998-07-17,76.0075
1998-07-18,73.748
1998-07-19,67.069496
1998-07-20,64.014496
1998-07-21,66.671
1998-07-22,60.045
1998-07-23,63.5055
1998-07-24,69.7725
1998-07-25,69.442
1998-07-26,77.645996
1998-07-27,69.0085
1998-07-28,70.947
1998-07-29,85.78
1998-07-30,71.7305
1998-07-31,71.697
1998-08-01,77.4395
1998-08-02,66.979996
1998-08-03,53.726997
1998-08-04,76.915
1998-08-05,77.813995
1998-08-06,66.663
1998-08-07,65.3815
1998-08-08,67.4645
1998-08-09,61.164497
1998-08-10,60.1095
1998-08-11,59.9245
1998-08-12,66.0855
1998-08-13,59.7075
1998-08-14,65.7525
1998-08-15,66.0795
1998-08-16,66.833496
1998-08-17,77.437
1998-08-18,69.9995
1998-08-19,72.478
1998-08-20,79.0275
1998-08-21,79.8285
1998-08-22,80.964
1998-08-23,81.8575
1998-08-24,61.638
1998-08-25,69.547
1998-08-26,71.561
1998-08-27,72.882996
1998-08-28,81.597
1998-08-29,83.846
1998-08-30,82.4085
1998-08-31,80.447495
1998-09-01,79.335
1998-09-02,73.4635
1998-09-03,70.4525
1998-09-04,82.853
1998-09-05,79.932
1998-09-06,86.51947
1998-09-07,86.1385
1998-09-08,82.7215
1998-09-09,83.353
1998-09-10,77.996
1998-09-11,71.2165
1998-09-12,59.402
1998-09-13,80.785995
1998-09-14,87.08948
1998-09-15,86.813
1998-09-16,81.518
1998-09-17,84.459
1998-09-18,88.83211
1998-09-19,91.313126
1998-09-20,91.606
1998-09-21,91.719444
1998-09-22,89.977776
1998-09-23,88.82579
1998-09-24,85.871
1998-09-25,84.5405
1998-09-26,81.016
1998-09-27,79.410995
1998-09-28,91.125
1998-09-29,91.55353
1998-09-30,90.18158
1998-10-01,79.451
1998-10-02,87.89842
1998-10-03,92.582
1998-10-04,91.63846
1998-10-05,87.82316
1998-10-06,83.42
1998-10-07,84.072
1998-10-08,85.926
1998-10-09,79.663
1998-10-10,81.8815
1998-10-11,72.313995
1998-10-12,83.1465
1998-10-13,88.557
1998-10-14,80.9105
1998-10-15,87.573685
1998-10-16,83.5015
1998-10-17,72.647995
1998-10-18,77.0065
1998-10-19,82.793
1998-10-20,89.13353
1998-10-21,72.4615
1998-10-22,74.76
1998-10-23,70.8975
1998-10-24,70.96
1998-10-25,80.500496
1998-10-26,88.3645
1998-10-27,86.24579
1998-10-28,71.6185
1998-10-29,75.846
1998-10-30,68.452995
1998-10-31,82.719
1998-11-01,72.0965
1998-11-02,79.5855
1998-11-03,70.481995
1998-11-04,79.9105
1998-11-05,84.5285
1998-11-06,77.3695
1998-11-07,84.423996
1998-11-08,81.528
1998-11-09,87.79316
1998-11-10,85.789
1998-11-11,91.656425
1998-11-12,91.64867
1998-11-13,90.425
1998-11-14,88.335
1998-11-15,92.59308
1998-11-16,80.667
1998-11-17,82.318
1998-11-18,80.013
1998-11-19,79.311
1998-11-20,87.995
1998-11-21,88.581055
1998-11-22,85.6245
1998-11-23,85.442
1998-11-24,87.297
1998-11-25,87.0625
1998-11-26,87.77368
1998-11-27,90.95
1998-11-28,90.93412
1998-11-29,87.2421
1998-11-30,83.6365
1998-12-01,81.315
1998-12-02,81.9195
1998-12-03,79.098495
1998-12-04,79.395
1998-12-05,89.62941
1998-12-06,84.956314
1998-12-07,80.871
1998-12-08,82.349495
1998-12-09,85.4105
1998-12-10,81.775
1998-12-11,82.317
1998-12-12,80.553
1998-12-13,83.9045
1998-12-14,88.54833
1998-12-15,87.35555
1998-12-16,85.80353
1998-12-17,82.23875
1998-12-18,87.27866
1998-12-19,83.889496
1998-12-20,84.721
1998-12-21,85.734
1998-12-22,87.57222
1998-12-23,81.9421
1998-12-24,79.1855
1998-12-25,77.9935
1998-12-26,79.997
1998-12-27,81.5845
1998-12-28,73.2775
1998-12-29,78.7805
1998-12-30,83.30789
1998-12-31,83.12
1999-01-01,79.041
1999-01-02,78.3405
1999-01-03,82.251
1999-01-04,90.38231
1999-01-05,91.01583
1999-01-06,88.64923
1999-01-07,82.522
1999-01-08,83.561
1999-01-09,88.21737
1999-01-10,87.2421
1999-01-11,85.12
1999-01-12,85.45684
1999-01-13,83.118996
1999-01-14,87.0545
1999-01-15,87.3775
1999-01-16,82.382996
1999-01-17,78.1515
1999-01-18,78.973
1999-01-19,84.68053
1999-01-20,84.649
1999-01-21,83.373886
1999-01-22,86.06177
1999-01-23,89.542496
1999-01-24,88.10842
1999-01-25,88.5975
1999-01-26,83.97
1999-01-27,85.8185
1999-01-28,88.3679
1999-01-29,89.16563
1999-01-30,84.61948
1999-01-31,76.8545
1999-02-01,84.294
1999-02-02,86.28842
1999-02-03,88.233
1999-02-04,86.94
1999-02-05,78.912
1999-02-06,84.8245
1999-02-07,79.7615
1999-02-08,81.7465
1999-02-09,72.536995
1999-02-10,73.6345
1999-02-11,84.222
1999-02-12,89.689476
1999-02-13,87.238
1999-02-14,83.262
1999-02-15,81.6425
1999-02-16,70.7635
1999-02-17,79.205
1999-02-18,81.376
1999-02-19,76.4805
1999-02-20,79.694
1999-02-21,78.9295
1999-02-22,76.648
1999-02-23,81.1765
1999-02-24,72.3235
1999-02-25,76.6505
1999-02-26,69.113
1999-02-27,66.553
1999-02-28,65.381996
1999-03-01,72.2335
1999-03-02,73.2865
1999-03-03,65.139496
1999-03-04,64.856995
1999-03-05,73.09
1999-03-06,66.7775
1999-03-07,79.045
1999-03-08,78.977
1999-03-09,73.9285
1999-03-10,70.671
1999-03-11,67.852
1999-03-12,69.659
1999-03-13,73.7255
1999-03-14,69.5595
1999-03-15,68.878
1999-03-16,86.2165
1999-03-17,79.771996
1999-03-18,80.905
1999-03-19,82.7705
1999-03-20,70.8595
1999-03-21,75.324
1999-03-22,70.145
1999-03-23,64.910995
1999-03-24,70.666
1999-03-25,55.5235
1999-03-26,47.321
1999-03-27,57.992
1999-03-28,75.338
1999-03-29,81.981
1999-03-30,73.814
1999-03-31,77.9745
1999-04-01,74.483
1999-04-02,70.865
1999-04-03,77.166
1999-04-04,73.4905
1999-04-05,68.651
1999-04-06,61.855
1999-04-07,64.1925
1999-04-08,73.042
1999-04-09,75.084
1999-04-10,81.146996
1999-04-11,84.3445
1999-04-12,77.71
1999-04-13,71.252495
1999-04-14,77.5545
1999-04-15,64.195496
1999-04-16,36.9865
1999-04-17,72.788
1999-04-18,80.37789
1999-04-19,85.246
1999-04-20,84.611496
1999-04-21,60.5865
1999-04-22,78.6925
1999-04-23,82.8055
1999-04-24,82.862
1999-04-25,88.151054
1999-04-26,87.766
1999-04-27,83.0445
1999-04-28,81.333
1999-04-29,76.8825
1999-04-30,69.8985
1999-05-01,66.1085
1999-05-02,75.219
1999-05-03,69.439
1999-05-04,66.2685
1999-05-05,76.367
1999-05-06,74.797
1999-05-07,54.2265
1999-05-08,63.703
1999-05-09,75.6325
1999-05-10,77.118
1999-05-11,74.701
1999-05-12,82.57684
1999-05-13,86.392105
1999-05-14,81.098
1999-05-15,83.9695
1999-05-16,86.291
1999-05-17,66.6765
1999-05-18,69.584
1999-05-19,60.655
1999-05-20,53.068497
1999-05-21,64.8375
1999-05-22,80.84105
1999-05-23,90.70412
1999-05-24,82.8655
1999-05-25,73.6165
1999-05-26,72.659
1999-05-27,71.603
1999-05-28,65.1575
1999-05-29,68.223
1999-05-30,65.6
1999-05-31,71.3745
1999-06-01,77.0945
1999-06-02,67.2135
1999-06-03,66.6085
1999-06-04,71.8005
1999-06-05,83.121
1999-06-06,70.0395
1999-06-07,61.9495
1999-06-08,51.7195
1999-06-09,81.566
1999-06-10,72.660995
1999-06-11,64.973
1999-06-12,63.4655
1999-06-13,81.2315
1999-06-14,78.5665
1999-06-15,77.348
1999-06-16,78.226
1999-06-17,80.2345
1999-06-18,85.588
1999-06-19,81.821
1999-06-20,79.132996
1999-06-21,79.832
1999-06-22,88.76706
1999-06-23,89.1285
1999-06-24,90.417
1999-06-25,78.596
1999-06-26,72.8785
1999-06-27,66.623
1999-06-28,59.725
1999-06-29,70.3985
1999-06-30,71.278496
1999-07-01,75.353
1999-07-02,77.569
1999-07-03,75.2185
1999-07-04,70.8705
1999-07-05,65.3985
1999-07-06,62.691998
1999-07-07,61.396
1999-07-08,76.107
1999-07-09,73.2055
1999-07-10,76.618
1999-07-11,67.827995
1999-07-12,74.1635
1999-07-13,76.935
1999-07-14,76.5475
1999-07-15,81.328
1999-07-16,75.291
1999-07-17,70.1385
1999-07-18,67.7865
1999-07-19,69.554
1999-07-20,63.3545
1999-07-21,59.942497
1999-07-22,64.5
1999-07-23,81.732
1999-07-24,80.164
1999-07-25,73.909996
1999-07-26,76.6595
1999-07-27,85.532
1999-07-28,85.521
1999-07-29,78.247
1999-07-30,82.8315
1999-07-31,78.1255
1999-08-01,77.9375
1999-08-02,84.812
1999-08-03,77.174995
1999-08-04,77.1185
1999-08-05,68.8835
1999-08-06,74.1925
1999-08-07,74.8305
1999-08-08,70.265495
1999-08-09,67.513
1999-08-10,72.3105
1999-08-11,75.761
1999-08-12,78.7955
1999-08-13,80.473
1999-08-14,72.974
1999-08-15,65.958
1999-08-16,73.52
1999-08-17,73.3105
1999-08-18,65.509
1999-08-19,77.82
1999-08-20,78.322
1999-08-21,71.5875
1999-08-22,81.6635
1999-08-23,72.3305
1999-08-24,65.1785
1999-08-25,75.9185
1999-08-26,74.152
1999-08-27,71.0545
1999-08-28,68.322
1999-08-29,74.846
1999-08-30,72.701
1999-08-31,88.042
1999-09-01,86.55444
1999-09-02,87.6355
1999-09-03,82.612
1999-09-04,81.317
1999-09-05,71.2995
1999-09-06,67.7495
1999-09-07,71.9675
1999-09-08,79.1165
1999-09-09,83.004
1999-09-10,81.5065
1999-09-11,77.837
1999-09-12,77.244995
1999-09-13,74.272
1999-09-14,74.5655
1999-09-15,74.291
1999-09-16,74.6425
1999-09-17,79.2845
1999-09-18,76.365
1999-09-19,71.127
1999-09-20,66.686
1999-09-21,66.147995
1999-09-22,78.365
1999-09-23,71.122
1999-09-24,74.894
1999-09-25,74.7855
1999-09-26,76.2815
1999-09-27,67.748
1999-09-28,73.1625
1999-09-29,85.98158
1999-09-30,70.0165
1999-10-01,65.56
1999-10-02,74.568
1999-10-03,70.534996
1999-10-04,72.2135
1999-10-05,89.485886
1999-10-06,88.04053
1999-10-07,88.543686
1999-10-08,83.826
1999-10-09,81.4695
1999-10-10,78.3955
1999-10-11,88.2465
1999-10-12,81.095
1999-10-13,77.9415
1999-10-14,85.6105
1999-10-15,82.8805
1999-10-16,80.401
1999-10-17,80.187
1999-10-18,75.8095
1999-10-19,88.689415
1999-10-20,87.29
1999-10-21,84.61579
1999-10-22,85.1875
1999-10-23,80.072
1999-10-24,85.814445
1999-10-25,77.250496
1999-10-26,77.224
1999-10-27,82.362495
1999-10-28,75.4235
1999-10-29,78.7565
1999-10-30,75.1765
1999-10-31,78.358
1999-11-01,78.5135
1999-11-02,68.057
1999-11-03,78.9475
1999-11-04,81.448
1999-11-05,76.2525
1999-11-06,71.75
1999-11-07,80.5745
1999-11-08,86.4485
1999-11-09,78.738495
1999-11-10,80.7725
1999-11-11,82.368004
1999-11-12,84.28105
1999-11-13,84.05222
1999-11-14,85.70789
1999-11-15,87.832504
1999-11-16,88.025
1999-11-17,91.30055
1999-11-18,92.21818
1999-11-19,83.311
1999-11-20,86.0855
1999-11-21,83.874
1999-11-22,90.062
1999-11-23,87.27
1999-11-24,87.08722
1999-11-25,87.98947
1999-11-26,85.5065
1999-11-27,82.706
1999-11-28,86.6025
1999-11-29,79.80778
1999-11-30,80.75222
1999-12-01,83.090996
1999-12-02,79.391
1999-12-03,74.1585
1999-12-04,66.284
1999-12-05,83.366
1999-12-06,90.56
1999-12-07,81.560524
1999-12-08,76.803
1999-12-09,74.01
1999-12-10,77.803
1999-12-11,86.1705
1999-12-12,86.32737
1999-12-13,89.223
1999-12-14,68.752
1999-12-15,84.58474
1999-12-16,88.248886
1999-12-17,88.18222
1999-12-18,88.06158
1999-12-19,87.06167
1999-12-20,91.35786
1999-12-21,86.2995
1999-12-22,85.792496
1999-12-23,84.0875
1999-12-24,81.1135
1999-12-25,77.270996
1999-12-26,85.326004
1999-12-27,90.76527
1999-12-28,84.6215
1999-12-29,83.216995
1999-12-30,85.7421
1999-12-31,92.77231
2000-01-01,91.76833
2000-01-02,83.1645
2000-01-03,84.4655
2000-01-04,87.69947
2000-01-05,88.986115
2000-01-06,87.75588
2000-01-07,85.134
2000-01-08,86.708
2000-01-09,88.307
2000-01-10,90.74812
2000-01-11,88.328
2000-01-12,83.953
2000-01-13,79.2535
2000-01-14,77.8165
2000-01-15,86.4921
2000-01-16,89.64883
2000-01-17,82.502
2000-01-18,86.486664
2000-01-19,84.164
2000-01-20,81.6285
2000-01-21,77.1385
2000-01-22,67.2
2000-01-23,77.514
2000-01-24,81.8455
2000-01-25,78.966
2000-01-26,75.974
2000-01-27,83.163
2000-01-28,74.7405
2000-01-29,78.1855
2000-01-30,76.87
2000-01-31,77.6005
2000-02-01,63.077
2000-02-02,76.065
2000-02-03,77.102
2000-02-04,73.505
2000-02-05,77.344
2000-02-06,81.5505
2000-02-07,82.172
2000-02-08,78.67
2000-02-09,80.6
2000-02-10,84.3635
2000-02-11,86.185
2000-02-12,89.912
2000-02-13,82.284
2000-02-14,85.20737
2000-02-15,77.4225
2000-02-16,66.873
2000-02-17,88.3345
2000-02-18,89.15
2000-02-19,80.7005
2000-02-20,88.398125
2000-02-21,84.268
2000-02-22,81.5725
2000-02-23,74.0205
2000-02-24,80.778496
2000-02-25,80.789
2000-02-26,80.146996
2000-02-27,79.532
2000-02-28,67.0655
2000-02-29,51.8995
2000-03-01,62.0275
2000-03-02,85.084
2000-03-03,77.2605
2000-03-04,73.032
2000-03-05,81.2625
2000-03-06,71.594
2000-03-07,66.3705
2000-03-08,70.8415
2000-03-09,72.033
2000-03-10,72.7605
2000-03-11,67.2725
2000-03-12,72.9525
2000-03-13,65.19
2000-03-14,64.403496
2000-03-15,77.771996
2000-03-16,80.295
2000-03-17,78.729
2000-03-18,85.7325
2000-03-19,84.778
2000-03-20,74.6045
2000-03-21,71.199
2000-03-22,71.2165
2000-03-23,68.9195
2000-03-24,58.948997
2000-03-25,59.196
2000-03-26,68.2015
2000-03-27,75.410995
2000-03-28,74.3555
2000-03-29,58.231
2000-03-30,77.987
2000-03-31,61.3705
2000-04-01,67.293
2000-04-02,85.8435
2000-04-03,71.7485
2000-04-04,72.6855
2000-04-05,82.56
2000-04-06,80.263504
2000-04-07,69.611
2000-04-08,80.8005
2000-04-09,64.576
2000-04-10,55.898
2000-04-11,66.005
2000-04-12,66.437996
2000-04-13,66.2545
2000-04-14,60.093998
2000-04-15,50.399498
2000-04-16,63.125
2000-04-17,53.301
2000-04-18,56.7795
2000-04-19,66.147995
2000-04-20,75.703995
2000-04-21,66.5475
2000-04-22,60.879498
2000-04-23,67.416
2000-04-24,79.416
2000-04-25,88.668945
2000-04-26,91.306
2000-04-27,80.0
2000-04-28,74.8325
2000-04-29,63.276
2000-04-30,68.146996
2000-05-01,67.771996
2000-05-02,65.8985
2000-05-03,52.6595
2000-05-04,54.6485
2000-05-05,53.198997
2000-05-06,52.2445
2000-05-07,48.742996
2000-05-08,57.605
2000-05-09,62.8145
2000-05-10,67.2045
2000-05-11,68.8845
2000-05-12,69.771996
2000-05-13,65.417496
2000-05-14,59.5515
2000-05-15,55.3635
2000-05-16,58.503
2000-05-17,57.16
2000-05-18,45.8395
2000-05-19,71.0085
2000-05-20,75.104
2000-05-21,76.676994
2000-05-22,71.2665
2000-05-23,76.7055
2000-05-24,74.682
2000-05-25,61.816998
2000-05-26,58.52
2000-05-27,50.282497
2000-05-28,55.587997
2000-05-29,77.265
2000-05-30,75.979996
2000-05-31,72.194496
2000-06-01,86.1575
2000-06-02,65.365
2000-06-03,55.078
2000-06-04,51.3555
2000-06-05,50.153
2000-06-06,45.3495
2000-06-07,78.1775
2000-06-08,58.473
2000-06-09,53.2685
2000-06-10,55.48
2000-06-11,56.212997
2000-06-12,54.369
2000-06-13,54.9875
2000-06-14,66.4095
2000-06-15,70.271996
2000-06-16,69.011
2000-06-17,71.638
2000-06-18,67.687996
2000-06-19,60.007
2000-06-20,53.3845
2000-06-21,50.537
2000-06-22,50.289497
2000-06-23,45.920998
2000-06-24,67.839
2000-06-25,69.906
2000-06-26,75.0245
2000-06-27,65.4305
2000-06-28,57.812
2000-06-29,65.894
2000-06-30,66.264
2000-07-01,60.865997
2000-07-02,58.818
2000-07-03,62.3835
2000-07-04,53.123497
2000-07-05,53.1455
2000-07-06,63.948997
2000-07-07,62.783
2000-07-08,63.9255
2000-07-09,80.895
2000-07-10,54.7905
2000-07-11,43.845497
2000-07-12,66.9125
2000-07-13,81.5275
2000-07-14,63.0495
2000-07-15,70.189
2000-07-16,77.844
2000-07-17,71.903496
2000-07-18,66.5505
2000-07-19,75.598495
2000-07-20,73.0535
2000-07-21,66.979996
2000-07-22,75.348495
2000-07-23,70.7065
2000-07-24,59.387497
2000-07-25,54.6835
2000-07-26,51.165997
2000-07-27,69.755
2000-07-28,60.1065
2000-07-29,82.151
2000-07-30,72.7985
2000-07-31,75.6215
2000-08-01,64.69
2000-08-02,57.785
2000-08-03,49.147
2000-08-04,61.0225
2000-08-05,61.325
2000-08-06,54.3935
2000-08-07,69.685
2000-08-08,70.207
2000-08-09,70.0765
2000-08-10,64.657
2000-08-11,59.543
2000-08-12,63.469997
2000-08-13,58.16
2000-08-14,50.8765
2000-08-15,61.6015
2000-08-16,58.427498
2000-08-17,63.0095
2000-08-18,55.4115
2000-08-19,49.745
2000-08-20,43.493
2000-08-21,43.072
2000-08-22,46.18
2000-08-23,47.2385
2000-08-24,55.809
2000-08-25,62.7295
2000-08-26,67.9575
2000-08-27,68.6495
2000-08-28,58.900997
2000-08-29,65.278
2000-08-30,68.811
2000-08-31,60.8305
2000-09-01,85.931
2000-09-02,71.143
2000-09-03,81.7025
2000-09-04,81.52
2000-09-05,86.992
2000-09-06,81.97
2000-09-07,68.4615
2000-09-08,71.307
2000-09-09,65.965
2000-09-10,67.3085
2000-09-11,72.546
2000-09-12,71.1455
2000-09-13,63.836
2000-09-14,70.771996
2000-09-15,67.4505
2000-09-16,72.7975
2000-09-17,83.67526
2000-09-18,85.9515
2000-09-19,83.721
2000-09-20,81.106
2000-09-21,74.5085
2000-09-22,88.56684
2000-09-23,91.457
2000-09-24,82.6595
2000-09-25,75.511
2000-09-26,74.2405
2000-09-27,76.020996
2000-09-28,70.166
2000-09-29,70.659
2000-09-30,69.0735
2000-10-01,67.5595
2000-10-02,76.456
2000-10-03,81.15
2000-10-04,77.6925
2000-10-05,75.33
2000-10-06,74.862495
2000-10-07,81.1455
2000-10-08,78.4785
2000-10-09,77.7415
2000-10-10,77.807
2000-10-11,69.666
2000-10-12,67.043
2000-10-13,70.143
2000-10-14,69.1555
2000-10-15,73.8855
2000-10-16,71.2165
2000-10-17,75.645996
2000-10-18,76.808
2000-10-19,74.6225
2000-10-20,73.681
2000-10-21,73.710495
2000-10-22,75.929
2000-10-23,75.775
2000-10-24,63.924
2000-10-25,64.085
2000-10-26,68.743996
2000-10-27,78.19
2000-10-28,79.576
2000-10-29,71.215996
2000-10-30,64.967
2000-10-31,63.867496
2000-11-01,77.472
2000-11-02,88.736664
2000-11-03,81.3315
2000-11-04,80.243996
2000-11-05,90.32579
2000-11-06,83.6575
2000-11-07,85.77944
2000-11-08,79.7405
2000-11-09,82.351
2000-11-10,88.9435
2000-11-11,86.403
2000-11-12,81.076
2000-11-13,68.301
2000-11-14,70.7165
2000-11-15,72.443
2000-11-16,81.118
2000-11-17,74.0115
2000-11-18,82.6305
2000-11-19,89.888885
2000-11-20,84.89
2000-11-21,86.65263
2000-11-22,84.986
2000-11-23,84.2095
2000-11-24,86.545
2000-11-25,84.282
2000-11-26,87.69842
2000-11-27,91.81778
2000-11-28,91.170586
2000-11-29,88.78529
2000-11-30,90.6045
2000-12-01,82.456
2000-12-02,74.795
2000-12-03,84.7135
2000-12-04,90.91571
2000-12-05,92.093575
2000-12-06,90.773155
2000-12-07,89.6655
2000-12-08,76.597496
2000-12-09,80.489
2000-12-10,92.26143
2000-12-11,89.670525
2000-12-12,80.7355
2000-12-13,84.2495
2000-12-14,78.376
2000-12-15,83.86948
2000-12-16,88.8
2000-12-17,79.2455
2000-12-18,88.43
2000-12-19,84.88947
2000-12-20,85.13
2000-12-21,80.39
2000-12-22,82.1965
2000-12-23,75.965
2000-12-24,72.0365
2000-12-25,67.096
2000-12-26,84.41579
2000-12-27,85.80889
2000-12-28,83.661
2000-12-29,85.217
2000-12-30,91.20111
2000-12-31,76.2805
2001-01-01,82.6865
2001-01-02,81.532
2001-01-03,87.64684
2001-01-04,87.575264
2001-01-05,86.72316
2001-01-06,81.3435
2001-01-07,87.027504
2001-01-08,85.256
2001-01-09,90.73263
2001-01-10,74.973495
2001-01-11,82.024
2001-01-12,86.0575
2001-01-13,88.42889
2001-01-14,84.27105
2001-01-15,85.6035
2001-01-16,82.3605
2001-01-17,83.053
2001-01-18,82.265495
2001-01-19,81.655
2001-01-20,81.62
2001-01-21,83.5365
2001-01-22,82.1995
2001-01-23,79.5175
2001-01-24,77.7445
2001-01-25,78.118
2001-01-26,81.9205
2001-01-27,86.42684
2001-01-28,85.76474
2001-01-29,88.768
2001-01-30,88.30944
2001-01-31,87.65647
2001-02-01,82.5645
2001-02-02,88.261
2001-02-03,78.169
2001-02-04,79.084
2001-02-05,77.769
2001-02-06,73.6335
2001-02-07,71.663
2001-02-08,67.5535
2001-02-09,67.4005
2001-02-10,87.07895
2001-02-11,84.1195
2001-02-12,77.054
2001-02-13,78.873
2001-02-14,84.79895
2001-02-15,74.0375
2001-02-16,67.241
2001-02-17,75.844
2001-02-18,80.247
2001-02-19,73.159996
2001-02-20,83.1975
2001-02-21,82.528
2001-02-22,73.583
2001-02-23,74.5955
2001-02-24,86.475266
2001-02-25,86.70842
2001-02-26,84.867
2001-02-27,79.270996
2001-02-28,74.202995
2001-03-01,85.7865
2001-03-02,78.9225
2001-03-03,79.909996
2001-03-04,83.639
2001-03-05,80.2395
2001-03-06,85.081
2001-03-07,68.8205
2001-03-08,56.6195
2001-03-09,60.616997
2001-03-10,75.011
2001-03-11,72.3715
2001-03-12,66.944
2001-03-13,67.8935
2001-03-14,82.596
2001-03-15,66.762
2001-03-16,64.3895
2001-03-17,57.1335
2001-03-18,79.7145
2001-03-19,80.575
2001-03-20,66.437996
2001-03-21,73.398
2001-03-22,84.204
2001-03-23,86.343
2001-03-24,79.7345
2001-03-25,87.10368
2001-03-26,83.8715
2001-03-27,85.111
2001-03-28,76.76369
2001-03-29,75.368996
2001-03-30,77.444496
2001-03-31,71.1485
2001-04-01,66.576
2001-04-02,54.809998
2001-04-03,57.22
2001-04-04,44.6515
2001-04-05,56.911
2001-04-06,74.446495
2001-04-07,58.649998
2001-04-08,44.5785
2001-04-09,88.298004
2001-04-10,92.58714
2001-04-11,90.496
2001-04-12,85.119
2001-04-13,73.9295
2001-04-14,77.4985
2001-04-15,79.947
2001-04-16,63.675
2001-04-17,76.862495
2001-04-18,81.353
2001-04-19,65.471
2001-04-20,70.608
2001-04-21,82.7875
2001-04-22,86.01556
2001-04-23,88.318665
2001-04-24,87.6545
2001-04-25,66.7005
2001-04-26,75.7765
2001-04-27,75.803
2001-04-28,74.0225
2001-04-29,73.8935
2001-04-30,57.658
2001-05-01,56.5305
2001-05-02,58.4455
2001-05-03,57.638
2001-05-04,65.4785
2001-05-05,57.982998
2001-05-06,73.299995
2001-05-07,85.058
2001-05-08,84.4465
2001-05-09,74.5745
2001-05-10,71.9665
2001-05-11,71.7475
2001-05-12,73.338
2001-05-13,67.5095
2001-05-14,60.446
2001-05-15,53.714497
2001-05-16,60.411
2001-05-17,61.145496
2001-05-18,64.1235
2001-05-19,84.0295
2001-05-20,69.2755
2001-05-21,71.192
2001-05-22,77.509995
2001-05-23,73.799
2001-05-24,62.052498
2001-05-25,63.9095
2001-05-26,65.287
2001-05-27,60.668
2001-05-28,69.8045
2001-05-29,74.415
2001-05-30,61.559498
2001-05-31,71.1865
2001-06-01,82.1775
2001-06-02,75.3995
2001-06-03,73.216995
2001-06-04,82.7245
2001-06-05,70.6525
2001-06-06,67.923
2001-06-07,76.2585
2001-06-08,69.243996
2001-06-09,73.5765
2001-06-10,75.7305
2001-06-11,75.648
2001-06-12,68.716995
2001-06-13,68.2355
2001-06-14,81.1005
2001-06-15,74.016
2001-06-16,65.22
2001-06-17,72.204
2001-06-18,84.2735
2001-06-19,92.23818
2001-06-20,89.586845
2001-06-21,91.15471
2001-06-22,75.6585
2001-06-23,76.944496
2001-06-24,82.5535
2001-06-25,70.7895
2001-06-26,70.083496
2001-06-27,67.1505
2001-06-28,63.8145
2001-06-29,72.591995
2001-06-30,83.0625
2001-07-01,75.778
2001-07-02,86.541504
2001-07-03,87.199
2001-07-04,77.0075
2001-07-05,75.201996
2001-07-06,72.9125
2001-07-07,65.895
2001-07-08,73.8775
2001-07-09,68.6935
2001-07-10,73.759995
2001-07-11,72.6435
2001-07-12,79.2895
2001-07-13,69.5665
2001-07-14,60.476997
2001-07-15,58.8335
2001-07-16,54.749
2001-07-17,71.215996
2001-07-18,77.799995
2001-07-19,68.963
2001-07-20,49.108498
2001-07-21,84.600525
2001-07-22,90.89562
2001-07-23,88.6755
2001-07-24,84.222
2001-07-25,81.6445
2001-07-26,82.908
2001-07-27,85.0565
2001-07-28,78.738
2001-07-29,77.706
2001-07-30,72.4425
2001-07-31,71.507996
2001-08-01,67.8125
2001-08-02,68.3705
2001-08-03,66.7695
2001-08-04,52.0275
2001-08-05,75.6485
2001-08-06,69.994995
2001-08-07,66.6415
2001-08-08,61.273
2001-08-09,71.2445
2001-08-10,67.781
2001-08-11,84.4645
2001-08-12,82.660995
2001-08-13,67.8225
2001-08-14,68.0895
2001-08-15,65.875
2001-08-16,62.4955
2001-08-17,63.0885
2001-08-18,67.365
2001-08-19,63.2585
2001-08-20,65.119995
2001-08-21,66.429
2001-08-22,75.145
2001-08-23,83.7705
2001-08-24,77.865
2001-08-25,75.808
2001-08-26,73.5255
2001-08-27,67.7415
2001-08-28,63.2295
2001-08-29,73.435
2001-08-30,65.686
2001-08-31,62.412
2001-09-01,75.6775
2001-09-02,86.644
2001-09-03,70.751495
2001-09-04,61.6885
2001-09-05,74.916
2001-09-06,90.079475
2001-09-07,88.211
2001-09-08,76.2875
2001-09-09,73.375
2001-09-10,74.787
2001-09-11,89.073685
2001-09-12,77.921
2001-09-13,73.166
2001-09-14,68.1595
2001-09-15,77.2705
2001-09-16,82.8015
2001-09-17,82.6275
2001-09-18,78.004
2001-09-19,80.812996
2001-09-20,75.153496
2001-09-21,75.006996
2001-09-22,78.091995
2001-09-23,80.764
2001-09-24,81.8425
2001-09-25,85.74895
2001-09-26,85.081
2001-09-27,89.903496
2001-09-28,85.93
2001-09-29,70.7685
2001-09-30,77.0885
2001-10-01,80.887
2001-10-02,76.5335
2001-10-03,70.6045
2001-10-04,80.164
2001-10-05,86.7045
2001-10-06,81.506
2001-10-07,77.5445
2001-10-08,70.793
2001-10-09,74.645004
2001-10-10,82.3715
2001-10-11,77.754
2001-10-12,76.3725
2001-10-13,76.8885
2001-10-14,77.770996
2001-10-15,78.016
2001-10-16,78.346
2001-10-17,86.449
2001-10-18,84.0995
2001-10-19,83.048
2001-10-20,84.5121
2001-10-21,80.006996
2001-10-22,86.276665
2001-10-23,87.17
2001-10-24,75.278
2001-10-25,69.7495
2001-10-26,68.875496
2001-10-27,74.6775
2001-10-28,78.263
2001-10-29,80.084496
2001-10-30,81.576
2001-10-31,64.8225
2001-11-01,63.1595
2001-11-02,77.6025
2001-11-03,72.6655
2001-11-04,71.474
2001-11-05,70.0665
2001-11-06,69.365
2001-11-07,80.808
2001-11-08,83.5035
2001-11-09,73.285995
2001-11-10,80.417366
2001-11-11,77.9535
2001-11-12,83.7885
2001-11-13,87.6925
2001-11-14,86.88789
2001-11-15,81.3235
2001-11-16,74.466995
2001-11-17,65.7125
2001-11-18,75.971
2001-11-19,84.640526
2001-11-20,85.78895
2001-11-21,79.9125
2001-11-22,69.4415
2001-11-23,81.403
2001-11-24,89.52941
2001-11-25,86.519
2001-11-26,86.6615
2001-11-27,84.124
2001-11-28,87.62
2001-11-29,92.02
2001-11-30,90.30778
2001-12-01,87.8855
2001-12-02,89.038
2001-12-03,88.325264
2001-12-04,84.7
2001-12-05,86.0945
2001-12-06,82.8805
2001-12-07,78.4325
2001-12-08,78.7675
2001-12-09,80.9685
2001-12-10,77.4425
2001-12-11,75.7065
2001-12-12,81.537
2001-12-13,86.6045
2001-12-14,82.5505
2001-12-15,83.6015
2001-12-16,82.7545
2001-12-17,84.3165
2001-12-18,84.764496
2001-12-19,85.854996
2001-12-20,80.520996
2001-12-21,72.769
2001-12-22,77.0245
2001-12-23,75.707
2001-12-24,77.057495
2001-12-25,78.3765
2001-12-26,76.635
2001-12-27,87.17684
2001-12-28,80.784996
2001-12-29,70.125
2001-12-30,75.676
2001-12-31,86.624
2002-01-01,77.9
2002-01-02,76.8705
2002-01-03,71.2885
2002-01-04,76.5825
2002-01-05,77.89
2002-01-06,80.7945
2002-01-07,81.60684
2002-01-08,85.55167
2002-01-09,88.02
2002-01-10,88.23526
2002-01-11,87.753
2002-01-12,86.645
2002-01-13,86.93842
2002-01-14,87.36842
2002-01-15,90.418884
2002-01-16,91.16572
2002-01-17,87.45333
2002-01-18,90.556
2002-01-19,88.66278
2002-01-20,91.44312
2002-01-21,87.116844
2002-01-22,88.9915
2002-01-23,83.780525
2002-01-24,80.9505
2002-01-25,88.163155
2002-01-26,81.63
2002-01-27,81.564
2002-01-28,86.0025
2002-01-29,68.752
2002-01-30,68.059
2002-01-31,70.6405
2002-02-01,81.32
2002-02-02,87.241875
2002-02-03,84.13778
2002-02-04,73.1485
2002-02-05,81.2295
2002-02-06,83.11421
2002-02-07,79.9775
2002-02-08,86.705
2002-02-09,84.236496
2002-02-10,81.9985
2002-02-11,82.436
2002-02-12,75.1295
2002-02-13,65.528
2002-02-14,74.8175
2002-02-15,73.0495
2002-02-16,62.0505
2002-02-17,55.6465
2002-02-18,64.9075
2002-02-19,82.9295
2002-02-20,76.904
2002-02-21,81.756
2002-02-22,65.568
2002-02-23,78.507996
2002-02-24,88.44158
2002-02-25,76.683685
2002-02-26,72.8315
2002-02-27,72.68
2002-02-28,80.931496
2002-03-01,74.445496
2002-03-02,81.5105
2002-03-03,72.8805
2002-03-04,68.392
2002-03-05,69.5265
2002-03-06,62.1195
2002-03-07,61.1865
2002-03-08,54.807
2002-03-09,58.985
2002-03-10,76.782
2002-03-11,69.452995
2002-03-12,70.0475
2002-03-13,61.131
2002-03-14,53.045498
2002-03-15,62.087997
2002-03-16,64.1425
2002-03-17,64.9155
2002-03-18,65.2935
2002-03-19,61.330498
2002-03-20,73.1
2002-03-21,80.7325
2002-03-22,82.194
2002-03-23,79.408
2002-03-24,74.796
2002-03-25,83.6085
2002-03-26,70.6785
2002-03-27,71.3125
2002-03-28,65.626
2002-03-29,64.8775
2002-03-30,66.695
2002-03-31,62.574497
2002-04-01,55.51
2002-04-02,57.176
2002-04-03,54.7385
2002-04-04,64.8125
2002-04-05,79.7555
2002-04-06,78.142
2002-04-07,72.1155
2002-04-08,62.1905
2002-04-09,72.1505
2002-04-10,68.014496
2002-04-11,60.918
2002-04-12,75.183
2002-04-13,80.71
2002-04-14,84.948
2002-04-15,84.019
2002-04-16,82.9895
2002-04-17,73.299995
2002-04-18,74.9645
2002-04-19,67.7765
2002-04-20,67.4285
2002-04-21,62.8175
2002-04-22,69.1685
2002-04-23,69.661
2002-04-24,68.804
2002-04-25,78.303
2002-04-26,72.061
2002-04-27,74.4715
2002-04-28,75.6035
2002-04-29,66.804
2002-04-30,79.9515
2002-05-01,61.654
2002-05-02,52.380997
2002-05-03,50.576996
2002-05-04,57.992
2002-05-05,50.1815
2002-05-06,62.78
2002-05-07,53.6145
2002-05-08,42.885498
2002-05-09,47.555496
2002-05-10,58.142998
2002-05-11,69.4555
2002-05-12,71.371
2002-05-13,70.3355
2002-05-14,67.963
2002-05-15,70.421
2002-05-16,62.913
2002-05-17,57.632
2002-05-18,59.9545
2002-05-19,64.047
2002-05-20,68.097
2002-05-21,82.3465
2002-05-22,71.4185
2002-05-23,62.779
2002-05-24,68.8635
2002-05-25,71.695
2002-05-26,72.185
2002-05-27,70.457
2002-05-28,75.556496
2002-05-29,81.8445
2002-05-30,81.289
2002-05-31,67.001495
2002-06-01,64.534996
2002-06-02,75.264496
2002-06-03,89.7775
2002-06-04,83.846
2002-06-05,71.6225
2002-06-06,70.877495
2002-06-07,71.57
2002-06-08,77.1605
2002-06-09,74.444
2002-06-10,89.65941
2002-06-11,91.1647
2002-06-12,76.124
2002-06-13,71.854
2002-06-14,66.9705
2002-06-15,66.7655
2002-06-16,70.9265
2002-06-17,74.3835
2002-06-18,60.378998
2002-06-19,59.595997
2002-06-20,60.073498
2002-06-21,59.087498
2002-06-22,61.962498
2002-06-23,57.1215
2002-06-24,63.4885
2002-06-25,63.85
2002-06-26,68.615
2002-06-27,62.5495
2002-06-28,60.8135
2002-06-29,73.4905
2002-06-30,64.6135
2002-07-01,64.153
2002-07-02,55.452
2002-07-03,61.843
2002-07-04,62.418
2002-07-05,70.1325
2002-07-06,71.464
2002-07-07,73.3365
2002-07-08,76.673996
2002-07-09,69.844
2002-07-10,67.505
2002-07-11,68.2555
2002-07-12,72.4635
2002-07-13,61.010998
2002-07-14,70.735
2002-07-15,69.6285
2002-07-16,62.824
2002-07-17,78.2185
2002-07-18,85.7315
2002-07-19,87.125
2002-07-20,90.763885
2002-07-21,76.433
2002-07-22,79.2005
2002-07-23,69.1865
2002-07-24,63.691498
2002-07-25,83.87158
2002-07-26,77.384
2002-07-27,81.0505
2002-07-28,75.262
2002-07-29,79.71
2002-07-30,80.1785
2002-07-31,80.3655
2002-08-01,84.088
2002-08-02,81.7545
2002-08-03,80.824
2002-08-04,70.9515
2002-08-05,80.868
2002-08-06,79.068
2002-08-07,85.3645
2002-08-08,91.35176
2002-08-09,90.36158
2002-08-10,82.4495
2002-08-11,81.659
2002-08-12,82.164734
2002-08-13,82.722
2002-08-14,86.6355
2002-08-15,83.514496
2002-08-16,82.5215
2002-08-17,82.9405
2002-08-18,75.87
2002-08-19,71.297
2002-08-20,77.677
2002-08-21,75.4125
2002-08-22,72.556496
2002-08-23,76.4505
2002-08-24,73.609
2002-08-25,71.3685
2002-08-26,73.2965
2002-08-27,70.3325
2002-08-28,67.239
2002-08-29,72.4925
2002-08-30,75.1795
2002-08-31,73.5495
2002-09-01,67.7985
2002-09-02,74.5825
2002-09-03,68.084496
2002-09-04,72.8265
2002-09-05,65.391
2002-09-06,63.7595
2002-09-07,71.167
2002-09-08,69.229
2002-09-09,69.695
2002-09-10,70.552
2002-09-11,73.0305
2002-09-12,67.726
2002-09-13,77.4075
2002-09-14,81.341995
2002-09-15,84.57158
2002-09-16,87.039
2002-09-17,80.016495
2002-09-18,79.045
2002-09-19,74.921
2002-09-20,77.544
2002-09-21,90.246315
2002-09-22,89.66778
2002-09-23,89.975266
2002-09-24,92.00266
2002-09-25,92.595
2002-09-26,92.261665
2002-09-27,86.86421
2002-09-28,89.09
2002-09-29,90.3505
2002-09-30,86.248
2002-10-01,86.818
2002-10-02,81.284996
2002-10-03,78.824
2002-10-04,86.068
2002-10-05,87.28333
2002-10-06,87.07842
2002-10-07,89.28529
2002-10-08,82.757996
2002-10-09,80.738
2002-10-10,82.295
2002-10-11,91.085
2002-10-12,93.56111
2002-10-13,93.2725
2002-10-14,93.474
2002-10-15,90.619995
2002-10-16,86.28421
2002-10-17,79.8525
2002-10-18,81.7185
2002-10-19,84.024
2002-10-20,79.3145
2002-10-21,75.378
2002-10-22,75.201
2002-10-23,83.5125
2002-10-24,92.09286
2002-10-25,86.1845
2002-10-26,79.173
2002-10-27,66.7745
2002-10-28,66.777504
2002-10-29,68.9355
2002-10-30,79.6625
2002-10-31,78.1225
2002-11-01,88.3345
2002-11-02,87.753
2002-11-03,80.8285
2002-11-04,88.09412
2002-11-05,90.46588
2002-11-06,89.600716
2002-11-07,92.40363
2002-11-08,90.639
2002-11-09,89.86471
2002-11-10,86.7685
2002-11-11,85.20842
2002-11-12,84.3345
2002-11-13,85.85842
2002-11-14,85.60316
2002-11-15,73.554
2002-11-16,70.052
2002-11-17,67.591
2002-11-18,71.4845
2002-11-19,67.77
2002-11-20,83.123
2002-11-21,86.82889
2002-11-22,83.4815
2002-11-23,87.47158
2002-11-24,81.3015
2002-11-25,78.0925
2002-11-26,81.673
2002-11-27,81.687
2002-11-28,88.79882
2002-11-29,91.763336
2002-11-30,92.31
2002-12-01,94.71
2002-12-02,88.99412
2002-12-03,88.353
2002-12-04,90.265
2002-12-05,90.92133
2002-12-06,88.97278
2002-12-07,79.7575
2002-12-08,71.457
2002-12-09,68.682
2002-12-10,75.8125
2002-12-11,75.006996
2002-12-12,74.6335
2002-12-13,69.137
2002-12-14,76.7985
2002-12-15,82.599
2002-12-16,87.385
2002-12-17,89.57846
2002-12-18,93.76875
2002-12-19,87.4725
2002-12-20,87.627
2002-12-21,81.39737
2002-12-22,86.712776
2002-12-23,89.44667
2002-12-24,81.0085
2002-12-25,77.6975
2002-12-26,76.4665
2002-12-27,81.57895
2002-12-28,83.341576
2002-12-29,91.1425
2002-12-30,86.69
2002-12-31,77.58368
2003-01-01,79.117
2003-01-02,79.7755
2003-01-03,87.21445
2003-01-04,89.04437
2003-01-05,86.5585
2003-01-06,84.361496
2003-01-07,87.50889
2003-01-08,82.4055
2003-01-09,85.2665
2003-01-10,88.475555
2003-01-11,86.175
2003-01-12,81.112
2003-01-13,84.25579
2003-01-14,83.3
2003-01-15,88.498886
2003-01-16,90.0595
2003-01-17,90.53625
2003-01-18,85.87315
2003-01-19,88.46667
2003-01-20,89.63778
2003-01-21,88.77706
2003-01-22,83.5045
2003-01-23,92.73308
2003-01-24,88.44
2003-01-25,91.596
2003-01-26,92.199
2003-01-27,91.51714
2003-01-28,91.42
2003-01-29,88.01632
2003-01-30,90.675
2003-01-31,86.88842
2003-02-01,88.5825
2003-02-02,80.207
2003-02-03,78.486496
2003-02-04,78.656
2003-02-05,92.95333
2003-02-06,89.25733
2003-02-07,83.8855
2003-02-08,88.755295
2003-02-09,88.597
2003-02-10,88.3625
2003-02-11,82.415
2003-02-12,78.0175
2003-02-13,78.694496
2003-02-14,80.3905
2003-02-15,81.2935
2003-02-16,76.972
2003-02-17,77.083496
2003-02-18,82.991
2003-02-19,86.9505
2003-02-20,82.4745
2003-02-21,78.237495
2003-02-22,72.375496
2003-02-23,72.4165
2003-02-24,76.3055
2003-02-25,79.4195
2003-02-26,78.7605
2003-02-27,74.9185
2003-02-28,73.895996
2003-03-01,83.9475
2003-03-02,87.49
2003-03-03,83.67316
2003-03-04,86.2645
2003-03-05,83.1385
2003-03-06,81.968
2003-03-07,80.565
2003-03-08,78.199
2003-03-09,84.7525
2003-03-10,92.2875
2003-03-11,91.59384
2003-03-12,88.3365
2003-03-13,80.8715
2003-03-14,81.795
2003-03-15,76.434
2003-03-16,76.3525
2003-03-17,75.049995
2003-03-18,75.4705
2003-03-19,76.0475
2003-03-20,71.381
2003-03-21,61.972
2003-03-22,51.7595
2003-03-23,53.912
2003-03-24,54.1955
2003-03-25,50.212498
2003-03-26,46.160496
2003-03-27,47.6875
2003-03-28,56.7425
2003-03-29,63.177498
2003-03-30,66.9
2003-03-31,74.914
2003-04-01,60.339
2003-04-02,50.073498
2003-04-03,61.182
2003-04-04,69.881996
2003-04-05,76.585
2003-04-06,70.4095
2003-04-07,78.493
2003-04-08,82.099
2003-04-09,63.177
2003-04-10,56.0845
2003-04-11,79.936
2003-04-12,62.8825
2003-04-13,78.050995
2003-04-14,68.707
2003-04-15,58.127
2003-04-16,69.515
2003-04-17,62.531
2003-04-18,67.677
2003-04-19,68.727
2003-04-20,48.238
2003-04-21,46.965
2003-04-22,58.386997
2003-04-23,76.229
2003-04-24,88.8675
2003-04-25,72.712
2003-04-26,66.286
2003-04-27,73.698
2003-04-28,75.6335
2003-04-29,59.215
2003-04-30,55.978
2003-05-01,52.2075
2003-05-02,64.702995
2003-05-03,61.0565
2003-05-04,57.4825
2003-05-05,51.471
2003-05-06,57.399
2003-05-07,50.1815
2003-05-08,49.377
2003-05-09,52.5925
2003-05-10,59.8955
2003-05-11,54.736
2003-05-12,66.903496
2003-05-13,60.4445
2003-05-14,76.9095
2003-05-15,89.80158
2003-05-16,71.7595
2003-05-17,70.127
2003-05-18,74.845
2003-05-19,72.7065
2003-05-20,61.3055
2003-05-21,86.557365
2003-05-22,91.28368
2003-05-23,83.4095
2003-05-24,79.531
2003-05-25,73.1665
2003-05-26,64.531
2003-05-27,67.2975
2003-05-28,72.159
2003-05-29,68.835495
2003-05-30,64.052
2003-05-31,62.7085
2003-06-01,63.812
2003-06-02,70.063995
2003-06-03,71.261
2003-06-04,62.560997
2003-06-05,64.515
2003-06-06,70.794
2003-06-07,70.011
2003-06-08,63.532497
2003-06-09,72.578995
2003-06-10,63.7735
2003-06-11,65.269
2003-06-12,63.36
2003-06-13,64.221
2003-06-14,56.447
2003-06-15,66.243996
2003-06-16,76.2905
2003-06-17,63.881
2003-06-18,60.8105
2003-06-19,85.8045
2003-06-20,74.424995
2003-06-21,59.37
2003-06-22,61.45
2003-06-23,62.804
2003-06-24,63.5885
2003-06-25,64.5945
2003-06-26,63.6895
2003-06-27,63.5435
2003-06-28,64.641
2003-06-29,54.803997
2003-06-30,62.055
2003-07-01,61.8475
2003-07-02,59.355
2003-07-03,64.6145
2003-07-04,74.038
2003-07-05,84.0375
2003-07-06,72.0615
2003-07-07,76.1175
2003-07-08,70.1025
2003-07-09,64.548996
2003-07-10,70.83
2003-07-11,78.912994
2003-07-12,69.3665
2003-07-13,77.035995
2003-07-14,76.937
2003-07-15,72.9985
2003-07-16,65.457
2003-07-17,65.015
2003-07-18,75.153496
2003-07-19,83.898
2003-07-20,72.324
2003-07-21,67.948
2003-07-22,69.3325
2003-07-23,73.0525
2003-07-24,76.205
2003-07-25,83.7795
2003-07-26,85.020996
2003-07-27,74.447
2003-07-28,72.5645
2003-07-29,85.139496
2003-07-30,84.721
2003-07-31,77.520996
2003-08-01,72.745
2003-08-02,75.1775
2003-08-03,67.6505
2003-08-04,64.0555
2003-08-05,63.8315
2003-08-06,56.401
2003-08-07,57.37
2003-08-08,57.332
2003-08-09,59.5495
2003-08-10,60.538998
2003-08-11,56.113
2003-08-12,56.0265
2003-08-13,54.191998
2003-08-14,52.371998
2003-08-15,73.033
2003-08-16,63.5835
2003-08-17,60.704998
2003-08-18,62.377
2003-08-19,56.3535
2003-08-20,72.3015
2003-08-21,66.1265
2003-08-22,62.454
2003-08-23,60.978
2003-08-24,56.5565
2003-08-25,61.375
2003-08-26,61.832
2003-08-27,55.556
2003-08-28,51.435497
2003-08-29,48.883
2003-08-30,51.046997
2003-08-31,70.623
2003-09-01,75.306496
2003-09-02,81.923
2003-09-03,73.615
2003-09-04,77.696
2003-09-05,72.823
2003-09-06,69.9135
2003-09-07,64.701
2003-09-08,62.7
2003-09-09,66.333496
2003-09-10,75.0645
2003-09-11,93.26333
2003-09-12,
2003-09-13,87.5555
2003-09-14,81.155
2003-09-15,76.755
2003-09-16,75.5725
2003-09-17,72.736496
2003-09-18,74.047
2003-09-19,69.15
2003-09-20,72.8875
2003-09-21,65.6185
2003-09-22,66.217
2003-09-23,63.9815
2003-09-24,84.329
2003-09-25,83.159
2003-09-26,77.6985
2003-09-27,79.8815
2003-09-28,75.4755
2003-09-29,65.286
2003-09-30,90.07579
2003-10-01,83.509476
2003-10-02,76.906
2003-10-03,76.1815
2003-10-04,85.09947
2003-10-05,86.48684
2003-10-06,91.12118
2003-10-07,75.113
2003-10-08,90.05187
2003-10-09,87.57
2003-10-10,80.604
2003-10-11,85.9165
2003-10-12,76.0545
2003-10-13,77.234
2003-10-14,80.6555
2003-10-15,86.38263
2003-10-16,86.51353
2003-10-17,86.6455
2003-10-18,82.5715
2003-10-19,85.402
2003-10-20,87.58353
2003-10-21,92.04
2003-10-22,90.33938
2003-10-23,88.24895
2003-10-24,90.08667
2003-10-25,81.7225
2003-10-26,86.1225
2003-10-27,89.210526
2003-10-28,79.371
2003-10-29,72.6175
2003-10-30,83.567894
2003-10-31,84.886
2003-11-01,76.179
2003-11-02,87.078
2003-11-03,87.33611
2003-11-04,92.200005
2003-11-05,88.723495
2003-11-06,87.669
2003-11-07,89.19833
2003-11-08,87.674
2003-11-09,86.1715
2003-11-10,80.4185
2003-11-11,77.6035
2003-11-12,79.886
2003-11-13,83.118996
2003-11-14,86.7175
2003-11-15,91.265
2003-11-16,90.098
2003-11-17,89.567
2003-11-18,85.6755
2003-11-19,86.86
2003-11-20,81.101
2003-11-21,85.55052
2003-11-22,88.130714
2003-11-23,90.455
2003-11-24,85.84765
2003-11-25,86.713684
2003-11-26,80.9675
2003-11-27,81.42421
2003-11-28,85.54833
2003-11-29,88.543335
2003-11-30,93.43
2003-12-01,89.411766
2003-12-02,88.48333
2003-12-03,88.88941
2003-12-04,88.39
2003-12-05,89.743126
2003-12-06,82.255
2003-12-07,78.081
2003-12-08,78.3845
2003-12-09,76.553
2003-12-10,76.3955
2003-12-11,84.5275
2003-12-12,89.73579
2003-12-13,91.324165
2003-12-14,91.66125
2003-12-15,86.0555
2003-12-16,86.3305
2003-12-17,79.194
2003-12-18,84.993
2003-12-19,86.04948
2003-12-20,88.897644
2003-12-21,85.322
2003-12-22,84.3525
2003-12-23,85.5605
2003-12-24,75.0255
2003-12-25,78.3275
2003-12-26,81.76947
2003-12-27,82.5465
2003-12-28,81.945786
2003-12-29,82.9195
2003-12-30,78.687996
2003-12-31,86.91105
2004-01-01,93.042
2004-01-02,92.21333
2004-01-03,86.8021
2004-01-04,90.30789
2004-01-05,86.13526
2004-01-06,82.3855
2004-01-07,84.016
2004-01-08,81.3975
2004-01-09,77.63
2004-01-10,85.391
2004-01-11,89.988
2004-01-12,91.76437
2004-01-13,91.4375
2004-01-14,85.6765
2004-01-15,91.069
2004-01-16,81.867
2004-01-17,77.6745
2004-01-18,88.31117
2004-01-19,90.37529
2004-01-20,92.691536
2004-01-21,85.534
2004-01-22,73.628
2004-01-23,76.4135
2004-01-24,76.2455
2004-01-25,87.457
2004-01-26,86.621056
2004-01-27,82.9745
2004-01-28,86.2755
2004-01-29,88.555626
2004-01-30,89.80875
2004-01-31,78.46684
2004-02-01,80.441
2004-02-02,85.01
2004-02-03,92.68909
2004-02-04,92.512
2004-02-05,86.53111
2004-02-06,79.2885
2004-02-07,70.885
2004-02-08,77.126
2004-02-09,84.1035
2004-02-10,68.9765
2004-02-11,78.578995
2004-02-12,69.0335
2004-02-13,63.017998
2004-02-14,81.959
2004-02-15,87.87722
2004-02-16,86.76947
2004-02-17,77.274
2004-02-18,87.6495
2004-02-19,79.9825
2004-02-20,64.601
2004-02-21,50.919
2004-02-22,72.085
2004-02-23,89.16368
2004-02-24,91.37947
2004-02-25,84.5375
2004-02-26,83.9095
2004-02-27,93.55273
2004-02-28,89.71778
2004-02-29,88.084
2004-03-01,87.60611
2004-03-02,86.0655
2004-03-03,87.35895
2004-03-04,76.5885
2004-03-05,77.8015
2004-03-06,69.472496
2004-03-07,70.3965
2004-03-08,61.693
2004-03-09,89.79562
2004-03-10,91.11533
2004-03-11,80.159996
2004-03-12,72.478
2004-03-13,74.156
2004-03-14,66.024
2004-03-15,75.333496
2004-03-16,74.7975
2004-03-17,77.18
2004-03-18,71.5885
2004-03-19,71.209496
2004-03-20,71.373
2004-03-21,67.1285
2004-03-22,68.264496
2004-03-23,62.956497
2004-03-24,82.1875
2004-03-25,87.204
2004-03-26,88.97222
2004-03-27,90.92353
2004-03-28,88.01158
2004-03-29,76.5245
2004-03-30,66.542
2004-03-31,64.1085
2004-04-01,56.518997
2004-04-02,49.7285
2004-04-03,51.3715
2004-04-04,65.3175
2004-04-05,74.829
2004-04-06,73.411995
2004-04-07,80.489
2004-04-08,77.69
2004-04-09,74.766
2004-04-10,74.92
2004-04-11,85.89895
2004-04-12,76.586494
2004-04-13,82.669
2004-04-14,79.461
2004-04-15,60.51
2004-04-16,57.175
2004-04-17,72.7065
2004-04-18,81.6595
2004-04-19,65.354996
2004-04-20,55.601997
2004-04-21,61.7255
2004-04-22,61.592
2004-04-23,66.4885
2004-04-24,72.9155
2004-04-25,87.1045
2004-04-26,72.697
2004-04-27,67.244995
2004-04-28,72.948
2004-04-29,62.085
2004-04-30,63.853497
2004-05-01,57.1655
2004-05-02,68.9945
2004-05-03,63.352997
2004-05-04,66.431496
2004-05-05,75.898994
2004-05-06,81.5475
2004-05-07,84.52
2004-05-08,81.0715
2004-05-09,81.319496
2004-05-10,81.778496
2004-05-11,79.9225
2004-05-12,77.888
2004-05-13,76.945
2004-05-14,82.7505
2004-05-15,70.242
2004-05-16,86.233
2004-05-17,67.263
2004-05-18,66.7305
2004-05-19,60.622997
2004-05-20,53.816998
2004-05-21,64.7845
2004-05-22,77.1065
2004-05-23,71.231
2004-05-24,78.196
2004-05-25,68.631
2004-05-26,62.306
2004-05-27,64.787
2004-05-28,63.288498
2004-05-29,74.7575
2004-05-30,72.979
2004-05-31,68.952995
2004-06-01,65.1775
2004-06-02,71.743
2004-06-03,75.3725
2004-06-04,73.205
2004-06-05,78.766
2004-06-06,84.254
2004-06-07,79.9975
2004-06-08,70.8225
2004-06-09,68.239
2004-06-10,67.06
2004-06-11,79.0475
2004-06-12,80.586
2004-06-13,81.803
2004-06-14,70.9485
2004-06-15,66.2425
2004-06-16,71.304
2004-06-17,62.177498
2004-06-18,75.6855
2004-06-19,64.5435
2004-06-20,69.719
2004-06-21,83.079
2004-06-22,71.284
2004-06-23,58.334
2004-06-24,72.027
2004-06-25,67.4675
2004-06-26,73.132996
2004-06-27,65.246
2004-06-28,63.810997
2004-06-29,65.826996
2004-06-30,67.115
2004-07-01,58.296497
2004-07-02,78.681496
2004-07-03,71.026
2004-07-04,63.2395
2004-07-05,62.3255
2004-07-06,66.7455
2004-07-07,61.1675
2004-07-08,62.918
2004-07-09,63.9295
2004-07-10,69.4385
2004-07-11,66.272995
2004-07-12,74.7915
2004-07-13,80.463
2004-07-14,72.206
2004-07-15,64.4285
2004-07-16,68.570496
2004-07-17,73.135
2004-07-18,64.1305
2004-07-19,65.261
2004-07-20,67.230995
2004-07-21,68.5315
2004-07-22,63.911
2004-07-23,71.7555
2004-07-24,68.9845
2004-07-25,73.5115
2004-07-26,80.768
2004-07-27,93.51666
2004-07-28,94.702
2004-07-29,87.766
2004-07-30,87.7045
2004-07-31,78.329
2004-08-01,72.373
2004-08-02,78.17
2004-08-03,75.8225
2004-08-04,78.6195
2004-08-05,78.959
2004-08-06,80.6065
2004-08-07,80.181
2004-08-08,75.222496
2004-08-09,78.7345
2004-08-10,81.035
2004-08-11,73.541
2004-08-12,72.9995
2004-08-13,75.385
2004-08-14,81.1715
2004-08-15,75.7355
2004-08-16,69.368996
2004-08-17,64.414
2004-08-18,59.149998
2004-08-19,61.968998
2004-08-20,64.169
2004-08-21,78.0125
2004-08-22,92.15
2004-08-23,76.042496
2004-08-24,64.3505
2004-08-25,69.7605
2004-08-26,76.021996
2004-08-27,91.278336
2004-08-28,85.3005
2004-08-29,78.29
2004-08-30,79.8925
2004-08-31,79.7435
2004-09-01,83.297
2004-09-02,75.043
2004-09-03,71.4325
2004-09-04,73.9965
2004-09-05,71.2125
2004-09-06,72.2185
2004-09-07,68.869995
2004-09-08,76.449
2004-09-09,67.0
2004-09-10,69.28
2004-09-11,66.854
2004-09-12,63.357998
2004-09-13,76.709
2004-09-14,73.068
2004-09-15,76.9195
2004-09-16,86.4015
2004-09-17,79.775
2004-09-18,84.668
2004-09-19,81.098
2004-09-20,81.548
2004-09-21,78.4625
2004-09-22,75.3225
2004-09-23,84.04
2004-09-24,88.14158
2004-09-25,91.608574
2004-09-26,90.94
2004-09-27,94.2
2004-09-28,88.6321
2004-09-29,90.13947
2004-09-30,84.493
2004-10-01,81.6435
2004-10-02,89.5955
2004-10-03,86.7285
2004-10-04,85.9805
2004-10-05,79.39158
2004-10-06,76.0955
2004-10-07,76.5075
2004-10-08,79.485
2004-10-09,83.64333
2004-10-10,87.21167
2004-10-11,83.029
2004-10-12,72.799995
2004-10-13,67.6615
2004-10-14,74.022
2004-10-15,84.6435
2004-10-16,89.54474
2004-10-17,90.15945
2004-10-18,84.544
2004-10-19,81.445
2004-10-20,84.058
2004-10-21,91.832634
2004-10-22,91.155
2004-10-23,89.6085
2004-10-24,86.897896
2004-10-25,78.529495
2004-10-26,85.157
2004-10-27,76.5245
2004-10-28,85.065
2004-10-29,81.334
2004-10-30,78.9655
2004-10-31,84.2025
2004-11-01,84.1305
2004-11-02,82.7155
2004-11-03,81.895996
2004-11-04,80.333
2004-11-05,87.635
2004-11-06,91.942665
2004-11-07,88.8865
2004-11-08,93.288574
2004-11-09,85.58647
2004-11-10,91.134
2004-11-11,88.5645
2004-11-12,91.43539
2004-11-13,92.141
2004-11-14,90.40053
2004-11-15,86.45
2004-11-16,88.544
2004-11-17,91.04625
2004-11-18,85.29
2004-11-19,79.603
2004-11-20,73.418
2004-11-21,83.279
2004-11-22,80.902
2004-11-23,89.185265
2004-11-24,78.963
2004-11-25,84.2805
2004-11-26,80.05278
2004-11-27,82.1705
2004-11-28,88.348495
2004-11-29,86.05222
2004-11-30,87.13
2004-12-01,83.2245
2004-12-02,90.64823
2004-12-03,90.375
2004-12-04,88.22188
2004-12-05,89.28235
2004-12-06,91.844376
2004-12-07,85.275
2004-12-08,88.80857
2004-12-09,85.961876
2004-12-10,85.03526
2004-12-11,83.016
2004-12-12,81.7855
2004-12-13,82.4521
2004-12-14,85.7765
2004-12-15,79.816315
2004-12-16,74.9965
2004-12-17,82.8785
2004-12-18,90.82445
2004-12-19,85.542496
2004-12-20,90.185
2004-12-21,91.03158
2004-12-22,89.01632
2004-12-23,88.26615
2004-12-24,87.26833
2004-12-25,83.409
2004-12-26,72.952
2004-12-27,77.9155
2004-12-28,91.278
2004-12-29,92.75429
2004-12-30,88.20684
2004-12-31,90.06421
2005-01-01,90.43667
2005-01-02,93.316666
2005-01-03,84.284
2005-01-04,86.812775
2005-01-05,84.0405
2005-01-06,86.9235
2005-01-07,81.6635
2005-01-08,78.0065
2005-01-09,77.4555
2005-01-10,82.974
2005-01-11,90.721176
2005-01-12,91.788666
2005-01-13,93.45833
2005-01-14,90.314445
2005-01-15,82.214
2005-01-16,76.639496
2005-01-17,86.91052
2005-01-18,86.98106
2005-01-19,83.711
2005-01-20,90.337776
2005-01-21,87.95526
2005-01-22,81.5415
2005-01-23,82.931
2005-01-24,83.232
2005-01-25,88.93312
2005-01-26,89.914116
2005-01-27,85.8695
2005-01-28,83.722
2005-01-29,84.4485
2005-01-30,83.46
2005-01-31,86.764496
2005-02-01,90.59875
2005-02-02,92.7225
2005-02-03,89.94789
2005-02-04,86.75632
2005-02-05,80.308
2005-02-06,79.14
2005-02-07,69.409
2005-02-08,76.191
2005-02-09,75.5365
2005-02-10,83.018
2005-02-11,81.6685
2005-02-12,85.5275
2005-02-13,92.821815
2005-02-14,92.340836
2005-02-15,92.045715
2005-02-16,91.384445
2005-02-17,90.96889
2005-02-18,92.94667
2005-02-19,93.91875
2005-02-20,89.37333
2005-02-21,88.10737
2005-02-22,87.67105
2005-02-23,90.39588
2005-02-24,90.398575
2005-02-25,88.3235
2005-02-26,90.528336
2005-02-27,85.439
2005-02-28,73.6645
2005-03-01,78.6055
2005-03-02,74.997
2005-03-03,75.8285
2005-03-04,83.9555
2005-03-05,91.927
2005-03-06,89.82056
2005-03-07,89.116
2005-03-08,87.699
2005-03-09,82.5105
2005-03-10,78.542496
2005-03-11,78.468
2005-03-12,77.812
2005-03-13,80.087
2005-03-14,74.279495
2005-03-15,73.928
2005-03-16,68.151
2005-03-17,67.137
2005-03-18,67.8375
2005-03-19,64.5955
2005-03-20,62.279
2005-03-21,61.483997
2005-03-22,64.9065
2005-03-23,62.0215
2005-03-24,58.276497
2005-03-25,63.715
2005-03-26,74.8965
2005-03-27,81.6925
2005-03-28,80.833
2005-03-29,79.7965
2005-03-30,75.539
2005-03-31,70.488495
2005-04-01,55.982
2005-04-02,56.636497
2005-04-03,54.0135
2005-04-04,57.052
2005-04-05,56.934
2005-04-06,48.510998
2005-04-07,43.163998
2005-04-08,48.093998
2005-04-09,41.326
2005-04-10,81.9055
2005-04-11,77.0955
2005-04-12,75.584
2005-04-13,73.5735
2005-04-14,77.722
2005-04-15,90.0165
2005-04-16,81.1325
2005-04-17,72.085495
2005-04-18,83.3105
2005-04-19,91.31333
2005-04-20,89.123886
2005-04-21,83.0715
2005-04-22,67.5335
2005-04-23,74.4985
2005-04-24,72.002
2005-04-25,86.52111
2005-04-26,91.995
2005-04-27,76.2555
2005-04-28,75.6365
2005-04-29,72.0825
2005-04-30,67.4005
2005-05-01,60.6055
2005-05-02,62.996998
2005-05-03,63.588997
2005-05-04,84.091
2005-05-05,84.089
2005-05-06,75.2865
2005-05-07,80.978
2005-05-08,72.7695
2005-05-09,73.3225
2005-05-10,70.076996
2005-05-11,85.518
2005-05-12,78.8025
2005-05-13,68.618996
2005-05-14,65.723
2005-05-15,85.435
2005-05-16,81.399
2005-05-17,76.987
2005-05-18,88.996
2005-05-19,86.0435
2005-05-20,76.479004
2005-05-21,79.8295
2005-05-22,82.4395
2005-05-23,76.336
2005-05-24,74.751
2005-05-25,77.4335
2005-05-26,69.901
2005-05-27,70.128
2005-05-28,68.4115
2005-05-29,71.69
2005-05-30,70.3705
2005-05-31,75.893
2005-06-01,64.498
2005-06-02,63.9165
2005-06-03,64.705
2005-06-04,62.9305
2005-06-05,82.312
2005-06-06,79.759995
2005-06-07,82.8125
2005-06-08,81.582
2005-06-09,86.71737
2005-06-10,88.25158
2005-06-11,87.186
2005-06-12,77.782
2005-06-13,73.500496
2005-06-14,67.923996
2005-06-15,67.2345
2005-06-16,64.404
2005-06-17,72.5375
2005-06-18,71.5045
2005-06-19,69.434
2005-06-20,64.2725
2005-06-21,64.118
2005-06-22,67.993
2005-06-23,69.975
2005-06-24,68.13
2005-06-25,65.734
2005-06-26,68.252495
2005-06-27,66.217
2005-06-28,64.875
2005-06-29,65.6015
2005-06-30,68.62
2005-07-01,66.387
2005-07-02,90.69857
2005-07-03,84.901
2005-07-04,76.048996
2005-07-05,73.628
2005-07-06,83.570496
2005-07-07,83.619
2005-07-08,77.1485
2005-07-09,79.7445
2005-07-10,86.616
2005-07-11,83.0535
2005-07-12,82.2895
2005-07-13,78.588
2005-07-14,80.7255
2005-07-15,76.304
2005-07-16,77.435
2005-07-17,81.005
2005-07-18,71.1855
2005-07-19,79.168
2005-07-20,72.835495
2005-07-21,70.9665
2005-07-22,65.34
2005-07-23,79.256996
2005-07-24,79.867
2005-07-25,68.333496
2005-07-26,72.422
2005-07-27,70.574
2005-07-28,70.659
2005-07-29,68.8695
2005-07-30,72.5385
2005-07-31,73.9415
2005-08-01,80.3855
2005-08-02,76.1615
2005-08-03,72.656
2005-08-04,90.86632
2005-08-05,87.9085
2005-08-06,90.882355
2005-08-07,82.869
2005-08-08,92.99545
2005-08-09,74.43
2005-08-10,69.144
2005-08-11,76.5525
2005-08-12,79.9465
2005-08-13,78.923
2005-08-14,80.92
2005-08-15,80.026
2005-08-16,87.08316
2005-08-17,85.153
2005-08-18,83.506996
2005-08-19,81.3835
2005-08-20,77.797
2005-08-21,74.274
2005-08-22,81.033
2005-08-23,89.9445
2005-08-24,87.412
2005-08-25,85.1
2005-08-26,88.85
2005-08-27,81.8625
2005-08-28,88.113686
2005-08-29,81.9955
2005-08-30,77.493996
2005-08-31,76.9395
2005-09-01,74.5945
2005-09-02,77.7905
2005-09-03,78.232
2005-09-04,76.662
2005-09-05,74.492
2005-09-06,75.8825
2005-09-07,75.214
2005-09-08,73.347
2005-09-09,73.004
2005-09-10,67.210495
2005-09-11,84.088
2005-09-12,81.9075
2005-09-13,85.5715
2005-09-14,89.254
2005-09-15,88.374
2005-09-16,82.5985
2005-09-17,88.461
2005-09-18,86.2545
2005-09-19,88.6305
2005-09-20,89.89176
2005-09-21,85.8235
2005-09-22,78.5185
2005-09-23,80.8585
2005-09-24,85.511
2005-09-25,84.7395
2005-09-26,85.689
2005-09-27,80.2115
2005-09-28,84.0355
2005-09-29,84.195496
2005-09-30,93.061005
2005-10-01,92.879166
2005-10-02,93.44667
2005-10-03,88.507
2005-10-04,84.6245
2005-10-05,73.851
2005-10-06,71.545
2005-10-07,71.7125
2005-10-08,65.921
2005-10-09,76.38
2005-10-10,78.623
2005-10-11,74.601
2005-10-12,75.8395
2005-10-13,85.742
2005-10-14,88.601
2005-10-15,85.0965
2005-10-16,78.067
2005-10-17,75.5
2005-10-18,77.771996
2005-10-19,75.9575
2005-10-20,80.156
2005-10-21,78.181496
2005-10-22,84.848495
2005-10-23,85.569496
2005-10-24,84.4975
2005-10-25,76.7115
2005-10-26,77.796
2005-10-27,72.42
2005-10-28,62.8575
2005-10-29,69.6595
2005-10-30,68.983
2005-10-31,72.1505
2005-11-01,73.8085
2005-11-02,69.070496
2005-11-03,80.5205
2005-11-04,82.393
2005-11-05,79.8175
2005-11-06,84.4785
2005-11-07,81.578
2005-11-08,83.955
2005-11-09,82.47737
2005-11-10,84.0765
2005-11-11,91.52625
2005-11-12,89.31765
2005-11-13,86.234
2005-11-14,88.034164
2005-11-15,86.768
2005-11-16,84.528946
2005-11-17,82.002
2005-11-18,79.993996
2005-11-19,84.8825
2005-11-20,72.084496
2005-11-21,78.7205
2005-11-22,86.168945
2005-11-23,83.50316
2005-11-24,85.471664
2005-11-25,90.09333
2005-11-26,76.071495
2005-11-27,71.228
2005-11-28,86.47579
2005-11-29,85.6355
2005-11-30,87.0535
2005-12-01,86.833496
2005-12-02,91.222
2005-12-03,88.10263
2005-12-04,89.3075
2005-12-05,86.4005
2005-12-06,82.8945
2005-12-07,84.667496
2005-12-08,84.685
2005-12-09,86.777
2005-12-10,85.3875
2005-12-11,75.648
2005-12-12,85.20947
2005-12-13,87.221115
2005-12-14,89.44211
2005-12-15,89.41778
2005-12-16,86.43895
2005-12-17,80.606316
2005-12-18,82.266
2005-12-19,83.7325
2005-12-20,89.248
2005-12-21,81.257996
2005-12-22,83.513
2005-12-23,90.74875
2005-12-24,89.49294
2005-12-25,88.68111
2005-12-26,83.4575
2005-12-27,85.5735
2005-12-28,89.420555
2005-12-29,88.36421
2005-12-30,86.546
2005-12-31,73.923
2006-01-01,73.931496
2006-01-02,85.76833
2006-01-03,87.61375
2006-01-04,91.72875
2006-01-05,85.9025
2006-01-06,84.4545
2006-01-07,75.5995
2006-01-08,71.356
2006-01-09,78.0065
2006-01-10,79.6105
2006-01-11,88.145
2006-01-12,88.50188
2006-01-13,85.546
2006-01-14,83.635
2006-01-15,85.2095
2006-01-16,85.74895
2006-01-17,80.582
2006-01-18,88.3025
2006-01-19,81.0615
2006-01-20,78.348495
2006-01-21,83.969
2006-01-22,82.7095
2006-01-23,65.923
2006-01-24,73.099
2006-01-25,69.984
2006-01-26,69.4
2006-01-27,70.539
2006-01-28,62.642998
2006-01-29,73.111496
2006-01-30,77.68
2006-01-31,84.776
2006-02-01,77.113
2006-02-02,73.761
2006-02-03,80.5445
2006-02-04,82.108
2006-02-05,78.2395
2006-02-06,74.363495
2006-02-07,77.523
2006-02-08,83.5105
2006-02-09,87.484
2006-02-10,87.81
2006-02-11,82.3705
2006-02-12,82.641
2006-02-13,81.57
2006-02-14,84.0625
2006-02-15,84.559
2006-02-16,88.829
2006-02-17,89.435
2006-02-18,81.83444
2006-02-19,82.805
2006-02-20,76.029495
2006-02-21,80.9765
2006-02-22,85.907646
2006-02-23,86.227
2006-02-24,73.5095
2006-02-25,78.698
2006-02-26,90.13375
2006-02-27,83.662
2006-02-28,83.695496
2006-03-01,79.604996
2006-03-02,76.3845
2006-03-03,67.664
2006-03-04,78.095
2006-03-05,84.088425
2006-03-06,81.340996
2006-03-07,75.4785
2006-03-08,72.9795
2006-03-09,73.5325
2006-03-10,81.832634
2006-03-11,89.67
2006-03-12,82.349
2006-03-13,84.681496
2006-03-14,79.531
2006-03-15,84.764
2006-03-16,86.590996
2006-03-17,87.858
2006-03-18,85.8365
2006-03-19,80.998
2006-03-20,68.329
2006-03-21,71.194
2006-03-22,84.24684
2006-03-23,72.959
2006-03-24,65.1275
2006-03-25,67.501495
2006-03-26,76.1025
2006-03-27,82.153496
2006-03-28,76.301
2006-03-29,87.2185
2006-03-30,72.779
2006-03-31,75.1275
2006-04-01,75.7815
2006-04-02,79.1675
2006-04-03,86.695
2006-04-04,89.25158
2006-04-05,76.0325
2006-04-06,83.874
2006-04-07,79.886
2006-04-08,71.2885
2006-04-09,63.495
2006-04-10,57.0635
2006-04-11,80.9665
2006-04-12,88.558
2006-04-13,88.448
2006-04-14,83.3695
2006-04-15,69.570496
2006-04-16,84.583
2006-04-17,84.543
2006-04-18,76.977
2006-04-19,80.4495
2006-04-20,85.47
2006-04-21,80.960495
2006-04-22,72.602
2006-04-23,68.085495
2006-04-24,68.019
2006-04-25,64.3145
2006-04-26,67.653
2006-04-27,73.563995
2006-04-28,62.811996
2006-04-29,63.5815
2006-04-30,58.0565
2006-05-01,61.7365
2006-05-02,74.25
2006-05-03,71.626
2006-05-04,52.245
2006-05-05,52.319
2006-05-06,62.3745
2006-05-07,72.876
2006-05-08,71.756
2006-05-09,71.784
2006-05-10,73.7805
2006-05-11,68.143
2006-05-12,66.972
2006-05-13,58.924
2006-05-14,65.0435
2006-05-15,67.1485
2006-05-16,58.632
2006-05-17,79.779
2006-05-18,69.254
2006-05-19,82.482
2006-05-20,78.4685
2006-05-21,66.0685
2006-05-22,70.244
2006-05-23,67.139
2006-05-24,84.7975
2006-05-25,77.085495
2006-05-26,74.789
2006-05-27,75.414
2006-05-28,80.9825
2006-05-29,69.376495
2006-05-30,83.1585
2006-05-31,83.295
2006-06-01,72.1785
2006-06-02,88.673996
2006-06-03,87.954735
2006-06-04,89.72948
2006-06-05,83.8275
2006-06-06,75.7835
2006-06-07,79.301994
2006-06-08,74.002
2006-06-09,67.4475
2006-06-10,85.362
2006-06-11,72.982
2006-06-12,69.9705
2006-06-13,63.941998
2006-06-14,71.381996
2006-06-15,68.976
2006-06-16,69.2315
2006-06-17,64.3665
2006-06-18,69.935
2006-06-19,75.167
2006-06-20,77.134
2006-06-21,71.991
2006-06-22,76.131996
2006-06-23,87.467
2006-06-24,77.819496
2006-06-25,73.6895
2006-06-26,72.0845
2006-06-27,75.326
2006-06-28,77.4625
2006-06-29,76.3645
2006-06-30,78.7195
2006-07-01,87.965
2006-07-02,79.376
2006-07-03,68.6845
2006-07-04,65.209496
2006-07-05,69.0215
2006-07-06,69.818
2006-07-07,68.9025
2006-07-08,69.707
2006-07-09,70.233
2006-07-10,71.572
2006-07-11,66.71
2006-07-12,74.094
2006-07-13,75.8255
2006-07-14,70.062996
2006-07-15,67.778
2006-07-16,76.1285
2006-07-17,64.201996
2006-07-18,65.167496
2006-07-19,62.1135
2006-07-20,66.907
2006-07-21,65.1515
2006-07-22,74.697
2006-07-23,71.0735
2006-07-24,71.24
2006-07-25,70.4525
2006-07-26,64.702995
2006-07-27,65.45
2006-07-28,68.975
2006-07-29,68.044
2006-07-30,82.7535
2006-07-31,75.533
2006-08-01,75.405
2006-08-02,87.4465
2006-08-03,81.7905
2006-08-04,84.9265
2006-08-05,85.6625
2006-08-06,77.0265
2006-08-07,78.76
2006-08-08,84.307
2006-08-09,90.247
2006-08-10,88.888
2006-08-11,89.78526
2006-08-12,78.808
2006-08-13,79.167
2006-08-14,85.284996
2006-08-15,78.6175
2006-08-16,75.713
2006-08-17,71.265495
2006-08-18,70.125
2006-08-19,75.371
2006-08-20,78.299995
2006-08-21,78.105995
2006-08-22,80.781
2006-08-23,81.861496
2006-08-24,74.4025
2006-08-25,73.173996
2006-08-26,85.873505
2006-08-27,78.8005
2006-08-28,93.21667
2006-08-29,90.88789
2006-08-30,89.0765
2006-08-31,87.469
2006-09-01,76.945496
2006-09-02,84.872
2006-09-03,80.677
2006-09-04,73.718
2006-09-05,69.704
2006-09-06,67.6965
2006-09-07,75.783
2006-09-08,81.756996
2006-09-09,79.42
2006-09-10,76.1805
2006-09-11,74.5725
2006-09-12,77.526
2006-09-13,77.4915
2006-09-14,73.8585
2006-09-15,67.504
2006-09-16,70.4075
2006-09-17,80.6575
2006-09-18,82.451
2006-09-19,90.704735
2006-09-20,93.316666
2006-09-21,81.7935
2006-09-22,81.0355
2006-09-23,81.537
2006-09-24,80.7765
2006-09-25,78.766495
2006-09-26,76.939
2006-09-27,82.236
2006-09-28,84.4945
2006-09-29,85.8215
2006-09-30,81.099
2006-10-01,77.011
2006-10-02,77.3745
2006-10-03,78.4255
2006-10-04,73.264496
2006-10-05,92.085884
2006-10-06,90.301
2006-10-07,87.9925
2006-10-08,87.9335
2006-10-09,83.542
2006-10-10,84.110504
2006-10-11,82.063995
2006-10-12,83.1545
2006-10-13,83.71
2006-10-14,83.7835
2006-10-15,82.6115
2006-10-16,79.3185
2006-10-17,82.5525
2006-10-18,72.617
2006-10-19,79.6615
2006-10-20,80.1295
2006-10-21,78.275
2006-10-22,86.3405
2006-10-23,83.579
2006-10-24,79.082
2006-10-25,83.2715
2006-10-26,79.9645
2006-10-27,71.6225
2006-10-28,80.2665
2006-10-29,89.1585
2006-10-30,75.778
2006-10-31,75.805
2006-11-01,75.069
2006-11-02,81.0075
2006-11-03,75.5625
2006-11-04,75.0815
2006-11-05,88.60737
2006-11-06,85.226
2006-11-07,84.6635
2006-11-08,78.686
2006-11-09,82.6705
2006-11-10,74.208
2006-11-11,76.3605
2006-11-12,81.9235
2006-11-13,87.676315
2006-11-14,83.606
2006-11-15,83.312
2006-11-16,79.32474
2006-11-17,70.6735
2006-11-18,73.9195
2006-11-19,86.555
2006-11-20,88.39667
2006-11-21,89.81167
2006-11-22,86.7005
2006-11-23,91.38778
2006-11-24,91.26231
2006-11-25,88.44
2006-11-26,84.77333
2006-11-27,87.711876
2006-11-28,91.82364
2006-11-29,93.26625
2006-11-30,92.52333
2006-12-01,91.384
2006-12-02,83.59579
2006-12-03,88.481
2006-12-04,85.5885
2006-12-05,89.007
2006-12-06,86.3121
2006-12-07,89.365265
2006-12-08,82.596
2006-12-09,76.0935
2006-12-10,89.585556
2006-12-11,91.11
2006-12-12,91.245
2006-12-13,92.68
2006-12-14,88.07375
2006-12-15,82.275
2006-12-16,82.2005
2006-12-17,87.16842
2006-12-18,92.42467
2006-12-19,90.263885
2006-12-20,87.28316
2006-12-21,89.79363
2006-12-22,86.2655
2006-12-23,88.27389
2006-12-24,85.874115
2006-12-25,83.48444
2006-12-26,71.9475
2006-12-27,75.353
2006-12-28,77.29
2006-12-29,86.276665
2006-12-30,86.53421
2006-12-31,82.4065
2007-01-01,87.253
2007-01-02,87.244
2007-01-03,88.815
2007-01-04,88.20368
2007-01-05,88.229
2007-01-06,92.06846
2007-01-07,88.987366
2007-01-08,86.68895
2007-01-09,89.33789
2007-01-10,84.622
2007-01-11,81.173
2007-01-12,83.4215
2007-01-13,81.5105
2007-01-14,80.153
2007-01-15,70.885
2007-01-16,69.334496
2007-01-17,77.909996
2007-01-18,76.068
2007-01-19,75.320496
2007-01-20,74.268
2007-01-21,82.404
2007-01-22,71.347496
2007-01-23,84.926315
2007-01-24,85.23444
2007-01-25,83.44
2007-01-26,83.7745
2007-01-27,85.50316
2007-01-28,79.0585
2007-01-29,75.8105
2007-01-30,80.272
2007-01-31,84.375
2007-02-01,84.2
2007-02-02,79.2835
2007-02-03,91.37
2007-02-04,84.7975
2007-02-05,81.9945
2007-02-06,82.493996
2007-02-07,88.6975
2007-02-08,87.5505
2007-02-09,89.15316
2007-02-10,83.2235
2007-02-11,87.71263
2007-02-12,92.08375
2007-02-13,93.61909
2007-02-14,88.9435
2007-02-15,84.004
2007-02-16,87.6825
2007-02-17,80.867
2007-02-18,85.86
2007-02-19,88.5045
2007-02-20,83.147995
2007-02-21,77.05
2007-02-22,86.864
2007-02-23,82.9505
2007-02-24,74.533
2007-02-25,74.135
2007-02-26,78.35
2007-02-27,92.41556
2007-02-28,89.75647
2007-03-01,82.6135
2007-03-02,85.6445
2007-03-03,72.9195
2007-03-04,81.9265
2007-03-05,76.055
2007-03-06,72.47
2007-03-07,66.7165
2007-03-08,70.5525
2007-03-09,88.508
2007-03-10,88.1405
2007-03-11,78.5125
2007-03-12,69.1765
2007-03-13,73.8545
2007-03-14,65.226
2007-03-15,68.307
2007-03-16,72.9145
2007-03-17,66.284996
2007-03-18,64.921
2007-03-19,75.133995
2007-03-20,71.866
2007-03-21,89.333336
2007-03-22,85.645996
2007-03-23,82.092
2007-03-24,73.6445
2007-03-25,74.270996
2007-03-26,63.406998
2007-03-27,57.937
2007-03-28,52.802498
2007-03-29,51.7215
2007-03-30,63.7225
2007-03-31,66.6345
2007-04-01,61.6445
2007-04-02,62.474
2007-04-03,55.684498
2007-04-04,71.5255
2007-04-05,56.791
2007-04-06,54.1965
2007-04-07,60.8715
2007-04-08,56.429
2007-04-09,53.744
2007-04-10,66.6715
2007-04-11,70.054
2007-04-12,63.725998
2007-04-13,52.302498
2007-04-14,48.9375
2007-04-15,46.973
2007-04-16,53.724
2007-04-17,48.357998
2007-04-18,71.7915
2007-04-19,65.263
2007-04-20,48.42
2007-04-21,45.6895
2007-04-22,45.138496
2007-04-23,49.435997
2007-04-24,53.1305
2007-04-25,72.0195
2007-04-26,55.3665
2007-04-27,53.971497
2007-04-28,54.3555
2007-04-29,65.011
2007-04-30,59.9655
2007-05-01,59.247997
2007-05-02,54.385
2007-05-03,51.1585
2007-05-04,62.0715
2007-05-05,74.161
2007-05-06,79.313995
2007-05-07,85.818
2007-05-08,70.64
2007-05-09,71.2955
2007-05-10,68.548996
2007-05-11,62.055
2007-05-12,57.895
2007-05-13,60.3125
2007-05-14,48.7785
2007-05-15,48.46
2007-05-16,75.2985
2007-05-17,66.9655
2007-05-18,77.6355
2007-05-19,82.3875
2007-05-20,85.0535
2007-05-21,73.72
2007-05-22,72.236496
2007-05-23,68.7345
2007-05-24,68.4695
2007-05-25,71.866
2007-05-26,70.037
2007-05-27,77.068
2007-05-28,65.321495
2007-05-29,73.0345
2007-05-30,76.089
2007-05-31,85.410995
2007-06-01,81.2715
2007-06-02,84.4085
2007-06-03,74.407
2007-06-04,71.2595
2007-06-05,75.547
2007-06-06,69.187996
2007-06-07,53.7835
2007-06-08,53.2585
2007-06-09,59.265
2007-06-10,70.6235
2007-06-11,71.0185
2007-06-12,65.3875
2007-06-13,65.3735
2007-06-14,71.974
2007-06-15,66.736496
2007-06-16,72.9245
2007-06-17,68.1785
2007-06-18,66.239
2007-06-19,68.278496
2007-06-20,66.1935
2007-06-21,59.1445
2007-06-22,71.252495
2007-06-23,71.9915
2007-06-24,57.718998
2007-06-25,60.7855
2007-06-26,54.492
2007-06-27,54.605
2007-06-28,52.8565
2007-06-29,61.531
2007-06-30,63.1885
2007-07-01,63.962498
2007-07-02,56.1345
2007-07-03,65.326996
2007-07-04,75.24
2007-07-05,76.9805
2007-07-06,64.7325
2007-07-07,58.468
2007-07-08,59.269
2007-07-09,63.086
2007-07-10,72.0895
2007-07-11,83.3655
2007-07-12,73.9105
2007-07-13,69.621
2007-07-14,68.158
2007-07-15,62.925
2007-07-16,59.7155
2007-07-17,54.5305
2007-07-18,51.9885
2007-07-19,50.197
2007-07-20,54.116997
2007-07-21,55.419
2007-07-22,52.461
2007-07-23,54.082
2007-07-24,51.861
2007-07-25,57.244
2007-07-26,54.9675
2007-07-27,56.7155
2007-07-28,58.184998
2007-07-29,60.19
2007-07-30,71.4655
2007-07-31,63.833
2007-08-01,71.028496
2007-08-02,63.704998
2007-08-03,58.7595
2007-08-04,86.8475
2007-08-05,82.007996
2007-08-06,83.154
2007-08-07,80.455
2007-08-08,73.0275
2007-08-09,72.2675
2007-08-10,75.6705
2007-08-11,82.3515
2007-08-12,80.4155
2007-08-13,85.13
2007-08-14,75.5305
2007-08-15,69.3525
2007-08-16,62.106
2007-08-17,69.574
2007-08-18,80.141
2007-08-19,74.79
2007-08-20,68.842995
2007-08-21,70.959496
2007-08-22,67.937
2007-08-23,60.4675
2007-08-24,56.6305
2007-08-25,62.5405
2007-08-26,66.3745
2007-08-27,71.76
2007-08-28,69.368996
2007-08-29,68.446
2007-08-30,72.559
2007-08-31,70.8885
2007-09-01,78.4675
2007-09-02,73.45
2007-09-03,69.7455
2007-09-04,86.108
2007-09-05,91.73222
2007-09-06,78.5875
2007-09-07,78.472
2007-09-08,81.4125
2007-09-09,85.4375
2007-09-10,77.284996
2007-09-11,88.804
2007-09-12,82.486496
2007-09-13,77.958496
2007-09-14,76.711
2007-09-15,75.5325
2007-09-16,65.147995
2007-09-17,67.3975
2007-09-18,71.389
2007-09-19,80.243
2007-09-20,82.388
2007-09-21,77.7025
2007-09-22,72.208
2007-09-23,73.011
2007-09-24,74.417
2007-09-25,72.799995
2007-09-26,80.2135
2007-09-27,73.798
2007-09-28,80.192
2007-09-29,77.404495
2007-09-30,75.479
2007-10-01,70.882996
2007-10-02,68.557
2007-10-03,75.4625
2007-10-04,69.011
2007-10-05,81.275
2007-10-06,83.642
2007-10-07,87.03158
2007-10-08,87.6995
2007-10-09,85.9755
2007-10-10,78.6875
2007-10-11,81.89
2007-10-12,84.3295
2007-10-13,76.3515
2007-10-14,74.1245
2007-10-15,70.6435
2007-10-16,65.8375
2007-10-17,65.7595
2007-10-18,70.7475
2007-10-19,86.08211
2007-10-20,85.921
2007-10-21,86.222496
2007-10-22,87.9495
2007-10-23,88.73631
2007-10-24,89.48647
2007-10-25,90.52571
2007-10-26,89.72667
2007-10-27,86.611
2007-10-28,87.9805
2007-10-29,90.02563
2007-10-30,86.44684
2007-10-31,92.34333
2007-11-01,82.395
2007-11-02,84.239
2007-11-03,81.3745
2007-11-04,88.7105
2007-11-05,84.908
2007-11-06,75.695496
2007-11-07,87.021
2007-11-08,87.372
2007-11-09,82.4185
2007-11-10,85.385
2007-11-11,77.864
2007-11-12,86.9655
2007-11-13,80.9145
2007-11-14,71.3315
2007-11-15,87.410995
2007-11-16,87.78895
2007-11-17,89.712776
2007-11-18,87.948
2007-11-19,88.17294
2007-11-20,81.2305
2007-11-21,72.278496
2007-11-22,78.053
2007-11-23,79.479
2007-11-24,82.9345
2007-11-25,86.837
2007-11-26,85.814735
2007-11-27,76.0215
2007-11-28,75.442
2007-11-29,77.274994
2007-11-30,80.698
2007-12-01,85.783
2007-12-02,86.814735
2007-12-03,82.9385
2007-12-04,84.601
2007-12-05,83.7635
2007-12-06,84.542
2007-12-07,84.04421
2007-12-08,91.22
2007-12-09,92.49133
2007-12-10,88.708336
2007-12-11,88.776
2007-12-12,87.0475
2007-12-13,75.6345
2007-12-14,78.3135
2007-12-15,84.569
2007-12-16,87.681
2007-12-17,82.223
2007-12-18,85.344
2007-12-19,83.57611
2007-12-20,73.206
2007-12-21,78.937996
2007-12-22,77.673996
2007-12-23,80.62263
2007-12-24,83.2721
2007-12-25,84.28313
2007-12-26,84.78895
2007-12-27,87.6105
2007-12-28,86.978424
2007-12-29,82.74389
2007-12-30,86.615
2007-12-31,88.15369
2008-01-01,87.903
2008-01-02,85.583
2008-01-03,79.2675
2008-01-04,74.9915
2008-01-05,65.655
2008-01-06,80.7605
2008-01-07,87.89
2008-01-08,91.42083
2008-01-09,88.55647
2008-01-10,84.979996
2008-01-11,78.1775
2008-01-12,76.781
2008-01-13,81.2515
2008-01-14,78.0915
2008-01-15,82.487
2008-01-16,79.11211
2008-01-17,78.238
2008-01-18,84.6345
2008-01-19,91.43
2008-01-20,89.994736
2008-01-21,80.5165
2008-01-22,79.999
2008-01-23,77.514
2008-01-24,78.6325
2008-01-25,77.530495
2008-01-26,70.733
2008-01-27,71.34947
2008-01-28,75.85
2008-01-29,76.417
2008-01-30,77.506
2008-01-31,85.149
2008-02-01,83.59263
2008-02-02,86.8205
2008-02-03,82.664
2008-02-04,88.63421
2008-02-05,91.111664
2008-02-06,91.86857
2008-02-07,93.533844
2008-02-08,83.961
2008-02-09,75.1855
2008-02-10,77.157
2008-02-11,78.333496
2008-02-12,75.856
2008-02-13,81.6775
2008-02-14,77.203995
2008-02-15,76.126
2008-02-16,80.305
2008-02-17,65.807495
2008-02-18,66.335
2008-02-19,78.985
2008-02-20,77.613
2008-02-21,76.551
2008-02-22,75.1465
2008-02-23,70.0245
2008-02-24,65.547
2008-02-25,59.592
2008-02-26,66.9135
2008-02-27,74.8385
2008-02-28,61.86
2008-02-29,73.9025
2008-03-01,82.4145
2008-03-02,72.3305
2008-03-03,67.366
2008-03-04,72.988
2008-03-05,79.3275
2008-03-06,74.8145
2008-03-07,72.6765
2008-03-08,83.395996
2008-03-09,89.15
2008-03-10,80.4545
2008-03-11,75.3965
2008-03-12,78.3175
2008-03-13,72.8655
2008-03-14,65.6865
2008-03-15,68.619995
2008-03-16,69.1745
2008-03-17,81.9345
2008-03-18,66.7985
2008-03-19,68.2175
2008-03-20,65.6515
2008-03-21,66.5235
2008-03-22,73.4855
2008-03-23,77.9745
2008-03-24,82.333496
2008-03-25,76.4285
2008-03-26,72.1465
2008-03-27,68.016495
2008-03-28,69.641
2008-03-29,58.7975
2008-03-30,67.8695
2008-03-31,59.884
2008-04-01,79.4275
2008-04-02,81.889
2008-04-03,76.427
2008-04-04,78.853
2008-04-05,90.71889
2008-04-06,91.43643
2008-04-07,82.0195
2008-04-08,65.139496
2008-04-09,72.3005
2008-04-10,76.5
2008-04-11,73.918
2008-04-12,81.6695
2008-04-13,78.375496
2008-04-14,74.0965
2008-04-15,76.8685
2008-04-16,78.3675
2008-04-17,66.0025
2008-04-18,75.141
2008-04-19,82.9825
2008-04-20,75.0655
2008-04-21,68.3055
2008-04-22,80.8555
2008-04-23,73.9995
2008-04-24,68.8985
2008-04-25,67.127
2008-04-26,60.7645
2008-04-27,54.4375
2008-04-28,62.4875
2008-04-29,75.746
2008-04-30,75.7065
2008-05-01,77.5185
2008-05-02,82.59
2008-05-03,79.1295
2008-05-04,86.326
2008-05-05,82.62
2008-05-06,73.5065
2008-05-07,65.0165
2008-05-08,70.7055
2008-05-09,74.784
2008-05-10,68.0385
2008-05-11,70.4025
2008-05-12,71.002
2008-05-13,68.3705
2008-05-14,71.1425
2008-05-15,67.309
2008-05-16,70.811
2008-05-17,72.487
2008-05-18,71.4645
2008-05-19,76.89
2008-05-20,87.093
2008-05-21,76.979
2008-05-22,90.943886
2008-05-23,85.5285
2008-05-24,81.4595
2008-05-25,75.119995
2008-05-26,64.7625
2008-05-27,68.7
2008-05-28,62.8145
2008-05-29,54.288
2008-05-30,60.4995
2008-05-31,69.983
2008-06-01,68.659996
2008-06-02,62.435497
2008-06-03,63.9855
2008-06-04,67.175995
2008-06-05,81.8715
2008-06-06,89.249
2008-06-07,89.19444
2008-06-08,79.218
2008-06-09,74.542496
2008-06-10,72.157
2008-06-11,75.362495
2008-06-12,89.256
2008-06-13,92.84556
2008-06-14,84.938
2008-06-15,87.526
2008-06-16,78.534
2008-06-17,82.618
2008-06-18,89.54263
2008-06-19,80.826
2008-06-20,74.059
2008-06-21,72.227
2008-06-22,72.207
2008-06-23,74.574
2008-06-24,74.532
2008-06-25,67.2805
2008-06-26,72.467995
2008-06-27,84.3595
2008-06-28,73.24
2008-06-29,69.8235
2008-06-30,79.394
2008-07-01,74.158
2008-07-02,64.264
2008-07-03,63.036
2008-07-04,79.143
2008-07-05,73.7255
2008-07-06,66.33
2008-07-07,67.1335
2008-07-08,74.9235
2008-07-09,73.306
2008-07-10,67.2245
2008-07-11,67.317
2008-07-12,60.328
2008-07-13,58.164497
2008-07-14,76.577
2008-07-15,91.50105
2008-07-16,85.6715
2008-07-17,75.533
2008-07-18,87.3735
2008-07-19,79.1315
2008-07-20,69.1005
2008-07-21,81.798
2008-07-22,86.83945
2008-07-23,88.93823
2008-07-24,90.0755
2008-07-25,84.6215
2008-07-26,85.5335
2008-07-27,73.006996
2008-07-28,75.6925
2008-07-29,74.473
2008-07-30,67.875496
2008-07-31,69.2045
2008-08-01,71.942
2008-08-02,69.521996
2008-08-03,78.644
2008-08-04,72.84
2008-08-05,73.164
2008-08-06,65.587
2008-08-07,71.500496
2008-08-08,69.9395
2008-08-09,88.8475
2008-08-10,80.1745
2008-08-11,65.994
2008-08-12,63.539497
2008-08-13,69.138
2008-08-14,76.429
2008-08-15,57.571
2008-08-16,59.153
2008-08-17,70.7885
2008-08-18,68.29
2008-08-19,67.9065
2008-08-20,63.41
2008-08-21,66.366
2008-08-22,64.513
2008-08-23,61.5915
2008-08-24,84.986
2008-08-25,74.0395
2008-08-26,74.671
2008-08-27,73.056496
2008-08-28,74.2955
2008-08-29,79.028
2008-08-30,68.251
2008-08-31,71.9195
2008-09-01,76.4275
2008-09-02,67.3935
2008-09-03,66.03
2008-09-04,55.264
2008-09-05,58.2225
2008-09-06,59.003498
2008-09-07,55.024998
2008-09-08,77.8095
2008-09-09,75.029495
2008-09-10,72.3715
2008-09-11,73.4265
2008-09-12,78.981
2008-09-13,78.9565
2008-09-14,82.1075
2008-09-15,94.365715
2008-09-16,93.11444
2008-09-17,93.072495
2008-09-18,89.45588
2008-09-19,91.5075
2008-09-20,91.948235
2008-09-21,88.944
2008-09-22,88.059
2008-09-23,91.129
2008-09-24,86.99
2008-09-25,88.69833
2008-09-26,82.3455
2008-09-27,82.185
2008-09-28,82.9365
2008-09-29,79.458
2008-09-30,77.541
2008-10-01,75.9345
2008-10-02,77.6515
2008-10-03,93.65875
2008-10-04,92.56111
2008-10-05,89.713684
2008-10-06,80.11
2008-10-07,82.399
2008-10-08,87.88789
2008-10-09,85.97211
2008-10-10,87.9885
2008-10-11,83.127
2008-10-12,76.826
2008-10-13,80.385
2008-10-14,84.5275
2008-10-15,86.959
2008-10-16,85.111496
2008-10-17,84.5155
2008-10-18,83.297
2008-10-19,83.7945
2008-10-20,80.835
2008-10-21,81.590996
2008-10-22,78.9055
2008-10-23,89.93895
2008-10-24,90.2685
2008-10-25,91.66643
2008-10-26,89.8125
2008-10-27,84.351
2008-10-28,80.47
2008-10-29,72.5945
2008-10-30,71.166
2008-10-31,80.019
2008-11-01,71.11
2008-11-02,79.979996
2008-11-03,89.94611
2008-11-04,87.13294
2008-11-05,84.86706
2008-11-06,86.835
2008-11-07,83.391
2008-11-08,76.8295
2008-11-09,75.421
2008-11-10,76.265
2008-11-11,81.5525
2008-11-12,81.0435
2008-11-13,82.389496
2008-11-14,91.03647
2008-11-15,89.78579
2008-11-16,91.65929
2008-11-17,83.22789
2008-11-18,79.6895
2008-11-19,88.73106
2008-11-20,82.1445
2008-11-21,81.824
2008-11-22,81.885
2008-11-23,79.873
2008-11-24,68.501
2008-11-25,90.60647
2008-11-26,89.49263
2008-11-27,90.76278
2008-11-28,85.223
2008-11-29,87.161766
2008-11-30,87.65444
2008-12-01,81.0225
2008-12-02,86.212105
2008-12-03,91.20917
2008-12-04,90.747696
2008-12-05,77.485
2008-12-06,86.11
2008-12-07,89.96357
2008-12-08,79.64632
2008-12-09,86.78
2008-12-10,79.028
2008-12-11,74.4515
2008-12-12,75.2475
2008-12-13,84.155
2008-12-14,85.47125
2008-12-15,87.21471
2008-12-16,83.824
2008-12-17,84.29
2008-12-18,93.24143
2008-12-19,93.0175
2008-12-20,92.76363
2008-12-21,92.562
2008-12-22,89.93154
2008-12-23,85.65
2008-12-24,77.504
2008-12-25,88.59706
2008-12-26,85.50474
2008-12-27,86.61588
2008-12-28,86.363
2008-12-29,88.39562
2008-12-30,88.388885
2008-12-31,89.60384
2009-01-01,87.955
2009-01-02,88.21714
2009-01-03,84.441055
2009-01-04,87.064285
2009-01-05,91.52765
2009-01-06,87.57176
2009-01-07,88.28555
2009-01-08,85.4275
2009-01-09,79.2915
2009-01-10,77.9475
2009-01-11,79.233
2009-01-12,81.54
2009-01-13,82.88684
2009-01-14,80.2245
2009-01-15,92.253075
2009-01-16,89.83583
2009-01-17,77.647896
2009-01-18,86.116844
2009-01-19,88.388824
2009-01-20,87.95
2009-01-21,84.571
2009-01-22,91.91538
2009-01-23,89.98923
2009-01-24,92.5375
2009-01-25,91.5625
2009-01-26,90.233
2009-01-27,90.811005
2009-01-28,91.179
2009-01-29,88.92842
2009-01-30,86.692635
2009-01-31,88.4155
2009-02-01,87.46764
2009-02-02,84.93278
2009-02-03,85.905266
2009-02-04,88.27875
2009-02-05,87.010666
2009-02-06,85.488945
2009-02-07,76.5225
2009-02-08,83.619995
2009-02-09,89.705
2009-02-10,83.935555
2009-02-11,89.00833
2009-02-12,86.71
2009-02-13,93.344444
2009-02-14,93.595
2009-02-15,87.615
2009-02-16,88.719444
2009-02-17,91.79813
2009-02-18,87.05421
2009-02-19,88.793335
2009-02-20,88.2315
2009-02-21,86.4975
2009-02-22,85.3495
2009-02-23,86.3905
2009-02-24,77.184
2009-02-25,87.54105
2009-02-26,86.9
2009-02-27,90.96625
2009-02-28,89.99643
2009-03-01,84.176
2009-03-02,80.4955
2009-03-03,81.784996
2009-03-04,85.45263
2009-03-05,84.844734
2009-03-06,88.70158
2009-03-07,90.37556
2009-03-08,91.34947
2009-03-09,88.597
2009-03-10,83.395
2009-03-11,82.0885
2009-03-12,86.543
2009-03-13,88.92
2009-03-14,78.0385
2009-03-15,67.637
2009-03-16,88.64316
2009-03-17,82.384
2009-03-18,80.243996
2009-03-19,75.309
2009-03-20,85.2525
2009-03-21,75.0765
2009-03-22,75.7665
2009-03-23,78.6845
2009-03-24,73.8655
2009-03-25,77.4245
2009-03-26,70.0365
2009-03-27,68.9845
2009-03-28,56.627
2009-03-29,71.0165
2009-03-30,89.30368
2009-03-31,82.4055
2009-04-01,83.0585
2009-04-02,70.724
2009-04-03,63.815998
2009-04-04,64.85
2009-04-05,59.249
2009-04-06,58.3555
2009-04-07,60.223
2009-04-08,64.525
2009-04-09,62.5345
2009-04-10,68.2805
2009-04-11,75.8925
2009-04-12,75.6595
2009-04-13,79.597496
2009-04-14,78.317
2009-04-15,66.0665
2009-04-16,63.876
2009-04-17,64.965
2009-04-18,75.487
2009-04-19,68.077995
2009-04-20,68.987495
2009-04-21,63.475998
2009-04-22,66.853
2009-04-23,70.754
2009-04-24,58.546497
2009-04-25,59.898
2009-04-26,62.2685
2009-04-27,53.012497
2009-04-28,43.922997
2009-04-29,53.0765
2009-04-30,67.218
2009-05-01,69.1565
2009-05-02,67.2875
2009-05-03,65.097496
2009-05-04,70.666
2009-05-05,72.1925
2009-05-06,65.643
2009-05-07,56.9755
2009-05-08,60.108498
2009-05-09,66.4165
2009-05-10,60.2025
2009-05-11,67.7715
2009-05-12,67.9135
2009-05-13,70.799995
2009-05-14,70.838
2009-05-15,61.85
2009-05-16,69.0025
2009-05-17,65.097496
2009-05-18,63.6275
2009-05-19,69.917
2009-05-20,71.8185
2009-05-21,65.3025
2009-05-22,61.427
2009-05-23,63.5085
2009-05-24,64.1505
2009-05-25,62.5575
2009-05-26,63.6185
2009-05-27,69.0105
2009-05-28,77.532
2009-05-29,83.462
2009-05-30,84.98
2009-05-31,83.0235
2009-06-01,81.28
2009-06-02,87.105
2009-06-03,77.322
2009-06-04,68.0085
2009-06-05,72.223495
2009-06-06,81.8855
2009-06-07,65.3385
2009-06-08,75.85
2009-06-09,65.2605
2009-06-10,67.5625
2009-06-11,80.146996
2009-06-12,72.7355
2009-06-13,65.8375
2009-06-14,54.996998
2009-06-15,64.6985
2009-06-16,65.8675
2009-06-17,66.1215
2009-06-18,67.309
2009-06-19,60.330498
2009-06-20,77.909
2009-06-21,92.75091
2009-06-22,90.97222
2009-06-23,82.831
2009-06-24,76.9625
2009-06-25,80.237495
2009-06-26,80.792
2009-06-27,83.7315
2009-06-28,73.659996
2009-06-29,76.411995
2009-06-30,78.6015
2009-07-01,69.6795
2009-07-02,70.539
2009-07-03,79.562996
2009-07-04,81.7755
2009-07-05,76.335
2009-07-06,76.019
2009-07-07,83.8325
2009-07-08,69.595
2009-07-09,70.2255
2009-07-10,73.2485
2009-07-11,82.4215
2009-07-12,77.1095
2009-07-13,67.456
2009-07-14,66.8735
2009-07-15,57.161
2009-07-16,76.199
2009-07-17,71.4435
2009-07-18,64.8815
2009-07-19,82.772
2009-07-20,69.802
2009-07-21,67.9105
2009-07-22,58.6335
2009-07-23,61.152
2009-07-24,65.295
2009-07-25,80.434
2009-07-26,72.458496
2009-07-27,66.352
2009-07-28,63.328
2009-07-29,69.8845
2009-07-30,69.258995
2009-07-31,72.1145
2009-08-01,63.8825
2009-08-02,66.069496
2009-08-03,68.116
2009-08-04,67.973495
2009-08-05,86.7825
2009-08-06,86.6879
2009-08-07,75.563995
2009-08-08,72.68
2009-08-09,65.1345
2009-08-10,70.076996
2009-08-11,75.4895
2009-08-12,82.1865
2009-08-13,81.325
2009-08-14,76.410995
2009-08-15,73.265
2009-08-16,71.4445
2009-08-17,69.6645
2009-08-18,69.506996
2009-08-19,62.219498
2009-08-20,62.201
2009-08-21,69.359
2009-08-22,70.252495
2009-08-23,84.3565
2009-08-24,80.466995
2009-08-25,69.854
2009-08-26,64.261
2009-08-27,63.4425
2009-08-28,66.615
2009-08-29,76.987
2009-08-30,80.038
2009-08-31,71.9355
2009-09-01,67.1345
2009-09-02,57.325497
2009-09-03,55.9115
2009-09-04,72.2865
2009-09-05,79.8725
2009-09-06,77.8745
2009-09-07,80.2245
2009-09-08,79.4
2009-09-09,72.8175
2009-09-10,63.5845
2009-09-11,60.6365
2009-09-12,71.8055
2009-09-13,84.336
2009-09-14,77.3805
2009-09-15,69.5475
2009-09-16,64.6985
2009-09-17,81.6705
2009-09-18,82.8535
2009-09-19,71.717
2009-09-20,70.3365
2009-09-21,68.9125
2009-09-22,70.873
2009-09-23,68.565
2009-09-24,76.2215
2009-09-25,71.173996
2009-09-26,76.0
2009-09-27,75.433
2009-09-28,75.135
2009-09-29,74.7475
2009-09-30,69.772995
2009-10-01,80.022995
2009-10-02,77.751
2009-10-03,86.2625
2009-10-04,77.513
2009-10-05,77.963
2009-10-06,77.4415
2009-10-07,75.6615
2009-10-08,73.147995
2009-10-09,79.325
2009-10-10,78.4815
2009-10-11,91.825386
2009-10-12,86.3885
2009-10-13,90.78125
2009-10-14,87.54
2009-10-15,89.75166
2009-10-16,91.08
2009-10-17,89.803
2009-10-18,92.998
2009-10-19,91.32636
2009-10-20,90.97692
2009-10-21,83.135
2009-10-22,76.1745
2009-10-23,86.897224
2009-10-24,89.72211
2009-10-25,92.42928
2009-10-26,91.049416
2009-10-27,88.87294
2009-10-28,85.221
2009-10-29,85.851
2009-10-30,86.6475
2009-10-31,77.8785
2009-11-01,73.7945
2009-11-02,77.3905
2009-11-03,81.1125
2009-11-04,86.691
2009-11-05,91.15857
2009-11-06,89.6485
2009-11-07,91.421425
2009-11-08,92.15143
2009-11-09,91.11083
2009-11-10,91.155
2009-11-11,92.4325
2009-11-12,88.93533
2009-11-13,85.18895
2009-11-14,80.774734
2009-11-15,93.54357
2009-11-16,91.57
2009-11-17,90.297646
2009-11-18,89.627335
2009-11-19,82.1035
2009-11-20,84.3395
2009-11-21,80.8225
2009-11-22,83.893
2009-11-23,90.47667
2009-11-24,90.69941
2009-11-25,84.5385
2009-11-26,85.96263
2009-11-27,84.1295
2009-11-28,89.084
2009-11-29,84.062775
2009-11-30,78.6175
2009-12-01,69.84
2009-12-02,86.60158
2009-12-03,91.116
2009-12-04,89.744
2009-12-05,90.07
2009-12-06,86.62333
2009-12-07,88.5715
2009-12-08,91.13177
2009-12-09,93.421425
2009-12-10,91.604
2009-12-11,88.48533
2009-12-12,79.1065
2009-12-13,81.4645
2009-12-14,81.2325
2009-12-15,85.842224
2009-12-16,89.80789
2009-12-17,90.65833
2009-12-18,87.90125
2009-12-19,85.4421
2009-12-20,91.051765
2009-12-21,78.433685
2009-12-22,83.80789
2009-12-23,88.422775
2009-12-24,88.44857
2009-12-25,90.01875
2009-12-26,80.9025
2009-12-27,89.759415
2009-12-28,87.60316
2009-12-29,80.7415
2009-12-30,90.77917
2009-12-31,91.986664
2010-01-01,91.15
2010-01-02,90.86
2010-01-03,90.55231
2010-01-04,82.611
2010-01-05,83.38
2010-01-06,91.62929
2010-01-07,93.16182
2010-01-08,91.448
2010-01-09,87.278824
2010-01-10,91.807274
2010-01-11,90.18091
2010-01-12,93.26889
2010-01-13,91.056114
2010-01-14,90.961815
2010-01-15,92.450905
2010-01-16,91.844444
2010-01-17,91.6575
2010-01-18,91.082726
2010-01-19,92.08125
2010-01-20,90.26692
2010-01-21,87.7215
2010-01-22,88.528
2010-01-23,83.6055
2010-01-24,79.391
2010-01-25,80.7625
2010-01-26,79.7885
2010-01-27,79.173
2010-01-28,87.26158
2010-01-29,90.077
2010-01-30,81.4085
2010-01-31,91.435
2010-02-01,88.41052
2010-02-02,85.5485
2010-02-03,81.0225
2010-02-04,84.5675
2010-02-05,82.8225
2010-02-06,81.625496
2010-02-07,89.97158
2010-02-08,85.292
2010-02-09,81.9205
2010-02-10,81.17579
2010-02-11,91.110664
2010-02-12,92.13467
2010-02-13,92.02333
2010-02-14,89.996
2010-02-15,89.49353
2010-02-16,84.3645
2010-02-17,85.94625
2010-02-18,89.335
2010-02-19,84.5875
2010-02-20,91.21389
2010-02-21,84.174995
2010-02-22,78.656
2010-02-23,74.309
2010-02-24,88.50667
2010-02-25,91.53786
2010-02-26,86.08369
2010-02-27,91.87909
2010-02-28,87.016
2010-03-01,79.2615
2010-03-02,75.8285
2010-03-03,77.098495
2010-03-04,86.8605
2010-03-05,82.266
2010-03-06,80.924
2010-03-07,81.6885
2010-03-08,81.0075
2010-03-09,75.599495
2010-03-10,78.9095
2010-03-11,88.439285
2010-03-12,91.16583
2010-03-13,88.2515
2010-03-14,86.3435
2010-03-15,74.570496
2010-03-16,75.840996
2010-03-17,72.205
2010-03-18,71.4285
2010-03-19,66.861
2010-03-20,61.2235
2010-03-21,71.974
2010-03-22,69.6995
2010-03-23,78.655
2010-03-24,70.1685
2010-03-25,65.0725
2010-03-26,70.422
2010-03-27,72.652
2010-03-28,81.365
2010-03-29,69.335
2010-03-30,62.073997
2010-03-31,74.68
2010-04-01,79.007996
2010-04-02,76.043
2010-04-03,71.548
2010-04-04,64.1845
2010-04-05,72.6285
2010-04-06,89.94294
2010-04-07,81.327995
2010-04-08,78.050995
2010-04-09,70.9225
2010-04-10,79.6175
2010-04-11,80.659
2010-04-12,64.825
2010-04-13,67.146996
2010-04-14,85.67941
2010-04-15,87.712
2010-04-16,88.0315
2010-04-17,74.9935
2010-04-18,59.5485
2010-04-19,89.566
2010-04-20,81.7465
2010-04-21,69.7465
2010-04-22,71.724
2010-04-23,67.2375
2010-04-24,71.2455
2010-04-25,62.817497
2010-04-26,62.725
2010-04-27,65.639496
2010-04-28,69.9155
2010-04-29,66.660995
2010-04-30,64.514
2010-05-01,62.207
2010-05-02,70.6805
2010-05-03,72.034996
2010-05-04,76.849
2010-05-05,78.9545
2010-05-06,91.665
2010-05-07,85.645996
2010-05-08,80.9965
2010-05-09,85.653
2010-05-10,82.8065
2010-05-11,69.156
2010-05-12,83.82
2010-05-13,80.031
2010-05-14,83.2345
2010-05-15,84.859
2010-05-16,87.366
2010-05-17,86.117004
2010-05-18,88.15632
2010-05-19,88.2279
2010-05-20,85.546844
2010-05-21,79.0035
2010-05-22,75.857
2010-05-23,77.668
2010-05-24,79.6615
2010-05-25,71.7255
2010-05-26,80.868
2010-05-27,77.3725
2010-05-28,78.8835
2010-05-29,86.47
2010-05-30,79.729996
2010-05-31,86.72737
2010-06-01,89.97158
2010-06-02,75.8
2010-06-03,85.332
2010-06-04,92.545
2010-06-05,72.7715
2010-06-06,71.859
2010-06-07,68.5985
2010-06-08,72.509
2010-06-09,72.2385
2010-06-10,65.903
2010-06-11,66.1645
2010-06-12,67.152
2010-06-13,75.534996
2010-06-14,79.853
2010-06-15,83.029
2010-06-16,84.022
2010-06-17,73.837
2010-06-18,79.4565
2010-06-19,87.5365
2010-06-20,91.725
2010-06-21,88.95611
2010-06-22,87.493
2010-06-23,72.092
2010-06-24,80.7975
2010-06-25,82.566
2010-06-26,90.29412
2010-06-27,87.216
2010-06-28,77.643
2010-06-29,79.86
2010-06-30,80.1745
2010-07-01,74.3255
2010-07-02,72.4545
2010-07-03,78.2855
2010-07-04,75.5175
2010-07-05,85.289
2010-07-06,79.9955
2010-07-07,89.38
2010-07-08,80.1225
2010-07-09,72.6575
2010-07-10,75.805
2010-07-11,76.5805
2010-07-12,84.056
2010-07-13,83.1015
2010-07-14,78.2535
2010-07-15,78.08
2010-07-16,72.9565
2010-07-17,75.5255
2010-07-18,75.868
2010-07-19,87.333496
2010-07-20,82.523
2010-07-21,79.004
2010-07-22,79.378
2010-07-23,73.1805
2010-07-24,75.9385
2010-07-25,93.85286
2010-07-26,89.318886
2010-07-27,93.865
2010-07-28,90.4479
2010-07-29,80.9795
2010-07-30,69.267
2010-07-31,79.216995
2010-08-01,82.76
2010-08-02,70.769
2010-08-03,65.1305
2010-08-04,88.59
2010-08-05,85.8945
2010-08-06,79.129
2010-08-07,77.216995
2010-08-08,80.2045
2010-08-09,81.374
2010-08-10,75.9075
2010-08-11,74.86549
2010-08-12,76.353
2010-08-13,83.6595
2010-08-14,72.892
2010-08-15,74.3155
2010-08-16,79.148
2010-08-17,83.0105
2010-08-18,73.8975
2010-08-19,74.5345
2010-08-20,73.553
2010-08-21,75.07
2010-08-22,72.679504
2010-08-23,66.487
2010-08-24,70.4075
2010-08-25,78.984
2010-08-26,73.459
2010-08-27,66.879
2010-08-28,86.792496
2010-08-29,80.405
2010-08-30,77.569496
2010-08-31,84.322
2010-09-01,88.02579
2010-09-02,72.375496
2010-09-03,78.177
2010-09-04,82.8785
2010-09-05,88.633156
2010-09-06,82.46
2010-09-07,80.8365
2010-09-08,79.79211
2010-09-09,87.9765
2010-09-10,90.59947
2010-09-11,87.188
2010-09-12,83.365
2010-09-13,81.4375
2010-09-14,80.251495
2010-09-15,75.2215
2010-09-16,81.0825
2010-09-17,86.45647
2010-09-18,82.8595
2010-09-19,88.59
2010-09-20,77.406
2010-09-21,75.8685
2010-09-22,78.926994
2010-09-23,78.6725
2010-09-24,72.358
2010-09-25,73.6365
2010-09-26,80.1225
2010-09-27,83.027
2010-09-28,76.475494
2010-09-29,86.914
2010-09-30,83.5965
2010-10-01,86.856
2010-10-02,87.9085
2010-10-03,81.35
2010-10-04,77.8075
2010-10-05,91.55643
2010-10-06,81.0945
2010-10-07,85.820496
2010-10-08,78.0885
2010-10-09,71.823
2010-10-10,76.6915
2010-10-11,80.2535
2010-10-12,83.5365
2010-10-13,81.551
2010-10-14,89.046
2010-10-15,89.130554
2010-10-16,91.66154
2010-10-17,90.21647
2010-10-18,91.1875
2010-10-19,92.71
2010-10-20,90.85
2010-10-21,81.644
2010-10-22,71.779
2010-10-23,69.734
2010-10-24,68.613
2010-10-25,80.937996
2010-10-26,90.78117
2010-10-27,86.3995
2010-10-28,84.5795
2010-10-29,78.8045
2010-10-30,76.6465
2010-10-31,74.779495
2010-11-01,67.348
2010-11-02,71.4955
2010-11-03,82.312996
2010-11-04,81.894
2010-11-05,77.1915
2010-11-06,80.2905
2010-11-07,81.2605
2010-11-08,78.1505
2010-11-09,80.8425
2010-11-10,85.069496
2010-11-11,87.8835
2010-11-12,87.87684
2010-11-13,78.8435
2010-11-14,82.3665
2010-11-15,75.361
2010-11-16,85.0415
2010-11-17,83.978424
2010-11-18,91.41055
2010-11-19,88.261
2010-11-20,90.88647
2010-11-21,86.246
2010-11-22,84.4575
2010-11-23,89.82278
2010-11-24,78.990524
2010-11-25,81.4965
2010-11-26,89.18895
2010-11-27,87.35555
2010-11-28,87.163155
2010-11-29,86.5575
2010-11-30,82.164
2010-12-01,90.08118
2010-12-02,92.25143
2010-12-03,92.01
2010-12-04,91.35928
2010-12-05,85.85737
2010-12-06,87.740524
2010-12-07,91.26375
2010-12-08,89.26714
2010-12-09,86.80111
2010-12-10,80.460495
2010-12-11,82.295
2010-12-12,89.170715
2010-12-13,90.903336
2010-12-14,90.039444
2010-12-15,88.194115
2010-12-16,89.75636
2010-12-17,90.9375
2010-12-18,84.375
2010-12-19,81.7915
2010-12-20,80.835495
2010-12-21,88.83437
2010-12-22,91.485
2010-12-23,90.1
2010-12-24,86.3565
2010-12-25,93.60833
2010-12-26,91.79727
2010-12-27,93.1725
2010-12-28,91.30625
2010-12-29,85.66778
2010-12-30,86.657776
2010-12-31,85.98
2011-01-01,90.180664
2011-01-02,91.42182
2011-01-03,89.93455
2011-01-04,79.21737
2011-01-05,81.494
2011-01-06,78.0795
2011-01-07,85.706314
2011-01-08,83.52579
2011-01-09,88.05334
2011-01-10,89.409996
2011-01-11,88.505295
2011-01-12,92.4975
2011-01-13,89.92
2011-01-14,90.3
2011-01-15,92.47455
2011-01-16,85.8875
2011-01-17,84.21236
2011-01-18,87.562225
2011-01-19,93.975
2011-01-20,93.935
2011-01-21,87.7875
2011-01-22,90.8655
2011-01-23,87.83882
2011-01-24,89.19556
2011-01-25,86.66842
2011-01-26,86.149475
2011-01-27,87.83833
2011-01-28,84.256
2011-01-29,81.16
2011-01-30,82.72369
2011-01-31,88.024704
2011-02-01,88.20706
2011-02-02,90.08
2011-02-03,87.51842
2011-02-04,90.37941
2011-02-05,91.15882
2011-02-06,87.01789
2011-02-07,81.8055
2011-02-08,84.925
2011-02-09,83.503334
2011-02-10,79.633
2011-02-11,80.6455
2011-02-12,72.1285
2011-02-13,72.6425
2011-02-14,74.0045
2011-02-15,74.4915
2011-02-16,61.008
2011-02-17,77.3695
2011-02-18,85.57
2011-02-19,91.302666
2011-02-20,90.69053
2011-02-21,84.46421
2011-02-22,84.4425
2011-02-23,87.528
2011-02-24,90.87727
2011-02-25,89.211876
2011-02-26,83.4515
2011-02-27,77.08
2011-02-28,86.044
2011-03-01,82.7215
2011-03-02,76.082
2011-03-03,85.621
2011-03-04,87.919
2011-03-05,86.471
2011-03-06,87.67737
2011-03-07,79.2475
2011-03-08,75.3145
2011-03-09,77.1915
2011-03-10,72.0915
2011-03-11,77.5745
2011-03-12,72.508995
2011-03-13,69.5745
2011-03-14,70.192
2011-03-15,87.42294
2011-03-16,67.779495
2011-03-17,85.17263
2011-03-18,86.04647
2011-03-19,93.28727
2011-03-20,91.42375
2011-03-21,79.1985
2011-03-22,71.658
2011-03-23,68.298
2011-03-24,59.8125
2011-03-25,59.1665
2011-03-26,67.845
2011-03-27,56.6205
2011-03-28,83.306
2011-03-29,85.3815
2011-03-30,75.043495
2011-03-31,69.821
2011-04-01,78.2625
2011-04-02,69.666
2011-04-03,66.242
2011-04-04,48.650497
2011-04-05,88.9525
2011-04-06,75.1585
2011-04-07,82.4805
2011-04-08,60.220497
2011-04-09,62.344498
2011-04-10,57.531998
2011-04-11,57.845497
2011-04-12,80.877
2011-04-13,87.06947
2011-04-14,87.305786
2011-04-15,79.7045
2011-04-16,74.7365
2011-04-17,68.757996
2011-04-18,60.869
2011-04-19,64.466995
2011-04-20,54.7655
2011-04-21,57.802998
2011-04-22,54.258
2011-04-23,55.281498
2011-04-24,63.344498
2011-04-25,53.7095
2011-04-26,31.95833
2011-04-27,54.0215
2011-04-28,64.95
2011-04-29,66.344
2011-04-30,62.717
2011-05-01,84.408
2011-05-02,85.3965
2011-05-03,78.2175
2011-05-04,78.518
2011-05-05,66.653
2011-05-06,57.982
2011-05-07,72.041
2011-05-08,70.212
2011-05-09,64.1585
2011-05-10,62.316498
2011-05-11,55.815998
2011-05-12,60.956497
2011-05-13,71.651
2011-05-14,61.736
2011-05-15,65.6005
2011-05-16,93.587776
2011-05-17,84.0675
2011-05-18,74.431
2011-05-19,65.313995
2011-05-20,67.253
2011-05-21,63.451
2011-05-22,65.476
2011-05-23,75.123
2011-05-24,73.5915
2011-05-25,72.114
2011-05-26,63.222
2011-05-27,73.476
2011-05-28,68.9075
2011-05-29,86.937004
2011-05-30,64.7955
2011-05-31,65.664
2011-06-01,52.943
2011-06-02,59.525
2011-06-03,67.839
2011-06-04,55.458
2011-06-05,61.413
2011-06-06,51.406498
2011-06-07,67.1995
2011-06-08,64.4795
2011-06-09,72.4805
2011-06-10,83.3675
2011-06-11,80.7435
2011-06-12,73.2985
2011-06-13,59.802
2011-06-14,57.205997
2011-06-15,59.8155
2011-06-16,55.8485
2011-06-17,62.4595
2011-06-18,68.374
2011-06-19,86.0355
2011-06-20,74.709496
2011-06-21,68.053
2011-06-22,63.240498
2011-06-23,69.675995
2011-06-24,78.246
2011-06-25,72.182
2011-06-26,52.41
2011-06-27,48.6855
2011-06-28,80.0325
2011-06-29,80.6845
2011-06-30,82.020996
2011-07-01,87.22823
2011-07-02,87.874
2011-07-03,81.802
2011-07-04,82.031
2011-07-05,81.577995
2011-07-06,86.435
2011-07-07,69.5205
2011-07-08,64.938995
2011-07-09,68.903
2011-07-10,62.246998
2011-07-11,61.6735
2011-07-12,74.751495
2011-07-13,67.7765
2011-07-14,63.07
2011-07-15,74.3855
2011-07-16,81.724
2011-07-17,70.784996
2011-07-18,68.8795
2011-07-19,62.483997
2011-07-20,71.9355
2011-07-21,78.464
2011-07-22,75.999
2011-07-23,68.3625
2011-07-24,88.4035
2011-07-25,85.127
2011-07-26,87.496315
2011-07-27,81.389
2011-07-28,65.9495
2011-07-29,88.23158
2011-07-30,92.95
2011-07-31,87.0815
2011-08-01,88.021576
2011-08-02,87.513
2011-08-03,75.9805
2011-08-04,74.9285
2011-08-05,81.1035
2011-08-06,77.6245
2011-08-07,79.2455
2011-08-08,74.5
2011-08-09,81.237
2011-08-10,77.317
2011-08-11,71.5015
2011-08-12,71.457
2011-08-13,77.567
2011-08-14,76.941
2011-08-15,81.176
2011-08-16,82.2435
2011-08-17,74.3005
2011-08-18,70.712
2011-08-19,65.7625
2011-08-20,57.234497
2011-08-21,55.3215
2011-08-22,63.117
2011-08-23,70.908
2011-08-24,62.899498
2011-08-25,63.586998
2011-08-26,65.3665
2011-08-27,60.062
2011-08-28,61.692497
2011-08-29,67.5235
2011-08-30,73.847
2011-08-31,68.07
2011-09-01,70.559
2011-09-02,77.6015
2011-09-03,72.034996
2011-09-04,67.945496
2011-09-05,74.7325
2011-09-06,89.7115
2011-09-07,80.275
2011-09-08,81.121
2011-09-09,68.7125
2011-09-10,74.819
2011-09-11,70.663
2011-09-12,67.0785
2011-09-13,69.331
2011-09-14,67.236496
2011-09-15,67.070496
2011-09-16,66.029
2011-09-17,72.276
2011-09-18,74.655
2011-09-19,45.6345
2011-09-20,78.881996
2011-09-21,80.6165
2011-09-22,79.562
2011-09-23,73.132996
2011-09-24,69.4305
2011-09-25,67.108
2011-09-26,67.194496
2011-09-27,61.862
2011-09-28,67.300995
2011-09-29,59.985
2011-09-30,70.6875
2011-10-01,68.5215
2011-10-02,67.195496
2011-10-03,68.3285
2011-10-04,74.5645
2011-10-05,74.3835
2011-10-06,79.5365
2011-10-07,68.017
2011-10-08,87.59055
2011-10-09,87.673
2011-10-10,80.1345
2011-10-11,90.43154
2011-10-12,86.08579
2011-10-13,87.308945
2011-10-14,89.60526
2011-10-15,81.4975
2011-10-16,75.6445
2011-10-17,71.2625
2011-10-18,70.307
2011-10-19,51.017
2011-10-20,75.3645
2011-10-21,91.63389
2011-10-22,91.836365
2011-10-23,84.902
2011-10-24,69.616
2011-10-25,68.844
2011-10-26,67.3645
2011-10-27,62.190998
2011-10-28,66.293
2011-10-29,72.4895
2011-10-30,75.1205
2011-10-31,72.798996
2011-11-01,76.9765
2011-11-02,77.8055
2011-11-03,77.8415
2011-11-04,75.472
2011-11-05,75.1915
2011-11-06,74.24526
2011-11-07,64.448
2011-11-08,77.6375
2011-11-09,80.145996
2011-11-10,71.8
2011-11-11,79.6905
2011-11-12,77.9285
2011-11-13,80.631996
2011-11-14,74.22
2011-11-15,76.891495
2011-11-16,74.487
2011-11-17,81.845
2011-11-18,85.52722
2011-11-19,86.244736
2011-11-20,80.111
2011-11-21,83.497
2011-11-22,77.722
2011-11-23,85.33
2011-11-24,89.627335
2011-11-25,91.4
2011-11-26,91.728
2011-11-27,87.931175
2011-11-28,87.06294
2011-11-29,85.877
2011-11-30,84.115265
2011-12-01,88.41857
2011-12-02,81.044
2011-12-03,87.02
2011-12-04,79.0945
2011-12-05,74.946
2011-12-06,78.660995
2011-12-07,88.12222
2011-12-08,88.112
2011-12-09,79.1505
2011-12-10,82.14632
2011-12-11,88.29632
2011-12-12,87.9465
2011-12-13,92.59857
2011-12-14,90.140526
2011-12-15,90.41534
2011-12-16,82.9145
2011-12-17,88.598946
2011-12-18,81.0645
2011-12-19,82.7485
2011-12-20,92.08111
2011-12-21,83.046
2011-12-22,91.668465
2011-12-23,86.609
2011-12-24,85.784
2011-12-25,92.39
2011-12-26,93.24167
2011-12-27,93.212
2011-12-28,91.98556
2011-12-29,90.95611
2011-12-30,86.872635
2011-12-31,92.52637
2012-01-01,88.178825
2012-01-02,76.979996
2012-01-03,89.43833
2012-01-04,85.89353
2012-01-05,79.3795
2012-01-06,90.6
2012-01-07,74.7595
2012-01-08,92.36875
2012-01-09,92.738335
2012-01-10,91.93667
2012-01-11,90.54437
2012-01-12,91.78714
2012-01-13,82.436
2012-01-14,83.78105
2012-01-15,84.5225
2012-01-16,79.863
2012-01-17,85.529
2012-01-18,84.043526
2012-01-19,85.575
2012-01-20,87.43263
2012-01-21,84.518
2012-01-22,86.85684
2012-01-23,83.8915
2012-01-24,91.46917
2012-01-25,81.1485
2012-01-26,85.56
2012-01-27,80.848495
2012-01-28,79.3175
2012-01-29,69.813995
2012-01-30,71.611496
2012-01-31,68.1855
2012-02-01,60.349
2012-02-02,72.076996
2012-02-03,79.173996
2012-02-04,89.26684
2012-02-05,85.777
2012-02-06,78.7395
2012-02-07,71.2825
2012-02-08,70.6235
2012-02-09,73.056
2012-02-10,73.773
2012-02-11,70.046
2012-02-12,73.0825
2012-02-13,82.003
2012-02-14,74.5925
2012-02-15,84.954
2012-02-16,82.944
2012-02-17,87.935
2012-02-18,91.329414
2012-02-19,81.3375
2012-02-20,92.442665
2012-02-21,84.0865
2012-02-22,87.2585
2012-02-23,92.24084
2012-02-24,94.71
2012-02-25,80.5905
2012-02-26,82.6179
2012-02-27,78.081
2012-02-28,76.1285
2012-02-29,85.16684
2012-03-01,70.7525
2012-03-02,84.91722
2012-03-03,60.616997
2012-03-04,72.569
2012-03-05,79.2355
2012-03-06,72.282
2012-03-07,71.807
2012-03-08,72.7705
2012-03-09,67.7795
2012-03-10,69.7445
2012-03-11,85.563
2012-03-12,63.3325
2012-03-13,82.8285
2012-03-14,74.848495
2012-03-15,53.189
2012-03-16,60.077
2012-03-17,52.795998
2012-03-18,51.741997
2012-03-19,64.02
2012-03-20,55.9475
2012-03-21,54.4855
2012-03-22,60.8885
2012-03-23,62.272
2012-03-24,66.92
2012-03-25,55.9155
2012-03-26,43.782497
2012-03-27,54.312
2012-03-28,53.317997
2012-03-29,52.3265
2012-03-30,73.066
2012-03-31,69.143
2012-04-01,74.4755
2012-04-02,61.852497
2012-04-03,57.4815
2012-04-04,59.063
2012-04-05,71.26
2012-04-06,79.726
2012-04-07,72.7865
2012-04-08,77.32
2012-04-09,67.7735
2012-04-10,69.7585
2012-04-11,58.639
2012-04-12,54.8655
2012-04-13,67.193
2012-04-14,86.115295
2012-04-15,88.694
2012-04-16,84.098885
2012-04-17,88.61421
2012-04-18,88.233
2012-04-19,84.757996
2012-04-20,81.435
2012-04-21,82.858
2012-04-22,67.1185
2012-04-23,68.975
2012-04-24,74.141495
2012-04-25,81.9415
2012-04-26,66.9625
2012-04-27,55.957497
2012-04-28,55.684
2012-04-29,56.699997
2012-04-30,57.5375
2012-05-01,52.474
2012-05-02,54.971
2012-05-03,57.755497
2012-05-04,69.2845
2012-05-05,75.23
2012-05-06,60.1305
2012-05-07,73.0355
2012-05-08,88.77529
2012-05-09,84.414
2012-05-10,69.211
2012-05-11,66.899
2012-05-12,59.401497
2012-05-13,85.989
2012-05-14,89.69056
2012-05-15,92.217224
2012-05-16,91.83667
2012-05-17,92.68
2012-05-18,80.780495
2012-05-19,79.1405
2012-05-20,77.303
2012-05-21,74.1475
2012-05-22,63.935997
2012-05-23,79.208496
2012-05-24,80.6555
2012-05-25,74.267
2012-05-26,74.032
2012-05-27,81.8885
2012-05-28,70.604996
2012-05-29,81.344
2012-05-30,75.1565
2012-05-31,71.394
2012-06-01,80.7915
2012-06-02,73.591995
2012-06-03,74.949
2012-06-04,73.9915
2012-06-05,89.353
2012-06-06,83.757
2012-06-07,76.665
2012-06-08,79.289
2012-06-09,74.5635
2012-06-10,83.217
2012-06-11,86.848495
2012-06-12,85.7165
2012-06-13,74.803
2012-06-14,79.191
2012-06-15,78.447
2012-06-16,69.574
2012-06-17,62.2575
2012-06-18,66.2195
2012-06-19,64.7595
2012-06-20,63.8765
2012-06-21,61.5785
2012-06-22,79.8735
2012-06-23,68.4505
2012-06-24,65.181496
2012-06-25,79.47
2012-06-26,68.256
2012-06-27,69.8445
2012-06-28,74.6035
2012-06-29,69.6165
2012-06-30,66.943
2012-07-01,53.48
2012-07-02,58.55
2012-07-03,59.723
2012-07-04,51.2175
2012-07-05,56.378
2012-07-06,56.776
2012-07-07,55.117
2012-07-08,58.024998
2012-07-09,69.6015
2012-07-10,70.0645
2012-07-11,64.438995
2012-07-12,75.2125
2012-07-13,63.662
2012-07-14,67.064
2012-07-15,74.083496
2012-07-16,79.354996
2012-07-17,71.853
2012-07-18,68.7765
2012-07-19,58.0725
2012-07-20,62.488
2012-07-21,68.6285
2012-07-22,78.4565
2012-07-23,64.904
2012-07-24,63.524498
2012-07-25,76.307495
2012-07-26,85.514496
2012-07-27,79.7185
2012-07-28,73.956
2012-07-29,60.3825
2012-07-30,90.5
2012-07-31,77.6155
2012-08-01,73.636
2012-08-02,66.2545
2012-08-03,58.3895
2012-08-04,64.7115
2012-08-05,61.228
2012-08-06,54.622997
2012-08-07,60.687
2012-08-08,51.493
2012-08-09,51.253
2012-08-10,60.302998
2012-08-11,69.4915
2012-08-12,83.5845
2012-08-13,79.611
2012-08-14,78.977
2012-08-15,70.8215
2012-08-16,69.6315
2012-08-17,61.134
2012-08-18,55.878
2012-08-19,64.205
2012-08-20,51.9315
2012-08-21,51.801
2012-08-22,55.872997
2012-08-23,56.526997
2012-08-24,49.915497
2012-08-25,51.927998
2012-08-26,50.544
2012-08-27,76.347
2012-08-28,54.111
2012-08-29,59.850998
2012-08-30,58.955498
2012-08-31,41.76
2012-09-01,27.683683
2012-09-02,54.5645
2012-09-03,60.5065
2012-09-04,63.2
2012-09-05,61.603
2012-09-06,78.652
2012-09-07,56.651
2012-09-08,60.3105
2012-09-09,63.44
2012-09-10,61.55
2012-09-11,62.6995
2012-09-12,46.0085
2012-09-13,47.416996
2012-09-14,82.499
2012-09-15,89.527
2012-09-16,78.264496
2012-09-17,68.5475
2012-09-18,69.1045
2012-09-19,66.7635
2012-09-20,93.74
2012-09-21,76.044
2012-09-22,74.7805
2012-09-23,70.5165
2012-09-24,69.1895
2012-09-25,82.447
2012-09-26,67.9405
2012-09-27,50.8485
2012-09-28,69.848495
2012-09-29,70.4935
2012-09-30,67.678
2012-10-01,78.741
2012-10-02,84.644
2012-10-03,94.06
2012-10-04,85.447
2012-10-05,74.612495
2012-10-06,65.1795
2012-10-07,81.4825
2012-10-08,82.066
2012-10-09,71.104996
2012-10-10,74.4575
2012-10-11,84.0455
2012-10-12,82.9155
2012-10-13,90.40706
2012-10-14,90.39895
2012-10-15,89.78313
2012-10-16,79.695
2012-10-17,78.388
2012-10-18,70.486
2012-10-19,65.172
2012-10-20,61.678497
2012-10-21,65.095
2012-10-22,76.183495
2012-10-23,77.6575
2012-10-24,80.9855
2012-10-25,87.12947
2012-10-26,74.9815
2012-10-27,79.4495
2012-10-28,91.62
2012-10-29,89.70143
2012-10-30,89.5153
2012-10-31,81.975
2012-11-01,87.627
2012-11-02,85.340996
2012-11-03,88.47444
2012-11-04,82.90211
2012-11-05,83.5555
2012-11-06,83.9765
2012-11-07,83.95526
2012-11-08,84.7155
2012-11-09,87.11056
2012-11-10,89.77333
2012-11-11,74.209496
2012-11-12,75.611496
2012-11-13,85.917366
2012-11-14,80.971054
2012-11-15,89.00875
2012-11-16,91.80785
2012-11-17,85.4965
2012-11-18,80.462776
2012-11-19,82.888
2012-11-20,89.10176
2012-11-21,90.231766
2012-11-22,91.90923
2012-11-23,90.111664
2012-11-24,90.120766
2012-11-25,89.69055
2012-11-26,86.992355
2012-11-27,85.82333
2012-11-28,88.17529
2012-11-29,84.53
2012-11-30,88.347694
2012-12-01,89.175
2012-12-02,93.06167
2012-12-03,90.99812
2012-12-04,82.888
2012-12-05,90.60812
2012-12-06,89.917336
2012-12-07,85.6875
2012-12-08,83.59526
2012-12-09,89.917336
2012-12-10,89.23316
2012-12-11,86.142944
2012-12-12,91.20571
2012-12-13,79.625
2012-12-14,75.2565
2012-12-15,78.655
2012-12-16,91.784164
2012-12-17,89.456665
2012-12-18,90.41765
2012-12-19,87.07
2012-12-20,77.6145
2012-12-21,86.58947
2012-12-22,91.031334
2012-12-23,84.58945
2012-12-24,86.36278
2012-12-25,80.1365
2012-12-26,87.43429
2012-12-27,92.60909
2012-12-28,90.94118
2012-12-29,80.341576
2012-12-30,87.7245
2012-12-31,90.33188
2013-01-01,84.694
2013-01-02,86.79235
2013-01-03,92.20778
2013-01-04,88.35778
2013-01-05,89.639
2013-01-06,76.4165
2013-01-07,65.1915
2013-01-08,65.201996
2013-01-09,83.955
2013-01-10,87.98556
2013-01-11,91.04143
2013-01-12,88.75444
2013-01-13,81.0375
2013-01-14,72.989
2013-01-15,89.25
2013-01-16,92.682
2013-01-17,88.24733
2013-01-18,88.85765
2013-01-19,90.38154
2013-01-20,88.73842
2013-01-21,87.2225
2013-01-22,91.38294
2013-01-23,90.19312
2013-01-24,89.01312
2013-01-25,87.97938
2013-01-26,87.3135
2013-01-27,84.089
2013-01-28,88.901764
2013-01-29,91.11188
2013-01-30,91.66167
2013-01-31,84.942
2013-02-01,78.8585
2013-02-02,86.58053
2013-02-03,93.2975
2013-02-04,88.9225
2013-02-05,85.307365
2013-02-06,81.175
2013-02-07,92.71714
2013-02-08,86.7945
2013-02-09,89.96467
2013-02-10,88.7855
2013-02-11,86.006
2013-02-12,70.509
2013-02-13,76.1195
2013-02-14,87.923
2013-02-15,86.36842
2013-02-16,90.22278
2013-02-17,81.951996
2013-02-18,78.358
2013-02-19,78.44947
2013-02-20,88.89737
2013-02-21,89.00105
2013-02-22,90.324
2013-02-23,78.264496
2013-02-24,72.242
2013-02-25,83.85611
2013-02-26,85.03105
2013-02-27,77.6
2013-02-28,79.64
2013-03-01,88.54466
2013-03-02,81.547
2013-03-03,74.562
2013-03-04,59.677498
2013-03-05,54.3835
2013-03-06,51.346
2013-03-07,79.0805
2013-03-08,89.39375
2013-03-09,92.38375
2013-03-10,91.851
2013-03-11,89.607
2013-03-12,87.26684
2013-03-13,90.82143
2013-03-14,90.90667
2013-03-15,91.99571
2013-03-16,77.885
2013-03-17,70.99049
2013-03-18,65.144
2013-03-19,86.123886
2013-03-20,77.0325
2013-03-21,87.716
2013-03-22,87.8405
2013-03-23,67.5255
2013-03-24,63.735
2013-03-25,66.36
2013-03-26,87.12631
2013-03-27,90.29625
2013-03-28,83.641174
2013-03-29,85.76706
2013-03-30,89.27167
2013-03-31,89.7021
2013-04-01,85.92263
2013-04-02,78.687
2013-04-03,92.35231
2013-04-04,93.344
2013-04-05,87.84368
2013-04-06,88.306114
2013-04-07,87.1685
2013-04-08,80.0345
2013-04-09,88.705
2013-04-10,90.98222
2013-04-11,77.4745
2013-04-12,76.4205
2013-04-13,81.221
2013-04-14,72.177
2013-04-15,76.2235
2013-04-16,71.0895
2013-04-17,59.0345
2013-04-18,53.4035
2013-04-19,44.566998
2013-04-20,58.649
2013-04-21,52.7635
2013-04-22,62.857998
2013-04-23,73.484
2013-04-24,61.739
2013-04-25,56.0615
2013-04-26,55.1885
2013-04-27,48.2365
2013-04-28,61.8705
2013-04-29,60.4045
2013-04-30,49.326
2013-05-01,58.891
2013-05-02,54.2235
2013-05-03,60.3335
2013-05-04,66.1985
2013-05-05,60.884
2013-05-06,60.933
2013-05-07,66.52
2013-05-08,63.9875
2013-05-09,62.7845
2013-05-10,62.7075
2013-05-11,44.701
2013-05-12,75.5625
2013-05-13,90.011055
2013-05-14,85.8195
2013-05-15,79.602
2013-05-16,76.3525
2013-05-17,71.317
2013-05-18,71.406
2013-05-19,64.073
2013-05-20,63.288998
2013-05-21,67.3975
2013-05-22,89.93
2013-05-23,91.7975
2013-05-24,89.88778
2013-05-25,85.445
2013-05-26,90.165
2013-05-27,83.9135
2013-05-28,79.5945
2013-05-29,71.4985
2013-05-30,82.5795
2013-05-31,62.722
2013-06-01,80.131
2013-06-02,79.840996
2013-06-03,89.34118
2013-06-04,91.18222
2013-06-05,79.4485
2013-06-06,84.295
2013-06-07,85.361496
2013-06-08,81.562
2013-06-09,79.9465
2013-06-10,75.0865
2013-06-11,73.1225
2013-06-12,89.01789
2013-06-13,81.5075
2013-06-14,73.100494
2013-06-15,69.741
2013-06-16,64.6295
2013-06-17,66.175995
2013-06-18,66.965
2013-06-19,64.7665
2013-06-20,69.5735
2013-06-21,67.7205
2013-06-22,78.264
2013-06-23,86.2555
2013-06-24,82.107
2013-06-25,87.981575
2013-06-26,82.903496
2013-06-27,88.48053
2013-06-28,87.72947
2013-06-29,85.2295
2013-06-30,81.244
2013-07-01,70.048
2013-07-02,66.8435
2013-07-03,67.5105
2013-07-04,69.419
2013-07-05,75.632996
2013-07-06,74.49
2013-07-07,68.9135
2013-07-08,68.851
2013-07-09,68.6995
2013-07-10,73.47
2013-07-11,80.896
2013-07-12,77.243
2013-07-13,83.3025
2013-07-14,80.9755
2013-07-15,80.1695
2013-07-16,79.6985
2013-07-17,71.7025
2013-07-18,70.617
2013-07-19,68.026
2013-07-20,70.3735
2013-07-21,62.6925
2013-07-22,60.722
2013-07-23,60.9025
2013-07-24,62.8225
2013-07-25,59.481
2013-07-26,69.0335
2013-07-27,63.9445
2013-07-28,62.418
2013-07-29,59.201
2013-07-30,73.5875
2013-07-31,69.798996
2013-08-01,69.512
2013-08-02,63.0135
2013-08-03,60.8335
2013-08-04,56.843
2013-08-05,58.766
2013-08-06,59.884
2013-08-07,60.3375
2013-08-08,55.5825
2013-08-09,58.132
2013-08-10,70.016495
2013-08-11,71.18
2013-08-12,70.4645
2013-08-13,59.7735
2013-08-14,67.1305
2013-08-15,71.6995
2013-08-16,64.9105
2013-08-17,64.4645
2013-08-18,63.7455
2013-08-19,56.7165
2013-08-20,53.245
2013-08-21,84.9435
2013-08-22,75.397995
2013-08-23,69.979
2013-08-24,59.3415
2013-08-25,62.3715
2013-08-26,84.4085
2013-08-27,82.4055
2013-08-28,89.09
2013-08-29,87.29105
2013-08-30,81.667496
2013-08-31,78.545
2013-09-01,79.5225
2013-09-02,67.764
2013-09-03,72.76
2013-09-04,62.676
2013-09-05,67.1225
2013-09-06,66.792496
2013-09-07,63.089
2013-09-08,66.073
2013-09-09,74.6425
2013-09-10,86.42316
2013-09-11,89.26938
2013-09-12,89.09789
2013-09-13,82.6515
2013-09-14,85.238495
2013-09-15,84.372
2013-09-16,84.249
2013-09-17,84.1315
2013-09-18,80.0645
2013-09-19,91.01722
2013-09-20,77.1985
2013-09-21,84.8505
2013-09-22,77.8085
2013-09-23,84.764496
2013-09-24,78.258
2013-09-25,68.2005
2013-09-26,75.123
2013-09-27,75.2865
2013-09-28,77.6325
2013-09-29,79.549995
2013-09-30,82.97
2013-10-01,89.84526
2013-10-02,82.695
2013-10-03,78.7485
2013-10-04,81.368996
2013-10-05,76.410995
2013-10-06,62.149498
2013-10-07,67.333
2013-10-08,71.031
2013-10-09,83.289
2013-10-10,91.35
2013-10-11,77.3145
2013-10-12,80.9565
2013-10-13,88.282776
2013-10-14,86.1005
2013-10-15,92.018234
2013-10-16,92.67
2013-10-17,91.808
2013-10-18,90.68353
2013-10-19,77.9415
2013-10-20,62.166
2013-10-21,80.917
2013-10-22,86.30631
2013-10-23,72.835
2013-10-24,73.654
2013-10-25,81.558
2013-10-26,81.8825
2013-10-27,76.087
2013-10-28,71.7165
2013-10-29,79.7405
2013-10-30,89.61647
2013-10-31,84.1215
2013-11-01,86.485
2013-11-02,83.9195
2013-11-03,83.026
2013-11-04,87.826
2013-11-05,89.4085
2013-11-06,91.46824
2013-11-07,91.47857
2013-11-08,80.569
2013-11-09,84.185
2013-11-10,92.185
2013-11-11,90.00533
2013-11-12,89.53467
2013-11-13,91.09625
2013-11-14,87.23889
2013-11-15,86.897
2013-11-16,82.45789
2013-11-17,87.18143
2013-11-18,89.4925
2013-11-19,85.6145
2013-11-20,78.869
2013-11-21,86.5535
2013-11-22,90.35
2013-11-23,92.223335
2013-11-24,94.54667
2013-11-25,91.07
2013-11-26,82.154
2013-11-27,86.159996
2013-11-28,89.8353
2013-11-29,91.10933
2013-11-30,87.546
2013-12-01,89.832306
2013-12-02,82.6545
2013-12-03,74.057365
2013-12-04,83.92421
2013-12-05,92.62308
2013-12-06,83.067
2013-12-07,75.6215
2013-12-08,79.162
2013-12-09,87.973526
2013-12-10,76.22158
2013-12-11,88.34105
2013-12-12,78.4495
2013-12-13,79.174995
2013-12-14,86.945
2013-12-15,91.06
2013-12-16,87.633156
2013-12-17,72.701996
2013-12-18,80.8235
2013-12-19,88.873
2013-12-20,86.183
2013-12-21,86.77167
2013-12-22,81.83631
2013-12-23,78.8925
2013-12-24,85.24722
2013-12-25,79.479996
2013-12-26,70.951
2013-12-27,85.458
2013-12-28,87.21
2013-12-29,86.11733
2013-12-30,87.21917
2013-12-31,87.52125
2014-01-01,89.325
2014-01-02,88.69315
2014-01-03,89.54733
2014-01-04,87.77941
2014-01-05,91.735
2014-01-06,92.44
2014-01-07,92.208336
2014-01-08,91.871254
2014-01-09,89.31545
2014-01-10,90.744705
2014-01-11,83.5905
2014-01-12,85.359
2014-01-13,73.267
2014-01-14,71.881
2014-01-15,92.40417
2014-01-16,89.77571
2014-01-17,86.52556
2014-01-18,88.229996
2014-01-19,85.344
2014-01-20,92.19714
2014-01-21,92.49834
2014-01-22,91.553
2014-01-23,89.08948
2014-01-24,83.1685
2014-01-25,92.34538
2014-01-26,91.10923
2014-01-27,90.27421
2014-01-28,91.736
2014-01-29,88.05812
2014-01-30,88.05722
2014-01-31,82.467
2014-02-01,80.054
2014-02-02,75.4
2014-02-03,75.6605
2014-02-04,71.978
2014-02-05,73.86
2014-02-06,82.9
2014-02-07,90.03765
2014-02-08,91.40134
2014-02-09,90.12211
2014-02-10,83.88
2014-02-11,82.5875
2014-02-12,85.633
2014-02-13,92.67571
2014-02-14,92.365
2014-02-15,84.1105
2014-02-16,79.97
2014-02-17,84.4005
2014-02-18,82.022
2014-02-19,85.8185
2014-02-20,91.69278
2014-02-21,90.11
2014-02-22,94.07
2014-02-23,92.00357
2014-02-24,83.925
2014-02-25,84.1445
2014-02-26,89.49529
2014-02-27,86.658
2014-02-28,80.3795
2014-03-01,83.295
2014-03-02,88.58474
2014-03-03,74.758
2014-03-04,88.118
2014-03-05,93.55625
2014-03-06,92.641815
2014-03-07,88.820496
2014-03-08,84.1285
2014-03-09,72.765495
2014-03-10,57.445
2014-03-11,49.0855
2014-03-12,51.9375
2014-03-13,50.9565
2014-03-14,48.5015
2014-03-15,61.524
2014-03-16,78.050995
2014-03-17,66.0635
2014-03-18,58.1035
2014-03-19,77.1935
2014-03-20,70.903496
2014-03-21,61.065
2014-03-22,48.8485
2014-03-23,61.7465
2014-03-24,79.5055
2014-03-25,82.2695
2014-03-26,78.2635
2014-03-27,82.076996
2014-03-28,79.06
2014-03-29,57.588
2014-03-30,52.479
2014-03-31,61.3345
2014-04-01,50.1455
2014-04-02,48.876
2014-04-03,61.8685
2014-04-04,60.947
2014-04-05,61.852
2014-04-06,86.91333
2014-04-07,78.1175
2014-04-08,68.4695
2014-04-09,85.0645
2014-04-10,76.1445
2014-04-11,85.113
2014-04-12,80.981
2014-04-13,77.6315
2014-04-14,75.184
2014-04-15,79.723
2014-04-16,87.149
2014-04-17,84.1105
2014-04-18,85.6465
2014-04-19,76.354996
2014-04-20,76.2425
2014-04-21,74.334496
2014-04-22,75.928
2014-04-23,82.591995
2014-04-24,84.0065
2014-04-25,77.317
2014-04-26,70.103
2014-04-27,70.5925
2014-04-28,71.0335
2014-04-29,79.001
2014-04-30,83.4555
2014-05-01,76.874
2014-05-02,76.726
2014-05-03,83.915
2014-05-04,86.1965
2014-05-05,61.5935
2014-05-06,64.4795
2014-05-07,61.1745
2014-05-08,83.2055
2014-05-09,72.661995
2014-05-10,69.4295
2014-05-11,71.708496
2014-05-12,88.66579
2014-05-13,73.9165
2014-05-14,91.90769
2014-05-15,91.586
2014-05-16,84.91
2014-05-17,91.16765
2014-05-18,80.4765
2014-05-19,71.561
2014-05-20,75.943
2014-05-21,61.9685
2014-05-22,61.4495
2014-05-23,61.8015
2014-05-24,64.497
2014-05-25,72.8735
2014-05-26,74.090996
2014-05-27,84.376
2014-05-28,77.347
2014-05-29,76.706
2014-05-30,82.135
2014-05-31,83.553
2014-06-01,84.5995
2014-06-02,88.374214
2014-06-03,75.255
2014-06-04,76.5395
2014-06-05,67.5225
2014-06-06,59.396
2014-06-07,62.0235
2014-06-08,61.811497
2014-06-09,62.396
2014-06-10,58.526497
2014-06-11,58.7805
2014-06-12,53.704998
2014-06-13,58.6015
2014-06-14,70.417496
2014-06-15,77.088
2014-06-16,71.8745
2014-06-17,73.494995
2014-06-18,68.2105
2014-06-19,68.680504
2014-06-20,67.0515
2014-06-21,69.652
2014-06-22,63.045498
2014-06-23,63.246998
2014-06-24,79.0745
2014-06-25,79.2295
2014-06-26,85.444496
2014-06-27,74.429
2014-06-28,61.7695
2014-06-29,59.365997
2014-06-30,69.553
2014-07-01,79.083
2014-07-02,63.943497
2014-07-03,76.159996
2014-07-04,62.433
2014-07-05,56.17
2014-07-06,61.532497
2014-07-07,61.5575
2014-07-08,73.9335
2014-07-09,83.425
2014-07-10,73.314
2014-07-11,91.79053
2014-07-12,87.743
2014-07-13,70.5865
2014-07-14,78.052
2014-07-15,75.710495
2014-07-16,76.9505
2014-07-17,82.489
2014-07-18,83.055
2014-07-19,67.5495
2014-07-20,65.701996
2014-07-21,67.4835
2014-07-22,84.0315
2014-07-23,91.99
2014-07-24,88.9035
2014-07-25,72.585
2014-07-26,68.8515
2014-07-27,76.8805
2014-07-28,80.8365
2014-07-29,81.69
2014-07-30,68.5135
2014-07-31,79.935
2014-08-01,76.207
2014-08-02,60.538998
2014-08-03,56.3615
2014-08-04,68.275
2014-08-05,76.542
2014-08-06,85.6295
2014-08-07,83.5005
2014-08-08,90.11471
2014-08-09,82.642
2014-08-10,67.784
2014-08-11,73.565
2014-08-12,80.6095
2014-08-13,74.0955
2014-08-14,68.384
2014-08-15,78.651
2014-08-16,79.7165
2014-08-17,75.204
2014-08-18,69.8485
2014-08-19,63.154
2014-08-20,72.2485
2014-08-21,88.45895
2014-08-22,73.0
2014-08-23,67.6445
2014-08-24,85.1965
2014-08-25,68.688995
2014-08-26,67.842
2014-08-27,79.038
2014-08-28,71.28
2014-08-29,68.364
2014-08-30,69.7075
2014-08-31,65.799995
2014-09-01,61.979
2014-09-02,63.8705
2014-09-03,79.7475
2014-09-04,68.9005
2014-09-05,77.384995
2014-09-06,77.257996
2014-09-07,71.321
2014-09-08,75.485
2014-09-09,74.9525
2014-09-10,84.4885
2014-09-11,75.4715
2014-09-12,64.988
2014-09-13,81.432
2014-09-14,86.83667
2014-09-15,74.5895
2014-09-16,79.934
2014-09-17,70.973
2014-09-18,70.741
2014-09-19,61.0685
2014-09-20,77.708496
2014-09-21,91.85353
2014-09-22,90.85667
2014-09-23,84.083496
2014-09-24,74.6635
2014-09-25,76.5025
2014-09-26,87.271
2014-09-27,79.1045
2014-09-28,67.926
2014-09-29,70.1475
2014-09-30,71.2155
2014-10-01,82.093
2014-10-02,90.045
2014-10-03,91.28353
2014-10-04,85.0055
2014-10-05,87.50895
2014-10-06,85.052
2014-10-07,78.624
2014-10-08,80.4775
2014-10-09,84.266
2014-10-10,79.0265
2014-10-11,76.876
2014-10-12,78.5615
2014-10-13,74.382996
2014-10-14,73.309
2014-10-15,87.4115
2014-10-16,93.395004
2014-10-17,92.29875
2014-10-18,84.251
2014-10-19,82.6305
2014-10-20,80.131996
2014-10-21,89.04813
2014-10-22,94.442505
2014-10-23,90.24
2014-10-24,89.085625
2014-10-25,85.04105
2014-10-26,79.0325
2014-10-27,74.8225
2014-10-28,69.102
2014-10-29,83.811
2014-10-30,83.942
2014-10-31,86.1915
2014-11-01,77.357
2014-11-02,81.284996
2014-11-03,84.1235
2014-11-04,82.3975
2014-11-05,85.475266
2014-11-06,78.326996
2014-11-07,72.7325
2014-11-08,85.431
2014-11-09,93.19
2014-11-10,92.897
2014-11-11,89.08083
2014-11-12,88.98526
2014-11-13,87.85177
2014-11-14,90.245
2014-11-15,90.636665
2014-11-16,88.06647
2014-11-17,91.55062
2014-11-18,92.48556
2014-11-19,93.465996
2014-11-20,90.69714
2014-11-21,86.31834
2014-11-22,84.7825
2014-11-23,84.854
2014-11-24,86.06125
2014-11-25,87.810524
2014-11-26,92.630005
2014-11-27,94.067505
2014-11-28,89.66278
2014-11-29,80.368996
2014-11-30,83.7395
2014-12-01,83.54316
2014-12-02,88.7647
2014-12-03,83.2635
2014-12-04,86.717896
2014-12-05,87.92421
2014-12-06,88.81125
2014-12-07,92.367775
2014-12-08,94.24
2014-12-09,92.55125
2014-12-10,90.07667
2014-12-11,92.57667
2014-12-12,89.394
2014-12-13,77.02
2014-12-14,75.219475
2014-12-15,83.149
2014-12-16,78.9415
2014-12-17,91.55375
2014-12-18,91.47111
2014-12-19,93.94833
2014-12-20,83.75
2014-12-21,82.25895
2014-12-22,77.62473
2014-12-23,79.2945
2014-12-24,78.3555
2014-12-25,84.5055
2014-12-26,88.01857
2014-12-27,79.284
2014-12-28,82.227776
2014-12-29,79.051575
2014-12-30,73.5155
2014-12-31,79.1055
2015-01-01,74.828995
2015-01-02,86.315
2015-01-03,86.45
2015-01-04,89.503334
2015-01-05,78.1085
2015-01-06,71.43
2015-01-07,76.262
2015-01-08,75.93
2015-01-09,84.00316
2015-01-10,90.28769
2015-01-11,78.227
2015-01-12,82.329
2015-01-13,80.1065
2015-01-14,77.53
2015-01-15,88.65053
2015-01-16,83.0395
2015-01-17,75.5195
2015-01-18,87.29562
2015-01-19,92.565
2015-01-20,89.566666
2015-01-21,91.40875
2015-01-22,92.922
2015-01-23,92.32
2015-01-24,91.805
2015-01-25,90.66334
2015-01-26,92.45
2015-01-27,90.47077
2015-01-28,91.406876
2015-01-29,87.4821
2015-01-30,75.779495
2015-01-31,82.8495
2015-02-01,81.047
2015-02-02,92.01428
2015-02-03,88.471054
2015-02-04,85.97611
2015-02-05,91.50266
2015-02-06,86.435555
2015-02-07,80.0925
2015-02-08,88.58889
2015-02-09,83.6615
2015-02-10,90.317055
2015-02-11,87.487
2015-02-12,78.6185
2015-02-13,73.02526
2015-02-14,74.39
2015-02-15,74.3575
2015-02-16,81.803
2015-02-17,65.6045
2015-02-18,59.983498
2015-02-19,68.8775
2015-02-20,66.5935
2015-02-21,75.7025
2015-02-22,78.6865
2015-02-23,88.537
2015-02-24,82.9445
2015-02-25,94.7
2015-02-26,93.388
2015-02-27,91.58375
2015-02-28,90.790665
2015-03-01,91.75643
2015-03-02,85.7215
2015-03-03,79.778496
2015-03-04,77.050995
2015-03-05,84.0095
2015-03-06,81.978
2015-03-07,71.269
2015-03-08,70.6245
2015-03-09,65.9695
2015-03-10,64.6155
2015-03-11,71.1295
2015-03-12,90.49111
2015-03-13,90.048
2015-03-14,90.077225
2015-03-15,75.9645
2015-03-16,65.124
2015-03-17,55.155
2015-03-18,56.164497
2015-03-19,69.918
2015-03-20,67.301
2015-03-21,59.580498
2015-03-22,66.8235
2015-03-23,64.387
2015-03-24,56.146
2015-03-25,65.528496
2015-03-26,64.307
2015-03-27,74.9145
2015-03-28,85.8955
2015-03-29,75.5325
2015-03-30,85.71632
2015-03-31,74.173
2015-04-01,77.835
2015-04-02,70.8425
2015-04-03,83.8685
2015-04-04,71.807495
2015-04-05,80.7395
2015-04-06,83.49526
2015-04-07,71.201996
2015-04-08,75.835
2015-04-09,47.8335
2015-04-10,36.3055
2015-04-11,47.4595
2015-04-12,59.0195
2015-04-13,56.286
2015-04-14,51.578
2015-04-15,55.560497
2015-04-16,53.3575
2015-04-17,68.8455
2015-04-18,77.658
2015-04-19,71.517
2015-04-20,63.2875
2015-04-21,61.395
2015-04-22,53.993
2015-04-23,59.5145
2015-04-24,48.769997
2015-04-25,64.7345
2015-04-26,55.6055
2015-04-27,56.7985
2015-04-28,63.483498
2015-04-29,77.3695
2015-04-30,73.025
2015-05-01,63.225
2015-05-02,86.63
2015-05-03,57.21
2015-05-04,73.527
2015-05-05,73.4615
2015-05-06,70.571
2015-05-07,78.76
2015-05-08,63.3825
2015-05-09,65.9095
2015-05-10,78.436
2015-05-11,68.888
2015-05-12,62.6905
2015-05-13,55.18
2015-05-14,79.6065
2015-05-15,73.9505
2015-05-16,70.145996
2015-05-17,69.409996
2015-05-18,56.3295
2015-05-19,51.527
2015-05-20,63.907497
2015-05-21,72.977
2015-05-22,83.5445
2015-05-23,78.1465
2015-05-24,85.2495
2015-05-25,85.4745
2015-05-26,85.265
2015-05-27,89.5955
2015-05-28,80.3295
2015-05-29,64.5185
2015-05-30,71.094
2015-05-31,70.557495
2015-06-01,64.879
2015-06-02,59.7325
2015-06-03,66.2055
2015-06-04,64.1225
2015-06-05,61.756496
2015-06-06,55.769497
2015-06-07,60.913498
2015-06-08,59.467
2015-06-09,61.4605
2015-06-10,67.5555
2015-06-11,66.5645
2015-06-12,58.711
2015-06-13,61.746
2015-06-14,67.235
2015-06-15,74.08
2015-06-16,88.803154
2015-06-17,78.733
2015-06-18,84.6925
2015-06-19,75.5075
2015-06-20,80.708496
2015-06-21,79.464
2015-06-22,70.2205
2015-06-23,56.939
2015-06-24,82.9365
2015-06-25,88.8465
2015-06-26,83.9685
2015-06-27,75.3995
2015-06-28,76.4435
2015-06-29,83.3575
2015-06-30,78.951996
2015-07-01,71.672
2015-07-02,61.717
2015-07-03,57.676
2015-07-04,60.3245
2015-07-05,60.799
2015-07-06,59.156498
2015-07-07,59.559498
2015-07-08,59.304
2015-07-09,80.8635
2015-07-10,63.9325
2015-07-11,56.4595
2015-07-12,58.0765
2015-07-13,78.3505
2015-07-14,79.355995
2015-07-15,74.2295
2015-07-16,64.784
2015-07-17,61.1895
2015-07-18,58.094498
2015-07-19,60.142
2015-07-20,70.4285
2015-07-21,62.315998
2015-07-22,58.0075
2015-07-23,63.621
2015-07-24,71.0565
2015-07-25,54.3295
2015-07-26,77.1335
2015-07-27,73.6315
2015-07-28,75.723
2015-07-29,70.102
2015-07-30,71.4425
2015-07-31,71.801
2015-08-01,62.2795
2015-08-02,67.199
2015-08-03,71.982
2015-08-04,68.4195
2015-08-05,68.791
2015-08-06,61.063
2015-08-07,59.046497
2015-08-08,57.6895
2015-08-09,55.35
2015-08-10,52.419
2015-08-11,42.85
2015-08-12,49.6315
2015-08-13,50.740997
2015-08-14,57.236
2015-08-15,60.8225
2015-08-16,62.319
2015-08-17,82.2655
2015-08-18,84.582
2015-08-19,78.051
2015-08-20,77.155
2015-08-21,84.348
2015-08-22,84.805
2015-08-23,68.56
2015-08-24,67.988
2015-08-25,67.8595
2015-08-26,74.1355
2015-08-27,67.08
2015-08-28,48.5205
2015-08-29,56.948498
2015-08-30,55.993
2015-08-31,56.765
2015-09-01,50.732
2015-09-02,55.328
2015-09-03,69.198
2015-09-04,72.281
2015-09-05,81.611
2015-09-06,77.0485
2015-09-07,71.949
2015-09-08,70.507996
2015-09-09,65.847
2015-09-10,91.04188
2015-09-11,83.8215
2015-09-12,84.4535
2015-09-13,75.796
2015-09-14,70.6205
2015-09-15,51.357
2015-09-16,57.121502
2015-09-17,55.2925
2015-09-18,59.372997
2015-09-19,70.2215
2015-09-20,90.60611
2015-09-21,81.018
2015-09-22,74.934
2015-09-23,80.2465
2015-09-24,83.468
2015-09-25,92.995834
2015-09-26,91.32
2015-09-27,90.2315
2015-09-28,87.826004
2015-09-29,85.485
2015-09-30,76.427
2015-10-01,77.738
2015-10-02,81.310524
2015-10-03,82.421
2015-10-04,77.9225
2015-10-05,88.14778
2015-10-06,89.09375
2015-10-07,87.16684
2015-10-08,91.63294
2015-10-09,88.4815
2015-10-10,89.011765
2015-10-11,87.94187
2015-10-12,94.71
2015-10-13,86.99
2015-10-14,82.6725
2015-10-15,82.153
2015-10-16,80.77684
2015-10-17,94.295
2015-10-18,89.76187
2015-10-19,92.09294
2015-10-20,92.78143
2015-10-21,91.325836
2015-10-22,93.149994
2015-10-23,92.725
2015-10-24,83.324
2015-10-25,79.296
2015-10-26,79.3215
2015-10-27,78.712
2015-10-28,81.56
2015-10-29,75.946
2015-10-30,84.6845
2015-10-31,72.801
2015-11-01,68.67
2015-11-02,71.634
2015-11-03,72.8595
2015-11-04,61.267498
2015-11-05,71.5745
2015-11-06,87.852
2015-11-07,89.61846
2015-11-08,91.64111
2015-11-09,89.776474
2015-11-10,90.670586
2015-11-11,89.32059
2015-11-12,87.03526
2015-11-13,85.5375
2015-11-14,85.011
2015-11-15,77.737
2015-11-16,83.15895
2015-11-17,85.85
2015-11-18,85.037
2015-11-19,81.1665
2015-11-20,80.4615
2015-11-21,88.749
2015-11-22,93.608574
2015-11-23,89.4
2015-11-24,93.122856
2015-11-25,91.55866
2015-11-26,90.40071
2015-11-27,90.136154
2015-11-28,94.3375
2015-11-29,89.29375
2015-11-30,88.19316
2015-12-01,84.70842
2015-12-02,86.42722
2015-12-03,92.06143
2015-12-04,89.164375
2015-12-05,91.721535
2015-12-06,85.9815
2015-12-07,88.74941
2015-12-08,87.60941
2015-12-09,91.76765
2015-12-10,92.076004
2015-12-11,90.930626
2015-12-12,87.1855
2015-12-13,86.065
2015-12-14,88.91563
2015-12-15,89.52947
2015-12-16,90.02231
2015-12-17,90.08312
2015-12-18,87.534
2015-12-19,90.10778
2015-12-20,86.573685
2015-12-21,91.89
2015-12-22,92.44428
2015-12-23,79.73579
2015-12-24,90.548
2015-12-25,92.526665
2015-12-26,88.99895
2015-12-27,83.49842
2015-12-28,87.89412
2015-12-29,80.067
2015-12-30,78.9965
2015-12-31,69.529
2016-01-01,73.691
2016-01-02,68.8605
2016-01-03,73.2145
2016-01-04,80.0355
2016-01-05,88.060524
2016-01-06,88.0535
2016-01-07,89.77529
2016-01-08,88.16937
2016-01-09,83.288
2016-01-10,91.701004
2016-01-11,90.707054
2016-01-12,87.96
2016-01-13,84.84722
2016-01-14,85.965
2016-01-15,90.64625
2016-01-16,89.77375
2016-01-17,81.2065
2016-01-18,77.097496
2016-01-19,79.2465
2016-01-20,78.326996
2016-01-21,88.89474
2016-01-22,84.569496
2016-01-23,81.5355
2016-01-24,82.97
2016-01-25,83.18421
2016-01-26,92.455
2016-01-27,91.704285
2016-01-28,92.06
2016-01-29,92.914
2016-01-30,87.05
2016-01-31,81.968
2016-02-01,90.97929
2016-02-02,90.95533
2016-02-03,82.2585
2016-02-04,86.70778
2016-02-05,87.91947
2016-02-06,80.4825
2016-02-07,74.559
2016-02-08,80.156
2016-02-09,79.611
2016-02-10,85.0235
2016-02-11,85.560555
2016-02-12,75.8235
2016-02-13,85.0775
2016-02-14,82.929
2016-02-15,88.011765
2016-02-16,90.217
2016-02-17,84.0085
2016-02-18,75.696
2016-02-19,87.40737
2016-02-20,88.09737
2016-02-21,91.29357
2016-02-22,80.6285
2016-02-23,85.5445
2016-02-24,87.327896
2016-02-25,78.681496
2016-02-26,91.74928
2016-02-27,79.655
2016-02-28,83.1895
2016-02-29,84.36
2016-03-01,89.95889
2016-03-02,86.25
2016-03-03,77.033
2016-03-04,88.36948
2016-03-05,90.543335
2016-03-06,88.89056
2016-03-07,92.52875
2016-03-08,88.65211
2016-03-09,84.683
2016-03-10,89.99389
2016-03-11,83.991
2016-03-12,84.79611
2016-03-13,80.4425
2016-03-14,72.942
2016-03-15,84.364
2016-03-16,65.2415
2016-03-17,63.0785
2016-03-18,63.7545
2016-03-19,53.470497
2016-03-20,60.2935
2016-03-21,73.847496
2016-03-22,86.3965
2016-03-23,88.9415
2016-03-24,72.873
2016-03-25,68.222
2016-03-26,75.9135
2016-03-27,81.407
2016-03-28,72.3575
2016-03-29,76.402
2016-03-30,70.050995
2016-03-31,64.167
2016-04-01,60.635
2016-04-02,55.811
2016-04-03,52.461998
2016-04-04,57.0425
2016-04-05,58.1835
2016-04-06,63.7845
2016-04-07,66.0135
2016-04-08,75.8685
2016-04-09,87.086
2016-04-10,89.543335
2016-04-11,79.694
2016-04-12,72.3865
2016-04-13,65.1005
2016-04-14,77.2015
2016-04-15,66.4345
2016-04-16,57.108498
2016-04-17,51.246
2016-04-18,65.405
2016-04-19,62.1345
2016-04-20,59.5715
2016-04-21,55.975998
2016-04-22,44.055
2016-04-23,54.344
2016-04-24,86.32056
2016-04-25,89.400665
2016-04-26,71.937
2016-04-27,59.7565
2016-04-28,66.3465
2016-04-29,90.30666
2016-04-30,84.6475
2016-05-01,78.6875
2016-05-02,76.874
2016-05-03,77.5825
2016-05-04,72.4435
2016-05-05,74.496
2016-05-06,66.058
2016-05-07,68.0895
2016-05-08,75.9915
2016-05-09,75.3315
2016-05-10,68.695
2016-05-11,75.783
2016-05-12,64.3745
2016-05-13,81.070496
2016-05-14,85.89684
2016-05-15,86.796
2016-05-16,77.107
2016-05-17,73.5365
2016-05-18,73.7325
2016-05-19,74.785995
2016-05-20,75.125
2016-05-21,69.5505
2016-05-22,65.1705
2016-05-23,69.67
2016-05-24,72.194496
2016-05-25,81.698
2016-05-26,73.454994
2016-05-27,71.221
2016-05-28,68.854
2016-05-29,68.269
2016-05-30,78.9095
2016-05-31,76.209
2016-06-01,77.79
2016-06-02,93.335
2016-06-03,87.139496
2016-06-04,78.747
2016-06-05,77.181496
2016-06-06,74.528496
2016-06-07,64.9005
2016-06-08,61.902
2016-06-09,71.1155
2016-06-10,79.084496
2016-06-11,83.848
2016-06-12,83.9895
2016-06-13,92.63563
2016-06-14,90.95333
2016-06-15,83.97316
2016-06-16,67.1965
2016-06-17,65.571
2016-06-18,68.946
2016-06-19,78.165
2016-06-20,81.3115
2016-06-21,86.82
2016-06-22,75.47
2016-06-23,79.1755
2016-06-24,71.598
2016-06-25,70.892
2016-06-26,69.917
2016-06-27,84.194
2016-06-28,87.416
2016-06-29,75.3875
2016-06-30,70.547
2016-07-01,76.056
2016-07-02,73.8145
2016-07-03,85.8875
2016-07-04,70.639496
2016-07-05,63.874496
2016-07-06,68.8785
2016-07-07,58.170998
2016-07-08,57.378
2016-07-09,73.7875
2016-07-10,64.347496
2016-07-11,59.3185
2016-07-12,61.225
2016-07-13,60.253498
2016-07-14,82.7295
2016-07-15,74.5815
2016-07-16,89.286
2016-07-17,91.97
2016-07-18,82.1975
2016-07-19,80.5685
2016-07-20,78.491
2016-07-21,65.9795
2016-07-22,72.868
2016-07-23,71.221
2016-07-24,70.069496
2016-07-25,67.583496
2016-07-26,82.9925
2016-07-27,81.317
2016-07-28,81.3235
2016-07-29,88.7015
2016-07-30,75.725
2016-07-31,73.361
2016-08-01,81.051
2016-08-02,84.678
2016-08-03,75.5995
2016-08-04,72.283
2016-08-05,64.773994
2016-08-06,80.001
2016-08-07,69.875
2016-08-08,71.2755
2016-08-09,71.6565
2016-08-10,75.779495
2016-08-11,88.182
2016-08-12,77.6205
2016-08-13,64.787
2016-08-14,69.794
2016-08-15,73.5645
2016-08-16,64.692
2016-08-17,81.9245
2016-08-18,77.6415
2016-08-19,69.078
2016-08-20,66.981
2016-08-21,66.3855
2016-08-22,90.76437
2016-08-23,83.6275
2016-08-24,75.8535
2016-08-25,70.78
2016-08-26,66.709496
2016-08-27,60.2005
2016-08-28,65.528496
2016-08-29,63.837997
2016-08-30,73.791
2016-08-31,64.0885
2016-09-01,70.9085
2016-09-02,67.1975
2016-09-03,63.920998
2016-09-04,60.3065
2016-09-05,83.21526
2016-09-06,85.866
2016-09-07,73.659
2016-09-08,67.5865
2016-09-09,69.617
2016-09-10,67.454
2016-09-11,68.423
2016-09-12,66.1035
2016-09-13,72.498
2016-09-14,66.132996
2016-09-15,67.910995
2016-09-16,67.378
2016-09-17,72.736496
2016-09-18,73.311
2016-09-19,87.434
2016-09-20,83.062996
2016-09-21,74.824
2016-09-22,79.194496
2016-09-23,76.6555
2016-09-24,77.85
2016-09-25,75.52
2016-09-26,71.417496
2016-09-27,71.5955
2016-09-28,69.859
2016-09-29,68.263
2016-09-30,69.2545
2016-10-01,71.655495
2016-10-02,62.1115
2016-10-03,91.91385
2016-10-04,91.11706
2016-10-05,85.33632
2016-10-06,88.4195
2016-10-07,90.95389
2016-10-08,87.43667
2016-10-09,86.2445
2016-10-10,88.4635
2016-10-11,90.833336
2016-10-12,91.542
2016-10-13,82.951
2016-10-14,83.459
2016-10-15,77.123
2016-10-16,92.0675
2016-10-17,85.826
2016-10-18,75.353
2016-10-19,88.03263
2016-10-20,73.126495
2016-10-21,85.515
2016-10-22,92.218185
2016-10-23,86.274
2016-10-24,85.12316
2016-10-25,77.562
2016-10-26,82.8565
2016-10-27,79.785995
2016-10-28,78.358
2016-10-29,80.5955
2016-10-30,76.86
2016-10-31,74.916
2016-11-01,80.37105
2016-11-02,81.113
2016-11-03,88.17368
2016-11-04,71.1865
2016-11-05,80.463
2016-11-06,88.077896
2016-11-07,92.455
2016-11-08,90.637856
2016-11-09,92.16
2016-11-10,90.90579
2016-11-11,84.308
2016-11-12,89.194664
2016-11-13,84.29
2016-11-14,86.69369
2016-11-15,89.64
2016-11-16,86.01722
2016-11-17,89.50235
2016-11-18,80.654
2016-11-19,71.5935
2016-11-20,76.222496
2016-11-21,80.106
2016-11-22,84.6647
2016-11-23,87.424736
2016-11-24,87.288666
2016-11-25,89.75421
2016-11-26,87.17286
2016-11-27,91.31529
2016-11-28,85.185
2016-11-29,83.444
2016-11-30,81.9695
2016-12-01,88.504
2016-12-02,77.485
2016-12-03,85.30222
2016-12-04,79.118
2016-12-05,78.1875
2016-12-06,87.42353
2016-12-07,84.600525
2016-12-08,71.694
2016-12-09,78.0385
2016-12-10,87.007774
2016-12-11,84.1795
2016-12-12,86.1325
2016-12-13,71.125
2016-12-14,75.037
2016-12-15,90.725
2016-12-16,84.948
2016-12-17,86.3225
2016-12-18,88.477
2016-12-19,88.0475
2016-12-20,86.52067
2016-12-21,87.42846
2016-12-22,88.74529
2016-12-23,87.755264
2016-12-24,90.42812
2016-12-25,93.418335
2016-12-26,94.935
2016-12-27,80.63263
2016-12-28,81.962
2016-12-29,78.797
2016-12-30,79.1215
2016-12-31,73.6235
2017-01-01,75.82056
2017-01-02,76.4055
2017-01-03,86.23789
2017-01-04,87.167145
2017-01-05,83.6905
2017-01-06,72.2495
2017-01-07,64.095
2017-01-08,65.174995
2017-01-09,76.848
2017-01-10,87.39737
2017-01-11,82.4855
2017-01-12,86.157
2017-01-13,84.36895
2017-01-14,91.666664
2017-01-15,91.34454
2017-01-16,92.679375
2017-01-17,85.001
2017-01-18,84.0995
2017-01-19,77.111
2017-01-20,79.659996
2017-01-21,86.9765
2017-01-22,83.503685
2017-01-23,81.352
2017-01-24,86.98526
2017-01-25,90.89
2017-01-26,83.266
2017-01-27,77.7135
2017-01-28,78.0465
2017-01-29,74.993996
2017-01-30,68.054
2017-01-31,78.5675
2017-02-01,79.6155
2017-02-02,82.8775
2017-02-03,81.7021
2017-02-04,91.40733
2017-02-05,92.64333
2017-02-06,88.74533
2017-02-07,92.793335
2017-02-08,92.20555
2017-02-09,86.462105
2017-02-10,85.4885
2017-02-11,89.719376
2017-02-12,89.608
2017-02-13,87.43833
2017-02-14,84.48684
2017-02-15,82.5105
2017-02-16,70.4265
2017-02-17,76.1575
2017-02-18,89.511765
2017-02-19,91.768
2017-02-20,93.5775
2017-02-21,87.810585
2017-02-22,82.7335
2017-02-23,76.748
2017-02-24,70.3195
2017-02-25,77.141
2017-02-26,69.868
2017-02-27,65.881996
2017-02-28,72.0255
2017-03-01,86.176315
2017-03-02,78.001
2017-03-03,59.1625
2017-03-04,55.532997
2017-03-05,52.809998
2017-03-06,83.59947
2017-03-07,81.705
2017-03-08,90.34106
2017-03-09,87.726845
2017-03-10,84.70579
2017-03-11,71.8545
2017-03-12,84.339
2017-03-13,83.7765
2017-03-14,80.500496
2017-03-15,71.231995
2017-03-16,60.4045
2017-03-17,55.434
2017-03-18,77.618
2017-03-19,68.7455
2017-03-20,83.524
2017-03-21,78.5065
2017-03-22,70.794
2017-03-23,67.851
2017-03-24,69.1035
2017-03-25,56.7935
2017-03-26,71.248
2017-03-27,55.386497
2017-03-28,51.1545
2017-03-29,58.43
2017-03-30,63.7495
2017-03-31,63.701
2017-04-01,56.709
2017-04-02,43.561497
2017-04-03,43.9405
2017-04-04,69.0235
2017-04-05,77.5965
2017-04-06,91.03294
2017-04-07,73.8925
2017-04-08,79.181496
2017-04-09,65.142
2017-04-10,63.162
2017-04-11,68.613
2017-04-12,57.0655
2017-04-13,68.8745
2017-04-14,68.059
2017-04-15,62.670998
2017-04-16,71.2555
2017-04-17,67.984
2017-04-18,72.7295
2017-04-19,84.83369
2017-04-20,84.2155
2017-04-21,68.8825
2017-04-22,70.9955
2017-04-23,81.931496
2017-04-24,66.1985
2017-04-25,56.836
2017-04-26,53.944
2017-04-27,63.322998
2017-04-28,58.399498
2017-04-29,84.5025
2017-04-30,80.38
2017-05-01,77.0595
2017-05-02,71.497
2017-05-03,62.0555
2017-05-04,83.18
2017-05-05,85.9315
2017-05-06,85.982
2017-05-07,86.320526
2017-05-08,87.55947
2017-05-09,72.206
2017-05-10,57.942997
2017-05-11,54.796497
2017-05-12,83.351
2017-05-13,92.57167
2017-05-14,83.0815
2017-05-15,57.869
2017-05-16,69.1775
2017-05-17,69.803
2017-05-18,65.1115
2017-05-19,57.8835
2017-05-20,62.182
2017-05-21,75.417496
2017-05-22,75.5395
2017-05-23,71.0895
2017-05-24,80.937
2017-05-25,79.423996
2017-05-26,76.9545
2017-05-27,71.7955
2017-05-28,66.072
2017-05-29,60.9785
2017-05-30,64.746
2017-05-31,67.9555
2017-06-01,69.7395
2017-06-02,59.891
2017-06-03,65.2455
2017-06-04,66.876495
2017-06-05,81.7445
2017-06-06,80.881996
2017-06-07,88.5615
2017-06-08,78.196
2017-06-09,69.276
2017-06-10,66.773994
2017-06-11,81.1295
2017-06-12,75.8955
2017-06-13,64.987
2017-06-14,68.053
2017-06-15,64.806
2017-06-16,67.557
2017-06-17,84.3115
2017-06-18,84.611496
2017-06-19,67.917
2017-06-20,63.669
2017-06-21,64.111
2017-06-22,63.373
2017-06-23,75.028496
2017-06-24,68.062996
2017-06-25,68.838
2017-06-26,83.4655
2017-06-27,75.7865
2017-06-28,64.49
2017-06-29,69.644
2017-06-30,59.487
2017-07-01,79.6705
2017-07-02,71.5495
2017-07-03,76.144
2017-07-04,62.8205
2017-07-05,63.951
2017-07-06,65.8985
2017-07-07,62.905
2017-07-08,76.7195
2017-07-09,67.3275
2017-07-10,69.8225
2017-07-11,67.9235
2017-07-12,69.5755
2017-07-13,71.142
2017-07-14,65.1235
2017-07-15,73.6525
2017-07-16,76.054
2017-07-17,65.041
2017-07-18,61.98
2017-07-19,60.3295
2017-07-20,59.351498
2017-07-21,63.236
2017-07-22,67.987
2017-07-23,68.2615
2017-07-24,66.5505
2017-07-25,87.89632
2017-07-26,70.844
2017-07-27,66.563
2017-07-28,74.663
2017-07-29,67.0055
2017-07-30,61.465
2017-07-31,57.919
2017-08-01,60.379498
2017-08-02,52.1745
2017-08-03,57.761997
2017-08-04,51.259
2017-08-05,59.5645
2017-08-06,58.7435
2017-08-07,89.35368
2017-08-08,72.845
2017-08-09,70.4275
2017-08-10,63.715
2017-08-11,55.5785
2017-08-12,67.742
2017-08-13,89.3405
2017-08-14,74.285995
2017-08-15,72.533
2017-08-16,70.304
2017-08-17,68.0055
2017-08-18,68.109
2017-08-19,53.739
2017-08-20,84.3305
2017-08-21,74.582
2017-08-22,71.202995
2017-08-23,70.423996
2017-08-24,64.256996
2017-08-25,57.1255
2017-08-26,58.6315
2017-08-27,54.8345
2017-08-28,58.415497
2017-08-29,66.187996
2017-08-30,63.493
2017-08-31,59.454998
2017-09-01,55.329998
2017-09-02,74.2575
2017-09-03,90.19055
2017-09-04,87.572
2017-09-05,80.366
2017-09-06,74.9845
2017-09-07,69.9465
2017-09-08,72.3185
2017-09-09,73.0335
2017-09-10,72.2875
2017-09-11,49.396
2017-09-12,87.827896
2017-09-13,75.7145
2017-09-14,62.1705
2017-09-15,60.797
2017-09-16,62.736
2017-09-17,75.614
2017-09-18,68.590996
2017-09-19,70.673996
2017-09-20,88.86389
2017-09-21,94.39667
2017-09-22,87.8235
2017-09-23,87.5275
2017-09-24,88.001
2017-09-25,85.7425
2017-09-26,79.9855
2017-09-27,69.6365
2017-09-28,66.357
2017-09-29,62.4035
2017-09-30,74.559
2017-10-01,81.345
2017-10-02,77.338
2017-10-03,67.047
2017-10-04,79.026
2017-10-05,74.1285
2017-10-06,76.792
2017-10-07,89.6179
2017-10-08,86.7455
2017-10-09,81.5055
2017-10-10,73.637505
2017-10-11,76.0085
2017-10-12,70.007996
2017-10-13,69.431
2017-10-14,74.515
2017-10-15,73.126
2017-10-16,68.171
2017-10-17,70.5505
2017-10-18,69.1245
2017-10-19,63.375
2017-10-20,63.12
2017-10-21,78.2725
2017-10-22,84.76789
2017-10-23,93.28167
2017-10-24,91.4575
2017-10-25,86.695
2017-10-26,82.9015
2017-10-27,87.63052
2017-10-28,88.56
2017-10-29,80.9835
2017-10-30,69.339
2017-10-31,73.069
2017-11-01,85.056496
2017-11-02,73.298996
2017-11-03,88.238335
2017-11-04,87.875496
2017-11-05,82.6485
2017-11-06,76.064
2017-11-07,82.905
2017-11-08,85.6605
2017-11-09,92.99
2017-11-10,91.09917
2017-11-11,80.364
2017-11-12,87.442
2017-11-13,91.69357
2017-11-14,87.53526
2017-11-15,83.22894
2017-11-16,87.235
2017-11-17,91.04125
2017-11-18,
2017-11-19,90.030716
2017-11-20,89.53313
2017-11-21,89.378
2017-11-22,90.4
2017-11-23,88.30278
2017-11-24,81.3745
2017-11-25,88.922104
2017-11-26,94.24
2017-11-27,90.051056
2017-11-28,89.6953
2017-11-29,84.696
2017-11-30,86.49316
2017-12-01,89.437645
2017-12-02,87.814735
2017-12-03,93.39571
2017-12-04,89.11667
2017-12-05,86.520004
2017-12-06,88.2095
2017-12-07,84.485
2017-12-08,71.487
2017-12-09,91.575
2017-12-10,80.2455
2017-12-11,78.218
2017-12-12,78.1695
2017-12-13,90.75066
2017-12-14,88.35555
2017-12-15,87.08789
2017-12-16,89.47313
2017-12-17,89.172226
2017-12-18,84.0515
2017-12-19,81.721
2017-12-20,84.922104
2017-12-21,86.78421
2017-12-22,92.545
2017-12-23,93.20091
2017-12-24,90.167694
2017-12-25,79.58945
2017-12-26,82.476
2017-12-27,83.748
2017-12-28,73.8295
2017-12-29,91.86636
2017-12-30,84.87278
2017-12-31,86.212
2018-01-01,90.847275
2018-01-02,93.06182
2018-01-03,87.11053
2018-01-04,92.67333
2018-01-05,90.32714
2018-01-06,82.1055
2018-01-07,81.6405
2018-01-08,75.6775
2018-01-09,81.64
2018-01-10,82.0635
2018-01-11,89.5875
2018-01-12,90.6
2018-01-13,85.75
2018-01-14,74.72
2018-01-15,82.2605
2018-01-16,86.23625
2018-01-17,92.435
2018-01-18,83.75842
2018-01-19,83.4145
2018-01-20,89.925
2018-01-21,90.69778
2018-01-22,84.1515
2018-01-23,83.2
2018-01-24,82.51
2018-01-25,76.231
2018-01-26,64.711
2018-01-27,55.8205
2018-01-28,88.712
2018-01-29,86.458824
2018-01-30,75.9635
2018-01-31,72.17
2018-02-01,63.841
2018-02-02,82.36474
2018-02-03,92.972
2018-02-04,87.822
2018-02-05,88.60941
2018-02-06,85.6855
2018-02-07,73.271996
2018-02-08,92.746666
2018-02-09,89.43889
2018-02-10,89.87474
2018-02-11,85.3745
2018-02-12,78.562996
2018-02-13,91.077774
2018-02-14,90.13133
2018-02-15,89.91
2018-02-16,85.93833
2018-02-17,83.562996
2018-02-18,85.003
2018-02-19,68.1445
2018-02-20,75.685
2018-02-21,88.513885
2018-02-22,75.705
2018-02-23,84.006
2018-02-24,75.986
2018-02-25,65.7775
2018-02-26,65.388
2018-02-27,83.7755
2018-02-28,71.9345
2018-03-01,65.0995
2018-03-02,80.270996
2018-03-03,85.80789
2018-03-04,66.3725
2018-03-05,65.7855
2018-03-06,90.19667
2018-03-07,94.54
2018-03-08,94.21333
2018-03-09,87.8225
2018-03-10,83.6555
2018-03-11,79.3955
2018-03-12,84.104
2018-03-13,83.115
2018-03-14,79.903496
2018-03-15,84.394
2018-03-16,92.37572
2018-03-17,91.17062
2018-03-18,89.39166
2018-03-19,91.13917
2018-03-20,89.40706
2018-03-21,80.1075
2018-03-22,67.65
2018-03-23,78.085
2018-03-24,82.4495
2018-03-25,70.673
2018-03-26,78.1005
2018-03-27,86.043
2018-03-28,81.861
2018-03-29,86.88052
2018-03-30,87.45294
2018-03-31,83.98684
2018-04-01,91.80857
2018-04-02,71.354
2018-04-03,65.508995
2018-04-04,54.0655
2018-04-05,69.547
2018-04-06,83.6715
2018-04-07,72.894
2018-04-08,65.939
2018-04-09,56.197
2018-04-10,67.312996
2018-04-11,69.2995
2018-04-12,70.5485
2018-04-13,67.994995
2018-04-14,60.614998
2018-04-15,63.8755
2018-04-16,71.306
2018-04-17,82.081
2018-04-18,61.4055
2018-04-19,50.260998
2018-04-20,44.574997
2018-04-21,50.4615
2018-04-22,56.079
2018-04-23,59.2525
2018-04-24,77.2745
2018-04-25,68.098
2018-04-26,63.841
2018-04-27,71.9775
2018-04-28,58.84
2018-04-29,66.9165
2018-04-30,60.405
2018-05-01,56.053997
2018-05-02,55.72
2018-05-03,46.909
2018-05-04,56.2005
2018-05-05,67.178
2018-05-06,54.1895
2018-05-07,59.601498
2018-05-08,72.7975
2018-05-09,71.523
2018-05-10,67.5075
2018-05-11,65.679
2018-05-12,49.904
2018-05-13,58.0085
2018-05-14,57.281
2018-05-15,79.462
2018-05-16,90.228
2018-05-17,71.223495
2018-05-18,82.4255
2018-05-19,81.766
2018-05-20,72.072
2018-05-21,76.286
2018-05-22,80.003
2018-05-23,71.6485
2018-05-24,75.910995
2018-05-25,74.532
2018-05-26,74.102
2018-05-27,78.3225
2018-05-28,71.4625
2018-05-29,55.3115
2018-05-30,56.9025
2018-05-31,64.520996
2018-06-01,61.2955
2018-06-02,77.501495
2018-06-03,85.2655
2018-06-04,73.1485
2018-06-05,70.4215
2018-06-06,63.934
2018-06-07,63.173
2018-06-08,67.939995
2018-06-09,75.624
2018-06-10,75.049
2018-06-11,78.779495
2018-06-12,74.504
2018-06-13,87.15369
2018-06-14,92.73222
2018-06-15,83.4985
2018-06-16,80.547
2018-06-17,79.419495
2018-06-18,90.8275
2018-06-19,85.2615
2018-06-20,78.537
2018-06-21,73.4765
2018-06-22,83.6415
2018-06-23,84.3495
2018-06-24,77.7125
2018-06-25,80.951996
2018-06-26,60.6955
2018-06-27,88.02
2018-06-28,87.876495
2018-06-29,87.2975
2018-06-30,76.5745
2018-07-01,81.055
2018-07-02,77.985
2018-07-03,71.254
2018-07-04,66.329
2018-07-05,63.553497
2018-07-06,67.8745
2018-07-07,82.846
2018-07-08,80.9435
2018-07-09,88.295
2018-07-10,83.6685
2018-07-11,76.415
2018-07-12,76.8965
2018-07-13,69.5225
2018-07-14,73.7815
2018-07-15,76.9945
2018-07-16,81.274
2018-07-17,74.659996
2018-07-18,82.853
2018-07-19,87.54
2018-07-20,88.081
2018-07-21,71.270996
2018-07-22,75.11
2018-07-23,86.73947
2018-07-24,80.2535
2018-07-25,80.875
2018-07-26,79.002
2018-07-27,78.1595
2018-07-28,88.364
2018-07-29,86.32
2018-07-30,79.6435
2018-07-31,82.4895
2018-08-01,79.5
2018-08-02,76.053
2018-08-03,65.35
2018-08-04,61.323997
2018-08-05,62.9575
2018-08-06,68.25
2018-08-07,63.7725
2018-08-08,67.5925
2018-08-09,68.141495
2018-08-10,68.031
2018-08-11,67.104
2018-08-12,68.9545
2018-08-13,61.1885
2018-08-14,50.8355
2018-08-15,82.975
2018-08-16,78.4955
2018-08-17,71.543495
2018-08-18,66.96
2018-08-19,60.109997
2018-08-20,58.8075
2018-08-21,61.814
2018-08-22,65.361496
2018-08-23,71.226
2018-08-24,63.295498
2018-08-25,63.7365
2018-08-26,90.07353
2018-08-27,80.0935
2018-08-28,73.864
2018-08-29,70.6065
2018-08-30,73.084
2018-08-31,74.389
2018-09-01,60.108997
2018-09-02,56.214
2018-09-03,61.752
2018-09-04,88.0265
2018-09-05,86.7975
2018-09-06,85.6425
2018-09-07,83.4405
2018-09-08,79.582
2018-09-09,75.8775
2018-09-10,76.5315
2018-09-11,75.787
2018-09-12,71.553
2018-09-13,67.4265
2018-09-14,62.071
2018-09-15,78.848495
2018-09-16,72.635
2018-09-17,66.098495
2018-09-18,71.5655
2018-09-19,70.857
2018-09-20,68.131
2018-09-21,70.7725
2018-09-22,83.9435
2018-09-23,80.062996
2018-09-24,85.317
2018-09-25,76.4395
2018-09-26,66.975
2018-09-27,58.0195
2018-09-28,61.164997
2018-09-29,78.9815
2018-09-30,75.187996
2018-10-01,86.5515
2018-10-02,91.866
2018-10-03,80.0715
2018-10-04,76.7735
2018-10-05,74.347496
2018-10-06,66.0525
2018-10-07,64.6075
2018-10-08,79.931
2018-10-09,81.216995
2018-10-10,74.8815
2018-10-11,65.532
2018-10-12,63.6055
2018-10-13,66.671
2018-10-14,60.503998
2018-10-15,59.8365
2018-10-16,63.0085
2018-10-17,61.765
2018-10-18,67.418
2018-10-19,83.8
2018-10-20,84.55211
2018-10-21,88.038
2018-10-22,89.14889
2018-10-23,81.9775
2018-10-24,67.4995
2018-10-25,80.3295
2018-10-26,80.5255
2018-10-27,74.062
2018-10-28,58.7415
2018-10-29,80.933
2018-10-30,85.4845
2018-10-31,75.418495
2018-11-01,82.292
2018-11-02,80.621
2018-11-03,74.556496
2018-11-04,80.5995
2018-11-05,86.61158
2018-11-06,90.79455
2018-11-07,88.219444
2018-11-08,83.0615
2018-11-09,82.2615
2018-11-10,91.445885
2018-11-11,79.0305
2018-11-12,57.863
2018-11-13,64.9835
2018-11-14,72.332
2018-11-15,76.3875
2018-11-16,76.673
2018-11-17,63.593998
2018-11-18,71.852
2018-11-19,90.24062
2018-11-20,83.179
2018-11-21,91.996
2018-11-22,91.744286
2018-11-23,88.01933
2018-11-24,88.761665
2018-11-25,88.562355
2018-11-26,93.975
2018-11-27,89.98286
2018-11-28,71.375
2018-11-29,78.4875
2018-11-30,81.291
2018-12-01,87.059
2018-12-02,72.368004
2018-12-03,77.4335
2018-12-04,94.043335
2018-12-05,78.1015
2018-12-06,87.24579
2018-12-07,84.07
2018-12-08,93.34
2018-12-09,91.544
2018-12-10,91.98643
2018-12-11,90.70818
2018-12-12,91.803635
2018-12-13,90.31834
2018-12-14,90.80278
2018-12-15,90.11
2018-12-16,90.92
2018-12-17,90.610664
2018-12-18,89.530525
2018-12-19,89.928665
2018-12-20,92.25143
2018-12-21,90.356926
2018-12-22,92.295555
2018-12-23,90.711426
2018-12-24,90.269165
2018-12-25,74.74
2018-12-26,86.40737
2018-12-27,83.2995
2018-12-28,90.03429
2018-12-29,90.45308
2018-12-30,89.63812
2018-12-31,91.794
2019-01-01,92.34091
2019-01-02,88.708
2019-01-03,85.8465
2019-01-04,89.247055
2019-01-05,92.8375
2019-01-06,89.945
2019-01-07,88.05278
2019-01-08,91.202774
2019-01-09,89.01059
2019-01-10,87.617645
2019-01-11,86.447365
2019-01-12,91.72867
2019-01-13,93.06125
2019-01-14,92.78222
2019-01-15,84.708
2019-01-16,89.185265
2019-01-17,90.439445
2019-01-18,89.86188
2019-01-19,86.131996
2019-01-20,93.67
2019-01-21,86.63353
2019-01-22,88.780624
2019-01-23,90.53167
2019-01-24,90.12334
2019-01-25,92.299
2019-01-26,86.88052
2019-01-27,89.79176
2019-01-28,86.969
2019-01-29,92.99375
2019-01-30,93.75
2019-01-31,88.37688
2019-02-01,86.46
2019-02-02,85.309
2019-02-03,77.718
2019-02-04,93.0225
2019-02-05,91.218124
2019-02-06,85.5215
2019-02-07,79.514496
2019-02-08,88.13944
2019-02-09,84.6335
2019-02-10,71.7995
2019-02-11,88.787895
2019-02-12,82.085
2019-02-13,73.615
2019-02-14,82.976
2019-02-15,71.65
2019-02-16,82.5155
2019-02-17,79.6235
2019-02-18,75.3275
2019-02-19,74.909
2019-02-20,73.939
2019-02-21,62.772
2019-02-22,76.526
2019-02-23,54.087498
2019-02-24,54.1755
2019-02-25,59.207497
2019-02-26,66.659
2019-02-27,67.0395
2019-02-28,63.2375
2019-03-01,65.7315
2019-03-02,59.440998
2019-03-03,70.4205
2019-03-04,61.518997
2019-03-05,57.3415
2019-03-06,58.8565
2019-03-07,68.033
2019-03-08,74.5955
2019-03-09,73.055
2019-03-10,71.6035
2019-03-11,70.004
2019-03-12,68.346
2019-03-13,62.4235
2019-03-14,74.8645
2019-03-15,76.0315
2019-03-16,69.435
2019-03-17,70.8155
2019-03-18,81.5855
2019-03-19,72.697
2019-03-20,62.628
2019-03-21,54.9465
2019-03-22,61.8485
2019-03-23,44.392998
2019-03-24,55.734497
2019-03-25,63.823997
2019-03-26,63.0305
2019-03-27,56.805
2019-03-28,60.1405
2019-03-29,57.28
2019-03-30,49.726997
2019-03-31,45.4915
2019-04-01,46.447
2019-04-02,35.861496
2019-04-03,37.8065
2019-04-04,36.496998
2019-04-05,41.2005
2019-04-06,76.5245
2019-04-07,67.832
2019-04-08,61.5765
2019-04-09,53.464
2019-04-10,64.914
2019-04-11,71.547
2019-04-12,85.344
2019-04-13,81.459496
2019-04-14,69.1415
2019-04-15,54.265
2019-04-16,55.126
2019-04-17,75.511
2019-04-18,59.1025
2019-04-19,44.066498
2019-04-20,36.083496
2019-04-21,34.769497
2019-04-22,54.7155
2019-04-23,45.288
2019-04-24,61.344498
2019-04-25,52.437996
2019-04-26,47.5655
2019-04-27,76.677
2019-04-28,94.71
2019-04-29,88.37059
2019-04-30,87.746666
2019-05-01,84.6175
2019-05-02,81.177
2019-05-03,74.472496
2019-05-04,88.675
2019-05-05,93.75
2019-05-06,
2019-05-07,81.781
2019-05-08,76.881
2019-05-09,86.2895
2019-05-10,88.350555
2019-05-11,77.1215
2019-05-12,53.883
2019-05-13,76.586
2019-05-14,93.101425
2019-05-15,91.37813
2019-05-16,81.8455
2019-05-17,76.353
2019-05-18,75.584
2019-05-19,72.800995
2019-05-20,91.13722
2019-05-21,85.563156
2019-05-22,87.840004
2019-05-23,90.93353
2019-05-24,90.882225
2019-05-25,84.1635
2019-05-26,71.587
2019-05-27,81.1035
2019-05-28,87.4045
2019-05-29,86.312
2019-05-30,93.31333
2019-05-31,86.8785
2019-06-01,74.0935
2019-06-02,79.9115
2019-06-03,76.937996
2019-06-04,81.4045
2019-06-05,80.1665
2019-06-06,81.0315
2019-06-07,71.5405
2019-06-08,72.194496
2019-06-09,74.414
2019-06-10,65.2695
2019-06-11,70.294
2019-06-12,70.6245
2019-06-13,62.048
2019-06-14,62.162
2019-06-15,62.611
2019-06-16,70.701996
2019-06-17,83.582
2019-06-18,83.084496
2019-06-19,86.209
2019-06-20,85.7245
2019-06-21,89.1495
2019-06-22,82.517
2019-06-23,79.5045
2019-06-24,86.9395
2019-06-25,74.0785
2019-06-26,71.849495
2019-06-27,72.833
2019-06-28,66.183
2019-06-29,68.7775
2019-06-30,64.8145
2019-07-01,67.5295
2019-07-02,66.1635
2019-07-03,62.3945
2019-07-04,60.708
2019-07-05,60.252
2019-07-06,58.5865
2019-07-07,68.5675
2019-07-08,67.192
2019-07-09,65.2105
2019-07-10,67.6785
2019-07-11,77.5555
2019-07-12,62.704
2019-07-13,79.646996
2019-07-14,85.979
2019-07-15,72.9575
2019-07-16,64.9235
2019-07-17,66.822495
2019-07-18,66.409996
2019-07-19,70.47
2019-07-20,74.5495
2019-07-21,67.6805
2019-07-22,75.004
2019-07-23,77.553
2019-07-24,76.7265
2019-07-25,75.416
2019-07-26,77.1515
2019-07-27,74.475
2019-07-28,77.8675
2019-07-29,83.4385
2019-07-30,81.234
2019-07-31,89.878944
2019-08-01,83.059
2019-08-02,76.7565
2019-08-03,79.892
2019-08-04,70.550995
2019-08-05,67.0525
2019-08-06,68.513
2019-08-07,65.434
2019-08-08,68.0815
2019-08-09,60.528
2019-08-10,57.25
2019-08-11,68.1465
2019-08-12,59.236
2019-08-13,65.912
2019-08-14,92.407
2019-08-15,79.023
2019-08-16,73.011
2019-08-17,66.8045
2019-08-18,69.431496
2019-08-19,55.4525
2019-08-20,56.909
2019-08-21,57.8625
2019-08-22,58.6655
2019-08-23,67.602
2019-08-24,62.4355
2019-08-25,57.62
2019-08-26,54.5625
2019-08-27,54.469498
2019-08-28,52.896
2019-08-29,49.045
2019-08-30,60.532497
2019-08-31,54.5265
2019-09-01,55.1995
2019-09-02,43.413498
2019-09-03,88.6865
2019-09-04,71.7625
2019-09-05,71.9815
2019-09-06,59.962498
2019-09-07,57.7305
2019-09-08,68.769
2019-09-09,65.1695
2019-09-10,69.032
2019-09-11,66.6905
2019-09-12,65.046
2019-09-13,61.193
2019-09-14,58.7945
2019-09-15,54.9775
2019-09-16,48.7395
2019-09-17,60.132
2019-09-18,55.067497
2019-09-19,59.3945
2019-09-20,63.586998
2019-09-21,55.0725
2019-09-22,61.3475
2019-09-23,71.571
2019-09-24,67.705
2019-09-25,91.05312
2019-09-26,90.666
2019-09-27,85.007
2019-09-28,76.38
2019-09-29,79.065
2019-09-30,70.152
2019-10-01,74.505
2019-10-02,58.3575
2019-10-03,91.256874
2019-10-04,85.8475
2019-10-05,84.604996
2019-10-06,84.448
2019-10-07,79.0215
2019-10-08,64.7335
2019-10-09,54.245
2019-10-10,74.99
2019-10-11,79.626
2019-10-12,60.038498
2019-10-13,54.475
2019-10-14,63.974
2019-10-15,73.583
2019-10-16,70.333496
2019-10-17,70.2165
2019-10-18,67.7965
2019-10-19,62.148
2019-10-20,65.284
2019-10-21,63.729
2019-10-22,64.897995
2019-10-23,68.139
2019-10-24,66.884
2019-10-25,71.869995
2019-10-26,80.035995
2019-10-27,74.0905
2019-10-28,80.6865
2019-10-29,82.09
2019-10-30,83.2555
2019-10-31,76.8415
2019-11-01,79.352
2019-11-02,81.8915
2019-11-03,80.433
2019-11-04,78.1385
2019-11-05,67.611496
2019-11-06,89.86056
2019-11-07,91.104706
2019-11-08,91.95
2019-11-09,88.09579
2019-11-10,91.172
2019-11-11,85.6055
2019-11-12,70.666
2019-11-13,55.5475
2019-11-14,82.517
2019-11-15,88.126
2019-11-16,72.1765
2019-11-17,73.7765
2019-11-18,75.75
2019-11-19,86.353
2019-11-20,84.0875
2019-11-21,75.539
2019-11-22,70.2055
2019-11-23,68.21
2019-11-24,74.703
2019-11-25,82.017
2019-11-26,84.1645
2019-11-27,89.052635
2019-11-28,90.106
2019-11-29,90.82667
2019-11-30,76.3425
2019-12-01,78.8955
2019-12-02,89.0
2019-12-03,93.207146
2019-12-04,89.24923
2019-12-05,82.09579
2019-12-06,89.69059
2019-12-07,88.778885
2019-12-08,93.420906
2019-12-09,85.52789
2019-12-10,88.73941
2019-12-11,78.703
2019-12-12,88.471664
2019-12-13,84.112495
2019-12-14,92.30909
2019-12-15,81.3475
2019-12-16,62.716
2019-12-17,48.342102
2019-12-18,61.57
2019-12-19,75.20947
2019-12-20,70.158
2019-12-21,76.0955
2019-12-22,76.588
2019-12-23,89.89389
2019-12-24,82.5385
2019-12-25,91.22846
2019-12-26,83.988495
2019-12-27,89.56588
2019-12-28,80.07
2019-12-29,71.618
2019-12-30,74.43316
2019-12-31,81.444496
2020-01-01,86.58
2020-01-02,86.828125
2020-01-03,85.539
2020-01-04,91.228745
2020-01-05,87.562996
2020-01-06,69.583
2020-01-07,70.706
2020-01-08,82.84
2020-01-09,84.7655
2020-01-10,71.052
2020-01-11,93.94857
2020-01-12,90.82429
2020-01-13,90.93714
2020-01-14,90.51111
2020-01-15,89.48944
2020-01-16,88.60842
2020-01-17,87.445786
2020-01-18,88.7195
2020-01-19,90.797775
2020-01-20,92.2975
2020-01-21,83.744736
2020-01-22,75.923
2020-01-23,68.4905
2020-01-24,71.4895
2020-01-25,78.92
2020-01-26,84.99947
2020-01-27,86.56368
2020-01-28,91.93667
2020-01-29,87.01474
2020-01-30,82.762634
2020-01-31,91.695
2020-02-01,89.51789
2020-02-02,82.6765
2020-02-03,81.3155
2020-02-04,91.64625
2020-02-05,75.0055
2020-02-06,73.983
2020-02-07,73.3575
2020-02-08,60.8345
2020-02-09,57.4045
2020-02-10,66.86
2020-02-11,76.395996
2020-02-12,61.475998
2020-02-13,72.449
2020-02-14,89.3905
2020-02-15,86.094
2020-02-16,79.985
2020-02-17,71.777
2020-02-18,75.347496
2020-02-19,71.537
2020-02-20,90.45052
2020-02-21,91.447334
2020-02-22,78.4715
2020-02-23,71.492
2020-02-24,69.4245
2020-02-25,63.024
2020-02-26,87.855
2020-02-27,77.996
2020-02-28,93.520004
2020-02-29,84.7175
2020-03-01,72.397
2020-03-02,80.7715
2020-03-03,86.8085
2020-03-04,
2020-03-05,82.6515
2020-03-06,82.05278
2020-03-07,88.59789
2020-03-08,87.3005
2020-03-09,86.203
2020-03-10,79.957
2020-03-11,89.48
2020-03-12,73.243
2020-03-13,74.173
2020-03-14,65.243996
2020-03-15,48.3205
2020-03-16,62.3805
2020-03-17,45.291
2020-03-18,59.3105
2020-03-19,60.1115
2020-03-20,61.065998
2020-03-21,74.278
2020-03-22,56.143997
2020-03-23,81.9355
2020-03-24,56.88
2020-03-25,43.135498
2020-03-26,48.848
2020-03-27,51.084
2020-03-28,55.9195
2020-03-29,60.8245
2020-03-30,71.6235
2020-03-31,50.129498
2020-04-01,43.7575
2020-04-02,56.659
2020-04-03,53.784
2020-04-04,49.957497
2020-04-05,41.044
2020-04-06,46.364998
2020-04-07,50.095497
2020-04-08,40.836998
2020-04-09,47.4125
2020-04-10,43.5845
2020-04-11,41.644497
2020-04-12,45.649498
2020-04-13,38.6175
2020-04-14,71.359
2020-04-15,54.8535
2020-04-16,52.189
2020-04-17,49.663498
2020-04-18,44.5775
2020-04-19,52.604
2020-04-20,52.8145
2020-04-21,51.385498
2020-04-22,49.7315
2020-04-23,53.1265
2020-04-24,52.288998
2020-04-25,59.7585
2020-04-26,55.387
2020-04-27,57.9795
2020-04-28,53.2385
2020-04-29,75.8595
2020-04-30,90.4065
2020-05-01,89.64786
2020-05-02,90.713684
2020-05-03,74.993
2020-05-04,80.7055
2020-05-05,80.729996
2020-05-06,77.0475
2020-05-07,62.747498
2020-05-08,58.962
2020-05-09,59.3495
2020-05-10,55.256
2020-05-11,49.3415
2020-05-12,75.279495
2020-05-13,67.340996
2020-05-14,72.3325
2020-05-15,72.332
2020-05-16,64.994995
2020-05-17,89.655
2020-05-18,72.5865
2020-05-19,58.392
2020-05-20,75.8355
2020-05-21,48.459
2020-05-22,59.358
2020-05-23,36.6615
2020-05-24,85.5195
2020-05-25,76.8595
2020-05-26,78.0885
2020-05-27,81.722
2020-05-28,81.731
2020-05-29,69.3135
2020-05-30,76.303
2020-05-31,84.2215
2020-06-01,74.6805
2020-06-02,64.297
2020-06-03,59.093
2020-06-04,81.9425
2020-06-05,66.0595
2020-06-06,74.284996
2020-06-07,72.5865
2020-06-08,70.0235
2020-06-09,83.551
2020-06-10,86.5145
2020-06-11,86.947
2020-06-12,83.77052
2020-06-13,79.8665
2020-06-14,79.7445
2020-06-15,88.576996
2020-06-16,91.348
2020-06-17,93.03923
2020-06-18,88.12316
2020-06-19,88.303
2020-06-20,86.3345
2020-06-21,91.59923
2020-06-22,89.81529
2020-06-23,85.7225
2020-06-24,75.932
2020-06-25,85.105
2020-06-26,81.979
2020-06-27,74.163
2020-06-28,75.316
2020-06-29,65.7605
2020-06-30,73.764496
2020-07-01,69.781
2020-07-02,74.8685
2020-07-03,89.5475
2020-07-04,85.8305
2020-07-05,70.0115
2020-07-06,73.348495
2020-07-07,84.4555
2020-07-08,71.6915
2020-07-09,72.907
2020-07-10,64.6965
2020-07-11,53.1755
2020-07-12,83.583496
2020-07-13,74.2455
2020-07-14,71.6655
2020-07-15,75.3395
2020-07-16,69.276
2020-07-17,90.58813
2020-07-18,91.236664
2020-07-19,90.0265
2020-07-20,78.803
2020-07-21,72.457
2020-07-22,76.988
2020-07-23,77.28
2020-07-24,70.2725
2020-07-25,88.667
2020-07-26,89.26369
2020-07-27,91.0
2020-07-28,73.2065
2020-07-29,72.4565
2020-07-30,77.7855
2020-07-31,65.448
2020-08-01,62.706
2020-08-02,74.4055
2020-08-03,53.9025
2020-08-04,53.013
2020-08-05,90.14737
2020-08-06,70.9005
2020-08-07,63.316498
2020-08-08,68.5505
2020-08-09,69.443
2020-08-10,75.808
2020-08-11,68.133995
2020-08-12,74.1515
2020-08-13,68.117
2020-08-14,58.254997
2020-08-15,81.32
2020-08-16,71.687
2020-08-17,68.9825
2020-08-18,83.918
2020-08-19,93.628334
2020-08-20,77.414
2020-08-21,72.0245
2020-08-22,76.795
2020-08-23,91.51647
2020-08-24,83.3415
2020-08-25,87.4245
2020-08-26,74.1705
2020-08-27,63.0035
2020-08-28,70.654
2020-08-29,62.062
2020-08-30,54.4325
2020-08-31,51.1215
2020-09-01,85.9615
2020-09-02,86.6965
2020-09-03,84.1335
2020-09-04,70.459496
2020-09-05,64.7695
2020-09-06,68.6005
2020-09-07,81.891
2020-09-08,65.322
2020-09-09,64.7325
2020-09-10,64.148
2020-09-11,68.464
2020-09-12,75.194
2020-09-13,69.0785
2020-09-14,59.883
2020-09-15,64.691
2020-09-16,65.334
2020-09-17,73.2175
2020-09-18,52.688
2020-09-19,64.077995
2020-09-20,68.3935
2020-09-21,68.7905
2020-09-22,76.2215
2020-09-23,72.741
2020-09-24,79.611
2020-09-25,72.3415
2020-09-26,91.37
2020-09-27,80.007996
2020-09-28,74.403
2020-09-29,91.973335
2020-09-30,94.70333
2020-10-01,92.72857
2020-10-02,78.9415
2020-10-03,71.479
2020-10-04,62.3555
2020-10-05,88.26211
2020-10-06,84.6075
2020-10-07,89.158
2020-10-08,86.787
2020-10-09,78.218
2020-10-10,86.9825
2020-10-11,91.89
2020-10-12,89.74286
2020-10-13,93.23067
2020-10-14,80.334
2020-10-15,83.653
2020-10-16,91.81545
2020-10-17,92.55923
2020-10-18,88.23789
2020-10-19,82.2325
2020-10-20,72.9545
2020-10-21,65.576996
2020-10-22,67.519
2020-10-23,60.357
2020-10-24,86.687
2020-10-25,93.75
2020-10-26,91.93733
2020-10-27,83.763
2020-10-28,90.54437
2020-10-29,93.312225
2020-10-30,76.544
2020-10-31,87.90579
2020-11-01,70.730995
2020-11-02,86.3695
2020-11-03,91.889
2020-11-04,87.04
2020-11-05,91.92667
2020-11-06,80.376
2020-11-07,85.24684
2020-11-08,84.172
2020-11-09,86.95368
2020-11-10,92.414
2020-11-11,93.424286
2020-11-12,92.78
2020-11-13,88.649414
2020-11-14,87.9115
2020-11-15,81.981
2020-11-16,84.777
2020-11-17,92.82429
2020-11-18,93.404
2020-11-19,83.75474
2020-11-20,88.175
2020-11-21,81.83053
2020-11-22,88.138824
2020-11-23,89.58765
2020-11-24,88.019
2020-11-25,86.8875
2020-11-26,86.01789
2020-11-27,85.944115
2020-11-28,90.86667
2020-11-29,89.776
2020-11-30,93.064
2020-12-01,90.92714
2020-12-02,76.6355
2020-12-03,72.311
2020-12-04,66.092995
2020-12-05,72.694
2020-12-06,66.084
2020-12-07,77.668
2020-12-08,80.974
2020-12-09,86.65
2020-12-10,88.79611
2020-12-11,92.19471
2020-12-12,92.54
2020-12-13,94.7
2020-12-14,91.446
2020-12-15,91.55706
2020-12-16,92.42333
2020-12-17,91.37
2020-12-18,93.702
2020-12-19,90.25923
2020-12-20,87.4415
2020-12-21,81.298996
2020-12-22,87.0305
2020-12-23,90.89111
2020-12-24,91.347
2020-12-25,90.36882
2020-12-26,85.373
2020-12-27,91.383125
2020-12-28,74.7255
2020-12-29,65.4565
2020-12-30,84.1145
2020-12-31,93.75
2021-01-01,81.831055
2021-01-02,80.533
2021-01-03,84.910995
2021-01-04,91.135
2021-01-05,88.786316
2021-01-06,84.432
2021-01-07,85.44
2021-01-08,89.934166
2021-01-09,92.97
2021-01-10,93.325
2021-01-11,89.641335
2021-01-12,91.293076
2021-01-13,90.50667
2021-01-14,90.57333
2021-01-15,88.7545
2021-01-16,81.8895
2021-01-17,86.62684
2021-01-18,81.5775
2021-01-19,86.40263
2021-01-20,85.67934
2021-01-21,81.6965
2021-01-22,84.205
2021-01-23,76.664
2021-01-24,82.49
2021-01-25,92.76071
2021-01-26,91.950836
2021-01-27,89.55444
2021-01-28,77.96579
2021-01-29,89.01882
2021-01-30,88.99737
2021-01-31,77.347
2021-02-01,92.654
2021-02-02,91.534004
2021-02-03,88.495
2021-02-04,83.097
2021-02-05,83.043335
2021-02-06,83.37211
2021-02-07,87.109474
2021-02-08,90.88231
2021-02-09,90.59526
2021-02-10,90.33737
2021-02-11,91.50455
2021-02-12,80.09
2021-02-13,81.9125
2021-02-14,82.955
2021-02-15,79.503
2021-02-16,83.927895
2021-02-17,79.734
2021-02-18,90.28445
2021-02-19,84.4675
2021-02-20,91.72833
2021-02-21,82.871
2021-02-22,78.496
2021-02-23,72.005
2021-02-24,78.416504
2021-02-25,69.4125
2021-02-26,78.9025
2021-02-27,76.014
2021-02-28,71.065
2021-03-01,75.0755
2021-03-02,72.6195
2021-03-03,70.576
2021-03-04,62.952
2021-03-05,71.7325
2021-03-06,65.9785
2021-03-07,58.212498
2021-03-08,58.3685
2021-03-09,64.751
2021-03-10,82.5935
2021-03-11,71.106995
2021-03-12,85.24105
2021-03-13,80.5645
2021-03-14,78.643
2021-03-15,91.35353
2021-03-16,71.0125
2021-03-17,77.625
2021-03-18,81.3605
2021-03-19,71.6665
2021-03-20,76.27
2021-03-21,77.027
2021-03-22,82.004
2021-03-23,67.857
2021-03-24,61.8545
2021-03-25,65.9945
2021-03-26,57.422
2021-03-27,56.609497
2021-03-28,60.0465
2021-03-29,44.889
2021-03-30,71.821
2021-03-31,66.321
2021-04-01,67.215
2021-04-02,71.563995
2021-04-03,81.6855
2021-04-04,83.13
2021-04-05,69.966
2021-04-06,78.598
2021-04-07,71.574
2021-04-08,77.5325
2021-04-09,68.5705
2021-04-10,51.472
2021-04-11,60.385
2021-04-12,45.7315
2021-04-13,87.55055
2021-04-14,90.44067
2021-04-15,92.20529
2021-04-16,83.529495
2021-04-17,84.1445
2021-04-18,89.1
2021-04-19,86.5555
2021-04-20,81.445496
2021-04-21,83.323
2021-04-22,66.809
2021-04-23,65.045
2021-04-24,58.1865
2021-04-25,62.542
2021-04-26,54.2935
2021-04-27,60.18
2021-04-28,68.5315
2021-04-29,73.01
2021-04-30,79.245
2021-05-01,73.8605
2021-05-02,72.0485
2021-05-03,62.14
2021-05-04,55.077
2021-05-05,49.866997
2021-05-06,58.7065
2021-05-07,74.921
2021-05-08,68.986496
2021-05-09,47.335
2021-05-10,49.562
2021-05-11,51.5475
2021-05-12,57.852997
2021-05-13,83.717
2021-05-14,84.712
2021-05-15,73.751495
2021-05-16,89.24
2021-05-17,84.3745
2021-05-18,90.41167
2021-05-19,77.761
2021-05-20,82.2595
2021-05-21,66.695496
2021-05-22,70.596
2021-05-23,77.1775
2021-05-24,74.2745
2021-05-25,76.374
2021-05-26,59.650497
2021-05-27,65.2175
2021-05-28,73.7635
2021-05-29,78.13
2021-05-30,83.0945
2021-05-31,86.2565
2021-06-01,77.073
2021-06-02,66.905495
2021-06-03,57.765
2021-06-04,58.552
2021-06-05,76.622
2021-06-06,74.221
2021-06-07,71.3115
2021-06-08,64.365
2021-06-09,65.9325
2021-06-10,67.7315
2021-06-11,67.598495
2021-06-12,63.668
2021-06-13,74.724495
2021-06-14,72.226
2021-06-15,71.207
2021-06-16,64.2615
2021-06-17,61.064
2021-06-18,60.893497
2021-06-19,72.3305
2021-06-20,66.794
2021-06-21,65.6205
2021-06-22,66.695496
2021-06-23,61.204
2021-06-24,63.3915
2021-06-25,66.356
2021-06-26,78.3695
2021-06-27,68.4295
2021-06-28,62.8005
2021-06-29,66.1725
2021-06-30,66.348
2021-07-01,76.501
2021-07-02,82.390495
2021-07-03,82.9975
2021-07-04,77.4295
2021-07-05,64.759995
2021-07-06,59.322
2021-07-07,54.927498
2021-07-08,52.9325
2021-07-09,46.002
2021-07-10,68.81
2021-07-11,62.9095
2021-07-12,53.5695
2021-07-13,59.768497
2021-07-14,49.670998
2021-07-15,74.1565
2021-07-16,87.4335
2021-07-17,78.034996
2021-07-18,75.070496
2021-07-19,88.5015
2021-07-20,86.272
2021-07-21,78.3875
2021-07-22,68.2035
2021-07-23,67.59
2021-07-24,64.5025
2021-07-25,58.377
2021-07-26,60.222
2021-07-27,62.982998
2021-07-28,61.156498
2021-07-29,67.5265
2021-07-30,58.232
2021-07-31,72.193
2021-08-01,71.626495
2021-08-02,72.9705
2021-08-03,69.392
2021-08-04,64.5305
2021-08-05,69.805
2021-08-06,72.1335
2021-08-07,58.1275
2021-08-08,58.1895
2021-08-09,70.765495
2021-08-10,62.7595
2021-08-11,57.4665
2021-08-12,54.519497
2021-08-13,61.697
2021-08-14,55.623
2021-08-15,56.2215
2021-08-16,59.1165
2021-08-17,74.062996
2021-08-18,71.626
2021-08-19,64.5165
2021-08-20,61.1555
2021-08-21,65.1075
2021-08-22,65.9925
2021-08-23,62.786
2021-08-24,82.4275
2021-08-25,80.798996
2021-08-26,71.443
2021-08-27,89.24684
2021-08-28,80.451996
2021-08-29,86.82889
2021-08-30,86.932
2021-08-31,80.575
2021-09-01,85.476
2021-09-02,75.075
2021-09-03,75.173996
2021-09-04,72.811
2021-09-05,66.7025
2021-09-06,71.562996
2021-09-07,71.83
2021-09-08,68.2555
2021-09-09,70.569496
2021-09-10,78.9395
2021-09-11,66.7435
2021-09-12,62.4705
2021-09-13,69.404
2021-09-14,64.232
2021-09-15,66.076996
2021-09-16,67.6965
2021-09-17,76.8385
2021-09-18,85.6915
2021-09-19,87.385
2021-09-20,87.6285
2021-09-21,77.652
2021-09-22,88.2255
2021-09-23,73.097496
2021-09-24,67.1055
2021-09-25,74.631996
2021-09-26,63.233498
2021-09-27,56.716
2021-09-28,85.034
2021-09-29,81.5335
2021-09-30,91.34177
2021-10-01,89.68895
2021-10-02,85.2505
2021-10-03,77.839
2021-10-04,64.503
2021-10-05,61.086
2021-10-06,58.365997
2021-10-07,62.3845
2021-10-08,73.693
2021-10-09,81.8415
2021-10-10,69.5965
2021-10-11,83.357
2021-10-12,93.14
2021-10-13,91.95
2021-10-14,93.221115
2021-10-15,92.026474
2021-10-16,89.63947
2021-10-17,81.991
2021-10-18,80.869995
2021-10-19,77.192
2021-10-20,75.641495
2021-10-21,69.1425
2021-10-22,64.5255
2021-10-23,78.8065
2021-10-24,76.4065
2021-10-25,69.3445
2021-10-26,63.782997
2021-10-27,71.104
2021-10-28,72.784
2021-10-29,59.2575
2021-10-30,65.59
2021-10-31,77.6155
2021-11-01,79.946495
2021-11-02,84.615
2021-11-03,82.899
2021-11-04,75.6815
2021-11-05,89.81
2021-11-06,84.712105
2021-11-07,93.04769
2021-11-08,92.89555
2021-11-09,93.13125
2021-11-10,88.505264
2021-11-11,88.528824
2021-11-12,83.04263
2021-11-13,85.23526
2021-11-14,83.92526
2021-11-15,81.665
2021-11-16,84.9825
2021-11-17,92.24308
2021-11-18,
2021-11-19,91.1075
2021-11-20,89.26647
2021-11-21,83.107
2021-11-22,89.149
2021-11-23,83.506996
2021-11-24,86.59526
2021-11-25,77.9475
2021-11-26,74.6855
2021-11-27,84.21684
2021-11-28,84.1321
2021-11-29,94.212
2021-11-30,89.55
2021-12-01,86.475
2021-12-02,85.255264
2021-12-03,92.02941
2021-12-04,93.239
2021-12-05,90.22176
2021-12-06,
2021-12-07,92.128334
2021-12-08,87.5365
2021-12-09,86.04316
2021-12-10,93.729996
2021-12-11,92.87334
2021-12-12,93.438995
2021-12-13,91.185555
2021-12-14,88.81105
2021-12-15,90.67563
2021-12-16,93.945
2021-12-17,87.47723
2021-12-18,78.6775
2021-12-19,90.13417
2021-12-20,78.661575
2021-12-21,77.032
2021-12-22,80.8725
2021-12-23,73.396996
2021-12-24,87.54706
2021-12-25,90.44923
2021-12-26,79.209
2021-12-27,89.96125
2021-12-28,93.612
2021-12-29,94.475
2021-12-30,90.79667
2021-12-31,92.418335
2022-01-01,92.1575
2022-01-02,94.71
2022-01-03,92.585556
2022-01-04,89.26889
2022-01-05,92.10834
2022-01-06,90.945
2022-01-07,88.55111
2022-01-08,92.16
2022-01-09,92.91499
2022-01-10,91.98143
2022-01-11,81.248
2022-01-12,78.748
2022-01-13,89.541176
2022-01-14,92.16
2022-01-15,93.75
2022-01-16,
2022-01-17,94.416
2022-01-18,76.4105
2022-01-19,86.4635
2022-01-20,89.090004
2022-01-21,82.659996
2022-01-22,83.13
2022-01-23,67.118
2022-01-24,67.8585
2022-01-25,82.598
2022-01-26,90.707855
2022-01-27,92.70333
2022-01-28,88.98235
2022-01-29,81.322
2022-01-30,86.93222
2022-01-31,73.155
2022-02-01,85.198
2022-02-02,93.24
2022-02-03,88.6535
2022-02-04,82.959
2022-02-05,79.5855
2022-02-06,81.3105
2022-02-07,85.5285
2022-02-08,79.706
2022-02-09,87.1875
2022-02-10,90.823746
2022-02-11,83.653
2022-02-12,62.1535
2022-02-13,75.781
2022-02-14,75.8705
2022-02-15,91.22706
2022-02-16,93.75
2022-02-17,92.764
2022-02-18,62.722
2022-02-19,67.3115
2022-02-20,70.917496
2022-02-21,88.90278
2022-02-22,89.56105
2022-02-23,90.5079
2022-02-24,84.2075
2022-02-25,69.7405
2022-02-26,57.651997
2022-02-27,55.105
2022-02-28,62.170998
2022-03-01,65.5185
2022-03-02,67.4965
2022-03-03,54.7175
2022-03-04,61.415497
2022-03-05,69.843
2022-03-06,65.201
2022-03-07,68.335
2022-03-08,71.3405
2022-03-09,79.5185
2022-03-10,61.010998
2022-03-11,44.234497
2022-03-12,54.8555
2022-03-13,49.940998
2022-03-14,56.142498
2022-03-15,49.205498
2022-03-16,81.8545
2022-03-17,78.7435
2022-03-18,69.2145
2022-03-19,48.6255
2022-03-20,52.8635
2022-03-21,47.8415
2022-03-22,38.221996
2022-03-23,41.927
2022-03-24,41.985
2022-03-25,45.956997
2022-03-26,49.0375
2022-03-27,29.040497
2022-03-28,34.334
2022-03-29,42.610497
2022-03-30,74.016
2022-03-31,86.064
2022-04-01,93.263336
2022-04-02,89.725266
2022-04-03,80.6205
2022-04-04,73.895996
2022-04-05,80.2255
2022-04-06,71.531
2022-04-07,90.30947
2022-04-08,77.233
2022-04-09,90.82357
2022-04-10,65.7705
2022-04-11,63.900497
2022-04-12,52.314
2022-04-13,53.025497
2022-04-14,47.2045
2022-04-15,48.150997
2022-04-16,78.876495
2022-04-17,59.294
2022-04-18,69.3265
2022-04-19,59.246
2022-04-20,65.739494
2022-04-21,71.745995
2022-04-22,76.570496
2022-04-23,91.24834
2022-04-24,88.98579
2022-04-25,74.276
2022-04-26,76.559
2022-04-27,69.0665
2022-04-28,85.20579
2022-04-29,69.971
2022-04-30,61.1385
2022-05-01,64.326
2022-05-02,59.642
2022-05-03,66.9275
2022-05-04,65.3515
2022-05-05,61.297
2022-05-06,65.1055
2022-05-07,70.714
2022-05-08,70.7355
2022-05-09,65.7915
2022-05-10,58.239
2022-05-11,63.2455
2022-05-12,54.6465
2022-05-13,69.1955
2022-05-14,67.9925
2022-05-15,60.859497
2022-05-16,61.4965
2022-05-17,71.979004
2022-05-18,53.592
2022-05-19,62.1525
2022-05-20,50.03
2022-05-21,45.809
2022-05-22,54.538
2022-05-23,72.3625
2022-05-24,69.488
2022-05-25,59.5295
2022-05-26,67.054
2022-05-27,65.2335
2022-05-28,70.15
2022-05-29,77.097496
2022-05-30,64.4775
2022-05-31,69.6365
2022-06-01,78.159
2022-06-02,68.886
2022-06-03,63.0225
2022-06-04,88.28158
2022-06-05,71.937
2022-06-06,61.2175
2022-06-07,65.241
2022-06-08,44.2225
2022-06-09,61.0275
2022-06-10,71.403496
2022-06-11,79.276
2022-06-12,64.7565
2022-06-13,55.4725
2022-06-14,59.692497
2022-06-15,57.008
2022-06-16,50.957497
2022-06-17,55.499
2022-06-18,58.5475
2022-06-19,64.361
2022-06-20,56.642998
2022-06-21,55.274998
2022-06-22,56.717
2022-06-23,49.503
2022-06-24,58.188
2022-06-25,57.0715
2022-06-26,69.416
2022-06-27,61.1195
2022-06-28,54.5715
2022-06-29,67.212
2022-06-30,59.045
2022-07-01,58.9645
2022-07-02,71.705
2022-07-03,66.727
2022-07-04,56.761497
2022-07-05,36.594498
2022-07-06,76.3385
2022-07-07,60.495
2022-07-08,59.121998
2022-07-09,66.6795
2022-07-10,69.948
2022-07-11,72.988
2022-07-12,75.3025
2022-07-13,55.0235
2022-07-14,52.6075
2022-07-15,60.829
2022-07-16,50.855
2022-07-17,64.94
2022-07-18,51.786
2022-07-19,60.593998
2022-07-20,49.908497
2022-07-21,47.893497
2022-07-22,43.5415
2022-07-23,46.653
2022-07-24,68.499
2022-07-25,64.946
2022-07-26,50.9085
2022-07-27,62.3075
2022-07-28,64.7405
2022-07-29,61.53
2022-07-30,71.2665
2022-07-31,87.697
2022-08-01,76.659
2022-08-02,69.5245
2022-08-03,62.0485
2022-08-04,54.4945
2022-08-05,60.408497
2022-08-06,59.746
2022-08-07,64.3925
2022-08-08,60.1055
2022-08-09,64.469
2022-08-10,58.3755
2022-08-11,58.3075
2022-08-12,68.998
2022-08-13,67.819
2022-08-14,69.92
2022-08-15,77.1275
2022-08-16,78.698
2022-08-17,73.4655
2022-08-18,74.223495
2022-08-19,62.7375
2022-08-20,64.1
2022-08-21,83.256
2022-08-22,81.9345
2022-08-23,77.945496
2022-08-24,80.7485
2022-08-25,59.969498
2022-08-26,58.765
2022-08-27,58.536
2022-08-28,54.469997
2022-08-29,84.8475
2022-08-30,75.072
2022-08-31,69.4065
2022-09-01,66.778496
2022-09-02,92.60158
2022-09-03,90.389
2022-09-04,79.873
2022-09-05,76.0735
2022-09-06,64.555
2022-09-07,78.732
2022-09-08,78.465
2022-09-09,93.91
2022-09-10,92.80182
2022-09-11,88.365
2022-09-12,69.5495
2022-09-13,67.203995
2022-09-14,77.661995
2022-09-15,80.2415
2022-09-16,79.1875
2022-09-17,89.478
2022-09-18,82.4265
2022-09-19,84.45
2022-09-20,87.94316
2022-09-21,90.460526
2022-09-22,83.951996
2022-09-23,85.1695
2022-09-24,81.0505
2022-09-25,67.737495
2022-09-26,93.53445
2022-09-27,91.0625
2022-09-28,78.5165
2022-09-29,90.597855
2022-09-30,91.04462
2022-10-01,91.65733
2022-10-02,76.363
2022-10-03,76.914
2022-10-04,81.005
2022-10-05,83.184
2022-10-06,73.811
2022-10-07,77.153
2022-10-08,71.95
2022-10-09,84.9055
2022-10-10,87.759
2022-10-11,83.787
2022-10-12,78.441
2022-10-13,78.7705
2022-10-14,88.9475
2022-10-15,87.085266
2022-10-16,77.0605
2022-10-17,84.666
2022-10-18,81.441
2022-10-19,83.3695
2022-10-20,80.4435
2022-10-21,77.6485
2022-10-22,76.945496
2022-10-23,88.944115
2022-10-24,84.273
2022-10-25,93.02333
2022-10-26,91.06412
2022-10-27,87.06
2022-10-28,89.62737
2022-10-29,90.2653
2022-10-30,83.129
2022-10-31,79.209
2022-11-01,68.1145
2022-11-02,89.32632
2022-11-03,91.261665
2022-11-04,80.6505
2022-11-05,90.08
2022-11-06,91.21
2022-11-07,94.24
2022-11-08,93.365
2022-11-09,87.81421
2022-11-10,90.71176
2022-11-11,80.42842
2022-11-12,76.904
2022-11-13,82.55947
2022-11-14,82.38684
2022-11-15,85.67941
2022-11-16,94.475
2022-11-17,89.62222
2022-11-18,91.886154
2022-11-19,82.238
2022-11-20,89.44706
2022-11-21,91.79733
2022-11-22,87.09889
2022-11-23,80.77
2022-11-24,92.05615
2022-11-25,82.695
2022-11-26,90.975716
2022-11-27,90.22823
2022-11-28,90.07
2022-11-29,91.384
2022-11-30,84.16579
2022-12-01,87.95177
2022-12-02,84.051575
2022-12-03,83.8545
2022-12-04,87.488945
2022-12-05,88.15
2022-12-06,83.73211
2022-12-07,85.66235
2022-12-08,82.886
2022-12-09,89.592
2022-12-10,92.4575
2022-12-11,90.02154
2022-12-12,83.886
2022-12-13,87.701
2022-12-14,84.5505
2022-12-15,90.19778
2022-12-16,91.9225
2022-12-17,89.88118
2022-12-18,84.133
2022-12-19,83.4395
2022-12-20,67.2855
2022-12-21,70.2
2022-12-22,77.4825
2022-12-23,90.28
2022-12-24,92.0075
2022-12-25,93.82
2022-12-26,88.47875
2022-12-27,83.64
2022-12-28,86.86706
2022-12-29,73.681
2022-12-30,86.213
2022-12-31,91.04
2023-01-01,86.406876
2023-01-02,78.868416
2023-01-03,91.59
2023-01-04,90.73688
2023-01-05,91.18
2023-01-06,81.387
2023-01-07,90.12867
2023-01-08,89.223076
2023-01-09,79.7
2023-01-10,91.94
2023-01-11,89.19211
2023-01-12,
2023-01-13,92.105
2023-01-14,94.24
2023-01-15,83.029
2023-01-16,91.17438
2023-01-17,88.492775
2023-01-18,79.4465
2023-01-19,89.164
2023-01-20,92.375
2023-01-21,90.73929
2023-01-22,82.78412
2023-01-23,86.1
2023-01-24,88.443886
2023-01-25,84.80158
2023-01-26,79.766495
2023-01-27,85.2165
2023-01-28,79.6145
2023-01-29,78.2755
2023-01-30,80.6015
2023-01-31,82.9685
2023-02-01,88.524704
2023-02-02,86.55765
2023-02-03,85.252106
2023-02-04,84.02357
2023-02-05,76.7105
2023-02-06,74.6575
2023-02-07,73.645996
2023-02-08,73.0135
2023-02-09,82.811
2023-02-10,80.784
2023-02-11,85.876
2023-02-12,89.46
2023-02-13,90.69647
2023-02-14,82.267365
2023-02-15,78.231
2023-02-16,80.37684
2023-02-17,93.30333
2023-02-18,88.69737
2023-02-19,88.41947
2023-02-20,76.3985
2023-02-21,81.0665
2023-02-22,78.421
2023-02-23,87.933
2023-02-24,92.02
2023-02-25,91.550835
2023-02-26,87.23106
2023-02-27,85.192
2023-02-28,92.395836
2023-03-01,70.1925
2023-03-02,78.872
2023-03-03,77.962
2023-03-04,78.8155
2023-03-05,77.7975
2023-03-06,79.3595
2023-03-07,79.8445
2023-03-08,80.035995
2023-03-09,89.55765
2023-03-10,89.161766
2023-03-11,87.378
2023-03-12,72.0865
2023-03-13,55.547
2023-03-14,55.2515
2023-03-15,90.784996
2023-03-16,59.9765
2023-03-17,65.4355
2023-03-18,67.701
2023-03-19,63.3675
2023-03-20,63.322
2023-03-21,81.8645
2023-03-22,69.83
2023-03-23,68.398
2023-03-24,57.948498
2023-03-25,77.646996
2023-03-26,71.983
2023-03-27,87.721054
2023-03-28,65.908
2023-03-29,59.123
2023-03-30,63.4545
2023-03-31,89.46389
2023-04-01,88.3415
2023-04-02,80.0525
2023-04-03,86.33737
2023-04-04,76.94
2023-04-05,66.393
2023-04-06,93.60167
2023-04-07,90.86437
2023-04-08,81.9165
2023-04-09,76.0935
2023-04-10,93.00562
2023-04-11,75.432
2023-04-12,84.7885
2023-04-13,68.8805
2023-04-14,68.714
2023-04-15,66.410995
2023-04-16,55.9125
2023-04-17,78.712
2023-04-18,62.4605
2023-04-19,60.2575
2023-04-20,68.719
2023-04-21,61.121
2023-04-22,55.463497
2023-04-23,67.972496
2023-04-24,76.171
2023-04-25,94.71
2023-04-26,82.826
2023-04-27,71.629
2023-04-28,67.9825
2023-04-29,47.072998
2023-04-30,74.978
2023-05-01,58.721
2023-05-02,44.147
2023-05-03,64.9465
2023-05-04,72.7155
2023-05-05,69.396996
2023-05-06,66.406
2023-05-07,78.479996
2023-05-08,73.206
2023-05-09,71.0775
2023-05-10,66.7
2023-05-11,54.026
2023-05-12,47.7385
2023-05-13,70.794
2023-05-14,65.434
2023-05-15,91.37
2023-05-16,87.24316
2023-05-17,82.437
2023-05-18,93.145836
2023-05-19,82.789
2023-05-20,68.354
2023-05-21,64.6195
2023-05-22,61.418
2023-05-23,66.154495
2023-05-24,89.93923
2023-05-25,77.2535
2023-05-26,69.3995
2023-05-27,70.9545
2023-05-28,64.976
2023-05-29,76.1275
2023-05-30,75.6865
2023-05-31,67.599
2023-06-01,64.7965
2023-06-02,69.6785
2023-06-03,60.3035
2023-06-04,55.4795
2023-06-05,68.0795
2023-06-06,87.1045
2023-06-07,88.6085
2023-06-08,79.6235
2023-06-09,86.435
2023-06-10,84.249
2023-06-11,72.605995
2023-06-12,69.8325
2023-06-13,84.2195
2023-06-14,74.897
2023-06-15,77.797
2023-06-16,91.58
2023-06-17,90.0879
2023-06-18,77.014496
2023-06-19,72.44
2023-06-20,64.1655
2023-06-21,63.5445
2023-06-22,76.3825
2023-06-23,76.488
2023-06-24,81.429
2023-06-25,77.895
2023-06-26,73.665
2023-06-27,85.0985
2023-06-28,72.335495
2023-06-29,75.4975
2023-06-30,74.5675
2023-07-01,67.8555
2023-07-02,79.97
2023-07-03,72.0275
2023-07-04,83.877
2023-07-05,72.336
2023-07-06,80.8265
2023-07-07,71.9565
2023-07-08,64.263
2023-07-09,64.894
2023-07-10,56.698498
2023-07-11,64.1535
2023-07-12,75.3155
2023-07-13,83.0745
2023-07-14,74.4465
2023-07-15,58.942497
2023-07-16,53.1745
2023-07-17,67.6185
2023-07-18,71.563995
2023-07-19,68.7545
2023-07-20,79.427
2023-07-21,70.0635
2023-07-22,77.149
2023-07-23,67.1455
2023-07-24,57.598
2023-07-25,63.481
2023-07-26,80.0355
2023-07-27,71.0775
2023-07-28,67.3175
2023-07-29,73.6735
2023-07-30,76.6475
2023-07-31,81.033
2023-08-01,58.9125
2023-08-02,79.238
2023-08-03,81.3025
2023-08-04,71.791
2023-08-05,71.934
2023-08-06,79.4575
2023-08-07,68.704
2023-08-08,79.4755
2023-08-09,65.0395
2023-08-10,76.838
2023-08-11,81.9055
2023-08-12,70.340996
2023-08-13,61.1065
2023-08-14,69.992
2023-08-15,74.5655
2023-08-16,78.9815
2023-08-17,74.0935
2023-08-18,74.266
2023-08-19,72.3545
2023-08-20,69.2495
2023-08-21,71.875
2023-08-22,68.894
2023-08-23,83.4635
2023-08-24,77.0515
2023-08-25,71.675995
2023-08-26,55.018497
2023-08-27,60.122498
2023-08-28,70.355
2023-08-29,56.424
2023-08-30,77.673996
2023-08-31,86.592
2023-09-01,72.5765
2023-09-02,65.1305
2023-09-03,87.0665
2023-09-04,66.840996
2023-09-05,69.2125
2023-09-06,67.79
2023-09-07,66.654
2023-09-08,60.399498
2023-09-09,65.629
2023-09-10,66.1095
2023-09-11,66.254
2023-09-12,59.7385
2023-09-13,50.1695
2023-09-14,81.61
2023-09-15,79.1865
2023-09-16,75.8525
2023-09-17,82.002
2023-09-18,71.9825
2023-09-19,75.8005
2023-09-20,81.343
2023-09-21,78.3045
2023-09-22,72.6035
2023-09-23,63.043
2023-09-24,92.37
2023-09-25,83.4475
2023-09-26,67.541
2023-09-27,61.914997
2023-09-28,70.072
2023-09-29,76.268
2023-09-30,72.794
2023-10-01,66.606
2023-10-02,67.347496
2023-10-03,59.711
2023-10-04,72.7765
2023-10-05,73.944
2023-10-06,74.835
2023-10-07,66.347496
2023-10-08,52.857
2023-10-09,71.382996
2023-10-10,54.53
2023-10-11,71.292496
2023-10-12,55.834
2023-10-13,69.7175
2023-10-14,60.1555
2023-10-15,88.27125
2023-10-16,78.0545
2023-10-17,80.3715
2023-10-18,79.9815
2023-10-19,90.00667
2023-10-20,76.1325
2023-10-21,50.371998
2023-10-22,63.961
2023-10-23,73.2325
2023-10-24,73.764496
2023-10-25,89.3365
2023-10-26,85.069
2023-10-27,89.483154
2023-10-28,87.844
2023-10-29,79.84842
2023-10-30,66.2315
2023-10-31,75.1725
2023-11-01,85.153496
2023-11-02,77.8925
2023-11-03,77.194496
2023-11-04,92.083336
2023-11-05,90.039375
2023-11-06,74.018
2023-11-07,87.585495
2023-11-08,95.16
2023-11-09,80.6415
2023-11-10,62.8965
2023-11-11,92.36875
2023-11-12,86.231
2023-11-13,83.819
2023-11-14,89.949
2023-11-15,89.965
2023-11-16,77.1355
2023-11-17,89.94222
2023-11-18,84.711
2023-11-19,83.019
2023-11-20,89.38824
2023-11-21,91.555
2023-11-22,87.664444
2023-11-23,86.36
2023-11-24,85.57
2023-11-25,85.87474
2023-11-26,79.7695
2023-11-27,87.859
2023-11-28,87.888824
2023-11-29,77.4435
2023-11-30,84.362
2023-12-01,92.915
2023-12-02,92.746
2023-12-03,88.5055
2023-12-04,83.179
2023-12-05,76.354
2023-12-06,66.9245
2023-12-07,92.255
2023-12-08,85.689476
2023-12-09,87.58222
2023-12-10,80.477
2023-12-11,89.58111
2023-12-12,89.56687
2023-12-13,91.55929
2023-12-14,92.137146
2023-12-15,80.8215
2023-12-16,80.4105
2023-12-17,89.63
2023-12-18,89.48385
2023-12-19,87.16111
2023-12-20,85.69
2023-12-21,85.12
2023-12-22,78.2965
2023-12-23,66.4505
2023-12-24,82.820526
2023-12-25,75.9285
2023-12-26,78.3455
2023-12-27,79.169
2023-12-28,62.4725
2023-12-29,83.9065
2023-12-30,85.626
2023-12-31,88.83059
2024-01-01,83.48
2024-01-02,82.127
2024-01-03,89.982
2024-01-04,82.14579
2024-01-05,75.6505
2024-01-06,84.975266
2024-01-07,80.12842
2024-01-08,68.3715
2024-01-09,67.4045
2024-01-10,85.64833
2024-01-11,90.42438
2024-01-12,81.4065
2024-01-13,79.9715
2024-01-14,75.567
2024-01-15,76.074
2024-01-16,64.464
2024-01-17,74.7565
2024-01-18,89.480835
2024-01-19,86.135
2024-01-20,83.211
2024-01-21,90.131996
2024-01-22,91.88706
2024-01-23,88.058
2024-01-24,93.69
2024-01-25,84.65369
2024-01-26,67.9645
2024-01-27,68.189995
2024-01-28,51.686497
2024-01-29,71.296
2024-01-30,74.891
2024-01-31,87.22158
2024-02-01,92.64571
2024-02-02,90.431816
2024-02-03,87.75056
2024-02-04,78.5825
2024-02-05,81.347496
2024-02-06,63.951
2024-02-07,78.3115
2024-02-08,83.409
2024-02-09,75.74
2024-02-10,83.825554
2024-02-11,68.848
2024-02-12,87.17105
2024-02-13,70.0775
2024-02-14,58.1015
2024-02-15,71.5675
2024-02-16,67.6985
2024-02-17,61.7355
2024-02-18,74.711494
2024-02-19,74.4415
2024-02-20,92.03714
2024-02-21,83.917
2024-02-22,72.119995
2024-02-23,76.1875
2024-02-24,77.333
2024-02-25,92.16333
2024-02-26,77.564
2024-02-27,56.196
2024-02-28,51.295498
2024-02-29,69.826
2024-03-01,71.5105
2024-03-02,64.247
2024-03-03,81.7105
2024-03-04,78.09
2024-03-05,74.0955
2024-03-06,90.07875
2024-03-07,86.4295
2024-03-08,80.2875
2024-03-09,84.614
2024-03-10,74.333496
2024-03-11,60.8735
2024-03-12,63.392498
2024-03-13,82.37
2024-03-14,76.4485
2024-03-15,72.8115
2024-03-16,86.1875
2024-03-17,90.32
2024-03-18,74.868
2024-03-19,56.075996
2024-03-20,63.1905
2024-03-21,59.696
2024-03-22,68.8825
2024-03-23,65.8915
2024-03-24,73.219
2024-03-25,78.446495
2024-03-26,61.8705
2024-03-27,56.081997
2024-03-28,78.641
2024-03-29,63.7905
2024-03-30,59.768497
2024-03-31,49.2025
2024-04-01,46.301
2024-04-02,79.1995
2024-04-03,63.906998
2024-04-04,69.907
2024-04-05,78.279
2024-04-06,69.4955
2024-04-07,64.6655
2024-04-08,58.717
2024-04-09,61.207
2024-04-10,77.3375
2024-04-11,75.735
2024-04-12,70.2495
2024-04-13,66.015
2024-04-14,63.689
2024-04-15,66.454
2024-04-16,90.387856
2024-04-17,81.2465
2024-04-18,80.045
2024-04-19,79.442
2024-04-20,63.871
2024-04-21,79.243
2024-04-22,89.45353
2024-04-23,80.9
2024-04-24,90.02529
2024-04-25,84.977
2024-04-26,73.413
2024-04-27,58.064
2024-04-28,59.401
2024-04-29,54.786
2024-04-30,38.779995
2024-05-01,45.701
2024-05-02,41.4115
2024-05-03,49.712997
2024-05-04,56.526
2024-05-05,62.332
2024-05-06,63.096996
2024-05-07,80.038
2024-05-08,85.820496
2024-05-09,77.8275
2024-05-10,66.4845
2024-05-11,61.9945
2024-05-12,51.4735
2024-05-13,56.0075
2024-05-14,54.6055
2024-05-15,69.2215
2024-05-16,55.831497
2024-05-17,68.5005
2024-05-18,79.157
2024-05-19,75.465996
2024-05-20,70.5115
2024-05-21,65.801
2024-05-22,84.5415
2024-05-23,88.8585
2024-05-24,76.1585
2024-05-25,68.5895
2024-05-26,45.839497
2024-05-27,52.392498
2024-05-28,76.325
2024-05-29,68.619995
2024-05-30,78.779
2024-05-31,76.179
2024-06-01,80.638
2024-06-02,68.0165
2024-06-03,77.056496
2024-06-04,83.499
2024-06-05,77.7295
2024-06-06,66.832
2024-06-07,72.652
2024-06-08,64.9355
2024-06-09,85.7335
2024-06-10,90.32895
2024-06-11,94.21777
2024-06-12,80.723
2024-06-13,86.587
2024-06-14,82.405
2024-06-15,74.556
2024-06-16,68.736496
2024-06-17,76.35
2024-06-18,63.4305
2024-06-19,51.407497
2024-06-20,58.4635
2024-06-21,56.599
2024-06-22,66.5595
2024-06-23,78.798
2024-06-24,55.6285
2024-06-25,71.999
2024-06-26,72.381
2024-06-27,79.1565
2024-06-28,81.7435
2024-06-29,74.865
2024-06-30,79.312
2024-07-01,58.4815
2024-07-02,89.284164
2024-07-03,70.849
2024-07-04,66.7265
2024-07-05,68.664
2024-07-06,64.9695
2024-07-07,58.523
2024-07-08,69.919495
2024-07-09,64.6585
2024-07-10,57.8075
2024-07-11,51.184998
2024-07-12,55.7385
2024-07-13,36.839
2024-07-14,60.3835
2024-07-15,61.9035
2024-07-16,54.871998
2024-07-17,69.9915
2024-07-18,76.866
2024-07-19,63.7765
2024-07-20,54.822998
2024-07-21,80.2545
2024-07-22,69.6865
2024-07-23,74.976
2024-07-24,72.822495
2024-07-25,69.169495
2024-07-26,61.425
2024-07-27,63.0545
2024-07-28,44.3395
2024-07-29,53.745
2024-07-30,55.549
2024-07-31,53.2085
2024-08-01,51.927
2024-08-02,54.2785
2024-08-03,85.3095
2024-08-04,63.943
2024-08-05,74.892
2024-08-06,77.866
2024-08-07,67.8865
2024-08-08,46.5995
2024-08-09,68.0075
2024-08-10,63.9675
2024-08-11,62.9325
2024-08-12,58.8615
2024-08-13,53.4245
2024-08-14,47.635
2024-08-15,45.682
2024-08-16,58.54
2024-08-17,65.218
2024-08-18,71.7525
2024-08-19,53.192497
2024-08-20,55.323498
2024-08-21,65.002
2024-08-22,70.083496
2024-08-23,64.7485
2024-08-24,62.678497
2024-08-25,58.2515
2024-08-26,57.2525
2024-08-27,69.103
2024-08-28,58.0565
2024-08-29,53.385998
2024-08-30,50.1685
2024-08-31,49.434498
2024-09-01,46.172497
2024-09-02,54.9655
2024-09-03,52.622997
2024-09-04,40.3695
2024-09-05,52.363
2024-09-06,57.7805
2024-09-07,47.6535
2024-09-08,37.003998
2024-09-09,17.995878
2024-09-10,94.35
2024-09-11,93.205
2024-09-12,69.5555
2024-09-13,78.603
2024-09-14,90.763336
2024-09-15,84.6845
2024-09-16,91.56
2024-09-17,85.612
2024-09-18,64.923996
2024-09-19,64.123
2024-09-20,44.309998
2024-09-21,55.8625
2024-09-22,70.8515
2024-09-23,64.774
2024-09-24,56.505
2024-09-25,86.53368
2024-09-26,76.9675
2024-09-27,63.8615
2024-09-28,86.547
2024-09-29,84.58
2024-09-30,74.1485
2024-10-01,71.6545
2024-10-02,79.645
2024-10-03,
2024-10-04,
2024-10-05,91.9
2024-10-06,93.24571
2024-10-07,82.410995
2024-10-08,79.171
2024-10-09,86.342
2024-10-10,73.183
2024-10-11,87.886
2024-10-12,78.163
2024-10-13,85.39737
2024-10-14,66.7895
2024-10-15,82.401
2024-10-16,74.9495
2024-10-17,81.9985
2024-10-18,78.478
2024-10-19,60.19
2024-10-20,76.899
2024-10-21,68.765
2024-10-22,60.383
2024-10-23,82.7775
2024-10-24,70.872
2024-10-25,64.057
2024-10-26,68.086
2024-10-27,56.3965
2024-10-28,79.2485
2024-10-29,84.847
2024-10-30,84.2115
2024-10-31,90.64278
2024-11-01,84.2815
2024-11-02,81.6905
2024-11-03,64.477
2024-11-04,69.818
2024-11-05,75.071
2024-11-06,62.677998
2024-11-07,62.0375
2024-11-08,71.615
2024-11-09,79.8145
2024-11-10,88.59412
2024-11-11,91.25
2024-11-12,93.935
2024-11-13,92.98
2024-11-14,93.92286
2024-11-15,89.31555
2024-11-16,94.135
2024-11-17,85.405
2024-11-18,92.343
2024-11-19,84.3225
2024-11-20,77.6985
2024-11-21,67.759
2024-11-22,82.585495
2024-11-23,83.2545
2024-11-24,81.731
2024-11-25,76.32316
2024-11-26,82.4795
2024-11-27,90.97429
2024-11-28,94.2
2024-11-29,91.43
2024-11-30,86.94118
2024-12-01,63.6835
2024-12-02,84.66
2024-12-03,87.537224
2024-12-04,92.35333
2024-12-05,92.9925
2024-12-06,92.63
2024-12-07,92.33583
2024-12-08,92.73
2024-12-09,93.24
2024-12-10,91.868
2024-12-11,92.56375
2024-12-12,90.461876
2024-12-13,79.695
2024-12-14,89.29056
2024-12-15,77.2745
2024-12-16,72.1475
2024-12-17,79.907364
2024-12-18,82.611
2024-12-19,92.68714
2024-12-20,92.84917
2024-12-21,67.25
2024-12-22,78.9085
2024-12-23,88.371666
2024-12-24,75.7525
2024-12-25,76.932495
2024-12-26,72.69211
2024-12-27,75.172104
2024-12-28,81.55
2024-12-29,92.7
2024-12-30,92.236664
2024-12-31,92.088
