time,hu
1960-01-01,86.85842
1960-01-02,90.06117
1960-01-03,89.69118
1960-01-04,91.110664
1960-01-05,91.26462
1960-01-06,86.914444
1960-01-07,90.33187
1960-01-08,89.3665
1960-01-09,80.73105
1960-01-10,86.894
1960-01-11,86.4685
1960-01-12,87.93278
1960-01-13,87.88263
1960-01-14,86.8135
1960-01-15,85.1385
1960-01-16,90.67263
1960-01-17,89.50632
1960-01-18,87.0875
1960-01-19,76.25
1960-01-20,78.0615
1960-01-21,83.9975
1960-01-22,81.211
1960-01-23,85.4465
1960-01-24,80.344
1960-01-25,79.692635
1960-01-26,84.3145
1960-01-27,81.3185
1960-01-28,85.1005
1960-01-29,78.026
1960-01-30,80.7865
1960-01-31,75.349
1960-02-01,68.889
1960-02-02,75.966995
1960-02-03,79.893
1960-02-04,74.1125
1960-02-05,72.0055
1960-02-06,79.862495
1960-02-07,82.4915
1960-02-08,77.916
1960-02-09,76.941055
1960-02-10,80.111496
1960-02-11,86.4545
1960-02-12,76.5745
1960-02-13,77.4925
1960-02-14,83.463
1960-02-15,84.882996
1960-02-16,90.464615
1960-02-17,88.15369
1960-02-18,89.503334
1960-02-19,91.604
1960-02-20,93.62125
1960-02-21,92.229164
1960-02-22,79.134
1960-02-23,83.18
1960-02-24,87.6579
1960-02-25,79.7595
1960-02-26,86.057
1960-02-27,81.1975
1960-02-28,87.5505
1960-02-29,88.12053
1960-03-01,86.8165
1960-03-02,88.55867
1960-03-03,88.16947
1960-03-04,88.2815
1960-03-05,86.971
1960-03-06,75.4025
1960-03-07,74.212
1960-03-08,82.75
1960-03-09,76.767
1960-03-10,65.882996
1960-03-11,63.343
1960-03-12,68.7685
1960-03-13,77.209496
1960-03-14,76.83526
1960-03-15,74.219
1960-03-16,70.1165
1960-03-17,76.846
1960-03-18,92.41866
1960-03-19,90.92
1960-03-20,88.23421
1960-03-21,77.464
1960-03-22,72.587
1960-03-23,74.2325
1960-03-24,70.5
1960-03-25,69.7205
1960-03-26,67.6205
1960-03-27,78.1725
1960-03-28,77.5655
1960-03-29,68.462
1960-03-30,72.861
1960-03-31,82.5745
1960-04-01,77.716995
1960-04-02,86.3935
1960-04-03,84.623
1960-04-04,75.3165
1960-04-05,68.7915
1960-04-06,70.4155
1960-04-07,62.998497
1960-04-08,68.6285
1960-04-09,77.319496
1960-04-10,82.7705
1960-04-11,78.129
1960-04-12,61.9795
1960-04-13,73.046
1960-04-14,63.027
1960-04-15,68.035995
1960-04-16,73.2935
1960-04-17,68.043
1960-04-18,67.1585
1960-04-19,60.039997
1960-04-20,74.2625
1960-04-21,79.2275
1960-04-22,69.256
1960-04-23,75.689
1960-04-24,68.820496
1960-04-25,77.7335
1960-04-26,72.923
1960-04-27,67.1685
1960-04-28,82.7955
1960-04-29,87.4225
1960-04-30,87.814735
1960-05-01,80.5535
1960-05-02,76.0915
1960-05-03,67.6125
1960-05-04,60.623497
1960-05-05,54.3975
1960-05-06,74.1605
1960-05-07,72.1325
1960-05-08,79.631
1960-05-09,76.236496
1960-05-10,71.454
1960-05-11,70.0125
1960-05-12,62.398
1960-05-13,60.3625
1960-05-14,69.523994
1960-05-15,61.274998
1960-05-16,50.104
1960-05-17,59.6555
1960-05-18,63.8635
1960-05-19,50.394497
1960-05-20,59.986
1960-05-21,70.089
1960-05-22,59.8545
1960-05-23,74.428
1960-05-24,73.93
1960-05-25,71.202995
1960-05-26,67.106
1960-05-27,76.11
1960-05-28,83.8225
1960-05-29,90.86823
1960-05-30,86.9155
1960-05-31,77.7255
1960-06-01,76.0925
1960-06-02,71.4695
1960-06-03,69.441
1960-06-04,67.891
1960-06-05,66.703
1960-06-06,64.2845
1960-06-07,66.6985
1960-06-08,70.901
1960-06-09,66.5495
1960-06-10,64.551
1960-06-11,78.942
1960-06-12,69.193
1960-06-13,74.178
1960-06-14,66.774
1960-06-15,70.1715
1960-06-16,78.363
1960-06-17,72.432
1960-06-18,80.093
1960-06-19,72.286995
1960-06-20,67.9125
1960-06-21,72.673
1960-06-22,77.94
1960-06-23,74.0595
1960-06-24,69.4165
1960-06-25,66.6925
1960-06-26,71.7605
1960-06-27,76.306
1960-06-28,73.5305
1960-06-29,82.009
1960-06-30,72.764
1960-07-01,66.826996
1960-07-02,73.154
1960-07-03,80.8815
1960-07-04,77.854
1960-07-05,64.2165
1960-07-06,62.2935
1960-07-07,67.9555
1960-07-08,61.653
1960-07-09,71.1315
1960-07-10,80.5245
1960-07-11,71.195
1960-07-12,61.149
1960-07-13,81.53
1960-07-14,85.248
1960-07-15,72.2265
1960-07-16,67.287
1960-07-17,67.9145
1960-07-18,70.172
1960-07-19,67.694496
1960-07-20,57.462498
1960-07-21,70.570496
1960-07-22,72.2785
1960-07-23,64.904
1960-07-24,81.6715
1960-07-25,82.6955
1960-07-26,81.603
1960-07-27,76.8315
1960-07-28,66.352
1960-07-29,75.486496
1960-07-30,73.3665
1960-07-31,70.053
1960-08-01,69.583496
1960-08-02,71.9275
1960-08-03,66.775
1960-08-04,72.986
1960-08-05,64.739
1960-08-06,66.561
1960-08-07,68.857
1960-08-08,64.001
1960-08-09,83.495
1960-08-10,72.533
1960-08-11,71.43
1960-08-12,58.9025
1960-08-13,59.541
1960-08-14,65.3105
1960-08-15,67.463
1960-08-16,68.6065
1960-08-17,61.326
1960-08-18,56.7345
1960-08-19,57.459
1960-08-20,64.542496
1960-08-21,73.0085
1960-08-22,70.8395
1960-08-23,69.3145
1960-08-24,72.267
1960-08-25,69.9295
1960-08-26,70.1875
1960-08-27,68.836
1960-08-28,67.0515
1960-08-29,64.087494
1960-08-30,63.7085
1960-08-31,76.261
1960-09-01,73.6595
1960-09-02,70.301
1960-09-03,63.721
1960-09-04,57.8345
1960-09-05,66.1175
1960-09-06,72.6005
1960-09-07,79.9675
1960-09-08,70.2725
1960-09-09,86.715
1960-09-10,86.8025
1960-09-11,89.62684
1960-09-12,83.865
1960-09-13,73.108
1960-09-14,72.6775
1960-09-15,66.6065
1960-09-16,66.167496
1960-09-17,63.017
1960-09-18,64.4155
1960-09-19,59.6025
1960-09-20,59.4195
1960-09-21,63.2835
1960-09-22,83.941
1960-09-23,82.403496
1960-09-24,72.789
1960-09-25,74.922
1960-09-26,76.4135
1960-09-27,72.551
1960-09-28,85.2355
1960-09-29,75.855995
1960-09-30,81.423
1960-10-01,87.6425
1960-10-02,87.2195
1960-10-03,85.9805
1960-10-04,80.2905
1960-10-05,75.706
1960-10-06,78.659
1960-10-07,82.316
1960-10-08,80.147
1960-10-09,75.992
1960-10-10,73.766
1960-10-11,83.9925
1960-10-12,88.0735
1960-10-13,87.533
1960-10-14,80.4125
1960-10-15,73.748
1960-10-16,83.793
1960-10-17,85.687
1960-10-18,80.113
1960-10-19,77.983
1960-10-20,78.101
1960-10-21,81.6625
1960-10-22,86.529
1960-10-23,79.845
1960-10-24,84.487
1960-10-25,85.8915
1960-10-26,76.5965
1960-10-27,77.413
1960-10-28,80.889
1960-10-29,67.497
1960-10-30,72.1295
1960-10-31,70.484
1960-11-01,81.097
1960-11-02,80.9745
1960-11-03,87.165
1960-11-04,78.1785
1960-11-05,62.830997
1960-11-06,86.8455
1960-11-07,92.26846
1960-11-08,89.09722
1960-11-09,88.73
1960-11-10,87.721054
1960-11-11,92.902725
1960-11-12,87.61948
1960-11-13,81.722
1960-11-14,91.79437
1960-11-15,91.76
1960-11-16,86.293
1960-11-17,87.06105
1960-11-18,84.7405
1960-11-19,83.846
1960-11-20,83.858
1960-11-21,78.917
1960-11-22,82.9505
1960-11-23,87.496
1960-11-24,92.11412
1960-11-25,91.440834
1960-11-26,89.21875
1960-11-27,87.08125
1960-11-28,85.997
1960-11-29,89.62
1960-11-30,75.457
1960-12-01,83.70555
1960-12-02,79.4205
1960-12-03,87.345
1960-12-04,78.0485
1960-12-05,78.721
1960-12-06,76.119
1960-12-07,74.923996
1960-12-08,82.346
1960-12-09,88.14737
1960-12-10,86.84579
1960-12-11,93.19333
1960-12-12,91.921
1960-12-13,93.975
1960-12-14,90.96231
1960-12-15,92.850716
1960-12-16,91.255455
1960-12-17,95.16
1960-12-18,90.05125
1960-12-19,91.22733
1960-12-20,90.22235
1960-12-21,79.567
1960-12-22,91.34118
1960-12-23,90.01375
1960-12-24,91.584
1960-12-25,93.28846
1960-12-26,91.34
1960-12-27,92.762
1960-12-28,92.39333
1960-12-29,92.77818
1960-12-30,92.77917
1960-12-31,93.535
1961-01-01,89.3821
1961-01-02,88.16889
1961-01-03,84.1225
1961-01-04,83.29053
1961-01-05,89.38824
1961-01-06,89.93176
1961-01-07,91.4115
1961-01-08,88.89421
1961-01-09,87.5045
1961-01-10,89.88937
1961-01-11,82.5745
1961-01-12,85.84167
1961-01-13,84.1875
1961-01-14,83.4075
1961-01-15,91.33222
1961-01-16,91.148
1961-01-17,76.983
1961-01-18,71.74
1961-01-19,76.2415
1961-01-20,78.538
1961-01-21,74.924
1961-01-22,76.7975
1961-01-23,77.871
1961-01-24,81.80473
1961-01-25,88.68278
1961-01-26,81.0165
1961-01-27,77.0875
1961-01-28,74.668
1961-01-29,75.493
1961-01-30,74.683
1961-01-31,80.4625
1961-02-01,78.79
1961-02-02,88.0265
1961-02-03,88.50889
1961-02-04,82.6715
1961-02-05,86.288
1961-02-06,85.577
1961-02-07,80.67
1961-02-08,89.5485
1961-02-09,85.8265
1961-02-10,90.02778
1961-02-11,86.5755
1961-02-12,89.876114
1961-02-13,91.130714
1961-02-14,81.0275
1961-02-15,78.2805
1961-02-16,78.805
1961-02-17,82.49842
1961-02-18,84.221
1961-02-19,81.83
1961-02-20,85.6565
1961-02-21,77.22316
1961-02-22,81.1785
1961-02-23,79.9985
1961-02-24,79.965
1961-02-25,81.067
1961-02-26,74.861496
1961-02-27,69.192
1961-02-28,68.0475
1961-03-01,75.5495
1961-03-02,80.445
1961-03-03,77.391495
1961-03-04,70.7275
1961-03-05,70.8815
1961-03-06,68.181496
1961-03-07,66.348495
1961-03-08,64.473
1961-03-09,66.0375
1961-03-10,61.649498
1961-03-11,55.404
1961-03-12,53.522
1961-03-13,59.9975
1961-03-14,69.2115
1961-03-15,62.542
1961-03-16,59.454998
1961-03-17,57.580498
1961-03-18,50.310997
1961-03-19,56.3065
1961-03-20,74.5935
1961-03-21,73.02
1961-03-22,85.705
1961-03-23,76.337
1961-03-24,71.1895
1961-03-25,67.429
1961-03-26,63.734497
1961-03-27,57.112
1961-03-28,63.162
1961-03-29,61.1255
1961-03-30,54.085
1961-03-31,69.0115
1961-04-01,57.744
1961-04-02,69.6235
1961-04-03,66.353
1961-04-04,67.2255
1961-04-05,62.0695
1961-04-06,57.258
1961-04-07,56.2915
1961-04-08,55.606
1961-04-09,57.0905
1961-04-10,65.219
1961-04-11,66.2285
1961-04-12,70.9935
1961-04-13,60.5915
1961-04-14,60.559
1961-04-15,44.2135
1961-04-16,49.75
1961-04-17,63.941498
1961-04-18,66.565
1961-04-19,72.2065
1961-04-20,74.734
1961-04-21,73.099495
1961-04-22,70.229996
1961-04-23,69.695496
1961-04-24,84.475
1961-04-25,88.87369
1961-04-26,81.1525
1961-04-27,82.361496
1961-04-28,79.9755
1961-04-29,72.293
1961-04-30,82.7015
1961-05-01,86.892105
1961-05-02,86.7875
1961-05-03,75.516495
1961-05-04,79.179
1961-05-05,72.538
1961-05-06,63.572
1961-05-07,76.975
1961-05-08,73.2965
1961-05-09,66.1035
1961-05-10,85.722
1961-05-11,90.781876
1961-05-12,84.431
1961-05-13,74.5025
1961-05-14,78.571
1961-05-15,72.305
1961-05-16,74.6835
1961-05-17,83.8955
1961-05-18,79.2615
1961-05-19,74.814
1961-05-20,82.6
1961-05-21,85.301056
1961-05-22,80.9815
1961-05-23,83.144
1961-05-24,73.2655
1961-05-25,81.143
1961-05-26,72.812
1961-05-27,71.736496
1961-05-28,69.739
1961-05-29,71.479996
1961-05-30,80.1165
1961-05-31,67.4295
1961-06-01,61.3295
1961-06-02,70.742
1961-06-03,75.058
1961-06-04,86.2325
1961-06-05,81.0665
1961-06-06,78.5305
1961-06-07,79.903496
1961-06-08,77.7145
1961-06-09,80.776
1961-06-10,74.311
1961-06-11,80.0255
1961-06-12,81.889496
1961-06-13,73.7665
1961-06-14,74.8295
1961-06-15,72.4375
1961-06-16,73.971
1961-06-17,70.533
1961-06-18,66.5175
1961-06-19,68.6195
1961-06-20,64.5245
1961-06-21,68.4395
1961-06-22,65.5475
1961-06-23,72.903496
1961-06-24,64.9485
1961-06-25,60.4375
1961-06-26,59.252
1961-06-27,58.106
1961-06-28,73.405
1961-06-29,65.2345
1961-06-30,64.514496
1961-07-01,63.078
1961-07-02,64.2995
1961-07-03,59.906998
1961-07-04,57.3575
1961-07-05,57.975998
1961-07-06,49.0445
1961-07-07,60.1195
1961-07-08,60.774498
1961-07-09,77.8665
1961-07-10,68.673996
1961-07-11,62.503
1961-07-12,63.683
1961-07-13,58.079998
1961-07-14,60.7785
1961-07-15,58.871
1961-07-16,53.6345
1961-07-17,68.262
1961-07-18,70.3145
1961-07-19,69.4775
1961-07-20,68.9215
1961-07-21,70.994
1961-07-22,68.167
1961-07-23,71.149
1961-07-24,73.3105
1961-07-25,66.965
1961-07-26,62.878
1961-07-27,58.0685
1961-07-28,51.923
1961-07-29,72.307495
1961-07-30,82.542496
1961-07-31,69.455
1961-08-01,59.2105
1961-08-02,63.604
1961-08-03,62.343998
1961-08-04,64.4745
1961-08-05,61.998497
1961-08-06,61.793
1961-08-07,49.065
1961-08-08,58.079998
1961-08-09,57.9655
1961-08-10,52.540497
1961-08-11,47.607998
1961-08-12,63.9615
1961-08-13,75.53
1961-08-14,66.7455
1961-08-15,68.9665
1961-08-16,69.2495
1961-08-17,77.616
1961-08-18,72.6185
1961-08-19,64.866
1961-08-20,60.922997
1961-08-21,62.085
1961-08-22,52.911
1961-08-23,67.707504
1961-08-24,65.316
1961-08-25,64.575
1961-08-26,65.8245
1961-08-27,64.813
1961-08-28,65.254
1961-08-29,59.9955
1961-08-30,62.760998
1961-08-31,60.691998
1961-09-01,62.0825
1961-09-02,59.761997
1961-09-03,49.279
1961-09-04,55.07
1961-09-05,57.864
1961-09-06,48.5325
1961-09-07,57.323997
1961-09-08,37.678997
1961-09-09,69.053
1961-09-10,79.844
1961-09-11,72.973495
1961-09-12,62.128498
1961-09-13,68.9555
1961-09-14,56.7295
1961-09-15,62.1305
1961-09-16,58.7025
1961-09-17,62.341
1961-09-18,59.512997
1961-09-19,59.086998
1961-09-20,56.957497
1961-09-21,58.635
1961-09-22,52.839
1961-09-23,55.376
1961-09-24,57.4375
1961-09-25,57.121998
1961-09-26,63.804
1961-09-27,62.8355
1961-09-28,64.484
1961-09-29,66.308
1961-09-30,68.26
1961-10-01,69.603
1961-10-02,76.9455
1961-10-03,76.042496
1961-10-04,69.239
1961-10-05,66.0915
1961-10-06,63.0355
1961-10-07,54.773
1961-10-08,52.6445
1961-10-09,84.811
1961-10-10,81.7265
1961-10-11,72.113495
1961-10-12,71.335495
1961-10-13,77.0105
1961-10-14,73.1685
1961-10-15,77.410995
1961-10-16,75.0505
1961-10-17,64.296
1961-10-18,48.194
1961-10-19,50.064
1961-10-20,69.653496
1961-10-21,79.7705
1961-10-22,83.347
1961-10-23,79.385
1961-10-24,76.8415
1961-10-25,76.028496
1961-10-26,70.044
1961-10-27,68.486
1961-10-28,68.4945
1961-10-29,79.78
1961-10-30,80.3915
1961-10-31,85.657
1961-11-01,76.588
1961-11-02,80.336
1961-11-03,73.9515
1961-11-04,77.520996
1961-11-05,91.052
1961-11-06,90.92687
1961-11-07,88.1505
1961-11-08,90.93
1961-11-09,80.991
1961-11-10,78.6195
1961-11-11,86.6575
1961-11-12,90.08312
1961-11-13,88.40444
1961-11-14,89.28467
1961-11-15,88.89895
1961-11-16,90.86667
1961-11-17,88.985
1961-11-18,82.8495
1961-11-19,79.165
1961-11-20,78.492
1961-11-21,81.3095
1961-11-22,76.07632
1961-11-23,76.5615
1961-11-24,66.534996
1961-11-25,78.652
1961-11-26,85.8975
1961-11-27,78.0595
1961-11-28,89.93053
1961-11-29,89.5085
1961-11-30,77.479996
1961-12-01,83.608
1961-12-02,78.5085
1961-12-03,79.696
1961-12-04,79.556496
1961-12-05,77.2415
1961-12-06,89.2895
1961-12-07,90.046
1961-12-08,91.96786
1961-12-09,88.7175
1961-12-10,79.42555
1961-12-11,87.587364
1961-12-12,89.26222
1961-12-13,80.31421
1961-12-14,71.1775
1961-12-15,69.781
1961-12-16,83.881
1961-12-17,85.6785
1961-12-18,84.542
1961-12-19,87.6565
1961-12-20,88.81611
1961-12-21,83.727
1961-12-22,76.863495
1961-12-23,82.737
1961-12-24,87.822945
1961-12-25,86.865
1961-12-26,86.0815
1961-12-27,90.0755
1961-12-28,90.387
1961-12-29,91.527336
1961-12-30,88.866
1961-12-31,90.56545
1962-01-01,89.83278
1962-01-02,88.05529
1962-01-03,89.89714
1962-01-04,87.22882
1962-01-05,89.24177
1962-01-06,89.727776
1962-01-07,90.678665
1962-01-08,86.6305
1962-01-09,90.42824
1962-01-10,86.111
1962-01-11,76.8885
1962-01-12,85.447
1962-01-13,90.79266
1962-01-14,91.00267
1962-01-15,91.79316
1962-01-16,89.4675
1962-01-17,91.05937
1962-01-18,92.70643
1962-01-19,91.145
1962-01-20,88.07684
1962-01-21,89.97875
1962-01-22,85.448
1962-01-23,88.96167
1962-01-24,85.542
1962-01-25,84.618
1962-01-26,89.764496
1962-01-27,88.1445
1962-01-28,83.9145
1962-01-29,89.875885
1962-01-30,92.11091
1962-01-31,90.491875
1962-02-01,90.92
1962-02-02,93.74333
1962-02-03,92.16818
1962-02-04,89.67154
1962-02-05,85.84579
1962-02-06,86.526
1962-02-07,84.8465
1962-02-08,82.016495
1962-02-09,85.42368
1962-02-10,91.03307
1962-02-11,86.207
1962-02-12,82.223
1962-02-13,77.3875
1962-02-14,89.05778
1962-02-15,80.634
1962-02-16,78.209496
1962-02-17,80.063156
1962-02-18,80.1295
1962-02-19,85.766
1962-02-20,83.873
1962-02-21,75.2885
1962-02-22,84.1325
1962-02-23,86.7305
1962-02-24,89.80937
1962-02-25,87.5285
1962-02-26,83.886
1962-02-27,82.1985
1962-02-28,88.50882
1962-03-01,88.755264
1962-03-02,91.89214
1962-03-03,79.1215
1962-03-04,78.1615
1962-03-05,68.459496
1962-03-06,84.3005
1962-03-07,91.264
1962-03-08,83.919
1962-03-09,79.076996
1962-03-10,78.4485
1962-03-11,84.4405
1962-03-12,89.1125
1962-03-13,78.3455
1962-03-14,86.90211
1962-03-15,93.43857
1962-03-16,92.905
1962-03-17,86.41368
1962-03-18,85.502
1962-03-19,82.58
1962-03-20,84.967
1962-03-21,90.09353
1962-03-22,93.81
1962-03-23,89.95937
1962-03-24,86.89579
1962-03-25,91.81636
1962-03-26,87.7695
1962-03-27,82.373
1962-03-28,88.918945
1962-03-29,73.943
1962-03-30,73.326996
1962-03-31,78.387
1962-04-01,80.6835
1962-04-02,70.375
1962-04-03,66.516
1962-04-04,57.447
1962-04-05,71.868
1962-04-06,84.737
1962-04-07,79.015
1962-04-08,66.7295
1962-04-09,64.936
1962-04-10,67.242
1962-04-11,79.762
1962-04-12,88.2855
1962-04-13,85.221054
1962-04-14,89.07778
1962-04-15,86.238
1962-04-16,76.6055
1962-04-17,70.083496
1962-04-18,62.8185
1962-04-19,59.5195
1962-04-20,56.034
1962-04-21,56.5335
1962-04-22,52.989
1962-04-23,46.099
1962-04-24,54.1385
1962-04-25,61.6065
1962-04-26,53.997498
1962-04-27,64.904
1962-04-28,72.355995
1962-04-29,77.026
1962-04-30,82.7795
1962-05-01,67.895996
1962-05-02,77.63
1962-05-03,64.949
1962-05-04,65.705
1962-05-05,68.7855
1962-05-06,69.576996
1962-05-07,66.3225
1962-05-08,62.162
1962-05-09,60.4895
1962-05-10,75.015
1962-05-11,74.994995
1962-05-12,65.3825
1962-05-13,63.190998
1962-05-14,47.4655
1962-05-15,78.753494
1962-05-16,60.8225
1962-05-17,52.8125
1962-05-18,62.758
1962-05-19,51.01
1962-05-20,64.782
1962-05-21,84.3345
1962-05-22,59.595
1962-05-23,59.3005
1962-05-24,68.735
1962-05-25,71.8815
1962-05-26,65.9235
1962-05-27,71.081
1962-05-28,64.7455
1962-05-29,73.6215
1962-05-30,71.9515
1962-05-31,64.6445
1962-06-01,64.0275
1962-06-02,71.376
1962-06-03,77.7585
1962-06-04,74.585
1962-06-05,67.3885
1962-06-06,78.401
1962-06-07,70.6315
1962-06-08,64.729004
1962-06-09,63.025997
1962-06-10,72.343
1962-06-11,79.0735
1962-06-12,75.246
1962-06-13,65.712
1962-06-14,61.862
1962-06-15,61.445
1962-06-16,57.9665
1962-06-17,64.965
1962-06-18,66.001495
1962-06-19,64.483
1962-06-20,67.871
1962-06-21,61.292
1962-06-22,66.4235
1962-06-23,59.423
1962-06-24,61.501
1962-06-25,57.346
1962-06-26,59.838997
1962-06-27,61.203
1962-06-28,61.777
1962-06-29,46.016
1962-06-30,62.399498
1962-07-01,67.5855
1962-07-02,70.363
1962-07-03,69.676
1962-07-04,60.954998
1962-07-05,59.586
1962-07-06,71.289
1962-07-07,65.2985
1962-07-08,64.3415
1962-07-09,55.905
1962-07-10,53.159
1962-07-11,49.443497
1962-07-12,56.242
1962-07-13,56.4315
1962-07-14,62.144997
1962-07-15,55.1145
1962-07-16,70.021996
1962-07-17,76.413
1962-07-18,89.043526
1962-07-19,84.3745
1962-07-20,72.1255
1962-07-21,59.5715
1962-07-22,61.510998
1962-07-23,72.805
1962-07-24,64.9575
1962-07-25,61.8645
1962-07-26,60.379498
1962-07-27,55.399998
1962-07-28,55.0485
1962-07-29,64.381
1962-07-30,68.2795
1962-07-31,80.4375
1962-08-01,73.24
1962-08-02,68.347
1962-08-03,72.5965
1962-08-04,64.7185
1962-08-05,64.912
1962-08-06,68.613
1962-08-07,59.058
1962-08-08,66.4925
1962-08-09,63.420498
1962-08-10,66.139496
1962-08-11,71.241
1962-08-12,74.0345
1962-08-13,65.384
1962-08-14,62.453
1962-08-15,63.723
1962-08-16,68.7895
1962-08-17,68.458496
1962-08-18,64.2805
1962-08-19,61.268497
1962-08-20,62.9445
1962-08-21,69.1515
1962-08-22,68.951
1962-08-23,66.815
1962-08-24,53.348
1962-08-25,64.275
1962-08-26,55.315
1962-08-27,61.546
1962-08-28,54.541
1962-08-29,50.8665
1962-08-30,65.151
1962-08-31,61.690998
1962-09-01,63.518497
1962-09-02,59.656
1962-09-03,53.693
1962-09-04,51.704
1962-09-05,50.527
1962-09-06,62.253998
1962-09-07,54.449497
1962-09-08,60.241
1962-09-09,67.743
1962-09-10,58.024
1962-09-11,51.627
1962-09-12,48.743
1962-09-13,48.8485
1962-09-14,70.4085
1962-09-15,63.796497
1962-09-16,51.9045
1962-09-17,54.6395
1962-09-18,73.914
1962-09-19,69.719
1962-09-20,72.5845
1962-09-21,76.765
1962-09-22,78.617
1962-09-23,75.9415
1962-09-24,81.8155
1962-09-25,72.075
1962-09-26,66.223
1962-09-27,76.575
1962-09-28,81.162
1962-09-29,75.54
1962-09-30,81.874
1962-10-01,84.763
1962-10-02,77.7625
1962-10-03,78.1755
1962-10-04,78.917496
1962-10-05,71.7585
1962-10-06,75.7325
1962-10-07,67.417
1962-10-08,74.097
1962-10-09,67.695
1962-10-10,70.6415
1962-10-11,68.756996
1962-10-12,68.4115
1962-10-13,66.52
1962-10-14,74.6745
1962-10-15,75.9245
1962-10-16,86.64
1962-10-17,84.3955
1962-10-18,83.368
1962-10-19,82.8765
1962-10-20,67.699
1962-10-21,69.2285
1962-10-22,75.435
1962-10-23,69.946
1962-10-24,75.0355
1962-10-25,75.039
1962-10-26,74.231
1962-10-27,66.249
1962-10-28,71.276
1962-10-29,84.6515
1962-10-30,88.9915
1962-10-31,84.95684
1962-11-01,77.1
1962-11-02,90.99294
1962-11-03,91.722305
1962-11-04,87.628235
1962-11-05,79.331
1962-11-06,80.0825
1962-11-07,79.651
1962-11-08,70.529495
1962-11-09,80.009
1962-11-10,84.822
1962-11-11,89.494736
1962-11-12,91.51063
1962-11-13,91.054115
1962-11-14,89.891174
1962-11-15,89.125786
1962-11-16,90.86692
1962-11-17,81.787
1962-11-18,84.64842
1962-11-19,77.757996
1962-11-20,79.8945
1962-11-21,91.0
1962-11-22,79.633
1962-11-23,90.322945
1962-11-24,92.38333
1962-11-25,90.33091
1962-11-26,91.54375
1962-11-27,88.62765
1962-11-28,92.122856
1962-11-29,91.082306
1962-11-30,90.28889
1962-12-01,84.310524
1962-12-02,84.14632
1962-12-03,88.97625
1962-12-04,85.3395
1962-12-05,85.598
1962-12-06,89.655556
1962-12-07,88.25077
1962-12-08,90.65714
1962-12-09,87.123
1962-12-10,84.554
1962-12-11,88.57933
1962-12-12,80.427
1962-12-13,74.3445
1962-12-14,87.420525
1962-12-15,86.089
1962-12-16,81.65
1962-12-17,81.0065
1962-12-18,84.8065
1962-12-19,91.108574
1962-12-20,89.895294
1962-12-21,90.38333
1962-12-22,87.1335
1962-12-23,84.2625
1962-12-24,83.182
1962-12-25,84.567
1962-12-26,86.284
1962-12-27,89.34263
1962-12-28,85.617
1962-12-29,81.2775
1962-12-30,91.038666
1962-12-31,90.88
1963-01-01,89.88
1963-01-02,89.63105
1963-01-03,87.005264
1963-01-04,91.48067
1963-01-05,83.46105
1963-01-06,82.539474
1963-01-07,89.5765
1963-01-08,92.84545
1963-01-09,85.974
1963-01-10,88.708
1963-01-11,90.87369
1963-01-12,88.04611
1963-01-13,87.001
1963-01-14,80.5205
1963-01-15,75.446495
1963-01-16,77.6545
1963-01-17,73.7875
1963-01-18,83.665
1963-01-19,79.687
1963-01-20,84.853
1963-01-21,81.1925
1963-01-22,80.388
1963-01-23,82.4555
1963-01-24,82.023
1963-01-25,85.01789
1963-01-26,85.341
1963-01-27,84.442
1963-01-28,84.741
1963-01-29,84.5355
1963-01-30,86.271
1963-01-31,84.4615
1963-02-01,88.158
1963-02-02,87.186
1963-02-03,88.90369
1963-02-04,76.135
1963-02-05,91.208336
1963-02-06,86.59
1963-02-07,90.035
1963-02-08,91.397644
1963-02-09,91.585
1963-02-10,90.77353
1963-02-11,88.3205
1963-02-12,90.27
1963-02-13,92.716
1963-02-14,90.432945
1963-02-15,89.26278
1963-02-16,79.599
1963-02-17,85.7435
1963-02-18,92.53714
1963-02-19,81.520996
1963-02-20,87.6845
1963-02-21,81.0275
1963-02-22,86.2415
1963-02-23,83.298
1963-02-24,72.139496
1963-02-25,73.0665
1963-02-26,80.5735
1963-02-27,78.5415
1963-02-28,74.2065
1963-03-01,82.8565
1963-03-02,81.198
1963-03-03,79.584
1963-03-04,86.205
1963-03-05,86.187225
1963-03-06,78.2745
1963-03-07,67.863
1963-03-08,64.8275
1963-03-09,72.5605
1963-03-10,80.3945
1963-03-11,86.87666
1963-03-12,81.1555
1963-03-13,80.0175
1963-03-14,79.798
1963-03-15,67.6935
1963-03-16,67.9755
1963-03-17,67.779495
1963-03-18,68.2255
1963-03-19,79.591995
1963-03-20,84.174995
1963-03-21,88.22474
1963-03-22,88.27579
1963-03-23,90.72
1963-03-24,78.5115
1963-03-25,76.476
1963-03-26,59.1325
1963-03-27,72.5875
1963-03-28,90.775
1963-03-29,89.7515
1963-03-30,78.8115
1963-03-31,87.712776
1963-04-01,87.84722
1963-04-02,89.10333
1963-04-03,82.18
1963-04-04,74.922
1963-04-05,70.7915
1963-04-06,62.579998
1963-04-07,56.549
1963-04-08,78.868
1963-04-09,76.7595
1963-04-10,68.223
1963-04-11,64.9235
1963-04-12,87.878
1963-04-13,68.4895
1963-04-14,74.5765
1963-04-15,86.353
1963-04-16,71.0385
1963-04-17,61.126
1963-04-18,59.35
1963-04-19,60.552498
1963-04-20,60.1745
1963-04-21,60.8015
1963-04-22,62.981
1963-04-23,64.5915
1963-04-24,56.917
1963-04-25,64.519
1963-04-26,80.6515
1963-04-27,75.704
1963-04-28,81.723
1963-04-29,70.38
1963-04-30,62.892998
1963-05-01,62.8825
1963-05-02,54.4385
1963-05-03,52.229
1963-05-04,62.156
1963-05-05,72.882996
1963-05-06,79.703995
1963-05-07,74.361
1963-05-08,68.0325
1963-05-09,67.7705
1963-05-10,58.886497
1963-05-11,51.277996
1963-05-12,54.417
1963-05-13,56.577
1963-05-14,47.925
1963-05-15,49.591
1963-05-16,41.888
1963-05-17,65.9965
1963-05-18,83.201004
1963-05-19,76.636
1963-05-20,79.6735
1963-05-21,85.652
1963-05-22,89.12948
1963-05-23,85.894
1963-05-24,80.2955
1963-05-25,69.122
1963-05-26,69.2845
1963-05-27,69.7955
1963-05-28,71.208496
1963-05-29,78.705
1963-05-30,71.046
1963-05-31,67.6915
1963-06-01,75.909
1963-06-02,79.917
1963-06-03,74.442
1963-06-04,66.836
1963-06-05,60.0985
1963-06-06,54.333
1963-06-07,64.1465
1963-06-08,61.452
1963-06-09,70.0125
1963-06-10,68.250496
1963-06-11,71.7985
1963-06-12,76.642
1963-06-13,63.6865
1963-06-14,58.806
1963-06-15,62.445
1963-06-16,77.779
1963-06-17,71.657
1963-06-18,64.7595
1963-06-19,70.6725
1963-06-20,72.969
1963-06-21,73.608
1963-06-22,63.9825
1963-06-23,65.851
1963-06-24,64.3735
1963-06-25,74.86
1963-06-26,69.0035
1963-06-27,62.281498
1963-06-28,52.114998
1963-06-29,56.989998
1963-06-30,62.0585
1963-07-01,63.082
1963-07-02,61.6785
1963-07-03,69.899
1963-07-04,63.5375
1963-07-05,60.351997
1963-07-06,51.922
1963-07-07,58.085
1963-07-08,61.488
1963-07-09,75.111496
1963-07-10,59.1945
1963-07-11,63.872997
1963-07-12,81.3115
1963-07-13,79.93
1963-07-14,70.545
1963-07-15,76.304
1963-07-16,67.584496
1963-07-17,67.959
1963-07-18,60.609997
1963-07-19,63.621
1963-07-20,60.503998
1963-07-21,67.5465
1963-07-22,60.961
1963-07-23,62.064
1963-07-24,53.2665
1963-07-25,53.2415
1963-07-26,54.5775
1963-07-27,69.223495
1963-07-28,71.45
1963-07-29,85.229
1963-07-30,78.7295
1963-07-31,71.1475
1963-08-01,64.2915
1963-08-02,65.0545
1963-08-03,60.6315
1963-08-04,59.2115
1963-08-05,62.2225
1963-08-06,52.2425
1963-08-07,36.26631
1963-08-08,56.489998
1963-08-09,66.4085
1963-08-10,85.473
1963-08-11,58.68
1963-08-12,63.1335
1963-08-13,68.2595
1963-08-14,68.1315
1963-08-15,70.187996
1963-08-16,71.247
1963-08-17,64.611496
1963-08-18,54.293
1963-08-19,60.1915
1963-08-20,47.7305
1963-08-21,56.242
1963-08-22,80.472
1963-08-23,64.935
1963-08-24,65.435
1963-08-25,59.975998
1963-08-26,58.9155
1963-08-27,53.4455
1963-08-28,51.374
1963-08-29,55.0445
1963-08-30,67.27
1963-08-31,77.7115
1963-09-01,73.924995
1963-09-02,69.972
1963-09-03,65.748
1963-09-04,74.3565
1963-09-05,63.0235
1963-09-06,69.965996
1963-09-07,85.653
1963-09-08,82.287
1963-09-09,81.0925
1963-09-10,79.2895
1963-09-11,80.399
1963-09-12,75.0255
1963-09-13,76.3395
1963-09-14,71.932495
1963-09-15,71.754
1963-09-16,67.297
1963-09-17,63.697
1963-09-18,63.668
1963-09-19,62.695
1963-09-20,61.350998
1963-09-21,56.5215
1963-09-22,56.8895
1963-09-23,61.089
1963-09-24,59.755997
1963-09-25,60.2195
1963-09-26,85.3265
1963-09-27,73.8305
1963-09-28,65.9995
1963-09-29,76.766
1963-09-30,72.5275
1963-10-01,73.1215
1963-10-02,61.464
1963-10-03,70.612
1963-10-04,75.5925
1963-10-05,86.69632
1963-10-06,67.3685
1963-10-07,64.4555
1963-10-08,80.319496
1963-10-09,82.198
1963-10-10,84.9355
1963-10-11,82.682
1963-10-12,73.501
1963-10-13,69.743996
1963-10-14,65.506
1963-10-15,62.728
1963-10-16,69.1065
1963-10-17,66.3525
1963-10-18,76.7965
1963-10-19,77.7345
1963-10-20,73.5745
1963-10-21,76.1975
1963-10-22,75.9415
1963-10-23,80.852
1963-10-24,86.4845
1963-10-25,76.944496
1963-10-26,82.6215
1963-10-27,71.676
1963-10-28,76.1135
1963-10-29,78.54579
1963-10-30,86.50263
1963-10-31,80.411575
1963-11-01,68.455
1963-11-02,73.503
1963-11-03,72.296
1963-11-04,74.0215
1963-11-05,76.0215
1963-11-06,64.612495
1963-11-07,63.835
1963-11-08,76.809
1963-11-09,75.294
1963-11-10,79.249504
1963-11-11,72.7755
1963-11-12,70.071495
1963-11-13,83.9035
1963-11-14,88.247
1963-11-15,70.5105
1963-11-16,80.764
1963-11-17,82.909
1963-11-18,80.223
1963-11-19,74.9505
1963-11-20,78.184
1963-11-21,76.616
1963-11-22,74.604
1963-11-23,69.326
1963-11-24,73.648
1963-11-25,77.188995
1963-11-26,79.543495
1963-11-27,75.6365
1963-11-28,85.77278
1963-11-29,81.927
1963-11-30,75.426
1963-12-01,68.953995
1963-12-02,79.2845
1963-12-03,79.3015
1963-12-04,83.194496
1963-12-05,89.650665
1963-12-06,82.83474
1963-12-07,83.114
1963-12-08,83.072
1963-12-09,85.6665
1963-12-10,81.4015
1963-12-11,78.603
1963-12-12,88.724
1963-12-13,89.956314
1963-12-14,89.12263
1963-12-15,87.66368
1963-12-16,87.91579
1963-12-17,85.244
1963-12-18,83.8155
1963-12-19,86.7535
1963-12-20,87.5535
1963-12-21,88.8465
1963-12-22,89.828125
1963-12-23,88.531
1963-12-24,81.8865
1963-12-25,72.807
1963-12-26,86.56588
1963-12-27,88.60812
1963-12-28,89.45722
1963-12-29,89.32667
1963-12-30,89.56111
1963-12-31,88.468124
1964-01-01,84.63947
1964-01-02,89.60375
1964-01-03,87.747055
1964-01-04,87.7765
1964-01-05,87.257774
1964-01-06,87.6525
1964-01-07,89.045555
1964-01-08,88.1055
1964-01-09,85.308
1964-01-10,86.897995
1964-01-11,86.31
1964-01-12,83.404
1964-01-13,79.813995
1964-01-14,82.095
1964-01-15,81.0115
1964-01-16,78.375496
1964-01-17,75.710495
1964-01-18,78.487
1964-01-19,80.898
1964-01-20,80.252
1964-01-21,80.748
1964-01-22,79.065
1964-01-23,85.2795
1964-01-24,83.147
1964-01-25,80.696
1964-01-26,75.7915
1964-01-27,73.599
1964-01-28,73.2195
1964-01-29,75.016
1964-01-30,86.285995
1964-01-31,90.95177
1964-02-01,85.01
1964-02-02,81.63
1964-02-03,82.1305
1964-02-04,86.929504
1964-02-05,71.7665
1964-02-06,75.281
1964-02-07,76.74
1964-02-08,77.125496
1964-02-09,86.11316
1964-02-10,85.905266
1964-02-11,80.8055
1964-02-12,80.9
1964-02-13,77.4265
1964-02-14,72.7495
1964-02-15,77.743996
1964-02-16,83.8675
1964-02-17,83.458496
1964-02-18,90.66706
1964-02-19,88.159
1964-02-20,89.456314
1964-02-21,73.2245
1964-02-22,72.5235
1964-02-23,76.5325
1964-02-24,70.281
1964-02-25,77.167
1964-02-26,80.697
1964-02-27,83.757996
1964-02-28,88.83056
1964-02-29,84.948944
1964-03-01,90.58118
1964-03-02,83.6325
1964-03-03,82.2525
1964-03-04,84.4735
1964-03-05,78.128
1964-03-06,81.8745
1964-03-07,87.354004
1964-03-08,86.2579
1964-03-09,82.394
1964-03-10,84.8725
1964-03-11,84.469
1964-03-12,85.35222
1964-03-13,85.4085
1964-03-14,86.809
1964-03-15,86.8675
1964-03-16,89.85333
1964-03-17,87.103
1964-03-18,82.538
1964-03-19,84.225
1964-03-20,81.2555
1964-03-21,87.295
1964-03-22,91.88937
1964-03-23,90.58312
1964-03-24,82.297
1964-03-25,81.1025
1964-03-26,78.7075
1964-03-27,74.645
1964-03-28,77.827995
1964-03-29,78.356
1964-03-30,71.9385
1964-03-31,69.0595
1964-04-01,77.662
1964-04-02,67.883995
1964-04-03,72.143
1964-04-04,75.164
1964-04-05,80.833496
1964-04-06,79.5655
1964-04-07,76.8545
1964-04-08,70.479
1964-04-09,77.1465
1964-04-10,80.614
1964-04-11,72.608
1964-04-12,71.7215
1964-04-13,61.455498
1964-04-14,66.402
1964-04-15,68.4905
1964-04-16,65.166
1964-04-17,56.807
1964-04-18,60.227997
1964-04-19,57.0565
1964-04-20,51.288498
1964-04-21,44.990997
1964-04-22,51.046997
1964-04-23,50.5715
1964-04-24,63.135498
1964-04-25,86.638
1964-04-26,83.6435
1964-04-27,75.57
1964-04-28,66.259
1964-04-29,63.262497
1964-04-30,76.6415
1964-05-01,75.3035
1964-05-02,75.083
1964-05-03,75.551
1964-05-04,74.003
1964-05-05,79.8585
1964-05-06,85.5395
1964-05-07,67.6085
1964-05-08,60.6
1964-05-09,74.9975
1964-05-10,83.264
1964-05-11,78.344
1964-05-12,71.1375
1964-05-13,68.491
1964-05-14,68.2635
1964-05-15,76.9855
1964-05-16,80.0525
1964-05-17,79.8285
1964-05-18,75.9645
1964-05-19,65.996
1964-05-20,70.3325
1964-05-21,83.1375
1964-05-22,84.134
1964-05-23,72.232
1964-05-24,71.9005
1964-05-25,62.836
1964-05-26,71.3045
1964-05-27,77.9925
1964-05-28,76.561
1964-05-29,60.213
1964-05-30,74.023994
1964-05-31,80.232
1964-06-01,71.731
1964-06-02,58.5295
1964-06-03,63.855
1964-06-04,67.0655
1964-06-05,63.4925
1964-06-06,55.920498
1964-06-07,58.575
1964-06-08,69.473495
1964-06-09,85.075
1964-06-10,80.832
1964-06-11,78.178
1964-06-12,72.4505
1964-06-13,73.498
1964-06-14,74.3415
1964-06-15,63.143497
1964-06-16,66.7735
1964-06-17,74.8575
1964-06-18,75.0215
1964-06-19,74.187
1964-06-20,70.513
1964-06-21,66.9945
1964-06-22,68.5935
1964-06-23,69.2825
1964-06-24,68.504
1964-06-25,72.463
1964-06-26,65.627
1964-06-27,63.678997
1964-06-28,62.614998
1964-06-29,78.6225
1964-06-30,77.812
1964-07-01,65.756996
1964-07-02,81.3125
1964-07-03,67.074
1964-07-04,64.949
1964-07-05,72.733
1964-07-06,75.695
1964-07-07,63.531998
1964-07-08,60.582497
1964-07-09,52.2065
1964-07-10,40.836
1964-07-11,80.1445
1964-07-12,79.67
1964-07-13,77.2325
1964-07-14,65.2945
1964-07-15,57.534
1964-07-16,63.4325
1964-07-17,65.7275
1964-07-18,67.269
1964-07-19,64.2545
1964-07-20,58.969498
1964-07-21,54.351498
1964-07-22,52.1275
1964-07-23,62.646
1964-07-24,73.793495
1964-07-25,77.1295
1964-07-26,71.3445
1964-07-27,73.6095
1964-07-28,71.527
1964-07-29,64.618
1964-07-30,64.4545
1964-07-31,64.2855
1964-08-01,63.204
1964-08-02,72.6965
1964-08-03,72.029
1964-08-04,65.209
1964-08-05,60.045
1964-08-06,62.9405
1964-08-07,59.507
1964-08-08,61.989998
1964-08-09,61.777
1964-08-10,86.233
1964-08-11,83.8665
1964-08-12,83.8795
1964-08-13,74.584
1964-08-14,75.381996
1964-08-15,74.456
1964-08-16,81.1495
1964-08-17,71.7375
1964-08-18,60.391
1964-08-19,74.7325
1964-08-20,68.35
1964-08-21,69.2065
1964-08-22,67.9715
1964-08-23,75.1215
1964-08-24,73.2285
1964-08-25,66.893
1964-08-26,68.937
1964-08-27,64.410995
1964-08-28,66.8665
1964-08-29,54.779
1964-08-30,61.668
1964-08-31,63.4935
1964-09-01,77.2905
1964-09-02,76.643
1964-09-03,74.5575
1964-09-04,68.28
1964-09-05,64.518
1964-09-06,57.132
1964-09-07,79.832
1964-09-08,78.229996
1964-09-09,75.0375
1964-09-10,76.5255
1964-09-11,71.52
1964-09-12,71.622
1964-09-13,69.61
1964-09-14,66.371
1964-09-15,67.0085
1964-09-16,63.011
1964-09-17,66.3955
1964-09-18,77.4165
1964-09-19,69.889496
1964-09-20,70.758995
1964-09-21,88.546
1964-09-22,81.5945
1964-09-23,90.070625
1964-09-24,88.6465
1964-09-25,83.44
1964-09-26,88.325
1964-09-27,88.397
1964-09-28,79.0535
1964-09-29,83.0675
1964-09-30,73.04
1964-10-01,73.104
1964-10-02,74.431496
1964-10-03,72.876495
1964-10-04,67.446
1964-10-05,73.972
1964-10-06,74.489
1964-10-07,70.084496
1964-10-08,63.05
1964-10-09,72.520996
1964-10-10,67.4675
1964-10-11,82.32
1964-10-12,71.31
1964-10-13,73.3145
1964-10-14,76.103
1964-10-15,74.3965
1964-10-16,77.836
1964-10-17,80.9005
1964-10-18,83.1775
1964-10-19,88.38111
1964-10-20,91.46333
1964-10-21,88.168945
1964-10-22,88.38294
1964-10-23,80.144
1964-10-24,65.532
1964-10-25,82.726
1964-10-26,89.872
1964-10-27,87.76111
1964-10-28,84.6785
1964-10-29,80.552
1964-10-30,81.9765
1964-10-31,84.5105
1964-11-01,84.5125
1964-11-02,89.424446
1964-11-03,92.14555
1964-11-04,91.995834
1964-11-05,89.75353
1964-11-06,92.340836
1964-11-07,83.958
1964-11-08,82.335266
1964-11-09,83.627365
1964-11-10,87.78333
1964-11-11,88.575554
1964-11-12,91.304
1964-11-13,93.128334
1964-11-14,81.3745
1964-11-15,81.3045
1964-11-16,72.9515
1964-11-17,77.2435
1964-11-18,84.0215
1964-11-19,81.5735
1964-11-20,90.50158
1964-11-21,90.1655
1964-11-22,86.154
1964-11-23,82.2945
1964-11-24,85.9055
1964-11-25,79.899
1964-11-26,67.3285
1964-11-27,73.4145
1964-11-28,81.8465
1964-11-29,72.375
1964-11-30,79.2595
1964-12-01,87.1265
1964-12-02,85.708
1964-12-03,90.167336
1964-12-04,91.943
1964-12-05,88.188
1964-12-06,82.536
1964-12-07,87.15053
1964-12-08,89.61857
1964-12-09,91.19
1964-12-10,91.14455
1964-12-11,91.73
1964-12-12,91.25143
1964-12-13,87.125
1964-12-14,89.53286
1964-12-15,88.07867
1964-12-16,90.705
1964-12-17,87.433
1964-12-18,91.490585
1964-12-19,88.563126
1964-12-20,87.78368
1964-12-21,89.905624
1964-12-22,92.15546
1964-12-23,89.48722
1964-12-24,91.8353
1964-12-25,89.95389
1964-12-26,91.11266
1964-12-27,88.729
1964-12-28,83.46
1964-12-29,77.948
1964-12-30,90.846664
1964-12-31,84.3395
1965-01-01,84.96526
1965-01-02,90.714
1965-01-03,91.149414
1965-01-04,91.7575
1965-01-05,84.8085
1965-01-06,81.7405
1965-01-07,81.3795
1965-01-08,76.0055
1965-01-09,81.248
1965-01-10,83.167
1965-01-11,88.137
1965-01-12,83.23167
1965-01-13,79.4835
1965-01-14,79.4435
1965-01-15,82.8125
1965-01-16,76.838
1965-01-17,81.8105
1965-01-18,85.51
1965-01-19,88.0995
1965-01-20,92.899086
1965-01-21,85.527
1965-01-22,92.07643
1965-01-23,
1965-01-24,94.455
1965-01-25,92.99571
1965-01-26,90.255
1965-01-27,87.51527
1965-01-28,84.5305
1965-01-29,82.7685
1965-01-30,83.798
1965-01-31,87.99438
1965-02-01,83.112
1965-02-02,83.873
1965-02-03,82.8245
1965-02-04,85.136
1965-02-05,82.139496
1965-02-06,77.47
1965-02-07,70.5475
1965-02-08,77.9095
1965-02-09,81.5405
1965-02-10,86.434
1965-02-11,83.171
1965-02-12,78.5475
1965-02-13,76.8925
1965-02-14,76.812996
1965-02-15,83.8825
1965-02-16,91.0147
1965-02-17,85.225
1965-02-18,84.3295
1965-02-19,83.3385
1965-02-20,90.2685
1965-02-21,87.42
1965-02-22,77.9825
1965-02-23,80.309
1965-02-24,77.225
1965-02-25,83.3985
1965-02-26,69.8255
1965-02-27,81.2755
1965-02-28,67.048
1965-03-01,63.3875
1965-03-02,77.116
1965-03-03,77.9115
1965-03-04,78.387
1965-03-05,74.5875
1965-03-06,83.9365
1965-03-07,91.415
1965-03-08,89.471664
1965-03-09,89.085
1965-03-10,86.917
1965-03-11,80.2055
1965-03-12,79.723
1965-03-13,78.566
1965-03-14,73.0375
1965-03-15,73.0715
1965-03-16,71.7135
1965-03-17,80.216
1965-03-18,78.529495
1965-03-19,79.0765
1965-03-20,86.281
1965-03-21,78.223495
1965-03-22,81.3165
1965-03-23,77.903
1965-03-24,86.904
1965-03-25,87.09
1965-03-26,87.0865
1965-03-27,88.686
1965-03-28,81.3035
1965-03-29,74.5465
1965-03-30,72.764
1965-03-31,79.001495
1965-04-01,81.001495
1965-04-02,67.751
1965-04-03,64.2825
1965-04-04,55.7235
1965-04-05,66.6025
1965-04-06,75.15
1965-04-07,69.1775
1965-04-08,74.462
1965-04-09,85.070496
1965-04-10,88.479996
1965-04-11,87.35158
1965-04-12,83.485
1965-04-13,80.888504
1965-04-14,84.57
1965-04-15,78.9565
1965-04-16,87.873
1965-04-17,86.562996
1965-04-18,69.195
1965-04-19,73.9995
1965-04-20,77.5335
1965-04-21,77.4985
1965-04-22,79.8795
1965-04-23,77.7205
1965-04-24,79.3085
1965-04-25,72.806
1965-04-26,77.584496
1965-04-27,66.744995
1965-04-28,67.35
1965-04-29,75.764
1965-04-30,73.533
1965-05-01,63.309
1965-05-02,57.225
1965-05-03,66.8855
1965-05-04,50.598
1965-05-05,62.6465
1965-05-06,88.67111
1965-05-07,88.086
1965-05-08,69.298
1965-05-09,70.448
1965-05-10,73.061
1965-05-11,82.059
1965-05-12,82.326996
1965-05-13,73.935
1965-05-14,70.2885
1965-05-15,76.0725
1965-05-16,78.829
1965-05-17,62.641
1965-05-18,55.4035
1965-05-19,45.7585
1965-05-20,64.9965
1965-05-21,66.4815
1965-05-22,70.815
1965-05-23,77.776
1965-05-24,77.086
1965-05-25,76.265495
1965-05-26,68.899
1965-05-27,70.2
1965-05-28,71.8155
1965-05-29,67.953
1965-05-30,68.042496
1965-05-31,60.512
1965-06-01,62.552998
1965-06-02,67.107
1965-06-03,57.434498
1965-06-04,60.9685
1965-06-05,78.708496
1965-06-06,82.298996
1965-06-07,71.9965
1965-06-08,67.472
1965-06-09,73.688995
1965-06-10,83.2885
1965-06-11,81.227
1965-06-12,80.159996
1965-06-13,65.111496
1965-06-14,80.3545
1965-06-15,77.159
1965-06-16,71.413
1965-06-17,69.858
1965-06-18,84.7205
1965-06-19,73.516495
1965-06-20,72.375
1965-06-21,71.7795
1965-06-22,72.725
1965-06-23,71.299995
1965-06-24,69.084496
1965-06-25,64.019
1965-06-26,63.421497
1965-06-27,66.069
1965-06-28,82.912
1965-06-29,70.312996
1965-06-30,71.4425
1965-07-01,66.113495
1965-07-02,76.8025
1965-07-03,68.302
1965-07-04,71.5005
1965-07-05,74.17
1965-07-06,65.748
1965-07-07,55.772
1965-07-08,45.962498
1965-07-09,60.6245
1965-07-10,64.765
1965-07-11,63.876
1965-07-12,57.6075
1965-07-13,64.6005
1965-07-14,65.5895
1965-07-15,59.0155
1965-07-16,52.7305
1965-07-17,61.733498
1965-07-18,68.559
1965-07-19,63.6265
1965-07-20,70.614
1965-07-21,62.476498
1965-07-22,62.642998
1965-07-23,61.25
1965-07-24,64.779495
1965-07-25,61.7175
1965-07-26,68.822
1965-07-27,65.284
1965-07-28,63.3215
1965-07-29,48.776997
1965-07-30,59.2845
1965-07-31,61.4005
1965-08-01,65.9635
1965-08-02,69.541
1965-08-03,61.468998
1965-08-04,63.531
1965-08-05,60.607998
1965-08-06,56.880497
1965-08-07,46.4745
1965-08-08,45.247498
1965-08-09,56.3575
1965-08-10,61.7395
1965-08-11,77.016
1965-08-12,71.3425
1965-08-13,65.835
1965-08-14,57.5565
1965-08-15,74.76
1965-08-16,72.8855
1965-08-17,68.7855
1965-08-18,60.635
1965-08-19,70.5825
1965-08-20,67.0075
1965-08-21,52.872997
1965-08-22,52.531498
1965-08-23,58.2235
1965-08-24,48.4285
1965-08-25,77.503494
1965-08-26,82.333
1965-08-27,80.97
1965-08-28,76.122
1965-08-29,81.3685
1965-08-30,72.348495
1965-08-31,66.1785
1965-09-01,55.592
1965-09-02,54.104
1965-09-03,52.232
1965-09-04,65.409
1965-09-05,62.528
1965-09-06,68.404
1965-09-07,71.385
1965-09-08,71.0685
1965-09-09,58.5445
1965-09-10,60.557
1965-09-11,58.7665
1965-09-12,81.0415
1965-09-13,81.833
1965-09-14,78.667496
1965-09-15,71.365
1965-09-16,70.529
1965-09-17,64.122
1965-09-18,58.350998
1965-09-19,66.448
1965-09-20,78.578
1965-09-21,70.2245
1965-09-22,68.412
1965-09-23,64.369
1965-09-24,60.9145
1965-09-25,61.359497
1965-09-26,60.805
1965-09-27,65.375496
1965-09-28,52.969
1965-09-29,69.196495
1965-09-30,67.243996
1965-10-01,64.331
1965-10-02,65.563995
1965-10-03,65.6235
1965-10-04,69.3845
1965-10-05,70.2645
1965-10-06,74.557
1965-10-07,71.0375
1965-10-08,72.845
1965-10-09,70.28
1965-10-10,66.5725
1965-10-11,63.98
1965-10-12,65.4355
1965-10-13,61.323997
1965-10-14,57.996
1965-10-15,53.5995
1965-10-16,51.578
1965-10-17,67.124
1965-10-18,69.333
1965-10-19,68.6805
1965-10-20,72.465
1965-10-21,71.912
1965-10-22,70.9295
1965-10-23,65.8715
1965-10-24,69.3465
1965-10-25,71.053
1965-10-26,71.642
1965-10-27,66.3805
1965-10-28,60.8225
1965-10-29,56.012997
1965-10-30,67.2845
1965-10-31,66.418
1965-11-01,71.4215
1965-11-02,65.7545
1965-11-03,64.5665
1965-11-04,73.3685
1965-11-05,82.591
1965-11-06,90.16389
1965-11-07,86.76947
1965-11-08,84.43833
1965-11-09,88.36105
1965-11-10,88.82167
1965-11-11,92.02636
1965-11-12,90.670586
1965-11-13,92.102
1965-11-14,88.638885
1965-11-15,86.316
1965-11-16,86.956665
1965-11-17,80.784996
1965-11-18,86.881
1965-11-19,90.702354
1965-11-20,89.825386
1965-11-21,84.063156
1965-11-22,83.611
1965-11-23,92.420586
1965-11-24,93.29846
1965-11-25,86.8425
1965-11-26,76.320496
1965-11-27,78.923996
1965-11-28,84.3985
1965-11-29,78.5365
1965-11-30,72.6855
1965-12-01,87.09
1965-12-02,91.756
1965-12-03,86.407776
1965-12-04,93.05067
1965-12-05,89.73053
1965-12-06,85.8105
1965-12-07,85.2805
1965-12-08,91.15
1965-12-09,88.33579
1965-12-10,87.433
1965-12-11,90.69778
1965-12-12,87.865265
1965-12-13,87.05631
1965-12-14,87.9565
1965-12-15,83.621574
1965-12-16,84.885
1965-12-17,88.659
1965-12-18,90.70158
1965-12-19,90.297775
1965-12-20,88.83941
1965-12-21,93.004616
1965-12-22,93.98889
1965-12-23,91.690834
1965-12-24,93.201004
1965-12-25,92.39733
1965-12-26,91.491875
1965-12-27,81.06
1965-12-28,84.953
1965-12-29,92.081055
1965-12-30,86.194496
1965-12-31,93.65455
1966-01-01,88.905556
1966-01-02,84.58474
1966-01-03,85.916504
1966-01-04,85.75105
1966-01-05,80.078995
1966-01-06,70.164
1966-01-07,74.9545
1966-01-08,81.3965
1966-01-09,83.2465
1966-01-10,85.908
1966-01-11,86.36263
1966-01-12,90.121
1966-01-13,89.40059
1966-01-14,83.928
1966-01-15,79.729
1966-01-16,85.4105
1966-01-17,87.991
1966-01-18,89.141
1966-01-19,86.6125
1966-01-20,85.3635
1966-01-21,82.864
1966-01-22,80.9025
1966-01-23,82.6975
1966-01-24,91.62071
1966-01-25,84.7845
1966-01-26,83.322
1966-01-27,87.37444
1966-01-28,89.634735
1966-01-29,84.5955
1966-01-30,82.460495
1966-01-31,85.3775
1966-02-01,87.441
1966-02-02,88.13824
1966-02-03,91.30867
1966-02-04,87.04611
1966-02-05,90.60389
1966-02-06,80.9355
1966-02-07,81.099
1966-02-08,83.97263
1966-02-09,81.859
1966-02-10,90.634705
1966-02-11,91.930626
1966-02-12,88.462
1966-02-13,87.6315
1966-02-14,87.91059
1966-02-15,93.12556
1966-02-16,89.680626
1966-02-17,86.5145
1966-02-18,92.32916
1966-02-19,87.3255
1966-02-20,85.72474
1966-02-21,80.3955
1966-02-22,73.598
1966-02-23,81.653496
1966-02-24,87.19
1966-02-25,80.098
1966-02-26,75.868996
1966-02-27,74.67
1966-02-28,69.757996
1966-03-01,71.3965
1966-03-02,79.0765
1966-03-03,74.0625
1966-03-04,78.4345
1966-03-05,76.8715
1966-03-06,86.987495
1966-03-07,87.0025
1966-03-08,88.2535
1966-03-09,76.640495
1966-03-10,79.1325
1966-03-11,76.7135
1966-03-12,72.682
1966-03-13,82.409996
1966-03-14,84.8245
1966-03-15,76.616
1966-03-16,85.284
1966-03-17,73.154
1966-03-18,84.932
1966-03-19,78.7935
1966-03-20,73.708
1966-03-21,60.4185
1966-03-22,56.538
1966-03-23,56.518997
1966-03-24,64.0405
1966-03-25,72.3085
1966-03-26,76.582
1966-03-27,53.573498
1966-03-28,51.3695
1966-03-29,79.172
1966-03-30,82.7215
1966-03-31,66.2295
1966-04-01,69.589
1966-04-02,84.3925
1966-04-03,81.443
1966-04-04,78.333
1966-04-05,79.648
1966-04-06,81.809
1966-04-07,70.406
1966-04-08,56.121998
1966-04-09,66.639496
1966-04-10,75.493
1966-04-11,82.664
1966-04-12,83.6785
1966-04-13,76.577995
1966-04-14,74.317
1966-04-15,61.8425
1966-04-16,74.993
1966-04-17,82.116
1966-04-18,82.085
1966-04-19,62.4755
1966-04-20,63.5425
1966-04-21,66.3605
1966-04-22,79.449
1966-04-23,78.148
1966-04-24,59.6905
1966-04-25,72.501495
1966-04-26,73.7705
1966-04-27,80.0645
1966-04-28,81.0845
1966-04-29,80.2285
1966-04-30,86.274
1966-05-01,73.194496
1966-05-02,66.263
1966-05-03,64.964
1966-05-04,59.0265
1966-05-05,57.133
1966-05-06,57.458
1966-05-07,47.369995
1966-05-08,60.3895
1966-05-09,82.166
1966-05-10,70.4375
1966-05-11,79.8315
1966-05-12,81.6355
1966-05-13,75.609
1966-05-14,75.7875
1966-05-15,71.427
1966-05-16,63.7515
1966-05-17,58.056
1966-05-18,61.42
1966-05-19,77.46
1966-05-20,78.18
1966-05-21,71.6445
1966-05-22,68.863
1966-05-23,70.139
1966-05-24,78.177
1966-05-25,69.6225
1966-05-26,77.531
1966-05-27,87.48941
1966-05-28,91.194374
1966-05-29,85.58
1966-05-30,87.9825
1966-05-31,80.319496
1966-06-01,75.8695
1966-06-02,88.0405
1966-06-03,88.394
1966-06-04,80.4835
1966-06-05,77.4205
1966-06-06,84.8665
1966-06-07,83.2275
1966-06-08,77.4155
1966-06-09,74.7905
1966-06-10,77.212
1966-06-11,79.5645
1966-06-12,71.0905
1966-06-13,64.9365
1966-06-14,67.0115
1966-06-15,72.3135
1966-06-16,79.8685
1966-06-17,80.681
1966-06-18,73.0955
1966-06-19,69.823
1966-06-20,81.421
1966-06-21,81.2545
1966-06-22,78.956
1966-06-23,67.1215
1966-06-24,64.779
1966-06-25,84.6605
1966-06-26,75.505
1966-06-27,78.5035
1966-06-28,78.6435
1966-06-29,84.4955
1966-06-30,81.78105
1966-07-01,87.417496
1966-07-02,79.7705
1966-07-03,70.563995
1966-07-04,67.755
1966-07-05,66.2495
1966-07-06,67.659996
1966-07-07,64.9635
1966-07-08,73.574
1966-07-09,72.8735
1966-07-10,70.0795
1966-07-11,62.5785
1966-07-12,69.942
1966-07-13,65.247
1966-07-14,65.527
1966-07-15,71.7445
1966-07-16,74.3395
1966-07-17,69.782
1966-07-18,73.979996
1966-07-19,66.3275
1966-07-20,72.1385
1966-07-21,80.757
1966-07-22,83.937
1966-07-23,87.25579
1966-07-24,85.132
1966-07-25,86.7255
1966-07-26,75.090996
1966-07-27,73.7735
1966-07-28,66.609
1966-07-29,85.659
1966-07-30,76.02
1966-07-31,77.405
1966-08-01,76.4795
1966-08-02,74.6605
1966-08-03,77.709496
1966-08-04,71.029
1966-08-05,68.361496
1966-08-06,81.6795
1966-08-07,73.4635
1966-08-08,77.1285
1966-08-09,74.8155
1966-08-10,72.508995
1966-08-11,73.2885
1966-08-12,77.775
1966-08-13,74.4755
1966-08-14,75.973495
1966-08-15,75.5065
1966-08-16,75.5165
1966-08-17,75.6845
1966-08-18,65.9775
1966-08-19,61.762497
1966-08-20,71.1925
1966-08-21,80.302
1966-08-22,72.559
1966-08-23,74.6575
1966-08-24,73.1075
1966-08-25,82.4515
1966-08-26,85.97369
1966-08-27,79.47
1966-08-28,74.197
1966-08-29,78.4545
1966-08-30,67.929
1966-08-31,71.7155
1966-09-01,90.54706
1966-09-02,80.081
1966-09-03,77.529
1966-09-04,78.654
1966-09-05,71.219
1966-09-06,86.246
1966-09-07,84.1165
1966-09-08,78.9125
1966-09-09,77.3745
1966-09-10,74.4965
1966-09-11,76.222496
1966-09-12,71.372
1966-09-13,64.3665
1966-09-14,75.663
1966-09-15,73.0725
1966-09-16,73.9965
1966-09-17,79.003
1966-09-18,76.195
1966-09-19,80.8795
1966-09-20,73.748
1966-09-21,73.5745
1966-09-22,74.683
1966-09-23,77.3385
1966-09-24,74.4185
1966-09-25,74.936
1966-09-26,72.1485
1966-09-27,67.3435
1966-09-28,76.7495
1966-09-29,72.26
1966-09-30,68.5865
1966-10-01,83.6075
1966-10-02,82.396996
1966-10-03,85.226
1966-10-04,80.544
1966-10-05,84.889496
1966-10-06,80.447
1966-10-07,72.131
1966-10-08,69.8365
1966-10-09,67.861496
1966-10-10,75.9295
1966-10-11,78.3135
1966-10-12,74.3385
1966-10-13,85.6735
1966-10-14,90.91563
1966-10-15,87.487
1966-10-16,80.928
1966-10-17,75.123
1966-10-18,81.4825
1966-10-19,83.596
1966-10-20,81.651
1966-10-21,90.775
1966-10-22,86.0305
1966-10-23,78.875
1966-10-24,64.4425
1966-10-25,74.3775
1966-10-26,77.7285
1966-10-27,76.547
1966-10-28,84.3865
1966-10-29,88.2925
1966-10-30,88.36063
1966-10-31,90.8575
1966-11-01,92.433334
1966-11-02,91.01941
1966-11-03,87.92389
1966-11-04,83.713
1966-11-05,87.377365
1966-11-06,93.36
1966-11-07,90.42846
1966-11-08,86.872
1966-11-09,78.6879
1966-11-10,79.283
1966-11-11,90.74684
1966-11-12,92.81875
1966-11-13,
1966-11-14,93.894005
1966-11-15,89.23444
1966-11-16,85.9335
1966-11-17,86.57
1966-11-18,92.30375
1966-11-19,93.865
1966-11-20,89.64737
1966-11-21,92.09416
1966-11-22,90.700584
1966-11-23,86.2855
1966-11-24,90.61471
1966-11-25,90.08889
1966-11-26,84.9305
1966-11-27,89.65588
1966-11-28,91.485
1966-11-29,90.9025
1966-11-30,92.80556
1966-12-01,82.926
1966-12-02,75.855
1966-12-03,82.459496
1966-12-04,82.127
1966-12-05,83.868
1966-12-06,91.09177
1966-12-07,92.53389
1966-12-08,90.94882
1966-12-09,91.03823
1966-12-10,90.125626
1966-12-11,90.76312
1966-12-12,85.018
1966-12-13,86.8305
1966-12-14,91.95273
1966-12-15,86.048
1966-12-16,89.34421
1966-12-17,86.683
1966-12-18,90.45636
1966-12-19,92.17154
1966-12-20,89.14263
1966-12-21,91.013336
1966-12-22,93.11
1966-12-23,92.88
1966-12-24,89.35294
1966-12-25,90.01312
1966-12-26,88.607895
1966-12-27,83.0215
1966-12-28,80.7665
1966-12-29,78.3255
1966-12-30,83.324
1966-12-31,90.59857
1967-01-01,90.91333
1967-01-02,89.71562
1967-01-03,89.359375
1967-01-04,86.4815
1967-01-05,82.8925
1967-01-06,85.211
1967-01-07,88.998886
1967-01-08,88.33632
1967-01-09,89.40895
1967-01-10,82.2525
1967-01-11,79.178
1967-01-12,88.606
1967-01-13,85.296
1967-01-14,86.477
1967-01-15,84.625496
1967-01-16,80.932495
1967-01-17,79.062
1967-01-18,81.1525
1967-01-19,76.270996
1967-01-20,73.461
1967-01-21,70.755
1967-01-22,82.2385
1967-01-23,85.9335
1967-01-24,86.101
1967-01-25,91.16187
1967-01-26,86.2645
1967-01-27,84.6365
1967-01-28,74.2125
1967-01-29,82.6375
1967-01-30,85.17895
1967-01-31,79.47263
1967-02-01,83.8565
1967-02-02,89.22813
1967-02-03,91.918335
1967-02-04,90.53562
1967-02-05,87.55
1967-02-06,89.62444
1967-02-07,88.69706
1967-02-08,89.76706
1967-02-09,84.934
1967-02-10,88.78895
1967-02-11,82.472
1967-02-12,77.778
1967-02-13,79.6165
1967-02-14,80.724
1967-02-15,83.058945
1967-02-16,76.8415
1967-02-17,69.123
1967-02-18,78.464
1967-02-19,83.1005
1967-02-20,86.157
1967-02-21,84.32895
1967-02-22,77.7605
1967-02-23,69.9945
1967-02-24,77.866
1967-02-25,66.386
1967-02-26,69.366
1967-02-27,74.956
1967-02-28,79.464
1967-03-01,70.135
1967-03-02,82.395996
1967-03-03,78.922
1967-03-04,75.8245
1967-03-05,77.329
1967-03-06,76.5095
1967-03-07,74.438995
1967-03-08,65.094
1967-03-09,59.538998
1967-03-10,65.721
1967-03-11,74.7405
1967-03-12,76.712
1967-03-13,71.398
1967-03-14,90.97923
1967-03-15,86.905
1967-03-16,86.5845
1967-03-17,88.5935
1967-03-18,79.5305
1967-03-19,88.229004
1967-03-20,84.4645
1967-03-21,80.5395
1967-03-22,86.77105
1967-03-23,77.6895
1967-03-24,79.3445
1967-03-25,71.514496
1967-03-26,66.0585
1967-03-27,62.5
1967-03-28,61.178497
1967-03-29,77.162994
1967-03-30,83.4155
1967-03-31,87.2205
1967-04-01,83.713
1967-04-02,75.17
1967-04-03,74.9675
1967-04-04,80.6435
1967-04-05,77.69
1967-04-06,65.8915
1967-04-07,59.48
1967-04-08,71.3745
1967-04-09,54.782
1967-04-10,53.057
1967-04-11,60.239
1967-04-12,65.922
1967-04-13,62.297
1967-04-14,80.6445
1967-04-15,86.80211
1967-04-16,85.5
1967-04-17,70.6095
1967-04-18,60.5305
1967-04-19,77.253
1967-04-20,63.717
1967-04-21,48.9645
1967-04-22,84.138
1967-04-23,92.40813
1967-04-24,84.18158
1967-04-25,78.909
1967-04-26,80.1065
1967-04-27,81.084
1967-04-28,83.5795
1967-04-29,86.133
1967-04-30,75.3165
1967-05-01,72.891
1967-05-02,69.645
1967-05-03,66.925
1967-05-04,87.6525
1967-05-05,76.243996
1967-05-06,75.1005
1967-05-07,71.4745
1967-05-08,73.826996
1967-05-09,69.305
1967-05-10,67.1135
1967-05-11,69.3425
1967-05-12,66.412
1967-05-13,61.255997
1967-05-14,54.2015
1967-05-15,52.519997
1967-05-16,56.434498
1967-05-17,63.857998
1967-05-18,71.5785
1967-05-19,86.6265
1967-05-20,85.1565
1967-05-21,88.83894
1967-05-22,93.435
1967-05-23,82.377
1967-05-24,86.1035
1967-05-25,79.52
1967-05-26,78.9525
1967-05-27,65.5575
1967-05-28,72.6085
1967-05-29,71.405
1967-05-30,70.0765
1967-05-31,77.5725
1967-06-01,86.668
1967-06-02,80.1335
1967-06-03,77.0265
1967-06-04,73.14
1967-06-05,70.6995
1967-06-06,70.412
1967-06-07,67.206
1967-06-08,67.3505
1967-06-09,90.95875
1967-06-10,89.45789
1967-06-11,86.055786
1967-06-12,75.459496
1967-06-13,77.938995
1967-06-14,91.42353
1967-06-15,79.2135
1967-06-16,79.7555
1967-06-17,76.048996
1967-06-18,73.761
1967-06-19,83.417
1967-06-20,83.7495
1967-06-21,80.0385
1967-06-22,78.404
1967-06-23,74.619
1967-06-24,68.905495
1967-06-25,63.382
1967-06-26,62.3125
1967-06-27,61.563
1967-06-28,68.6705
1967-06-29,74.6435
1967-06-30,69.6155
1967-07-01,64.5855
1967-07-02,65.086
1967-07-03,63.732
1967-07-04,71.721
1967-07-05,77.2735
1967-07-06,74.362495
1967-07-07,72.965996
1967-07-08,67.7675
1967-07-09,71.613
1967-07-10,86.029
1967-07-11,80.476
1967-07-12,69.9715
1967-07-13,69.021996
1967-07-14,64.21
1967-07-15,65.0235
1967-07-16,70.323
1967-07-17,77.997
1967-07-18,78.058
1967-07-19,73.8105
1967-07-20,60.7295
1967-07-21,60.7775
1967-07-22,63.042
1967-07-23,62.192497
1967-07-24,58.810497
1967-07-25,64.606
1967-07-26,60.2245
1967-07-27,62.345497
1967-07-28,64.541504
1967-07-29,73.317
1967-07-30,71.369
1967-07-31,71.075
1967-08-01,70.216995
1967-08-02,64.5825
1967-08-03,66.7905
1967-08-04,61.7945
1967-08-05,58.4525
1967-08-06,64.8175
1967-08-07,71.823
1967-08-08,70.316
1967-08-09,63.107
1967-08-10,61.4305
1967-08-11,54.456997
1967-08-12,70.3855
1967-08-13,67.732
1967-08-14,77.616
1967-08-15,75.014496
1967-08-16,67.74
1967-08-17,60.9035
1967-08-18,65.2765
1967-08-19,69.431
1967-08-20,65.7565
1967-08-21,64.747
1967-08-22,65.0825
1967-08-23,69.365
1967-08-24,62.6195
1967-08-25,61.6075
1967-08-26,72.1965
1967-08-27,79.8815
1967-08-28,83.228
1967-08-29,73.4555
1967-08-30,67.695
1967-08-31,68.241
1967-09-01,70.958496
1967-09-02,70.604
1967-09-03,65.549
1967-09-04,58.5835
1967-09-05,61.27
1967-09-06,68.448
1967-09-07,71.2255
1967-09-08,59.907497
1967-09-09,57.355
1967-09-10,54.017498
1967-09-11,79.826
1967-09-12,87.2505
1967-09-13,81.895996
1967-09-14,74.444
1967-09-15,76.9115
1967-09-16,84.4025
1967-09-17,87.5965
1967-09-18,88.7755
1967-09-19,86.8215
1967-09-20,80.111496
1967-09-21,74.2455
1967-09-22,72.281
1967-09-23,83.5585
1967-09-24,80.112495
1967-09-25,76.5505
1967-09-26,70.6795
1967-09-27,72.763
1967-09-28,75.429
1967-09-29,79.799995
1967-09-30,72.7405
1967-10-01,77.910995
1967-10-02,73.659996
1967-10-03,72.485
1967-10-04,80.137
1967-10-05,87.624
1967-10-06,82.8095
1967-10-07,80.06
1967-10-08,81.6515
1967-10-09,78.772995
1967-10-10,90.64445
1967-10-11,90.59944
1967-10-12,80.9135
1967-10-13,69.974
1967-10-14,81.14
1967-10-15,78.472496
1967-10-16,78.983
1967-10-17,70.553
1967-10-18,69.453
1967-10-19,73.346
1967-10-20,66.0055
1967-10-21,67.683
1967-10-22,63.542
1967-10-23,74.204
1967-10-24,69.2985
1967-10-25,84.2605
1967-10-26,81.5115
1967-10-27,79.5385
1967-10-28,77.459496
1967-10-29,67.626
1967-10-30,91.0625
1967-10-31,91.97938
1967-11-01,90.73534
1967-11-02,90.685555
1967-11-03,88.558334
1967-11-04,92.49812
1967-11-05,84.2035
1967-11-06,83.2675
1967-11-07,90.77643
1967-11-08,86.31947
1967-11-09,84.02105
1967-11-10,86.92368
1967-11-11,90.19471
1967-11-12,88.13105
1967-11-13,79.7635
1967-11-14,76.64737
1967-11-15,72.1895
1967-11-16,74.9905
1967-11-17,74.7275
1967-11-18,80.418
1967-11-19,86.5225
1967-11-20,82.369995
1967-11-21,78.3415
1967-11-22,80.871
1967-11-23,85.31765
1967-11-24,80.354
1967-11-25,75.838
1967-11-26,82.34
1967-11-27,76.8105
1967-11-28,82.191
1967-11-29,88.915
1967-11-30,93.23444
1967-12-01,92.504
1967-12-02,87.99588
1967-12-03,86.01647
1967-12-04,84.01
1967-12-05,80.8775
1967-12-06,73.017
1967-12-07,79.60158
1967-12-08,83.354
1967-12-09,90.14286
1967-12-10,85.795265
1967-12-11,87.29842
1967-12-12,92.07
1967-12-13,90.6565
1967-12-14,87.90316
1967-12-15,85.61842
1967-12-16,86.3175
1967-12-17,88.566475
1967-12-18,87.993
1967-12-19,85.704
1967-12-20,85.671
1967-12-21,79.673996
1967-12-22,81.252
1967-12-23,84.654
1967-12-24,81.8305
1967-12-25,80.3025
1967-12-26,86.402
1967-12-27,90.443
1967-12-28,91.88734
1967-12-29,91.824165
1967-12-30,92.295555
1967-12-31,89.97091
1968-01-01,88.4125
1968-01-02,92.46313
1968-01-03,91.19
1968-01-04,86.41421
1968-01-05,83.484
1968-01-06,79.695496
1968-01-07,77.7615
1968-01-08,88.531
1968-01-09,79.167496
1968-01-10,79.2975
1968-01-11,80.861496
1968-01-12,83.4505
1968-01-13,77.1365
1968-01-14,67.4275
1968-01-15,86.925
1968-01-16,75.3535
1968-01-17,77.4225
1968-01-18,90.92706
1968-01-19,94.8075
1968-01-20,90.02842
1968-01-21,82.591576
1968-01-22,83.062
1968-01-23,88.85737
1968-01-24,83.9835
1968-01-25,91.76063
1968-01-26,85.292
1968-01-27,82.5755
1968-01-28,79.4185
1968-01-29,83.0615
1968-01-30,82.78
1968-01-31,83.30421
1968-02-01,84.0955
1968-02-02,84.779
1968-02-03,89.596
1968-02-04,85.7845
1968-02-05,86.15053
1968-02-06,85.53421
1968-02-07,86.434
1968-02-08,84.9395
1968-02-09,89.083
1968-02-10,91.498665
1968-02-11,85.7725
1968-02-12,85.6205
1968-02-13,89.37789
1968-02-14,88.31177
1968-02-15,84.264496
1968-02-16,87.74824
1968-02-17,91.06333
1968-02-18,85.707
1968-02-19,78.6695
1968-02-20,74.7725
1968-02-21,81.422
1968-02-22,80.163
1968-02-23,79.8545
1968-02-24,83.2475
1968-02-25,81.5745
1968-02-26,87.9865
1968-02-27,90.98278
1968-02-28,87.19579
1968-02-29,86.953
1968-03-01,84.441
1968-03-02,84.1225
1968-03-03,83.12294
1968-03-04,79.1635
1968-03-05,79.9655
1968-03-06,87.014496
1968-03-07,89.36263
1968-03-08,84.9805
1968-03-09,80.7585
1968-03-10,79.3085
1968-03-11,82.5715
1968-03-12,84.002
1968-03-13,76.3785
1968-03-14,72.6895
1968-03-15,65.743
1968-03-16,69.994995
1968-03-17,63.9315
1968-03-18,67.0885
1968-03-19,83.506996
1968-03-20,61.058
1968-03-21,54.734497
1968-03-22,63.122498
1968-03-23,74.139
1968-03-24,68.998
1968-03-25,71.8375
1968-03-26,71.1285
1968-03-27,75.0305
1968-03-28,66.021996
1968-03-29,65.377
1968-03-30,59.5855
1968-03-31,50.359997
1968-04-01,52.407997
1968-04-02,53.913498
1968-04-03,59.407997
1968-04-04,65.109
1968-04-05,53.902
1968-04-06,49.449997
1968-04-07,56.879997
1968-04-08,78.5675
1968-04-09,88.5225
1968-04-10,72.276
1968-04-11,61.5695
1968-04-12,62.719498
1968-04-13,72.6595
1968-04-14,65.839
1968-04-15,64.5765
1968-04-16,75.7655
1968-04-17,67.903
1968-04-18,58.628998
1968-04-19,57.3555
1968-04-20,54.884
1968-04-21,52.184
1968-04-22,52.3365
1968-04-23,53.728
1968-04-24,50.225
1968-04-25,53.333
1968-04-26,57.2905
1968-04-27,70.5195
1968-04-28,65.6085
1968-04-29,63.287
1968-04-30,64.869995
1968-05-01,64.332
1968-05-02,52.617
1968-05-03,68.015
1968-05-04,60.089
1968-05-05,45.536
1968-05-06,40.013496
1968-05-07,56.4795
1968-05-08,64.2675
1968-05-09,59.823997
1968-05-10,60.458
1968-05-11,60.5995
1968-05-12,48.737
1968-05-13,71.8035
1968-05-14,88.79158
1968-05-15,84.909996
1968-05-16,77.9575
1968-05-17,76.3245
1968-05-18,75.325
1968-05-19,72.695496
1968-05-20,68.003
1968-05-21,59.0085
1968-05-22,68.104996
1968-05-23,70.381
1968-05-24,70.443
1968-05-25,79.7865
1968-05-26,77.055
1968-05-27,67.4765
1968-05-28,61.9325
1968-05-29,49.8905
1968-05-30,64.892
1968-05-31,82.9965
1968-06-01,86.865
1968-06-02,73.033
1968-06-03,80.4145
1968-06-04,71.545
1968-06-05,49.6245
1968-06-06,41.6655
1968-06-07,46.1345
1968-06-08,53.108997
1968-06-09,54.5325
1968-06-10,86.495
1968-06-11,81.3855
1968-06-12,70.879
1968-06-13,78.876
1968-06-14,69.015
1968-06-15,54.121998
1968-06-16,54.1955
1968-06-17,61.208
1968-06-18,55.09
1968-06-19,56.629498
1968-06-20,58.815
1968-06-21,70.149
1968-06-22,64.2415
1968-06-23,57.9225
1968-06-24,56.531998
1968-06-25,72.96
1968-06-26,62.4255
1968-06-27,63.637
1968-06-28,62.4795
1968-06-29,55.352
1968-06-30,49.733997
1968-07-01,49.566498
1968-07-02,62.868
1968-07-03,69.613
1968-07-04,68.2495
1968-07-05,65.257996
1968-07-06,56.878998
1968-07-07,54.7445
1968-07-08,50.7345
1968-07-09,56.9115
1968-07-10,58.9015
1968-07-11,52.754498
1968-07-12,58.176
1968-07-13,59.599
1968-07-14,57.628498
1968-07-15,52.5205
1968-07-16,81.9145
1968-07-17,68.7845
1968-07-18,81.895996
1968-07-19,84.7725
1968-07-20,74.2795
1968-07-21,68.543495
1968-07-22,88.682
1968-07-23,73.9715
1968-07-24,70.3975
1968-07-25,70.466995
1968-07-26,82.3785
1968-07-27,81.844
1968-07-28,81.257996
1968-07-29,85.884
1968-07-30,77.756
1968-07-31,73.5335
1968-08-01,65.8285
1968-08-02,64.759995
1968-08-03,75.813995
1968-08-04,88.37055
1968-08-05,75.6885
1968-08-06,70.6625
1968-08-07,69.4325
1968-08-08,74.7635
1968-08-09,81.0965
1968-08-10,86.453
1968-08-11,81.9365
1968-08-12,77.189995
1968-08-13,86.506
1968-08-14,74.7025
1968-08-15,85.38
1968-08-16,71.748
1968-08-17,64.1055
1968-08-18,72.543
1968-08-19,91.6275
1968-08-20,85.4555
1968-08-21,80.7205
1968-08-22,73.7015
1968-08-23,83.8015
1968-08-24,85.445496
1968-08-25,89.38579
1968-08-26,87.56
1968-08-27,88.49158
1968-08-28,86.276
1968-08-29,77.5345
1968-08-30,74.499504
1968-08-31,80.973
1968-09-01,86.817
1968-09-02,83.386
1968-09-03,82.1165
1968-09-04,78.923
1968-09-05,84.3395
1968-09-06,91.22471
1968-09-07,85.647896
1968-09-08,81.2955
1968-09-09,84.359
1968-09-10,77.309
1968-09-11,78.616
1968-09-12,76.854
1968-09-13,83.726
1968-09-14,77.9375
1968-09-15,75.518
1968-09-16,74.112
1968-09-17,78.6525
1968-09-18,85.264
1968-09-19,87.194496
1968-09-20,84.946
1968-09-21,75.8515
1968-09-22,79.9105
1968-09-23,79.3115
1968-09-24,81.020996
1968-09-25,90.293686
1968-09-26,85.1365
1968-09-27,74.886
1968-09-28,72.6625
1968-09-29,76.212
1968-09-30,81.7905
1968-10-01,90.07316
1968-10-02,77.661
1968-10-03,86.18882
1968-10-04,81.9225
1968-10-05,84.225266
1968-10-06,78.903496
1968-10-07,78.5635
1968-10-08,74.716995
1968-10-09,66.4965
1968-10-10,83.5645
1968-10-11,84.104
1968-10-12,81.8975
1968-10-13,81.4475
1968-10-14,74.725
1968-10-15,81.951996
1968-10-16,88.569374
1968-10-17,85.958
1968-10-18,86.051
1968-10-19,81.544
1968-10-20,75.1505
1968-10-21,75.8965
1968-10-22,74.5465
1968-10-23,71.9985
1968-10-24,70.881
1968-10-25,72.8295
1968-10-26,80.0365
1968-10-27,86.925
1968-10-28,86.177
1968-10-29,79.1855
1968-10-30,82.3575
1968-10-31,77.1125
1968-11-01,79.068
1968-11-02,71.4775
1968-11-03,78.4285
1968-11-04,77.5485
1968-11-05,85.139
1968-11-06,91.66647
1968-11-07,92.62
1968-11-08,91.67834
1968-11-09,90.87235
1968-11-10,93.016
1968-11-11,91.677055
1968-11-12,89.99526
1968-11-13,94.22
1968-11-14,92.212
1968-11-15,90.941666
1968-11-16,90.384285
1968-11-17,90.95333
1968-11-18,89.78236
1968-11-19,91.281876
1968-11-20,94.455
1968-11-21,91.59
1968-11-22,93.74333
1968-11-23,90.59375
1968-11-24,90.05778
1968-11-25,90.596664
1968-11-26,90.237854
1968-11-27,88.335
1968-11-28,90.906364
1968-11-29,85.86063
1968-11-30,93.186
1968-12-01,92.878
1968-12-02,89.212105
1968-12-03,83.3855
1968-12-04,87.319
1968-12-05,87.02052
1968-12-06,83.961
1968-12-07,82.9945
1968-12-08,88.78158
1968-12-09,91.77684
1968-12-10,84.865
1968-12-11,78.4935
1968-12-12,74.655
1968-12-13,81.83889
1968-12-14,84.799995
1968-12-15,85.2175
1968-12-16,80.1965
1968-12-17,85.5495
1968-12-18,85.597
1968-12-19,82.915
1968-12-20,90.638
1968-12-21,92.36
1968-12-22,91.91538
1968-12-23,89.167366
1968-12-24,90.895386
1968-12-25,89.286156
1968-12-26,90.96571
1968-12-27,90.83692
1968-12-28,88.595
1968-12-29,89.85294
1968-12-30,89.325
1968-12-31,89.66187
1969-01-01,90.345
1969-01-02,88.19063
1969-01-03,91.26933
1969-01-04,89.62765
1969-01-05,86.103
1969-01-06,85.433
1969-01-07,84.2895
1969-01-08,78.377
1969-01-09,84.3295
1969-01-10,86.64
1969-01-11,86.727
1969-01-12,86.269
1969-01-13,72.466995
1969-01-14,74.103
1969-01-15,83.4255
1969-01-16,85.7285
1969-01-17,89.386314
1969-01-18,91.732
1969-01-19,92.57714
1969-01-20,88.81263
1969-01-21,79.957
1969-01-22,78.9375
1969-01-23,74.6465
1969-01-24,89.23556
1969-01-25,87.6765
1969-01-26,78.848495
1969-01-27,79.037
1969-01-28,76.843
1969-01-29,77.2635
1969-01-30,91.545
1969-01-31,81.4975
1969-02-01,79.766
1969-02-02,78.800995
1969-02-03,85.7255
1969-02-04,88.74105
1969-02-05,93.128334
1969-02-06,92.738
1969-02-07,88.36056
1969-02-08,82.21
1969-02-09,90.60313
1969-02-10,88.816
1969-02-11,90.61278
1969-02-12,81.3785
1969-02-13,86.0485
1969-02-14,86.68579
1969-02-15,90.64667
1969-02-16,88.4805
1969-02-17,91.122856
1969-02-18,87.6715
1969-02-19,85.2545
1969-02-20,88.564735
1969-02-21,92.3125
1969-02-22,90.75437
1969-02-23,88.433334
1969-02-24,87.74579
1969-02-25,93.18916
1969-02-26,92.19
1969-02-27,91.59385
1969-02-28,90.05526
1969-03-01,90.60176
1969-03-02,86.0025
1969-03-03,89.342354
1969-03-04,90.60684
1969-03-05,88.80929
1969-03-06,87.50421
1969-03-07,84.0285
1969-03-08,87.204
1969-03-09,82.949
1969-03-10,73.2835
1969-03-11,75.223
1969-03-12,82.493004
1969-03-13,83.868
1969-03-14,80.865
1969-03-15,84.10421
1969-03-16,88.049
1969-03-17,90.69235
1969-03-18,92.351875
1969-03-19,91.101875
1969-03-20,88.443
1969-03-21,86.7005
1969-03-22,81.156
1969-03-23,75.0595
1969-03-24,80.317
1969-03-25,84.551
1969-03-26,89.97389
1969-03-27,91.19
1969-03-28,92.007996
1969-03-29,91.39
1969-03-30,88.738335
1969-03-31,78.293
1969-04-01,68.410995
1969-04-02,73.568
1969-04-03,81.474
1969-04-04,83.244
1969-04-05,71.037
1969-04-06,67.6855
1969-04-07,70.088
1969-04-08,65.1565
1969-04-09,65.8255
1969-04-10,71.406
1969-04-11,71.3605
1969-04-12,63.305
1969-04-13,60.8565
1969-04-14,79.8365
1969-04-15,84.93105
1969-04-16,77.265
1969-04-17,74.6285
1969-04-18,76.8025
1969-04-19,69.5065
1969-04-20,76.034996
1969-04-21,69.587
1969-04-22,68.084
1969-04-23,83.265
1969-04-24,78.6645
1969-04-25,69.9795
1969-04-26,66.552
1969-04-27,57.32
1969-04-28,46.3705
1969-04-29,50.317
1969-04-30,54.7165
1969-05-01,58.742
1969-05-02,70.8405
1969-05-03,70.998
1969-05-04,61.1405
1969-05-05,49.004997
1969-05-06,55.871998
1969-05-07,62.621998
1969-05-08,68.1215
1969-05-09,77.428
1969-05-10,82.9135
1969-05-11,80.836
1969-05-12,74.56
1969-05-13,70.3975
1969-05-14,65.9075
1969-05-15,62.809498
1969-05-16,58.817997
1969-05-17,64.715
1969-05-18,68.7565
1969-05-19,72.779
1969-05-20,74.756996
1969-05-21,76.074
1969-05-22,82.723
1969-05-23,73.2715
1969-05-24,64.4245
1969-05-25,54.525997
1969-05-26,61.003998
1969-05-27,74.7855
1969-05-28,62.3115
1969-05-29,59.255497
1969-05-30,54.9125
1969-05-31,61.170998
1969-06-01,65.821
1969-06-02,81.713
1969-06-03,76.5
1969-06-04,87.1345
1969-06-05,77.721
1969-06-06,72.39
1969-06-07,89.5315
1969-06-08,87.51
1969-06-09,77.754
1969-06-10,79.63
1969-06-11,82.2565
1969-06-12,78.4155
1969-06-13,73.49
1969-06-14,80.8545
1969-06-15,86.3305
1969-06-16,87.86263
1969-06-17,84.0435
1969-06-18,76.037
1969-06-19,70.203995
1969-06-20,84.858
1969-06-21,85.585
1969-06-22,85.9915
1969-06-23,78.584496
1969-06-24,75.785995
1969-06-25,78.715
1969-06-26,84.54263
1969-06-27,88.9565
1969-06-28,73.056496
1969-06-29,82.9935
1969-06-30,79.392
1969-07-01,87.308
1969-07-02,80.634995
1969-07-03,74.7815
1969-07-04,73.6745
1969-07-05,78.6005
1969-07-06,80.6295
1969-07-07,76.6425
1969-07-08,79.8685
1969-07-09,78.246
1969-07-10,82.545
1969-07-11,91.13412
1969-07-12,82.452
1969-07-13,77.9675
1969-07-14,78.4935
1969-07-15,69.729
1969-07-16,69.344
1969-07-17,68.619995
1969-07-18,77.9605
1969-07-19,74.287
1969-07-20,77.2675
1969-07-21,75.418
1969-07-22,78.066
1969-07-23,82.4485
1969-07-24,73.192
1969-07-25,77.37
1969-07-26,72.8425
1969-07-27,75.038
1969-07-28,77.473
1969-07-29,75.8865
1969-07-30,76.5265
1969-07-31,67.3465
1969-08-01,64.041
1969-08-02,71.5685
1969-08-03,73.0945
1969-08-04,77.125
1969-08-05,68.923996
1969-08-06,63.2235
1969-08-07,64.2345
1969-08-08,70.927
1969-08-09,84.934
1969-08-10,85.9345
1969-08-11,84.6235
1969-08-12,78.9335
1969-08-13,79.8125
1969-08-14,75.0805
1969-08-15,74.3945
1969-08-16,74.7975
1969-08-17,88.614
1969-08-18,91.5805
1969-08-19,91.12222
1969-08-20,84.1615
1969-08-21,77.0
1969-08-22,71.737
1969-08-23,76.175
1969-08-24,79.042496
1969-08-25,86.036
1969-08-26,80.117
1969-08-27,74.708496
1969-08-28,88.1795
1969-08-29,77.6745
1969-08-30,69.3665
1969-08-31,77.592
1969-09-01,72.8515
1969-09-02,75.936
1969-09-03,76.113
1969-09-04,75.3445
1969-09-05,82.2585
1969-09-06,82.79
1969-09-07,86.2835
1969-09-08,74.549995
1969-09-09,72.058
1969-09-10,69.701
1969-09-11,72.5485
1969-09-12,73.0595
1969-09-13,72.848
1969-09-14,72.345
1969-09-15,78.1175
1969-09-16,77.4945
1969-09-17,78.544
1969-09-18,79.289
1969-09-19,83.51
1969-09-20,84.5905
1969-09-21,76.5725
1969-09-22,76.4225
1969-09-23,78.4305
1969-09-24,79.817
1969-09-25,71.7685
1969-09-26,77.160995
1969-09-27,73.152
1969-09-28,75.5905
1969-09-29,73.215996
1969-09-30,72.640495
1969-10-01,77.1175
1969-10-02,69.688
1969-10-03,71.8575
1969-10-04,76.944496
1969-10-05,80.4105
1969-10-06,75.7845
1969-10-07,72.7745
1969-10-08,71.4105
1969-10-09,70.15
1969-10-10,67.381996
1969-10-11,67.205
1969-10-12,78.6465
1969-10-13,73.7215
1969-10-14,69.5065
1969-10-15,71.973
1969-10-16,79.625496
1969-10-17,76.601
1969-10-18,76.8255
1969-10-19,73.0105
1969-10-20,63.933
1969-10-21,63.859
1969-10-22,73.802
1969-10-23,78.7275
1969-10-24,80.435
1969-10-25,79.528
1969-10-26,79.8465
1969-10-27,74.21
1969-10-28,72.037
1969-10-29,73.674995
1969-10-30,66.881
1969-10-31,69.386
1969-11-01,75.2595
1969-11-02,64.762
1969-11-03,60.201
1969-11-04,63.7235
1969-11-05,73.2435
1969-11-06,77.798
1969-11-07,80.227
1969-11-08,74.2905
1969-11-09,81.534996
1969-11-10,80.117
1969-11-11,78.344
1969-11-12,78.13
1969-11-13,78.627
1969-11-14,74.653
1969-11-15,81.719
1969-11-16,85.494995
1969-11-17,75.933
1969-11-18,88.5215
1969-11-19,79.820496
1969-11-20,69.208
1969-11-21,72.0345
1969-11-22,76.611496
1969-11-23,80.710495
1969-11-24,77.3695
1969-11-25,74.965
1969-11-26,72.7985
1969-11-27,88.18632
1969-11-28,77.7615
1969-11-29,79.279495
1969-11-30,85.0385
1969-12-01,91.178185
1969-12-02,93.29714
1969-12-03,87.239
1969-12-04,83.939476
1969-12-05,90.814705
1969-12-06,91.25733
1969-12-07,91.19211
1969-12-08,92.155556
1969-12-09,92.10545
1969-12-10,94.18667
1969-12-11,94.5875
1969-12-12,90.77909
1969-12-13,90.57889
1969-12-14,91.96643
1969-12-15,91.48059
1969-12-16,91.99
1969-12-17,90.00267
1969-12-18,85.86
1969-12-19,84.0535
1969-12-20,90.29667
1969-12-21,84.4505
1969-12-22,79.8845
1969-12-23,85.675995
1969-12-24,89.06611
1969-12-25,88.04421
1969-12-26,90.96526
1969-12-27,89.022
1969-12-28,89.655
1969-12-29,92.11941
1969-12-30,91.44312
1969-12-31,85.654
1970-01-01,89.28389
1970-01-02,89.881424
1970-01-03,82.159
1970-01-04,84.6985
1970-01-05,82.854
1970-01-06,90.333885
1970-01-07,90.87
1970-01-08,84.738
1970-01-09,81.763
1970-01-10,83.603
1970-01-11,76.874
1970-01-12,79.68444
1970-01-13,83.8145
1970-01-14,89.79
1970-01-15,89.86667
1970-01-16,88.656
1970-01-17,90.60307
1970-01-18,85.927
1970-01-19,89.47722
1970-01-20,87.57842
1970-01-21,85.861
1970-01-22,87.744
1970-01-23,88.218
1970-01-24,86.401665
1970-01-25,88.7135
1970-01-26,87.7055
1970-01-27,88.39
1970-01-28,87.810585
1970-01-29,81.7475
1970-01-30,77.6065
1970-01-31,86.205
1970-02-01,90.86916
1970-02-02,88.70765
1970-02-03,90.891335
1970-02-04,78.184
1970-02-05,83.264
1970-02-06,82.756996
1970-02-07,89.128235
1970-02-08,91.13467
1970-02-09,78.829
1970-02-10,77.3305
1970-02-11,81.5605
1970-02-12,88.5725
1970-02-13,80.2555
1970-02-14,81.887
1970-02-15,84.1965
1970-02-16,87.526505
1970-02-17,85.836
1970-02-18,74.512
1970-02-19,90.85158
1970-02-20,88.1475
1970-02-21,86.70158
1970-02-22,88.2975
1970-02-23,92.865715
1970-02-24,88.816
1970-02-25,91.377365
1970-02-26,88.28105
1970-02-27,91.01421
1970-02-28,89.21764
1970-03-01,89.576004
1970-03-02,83.3105
1970-03-03,78.3735
1970-03-04,72.725
1970-03-05,65.1875
1970-03-06,70.9705
1970-03-07,88.28833
1970-03-08,82.514496
1970-03-09,86.172
1970-03-10,86.585556
1970-03-11,77.2995
1970-03-12,87.1785
1970-03-13,87.2405
1970-03-14,89.64333
1970-03-15,92.7625
1970-03-16,90.326
1970-03-17,88.926315
1970-03-18,79.39
1970-03-19,87.4075
1970-03-20,88.11
1970-03-21,83.3015
1970-03-22,72.25
1970-03-23,75.19
1970-03-24,81.0035
1970-03-25,74.2
1970-03-26,71.499
1970-03-27,77.644
1970-03-28,86.1875
1970-03-29,80.1495
1970-03-30,68.548996
1970-03-31,58.253498
1970-04-01,72.075
1970-04-02,81.1625
1970-04-03,86.374374
1970-04-04,75.7905
1970-04-05,61.275497
1970-04-06,74.664
1970-04-07,69.71
1970-04-08,77.661
1970-04-09,75.52
1970-04-10,59.017998
1970-04-11,62.850998
1970-04-12,86.9185
1970-04-13,68.221
1970-04-14,86.5505
1970-04-15,87.918945
1970-04-16,88.467
1970-04-17,78.248
1970-04-18,86.414
1970-04-19,75.8695
1970-04-20,69.7425
1970-04-21,76.6595
1970-04-22,71.164
1970-04-23,63.114
1970-04-24,63.7985
1970-04-25,72.381996
1970-04-26,64.652504
1970-04-27,70.4805
1970-04-28,78.92
1970-04-29,80.522995
1970-04-30,82.3245
1970-05-01,68.0915
1970-05-02,73.019
1970-05-03,74.368
1970-05-04,70.6035
1970-05-05,88.37684
1970-05-06,80.5275
1970-05-07,76.976
1970-05-08,69.6365
1970-05-09,74.873
1970-05-10,72.719
1970-05-11,68.1595
1970-05-12,72.5305
1970-05-13,70.960495
1970-05-14,72.453995
1970-05-15,67.8065
1970-05-16,73.642
1970-05-17,87.215
1970-05-18,90.25389
1970-05-19,90.19625
1970-05-20,81.3955
1970-05-21,86.871
1970-05-22,87.0105
1970-05-23,87.54445
1970-05-24,84.296
1970-05-25,72.845
1970-05-26,67.091995
1970-05-27,79.357
1970-05-28,90.06
1970-05-29,80.769
1970-05-30,66.5375
1970-05-31,83.0655
1970-06-01,76.5135
1970-06-02,78.7495
1970-06-03,83.381996
1970-06-04,93.06077
1970-06-05,83.7355
1970-06-06,80.7915
1970-06-07,84.3225
1970-06-08,70.76
1970-06-09,71.33
1970-06-10,73.475
1970-06-11,80.6535
1970-06-12,78.474
1970-06-13,70.2045
1970-06-14,70.195
1970-06-15,71.0645
1970-06-16,66.58
1970-06-17,78.479
1970-06-18,82.2205
1970-06-19,82.8705
1970-06-20,82.5085
1970-06-21,72.542
1970-06-22,70.801
1970-06-23,67.2035
1970-06-24,68.5375
1970-06-25,75.4565
1970-06-26,84.687
1970-06-27,80.253
1970-06-28,69.0045
1970-06-29,73.3815
1970-06-30,75.937996
1970-07-01,80.194496
1970-07-02,79.3085
1970-07-03,82.945496
1970-07-04,76.9295
1970-07-05,92.808235
1970-07-06,89.831764
1970-07-07,88.12474
1970-07-08,84.4875
1970-07-09,73.568
1970-07-10,80.9315
1970-07-11,77.7715
1970-07-12,77.098495
1970-07-13,70.123
1970-07-14,72.1875
1970-07-15,69.416
1970-07-16,86.995
1970-07-17,92.14786
1970-07-18,90.21158
1970-07-19,76.7295
1970-07-20,66.4125
1970-07-21,68.292496
1970-07-22,75.6435
1970-07-23,76.9215
1970-07-24,76.0685
1970-07-25,76.009
1970-07-26,85.625
1970-07-27,75.2485
1970-07-28,74.199
1970-07-29,74.237
1970-07-30,74.518
1970-07-31,71.683
1970-08-01,72.2345
1970-08-02,77.667
1970-08-03,73.2285
1970-08-04,73.5115
1970-08-05,72.091995
1970-08-06,75.3675
1970-08-07,73.846
1970-08-08,82.5135
1970-08-09,78.7535
1970-08-10,83.2295
1970-08-11,90.11294
1970-08-12,76.2545
1970-08-13,73.751
1970-08-14,70.207
1970-08-15,71.0215
1970-08-16,81.1035
1970-08-17,80.211
1970-08-18,80.642
1970-08-19,76.5495
1970-08-20,70.3825
1970-08-21,69.2545
1970-08-22,84.513
1970-08-23,85.3625
1970-08-24,85.712
1970-08-25,87.74684
1970-08-26,86.518
1970-08-27,79.8655
1970-08-28,79.774
1970-08-29,75.712
1970-08-30,79.53
1970-08-31,87.715
1970-09-01,88.1035
1970-09-02,83.9525
1970-09-03,74.72
1970-09-04,84.6045
1970-09-05,80.1635
1970-09-06,76.6705
1970-09-07,78.348495
1970-09-08,71.0825
1970-09-09,71.359
1970-09-10,73.5955
1970-09-11,67.2665
1970-09-12,73.353
1970-09-13,75.5385
1970-09-14,77.3285
1970-09-15,68.327995
1970-09-16,65.8525
1970-09-17,84.934
1970-09-18,82.2815
1970-09-19,84.46
1970-09-20,83.7425
1970-09-21,79.011
1970-09-22,80.6445
1970-09-23,77.8395
1970-09-24,69.444
1970-09-25,72.262
1970-09-26,71.1335
1970-09-27,78.078995
1970-09-28,66.161995
1970-09-29,69.6365
1970-09-30,67.3635
1970-10-01,68.9405
1970-10-02,86.94211
1970-10-03,89.00389
1970-10-04,86.407
1970-10-05,84.275
1970-10-06,82.3975
1970-10-07,73.464
1970-10-08,70.0035
1970-10-09,73.094
1970-10-10,80.426
1970-10-11,79.362495
1970-10-12,79.6995
1970-10-13,79.5235
1970-10-14,82.133
1970-10-15,80.373
1970-10-16,83.0385
1970-10-17,81.5755
1970-10-18,91.657776
1970-10-19,77.614
1970-10-20,80.543
1970-10-21,85.8125
1970-10-22,85.945496
1970-10-23,90.50667
1970-10-24,87.43474
1970-10-25,82.3785
1970-10-26,81.2895
1970-10-27,78.566
1970-10-28,69.5515
1970-10-29,68.6565
1970-10-30,69.1355
1970-10-31,72.789
1970-11-01,73.6435
1970-11-02,70.3245
1970-11-03,71.0335
1970-11-04,67.7335
1970-11-05,60.934
1970-11-06,73.9605
1970-11-07,78.4765
1970-11-08,88.05105
1970-11-09,87.885
1970-11-10,84.506996
1970-11-11,73.2675
1970-11-12,74.8265
1970-11-13,74.091995
1970-11-14,60.273
1970-11-15,76.3325
1970-11-16,89.7
1970-11-17,83.906
1970-11-18,80.4405
1970-11-19,68.1475
1970-11-20,76.09
1970-11-21,78.642
1970-11-22,88.97235
1970-11-23,91.840004
1970-11-24,91.43
1970-11-25,88.809
1970-11-26,90.16842
1970-11-27,89.47714
1970-11-28,91.234665
1970-11-29,82.9921
1970-11-30,81.2565
1970-12-01,86.755554
1970-12-02,91.66167
1970-12-03,82.465996
1970-12-04,84.617
1970-12-05,77.339
1970-12-06,91.43353
1970-12-07,85.232
1970-12-08,90.64445
1970-12-09,85.3015
1970-12-10,85.418
1970-12-11,88.439476
1970-12-12,87.1995
1970-12-13,87.23769
1970-12-14,91.52866
1970-12-15,92.10231
1970-12-16,89.645
1970-12-17,90.12937
1970-12-18,86.6375
1970-12-19,87.020996
1970-12-20,88.892
1970-12-21,85.2055
1970-12-22,91.08923
1970-12-23,91.651665
1970-12-24,92.162
1970-12-25,91.01842
1970-12-26,89.427895
1970-12-27,87.78
1970-12-28,88.17842
1970-12-29,85.708496
1970-12-30,82.4905
1970-12-31,85.0775
1971-01-01,85.6085
1971-01-02,87.494
1971-01-03,88.8135
1971-01-04,82.996
1971-01-05,89.556
1971-01-06,90.86437
1971-01-07,90.29111
1971-01-08,91.80357
1971-01-09,90.62462
1971-01-10,90.404
1971-01-11,88.45267
1971-01-12,91.77273
1971-01-13,90.33389
1971-01-14,87.5865
1971-01-15,82.642
1971-01-16,89.876114
1971-01-17,92.22
1971-01-18,92.64777
1971-01-19,90.413574
1971-01-20,88.951996
1971-01-21,83.537
1971-01-22,82.488
1971-01-23,91.203125
1971-01-24,86.971
1971-01-25,89.18235
1971-01-26,90.452354
1971-01-27,86.97
1971-01-28,86.953
1971-01-29,82.585
1971-01-30,82.6879
1971-01-31,78.4355
1971-02-01,80.971
1971-02-02,89.56555
1971-02-03,83.968
1971-02-04,86.90948
1971-02-05,88.67842
1971-02-06,87.749
1971-02-07,86.6725
1971-02-08,80.9125
1971-02-09,79.9925
1971-02-10,87.991
1971-02-11,84.2725
1971-02-12,83.69
1971-02-13,80.9905
1971-02-14,82.0585
1971-02-15,77.2935
1971-02-16,81.373
1971-02-17,90.31333
1971-02-18,91.75421
1971-02-19,86.9055
1971-02-20,93.25667
1971-02-21,91.60167
1971-02-22,90.4
1971-02-23,91.29643
1971-02-24,89.848946
1971-02-25,84.9855
1971-02-26,81.626
1971-02-27,80.341
1971-02-28,77.3015
1971-03-01,78.394
1971-03-02,87.6785
1971-03-03,80.2775
1971-03-04,86.926
1971-03-05,84.425
1971-03-06,89.74611
1971-03-07,87.5445
1971-03-08,86.483154
1971-03-09,89.25883
1971-03-10,86.4655
1971-03-11,72.101
1971-03-12,76.761
1971-03-13,76.661
1971-03-14,65.6465
1971-03-15,78.798004
1971-03-16,78.491
1971-03-17,86.7395
1971-03-18,81.83
1971-03-19,63.94
1971-03-20,60.8315
1971-03-21,58.4105
1971-03-22,50.3875
1971-03-23,70.001
1971-03-24,69.1875
1971-03-25,59.647
1971-03-26,61.639
1971-03-27,69.717995
1971-03-28,79.033
1971-03-29,90.327225
1971-03-30,93.68867
1971-03-31,89.67944
1971-04-01,77.293
1971-04-02,84.61
1971-04-03,83.6335
1971-04-04,72.914
1971-04-05,72.8055
1971-04-06,88.08889
1971-04-07,85.443
1971-04-08,79.8365
1971-04-09,81.209496
1971-04-10,75.019
1971-04-11,81.504
1971-04-12,77.6765
1971-04-13,74.444496
1971-04-14,78.9145
1971-04-15,69.5575
1971-04-16,69.589
1971-04-17,53.2585
1971-04-18,70.849495
1971-04-19,66.904495
1971-04-20,66.0075
1971-04-21,63.475998
1971-04-22,65.053
1971-04-23,53.2325
1971-04-24,68.525
1971-04-25,81.696
1971-04-26,73.465996
1971-04-27,74.5345
1971-04-28,76.5965
1971-04-29,64.2155
1971-04-30,70.138
1971-05-01,69.588
1971-05-02,85.2365
1971-05-03,83.804
1971-05-04,84.848495
1971-05-05,76.5205
1971-05-06,89.8825
1971-05-07,89.594
1971-05-08,81.6625
1971-05-09,73.118
1971-05-10,67.806
1971-05-11,63.495
1971-05-12,64.645996
1971-05-13,61.5005
1971-05-14,66.4635
1971-05-15,69.234
1971-05-16,65.6105
1971-05-17,61.563
1971-05-18,61.951
1971-05-19,59.8565
1971-05-20,68.861496
1971-05-21,61.6455
1971-05-22,69.2345
1971-05-23,77.2
1971-05-24,76.7435
1971-05-25,67.222
1971-05-26,70.8025
1971-05-27,67.4525
1971-05-28,84.3745
1971-05-29,86.6085
1971-05-30,85.3375
1971-05-31,88.03667
1971-06-01,81.4185
1971-06-02,77.8675
1971-06-03,75.507
1971-06-04,68.8725
1971-06-05,72.3415
1971-06-06,72.5745
1971-06-07,77.496
1971-06-08,81.3435
1971-06-09,85.0745
1971-06-10,72.146996
1971-06-11,66.8125
1971-06-12,77.516
1971-06-13,76.901
1971-06-14,69.2395
1971-06-15,63.1265
1971-06-16,69.8835
1971-06-17,67.482
1971-06-18,81.7495
1971-06-19,76.266
1971-06-20,74.491
1971-06-21,73.413
1971-06-22,73.151
1971-06-23,72.047
1971-06-24,62.63
1971-06-25,64.801
1971-06-26,75.203995
1971-06-27,76.505
1971-06-28,78.9355
1971-06-29,82.826004
1971-06-30,80.6105
1971-07-01,78.973495
1971-07-02,75.8095
1971-07-03,75.056
1971-07-04,75.376495
1971-07-05,73.81
1971-07-06,70.068
1971-07-07,69.2725
1971-07-08,70.575
1971-07-09,62.489998
1971-07-10,61.599
1971-07-11,62.5705
1971-07-12,62.1385
1971-07-13,69.3865
1971-07-14,73.316
1971-07-15,75.8105
1971-07-16,62.551
1971-07-17,67.417496
1971-07-18,66.6835
1971-07-19,81.252
1971-07-20,83.4755
1971-07-21,75.285
1971-07-22,69.0245
1971-07-23,65.9675
1971-07-24,65.249
1971-07-25,65.056
1971-07-26,67.6965
1971-07-27,62.0415
1971-07-28,67.000496
1971-07-29,73.7795
1971-07-30,79.7715
1971-07-31,68.589
1971-08-01,55.726997
1971-08-02,61.129
1971-08-03,66.7155
1971-08-04,67.574
1971-08-05,71.055
1971-08-06,66.568
1971-08-07,62.3765
1971-08-08,67.0045
1971-08-09,76.938
1971-08-10,77.169
1971-08-11,70.5895
1971-08-12,72.7775
1971-08-13,75.8105
1971-08-14,71.084
1971-08-15,66.132996
1971-08-16,66.29
1971-08-17,77.3315
1971-08-18,79.779495
1971-08-19,69.117
1971-08-20,62.6905
1971-08-21,62.158
1971-08-22,61.821
1971-08-23,71.238
1971-08-24,76.275
1971-08-25,78.2975
1971-08-26,71.980995
1971-08-27,72.7865
1971-08-28,79.5025
1971-08-29,71.8825
1971-08-30,65.2885
1971-08-31,69.359
1971-09-01,82.9325
1971-09-02,81.197
1971-09-03,74.0825
1971-09-04,74.069496
1971-09-05,74.6185
1971-09-06,74.219
1971-09-07,75.378
1971-09-08,81.3645
1971-09-09,76.649
1971-09-10,73.3785
1971-09-11,72.934
1971-09-12,78.8875
1971-09-13,84.0765
1971-09-14,80.5635
1971-09-15,87.36842
1971-09-16,89.16945
1971-09-17,88.323685
1971-09-18,92.63461
1971-09-19,80.718
1971-09-20,80.6175
1971-09-21,74.8855
1971-09-22,76.205
1971-09-23,71.2455
1971-09-24,73.8905
1971-09-25,78.187996
1971-09-26,80.1745
1971-09-27,72.082
1971-09-28,74.17
1971-09-29,86.5535
1971-09-30,91.03714
1971-10-01,81.2915
1971-10-02,82.834496
1971-10-03,76.93
1971-10-04,78.7885
1971-10-05,77.264496
1971-10-06,70.768
1971-10-07,65.499
1971-10-08,58.2365
1971-10-09,60.4385
1971-10-10,67.122
1971-10-11,73.820496
1971-10-12,71.3825
1971-10-13,66.489
1971-10-14,65.374
1971-10-15,80.3255
1971-10-16,88.03737
1971-10-17,89.72
1971-10-18,85.9295
1971-10-19,82.264496
1971-10-20,78.344
1971-10-21,78.710495
1971-10-22,70.2545
1971-10-23,57.89
1971-10-24,61.7385
1971-10-25,68.1575
1971-10-26,63.646
1971-10-27,69.9955
1971-10-28,76.643
1971-10-29,75.29
1971-10-30,80.2885
1971-10-31,90.445786
1971-11-01,91.84067
1971-11-02,92.00882
1971-11-03,91.083885
1971-11-04,92.03833
1971-11-05,79.9845
1971-11-06,70.6575
1971-11-07,76.909996
1971-11-08,79.005
1971-11-09,72.091995
1971-11-10,72.584496
1971-11-11,80.039
1971-11-12,84.8815
1971-11-13,91.48143
1971-11-14,91.252144
1971-11-15,88.624214
1971-11-16,87.6895
1971-11-17,75.8525
1971-11-18,73.122
1971-11-19,77.659
1971-11-20,88.4455
1971-11-21,85.9375
1971-11-22,81.7775
1971-11-23,85.71
1971-11-24,88.84611
1971-11-25,92.28267
1971-11-26,89.93895
1971-11-27,84.381
1971-11-28,76.743996
1971-11-29,83.162
1971-11-30,87.13588
1971-12-01,91.44833
1971-12-02,91.78588
1971-12-03,89.0625
1971-12-04,90.4145
1971-12-05,88.71824
1971-12-06,90.30421
1971-12-07,82.3765
1971-12-08,87.8985
1971-12-09,88.362
1971-12-10,87.99421
1971-12-11,88.846
1971-12-12,87.197
1971-12-13,83.4815
1971-12-14,86.99944
1971-12-15,84.57111
1971-12-16,84.2215
1971-12-17,75.8115
1971-12-18,85.545296
1971-12-19,85.75166
1971-12-20,89.2165
1971-12-21,91.46438
1971-12-22,90.75278
1971-12-23,86.6375
1971-12-24,78.7035
1971-12-25,83.5795
1971-12-26,88.778824
1971-12-27,90.70182
1971-12-28,92.66231
1971-12-29,89.975
1971-12-30,88.441246
1971-12-31,87.62158
1972-01-01,85.23944
1972-01-02,90.05778
1972-01-03,88.132
1972-01-04,83.999
1972-01-05,89.705
1972-01-06,90.56834
1972-01-07,91.528336
1972-01-08,91.44118
1972-01-09,92.93125
1972-01-10,91.07769
1972-01-11,91.030556
1972-01-12,80.017
1972-01-13,79.921
1972-01-14,73.634
1972-01-15,77.321
1972-01-16,78.149
1972-01-17,76.337
1972-01-18,77.381996
1972-01-19,80.842
1972-01-20,84.961
1972-01-21,87.87
1972-01-22,83.0375
1972-01-23,83.192
1972-01-24,85.641
1972-01-25,86.76474
1972-01-26,87.99
1972-01-27,79.917496
1972-01-28,81.391
1972-01-29,90.502
1972-01-30,91.30158
1972-01-31,91.647224
1972-02-01,85.34
1972-02-02,79.643
1972-02-03,81.9135
1972-02-04,80.332
1972-02-05,80.9785
1972-02-06,80.4225
1972-02-07,78.4765
1972-02-08,82.6005
1972-02-09,80.0195
1972-02-10,86.875786
1972-02-11,87.01947
1972-02-12,80.805
1972-02-13,85.5045
1972-02-14,89.7275
1972-02-15,89.76
1972-02-16,90.785
1972-02-17,87.8065
1972-02-18,85.22474
1972-02-19,80.25316
1972-02-20,78.7365
1972-02-21,89.2575
1972-02-22,90.51111
1972-02-23,92.015
1972-02-24,90.186
1972-02-25,90.565
1972-02-26,90.05666
1972-02-27,91.39714
1972-02-28,89.969376
1972-02-29,89.42917
1972-03-01,88.72647
1972-03-02,89.28647
1972-03-03,88.50474
1972-03-04,89.47053
1972-03-05,84.3785
1972-03-06,83.2305
1972-03-07,81.7825
1972-03-08,79.8875
1972-03-09,76.332
1972-03-10,81.322
1972-03-11,87.489
1972-03-12,70.598
1972-03-13,71.031
1972-03-14,64.203995
1972-03-15,60.559998
1972-03-16,64.5945
1972-03-17,61.9435
1972-03-18,61.8205
1972-03-19,68.18
1972-03-20,63.695
1972-03-21,67.2275
1972-03-22,64.7125
1972-03-23,58.1295
1972-03-24,61.891
1972-03-25,60.4045
1972-03-26,53.224
1972-03-27,49.297497
1972-03-28,58.2735
1972-03-29,64.979
1972-03-30,63.271
1972-03-31,52.4255
1972-04-01,52.5495
1972-04-02,66.5525
1972-04-03,67.691
1972-04-04,55.4605
1972-04-05,45.573997
1972-04-06,72.8315
1972-04-07,61.131
1972-04-08,55.123497
1972-04-09,69.876
1972-04-10,71.233
1972-04-11,55.560997
1972-04-12,54.2545
1972-04-13,73.037
1972-04-14,80.432
1972-04-15,81.177
1972-04-16,82.3575
1972-04-17,75.904495
1972-04-18,78.1195
1972-04-19,80.387
1972-04-20,84.87369
1972-04-21,84.09368
1972-04-22,78.063995
1972-04-23,73.0045
1972-04-24,69.061
1972-04-25,87.3625
1972-04-26,84.7025
1972-04-27,79.769
1972-04-28,68.2865
1972-04-29,65.0805
1972-04-30,60.1035
1972-05-01,69.3985
1972-05-02,70.6065
1972-05-03,90.668335
1972-05-04,90.19
1972-05-05,85.573
1972-05-06,83.2525
1972-05-07,82.7955
1972-05-08,74.0595
1972-05-09,78.312996
1972-05-10,81.5545
1972-05-11,87.60263
1972-05-12,90.37211
1972-05-13,71.751
1972-05-14,68.04
1972-05-15,62.771
1972-05-16,53.9825
1972-05-17,81.090996
1972-05-18,72.4075
1972-05-19,68.459
1972-05-20,78.111
1972-05-21,73.252
1972-05-22,80.007996
1972-05-23,71.418495
1972-05-24,67.2195
1972-05-25,70.347
1972-05-26,56.9455
1972-05-27,63.450996
1972-05-28,81.909996
1972-05-29,72.2945
1972-05-30,70.695
1972-05-31,70.34
1972-06-01,82.653496
1972-06-02,79.5795
1972-06-03,84.8585
1972-06-04,84.3465
1972-06-05,76.959
1972-06-06,67.71
1972-06-07,57.608498
1972-06-08,60.1395
1972-06-09,66.3455
1972-06-10,71.164
1972-06-11,62.41
1972-06-12,59.85
1972-06-13,64.066
1972-06-14,56.6895
1972-06-15,49.625496
1972-06-16,60.0345
1972-06-17,54.57
1972-06-18,75.4265
1972-06-19,70.89
1972-06-20,63.027
1972-06-21,59.071
1972-06-22,54.9185
1972-06-23,60.935997
1972-06-24,83.6515
1972-06-25,73.022995
1972-06-26,64.4925
1972-06-27,72.6285
1972-06-28,69.8305
1972-06-29,64.862495
1972-06-30,68.406494
1972-07-01,75.6165
1972-07-02,69.8835
1972-07-03,64.576996
1972-07-04,70.1905
1972-07-05,70.0305
1972-07-06,63.7995
1972-07-07,74.225
1972-07-08,73.769
1972-07-09,64.139496
1972-07-10,65.942
1972-07-11,71.719
1972-07-12,81.579
1972-07-13,82.203
1972-07-14,82.0495
1972-07-15,63.7435
1972-07-16,55.738
1972-07-17,70.185
1972-07-18,80.053
1972-07-19,77.5825
1972-07-20,80.546
1972-07-21,83.1075
1972-07-22,84.9555
1972-07-23,83.4185
1972-07-24,77.4045
1972-07-25,71.953995
1972-07-26,79.458496
1972-07-27,89.983
1972-07-28,78.478
1972-07-29,68.178
1972-07-30,70.989
1972-07-31,76.5955
1972-08-01,77.439
1972-08-02,77.579
1972-08-03,79.639
1972-08-04,84.6665
1972-08-05,78.184
1972-08-06,73.025
1972-08-07,72.543
1972-08-08,70.497
1972-08-09,68.1335
1972-08-10,67.7095
1972-08-11,64.2635
1972-08-12,63.219997
1972-08-13,67.7555
1972-08-14,63.9515
1972-08-15,61.12
1972-08-16,56.731
1972-08-17,67.4795
1972-08-18,84.73579
1972-08-19,89.634735
1972-08-20,90.64278
1972-08-21,88.868
1972-08-22,90.77389
1972-08-23,83.6895
1972-08-24,81.719
1972-08-25,76.4395
1972-08-26,73.7735
1972-08-27,75.867
1972-08-28,72.8235
1972-08-29,77.474
1972-08-30,80.4675
1972-08-31,89.317
1972-09-01,80.145
1972-09-02,80.1985
1972-09-03,76.47
1972-09-04,75.692
1972-09-05,73.4425
1972-09-06,71.979
1972-09-07,70.6395
1972-09-08,70.320496
1972-09-09,75.940994
1972-09-10,81.1605
1972-09-11,85.2255
1972-09-12,91.56944
1972-09-13,88.123
1972-09-14,79.4
1972-09-15,77.352
1972-09-16,89.43737
1972-09-17,85.9695
1972-09-18,85.7945
1972-09-19,81.978
1972-09-20,85.782
1972-09-21,86.44
1972-09-22,83.4485
1972-09-23,79.438995
1972-09-24,83.9615
1972-09-25,89.371
1972-09-26,85.4695
1972-09-27,92.26091
1972-09-28,82.6725
1972-09-29,74.972496
1972-09-30,80.17799
1972-10-01,77.145996
1972-10-02,81.8605
1972-10-03,88.8895
1972-10-04,91.385
1972-10-05,91.54466
1972-10-06,92.06286
1972-10-07,92.465
1972-10-08,91.60333
1972-10-09,91.51714
1972-10-10,93.53273
1972-10-11,80.892
1972-10-12,74.039
1972-10-13,75.718
1972-10-14,82.995
1972-10-15,87.7775
1972-10-16,81.585495
1972-10-17,77.914
1972-10-18,75.8035
1972-10-19,75.7755
1972-10-20,67.2475
1972-10-21,76.535995
1972-10-22,87.07
1972-10-23,82.177895
1972-10-24,80.4025
1972-10-25,71.504
1972-10-26,74.098495
1972-10-27,69.366
1972-10-28,65.499
1972-10-29,75.834496
1972-10-30,85.8295
1972-10-31,84.454445
1972-11-01,85.54947
1972-11-02,84.731
1972-11-03,80.626495
1972-11-04,86.19369
1972-11-05,81.4275
1972-11-06,74.1365
1972-11-07,81.586
1972-11-08,80.865
1972-11-09,82.5105
1972-11-10,84.4935
1972-11-11,82.884
1972-11-12,92.19375
1972-11-13,78.2055
1972-11-14,63.272
1972-11-15,81.12
1972-11-16,79.522995
1972-11-17,72.2955
1972-11-18,81.363
1972-11-19,83.8225
1972-11-20,79.9575
1972-11-21,87.008
1972-11-22,88.298
1972-11-23,88.963684
1972-11-24,93.479164
1972-11-25,90.528824
1972-11-26,89.99778
1972-11-27,88.76369
1972-11-28,80.706
1972-11-29,77.611496
1972-11-30,72.3775
1972-12-01,72.816
1972-12-02,80.831
1972-12-03,85.032
1972-12-04,88.97389
1972-12-05,90.95812
1972-12-06,90.729996
1972-12-07,89.46375
1972-12-08,84.609
1972-12-09,86.94368
1972-12-10,89.33375
1972-12-11,87.66368
1972-12-12,89.521576
1972-12-13,86.5435
1972-12-14,82.154
1972-12-15,87.68842
1972-12-16,89.085
1972-12-17,90.92316
1972-12-18,89.036
1972-12-19,89.003334
1972-12-20,81.209
1972-12-21,83.9855
1972-12-22,87.71
1972-12-23,86.696846
1972-12-24,86.850525
1972-12-25,89.07889
1972-12-26,86.933525
1972-12-27,87.78263
1972-12-28,79.2915
1972-12-29,76.041504
1972-12-30,72.1025
1972-12-31,71.5195
1973-01-01,70.6735
1973-01-02,71.167
1973-01-03,85.077
1973-01-04,89.56438
1973-01-05,92.33846
1973-01-06,91.87134
1973-01-07,92.03357
1973-01-08,90.01941
1973-01-09,88.750496
1973-01-10,88.6215
1973-01-11,84.417496
1973-01-12,82.415
1973-01-13,79.4015
1973-01-14,70.783
1973-01-15,70.436
1973-01-16,75.021996
1973-01-17,81.515
1973-01-18,87.241
1973-01-19,91.63611
1973-01-20,89.89285
1973-01-21,88.635
1973-01-22,85.995
1973-01-23,86.866
1973-01-24,85.976
1973-01-25,77.3925
1973-01-26,76.754
1973-01-27,76.754
1973-01-28,80.3
1973-01-29,88.695786
1973-01-30,85.8715
1973-01-31,88.06421
1973-02-01,88.0535
1973-02-02,89.33875
1973-02-03,89.722145
1973-02-04,89.82875
1973-02-05,89.06947
1973-02-06,84.79947
1973-02-07,79.5035
1973-02-08,73.848495
1973-02-09,68.882996
1973-02-10,75.233
1973-02-11,89.90053
1973-02-12,82.527
1973-02-13,79.007996
1973-02-14,75.17
1973-02-15,79.2325
1973-02-16,86.2955
1973-02-17,88.4795
1973-02-18,84.5445
1973-02-19,80.0055
1973-02-20,83.586
1973-02-21,88.176
1973-02-22,86.51527
1973-02-23,83.285
1973-02-24,81.973495
1973-02-25,89.481
1973-02-26,87.00421
1973-02-27,82.1595
1973-02-28,84.721
1973-03-01,81.586
1973-03-02,79.486
1973-03-03,80.821
1973-03-04,83.2965
1973-03-05,74.092
1973-03-06,78.7135
1973-03-07,70.2325
1973-03-08,81.7125
1973-03-09,88.289474
1973-03-10,87.15947
1973-03-11,91.74286
1973-03-12,79.014496
1973-03-13,80.358
1973-03-14,89.953
1973-03-15,83.756
1973-03-16,80.1195
1973-03-17,74.604996
1973-03-18,84.784996
1973-03-19,84.3095
1973-03-20,77.2135
1973-03-21,72.434
1973-03-22,71.9345
1973-03-23,66.836
1973-03-24,63.323997
1973-03-25,67.02
1973-03-26,64.6035
1973-03-27,59.2305
1973-03-28,67.800995
1973-03-29,61.525
1973-03-30,59.785
1973-03-31,57.1875
1973-04-01,71.863
1973-04-02,58.414497
1973-04-03,61.4045
1973-04-04,88.83053
1973-04-05,89.99273
1973-04-06,84.6485
1973-04-07,68.5485
1973-04-08,71.509
1973-04-09,59.571
1973-04-10,42.792
1973-04-11,73.3045
1973-04-12,75.5115
1973-04-13,84.764496
1973-04-14,82.4985
1973-04-15,86.99167
1973-04-16,86.903496
1973-04-17,76.9605
1973-04-18,78.252
1973-04-19,66.962
1973-04-20,78.126495
1973-04-21,73.750496
1973-04-22,74.201
1973-04-23,66.9665
1973-04-24,79.135
1973-04-25,87.561
1973-04-26,87.788
1973-04-27,73.7985
1973-04-28,67.233
1973-04-29,60.9665
1973-04-30,85.036
1973-05-01,69.529
1973-05-02,64.3415
1973-05-03,62.894
1973-05-04,69.7595
1973-05-05,59.065998
1973-05-06,64.8515
1973-05-07,77.63
1973-05-08,66.333
1973-05-09,75.4685
1973-05-10,89.128944
1973-05-11,85.773
1973-05-12,77.366
1973-05-13,81.0225
1973-05-14,73.9815
1973-05-15,73.1305
1973-05-16,76.643
1973-05-17,83.042
1973-05-18,67.895996
1973-05-19,65.7965
1973-05-20,74.1085
1973-05-21,73.598495
1973-05-22,68.5085
1973-05-23,63.4165
1973-05-24,67.667496
1973-05-25,69.251495
1973-05-26,83.069
1973-05-27,89.0515
1973-05-28,86.1365
1973-05-29,67.223
1973-05-30,61.0285
1973-05-31,69.045
1973-06-01,62.618
1973-06-02,64.1725
1973-06-03,67.09
1973-06-04,81.361496
1973-06-05,81.886
1973-06-06,74.466995
1973-06-07,74.1235
1973-06-08,78.998
1973-06-09,85.289
1973-06-10,90.8725
1973-06-11,79.326996
1973-06-12,72.730995
1973-06-13,69.611
1973-06-14,70.29
1973-06-15,77.3785
1973-06-16,70.7425
1973-06-17,66.763
1973-06-18,68.4215
1973-06-19,79.714
1973-06-20,79.317
1973-06-21,73.5335
1973-06-22,71.566
1973-06-23,77.191
1973-06-24,82.805
1973-06-25,85.136
1973-06-26,77.671
1973-06-27,66.199
1973-06-28,63.903
1973-06-29,66.308
1973-06-30,87.891
1973-07-01,84.9685
1973-07-02,81.4195
1973-07-03,77.787
1973-07-04,83.8255
1973-07-05,86.1745
1973-07-06,82.332
1973-07-07,75.395
1973-07-08,78.783
1973-07-09,80.976
1973-07-10,82.205
1973-07-11,86.006
1973-07-12,81.728
1973-07-13,79.187
1973-07-14,76.912
1973-07-15,66.298996
1973-07-16,67.107
1973-07-17,65.966
1973-07-18,61.0365
1973-07-19,62.784
1973-07-20,71.1785
1973-07-21,71.431
1973-07-22,65.336
1973-07-23,73.241
1973-07-24,78.8945
1973-07-25,77.6925
1973-07-26,76.083
1973-07-27,82.687
1973-07-28,75.7435
1973-07-29,79.6165
1973-07-30,78.9425
1973-07-31,76.6465
1973-08-01,69.779
1973-08-02,66.178
1973-08-03,66.8465
1973-08-04,74.693
1973-08-05,72.362
1973-08-06,68.006996
1973-08-07,62.371998
1973-08-08,65.4295
1973-08-09,55.9725
1973-08-10,60.517
1973-08-11,63.6885
1973-08-12,64.445496
1973-08-13,69.479996
1973-08-14,76.2965
1973-08-15,73.8775
1973-08-16,69.392
1973-08-17,70.006
1973-08-18,71.501495
1973-08-19,69.937
1973-08-20,71.703
1973-08-21,66.892
1973-08-22,67.902504
1973-08-23,73.132996
1973-08-24,70.58
1973-08-25,69.852
1973-08-26,71.2995
1973-08-27,80.108
1973-08-28,74.0885
1973-08-29,73.284
1973-08-30,83.096
1973-08-31,76.9515
1973-09-01,75.1785
1973-09-02,77.724
1973-09-03,72.7205
1973-09-04,70.888
1973-09-05,69.231
1973-09-06,65.969
1973-09-07,69.6135
1973-09-08,68.3795
1973-09-09,67.679
1973-09-10,69.7575
1973-09-11,70.2285
1973-09-12,67.414
1973-09-13,61.3525
1973-09-14,63.62
1973-09-15,61.245
1973-09-16,63.149
1973-09-17,62.686497
1973-09-18,74.3115
1973-09-19,77.972496
1973-09-20,88.6075
1973-09-21,75.625
1973-09-22,74.408
1973-09-23,77.7485
1973-09-24,76.7805
1973-09-25,81.89
1973-09-26,85.5445
1973-09-27,89.4315
1973-09-28,90.43938
1973-09-29,84.58
1973-09-30,81.1515
1973-10-01,83.5465
1973-10-02,86.48421
1973-10-03,81.412
1973-10-04,77.275
1973-10-05,67.5555
1973-10-06,70.8535
1973-10-07,73.274
1973-10-08,65.923
1973-10-09,72.5535
1973-10-10,77.3645
1973-10-11,69.1785
1973-10-12,73.724495
1973-10-13,71.037
1973-10-14,69.3415
1973-10-15,71.473
1973-10-16,69.1965
1973-10-17,67.777
1973-10-18,69.0765
1973-10-19,59.8435
1973-10-20,69.2115
1973-10-21,71.412994
1973-10-22,82.764
1973-10-23,77.0505
1973-10-24,82.311
1973-10-25,81.071
1973-10-26,76.5785
1973-10-27,79.9985
1973-10-28,81.0345
1973-10-29,75.782
1973-10-30,77.142
1973-10-31,68.029
1973-11-01,67.1975
1973-11-02,64.7495
1973-11-03,64.2395
1973-11-04,52.391
1973-11-05,58.369
1973-11-06,65.691
1973-11-07,84.351
1973-11-08,81.285995
1973-11-09,87.748
1973-11-10,87.387
1973-11-11,80.482
1973-11-12,90.555786
1973-11-13,81.0645
1973-11-14,83.158
1973-11-15,76.597
1973-11-16,82.456
1973-11-17,75.6405
1973-11-18,73.073
1973-11-19,64.987
1973-11-20,72.241
1973-11-21,65.594
1973-11-22,66.3925
1973-11-23,63.392
1973-11-24,66.275
1973-11-25,57.8685
1973-11-26,72.623
1973-11-27,85.087
1973-11-28,87.808
1973-11-29,75.458
1973-11-30,83.5285
1973-12-01,72.166
1973-12-02,80.613
1973-12-03,79.7165
1973-12-04,79.2005
1973-12-05,85.1545
1973-12-06,72.8105
1973-12-07,78.8865
1973-12-08,78.127
1973-12-09,79.613
1973-12-10,75.298996
1973-12-11,72.4615
1973-12-12,80.6905
1973-12-13,78.300995
1973-12-14,84.738
1973-12-15,87.75
1973-12-16,82.2585
1973-12-17,69.481
1973-12-18,83.022
1973-12-19,82.941
1973-12-20,76.33631
1973-12-21,74.4895
1973-12-22,78.633
1973-12-23,81.2945
1973-12-24,79.181
1973-12-25,83.2645
1973-12-26,82.056496
1973-12-27,83.4535
1973-12-28,85.997894
1973-12-29,87.29053
1973-12-30,83.863
1973-12-31,86.4475
1974-01-01,91.13643
1974-01-02,86.8255
1974-01-03,90.265
1974-01-04,85.77579
1974-01-05,86.11833
1974-01-06,89.37842
1974-01-07,91.809235
1974-01-08,87.7865
1974-01-09,81.053
1974-01-10,82.044
1974-01-11,83.5035
1974-01-12,89.1575
1974-01-13,86.018
1974-01-14,76.6705
1974-01-15,77.107
1974-01-16,78.7065
1974-01-17,87.282104
1974-01-18,89.09631
1974-01-19,88.47
1974-01-20,89.687775
1974-01-21,87.476845
1974-01-22,87.204
1974-01-23,87.63
1974-01-24,91.6075
1974-01-25,91.2175
1974-01-26,87.9875
1974-01-27,82.316
1974-01-28,89.37684
1974-01-29,85.159
1974-01-30,85.76421
1974-01-31,80.1435
1974-02-01,78.6585
1974-02-02,85.282104
1974-02-03,83.94421
1974-02-04,87.194
1974-02-05,89.02529
1974-02-06,79.188995
1974-02-07,87.27412
1974-02-08,83.974
1974-02-09,73.1765
1974-02-10,75.8675
1974-02-11,74.8255
1974-02-12,72.235
1974-02-13,77.8175
1974-02-14,84.8065
1974-02-15,83.01
1974-02-16,81.0275
1974-02-17,72.9675
1974-02-18,77.9465
1974-02-19,77.308
1974-02-20,90.39667
1974-02-21,91.17421
1974-02-22,90.05526
1974-02-23,88.2325
1974-02-24,84.64263
1974-02-25,85.039474
1974-02-26,79.1525
1974-02-27,76.7685
1974-02-28,68.985
1974-03-01,67.3395
1974-03-02,67.7735
1974-03-03,76.3015
1974-03-04,70.265
1974-03-05,74.5945
1974-03-06,86.59368
1974-03-07,92.06769
1974-03-08,86.7445
1974-03-09,86.74778
1974-03-10,85.95
1974-03-11,88.7995
1974-03-12,76.8605
1974-03-13,72.222
1974-03-14,70.9285
1974-03-15,85.5225
1974-03-16,80.036
1974-03-17,71.231
1974-03-18,65.954
1974-03-19,51.746
1974-03-20,52.103497
1974-03-21,51.3745
1974-03-22,57.1015
1974-03-23,58.61
1974-03-24,64.8775
1974-03-25,66.8115
1974-03-26,65.527
1974-03-27,62.421997
1974-03-28,53.448997
1974-03-29,53.281498
1974-03-30,60.8965
1974-03-31,65.06
1974-04-01,59.489
1974-04-02,57.894
1974-04-03,52.621
1974-04-04,55.976997
1974-04-05,56.177998
1974-04-06,54.912
1974-04-07,63.343
1974-04-08,66.286995
1974-04-09,68.334
1974-04-10,54.202
1974-04-11,49.817997
1974-04-12,56.823997
1974-04-13,67.0515
1974-04-14,73.9165
1974-04-15,86.752
1974-04-16,84.426
1974-04-17,85.55473
1974-04-18,87.859474
1974-04-19,72.615
1974-04-20,70.771996
1974-04-21,70.4295
1974-04-22,77.2395
1974-04-23,72.4155
1974-04-24,55.8345
1974-04-25,75.975494
1974-04-26,84.7625
1974-04-27,76.946
1974-04-28,62.8875
1974-04-29,66.6445
1974-04-30,63.6005
1974-05-01,73.9305
1974-05-02,89.09526
1974-05-03,77.7375
1974-05-04,66.27
1974-05-05,70.1465
1974-05-06,69.1035
1974-05-07,71.8375
1974-05-08,78.173996
1974-05-09,76.5095
1974-05-10,74.9325
1974-05-11,59.0435
1974-05-12,76.107
1974-05-13,82.5195
1974-05-14,78.228
1974-05-15,90.52353
1974-05-16,91.3753
1974-05-17,80.206
1974-05-18,82.6235
1974-05-19,79.76
1974-05-20,66.1425
1974-05-21,78.6855
1974-05-22,77.584
1974-05-23,79.156
1974-05-24,73.959
1974-05-25,79.817
1974-05-26,67.7065
1974-05-27,69.3835
1974-05-28,67.6065
1974-05-29,71.144
1974-05-30,78.3645
1974-05-31,67.326
1974-06-01,84.5165
1974-06-02,89.406845
1974-06-03,81.491
1974-06-04,76.671
1974-06-05,72.712
1974-06-06,72.598
1974-06-07,90.84684
1974-06-08,70.757996
1974-06-09,66.626495
1974-06-10,76.361
1974-06-11,88.954
1974-06-12,76.712
1974-06-13,80.186
1974-06-14,83.9535
1974-06-15,76.264
1974-06-16,81.1205
1974-06-17,81.4685
1974-06-18,73.0895
1974-06-19,78.762
1974-06-20,80.573
1974-06-21,71.622
1974-06-22,72.4305
1974-06-23,71.722
1974-06-24,75.406
1974-06-25,78.792496
1974-06-26,66.4745
1974-06-27,57.731
1974-06-28,66.9045
1974-06-29,71.8315
1974-06-30,84.6215
1974-07-01,72.8325
1974-07-02,72.515495
1974-07-03,62.0225
1974-07-04,71.8275
1974-07-05,64.501495
1974-07-06,64.1435
1974-07-07,80.8285
1974-07-08,75.5075
1974-07-09,70.344
1974-07-10,78.1195
1974-07-11,66.721
1974-07-12,68.5095
1974-07-13,61.614
1974-07-14,57.086998
1974-07-15,63.121
1974-07-16,67.319
1974-07-17,69.4085
1974-07-18,71.1375
1974-07-19,79.7955
1974-07-20,86.0825
1974-07-21,87.2
1974-07-22,89.49421
1974-07-23,92.551056
1974-07-24,71.642
1974-07-25,69.7205
1974-07-26,71.9415
1974-07-27,66.344
1974-07-28,66.4465
1974-07-29,63.428
1974-07-30,60.4865
1974-07-31,65.440994
1974-08-01,60.045498
1974-08-02,65.104
1974-08-03,66.879
1974-08-04,67.448
1974-08-05,64.888
1974-08-06,69.5735
1974-08-07,70.0115
1974-08-08,61.2065
1974-08-09,74.519
1974-08-10,68.235
1974-08-11,81.8915
1974-08-12,82.6615
1974-08-13,78.539
1974-08-14,73.889496
1974-08-15,70.839
1974-08-16,74.507996
1974-08-17,70.8555
1974-08-18,68.6485
1974-08-19,64.3235
1974-08-20,69.838
1974-08-21,69.96
1974-08-22,69.414
1974-08-23,75.631996
1974-08-24,77.3495
1974-08-25,73.6605
1974-08-26,66.902
1974-08-27,69.236
1974-08-28,60.1045
1974-08-29,61.1695
1974-08-30,76.099495
1974-08-31,73.1805
1974-09-01,62.778
1974-09-02,59.765
1974-09-03,62.5945
1974-09-04,64.425995
1974-09-05,72.4685
1974-09-06,68.4125
1974-09-07,69.9545
1974-09-08,77.658
1974-09-09,68.993996
1974-09-10,63.0275
1974-09-11,74.832
1974-09-12,69.4575
1974-09-13,66.4105
1974-09-14,72.429
1974-09-15,73.944496
1974-09-16,70.756
1974-09-17,65.3345
1974-09-18,60.038
1974-09-19,68.914
1974-09-20,64.336
1974-09-21,71.6
1974-09-22,74.0055
1974-09-23,83.4725
1974-09-24,66.160995
1974-09-25,76.7565
1974-09-26,85.46684
1974-09-27,73.8695
1974-09-28,70.095
1974-09-29,62.729
1974-09-30,70.666504
1974-10-01,91.857
1974-10-02,82.8025
1974-10-03,81.471
1974-10-04,75.362
1974-10-05,85.1295
1974-10-06,92.281425
1974-10-07,85.63421
1974-10-08,84.034996
1974-10-09,79.629
1974-10-10,74.5155
1974-10-11,69.389
1974-10-12,67.2135
1974-10-13,87.684
1974-10-14,92.76909
1974-10-15,90.36056
1974-10-16,84.397995
1974-10-17,72.8705
1974-10-18,77.389496
1974-10-19,73.476
1974-10-20,65.5605
1974-10-21,85.793
1974-10-22,72.737495
1974-10-23,81.5205
1974-10-24,84.5115
1974-10-25,77.025
1974-10-26,82.351494
1974-10-27,79.056
1974-10-28,80.469
1974-10-29,90.28111
1974-10-30,93.34
1974-10-31,82.122
1974-11-01,89.63737
1974-11-02,75.293
1974-11-03,80.2075
1974-11-04,77.6145
1974-11-05,70.012
1974-11-06,81.36
1974-11-07,90.39692
1974-11-08,91.391426
1974-11-09,92.514
1974-11-10,88.36444
1974-11-11,86.2635
1974-11-12,86.602104
1974-11-13,89.49941
1974-11-14,86.52737
1974-11-15,86.1885
1974-11-16,84.32
1974-11-17,88.9855
1974-11-18,84.86105
1974-11-19,82.662
1974-11-20,86.7375
1974-11-21,89.00737
1974-11-22,89.99158
1974-11-23,91.02133
1974-11-24,85.729996
1974-11-25,79.6965
1974-11-26,92.28667
1974-11-27,90.295
1974-11-28,88.132355
1974-11-29,82.4525
1974-11-30,89.06555
1974-12-01,81.1745
1974-12-02,90.953
1974-12-03,91.304
1974-12-04,87.727
1974-12-05,85.98684
1974-12-06,80.2195
1974-12-07,85.6425
1974-12-08,91.07072
1974-12-09,83.013
1974-12-10,83.6045
1974-12-11,78.233
1974-12-12,85.19945
1974-12-13,91.66294
1974-12-14,92.85727
1974-12-15,94.04
1974-12-16,91.24353
1974-12-17,87.124
1974-12-18,87.875
1974-12-19,86.3695
1974-12-20,83.4195
1974-12-21,81.77055
1974-12-22,84.421
1974-12-23,87.38526
1974-12-24,87.31
1974-12-25,89.2021
1974-12-26,87.81421
1974-12-27,87.00823
1974-12-28,88.7425
1974-12-29,78.0825
1974-12-30,80.329
1974-12-31,83.609474
1975-01-01,81.644
1975-01-02,90.14636
1975-01-03,90.64786
1975-01-04,87.7925
1975-01-05,85.827896
1975-01-06,75.928
1975-01-07,74.268
1975-01-08,88.748
1975-01-09,86.619
1975-01-10,77.668
1975-01-11,78.187996
1975-01-12,77.349495
1975-01-13,80.84
1975-01-14,84.1221
1975-01-15,80.61421
1975-01-16,71.9375
1975-01-17,73.3695
1975-01-18,70.0785
1975-01-19,73.1375
1975-01-20,88.009476
1975-01-21,89.954445
1975-01-22,90.515884
1975-01-23,82.694
1975-01-24,81.877
1975-01-25,80.8855
1975-01-26,87.148
1975-01-27,64.6915
1975-01-28,79.433
1975-01-29,88.1555
1975-01-30,82.44
1975-01-31,85.2235
1975-02-01,83.86316
1975-02-02,90.1065
1975-02-03,88.31
1975-02-04,80.3245
1975-02-05,74.377
1975-02-06,78.116
1975-02-07,74.837
1975-02-08,72.729996
1975-02-09,69.295
1975-02-10,69.4635
1975-02-11,63.8625
1975-02-12,67.976
1975-02-13,66.163
1975-02-14,74.9495
1975-02-15,74.5725
1975-02-16,82.9905
1975-02-17,79.359
1975-02-18,70.157
1975-02-19,73.215
1975-02-20,79.277
1975-02-21,80.276
1975-02-22,69.098
1975-02-23,73.657
1975-02-24,76.4135
1975-02-25,80.5665
1975-02-26,75.014
1975-02-27,67.238
1975-02-28,59.764
1975-03-01,56.594997
1975-03-02,57.6165
1975-03-03,62.4115
1975-03-04,59.9045
1975-03-05,61.268997
1975-03-06,62.4945
1975-03-07,65.268
1975-03-08,61.6695
1975-03-09,55.4615
1975-03-10,63.3505
1975-03-11,72.1685
1975-03-12,65.1705
1975-03-13,68.2875
1975-03-14,73.998
1975-03-15,75.918495
1975-03-16,80.0595
1975-03-17,84.594
1975-03-18,75.266
1975-03-19,65.161995
1975-03-20,73.1695
1975-03-21,79.404495
1975-03-22,87.905
1975-03-23,89.811
1975-03-24,88.880585
1975-03-25,86.458336
1975-03-26,68.5225
1975-03-27,62.9725
1975-03-28,76.2205
1975-03-29,77.417
1975-03-30,83.41
1975-03-31,67.726
1975-04-01,82.7721
1975-04-02,82.775
1975-04-03,76.5805
1975-04-04,60.143497
1975-04-05,54.253998
1975-04-06,42.198498
1975-04-07,46.874
1975-04-08,69.9575
1975-04-09,62.186
1975-04-10,69.166
1975-04-11,82.395996
1975-04-12,72.004
1975-04-13,62.7785
1975-04-14,65.469
1975-04-15,66.768
1975-04-16,68.006
1975-04-17,82.2255
1975-04-18,77.58
1975-04-19,70.2105
1975-04-20,68.233
1975-04-21,64.868996
1975-04-22,70.531494
1975-04-23,88.9205
1975-04-24,83.7835
1975-04-25,74.5375
1975-04-26,82.7195
1975-04-27,86.3375
1975-04-28,77.373
1975-04-29,66.521996
1975-04-30,63.3005
1975-05-01,77.886
1975-05-02,92.03375
1975-05-03,90.832504
1975-05-04,85.64684
1975-05-05,75.4065
1975-05-06,64.861
1975-05-07,68.322495
1975-05-08,75.3775
1975-05-09,83.9
1975-05-10,78.766
1975-05-11,70.1135
1975-05-12,66.7005
1975-05-13,74.309494
1975-05-14,83.412
1975-05-15,80.298
1975-05-16,76.692
1975-05-17,77.941
1975-05-18,75.5235
1975-05-19,76.6235
1975-05-20,75.695
1975-05-21,74.6855
1975-05-22,75.4605
1975-05-23,80.992
1975-05-24,89.2265
1975-05-25,87.3435
1975-05-26,82.251
1975-05-27,83.248
1975-05-28,81.381996
1975-05-29,71.293495
1975-05-30,75.515
1975-05-31,76.0745
1975-06-01,81.4395
1975-06-02,82.8805
1975-06-03,82.2445
1975-06-04,86.4585
1975-06-05,77.3685
1975-06-06,81.947495
1975-06-07,90.0905
1975-06-08,91.44334
1975-06-09,84.978
1975-06-10,72.9775
1975-06-11,77.114
1975-06-12,67.424995
1975-06-13,76.0845
1975-06-14,80.438995
1975-06-15,70.7455
1975-06-16,60.245
1975-06-17,75.062996
1975-06-18,80.611
1975-06-19,87.12889
1975-06-20,84.1245
1975-06-21,83.232
1975-06-22,78.4
1975-06-23,74.717
1975-06-24,61.278
1975-06-25,77.8525
1975-06-26,75.667
1975-06-27,69.01
1975-06-28,71.031
1975-06-29,78.2865
1975-06-30,69.678
1975-07-01,86.4475
1975-07-02,85.314
1975-07-03,79.681
1975-07-04,70.614
1975-07-05,68.7475
1975-07-06,78.070496
1975-07-07,80.96
1975-07-08,70.923
1975-07-09,65.0035
1975-07-10,61.373497
1975-07-11,60.719498
1975-07-12,73.7985
1975-07-13,80.664
1975-07-14,73.96
1975-07-15,71.159
1975-07-16,73.4775
1975-07-17,72.1095
1975-07-18,74.6095
1975-07-19,72.3175
1975-07-20,74.7455
1975-07-21,77.086
1975-07-22,76.403
1975-07-23,74.9055
1975-07-24,71.472496
1975-07-25,80.6195
1975-07-26,79.5275
1975-07-27,68.247
1975-07-28,68.692
1975-07-29,72.069
1975-07-30,77.3945
1975-07-31,79.962
1975-08-01,79.198
1975-08-02,74.9155
1975-08-03,80.6245
1975-08-04,82.852
1975-08-05,83.7165
1975-08-06,84.1885
1975-08-07,84.9005
1975-08-08,85.5935
1975-08-09,82.071
1975-08-10,77.022995
1975-08-11,73.9155
1975-08-12,70.472
1975-08-13,82.1515
1975-08-14,78.2705
1975-08-15,73.1415
1975-08-16,72.7415
1975-08-17,77.645996
1975-08-18,78.2515
1975-08-19,88.84369
1975-08-20,82.8085
1975-08-21,82.2815
1975-08-22,77.2075
1975-08-23,72.308
1975-08-24,71.5655
1975-08-25,84.249
1975-08-26,82.1465
1975-08-27,86.16167
1975-08-28,83.093
1975-08-29,80.584496
1975-08-30,83.745
1975-08-31,83.12105
1975-09-01,85.2035
1975-09-02,78.5255
1975-09-03,75.197
1975-09-04,75.699
1975-09-05,78.7725
1975-09-06,84.126
1975-09-07,80.981995
1975-09-08,81.4645
1975-09-09,75.6625
1975-09-10,75.436
1975-09-11,71.589
1975-09-12,69.032
1975-09-13,85.736
1975-09-14,76.249
1975-09-15,70.4305
1975-09-16,78.2295
1975-09-17,77.793
1975-09-18,71.7995
1975-09-19,69.615
1975-09-20,77.1565
1975-09-21,75.2265
1975-09-22,80.1865
1975-09-23,81.6705
1975-09-24,77.7015
1975-09-25,77.575
1975-09-26,62.860497
1975-09-27,75.1615
1975-09-28,75.2345
1975-09-29,78.248
1975-09-30,73.1295
1975-10-01,55.2775
1975-10-02,64.678
1975-10-03,72.3165
1975-10-04,72.548996
1975-10-05,72.418495
1975-10-06,79.689
1975-10-07,77.9065
1975-10-08,72.223
1975-10-09,68.979
1975-10-10,74.556496
1975-10-11,91.26867
1975-10-12,89.76474
1975-10-13,81.264
1975-10-14,86.211
1975-10-15,82.274
1975-10-16,73.353
1975-10-17,74.942
1975-10-18,89.58278
1975-10-19,89.789474
1975-10-20,91.547775
1975-10-21,90.36706
1975-10-22,90.4225
1975-10-23,91.034
1975-10-24,80.4575
1975-10-25,82.268
1975-10-26,83.71
1975-10-27,83.4525
1975-10-28,77.361496
1975-10-29,85.4275
1975-10-30,83.4185
1975-10-31,82.49684
1975-11-01,85.61474
1975-11-02,83.4805
1975-11-03,87.8755
1975-11-04,88.11316
1975-11-05,87.359
1975-11-06,84.258
1975-11-07,76.082
1975-11-08,78.664
1975-11-09,81.194496
1975-11-10,82.6425
1975-11-11,90.69
1975-11-12,89.95947
1975-11-13,80.413
1975-11-14,79.1385
1975-11-15,81.2765
1975-11-16,85.869995
1975-11-17,84.3845
1975-11-18,75.433
1975-11-19,84.5265
1975-11-20,87.412
1975-11-21,87.36421
1975-11-22,85.1179
1975-11-23,91.67357
1975-11-24,89.86266
1975-11-25,85.72369
1975-11-26,81.366844
1975-11-27,77.8295
1975-11-28,68.139496
1975-11-29,77.553
1975-11-30,82.4405
1975-12-01,78.8315
1975-12-02,83.348
1975-12-03,80.9515
1975-12-04,85.902504
1975-12-05,84.4765
1975-12-06,79.4345
1975-12-07,84.535995
1975-12-08,79.998
1975-12-09,75.139
1975-12-10,78.1085
1975-12-11,79.83
1975-12-12,81.538
1975-12-13,83.246
1975-12-14,91.51765
1975-12-15,86.34944
1975-12-16,85.719
1975-12-17,85.00105
1975-12-18,90.0055
1975-12-19,84.55722
1975-12-20,80.348946
1975-12-21,83.3275
1975-12-22,84.1785
1975-12-23,82.4495
1975-12-24,85.852
1975-12-25,87.164116
1975-12-26,86.56105
1975-12-27,91.6385
1975-12-28,88.18389
1975-12-29,88.69
1975-12-30,92.30154
1975-12-31,89.601
1976-01-01,86.2845
1976-01-02,81.798
1976-01-03,75.3675
1976-01-04,72.987
1976-01-05,66.761
1976-01-06,68.2965
1976-01-07,83.2345
1976-01-08,77.2265
1976-01-09,77.484
1976-01-10,80.1785
1976-01-11,78.302
1976-01-12,81.265
1976-01-13,74.8095
1976-01-14,74.375496
1976-01-15,75.194496
1976-01-16,68.645996
1976-01-17,79.9005
1976-01-18,81.2255
1976-01-19,76.6375
1976-01-20,74.599
1976-01-21,78.6885
1976-01-22,78.7825
1976-01-23,69.3535
1976-01-24,81.0455
1976-01-25,84.928
1976-01-26,89.54053
1976-01-27,89.937225
1976-01-28,88.7775
1976-01-29,85.1485
1976-01-30,79.6515
1976-01-31,76.783
1976-02-01,86.4545
1976-02-02,84.218
1976-02-03,88.65
1976-02-04,91.86875
1976-02-05,91.457504
1976-02-06,89.194374
1976-02-07,82.526
1976-02-08,72.582
1976-02-09,75.974495
1976-02-10,81.217
1976-02-11,86.0455
1976-02-12,84.341995
1976-02-13,86.320496
1976-02-14,85.88
1976-02-15,85.1645
1976-02-16,88.31461
1976-02-17,84.530525
1976-02-18,78.8845
1976-02-19,75.44
1976-02-20,77.43
1976-02-21,84.9795
1976-02-22,88.05941
1976-02-23,86.86833
1976-02-24,82.551
1976-02-25,72.279495
1976-02-26,79.805
1976-02-27,83.0635
1976-02-28,80.399
1976-02-29,80.1305
1976-03-01,74.3585
1976-03-02,64.733
1976-03-03,65.187996
1976-03-04,75.7285
1976-03-05,80.54
1976-03-06,74.6505
1976-03-07,84.574
1976-03-08,74.423
1976-03-09,76.8965
1976-03-10,89.95052
1976-03-11,88.747
1976-03-12,79.882996
1976-03-13,77.491
1976-03-14,73.78
1976-03-15,70.79
1976-03-16,77.556
1976-03-17,83.313
1976-03-18,85.727005
1976-03-19,83.7595
1976-03-20,80.416
1976-03-21,77.042496
1976-03-22,72.877495
1976-03-23,68.6265
1976-03-24,77.21
1976-03-25,85.341576
1976-03-26,71.3005
1976-03-27,76.668495
1976-03-28,74.2445
1976-03-29,66.9675
1976-03-30,49.728497
1976-03-31,50.518497
1976-04-01,58.136497
1976-04-02,52.845997
1976-04-03,40.666996
1976-04-04,41.256496
1976-04-05,42.297497
1976-04-06,47.128498
1976-04-07,52.671497
1976-04-08,80.688995
1976-04-09,84.0621
1976-04-10,83.6475
1976-04-11,83.4475
1976-04-12,90.555
1976-04-13,83.173
1976-04-14,81.9425
1976-04-15,83.1925
1976-04-16,86.3995
1976-04-17,74.1745
1976-04-18,69.247
1976-04-19,65.533
1976-04-20,63.501
1976-04-21,58.2945
1976-04-22,71.772
1976-04-23,70.1035
1976-04-24,65.6845
1976-04-25,73.693
1976-04-26,86.388824
1976-04-27,77.2725
1976-04-28,65.0795
1976-04-29,85.472
1976-04-30,73.576
1976-05-01,78.849
1976-05-02,75.0825
1976-05-03,86.68474
1976-05-04,82.8715
1976-05-05,69.3565
1976-05-06,59.31
1976-05-07,57.5135
1976-05-08,60.201
1976-05-09,54.427
1976-05-10,64.495995
1976-05-11,65.1035
1976-05-12,57.185497
1976-05-13,65.4565
1976-05-14,79.149
1976-05-15,64.8945
1976-05-16,60.815
1976-05-17,59.606
1976-05-18,58.321
1976-05-19,57.6175
1976-05-20,60.761997
1976-05-21,65.901
1976-05-22,85.722496
1976-05-23,86.068
1976-05-24,87.751
1976-05-25,72.8055
1976-05-26,71.455
1976-05-27,76.0105
1976-05-28,88.2695
1976-05-29,70.732
1976-05-30,69.7955
1976-05-31,77.68
1976-06-01,78.4625
1976-06-02,65.9685
1976-06-03,85.33474
1976-06-04,85.014
1976-06-05,80.479996
1976-06-06,84.7125
1976-06-07,85.665
1976-06-08,83.079
1976-06-09,72.627
1976-06-10,64.631996
1976-06-11,61.634
1976-06-12,67.216
1976-06-13,69.3155
1976-06-14,77.654
1976-06-15,68.8465
1976-06-16,70.575
1976-06-17,83.538
1976-06-18,68.942
1976-06-19,65.678
1976-06-20,61.235
1976-06-21,62.042
1976-06-22,63.9605
1976-06-23,66.6865
1976-06-24,70.45
1976-06-25,73.0865
1976-06-26,80.484
1976-06-27,79.21
1976-06-28,73.212
1976-06-29,71.3315
1976-06-30,72.418
1976-07-01,65.673
1976-07-02,61.033
1976-07-03,60.7115
1976-07-04,60.0505
1976-07-05,60.029
1976-07-06,62.5335
1976-07-07,59.389
1976-07-08,83.6275
1976-07-09,75.9145
1976-07-10,74.8885
1976-07-11,70.508995
1976-07-12,64.37
1976-07-13,69.971
1976-07-14,72.54
1976-07-15,73.727
1976-07-16,71.225
1976-07-17,68.017
1976-07-18,69.6455
1976-07-19,60.4755
1976-07-20,62.743
1976-07-21,68.2615
1976-07-22,77.965996
1976-07-23,82.334496
1976-07-24,86.364
1976-07-25,78.4835
1976-07-26,75.305
1976-07-27,80.305
1976-07-28,79.275
1976-07-29,76.4245
1976-07-30,71.79
1976-07-31,65.42
1976-08-01,67.7195
1976-08-02,73.2415
1976-08-03,72.8975
1976-08-04,75.6235
1976-08-05,83.6285
1976-08-06,80.106
1976-08-07,75.3005
1976-08-08,80.8325
1976-08-09,77.0735
1976-08-10,72.1315
1976-08-11,84.4105
1976-08-12,76.9435
1976-08-13,76.328995
1976-08-14,79.474
1976-08-15,79.5765
1976-08-16,76.265495
1976-08-17,79.976
1976-08-18,80.8875
1976-08-19,79.593
1976-08-20,87.1445
1976-08-21,89.1845
1976-08-22,85.248
1976-08-23,85.499
1976-08-24,81.375496
1976-08-25,76.876
1976-08-26,76.3185
1976-08-27,71.9
1976-08-28,69.8715
1976-08-29,71.5825
1976-08-30,72.778496
1976-08-31,66.233
1976-09-01,76.4815
1976-09-02,86.015
1976-09-03,76.61
1976-09-04,84.1765
1976-09-05,90.45
1976-09-06,72.910995
1976-09-07,78.8045
1976-09-08,77.9555
1976-09-09,65.0865
1976-09-10,63.600998
1976-09-11,65.511
1976-09-12,69.554
1976-09-13,65.29
1976-09-14,64.3435
1976-09-15,81.616
1976-09-16,76.344
1976-09-17,85.056496
1976-09-18,90.62666
1976-09-19,91.795
1976-09-20,92.674
1976-09-21,90.63
1976-09-22,88.4265
1976-09-23,88.403
1976-09-24,82.0115
1976-09-25,80.4295
1976-09-26,77.291
1976-09-27,71.4615
1976-09-28,73.270996
1976-09-29,79.807495
1976-09-30,82.3125
1976-10-01,89.0815
1976-10-02,89.33158
1976-10-03,87.1955
1976-10-04,82.7515
1976-10-05,82.9955
1976-10-06,91.9975
1976-10-07,86.862495
1976-10-08,89.2005
1976-10-09,84.77
1976-10-10,82.6645
1976-10-11,82.2445
1976-10-12,78.3745
1976-10-13,73.0325
1976-10-14,82.3635
1976-10-15,93.676
1976-10-16,91.76
1976-10-17,90.61
1976-10-18,92.284164
1976-10-19,88.329
1976-10-20,87.7925
1976-10-21,89.6715
1976-10-22,89.602356
1976-10-23,90.755
1976-10-24,83.916
1976-10-25,81.348
1976-10-26,85.8385
1976-10-27,86.11421
1976-10-28,89.299995
1976-10-29,87.39
1976-10-30,83.422775
1976-10-31,78.996994
1976-11-01,88.643684
1976-11-02,91.11706
1976-11-03,89.162
1976-11-04,82.617
1976-11-05,81.348
1976-11-06,80.0945
1976-11-07,83.39842
1976-11-08,84.307
1976-11-09,87.59812
1976-11-10,84.71445
1976-11-11,87.469
1976-11-12,87.2015
1976-11-13,89.48105
1976-11-14,91.84818
1976-11-15,93.744
1976-11-16,92.29833
1976-11-17,90.44631
1976-11-18,91.40444
1976-11-19,91.854996
1976-11-20,91.94833
1976-11-21,92.722725
1976-11-22,94.125
1976-11-23,83.2255
1976-11-24,85.922226
1976-11-25,85.947
1976-11-26,84.6295
1976-11-27,84.453
1976-11-28,89.257
1976-11-29,89.86437
1976-11-30,84.84389
1976-12-01,86.3225
1976-12-02,70.8815
1976-12-03,85.9335
1976-12-04,85.11056
1976-12-05,88.28
1976-12-06,91.20923
1976-12-07,78.347
1976-12-08,90.36316
1976-12-09,78.3785
1976-12-10,85.3765
1976-12-11,89.61389
1976-12-12,89.736664
1976-12-13,89.976
1976-12-14,86.055
1976-12-15,86.9605
1976-12-16,91.47369
1976-12-17,90.295334
1976-12-18,88.613335
1976-12-19,85.21737
1976-12-20,88.71889
1976-12-21,91.28438
1976-12-22,88.3735
1976-12-23,87.55369
1976-12-24,84.3965
1976-12-25,83.7805
1976-12-26,80.0365
1976-12-27,77.0125
1976-12-28,73.4475
1976-12-29,82.638
1976-12-30,91.04188
1976-12-31,86.14842
1977-01-01,82.837
1977-01-02,82.5275
1977-01-03,83.2135
1977-01-04,73.71
1977-01-05,69.576996
1977-01-06,68.4335
1977-01-07,81.521576
1977-01-08,83.6435
1977-01-09,84.141
1977-01-10,77.584496
1977-01-11,74.833
1977-01-12,78.895996
1977-01-13,91.9625
1977-01-14,90.975
1977-01-15,88.80294
1977-01-16,92.1
1977-01-17,92.10333
1977-01-18,89.34563
1977-01-19,84.96421
1977-01-20,80.221
1977-01-21,91.430664
1977-01-22,88.962944
1977-01-23,88.33765
1977-01-24,91.598
1977-01-25,92.542
1977-01-26,88.10105
1977-01-27,90.36417
1977-01-28,86.097
1977-01-29,79.5515
1977-01-30,82.691
1977-01-31,87.64842
1977-02-01,85.56368
1977-02-02,91.05933
1977-02-03,91.165886
1977-02-04,87.05789
1977-02-05,85.546
1977-02-06,88.74555
1977-02-07,91.09071
1977-02-08,86.12526
1977-02-09,89.463
1977-02-10,83.761
1977-02-11,88.9121
1977-02-12,82.500496
1977-02-13,85.117
1977-02-14,91.15428
1977-02-15,88.88947
1977-02-16,89.134
1977-02-17,91.60214
1977-02-18,84.0085
1977-02-19,73.621
1977-02-20,71.2705
1977-02-21,65.769
1977-02-22,85.4775
1977-02-23,77.6685
1977-02-24,68.904
1977-02-25,67.9495
1977-02-26,80.6345
1977-02-27,83.71
1977-02-28,82.8645
1977-03-01,83.455
1977-03-02,81.9085
1977-03-03,88.05631
1977-03-04,83.2655
1977-03-05,77.037
1977-03-06,73.2715
1977-03-07,73.427
1977-03-08,69.166
1977-03-09,72.4695
1977-03-10,74.556
1977-03-11,64.323
1977-03-12,61.819
1977-03-13,81.5755
1977-03-14,92.70231
1977-03-15,91.443886
1977-03-16,83.526
1977-03-17,74.7445
1977-03-18,71.4115
1977-03-19,72.205
1977-03-20,74.452
1977-03-21,71.8485
1977-03-22,64.832
1977-03-23,59.414497
1977-03-24,61.511497
1977-03-25,69.407
1977-03-26,76.159
1977-03-27,67.2595
1977-03-28,61.6025
1977-03-29,80.7435
1977-03-30,88.75105
1977-03-31,90.48235
1977-04-01,83.485
1977-04-02,86.451
1977-04-03,85.907
1977-04-04,77.4105
1977-04-05,75.268
1977-04-06,77.8595
1977-04-07,68.818
1977-04-08,72.113
1977-04-09,78.5655
1977-04-10,79.016
1977-04-11,71.8565
1977-04-12,74.289
1977-04-13,70.784996
1977-04-14,81.8405
1977-04-15,85.97263
1977-04-16,85.736
1977-04-17,76.2315
1977-04-18,65.7755
1977-04-19,59.704
1977-04-20,69.8095
1977-04-21,65.8445
1977-04-22,63.9795
1977-04-23,68.38
1977-04-24,66.5395
1977-04-25,78.7275
1977-04-26,66.9295
1977-04-27,64.782
1977-04-28,67.579
1977-04-29,60.4805
1977-04-30,58.702
1977-05-01,48.9035
1977-05-02,48.531
1977-05-03,51.8185
1977-05-04,48.302998
1977-05-05,50.457
1977-05-06,66.242
1977-05-07,72.7175
1977-05-08,82.2965
1977-05-09,83.5265
1977-05-10,85.0625
1977-05-11,75.6055
1977-05-12,67.205
1977-05-13,65.1505
1977-05-14,55.072998
1977-05-15,78.7025
1977-05-16,80.83
1977-05-17,69.622
1977-05-18,66.802
1977-05-19,63.1335
1977-05-20,52.072998
1977-05-21,59.195
1977-05-22,72.763
1977-05-23,73.752
1977-05-24,67.042496
1977-05-25,61.143997
1977-05-26,63.3135
1977-05-27,80.207
1977-05-28,87.9175
1977-05-29,78.969
1977-05-30,65.393
1977-05-31,72.071495
1977-06-01,78.480995
1977-06-02,79.2205
1977-06-03,83.4735
1977-06-04,72.703
1977-06-05,71.104
1977-06-06,64.067
1977-06-07,61.691498
1977-06-08,56.852997
1977-06-09,60.565998
1977-06-10,58.2155
1977-06-11,65.7325
1977-06-12,71.1225
1977-06-13,67.4975
1977-06-14,65.664
1977-06-15,66.899
1977-06-16,75.3305
1977-06-17,80.984
1977-06-18,74.605
1977-06-19,70.612
1977-06-20,66.408
1977-06-21,61.515
1977-06-22,69.8675
1977-06-23,82.8025
1977-06-24,73.9085
1977-06-25,70.029495
1977-06-26,73.7385
1977-06-27,84.5715
1977-06-28,73.2835
1977-06-29,69.236496
1977-06-30,64.921
1977-07-01,91.20412
1977-07-02,78.8285
1977-07-03,63.9685
1977-07-04,69.8125
1977-07-05,75.6805
1977-07-06,81.1235
1977-07-07,70.971
1977-07-08,73.608
1977-07-09,70.5915
1977-07-10,72.6225
1977-07-11,80.485
1977-07-12,68.8255
1977-07-13,66.211
1977-07-14,63.089
1977-07-15,74.6095
1977-07-16,66.834496
1977-07-17,75.229
1977-07-18,69.3105
1977-07-19,71.722496
1977-07-20,68.465
1977-07-21,66.598
1977-07-22,80.389
1977-07-23,86.256996
1977-07-24,75.0815
1977-07-25,65.7865
1977-07-26,67.437996
1977-07-27,82.583
1977-07-28,71.111496
1977-07-29,68.5095
1977-07-30,66.746
1977-07-31,76.7635
1977-08-01,78.519
1977-08-02,76.765495
1977-08-03,72.091995
1977-08-04,72.792496
1977-08-05,74.0575
1977-08-06,76.005
1977-08-07,77.895
1977-08-08,72.28
1977-08-09,70.892
1977-08-10,71.5865
1977-08-11,77.736
1977-08-12,79.6945
1977-08-13,80.4845
1977-08-14,76.3925
1977-08-15,81.843
1977-08-16,82.292496
1977-08-17,72.1845
1977-08-18,69.9535
1977-08-19,74.345
1977-08-20,69.9925
1977-08-21,75.437996
1977-08-22,73.86
1977-08-23,71.7215
1977-08-24,87.88737
1977-08-25,74.255
1977-08-26,72.816
1977-08-27,66.746
1977-08-28,68.385
1977-08-29,69.9435
1977-08-30,70.0355
1977-08-31,65.336
1977-09-01,71.2835
1977-09-02,67.252495
1977-09-03,66.7715
1977-09-04,65.065
1977-09-05,73.8175
1977-09-06,72.8945
1977-09-07,74.4645
1977-09-08,76.3855
1977-09-09,73.2845
1977-09-10,75.1295
1977-09-11,76.394
1977-09-12,74.177
1977-09-13,73.528
1977-09-14,74.2015
1977-09-15,63.9405
1977-09-16,62.098
1977-09-17,72.37
1977-09-18,88.307
1977-09-19,85.5495
1977-09-20,88.22
1977-09-21,85.4285
1977-09-22,74.3595
1977-09-23,86.4065
1977-09-24,89.77111
1977-09-25,80.743996
1977-09-26,71.1365
1977-09-27,72.0115
1977-09-28,69.598495
1977-09-29,59.358498
1977-09-30,56.2025
1977-10-01,57.565
1977-10-02,76.089
1977-10-03,90.19294
1977-10-04,77.576996
1977-10-05,67.4085
1977-10-06,61.569
1977-10-07,64.409
1977-10-08,67.5965
1977-10-09,69.974
1977-10-10,74.298
1977-10-11,82.5045
1977-10-12,83.306
1977-10-13,79.53
1977-10-14,82.5885
1977-10-15,77.0325
1977-10-16,77.6055
1977-10-17,71.076996
1977-10-18,77.5485
1977-10-19,65.8075
1977-10-20,76.0745
1977-10-21,75.506996
1977-10-22,68.3235
1977-10-23,76.9825
1977-10-24,79.4555
1977-10-25,83.9275
1977-10-26,88.39471
1977-10-27,87.5095
1977-10-28,84.105
1977-10-29,88.01
1977-10-30,88.90474
1977-10-31,87.986664
1977-11-01,88.9915
1977-11-02,92.5525
1977-11-03,85.6225
1977-11-04,75.181
1977-11-05,76.6685
1977-11-06,78.502
1977-11-07,81.722496
1977-11-08,90.576996
1977-11-09,86.521576
1977-11-10,82.226
1977-11-11,82.783
1977-11-12,73.298
1977-11-13,66.6835
1977-11-14,81.9105
1977-11-15,76.283
1977-11-16,81.1125
1977-11-17,84.9595
1977-11-18,88.560555
1977-11-19,91.76572
1977-11-20,90.52263
1977-11-21,83.562775
1977-11-22,83.4525
1977-11-23,90.13389
1977-11-24,86.0145
1977-11-25,84.325
1977-11-26,90.6725
1977-11-27,90.35934
1977-11-28,85.95579
1977-11-29,86.7595
1977-11-30,88.26945
1977-12-01,90.83546
1977-12-02,91.04
1977-12-03,87.62813
1977-12-04,87.194
1977-12-05,87.75579
1977-12-06,75.8735
1977-12-07,87.805
1977-12-08,89.26466
1977-12-09,89.670555
1977-12-10,86.95889
1977-12-11,76.55473
1977-12-12,74.215996
1977-12-13,81.7455
1977-12-14,84.64737
1977-12-15,90.024666
1977-12-16,91.21125
1977-12-17,91.06333
1977-12-18,88.745
1977-12-19,86.18222
1977-12-20,91.88563
1977-12-21,90.862144
1977-12-22,87.247894
1977-12-23,85.85421
1977-12-24,85.159
1977-12-25,91.06846
1977-12-26,87.954
1977-12-27,87.7745
1977-12-28,79.752
1977-12-29,87.468
1977-12-30,91.16125
1977-12-31,83.479996
1978-01-01,86.0235
1978-01-02,80.4055
1978-01-03,82.4205
1978-01-04,83.6875
1978-01-05,83.338
1978-01-06,82.67158
1978-01-07,85.656
1978-01-08,87.86105
1978-01-09,80.864
1978-01-10,81.0645
1978-01-11,77.333
1978-01-12,71.191
1978-01-13,79.751495
1978-01-14,91.18833
1978-01-15,87.90667
1978-01-16,75.505264
1978-01-17,75.862495
1978-01-18,81.557
1978-01-19,87.5445
1978-01-20,82.9055
1978-01-21,84.77947
1978-01-22,88.75059
1978-01-23,88.851
1978-01-24,81.57278
1978-01-25,90.09765
1978-01-26,84.115
1978-01-27,88.1865
1978-01-28,77.545
1978-01-29,71.2355
1978-01-30,87.177895
1978-01-31,90.85588
1978-02-01,92.96667
1978-02-02,88.137
1978-02-03,91.74
1978-02-04,90.38722
1978-02-05,91.29235
1978-02-06,92.55889
1978-02-07,94.15375
1978-02-08,91.502144
1978-02-09,91.57056
1978-02-10,89.83889
1978-02-11,79.097
1978-02-12,84.2735
1978-02-13,90.38
1978-02-14,93.12375
1978-02-15,88.47667
1978-02-16,79.828
1978-02-17,90.21353
1978-02-18,87.42133
1978-02-19,82.09
1978-02-20,86.37
1978-02-21,75.941
1978-02-22,72.871
1978-02-23,79.6705
1978-02-24,78.4625
1978-02-25,77.6645
1978-02-26,78.31
1978-02-27,86.47
1978-02-28,82.3155
1978-03-01,86.78333
1978-03-02,89.543335
1978-03-03,88.815
1978-03-04,85.962
1978-03-05,83.7795
1978-03-06,90.43625
1978-03-07,84.2865
1978-03-08,85.0265
1978-03-09,81.38
1978-03-10,91.01947
1978-03-11,85.5035
1978-03-12,87.44316
1978-03-13,78.1385
1978-03-14,70.815
1978-03-15,73.912
1978-03-16,69.857
1978-03-17,65.0595
1978-03-18,82.08579
1978-03-19,79.879
1978-03-20,75.124
1978-03-21,86.29
1978-03-22,87.156845
1978-03-23,65.792
1978-03-24,80.991
1978-03-25,88.45368
1978-03-26,82.602
1978-03-27,83.7195
1978-03-28,74.6875
1978-03-29,65.243
1978-03-30,65.938995
1978-03-31,69.9535
1978-04-01,70.4485
1978-04-02,77.5035
1978-04-03,75.5185
1978-04-04,90.44842
1978-04-05,89.297
1978-04-06,77.7385
1978-04-07,74.3915
1978-04-08,83.253
1978-04-09,79.304
1978-04-10,68.278496
1978-04-11,70.415
1978-04-12,60.476498
1978-04-13,74.719
1978-04-14,70.5645
1978-04-15,68.052
1978-04-16,89.13556
1978-04-17,86.91842
1978-04-18,85.0395
1978-04-19,82.2425
1978-04-20,78.0455
1978-04-21,68.1415
1978-04-22,80.1015
1978-04-23,76.561
1978-04-24,70.1065
1978-04-25,69.0355
1978-04-26,81.645
1978-04-27,77.438995
1978-04-28,85.053
1978-04-29,77.1065
1978-04-30,77.6275
1978-05-01,62.8195
1978-05-02,79.5585
1978-05-03,75.08
1978-05-04,64.2855
1978-05-05,60.802998
1978-05-06,58.3595
1978-05-07,81.194496
1978-05-08,85.07579
1978-05-09,82.8845
1978-05-10,82.3585
1978-05-11,80.417496
1978-05-12,76.9335
1978-05-13,59.5865
1978-05-14,76.614
1978-05-15,75.3125
1978-05-16,82.270996
1978-05-17,71.7405
1978-05-18,76.338
1978-05-19,67.955
1978-05-20,69.501
1978-05-21,67.693
1978-05-22,67.47
1978-05-23,75.358
1978-05-24,77.5205
1978-05-25,77.0525
1978-05-26,83.658
1978-05-27,84.38
1978-05-28,90.73294
1978-05-29,91.402664
1978-05-30,84.499
1978-05-31,75.681
1978-06-01,75.1195
1978-06-02,71.818
1978-06-03,71.961
1978-06-04,66.538
1978-06-05,71.4305
1978-06-06,76.873
1978-06-07,72.8115
1978-06-08,76.9295
1978-06-09,76.001
1978-06-10,72.461
1978-06-11,76.160995
1978-06-12,67.657
1978-06-13,77.7675
1978-06-14,81.8545
1978-06-15,85.468
1978-06-16,86.03222
1978-06-17,74.619
1978-06-18,71.793
1978-06-19,78.387
1978-06-20,72.520996
1978-06-21,75.992
1978-06-22,81.6785
1978-06-23,70.3365
1978-06-24,60.6255
1978-06-25,69.3055
1978-06-26,82.927
1978-06-27,81.161995
1978-06-28,93.05
1978-06-29,89.0375
1978-06-30,83.197
1978-07-01,78.218
1978-07-02,79.6975
1978-07-03,71.3655
1978-07-04,68.7075
1978-07-05,54.753
1978-07-06,68.6845
1978-07-07,81.981
1978-07-08,78.932
1978-07-09,73.734
1978-07-10,77.4435
1978-07-11,72.226
1978-07-12,75.5095
1978-07-13,77.996
1978-07-14,73.2405
1978-07-15,81.493996
1978-07-16,75.7845
1978-07-17,69.853
1978-07-18,69.3715
1978-07-19,75.4155
1978-07-20,65.629
1978-07-21,69.593
1978-07-22,85.011
1978-07-23,75.263
1978-07-24,72.048996
1978-07-25,71.872
1978-07-26,68.9745
1978-07-27,63.872498
1978-07-28,68.9955
1978-07-29,70.687
1978-07-30,66.9645
1978-07-31,68.336
1978-08-01,64.078995
1978-08-02,63.231
1978-08-03,62.3115
1978-08-04,70.276
1978-08-05,81.302
1978-08-06,71.74
1978-08-07,61.437
1978-08-08,46.464
1978-08-09,62.454
1978-08-10,66.421
1978-08-11,72.8105
1978-08-12,79.1475
1978-08-13,74.336
1978-08-14,66.256996
1978-08-15,63.9
1978-08-16,58.388
1978-08-17,53.64
1978-08-18,72.7745
1978-08-19,71.441
1978-08-20,80.5955
1978-08-21,78.9995
1978-08-22,75.209496
1978-08-23,64.5825
1978-08-24,73.984
1978-08-25,71.134
1978-08-26,68.31
1978-08-27,69.834
1978-08-28,73.021996
1978-08-29,71.820496
1978-08-30,67.919
1978-08-31,90.21077
1978-09-01,76.4065
1978-09-02,79.018
1978-09-03,73.1895
1978-09-04,71.8715
1978-09-05,70.701
1978-09-06,72.151
1978-09-07,87.74579
1978-09-08,81.735
1978-09-09,87.854
1978-09-10,85.8785
1978-09-11,78.673996
1978-09-12,78.5645
1978-09-13,86.1505
1978-09-14,78.32
1978-09-15,80.4155
1978-09-16,74.364
1978-09-17,67.6045
1978-09-18,66.918
1978-09-19,65.2785
1978-09-20,82.949
1978-09-21,78.7635
1978-09-22,72.907
1978-09-23,83.4775
1978-09-24,83.32
1978-09-25,75.3745
1978-09-26,73.596
1978-09-27,82.4415
1978-09-28,89.76053
1978-09-29,78.0025
1978-09-30,68.369995
1978-10-01,81.4015
1978-10-02,81.115
1978-10-03,75.7005
1978-10-04,65.059
1978-10-05,83.601
1978-10-06,77.7815
1978-10-07,82.7335
1978-10-08,76.583496
1978-10-09,71.424995
1978-10-10,76.3295
1978-10-11,81.500496
1978-10-12,83.10368
1978-10-13,77.7425
1978-10-14,74.528
1978-10-15,77.894
1978-10-16,79.731
1978-10-17,80.6725
1978-10-18,71.049995
1978-10-19,79.4335
1978-10-20,91.62765
1978-10-21,86.562
1978-10-22,68.0325
1978-10-23,73.476
1978-10-24,73.2045
1978-10-25,72.946495
1978-10-26,82.081
1978-10-27,85.4355
1978-10-28,78.2875
1978-10-29,81.479996
1978-10-30,84.8605
1978-10-31,87.8875
1978-11-01,85.8305
1978-11-02,86.71333
1978-11-03,84.3335
1978-11-04,86.068
1978-11-05,88.164
1978-11-06,84.3945
1978-11-07,89.15118
1978-11-08,86.61
1978-11-09,86.1155
1978-11-10,83.0465
1978-11-11,88.405556
1978-11-12,85.82158
1978-11-13,85.5205
1978-11-14,85.6735
1978-11-15,81.5115
1978-11-16,78.932495
1978-11-17,84.7655
1978-11-18,88.035
1978-11-19,86.955
1978-11-20,80.31
1978-11-21,85.71158
1978-11-22,84.78105
1978-11-23,83.8425
1978-11-24,84.342224
1978-11-25,84.658424
1978-11-26,84.2495
1978-11-27,78.0245
1978-11-28,91.1
1978-11-29,90.77167
1978-11-30,88.83722
1978-12-01,88.498
1978-12-02,92.273575
1978-12-03,90.4215
1978-12-04,86.21632
1978-12-05,83.63895
1978-12-06,82.17737
1978-12-07,82.2355
1978-12-08,85.1885
1978-12-09,87.68474
1978-12-10,91.278336
1978-12-11,89.92643
1978-12-12,82.89421
1978-12-13,92.07692
1978-12-14,92.49105
1978-12-15,88.86579
1978-12-16,76.7045
1978-12-17,87.60833
1978-12-18,88.774376
1978-12-19,84.850555
1978-12-20,91.55769
1978-12-21,91.2225
1978-12-22,83.67895
1978-12-23,82.6775
1978-12-24,88.911575
1978-12-25,89.28294
1978-12-26,92.6675
1978-12-27,89.04706
1978-12-28,86.699
1978-12-29,76.3425
1978-12-30,77.809
1978-12-31,80.9655
1979-01-01,80.3165
1979-01-02,84.9645
1979-01-03,76.250496
1979-01-04,73.056496
1979-01-05,84.388
1979-01-06,81.4055
1979-01-07,81.7735
1979-01-08,77.368
1979-01-09,71.8185
1979-01-10,82.534
1979-01-11,80.166
1979-01-12,89.784996
1979-01-13,89.397224
1979-01-14,91.01947
1979-01-15,88.75056
1979-01-16,92.14364
1979-01-17,91.96824
1979-01-18,92.73923
1979-01-19,88.87882
1979-01-20,88.5921
1979-01-21,90.24412
1979-01-22,90.54278
1979-01-23,88.34263
1979-01-24,91.13579
1979-01-25,91.544
1979-01-26,93.55454
1979-01-27,87.44308
1979-01-28,79.823
1979-01-29,90.6545
1979-01-30,82.691
1979-01-31,90.66631
1979-02-01,83.295265
1979-02-02,82.3495
1979-02-03,86.7405
1979-02-04,93.53
1979-02-05,94.06333
1979-02-06,93.242
1979-02-07,87.29579
1979-02-08,86.439476
1979-02-09,87.9065
1979-02-10,89.97072
1979-02-11,90.75636
1979-02-12,90.93429
1979-02-13,88.68
1979-02-14,89.95734
1979-02-15,90.88583
1979-02-16,93.359
1979-02-17,89.47667
1979-02-18,88.7415
1979-02-19,81.903496
1979-02-20,78.139
1979-02-21,83.9685
1979-02-22,81.395996
1979-02-23,83.47211
1979-02-24,84.0885
1979-02-25,89.04933
1979-02-26,84.38052
1979-02-27,82.121
1979-02-28,78.3325
1979-03-01,84.479996
1979-03-02,81.8575
1979-03-03,83.3905
1979-03-04,82.4335
1979-03-05,91.00632
1979-03-06,88.357
1979-03-07,81.089
1979-03-08,85.41053
1979-03-09,87.0945
1979-03-10,83.379
1979-03-11,77.588
1979-03-12,79.1205
1979-03-13,82.031
1979-03-14,83.4235
1979-03-15,74.817
1979-03-16,76.9025
1979-03-17,72.3955
1979-03-18,59.004997
1979-03-19,77.0205
1979-03-20,74.5885
1979-03-21,69.67
1979-03-22,66.8425
1979-03-23,88.33
1979-03-24,74.8295
1979-03-25,73.5865
1979-03-26,76.2305
1979-03-27,85.7285
1979-03-28,88.7125
1979-03-29,79.1095
1979-03-30,72.2
1979-03-31,74.6635
1979-04-01,71.096
1979-04-02,82.743996
1979-04-03,81.825
1979-04-04,61.537
1979-04-05,77.569
1979-04-06,79.6645
1979-04-07,83.933
1979-04-08,86.573
1979-04-09,82.665
1979-04-10,74.665
1979-04-11,73.0315
1979-04-12,72.9285
1979-04-13,64.9795
1979-04-14,62.669
1979-04-15,62.35
1979-04-16,54.085
1979-04-17,71.1235
1979-04-18,87.61579
1979-04-19,72.921
1979-04-20,65.0825
1979-04-21,65.1385
1979-04-22,65.823
1979-04-23,56.896
1979-04-24,41.97
1979-04-25,40.767
1979-04-26,73.3595
1979-04-27,82.9535
1979-04-28,82.9125
1979-04-29,85.2815
1979-04-30,67.7435
1979-05-01,76.3215
1979-05-02,56.806
1979-05-03,65.1845
1979-05-04,64.613
1979-05-05,63.328
1979-05-06,64.996
1979-05-07,82.5575
1979-05-08,90.90737
1979-05-09,92.869995
1979-05-10,87.444
1979-05-11,88.98579
1979-05-12,89.0853
1979-05-13,82.2755
1979-05-14,80.2045
1979-05-15,71.6805
1979-05-16,73.464
1979-05-17,71.469
1979-05-18,72.7975
1979-05-19,62.721
1979-05-20,65.4225
1979-05-21,66.214
1979-05-22,70.160995
1979-05-23,73.145996
1979-05-24,74.5035
1979-05-25,69.570496
1979-05-26,75.096
1979-05-27,71.8185
1979-05-28,72.686
1979-05-29,67.711
1979-05-30,78.9285
1979-05-31,73.238495
1979-06-01,64.0215
1979-06-02,65.435
1979-06-03,66.011
1979-06-04,64.4365
1979-06-05,64.320496
1979-06-06,61.677498
1979-06-07,71.1055
1979-06-08,72.064
1979-06-09,74.014496
1979-06-10,73.7835
1979-06-11,69.969
1979-06-12,71.269
1979-06-13,73.952
1979-06-14,72.9295
1979-06-15,78.962
1979-06-16,72.107
1979-06-17,80.721
1979-06-18,84.89
1979-06-19,89.426
1979-06-20,87.619
1979-06-21,91.761
1979-06-22,89.23778
1979-06-23,82.0815
1979-06-24,80.84
1979-06-25,72.429
1979-06-26,69.5815
1979-06-27,70.2345
1979-06-28,69.409
1979-06-29,81.5535
1979-06-30,72.7475
1979-07-01,75.144
1979-07-02,77.203
1979-07-03,87.14278
1979-07-04,89.095
1979-07-05,76.9275
1979-07-06,75.179
1979-07-07,82.7065
1979-07-08,83.7055
1979-07-09,78.7495
1979-07-10,82.8565
1979-07-11,73.31
1979-07-12,68.463
1979-07-13,68.8225
1979-07-14,79.885
1979-07-15,82.097
1979-07-16,82.923
1979-07-17,80.7805
1979-07-18,80.34
1979-07-19,71.5515
1979-07-20,72.7295
1979-07-21,73.384995
1979-07-22,70.522995
1979-07-23,70.8465
1979-07-24,79.7565
1979-07-25,74.5255
1979-07-26,74.1155
1979-07-27,74.0775
1979-07-28,81.8595
1979-07-29,70.5155
1979-07-30,67.7825
1979-07-31,69.018
1979-08-01,68.601
1979-08-02,69.0305
1979-08-03,69.215
1979-08-04,80.4485
1979-08-05,73.6195
1979-08-06,69.031
1979-08-07,68.645996
1979-08-08,61.7025
1979-08-09,64.4265
1979-08-10,82.209
1979-08-11,88.756996
1979-08-12,91.041534
1979-08-13,90.219475
1979-08-14,88.8725
1979-08-15,79.9265
1979-08-16,84.3445
1979-08-17,85.518
1979-08-18,90.24389
1979-08-19,84.89474
1979-08-20,85.3215
1979-08-21,82.238
1979-08-22,87.5155
1979-08-23,79.305
1979-08-24,70.46
1979-08-25,86.394
1979-08-26,78.976
1979-08-27,87.0525
1979-08-28,71.3235
1979-08-29,86.097
1979-08-30,79.3405
1979-08-31,80.615
1979-09-01,74.418
1979-09-02,70.335495
1979-09-03,70.736496
1979-09-04,70.511
1979-09-05,83.801
1979-09-06,81.1615
1979-09-07,80.44
1979-09-08,79.362
1979-09-09,75.264
1979-09-10,79.797
1979-09-11,75.8085
1979-09-12,74.320496
1979-09-13,74.788
1979-09-14,75.802
1979-09-15,74.6655
1979-09-16,73.8035
1979-09-17,68.4555
1979-09-18,61.295998
1979-09-19,69.898
1979-09-20,71.4225
1979-09-21,61.1825
1979-09-22,69.181
1979-09-23,79.856995
1979-09-24,69.7055
1979-09-25,62.073498
1979-09-26,76.216995
1979-09-27,81.8285
1979-09-28,82.531
1979-09-29,80.903
1979-09-30,80.873
1979-10-01,84.9425
1979-10-02,85.2885
1979-10-03,82.5815
1979-10-04,74.51
1979-10-05,76.534
1979-10-06,82.2835
1979-10-07,83.448
1979-10-08,79.076996
1979-10-09,77.7035
1979-10-10,71.111
1979-10-11,62.754997
1979-10-12,66.6835
1979-10-13,75.818
1979-10-14,76.6365
1979-10-15,71.435
1979-10-16,76.201996
1979-10-17,75.951
1979-10-18,87.65579
1979-10-19,86.326996
1979-10-20,83.766846
1979-10-21,80.592
1979-10-22,83.12789
1979-10-23,86.41421
1979-10-24,84.3665
1979-10-25,73.8255
1979-10-26,73.971504
1979-10-27,77.158
1979-10-28,77.714
1979-10-29,88.80684
1979-10-30,92.595
1979-10-31,90.9775
1979-11-01,91.71
1979-11-02,88.60286
1979-11-03,91.068886
1979-11-04,89.475555
1979-11-05,85.04211
1979-11-06,92.741425
1979-11-07,85.17579
1979-11-08,87.3205
1979-11-09,77.886
1979-11-10,87.698
1979-11-11,92.59214
1979-11-12,94.215
1979-11-13,87.9085
1979-11-14,79.3145
1979-11-15,69.0375
1979-11-16,81.888
1979-11-17,85.8995
1979-11-18,85.487
1979-11-19,89.849335
1979-11-20,91.28667
1979-11-21,
1979-11-22,91.74111
1979-11-23,90.52118
1979-11-24,92.8025
1979-11-25,93.373
1979-11-26,87.72263
1979-11-27,89.07778
1979-11-28,81.227
1979-11-29,89.97417
1979-11-30,82.84941
1979-12-01,78.8125
1979-12-02,85.6295
1979-12-03,87.181
1979-12-04,89.48187
1979-12-05,84.738335
1979-12-06,77.2955
1979-12-07,84.106316
1979-12-08,81.75
1979-12-09,77.9525
1979-12-10,71.1365
1979-12-11,78.106
1979-12-12,85.1155
1979-12-13,72.408
1979-12-14,73.648
1979-12-15,85.40632
1979-12-16,90.765884
1979-12-17,85.38
1979-12-18,87.341576
1979-12-19,89.65053
1979-12-20,86.62
1979-12-21,90.25883
1979-12-22,85.79263
1979-12-23,90.4925
1979-12-24,87.38
1979-12-25,85.615
1979-12-26,86.3405
1979-12-27,84.65053
1979-12-28,77.001495
1979-12-29,83.395996
1979-12-30,90.095
1979-12-31,92.00429
1980-01-01,87.503334
1980-01-02,86.053
1980-01-03,90.54462
1980-01-04,83.6915
1980-01-05,80.6525
1980-01-06,85.0265
1980-01-07,91.37882
1980-01-08,91.29312
1980-01-09,90.52846
1980-01-10,91.45
1980-01-11,90.46833
1980-01-12,87.7235
1980-01-13,87.248886
1980-01-14,85.4985
1980-01-15,79.2825
1980-01-16,86.104996
1980-01-17,91.741875
1980-01-18,86.77631
1980-01-19,86.73059
1980-01-20,87.929
1980-01-21,89.30529
1980-01-22,84.1815
1980-01-23,83.006996
1980-01-24,89.725
1980-01-25,90.649
1980-01-26,89.45778
1980-01-27,86.20789
1980-01-28,81.348495
1980-01-29,81.7985
1980-01-30,81.208
1980-01-31,78.069
1980-02-01,78.7885
1980-02-02,70.437996
1980-02-03,87.149475
1980-02-04,91.86882
1980-02-05,87.80278
1980-02-06,88.95333
1980-02-07,88.59556
1980-02-08,90.89667
1980-02-09,90.38583
1980-02-10,89.39706
1980-02-11,89.77937
1980-02-12,92.35833
1980-02-13,91.08
1980-02-14,88.791504
1980-02-15,87.87055
1980-02-16,84.03474
1980-02-17,89.281425
1980-02-18,90.96077
1980-02-19,81.672
1980-02-20,86.16421
1980-02-21,85.565
1980-02-22,83.133
1980-02-23,84.193
1980-02-24,86.331055
1980-02-25,84.32684
1980-02-26,85.68278
1980-02-27,77.392
1980-02-28,83.32105
1980-02-29,84.743996
1980-03-01,89.37615
1980-03-02,80.3735
1980-03-03,81.7045
1980-03-04,83.0255
1980-03-05,69.5485
1980-03-06,64.7025
1980-03-07,77.5475
1980-03-08,89.70062
1980-03-09,91.00154
1980-03-10,90.32733
1980-03-11,87.738
1980-03-12,85.093
1980-03-13,81.7175
1980-03-14,78.195
1980-03-15,80.7295
1980-03-16,88.20105
1980-03-17,89.375885
1980-03-18,79.7675
1980-03-19,78.5585
1980-03-20,76.8045
1980-03-21,81.5065
1980-03-22,84.595
1980-03-23,92.02875
1980-03-24,93.215
1980-03-25,87.3785
1980-03-26,85.3535
1980-03-27,84.8245
1980-03-28,78.1365
1980-03-29,68.78
1980-03-30,81.0165
1980-03-31,80.847496
1980-04-01,64.272995
1980-04-02,68.337
1980-04-03,79.8575
1980-04-04,88.944374
1980-04-05,87.987
1980-04-06,86.8795
1980-04-07,83.818
1980-04-08,84.0865
1980-04-09,79.115
1980-04-10,83.6125
1980-04-11,76.673996
1980-04-12,73.975
1980-04-13,66.276
1980-04-14,57.2915
1980-04-15,48.218998
1980-04-16,50.1445
1980-04-17,56.2625
1980-04-18,55.0365
1980-04-19,65.673996
1980-04-20,61.175
1980-04-21,79.446
1980-04-22,85.283
1980-04-23,79.0385
1980-04-24,73.2555
1980-04-25,72.5895
1980-04-26,82.363
1980-04-27,78.247
1980-04-28,80.485
1980-04-29,80.431
1980-04-30,70.941
1980-05-01,69.268
1980-05-02,77.2415
1980-05-03,77.751
1980-05-04,69.8605
1980-05-05,68.887
1980-05-06,86.4095
1980-05-07,82.8365
1980-05-08,75.941
1980-05-09,77.0585
1980-05-10,90.594284
1980-05-11,86.6015
1980-05-12,71.847
1980-05-13,64.361496
1980-05-14,62.9685
1980-05-15,85.9525
1980-05-16,86.722
1980-05-17,85.6965
1980-05-18,81.9505
1980-05-19,80.3625
1980-05-20,88.812225
1980-05-21,81.031
1980-05-22,79.104
1980-05-23,75.716995
1980-05-24,82.949
1980-05-25,77.248
1980-05-26,67.336
1980-05-27,65.414
1980-05-28,69.8445
1980-05-29,76.006996
1980-05-30,68.7975
1980-05-31,84.31263
1980-06-01,71.105
1980-06-02,79.1485
1980-06-03,72.796
1980-06-04,85.5855
1980-06-05,84.096
1980-06-06,88.78158
1980-06-07,89.46737
1980-06-08,78.743
1980-06-09,72.319
1980-06-10,74.8115
1980-06-11,74.5455
1980-06-12,72.14
1980-06-13,68.6715
1980-06-14,68.649
1980-06-15,62.5745
1980-06-16,68.0935
1980-06-17,66.6025
1980-06-18,70.614
1980-06-19,88.0105
1980-06-20,80.071
1980-06-21,75.4505
1980-06-22,68.058
1980-06-23,66.244
1980-06-24,63.900497
1980-06-25,71.6375
1980-06-26,68.7405
1980-06-27,84.125
1980-06-28,77.997
1980-06-29,70.3715
1980-06-30,79.954
1980-07-01,72.3295
1980-07-02,78.765
1980-07-03,75.5075
1980-07-04,82.9425
1980-07-05,77.230995
1980-07-06,74.3185
1980-07-07,71.3655
1980-07-08,63.583
1980-07-09,51.1955
1980-07-10,52.0025
1980-07-11,64.005
1980-07-12,79.7455
1980-07-13,74.308
1980-07-14,64.6325
1980-07-15,65.058
1980-07-16,65.9845
1980-07-17,70.1355
1980-07-18,74.881
1980-07-19,74.665
1980-07-20,67.908
1980-07-21,65.512
1980-07-22,82.013
1980-07-23,88.644
1980-07-24,88.811
1980-07-25,88.184
1980-07-26,84.917496
1980-07-27,79.563995
1980-07-28,82.8135
1980-07-29,85.722
1980-07-30,82.17579
1980-07-31,84.187
1980-08-01,83.0645
1980-08-02,79.77
1980-08-03,71.712
1980-08-04,66.72
1980-08-05,67.2995
1980-08-06,69.004
1980-08-07,70.229996
1980-08-08,65.507996
1980-08-09,77.175
1980-08-10,68.9765
1980-08-11,72.927
1980-08-12,68.695496
1980-08-13,87.40947
1980-08-14,90.034
1980-08-15,88.62
1980-08-16,79.2345
1980-08-17,82.261
1980-08-18,81.7715
1980-08-19,77.188995
1980-08-20,80.4025
1980-08-21,75.721
1980-08-22,73.379
1980-08-23,75.091995
1980-08-24,86.024
1980-08-25,79.392
1980-08-26,72.278
1980-08-27,72.0065
1980-08-28,70.3635
1980-08-29,73.288
1980-08-30,74.4105
1980-08-31,79.9925
1980-09-01,82.8365
1980-09-02,91.13842
1980-09-03,81.3775
1980-09-04,74.819
1980-09-05,70.895
1980-09-06,67.6155
1980-09-07,80.686
1980-09-08,73.597
1980-09-09,73.857
1980-09-10,81.0415
1980-09-11,78.000496
1980-09-12,68.819
1980-09-13,74.0555
1980-09-14,69.888
1980-09-15,69.975
1980-09-16,73.520996
1980-09-17,68.4525
1980-09-18,73.487
1980-09-19,69.984
1980-09-20,69.4465
1980-09-21,67.0725
1980-09-22,70.2585
1980-09-23,74.1855
1980-09-24,71.9895
1980-09-25,77.9765
1980-09-26,83.945496
1980-09-27,82.2035
1980-09-28,81.2005
1980-09-29,78.567
1980-09-30,75.8695
1980-10-01,81.3395
1980-10-02,77.243996
1980-10-03,75.530495
1980-10-04,74.3435
1980-10-05,74.8565
1980-10-06,75.3425
1980-10-07,69.0795
1980-10-08,74.704
1980-10-09,78.1835
1980-10-10,90.54611
1980-10-11,75.576
1980-10-12,65.9525
1980-10-13,78.713
1980-10-14,78.951996
1980-10-15,64.269
1980-10-16,71.107
1980-10-17,69.567
1980-10-18,72.6605
1980-10-19,90.3225
1980-10-20,88.57389
1980-10-21,87.562775
1980-10-22,81.9185
1980-10-23,78.5465
1980-10-24,74.6525
1980-10-25,72.334
1980-10-26,87.8315
1980-10-27,74.698
1980-10-28,74.8695
1980-10-29,75.7335
1980-10-30,73.936
1980-10-31,75.963
1980-11-01,80.447
1980-11-02,90.2315
1980-11-03,90.92812
1980-11-04,89.319336
1980-11-05,89.9725
1980-11-06,91.12813
1980-11-07,90.64235
1980-11-08,84.485
1980-11-09,86.672775
1980-11-10,89.987144
1980-11-11,89.13895
1980-11-12,82.3
1980-11-13,88.3675
1980-11-14,91.15
1980-11-15,87.944214
1980-11-16,82.272995
1980-11-17,81.833
1980-11-18,80.7995
1980-11-19,81.297
1980-11-20,79.3995
1980-11-21,78.779
1980-11-22,79.26
1980-11-23,80.432
1980-11-24,78.458496
1980-11-25,73.9705
1980-11-26,74.9075
1980-11-27,83.333
1980-11-28,91.060524
1980-11-29,85.90579
1980-11-30,91.77143
1980-12-01,89.28167
1980-12-02,87.87316
1980-12-03,84.404
1980-12-04,88.350525
1980-12-05,84.209
1980-12-06,75.3725
1980-12-07,89.68
1980-12-08,89.2315
1980-12-09,84.507996
1980-12-10,78.9695
1980-12-11,75.8505
1980-12-12,79.7695
1980-12-13,82.89
1980-12-14,85.637
1980-12-15,79.506996
1980-12-16,83.361
1980-12-17,85.46263
1980-12-18,90.17895
1980-12-19,87.733154
1980-12-20,87.91526
1980-12-21,90.5225
1980-12-22,92.38364
1980-12-23,90.057365
1980-12-24,87.1525
1980-12-25,89.837776
1980-12-26,93.78
1980-12-27,90.14091
1980-12-28,92.15462
1980-12-29,88.1075
1980-12-30,86.24947
1980-12-31,88.28
1981-01-01,81.0615
1981-01-02,78.645996
1981-01-03,72.368996
1981-01-04,80.9295
1981-01-05,84.9435
1981-01-06,77.8155
1981-01-07,85.7155
1981-01-08,77.357
1981-01-09,81.88
1981-01-10,78.8
1981-01-11,77.928
1981-01-12,80.4475
1981-01-13,77.3745
1981-01-14,87.65158
1981-01-15,82.804
1981-01-16,88.76889
1981-01-17,84.57
1981-01-18,84.2045
1981-01-19,84.284996
1981-01-20,86.360504
1981-01-21,91.16214
1981-01-22,91.89
1981-01-23,91.82286
1981-01-24,87.92438
1981-01-25,89.85167
1981-01-26,86.531
1981-01-27,80.583
1981-01-28,86.364
1981-01-29,87.5435
1981-01-30,86.06
1981-01-31,76.74555
1981-02-01,74.356
1981-02-02,72.568
1981-02-03,70.768
1981-02-04,74.383
1981-02-05,87.97
1981-02-06,89.39526
1981-02-07,86.13895
1981-02-08,89.335625
1981-02-09,80.117
1981-02-10,79.407
1981-02-11,78.464
1981-02-12,87.171
1981-02-13,84.249
1981-02-14,86.777
1981-02-15,81.303
1981-02-16,83.8555
1981-02-17,82.2005
1981-02-18,83.9275
1981-02-19,84.1195
1981-02-20,81.0095
1981-02-21,78.3365
1981-02-22,83.9125
1981-02-23,79.659
1981-02-24,74.8375
1981-02-25,71.872
1981-02-26,67.471
1981-02-27,73.0035
1981-02-28,73.957
1981-03-01,75.2445
1981-03-02,78.353
1981-03-03,88.11611
1981-03-04,92.67571
1981-03-05,84.776
1981-03-06,78.9355
1981-03-07,78.841995
1981-03-08,71.2725
1981-03-09,80.033
1981-03-10,72.617
1981-03-11,81.038
1981-03-12,77.2305
1981-03-13,90.745
1981-03-14,89.22
1981-03-15,76.098495
1981-03-16,84.7445
1981-03-17,79.6575
1981-03-18,86.32632
1981-03-19,92.976
1981-03-20,84.598495
1981-03-21,75.3105
1981-03-22,70.31
1981-03-23,68.623
1981-03-24,79.8675
1981-03-25,80.375
1981-03-26,73.057495
1981-03-27,75.7845
1981-03-28,65.965996
1981-03-29,66.8815
1981-03-30,64.0785
1981-03-31,60.224
1981-04-01,61.9085
1981-04-02,68.6125
1981-04-03,76.493
1981-04-04,66.6485
1981-04-05,63.538
1981-04-06,61.7735
1981-04-07,59.704998
1981-04-08,60.513
1981-04-09,54.2985
1981-04-10,78.184
1981-04-11,85.3575
1981-04-12,70.0925
1981-04-13,62.018497
1981-04-14,53.9785
1981-04-15,44.4885
1981-04-16,50.949497
1981-04-17,76.561
1981-04-18,91.615
1981-04-19,90.46111
1981-04-20,74.5185
1981-04-21,65.8185
1981-04-22,57.573498
1981-04-23,73.7605
1981-04-24,71.47
1981-04-25,82.2895
1981-04-26,78.8065
1981-04-27,74.536995
1981-04-28,73.5615
1981-04-29,65.9675
1981-04-30,72.9545
1981-05-01,63.2465
1981-05-02,68.3365
1981-05-03,71.9655
1981-05-04,73.709
1981-05-05,87.54632
1981-05-06,82.902
1981-05-07,80.2585
1981-05-08,85.154
1981-05-09,78.024
1981-05-10,72.256
1981-05-11,67.274
1981-05-12,79.2685
1981-05-13,81.236
1981-05-14,78.777
1981-05-15,69.2305
1981-05-16,66.8775
1981-05-17,67.5445
1981-05-18,71.368
1981-05-19,64.298
1981-05-20,68.5205
1981-05-21,75.711494
1981-05-22,65.557
1981-05-23,65.6685
1981-05-24,63.065
1981-05-25,56.487
1981-05-26,53.5825
1981-05-27,46.896
1981-05-28,76.149
1981-05-29,75.75
1981-05-30,68.318
1981-05-31,69.775
1981-06-01,69.3665
1981-06-02,70.2895
1981-06-03,62.017498
1981-06-04,63.3965
1981-06-05,77.58
1981-06-06,78.408
1981-06-07,84.2355
1981-06-08,79.5815
1981-06-09,73.2905
1981-06-10,81.294
1981-06-11,90.5075
1981-06-12,76.821
1981-06-13,72.522
1981-06-14,68.0785
1981-06-15,79.2815
1981-06-16,77.6775
1981-06-17,78.2315
1981-06-18,84.392
1981-06-19,85.579475
1981-06-20,73.624
1981-06-21,88.107895
1981-06-22,86.10555
1981-06-23,87.53368
1981-06-24,76.375496
1981-06-25,72.1325
1981-06-26,69.469
1981-06-27,71.1355
1981-06-28,67.038
1981-06-29,62.567497
1981-06-30,67.334
1981-07-01,64.692
1981-07-02,58.5565
1981-07-03,59.413998
1981-07-04,77.1235
1981-07-05,71.267
1981-07-06,66.645996
1981-07-07,66.5465
1981-07-08,70.2525
1981-07-09,72.1005
1981-07-10,83.3375
1981-07-11,72.4805
1981-07-12,74.1295
1981-07-13,75.548996
1981-07-14,69.3515
1981-07-15,80.9695
1981-07-16,73.927
1981-07-17,62.788
1981-07-18,47.263
1981-07-19,54.153
1981-07-20,75.6425
1981-07-21,76.7605
1981-07-22,69.135
1981-07-23,58.555
1981-07-24,54.658497
1981-07-25,55.499
1981-07-26,71.5135
1981-07-27,77.554
1981-07-28,86.3855
1981-07-29,88.636
1981-07-30,80.638
1981-07-31,73.598495
1981-08-01,64.45
1981-08-02,64.419
1981-08-03,65.34
1981-08-04,68.6205
1981-08-05,68.0815
1981-08-06,63.8775
1981-08-07,62.0955
1981-08-08,58.981
1981-08-09,67.1575
1981-08-10,63.695496
1981-08-11,73.069
1981-08-12,76.3535
1981-08-13,80.5655
1981-08-14,77.667496
1981-08-15,78.6715
1981-08-16,69.045
1981-08-17,69.708
1981-08-18,78.3945
1981-08-19,72.304
1981-08-20,57.531998
1981-08-21,61.3955
1981-08-22,82.534
1981-08-23,71.276
1981-08-24,81.9815
1981-08-25,86.2565
1981-08-26,73.820496
1981-08-27,78.8805
1981-08-28,84.208
1981-08-29,67.959
1981-08-30,75.5375
1981-08-31,73.029495
1981-09-01,70.8095
1981-09-02,82.371
1981-09-03,79.58
1981-09-04,84.451
1981-09-05,81.572
1981-09-06,79.9245
1981-09-07,78.1155
1981-09-08,74.659
1981-09-09,77.73
1981-09-10,76.891495
1981-09-11,84.5815
1981-09-12,84.973
1981-09-13,79.3695
1981-09-14,82.481995
1981-09-15,85.907
1981-09-16,76.236496
1981-09-17,80.6785
1981-09-18,69.897
1981-09-19,69.642
1981-09-20,81.0845
1981-09-21,66.2985
1981-09-22,69.6995
1981-09-23,65.211
1981-09-24,80.4365
1981-09-25,83.4215
1981-09-26,77.191
1981-09-27,72.122
1981-09-28,69.79
1981-09-29,87.44333
1981-09-30,89.34684
1981-10-01,89.85555
1981-10-02,83.0405
1981-10-03,78.4755
1981-10-04,75.088
1981-10-05,74.593
1981-10-06,77.070496
1981-10-07,72.962
1981-10-08,74.0055
1981-10-09,76.141
1981-10-10,72.848495
1981-10-11,76.364
1981-10-12,77.9655
1981-10-13,90.27375
1981-10-14,80.552
1981-10-15,79.0775
1981-10-16,85.987366
1981-10-17,81.1245
1981-10-18,74.682
1981-10-19,86.5355
1981-10-20,76.915
1981-10-21,76.3725
1981-10-22,71.75
1981-10-23,82.7825
1981-10-24,91.95416
1981-10-25,84.8035
1981-10-26,72.7335
1981-10-27,78.4355
1981-10-28,84.4945
1981-10-29,75.529
1981-10-30,77.29
1981-10-31,80.608
1981-11-01,68.4235
1981-11-02,70.0305
1981-11-03,54.2785
1981-11-04,67.4765
1981-11-05,71.390495
1981-11-06,84.36579
1981-11-07,79.67
1981-11-08,85.98789
1981-11-09,91.81084
1981-11-10,87.611
1981-11-11,81.87947
1981-11-12,79.4365
1981-11-13,84.437
1981-11-14,86.3035
1981-11-15,92.79
1981-11-16,90.96636
1981-11-17,85.952225
1981-11-18,83.2125
1981-11-19,80.905
1981-11-20,89.05778
1981-11-21,87.98688
1981-11-22,81.349
1981-11-23,73.9475
1981-11-24,77.887
1981-11-25,72.056
1981-11-26,77.7615
1981-11-27,86.4295
1981-11-28,79.502
1981-11-29,92.83667
1981-11-30,88.52421
1981-12-01,86.718
1981-12-02,94.2
1981-12-03,90.49
1981-12-04,91.93285
1981-12-05,90.575714
1981-12-06,81.550995
1981-12-07,86.592
1981-12-08,82.964
1981-12-09,80.4845
1981-12-10,84.693
1981-12-11,87.72263
1981-12-12,89.19833
1981-12-13,89.958885
1981-12-14,82.55368
1981-12-15,91.11667
1981-12-16,91.25533
1981-12-17,85.636
1981-12-18,77.2435
1981-12-19,86.44278
1981-12-20,89.01833
1981-12-21,79.80368
1981-12-22,77.847
1981-12-23,87.5485
1981-12-24,91.78647
1981-12-25,92.914
1981-12-26,94.098
1981-12-27,91.810905
1981-12-28,90.006
1981-12-29,83.581
1981-12-30,87.27385
1981-12-31,76.9815
1982-01-01,82.841995
1982-01-02,90.668
1982-01-03,86.295555
1982-01-04,80.9145
1982-01-05,82.3515
1982-01-06,85.49167
1982-01-07,80.456
1982-01-08,72.9075
1982-01-09,70.904
1982-01-10,83.8045
1982-01-11,83.52947
1982-01-12,87.84059
1982-01-13,86.643
1982-01-14,88.00684
1982-01-15,87.21
1982-01-16,87.047775
1982-01-17,88.51053
1982-01-18,89.43889
1982-01-19,89.515884
1982-01-20,89.204
1982-01-21,92.34214
1982-01-22,91.79667
1982-01-23,90.761246
1982-01-24,89.852356
1982-01-25,90.36579
1982-01-26,81.95
1982-01-27,85.509
1982-01-28,92.336426
1982-01-29,87.536316
1982-01-30,88.26118
1982-01-31,87.21167
1982-02-01,85.9005
1982-02-02,84.3405
1982-02-03,86.028946
1982-02-04,86.4385
1982-02-05,83.368996
1982-02-06,79.026
1982-02-07,79.7335
1982-02-08,76.741
1982-02-09,87.778885
1982-02-10,87.41631
1982-02-11,83.87
1982-02-12,82.945
1982-02-13,89.92105
1982-02-14,78.187996
1982-02-15,77.53
1982-02-16,82.7475
1982-02-17,78.105995
1982-02-18,82.482
1982-02-19,84.447
1982-02-20,83.826
1982-02-21,80.229996
1982-02-22,81.3085
1982-02-23,83.309
1982-02-24,89.097336
1982-02-25,93.098
1982-02-26,89.30923
1982-02-27,88.3075
1982-02-28,87.502
1982-03-01,82.714
1982-03-02,80.0895
1982-03-03,85.174446
1982-03-04,84.308
1982-03-05,86.609474
1982-03-06,91.235
1982-03-07,70.083
1982-03-08,69.227
1982-03-09,73.8835
1982-03-10,71.1445
1982-03-11,83.687996
1982-03-12,89.48368
1982-03-13,83.384
1982-03-14,92.85643
1982-03-15,92.23333
1982-03-16,89.505
1982-03-17,85.747
1982-03-18,77.609
1982-03-19,87.97235
1982-03-20,91.74812
1982-03-21,86.22053
1982-03-22,83.358
1982-03-23,76.217
1982-03-24,76.757996
1982-03-25,79.070496
1982-03-26,75.5035
1982-03-27,73.2115
1982-03-28,67.2295
1982-03-29,73.3865
1982-03-30,85.6735
1982-03-31,84.962
1982-04-01,73.750496
1982-04-02,58.0345
1982-04-03,57.954998
1982-04-04,67.1765
1982-04-05,59.4715
1982-04-06,52.0575
1982-04-07,48.5205
1982-04-08,54.857
1982-04-09,64.834
1982-04-10,66.182
1982-04-11,65.904
1982-04-12,77.649
1982-04-13,62.1075
1982-04-14,81.9755
1982-04-15,84.24
1982-04-16,93.748886
1982-04-17,85.669
1982-04-18,72.411
1982-04-19,79.0195
1982-04-20,77.6565
1982-04-21,80.779495
1982-04-22,79.901
1982-04-23,72.6665
1982-04-24,70.911995
1982-04-25,61.7435
1982-04-26,65.15
1982-04-27,80.3875
1982-04-28,84.853
1982-04-29,90.052666
1982-04-30,83.791
1982-05-01,49.436497
1982-05-02,71.0785
1982-05-03,55.434
1982-05-04,48.621998
1982-05-05,39.135498
1982-05-06,48.677998
1982-05-07,66.182495
1982-05-08,69.985
1982-05-09,69.11
1982-05-10,66.1665
1982-05-11,66.7155
1982-05-12,63.545998
1982-05-13,78.974
1982-05-14,82.816
1982-05-15,67.222
1982-05-16,61.101997
1982-05-17,61.100998
1982-05-18,52.6795
1982-05-19,56.717
1982-05-20,67.6885
1982-05-21,72.203
1982-05-22,76.181496
1982-05-23,67.974495
1982-05-24,64.1965
1982-05-25,88.8395
1982-05-26,80.932495
1982-05-27,79.445
1982-05-28,69.1225
1982-05-29,78.7505
1982-05-30,79.867
1982-05-31,68.297
1982-06-01,69.4365
1982-06-02,68.2075
1982-06-03,66.333496
1982-06-04,63.822
1982-06-05,61.1465
1982-06-06,63.6675
1982-06-07,68.3995
1982-06-08,69.0825
1982-06-09,65.795
1982-06-10,74.66
1982-06-11,66.499
1982-06-12,68.297
1982-06-13,78.5625
1982-06-14,85.94055
1982-06-15,64.9875
1982-06-16,65.3545
1982-06-17,78.363
1982-06-18,68.562996
1982-06-19,84.356
1982-06-20,75.526
1982-06-21,72.079
1982-06-22,78.8525
1982-06-23,76.7855
1982-06-24,67.2915
1982-06-25,70.834496
1982-06-26,68.631996
1982-06-27,66.801
1982-06-28,76.789
1982-06-29,62.352997
1982-06-30,77.8825
1982-07-01,71.3135
1982-07-02,65.7135
1982-07-03,53.3945
1982-07-04,66.28
1982-07-05,63.739
1982-07-06,57.821
1982-07-07,81.340996
1982-07-08,76.9215
1982-07-09,67.3415
1982-07-10,76.026
1982-07-11,91.85316
1982-07-12,90.14333
1982-07-13,91.41278
1982-07-14,84.464
1982-07-15,80.423
1982-07-16,71.147995
1982-07-17,71.0155
1982-07-18,65.8725
1982-07-19,71.722496
1982-07-20,73.425995
1982-07-21,70.959496
1982-07-22,70.9845
1982-07-23,71.554
1982-07-24,73.6925
1982-07-25,78.508995
1982-07-26,82.492
1982-07-27,91.10529
1982-07-28,89.24111
1982-07-29,82.13
1982-07-30,75.1155
1982-07-31,70.915
1982-08-01,81.333496
1982-08-02,82.4515
1982-08-03,73.2115
1982-08-04,70.997
1982-08-05,81.029
1982-08-06,80.176
1982-08-07,70.684
1982-08-08,77.8005
1982-08-09,78.393
1982-08-10,79.444
1982-08-11,80.5925
1982-08-12,76.735
1982-08-13,75.3
1982-08-14,74.951
1982-08-15,75.2215
1982-08-16,78.006996
1982-08-17,70.648
1982-08-18,84.3545
1982-08-19,78.469
1982-08-20,71.5745
1982-08-21,74.433495
1982-08-22,91.16842
1982-08-23,84.1665
1982-08-24,77.8795
1982-08-25,76.3215
1982-08-26,78.1765
1982-08-27,73.154
1982-08-28,65.104
1982-08-29,81.836
1982-08-30,88.7605
1982-08-31,86.84
1982-09-01,81.995
1982-09-02,77.678
1982-09-03,79.736
1982-09-04,74.370995
1982-09-05,69.424
1982-09-06,64.756996
1982-09-07,61.476498
1982-09-08,74.7055
1982-09-09,82.741
1982-09-10,83.125
1982-09-11,83.4795
1982-09-12,85.2445
1982-09-13,81.5865
1982-09-14,77.0955
1982-09-15,76.628
1982-09-16,77.6205
1982-09-17,79.817
1982-09-18,78.3645
1982-09-19,72.4435
1982-09-20,74.8375
1982-09-21,65.3505
1982-09-22,75.7265
1982-09-23,79.2355
1982-09-24,82.792496
1982-09-25,74.7715
1982-09-26,70.3865
1982-09-27,71.404
1982-09-28,77.334
1982-09-29,81.1815
1982-09-30,81.736496
1982-10-01,80.9815
1982-10-02,80.238
1982-10-03,91.42895
1982-10-04,91.715
1982-10-05,77.0515
1982-10-06,67.3025
1982-10-07,85.9875
1982-10-08,86.254
1982-10-09,86.9365
1982-10-10,86.749504
1982-10-11,85.4915
1982-10-12,80.371
1982-10-13,86.313156
1982-10-14,78.968
1982-10-15,87.71421
1982-10-16,90.83369
1982-10-17,85.3825
1982-10-18,79.8185
1982-10-19,85.502
1982-10-20,89.3421
1982-10-21,84.814
1982-10-22,82.237
1982-10-23,73.4295
1982-10-24,80.1145
1982-10-25,88.043335
1982-10-26,89.49
1982-10-27,87.833336
1982-10-28,87.64353
1982-10-29,82.4965
1982-10-30,77.8425
1982-10-31,83.3455
1982-11-01,90.392
1982-11-02,87.2035
1982-11-03,87.83158
1982-11-04,87.99579
1982-11-05,83.511055
1982-11-06,76.7555
1982-11-07,72.7625
1982-11-08,62.063
1982-11-09,52.896
1982-11-10,49.222
1982-11-11,65.303
1982-11-12,77.5445
1982-11-13,65.3305
1982-11-14,66.0045
1982-11-15,92.55286
1982-11-16,93.975
1982-11-17,93.11
1982-11-18,90.845
1982-11-19,89.375626
1982-11-20,88.10944
1982-11-21,87.018
1982-11-22,83.854004
1982-11-23,86.602104
1982-11-24,85.90947
1982-11-25,89.02167
1982-11-26,87.50263
1982-11-27,86.1825
1982-11-28,82.526
1982-11-29,87.60722
1982-11-30,92.156876
1982-12-01,86.6135
1982-12-02,85.7355
1982-12-03,87.9735
1982-12-04,85.29316
1982-12-05,87.37
1982-12-06,85.3105
1982-12-07,85.4225
1982-12-08,79.712
1982-12-09,76.866
1982-12-10,72.504
1982-12-11,86.48278
1982-12-12,91.61692
1982-12-13,87.98353
1982-12-14,93.156
1982-12-15,89.68
1982-12-16,84.554
1982-12-17,86.6775
1982-12-18,69.160995
1982-12-19,91.144615
1982-12-20,88.723335
1982-12-21,83.919
1982-12-22,87.463684
1982-12-23,86.7721
1982-12-24,92.645996
1982-12-25,91.898
1982-12-26,92.029
1982-12-27,90.57474
1982-12-28,89.71737
1982-12-29,88.32
1982-12-30,87.08235
1982-12-31,84.623886
1983-01-01,85.823685
1983-01-02,90.91579
1983-01-03,89.1795
1983-01-04,87.08111
1983-01-05,81.9545
1983-01-06,89.87526
1983-01-07,83.6245
1983-01-08,86.4915
1983-01-09,90.08945
1983-01-10,79.9575
1983-01-11,79.4275
1983-01-12,82.3605
1983-01-13,86.187
1983-01-14,83.5865
1983-01-15,88.6235
1983-01-16,85.21684
1983-01-17,88.18421
1983-01-18,74.595
1983-01-19,78.502
1983-01-20,81.9375
1983-01-21,78.062996
1983-01-22,85.609
1983-01-23,84.9025
1983-01-24,84.593
1983-01-25,87.12278
1983-01-26,81.5595
1983-01-27,80.5485
1983-01-28,68.3795
1983-01-29,73.7765
1983-01-30,74.626495
1983-01-31,77.0495
1983-02-01,71.0825
1983-02-02,74.853
1983-02-03,78.8105
1983-02-04,81.423996
1983-02-05,83.14
1983-02-06,70.5475
1983-02-07,78.9845
1983-02-08,86.1065
1983-02-09,86.514496
1983-02-10,86.876
1983-02-11,80.765495
1983-02-12,79.534
1983-02-13,74.1725
1983-02-14,77.8955
1983-02-15,88.511
1983-02-16,88.6015
1983-02-17,79.032
1983-02-18,85.9765
1983-02-19,80.9995
1983-02-20,82.7245
1983-02-21,75.973
1983-02-22,75.931
1983-02-23,78.976
1983-02-24,78.0445
1983-02-25,78.182
1983-02-26,64.8055
1983-02-27,62.8915
1983-02-28,82.8035
1983-03-01,89.23889
1983-03-02,88.481766
1983-03-03,78.3965
1983-03-04,80.098495
1983-03-05,79.923996
1983-03-06,73.153496
1983-03-07,62.1255
1983-03-08,73.02
1983-03-09,62.53
1983-03-10,59.322998
1983-03-11,54.920498
1983-03-12,53.170998
1983-03-13,68.953
1983-03-14,58.015
1983-03-15,48.516
1983-03-16,46.7185
1983-03-17,55.822
1983-03-18,55.4405
1983-03-19,74.5815
1983-03-20,80.987
1983-03-21,73.2675
1983-03-22,57.147
1983-03-23,66.265
1983-03-24,53.209
1983-03-25,68.02
1983-03-26,84.229
1983-03-27,89.5915
1983-03-28,70.0315
1983-03-29,54.405
1983-03-30,62.218998
1983-03-31,70.6
1983-04-01,79.62
1983-04-02,76.5125
1983-04-03,71.7955
1983-04-04,79.666
1983-04-05,71.2315
1983-04-06,79.4585
1983-04-07,61.926
1983-04-08,60.553497
1983-04-09,64.856
1983-04-10,71.254
1983-04-11,60.09
1983-04-12,53.0505
1983-04-13,90.973
1983-04-14,79.588
1983-04-15,82.82445
1983-04-16,75.5345
1983-04-17,69.503
1983-04-18,61.702
1983-04-19,69.250496
1983-04-20,72.5945
1983-04-21,65.9285
1983-04-22,76.903
1983-04-23,71.3885
1983-04-24,69.8255
1983-04-25,62.4035
1983-04-26,58.1315
1983-04-27,61.697998
1983-04-28,62.7675
1983-04-29,74.2725
1983-04-30,74.9345
1983-05-01,56.882
1983-05-02,76.523
1983-05-03,65.242
1983-05-04,62.899
1983-05-05,71.195496
1983-05-06,67.4425
1983-05-07,70.224
1983-05-08,72.9945
1983-05-09,74.5785
1983-05-10,90.0975
1983-05-11,76.1605
1983-05-12,58.8275
1983-05-13,58.8615
1983-05-14,60.7725
1983-05-15,58.8575
1983-05-16,49.627
1983-05-17,56.287
1983-05-18,66.725
1983-05-19,64.1565
1983-05-20,65.72
1983-05-21,58.635
1983-05-22,58.400497
1983-05-23,62.3885
1983-05-24,81.686
1983-05-25,62.1165
1983-05-26,73.139496
1983-05-27,71.819
1983-05-28,72.556496
1983-05-29,75.1015
1983-05-30,82.4265
1983-05-31,72.3585
1983-06-01,63.9935
1983-06-02,61.992
1983-06-03,66.9775
1983-06-04,61.649
1983-06-05,57.058
1983-06-06,70.972
1983-06-07,77.639496
1983-06-08,59.3425
1983-06-09,58.035
1983-06-10,65.588
1983-06-11,66.6905
1983-06-12,81.218
1983-06-13,84.1465
1983-06-14,87.32421
1983-06-15,82.837
1983-06-16,92.404
1983-06-17,91.746
1983-06-18,88.8745
1983-06-19,85.05
1983-06-20,84.078
1983-06-21,76.6035
1983-06-22,78.723
1983-06-23,78.9655
1983-06-24,69.5305
1983-06-25,57.553
1983-06-26,67.324
1983-06-27,63.332
1983-06-28,78.3085
1983-06-29,82.281
1983-06-30,84.31263
1983-07-01,77.3255
1983-07-02,83.8915
1983-07-03,77.9895
1983-07-04,75.766495
1983-07-05,68.139496
1983-07-06,64.0055
1983-07-07,64.151
1983-07-08,75.136
1983-07-09,78.317
1983-07-10,71.622
1983-07-11,76.8715
1983-07-12,78.8665
1983-07-13,84.74
1983-07-14,77.493996
1983-07-15,74.1755
1983-07-16,74.5965
1983-07-17,74.3795
1983-07-18,73.714
1983-07-19,61.4285
1983-07-20,68.439
1983-07-21,76.891
1983-07-22,67.243
1983-07-23,67.418
1983-07-24,67.5585
1983-07-25,78.595
1983-07-26,68.407
1983-07-27,63.414497
1983-07-28,63.6555
1983-07-29,72.152
1983-07-30,79.256
1983-07-31,72.6215
1983-08-01,67.194
1983-08-02,63.23
1983-08-03,63.4325
1983-08-04,84.08053
1983-08-05,72.946495
1983-08-06,66.2815
1983-08-07,73.887
1983-08-08,77.9065
1983-08-09,77.6565
1983-08-10,74.9935
1983-08-11,75.372
1983-08-12,74.0735
1983-08-13,69.2425
1983-08-14,70.93
1983-08-15,64.9055
1983-08-16,55.6955
1983-08-17,55.1985
1983-08-18,64.9935
1983-08-19,67.0825
1983-08-20,65.346
1983-08-21,68.111
1983-08-22,64.6685
1983-08-23,63.975
1983-08-24,60.2045
1983-08-25,67.073
1983-08-26,65.459496
1983-08-27,63.302
1983-08-28,55.5915
1983-08-29,58.8435
1983-08-30,72.255
1983-08-31,66.0345
1983-09-01,58.726498
1983-09-02,58.34
1983-09-03,45.14
1983-09-04,87.84
1983-09-05,85.2425
1983-09-06,76.1165
1983-09-07,75.3025
1983-09-08,68.1105
1983-09-09,49.898
1983-09-10,45.364
1983-09-11,44.907997
1983-09-12,68.9415
1983-09-13,75.1735
1983-09-14,65.3735
1983-09-15,57.706497
1983-09-16,53.267498
1983-09-17,58.1035
1983-09-18,92.966
1983-09-19,91.79647
1983-09-20,85.375496
1983-09-21,78.973
1983-09-22,75.194
1983-09-23,66.333496
1983-09-24,65.099
1983-09-25,72.4795
1983-09-26,84.403
1983-09-27,80.0525
1983-09-28,76.339
1983-09-29,75.362
1983-09-30,71.3185
1983-10-01,77.139
1983-10-02,72.142
1983-10-03,71.0785
1983-10-04,76.081
1983-10-05,71.5755
1983-10-06,74.386
1983-10-07,62.304497
1983-10-08,66.9
1983-10-09,76.9375
1983-10-10,65.388
1983-10-11,60.588997
1983-10-12,83.7415
1983-10-13,71.801
1983-10-14,61.934498
1983-10-15,58.5965
1983-10-16,58.7285
1983-10-17,60.489
1983-10-18,89.436
1983-10-19,83.631996
1983-10-20,78.145996
1983-10-21,76.9935
1983-10-22,75.991
1983-10-23,77.764
1983-10-24,73.3835
1983-10-25,89.23053
1983-10-26,79.312996
1983-10-27,83.684
1983-10-28,77.602
1983-10-29,82.107
1983-10-30,86.4095
1983-10-31,81.394
1983-11-01,92.098236
1983-11-02,85.249
1983-11-03,84.9775
1983-11-04,78.8675
1983-11-05,88.233
1983-11-06,83.859375
1983-11-07,87.16428
1983-11-08,88.42923
1983-11-09,89.169334
1983-11-10,91.21875
1983-11-11,87.18647
1983-11-12,69.2375
1983-11-13,72.4665
1983-11-14,81.7145
1983-11-15,83.798996
1983-11-16,76.7985
1983-11-17,73.5775
1983-11-18,80.0155
1983-11-19,83.679474
1983-11-20,85.9525
1983-11-21,83.0755
1983-11-22,79.3175
1983-11-23,76.8325
1983-11-24,79.811
1983-11-25,74.584
1983-11-26,77.131996
1983-11-27,74.6755
1983-11-28,88.93166
1983-11-29,84.38722
1983-11-30,85.346
1983-12-01,86.89158
1983-12-02,86.8
1983-12-03,87.34625
1983-12-04,90.21333
1983-12-05,88.53824
1983-12-06,90.9975
1983-12-07,91.74364
1983-12-08,92.60846
1983-12-09,92.82857
1983-12-10,91.035
1983-12-11,92.056366
1983-12-12,88.228
1983-12-13,84.8885
1983-12-14,85.36158
1983-12-15,90.052
1983-12-16,83.086845
1983-12-17,84.518
1983-12-18,89.81067
1983-12-19,80.6805
1983-12-20,79.941
1983-12-21,87.2485
1983-12-22,85.6735
1983-12-23,90.47
1983-12-24,89.76353
1983-12-25,86.914
1983-12-26,82.46
1983-12-27,89.94334
1983-12-28,82.13944
1983-12-29,80.5055
1983-12-30,87.84529
1983-12-31,82.8625
1984-01-01,73.508995
1984-01-02,64.5255
1984-01-03,73.5815
1984-01-04,80.187996
1984-01-05,89.752945
1984-01-06,93.06545
1984-01-07,90.97437
1984-01-08,90.10571
1984-01-09,90.23
1984-01-10,90.99
1984-01-11,90.3475
1984-01-12,89.42563
1984-01-13,91.95
1984-01-14,85.179
1984-01-15,86.536
1984-01-16,89.98882
1984-01-17,81.1755
1984-01-18,86.273
1984-01-19,87.2555
1984-01-20,89.15
1984-01-21,84.79158
1984-01-22,84.392
1984-01-23,89.91263
1984-01-24,87.63944
1984-01-25,92.179
1984-01-26,91.97222
1984-01-27,86.74222
1984-01-28,88.8665
1984-01-29,87.687225
1984-01-30,91.572
1984-01-31,88.3465
1984-02-01,88.1925
1984-02-02,88.15059
1984-02-03,89.4965
1984-02-04,91.15357
1984-02-05,90.37889
1984-02-06,90.07867
1984-02-07,83.6355
1984-02-08,82.662
1984-02-09,92.34091
1984-02-10,93.433334
1984-02-11,89.40667
1984-02-12,87.34
1984-02-13,88.2985
1984-02-14,89.85563
1984-02-15,87.76556
1984-02-16,86.43842
1984-02-17,87.659
1984-02-18,89.53421
1984-02-19,89.819496
1984-02-20,88.4575
1984-02-21,91.956154
1984-02-22,87.3679
1984-02-23,84.57263
1984-02-24,86.27
1984-02-25,85.72316
1984-02-26,83.935265
1984-02-27,87.817
1984-02-28,90.71364
1984-02-29,89.28438
1984-03-01,88.39842
1984-03-02,89.422356
1984-03-03,91.78273
1984-03-04,91.548996
1984-03-05,92.88308
1984-03-06,93.6675
1984-03-07,90.967896
1984-03-08,83.9555
1984-03-09,86.226
1984-03-10,87.334496
1984-03-11,88.9155
1984-03-12,90.0879
1984-03-13,88.9925
1984-03-14,85.856
1984-03-15,79.511
1984-03-16,79.248
1984-03-17,80.998
1984-03-18,74.8845
1984-03-19,72.9015
1984-03-20,68.249
1984-03-21,65.7755
1984-03-22,85.566
1984-03-23,90.13563
1984-03-24,85.5105
1984-03-25,68.793
1984-03-26,67.3505
1984-03-27,83.7805
1984-03-28,61.7415
1984-03-29,47.560997
1984-03-30,69.6595
1984-03-31,83.64895
1984-04-01,53.994
1984-04-02,39.435497
1984-04-03,58.613
1984-04-04,77.318
1984-04-05,82.637
1984-04-06,63.8325
1984-04-07,67.019
1984-04-08,83.3565
1984-04-09,84.5755
1984-04-10,82.58947
1984-04-11,77.998
1984-04-12,78.2175
1984-04-13,84.885
1984-04-14,77.876495
1984-04-15,62.382
1984-04-16,49.349
1984-04-17,63.05
1984-04-18,81.778
1984-04-19,71.576996
1984-04-20,56.861
1984-04-21,58.8335
1984-04-22,74.626495
1984-04-23,69.858
1984-04-24,85.8735
1984-04-25,79.1205
1984-04-26,76.208
1984-04-27,82.201
1984-04-28,71.1865
1984-04-29,68.5625
1984-04-30,65.802
1984-05-01,71.342
1984-05-02,81.2835
1984-05-03,71.742
1984-05-04,66.5245
1984-05-05,62.68
1984-05-06,70.9205
1984-05-07,61.7085
1984-05-08,74.4805
1984-05-09,87.841
1984-05-10,87.597496
1984-05-11,90.05947
1984-05-12,90.25053
1984-05-13,87.97
1984-05-14,88.384445
1984-05-15,64.591
1984-05-16,63.581997
1984-05-17,70.3695
1984-05-18,68.871
1984-05-19,54.5905
1984-05-20,57.3435
1984-05-21,62.918
1984-05-22,65.666
1984-05-23,76.029495
1984-05-24,79.3175
1984-05-25,72.288
1984-05-26,77.7915
1984-05-27,67.2415
1984-05-28,72.574
1984-05-29,72.3855
1984-05-30,80.152
1984-05-31,73.699
1984-06-01,82.006996
1984-06-02,71.267
1984-06-03,64.7295
1984-06-04,72.422
1984-06-05,55.226498
1984-06-06,61.774998
1984-06-07,72.412
1984-06-08,76.0365
1984-06-09,79.21
1984-06-10,73.8105
1984-06-11,60.406
1984-06-12,71.7545
1984-06-13,64.654
1984-06-14,56.2365
1984-06-15,72.081
1984-06-16,71.277
1984-06-17,71.9025
1984-06-18,69.7675
1984-06-19,65.2825
1984-06-20,64.8455
1984-06-21,63.402
1984-06-22,73.552
1984-06-23,81.4535
1984-06-24,80.3015
1984-06-25,72.2525
1984-06-26,71.222496
1984-06-27,64.3225
1984-06-28,53.8205
1984-06-29,66.875496
1984-06-30,66.8675
1984-07-01,63.8825
1984-07-02,67.257996
1984-07-03,73.035995
1984-07-04,79.996
1984-07-05,74.1865
1984-07-06,76.7185
1984-07-07,81.5805
1984-07-08,82.451
1984-07-09,70.6705
1984-07-10,65.3305
1984-07-11,58.271
1984-07-12,57.22
1984-07-13,63.080997
1984-07-14,63.2455
1984-07-15,58.841
1984-07-16,59.565
1984-07-17,77.473
1984-07-18,78.6715
1984-07-19,67.1645
1984-07-20,74.727
1984-07-21,69.3735
1984-07-22,66.0555
1984-07-23,58.489998
1984-07-24,64.9925
1984-07-25,66.805
1984-07-26,68.534996
1984-07-27,84.1835
1984-07-28,82.419
1984-07-29,73.8745
1984-07-30,75.576996
1984-07-31,67.598
1984-08-01,62.7945
1984-08-02,79.3875
1984-08-03,74.984
1984-08-04,69.2435
1984-08-05,68.865
1984-08-06,61.682
1984-08-07,64.069
1984-08-08,71.071
1984-08-09,57.91
1984-08-10,58.1375
1984-08-11,69.602
1984-08-12,78.794495
1984-08-13,78.96
1984-08-14,72.125
1984-08-15,72.7435
1984-08-16,77.054
1984-08-17,75.446495
1984-08-18,74.117
1984-08-19,74.0795
1984-08-20,77.2755
1984-08-21,80.85
1984-08-22,75.779495
1984-08-23,70.834
1984-08-24,58.9735
1984-08-25,79.2135
1984-08-26,88.833
1984-08-27,76.917
1984-08-28,73.673996
1984-08-29,71.5375
1984-08-30,71.440994
1984-08-31,71.199
1984-09-01,73.449
1984-09-02,71.9805
1984-09-03,69.3125
1984-09-04,64.5885
1984-09-05,63.575
1984-09-06,61.0615
1984-09-07,69.3275
1984-09-08,73.4665
1984-09-09,72.2475
1984-09-10,58.573997
1984-09-11,79.241
1984-09-12,69.6145
1984-09-13,62.262
1984-09-14,64.954
1984-09-15,66.058
1984-09-16,74.938
1984-09-17,83.6585
1984-09-18,80.509
1984-09-19,72.3005
1984-09-20,71.041
1984-09-21,80.473
1984-09-22,82.147
1984-09-23,68.583
1984-09-24,69.038
1984-09-25,82.0895
1984-09-26,85.803
1984-09-27,84.7745
1984-09-28,76.799995
1984-09-29,78.7915
1984-09-30,74.229996
1984-10-01,67.736496
1984-10-02,78.098
1984-10-03,73.0615
1984-10-04,76.17
1984-10-05,62.782497
1984-10-06,67.079
1984-10-07,87.917366
1984-10-08,85.5755
1984-10-09,76.7135
1984-10-10,76.628
1984-10-11,72.943
1984-10-12,81.6615
1984-10-13,80.020996
1984-10-14,76.871
1984-10-15,73.943
1984-10-16,79.958496
1984-10-17,78.548
1984-10-18,65.015495
1984-10-19,65.4145
1984-10-20,62.5785
1984-10-21,73.4955
1984-10-22,75.4295
1984-10-23,73.946495
1984-10-24,80.679
1984-10-25,77.3255
1984-10-26,76.118
1984-10-27,79.748
1984-10-28,84.859
1984-10-29,91.439285
1984-10-30,88.68166
1984-10-31,87.746315
1984-11-01,83.12579
1984-11-02,88.367
1984-11-03,80.6295
1984-11-04,87.361115
1984-11-05,87.20895
1984-11-06,86.9925
1984-11-07,84.5645
1984-11-08,88.528824
1984-11-09,89.49177
1984-11-10,89.952354
1984-11-11,87.306496
1984-11-12,83.426
1984-11-13,77.391
1984-11-14,75.458
1984-11-15,76.236496
1984-11-16,87.95052
1984-11-17,86.89111
1984-11-18,90.581764
1984-11-19,93.698
1984-11-20,93.85667
1984-11-21,94.20182
1984-11-22,90.386314
1984-11-23,79.812
1984-11-24,67.811
1984-11-25,75.481
1984-11-26,83.3495
1984-11-27,89.468185
1984-11-28,86.2165
1984-11-29,84.316
1984-11-30,83.224
1984-12-01,78.9
1984-12-02,80.84
1984-12-03,81.778496
1984-12-04,82.1845
1984-12-05,84.1105
1984-12-06,91.33733
1984-12-07,89.03842
1984-12-08,89.20789
1984-12-09,88.59684
1984-12-10,86.846664
1984-12-11,87.03529
1984-12-12,82.478
1984-12-13,84.40894
1984-12-14,85.10579
1984-12-15,87.54833
1984-12-16,86.170586
1984-12-17,87.1205
1984-12-18,85.5495
1984-12-19,88.8735
1984-12-20,92.70333
1984-12-21,91.25833
1984-12-22,92.81
1984-12-23,92.20333
1984-12-24,91.17687
1984-12-25,92.18166
1984-12-26,91.842354
1984-12-27,89.84947
1984-12-28,89.24733
1984-12-29,93.87334
1984-12-30,89.493
1984-12-31,90.13778
1985-01-01,90.611496
1985-01-02,90.10737
1985-01-03,87.38111
1985-01-04,86.4765
1985-01-05,89.27875
1985-01-06,87.3495
1985-01-07,87.48
1985-01-08,89.83
1985-01-09,85.9085
1985-01-10,89.4595
1985-01-11,87.863686
1985-01-12,83.857
1985-01-13,79.001
1985-01-14,79.777
1985-01-15,81.472
1985-01-16,78.559
1985-01-17,80.617
1985-01-18,84.79053
1985-01-19,88.973526
1985-01-20,89.2975
1985-01-21,84.751
1985-01-22,85.2
1985-01-23,84.2205
1985-01-24,81.095
1985-01-25,79.109
1985-01-26,79.2855
1985-01-27,86.2445
1985-01-28,84.924736
1985-01-29,85.7765
1985-01-30,79.438
1985-01-31,85.03167
1985-02-01,88.793526
1985-02-02,86.221
1985-02-03,78.5765
1985-02-04,79.3845
1985-02-05,82.08316
1985-02-06,80.8035
1985-02-07,84.0885
1985-02-08,76.2565
1985-02-09,88.77
1985-02-10,85.9785
1985-02-11,87.375
1985-02-12,86.75895
1985-02-13,79.194496
1985-02-14,83.565
1985-02-15,80.3045
1985-02-16,83.149
1985-02-17,77.6645
1985-02-18,78.014496
1985-02-19,77.096
1985-02-20,84.2615
1985-02-21,78.929
1985-02-22,79.2345
1985-02-23,78.515
1985-02-24,91.342
1985-02-25,88.405
1985-02-26,85.235
1985-02-27,84.36722
1985-02-28,79.9855
1985-03-01,88.2345
1985-03-02,84.606
1985-03-03,86.3165
1985-03-04,90.04429
1985-03-05,89.08111
1985-03-06,88.595
1985-03-07,87.575294
1985-03-08,90.22294
1985-03-09,92.428
1985-03-10,90.98882
1985-03-11,84.708496
1985-03-12,80.562
1985-03-13,77.425
1985-03-14,78.3295
1985-03-15,89.72053
1985-03-16,91.66
1985-03-17,83.798
1985-03-18,78.9675
1985-03-19,87.908424
1985-03-20,93.62572
1985-03-21,84.75
1985-03-22,85.235
1985-03-23,89.82412
1985-03-24,88.47948
1985-03-25,92.566246
1985-03-26,86.5225
1985-03-27,81.7695
1985-03-28,83.86389
1985-03-29,79.3965
1985-03-30,77.035995
1985-03-31,58.5645
1985-04-01,64.2015
1985-04-02,65.156
1985-04-03,65.672
1985-04-04,62.189
1985-04-05,47.277996
1985-04-06,41.017998
1985-04-07,76.4595
1985-04-08,57.675
1985-04-09,50.0
1985-04-10,58.6095
1985-04-11,71.653496
1985-04-12,69.397
1985-04-13,88.57474
1985-04-14,53.304497
1985-04-15,76.251
1985-04-16,86.5875
1985-04-17,84.884
1985-04-18,80.3825
1985-04-19,78.8455
1985-04-20,73.2855
1985-04-21,65.08
1985-04-22,63.018
1985-04-23,60.1345
1985-04-24,76.708496
1985-04-25,69.2575
1985-04-26,75.498
1985-04-27,69.8985
1985-04-28,68.6735
1985-04-29,88.06737
1985-04-30,70.709
1985-05-01,66.387
1985-05-02,60.072
1985-05-03,70.689
1985-05-04,75.812996
1985-05-05,66.2745
1985-05-06,65.272995
1985-05-07,65.338
1985-05-08,61.8895
1985-05-09,79.1475
1985-05-10,81.0645
1985-05-11,82.4235
1985-05-12,76.077995
1985-05-13,73.1975
1985-05-14,69.806
1985-05-15,73.865
1985-05-16,71.6465
1985-05-17,76.9295
1985-05-18,75.4285
1985-05-19,64.7255
1985-05-20,72.7415
1985-05-21,78.1275
1985-05-22,80.4655
1985-05-23,72.732
1985-05-24,70.1425
1985-05-25,62.174
1985-05-26,63.64
1985-05-27,60.7585
1985-05-28,59.486
1985-05-29,66.435
1985-05-30,71.733
1985-05-31,74.2355
1985-06-01,81.4765
1985-06-02,82.125
1985-06-03,86.7895
1985-06-04,81.0105
1985-06-05,69.958
1985-06-06,64.354996
1985-06-07,64.868
1985-06-08,64.676994
1985-06-09,81.523
1985-06-10,59.53
1985-06-11,77.317
1985-06-12,66.203995
1985-06-13,56.101997
1985-06-14,54.9385
1985-06-15,71.925
1985-06-16,54.7935
1985-06-17,76.2185
1985-06-18,71.073
1985-06-19,65.822
1985-06-20,68.705
1985-06-21,89.3855
1985-06-22,75.9335
1985-06-23,81.82
1985-06-24,83.742
1985-06-25,79.608
1985-06-26,67.3075
1985-06-27,70.825
1985-06-28,78.3275
1985-06-29,70.914
1985-06-30,73.4615
1985-07-01,65.4665
1985-07-02,71.9215
1985-07-03,76.917
1985-07-04,67.685
1985-07-05,63.775497
1985-07-06,61.365997
1985-07-07,64.2705
1985-07-08,67.9025
1985-07-09,74.6885
1985-07-10,68.969
1985-07-11,82.312
1985-07-12,73.668
1985-07-13,71.853
1985-07-14,69.509
1985-07-15,64.939
1985-07-16,69.6785
1985-07-17,69.268
1985-07-18,77.928
1985-07-19,69.5645
1985-07-20,67.559
1985-07-21,72.269
1985-07-22,66.092995
1985-07-23,61.129498
1985-07-24,60.189
1985-07-25,67.4235
1985-07-26,57.837498
1985-07-27,58.630497
1985-07-28,59.542
1985-07-29,57.7925
1985-07-30,60.253
1985-07-31,62.5955
1985-08-01,64.714
1985-08-02,73.148
1985-08-03,73.821495
1985-08-04,66.318
1985-08-05,63.242
1985-08-06,39.838497
1985-08-07,75.754
1985-08-08,80.298
1985-08-09,80.3325
1985-08-10,65.8515
1985-08-11,71.993
1985-08-12,62.9865
1985-08-13,63.267
1985-08-14,64.118
1985-08-15,63.161
1985-08-16,61.3205
1985-08-17,64.68
1985-08-18,67.782
1985-08-19,67.2135
1985-08-20,65.8395
1985-08-21,60.5845
1985-08-22,63.86
1985-08-23,64.9065
1985-08-24,58.3055
1985-08-25,54.003
1985-08-26,47.0565
1985-08-27,91.5853
1985-08-28,90.695
1985-08-29,92.12444
1985-08-30,90.53421
1985-08-31,84.7595
1985-09-01,75.945496
1985-09-02,77.8985
1985-09-03,69.073
1985-09-04,82.729996
1985-09-05,69.707
1985-09-06,70.4655
1985-09-07,66.2185
1985-09-08,59.213997
1985-09-09,79.316
1985-09-10,81.6375
1985-09-11,75.5965
1985-09-12,72.6505
1985-09-13,75.734
1985-09-14,69.5615
1985-09-15,62.253998
1985-09-16,66.11
1985-09-17,69.6475
1985-09-18,70.0935
1985-09-19,64.991
1985-09-20,67.04
1985-09-21,70.2175
1985-09-22,72.2465
1985-09-23,65.9125
1985-09-24,69.53
1985-09-25,72.279495
1985-09-26,70.889
1985-09-27,72.186
1985-09-28,71.4495
1985-09-29,69.237495
1985-09-30,67.829
1985-10-01,64.978
1985-10-02,62.6925
1985-10-03,63.397
1985-10-04,61.906498
1985-10-05,58.199997
1985-10-06,65.7875
1985-10-07,68.7865
1985-10-08,74.038
1985-10-09,74.3265
1985-10-10,76.873
1985-10-11,64.5025
1985-10-12,73.193
1985-10-13,66.537
1985-10-14,71.0925
1985-10-15,89.017
1985-10-16,88.91611
1985-10-17,79.815
1985-10-18,77.502
1985-10-19,82.741
1985-10-20,84.123
1985-10-21,76.1875
1985-10-22,64.7475
1985-10-23,85.761
1985-10-24,76.121
1985-10-25,81.636
1985-10-26,77.9165
1985-10-27,81.15631
1985-10-28,78.6915
1985-10-29,74.8025
1985-10-30,69.6465
1985-10-31,64.1555
1985-11-01,86.691
1985-11-02,88.59167
1985-11-03,79.1455
1985-11-04,82.974
1985-11-05,87.6065
1985-11-06,89.88556
1985-11-07,71.4405
1985-11-08,78.805
1985-11-09,65.6315
1985-11-10,71.64
1985-11-11,78.892
1985-11-12,82.376
1985-11-13,87.07895
1985-11-14,90.604706
1985-11-15,85.74421
1985-11-16,84.02842
1985-11-17,91.54786
1985-11-18,92.50285
1985-11-19,88.5965
1985-11-20,88.460526
1985-11-21,88.386665
1985-11-22,90.85
1985-11-23,91.031
1985-11-24,93.611664
1985-11-25,93.955
1985-11-26,92.104164
1985-11-27,93.39357
1985-11-28,90.505
1985-11-29,88.59055
1985-11-30,84.655
1985-12-01,89.4
1985-12-02,89.0875
1985-12-03,87.78368
1985-12-04,85.984
1985-12-05,83.541504
1985-12-06,73.9255
1985-12-07,72.338
1985-12-08,85.3795
1985-12-09,87.91052
1985-12-10,87.962
1985-12-11,93.24571
1985-12-12,89.4475
1985-12-13,89.81824
1985-12-14,89.50266
1985-12-15,88.3605
1985-12-16,82.8715
1985-12-17,79.5665
1985-12-18,73.474
1985-12-19,85.98263
1985-12-20,81.22895
1985-12-21,89.73294
1985-12-22,89.816
1985-12-23,81.61158
1985-12-24,89.018
1985-12-25,83.074
1985-12-26,86.511055
1985-12-27,87.197334
1985-12-28,83.014
1985-12-29,75.167
1985-12-30,87.34684
1985-12-31,90.194374
1986-01-01,91.88583
1986-01-02,90.35
1986-01-03,87.36588
1986-01-04,90.25611
1986-01-05,86.26947
1986-01-06,86.68842
1986-01-07,90.97071
1986-01-08,85.29
1986-01-09,82.782
1986-01-10,83.4085
1986-01-11,78.4205
1986-01-12,90.35111
1986-01-13,86.788
1986-01-14,78.1885
1986-01-15,87.148
1986-01-16,88.0775
1986-01-17,88.244736
1986-01-18,80.337
1986-01-19,75.945
1986-01-20,78.59
1986-01-21,74.663
1986-01-22,75.948
1986-01-23,79.402
1986-01-24,76.614494
1986-01-25,88.92
1986-01-26,86.5715
1986-01-27,83.8655
1986-01-28,89.21316
1986-01-29,87.81294
1986-01-30,83.8495
1986-01-31,80.73
1986-02-01,79.629
1986-02-02,87.785
1986-02-03,77.338
1986-02-04,75.4085
1986-02-05,75.6875
1986-02-06,83.192
1986-02-07,87.96111
1986-02-08,89.009
1986-02-09,90.39895
1986-02-10,85.5415
1986-02-11,85.5125
1986-02-12,85.865265
1986-02-13,90.469475
1986-02-14,87.2
1986-02-15,87.279
1986-02-16,91.01316
1986-02-17,90.091576
1986-02-18,87.49421
1986-02-19,91.744995
1986-02-20,92.79083
1986-02-21,86.3765
1986-02-22,89.03
1986-02-23,90.39923
1986-02-24,90.07333
1986-02-25,89.11823
1986-02-26,83.91105
1986-02-27,81.1545
1986-02-28,79.498
1986-03-01,80.423996
1986-03-02,92.41688
1986-03-03,94.18857
1986-03-04,93.808334
1986-03-05,91.215
1986-03-06,81.986
1986-03-07,83.0455
1986-03-08,90.08188
1986-03-09,90.15211
1986-03-10,87.957
1986-03-11,86.245
1986-03-12,86.03263
1986-03-13,84.253
1986-03-14,82.9205
1986-03-15,82.2475
1986-03-16,77.4425
1986-03-17,85.068
1986-03-18,84.464
1986-03-19,90.39166
1986-03-20,84.285995
1986-03-21,81.226
1986-03-22,85.0645
1986-03-23,80.34
1986-03-24,81.1005
1986-03-25,79.78
1986-03-26,85.2195
1986-03-27,87.88
1986-03-28,83.569496
1986-03-29,70.164
1986-03-30,75.542496
1986-03-31,69.5325
1986-04-01,58.204
1986-04-02,63.631
1986-04-03,58.128498
1986-04-04,51.233498
1986-04-05,73.917
1986-04-06,64.4315
1986-04-07,55.565
1986-04-08,52.429497
1986-04-09,37.12
1986-04-10,64.46
1986-04-11,73.768
1986-04-12,82.7475
1986-04-13,89.65063
1986-04-14,88.141
1986-04-15,71.4125
1986-04-16,58.573997
1986-04-17,65.167496
1986-04-18,62.9825
1986-04-19,88.71
1986-04-20,84.442
1986-04-21,68.866
1986-04-22,58.4885
1986-04-23,50.898
1986-04-24,54.246
1986-04-25,62.644
1986-04-26,58.7235
1986-04-27,71.373
1986-04-28,72.098495
1986-04-29,84.028
1986-04-30,87.37526
1986-05-01,78.0
1986-05-02,68.069496
1986-05-03,59.211998
1986-05-04,57.406998
1986-05-05,46.671997
1986-05-06,49.287
1986-05-07,42.121
1986-05-08,49.64
1986-05-09,81.694
1986-05-10,81.0755
1986-05-11,72.1705
1986-05-12,75.815
1986-05-13,70.656
1986-05-14,60.423
1986-05-15,50.196
1986-05-16,63.854
1986-05-17,77.7895
1986-05-18,69.1835
1986-05-19,67.8865
1986-05-20,72.187
1986-05-21,74.315
1986-05-22,70.167
1986-05-23,68.084496
1986-05-24,70.515
1986-05-25,78.6765
1986-05-26,70.2075
1986-05-27,62.996
1986-05-28,49.5775
1986-05-29,69.091995
1986-05-30,72.8975
1986-05-31,83.4575
1986-06-01,82.766
1986-06-02,72.006996
1986-06-03,67.069496
1986-06-04,69.239
1986-06-05,76.7855
1986-06-06,84.993996
1986-06-07,70.6585
1986-06-08,78.056
1986-06-09,80.688995
1986-06-10,82.153
1986-06-11,86.348
1986-06-12,85.8015
1986-06-13,81.514496
1986-06-14,77.251495
1986-06-15,69.446
1986-06-16,66.7975
1986-06-17,67.5645
1986-06-18,62.069
1986-06-19,60.725998
1986-06-20,61.415
1986-06-21,71.0925
1986-06-22,67.382996
1986-06-23,65.9185
1986-06-24,66.574
1986-06-25,60.52
1986-06-26,58.09
1986-06-27,62.677
1986-06-28,69.5125
1986-06-29,74.968
1986-06-30,84.2545
1986-07-01,85.685
1986-07-02,87.4775
1986-07-03,81.841995
1986-07-04,80.747
1986-07-05,73.968
1986-07-06,67.003
1986-07-07,63.03
1986-07-08,89.04722
1986-07-09,73.2595
1986-07-10,70.306
1986-07-11,70.871
1986-07-12,67.687
1986-07-13,65.3585
1986-07-14,71.7755
1986-07-15,80.602
1986-07-16,78.144
1986-07-17,78.93
1986-07-18,87.6495
1986-07-19,78.5945
1986-07-20,84.1815
1986-07-21,90.47737
1986-07-22,86.8835
1986-07-23,78.4545
1986-07-24,73.889496
1986-07-25,72.0335
1986-07-26,68.771996
1986-07-27,73.925
1986-07-28,72.863495
1986-07-29,71.028
1986-07-30,72.789
1986-07-31,69.619995
1986-08-01,67.593
1986-08-02,74.405
1986-08-03,73.199
1986-08-04,59.954
1986-08-05,65.251495
1986-08-06,84.942
1986-08-07,79.3525
1986-08-08,78.042
1986-08-09,76.2955
1986-08-10,74.941
1986-08-11,71.6015
1986-08-12,62.579998
1986-08-13,72.4145
1986-08-14,67.651
1986-08-15,76.0375
1986-08-16,66.2675
1986-08-17,67.1835
1986-08-18,66.541
1986-08-19,67.4375
1986-08-20,64.4485
1986-08-21,66.369995
1986-08-22,57.3545
1986-08-23,49.9815
1986-08-24,67.6225
1986-08-25,78.3575
1986-08-26,68.8235
1986-08-27,53.376
1986-08-28,59.0795
1986-08-29,55.435997
1986-08-30,82.509
1986-08-31,63.621
1986-09-01,66.1885
1986-09-02,63.156
1986-09-03,58.4955
1986-09-04,53.202
1986-09-05,66.82
1986-09-06,64.3005
1986-09-07,59.775997
1986-09-08,67.175
1986-09-09,70.74
1986-09-10,68.1975
1986-09-11,79.5515
1986-09-12,66.527
1986-09-13,68.512
1986-09-14,70.582
1986-09-15,61.061
1986-09-16,53.3355
1986-09-17,67.7395
1986-09-18,62.438
1986-09-19,70.127495
1986-09-20,64.0865
1986-09-21,60.8495
1986-09-22,59.6535
1986-09-23,63.7135
1986-09-24,58.929
1986-09-25,56.8365
1986-09-26,68.058
1986-09-27,78.367
1986-09-28,85.7845
1986-09-29,76.4145
1986-09-30,73.8225
1986-10-01,69.465
1986-10-02,63.7225
1986-10-03,68.7215
1986-10-04,61.859997
1986-10-05,60.7175
1986-10-06,58.434498
1986-10-07,59.989
1986-10-08,75.305
1986-10-09,80.434
1986-10-10,79.0455
1986-10-11,74.1195
1986-10-12,66.9545
1986-10-13,64.7555
1986-10-14,63.897
1986-10-15,60.5315
1986-10-16,76.9385
1986-10-17,78.2695
1986-10-18,77.690994
1986-10-19,62.7005
1986-10-20,84.2205
1986-10-21,79.052
1986-10-22,64.68
1986-10-23,70.133995
1986-10-24,83.304
1986-10-25,77.405
1986-10-26,74.5895
1986-10-27,89.49556
1986-10-28,86.86737
1986-10-29,85.284
1986-10-30,90.49944
1986-10-31,87.7105
1986-11-01,84.76778
1986-11-02,78.7855
1986-11-03,86.098495
1986-11-04,84.1875
1986-11-05,87.8915
1986-11-06,83.694496
1986-11-07,67.363
1986-11-08,76.557495
1986-11-09,72.8185
1986-11-10,73.271996
1986-11-11,74.087
1986-11-12,78.2295
1986-11-13,84.02947
1986-11-14,76.829
1986-11-15,78.4885
1986-11-16,83.155
1986-11-17,86.3545
1986-11-18,86.963684
1986-11-19,91.64072
1986-11-20,85.232
1986-11-21,88.40474
1986-11-22,79.536
1986-11-23,77.704
1986-11-24,80.2055
1986-11-25,87.6565
1986-11-26,87.219444
1986-11-27,91.376366
1986-11-28,87.22882
1986-11-29,90.14
1986-11-30,90.94667
1986-12-01,85.125
1986-12-02,87.94945
1986-12-03,84.86105
1986-12-04,77.8465
1986-12-05,76.1205
1986-12-06,76.7455
1986-12-07,84.979996
1986-12-08,84.005
1986-12-09,69.535995
1986-12-10,78.333
1986-12-11,87.21562
1986-12-12,88.3845
1986-12-13,81.581
1986-12-14,83.341995
1986-12-15,79.623
1986-12-16,86.725
1986-12-17,90.94556
1986-12-18,86.73
1986-12-19,81.569496
1986-12-20,84.172
1986-12-21,72.1705
1986-12-22,85.798004
1986-12-23,80.569496
1986-12-24,80.933
1986-12-25,88.83158
1986-12-26,86.899
1986-12-27,83.7115
1986-12-28,81.889
1986-12-29,85.6185
1986-12-30,78.9705
1986-12-31,76.626495
1987-01-01,87.027504
1987-01-02,84.24117
1987-01-03,88.649475
1987-01-04,82.862495
1987-01-05,79.352
1987-01-06,86.207
1987-01-07,86.83632
1987-01-08,83.2475
1987-01-09,76.846
1987-01-10,72.355
1987-01-11,84.1855
1987-01-12,82.1865
1987-01-13,80.6125
1987-01-14,86.38789
1987-01-15,84.9945
1987-01-16,90.04421
1987-01-17,90.586876
1987-01-18,88.72158
1987-01-19,86.50316
1987-01-20,85.53167
1987-01-21,87.6755
1987-01-22,88.663155
1987-01-23,90.19
1987-01-24,90.3685
1987-01-25,84.0175
1987-01-26,79.435
1987-01-27,79.4385
1987-01-28,84.10368
1987-01-29,91.11188
1987-01-30,82.086
1987-01-31,81.684
1987-02-01,83.212105
1987-02-02,83.038
1987-02-03,85.9765
1987-02-04,89.24111
1987-02-05,91.62077
1987-02-06,92.58444
1987-02-07,91.742004
1987-02-08,83.5985
1987-02-09,84.98579
1987-02-10,83.146996
1987-02-11,81.862
1987-02-12,83.5475
1987-02-13,84.519
1987-02-14,86.832634
1987-02-15,87.882225
1987-02-16,91.895294
1987-02-17,94.85333
1987-02-18,93.148
1987-02-19,88.82737
1987-02-20,86.23368
1987-02-21,85.23211
1987-02-22,85.727
1987-02-23,87.69789
1987-02-24,79.3435
1987-02-25,75.533
1987-02-26,76.073
1987-02-27,74.8015
1987-02-28,82.403496
1987-03-01,86.3175
1987-03-02,87.12945
1987-03-03,80.545
1987-03-04,74.0755
1987-03-05,76.952995
1987-03-06,79.876
1987-03-07,85.2315
1987-03-08,84.08
1987-03-09,90.032104
1987-03-10,87.6675
1987-03-11,81.9185
1987-03-12,84.2405
1987-03-13,77.492
1987-03-14,79.2865
1987-03-15,79.4295
1987-03-16,76.471
1987-03-17,85.365
1987-03-18,72.1
1987-03-19,68.0775
1987-03-20,76.163
1987-03-21,74.416
1987-03-22,83.795
1987-03-23,93.705
1987-03-24,88.43353
1987-03-25,83.137
1987-03-26,70.2275
1987-03-27,77.207
1987-03-28,63.087498
1987-03-29,81.0185
1987-03-30,89.08895
1987-03-31,91.381424
1987-04-01,93.494286
1987-04-02,83.1405
1987-04-03,71.8515
1987-04-04,71.6105
1987-04-05,73.624
1987-04-06,71.9345
1987-04-07,65.6185
1987-04-08,54.0145
1987-04-09,69.931
1987-04-10,79.6835
1987-04-11,89.29313
1987-04-12,91.48818
1987-04-13,79.989
1987-04-14,70.969
1987-04-15,76.111496
1987-04-16,69.75
1987-04-17,68.9705
1987-04-18,54.9925
1987-04-19,48.025497
1987-04-20,52.5695
1987-04-21,75.3955
1987-04-22,88.254
1987-04-23,67.2945
1987-04-24,68.306496
1987-04-25,61.857
1987-04-26,60.614
1987-04-27,64.2255
1987-04-28,66.365
1987-04-29,61.415997
1987-04-30,56.6895
1987-05-01,67.892
1987-05-02,65.6765
1987-05-03,74.182
1987-05-04,70.3805
1987-05-05,75.492
1987-05-06,86.52294
1987-05-07,87.9955
1987-05-08,79.159996
1987-05-09,73.1605
1987-05-10,63.475998
1987-05-11,59.2385
1987-05-12,55.3245
1987-05-13,48.7075
1987-05-14,76.492
1987-05-15,74.2435
1987-05-16,85.3235
1987-05-17,70.777
1987-05-18,65.207
1987-05-19,77.245
1987-05-20,81.0625
1987-05-21,91.729164
1987-05-22,90.56167
1987-05-23,88.27947
1987-05-24,84.9435
1987-05-25,81.1045
1987-05-26,80.598495
1987-05-27,70.8325
1987-05-28,82.278
1987-05-29,79.5125
1987-05-30,89.333496
1987-05-31,83.4075
1987-06-01,75.38
1987-06-02,70.556
1987-06-03,70.7565
1987-06-04,69.207
1987-06-05,86.0515
1987-06-06,67.8035
1987-06-07,63.233498
1987-06-08,58.783997
1987-06-09,59.5505
1987-06-10,67.942
1987-06-11,71.8775
1987-06-12,64.8785
1987-06-13,57.538998
1987-06-14,63.489998
1987-06-15,63.156998
1987-06-16,55.975998
1987-06-17,71.0545
1987-06-18,70.986
1987-06-19,65.2445
1987-06-20,62.788998
1987-06-21,85.4715
1987-06-22,89.461
1987-06-23,86.942635
1987-06-24,74.0235
1987-06-25,71.227
1987-06-26,69.748
1987-06-27,66.1445
1987-06-28,73.946495
1987-06-29,68.8235
1987-06-30,67.6695
1987-07-01,67.2445
1987-07-02,70.7155
1987-07-03,67.184
1987-07-04,78.453
1987-07-05,79.7585
1987-07-06,71.326
1987-07-07,64.008995
1987-07-08,56.924
1987-07-09,53.8005
1987-07-10,69.322495
1987-07-11,64.801
1987-07-12,62.7665
1987-07-13,65.581
1987-07-14,60.918
1987-07-15,64.515
1987-07-16,62.124496
1987-07-17,62.295998
1987-07-18,63.5625
1987-07-19,60.2305
1987-07-20,54.1075
1987-07-21,60.906
1987-07-22,64.4915
1987-07-23,65.0475
1987-07-24,64.7275
1987-07-25,56.0515
1987-07-26,74.4095
1987-07-27,72.515495
1987-07-28,73.367
1987-07-29,65.9875
1987-07-30,61.181
1987-07-31,63.825
1987-08-01,73.8465
1987-08-02,72.623
1987-08-03,62.116497
1987-08-04,68.681
1987-08-05,71.977
1987-08-06,71.8245
1987-08-07,61.7805
1987-08-08,63.777
1987-08-09,62.246
1987-08-10,69.249
1987-08-11,67.0885
1987-08-12,65.045
1987-08-13,67.1065
1987-08-14,63.302998
1987-08-15,73.935
1987-08-16,76.3295
1987-08-17,67.514496
1987-08-18,65.9965
1987-08-19,77.037
1987-08-20,82.273
1987-08-21,75.128
1987-08-22,76.292
1987-08-23,66.9265
1987-08-24,63.382
1987-08-25,56.9665
1987-08-26,68.208
1987-08-27,71.939
1987-08-28,69.112
1987-08-29,69.724
1987-08-30,67.697
1987-08-31,63.785
1987-09-01,62.599
1987-09-02,61.37
1987-09-03,67.589
1987-09-04,65.92
1987-09-05,63.357998
1987-09-06,54.68
1987-09-07,79.8135
1987-09-08,69.4775
1987-09-09,71.9615
1987-09-10,62.831
1987-09-11,62.144997
1987-09-12,61.781498
1987-09-13,57.3645
1987-09-14,46.932
1987-09-15,55.565998
1987-09-16,54.1455
1987-09-17,55.408497
1987-09-18,67.874
1987-09-19,63.5805
1987-09-20,66.976
1987-09-21,62.4225
1987-09-22,62.311
1987-09-23,52.6585
1987-09-24,50.824497
1987-09-25,68.2015
1987-09-26,67.1225
1987-09-27,67.872
1987-09-28,81.2275
1987-09-29,86.9945
1987-09-30,86.314
1987-10-01,87.956
1987-10-02,78.812
1987-10-03,76.159996
1987-10-04,73.542
1987-10-05,66.883995
1987-10-06,55.137497
1987-10-07,63.774498
1987-10-08,79.5785
1987-10-09,82.9595
1987-10-10,79.845
1987-10-11,74.372
1987-10-12,78.216
1987-10-13,92.58572
1987-10-14,90.586426
1987-10-15,76.657
1987-10-16,76.645996
1987-10-17,83.2285
1987-10-18,86.5235
1987-10-19,92.113075
1987-10-20,87.35737
1987-10-21,81.502
1987-10-22,70.89
1987-10-23,64.4495
1987-10-24,70.097496
1987-10-25,81.0195
1987-10-26,87.322105
1987-10-27,85.791
1987-10-28,76.2285
1987-10-29,63.7135
1987-10-30,67.1065
1987-10-31,77.165
1987-11-01,80.379
1987-11-02,80.177
1987-11-03,86.751
1987-11-04,80.589
1987-11-05,77.367
1987-11-06,83.043
1987-11-07,84.58421
1987-11-08,73.682
1987-11-09,78.354
1987-11-10,88.73368
1987-11-11,92.37461
1987-11-12,87.782776
1987-11-13,83.87473
1987-11-14,83.5965
1987-11-15,87.689476
1987-11-16,87.37222
1987-11-17,91.18539
1987-11-18,92.974
1987-11-19,90.6665
1987-11-20,92.405556
1987-11-21,94.24
1987-11-22,92.831245
1987-11-23,88.314735
1987-11-24,73.297
1987-11-25,74.869995
1987-11-26,83.57158
1987-11-27,84.9865
1987-11-28,88.69
1987-11-29,92.125
1987-11-30,90.57643
1987-12-01,92.53555
1987-12-02,91.625626
1987-12-03,88.76933
1987-12-04,82.853
1987-12-05,79.2335
1987-12-06,85.247
1987-12-07,85.00842
1987-12-08,89.3225
1987-12-09,88.26083
1987-12-10,88.6215
1987-12-11,84.727
1987-12-12,83.73579
1987-12-13,82.419
1987-12-14,81.195
1987-12-15,90.31
1987-12-16,90.48278
1987-12-17,90.08706
1987-12-18,88.9435
1987-12-19,93.28
1987-12-20,89.95895
1987-12-21,90.215
1987-12-22,88.119995
1987-12-23,81.358
1987-12-24,87.26118
1987-12-25,83.1705
1987-12-26,82.303
1987-12-27,87.1085
1987-12-28,79.3355
1987-12-29,83.542
1987-12-30,76.1195
1987-12-31,75.305
1988-01-01,83.53166
1988-01-02,88.76647
1988-01-03,87.215294
1988-01-04,88.41866
1988-01-05,86.083
1988-01-06,79.9915
1988-01-07,79.36158
1988-01-08,90.10333
1988-01-09,91.38231
1988-01-10,93.62
1988-01-11,93.255
1988-01-12,90.69134
1988-01-13,84.47316
1988-01-14,86.993
1988-01-15,85.448944
1988-01-16,81.4505
1988-01-17,84.9305
1988-01-18,90.02267
1988-01-19,88.42611
1988-01-20,87.0225
1988-01-21,86.6315
1988-01-22,86.78333
1988-01-23,90.418335
1988-01-24,92.89
1988-01-25,87.286316
1988-01-26,89.3325
1988-01-27,86.6845
1988-01-28,86.90263
1988-01-29,85.085
1988-01-30,88.5885
1988-01-31,91.78214
1988-02-01,86.2485
1988-02-02,73.956
1988-02-03,83.296
1988-02-04,76.4075
1988-02-05,79.093
1988-02-06,80.9035
1988-02-07,83.71632
1988-02-08,88.17778
1988-02-09,89.41812
1988-02-10,82.304
1988-02-11,88.55947
1988-02-12,71.402
1988-02-13,81.0055
1988-02-14,91.19111
1988-02-15,88.006
1988-02-16,79.8525
1988-02-17,77.742
1988-02-18,85.320496
1988-02-19,86.255
1988-02-20,87.1875
1988-02-21,82.368996
1988-02-22,86.2775
1988-02-23,84.3035
1988-02-24,76.466
1988-02-25,88.706314
1988-02-26,93.56167
1988-02-27,84.0995
1988-02-28,92.800766
1988-02-29,81.8745
1988-03-01,83.532
1988-03-02,83.032
1988-03-03,77.016
1988-03-04,63.8795
1988-03-05,56.734497
1988-03-06,83.2835
1988-03-07,83.598
1988-03-08,91.30928
1988-03-09,93.994995
1988-03-10,90.888336
1988-03-11,82.996315
1988-03-12,70.734
1988-03-13,80.5095
1988-03-14,75.3305
1988-03-15,68.181496
1988-03-16,57.093
1988-03-17,76.5325
1988-03-18,65.959
1988-03-19,68.614
1988-03-20,60.775997
1988-03-21,73.475
1988-03-22,80.2555
1988-03-23,93.09182
1988-03-24,81.3115
1988-03-25,79.6705
1988-03-26,78.772
1988-03-27,87.104996
1988-03-28,86.962105
1988-03-29,90.15894
1988-03-30,67.419
1988-03-31,63.983997
1988-04-01,80.8545
1988-04-02,81.098
1988-04-03,72.0275
1988-04-04,75.881996
1988-04-05,74.562996
1988-04-06,75.4055
1988-04-07,74.6355
1988-04-08,80.479
1988-04-09,76.885
1988-04-10,80.471
1988-04-11,73.802
1988-04-12,61.038998
1988-04-13,75.2485
1988-04-14,82.57
1988-04-15,76.247
1988-04-16,82.0825
1988-04-17,80.4835
1988-04-18,84.7045
1988-04-19,83.633
1988-04-20,71.484
1988-04-21,68.461
1988-04-22,75.0405
1988-04-23,71.754
1988-04-24,81.243
1988-04-25,88.988
1988-04-26,87.2455
1988-04-27,83.569
1988-04-28,73.096
1988-04-29,79.026
1988-04-30,66.2105
1988-05-01,56.0705
1988-05-02,47.5895
1988-05-03,56.211998
1988-05-04,59.879997
1988-05-05,66.0075
1988-05-06,72.4705
1988-05-07,72.727
1988-05-08,62.433
1988-05-09,65.187
1988-05-10,65.32
1988-05-11,86.137
1988-05-12,83.3165
1988-05-13,73.9045
1988-05-14,64.2555
1988-05-15,63.0645
1988-05-16,75.182495
1988-05-17,74.7225
1988-05-18,70.465996
1988-05-19,74.2045
1988-05-20,80.6175
1988-05-21,87.95789
1988-05-22,89.71222
1988-05-23,89.48631
1988-05-24,85.872
1988-05-25,79.881996
1988-05-26,82.441
1988-05-27,79.972
1988-05-28,81.187
1988-05-29,81.8155
1988-05-30,79.154
1988-05-31,73.562996
1988-06-01,81.6855
1988-06-02,81.903
1988-06-03,75.375
1988-06-04,71.4065
1988-06-05,56.783497
1988-06-06,70.889
1988-06-07,76.093
1988-06-08,70.167496
1988-06-09,72.399
1988-06-10,71.5755
1988-06-11,65.195496
1988-06-12,74.7145
1988-06-13,82.106
1988-06-14,69.895996
1988-06-15,66.5015
1988-06-16,64.817
1988-06-17,73.0255
1988-06-18,62.652
1988-06-19,58.080498
1988-06-20,69.6985
1988-06-21,74.5795
1988-06-22,63.907497
1988-06-23,65.499
1988-06-24,75.8305
1988-06-25,75.2965
1988-06-26,69.618
1988-06-27,81.208
1988-06-28,77.394
1988-06-29,77.6645
1988-06-30,73.6305
1988-07-01,63.109497
1988-07-02,62.2385
1988-07-03,74.205
1988-07-04,66.035995
1988-07-05,61.2365
1988-07-06,60.8565
1988-07-07,66.1705
1988-07-08,63.004997
1988-07-09,71.673
1988-07-10,65.169
1988-07-11,61.4515
1988-07-12,65.3635
1988-07-13,65.9135
1988-07-14,54.1555
1988-07-15,66.984
1988-07-16,82.7995
1988-07-17,73.937996
1988-07-18,67.662
1988-07-19,71.5475
1988-07-20,74.6245
1988-07-21,68.611
1988-07-22,64.6225
1988-07-23,62.2975
1988-07-24,59.8505
1988-07-25,64.45
1988-07-26,73.7
1988-07-27,68.107
1988-07-28,65.8745
1988-07-29,62.5485
1988-07-30,74.1005
1988-07-31,68.194
1988-08-01,58.3505
1988-08-02,53.529
1988-08-03,56.9635
1988-08-04,66.104004
1988-08-05,74.376495
1988-08-06,67.368996
1988-08-07,68.441
1988-08-08,62.178997
1988-08-09,64.919
1988-08-10,63.04
1988-08-11,60.8595
1988-08-12,57.2325
1988-08-13,58.317497
1988-08-14,60.208
1988-08-15,58.083
1988-08-16,62.351997
1988-08-17,67.5365
1988-08-18,64.572
1988-08-19,59.9155
1988-08-20,56.492496
1988-08-21,57.286
1988-08-22,73.479996
1988-08-23,88.61889
1988-08-24,79.752
1988-08-25,65.958496
1988-08-26,82.5945
1988-08-27,71.2035
1988-08-28,64.254
1988-08-29,62.1095
1988-08-30,64.7895
1988-08-31,70.261
1988-09-01,63.96
1988-09-02,70.07
1988-09-03,67.5705
1988-09-04,62.149498
1988-09-05,61.9855
1988-09-06,72.612
1988-09-07,85.934
1988-09-08,74.2435
1988-09-09,71.1075
1988-09-10,72.7535
1988-09-11,63.947
1988-09-12,65.2205
1988-09-13,66.6285
1988-09-14,82.047
1988-09-15,88.37315
1988-09-16,80.9915
1988-09-17,86.50263
1988-09-18,87.0095
1988-09-19,76.889496
1988-09-20,78.6285
1988-09-21,81.429
1988-09-22,90.0155
1988-09-23,83.9525
1988-09-24,80.357
1988-09-25,75.528
1988-09-26,73.917496
1988-09-27,82.58
1988-09-28,71.903496
1988-09-29,64.4975
1988-09-30,70.6625
1988-10-01,82.0605
1988-10-02,82.1785
1988-10-03,80.0255
1988-10-04,86.8245
1988-10-05,85.448
1988-10-06,80.693
1988-10-07,76.782
1988-10-08,86.287
1988-10-09,76.21
1988-10-10,71.7735
1988-10-11,78.524
1988-10-12,78.1215
1988-10-13,73.2715
1988-10-14,68.533
1988-10-15,68.724
1988-10-16,72.9685
1988-10-17,70.0225
1988-10-18,70.3555
1988-10-19,80.034996
1988-10-20,79.7425
1988-10-21,80.32
1988-10-22,78.7235
1988-10-23,81.279495
1988-10-24,86.6145
1988-10-25,81.211
1988-10-26,74.765
1988-10-27,64.8305
1988-10-28,59.135498
1988-10-29,72.3445
1988-10-30,83.621056
1988-10-31,85.93737
1988-11-01,84.547
1988-11-02,69.113495
1988-11-03,82.754
1988-11-04,83.354
1988-11-05,85.0565
1988-11-06,87.34579
1988-11-07,88.7265
1988-11-08,84.8055
1988-11-09,86.36474
1988-11-10,84.2
1988-11-11,83.576996
1988-11-12,83.512634
1988-11-13,78.6055
1988-11-14,84.792
1988-11-15,86.487
1988-11-16,80.293495
1988-11-17,82.638
1988-11-18,77.0885
1988-11-19,82.8305
1988-11-20,85.7321
1988-11-21,85.81737
1988-11-22,90.65235
1988-11-23,88.4055
1988-11-24,84.942
1988-11-25,86.0515
1988-11-26,90.032
1988-11-27,92.06824
1988-11-28,85.1465
1988-11-29,78.767
1988-11-30,74.626
1988-12-01,78.9515
1988-12-02,88.66105
1988-12-03,88.85368
1988-12-04,92.368
1988-12-05,92.608574
1988-12-06,86.20944
1988-12-07,84.326
1988-12-08,87.34263
1988-12-09,90.26813
1988-12-10,88.848946
1988-12-11,88.385
1988-12-12,83.305
1988-12-13,86.3665
1988-12-14,85.8165
1988-12-15,79.753
1988-12-16,88.698235
1988-12-17,88.07889
1988-12-18,86.4125
1988-12-19,83.8035
1988-12-20,88.6005
1988-12-21,80.876
1988-12-22,79.094
1988-12-23,78.784
1988-12-24,80.207
1988-12-25,69.375
1988-12-26,74.726
1988-12-27,79.121
1988-12-28,81.6845
1988-12-29,85.8975
1988-12-30,85.11842
1988-12-31,89.87556
1989-01-01,83.801
1989-01-02,80.17
1989-01-03,75.047
1989-01-04,76.5765
1989-01-05,76.903
1989-01-06,79.2845
1989-01-07,84.2975
1989-01-08,87.74
1989-01-09,88.725
1989-01-10,87.312
1989-01-11,85.563
1989-01-12,83.82895
1989-01-13,90.96684
1989-01-14,87.89
1989-01-15,85.724
1989-01-16,79.944
1989-01-17,82.909
1989-01-18,84.7485
1989-01-19,86.98389
1989-01-20,84.471
1989-01-21,85.252
1989-01-22,90.13
1989-01-23,87.65945
1989-01-24,87.739
1989-01-25,82.65421
1989-01-26,83.29
1989-01-27,87.81389
1989-01-28,85.9115
1989-01-29,88.159
1989-01-30,86.669
1989-01-31,88.5165
1989-02-01,89.707695
1989-02-02,84.376
1989-02-03,85.124504
1989-02-04,83.2035
1989-02-05,90.92353
1989-02-06,82.076996
1989-02-07,85.745
1989-02-08,82.3825
1989-02-09,78.566666
1989-02-10,78.278946
1989-02-11,63.114998
1989-02-12,66.993996
1989-02-13,88.428
1989-02-14,89.6625
1989-02-15,87.191055
1989-02-16,79.435
1989-02-17,73.749
1989-02-18,67.615
1989-02-19,78.813995
1989-02-20,79.9605
1989-02-21,67.408
1989-02-22,75.203
1989-02-23,67.01
1989-02-24,60.9645
1989-02-25,44.741997
1989-02-26,63.292
1989-02-27,72.209
1989-02-28,62.447998
1989-03-01,67.803
1989-03-02,84.8735
1989-03-03,69.7765
1989-03-04,91.218666
1989-03-05,89.75158
1989-03-06,84.3435
1989-03-07,80.853
1989-03-08,76.172
1989-03-09,82.2215
1989-03-10,86.33632
1989-03-11,88.906
1989-03-12,86.492
1989-03-13,82.478
1989-03-14,79.4805
1989-03-15,84.639496
1989-03-16,74.2865
1989-03-17,66.181496
1989-03-18,69.0305
1989-03-19,75.923004
1989-03-20,73.5575
1989-03-21,76.5135
1989-03-22,83.5385
1989-03-23,79.259
1989-03-24,76.8075
1989-03-25,66.9525
1989-03-26,59.036
1989-03-27,55.174
1989-03-28,55.917
1989-03-29,55.345997
1989-03-30,63.802998
1989-03-31,53.163498
1989-04-01,58.315998
1989-04-02,71.2525
1989-04-03,64.337
1989-04-04,70.87
1989-04-05,63.6195
1989-04-06,75.709496
1989-04-07,73.181
1989-04-08,59.538
1989-04-09,54.393497
1989-04-10,69.8535
1989-04-11,56.892998
1989-04-12,55.711
1989-04-13,57.0925
1989-04-14,86.07111
1989-04-15,87.738235
1989-04-16,88.394
1989-04-17,78.0035
1989-04-18,78.779
1989-04-19,83.668
1989-04-20,71.162
1989-04-21,60.473
1989-04-22,70.8785
1989-04-23,82.73052
1989-04-24,79.761
1989-04-25,74.3455
1989-04-26,62.2115
1989-04-27,58.315998
1989-04-28,75.2285
1989-04-29,91.25611
1989-04-30,91.71154
1989-05-01,90.50125
1989-05-02,90.40588
1989-05-03,83.142
1989-05-04,84.8875
1989-05-05,76.770996
1989-05-06,77.068
1989-05-07,82.395996
1989-05-08,84.3135
1989-05-09,73.964
1989-05-10,63.2635
1989-05-11,66.3845
1989-05-12,63.9885
1989-05-13,67.070496
1989-05-14,76.102
1989-05-15,77.199
1989-05-16,70.595
1989-05-17,64.529
1989-05-18,62.182
1989-05-19,65.155
1989-05-20,79.8145
1989-05-21,80.1045
1989-05-22,76.182495
1989-05-23,69.0355
1989-05-24,61.893997
1989-05-25,61.422
1989-05-26,71.315
1989-05-27,72.604
1989-05-28,64.843
1989-05-29,77.0595
1989-05-30,75.431
1989-05-31,67.596
1989-06-01,80.828
1989-06-02,74.7025
1989-06-03,79.7815
1989-06-04,80.5445
1989-06-05,81.7555
1989-06-06,85.774
1989-06-07,78.962
1989-06-08,61.9955
1989-06-09,68.3295
1989-06-10,60.743
1989-06-11,63.882
1989-06-12,88.452
1989-06-13,88.297226
1989-06-14,81.9355
1989-06-15,66.2905
1989-06-16,63.08
1989-06-17,83.577995
1989-06-18,79.988
1989-06-19,77.4095
1989-06-20,80.389496
1989-06-21,80.923
1989-06-22,73.242
1989-06-23,78.655
1989-06-24,82.1405
1989-06-25,77.8455
1989-06-26,73.618
1989-06-27,75.881996
1989-06-28,75.026
1989-06-29,85.572
1989-06-30,67.591995
1989-07-01,72.756
1989-07-02,66.9135
1989-07-03,62.525997
1989-07-04,56.5275
1989-07-05,59.4325
1989-07-06,59.89
1989-07-07,61.3395
1989-07-08,58.303997
1989-07-09,54.598
1989-07-10,51.4545
1989-07-11,58.235
1989-07-12,65.9795
1989-07-13,78.0865
1989-07-14,80.5595
1989-07-15,70.798996
1989-07-16,70.8415
1989-07-17,65.585
1989-07-18,60.5615
1989-07-19,73.154495
1989-07-20,65.7025
1989-07-21,62.335
1989-07-22,58.545498
1989-07-23,58.036
1989-07-24,55.8225
1989-07-25,60.857
1989-07-26,69.3575
1989-07-27,81.458
1989-07-28,73.675
1989-07-29,79.207
1989-07-30,71.862495
1989-07-31,70.6335
1989-08-01,82.4065
1989-08-02,78.791
1989-08-03,67.2165
1989-08-04,68.437996
1989-08-05,62.021
1989-08-06,58.474
1989-08-07,65.9835
1989-08-08,67.647
1989-08-09,75.963
1989-08-10,75.514
1989-08-11,70.724
1989-08-12,78.6505
1989-08-13,79.4795
1989-08-14,72.1575
1989-08-15,65.643
1989-08-16,62.835
1989-08-17,60.8075
1989-08-18,67.2685
1989-08-19,64.8765
1989-08-20,67.3555
1989-08-21,70.131
1989-08-22,71.601
1989-08-23,71.84
1989-08-24,71.056
1989-08-25,65.273
1989-08-26,65.261
1989-08-27,76.515
1989-08-28,80.507
1989-08-29,89.409996
1989-08-30,91.652306
1989-08-31,92.17688
1989-09-01,81.0935
1989-09-02,70.571
1989-09-03,84.159
1989-09-04,85.9475
1989-09-05,87.1725
1989-09-06,77.2485
1989-09-07,73.894
1989-09-08,77.062996
1989-09-09,79.8655
1989-09-10,89.0735
1989-09-11,77.9415
1989-09-12,74.4675
1989-09-13,70.6445
1989-09-14,66.7985
1989-09-15,84.638
1989-09-16,75.3925
1989-09-17,76.148
1989-09-18,72.902
1989-09-19,68.1935
1989-09-20,68.266
1989-09-21,71.6495
1989-09-22,64.54
1989-09-23,72.6415
1989-09-24,70.473
1989-09-25,67.619995
1989-09-26,72.4115
1989-09-27,64.075
1989-09-28,75.353
1989-09-29,91.92125
1989-09-30,85.5455
1989-10-01,74.442
1989-10-02,76.4725
1989-10-03,75.545
1989-10-04,82.908
1989-10-05,74.678
1989-10-06,75.58099
1989-10-07,67.6235
1989-10-08,81.631996
1989-10-09,93.21833
1989-10-10,90.22077
1989-10-11,79.1605
1989-10-12,76.000496
1989-10-13,70.423
1989-10-14,71.819496
1989-10-15,87.941
1989-10-16,83.732
1989-10-17,78.975
1989-10-18,80.328
1989-10-19,78.234
1989-10-20,75.3665
1989-10-21,80.936
1989-10-22,79.7015
1989-10-23,71.7805
1989-10-24,69.037
1989-10-25,78.835
1989-10-26,79.291
1989-10-27,83.103
1989-10-28,74.710495
1989-10-29,68.3825
1989-10-30,77.576996
1989-10-31,77.2835
1989-11-01,73.835
1989-11-02,75.7185
1989-11-03,66.806
1989-11-04,71.4155
1989-11-05,78.0735
1989-11-06,82.731
1989-11-07,90.39429
1989-11-08,92.104996
1989-11-09,90.50316
1989-11-10,90.77928
1989-11-11,90.5225
1989-11-12,90.92
1989-11-13,90.97818
1989-11-14,87.45067
1989-11-15,84.37684
1989-11-16,87.511055
1989-11-17,77.946
1989-11-18,83.926
1989-11-19,80.4385
1989-11-20,76.3585
1989-11-21,78.6775
1989-11-22,71.294
1989-11-23,85.98421
1989-11-24,73.2965
1989-11-25,89.17555
1989-11-26,81.353
1989-11-27,78.1715
1989-11-28,80.5795
1989-11-29,76.875496
1989-11-30,75.028496
1989-12-01,80.42684
1989-12-02,82.423996
1989-12-03,85.278946
1989-12-04,84.2755
1989-12-05,86.02526
1989-12-06,85.701
1989-12-07,77.915
1989-12-08,69.639496
1989-12-09,83.199
1989-12-10,76.687
1989-12-11,70.6975
1989-12-12,68.7
1989-12-13,80.089
1989-12-14,73.801
1989-12-15,77.6015
1989-12-16,83.13
1989-12-17,69.196
1989-12-18,71.6275
1989-12-19,66.893
1989-12-20,76.098495
1989-12-21,80.071
1989-12-22,77.687
1989-12-23,77.687996
1989-12-24,73.4825
1989-12-25,86.52111
1989-12-26,89.4
1989-12-27,89.02533
1989-12-28,90.248665
1989-12-29,91.8275
1989-12-30,91.9525
1989-12-31,90.28
1990-01-01,89.58937
1990-01-02,89.1253
1990-01-03,87.90632
1990-01-04,84.32
1990-01-05,78.8995
1990-01-06,83.360504
1990-01-07,86.7015
1990-01-08,85.5945
1990-01-09,85.077896
1990-01-10,87.93105
1990-01-11,87.5005
1990-01-12,89.52059
1990-01-13,90.4147
1990-01-14,91.77615
1990-01-15,89.981766
1990-01-16,87.45111
1990-01-17,81.36105
1990-01-18,88.43188
1990-01-19,88.9145
1990-01-20,83.501495
1990-01-21,89.100555
1990-01-22,89.71236
1990-01-23,90.64444
1990-01-24,83.487
1990-01-25,77.652
1990-01-26,77.8255
1990-01-27,84.511
1990-01-28,78.616
1990-01-29,86.97737
1990-01-30,82.244
1990-01-31,87.4985
1990-02-01,88.16263
1990-02-02,90.5525
1990-02-03,89.161766
1990-02-04,89.973
1990-02-05,76.3325
1990-02-06,79.3285
1990-02-07,81.6065
1990-02-08,78.5735
1990-02-09,76.875
1990-02-10,87.9155
1990-02-11,78.5805
1990-02-12,80.204
1990-02-13,93.824
1990-02-14,88.40588
1990-02-15,83.225
1990-02-16,83.1795
1990-02-17,85.955
1990-02-18,82.766
1990-02-19,82.8725
1990-02-20,82.5955
1990-02-21,81.223
1990-02-22,82.01
1990-02-23,75.9545
1990-02-24,72.63
1990-02-25,66.1755
1990-02-26,52.2235
1990-02-27,73.969
1990-02-28,80.439
1990-03-01,74.5525
1990-03-02,66.854
1990-03-03,70.747
1990-03-04,71.4995
1990-03-05,64.991
1990-03-06,58.760998
1990-03-07,57.782497
1990-03-08,55.069
1990-03-09,46.555
1990-03-10,53.7925
1990-03-11,80.75
1990-03-12,65.34
1990-03-13,49.577
1990-03-14,59.1315
1990-03-15,58.5145
1990-03-16,47.955498
1990-03-17,56.3825
1990-03-18,51.5515
1990-03-19,49.220997
1990-03-20,52.657997
1990-03-21,60.427998
1990-03-22,52.877
1990-03-23,59.4545
1990-03-24,58.4385
1990-03-25,52.582
1990-03-26,70.722
1990-03-27,80.931
1990-03-28,72.576
1990-03-29,81.957
1990-03-30,89.408424
1990-03-31,81.584
1990-04-01,70.721
1990-04-02,55.096
1990-04-03,47.442997
1990-04-04,62.413998
1990-04-05,65.143
1990-04-06,67.464
1990-04-07,83.7715
1990-04-08,87.46111
1990-04-09,81.2005
1990-04-10,90.90875
1990-04-11,84.446
1990-04-12,80.871
1990-04-13,68.001
1990-04-14,64.4475
1990-04-15,56.099
1990-04-16,74.848
1990-04-17,90.009476
1990-04-18,80.769
1990-04-19,73.9475
1990-04-20,75.910995
1990-04-21,82.665
1990-04-22,72.7775
1990-04-23,84.71737
1990-04-24,71.377
1990-04-25,76.140495
1990-04-26,85.743
1990-04-27,77.384995
1990-04-28,78.738
1990-04-29,81.34
1990-04-30,77.1615
1990-05-01,81.0115
1990-05-02,67.735
1990-05-03,59.302998
1990-05-04,61.8215
1990-05-05,61.509
1990-05-06,66.455
1990-05-07,64.4305
1990-05-08,64.2445
1990-05-09,71.681496
1990-05-10,67.3515
1990-05-11,64.821495
1990-05-12,65.173
1990-05-13,78.2265
1990-05-14,68.3565
1990-05-15,70.592
1990-05-16,60.91
1990-05-17,62.7395
1990-05-18,70.8165
1990-05-19,78.9055
1990-05-20,69.225
1990-05-21,63.5825
1990-05-22,70.8015
1990-05-23,74.403
1990-05-24,73.805
1990-05-25,73.1455
1990-05-26,74.527
1990-05-27,85.031
1990-05-28,69.445
1990-05-29,78.567
1990-05-30,76.382996
1990-05-31,69.4165
1990-06-01,66.1085
1990-06-02,62.199
1990-06-03,79.784
1990-06-04,70.3085
1990-06-05,65.72
1990-06-06,69.162
1990-06-07,73.497
1990-06-08,76.59
1990-06-09,80.381
1990-06-10,70.6975
1990-06-11,78.6765
1990-06-12,72.44
1990-06-13,80.229996
1990-06-14,76.750496
1990-06-15,75.1855
1990-06-16,82.354
1990-06-17,81.7935
1990-06-18,69.6075
1990-06-19,64.221
1990-06-20,63.8895
1990-06-21,57.538498
1990-06-22,73.4155
1990-06-23,69.298996
1990-06-24,64.7595
1990-06-25,63.401
1990-06-26,65.326
1990-06-27,61.663998
1990-06-28,54.397
1990-06-29,58.861
1990-06-30,60.7035
1990-07-01,54.5795
1990-07-02,60.781
1990-07-03,71.263
1990-07-04,75.8805
1990-07-05,74.644
1990-07-06,63.117
1990-07-07,71.5205
1990-07-08,61.2865
1990-07-09,61.5275
1990-07-10,63.524998
1990-07-11,70.648994
1990-07-12,66.618
1990-07-13,65.309
1990-07-14,61.504997
1990-07-15,55.617
1990-07-16,51.8145
1990-07-17,50.8115
1990-07-18,56.857
1990-07-19,69.926
1990-07-20,72.6415
1990-07-21,67.653
1990-07-22,60.5785
1990-07-23,52.415
1990-07-24,57.1015
1990-07-25,75.097496
1990-07-26,69.138
1990-07-27,66.4225
1990-07-28,58.402
1990-07-29,55.319
1990-07-30,54.48
1990-07-31,53.108997
1990-08-01,56.4085
1990-08-02,58.4085
1990-08-03,60.027
1990-08-04,57.344
1990-08-05,57.144
1990-08-06,39.933
1990-08-07,53.075
1990-08-08,80.226
1990-08-09,89.77737
1990-08-10,84.5055
1990-08-11,84.2805
1990-08-12,69.6185
1990-08-13,65.2545
1990-08-14,63.9865
1990-08-15,49.2575
1990-08-16,54.851997
1990-08-17,52.75
1990-08-18,74.872
1990-08-19,67.2
1990-08-20,56.6145
1990-08-21,66.395996
1990-08-22,69.983
1990-08-23,71.4565
1990-08-24,64.8055
1990-08-25,61.2205
1990-08-26,54.59
1990-08-27,60.677998
1990-08-28,57.392998
1990-08-29,60.1525
1990-08-30,58.603
1990-08-31,57.1255
1990-09-01,42.027
1990-09-02,71.744
1990-09-03,80.61
1990-09-04,74.8325
1990-09-05,78.347496
1990-09-06,85.014
1990-09-07,76.07
1990-09-08,79.7895
1990-09-09,69.302
1990-09-10,62.683
1990-09-11,82.7475
1990-09-12,88.961
1990-09-13,75.8865
1990-09-14,74.9985
1990-09-15,69.403
1990-09-16,69.397995
1990-09-17,72.45
1990-09-18,75.033
1990-09-19,72.9555
1990-09-20,65.2125
1990-09-21,66.5995
1990-09-22,57.881
1990-09-23,66.5095
1990-09-24,73.7395
1990-09-25,65.4205
1990-09-26,64.399
1990-09-27,70.6715
1990-09-28,76.807
1990-09-29,67.157
1990-09-30,57.2225
1990-10-01,69.052
1990-10-02,78.1915
1990-10-03,82.5445
1990-10-04,74.635
1990-10-05,75.226
1990-10-06,79.759
1990-10-07,71.2745
1990-10-08,82.057
1990-10-09,85.358
1990-10-10,81.259
1990-10-11,68.989
1990-10-12,67.441
1990-10-13,72.138
1990-10-14,71.028
1990-10-15,70.8285
1990-10-16,69.1455
1990-10-17,68.1225
1990-10-18,67.7035
1990-10-19,69.8275
1990-10-20,71.474495
1990-10-21,83.6255
1990-10-22,77.7545
1990-10-23,73.6735
1990-10-24,77.115
1990-10-25,75.882996
1990-10-26,70.17
1990-10-27,80.041
1990-10-28,88.9775
1990-10-29,80.9895
1990-10-30,85.0525
1990-10-31,73.640495
1990-11-01,74.575
1990-11-02,80.1475
1990-11-03,81.392
1990-11-04,87.4775
1990-11-05,87.3445
1990-11-06,86.09389
1990-11-07,89.25474
1990-11-08,88.639
1990-11-09,87.578
1990-11-10,80.109474
1990-11-11,81.7325
1990-11-12,85.423
1990-11-13,87.07842
1990-11-14,84.155
1990-11-15,85.0355
1990-11-16,87.48588
1990-11-17,86.792
1990-11-18,82.6879
1990-11-19,77.2255
1990-11-20,79.5655
1990-11-21,73.811
1990-11-22,75.616
1990-11-23,78.132996
1990-11-24,87.17667
1990-11-25,85.795
1990-11-26,84.39737
1990-11-27,91.27187
1990-11-28,88.839
1990-11-29,86.90053
1990-11-30,91.20857
1990-12-01,91.51091
1990-12-02,92.78438
1990-12-03,92.35625
1990-12-04,90.884705
1990-12-05,91.015
1990-12-06,94.3425
1990-12-07,91.282
1990-12-08,91.273636
1990-12-09,86.083885
1990-12-10,84.401
1990-12-11,85.96158
1990-12-12,92.54
1990-12-13,91.775
1990-12-14,92.16
1990-12-15,92.91182
1990-12-16,92.06778
1990-12-17,91.68
1990-12-18,91.58857
1990-12-19,93.24461
1990-12-20,90.451996
1990-12-21,88.465
1990-12-22,85.556
1990-12-23,88.0015
1990-12-24,77.076996
1990-12-25,79.3805
1990-12-26,79.324
1990-12-27,78.846
1990-12-28,91.06714
1990-12-29,88.875626
1990-12-30,84.96105
1990-12-31,85.30789
1991-01-01,89.4765
1991-01-02,83.16
1991-01-03,78.6585
1991-01-04,72.2025
1991-01-05,77.7355
1991-01-06,86.89166
1991-01-07,87.661575
1991-01-08,86.51158
1991-01-09,83.57176
1991-01-10,76.98368
1991-01-11,76.652
1991-01-12,81.562
1991-01-13,91.78467
1991-01-14,84.0215
1991-01-15,83.41278
1991-01-16,76.764
1991-01-17,82.177
1991-01-18,82.7625
1991-01-19,76.83052
1991-01-20,77.548
1991-01-21,81.686
1991-01-22,86.4625
1991-01-23,81.4475
1991-01-24,86.5215
1991-01-25,81.8475
1991-01-26,78.589
1991-01-27,87.2265
1991-01-28,89.02737
1991-01-29,86.3005
1991-01-30,81.584496
1991-01-31,69.289
1991-02-01,76.1975
1991-02-02,75.574
1991-02-03,76.1375
1991-02-04,75.856
1991-02-05,85.2495
1991-02-06,86.9005
1991-02-07,87.219475
1991-02-08,82.92263
1991-02-09,87.045
1991-02-10,85.7655
1991-02-11,87.78167
1991-02-12,92.267334
1991-02-13,88.704
1991-02-14,84.8035
1991-02-15,89.45
1991-02-16,79.212
1991-02-17,81.484
1991-02-18,81.4985
1991-02-19,80.1885
1991-02-20,81.625
1991-02-21,81.09
1991-02-22,88.238
1991-02-23,86.35588
1991-02-24,92.045296
1991-02-25,89.087364
1991-02-26,89.75105
1991-02-27,79.875
1991-02-28,85.67
1991-03-01,81.761
1991-03-02,84.6685
1991-03-03,88.604
1991-03-04,78.0215
1991-03-05,76.3535
1991-03-06,77.8745
1991-03-07,83.582
1991-03-08,86.6835
1991-03-09,83.725266
1991-03-10,83.055
1991-03-11,79.1795
1991-03-12,82.875
1991-03-13,80.4815
1991-03-14,74.872
1991-03-15,67.222496
1991-03-16,77.962
1991-03-17,91.94666
1991-03-18,90.91
1991-03-19,83.079
1991-03-20,87.479004
1991-03-21,79.9795
1991-03-22,63.482
1991-03-23,65.477
1991-03-24,71.6465
1991-03-25,77.8005
1991-03-26,80.6245
1991-03-27,85.339
1991-03-28,90.422356
1991-03-29,92.941246
1991-03-30,86.6205
1991-03-31,88.83667
1991-04-01,82.348
1991-04-02,71.287994
1991-04-03,54.461
1991-04-04,55.9025
1991-04-05,59.983498
1991-04-06,63.075996
1991-04-07,75.509
1991-04-08,83.80526
1991-04-09,76.236496
1991-04-10,66.0495
1991-04-11,74.0895
1991-04-12,64.104996
1991-04-13,63.728996
1991-04-14,78.951996
1991-04-15,74.391495
1991-04-16,66.2005
1991-04-17,56.503
1991-04-18,77.0079
1991-04-19,82.06579
1991-04-20,77.45
1991-04-21,80.663
1991-04-22,67.6085
1991-04-23,74.188995
1991-04-24,85.47632
1991-04-25,81.4495
1991-04-26,73.891
1991-04-27,77.1455
1991-04-28,83.9575
1991-04-29,87.499
1991-04-30,70.6975
1991-05-01,65.2605
1991-05-02,53.802498
1991-05-03,54.4805
1991-05-04,58.366997
1991-05-05,72.865
1991-05-06,73.351
1991-05-07,83.838
1991-05-08,88.499504
1991-05-09,72.977
1991-05-10,55.4585
1991-05-11,73.644
1991-05-12,74.949
1991-05-13,87.3305
1991-05-14,76.226
1991-05-15,84.53
1991-05-16,72.813
1991-05-17,85.7685
1991-05-18,74.342995
1991-05-19,86.448
1991-05-20,87.062
1991-05-21,69.483
1991-05-22,68.855995
1991-05-23,66.8365
1991-05-24,78.034996
1991-05-25,83.5405
1991-05-26,74.874
1991-05-27,65.1505
1991-05-28,86.203
1991-05-29,89.59105
1991-05-30,76.354996
1991-05-31,73.268
1991-06-01,66.1695
1991-06-02,64.958496
1991-06-03,69.8375
1991-06-04,74.1645
1991-06-05,87.86
1991-06-06,72.3355
1991-06-07,82.9165
1991-06-08,90.10533
1991-06-09,83.1335
1991-06-10,66.0595
1991-06-11,71.9895
1991-06-12,70.929
1991-06-13,65.2525
1991-06-14,67.7035
1991-06-15,72.515
1991-06-16,71.361496
1991-06-17,61.147
1991-06-18,69.6775
1991-06-19,78.8325
1991-06-20,81.8235
1991-06-21,80.4815
1991-06-22,72.1335
1991-06-23,69.26
1991-06-24,68.1105
1991-06-25,65.6295
1991-06-26,64.905
1991-06-27,70.95
1991-06-28,76.804
1991-06-29,83.9515
1991-06-30,84.49
1991-07-01,89.825
1991-07-02,92.52091
1991-07-03,87.1675
1991-07-04,87.014
1991-07-05,88.351
1991-07-06,85.1015
1991-07-07,72.59
1991-07-08,68.3825
1991-07-09,68.8315
1991-07-10,74.626
1991-07-11,69.581
1991-07-12,65.4895
1991-07-13,63.463997
1991-07-14,70.2805
1991-07-15,82.2345
1991-07-16,75.632996
1991-07-17,70.668
1991-07-18,89.888
1991-07-19,73.752
1991-07-20,61.0085
1991-07-21,69.78
1991-07-22,71.603
1991-07-23,67.226
1991-07-24,63.793
1991-07-25,68.2205
1991-07-26,80.654
1991-07-27,90.79444
1991-07-28,88.32875
1991-07-29,87.1015
1991-07-30,89.26947
1991-07-31,77.551
1991-08-01,79.894
1991-08-02,90.24533
1991-08-03,90.805
1991-08-04,88.67941
1991-08-05,87.72211
1991-08-06,87.297
1991-08-07,79.5075
1991-08-08,66.921
1991-08-09,72.855
1991-08-10,75.28
1991-08-11,71.210495
1991-08-12,75.8385
1991-08-13,76.9945
1991-08-14,75.341995
1991-08-15,79.824
1991-08-16,82.462
1991-08-17,72.5065
1991-08-18,74.737
1991-08-19,80.866
1991-08-20,72.7995
1991-08-21,77.101
1991-08-22,77.5495
1991-08-23,72.308
1991-08-24,71.879
1991-08-25,75.864
1991-08-26,78.5395
1991-08-27,84.1485
1991-08-28,80.4205
1991-08-29,82.6285
1991-08-30,85.0785
1991-08-31,79.7265
1991-09-01,77.966995
1991-09-02,74.757996
1991-09-03,74.722496
1991-09-04,73.6425
1991-09-05,68.850494
1991-09-06,67.6325
1991-09-07,75.188995
1991-09-08,70.164
1991-09-09,66.421
1991-09-10,71.974
1991-09-11,65.264
1991-09-12,71.824
1991-09-13,69.0845
1991-09-14,71.219
1991-09-15,74.578995
1991-09-16,79.406
1991-09-17,75.3365
1991-09-18,84.8935
1991-09-19,77.7805
1991-09-20,74.7595
1991-09-21,77.6295
1991-09-22,74.363
1991-09-23,73.4295
1991-09-24,76.9465
1991-09-25,78.08
1991-09-26,69.604996
1991-09-27,68.68
1991-09-28,77.6105
1991-09-29,71.404
1991-09-30,64.297
1991-10-01,65.0325
1991-10-02,82.092
1991-10-03,82.0195
1991-10-04,78.9105
1991-10-05,75.8915
1991-10-06,71.056496
1991-10-07,75.39
1991-10-08,73.559
1991-10-09,80.236
1991-10-10,87.78421
1991-10-11,80.0905
1991-10-12,77.160995
1991-10-13,84.526
1991-10-14,78.3255
1991-10-15,75.9565
1991-10-16,85.464
1991-10-17,78.831
1991-10-18,73.525
1991-10-19,72.9745
1991-10-20,85.5525
1991-10-21,90.05765
1991-10-22,88.25842
1991-10-23,76.89
1991-10-24,78.729
1991-10-25,85.371
1991-10-26,81.881
1991-10-27,77.4125
1991-10-28,83.8285
1991-10-29,78.463
1991-10-30,78.455
1991-10-31,68.4015
1991-11-01,78.9255
1991-11-02,76.8135
1991-11-03,69.202995
1991-11-04,70.951996
1991-11-05,84.9775
1991-11-06,88.01556
1991-11-07,90.83059
1991-11-08,89.92778
1991-11-09,87.2645
1991-11-10,90.75539
1991-11-11,84.7205
1991-11-12,85.9079
1991-11-13,82.506
1991-11-14,75.826
1991-11-15,80.748
1991-11-16,79.473495
1991-11-17,90.67875
1991-11-18,90.56765
1991-11-19,83.831
1991-11-20,74.9175
1991-11-21,87.628
1991-11-22,89.64167
1991-11-23,89.15
1991-11-24,89.08867
1991-11-25,89.75389
1991-11-26,91.12625
1991-11-27,92.566246
1991-11-28,90.20555
1991-11-29,88.40235
1991-11-30,87.434616
1991-12-01,84.4385
1991-12-02,83.7205
1991-12-03,86.41421
1991-12-04,87.2485
1991-12-05,87.749
1991-12-06,85.699
1991-12-07,82.5295
1991-12-08,78.112495
1991-12-09,79.3265
1991-12-10,82.466
1991-12-11,82.5625
1991-12-12,82.8875
1991-12-13,81.216
1991-12-14,81.135
1991-12-15,79.937
1991-12-16,86.14263
1991-12-17,88.82
1991-12-18,84.7165
1991-12-19,88.71643
1991-12-20,83.6985
1991-12-21,91.501816
1991-12-22,90.0815
1991-12-23,87.761055
1991-12-24,83.20789
1991-12-25,84.816315
1991-12-26,78.44
1991-12-27,82.5325
1991-12-28,89.178
1991-12-29,88.5405
1991-12-30,91.25875
1991-12-31,81.0525
1992-01-01,76.351
1992-01-02,69.893
1992-01-03,59.914997
1992-01-04,68.729996
1992-01-05,76.2855
1992-01-06,76.1995
1992-01-07,80.457504
1992-01-08,81.0315
1992-01-09,73.208
1992-01-10,80.08211
1992-01-11,81.052
1992-01-12,85.69526
1992-01-13,76.864
1992-01-14,74.015
1992-01-15,86.584206
1992-01-16,80.6975
1992-01-17,69.468
1992-01-18,58.291
1992-01-19,78.3285
1992-01-20,80.9415
1992-01-21,80.194
1992-01-22,72.5895
1992-01-23,81.1195
1992-01-24,80.77611
1992-01-25,85.77278
1992-01-26,81.71
1992-01-27,84.9935
1992-01-28,81.869
1992-01-29,84.935
1992-01-30,75.3645
1992-01-31,77.6915
1992-02-01,74.2735
1992-02-02,78.0405
1992-02-03,75.497
1992-02-04,78.2755
1992-02-05,81.193
1992-02-06,77.320496
1992-02-07,87.16421
1992-02-08,87.30722
1992-02-09,82.8425
1992-02-10,70.881996
1992-02-11,74.854
1992-02-12,75.493996
1992-02-13,71.5875
1992-02-14,74.809
1992-02-15,65.964
1992-02-16,73.6965
1992-02-17,83.5965
1992-02-18,82.8265
1992-02-19,79.187
1992-02-20,80.473495
1992-02-21,86.009
1992-02-22,76.03
1992-02-23,81.723
1992-02-24,78.793495
1992-02-25,71.382996
1992-02-26,68.0175
1992-02-27,63.1925
1992-02-28,67.5785
1992-02-29,72.9345
1992-03-01,77.042496
1992-03-02,73.612495
1992-03-03,66.5625
1992-03-04,59.462997
1992-03-05,56.2525
1992-03-06,66.8665
1992-03-07,62.583
1992-03-08,63.716
1992-03-09,68.507996
1992-03-10,66.614
1992-03-11,64.575
1992-03-12,65.3595
1992-03-13,44.421497
1992-03-14,58.773
1992-03-15,67.845
1992-03-16,66.574
1992-03-17,68.696495
1992-03-18,63.864
1992-03-19,83.106
1992-03-20,85.59789
1992-03-21,69.625
1992-03-22,76.285995
1992-03-23,70.514
1992-03-24,52.363
1992-03-25,51.022
1992-03-26,66.37
1992-03-27,50.8425
1992-03-28,65.6475
1992-03-29,80.006996
1992-03-30,54.692497
1992-03-31,47.510498
1992-04-01,52.010498
1992-04-02,67.1355
1992-04-03,63.7175
1992-04-04,59.572
1992-04-05,57.3085
1992-04-06,71.7015
1992-04-07,86.4765
1992-04-08,77.139
1992-04-09,75.558
1992-04-10,84.0735
1992-04-11,86.395996
1992-04-12,79.1695
1992-04-13,59.1815
1992-04-14,62.154
1992-04-15,52.459
1992-04-16,53.9505
1992-04-17,73.204994
1992-04-18,87.279
1992-04-19,85.9435
1992-04-20,68.019
1992-04-21,62.317
1992-04-22,48.748497
1992-04-23,58.7665
1992-04-24,80.138504
1992-04-25,65.4895
1992-04-26,61.284
1992-04-27,59.447
1992-04-28,65.744995
1992-04-29,62.109497
1992-04-30,71.8815
1992-05-01,45.2585
1992-05-02,47.5825
1992-05-03,37.503155
1992-05-04,56.614
1992-05-05,55.7635
1992-05-06,56.704998
1992-05-07,54.719997
1992-05-08,68.4545
1992-05-09,62.670498
1992-05-10,57.303497
1992-05-11,52.6335
1992-05-12,64.7975
1992-05-13,61.4475
1992-05-14,60.661
1992-05-15,50.613
1992-05-16,48.519997
1992-05-17,51.698498
1992-05-18,82.716995
1992-05-19,81.3465
1992-05-20,68.4145
1992-05-21,62.967
1992-05-22,67.47
1992-05-23,70.376
1992-05-24,61.404
1992-05-25,57.831497
1992-05-26,68.1495
1992-05-27,69.131996
1992-05-28,77.316
1992-05-29,71.8035
1992-05-30,84.732
1992-05-31,63.1965
1992-06-01,61.046997
1992-06-02,62.7625
1992-06-03,58.483498
1992-06-04,70.4165
1992-06-05,72.7695
1992-06-06,79.523
1992-06-07,69.4085
1992-06-08,76.070496
1992-06-09,85.162
1992-06-10,81.718
1992-06-11,72.654
1992-06-12,71.409996
1992-06-13,72.9025
1992-06-14,83.3665
1992-06-15,85.041
1992-06-16,77.0485
1992-06-17,82.4885
1992-06-18,89.34158
1992-06-19,76.7175
1992-06-20,77.194496
1992-06-21,76.652
1992-06-22,71.6365
1992-06-23,67.777
1992-06-24,58.9965
1992-06-25,73.445496
1992-06-26,83.889496
1992-06-27,76.728
1992-06-28,70.952
1992-06-29,70.1555
1992-06-30,66.069496
1992-07-01,71.708496
1992-07-02,64.59
1992-07-03,69.213
1992-07-04,68.917
1992-07-05,55.0015
1992-07-06,72.781
1992-07-07,67.8695
1992-07-08,63.881
1992-07-09,56.1695
1992-07-10,63.6165
1992-07-11,69.164
1992-07-12,77.2425
1992-07-13,84.096
1992-07-14,78.409
1992-07-15,77.295
1992-07-16,66.7815
1992-07-17,61.7935
1992-07-18,61.916496
1992-07-19,69.4665
1992-07-20,67.9575
1992-07-21,62.941498
1992-07-22,70.4775
1992-07-23,66.444
1992-07-24,70.7955
1992-07-25,73.336
1992-07-26,68.584
1992-07-27,66.5635
1992-07-28,53.0415
1992-07-29,50.681
1992-07-30,55.855
1992-07-31,56.364998
1992-08-01,58.5935
1992-08-02,58.9045
1992-08-03,60.700996
1992-08-04,61.1175
1992-08-05,69.1075
1992-08-06,65.9715
1992-08-07,58.2725
1992-08-08,58.413998
1992-08-09,55.296997
1992-08-10,51.1745
1992-08-11,54.672
1992-08-12,59.7525
1992-08-13,53.9785
1992-08-14,57.1685
1992-08-15,67.896996
1992-08-16,68.0615
1992-08-17,56.767498
1992-08-18,55.0685
1992-08-19,55.016
1992-08-20,53.872498
1992-08-21,50.462498
1992-08-22,62.528
1992-08-23,63.163998
1992-08-24,69.9785
1992-08-25,59.571
1992-08-26,51.093
1992-08-27,48.5135
1992-08-28,49.6105
1992-08-29,39.266
1992-08-30,45.756996
1992-08-31,54.1865
1992-09-01,54.6065
1992-09-02,61.267498
1992-09-03,44.36
1992-09-04,54.6975
1992-09-05,86.4695
1992-09-06,65.053
1992-09-07,67.8795
1992-09-08,61.975
1992-09-09,61.895
1992-09-10,61.138
1992-09-11,62.3845
1992-09-12,66.277
1992-09-13,68.8635
1992-09-14,54.461
1992-09-15,69.132996
1992-09-16,63.683
1992-09-17,61.76
1992-09-18,63.109
1992-09-19,64.953
1992-09-20,69.951
1992-09-21,65.88
1992-09-22,59.577
1992-09-23,63.514
1992-09-24,60.23
1992-09-25,58.9025
1992-09-26,52.5055
1992-09-27,56.2845
1992-09-28,46.127
1992-09-29,70.4955
1992-09-30,78.4335
1992-10-01,78.7075
1992-10-02,72.9195
1992-10-03,66.419
1992-10-04,77.701996
1992-10-05,77.612495
1992-10-06,78.165
1992-10-07,76.432495
1992-10-08,77.255
1992-10-09,66.601
1992-10-10,68.3805
1992-10-11,85.21842
1992-10-12,79.666
1992-10-13,79.443
1992-10-14,69.6285
1992-10-15,79.1685
1992-10-16,81.1375
1992-10-17,78.9955
1992-10-18,81.657
1992-10-19,76.109
1992-10-20,71.246
1992-10-21,82.311
1992-10-22,83.221
1992-10-23,81.173
1992-10-24,86.926
1992-10-25,76.7015
1992-10-26,79.6875
1992-10-27,84.1805
1992-10-28,75.445
1992-10-29,68.3465
1992-10-30,77.8185
1992-10-31,82.5155
1992-11-01,82.147
1992-11-02,75.139496
1992-11-03,76.7515
1992-11-04,81.947
1992-11-05,72.754
1992-11-06,77.889
1992-11-07,71.2685
1992-11-08,61.752
1992-11-09,69.582
1992-11-10,65.953
1992-11-11,64.077995
1992-11-12,87.270996
1992-11-13,75.76
1992-11-14,84.3145
1992-11-15,76.397995
1992-11-16,65.6295
1992-11-17,79.2935
1992-11-18,84.8075
1992-11-19,79.488
1992-11-20,74.209
1992-11-21,67.852
1992-11-22,83.884
1992-11-23,80.079
1992-11-24,77.941
1992-11-25,78.35
1992-11-26,79.7895
1992-11-27,68.6355
1992-11-28,63.643497
1992-11-29,80.4715
1992-11-30,82.5675
1992-12-01,73.7035
1992-12-02,67.142
1992-12-03,71.521996
1992-12-04,67.5385
1992-12-05,65.871
1992-12-06,80.6155
1992-12-07,89.45062
1992-12-08,83.155
1992-12-09,87.78263
1992-12-10,89.87727
1992-12-11,92.61154
1992-12-12,91.56529
1992-12-13,82.3665
1992-12-14,83.986496
1992-12-15,89.832
1992-12-16,88.00166
1992-12-17,87.994736
1992-12-18,90.9225
1992-12-19,88.17579
1992-12-20,88.63928
1992-12-21,90.93882
1992-12-22,84.8205
1992-12-23,76.7195
1992-12-24,77.241
1992-12-25,81.65
1992-12-26,83.92842
1992-12-27,85.1275
1992-12-28,82.623
1992-12-29,77.3995
1992-12-30,80.8415
1992-12-31,82.277
1993-01-01,82.102104
1993-01-02,78.6155
1993-01-03,76.425995
1993-01-04,73.396996
1993-01-05,74.414
1993-01-06,72.42
1993-01-07,80.67
1993-01-08,88.460526
1993-01-09,86.2305
1993-01-10,84.743
1993-01-11,73.2385
1993-01-12,69.2965
1993-01-13,63.928
1993-01-14,69.9685
1993-01-15,63.642998
1993-01-16,68.295
1993-01-17,71.9515
1993-01-18,77.314
1993-01-19,77.964
1993-01-20,87.537895
1993-01-21,76.0275
1993-01-22,68.8245
1993-01-23,61.158497
1993-01-24,59.068497
1993-01-25,68.949
1993-01-26,69.358
1993-01-27,68.7805
1993-01-28,71.052
1993-01-29,86.001114
1993-01-30,83.6095
1993-01-31,79.215
1993-02-01,79.359
1993-02-02,75.731
1993-02-03,79.9825
1993-02-04,78.8965
1993-02-05,70.31
1993-02-06,75.3835
1993-02-07,77.6705
1993-02-08,74.238
1993-02-09,68.6135
1993-02-10,72.5595
1993-02-11,78.4365
1993-02-12,61.716
1993-02-13,70.475494
1993-02-14,79.186844
1993-02-15,76.6815
1993-02-16,65.244995
1993-02-17,68.7015
1993-02-18,78.1105
1993-02-19,71.926
1993-02-20,83.8855
1993-02-21,76.627
1993-02-22,90.486115
1993-02-23,88.622
1993-02-24,82.6045
1993-02-25,85.692
1993-02-26,84.84722
1993-02-27,72.528
1993-02-28,66.7065
1993-03-01,71.995
1993-03-02,85.56
1993-03-03,87.21526
1993-03-04,86.15
1993-03-05,86.545
1993-03-06,81.1465
1993-03-07,80.3235
1993-03-08,87.0045
1993-03-09,87.113
1993-03-10,78.5095
1993-03-11,79.5465
1993-03-12,82.006
1993-03-13,79.7745
1993-03-14,74.597
1993-03-15,72.817
1993-03-16,77.145996
1993-03-17,84.599
1993-03-18,89.3945
1993-03-19,69.655
1993-03-20,59.42
1993-03-21,53.98
1993-03-22,52.1605
1993-03-23,62.837997
1993-03-24,68.296
1993-03-25,82.3775
1993-03-26,89.0445
1993-03-27,92.433334
1993-03-28,90.58706
1993-03-29,83.0135
1993-03-30,76.5955
1993-03-31,75.306496
1993-04-01,74.481995
1993-04-02,74.788
1993-04-03,66.334
1993-04-04,84.034
1993-04-05,87.0855
1993-04-06,72.9935
1993-04-07,85.304
1993-04-08,76.584
1993-04-09,78.964
1993-04-10,71.3945
1993-04-11,70.81
1993-04-12,82.2005
1993-04-13,71.584
1993-04-14,68.247
1993-04-15,83.3
1993-04-16,82.979
1993-04-17,83.3445
1993-04-18,71.0055
1993-04-19,65.278496
1993-04-20,59.303497
1993-04-21,61.975
1993-04-22,50.489998
1993-04-23,55.2785
1993-04-24,43.177
1993-04-25,46.698498
1993-04-26,42.6415
1993-04-27,51.716
1993-04-28,52.206497
1993-04-29,56.724
1993-04-30,61.7485
1993-05-01,60.8675
1993-05-02,54.473
1993-05-03,62.482
1993-05-04,79.5555
1993-05-05,73.6795
1993-05-06,68.5875
1993-05-07,66.5325
1993-05-08,74.581
1993-05-09,69.864
1993-05-10,59.001
1993-05-11,50.2725
1993-05-12,55.724
1993-05-13,50.939
1993-05-14,68.8805
1993-05-15,66.534
1993-05-16,77.6505
1993-05-17,73.433
1993-05-18,75.9785
1993-05-19,63.052
1993-05-20,59.2255
1993-05-21,64.3115
1993-05-22,74.322
1993-05-23,74.537
1993-05-24,72.6035
1993-05-25,70.125496
1993-05-26,68.437
1993-05-27,64.409
1993-05-28,59.486496
1993-05-29,66.5135
1993-05-30,58.2245
1993-05-31,70.293
1993-06-01,65.1975
1993-06-02,58.3115
1993-06-03,58.413498
1993-06-04,66.8505
1993-06-05,70.148
1993-06-06,68.4805
1993-06-07,61.558
1993-06-08,61.673
1993-06-09,64.751495
1993-06-10,55.240997
1993-06-11,57.132
1993-06-12,56.841
1993-06-13,63.5905
1993-06-14,71.77
1993-06-15,70.372
1993-06-16,61.378498
1993-06-17,59.539497
1993-06-18,73.773994
1993-06-19,64.102
1993-06-20,55.133
1993-06-21,55.0265
1993-06-22,55.9935
1993-06-23,63.189
1993-06-24,65.585495
1993-06-25,50.688
1993-06-26,62.4665
1993-06-27,65.97
1993-06-28,68.3575
1993-06-29,76.646996
1993-06-30,57.4875
1993-07-01,61.719997
1993-07-02,59.4495
1993-07-03,50.015
1993-07-04,51.135998
1993-07-05,54.8435
1993-07-06,64.588
1993-07-07,79.26
1993-07-08,65.437
1993-07-09,55.015
1993-07-10,39.5305
1993-07-11,44.560997
1993-07-12,64.6185
1993-07-13,79.6245
1993-07-14,69.483
1993-07-15,58.5475
1993-07-16,67.724
1993-07-17,60.018997
1993-07-18,54.322998
1993-07-19,58.304
1993-07-20,46.75
1993-07-21,58.1625
1993-07-22,89.24526
1993-07-23,75.7865
1993-07-24,66.1475
1993-07-25,52.8155
1993-07-26,55.788498
1993-07-27,76.5095
1993-07-28,65.9955
1993-07-29,56.9445
1993-07-30,58.738
1993-07-31,51.606
1993-08-01,59.509
1993-08-02,61.754498
1993-08-03,60.355
1993-08-04,59.117996
1993-08-05,48.184
1993-08-06,52.968998
1993-08-07,59.003998
1993-08-08,55.028
1993-08-09,70.0805
1993-08-10,81.498
1993-08-11,73.132
1993-08-12,61.434498
1993-08-13,55.948997
1993-08-14,57.1165
1993-08-15,53.925
1993-08-16,53.3005
1993-08-17,53.5695
1993-08-18,56.561996
1993-08-19,59.343
1993-08-20,55.350998
1993-08-21,60.052
1993-08-22,55.839996
1993-08-23,43.4375
1993-08-24,55.4335
1993-08-25,59.4745
1993-08-26,73.561
1993-08-27,72.1515
1993-08-28,81.8035
1993-08-29,84.6755
1993-08-30,75.053
1993-08-31,75.384
1993-09-01,84.762
1993-09-02,83.755
1993-09-03,72.5175
1993-09-04,71.4895
1993-09-05,89.08353
1993-09-06,78.582
1993-09-07,62.486
1993-09-08,58.645
1993-09-09,62.737
1993-09-10,71.376495
1993-09-11,67.522
1993-09-12,82.878
1993-09-13,70.5665
1993-09-14,54.665497
1993-09-15,80.7695
1993-09-16,73.431496
1993-09-17,68.9165
1993-09-18,79.81
1993-09-19,72.4905
1993-09-20,67.423
1993-09-21,65.024
1993-09-22,57.196
1993-09-23,56.454
1993-09-24,55.878
1993-09-25,57.048
1993-09-26,63.965
1993-09-27,76.776
1993-09-28,68.8845
1993-09-29,76.9065
1993-09-30,79.375
1993-10-01,69.9605
1993-10-02,70.6665
1993-10-03,76.2595
1993-10-04,90.052635
1993-10-05,91.10875
1993-10-06,83.481
1993-10-07,72.94
1993-10-08,70.082
1993-10-09,71.633995
1993-10-10,77.1175
1993-10-11,72.3475
1993-10-12,69.631996
1993-10-13,59.091
1993-10-14,52.7985
1993-10-15,64.3885
1993-10-16,74.519
1993-10-17,74.208
1993-10-18,75.2025
1993-10-19,77.5305
1993-10-20,86.65632
1993-10-21,86.361
1993-10-22,79.4255
1993-10-23,76.861496
1993-10-24,80.8985
1993-10-25,83.1635
1993-10-26,82.6875
1993-10-27,84.9535
1993-10-28,77.763
1993-10-29,79.331
1993-10-30,71.1105
1993-10-31,63.892998
1993-11-01,73.889
1993-11-02,60.0295
1993-11-03,65.991
1993-11-04,82.6045
1993-11-05,88.2355
1993-11-06,90.50889
1993-11-07,83.3775
1993-11-08,80.484
1993-11-09,90.60125
1993-11-10,86.143
1993-11-11,80.9155
1993-11-12,60.778
1993-11-13,81.6545
1993-11-14,85.361
1993-11-15,86.94312
1993-11-16,93.2
1993-11-17,87.928
1993-11-18,82.750496
1993-11-19,81.481
1993-11-20,87.341576
1993-11-21,87.89579
1993-11-22,90.44222
1993-11-23,90.95556
1993-11-24,85.6465
1993-11-25,82.5825
1993-11-26,81.3325
1993-11-27,83.326996
1993-11-28,80.784
1993-11-29,84.804
1993-11-30,87.4465
1993-12-01,82.4905
1993-12-02,85.026
1993-12-03,87.15
1993-12-04,90.86588
1993-12-05,91.54667
1993-12-06,91.44933
1993-12-07,86.055
1993-12-08,93.56182
1993-12-09,84.823
1993-12-10,74.4965
1993-12-11,83.567
1993-12-12,86.399475
1993-12-13,80.8005
1993-12-14,80.3275
1993-12-15,86.99944
1993-12-16,84.193
1993-12-17,85.885
1993-12-18,79.2045
1993-12-19,81.2425
1993-12-20,80.43105
1993-12-21,80.32474
1993-12-22,81.2135
1993-12-23,79.636
1993-12-24,77.016495
1993-12-25,81.6075
1993-12-26,78.0385
1993-12-27,90.840836
1993-12-28,91.738235
1993-12-29,90.26
1993-12-30,90.231575
1993-12-31,84.4195
1994-01-01,87.55789
1994-01-02,92.01833
1994-01-03,86.0475
1994-01-04,79.0085
1994-01-05,82.154
1994-01-06,79.03167
1994-01-07,67.4015
1994-01-08,80.794
1994-01-09,88.5865
1994-01-10,88.49588
1994-01-11,87.5465
1994-01-12,91.345
1994-01-13,90.53909
1994-01-14,92.64
1994-01-15,92.905
1994-01-16,84.6215
1994-01-17,86.623
1994-01-18,88.045
1994-01-19,82.546
1994-01-20,87.92222
1994-01-21,92.11059
1994-01-22,89.53236
1994-01-23,88.85684
1994-01-24,82.287
1994-01-25,77.0265
1994-01-26,78.1275
1994-01-27,77.478
1994-01-28,75.3655
1994-01-29,84.42
1994-01-30,75.6375
1994-01-31,83.368
1994-02-01,77.5515
1994-02-02,75.003
1994-02-03,72.1655
1994-02-04,68.1645
1994-02-05,75.408
1994-02-06,82.4865
1994-02-07,85.8035
1994-02-08,81.251
1994-02-09,84.922
1994-02-10,81.7045
1994-02-11,84.399
1994-02-12,82.08
1994-02-13,63.713497
1994-02-14,61.7605
1994-02-15,69.1465
1994-02-16,71.3925
1994-02-17,76.7465
1994-02-18,86.337
1994-02-19,89.3447
1994-02-20,90.450554
1994-02-21,90.77
1994-02-22,87.69111
1994-02-23,76.4805
1994-02-24,79.694496
1994-02-25,89.631996
1994-02-26,80.340996
1994-02-27,69.101
1994-02-28,60.435497
1994-03-01,64.349
1994-03-02,73.017
1994-03-03,79.17
1994-03-04,71.7605
1994-03-05,81.1175
1994-03-06,74.0585
1994-03-07,63.386997
1994-03-08,81.562996
1994-03-09,77.197
1994-03-10,71.436
1994-03-11,64.566
1994-03-12,59.653
1994-03-13,59.219997
1994-03-14,70.089
1994-03-15,72.3915
1994-03-16,64.155495
1994-03-17,71.486
1994-03-18,57.441498
1994-03-19,45.0355
1994-03-20,58.622997
1994-03-21,70.5175
1994-03-22,74.77
1994-03-23,66.4075
1994-03-24,67.1855
1994-03-25,56.457996
1994-03-26,56.767498
1994-03-27,79.423996
1994-03-28,76.5395
1994-03-29,62.5515
1994-03-30,67.7915
1994-03-31,59.767498
1994-04-01,49.365498
1994-04-02,68.9085
1994-04-03,80.11
1994-04-04,73.9365
1994-04-05,86.792496
1994-04-06,91.95778
1994-04-07,83.361
1994-04-08,71.546
1994-04-09,83.601
1994-04-10,70.441
1994-04-11,72.6065
1994-04-12,69.2495
1994-04-13,65.6455
1994-04-14,65.959
1994-04-15,56.836
1994-04-16,57.274998
1994-04-17,59.9965
1994-04-18,79.6495
1994-04-19,72.6375
1994-04-20,74.7485
1994-04-21,76.695496
1994-04-22,87.134
1994-04-23,83.804
1994-04-24,78.082
1994-04-25,68.864
1994-04-26,74.2075
1994-04-27,78.122
1994-04-28,87.1775
1994-04-29,80.7285
1994-04-30,74.184
1994-05-01,70.684
1994-05-02,67.3675
1994-05-03,68.1185
1994-05-04,62.4395
1994-05-05,60.0025
1994-05-06,85.4595
1994-05-07,85.8525
1994-05-08,86.047
1994-05-09,79.154495
1994-05-10,77.588
1994-05-11,74.2855
1994-05-12,76.784
1994-05-13,68.7975
1994-05-14,64.611
1994-05-15,72.765
1994-05-16,66.2245
1994-05-17,59.762
1994-05-18,53.2375
1994-05-19,55.665497
1994-05-20,68.8735
1994-05-21,63.3365
1994-05-22,69.0805
1994-05-23,59.1895
1994-05-24,66.208496
1994-05-25,81.916
1994-05-26,74.794
1994-05-27,69.8175
1994-05-28,68.86
1994-05-29,69.0655
1994-05-30,77.758995
1994-05-31,70.6335
1994-06-01,59.291
1994-06-02,52.787
1994-06-03,51.683
1994-06-04,64.862
1994-06-05,85.0935
1994-06-06,81.6215
1994-06-07,73.2635
1994-06-08,70.877
1994-06-09,66.472
1994-06-10,79.1005
1994-06-11,86.4175
1994-06-12,75.325
1994-06-13,78.979
1994-06-14,83.0995
1994-06-15,76.2075
1994-06-16,64.5795
1994-06-17,76.7265
1994-06-18,64.4815
1994-06-19,62.052998
1994-06-20,64.976
1994-06-21,72.047
1994-06-22,68.469
1994-06-23,63.3715
1994-06-24,50.223
1994-06-25,54.970497
1994-06-26,53.151997
1994-06-27,58.424
1994-06-28,59.05
1994-06-29,58.624
1994-06-30,64.4855
1994-07-01,69.5915
1994-07-02,67.9525
1994-07-03,63.663998
1994-07-04,58.5285
1994-07-05,56.5055
1994-07-06,64.0385
1994-07-07,64.205
1994-07-08,58.086
1994-07-09,75.4675
1994-07-10,79.872
1994-07-11,90.622635
1994-07-12,84.165
1994-07-13,74.1145
1994-07-14,71.447
1994-07-15,73.5785
1994-07-16,72.229996
1994-07-17,70.471
1994-07-18,72.989
1994-07-19,69.6515
1994-07-20,59.253998
1994-07-21,67.471
1994-07-22,75.7705
1994-07-23,72.556496
1994-07-24,63.2175
1994-07-25,54.266
1994-07-26,56.634
1994-07-27,58.9235
1994-07-28,60.0955
1994-07-29,58.831497
1994-07-30,60.503498
1994-07-31,58.2715
1994-08-01,58.1005
1994-08-02,49.851498
1994-08-03,58.9925
1994-08-04,66.742
1994-08-05,66.936
1994-08-06,62.5235
1994-08-07,54.7575
1994-08-08,55.8825
1994-08-09,58.5405
1994-08-10,59.302
1994-08-11,52.9115
1994-08-12,64.0625
1994-08-13,62.738
1994-08-14,64.072
1994-08-15,62.886497
1994-08-16,59.717
1994-08-17,57.684998
1994-08-18,68.7865
1994-08-19,69.265
1994-08-20,61.2235
1994-08-21,58.879498
1994-08-22,61.885498
1994-08-23,73.798
1994-08-24,67.409
1994-08-25,72.891
1994-08-26,87.89474
1994-08-27,87.890495
1994-08-28,75.3445
1994-08-29,72.039
1994-08-30,67.009
1994-08-31,70.853
1994-09-01,73.2
1994-09-02,65.496
1994-09-03,55.5795
1994-09-04,81.655
1994-09-05,79.0585
1994-09-06,71.268
1994-09-07,63.529
1994-09-08,51.810997
1994-09-09,49.7185
1994-09-10,72.093
1994-09-11,61.9855
1994-09-12,61.615498
1994-09-13,56.4165
1994-09-14,45.2205
1994-09-15,64.598495
1994-09-16,60.5515
1994-09-17,75.0215
1994-09-18,75.405
1994-09-19,82.9135
1994-09-20,91.73473
1994-09-21,79.21
1994-09-22,70.6
1994-09-23,65.8115
1994-09-24,68.144
1994-09-25,71.682
1994-09-26,74.6165
1994-09-27,69.9885
1994-09-28,67.315994
1994-09-29,73.659
1994-09-30,77.779495
1994-10-01,74.6035
1994-10-02,74.711
1994-10-03,75.5345
1994-10-04,90.08667
1994-10-05,81.039
1994-10-06,89.922226
1994-10-07,89.66231
1994-10-08,88.15579
1994-10-09,89.864
1994-10-10,76.586
1994-10-11,80.0625
1994-10-12,81.7975
1994-10-13,83.657
1994-10-14,80.24
1994-10-15,78.086
1994-10-16,81.655
1994-10-17,89.55294
1994-10-18,74.3025
1994-10-19,65.594
1994-10-20,69.212
1994-10-21,78.7245
1994-10-22,74.337
1994-10-23,80.2715
1994-10-24,78.167
1994-10-25,90.095
1994-10-26,74.518
1994-10-27,82.673
1994-10-28,72.61
1994-10-29,85.31
1994-10-30,88.543526
1994-10-31,78.2565
1994-11-01,72.533
1994-11-02,72.2535
1994-11-03,81.6055
1994-11-04,74.298
1994-11-05,58.087498
1994-11-06,54.7275
1994-11-07,69.947
1994-11-08,73.204
1994-11-09,78.323
1994-11-10,79.795
1994-11-11,85.326
1994-11-12,90.56182
1994-11-13,88.4921
1994-11-14,88.01722
1994-11-15,80.17895
1994-11-16,85.1715
1994-11-17,82.9125
1994-11-18,86.1595
1994-11-19,85.056
1994-11-20,79.9915
1994-11-21,80.711
1994-11-22,79.84944
1994-11-23,82.68176
1994-11-24,82.828
1994-11-25,77.031
1994-11-26,72.238
1994-11-27,78.6755
1994-11-28,79.506996
1994-11-29,73.750496
1994-11-30,75.6215
1994-12-01,75.410995
1994-12-02,77.6375
1994-12-03,77.99
1994-12-04,74.849495
1994-12-05,77.918495
1994-12-06,84.2345
1994-12-07,85.95177
1994-12-08,86.8655
1994-12-09,90.38857
1994-12-10,90.47615
1994-12-11,86.222496
1994-12-12,80.4685
1994-12-13,72.224
1994-12-14,72.742
1994-12-15,80.5125
1994-12-16,83.86895
1994-12-17,86.34055
1994-12-18,88.02052
1994-12-19,83.247
1994-12-20,75.701
1994-12-21,76.296
1994-12-22,89.848946
1994-12-23,90.566666
1994-12-24,88.50474
1994-12-25,92.26846
1994-12-26,93.611664
1994-12-27,87.407646
1994-12-28,86.09105
1994-12-29,82.6415
1994-12-30,81.11
1994-12-31,85.721
1995-01-01,90.47412
1995-01-02,88.65294
1995-01-03,89.75353
1995-01-04,90.146
1995-01-05,86.54
1995-01-06,87.82105
1995-01-07,91.763
1995-01-08,90.253845
1995-01-09,92.504166
1995-01-10,89.78714
1995-01-11,88.24222
1995-01-12,89.59052
1995-01-13,88.82833
1995-01-14,90.135
1995-01-15,85.18
1995-01-16,90.969444
1995-01-17,86.20842
1995-01-18,89.81
1995-01-19,81.873
1995-01-20,78.151
1995-01-21,83.615
1995-01-22,85.102356
1995-01-23,85.7721
1995-01-24,87.55
1995-01-25,75.584
1995-01-26,76.149
1995-01-27,82.348
1995-01-28,77.3945
1995-01-29,85.91055
1995-01-30,82.2485
1995-01-31,91.13937
1995-02-01,80.9745
1995-02-02,78.835495
1995-02-03,82.8435
1995-02-04,77.604
1995-02-05,87.275
1995-02-06,85.266
1995-02-07,82.0235
1995-02-08,72.795
1995-02-09,75.9505
1995-02-10,75.6205
1995-02-11,71.824
1995-02-12,79.5555
1995-02-13,79.0815
1995-02-14,78.1065
1995-02-15,90.25882
1995-02-16,87.593
1995-02-17,84.0575
1995-02-18,79.1925
1995-02-19,88.378
1995-02-20,77.824
1995-02-21,63.415
1995-02-22,72.713
1995-02-23,75.374
1995-02-24,75.2965
1995-02-25,83.7355
1995-02-26,76.4985
1995-02-27,85.035995
1995-02-28,75.6245
1995-03-01,59.628498
1995-03-02,50.523
1995-03-03,83.5175
1995-03-04,66.6065
1995-03-05,68.9825
1995-03-06,74.619995
1995-03-07,83.8
1995-03-08,83.5035
1995-03-09,62.523
1995-03-10,73.029
1995-03-11,73.1475
1995-03-12,82.552
1995-03-13,77.616
1995-03-14,77.057
1995-03-15,81.25737
1995-03-16,70.844
1995-03-17,80.537
1995-03-18,66.428
1995-03-19,61.361
1995-03-20,62.6505
1995-03-21,76.139
1995-03-22,79.268
1995-03-23,78.0815
1995-03-24,82.8095
1995-03-25,66.802
1995-03-26,63.537
1995-03-27,57.240997
1995-03-28,69.1475
1995-03-29,76.493
1995-03-30,88.890526
1995-03-31,84.757996
1995-04-01,75.392
1995-04-02,85.033
1995-04-03,55.9975
1995-04-04,48.400497
1995-04-05,53.5135
1995-04-06,56.6815
1995-04-07,63.395
1995-04-08,74.3245
1995-04-09,83.787
1995-04-10,79.882996
1995-04-11,74.0915
1995-04-12,87.175
1995-04-13,84.535995
1995-04-14,82.392
1995-04-15,64.163
1995-04-16,58.007
1995-04-17,84.5985
1995-04-18,63.789997
1995-04-19,47.706497
1995-04-20,46.8225
1995-04-21,45.707
1995-04-22,48.045498
1995-04-23,59.855
1995-04-24,64.2155
1995-04-25,72.8425
1995-04-26,77.262
1995-04-27,75.7985
1995-04-28,70.667
1995-04-29,71.4475
1995-04-30,64.4405
1995-05-01,70.9205
1995-05-02,73.336
1995-05-03,79.0325
1995-05-04,70.096
1995-05-05,74.9565
1995-05-06,76.5235
1995-05-07,62.989998
1995-05-08,61.7865
1995-05-09,62.27
1995-05-10,68.1225
1995-05-11,83.8255
1995-05-12,77.8575
1995-05-13,69.375
1995-05-14,80.1115
1995-05-15,74.958
1995-05-16,64.124
1995-05-17,54.317497
1995-05-18,81.716
1995-05-19,82.8415
1995-05-20,91.36533
1995-05-21,91.24
1995-05-22,92.62
1995-05-23,85.9445
1995-05-24,77.368996
1995-05-25,70.1715
1995-05-26,66.5495
1995-05-27,65.363
1995-05-28,66.588
1995-05-29,59.7995
1995-05-30,65.4435
1995-05-31,59.3275
1995-06-01,68.83
1995-06-02,81.645
1995-06-03,81.858
1995-06-04,72.7625
1995-06-05,62.8875
1995-06-06,68.8025
1995-06-07,79.25
1995-06-08,79.895996
1995-06-09,76.2865
1995-06-10,70.1825
1995-06-11,62.2035
1995-06-12,69.332
1995-06-13,75.3645
1995-06-14,80.6315
1995-06-15,75.769
1995-06-16,75.4075
1995-06-17,77.942
1995-06-18,74.0235
1995-06-19,75.1315
1995-06-20,67.5735
1995-06-21,65.0665
1995-06-22,76.322
1995-06-23,76.1245
1995-06-24,80.4925
1995-06-25,85.3985
1995-06-26,81.8345
1995-06-27,86.914734
1995-06-28,78.896996
1995-06-29,65.553
1995-06-30,70.757996
1995-07-01,64.67
1995-07-02,67.4665
1995-07-03,61.517498
1995-07-04,75.054
1995-07-05,65.177
1995-07-06,69.145996
1995-07-07,79.397995
1995-07-08,67.334496
1995-07-09,72.8975
1995-07-10,67.618
1995-07-11,70.6965
1995-07-12,64.841995
1995-07-13,65.368
1995-07-14,65.747
1995-07-15,69.0905
1995-07-16,80.7315
1995-07-17,74.756
1995-07-18,72.694
1995-07-19,78.7415
1995-07-20,71.393
1995-07-21,66.3275
1995-07-22,59.143997
1995-07-23,67.7425
1995-07-24,73.339
1995-07-25,72.0765
1995-07-26,65.671
1995-07-27,56.316498
1995-07-28,58.093
1995-07-29,57.9015
1995-07-30,70.9885
1995-07-31,75.01849
1995-08-01,75.017
1995-08-02,74.2415
1995-08-03,79.5765
1995-08-04,61.762497
1995-08-05,67.070496
1995-08-06,63.763
1995-08-07,58.551
1995-08-08,68.409
1995-08-09,64.676
1995-08-10,79.4285
1995-08-11,66.1855
1995-08-12,57.8965
1995-08-13,57.104
1995-08-14,58.364
1995-08-15,65.323
1995-08-16,83.9975
1995-08-17,73.484
1995-08-18,63.302498
1995-08-19,60.0375
1995-08-20,68.8385
1995-08-21,79.4045
1995-08-22,70.694
1995-08-23,66.639
1995-08-24,63.127
1995-08-25,69.36
1995-08-26,88.1175
1995-08-27,68.988495
1995-08-28,58.953
1995-08-29,80.312
1995-08-30,75.585495
1995-08-31,80.631
1995-09-01,74.652
1995-09-02,76.586
1995-09-03,68.825
1995-09-04,83.351
1995-09-05,76.5085
1995-09-06,84.570496
1995-09-07,75.2715
1995-09-08,66.513
1995-09-09,79.2325
1995-09-10,72.6875
1995-09-11,70.750496
1995-09-12,72.3465
1995-09-13,70.58
1995-09-14,64.6005
1995-09-15,76.796
1995-09-16,73.346
1995-09-17,79.4185
1995-09-18,80.9525
1995-09-19,74.486496
1995-09-20,83.013
1995-09-21,83.7795
1995-09-22,80.68
1995-09-23,84.1545
1995-09-24,79.6625
1995-09-25,78.2105
1995-09-26,79.764496
1995-09-27,73.734
1995-09-28,72.2285
1995-09-29,90.308
1995-09-30,74.372
1995-10-01,76.539
1995-10-02,77.687
1995-10-03,71.462
1995-10-04,69.434
1995-10-05,74.295
1995-10-06,71.2855
1995-10-07,67.3315
1995-10-08,78.39
1995-10-09,82.54
1995-10-10,81.297
1995-10-11,76.9915
1995-10-12,70.153496
1995-10-13,74.662
1995-10-14,74.5235
1995-10-15,82.357
1995-10-16,79.3935
1995-10-17,75.486
1995-10-18,76.011
1995-10-19,76.29
1995-10-20,75.845
1995-10-21,70.51
1995-10-22,75.852
1995-10-23,65.4235
1995-10-24,68.1715
1995-10-25,71.0455
1995-10-26,75.1555
1995-10-27,79.05
1995-10-28,81.7175
1995-10-29,79.417
1995-10-30,76.249
1995-10-31,84.0521
1995-11-01,86.529
1995-11-02,89.7615
1995-11-03,86.034706
1995-11-04,89.10105
1995-11-05,89.81118
1995-11-06,91.13375
1995-11-07,89.035835
1995-11-08,76.420525
1995-11-09,77.863
1995-11-10,82.1475
1995-11-11,77.104996
1995-11-12,79.7615
1995-11-13,82.37473
1995-11-14,88.692
1995-11-15,89.8447
1995-11-16,80.8775
1995-11-17,82.4795
1995-11-18,84.091
1995-11-19,76.113495
1995-11-20,85.408
1995-11-21,87.5365
1995-11-22,83.35889
1995-11-23,86.803154
1995-11-24,81.377
1995-11-25,71.363
1995-11-26,66.187
1995-11-27,70.638504
1995-11-28,76.959
1995-11-29,91.072945
1995-11-30,90.6175
1995-12-01,92.683334
1995-12-02,93.317505
1995-12-03,93.955
1995-12-04,93.526665
1995-12-05,92.358665
1995-12-06,90.7135
1995-12-07,89.7355
1995-12-08,88.25166
1995-12-09,89.905624
1995-12-10,90.71
1995-12-11,92.97417
1995-12-12,92.034164
1995-12-13,90.52333
1995-12-14,91.4175
1995-12-15,92.9375
1995-12-16,92.53
1995-12-17,86.833496
1995-12-18,91.093155
1995-12-19,93.68667
1995-12-20,91.93733
1995-12-21,82.8875
1995-12-22,80.84052
1995-12-23,83.648
1995-12-24,82.419
1995-12-25,89.87474
1995-12-26,89.85
1995-12-27,92.17333
1995-12-28,88.45842
1995-12-29,88.57786
1995-12-30,88.0255
1995-12-31,87.6525
1996-01-01,90.284
1996-01-02,92.67
1996-01-03,91.30118
1996-01-04,90.98118
1996-01-05,91.167854
1996-01-06,88.80368
1996-01-07,89.27789
1996-01-08,89.88529
1996-01-09,88.892
1996-01-10,86.68
1996-01-11,85.7985
1996-01-12,84.52368
1996-01-13,83.8755
1996-01-14,88.64778
1996-01-15,86.12944
1996-01-16,86.93353
1996-01-17,86.29105
1996-01-18,86.771996
1996-01-19,85.2965
1996-01-20,84.3115
1996-01-21,87.85737
1996-01-22,88.9015
1996-01-23,80.1165
1996-01-24,85.0565
1996-01-25,85.1855
1996-01-26,88.0079
1996-01-27,92.539
1996-01-28,92.495
1996-01-29,90.95308
1996-01-30,88.89667
1996-01-31,81.78105
1996-02-01,80.2805
1996-02-02,79.532
1996-02-03,79.8605
1996-02-04,86.713684
1996-02-05,91.75
1996-02-06,81.775
1996-02-07,80.9775
1996-02-08,84.7475
1996-02-09,86.31842
1996-02-10,83.6875
1996-02-11,84.251
1996-02-12,84.2755
1996-02-13,80.193
1996-02-14,91.77454
1996-02-15,86.0725
1996-02-16,85.68632
1996-02-17,84.9775
1996-02-18,86.87053
1996-02-19,71.5025
1996-02-20,80.944496
1996-02-21,90.37722
1996-02-22,91.01579
1996-02-23,89.8
1996-02-24,86.666
1996-02-25,81.791504
1996-02-26,78.821
1996-02-27,80.11
1996-02-28,77.9075
1996-02-29,77.2615
1996-03-01,85.6535
1996-03-02,84.3085
1996-03-03,81.64895
1996-03-04,83.949
1996-03-05,79.2825
1996-03-06,81.375496
1996-03-07,77.418495
1996-03-08,74.791
1996-03-09,75.891
1996-03-10,82.5245
1996-03-11,74.1665
1996-03-12,82.8495
1996-03-13,84.416
1996-03-14,85.3675
1996-03-15,86.018
1996-03-16,85.701996
1996-03-17,89.01
1996-03-18,78.5335
1996-03-19,74.588
1996-03-20,84.7235
1996-03-21,82.6865
1996-03-22,76.4575
1996-03-23,76.7445
1996-03-24,70.225
1996-03-25,85.37
1996-03-26,76.947
1996-03-27,89.67647
1996-03-28,92.0
1996-03-29,88.888
1996-03-30,75.772995
1996-03-31,87.86632
1996-04-01,58.824997
1996-04-02,60.296497
1996-04-03,77.5675
1996-04-04,81.070496
1996-04-05,83.6925
1996-04-06,76.082
1996-04-07,61.166
1996-04-08,61.553
1996-04-09,67.2745
1996-04-10,70.154
1996-04-11,71.416
1996-04-12,69.783
1996-04-13,77.686
1996-04-14,79.529
1996-04-15,87.2395
1996-04-16,93.27333
1996-04-17,79.1995
1996-04-18,69.3575
1996-04-19,63.1685
1996-04-20,61.539997
1996-04-21,57.244
1996-04-22,51.7655
1996-04-23,40.958
1996-04-24,44.852997
1996-04-25,54.42
1996-04-26,66.106995
1996-04-27,61.448498
1996-04-28,56.756996
1996-04-29,57.9785
1996-04-30,61.0965
1996-05-01,58.378
1996-05-02,71.0245
1996-05-03,54.517498
1996-05-04,65.7345
1996-05-05,64.6145
1996-05-06,67.6095
1996-05-07,75.722
1996-05-08,69.4045
1996-05-09,67.678
1996-05-10,68.9495
1996-05-11,79.1855
1996-05-12,76.356
1996-05-13,70.0725
1996-05-14,85.079
1996-05-15,83.9395
1996-05-16,87.755264
1996-05-17,73.840996
1996-05-18,59.047
1996-05-19,47.6685
1996-05-20,54.7925
1996-05-21,61.907997
1996-05-22,62.6675
1996-05-23,64.4245
1996-05-24,60.093998
1996-05-25,60.202
1996-05-26,66.199
1996-05-27,64.0315
1996-05-28,87.045
1996-05-29,91.10125
1996-05-30,82.637
1996-05-31,74.083496
1996-06-01,75.5245
1996-06-02,65.404495
1996-06-03,64.833
1996-06-04,76.743996
1996-06-05,71.381
1996-06-06,71.5445
1996-06-07,66.7335
1996-06-08,66.257996
1996-06-09,61.137
1996-06-10,55.0405
1996-06-11,58.079998
1996-06-12,68.931
1996-06-13,81.1605
1996-06-14,67.046
1996-06-15,67.5105
1996-06-16,69.1835
1996-06-17,67.0525
1996-06-18,52.6825
1996-06-19,67.183
1996-06-20,67.8705
1996-06-21,60.149498
1996-06-22,57.053497
1996-06-23,73.3085
1996-06-24,73.15
1996-06-25,70.344
1996-06-26,82.659996
1996-06-27,74.6085
1996-06-28,80.684
1996-06-29,64.619995
1996-06-30,73.9615
1996-07-01,65.431496
1996-07-02,60.684998
1996-07-03,74.6995
1996-07-04,73.7635
1996-07-05,64.25
1996-07-06,64.057495
1996-07-07,66.7575
1996-07-08,46.814
1996-07-09,58.6025
1996-07-10,58.974
1996-07-11,71.71
1996-07-12,58.8145
1996-07-13,61.9755
1996-07-14,56.839
1996-07-15,62.6325
1996-07-16,64.922
1996-07-17,64.1645
1996-07-18,65.312996
1996-07-19,66.987
1996-07-20,71.1065
1996-07-21,63.2845
1996-07-22,63.302
1996-07-23,60.601997
1996-07-24,49.2935
1996-07-25,68.725
1996-07-26,76.621
1996-07-27,59.802
1996-07-28,53.276997
1996-07-29,57.0495
1996-07-30,60.741
1996-07-31,77.3795
1996-08-01,69.9435
1996-08-02,62.773
1996-08-03,64.43
1996-08-04,79.8175
1996-08-05,80.237495
1996-08-06,71.528
1996-08-07,63.2925
1996-08-08,70.4965
1996-08-09,71.657
1996-08-10,65.9625
1996-08-11,52.990498
1996-08-12,48.9055
1996-08-13,59.2345
1996-08-14,65.378
1996-08-15,68.006996
1996-08-16,83.1315
1996-08-17,78.2405
1996-08-18,77.641
1996-08-19,76.015495
1996-08-20,70.896996
1996-08-21,71.566
1996-08-22,65.826
1996-08-23,75.067
1996-08-24,81.2575
1996-08-25,69.441
1996-08-26,73.4195
1996-08-27,70.0655
1996-08-28,64.4485
1996-08-29,61.821
1996-08-30,69.3565
1996-08-31,83.351
1996-09-01,84.447
1996-09-02,79.052
1996-09-03,69.809
1996-09-04,76.0555
1996-09-05,85.212
1996-09-06,84.53158
1996-09-07,85.137
1996-09-08,89.45368
1996-09-09,79.582
1996-09-10,78.668
1996-09-11,71.768
1996-09-12,80.62
1996-09-13,90.8447
1996-09-14,85.881
1996-09-15,76.272995
1996-09-16,78.685
1996-09-17,78.6635
1996-09-18,69.96
1996-09-19,78.334
1996-09-20,85.604996
1996-09-21,83.7235
1996-09-22,84.7445
1996-09-23,86.8345
1996-09-24,85.458
1996-09-25,76.461
1996-09-26,88.414215
1996-09-27,89.35389
1996-09-28,86.24
1996-09-29,82.319
1996-09-30,70.961494
1996-10-01,65.56
1996-10-02,65.9985
1996-10-03,85.5621
1996-10-04,81.0465
1996-10-05,73.6295
1996-10-06,71.2925
1996-10-07,77.596
1996-10-08,74.189995
1996-10-09,80.809
1996-10-10,87.6875
1996-10-11,81.061
1996-10-12,80.197
1996-10-13,73.319
1996-10-14,65.216995
1996-10-15,65.2485
1996-10-16,66.6065
1996-10-17,69.9465
1996-10-18,82.43737
1996-10-19,80.888
1996-10-20,82.744736
1996-10-21,84.9565
1996-10-22,84.5995
1996-10-23,87.3995
1996-10-24,83.7385
1996-10-25,84.1625
1996-10-26,85.5495
1996-10-27,83.953
1996-10-28,79.556496
1996-10-29,75.4135
1996-10-30,74.566
1996-10-31,73.6075
1996-11-01,79.4565
1996-11-02,76.851
1996-11-03,80.671
1996-11-04,78.3365
1996-11-05,64.864494
1996-11-06,72.4275
1996-11-07,66.7465
1996-11-08,79.4005
1996-11-09,71.2845
1996-11-10,63.9735
1996-11-11,64.1105
1996-11-12,65.446495
1996-11-13,72.0415
1996-11-14,77.7535
1996-11-15,83.678
1996-11-16,72.9045
1996-11-17,81.4815
1996-11-18,77.1005
1996-11-19,80.29
1996-11-20,68.4055
1996-11-21,81.020996
1996-11-22,80.8795
1996-11-23,91.178665
1996-11-24,91.07066
1996-11-25,86.1085
1996-11-26,82.53
1996-11-27,90.876
1996-11-28,85.2975
1996-11-29,92.52077
1996-11-30,92.28571
1996-12-01,93.255
1996-12-02,91.325
1996-12-03,92.601
1996-12-04,91.70909
1996-12-05,93.61
1996-12-06,91.71833
1996-12-07,93.972496
1996-12-08,91.22091
1996-12-09,90.49333
1996-12-10,90.163
1996-12-11,88.69294
1996-12-12,90.47421
1996-12-13,87.3445
1996-12-14,90.3275
1996-12-15,84.613
1996-12-16,78.5605
1996-12-17,83.77579
1996-12-18,83.3685
1996-12-19,87.36053
1996-12-20,86.147896
1996-12-21,89.556
1996-12-22,88.35944
1996-12-23,89.94846
1996-12-24,90.19222
1996-12-25,89.93188
1996-12-26,88.237
1996-12-27,82.6635
1996-12-28,77.7825
1996-12-29,79.4965
1996-12-30,86.9975
1996-12-31,88.6065
1997-01-01,88.92
1997-01-02,86.96167
1997-01-03,87.4921
1997-01-04,86.80421
1997-01-05,89.156845
1997-01-06,86.7005
1997-01-07,85.171
1997-01-08,90.278336
1997-01-09,87.808
1997-01-10,86.119995
1997-01-11,91.43667
1997-01-12,92.973335
1997-01-13,91.38636
1997-01-14,91.00786
1997-01-15,91.633125
1997-01-16,88.25562
1997-01-17,89.86647
1997-01-18,90.12647
1997-01-19,88.051056
1997-01-20,87.4635
1997-01-21,91.328
1997-01-22,86.23947
1997-01-23,87.062225
1997-01-24,87.22611
1997-01-25,85.513
1997-01-26,80.1005
1997-01-27,79.31
1997-01-28,79.999
1997-01-29,80.8545
1997-01-30,79.5525
1997-01-31,82.8685
1997-02-01,79.261
1997-02-02,80.28895
1997-02-03,76.3335
1997-02-04,70.6885
1997-02-05,71.097
1997-02-06,87.47737
1997-02-07,80.687996
1997-02-08,79.5615
1997-02-09,79.934
1997-02-10,74.7935
1997-02-11,73.423996
1997-02-12,73.359
1997-02-13,68.1285
1997-02-14,81.0625
1997-02-15,75.186
1997-02-16,87.484375
1997-02-17,77.7325
1997-02-18,78.808
1997-02-19,91.149414
1997-02-20,89.2035
1997-02-21,76.837
1997-02-22,73.2595
1997-02-23,75.8715
1997-02-24,68.265
1997-02-25,67.6285
1997-02-26,69.986496
1997-02-27,83.4265
1997-02-28,77.854
1997-03-01,67.275
1997-03-02,66.3445
1997-03-03,65.391
1997-03-04,66.0395
1997-03-05,65.0715
1997-03-06,60.045498
1997-03-07,64.549995
1997-03-08,68.202995
1997-03-09,73.578
1997-03-10,73.3725
1997-03-11,65.834496
1997-03-12,61.991997
1997-03-13,60.4735
1997-03-14,66.695
1997-03-15,72.058
1997-03-16,73.555
1997-03-17,84.5825
1997-03-18,71.203
1997-03-19,73.4965
1997-03-20,88.335266
1997-03-21,76.191
1997-03-22,78.535995
1997-03-23,77.683
1997-03-24,63.5915
1997-03-25,65.073
1997-03-26,71.04
1997-03-27,62.6965
1997-03-28,59.528
1997-03-29,75.9215
1997-03-30,85.022
1997-03-31,76.5795
1997-04-01,82.135
1997-04-02,86.881
1997-04-03,82.418
1997-04-04,73.3215
1997-04-05,77.216995
1997-04-06,82.855995
1997-04-07,72.107
1997-04-08,68.750496
1997-04-09,61.143997
1997-04-10,50.323498
1997-04-11,47.888
1997-04-12,73.839
1997-04-13,69.5115
1997-04-14,63.4025
1997-04-15,67.3255
1997-04-16,76.111496
1997-04-17,79.82
1997-04-18,67.5585
1997-04-19,66.7005
1997-04-20,63.345
1997-04-21,84.3165
1997-04-22,92.613846
1997-04-23,85.6785
1997-04-24,77.9515
1997-04-25,68.887
1997-04-26,73.194
1997-04-27,63.656498
1997-04-28,47.366997
1997-04-29,47.195
1997-04-30,78.108
1997-05-01,84.307
1997-05-02,74.614
1997-05-03,67.1835
1997-05-04,59.781498
1997-05-05,41.635
1997-05-06,45.932
1997-05-07,51.9675
1997-05-08,63.9575
1997-05-09,72.538
1997-05-10,60.653
1997-05-11,55.697998
1997-05-12,51.447
1997-05-13,48.806
1997-05-14,59.9575
1997-05-15,52.62
1997-05-16,54.7665
1997-05-17,60.8125
1997-05-18,62.753
1997-05-19,65.5885
1997-05-20,65.349
1997-05-21,68.842
1997-05-22,68.3865
1997-05-23,73.7555
1997-05-24,64.585495
1997-05-25,75.6665
1997-05-26,75.8225
1997-05-27,72.1145
1997-05-28,84.2625
1997-05-29,88.95579
1997-05-30,83.774
1997-05-31,84.699
1997-06-01,78.7705
1997-06-02,75.9875
1997-06-03,83.7675
1997-06-04,80.2015
1997-06-05,65.8525
1997-06-06,82.2045
1997-06-07,86.61842
1997-06-08,82.7075
1997-06-09,79.2875
1997-06-10,77.4255
1997-06-11,72.247
1997-06-12,66.326
1997-06-13,67.8655
1997-06-14,74.1035
1997-06-15,80.611
1997-06-16,66.784996
1997-06-17,76.694
1997-06-18,81.914
1997-06-19,71.793495
1997-06-20,86.2025
1997-06-21,71.8715
1997-06-22,65.512
1997-06-23,80.5255
1997-06-24,72.257996
1997-06-25,82.2695
1997-06-26,70.9345
1997-06-27,67.997
1997-06-28,62.4155
1997-06-29,60.114998
1997-06-30,67.548
1997-07-01,63.291
1997-07-02,64.556
1997-07-03,56.253498
1997-07-04,63.5675
1997-07-05,66.417496
1997-07-06,71.1765
1997-07-07,84.96833
1997-07-08,88.326004
1997-07-09,89.46
1997-07-10,69.837
1997-07-11,70.86
1997-07-12,80.873
1997-07-13,80.037
1997-07-14,71.2725
1997-07-15,80.5955
1997-07-16,75.53
1997-07-17,69.1555
1997-07-18,74.6585
1997-07-19,79.7005
1997-07-20,76.2965
1997-07-21,77.1475
1997-07-22,81.4515
1997-07-23,73.316
1997-07-24,70.429
1997-07-25,74.384
1997-07-26,86.294
1997-07-27,87.829
1997-07-28,78.028
1997-07-29,71.0485
1997-07-30,82.160995
1997-07-31,74.207
1997-08-01,78.296
1997-08-02,92.09866
1997-08-03,88.636314
1997-08-04,82.5805
1997-08-05,71.565
1997-08-06,70.5875
1997-08-07,78.82
1997-08-08,77.076996
1997-08-09,77.0775
1997-08-10,81.487495
1997-08-11,78.8695
1997-08-12,74.6185
1997-08-13,68.7465
1997-08-14,67.33
1997-08-15,69.8885
1997-08-16,73.734
1997-08-17,70.33
1997-08-18,65.418495
1997-08-19,67.527
1997-08-20,61.3675
1997-08-21,66.4155
1997-08-22,66.652
1997-08-23,71.068
1997-08-24,74.3385
1997-08-25,78.676
1997-08-26,71.1905
1997-08-27,72.8735
1997-08-28,67.4085
1997-08-29,75.9895
1997-08-30,81.071
1997-08-31,89.00842
1997-09-01,82.458496
1997-09-02,79.7855
1997-09-03,74.8735
1997-09-04,76.895
1997-09-05,73.5165
1997-09-06,63.253498
1997-09-07,73.4205
1997-09-08,76.1305
1997-09-09,67.6865
1997-09-10,64.681
1997-09-11,62.942997
1997-09-12,60.428997
1997-09-13,54.156498
1997-09-14,77.861
1997-09-15,85.416
1997-09-16,82.4195
1997-09-17,66.2685
1997-09-18,70.3745
1997-09-19,70.8295
1997-09-20,73.477
1997-09-21,70.7325
1997-09-22,66.571495
1997-09-23,65.1645
1997-09-24,70.4255
1997-09-25,72.521996
1997-09-26,72.4255
1997-09-27,74.7255
1997-09-28,70.894
1997-09-29,69.9385
1997-09-30,69.88
1997-10-01,76.624
1997-10-02,78.8145
1997-10-03,80.225494
1997-10-04,74.67799
1997-10-05,70.704
1997-10-06,72.155
1997-10-07,65.6425
1997-10-08,68.74
1997-10-09,71.784
1997-10-10,65.4705
1997-10-11,77.847
1997-10-12,84.11842
1997-10-13,80.5745
1997-10-14,86.50938
1997-10-15,90.611664
1997-10-16,79.103
1997-10-17,75.0555
1997-10-18,75.711
1997-10-19,71.414
1997-10-20,68.7975
1997-10-21,64.1475
1997-10-22,73.5375
1997-10-23,72.699
1997-10-24,84.167496
1997-10-25,72.517
1997-10-26,72.283
1997-10-27,81.2155
1997-10-28,89.2175
1997-10-29,84.8995
1997-10-30,79.102
1997-10-31,77.968994
1997-11-01,85.4895
1997-11-02,80.9655
1997-11-03,86.924706
1997-11-04,79.9735
1997-11-05,70.211
1997-11-06,65.975
1997-11-07,65.9575
1997-11-08,64.395996
1997-11-09,75.621
1997-11-10,82.916
1997-11-11,85.8695
1997-11-12,77.201996
1997-11-13,78.283
1997-11-14,86.649
1997-11-15,89.485
1997-11-16,90.11889
1997-11-17,89.225334
1997-11-18,91.905
1997-11-19,91.61769
1997-11-20,91.69785
1997-11-21,93.6425
1997-11-22,87.816666
1997-11-23,88.80643
1997-11-24,92.58154
1997-11-25,92.173996
1997-11-26,90.13842
1997-11-27,91.092
1997-11-28,91.843636
1997-11-29,90.19778
1997-11-30,87.713
1997-12-01,90.72188
1997-12-02,93.004166
1997-12-03,91.057335
1997-12-04,85.685
1997-12-05,82.7815
1997-12-06,89.08056
1997-12-07,87.56941
1997-12-08,85.79895
1997-12-09,86.62526
1997-12-10,84.874
1997-12-11,84.578
1997-12-12,83.252
1997-12-13,90.354004
1997-12-14,88.937225
1997-12-15,89.26063
1997-12-16,77.764
1997-12-17,66.8815
1997-12-18,64.991
1997-12-19,71.623
1997-12-20,77.5635
1997-12-21,85.50895
1997-12-22,92.171
1997-12-23,91.81111
1997-12-24,89.96625
1997-12-25,83.9635
1997-12-26,78.2755
1997-12-27,80.861
1997-12-28,91.45
1997-12-29,89.78353
1997-12-30,82.20421
1997-12-31,75.374
1998-01-01,79.397995
1998-01-02,80.451996
1998-01-03,79.6935
1998-01-04,87.670525
1998-01-05,81.84842
1998-01-06,84.46421
1998-01-07,73.0025
1998-01-08,72.494995
1998-01-09,76.9855
1998-01-10,85.9475
1998-01-11,87.3965
1998-01-12,76.4205
1998-01-13,74.256
1998-01-14,75.1625
1998-01-15,85.099
1998-01-16,91.222664
1998-01-17,88.72895
1998-01-18,84.973335
1998-01-19,88.61895
1998-01-20,90.41857
1998-01-21,90.405
1998-01-22,91.71357
1998-01-23,84.8575
1998-01-24,79.6065
1998-01-25,83.7855
1998-01-26,82.1145
1998-01-27,85.9665
1998-01-28,86.88052
1998-01-29,85.85105
1998-01-30,77.9415
1998-01-31,73.0255
1998-02-01,74.4565
1998-02-02,78.9605
1998-02-03,76.253
1998-02-04,87.38
1998-02-05,84.501
1998-02-06,79.665
1998-02-07,74.9265
1998-02-08,77.259
1998-02-09,80.5955
1998-02-10,76.3165
1998-02-11,72.428
1998-02-12,67.2775
1998-02-13,71.0215
1998-02-14,83.7385
1998-02-15,78.232
1998-02-16,77.496
1998-02-17,66.584
1998-02-18,60.3555
1998-02-19,57.5095
1998-02-20,69.0265
1998-02-21,68.972
1998-02-22,57.4095
1998-02-23,64.86
1998-02-24,71.444496
1998-02-25,79.208
1998-02-26,65.618996
1998-02-27,62.868
1998-02-28,57.647
1998-03-01,62.55
1998-03-02,60.883
1998-03-03,54.727497
1998-03-04,47.9435
1998-03-05,53.0285
1998-03-06,54.157497
1998-03-07,53.196
1998-03-08,59.759
1998-03-09,85.9015
1998-03-10,75.446
1998-03-11,75.965996
1998-03-12,62.0635
1998-03-13,62.4885
1998-03-14,59.511497
1998-03-15,64.7985
1998-03-16,68.0115
1998-03-17,64.95
1998-03-18,62.8885
1998-03-19,76.798996
1998-03-20,72.248
1998-03-21,73.601
1998-03-22,72.876
1998-03-23,63.239
1998-03-24,66.6455
1998-03-25,65.582
1998-03-26,70.169
1998-03-27,63.07
1998-03-28,59.489998
1998-03-29,66.151
1998-03-30,57.516
1998-03-31,56.024
1998-04-01,54.434
1998-04-02,53.253
1998-04-03,64.2915
1998-04-04,51.758
1998-04-05,54.977497
1998-04-06,61.932
1998-04-07,60.91
1998-04-08,57.7365
1998-04-09,68.695
1998-04-10,73.1925
1998-04-11,79.3935
1998-04-12,67.284996
1998-04-13,66.972496
1998-04-14,75.4085
1998-04-15,57.4045
1998-04-16,51.636497
1998-04-17,66.618
1998-04-18,74.219
1998-04-19,84.068
1998-04-20,82.7635
1998-04-21,86.4
1998-04-22,83.597
1998-04-23,73.678
1998-04-24,70.26
1998-04-25,69.478
1998-04-26,71.0135
1998-04-27,51.728497
1998-04-28,64.6435
1998-04-29,69.7565
1998-04-30,78.3095
1998-05-01,74.0495
1998-05-02,75.845
1998-05-03,84.208496
1998-05-04,78.7145
1998-05-05,81.2135
1998-05-06,69.902
1998-05-07,61.6665
1998-05-08,63.517
1998-05-09,58.5135
1998-05-10,62.7715
1998-05-11,67.223495
1998-05-12,60.434
1998-05-13,57.588497
1998-05-14,62.021
1998-05-15,70.949
1998-05-16,80.7805
1998-05-17,87.06
1998-05-18,80.819
1998-05-19,86.986
1998-05-20,84.1755
1998-05-21,76.792
1998-05-22,76.466995
1998-05-23,70.46
1998-05-24,59.4535
1998-05-25,72.672
1998-05-26,85.7005
1998-05-27,71.547
1998-05-28,64.9435
1998-05-29,64.0865
1998-05-30,69.5175
1998-05-31,67.4425
1998-06-01,68.988
1998-06-02,71.4265
1998-06-03,71.026
1998-06-04,66.9275
1998-06-05,63.2625
1998-06-06,63.712997
1998-06-07,62.363
1998-06-08,62.821
1998-06-09,82.0465
1998-06-10,79.3095
1998-06-11,58.0015
1998-06-12,67.5105
1998-06-13,77.446
1998-06-14,85.103
1998-06-15,68.9815
1998-06-16,71.9865
1998-06-17,78.078995
1998-06-18,84.437
1998-06-19,68.3925
1998-06-20,69.345
1998-06-21,72.834
1998-06-22,62.564
1998-06-23,61.7805
1998-06-24,73.6215
1998-06-25,75.6465
1998-06-26,71.1985
1998-06-27,68.485
1998-06-28,67.3215
1998-06-29,66.7425
1998-06-30,65.8425
1998-07-01,69.804
1998-07-02,63.594498
1998-07-03,62.7095
1998-07-04,82.328
1998-07-05,79.4065
1998-07-06,73.542
1998-07-07,63.4375
1998-07-08,85.47842
1998-07-09,85.23579
1998-07-10,79.8575
1998-07-11,64.0255
1998-07-12,72.3705
1998-07-13,63.998
1998-07-14,66.894
1998-07-15,78.512
1998-07-16,80.897
1998-07-17,71.8595
1998-07-18,66.4855
1998-07-19,62.5575
1998-07-20,60.691998
1998-07-21,65.173996
1998-07-22,57.586998
1998-07-23,59.168
1998-07-24,63.036
1998-07-25,66.3725
1998-07-26,72.58
1998-07-27,71.7595
1998-07-28,66.5485
1998-07-29,83.501495
1998-07-30,72.582
1998-07-31,65.253
1998-08-01,72.6195
1998-08-02,55.247498
1998-08-03,55.4255
1998-08-04,62.216
1998-08-05,70.376
1998-08-06,65.223
1998-08-07,64.009
1998-08-08,67.2175
1998-08-09,59.290997
1998-08-10,55.643997
1998-08-11,56.986
1998-08-12,59.1665
1998-08-13,54.14
1998-08-14,59.6585
1998-08-15,57.4805
1998-08-16,59.248497
1998-08-17,72.0875
1998-08-18,66.274
1998-08-19,66.909996
1998-08-20,72.355
1998-08-21,78.368
1998-08-22,79.648994
1998-08-23,76.7315
1998-08-24,59.6445
1998-08-25,67.193
1998-08-26,63.124
1998-08-27,61.381
1998-08-28,75.5505
1998-08-29,81.482
1998-08-30,77.0715
1998-08-31,74.4635
1998-09-01,71.8265
1998-09-02,65.7905
1998-09-03,66.0075
1998-09-04,84.821
1998-09-05,75.1145
1998-09-06,87.0705
1998-09-07,84.777
1998-09-08,79.165
1998-09-09,81.747
1998-09-10,75.103
1998-09-11,67.169495
1998-09-12,62.642998
1998-09-13,80.5815
1998-09-14,82.615
1998-09-15,81.858
1998-09-16,78.071
1998-09-17,82.532
1998-09-18,87.063
1998-09-19,88.167366
1998-09-20,93.39091
1998-09-21,90.79389
1998-09-22,89.4265
1998-09-23,84.5735
1998-09-24,80.879
1998-09-25,80.014496
1998-09-26,77.293495
1998-09-27,77.844
1998-09-28,87.66611
1998-09-29,88.25588
1998-09-30,84.187
1998-10-01,75.1425
1998-10-02,85.217896
1998-10-03,90.79235
1998-10-04,91.05389
1998-10-05,83.397
1998-10-06,79.7015
1998-10-07,82.4855
1998-10-08,81.54
1998-10-09,77.622
1998-10-10,81.4415
1998-10-11,70.3575
1998-10-12,81.2105
1998-10-13,85.014
1998-10-14,76.174995
1998-10-15,82.161
1998-10-16,81.2765
1998-10-17,74.547
1998-10-18,76.785995
1998-10-19,77.167496
1998-10-20,86.35526
1998-10-21,69.579
1998-10-22,73.9355
1998-10-23,75.8115
1998-10-24,71.604
1998-10-25,82.057
1998-10-26,85.6725
1998-10-27,82.8135
1998-10-28,64.0335
1998-10-29,67.041
1998-10-30,68.7245
1998-10-31,77.114
1998-11-01,73.002
1998-11-02,78.3795
1998-11-03,70.4915
1998-11-04,77.235
1998-11-05,80.328
1998-11-06,77.5455
1998-11-07,82.4575
1998-11-08,81.944
1998-11-09,87.038666
1998-11-10,83.56842
1998-11-11,89.28313
1998-11-12,92.79584
1998-11-13,92.054115
1998-11-14,87.2885
1998-11-15,91.617775
1998-11-16,76.914
1998-11-17,83.1145
1998-11-18,79.6175
1998-11-19,75.2125
1998-11-20,91.36562
1998-11-21,89.43875
1998-11-22,86.657
1998-11-23,83.76
1998-11-24,85.471
1998-11-25,90.3845
1998-11-26,88.77067
1998-11-27,91.09353
1998-11-28,89.0025
1998-11-29,87.705
1998-11-30,82.486
1998-12-01,80.2975
1998-12-02,80.2965
1998-12-03,76.1105
1998-12-04,80.583
1998-12-05,87.70588
1998-12-06,80.6795
1998-12-07,82.2345
1998-12-08,80.96
1998-12-09,83.382996
1998-12-10,79.3575
1998-12-11,81.287895
1998-12-12,80.0875
1998-12-13,81.062
1998-12-14,81.48526
1998-12-15,87.27684
1998-12-16,84.46105
1998-12-17,83.50889
1998-12-18,89.16062
1998-12-19,85.895
1998-12-20,85.844
1998-12-21,84.625
1998-12-22,85.832634
1998-12-23,84.413
1998-12-24,79.566
1998-12-25,78.403496
1998-12-26,81.201996
1998-12-27,79.346
1998-12-28,70.982
1998-12-29,77.3745
1998-12-30,83.9635
1998-12-31,83.7815
1999-01-01,75.696495
1999-01-02,80.829
1999-01-03,84.5335
1999-01-04,90.7075
1999-01-05,90.58846
1999-01-06,90.69294
1999-01-07,85.918
1999-01-08,83.347
1999-01-09,88.07889
1999-01-10,85.79667
1999-01-11,82.347496
1999-01-12,84.598495
1999-01-13,83.352
1999-01-14,83.4535
1999-01-15,85.5305
1999-01-16,81.8355
1999-01-17,77.3595
1999-01-18,79.7735
1999-01-19,82.848
1999-01-20,89.543884
1999-01-21,86.91631
1999-01-22,88.99834
1999-01-23,87.69462
1999-01-24,89.883156
1999-01-25,88.90948
1999-01-26,85.9535
1999-01-27,82.71
1999-01-28,88.77556
1999-01-29,87.9675
1999-01-30,84.838
1999-01-31,77.779
1999-02-01,82.726
1999-02-02,83.228
1999-02-03,89.173996
1999-02-04,87.8421
1999-02-05,75.201
1999-02-06,80.6975
1999-02-07,74.656
1999-02-08,79.424995
1999-02-09,66.711494
1999-02-10,70.8035
1999-02-11,86.6725
1999-02-12,88.285
1999-02-13,85.2335
1999-02-14,84.6765
1999-02-15,79.308
1999-02-16,72.5485
1999-02-17,76.210495
1999-02-18,79.96
1999-02-19,76.6065
1999-02-20,77.7415
1999-02-21,79.234
1999-02-22,70.998
1999-02-23,80.661
1999-02-24,71.756
1999-02-25,78.1355
1999-02-26,66.759
1999-02-27,63.4875
1999-02-28,62.646
1999-03-01,70.4855
1999-03-02,68.024
1999-03-03,61.072
1999-03-04,54.884
1999-03-05,71.987
1999-03-06,66.585
1999-03-07,73.3735
1999-03-08,73.2505
1999-03-09,67.6375
1999-03-10,64.569
1999-03-11,60.5965
1999-03-12,69.846
1999-03-13,74.2545
1999-03-14,70.750496
1999-03-15,62.408997
1999-03-16,83.444496
1999-03-17,82.1805
1999-03-18,82.195
1999-03-19,86.294495
1999-03-20,70.874
1999-03-21,72.907
1999-03-22,64.24
1999-03-23,59.576
1999-03-24,67.944
1999-03-25,58.651497
1999-03-26,49.2735
1999-03-27,54.726498
1999-03-28,82.247
1999-03-29,81.291
1999-03-30,78.324
1999-03-31,80.1725
1999-04-01,75.859
1999-04-02,75.2145
1999-04-03,77.866
1999-04-04,72.241
1999-04-05,65.1095
1999-04-06,61.045498
1999-04-07,62.2415
1999-04-08,66.993996
1999-04-09,73.6055
1999-04-10,80.906
1999-04-11,85.3435
1999-04-12,77.231
1999-04-13,71.8445
1999-04-14,74.6025
1999-04-15,58.963497
1999-04-16,41.677
1999-04-17,77.656
1999-04-18,80.504
1999-04-19,76.643
1999-04-20,77.7775
1999-04-21,60.5415
1999-04-22,74.615
1999-04-23,84.4785
1999-04-24,85.859
1999-04-25,88.1415
1999-04-26,89.19222
1999-04-27,81.905
1999-04-28,78.556496
1999-04-29,72.642
1999-04-30,62.565
1999-05-01,66.932
1999-05-02,75.036995
1999-05-03,68.359
1999-05-04,63.217
1999-05-05,76.444
1999-05-06,76.975494
1999-05-07,54.114998
1999-05-08,63.2875
1999-05-09,78.435
1999-05-10,79.913
1999-05-11,73.5625
1999-05-12,81.889496
1999-05-13,85.066
1999-05-14,77.0735
1999-05-15,81.695496
1999-05-16,85.237
1999-05-17,67.144
1999-05-18,69.391
1999-05-19,60.5275
1999-05-20,52.7035
1999-05-21,57.886497
1999-05-22,85.0785
1999-05-23,90.24555
1999-05-24,84.4125
1999-05-25,76.758995
1999-05-26,69.4235
1999-05-27,68.125496
1999-05-28,66.344
1999-05-29,67.19
1999-05-30,63.1065
1999-05-31,70.103
1999-06-01,78.881996
1999-06-02,70.3795
1999-06-03,66.245
1999-06-04,64.739
1999-06-05,79.361
1999-06-06,67.5815
1999-06-07,63.69
1999-06-08,54.513496
1999-06-09,77.4065
1999-06-10,74.218
1999-06-11,63.0215
1999-06-12,69.7885
1999-06-13,82.325
1999-06-14,77.8975
1999-06-15,71.566
1999-06-16,74.897995
1999-06-17,79.386
1999-06-18,82.983
1999-06-19,82.1935
1999-06-20,76.75
1999-06-21,81.126495
1999-06-22,87.036
1999-06-23,88.505
1999-06-24,88.31737
1999-06-25,77.043
1999-06-26,71.088
1999-06-27,66.9755
1999-06-28,60.313
1999-06-29,68.686
1999-06-30,71.4085
1999-07-01,75.662994
1999-07-02,75.967
1999-07-03,70.4285
1999-07-04,67.674995
1999-07-05,64.3995
1999-07-06,62.2705
1999-07-07,60.45
1999-07-08,78.551
1999-07-09,72.847496
1999-07-10,77.048
1999-07-11,68.8325
1999-07-12,78.3035
1999-07-13,75.346
1999-07-14,76.914
1999-07-15,75.978
1999-07-16,67.767
1999-07-17,67.651
1999-07-18,66.637
1999-07-19,66.7715
1999-07-20,63.358997
1999-07-21,59.6165
1999-07-22,58.4315
1999-07-23,81.465
1999-07-24,77.811
1999-07-25,71.298996
1999-07-26,78.015
1999-07-27,86.5095
1999-07-28,82.9305
1999-07-29,77.6685
1999-07-30,83.1035
1999-07-31,79.585
1999-08-01,76.742
1999-08-02,82.088
1999-08-03,76.426
1999-08-04,71.2625
1999-08-05,68.19
1999-08-06,72.2735
1999-08-07,72.0755
1999-08-08,68.99
1999-08-09,66.92
1999-08-10,66.923996
1999-08-11,74.399
1999-08-12,73.205
1999-08-13,77.2275
1999-08-14,71.139496
1999-08-15,65.084496
1999-08-16,69.8215
1999-08-17,69.0205
1999-08-18,63.0905
1999-08-19,71.656
1999-08-20,74.0705
1999-08-21,70.2325
1999-08-22,76.5265
1999-08-23,68.981995
1999-08-24,65.8185
1999-08-25,71.308
1999-08-26,67.1855
1999-08-27,71.13
1999-08-28,69.5365
1999-08-29,69.4575
1999-08-30,67.8605
1999-08-31,87.55
1999-09-01,84.484
1999-09-02,84.3435
1999-09-03,85.691055
1999-09-04,85.298
1999-09-05,69.1425
1999-09-06,65.826
1999-09-07,70.161995
1999-09-08,75.7925
1999-09-09,79.956
1999-09-10,80.8735
1999-09-11,76.791
1999-09-12,72.799995
1999-09-13,69.647995
1999-09-14,73.375
1999-09-15,71.9135
1999-09-16,74.085
1999-09-17,74.339
1999-09-18,72.876
1999-09-19,69.279
1999-09-20,64.825
1999-09-21,61.754997
1999-09-22,71.948
1999-09-23,71.973495
1999-09-24,73.647
1999-09-25,75.173
1999-09-26,70.82
1999-09-27,62.947998
1999-09-28,69.1075
1999-09-29,83.2825
1999-09-30,66.0915
1999-10-01,63.556
1999-10-02,75.652
1999-10-03,71.5755
1999-10-04,68.139
1999-10-05,87.67375
1999-10-06,87.78474
1999-10-07,88.213
1999-10-08,78.811
1999-10-09,76.582
1999-10-10,76.216
1999-10-11,81.7305
1999-10-12,76.338
1999-10-13,72.187996
1999-10-14,81.7555
1999-10-15,76.8285
1999-10-16,76.692
1999-10-17,77.9765
1999-10-18,73.285995
1999-10-19,90.04125
1999-10-20,85.80529
1999-10-21,80.5945
1999-10-22,80.3545
1999-10-23,74.3805
1999-10-24,80.04312
1999-10-25,73.72
1999-10-26,75.8405
1999-10-27,84.035995
1999-10-28,75.5555
1999-10-29,78.46
1999-10-30,79.688995
1999-10-31,77.8555
1999-11-01,75.090996
1999-11-02,69.613
1999-11-03,78.9565
1999-11-04,82.5875
1999-11-05,75.006996
1999-11-06,67.834
1999-11-07,73.9265
1999-11-08,86.582634
1999-11-09,84.2385
1999-11-10,79.2185
1999-11-11,82.233
1999-11-12,82.422
1999-11-13,82.2145
1999-11-14,84.3715
1999-11-15,86.348946
1999-11-16,85.2425
1999-11-17,88.93353
1999-11-18,91.434
1999-11-19,82.1485
1999-11-20,86.0375
1999-11-21,84.522
1999-11-22,90.936
1999-11-23,86.285
1999-11-24,87.82105
1999-11-25,84.821
1999-11-26,88.25895
1999-11-27,83.889496
1999-11-28,86.92421
1999-11-29,88.57846
1999-11-30,87.83278
1999-12-01,85.306
1999-12-02,78.88
1999-12-03,74.687996
1999-12-04,67.669
1999-12-05,83.989
1999-12-06,87.96555
1999-12-07,86.41947
1999-12-08,79.0945
1999-12-09,76.375496
1999-12-10,74.6855
1999-12-11,84.7495
1999-12-12,88.267365
1999-12-13,91.41278
1999-12-14,70.5045
1999-12-15,85.5565
1999-12-16,88.608665
1999-12-17,89.711174
1999-12-18,89.82214
1999-12-19,87.51278
1999-12-20,92.151665
1999-12-21,88.708
1999-12-22,85.731575
1999-12-23,84.53176
1999-12-24,79.7915
1999-12-25,80.85421
1999-12-26,86.1315
1999-12-27,89.53764
1999-12-28,83.76894
1999-12-29,84.97263
1999-12-30,84.68
1999-12-31,92.699
2000-01-01,90.48235
2000-01-02,86.752
2000-01-03,85.0505
2000-01-04,86.93
2000-01-05,89.0625
2000-01-06,89.2625
2000-01-07,87.113335
2000-01-08,86.2745
2000-01-09,88.732
2000-01-10,89.835556
2000-01-11,90.64842
2000-01-12,86.726
2000-01-13,84.0825
2000-01-14,78.535995
2000-01-15,85.342
2000-01-16,88.58889
2000-01-17,81.4365
2000-01-18,86.556
2000-01-19,79.56526
2000-01-20,75.840996
2000-01-21,73.9085
2000-01-22,62.3625
2000-01-23,75.892494
2000-01-24,79.945496
2000-01-25,78.197
2000-01-26,76.186
2000-01-27,77.312
2000-01-28,73.3805
2000-01-29,72.165
2000-01-30,76.7715
2000-01-31,75.8555
2000-02-01,69.8915
2000-02-02,69.31
2000-02-03,77.0535
2000-02-04,71.9795
2000-02-05,74.5345
2000-02-06,83.465
2000-02-07,80.2815
2000-02-08,77.904
2000-02-09,80.4605
2000-02-10,83.164
2000-02-11,85.328
2000-02-12,87.28222
2000-02-13,84.545
2000-02-14,83.51
2000-02-15,78.7945
2000-02-16,57.016
2000-02-17,85.9955
2000-02-18,85.1895
2000-02-19,76.219
2000-02-20,90.721664
2000-02-21,84.786
2000-02-22,79.042496
2000-02-23,71.461
2000-02-24,75.687
2000-02-25,69.7045
2000-02-26,72.312996
2000-02-27,73.456
2000-02-28,60.8455
2000-02-29,51.2005
2000-03-01,51.468998
2000-03-02,84.5455
2000-03-03,79.094
2000-03-04,66.5385
2000-03-05,76.4995
2000-03-06,68.835
2000-03-07,61.0345
2000-03-08,65.748
2000-03-09,64.182
2000-03-10,68.165
2000-03-11,64.4665
2000-03-12,70.8305
2000-03-13,67.932495
2000-03-14,59.525497
2000-03-15,71.1325
2000-03-16,75.896996
2000-03-17,74.779495
2000-03-18,81.1445
2000-03-19,84.9495
2000-03-20,77.063995
2000-03-21,70.986496
2000-03-22,70.699
2000-03-23,66.7
2000-03-24,58.683
2000-03-25,59.118
2000-03-26,69.256996
2000-03-27,74.059
2000-03-28,68.554
2000-03-29,50.329
2000-03-30,68.367
2000-03-31,51.522
2000-04-01,67.017
2000-04-02,80.2475
2000-04-03,65.3845
2000-04-04,66.4285
2000-04-05,79.6435
2000-04-06,73.279
2000-04-07,65.808
2000-04-08,77.9435
2000-04-09,61.0625
2000-04-10,48.874
2000-04-11,67.038
2000-04-12,66.955
2000-04-13,65.3455
2000-04-14,58.038
2000-04-15,46.144997
2000-04-16,56.52
2000-04-17,50.529
2000-04-18,53.3875
2000-04-19,67.943
2000-04-20,75.347496
2000-04-21,64.234
2000-04-22,57.4995
2000-04-23,62.706497
2000-04-24,73.319496
2000-04-25,87.967
2000-04-26,90.241
2000-04-27,80.7135
2000-04-28,69.5225
2000-04-29,58.3275
2000-04-30,67.813995
2000-05-01,71.4765
2000-05-02,68.234
2000-05-03,54.983997
2000-05-04,54.157497
2000-05-05,52.776497
2000-05-06,54.612
2000-05-07,51.731
2000-05-08,54.1
2000-05-09,64.8895
2000-05-10,68.946
2000-05-11,66.925995
2000-05-12,65.35
2000-05-13,67.244995
2000-05-14,62.510998
2000-05-15,58.958
2000-05-16,57.6555
2000-05-17,55.8195
2000-05-18,51.21
2000-05-19,63.3505
2000-05-20,73.1025
2000-05-21,72.887
2000-05-22,70.604
2000-05-23,74.3045
2000-05-24,70.987
2000-05-25,58.637
2000-05-26,55.816998
2000-05-27,51.914
2000-05-28,50.922
2000-05-29,73.9025
2000-05-30,73.8225
2000-05-31,68.0755
2000-06-01,78.910995
2000-06-02,62.1545
2000-06-03,50.8015
2000-06-04,47.829
2000-06-05,40.7455
2000-06-06,53.0665
2000-06-07,65.849
2000-06-08,51.412
2000-06-09,51.568497
2000-06-10,53.281
2000-06-11,52.602497
2000-06-12,49.7715
2000-06-13,49.454
2000-06-14,61.277
2000-06-15,65.8765
2000-06-16,68.2095
2000-06-17,64.3705
2000-06-18,57.188
2000-06-19,48.986
2000-06-20,50.636997
2000-06-21,46.403
2000-06-22,43.629997
2000-06-23,43.9795
2000-06-24,57.7165
2000-06-25,65.107
2000-06-26,73.6
2000-06-27,56.953
2000-06-28,49.1095
2000-06-29,63.0995
2000-06-30,63.6895
2000-07-01,55.42
2000-07-02,53.7575
2000-07-03,56.7285
2000-07-04,49.856
2000-07-05,42.4825
2000-07-06,51.110497
2000-07-07,56.8405
2000-07-08,49.0365
2000-07-09,76.8285
2000-07-10,52.185997
2000-07-11,35.823997
2000-07-12,63.794
2000-07-13,76.4395
2000-07-14,52.9245
2000-07-15,68.1295
2000-07-16,78.937996
2000-07-17,64.6985
2000-07-18,61.631496
2000-07-19,70.052
2000-07-20,68.2015
2000-07-21,62.5785
2000-07-22,69.5675
2000-07-23,65.984
2000-07-24,55.01
2000-07-25,44.1265
2000-07-26,45.4535
2000-07-27,60.0515
2000-07-28,53.4565
2000-07-29,75.143
2000-07-30,65.659996
2000-07-31,69.9805
2000-08-01,61.065
2000-08-02,58.289497
2000-08-03,47.697
2000-08-04,53.321
2000-08-05,53.021
2000-08-06,50.406
2000-08-07,68.243
2000-08-08,70.6905
2000-08-09,65.1085
2000-08-10,62.142
2000-08-11,53.2175
2000-08-12,58.806
2000-08-13,53.600998
2000-08-14,51.614
2000-08-15,62.4325
2000-08-16,59.273
2000-08-17,58.07
2000-08-18,49.205997
2000-08-19,43.088997
2000-08-20,37.2665
2000-08-21,40.175
2000-08-22,37.778
2000-08-23,47.045
2000-08-24,51.939
2000-08-25,53.0555
2000-08-26,59.985
2000-08-27,61.3355
2000-08-28,54.0435
2000-08-29,64.738495
2000-08-30,62.697998
2000-08-31,53.2635
2000-09-01,80.3555
2000-09-02,67.1495
2000-09-03,79.8605
2000-09-04,76.875496
2000-09-05,84.7045
2000-09-06,77.5415
2000-09-07,63.9425
2000-09-08,67.719
2000-09-09,60.1245
2000-09-10,61.455498
2000-09-11,70.7005
2000-09-12,66.1835
2000-09-13,63.0135
2000-09-14,64.422
2000-09-15,59.6365
2000-09-16,68.056
2000-09-17,82.087
2000-09-18,83.0625
2000-09-19,83.9125
2000-09-20,75.135
2000-09-21,70.906
2000-09-22,89.4315
2000-09-23,91.48765
2000-09-24,80.2355
2000-09-25,76.888
2000-09-26,72.014
2000-09-27,69.567
2000-09-28,60.7425
2000-09-29,68.324
2000-09-30,62.1965
2000-10-01,61.878
2000-10-02,77.7475
2000-10-03,78.171
2000-10-04,74.389496
2000-10-05,75.695496
2000-10-06,73.67
2000-10-07,79.248
2000-10-08,76.503
2000-10-09,75.2125
2000-10-10,76.548996
2000-10-11,69.891495
2000-10-12,65.0475
2000-10-13,70.672
2000-10-14,69.374
2000-10-15,67.997
2000-10-16,73.7165
2000-10-17,71.541
2000-10-18,77.2025
2000-10-19,72.2285
2000-10-20,66.7725
2000-10-21,69.0585
2000-10-22,74.845
2000-10-23,70.3995
2000-10-24,69.591995
2000-10-25,62.4595
2000-10-26,65.931
2000-10-27,75.065994
2000-10-28,79.8425
2000-10-29,69.185
2000-10-30,67.5525
2000-10-31,61.649498
2000-11-01,75.476
2000-11-02,89.84882
2000-11-03,80.245
2000-11-04,81.8775
2000-11-05,89.993
2000-11-06,84.331
2000-11-07,87.836
2000-11-08,81.3165
2000-11-09,82.033
2000-11-10,87.26894
2000-11-11,88.557365
2000-11-12,78.32
2000-11-13,71.7385
2000-11-14,72.106
2000-11-15,72.6725
2000-11-16,76.4515
2000-11-17,75.382996
2000-11-18,80.8325
2000-11-19,90.84
2000-11-20,84.923
2000-11-21,85.8045
2000-11-22,86.2175
2000-11-23,87.2565
2000-11-24,85.183
2000-11-25,83.583496
2000-11-26,90.206314
2000-11-27,91.385
2000-11-28,88.867226
2000-11-29,87.439415
2000-11-30,90.039444
2000-12-01,82.929
2000-12-02,82.1365
2000-12-03,85.013
2000-12-04,92.40947
2000-12-05,93.3125
2000-12-06,89.80813
2000-12-07,86.58111
2000-12-08,79.1085
2000-12-09,78.005
2000-12-10,92.67154
2000-12-11,89.61948
2000-12-12,82.714
2000-12-13,85.28368
2000-12-14,80.465996
2000-12-15,81.755
2000-12-16,89.647
2000-12-17,76.014496
2000-12-18,85.621056
2000-12-19,87.02684
2000-12-20,87.16625
2000-12-21,80.792
2000-12-22,79.826
2000-12-23,74.377365
2000-12-24,70.090996
2000-12-25,69.2765
2000-12-26,85.137
2000-12-27,85.237
2000-12-28,80.549995
2000-12-29,83.165
2000-12-30,88.13353
2000-12-31,78.0385
2001-01-01,85.19421
2001-01-02,81.778496
2001-01-03,87.421
2001-01-04,88.215
2001-01-05,88.681335
2001-01-06,81.9225
2001-01-07,83.395
2001-01-08,84.2205
2001-01-09,88.600555
2001-01-10,78.167
2001-01-11,82.057
2001-01-12,87.121666
2001-01-13,90.54733
2001-01-14,82.822105
2001-01-15,83.53
2001-01-16,82.456
2001-01-17,85.1895
2001-01-18,83.576
2001-01-19,80.365
2001-01-20,81.92
2001-01-21,82.0735
2001-01-22,87.011
2001-01-23,83.5545
2001-01-24,80.9075
2001-01-25,78.8545
2001-01-26,79.8035
2001-01-27,84.1885
2001-01-28,86.1135
2001-01-29,88.22737
2001-01-30,86.8325
2001-01-31,90.687645
2001-02-01,81.79895
2001-02-02,85.955
2001-02-03,76.249
2001-02-04,73.5465
2001-02-05,74.3375
2001-02-06,74.0515
2001-02-07,70.581
2001-02-08,69.796
2001-02-09,62.598
2001-02-10,81.996
2001-02-11,84.97938
2001-02-12,80.7825
2001-02-13,82.320496
2001-02-14,84.4835
2001-02-15,74.2615
2001-02-16,64.6585
2001-02-17,71.6905
2001-02-18,76.807495
2001-02-19,69.443
2001-02-20,80.3425
2001-02-21,79.2
2001-02-22,69.4625
2001-02-23,75.417496
2001-02-24,85.421
2001-02-25,88.8355
2001-02-26,89.998
2001-02-27,78.7885
2001-02-28,72.799995
2001-03-01,86.221054
2001-03-02,76.615
2001-03-03,80.0155
2001-03-04,77.02
2001-03-05,79.0305
2001-03-06,84.5115
2001-03-07,66.2155
2001-03-08,53.5775
2001-03-09,54.927
2001-03-10,71.244995
2001-03-11,71.751
2001-03-12,67.554
2001-03-13,63.122498
2001-03-14,82.694496
2001-03-15,70.9
2001-03-16,65.326996
2001-03-17,57.903
2001-03-18,75.1515
2001-03-19,78.359
2001-03-20,71.047
2001-03-21,69.65
2001-03-22,88.96706
2001-03-23,86.446
2001-03-24,78.1505
2001-03-25,79.2115
2001-03-26,78.9305
2001-03-27,84.3005
2001-03-28,80.1375
2001-03-29,81.103
2001-03-30,77.1935
2001-03-31,69.237495
2001-04-01,65.1105
2001-04-02,57.389
2001-04-03,53.975998
2001-04-04,42.659996
2001-04-05,57.114998
2001-04-06,72.5455
2001-04-07,57.325
2001-04-08,52.8425
2001-04-09,87.44389
2001-04-10,93.86
2001-04-11,87.51945
2001-04-12,80.8585
2001-04-13,71.645
2001-04-14,76.466995
2001-04-15,78.0825
2001-04-16,64.006996
2001-04-17,81.2395
2001-04-18,82.3545
2001-04-19,61.8505
2001-04-20,73.903496
2001-04-21,82.353
2001-04-22,89.25737
2001-04-23,91.91375
2001-04-24,83.812
2001-04-25,67.256
2001-04-26,73.582
2001-04-27,70.178
2001-04-28,75.466995
2001-04-29,72.719
2001-04-30,57.589996
2001-05-01,54.677498
2001-05-02,57.6115
2001-05-03,57.652
2001-05-04,56.3335
2001-05-05,59.2875
2001-05-06,72.6345
2001-05-07,84.662
2001-05-08,84.375
2001-05-09,76.894
2001-05-10,71.9015
2001-05-11,70.515
2001-05-12,70.1225
2001-05-13,65.8465
2001-05-14,57.906
2001-05-15,54.0575
2001-05-16,62.8425
2001-05-17,58.073997
2001-05-18,62.247997
2001-05-19,85.5575
2001-05-20,66.4925
2001-05-21,70.374
2001-05-22,79.633995
2001-05-23,74.3375
2001-05-24,63.5775
2001-05-25,69.964
2001-05-26,67.1425
2001-05-27,60.975
2001-05-28,65.557
2001-05-29,71.1325
2001-05-30,60.142498
2001-05-31,66.243996
2001-06-01,82.7625
2001-06-02,72.5215
2001-06-03,73.769
2001-06-04,84.537
2001-06-05,66.4365
2001-06-06,62.420998
2001-06-07,76.175995
2001-06-08,65.723
2001-06-09,65.7335
2001-06-10,71.4925
2001-06-11,69.1425
2001-06-12,67.654
2001-06-13,66.278
2001-06-14,83.724
2001-06-15,75.4685
2001-06-16,64.8395
2001-06-17,66.033
2001-06-18,85.321
2001-06-19,91.45533
2001-06-20,90.97316
2001-06-21,93.15059
2001-06-22,69.1475
2001-06-23,73.913
2001-06-24,77.4565
2001-06-25,66.207
2001-06-26,68.2575
2001-06-27,61.383
2001-06-28,60.0975
2001-06-29,74.104
2001-06-30,82.594
2001-07-01,76.378
2001-07-02,82.3915
2001-07-03,84.176
2001-07-04,74.9915
2001-07-05,75.264496
2001-07-06,67.7345
2001-07-07,60.93
2001-07-08,66.5915
2001-07-09,62.03
2001-07-10,66.128
2001-07-11,67.9555
2001-07-12,70.222
2001-07-13,66.493996
2001-07-14,57.304
2001-07-15,53.1855
2001-07-16,48.601997
2001-07-17,70.8915
2001-07-18,71.527
2001-07-19,58.482
2001-07-20,48.739998
2001-07-21,83.39
2001-07-22,89.43889
2001-07-23,86.3095
2001-07-24,82.9835
2001-07-25,78.168
2001-07-26,79.917
2001-07-27,80.909996
2001-07-28,72.3625
2001-07-29,70.209496
2001-07-30,70.3185
2001-07-31,70.424995
2001-08-01,65.3985
2001-08-02,63.697
2001-08-03,61.934
2001-08-04,49.9405
2001-08-05,66.321
2001-08-06,59.369
2001-08-07,64.944
2001-08-08,62.087498
2001-08-09,61.5015
2001-08-10,54.9885
2001-08-11,79.769
2001-08-12,81.3965
2001-08-13,68.6985
2001-08-14,65.199
2001-08-15,62.069
2001-08-16,56.1215
2001-08-17,58.4315
2001-08-18,62.863
2001-08-19,55.975
2001-08-20,55.12
2001-08-21,63.6695
2001-08-22,69.5435
2001-08-23,80.733
2001-08-24,77.437
2001-08-25,72.9995
2001-08-26,74.021
2001-08-27,66.653
2001-08-28,58.577
2001-08-29,67.2545
2001-08-30,62.3355
2001-08-31,55.362
2001-09-01,68.6855
2001-09-02,82.709
2001-09-03,69.883995
2001-09-04,56.6165
2001-09-05,73.5095
2001-09-06,89.5505
2001-09-07,83.607
2001-09-08,69.581
2001-09-09,75.861
2001-09-10,77.4245
2001-09-11,88.705
2001-09-12,75.35
2001-09-13,72.7335
2001-09-14,61.822
2001-09-15,74.428
2001-09-16,81.056496
2001-09-17,81.222
2001-09-18,78.550995
2001-09-19,81.764
2001-09-20,73.7525
2001-09-21,76.432495
2001-09-22,76.321
2001-09-23,77.155
2001-09-24,79.4615
2001-09-25,84.2335
2001-09-26,78.608
2001-09-27,89.2935
2001-09-28,80.6635
2001-09-29,70.617
2001-09-30,73.3385
2001-10-01,81.736
2001-10-02,76.93
2001-10-03,71.113495
2001-10-04,76.0265
2001-10-05,83.625
2001-10-06,83.7265
2001-10-07,73.005
2001-10-08,67.7965
2001-10-09,74.1155
2001-10-10,80.4045
2001-10-11,76.869
2001-10-12,73.6905
2001-10-13,74.1745
2001-10-14,77.238
2001-10-15,78.0045
2001-10-16,79.067
2001-10-17,86.5545
2001-10-18,84.8355
2001-10-19,88.0895
2001-10-20,84.2665
2001-10-21,79.0085
2001-10-22,86.9535
2001-10-23,83.5795
2001-10-24,75.94
2001-10-25,70.001495
2001-10-26,63.9165
2001-10-27,73.317
2001-10-28,77.859
2001-10-29,76.538
2001-10-30,79.7565
2001-10-31,66.49
2001-11-01,65.779
2001-11-02,73.881
2001-11-03,71.283
2001-11-04,71.6995
2001-11-05,68.4335
2001-11-06,71.0585
2001-11-07,80.833
2001-11-08,81.229
2001-11-09,69.262
2001-11-10,82.2385
2001-11-11,82.779
2001-11-12,84.689476
2001-11-13,88.125786
2001-11-14,87.977
2001-11-15,83.1495
2001-11-16,74.928
2001-11-17,71.9905
2001-11-18,76.908
2001-11-19,89.702225
2001-11-20,85.51474
2001-11-21,77.5495
2001-11-22,69.058
2001-11-23,82.0405
2001-11-24,89.08611
2001-11-25,82.826996
2001-11-26,81.885
2001-11-27,83.911575
2001-11-28,90.22222
2001-11-29,91.14333
2001-11-30,89.26369
2001-12-01,87.2075
2001-12-02,87.47071
2001-12-03,89.76118
2001-12-04,88.05765
2001-12-05,85.15
2001-12-06,86.4315
2001-12-07,79.3705
2001-12-08,79.145996
2001-12-09,84.030525
2001-12-10,81.0305
2001-12-11,79.284
2001-12-12,84.1735
2001-12-13,85.932
2001-12-14,82.0595
2001-12-15,83.095
2001-12-16,84.841
2001-12-17,83.1135
2001-12-18,81.618
2001-12-19,82.863495
2001-12-20,78.4785
2001-12-21,74.792496
2001-12-22,76.586
2001-12-23,79.139
2001-12-24,77.382996
2001-12-25,81.454
2001-12-26,76.868
2001-12-27,87.89895
2001-12-28,82.547
2001-12-29,69.5815
2001-12-30,76.749
2001-12-31,89.183334
2002-01-01,79.0255
2002-01-02,74.877
2002-01-03,77.0215
2002-01-04,76.516
2002-01-05,77.844
2002-01-06,79.025
2002-01-07,81.213684
2002-01-08,86.93
2002-01-09,85.471054
2002-01-10,86.0495
2002-01-11,87.40222
2002-01-12,86.955
2002-01-13,87.2015
2002-01-14,85.635
2002-01-15,87.287
2002-01-16,90.99
2002-01-17,88.476
2002-01-18,92.027336
2002-01-19,88.64611
2002-01-20,90.49412
2002-01-21,82.75667
2002-01-22,81.3865
2002-01-23,83.628
2002-01-24,78.042496
2002-01-25,86.96555
2002-01-26,81.3835
2002-01-27,82.687
2002-01-28,82.726
2002-01-29,66.7075
2002-01-30,65.947
2002-01-31,67.965996
2002-02-01,78.709
2002-02-02,88.363335
2002-02-03,86.339005
2002-02-04,74.949
2002-02-05,84.766846
2002-02-06,81.166
2002-02-07,74.818
2002-02-08,84.4935
2002-02-09,79.7075
2002-02-10,79.187996
2002-02-11,76.304
2002-02-12,70.069496
2002-02-13,64.231
2002-02-14,66.833
2002-02-15,68.469
2002-02-16,58.2265
2002-02-17,56.0855
2002-02-18,62.1535
2002-02-19,79.516495
2002-02-20,66.863
2002-02-21,77.875
2002-02-22,66.2105
2002-02-23,75.8585
2002-02-24,84.571
2002-02-25,69.526
2002-02-26,67.0555
2002-02-27,64.366
2002-02-28,73.4625
2002-03-01,73.2135
2002-03-02,74.233
2002-03-03,61.8665
2002-03-04,57.6955
2002-03-05,62.246
2002-03-06,59.722
2002-03-07,50.0825
2002-03-08,51.781998
2002-03-09,56.8575
2002-03-10,75.958496
2002-03-11,66.2845
2002-03-12,69.015
2002-03-13,58.6755
2002-03-14,53.205997
2002-03-15,54.6875
2002-03-16,65.1895
2002-03-17,63.5695
2002-03-18,62.215
2002-03-19,59.004997
2002-03-20,67.957
2002-03-21,77.9655
2002-03-22,79.756
2002-03-23,76.4545
2002-03-24,67.705
2002-03-25,79.573
2002-03-26,66.807
2002-03-27,66.24
2002-03-28,61.260998
2002-03-29,62.443
2002-03-30,63.698498
2002-03-31,58.510998
2002-04-01,54.3535
2002-04-02,52.9445
2002-04-03,56.014
2002-04-04,65.1745
2002-04-05,79.3265
2002-04-06,73.9205
2002-04-07,65.2325
2002-04-08,56.424
2002-04-09,63.438
2002-04-10,67.321
2002-04-11,67.1185
2002-04-12,72.87
2002-04-13,76.1815
2002-04-14,83.082
2002-04-15,81.159
2002-04-16,75.7635
2002-04-17,71.3945
2002-04-18,75.8795
2002-04-19,70.2305
2002-04-20,65.341995
2002-04-21,61.556
2002-04-22,66.506
2002-04-23,70.371
2002-04-24,67.261
2002-04-25,74.9295
2002-04-26,70.3275
2002-04-27,65.867
2002-04-28,72.668
2002-04-29,62.6135
2002-04-30,74.0255
2002-05-01,53.926
2002-05-02,48.100998
2002-05-03,40.96
2002-05-04,46.8345
2002-05-05,52.2985
2002-05-06,68.978
2002-05-07,53.982
2002-05-08,35.560497
2002-05-09,43.186996
2002-05-10,49.572
2002-05-11,64.694496
2002-05-12,62.767498
2002-05-13,67.287
2002-05-14,60.0865
2002-05-15,63.924
2002-05-16,61.7735
2002-05-17,52.671497
2002-05-18,53.381496
2002-05-19,55.899998
2002-05-20,65.8155
2002-05-21,83.270996
2002-05-22,62.589
2002-05-23,55.687
2002-05-24,59.039497
2002-05-25,61.8685
2002-05-26,62.670998
2002-05-27,68.0735
2002-05-28,73.8925
2002-05-29,82.3775
2002-05-30,79.641
2002-05-31,62.260998
2002-06-01,62.0865
2002-06-02,70.167496
2002-06-03,89.178
2002-06-04,79.917496
2002-06-05,69.000496
2002-06-06,67.951
2002-06-07,64.8345
2002-06-08,68.95
2002-06-09,70.507
2002-06-10,90.28117
2002-06-11,89.197
2002-06-12,72.678
2002-06-13,67.8815
2002-06-14,62.9335
2002-06-15,65.495
2002-06-16,66.998
2002-06-17,68.18
2002-06-18,58.7225
2002-06-19,55.777
2002-06-20,56.537
2002-06-21,58.4505
2002-06-22,57.5085
2002-06-23,54.486
2002-06-24,58.746998
2002-06-25,63.828
2002-06-26,65.71
2002-06-27,57.061
2002-06-28,47.951
2002-06-29,67.8835
2002-06-30,61.025497
2002-07-01,62.902
2002-07-02,54.961998
2002-07-03,49.9405
2002-07-04,58.5145
2002-07-05,61.3045
2002-07-06,65.055
2002-07-07,76.391495
2002-07-08,74.5185
2002-07-09,65.773
2002-07-10,64.5345
2002-07-11,63.402
2002-07-12,66.751
2002-07-13,61.1735
2002-07-14,63.600998
2002-07-15,65.335495
2002-07-16,57.7015
2002-07-17,73.751
2002-07-18,85.479
2002-07-19,84.0845
2002-07-20,87.052
2002-07-21,71.6045
2002-07-22,69.340004
2002-07-23,65.2715
2002-07-24,57.3215
2002-07-25,81.583496
2002-07-26,74.1915
2002-07-27,80.929
2002-07-28,72.9955
2002-07-29,81.0165
2002-07-30,80.17
2002-07-31,80.1265
2002-08-01,83.831
2002-08-02,76.1155
2002-08-03,72.5625
2002-08-04,66.4135
2002-08-05,75.3845
2002-08-06,73.081
2002-08-07,84.33894
2002-08-08,91.02937
2002-08-09,88.162
2002-08-10,78.028
2002-08-11,80.3015
2002-08-12,80.613
2002-08-13,80.2045
2002-08-14,80.437
2002-08-15,82.9855
2002-08-16,80.714
2002-08-17,82.0265
2002-08-18,76.1475
2002-08-19,73.228
2002-08-20,75.7865
2002-08-21,70.268
2002-08-22,70.909996
2002-08-23,72.277
2002-08-24,72.751495
2002-08-25,68.429
2002-08-26,65.3015
2002-08-27,67.8385
2002-08-28,62.7025
2002-08-29,69.1665
2002-08-30,72.6925
2002-08-31,72.4965
2002-09-01,64.7205
2002-09-02,72.1155
2002-09-03,66.895996
2002-09-04,71.4165
2002-09-05,62.136497
2002-09-06,64.9375
2002-09-07,68.772
2002-09-08,65.878
2002-09-09,66.6345
2002-09-10,68.796
2002-09-11,70.601494
2002-09-12,65.859
2002-09-13,78.263
2002-09-14,75.805
2002-09-15,77.899
2002-09-16,82.116
2002-09-17,77.4995
2002-09-18,70.6385
2002-09-19,68.946
2002-09-20,74.5895
2002-09-21,85.7175
2002-09-22,86.02111
2002-09-23,88.27778
2002-09-24,90.12111
2002-09-25,92.715385
2002-09-26,91.44786
2002-09-27,86.45167
2002-09-28,85.512
2002-09-29,90.1015
2002-09-30,87.7115
2002-10-01,85.8075
2002-10-02,81.4795
2002-10-03,78.418
2002-10-04,81.1085
2002-10-05,82.8535
2002-10-06,84.792496
2002-10-07,83.02555
2002-10-08,77.701004
2002-10-09,73.062
2002-10-10,83.095
2002-10-11,91.17182
2002-10-12,92.47833
2002-10-13,90.9475
2002-10-14,92.95111
2002-10-15,90.12889
2002-10-16,84.09579
2002-10-17,77.3575
2002-10-18,77.161995
2002-10-19,83.723
2002-10-20,76.6625
2002-10-21,65.8945
2002-10-22,67.019
2002-10-23,80.19
2002-10-24,89.9885
2002-10-25,85.491
2002-10-26,75.7535
2002-10-27,65.489
2002-10-28,63.762497
2002-10-29,60.2705
2002-10-30,72.3435
2002-10-31,74.1725
2002-11-01,82.663
2002-11-02,85.998
2002-11-03,82.041
2002-11-04,91.53895
2002-11-05,89.73167
2002-11-06,89.8175
2002-11-07,93.89714
2002-11-08,91.737335
2002-11-09,88.94053
2002-11-10,79.7015
2002-11-11,81.68263
2002-11-12,80.5125
2002-11-13,83.92737
2002-11-14,83.118996
2002-11-15,74.7325
2002-11-16,67.3135
2002-11-17,71.5725
2002-11-18,69.43
2002-11-19,70.133
2002-11-20,78.0685
2002-11-21,84.3345
2002-11-22,84.583
2002-11-23,84.51789
2002-11-24,78.2145
2002-11-25,74.857
2002-11-26,82.4885
2002-11-27,84.47
2002-11-28,85.9085
2002-11-29,87.5475
2002-11-30,94.07
2002-12-01,91.0
2002-12-02,88.962
2002-12-03,90.313
2002-12-04,91.817856
2002-12-05,89.57066
2002-12-06,89.7895
2002-12-07,81.0655
2002-12-08,72.623
2002-12-09,70.009
2002-12-10,74.661995
2002-12-11,81.141
2002-12-12,75.300995
2002-12-13,70.7015
2002-12-14,78.2855
2002-12-15,84.2095
2002-12-16,88.89056
2002-12-17,92.18278
2002-12-18,93.388
2002-12-19,88.6235
2002-12-20,86.31368
2002-12-21,86.454
2002-12-22,87.33421
2002-12-23,89.21077
2002-12-24,82.00737
2002-12-25,78.732
2002-12-26,79.2755
2002-12-27,83.08053
2002-12-28,84.66579
2002-12-29,90.84909
2002-12-30,86.4105
2002-12-31,80.803
2003-01-01,75.852
2003-01-02,80.3855
2003-01-03,86.9085
2003-01-04,89.40474
2003-01-05,90.19882
2003-01-06,85.1215
2003-01-07,88.33421
2003-01-08,80.3365
2003-01-09,84.319
2003-01-10,88.76684
2003-01-11,87.467
2003-01-12,81.1035
2003-01-13,79.9635
2003-01-14,82.168
2003-01-15,83.232
2003-01-16,89.721054
2003-01-17,89.335266
2003-01-18,88.837776
2003-01-19,90.72134
2003-01-20,90.61063
2003-01-21,89.00588
2003-01-22,85.155
2003-01-23,91.676
2003-01-24,93.24
2003-01-25,92.652
2003-01-26,92.44428
2003-01-27,91.9
2003-01-28,89.65722
2003-01-29,88.494446
2003-01-30,92.22818
2003-01-31,90.995
2003-02-01,89.9315
2003-02-02,82.3185
2003-02-03,80.4665
2003-02-04,81.246
2003-02-05,91.324
2003-02-06,89.57938
2003-02-07,86.6205
2003-02-08,85.27824
2003-02-09,88.12474
2003-02-10,85.485
2003-02-11,85.3585
2003-02-12,79.6695
2003-02-13,78.42158
2003-02-14,79.45
2003-02-15,83.5615
2003-02-16,78.611
2003-02-17,76.523
2003-02-18,80.721
2003-02-19,85.4395
2003-02-20,83.25421
2003-02-21,79.318
2003-02-22,73.899
2003-02-23,77.389
2003-02-24,82.4895
2003-02-25,84.987366
2003-02-26,81.808
2003-02-27,76.62
2003-02-28,75.5735
2003-03-01,84.804
2003-03-02,81.2321
2003-03-03,82.034
2003-03-04,82.89316
2003-03-05,84.343
2003-03-06,84.8405
2003-03-07,82.233
2003-03-08,81.232
2003-03-09,85.44
2003-03-10,92.839
2003-03-11,92.76539
2003-03-12,86.555
2003-03-13,75.1325
2003-03-14,83.1305
2003-03-15,74.673
2003-03-16,77.466995
2003-03-17,74.1315
2003-03-18,72.456
2003-03-19,70.836
2003-03-20,71.2835
2003-03-21,60.0975
2003-03-22,54.591
2003-03-23,54.913498
2003-03-24,56.018497
2003-03-25,51.312
2003-03-26,44.494
2003-03-27,49.309
2003-03-28,57.899
2003-03-29,54.094498
2003-03-30,60.731
2003-03-31,69.849
2003-04-01,58.6095
2003-04-02,44.7925
2003-04-03,59.816998
2003-04-04,67.027
2003-04-05,75.068
2003-04-06,68.1715
2003-04-07,74.396996
2003-04-08,80.1005
2003-04-09,57.4885
2003-04-10,52.1655
2003-04-11,74.116
2003-04-12,65.3445
2003-04-13,80.722496
2003-04-14,70.183
2003-04-15,61.1525
2003-04-16,74.5405
2003-04-17,68.702995
2003-04-18,68.744995
2003-04-19,65.951996
2003-04-20,50.117
2003-04-21,48.6125
2003-04-22,63.1535
2003-04-23,69.904
2003-04-24,89.578
2003-04-25,74.322
2003-04-26,62.872997
2003-04-27,68.509
2003-04-28,73.0895
2003-04-29,56.876
2003-04-30,54.5695
2003-05-01,50.838
2003-05-02,61.728
2003-05-03,56.29
2003-05-04,53.9085
2003-05-05,53.4985
2003-05-06,48.711
2003-05-07,49.253498
2003-05-08,46.196
2003-05-09,51.651997
2003-05-10,57.378
2003-05-11,55.019
2003-05-12,60.914997
2003-05-13,55.3625
2003-05-14,69.2775
2003-05-15,84.9535
2003-05-16,65.2965
2003-05-17,67.234
2003-05-18,74.461494
2003-05-19,68.796
2003-05-20,53.406498
2003-05-21,85.1215
2003-05-22,89.51125
2003-05-23,86.2975
2003-05-24,79.1605
2003-05-25,74.03
2003-05-26,69.890495
2003-05-27,67.7205
2003-05-28,71.326
2003-05-29,66.6805
2003-05-30,68.259
2003-05-31,62.5775
2003-06-01,60.2905
2003-06-02,66.7755
2003-06-03,73.4755
2003-06-04,63.7705
2003-06-05,63.4795
2003-06-06,66.1205
2003-06-07,65.9025
2003-06-08,63.9855
2003-06-09,73.323
2003-06-10,65.9905
2003-06-11,63.0915
2003-06-12,57.833
2003-06-13,62.488
2003-06-14,52.6455
2003-06-15,63.961
2003-06-16,68.626495
2003-06-17,57.177998
2003-06-18,54.468998
2003-06-19,84.1255
2003-06-20,69.981
2003-06-21,53.740498
2003-06-22,54.151
2003-06-23,55.517498
2003-06-24,62.1215
2003-06-25,62.079
2003-06-26,58.8445
2003-06-27,63.156998
2003-06-28,61.0865
2003-06-29,56.4895
2003-06-30,60.6625
2003-07-01,55.482998
2003-07-02,55.019497
2003-07-03,58.1895
2003-07-04,69.019
2003-07-05,81.8285
2003-07-06,68.2715
2003-07-07,68.737
2003-07-08,64.5175
2003-07-09,57.115498
2003-07-10,65.048996
2003-07-11,72.866
2003-07-12,62.6385
2003-07-13,75.296
2003-07-14,72.693
2003-07-15,65.3875
2003-07-16,57.5675
2003-07-17,61.064
2003-07-18,78.655
2003-07-19,83.173996
2003-07-20,69.956
2003-07-21,64.528496
2003-07-22,68.764496
2003-07-23,68.2425
2003-07-24,74.354996
2003-07-25,80.284
2003-07-26,80.795
2003-07-27,69.5495
2003-07-28,64.410995
2003-07-29,83.324
2003-07-30,84.5525
2003-07-31,79.2625
2003-08-01,73.8025
2003-08-02,75.345
2003-08-03,64.6405
2003-08-04,60.655
2003-08-05,57.5655
2003-08-06,51.2325
2003-08-07,52.462997
2003-08-08,54.6975
2003-08-09,56.073997
2003-08-10,58.211
2003-08-11,51.789497
2003-08-12,52.085
2003-08-13,49.1205
2003-08-14,50.61
2003-08-15,67.667
2003-08-16,64.7605
2003-08-17,58.218
2003-08-18,55.597
2003-08-19,49.8
2003-08-20,62.940998
2003-08-21,61.417
2003-08-22,57.087498
2003-08-23,50.705997
2003-08-24,48.843
2003-08-25,54.240498
2003-08-26,55.406998
2003-08-27,53.459
2003-08-28,48.5775
2003-08-29,39.8135
2003-08-30,48.336
2003-08-31,66.1585
2003-09-01,72.2295
2003-09-02,79.945
2003-09-03,71.2435
2003-09-04,73.0885
2003-09-05,69.01
2003-09-06,64.5515
2003-09-07,58.385
2003-09-08,54.212997
2003-09-09,65.5115
2003-09-10,78.123
2003-09-11,91.621666
2003-09-12,94.3225
2003-09-13,91.460625
2003-09-14,81.444
2003-09-15,77.081
2003-09-16,76.501
2003-09-17,71.881
2003-09-18,70.975
2003-09-19,69.3325
2003-09-20,70.834496
2003-09-21,68.032
2003-09-22,66.0725
2003-09-23,60.9125
2003-09-24,79.548
2003-09-25,79.783
2003-09-26,82.2065
2003-09-27,79.601
2003-09-28,74.2295
2003-09-29,62.662
2003-09-30,89.12316
2003-10-01,82.826996
2003-10-02,72.129
2003-10-03,75.2875
2003-10-04,82.6355
2003-10-05,83.5615
2003-10-06,86.5295
2003-10-07,71.141
2003-10-08,89.115295
2003-10-09,81.85526
2003-10-10,80.596
2003-10-11,80.923996
2003-10-12,76.631
2003-10-13,75.542
2003-10-14,74.506
2003-10-15,85.0885
2003-10-16,88.7475
2003-10-17,87.389
2003-10-18,81.028
2003-10-19,88.136
2003-10-20,87.37294
2003-10-21,89.63133
2003-10-22,88.637505
2003-10-23,89.71833
2003-10-24,89.39643
2003-10-25,84.841
2003-10-26,83.7015
2003-10-27,89.06737
2003-10-28,81.9095
2003-10-29,70.669
2003-10-30,83.26211
2003-10-31,81.26632
2003-11-01,74.175995
2003-11-02,86.316
2003-11-03,86.64421
2003-11-04,92.30133
2003-11-05,87.25
2003-11-06,87.616844
2003-11-07,89.834
2003-11-08,87.11053
2003-11-09,86.40889
2003-11-10,80.2835
2003-11-11,76.125
2003-11-12,75.2565
2003-11-13,80.362
2003-11-14,84.535995
2003-11-15,89.83278
2003-11-16,89.8635
2003-11-17,87.87706
2003-11-18,83.12
2003-11-19,81.026
2003-11-20,78.8555
2003-11-21,89.9635
2003-11-22,87.62929
2003-11-23,89.596664
2003-11-24,82.663155
2003-11-25,85.21737
2003-11-26,80.988
2003-11-27,80.706
2003-11-28,82.1365
2003-11-29,87.936874
2003-11-30,92.915
2003-12-01,89.30143
2003-12-02,86.99294
2003-12-03,86.88231
2003-12-04,88.40786
2003-12-05,88.29727
2003-12-06,85.6715
2003-12-07,74.766
2003-12-08,80.2105
2003-12-09,79.192
2003-12-10,80.119
2003-12-11,80.02947
2003-12-12,90.75059
2003-12-13,90.77077
2003-12-14,91.81167
2003-12-15,82.7025
2003-12-16,82.54737
2003-12-17,76.3405
2003-12-18,81.726
2003-12-19,84.27263
2003-12-20,85.530525
2003-12-21,81.988
2003-12-22,82.441
2003-12-23,87.6125
2003-12-24,81.916
2003-12-25,79.759476
2003-12-26,80.7545
2003-12-27,85.55526
2003-12-28,82.342995
2003-12-29,79.012
2003-12-30,75.4365
2003-12-31,86.185265
2004-01-01,93.1075
2004-01-02,91.65857
2004-01-03,87.97894
2004-01-04,88.082
2004-01-05,84.519
2004-01-06,80.344
2004-01-07,83.526
2004-01-08,80.55211
2004-01-09,81.821
2004-01-10,87.2515
2004-01-11,90.88375
2004-01-12,88.74875
2004-01-13,89.415
2004-01-14,86.40421
2004-01-15,90.99643
2004-01-16,79.7945
2004-01-17,71.6085
2004-01-18,88.005295
2004-01-19,89.93
2004-01-20,92.07235
2004-01-21,84.203
2004-01-22,74.7075
2004-01-23,69.7245
2004-01-24,77.5405
2004-01-25,84.897896
2004-01-26,86.13
2004-01-27,86.6255
2004-01-28,89.004
2004-01-29,87.4595
2004-01-30,90.41526
2004-01-31,81.0165
2004-02-01,79.9775
2004-02-02,79.6455
2004-02-03,91.20734
2004-02-04,92.24
2004-02-05,79.97
2004-02-06,75.34
2004-02-07,69.9365
2004-02-08,74.839
2004-02-09,76.602
2004-02-10,67.216995
2004-02-11,72.813995
2004-02-12,65.6635
2004-02-13,63.6405
2004-02-14,78.9505
2004-02-15,85.22158
2004-02-16,84.515
2004-02-17,76.1595
2004-02-18,83.412
2004-02-19,77.081
2004-02-20,63.125
2004-02-21,48.4525
2004-02-22,71.385
2004-02-23,84.0305
2004-02-24,91.91286
2004-02-25,83.507996
2004-02-26,81.889
2004-02-27,91.19583
2004-02-28,89.68053
2004-02-29,87.45368
2004-03-01,86.239
2004-03-02,81.160995
2004-03-03,83.4535
2004-03-04,76.609
2004-03-05,71.854996
2004-03-06,67.079
2004-03-07,59.893497
2004-03-08,62.368
2004-03-09,90.598335
2004-03-10,90.37312
2004-03-11,78.568
2004-03-12,72.5225
2004-03-13,71.5815
2004-03-14,65.3665
2004-03-15,73.5185
2004-03-16,69.292496
2004-03-17,72.593
2004-03-18,69.584496
2004-03-19,66.014
2004-03-20,58.571
2004-03-21,56.233997
2004-03-22,65.4705
2004-03-23,58.926
2004-03-24,74.9805
2004-03-25,80.9125
2004-03-26,85.8145
2004-03-27,90.4625
2004-03-28,85.928
2004-03-29,74.908
2004-03-30,64.802
2004-03-31,63.086998
2004-04-01,56.1515
2004-04-02,51.554497
2004-04-03,51.748497
2004-04-04,59.107998
2004-04-05,70.8605
2004-04-06,71.285995
2004-04-07,77.987495
2004-04-08,74.584
2004-04-09,76.558
2004-04-10,81.4815
2004-04-11,87.54316
2004-04-12,79.6875
2004-04-13,86.429474
2004-04-14,82.008
2004-04-15,63.289997
2004-04-16,56.111
2004-04-17,71.8735
2004-04-18,77.738
2004-04-19,68.9675
2004-04-20,57.8635
2004-04-21,67.235
2004-04-22,61.9995
2004-04-23,63.802
2004-04-24,72.617
2004-04-25,84.926315
2004-04-26,74.3855
2004-04-27,67.5675
2004-04-28,69.7185
2004-04-29,63.0445
2004-04-30,57.113
2004-05-01,58.8545
2004-05-02,69.997
2004-05-03,60.378998
2004-05-04,65.909996
2004-05-05,71.625
2004-05-06,75.498
2004-05-07,77.4015
2004-05-08,79.1645
2004-05-09,76.528
2004-05-10,80.1735
2004-05-11,77.307
2004-05-12,71.8565
2004-05-13,77.375496
2004-05-14,82.1895
2004-05-15,69.4495
2004-05-16,83.9115
2004-05-17,68.836
2004-05-18,66.7075
2004-05-19,58.868
2004-05-20,53.5565
2004-05-21,59.48
2004-05-22,70.726
2004-05-23,72.1985
2004-05-24,76.484
2004-05-25,62.2875
2004-05-26,62.254498
2004-05-27,60.7845
2004-05-28,56.329998
2004-05-29,72.4475
2004-05-30,72.141
2004-05-31,70.726
2004-06-01,67.1475
2004-06-02,76.511
2004-06-03,84.091
2004-06-04,72.755
2004-06-05,82.394
2004-06-06,85.328
2004-06-07,83.9845
2004-06-08,71.09
2004-06-09,69.775
2004-06-10,69.6705
2004-06-11,72.091995
2004-06-12,75.858
2004-06-13,80.5875
2004-06-14,72.550995
2004-06-15,64.7445
2004-06-16,68.92
2004-06-17,59.845497
2004-06-18,74.517
2004-06-19,66.6625
2004-06-20,63.579998
2004-06-21,79.659
2004-06-22,71.2755
2004-06-23,56.989998
2004-06-24,70.8005
2004-06-25,62.4415
2004-06-26,68.744995
2004-06-27,61.146
2004-06-28,54.747498
2004-06-29,65.9335
2004-06-30,67.917496
2004-07-01,53.677
2004-07-02,68.762
2004-07-03,69.697495
2004-07-04,57.4335
2004-07-05,57.045998
2004-07-06,55.8375
2004-07-07,58.892
2004-07-08,59.941998
2004-07-09,55.235
2004-07-10,60.5625
2004-07-11,59.4225
2004-07-12,67.437
2004-07-13,76.756996
2004-07-14,64.334
2004-07-15,59.5165
2004-07-16,65.0635
2004-07-17,67.081
2004-07-18,60.899
2004-07-19,56.9385
2004-07-20,57.8825
2004-07-21,61.788
2004-07-22,59.885498
2004-07-23,61.4165
2004-07-24,61.331497
2004-07-25,66.007996
2004-07-26,81.723
2004-07-27,93.221535
2004-07-28,93.4525
2004-07-29,87.023
2004-07-30,87.3535
2004-07-31,80.602
2004-08-01,71.3885
2004-08-02,71.9965
2004-08-03,69.9135
2004-08-04,69.96
2004-08-05,73.3865
2004-08-06,76.4515
2004-08-07,73.779
2004-08-08,76.845
2004-08-09,79.3875
2004-08-10,76.8325
2004-08-11,71.775
2004-08-12,68.297
2004-08-13,67.122
2004-08-14,78.837
2004-08-15,72.372
2004-08-16,63.501
2004-08-17,60.7855
2004-08-18,59.663
2004-08-19,57.9925
2004-08-20,63.9295
2004-08-21,71.924995
2004-08-22,91.17842
2004-08-23,73.496
2004-08-24,70.4525
2004-08-25,64.1925
2004-08-26,73.1415
2004-08-27,87.99
2004-08-28,82.2955
2004-08-29,75.9635
2004-08-30,75.6035
2004-08-31,71.208
2004-09-01,77.5625
2004-09-02,72.287
2004-09-03,70.653
2004-09-04,71.7405
2004-09-05,68.461
2004-09-06,64.3035
2004-09-07,64.786
2004-09-08,69.3435
2004-09-09,61.716
2004-09-10,64.4025
2004-09-11,65.658
2004-09-12,58.904
2004-09-13,74.5465
2004-09-14,69.0445
2004-09-15,66.42
2004-09-16,83.5425
2004-09-17,73.386
2004-09-18,82.1475
2004-09-19,80.492
2004-09-20,80.9925
2004-09-21,73.9405
2004-09-22,69.394
2004-09-23,74.8595
2004-09-24,84.525
2004-09-25,91.08235
2004-09-26,90.83813
2004-09-27,93.758
2004-09-28,88.115
2004-09-29,88.51
2004-09-30,80.8305
2004-10-01,77.2075
2004-10-02,85.414
2004-10-03,84.7875
2004-10-04,83.098
2004-10-05,79.215
2004-10-06,70.751495
2004-10-07,75.1175
2004-10-08,78.667
2004-10-09,81.464
2004-10-10,86.51842
2004-10-11,80.8515
2004-10-12,74.1625
2004-10-13,64.466995
2004-10-14,75.724
2004-10-15,82.069
2004-10-16,89.51158
2004-10-17,89.217896
2004-10-18,79.2135
2004-10-19,80.2445
2004-10-20,85.187996
2004-10-21,90.70167
2004-10-22,90.99105
2004-10-23,89.71579
2004-10-24,85.612
2004-10-25,80.909
2004-10-26,81.311
2004-10-27,78.431496
2004-10-28,81.7845
2004-10-29,78.3225
2004-10-30,78.474
2004-10-31,80.975
2004-11-01,82.967
2004-11-02,83.242
2004-11-03,84.931
2004-11-04,76.64
2004-11-05,84.2525
2004-11-06,88.518425
2004-11-07,88.56263
2004-11-08,94.3225
2004-11-09,87.7565
2004-11-10,88.58053
2004-11-11,84.91789
2004-11-12,90.52231
2004-11-13,92.20563
2004-11-14,91.612854
2004-11-15,88.493126
2004-11-16,88.884735
2004-11-17,88.526
2004-11-18,79.269
2004-11-19,76.8435
2004-11-20,72.083496
2004-11-21,77.91368
2004-11-22,77.7825
2004-11-23,84.6275
2004-11-24,76.2145
2004-11-25,80.984
2004-11-26,77.528
2004-11-27,79.097496
2004-11-28,86.712776
2004-11-29,84.133156
2004-11-30,84.3325
2004-12-01,80.5215
2004-12-02,90.151
2004-12-03,88.97895
2004-12-04,90.24105
2004-12-05,90.435715
2004-12-06,91.109375
2004-12-07,88.5065
2004-12-08,90.19
2004-12-09,88.40471
2004-12-10,87.381874
2004-12-11,83.5065
2004-12-12,81.33526
2004-12-13,84.935265
2004-12-14,85.96667
2004-12-15,81.0775
2004-12-16,76.2025
2004-12-17,81.5415
2004-12-18,89.91631
2004-12-19,87.45421
2004-12-20,91.200905
2004-12-21,90.60722
2004-12-22,87.9665
2004-12-23,88.55778
2004-12-24,85.39737
2004-12-25,80.5215
2004-12-26,72.396996
2004-12-27,75.875496
2004-12-28,89.7585
2004-12-29,91.074165
2004-12-30,87.07579
2004-12-31,89.97444
2005-01-01,92.715
2005-01-02,92.29389
2005-01-03,79.0075
2005-01-04,83.3565
2005-01-05,78.8835
2005-01-06,81.6165
2005-01-07,80.1095
2005-01-08,77.882996
2005-01-09,78.741
2005-01-10,83.528
2005-01-11,88.28267
2005-01-12,91.63846
2005-01-13,93.08143
2005-01-14,87.778946
2005-01-15,82.8855
2005-01-16,77.590996
2005-01-17,88.17
2005-01-18,85.441
2005-01-19,84.6575
2005-01-20,87.684
2005-01-21,83.553154
2005-01-22,75.8105
2005-01-23,77.75
2005-01-24,82.666
2005-01-25,90.36389
2005-01-26,91.608
2005-01-27,85.688
2005-01-28,83.555504
2005-01-29,83.8121
2005-01-30,83.262
2005-01-31,86.182
2005-02-01,91.88529
2005-02-02,92.99333
2005-02-03,92.11467
2005-02-04,87.16277
2005-02-05,82.137
2005-02-06,82.7075
2005-02-07,78.725
2005-02-08,75.975494
2005-02-09,80.0085
2005-02-10,85.3975
2005-02-11,81.8655
2005-02-12,83.138
2005-02-13,92.80625
2005-02-14,94.03333
2005-02-15,92.68714
2005-02-16,91.36083
2005-02-17,90.87666
2005-02-18,90.48428
2005-02-19,90.82
2005-02-20,90.17526
2005-02-21,90.6395
2005-02-22,88.12526
2005-02-23,89.55055
2005-02-24,91.567696
2005-02-25,90.221115
2005-02-26,88.765
2005-02-27,90.719444
2005-02-28,72.0305
2005-03-01,76.626
2005-03-02,77.421
2005-03-03,78.212
2005-03-04,84.642105
2005-03-05,93.33625
2005-03-06,85.6835
2005-03-07,85.383156
2005-03-08,86.1965
2005-03-09,86.604996
2005-03-10,74.339
2005-03-11,72.58
2005-03-12,70.1915
2005-03-13,80.585495
2005-03-14,73.974
2005-03-15,73.412
2005-03-16,70.519
2005-03-17,65.984
2005-03-18,65.8535
2005-03-19,66.4075
2005-03-20,55.2245
2005-03-21,57.1415
2005-03-22,62.649998
2005-03-23,59.422997
2005-03-24,58.4155
2005-03-25,62.2755
2005-03-26,78.828
2005-03-27,83.809
2005-03-28,83.723
2005-03-29,80.070496
2005-03-30,76.592
2005-03-31,71.618
2005-04-01,60.836998
2005-04-02,59.125
2005-04-03,55.457
2005-04-04,55.8805
2005-04-05,49.679497
2005-04-06,48.0435
2005-04-07,42.1605
2005-04-08,46.8465
2005-04-09,45.337997
2005-04-10,75.4525
2005-04-11,79.3425
2005-04-12,71.4085
2005-04-13,71.6875
2005-04-14,83.534996
2005-04-15,86.0155
2005-04-16,69.638
2005-04-17,69.1315
2005-04-18,84.9921
2005-04-19,85.85263
2005-04-20,83.1245
2005-04-21,84.319496
2005-04-22,65.366
2005-04-23,65.591
2005-04-24,64.18
2005-04-25,80.259995
2005-04-26,90.329475
2005-04-27,74.711
2005-04-28,76.5255
2005-04-29,70.679
2005-04-30,68.236496
2005-05-01,63.267
2005-05-02,57.8405
2005-05-03,63.672
2005-05-04,75.6215
2005-05-05,77.5795
2005-05-06,74.663
2005-05-07,75.7155
2005-05-08,71.614
2005-05-09,69.409996
2005-05-10,69.8095
2005-05-11,86.882996
2005-05-12,75.7625
2005-05-13,64.762
2005-05-14,63.5675
2005-05-15,84.0765
2005-05-16,77.331
2005-05-17,72.9215
2005-05-18,79.12
2005-05-19,87.3565
2005-05-20,81.2015
2005-05-21,76.9635
2005-05-22,76.765
2005-05-23,74.963
2005-05-24,74.695
2005-05-25,79.479996
2005-05-26,68.7325
2005-05-27,71.024
2005-05-28,69.358
2005-05-29,69.493996
2005-05-30,66.3745
2005-05-31,69.99
2005-06-01,60.5435
2005-06-02,58.5465
2005-06-03,58.775
2005-06-04,57.3045
2005-06-05,77.313995
2005-06-06,78.656
2005-06-07,74.028496
2005-06-08,82.173996
2005-06-09,88.0595
2005-06-10,90.516846
2005-06-11,85.405
2005-06-12,74.074
2005-06-13,69.335
2005-06-14,63.2425
2005-06-15,64.298996
2005-06-16,62.671497
2005-06-17,71.396996
2005-06-18,65.818
2005-06-19,62.613
2005-06-20,63.3825
2005-06-21,59.810497
2005-06-22,60.405
2005-06-23,66.7335
2005-06-24,65.4225
2005-06-25,57.350998
2005-06-26,62.8295
2005-06-27,65.679
2005-06-28,60.805
2005-06-29,56.586
2005-06-30,66.886
2005-07-01,63.531498
2005-07-02,92.23353
2005-07-03,87.5805
2005-07-04,74.615
2005-07-05,73.209496
2005-07-06,81.209496
2005-07-07,77.2025
2005-07-08,69.108
2005-07-09,77.4715
2005-07-10,85.0945
2005-07-11,84.715996
2005-07-12,82.2465
2005-07-13,79.575
2005-07-14,80.97895
2005-07-15,74.289
2005-07-16,73.1925
2005-07-17,76.952995
2005-07-18,70.107
2005-07-19,73.917496
2005-07-20,69.766495
2005-07-21,67.084
2005-07-22,64.194
2005-07-23,77.7455
2005-07-24,80.5215
2005-07-25,65.1935
2005-07-26,67.8725
2005-07-27,70.674995
2005-07-28,69.241
2005-07-29,65.311
2005-07-30,65.917
2005-07-31,62.553497
2005-08-01,75.531
2005-08-02,69.863
2005-08-03,69.9115
2005-08-04,91.14526
2005-08-05,87.7795
2005-08-06,88.113
2005-08-07,79.0915
2005-08-08,87.0735
2005-08-09,71.056496
2005-08-10,63.6255
2005-08-11,71.8105
2005-08-12,78.063
2005-08-13,76.6205
2005-08-14,73.6125
2005-08-15,81.8015
2005-08-16,90.28824
2005-08-17,85.5795
2005-08-18,84.4455
2005-08-19,80.4995
2005-08-20,80.039
2005-08-21,70.6835
2005-08-22,80.575
2005-08-23,91.0515
2005-08-24,87.622
2005-08-25,85.5825
2005-08-26,82.7425
2005-08-27,80.183495
2005-08-28,85.03421
2005-08-29,83.8345
2005-08-30,77.768
2005-08-31,79.332
2005-09-01,75.910995
2005-09-02,76.3055
2005-09-03,76.0685
2005-09-04,73.944
2005-09-05,71.808
2005-09-06,74.0795
2005-09-07,72.247
2005-09-08,71.4905
2005-09-09,71.2165
2005-09-10,67.3725
2005-09-11,82.182495
2005-09-12,79.4125
2005-09-13,82.3015
2005-09-14,88.7255
2005-09-15,87.3155
2005-09-16,80.547
2005-09-17,80.863
2005-09-18,85.868004
2005-09-19,90.41625
2005-09-20,91.03611
2005-09-21,89.033
2005-09-22,82.269
2005-09-23,83.516
2005-09-24,86.969
2005-09-25,86.0685
2005-09-26,84.84
2005-09-27,81.4365
2005-09-28,82.402
2005-09-29,82.8175
2005-09-30,91.575
2005-10-01,92.87308
2005-10-02,92.575714
2005-10-03,83.99368
2005-10-04,78.179
2005-10-05,70.26
2005-10-06,76.333
2005-10-07,68.765
2005-10-08,66.0925
2005-10-09,76.292496
2005-10-10,76.271996
2005-10-11,74.989
2005-10-12,74.965
2005-10-13,81.917
2005-10-14,85.615
2005-10-15,85.2845
2005-10-16,76.269
2005-10-17,73.5545
2005-10-18,73.4015
2005-10-19,74.7165
2005-10-20,74.41
2005-10-21,77.9435
2005-10-22,84.73684
2005-10-23,82.791504
2005-10-24,81.255
2005-10-25,77.451
2005-10-26,76.9125
2005-10-27,72.3435
2005-10-28,61.628498
2005-10-29,69.962
2005-10-30,73.731
2005-10-31,75.9405
2005-11-01,74.6495
2005-11-02,75.2295
2005-11-03,79.6605
2005-11-04,85.256996
2005-11-05,82.0165
2005-11-06,81.3575
2005-11-07,79.092
2005-11-08,81.876
2005-11-09,85.58945
2005-11-10,87.1535
2005-11-11,91.92667
2005-11-12,89.65875
2005-11-13,85.894615
2005-11-14,87.74105
2005-11-15,86.452
2005-11-16,89.270004
2005-11-17,80.3995
2005-11-18,81.469475
2005-11-19,83.015
2005-11-20,73.1795
2005-11-21,82.848335
2005-11-22,87.71667
2005-11-23,82.9175
2005-11-24,87.27947
2005-11-25,91.58466
2005-11-26,72.65
2005-11-27,72.412
2005-11-28,85.17
2005-11-29,84.284
2005-11-30,85.793
2005-12-01,87.98
2005-12-02,90.66563
2005-12-03,81.986
2005-12-04,86.96733
2005-12-05,85.141
2005-12-06,82.879
2005-12-07,87.278
2005-12-08,85.4935
2005-12-09,85.213
2005-12-10,81.444
2005-12-11,80.1975
2005-12-12,84.365265
2005-12-13,88.965
2005-12-14,89.86533
2005-12-15,89.75882
2005-12-16,82.3645
2005-12-17,79.675995
2005-12-18,86.403496
2005-12-19,84.4295
2005-12-20,86.5875
2005-12-21,81.8165
2005-12-22,84.8165
2005-12-23,90.86222
2005-12-24,88.801765
2005-12-25,88.3575
2005-12-26,85.213
2005-12-27,86.932
2005-12-28,89.12125
2005-12-29,88.94111
2005-12-30,86.23
2005-12-31,79.8525
2006-01-01,71.078
2006-01-02,82.555
2006-01-03,91.86417
2006-01-04,91.556
2006-01-05,85.03842
2006-01-06,83.5915
2006-01-07,76.964
2006-01-08,74.993
2006-01-09,75.2265
2006-01-10,79.551
2006-01-11,88.2705
2006-01-12,91.14737
2006-01-13,86.207
2006-01-14,83.8985
2006-01-15,84.758
2006-01-16,84.467896
2006-01-17,83.801
2006-01-18,86.3425
2006-01-19,82.45
2006-01-20,76.9355
2006-01-21,84.5165
2006-01-22,84.307
2006-01-23,67.6325
2006-01-24,69.834
2006-01-25,72.8955
2006-01-26,69.724
2006-01-27,65.5795
2006-01-28,68.2425
2006-01-29,72.3405
2006-01-30,78.6295
2006-01-31,83.40316
2006-02-01,80.072105
2006-02-02,79.066
2006-02-03,81.1705
2006-02-04,82.2805
2006-02-05,77.6025
2006-02-06,75.5485
2006-02-07,74.5115
2006-02-08,80.097
2006-02-09,88.7
2006-02-10,89.315
2006-02-11,84.369995
2006-02-12,81.459
2006-02-13,81.9755
2006-02-14,84.776
2006-02-15,83.9421
2006-02-16,85.648
2006-02-17,87.77421
2006-02-18,78.3035
2006-02-19,78.8595
2006-02-20,72.3825
2006-02-21,80.4085
2006-02-22,87.194496
2006-02-23,82.487
2006-02-24,74.4165
2006-02-25,81.1315
2006-02-26,90.743126
2006-02-27,83.4935
2006-02-28,86.70368
2006-03-01,80.721
2006-03-02,80.582
2006-03-03,70.1045
2006-03-04,71.9375
2006-03-05,77.291
2006-03-06,84.455
2006-03-07,79.25
2006-03-08,74.728
2006-03-09,72.875
2006-03-10,78.8575
2006-03-11,87.3995
2006-03-12,86.46579
2006-03-13,89.885
2006-03-14,83.284996
2006-03-15,83.6195
2006-03-16,82.6645
2006-03-17,87.103
2006-03-18,83.797
2006-03-19,79.340996
2006-03-20,69.589
2006-03-21,67.235
2006-03-22,80.331
2006-03-23,76.146996
2006-03-24,65.4555
2006-03-25,65.3745
2006-03-26,72.514496
2006-03-27,75.4565
2006-03-28,67.4195
2006-03-29,80.068
2006-03-30,68.3695
2006-03-31,70.059
2006-04-01,72.9105
2006-04-02,75.788
2006-04-03,82.794
2006-04-04,88.0665
2006-04-05,68.191
2006-04-06,84.086
2006-04-07,81.876495
2006-04-08,72.737
2006-04-09,60.8265
2006-04-10,54.072998
2006-04-11,78.208496
2006-04-12,89.2815
2006-04-13,84.1275
2006-04-14,80.023
2006-04-15,63.474
2006-04-16,78.640495
2006-04-17,78.647995
2006-04-18,74.3165
2006-04-19,80.801
2006-04-20,86.428
2006-04-21,84.713
2006-04-22,73.27
2006-04-23,67.1985
2006-04-24,67.093
2006-04-25,62.356
2006-04-26,64.5585
2006-04-27,69.354004
2006-04-28,59.2665
2006-04-29,57.511497
2006-04-30,49.239998
2006-05-01,63.7725
2006-05-02,69.608
2006-05-03,68.6485
2006-05-04,54.2645
2006-05-05,51.4445
2006-05-06,66.284996
2006-05-07,71.4495
2006-05-08,75.199
2006-05-09,65.2425
2006-05-10,74.6175
2006-05-11,75.591995
2006-05-12,67.918
2006-05-13,58.559
2006-05-14,59.2445
2006-05-15,68.5155
2006-05-16,64.345
2006-05-17,73.0225
2006-05-18,67.303
2006-05-19,74.362
2006-05-20,72.0935
2006-05-21,60.812
2006-05-22,65.358
2006-05-23,61.301
2006-05-24,75.3995
2006-05-25,71.043495
2006-05-26,70.9245
2006-05-27,67.7395
2006-05-28,71.107
2006-05-29,64.085
2006-05-30,79.6735
2006-05-31,81.8215
2006-06-01,66.034
2006-06-02,86.9795
2006-06-03,85.586
2006-06-04,87.3005
2006-06-05,71.918
2006-06-06,68.1095
2006-06-07,80.8565
2006-06-08,76.518
2006-06-09,68.129
2006-06-10,85.169
2006-06-11,77.5805
2006-06-12,71.3495
2006-06-13,67.335
2006-06-14,71.53
2006-06-15,69.114
2006-06-16,62.6035
2006-06-17,60.7235
2006-06-18,68.5905
2006-06-19,70.9225
2006-06-20,74.434
2006-06-21,70.522
2006-06-22,70.733
2006-06-23,79.8505
2006-06-24,76.694496
2006-06-25,71.501495
2006-06-26,67.75
2006-06-27,67.39
2006-06-28,72.958496
2006-06-29,72.2385
2006-06-30,76.1625
2006-07-01,85.022
2006-07-02,81.9555
2006-07-03,67.58
2006-07-04,61.9425
2006-07-05,66.8955
2006-07-06,63.204998
2006-07-07,66.159
2006-07-08,67.2535
2006-07-09,68.9705
2006-07-10,70.3755
2006-07-11,65.947
2006-07-12,72.550995
2006-07-13,72.069496
2006-07-14,70.083
2006-07-15,64.404495
2006-07-16,66.8985
2006-07-17,60.126
2006-07-18,60.69
2006-07-19,59.336
2006-07-20,64.0755
2006-07-21,62.358997
2006-07-22,68.126495
2006-07-23,68.265
2006-07-24,70.8315
2006-07-25,69.033
2006-07-26,68.277
2006-07-27,61.5235
2006-07-28,66.5365
2006-07-29,64.7995
2006-07-30,80.9505
2006-07-31,70.8095
2006-08-01,67.4105
2006-08-02,79.6135
2006-08-03,79.54
2006-08-04,81.5085
2006-08-05,86.3695
2006-08-06,77.386
2006-08-07,79.951
2006-08-08,85.070496
2006-08-09,84.3315
2006-08-10,87.286316
2006-08-11,84.272
2006-08-12,75.344
2006-08-13,78.8405
2006-08-14,79.4265
2006-08-15,74.056496
2006-08-16,68.3425
2006-08-17,69.361496
2006-08-18,68.1335
2006-08-19,70.111496
2006-08-20,74.285995
2006-08-21,76.837
2006-08-22,74.0555
2006-08-23,78.1215
2006-08-24,70.099
2006-08-25,70.112
2006-08-26,84.0095
2006-08-27,72.792
2006-08-28,91.16333
2006-08-29,87.5535
2006-08-30,89.05474
2006-08-31,84.3425
2006-09-01,74.03
2006-09-02,80.437996
2006-09-03,78.811
2006-09-04,68.5455
2006-09-05,67.0825
2006-09-06,67.7045
2006-09-07,71.2495
2006-09-08,74.959496
2006-09-09,69.853
2006-09-10,71.528
2006-09-11,70.45
2006-09-12,72.3735
2006-09-13,71.387
2006-09-14,68.833496
2006-09-15,59.631996
2006-09-16,57.802998
2006-09-17,72.2245
2006-09-18,78.672
2006-09-19,90.67611
2006-09-20,92.675
2006-09-21,82.449
2006-09-22,79.9615
2006-09-23,82.124
2006-09-24,80.8765
2006-09-25,75.64
2006-09-26,72.658
2006-09-27,82.1895
2006-09-28,84.8095
2006-09-29,81.840996
2006-09-30,77.361496
2006-10-01,72.3925
2006-10-02,76.719
2006-10-03,75.427
2006-10-04,69.1515
2006-10-05,90.09059
2006-10-06,88.82
2006-10-07,85.545
2006-10-08,88.278
2006-10-09,82.242
2006-10-10,79.529495
2006-10-11,80.4105
2006-10-12,79.209
2006-10-13,82.218
2006-10-14,79.705
2006-10-15,79.3535
2006-10-16,75.3275
2006-10-17,78.7175
2006-10-18,73.866
2006-10-19,70.5875
2006-10-20,75.858
2006-10-21,75.54
2006-10-22,80.7495
2006-10-23,78.018
2006-10-24,72.7905
2006-10-25,80.9625
2006-10-26,79.6645
2006-10-27,71.465996
2006-10-28,79.0
2006-10-29,86.124115
2006-10-30,73.8535
2006-10-31,72.488
2006-11-01,78.556
2006-11-02,74.726
2006-11-03,75.043
2006-11-04,75.1495
2006-11-05,84.2445
2006-11-06,83.062
2006-11-07,77.785995
2006-11-08,79.628
2006-11-09,78.961
2006-11-10,71.6735
2006-11-11,74.0885
2006-11-12,77.312996
2006-11-13,82.4275
2006-11-14,77.444
2006-11-15,75.057495
2006-11-16,75.518
2006-11-17,70.0785
2006-11-18,70.224
2006-11-19,82.1355
2006-11-20,85.08833
2006-11-21,86.979996
2006-11-22,84.5025
2006-11-23,89.672356
2006-11-24,89.85643
2006-11-25,85.284996
2006-11-26,85.8105
2006-11-27,86.56706
2006-11-28,90.131996
2006-11-29,93.227776
2006-11-30,91.12334
2006-12-01,89.68938
2006-12-02,85.3575
2006-12-03,88.08526
2006-12-04,80.973495
2006-12-05,85.4715
2006-12-06,82.645996
2006-12-07,87.517
2006-12-08,77.863
2006-12-09,75.318
2006-12-10,86.481
2006-12-11,89.0675
2006-12-12,92.67154
2006-12-13,91.32867
2006-12-14,88.86211
2006-12-15,83.29823
2006-12-16,83.3985
2006-12-17,87.502
2006-12-18,90.381874
2006-12-19,89.22187
2006-12-20,85.1
2006-12-21,90.23882
2006-12-22,87.3015
2006-12-23,88.82158
2006-12-24,87.15063
2006-12-25,83.69789
2006-12-26,72.4695
2006-12-27,73.6985
2006-12-28,78.8355
2006-12-29,83.38579
2006-12-30,81.7279
2006-12-31,80.8925
2007-01-01,86.4395
2007-01-02,84.052
2007-01-03,86.991
2007-01-04,85.346
2007-01-05,87.208496
2007-01-06,87.072105
2007-01-07,82.486
2007-01-08,81.7205
2007-01-09,84.160995
2007-01-10,82.794
2007-01-11,79.923996
2007-01-12,82.1525
2007-01-13,72.0955
2007-01-14,76.957
2007-01-15,62.559498
2007-01-16,66.059
2007-01-17,74.7755
2007-01-18,73.8715
2007-01-19,74.4135
2007-01-20,68.598
2007-01-21,78.397995
2007-01-22,69.016
2007-01-23,80.42316
2007-01-24,80.335266
2007-01-25,81.741
2007-01-26,80.7875
2007-01-27,84.8385
2007-01-28,73.9465
2007-01-29,64.002495
2007-01-30,73.937
2007-01-31,78.2135
2007-02-01,75.5965
2007-02-02,74.867
2007-02-03,87.48556
2007-02-04,82.5495
2007-02-05,80.3375
2007-02-06,73.471
2007-02-07,79.778
2007-02-08,80.194
2007-02-09,83.2705
2007-02-10,83.622
2007-02-11,88.7895
2007-02-12,88.48167
2007-02-13,91.433685
2007-02-14,82.5355
2007-02-15,82.679
2007-02-16,85.456
2007-02-17,84.59
2007-02-18,81.2635
2007-02-19,85.895
2007-02-20,81.3605
2007-02-21,76.959496
2007-02-22,83.2355
2007-02-23,81.7785
2007-02-24,68.842
2007-02-25,64.8145
2007-02-26,74.6815
2007-02-27,91.27643
2007-02-28,83.60263
2007-03-01,77.1165
2007-03-02,83.2855
2007-03-03,70.979
2007-03-04,77.1515
2007-03-05,68.506996
2007-03-06,69.034996
2007-03-07,61.9525
2007-03-08,66.9765
2007-03-09,81.974
2007-03-10,83.1315
2007-03-11,77.4365
2007-03-12,69.300995
2007-03-13,70.1605
2007-03-14,64.4845
2007-03-15,66.173
2007-03-16,65.7485
2007-03-17,58.3115
2007-03-18,59.806
2007-03-19,62.3285
2007-03-20,66.298996
2007-03-21,86.3755
2007-03-22,82.092
2007-03-23,87.6235
2007-03-24,75.5345
2007-03-25,72.196495
2007-03-26,63.6275
2007-03-27,57.234997
2007-03-28,51.0485
2007-03-29,52.8105
2007-03-30,61.419
2007-03-31,68.9325
2007-04-01,57.9605
2007-04-02,60.39
2007-04-03,52.3845
2007-04-04,60.4605
2007-04-05,57.704
2007-04-06,50.2355
2007-04-07,55.623
2007-04-08,50.5295
2007-04-09,54.6825
2007-04-10,56.920998
2007-04-11,63.023
2007-04-12,57.897
2007-04-13,51.091
2007-04-14,42.475
2007-04-15,47.554
2007-04-16,50.0155
2007-04-17,47.567497
2007-04-18,60.531
2007-04-19,55.844498
2007-04-20,49.337997
2007-04-21,46.082
2007-04-22,45.059998
2007-04-23,48.715
2007-04-24,49.234
2007-04-25,70.3735
2007-04-26,54.232998
2007-04-27,48.7255
2007-04-28,49.6885
2007-04-29,53.558
2007-04-30,54.0545
2007-05-01,55.3405
2007-05-02,50.534
2007-05-03,48.069
2007-05-04,67.2025
2007-05-05,68.916
2007-05-06,77.9255
2007-05-07,86.469
2007-05-08,69.054
2007-05-09,70.736
2007-05-10,65.25
2007-05-11,53.128998
2007-05-12,55.962498
2007-05-13,56.4605
2007-05-14,46.565998
2007-05-15,42.037
2007-05-16,68.318
2007-05-17,65.259
2007-05-18,79.3275
2007-05-19,87.2335
2007-05-20,85.5125
2007-05-21,76.071
2007-05-22,71.634
2007-05-23,70.7375
2007-05-24,67.451
2007-05-25,69.6835
2007-05-26,65.890495
2007-05-27,72.2705
2007-05-28,70.3315
2007-05-29,68.5455
2007-05-30,74.65
2007-05-31,80.515
2007-06-01,77.893
2007-06-02,79.3045
2007-06-03,70.933
2007-06-04,65.766
2007-06-05,75.3325
2007-06-06,72.9295
2007-06-07,55.135998
2007-06-08,52.9535
2007-06-09,58.9615
2007-06-10,64.82
2007-06-11,65.1715
2007-06-12,64.862
2007-06-13,65.878
2007-06-14,67.0385
2007-06-15,64.67
2007-06-16,71.65
2007-06-17,64.3875
2007-06-18,60.0205
2007-06-19,60.538
2007-06-20,63.974
2007-06-21,55.259
2007-06-22,65.979996
2007-06-23,66.9515
2007-06-24,56.8145
2007-06-25,58.6065
2007-06-26,47.917
2007-06-27,54.1685
2007-06-28,49.544
2007-06-29,52.2975
2007-06-30,53.580498
2007-07-01,54.8485
2007-07-02,47.285
2007-07-03,57.399
2007-07-04,66.134995
2007-07-05,70.3825
2007-07-06,56.9585
2007-07-07,53.3215
2007-07-08,54.27
2007-07-09,52.785
2007-07-10,66.2395
2007-07-11,78.972496
2007-07-12,68.744
2007-07-13,65.5405
2007-07-14,61.5095
2007-07-15,57.082
2007-07-16,52.371
2007-07-17,51.465
2007-07-18,43.807
2007-07-19,45.3345
2007-07-20,49.133
2007-07-21,46.9545
2007-07-22,45.1615
2007-07-23,46.426
2007-07-24,37.578
2007-07-25,47.352997
2007-07-26,49.096
2007-07-27,45.4175
2007-07-28,47.249
2007-07-29,54.752
2007-07-30,64.18
2007-07-31,64.926
2007-08-01,70.1225
2007-08-02,62.353
2007-08-03,50.8085
2007-08-04,83.866
2007-08-05,83.698
2007-08-06,83.118
2007-08-07,76.8695
2007-08-08,67.446495
2007-08-09,61.108498
2007-08-10,70.4545
2007-08-11,82.7355
2007-08-12,83.12
2007-08-13,78.4505
2007-08-14,69.524
2007-08-15,63.506
2007-08-16,61.5545
2007-08-17,62.0925
2007-08-18,75.741
2007-08-19,73.526
2007-08-20,64.4365
2007-08-21,66.911
2007-08-22,64.1565
2007-08-23,59.0015
2007-08-24,54.6535
2007-08-25,59.287
2007-08-26,64.304
2007-08-27,67.5675
2007-08-28,62.940998
2007-08-29,64.5755
2007-08-30,65.4045
2007-08-31,71.8915
2007-09-01,76.7965
2007-09-02,71.4
2007-09-03,66.0045
2007-09-04,77.56
2007-09-05,90.617226
2007-09-06,77.0965
2007-09-07,74.97
2007-09-08,82.2135
2007-09-09,80.937
2007-09-10,73.3325
2007-09-11,86.6895
2007-09-12,76.121
2007-09-13,73.38
2007-09-14,72.8115
2007-09-15,69.9705
2007-09-16,60.2785
2007-09-17,58.172497
2007-09-18,67.184
2007-09-19,79.4225
2007-09-20,80.4775
2007-09-21,75.0785
2007-09-22,73.725
2007-09-23,69.7745
2007-09-24,72.1155
2007-09-25,68.3155
2007-09-26,79.1065
2007-09-27,73.67
2007-09-28,79.6985
2007-09-29,76.983
2007-09-30,78.183
2007-10-01,73.591995
2007-10-02,69.268
2007-10-03,67.095
2007-10-04,69.5115
2007-10-05,78.4305
2007-10-06,81.356
2007-10-07,86.664
2007-10-08,85.947
2007-10-09,84.13
2007-10-10,81.583496
2007-10-11,84.3385
2007-10-12,87.034996
2007-10-13,77.0885
2007-10-14,71.316
2007-10-15,69.628
2007-10-16,69.347
2007-10-17,67.7525
2007-10-18,67.9215
2007-10-19,87.1365
2007-10-20,83.088
2007-10-21,88.15369
2007-10-22,87.982
2007-10-23,91.41563
2007-10-24,88.60944
2007-10-25,89.75467
2007-10-26,90.062355
2007-10-27,89.63421
2007-10-28,89.415
2007-10-29,92.276924
2007-10-30,86.195
2007-10-31,90.99
2007-11-01,82.919
2007-11-02,85.9825
2007-11-03,80.972
2007-11-04,85.22211
2007-11-05,82.684
2007-11-06,75.877
2007-11-07,82.4965
2007-11-08,82.937
2007-11-09,80.854
2007-11-10,79.589
2007-11-11,68.250496
2007-11-12,84.96
2007-11-13,74.4085
2007-11-14,69.032
2007-11-15,88.54667
2007-11-16,85.47263
2007-11-17,90.56412
2007-11-18,88.25053
2007-11-19,88.50188
2007-11-20,81.444
2007-11-21,79.492
2007-11-22,81.47895
2007-11-23,79.2065
2007-11-24,83.776
2007-11-25,88.96
2007-11-26,85.988
2007-11-27,71.921
2007-11-28,72.95
2007-11-29,73.6965
2007-11-30,82.434
2007-12-01,84.0685
2007-12-02,83.3495
2007-12-03,83.709496
2007-12-04,81.837
2007-12-05,79.566
2007-12-06,83.615
2007-12-07,78.7045
2007-12-08,90.07588
2007-12-09,90.273575
2007-12-10,89.47889
2007-12-11,91.17687
2007-12-12,89.53778
2007-12-13,77.585
2007-12-14,76.6725
2007-12-15,83.958
2007-12-16,85.848
2007-12-17,81.175
2007-12-18,84.9065
2007-12-19,83.282
2007-12-20,80.5865
2007-12-21,84.6875
2007-12-22,82.14158
2007-12-23,84.988495
2007-12-24,84.6879
2007-12-25,86.922104
2007-12-26,87.54667
2007-12-27,86.882996
2007-12-28,88.40059
2007-12-29,86.13421
2007-12-30,87.406
2007-12-31,88.48473
2008-01-01,88.31722
2008-01-02,86.819
2008-01-03,82.336
2008-01-04,76.0685
2008-01-05,74.9005
2008-01-06,81.234
2008-01-07,90.37111
2008-01-08,92.79357
2008-01-09,90.87187
2008-01-10,86.0875
2008-01-11,80.0155
2008-01-12,75.2355
2008-01-13,75.327995
2008-01-14,80.1575
2008-01-15,83.599
2008-01-16,83.3865
2008-01-17,76.407
2008-01-18,85.086
2008-01-19,88.62
2008-01-20,89.57895
2008-01-21,81.979
2008-01-22,82.209496
2008-01-23,76.0435
2008-01-24,80.9005
2008-01-25,81.4255
2008-01-26,72.576996
2008-01-27,73.255
2008-01-28,67.826
2008-01-29,73.194
2008-01-30,72.917496
2008-01-31,82.137
2008-02-01,80.50421
2008-02-02,79.479
2008-02-03,84.4705
2008-02-04,84.88722
2008-02-05,87.009
2008-02-06,91.00166
2008-02-07,90.936
2008-02-08,83.9255
2008-02-09,75.835495
2008-02-10,80.471
2008-02-11,78.802
2008-02-12,75.0135
2008-02-13,80.687
2008-02-14,77.647995
2008-02-15,74.833
2008-02-16,75.7205
2008-02-17,61.909
2008-02-18,61.146
2008-02-19,72.8945
2008-02-20,69.132996
2008-02-21,74.105995
2008-02-22,69.069496
2008-02-23,67.5075
2008-02-24,64.0125
2008-02-25,62.447
2008-02-26,68.988
2008-02-27,65.704994
2008-02-28,60.4175
2008-02-29,70.3125
2008-03-01,71.591995
2008-03-02,64.6195
2008-03-03,61.954998
2008-03-04,73.315
2008-03-05,78.851
2008-03-06,75.294
2008-03-07,76.528496
2008-03-08,80.626495
2008-03-09,85.611
2008-03-10,72.8585
2008-03-11,68.472
2008-03-12,76.8425
2008-03-13,67.6505
2008-03-14,64.596
2008-03-15,62.235
2008-03-16,59.7235
2008-03-17,78.809
2008-03-18,69.2975
2008-03-19,70.1145
2008-03-20,65.1895
2008-03-21,61.552
2008-03-22,71.0575
2008-03-23,75.001495
2008-03-24,76.5495
2008-03-25,76.7655
2008-03-26,62.6055
2008-03-27,60.6325
2008-03-28,63.1645
2008-03-29,53.794
2008-03-30,64.4965
2008-03-31,60.817497
2008-04-01,76.788
2008-04-02,82.476
2008-04-03,71.4195
2008-04-04,75.2975
2008-04-05,86.7585
2008-04-06,89.82933
2008-04-07,68.444
2008-04-08,58.773
2008-04-09,71.8295
2008-04-10,71.865
2008-04-11,70.673
2008-04-12,77.1845
2008-04-13,74.1245
2008-04-14,73.3385
2008-04-15,82.088
2008-04-16,78.677
2008-04-17,65.3555
2008-04-18,70.876
2008-04-19,77.9155
2008-04-20,69.263
2008-04-21,65.766
2008-04-22,77.639496
2008-04-23,76.9795
2008-04-24,73.695
2008-04-25,67.589
2008-04-26,65.4285
2008-04-27,58.3255
2008-04-28,57.1165
2008-04-29,66.8365
2008-04-30,70.003
2008-05-01,68.4575
2008-05-02,79.0655
2008-05-03,72.944496
2008-05-04,81.1035
2008-05-05,82.569
2008-05-06,72.4075
2008-05-07,71.226
2008-05-08,67.1185
2008-05-09,70.17
2008-05-10,62.684498
2008-05-11,68.5195
2008-05-12,66.7855
2008-05-13,61.809
2008-05-14,66.529
2008-05-15,64.111496
2008-05-16,68.9205
2008-05-17,67.8955
2008-05-18,64.86
2008-05-19,67.7875
2008-05-20,77.6555
2008-05-21,73.294
2008-05-22,86.820526
2008-05-23,81.306
2008-05-24,76.719
2008-05-25,71.9835
2008-05-26,67.793
2008-05-27,66.8025
2008-05-28,62.842
2008-05-29,56.6665
2008-05-30,60.6835
2008-05-31,66.973495
2008-06-01,67.194
2008-06-02,60.769
2008-06-03,60.247997
2008-06-04,64.881996
2008-06-05,82.7655
2008-06-06,87.969475
2008-06-07,87.7085
2008-06-08,78.0
2008-06-09,76.141
2008-06-10,69.3945
2008-06-11,70.344
2008-06-12,83.896
2008-06-13,90.13789
2008-06-14,81.9415
2008-06-15,83.027
2008-06-16,77.0545
2008-06-17,75.2205
2008-06-18,87.786
2008-06-19,80.015
2008-06-20,72.424995
2008-06-21,67.767
2008-06-22,68.094
2008-06-23,68.171
2008-06-24,67.9165
2008-06-25,66.74
2008-06-26,68.745
2008-06-27,77.548
2008-06-28,69.187
2008-06-29,59.7965
2008-06-30,73.9305
2008-07-01,70.7345
2008-07-02,64.9195
2008-07-03,60.426
2008-07-04,71.044495
2008-07-05,68.1915
2008-07-06,59.503498
2008-07-07,58.9745
2008-07-08,68.6215
2008-07-09,65.5885
2008-07-10,61.5935
2008-07-11,64.07
2008-07-12,54.1735
2008-07-13,52.003498
2008-07-14,65.095
2008-07-15,86.805
2008-07-16,77.9695
2008-07-17,65.768
2008-07-18,77.88
2008-07-19,72.459496
2008-07-20,57.7625
2008-07-21,70.42
2008-07-22,88.631
2008-07-23,89.61579
2008-07-24,86.0035
2008-07-25,85.4305
2008-07-26,83.823
2008-07-27,72.723495
2008-07-28,73.875
2008-07-29,68.803
2008-07-30,65.465
2008-07-31,65.8695
2008-08-01,65.764
2008-08-02,60.056
2008-08-03,70.149
2008-08-04,69.974
2008-08-05,66.859
2008-08-06,58.667
2008-08-07,63.192497
2008-08-08,66.971
2008-08-09,83.498
2008-08-10,75.4695
2008-08-11,68.138
2008-08-12,57.954
2008-08-13,61.448498
2008-08-14,65.5815
2008-08-15,54.5345
2008-08-16,56.696
2008-08-17,65.162
2008-08-18,64.826996
2008-08-19,64.361
2008-08-20,55.631
2008-08-21,58.5855
2008-08-22,60.1955
2008-08-23,53.8335
2008-08-24,81.615
2008-08-25,68.2875
2008-08-26,66.558
2008-08-27,62.4385
2008-08-28,71.384
2008-08-29,75.0115
2008-08-30,63.652
2008-08-31,64.843
2008-09-01,69.2715
2008-09-02,59.0645
2008-09-03,57.3425
2008-09-04,49.3085
2008-09-05,56.4955
2008-09-06,54.1945
2008-09-07,49.4515
2008-09-08,72.659996
2008-09-09,69.1975
2008-09-10,68.9215
2008-09-11,67.637
2008-09-12,72.306496
2008-09-13,77.44
2008-09-14,83.2045
2008-09-15,91.846664
2008-09-16,90.50889
2008-09-17,92.0153
2008-09-18,86.463
2008-09-19,85.8695
2008-09-20,88.83056
2008-09-21,85.2985
2008-09-22,82.388
2008-09-23,84.8165
2008-09-24,81.616
2008-09-25,89.884445
2008-09-26,85.0805
2008-09-27,81.3485
2008-09-28,80.3035
2008-09-29,75.944496
2008-09-30,71.476
2008-10-01,70.705
2008-10-02,76.293
2008-10-03,88.777
2008-10-04,92.265335
2008-10-05,87.1165
2008-10-06,72.0
2008-10-07,79.2605
2008-10-08,84.57
2008-10-09,84.545265
2008-10-10,85.9865
2008-10-11,83.672
2008-10-12,80.83
2008-10-13,82.279495
2008-10-14,82.5065
2008-10-15,84.7295
2008-10-16,79.8155
2008-10-17,83.357
2008-10-18,79.708496
2008-10-19,82.8225
2008-10-20,80.7755
2008-10-21,79.982
2008-10-22,76.516
2008-10-23,85.8535
2008-10-24,88.686
2008-10-25,88.09353
2008-10-26,89.39389
2008-10-27,80.756996
2008-10-28,79.451
2008-10-29,74.08
2008-10-30,75.5875
2008-10-31,77.191
2008-11-01,72.2585
2008-11-02,81.462
2008-11-03,89.57647
2008-11-04,89.06555
2008-11-05,81.879
2008-11-06,85.074
2008-11-07,79.279495
2008-11-08,76.7065
2008-11-09,76.5175
2008-11-10,74.389
2008-11-11,83.1755
2008-11-12,82.020996
2008-11-13,80.013
2008-11-14,87.85117
2008-11-15,90.038
2008-11-16,90.39083
2008-11-17,85.269
2008-11-18,80.5995
2008-11-19,87.2945
2008-11-20,72.4295
2008-11-21,77.079
2008-11-22,80.15056
2008-11-23,80.5915
2008-11-24,71.707504
2008-11-25,91.285
2008-11-26,88.823
2008-11-27,87.343
2008-11-28,84.048
2008-11-29,88.97444
2008-11-30,87.856
2008-12-01,83.72
2008-12-02,84.9405
2008-12-03,91.77625
2008-12-04,92.21889
2008-12-05,73.81
2008-12-06,84.584496
2008-12-07,89.22722
2008-12-08,82.6105
2008-12-09,85.82
2008-12-10,81.5765
2008-12-11,72.8315
2008-12-12,77.8945
2008-12-13,84.556496
2008-12-14,88.98071
2008-12-15,90.01813
2008-12-16,85.28
2008-12-17,88.5
2008-12-18,93.10571
2008-12-19,92.852
2008-12-20,89.29077
2008-12-21,89.896
2008-12-22,89.91846
2008-12-23,81.855
2008-12-24,76.1595
2008-12-25,88.83882
2008-12-26,86.9355
2008-12-27,87.66294
2008-12-28,85.814735
2008-12-29,88.953125
2008-12-30,88.18533
2008-12-31,87.53727
2009-01-01,88.72235
2009-01-02,88.42563
2009-01-03,85.906
2009-01-04,90.23125
2009-01-05,90.87941
2009-01-06,86.6915
2009-01-07,89.07611
2009-01-08,85.001
2009-01-09,81.39316
2009-01-10,82.104
2009-01-11,83.12158
2009-01-12,85.67176
2009-01-13,84.68263
2009-01-14,82.5645
2009-01-15,91.47134
2009-01-16,91.68125
2009-01-17,82.618996
2009-01-18,83.911575
2009-01-19,88.468
2009-01-20,85.3495
2009-01-21,86.7245
2009-01-22,91.13571
2009-01-23,91.885
2009-01-24,91.98125
2009-01-25,91.39
2009-01-26,89.14833
2009-01-27,89.59055
2009-01-28,91.344376
2009-01-29,89.70937
2009-01-30,86.4795
2009-01-31,86.14706
2009-02-01,89.75176
2009-02-02,84.005264
2009-02-03,86.48118
2009-02-04,89.74177
2009-02-05,88.055
2009-02-06,83.0685
2009-02-07,77.165
2009-02-08,80.7565
2009-02-09,89.85421
2009-02-10,81.43632
2009-02-11,89.73944
2009-02-12,86.328
2009-02-13,91.19833
2009-02-14,92.48643
2009-02-15,87.36474
2009-02-16,86.55684
2009-02-17,89.57158
2009-02-18,87.38278
2009-02-19,90.39188
2009-02-20,84.994
2009-02-21,86.816
2009-02-22,86.207
2009-02-23,85.1275
2009-02-24,79.375496
2009-02-25,88.7675
2009-02-26,86.926
2009-02-27,89.651665
2009-02-28,89.67563
2009-03-01,85.6885
2009-03-02,75.776
2009-03-03,83.81
2009-03-04,83.4665
2009-03-05,80.9355
2009-03-06,84.538
2009-03-07,91.30882
2009-03-08,88.015785
2009-03-09,81.2885
2009-03-10,79.474
2009-03-11,79.335495
2009-03-12,85.7065
2009-03-13,87.604004
2009-03-14,76.639
2009-03-15,69.8275
2009-03-16,89.459
2009-03-17,79.42
2009-03-18,77.951996
2009-03-19,71.322
2009-03-20,79.924
2009-03-21,77.073
2009-03-22,75.2045
2009-03-23,72.9755
2009-03-24,67.64
2009-03-25,70.4275
2009-03-26,65.13
2009-03-27,64.9645
2009-03-28,53.005997
2009-03-29,66.512
2009-03-30,83.4925
2009-03-31,83.6095
2009-04-01,83.318
2009-04-02,73.895996
2009-04-03,62.9865
2009-04-04,63.9025
2009-04-05,62.1875
2009-04-06,58.172997
2009-04-07,60.576
2009-04-08,55.868
2009-04-09,58.607
2009-04-10,67.083
2009-04-11,69.9565
2009-04-12,69.015
2009-04-13,76.5775
2009-04-14,81.254
2009-04-15,66.6765
2009-04-16,62.115997
2009-04-17,63.087498
2009-04-18,67.292496
2009-04-19,69.6175
2009-04-20,68.073
2009-04-21,65.526
2009-04-22,68.7105
2009-04-23,64.415
2009-04-24,55.615997
2009-04-25,62.395
2009-04-26,65.194
2009-04-27,50.906498
2009-04-28,45.990498
2009-04-29,53.358997
2009-04-30,70.972
2009-05-01,68.0675
2009-05-02,63.489998
2009-05-03,65.927
2009-05-04,68.57
2009-05-05,71.1505
2009-05-06,62.62
2009-05-07,58.213
2009-05-08,58.6025
2009-05-09,62.531498
2009-05-10,58.8325
2009-05-11,62.429
2009-05-12,67.028496
2009-05-13,70.957
2009-05-14,73.837
2009-05-15,61.353
2009-05-16,66.756
2009-05-17,62.69
2009-05-18,62.655
2009-05-19,69.4995
2009-05-20,71.069
2009-05-21,62.601997
2009-05-22,59.288498
2009-05-23,60.6445
2009-05-24,62.192
2009-05-25,63.7305
2009-05-26,60.4105
2009-05-27,59.732
2009-05-28,78.9705
2009-05-29,78.035995
2009-05-30,82.1775
2009-05-31,79.072
2009-06-01,81.1855
2009-06-02,85.3185
2009-06-03,74.1655
2009-06-04,65.3035
2009-06-05,72.788
2009-06-06,76.071
2009-06-07,62.908
2009-06-08,69.9555
2009-06-09,63.0165
2009-06-10,61.1875
2009-06-11,74.836
2009-06-12,66.446
2009-06-13,60.709
2009-06-14,53.11
2009-06-15,58.327
2009-06-16,58.4795
2009-06-17,66.982
2009-06-18,62.088497
2009-06-19,55.747997
2009-06-20,70.542
2009-06-21,91.996666
2009-06-22,90.69334
2009-06-23,80.756
2009-06-24,77.285995
2009-06-25,81.6975
2009-06-26,79.1665
2009-06-27,84.483
2009-06-28,76.248
2009-06-29,75.432495
2009-06-30,79.5735
2009-07-01,71.845
2009-07-02,76.181
2009-07-03,77.52
2009-07-04,79.566
2009-07-05,75.069496
2009-07-06,71.979
2009-07-07,80.4005
2009-07-08,71.656
2009-07-09,68.784996
2009-07-10,69.417
2009-07-11,82.0195
2009-07-12,67.816
2009-07-13,61.494
2009-07-14,63.6255
2009-07-15,60.264
2009-07-16,72.7705
2009-07-17,69.694
2009-07-18,65.7425
2009-07-19,77.820496
2009-07-20,66.089
2009-07-21,62.8485
2009-07-22,55.482
2009-07-23,60.254498
2009-07-24,61.3295
2009-07-25,69.4285
2009-07-26,67.1885
2009-07-27,63.214
2009-07-28,57.907997
2009-07-29,64.569496
2009-07-30,64.4
2009-07-31,65.056
2009-08-01,60.739
2009-08-02,61.6385
2009-08-03,63.653
2009-08-04,63.602
2009-08-05,85.5095
2009-08-06,86.138
2009-08-07,79.438995
2009-08-08,72.9225
2009-08-09,62.46
2009-08-10,67.43
2009-08-11,75.681
2009-08-12,78.5545
2009-08-13,75.921
2009-08-14,74.3635
2009-08-15,71.4565
2009-08-16,70.963
2009-08-17,68.975
2009-08-18,65.958496
2009-08-19,59.468
2009-08-20,59.5465
2009-08-21,70.2675
2009-08-22,64.528496
2009-08-23,83.784
2009-08-24,78.114
2009-08-25,66.909
2009-08-26,61.253
2009-08-27,60.375
2009-08-28,62.7375
2009-08-29,67.548
2009-08-30,79.979
2009-08-31,68.1315
2009-09-01,65.375
2009-09-02,58.8125
2009-09-03,56.265
2009-09-04,63.185497
2009-09-05,77.635
2009-09-06,77.018
2009-09-07,77.053
2009-09-08,74.6335
2009-09-09,70.2965
2009-09-10,59.7095
2009-09-11,56.761497
2009-09-12,64.5245
2009-09-13,76.9395
2009-09-14,74.582
2009-09-15,67.191
2009-09-16,62.28
2009-09-17,80.4255
2009-09-18,84.67
2009-09-19,70.8795
2009-09-20,67.814
2009-09-21,67.0935
2009-09-22,69.863
2009-09-23,66.1365
2009-09-24,71.159
2009-09-25,69.048996
2009-09-26,71.71
2009-09-27,70.187
2009-09-28,69.378
2009-09-29,67.469
2009-09-30,67.7425
2009-10-01,72.4365
2009-10-02,68.56
2009-10-03,83.0365
2009-10-04,76.71
2009-10-05,72.9215
2009-10-06,73.9495
2009-10-07,71.137
2009-10-08,68.2665
2009-10-09,73.738
2009-10-10,75.957
2009-10-11,90.71842
2009-10-12,87.234
2009-10-13,90.47842
2009-10-14,85.0485
2009-10-15,85.8505
2009-10-16,87.7265
2009-10-17,87.82632
2009-10-18,91.34571
2009-10-19,92.46154
2009-10-20,90.68375
2009-10-21,81.8755
2009-10-22,71.212
2009-10-23,85.139
2009-10-24,84.73277
2009-10-25,90.973755
2009-10-26,88.1325
2009-10-27,89.87667
2009-10-28,84.8665
2009-10-29,83.208
2009-10-30,86.244
2009-10-31,79.385
2009-11-01,74.9915
2009-11-02,75.7885
2009-11-03,80.528496
2009-11-04,83.676315
2009-11-05,88.164
2009-11-06,89.85474
2009-11-07,89.86
2009-11-08,90.75889
2009-11-09,89.99167
2009-11-10,91.82636
2009-11-11,91.28429
2009-11-12,86.9305
2009-11-13,80.682495
2009-11-14,81.851
2009-11-15,89.02
2009-11-16,92.202
2009-11-17,86.80857
2009-11-18,89.453
2009-11-19,84.625786
2009-11-20,88.51
2009-11-21,84.2545
2009-11-22,87.045265
2009-11-23,88.18176
2009-11-24,90.44867
2009-11-25,84.5005
2009-11-26,85.8525
2009-11-27,83.9785
2009-11-28,87.71632
2009-11-29,86.66389
2009-11-30,73.8775
2009-12-01,74.3835
2009-12-02,90.308235
2009-12-03,92.43
2009-12-04,91.630005
2009-12-05,89.76375
2009-12-06,87.50471
2009-12-07,89.10625
2009-12-08,89.50278
2009-12-09,93.8525
2009-12-10,91.865
2009-12-11,86.61
2009-12-12,84.42737
2009-12-13,79.72737
2009-12-14,79.51053
2009-12-15,89.12685
2009-12-16,90.729416
2009-12-17,89.299164
2009-12-18,88.50313
2009-12-19,85.94947
2009-12-20,90.105
2009-12-21,74.4895
2009-12-22,79.7165
2009-12-23,85.2405
2009-12-24,88.14687
2009-12-25,88.991
2009-12-26,76.347496
2009-12-27,88.21429
2009-12-28,87.63
2009-12-29,82.576996
2009-12-30,90.11266
2009-12-31,91.304
2010-01-01,90.5
2010-01-02,89.21158
2010-01-03,88.95917
2010-01-04,81.5105
2010-01-05,84.3025
2010-01-06,92.18412
2010-01-07,93.93667
2010-01-08,90.184
2010-01-09,86.7765
2010-01-10,91.47125
2010-01-11,88.748825
2010-01-12,92.2575
2010-01-13,88.41789
2010-01-14,89.41684
2010-01-15,91.8
2010-01-16,92.64833
2010-01-17,91.47353
2010-01-18,91.417145
2010-01-19,91.867775
2010-01-20,91.792
2010-01-21,87.04437
2010-01-22,85.958
2010-01-23,84.465996
2010-01-24,77.585
2010-01-25,80.79
2010-01-26,72.7475
2010-01-27,81.1875
2010-01-28,85.09882
2010-01-29,85.5605
2010-01-30,81.182495
2010-01-31,92.95286
2010-02-01,84.5345
2010-02-02,83.7345
2010-02-03,78.8285
2010-02-04,83.196
2010-02-05,78.645996
2010-02-06,85.06842
2010-02-07,91.45688
2010-02-08,87.301
2010-02-09,82.535995
2010-02-10,81.775
2010-02-11,89.58572
2010-02-12,89.88734
2010-02-13,89.89562
2010-02-14,86.65312
2010-02-15,89.75444
2010-02-16,84.795
2010-02-17,85.69444
2010-02-18,88.60368
2010-02-19,83.6455
2010-02-20,87.497
2010-02-21,83.5595
2010-02-22,70.493
2010-02-23,75.9645
2010-02-24,89.9
2010-02-25,93.425
2010-02-26,87.158424
2010-02-27,92.34
2010-02-28,82.887
2010-03-01,81.383995
2010-03-02,75.1335
2010-03-03,76.9995
2010-03-04,82.692635
2010-03-05,79.455
2010-03-06,74.256
2010-03-07,78.257996
2010-03-08,79.774
2010-03-09,71.571495
2010-03-10,77.943
2010-03-11,88.44889
2010-03-12,90.69706
2010-03-13,85.0025
2010-03-14,79.903
2010-03-15,70.6475
2010-03-16,70.4495
2010-03-17,71.782
2010-03-18,69.8035
2010-03-19,65.2145
2010-03-20,61.175
2010-03-21,63.401
2010-03-22,68.445
2010-03-23,84.2795
2010-03-24,73.7215
2010-03-25,63.329
2010-03-26,65.784996
2010-03-27,66.5095
2010-03-28,80.771996
2010-03-29,63.726997
2010-03-30,55.7595
2010-03-31,71.032
2010-04-01,74.126495
2010-04-02,73.201996
2010-04-03,62.406998
2010-04-04,55.191998
2010-04-05,76.888
2010-04-06,90.48882
2010-04-07,79.5395
2010-04-08,72.9155
2010-04-09,65.999
2010-04-10,73.0955
2010-04-11,77.15
2010-04-12,59.677
2010-04-13,67.6755
2010-04-14,86.14421
2010-04-15,88.555
2010-04-16,86.0375
2010-04-17,74.841995
2010-04-18,61.137497
2010-04-19,87.7125
2010-04-20,84.0935
2010-04-21,72.665
2010-04-22,70.1895
2010-04-23,63.838497
2010-04-24,73.165
2010-04-25,65.024
2010-04-26,63.822998
2010-04-27,58.4995
2010-04-28,67.796
2010-04-29,66.3155
2010-04-30,60.343998
2010-05-01,58.9605
2010-05-02,67.164
2010-05-03,63.4125
2010-05-04,68.629
2010-05-05,66.14
2010-05-06,84.921
2010-05-07,78.524
2010-05-08,75.137
2010-05-09,83.36842
2010-05-10,78.2345
2010-05-11,69.2185
2010-05-12,77.472
2010-05-13,80.887
2010-05-14,72.125496
2010-05-15,87.7725
2010-05-16,85.735
2010-05-17,85.6895
2010-05-18,86.036
2010-05-19,83.15316
2010-05-20,82.764
2010-05-21,77.6445
2010-05-22,74.853
2010-05-23,75.8315
2010-05-24,78.6885
2010-05-25,71.968
2010-05-26,70.518
2010-05-27,68.5615
2010-05-28,75.069
2010-05-29,83.3605
2010-05-30,80.46
2010-05-31,85.37369
2010-06-01,89.78778
2010-06-02,79.723
2010-06-03,81.7785
2010-06-04,90.9725
2010-06-05,77.408
2010-06-06,69.9655
2010-06-07,61.249996
2010-06-08,64.8085
2010-06-09,66.551
2010-06-10,63.638
2010-06-11,62.0935
2010-06-12,65.2055
2010-06-13,71.685
2010-06-14,70.5135
2010-06-15,73.371994
2010-06-16,76.857
2010-06-17,70.1865
2010-06-18,78.8785
2010-06-19,82.472496
2010-06-20,87.83842
2010-06-21,87.927
2010-06-22,84.3765
2010-06-23,74.910995
2010-06-24,73.472496
2010-06-25,75.7835
2010-06-26,87.7375
2010-06-27,87.2515
2010-06-28,80.767
2010-06-29,76.212
2010-06-30,77.703
2010-07-01,73.174995
2010-07-02,74.4755
2010-07-03,74.8465
2010-07-04,72.203
2010-07-05,80.712
2010-07-06,75.6755
2010-07-07,81.517
2010-07-08,75.945
2010-07-09,68.379
2010-07-10,72.684
2010-07-11,72.247
2010-07-12,76.915
2010-07-13,77.054
2010-07-14,74.506
2010-07-15,75.526
2010-07-16,67.3725
2010-07-17,71.676
2010-07-18,72.632996
2010-07-19,81.9315
2010-07-20,76.8735
2010-07-21,74.173
2010-07-22,76.201
2010-07-23,71.987
2010-07-24,73.6815
2010-07-25,91.32471
2010-07-26,86.884
2010-07-27,90.325264
2010-07-28,85.1845
2010-07-29,72.4765
2010-07-30,65.3555
2010-07-31,79.965
2010-08-01,79.8525
2010-08-02,72.966995
2010-08-03,67.141
2010-08-04,82.5235
2010-08-05,83.6365
2010-08-06,78.1645
2010-08-07,78.959496
2010-08-08,78.944496
2010-08-09,78.1845
2010-08-10,72.279
2010-08-11,74.139496
2010-08-12,72.4225
2010-08-13,76.3815
2010-08-14,73.6865
2010-08-15,67.0935
2010-08-16,73.693
2010-08-17,77.612
2010-08-18,66.264496
2010-08-19,69.173
2010-08-20,68.999
2010-08-21,67.0685
2010-08-22,65.2265
2010-08-23,63.9
2010-08-24,66.1135
2010-08-25,72.1365
2010-08-26,63.947998
2010-08-27,58.411
2010-08-28,77.438995
2010-08-29,73.8105
2010-08-30,68.807
2010-08-31,80.1045
2010-09-01,83.9555
2010-09-02,69.8935
2010-09-03,72.403
2010-09-04,76.774
2010-09-05,85.3775
2010-09-06,76.9905
2010-09-07,73.395
2010-09-08,72.062996
2010-09-09,82.221
2010-09-10,89.2025
2010-09-11,83.843
2010-09-12,82.4545
2010-09-13,78.817
2010-09-14,79.5415
2010-09-15,74.8875
2010-09-16,72.0395
2010-09-17,78.682
2010-09-18,82.3885
2010-09-19,85.7795
2010-09-20,77.062
2010-09-21,74.7985
2010-09-22,74.8125
2010-09-23,73.103
2010-09-24,66.097496
2010-09-25,72.1895
2010-09-26,79.3725
2010-09-27,77.959
2010-09-28,73.069
2010-09-29,83.526
2010-09-30,80.228
2010-10-01,82.3455
2010-10-02,80.8565
2010-10-03,79.7815
2010-10-04,75.225494
2010-10-05,90.56
2010-10-06,83.108
2010-10-07,85.395996
2010-10-08,81.2635
2010-10-09,73.5255
2010-10-10,76.7175
2010-10-11,82.3165
2010-10-12,81.7555
2010-10-13,81.044
2010-10-14,86.51421
2010-10-15,90.18445
2010-10-16,92.22625
2010-10-17,90.24706
2010-10-18,91.21857
2010-10-19,92.92636
2010-10-20,90.47625
2010-10-21,81.316
2010-10-22,68.637505
2010-10-23,66.0535
2010-10-24,69.662
2010-10-25,80.694
2010-10-26,88.623634
2010-10-27,86.1145
2010-10-28,82.5585
2010-10-29,79.7575
2010-10-30,76.048996
2010-10-31,74.382996
2010-11-01,66.67
2010-11-02,71.7675
2010-11-03,77.0265
2010-11-04,81.604
2010-11-05,77.2115
2010-11-06,76.266
2010-11-07,80.0215
2010-11-08,73.379
2010-11-09,78.062996
2010-11-10,82.1195
2010-11-11,85.4145
2010-11-12,84.434
2010-11-13,74.631
2010-11-14,74.57
2010-11-15,76.2685
2010-11-16,78.749
2010-11-17,85.9015
2010-11-18,89.95052
2010-11-19,85.122
2010-11-20,90.08077
2010-11-21,85.88
2010-11-22,82.6235
2010-11-23,89.592636
2010-11-24,80.905
2010-11-25,80.36263
2010-11-26,89.034996
2010-11-27,87.972496
2010-11-28,84.820496
2010-11-29,83.81105
2010-11-30,76.764
2010-12-01,89.23067
2010-12-02,93.14333
2010-12-03,90.10636
2010-12-04,90.28625
2010-12-05,86.0135
2010-12-06,81.9
2010-12-07,88.138336
2010-12-08,88.29
2010-12-09,85.1015
2010-12-10,79.881996
2010-12-11,80.1465
2010-12-12,89.80375
2010-12-13,92.02231
2010-12-14,87.66125
2010-12-15,88.99778
2010-12-16,90.042
2010-12-17,89.21842
2010-12-18,85.9645
2010-12-19,75.07
2010-12-20,78.6685
2010-12-21,88.77187
2010-12-22,89.51666
2010-12-23,84.49555
2010-12-24,79.225
2010-12-25,91.07285
2010-12-26,93.387695
2010-12-27,91.986
2010-12-28,89.505554
2010-12-29,86.45944
2010-12-30,89.44133
2010-12-31,86.601
2011-01-01,88.54867
2011-01-02,89.62643
2011-01-03,90.264
2011-01-04,79.2775
2011-01-05,79.545
2011-01-06,76.275
2011-01-07,78.7035
2011-01-08,81.888
2011-01-09,87.554665
2011-01-10,88.254
2011-01-11,86.91684
2011-01-12,92.16583
2011-01-13,91.708
2011-01-14,93.92286
2011-01-15,89.68539
2011-01-16,90.5175
2011-01-17,87.99294
2011-01-18,89.77187
2011-01-19,92.196
2011-01-20,92.28833
2011-01-21,88.49812
2011-01-22,89.37882
2011-01-23,87.905266
2011-01-24,88.69611
2011-01-25,84.9225
2011-01-26,83.5755
2011-01-27,87.513885
2011-01-28,85.341576
2011-01-29,77.8155
2011-01-30,79.975
2011-01-31,89.208824
2011-02-01,88.83667
2011-02-02,87.942635
2011-02-03,87.38765
2011-02-04,89.10222
2011-02-05,87.428
2011-02-06,85.35526
2011-02-07,83.3095
2011-02-08,81.96
2011-02-09,84.42105
2011-02-10,82.079
2011-02-11,79.677
2011-02-12,64.7145
2011-02-13,71.857
2011-02-14,74.226
2011-02-15,76.445
2011-02-16,63.054
2011-02-17,77.0165
2011-02-18,83.8855
2011-02-19,92.02214
2011-02-20,90.468124
2011-02-21,84.672
2011-02-22,86.78842
2011-02-23,87.629
2011-02-24,93.354996
2011-02-25,90.81177
2011-02-26,80.786995
2011-02-27,78.9715
2011-02-28,82.04158
2011-03-01,81.423
2011-03-02,82.851
2011-03-03,87.483
2011-03-04,87.42158
2011-03-05,87.641
2011-03-06,87.369995
2011-03-07,78.9495
2011-03-08,73.501495
2011-03-09,75.6035
2011-03-10,69.8875
2011-03-11,73.4165
2011-03-12,70.041
2011-03-13,61.7235
2011-03-14,65.4705
2011-03-15,79.7835
2011-03-16,62.4995
2011-03-17,83.35263
2011-03-18,86.53579
2011-03-19,93.83
2011-03-20,90.88067
2011-03-21,80.804
2011-03-22,77.064
2011-03-23,66.7045
2011-03-24,62.8395
2011-03-25,55.8835
2011-03-26,60.812
2011-03-27,59.567997
2011-03-28,78.62053
2011-03-29,84.692
2011-03-30,77.543
2011-03-31,71.565
2011-04-01,74.6175
2011-04-02,70.618
2011-04-03,65.624
2011-04-04,50.760998
2011-04-05,87.39
2011-04-06,71.613495
2011-04-07,76.6455
2011-04-08,54.893497
2011-04-09,56.939
2011-04-10,50.9255
2011-04-11,52.741997
2011-04-12,70.7285
2011-04-13,84.5695
2011-04-14,85.25
2011-04-15,81.8585
2011-04-16,70.919
2011-04-17,69.472496
2011-04-18,56.0325
2011-04-19,59.2595
2011-04-20,58.9385
2011-04-21,58.141
2011-04-22,53.1125
2011-04-23,52.7545
2011-04-24,51.946
2011-04-25,43.959496
2011-04-26,28.710997
2011-04-27,53.7595
2011-04-28,69.9475
2011-04-29,59.177998
2011-04-30,60.3525
2011-05-01,83.069
2011-05-02,83.3415
2011-05-03,80.477
2011-05-04,77.668
2011-05-05,59.7405
2011-05-06,55.055
2011-05-07,66.107
2011-05-08,71.506
2011-05-09,63.6315
2011-05-10,60.2115
2011-05-11,52.7575
2011-05-12,57.9435
2011-05-13,63.855
2011-05-14,56.380497
2011-05-15,60.387
2011-05-16,92.41308
2011-05-17,85.216
2011-05-18,71.5445
2011-05-19,65.2905
2011-05-20,61.243
2011-05-21,62.2115
2011-05-22,59.9635
2011-05-23,72.876495
2011-05-24,70.576
2011-05-25,69.6445
2011-05-26,64.4375
2011-05-27,70.066
2011-05-28,59.405
2011-05-29,81.349
2011-05-30,66.138
2011-05-31,66.201996
2011-06-01,58.001
2011-06-02,61.448997
2011-06-03,71.0125
2011-06-04,55.6895
2011-06-05,56.6525
2011-06-06,52.265
2011-06-07,61.569
2011-06-08,58.437
2011-06-09,74.0055
2011-06-10,79.2655
2011-06-11,80.236496
2011-06-12,71.214
2011-06-13,59.495
2011-06-14,55.885998
2011-06-15,60.5585
2011-06-16,54.739
2011-06-17,55.627
2011-06-18,61.0645
2011-06-19,78.326
2011-06-20,69.6665
2011-06-21,57.7925
2011-06-22,53.4515
2011-06-23,60.531998
2011-06-24,69.3565
2011-06-25,63.8985
2011-06-26,52.1725
2011-06-27,48.156
2011-06-28,75.78
2011-06-29,78.0315
2011-06-30,83.187
2011-07-01,86.802
2011-07-02,82.433
2011-07-03,75.6025
2011-07-04,76.1765
2011-07-05,77.061
2011-07-06,77.241
2011-07-07,70.3415
2011-07-08,63.212498
2011-07-09,59.706997
2011-07-10,53.344997
2011-07-11,58.985
2011-07-12,67.666
2011-07-13,59.3525
2011-07-14,55.2775
2011-07-15,61.6125
2011-07-16,74.3465
2011-07-17,68.885
2011-07-18,58.844997
2011-07-19,56.926
2011-07-20,71.1215
2011-07-21,73.8825
2011-07-22,71.025
2011-07-23,70.14
2011-07-24,82.032
2011-07-25,83.3215
2011-07-26,82.811
2011-07-27,74.409996
2011-07-28,60.5995
2011-07-29,89.96
2011-07-30,89.45778
2011-07-31,79.667
2011-08-01,85.0605
2011-08-02,83.589
2011-08-03,75.0725
2011-08-04,74.6345
2011-08-05,77.714
2011-08-06,75.996
2011-08-07,74.5395
2011-08-08,68.0275
2011-08-09,77.155
2011-08-10,72.266
2011-08-11,64.841
2011-08-12,66.6975
2011-08-13,68.7495
2011-08-14,71.234
2011-08-15,74.248
2011-08-16,74.485
2011-08-17,69.409996
2011-08-18,66.7915
2011-08-19,57.330498
2011-08-20,51.919
2011-08-21,51.498497
2011-08-22,58.824997
2011-08-23,64.295
2011-08-24,60.6345
2011-08-25,58.677498
2011-08-26,60.825
2011-08-27,57.2395
2011-08-28,55.426
2011-08-29,59.266
2011-08-30,60.732998
2011-08-31,60.909
2011-09-01,65.3285
2011-09-02,72.0505
2011-09-03,68.169
2011-09-04,60.105
2011-09-05,65.262
2011-09-06,86.0585
2011-09-07,74.643
2011-09-08,72.8515
2011-09-09,61.9895
2011-09-10,64.763
2011-09-11,61.402
2011-09-12,59.934998
2011-09-13,61.1805
2011-09-14,56.764
2011-09-15,59.385498
2011-09-16,61.213497
2011-09-17,65.000496
2011-09-18,66.778
2011-09-19,37.452995
2011-09-20,81.6355
2011-09-21,79.511
2011-09-22,75.8175
2011-09-23,68.358
2011-09-24,63.455498
2011-09-25,63.490997
2011-09-26,65.403496
2011-09-27,57.739
2011-09-28,58.719997
2011-09-29,55.362
2011-09-30,65.3355
2011-10-01,63.302498
2011-10-02,60.6265
2011-10-03,62.220997
2011-10-04,70.447
2011-10-05,67.9785
2011-10-06,72.7985
2011-10-07,56.9825
2011-10-08,86.6325
2011-10-09,87.141
2011-10-10,74.5455
2011-10-11,88.91389
2011-10-12,82.637
2011-10-13,84.2775
2011-10-14,83.2595
2011-10-15,74.5905
2011-10-16,68.1275
2011-10-17,66.657
2011-10-18,63.462997
2011-10-19,53.717
2011-10-20,66.0045
2011-10-21,88.985
2011-10-22,90.852
2011-10-23,84.1735
2011-10-24,73.8695
2011-10-25,71.8
2011-10-26,71.268
2011-10-27,55.0985
2011-10-28,68.318
2011-10-29,71.144
2011-10-30,75.0325
2011-10-31,69.671
2011-11-01,75.2325
2011-11-02,75.987495
2011-11-03,73.9555
2011-11-04,68.745
2011-11-05,65.87947
2011-11-06,68.6495
2011-11-07,63.291
2011-11-08,70.611496
2011-11-09,73.681496
2011-11-10,76.926
2011-11-11,73.154495
2011-11-12,71.5435
2011-11-13,75.5455
2011-11-14,71.695
2011-11-15,70.68
2011-11-16,70.0605
2011-11-17,79.3565
2011-11-18,86.1825
2011-11-19,87.9415
2011-11-20,82.823
2011-11-21,83.7905
2011-11-22,81.135
2011-11-23,85.40071
2011-11-24,86.469444
2011-11-25,87.336426
2011-11-26,90.87778
2011-11-27,86.173
2011-11-28,81.79211
2011-11-29,83.821175
2011-11-30,86.80222
2011-12-01,89.85764
2011-12-02,78.5921
2011-12-03,79.0455
2011-12-04,68.5365
2011-12-05,65.8385
2011-12-06,79.8935
2011-12-07,86.451
2011-12-08,83.473
2011-12-09,71.514
2011-12-10,77.8745
2011-12-11,86.705
2011-12-12,84.908
2011-12-13,89.433334
2011-12-14,87.25353
2011-12-15,89.59534
2011-12-16,80.019
2011-12-17,87.409996
2011-12-18,75.7865
2011-12-19,80.605995
2011-12-20,90.76572
2011-12-21,83.0215
2011-12-22,89.38611
2011-12-23,86.473335
2011-12-24,80.3365
2011-12-25,91.536156
2011-12-26,92.54833
2011-12-27,91.64778
2011-12-28,91.30444
2011-12-29,88.97632
2011-12-30,87.521576
2011-12-31,91.2
2012-01-01,84.427895
2012-01-02,73.7435
2012-01-03,82.8565
2012-01-04,83.9075
2012-01-05,76.6075
2012-01-06,85.5785
2012-01-07,72.098
2012-01-08,91.76063
2012-01-09,93.115715
2012-01-10,91.01143
2012-01-11,88.35714
2012-01-12,89.85625
2012-01-13,79.8965
2012-01-14,80.1045
2012-01-15,79.213
2012-01-16,76.547
2012-01-17,84.788
2012-01-18,85.86737
2012-01-19,80.997
2012-01-20,87.185265
2012-01-21,81.0115
2012-01-22,80.5185
2012-01-23,81.8775
2012-01-24,89.3965
2012-01-25,82.431
2012-01-26,84.9705
2012-01-27,81.4565
2012-01-28,78.5135
2012-01-29,63.0865
2012-01-30,66.594
2012-01-31,65.956
2012-02-01,57.038
2012-02-02,68.0195
2012-02-03,80.945496
2012-02-04,90.63687
2012-02-05,85.647
2012-02-06,82.0965
2012-02-07,71.2415
2012-02-08,74.026
2012-02-09,75.1795
2012-02-10,74.207
2012-02-11,74.943
2012-02-12,80.4385
2012-02-13,84.141
2012-02-14,74.868
2012-02-15,79.354004
2012-02-16,79.6755
2012-02-17,86.419
2012-02-18,90.096115
2012-02-19,82.7625
2012-02-20,89.636665
2012-02-21,83.1615
2012-02-22,88.918236
2012-02-23,91.25444
2012-02-24,92.13
2012-02-25,79.417
2012-02-26,79.9125
2012-02-27,72.1365
2012-02-28,73.7585
2012-02-29,84.3721
2012-03-01,71.2635
2012-03-02,85.403
2012-03-03,65.361496
2012-03-04,67.4125
2012-03-05,73.570496
2012-03-06,67.2755
2012-03-07,66.215
2012-03-08,69.8275
2012-03-09,63.5055
2012-03-10,67.634
2012-03-11,81.0245
2012-03-12,61.078
2012-03-13,78.1465
2012-03-14,73.0035
2012-03-15,53.017
2012-03-16,57.344498
2012-03-17,48.1745
2012-03-18,40.6245
2012-03-19,56.103
2012-03-20,50.941998
2012-03-21,49.98
2012-03-22,54.5515
2012-03-23,58.8745
2012-03-24,56.5785
2012-03-25,49.774
2012-03-26,39.713497
2012-03-27,45.904
2012-03-28,48.3915
2012-03-29,44.162
2012-03-30,69.6375
2012-03-31,61.383
2012-04-01,64.6495
2012-04-02,54.17
2012-04-03,53.091
2012-04-04,55.1075
2012-04-05,52.978
2012-04-06,76.306496
2012-04-07,65.69
2012-04-08,72.8705
2012-04-09,58.3295
2012-04-10,67.148
2012-04-11,54.7645
2012-04-12,54.744
2012-04-13,63.6525
2012-04-14,86.022224
2012-04-15,87.46105
2012-04-16,75.5125
2012-04-17,90.41842
2012-04-18,90.11625
2012-04-19,80.096
2012-04-20,78.764
2012-04-21,79.244995
2012-04-22,57.9395
2012-04-23,65.758995
2012-04-24,65.356
2012-04-25,84.2985
2012-04-26,67.1725
2012-04-27,53.8815
2012-04-28,57.5355
2012-04-29,52.67
2012-04-30,53.4165
2012-05-01,51.704998
2012-05-02,48.789497
2012-05-03,53.984497
2012-05-04,64.25
2012-05-05,72.7915
2012-05-06,54.244
2012-05-07,68.943
2012-05-08,84.698
2012-05-09,78.94
2012-05-10,70.9855
2012-05-11,61.892998
2012-05-12,57.345997
2012-05-13,86.2545
2012-05-14,90.40118
2012-05-15,93.66417
2012-05-16,90.191536
2012-05-17,90.5
2012-05-18,78.636
2012-05-19,73.2255
2012-05-20,72.867
2012-05-21,67.042
2012-05-22,70.802
2012-05-23,82.233
2012-05-24,82.8395
2012-05-25,78.068
2012-05-26,72.808
2012-05-27,81.7095
2012-05-28,68.987495
2012-05-29,76.992
2012-05-30,71.744995
2012-05-31,70.0095
2012-06-01,75.8105
2012-06-02,64.8965
2012-06-03,70.0795
2012-06-04,62.7255
2012-06-05,84.9
2012-06-06,78.26
2012-06-07,71.4775
2012-06-08,72.228
2012-06-09,62.5335
2012-06-10,77.806
2012-06-11,83.6315
2012-06-12,82.264496
2012-06-13,69.416
2012-06-14,70.186
2012-06-15,71.311
2012-06-16,66.287
2012-06-17,58.972
2012-06-18,63.3285
2012-06-19,59.1195
2012-06-20,59.746998
2012-06-21,57.7555
2012-06-22,68.527
2012-06-23,61.6535
2012-06-24,61.18
2012-06-25,74.4085
2012-06-26,63.622498
2012-06-27,58.943497
2012-06-28,66.8935
2012-06-29,63.03
2012-06-30,58.955498
2012-07-01,53.189
2012-07-02,51.753498
2012-07-03,51.941498
2012-07-04,46.9885
2012-07-05,44.774998
2012-07-06,52.053497
2012-07-07,58.258
2012-07-08,57.274498
2012-07-09,62.637
2012-07-10,61.562
2012-07-11,58.6605
2012-07-12,69.169
2012-07-13,55.023
2012-07-14,56.356
2012-07-15,64.141
2012-07-16,70.155
2012-07-17,65.0555
2012-07-18,59.142498
2012-07-19,51.1205
2012-07-20,49.697
2012-07-21,52.908497
2012-07-22,69.849
2012-07-23,60.532
2012-07-24,65.0215
2012-07-25,75.814
2012-07-26,83.941
2012-07-27,83.455
2012-07-28,72.685
2012-07-29,57.3625
2012-07-30,83.828
2012-07-31,71.2285
2012-08-01,70.3175
2012-08-02,64.623
2012-08-03,56.8115
2012-08-04,62.845997
2012-08-05,55.2505
2012-08-06,54.7645
2012-08-07,52.996998
2012-08-08,44.5925
2012-08-09,40.8915
2012-08-10,51.851498
2012-08-11,61.684
2012-08-12,75.921
2012-08-13,70.678
2012-08-14,67.9195
2012-08-15,66.5795
2012-08-16,64.6145
2012-08-17,54.229
2012-08-18,52.67
2012-08-19,60.777
2012-08-20,46.823498
2012-08-21,47.2235
2012-08-22,50.199
2012-08-23,54.388496
2012-08-24,47.315998
2012-08-25,45.796997
2012-08-26,41.678997
2012-08-27,73.0535
2012-08-28,51.748497
2012-08-29,49.735
2012-08-30,56.8955
2012-08-31,37.881496
2012-09-01,20.07882
2012-09-02,47.065
2012-09-03,46.361
2012-09-04,49.8105
2012-09-05,46.373497
2012-09-06,72.520996
2012-09-07,53.4535
2012-09-08,55.924
2012-09-09,58.846497
2012-09-10,55.4785
2012-09-11,54.823997
2012-09-12,40.372498
2012-09-13,39.6105
2012-09-14,75.9755
2012-09-15,86.0915
2012-09-16,74.941
2012-09-17,65.8555
2012-09-18,68.493
2012-09-19,58.041
2012-09-20,92.87
2012-09-21,76.027
2012-09-22,69.951
2012-09-23,70.8535
2012-09-24,64.498
2012-09-25,73.4425
2012-09-26,67.666504
2012-09-27,45.092
2012-09-28,67.1695
2012-09-29,64.441
2012-09-30,58.7845
2012-10-01,71.2485
2012-10-02,76.549995
2012-10-03,90.145
2012-10-04,78.710495
2012-10-05,66.53
2012-10-06,62.850998
2012-10-07,74.7915
2012-10-08,72.327995
2012-10-09,66.421
2012-10-10,71.489
2012-10-11,81.3745
2012-10-12,81.4775
2012-10-13,86.688
2012-10-14,91.102
2012-10-15,87.08833
2012-10-16,76.027
2012-10-17,78.459
2012-10-18,72.6165
2012-10-19,68.0325
2012-10-20,64.0135
2012-10-21,69.9515
2012-10-22,76.899
2012-10-23,78.241
2012-10-24,87.22588
2012-10-25,88.478424
2012-10-26,75.308
2012-10-27,73.8085
2012-10-28,92.5025
2012-10-29,91.43
2012-10-30,85.55
2012-10-31,78.7715
2012-11-01,86.5555
2012-11-02,83.5305
2012-11-03,86.1225
2012-11-04,78.1485
2012-11-05,81.949
2012-11-06,79.7185
2012-11-07,82.932
2012-11-08,84.18053
2012-11-09,85.62
2012-11-10,90.0325
2012-11-11,75.282
2012-11-12,71.401
2012-11-13,85.164116
2012-11-14,83.38842
2012-11-15,89.12944
2012-11-16,89.05167
2012-11-17,82.04667
2012-11-18,82.599
2012-11-19,81.699
2012-11-20,89.24923
2012-11-21,91.50313
2012-11-22,90.066246
2012-11-23,88.69945
2012-11-24,91.42286
2012-11-25,90.81412
2012-11-26,88.596664
2012-11-27,82.55
2012-11-28,82.323
2012-11-29,81.39737
2012-11-30,87.76833
2012-12-01,88.35375
2012-12-02,92.361664
2012-12-03,88.6275
2012-12-04,76.126
2012-12-05,90.795296
2012-12-06,90.852356
2012-12-07,81.401
2012-12-08,84.6015
2012-12-09,88.846664
2012-12-10,83.9255
2012-12-11,86.61632
2012-12-12,89.543686
2012-12-13,77.04737
2012-12-14,70.592
2012-12-15,77.111
2012-12-16,90.38769
2012-12-17,90.44643
2012-12-18,91.29833
2012-12-19,87.1775
2012-12-20,82.7135
2012-12-21,86.56
2012-12-22,90.028824
2012-12-23,81.5195
2012-12-24,81.67733
2012-12-25,75.541
2012-12-26,83.7195
2012-12-27,90.93933
2012-12-28,90.78267
2012-12-29,80.028
2012-12-30,83.36053
2012-12-31,90.86417
2013-01-01,86.44714
2013-01-02,88.28842
2013-01-03,90.734
2013-01-04,88.55263
2013-01-05,89.06545
2013-01-06,71.146996
2013-01-07,67.029495
2013-01-08,61.740498
2013-01-09,86.28263
2013-01-10,86.76895
2013-01-11,92.06111
2013-01-12,85.7595
2013-01-13,77.662994
2013-01-14,71.103
2013-01-15,86.51158
2013-01-16,91.78375
2013-01-17,87.167
2013-01-18,90.45278
2013-01-19,88.98187
2013-01-20,86.82263
2013-01-21,82.7155
2013-01-22,88.07842
2013-01-23,87.935295
2013-01-24,85.3185
2013-01-25,88.439
2013-01-26,86.5035
2013-01-27,86.729996
2013-01-28,89.16631
2013-01-29,90.40882
2013-01-30,92.012665
2013-01-31,83.741
2013-02-01,76.068
2013-02-02,81.336
2013-02-03,93.824
2013-02-04,87.66294
2013-02-05,77.572
2013-02-06,77.711
2013-02-07,88.83
2013-02-08,87.0485
2013-02-09,91.21437
2013-02-10,89.96883
2013-02-11,84.9665
2013-02-12,68.3865
2013-02-13,75.5635
2013-02-14,87.9435
2013-02-15,89.563156
2013-02-16,90.88812
2013-02-17,80.8665
2013-02-18,80.376495
2013-02-19,81.153
2013-02-20,87.1055
2013-02-21,89.88647
2013-02-22,88.08706
2013-02-23,79.3875
2013-02-24,70.9075
2013-02-25,82.83421
2013-02-26,85.744736
2013-02-27,80.914
2013-02-28,78.0235
2013-03-01,86.149475
2013-03-02,79.264
2013-03-03,73.833
2013-03-04,64.104996
2013-03-05,55.031498
2013-03-06,52.399498
2013-03-07,73.99
2013-03-08,87.95052
2013-03-09,89.79895
2013-03-10,88.58158
2013-03-11,86.44842
2013-03-12,80.1015
2013-03-13,87.01353
2013-03-14,92.735
2013-03-15,91.96625
2013-03-16,80.463
2013-03-17,68.574
2013-03-18,67.045
2013-03-19,81.6365
2013-03-20,69.960495
2013-03-21,88.155556
2013-03-22,85.852
2013-03-23,67.657
2013-03-24,55.281
2013-03-25,70.208
2013-03-26,88.95375
2013-03-27,90.195
2013-03-28,79.520996
2013-03-29,82.5415
2013-03-30,86.657
2013-03-31,83.445
2013-04-01,81.5585
2013-04-02,77.1385
2013-04-03,90.451996
2013-04-04,92.152664
2013-04-05,88.27052
2013-04-06,85.44
2013-04-07,88.012
2013-04-08,78.782
2013-04-09,87.869
2013-04-10,87.935
2013-04-11,77.9505
2013-04-12,74.833
2013-04-13,79.7615
2013-04-14,69.3155
2013-04-15,68.595
2013-04-16,69.609
2013-04-17,55.706497
2013-04-18,54.487
2013-04-19,42.612633
2013-04-20,53.684998
2013-04-21,53.888496
2013-04-22,60.4815
2013-04-23,69.581
2013-04-24,60.717
2013-04-25,55.399498
2013-04-26,53.064
2013-04-27,47.4265
2013-04-28,52.6855
2013-04-29,52.747498
2013-04-30,48.668
2013-05-01,58.2785
2013-05-02,51.135
2013-05-03,52.3675
2013-05-04,57.446
2013-05-05,49.975998
2013-05-06,60.4315
2013-05-07,66.910995
2013-05-08,63.7315
2013-05-09,61.621998
2013-05-10,60.414997
2013-05-11,38.674
2013-05-12,76.8025
2013-05-13,86.240524
2013-05-14,82.6915
2013-05-15,74.578995
2013-05-16,67.590996
2013-05-17,66.7845
2013-05-18,72.8445
2013-05-19,55.5975
2013-05-20,54.5765
2013-05-21,56.788
2013-05-22,86.6845
2013-05-23,91.235
2013-05-24,84.034996
2013-05-25,74.716995
2013-05-26,88.613686
2013-05-27,80.046
2013-05-28,68.583
2013-05-29,62.907497
2013-05-30,77.5465
2013-05-31,52.511997
2013-06-01,79.925
2013-06-02,80.109
2013-06-03,86.064445
2013-06-04,88.68166
2013-06-05,79.0245
2013-06-06,84.306
2013-06-07,80.993
2013-06-08,76.504
2013-06-09,79.116
2013-06-10,71.000496
2013-06-11,67.719
2013-06-12,87.13105
2013-06-13,82.155
2013-06-14,70.3645
2013-06-15,65.492
2013-06-16,60.2795
2013-06-17,62.613
2013-06-18,62.978
2013-06-19,56.4735
2013-06-20,62.4785
2013-06-21,61.949
2013-06-22,71.516
2013-06-23,79.173
2013-06-24,76.391
2013-06-25,86.1895
2013-06-26,77.5475
2013-06-27,80.5025
2013-06-28,79.417
2013-06-29,77.089
2013-06-30,75.211
2013-07-01,63.649
2013-07-02,65.65
2013-07-03,62.274498
2013-07-04,66.574
2013-07-05,70.2155
2013-07-06,70.5595
2013-07-07,64.1785
2013-07-08,66.6605
2013-07-09,67.428
2013-07-10,73.029
2013-07-11,75.379
2013-07-12,66.2635
2013-07-13,72.017
2013-07-14,73.3515
2013-07-15,74.3585
2013-07-16,75.655
2013-07-17,68.048
2013-07-18,62.5065
2013-07-19,63.304497
2013-07-20,62.3125
2013-07-21,55.783
2013-07-22,57.007
2013-07-23,55.973
2013-07-24,52.067497
2013-07-25,55.143997
2013-07-26,63.2445
2013-07-27,61.851498
2013-07-28,57.381
2013-07-29,56.9685
2013-07-30,74.7065
2013-07-31,67.257996
2013-08-01,63.937
2013-08-02,59.822998
2013-08-03,62.1375
2013-08-04,58.06
2013-08-05,54.892498
2013-08-06,56.9075
2013-08-07,61.9295
2013-08-08,56.4895
2013-08-09,45.055
2013-08-10,60.186497
2013-08-11,66.1075
2013-08-12,60.017
2013-08-13,48.354
2013-08-14,57.135498
2013-08-15,68.1525
2013-08-16,59.859497
2013-08-17,61.2615
2013-08-18,59.371
2013-08-19,48.982998
2013-08-20,44.149
2013-08-21,76.613495
2013-08-22,67.643
2013-08-23,60.651997
2013-08-24,59.057
2013-08-25,64.0655
2013-08-26,85.0645
2013-08-27,80.555
2013-08-28,85.5525
2013-08-29,83.3415
2013-08-30,78.952995
2013-08-31,73.323
2013-09-01,68.901
2013-09-02,60.389
2013-09-03,66.4375
2013-09-04,60.392498
2013-09-05,65.6035
2013-09-06,59.622498
2013-09-07,60.849
2013-09-08,59.785
2013-09-09,67.9195
2013-09-10,82.1895
2013-09-11,90.48631
2013-09-12,85.4785
2013-09-13,78.312996
2013-09-14,83.835
2013-09-15,82.076996
2013-09-16,81.383995
2013-09-17,83.575
2013-09-18,77.1715
2013-09-19,88.676
2013-09-20,76.0105
2013-09-21,79.7275
2013-09-22,75.219
2013-09-23,79.503
2013-09-24,70.2455
2013-09-25,63.145
2013-09-26,66.979996
2013-09-27,65.9495
2013-09-28,74.6915
2013-09-29,77.6715
2013-09-30,82.552
2013-10-01,91.099335
2013-10-02,83.1
2013-10-03,77.8435
2013-10-04,76.161995
2013-10-05,64.448
2013-10-06,61.07
2013-10-07,61.639
2013-10-08,69.178
2013-10-09,81.6905
2013-10-10,91.15056
2013-10-11,72.8575
2013-10-12,74.362495
2013-10-13,86.5525
2013-10-14,87.835266
2013-10-15,88.867645
2013-10-16,94.475
2013-10-17,92.58091
2013-10-18,85.332
2013-10-19,75.892
2013-10-20,70.768
2013-10-21,82.0935
2013-10-22,84.61667
2013-10-23,75.699
2013-10-24,67.890495
2013-10-25,80.9545
2013-10-26,79.726
2013-10-27,74.3135
2013-10-28,73.8305
2013-10-29,78.277
2013-10-30,85.5635
2013-10-31,76.1965
2013-11-01,84.7225
2013-11-02,82.4255
2013-11-03,78.402
2013-11-04,83.78105
2013-11-05,86.548996
2013-11-06,86.86437
2013-11-07,89.74
2013-11-08,77.0395
2013-11-09,76.269
2013-11-10,90.924286
2013-11-11,88.954735
2013-11-12,90.75389
2013-11-13,93.23417
2013-11-14,87.6925
2013-11-15,82.505
2013-11-16,85.695786
2013-11-17,89.19055
2013-11-18,91.20538
2013-11-19,85.67316
2013-11-20,74.961
2013-11-21,86.137
2013-11-22,87.03764
2013-11-23,90.10533
2013-11-24,94.54
2013-11-25,90.48722
2013-11-26,82.8505
2013-11-27,85.973
2013-11-28,88.914444
2013-11-29,92.54429
2013-11-30,87.09059
2013-12-01,86.43072
2013-12-02,79.7595
2013-12-03,80.6
2013-12-04,88.14316
2013-12-05,89.94187
2013-12-06,81.7765
2013-12-07,71.4845
2013-12-08,76.0715
2013-12-09,79.391
2013-12-10,70.102
2013-12-11,81.301
2013-12-12,77.609
2013-12-13,76.5215
2013-12-14,84.29105
2013-12-15,87.725334
2013-12-16,85.945
2013-12-17,79.7615
2013-12-18,83.8125
2013-12-19,89.37222
2013-12-20,85.878334
2013-12-21,87.32474
2013-12-22,82.256996
2013-12-23,77.9645
2013-12-24,82.615555
2013-12-25,79.66263
2013-12-26,69.5
2013-12-27,80.472
2013-12-28,87.113686
2013-12-29,86.0815
2013-12-30,88.15294
2013-12-31,87.94579
2014-01-01,88.06778
2014-01-02,86.183685
2014-01-03,85.98421
2014-01-04,83.4
2014-01-05,87.247
2014-01-06,89.91071
2014-01-07,92.29
2014-01-08,92.098335
2014-01-09,91.1275
2014-01-10,85.805
2014-01-11,81.7445
2014-01-12,82.195786
2014-01-13,73.243
2014-01-14,64.9765
2014-01-15,88.31263
2014-01-16,87.77875
2014-01-17,82.5075
2014-01-18,85.1035
2014-01-19,81.45105
2014-01-20,85.8965
2014-01-21,91.05857
2014-01-22,89.76353
2014-01-23,88.24842
2014-01-24,82.281
2014-01-25,91.932724
2014-01-26,91.36455
2014-01-27,86.19158
2014-01-28,88.516846
2014-01-29,87.80631
2014-01-30,83.6895
2014-01-31,78.1635
2014-02-01,75.988
2014-02-02,68.466995
2014-02-03,75.1295
2014-02-04,75.4945
2014-02-05,75.8245
2014-02-06,82.4615
2014-02-07,90.89684
2014-02-08,88.2205
2014-02-09,86.7725
2014-02-10,76.7255
2014-02-11,73.1445
2014-02-12,80.2475
2014-02-13,88.6225
2014-02-14,89.5075
2014-02-15,84.35
2014-02-16,70.972496
2014-02-17,78.2775
2014-02-18,81.506996
2014-02-19,77.97222
2014-02-20,86.147
2014-02-21,87.87527
2014-02-22,91.902306
2014-02-23,91.54077
2014-02-24,84.90053
2014-02-25,86.8955
2014-02-26,88.08053
2014-02-27,82.728
2014-02-28,79.372
2014-03-01,81.0585
2014-03-02,88.13737
2014-03-03,76.737
2014-03-04,82.501495
2014-03-05,91.51857
2014-03-06,91.6725
2014-03-07,87.6085
2014-03-08,81.653496
2014-03-09,72.083
2014-03-10,61.733997
2014-03-11,57.0005
2014-03-12,47.4545
2014-03-13,57.1145
2014-03-14,54.198997
2014-03-15,61.03
2014-03-16,70.8975
2014-03-17,69.0225
2014-03-18,59.8015
2014-03-19,72.6055
2014-03-20,68.5915
2014-03-21,60.684
2014-03-22,48.143497
2014-03-23,49.600998
2014-03-24,81.179
2014-03-25,82.55
2014-03-26,77.8015
2014-03-27,73.4675
2014-03-28,79.0815
2014-03-29,64.368996
2014-03-30,53.969498
2014-03-31,61.716
2014-04-01,55.7785
2014-04-02,52.841
2014-04-03,63.031498
2014-04-04,64.992
2014-04-05,62.441498
2014-04-06,84.1905
2014-04-07,77.084496
2014-04-08,69.899
2014-04-09,81.631
2014-04-10,71.083496
2014-04-11,83.251495
2014-04-12,76.111496
2014-04-13,74.738
2014-04-14,71.263
2014-04-15,74.811
2014-04-16,86.949
2014-04-17,86.7595
2014-04-18,88.86421
2014-04-19,75.618
2014-04-20,76.3525
2014-04-21,66.2985
2014-04-22,76.3875
2014-04-23,82.79
2014-04-24,89.24333
2014-04-25,81.223
2014-04-26,64.621
2014-04-27,69.0385
2014-04-28,65.5905
2014-04-29,79.974
2014-04-30,85.5525
2014-05-01,80.1615
2014-05-02,79.7975
2014-05-03,81.83
2014-05-04,87.471176
2014-05-05,64.95
2014-05-06,63.072998
2014-05-07,58.126
2014-05-08,81.7615
2014-05-09,71.3655
2014-05-10,65.467
2014-05-11,60.913
2014-05-12,85.0005
2014-05-13,74.141
2014-05-14,91.80625
2014-05-15,91.61
2014-05-16,84.99684
2014-05-17,89.46
2014-05-18,82.1195
2014-05-19,72.834
2014-05-20,73.7935
2014-05-21,62.1275
2014-05-22,63.0495
2014-05-23,61.6455
2014-05-24,64.307
2014-05-25,76.17
2014-05-26,70.6305
2014-05-27,79.9415
2014-05-28,71.1835
2014-05-29,75.564
2014-05-30,80.116
2014-05-31,80.5025
2014-06-01,80.5525
2014-06-02,86.7155
2014-06-03,72.074
2014-06-04,72.5095
2014-06-05,62.92
2014-06-06,59.557
2014-06-07,59.3915
2014-06-08,63.7735
2014-06-09,61.165497
2014-06-10,57.992
2014-06-11,58.6375
2014-06-12,48.953
2014-06-13,58.441498
2014-06-14,70.1005
2014-06-15,71.119
2014-06-16,74.059
2014-06-17,80.3575
2014-06-18,71.273
2014-06-19,74.7025
2014-06-20,67.8985
2014-06-21,66.936
2014-06-22,59.0015
2014-06-23,64.501495
2014-06-24,80.625496
2014-06-25,82.2715
2014-06-26,78.951996
2014-06-27,70.778496
2014-06-28,62.3695
2014-06-29,58.888
2014-06-30,67.103
2014-07-01,74.203
2014-07-02,57.107998
2014-07-03,76.9825
2014-07-04,63.932
2014-07-05,56.208
2014-07-06,59.045
2014-07-07,59.9335
2014-07-08,70.031
2014-07-09,82.26
2014-07-10,72.1855
2014-07-11,88.7675
2014-07-12,83.8535
2014-07-13,66.815
2014-07-14,73.9415
2014-07-15,75.682
2014-07-16,75.212
2014-07-17,79.2395
2014-07-18,78.4195
2014-07-19,69.568
2014-07-20,66.639
2014-07-21,68.153
2014-07-22,84.203
2014-07-23,89.45789
2014-07-24,85.7755
2014-07-25,69.2155
2014-07-26,65.835495
2014-07-27,76.3015
2014-07-28,80.537
2014-07-29,81.74
2014-07-30,69.4365
2014-07-31,83.5905
2014-08-01,76.951996
2014-08-02,67.0575
2014-08-03,63.911
2014-08-04,72.025
2014-08-05,77.6505
2014-08-06,85.2745
2014-08-07,84.021996
2014-08-08,90.2265
2014-08-09,81.4215
2014-08-10,68.44
2014-08-11,76.24
2014-08-12,75.218
2014-08-13,69.88
2014-08-14,63.388496
2014-08-15,77.64
2014-08-16,75.4345
2014-08-17,71.312
2014-08-18,65.583
2014-08-19,59.3655
2014-08-20,70.0455
2014-08-21,84.857
2014-08-22,72.108
2014-08-23,65.2475
2014-08-24,78.5025
2014-08-25,63.727997
2014-08-26,65.675995
2014-08-27,78.153
2014-08-28,69.7115
2014-08-29,69.355
2014-08-30,68.6285
2014-08-31,62.830498
2014-09-01,64.888
2014-09-02,68.567
2014-09-03,79.389496
2014-09-04,73.702995
2014-09-05,79.9775
2014-09-06,78.1095
2014-09-07,76.677
2014-09-08,78.9855
2014-09-09,72.961
2014-09-10,83.223
2014-09-11,70.19
2014-09-12,68.317
2014-09-13,83.0375
2014-09-14,88.96263
2014-09-15,84.85
2014-09-16,84.333496
2014-09-17,74.066
2014-09-18,70.695
2014-09-19,62.8675
2014-09-20,81.635
2014-09-21,90.9665
2014-09-22,87.14895
2014-09-23,81.479
2014-09-24,78.8995
2014-09-25,73.997
2014-09-26,86.9235
2014-09-27,78.272
2014-09-28,70.5725
2014-09-29,74.213
2014-09-30,68.9905
2014-10-01,79.018
2014-10-02,85.8155
2014-10-03,90.5665
2014-10-04,81.671
2014-10-05,83.7995
2014-10-06,81.2565
2014-10-07,80.3945
2014-10-08,78.5305
2014-10-09,81.59052
2014-10-10,81.3155
2014-10-11,76.0885
2014-10-12,76.4085
2014-10-13,77.5055
2014-10-14,70.6855
2014-10-15,86.25889
2014-10-16,91.012
2014-10-17,90.95875
2014-10-18,82.6235
2014-10-19,82.806
2014-10-20,78.991
2014-10-21,88.5925
2014-10-22,93.426254
2014-10-23,93.01111
2014-10-24,91.740906
2014-10-25,87.83053
2014-10-26,81.481
2014-10-27,74.692
2014-10-28,68.4755
2014-10-29,81.8525
2014-10-30,83.9445
2014-10-31,85.98316
2014-11-01,80.17316
2014-11-02,79.229
2014-11-03,83.115
2014-11-04,80.09737
2014-11-05,82.447
2014-11-06,78.4755
2014-11-07,68.6475
2014-11-08,82.982
2014-11-09,92.6975
2014-11-10,91.435715
2014-11-11,89.63
2014-11-12,86.403496
2014-11-13,87.57222
2014-11-14,90.89875
2014-11-15,91.426315
2014-11-16,86.003334
2014-11-17,91.526924
2014-11-18,91.199
2014-11-19,92.33857
2014-11-20,87.957504
2014-11-21,83.915
2014-11-22,82.6545
2014-11-23,83.91055
2014-11-24,85.16579
2014-11-25,84.73368
2014-11-26,89.89667
2014-11-27,92.204445
2014-11-28,89.93823
2014-11-29,85.58706
2014-11-30,86.70438
2014-12-01,83.79842
2014-12-02,88.61294
2014-12-03,83.3265
2014-12-04,80.43
2014-12-05,85.67105
2014-12-06,90.0
2014-12-07,91.02461
2014-12-08,95.16
2014-12-09,92.82833
2014-12-10,92.77538
2014-12-11,90.92273
2014-12-12,90.58539
2014-12-13,80.2665
2014-12-14,74.683
2014-12-15,84.679
2014-12-16,81.873
2014-12-17,91.847
2014-12-18,86.293335
2014-12-19,91.91571
2014-12-20,87.1875
2014-12-21,81.3615
2014-12-22,75.463684
2014-12-23,77.49
2014-12-24,85.13421
2014-12-25,81.806
2014-12-26,89.43579
2014-12-27,79.724
2014-12-28,84.359
2014-12-29,81.739
2014-12-30,74.668
2014-12-31,83.3025
2015-01-01,68.209
2015-01-02,83.0385
2015-01-03,86.177
2015-01-04,84.3265
2015-01-05,77.306
2015-01-06,73.707
2015-01-07,70.4805
2015-01-08,65.568
2015-01-09,79.939
2015-01-10,90.571335
2015-01-11,82.427
2015-01-12,79.111
2015-01-13,80.89684
2015-01-14,74.161995
2015-01-15,81.202995
2015-01-16,75.8385
2015-01-17,70.834496
2015-01-18,86.22316
2015-01-19,92.386
2015-01-20,92.667694
2015-01-21,89.57938
2015-01-22,90.33182
2015-01-23,91.545
2015-01-24,91.9275
2015-01-25,92.79818
2015-01-26,92.17133
2015-01-27,92.10273
2015-01-28,92.2875
2015-01-29,86.85526
2015-01-30,71.0545
2015-01-31,79.413
2015-02-01,87.232635
2015-02-02,90.07667
2015-02-03,87.07895
2015-02-04,87.08444
2015-02-05,90.65666
2015-02-06,87.64056
2015-02-07,83.9405
2015-02-08,87.075294
2015-02-09,82.111496
2015-02-10,90.15375
2015-02-11,87.535
2015-02-12,75.1555
2015-02-13,77.798996
2015-02-14,71.264496
2015-02-15,77.48
2015-02-16,77.735
2015-02-17,65.697
2015-02-18,64.7695
2015-02-19,74.275
2015-02-20,75.3965
2015-02-21,71.903
2015-02-22,75.798996
2015-02-23,88.61895
2015-02-24,79.7615
2015-02-25,92.91499
2015-02-26,91.46167
2015-02-27,91.48789
2015-02-28,90.97769
2015-03-01,91.711426
2015-03-02,80.74
2015-03-03,78.354996
2015-03-04,67.8845
2015-03-05,83.413
2015-03-06,83.354
2015-03-07,76.172
2015-03-08,67.866
2015-03-09,69.6305
2015-03-10,70.919
2015-03-11,71.895
2015-03-12,91.22294
2015-03-13,91.65895
2015-03-14,88.82889
2015-03-15,77.3555
2015-03-16,62.3465
2015-03-17,55.61
2015-03-18,52.5365
2015-03-19,73.078
2015-03-20,69.1725
2015-03-21,51.572998
2015-03-22,56.393497
2015-03-23,61.802
2015-03-24,61.7715
2015-03-25,64.8665
2015-03-26,65.334
2015-03-27,74.6965
2015-03-28,86.5805
2015-03-29,75.075
2015-03-30,78.9965
2015-03-31,71.729996
2015-04-01,72.65
2015-04-02,64.525
2015-04-03,78.783
2015-04-04,61.726498
2015-04-05,75.6565
2015-04-06,82.932
2015-04-07,68.1105
2015-04-08,67.622
2015-04-09,48.854
2015-04-10,45.7035
2015-04-11,46.718
2015-04-12,57.651
2015-04-13,54.0055
2015-04-14,48.475
2015-04-15,55.404
2015-04-16,49.9055
2015-04-17,60.358498
2015-04-18,79.7575
2015-04-19,67.3955
2015-04-20,60.8625
2015-04-21,60.3395
2015-04-22,52.991997
2015-04-23,57.360497
2015-04-24,44.4265
2015-04-25,59.347
2015-04-26,54.8105
2015-04-27,55.6185
2015-04-28,66.625
2015-04-29,79.3055
2015-04-30,70.9615
2015-05-01,63.6675
2015-05-02,91.05389
2015-05-03,60.7905
2015-05-04,73.1455
2015-05-05,72.9645
2015-05-06,66.89
2015-05-07,73.0495
2015-05-08,61.43
2015-05-09,61.9325
2015-05-10,75.055
2015-05-11,65.983
2015-05-12,60.243
2015-05-13,54.633
2015-05-14,72.0035
2015-05-15,71.559
2015-05-16,71.082
2015-05-17,64.454
2015-05-18,53.5695
2015-05-19,51.6605
2015-05-20,59.572
2015-05-21,69.998
2015-05-22,84.043
2015-05-23,71.2105
2015-05-24,81.1585
2015-05-25,86.0325
2015-05-26,78.6835
2015-05-27,86.593
2015-05-28,77.879
2015-05-29,68.072
2015-05-30,66.76
2015-05-31,66.501
2015-06-01,63.012
2015-06-02,62.406998
2015-06-03,62.326
2015-06-04,62.134
2015-06-05,59.918
2015-06-06,53.24
2015-06-07,56.7665
2015-06-08,55.594498
2015-06-09,60.623
2015-06-10,64.679
2015-06-11,65.257996
2015-06-12,60.2855
2015-06-13,59.7355
2015-06-14,65.7255
2015-06-15,64.7065
2015-06-16,84.5045
2015-06-17,74.098495
2015-06-18,82.823
2015-06-19,69.7255
2015-06-20,76.446495
2015-06-21,75.621
2015-06-22,68.6505
2015-06-23,48.322
2015-06-24,83.885
2015-06-25,85.971
2015-06-26,83.983
2015-06-27,69.708
2015-06-28,79.085495
2015-06-29,78.2445
2015-06-30,76.001495
2015-07-01,66.832
2015-07-02,55.502
2015-07-03,56.427498
2015-07-04,59.225
2015-07-05,60.385998
2015-07-06,57.473
2015-07-07,55.802998
2015-07-08,52.6615
2015-07-09,75.116
2015-07-10,60.0415
2015-07-11,52.4815
2015-07-12,56.701
2015-07-13,66.8945
2015-07-14,71.839
2015-07-15,68.463
2015-07-16,60.3575
2015-07-17,58.2765
2015-07-18,56.697
2015-07-19,58.878498
2015-07-20,61.361
2015-07-21,55.0295
2015-07-22,52.5895
2015-07-23,53.54
2015-07-24,60.624
2015-07-25,44.499
2015-07-26,70.584
2015-07-27,67.348495
2015-07-28,66.86
2015-07-29,60.5135
2015-07-30,69.994995
2015-07-31,70.8545
2015-08-01,59.452
2015-08-02,61.1625
2015-08-03,66.626
2015-08-04,70.2615
2015-08-05,62.711998
2015-08-06,63.496502
2015-08-07,54.969997
2015-08-08,55.402
2015-08-09,55.7775
2015-08-10,47.4935
2015-08-11,40.1005
2015-08-12,47.643997
2015-08-13,46.1935
2015-08-14,58.2875
2015-08-15,58.7855
2015-08-16,61.732
2015-08-17,83.2205
2015-08-18,88.2135
2015-08-19,79.329
2015-08-20,80.829
2015-08-21,86.104004
2015-08-22,85.49
2015-08-23,75.515
2015-08-24,69.567
2015-08-25,64.654
2015-08-26,71.878
2015-08-27,57.852997
2015-08-28,46.906
2015-08-29,56.67
2015-08-30,57.1335
2015-08-31,55.568
2015-09-01,54.878
2015-09-02,53.934
2015-09-03,65.569496
2015-09-04,67.584
2015-09-05,78.347
2015-09-06,75.411995
2015-09-07,63.079
2015-09-08,68.737495
2015-09-09,64.1135
2015-09-10,90.87312
2015-09-11,87.83111
2015-09-12,84.184
2015-09-13,77.2545
2015-09-14,68.476
2015-09-15,55.615997
2015-09-16,59.0025
2015-09-17,58.9435
2015-09-18,57.792
2015-09-19,63.589
2015-09-20,88.17368
2015-09-21,77.7315
2015-09-22,75.132996
2015-09-23,73.1565
2015-09-24,77.536995
2015-09-25,89.92111
2015-09-26,92.69643
2015-09-27,90.4595
2015-09-28,88.3455
2015-09-29,87.2525
2015-09-30,78.284996
2015-10-01,74.473495
2015-10-02,80.829475
2015-10-03,78.4085
2015-10-04,78.3825
2015-10-05,88.826
2015-10-06,90.07176
2015-10-07,87.44
2015-10-08,91.95375
2015-10-09,88.771576
2015-10-10,89.634
2015-10-11,89.0755
2015-10-12,91.72833
2015-10-13,85.416504
2015-10-14,79.5885
2015-10-15,79.8925
2015-10-16,82.24316
2015-10-17,92.121254
2015-10-18,90.734116
2015-10-19,90.35889
2015-10-20,93.69909
2015-10-21,89.65
2015-10-22,93.8475
2015-10-23,90.808464
2015-10-24,83.49158
2015-10-25,79.0335
2015-10-26,78.085495
2015-10-27,87.7165
2015-10-28,86.301
2015-10-29,74.654495
2015-10-30,84.7075
2015-10-31,72.618
2015-11-01,69.0435
2015-11-02,70.774
2015-11-03,73.9485
2015-11-04,63.7835
2015-11-05,70.934
2015-11-06,87.02842
2015-11-07,91.347694
2015-11-08,89.443
2015-11-09,88.0985
2015-11-10,84.9975
2015-11-11,83.2715
2015-11-12,82.36579
2015-11-13,84.5535
2015-11-14,81.409996
2015-11-15,75.69
2015-11-16,77.1715
2015-11-17,76.5735
2015-11-18,79.449
2015-11-19,72.1775
2015-11-20,69.4485
2015-11-21,83.766
2015-11-22,91.255
2015-11-23,86.55
2015-11-24,90.6325
2015-11-25,90.37
2015-11-26,89.3047
2015-11-27,89.1
2015-11-28,90.82
2015-11-29,84.322
2015-11-30,80.8115
2015-12-01,75.834
2015-12-02,82.2265
2015-12-03,87.24579
2015-12-04,87.96667
2015-12-05,92.18562
2015-12-06,87.27556
2015-12-07,89.48312
2015-12-08,84.486664
2015-12-09,90.524704
2015-12-10,90.75266
2015-12-11,89.4015
2015-12-12,85.4525
2015-12-13,87.7575
2015-12-14,88.55187
2015-12-15,88.13438
2015-12-16,89.61667
2015-12-17,86.84534
2015-12-18,84.8575
2015-12-19,84.3675
2015-12-20,87.204704
2015-12-21,92.04813
2015-12-22,88.189415
2015-12-23,83.534996
2015-12-24,90.878746
2015-12-25,91.888336
2015-12-26,88.05167
2015-12-27,87.950584
2015-12-28,88.66154
2015-12-29,83.6995
2015-12-30,73.021996
2015-12-31,63.2015
2016-01-01,72.9335
2016-01-02,75.992
2016-01-03,74.7525
2016-01-04,78.001
2016-01-05,87.62333
2016-01-06,89.39316
2016-01-07,89.381996
2016-01-08,89.38895
2016-01-09,82.4235
2016-01-10,91.372856
2016-01-11,83.158
2016-01-12,87.124115
2016-01-13,83.549
2016-01-14,82.0225
2016-01-15,89.832634
2016-01-16,89.91684
2016-01-17,83.2965
2016-01-18,77.7665
2016-01-19,74.3125
2016-01-20,79.0335
2016-01-21,86.730995
2016-01-22,83.7355
2016-01-23,78.902
2016-01-24,84.8545
2016-01-25,84.585
2016-01-26,93.4925
2016-01-27,91.8
2016-01-28,90.485
2016-01-29,91.373
2016-01-30,85.016
2016-01-31,81.0975
2016-02-01,91.629234
2016-02-02,88.49105
2016-02-03,84.76
2016-02-04,89.38842
2016-02-05,87.2345
2016-02-06,82.034996
2016-02-07,72.4635
2016-02-08,71.9745
2016-02-09,79.348
2016-02-10,82.436844
2016-02-11,79.613
2016-02-12,70.3715
2016-02-13,86.159
2016-02-14,79.1315
2016-02-15,86.115
2016-02-16,89.28769
2016-02-17,79.352
2016-02-18,77.6045
2016-02-19,86.039
2016-02-20,82.891
2016-02-21,86.810524
2016-02-22,73.727
2016-02-23,82.45579
2016-02-24,86.8915
2016-02-25,78.181
2016-02-26,88.54667
2016-02-27,80.77
2016-02-28,77.168
2016-02-29,81.2245
2016-03-01,88.350525
2016-03-02,85.347
2016-03-03,79.319
2016-03-04,88.64778
2016-03-05,84.157776
2016-03-06,84.402
2016-03-07,90.13824
2016-03-08,85.99842
2016-03-09,84.012
2016-03-10,89.01421
2016-03-11,85.612
2016-03-12,83.8365
2016-03-13,75.489
2016-03-14,70.821
2016-03-15,79.81105
2016-03-16,64.1445
2016-03-17,59.837997
2016-03-18,66.6245
2016-03-19,55.024498
2016-03-20,57.4185
2016-03-21,67.377
2016-03-22,85.90947
2016-03-23,89.93625
2016-03-24,73.936
2016-03-25,64.8225
2016-03-26,73.020996
2016-03-27,81.251495
2016-03-28,70.7575
2016-03-29,77.4135
2016-03-30,67.7515
2016-03-31,62.844498
2016-04-01,58.509
2016-04-02,56.04
2016-04-03,54.631
2016-04-04,59.2485
2016-04-05,61.004
2016-04-06,61.746
2016-04-07,62.8065
2016-04-08,69.338
2016-04-09,85.1465
2016-04-10,88.7515
2016-04-11,78.2995
2016-04-12,67.1495
2016-04-13,62.851997
2016-04-14,75.980995
2016-04-15,65.736
2016-04-16,56.560497
2016-04-17,54.2355
2016-04-18,59.2785
2016-04-19,65.4225
2016-04-20,57.593998
2016-04-21,55.3215
2016-04-22,46.666
2016-04-23,53.419
2016-04-24,85.816315
2016-04-25,88.84412
2016-04-26,68.7675
2016-04-27,45.467
2016-04-28,65.698
2016-04-29,91.00389
2016-04-30,82.092
2016-05-01,71.0775
2016-05-02,73.6
2016-05-03,81.968
2016-05-04,78.029495
2016-05-05,75.2985
2016-05-06,67.7965
2016-05-07,67.987
2016-05-08,73.657
2016-05-09,69.654
2016-05-10,65.828995
2016-05-11,77.344
2016-05-12,68.8805
2016-05-13,73.951996
2016-05-14,83.025
2016-05-15,85.04842
2016-05-16,76.9845
2016-05-17,68.849
2016-05-18,69.3885
2016-05-19,67.549995
2016-05-20,71.669495
2016-05-21,68.649
2016-05-22,67.091995
2016-05-23,62.0935
2016-05-24,74.257996
2016-05-25,84.006
2016-05-26,72.0925
2016-05-27,72.9125
2016-05-28,67.5585
2016-05-29,65.7745
2016-05-30,75.8875
2016-05-31,68.9715
2016-06-01,78.5395
2016-06-02,88.83471
2016-06-03,83.404495
2016-06-04,81.076996
2016-06-05,79.2575
2016-06-06,73.8175
2016-06-07,64.2635
2016-06-08,62.2585
2016-06-09,62.899498
2016-06-10,74.958496
2016-06-11,78.065
2016-06-12,85.04
2016-06-13,92.718
2016-06-14,90.354
2016-06-15,81.437
2016-06-16,65.71
2016-06-17,61.3215
2016-06-18,69.018
2016-06-19,77.816
2016-06-20,78.0715
2016-06-21,83.983
2016-06-22,77.449
2016-06-23,75.648
2016-06-24,67.465
2016-06-25,69.416
2016-06-26,66.639
2016-06-27,79.628
2016-06-28,86.624
2016-06-29,75.124
2016-06-30,72.277
2016-07-01,73.7325
2016-07-02,73.5555
2016-07-03,75.926
2016-07-04,62.6725
2016-07-05,63.5305
2016-07-06,65.123
2016-07-07,51.749
2016-07-08,53.3705
2016-07-09,66.5685
2016-07-10,62.5625
2016-07-11,58.2285
2016-07-12,54.151497
2016-07-13,53.793
2016-07-14,80.2745
2016-07-15,75.083496
2016-07-16,84.304
2016-07-17,91.67733
2016-07-18,77.753
2016-07-19,75.866
2016-07-20,75.3965
2016-07-21,67.679
2016-07-22,71.388
2016-07-23,70.506996
2016-07-24,70.590996
2016-07-25,71.028496
2016-07-26,82.1895
2016-07-27,79.4165
2016-07-28,79.2625
2016-07-29,84.4195
2016-07-30,73.373
2016-07-31,69.8295
2016-08-01,73.0235
2016-08-02,83.154
2016-08-03,71.2615
2016-08-04,73.544
2016-08-05,62.6
2016-08-06,78.495
2016-08-07,70.349
2016-08-08,74.5075
2016-08-09,73.174995
2016-08-10,70.834496
2016-08-11,87.392
2016-08-12,71.728
2016-08-13,65.409
2016-08-14,68.640495
2016-08-15,68.333
2016-08-16,62.5615
2016-08-17,79.934
2016-08-18,76.9755
2016-08-19,67.7305
2016-08-20,68.8385
2016-08-21,65.611496
2016-08-22,90.83235
2016-08-23,84.2205
2016-08-24,76.2135
2016-08-25,71.1835
2016-08-26,65.018
2016-08-27,63.170498
2016-08-28,65.118
2016-08-29,59.385
2016-08-30,68.4855
2016-08-31,57.658
2016-09-01,67.306
2016-09-02,64.875
2016-09-03,62.598
2016-09-04,59.503998
2016-09-05,79.0785
2016-09-06,84.3755
2016-09-07,68.4295
2016-09-08,70.8295
2016-09-09,67.2565
2016-09-10,66.529
2016-09-11,64.1215
2016-09-12,63.003998
2016-09-13,70.872
2016-09-14,66.7625
2016-09-15,67.805
2016-09-16,66.412994
2016-09-17,67.9755
2016-09-18,68.125496
2016-09-19,86.7555
2016-09-20,84.8725
2016-09-21,73.169495
2016-09-22,77.545
2016-09-23,69.862
2016-09-24,72.0555
2016-09-25,75.5535
2016-09-26,69.836
2016-09-27,70.132996
2016-09-28,69.2405
2016-09-29,67.68
2016-09-30,63.71
2016-10-01,65.4635
2016-10-02,61.018497
2016-10-03,87.79
2016-10-04,87.34052
2016-10-05,81.39
2016-10-06,83.361
2016-10-07,90.326
2016-10-08,84.1955
2016-10-09,84.7015
2016-10-10,84.0445
2016-10-11,90.47421
2016-10-12,91.89733
2016-10-13,83.2725
2016-10-14,81.7955
2016-10-15,76.336
2016-10-16,89.75667
2016-10-17,87.386
2016-10-18,73.948
2016-10-19,85.892
2016-10-20,73.4715
2016-10-21,87.77
2016-10-22,91.21
2016-10-23,87.41706
2016-10-24,85.3685
2016-10-25,78.2705
2016-10-26,82.1355
2016-10-27,81.5075
2016-10-28,80.942
2016-10-29,78.9295
2016-10-30,75.0935
2016-10-31,69.29211
2016-11-01,76.5795
2016-11-02,75.2705
2016-11-03,87.8565
2016-11-04,73.0365
2016-11-05,81.845
2016-11-06,82.879
2016-11-07,89.432
2016-11-08,90.68533
2016-11-09,94.522224
2016-11-10,89.82833
2016-11-11,80.484
2016-11-12,86.25235
2016-11-13,79.481575
2016-11-14,82.395996
2016-11-15,87.6345
2016-11-16,85.357895
2016-11-17,83.7065
2016-11-18,78.864
2016-11-19,67.2065
2016-11-20,77.8165
2016-11-21,81.421
2016-11-22,84.33889
2016-11-23,81.89294
2016-11-24,85.53786
2016-11-25,84.9055
2016-11-26,82.7645
2016-11-27,88.3325
2016-11-28,81.2295
2016-11-29,84.5365
2016-11-30,81.1225
2016-12-01,83.255
2016-12-02,72.916
2016-12-03,78.108
2016-12-04,82.4495
2016-12-05,77.4395
2016-12-06,85.8055
2016-12-07,87.4545
2016-12-08,73.0905
2016-12-09,79.31
2016-12-10,83.731575
2016-12-11,80.104
2016-12-12,83.223
2016-12-13,65.833
2016-12-14,68.3385
2016-12-15,84.829475
2016-12-16,87.368
2016-12-17,84.98579
2016-12-18,87.38944
2016-12-19,84.3415
2016-12-20,82.92944
2016-12-21,86.80706
2016-12-22,86.499374
2016-12-23,86.85
2016-12-24,90.52267
2016-12-25,90.02182
2016-12-26,92.71
2016-12-27,76.02
2016-12-28,72.340996
2016-12-29,75.283
2016-12-30,74.5765
2016-12-31,79.264496
2017-01-01,80.695
2017-01-02,77.6635
2017-01-03,85.778
2017-01-04,84.82445
2017-01-05,85.6035
2017-01-06,71.63
2017-01-07,62.4655
2017-01-08,59.644497
2017-01-09,76.178
2017-01-10,84.097496
2017-01-11,82.713
2017-01-12,80.742
2017-01-13,79.5345
2017-01-14,91.61615
2017-01-15,89.60889
2017-01-16,89.731766
2017-01-17,80.098
2017-01-18,84.4035
2017-01-19,77.0715
2017-01-20,78.863
2017-01-21,86.7625
2017-01-22,84.66526
2017-01-23,82.5665
2017-01-24,85.0725
2017-01-25,88.377365
2017-01-26,85.97053
2017-01-27,81.0315
2017-01-28,84.6435
2017-01-29,82.3935
2017-01-30,74.876
2017-01-31,76.0175
2017-02-01,75.5485
2017-02-02,81.001495
2017-02-03,81.661575
2017-02-04,88.479996
2017-02-05,88.45941
2017-02-06,87.69369
2017-02-07,94.475
2017-02-08,93.05143
2017-02-09,84.182
2017-02-10,77.8185
2017-02-11,84.928
2017-02-12,85.914734
2017-02-13,84.4485
2017-02-14,84.363
2017-02-15,82.68842
2017-02-16,77.9115
2017-02-17,80.9775
2017-02-18,88.59
2017-02-19,89.757996
2017-02-20,92.36363
2017-02-21,86.6015
2017-02-22,77.8025
2017-02-23,71.4825
2017-02-24,68.2695
2017-02-25,71.4695
2017-02-26,68.0455
2017-02-27,71.2
2017-02-28,67.366
2017-03-01,83.2025
2017-03-02,72.2215
2017-03-03,55.9015
2017-03-04,57.2905
2017-03-05,47.208
2017-03-06,77.395996
2017-03-07,79.359
2017-03-08,87.045
2017-03-09,86.778336
2017-03-10,84.6
2017-03-11,72.503494
2017-03-12,78.056
2017-03-13,82.389
2017-03-14,77.768
2017-03-15,65.8815
2017-03-16,58.882
2017-03-17,54.056
2017-03-18,70.4595
2017-03-19,67.901
2017-03-20,73.626495
2017-03-21,69.052
2017-03-22,53.670998
2017-03-23,58.039497
2017-03-24,56.424
2017-03-25,56.4895
2017-03-26,69.1645
2017-03-27,52.8325
2017-03-28,49.779
2017-03-29,53.704
2017-03-30,58.405
2017-03-31,62.428997
2017-04-01,58.147
2017-04-02,44.283
2017-04-03,40.759
2017-04-04,68.8865
2017-04-05,80.7635
2017-04-06,87.5879
2017-04-07,75.053
2017-04-08,79.515
2017-04-09,64.95
2017-04-10,62.7095
2017-04-11,62.274
2017-04-12,57.5895
2017-04-13,60.837997
2017-04-14,60.357
2017-04-15,60.3075
2017-04-16,70.3565
2017-04-17,70.9815
2017-04-18,66.6565
2017-04-19,87.4625
2017-04-20,85.13421
2017-04-21,68.106
2017-04-22,68.8345
2017-04-23,78.557495
2017-04-24,63.233498
2017-04-25,56.266
2017-04-26,52.295498
2017-04-27,57.655
2017-04-28,54.447998
2017-04-29,83.958496
2017-04-30,80.5965
2017-05-01,77.9025
2017-05-02,62.857
2017-05-03,60.957
2017-05-04,85.459
2017-05-05,84.8915
2017-05-06,84.52333
2017-05-07,89.11882
2017-05-08,85.68
2017-05-09,70.926
2017-05-10,54.2595
2017-05-11,55.997498
2017-05-12,78.473495
2017-05-13,89.60294
2017-05-14,81.859
2017-05-15,61.7565
2017-05-16,72.8465
2017-05-17,71.598
2017-05-18,66.6615
2017-05-19,57.5725
2017-05-20,62.0145
2017-05-21,72.678
2017-05-22,69.8585
2017-05-23,69.8155
2017-05-24,80.5275
2017-05-25,74.5715
2017-05-26,75.750496
2017-05-27,69.118996
2017-05-28,66.983
2017-05-29,55.9195
2017-05-30,58.949
2017-05-31,62.8
2017-06-01,67.737
2017-06-02,55.157497
2017-06-03,61.764
2017-06-04,61.9675
2017-06-05,75.9015
2017-06-06,74.4945
2017-06-07,85.256996
2017-06-08,75.6385
2017-06-09,66.232
2017-06-10,66.4695
2017-06-11,79.173996
2017-06-12,72.0885
2017-06-13,61.661
2017-06-14,61.577
2017-06-15,61.348
2017-06-16,60.5295
2017-06-17,78.437
2017-06-18,83.189
2017-06-19,68.8865
2017-06-20,61.5545
2017-06-21,64.626
2017-06-22,58.4115
2017-06-23,64.3265
2017-06-24,60.642
2017-06-25,60.044
2017-06-26,78.068
2017-06-27,71.5915
2017-06-28,63.529
2017-06-29,64.6275
2017-06-30,55.456497
2017-07-01,71.292496
2017-07-02,67.0965
2017-07-03,71.298
2017-07-04,59.447998
2017-07-05,53.934498
2017-07-06,59.739
2017-07-07,59.2795
2017-07-08,70.209
2017-07-09,61.927998
2017-07-10,59.062
2017-07-11,57.5565
2017-07-12,65.2575
2017-07-13,61.4785
2017-07-14,54.176
2017-07-15,68.169
2017-07-16,70.5365
2017-07-17,60.6015
2017-07-18,53.483997
2017-07-19,56.129498
2017-07-20,50.631996
2017-07-21,54.668
2017-07-22,58.949497
2017-07-23,61.6325
2017-07-24,59.822998
2017-07-25,84.097
2017-07-26,68.8365
2017-07-27,72.9935
2017-07-28,69.138
2017-07-29,59.9665
2017-07-30,57.129498
2017-07-31,50.872498
2017-08-01,57.931
2017-08-02,48.143497
2017-08-03,54.331997
2017-08-04,50.3335
2017-08-05,52.84
2017-08-06,50.7855
2017-08-07,87.9495
2017-08-08,72.944496
2017-08-09,66.842
2017-08-10,58.3405
2017-08-11,52.34
2017-08-12,62.7905
2017-08-13,89.30941
2017-08-14,71.6505
2017-08-15,70.6995
2017-08-16,67.1125
2017-08-17,62.983498
2017-08-18,63.761497
2017-08-19,49.163498
2017-08-20,81.0195
2017-08-21,70.5875
2017-08-22,63.8115
2017-08-23,64.7
2017-08-24,56.4615
2017-08-25,50.1875
2017-08-26,47.413
2017-08-27,48.07
2017-08-28,52.006
2017-08-29,63.359497
2017-08-30,61.503498
2017-08-31,61.1185
2017-09-01,45.728
2017-09-02,66.849
2017-09-03,88.11235
2017-09-04,81.321
2017-09-05,73.129
2017-09-06,67.39
2017-09-07,61.017998
2017-09-08,67.709
2017-09-09,73.0745
2017-09-10,66.787
2017-09-11,46.1805
2017-09-12,81.2205
2017-09-13,75.4965
2017-09-14,57.3495
2017-09-15,57.094997
2017-09-16,53.2135
2017-09-17,71.300995
2017-09-18,66.07
2017-09-19,67.2625
2017-09-20,89.3675
2017-09-21,92.10375
2017-09-22,87.028
2017-09-23,81.7865
2017-09-24,83.746
2017-09-25,84.9485
2017-09-26,80.849
2017-09-27,65.503
2017-09-28,67.390495
2017-09-29,58.1685
2017-09-30,68.758995
2017-10-01,73.639496
2017-10-02,70.601
2017-10-03,59.926
2017-10-04,73.2295
2017-10-05,71.489
2017-10-06,75.0445
2017-10-07,85.841576
2017-10-08,76.697
2017-10-09,73.8265
2017-10-10,70.8355
2017-10-11,73.3745
2017-10-12,66.4965
2017-10-13,69.132996
2017-10-14,71.783
2017-10-15,74.705
2017-10-16,68.833
2017-10-17,70.3705
2017-10-18,73.190994
2017-10-19,63.507
2017-10-20,68.1995
2017-10-21,77.098495
2017-10-22,80.754
2017-10-23,92.67667
2017-10-24,90.734665
2017-10-25,86.5205
2017-10-26,84.171
2017-10-27,83.712
2017-10-28,84.9845
2017-10-29,73.196
2017-10-30,59.552498
2017-10-31,71.7895
2017-11-01,79.428
2017-11-02,68.9435
2017-11-03,85.0915
2017-11-04,87.38263
2017-11-05,79.6805
2017-11-06,77.4875
2017-11-07,79.997
2017-11-08,84.8135
2017-11-09,93.27917
2017-11-10,90.989334
2017-11-11,83.094
2017-11-12,84.159996
2017-11-13,88.419334
2017-11-14,90.11706
2017-11-15,87.98
2017-11-16,86.84
2017-11-17,91.694374
2017-11-18,94.55333
2017-11-19,88.92294
2017-11-20,89.24117
2017-11-21,87.3995
2017-11-22,89.58647
2017-11-23,85.50389
2017-11-24,86.922
2017-11-25,86.38412
2017-11-26,93.457146
2017-11-27,88.10222
2017-11-28,90.808334
2017-11-29,77.756
2017-11-30,87.378
2017-12-01,89.257645
2017-12-02,86.183525
2017-12-03,90.17917
2017-12-04,85.662
2017-12-05,82.4405
2017-12-06,83.94
2017-12-07,85.477
2017-12-08,70.806
2017-12-09,87.27579
2017-12-10,80.033
2017-12-11,69.0595
2017-12-12,71.1015
2017-12-13,89.755295
2017-12-14,88.82105
2017-12-15,81.976
2017-12-16,90.795265
2017-12-17,89.712776
2017-12-18,83.227
2017-12-19,81.6355
2017-12-20,84.756
2017-12-21,87.02277
2017-12-22,91.520004
2017-12-23,91.28375
2017-12-24,87.617226
2017-12-25,83.04611
2017-12-26,78.41947
2017-12-27,78.4375
2017-12-28,69.682
2017-12-29,90.1705
2017-12-30,80.555
2017-12-31,82.4025
2018-01-01,91.02278
2018-01-02,89.77308
2018-01-03,84.8415
2018-01-04,93.165
2018-01-05,90.26947
2018-01-06,72.3165
2018-01-07,77.4945
2018-01-08,78.910995
2018-01-09,81.15737
2018-01-10,81.159996
2018-01-11,89.54316
2018-01-12,92.11059
2018-01-13,82.6475
2018-01-14,73.112
2018-01-15,81.520996
2018-01-16,86.72941
2018-01-17,93.561424
2018-01-18,73.652
2018-01-19,79.544
2018-01-20,88.42944
2018-01-21,89.932304
2018-01-22,80.3925
2018-01-23,82.6385
2018-01-24,79.0775
2018-01-25,71.028496
2018-01-26,65.203
2018-01-27,54.9505
2018-01-28,87.56778
2018-01-29,89.22929
2018-01-30,69.3175
2018-01-31,74.2475
2018-02-01,54.2025
2018-02-02,75.5275
2018-02-03,92.59
2018-02-04,86.6065
2018-02-05,86.189476
2018-02-06,84.68316
2018-02-07,68.736496
2018-02-08,91.833
2018-02-09,86.32842
2018-02-10,87.574
2018-02-11,83.0805
2018-02-12,77.111
2018-02-13,91.61948
2018-02-14,90.940834
2018-02-15,90.541336
2018-02-16,87.992775
2018-02-17,83.6695
2018-02-18,80.8975
2018-02-19,63.4125
2018-02-20,79.441
2018-02-21,91.41
2018-02-22,74.8155
2018-02-23,83.5925
2018-02-24,66.887
2018-02-25,51.164497
2018-02-26,58.039
2018-02-27,84.64
2018-02-28,69.983
2018-03-01,63.887
2018-03-02,85.046
2018-03-03,84.63947
2018-03-04,65.5215
2018-03-05,62.929497
2018-03-06,88.468
2018-03-07,91.29818
2018-03-08,90.39
2018-03-09,86.92
2018-03-10,77.9405
2018-03-11,74.556
2018-03-12,78.019
2018-03-13,78.846
2018-03-14,78.256996
2018-03-15,82.649
2018-03-16,91.069336
2018-03-17,89.2055
2018-03-18,87.745
2018-03-19,88.03125
2018-03-20,87.54176
2018-03-21,78.0135
2018-03-22,69.6525
2018-03-23,81.906
2018-03-24,83.3125
2018-03-25,70.881
2018-03-26,79.0245
2018-03-27,83.2355
2018-03-28,76.694496
2018-03-29,79.3495
2018-03-30,82.597
2018-03-31,74.208
2018-04-01,89.85625
2018-04-02,69.397
2018-04-03,61.204998
2018-04-04,48.4315
2018-04-05,68.186
2018-04-06,84.071
2018-04-07,75.9965
2018-04-08,68.7705
2018-04-09,59.849
2018-04-10,62.0555
2018-04-11,63.853
2018-04-12,61.998
2018-04-13,58.206497
2018-04-14,61.077
2018-04-15,61.3
2018-04-16,65.726
2018-04-17,82.124
2018-04-18,57.324497
2018-04-19,52.392498
2018-04-20,48.6895
2018-04-21,51.8205
2018-04-22,59.6675
2018-04-23,56.335
2018-04-24,77.669
2018-04-25,65.189995
2018-04-26,58.642498
2018-04-27,65.865
2018-04-28,55.277
2018-04-29,62.587498
2018-04-30,60.887
2018-05-01,57.955498
2018-05-02,55.190998
2018-05-03,45.016
2018-05-04,52.5275
2018-05-05,65.1425
2018-05-06,55.941498
2018-05-07,56.848
2018-05-08,69.1415
2018-05-09,70.678
2018-05-10,67.512
2018-05-11,65.2765
2018-05-12,48.674
2018-05-13,62.07
2018-05-14,58.1195
2018-05-15,80.863
2018-05-16,89.751175
2018-05-17,64.439
2018-05-18,77.2845
2018-05-19,79.4505
2018-05-20,70.3845
2018-05-21,74.154
2018-05-22,77.379
2018-05-23,71.5335
2018-05-24,75.53
2018-05-25,78.1455
2018-05-26,75.2905
2018-05-27,77.48842
2018-05-28,75.042496
2018-05-29,57.3845
2018-05-30,61.823997
2018-05-31,66.11
2018-06-01,59.785
2018-06-02,74.909996
2018-06-03,81.3735
2018-06-04,69.381
2018-06-05,66.737495
2018-06-06,66.229996
2018-06-07,62.2445
2018-06-08,64.979
2018-06-09,80.897
2018-06-10,80.96
2018-06-11,80.918
2018-06-12,71.616
2018-06-13,84.38353
2018-06-14,91.01765
2018-06-15,81.371
2018-06-16,79.976
2018-06-17,80.247
2018-06-18,89.32111
2018-06-19,82.855
2018-06-20,75.3935
2018-06-21,73.4355
2018-06-22,82.7225
2018-06-23,76.233
2018-06-24,72.221
2018-06-25,66.255
2018-06-26,53.253998
2018-06-27,85.4015
2018-06-28,85.16368
2018-06-29,89.57176
2018-06-30,73.269
2018-07-01,76.344
2018-07-02,71.980995
2018-07-03,68.542
2018-07-04,69.156
2018-07-05,66.0195
2018-07-06,65.215996
2018-07-07,84.5075
2018-07-08,78.55
2018-07-09,90.186844
2018-07-10,83.1425
2018-07-11,76.113
2018-07-12,74.6575
2018-07-13,68.3485
2018-07-14,71.017
2018-07-15,73.8065
2018-07-16,72.6525
2018-07-17,71.019
2018-07-18,78.347496
2018-07-19,86.6585
2018-07-20,86.909996
2018-07-21,75.712
2018-07-22,80.435
2018-07-23,89.935
2018-07-24,78.743
2018-07-25,76.475
2018-07-26,75.001495
2018-07-27,81.8835
2018-07-28,89.32263
2018-07-29,82.893
2018-07-30,78.154
2018-07-31,84.266
2018-08-01,79.132996
2018-08-02,76.673996
2018-08-03,65.3535
2018-08-04,67.0905
2018-08-05,56.734
2018-08-06,65.9515
2018-08-07,60.1135
2018-08-08,65.7525
2018-08-09,65.8625
2018-08-10,63.130997
2018-08-11,58.5705
2018-08-12,63.833
2018-08-13,56.6605
2018-08-14,47.552
2018-08-15,82.4465
2018-08-16,73.325
2018-08-17,69.073
2018-08-18,64.4115
2018-08-19,60.932
2018-08-20,57.9915
2018-08-21,58.496
2018-08-22,61.1135
2018-08-23,70.508995
2018-08-24,60.332497
2018-08-25,53.2785
2018-08-26,87.9215
2018-08-27,78.2815
2018-08-28,71.843
2018-08-29,67.746
2018-08-30,67.2735
2018-08-31,69.0795
2018-09-01,55.6805
2018-09-02,56.129997
2018-09-03,61.122498
2018-09-04,84.847496
2018-09-05,86.0265
2018-09-06,84.7585
2018-09-07,82.3035
2018-09-08,76.2425
2018-09-09,71.445496
2018-09-10,74.6245
2018-09-11,69.766495
2018-09-12,65.0045
2018-09-13,66.8605
2018-09-14,56.698498
2018-09-15,71.9145
2018-09-16,60.6515
2018-09-17,59.1325
2018-09-18,64.35
2018-09-19,64.9515
2018-09-20,63.1375
2018-09-21,64.6205
2018-09-22,74.110504
2018-09-23,70.7535
2018-09-24,76.3015
2018-09-25,67.839
2018-09-26,67.014
2018-09-27,59.5605
2018-09-28,62.8905
2018-09-29,70.258995
2018-09-30,73.05
2018-10-01,83.943
2018-10-02,89.39278
2018-10-03,73.7065
2018-10-04,71.436
2018-10-05,64.998
2018-10-06,59.161
2018-10-07,61.721497
2018-10-08,74.323
2018-10-09,73.275
2018-10-10,69.3095
2018-10-11,67.7495
2018-10-12,63.149
2018-10-13,67.453
2018-10-14,57.8005
2018-10-15,50.178497
2018-10-16,60.6685
2018-10-17,50.666
2018-10-18,59.6045
2018-10-19,76.9345
2018-10-20,82.035995
2018-10-21,83.5915
2018-10-22,84.66167
2018-10-23,78.6455
2018-10-24,63.1535
2018-10-25,77.259
2018-10-26,71.0445
2018-10-27,68.085
2018-10-28,52.36
2018-10-29,74.421
2018-10-30,80.451
2018-10-31,67.006
2018-11-01,79.088
2018-11-02,75.8505
2018-11-03,64.4055
2018-11-04,76.29
2018-11-05,79.295
2018-11-06,85.27611
2018-11-07,84.858
2018-11-08,75.4825
2018-11-09,77.9775
2018-11-10,86.72833
2018-11-11,77.5815
2018-11-12,57.415
2018-11-13,54.916
2018-11-14,65.1505
2018-11-15,69.137
2018-11-16,67.006
2018-11-17,56.8475
2018-11-18,67.3435
2018-11-19,83.807335
2018-11-20,77.627
2018-11-21,88.67778
2018-11-22,91.95929
2018-11-23,87.24947
2018-11-24,85.082
2018-11-25,87.488335
2018-11-26,92.07
2018-11-27,93.07285
2018-11-28,71.3685
2018-11-29,75.442
2018-11-30,78.9905
2018-12-01,85.678
2018-12-02,68.713
2018-12-03,76.4575
2018-12-04,92.15833
2018-12-05,75.1085
2018-12-06,79.869
2018-12-07,77.7665
2018-12-08,91.613335
2018-12-09,91.33583
2018-12-10,89.68353
2018-12-11,90.14421
2018-12-12,92.36063
2018-12-13,89.961876
2018-12-14,85.331
2018-12-15,92.29714
2018-12-16,93.08143
2018-12-17,91.57429
2018-12-18,87.274734
2018-12-19,91.02866
2018-12-20,90.54143
2018-12-21,90.64
2018-12-22,90.90455
2018-12-23,87.483
2018-12-24,88.50158
2018-12-25,72.508
2018-12-26,82.0945
2018-12-27,79.7245
2018-12-28,89.40385
2018-12-29,89.92944
2018-12-30,88.07
2018-12-31,92.3625
2019-01-01,91.29938
2019-01-02,83.60316
2019-01-03,78.506996
2019-01-04,86.772
2019-01-05,92.97
2019-01-06,89.325264
2019-01-07,83.378
2019-01-08,89.41
2019-01-09,92.317856
2019-01-10,89.69312
2019-01-11,86.5935
2019-01-12,90.780716
2019-01-13,92.935
2019-01-14,90.98941
2019-01-15,77.473495
2019-01-16,85.1415
2019-01-17,86.0621
2019-01-18,88.75353
2019-01-19,84.9115
2019-01-20,91.996
2019-01-21,89.05333
2019-01-22,89.7021
2019-01-23,90.84688
2019-01-24,92.40727
2019-01-25,93.11091
2019-01-26,85.40263
2019-01-27,88.75471
2019-01-28,83.200584
2019-01-29,93.24909
2019-01-30,93.24
2019-01-31,89.73067
2019-02-01,83.0945
2019-02-02,79.6275
2019-02-03,76.599495
2019-02-04,89.395004
2019-02-05,90.64846
2019-02-06,82.6045
2019-02-07,77.094
2019-02-08,89.376
2019-02-09,84.369995
2019-02-10,74.444
2019-02-11,87.6845
2019-02-12,76.4225
2019-02-13,71.771996
2019-02-14,77.8265
2019-02-15,74.252
2019-02-16,82.1105
2019-02-17,83.018425
2019-02-18,78.8055
2019-02-19,77.947
2019-02-20,73.43
2019-02-21,59.064
2019-02-22,76.207
2019-02-23,51.628
2019-02-24,57.7035
2019-02-25,54.656
2019-02-26,61.6135
2019-02-27,64.428
2019-02-28,60.740997
2019-03-01,58.0485
2019-03-02,62.64
2019-03-03,67.7355
2019-03-04,56.95
2019-03-05,52.4815
2019-03-06,61.237
2019-03-07,63.656
2019-03-08,71.567
2019-03-09,72.44
2019-03-10,61.448997
2019-03-11,64.1655
2019-03-12,61.645
2019-03-13,53.725998
2019-03-14,71.759
2019-03-15,70.834496
2019-03-16,68.973495
2019-03-17,62.059998
2019-03-18,70.2
2019-03-19,65.599
2019-03-20,56.0835
2019-03-21,50.1885
2019-03-22,58.615498
2019-03-23,44.469498
2019-03-24,51.580498
2019-03-25,58.984497
2019-03-26,57.6725
2019-03-27,49.439
2019-03-28,47.3725
2019-03-29,48.603996
2019-03-30,51.1975
2019-03-31,42.281998
2019-04-01,43.696
2019-04-02,41.8045
2019-04-03,39.767998
2019-04-04,34.67421
2019-04-05,40.914997
2019-04-06,77.298996
2019-04-07,64.7895
2019-04-08,67.184
2019-04-09,59.192997
2019-04-10,63.029
2019-04-11,69.513
2019-04-12,85.626495
2019-04-13,82.6145
2019-04-14,72.844
2019-04-15,57.613
2019-04-16,51.022
2019-04-17,75.771996
2019-04-18,61.767
2019-04-19,43.578
2019-04-20,40.144997
2019-04-21,37.85
2019-04-22,52.539497
2019-04-23,49.774498
2019-04-24,60.553997
2019-04-25,51.9675
2019-04-26,52.135998
2019-04-27,79.109
2019-04-28,93.51
2019-04-29,83.977
2019-04-30,87.61722
2019-05-01,80.942
2019-05-02,75.748
2019-05-03,66.8005
2019-05-04,85.066
2019-05-05,93.88333
2019-05-06,
2019-05-07,81.26
2019-05-08,71.246
2019-05-09,86.94684
2019-05-10,87.236
2019-05-11,70.5475
2019-05-12,50.276
2019-05-13,72.4065
2019-05-14,91.51125
2019-05-15,87.64833
2019-05-16,81.643
2019-05-17,75.057
2019-05-18,75.1525
2019-05-19,72.8125
2019-05-20,86.87
2019-05-21,81.1725
2019-05-22,87.0375
2019-05-23,86.2405
2019-05-24,88.130554
2019-05-25,80.93
2019-05-26,66.9195
2019-05-27,80.984
2019-05-28,82.2735
2019-05-29,81.9205
2019-05-30,92.721535
2019-05-31,90.136314
2019-06-01,74.548
2019-06-02,80.800995
2019-06-03,76.7695
2019-06-04,84.804
2019-06-05,83.75
2019-06-06,81.4095
2019-06-07,71.798
2019-06-08,69.2505
2019-06-09,72.378
2019-06-10,66.7055
2019-06-11,67.165
2019-06-12,69.0365
2019-06-13,60.7575
2019-06-14,61.3965
2019-06-15,63.2805
2019-06-16,69.4925
2019-06-17,80.9245
2019-06-18,80.4075
2019-06-19,83.428
2019-06-20,84.335
2019-06-21,87.361
2019-06-22,78.46
2019-06-23,81.826
2019-06-24,86.4095
2019-06-25,74.8645
2019-06-26,71.981995
2019-06-27,73.5785
2019-06-28,63.978996
2019-06-29,63.775997
2019-06-30,64.431496
2019-07-01,68.8525
2019-07-02,67.5915
2019-07-03,58.125
2019-07-04,58.1595
2019-07-05,58.587997
2019-07-06,58.6055
2019-07-07,69.653
2019-07-08,69.1325
2019-07-09,61.2995
2019-07-10,60.823997
2019-07-11,73.38
2019-07-12,63.697998
2019-07-13,77.38
2019-07-14,82.8245
2019-07-15,68.51
2019-07-16,58.753498
2019-07-17,60.815998
2019-07-18,66.764496
2019-07-19,69.17
2019-07-20,71.9155
2019-07-21,63.5
2019-07-22,72.336
2019-07-23,72.753
2019-07-24,71.0975
2019-07-25,69.9135
2019-07-26,76.0335
2019-07-27,69.581
2019-07-28,76.025
2019-07-29,85.895
2019-07-30,80.6185
2019-07-31,88.117
2019-08-01,82.7605
2019-08-02,73.805
2019-08-03,79.472
2019-08-04,69.293495
2019-08-05,65.5105
2019-08-06,65.5605
2019-08-07,61.779
2019-08-08,61.4635
2019-08-09,61.278
2019-08-10,56.98
2019-08-11,64.02
2019-08-12,59.184498
2019-08-13,55.851498
2019-08-14,91.03176
2019-08-15,76.0395
2019-08-16,67.2995
2019-08-17,63.3575
2019-08-18,69.3025
2019-08-19,52.778
2019-08-20,50.197998
2019-08-21,52.240498
2019-08-22,56.095497
2019-08-23,62.865997
2019-08-24,60.548
2019-08-25,53.8355
2019-08-26,58.503
2019-08-27,56.2115
2019-08-28,52.287
2019-08-29,47.431
2019-08-30,56.326
2019-08-31,51.104
2019-09-01,51.299
2019-09-02,27.821999
2019-09-03,83.0965
2019-09-04,69.826
2019-09-05,66.0025
2019-09-06,54.835
2019-09-07,57.718998
2019-09-08,65.335495
2019-09-09,69.3665
2019-09-10,71.6925
2019-09-11,70.9785
2019-09-12,65.168
2019-09-13,63.038998
2019-09-14,56.5965
2019-09-15,56.339
2019-09-16,51.281498
2019-09-17,62.263
2019-09-18,49.642
2019-09-19,51.878498
2019-09-20,62.0645
2019-09-21,54.0
2019-09-22,49.5975
2019-09-23,67.353
2019-09-24,68.783
2019-09-25,88.825554
2019-09-26,92.79
2019-09-27,82.266
2019-09-28,75.63
2019-09-29,76.6215
2019-09-30,67.7715
2019-10-01,67.5585
2019-10-02,47.962498
2019-10-03,91.11948
2019-10-04,80.914
2019-10-05,76.5545
2019-10-06,78.423996
2019-10-07,70.537
2019-10-08,61.240498
2019-10-09,48.621
2019-10-10,74.6025
2019-10-11,80.2985
2019-10-12,64.3565
2019-10-13,57.3905
2019-10-14,70.2305
2019-10-15,75.6205
2019-10-16,70.0085
2019-10-17,74.6935
2019-10-18,70.224
2019-10-19,59.2725
2019-10-20,53.4575
2019-10-21,66.843
2019-10-22,67.7605
2019-10-23,63.9245
2019-10-24,68.153496
2019-10-25,68.919
2019-10-26,84.444496
2019-10-27,77.776
2019-10-28,81.475
2019-10-29,75.043
2019-10-30,78.7565
2019-10-31,65.968
2019-11-01,72.126
2019-11-02,80.319496
2019-11-03,80.162
2019-11-04,74.528
2019-11-05,51.628498
2019-11-06,86.2525
2019-11-07,90.365
2019-11-08,91.61389
2019-11-09,85.8379
2019-11-10,90.2425
2019-11-11,80.2375
2019-11-12,63.6255
2019-11-13,46.822
2019-11-14,80.101
2019-11-15,81.456
2019-11-16,68.5305
2019-11-17,67.678
2019-11-18,70.54
2019-11-19,76.4855
2019-11-20,78.944496
2019-11-21,76.013504
2019-11-22,72.8925
2019-11-23,66.546
2019-11-24,67.3425
2019-11-25,78.822495
2019-11-26,80.50632
2019-11-27,87.579
2019-11-28,87.89706
2019-11-29,92.83091
2019-11-30,72.3365
2019-12-01,75.702995
2019-12-02,84.54316
2019-12-03,91.68636
2019-12-04,90.2825
2019-12-05,87.02812
2019-12-06,88.35429
2019-12-07,90.178825
2019-12-08,92.4
2019-12-09,84.073
2019-12-10,85.96737
2019-12-11,85.613
2019-12-12,91.259
2019-12-13,86.5965
2019-12-14,92.592
2019-12-15,78.018
2019-12-16,58.832
2019-12-17,49.177895
2019-12-18,62.073997
2019-12-19,77.44
2019-12-20,70.654495
2019-12-21,73.7215
2019-12-22,75.1395
2019-12-23,88.77055
2019-12-24,81.409
2019-12-25,89.32429
2019-12-26,76.85
2019-12-27,84.21316
2019-12-28,77.1755
2019-12-29,68.705
2019-12-30,77.90632
2019-12-31,80.033
2020-01-01,84.45812
2020-01-02,90.49834
2020-01-03,88.993126
2020-01-04,91.156
2020-01-05,78.890526
2020-01-06,65.7495
2020-01-07,68.4555
2020-01-08,83.683
2020-01-09,82.71316
2020-01-10,72.1085
2020-01-11,93.674
2020-01-12,94.074
2020-01-13,91.51454
2020-01-14,91.735
2020-01-15,91.41454
2020-01-16,88.72
2020-01-17,87.37
2020-01-18,88.741875
2020-01-19,91.28917
2020-01-20,90.14166
2020-01-21,88.93412
2020-01-22,81.483154
2020-01-23,68.9435
2020-01-24,75.925
2020-01-25,81.8755
2020-01-26,82.57
2020-01-27,86.64889
2020-01-28,90.81
2020-01-29,89.509445
2020-01-30,81.028496
2020-01-31,85.34
2020-02-01,87.09941
2020-02-02,82.441055
2020-02-03,82.302
2020-02-04,90.74934
2020-02-05,73.569496
2020-02-06,61.857998
2020-02-07,69.7865
2020-02-08,61.948997
2020-02-09,58.8205
2020-02-10,65.2495
2020-02-11,74.9255
2020-02-12,66.447
2020-02-13,75.931496
2020-02-14,88.4521
2020-02-15,88.4715
2020-02-16,82.6795
2020-02-17,69.326
2020-02-18,72.709
2020-02-19,71.1325
2020-02-20,88.3465
2020-02-21,87.90948
2020-02-22,75.257996
2020-02-23,62.995
2020-02-24,59.2695
2020-02-25,61.979
2020-02-26,80.777
2020-02-27,79.292
2020-02-28,93.33572
2020-02-29,86.6435
2020-03-01,66.0225
2020-03-02,75.164
2020-03-03,83.231
2020-03-04,92.975
2020-03-05,78.9095
2020-03-06,82.887
2020-03-07,87.8145
2020-03-08,85.81
2020-03-09,86.2145
2020-03-10,78.135
2020-03-11,87.03158
2020-03-12,74.6765
2020-03-13,72.961
2020-03-14,59.010498
2020-03-15,48.615997
2020-03-16,66.9385
2020-03-17,50.822
2020-03-18,58.132
2020-03-19,57.6445
2020-03-20,60.5895
2020-03-21,72.298996
2020-03-22,49.724
2020-03-23,84.3585
2020-03-24,61.316
2020-03-25,50.02
2020-03-26,45.364
2020-03-27,49.7875
2020-03-28,54.2295
2020-03-29,57.0295
2020-03-30,68.4925
2020-03-31,42.458996
2020-04-01,40.664997
2020-04-02,53.8675
2020-04-03,53.1615
2020-04-04,43.647
2020-04-05,41.591
2020-04-06,43.330997
2020-04-07,47.955997
2020-04-08,41.689
2020-04-09,47.476498
2020-04-10,44.1415
2020-04-11,42.1865
2020-04-12,48.093
2020-04-13,40.579998
2020-04-14,69.335
2020-04-15,54.686
2020-04-16,53.1905
2020-04-17,50.275497
2020-04-18,47.934498
2020-04-19,54.3665
2020-04-20,40.177498
2020-04-21,47.163498
2020-04-22,48.7165
2020-04-23,48.200497
2020-04-24,53.475
2020-04-25,53.9675
2020-04-26,56.306
2020-04-27,56.1685
2020-04-28,52.072998
2020-04-29,71.152
2020-04-30,86.36
2020-05-01,89.599335
2020-05-02,90.56834
2020-05-03,72.8935
2020-05-04,76.878
2020-05-05,77.932
2020-05-06,70.174995
2020-05-07,63.6
2020-05-08,57.517998
2020-05-09,61.211998
2020-05-10,60.065
2020-05-11,48.899498
2020-05-12,69.7705
2020-05-13,63.4485
2020-05-14,65.88
2020-05-15,66.261
2020-05-16,63.3905
2020-05-17,85.0885
2020-05-18,67.9925
2020-05-19,56.0515
2020-05-20,79.250496
2020-05-21,50.3115
2020-05-22,57.629997
2020-05-23,44.4875
2020-05-24,84.8435
2020-05-25,74.5125
2020-05-26,73.3975
2020-05-27,82.2955
2020-05-28,79.230995
2020-05-29,71.932495
2020-05-30,72.523994
2020-05-31,82.5265
2020-06-01,77.4145
2020-06-02,62.925
2020-06-03,60.437
2020-06-04,74.262
2020-06-05,63.6405
2020-06-06,76.947
2020-06-07,71.2765
2020-06-08,64.4085
2020-06-09,81.7495
2020-06-10,83.989
2020-06-11,83.354996
2020-06-12,83.4
2020-06-13,80.506
2020-06-14,75.992
2020-06-15,87.79111
2020-06-16,92.15786
2020-06-17,93.36727
2020-06-18,89.11889
2020-06-19,83.287
2020-06-20,83.876495
2020-06-21,89.64555
2020-06-22,89.47471
2020-06-23,80.4875
2020-06-24,66.338
2020-06-25,78.347496
2020-06-26,80.5355
2020-06-27,74.4045
2020-06-28,74.2115
2020-06-29,59.271
2020-06-30,70.867
2020-07-01,67.3985
2020-07-02,68.861496
2020-07-03,86.193
2020-07-04,82.1415
2020-07-05,69.569496
2020-07-06,67.406
2020-07-07,79.9055
2020-07-08,65.366
2020-07-09,65.376
2020-07-10,64.4235
2020-07-11,47.872498
2020-07-12,81.7345
2020-07-13,67.8945
2020-07-14,65.001495
2020-07-15,72.903
2020-07-16,64.313995
2020-07-17,89.86421
2020-07-18,88.65579
2020-07-19,89.212
2020-07-20,76.8995
2020-07-21,72.406
2020-07-22,74.632996
2020-07-23,79.777
2020-07-24,71.6575
2020-07-25,91.9775
2020-07-26,89.726845
2020-07-27,88.711
2020-07-28,75.143
2020-07-29,70.486
2020-07-30,78.8435
2020-07-31,64.8475
2020-08-01,60.229
2020-08-02,69.069496
2020-08-03,51.093
2020-08-04,45.887497
2020-08-05,90.164
2020-08-06,71.7895
2020-08-07,64.5655
2020-08-08,71.224
2020-08-09,70.731
2020-08-10,76.121
2020-08-11,72.019
2020-08-12,72.488495
2020-08-13,68.869
2020-08-14,64.4685
2020-08-15,83.339
2020-08-16,75.8525
2020-08-17,67.681496
2020-08-18,82.3735
2020-08-19,91.53375
2020-08-20,76.886
2020-08-21,72.5665
2020-08-22,75.472496
2020-08-23,87.5115
2020-08-24,78.264496
2020-08-25,83.038
2020-08-26,68.5075
2020-08-27,56.86
2020-08-28,70.831
2020-08-29,53.261
2020-08-30,44.3775
2020-08-31,42.7575
2020-09-01,81.186
2020-09-02,80.762
2020-09-03,79.328
2020-09-04,61.521
2020-09-05,60.434998
2020-09-06,64.4975
2020-09-07,74.1175
2020-09-08,59.872997
2020-09-09,59.36
2020-09-10,61.755497
2020-09-11,60.763
2020-09-12,68.45
2020-09-13,65.4545
2020-09-14,57.204998
2020-09-15,62.411
2020-09-16,60.4915
2020-09-17,68.7825
2020-09-18,47.6675
2020-09-19,58.063
2020-09-20,62.836
2020-09-21,63.286
2020-09-22,70.1715
2020-09-23,72.826996
2020-09-24,76.8045
2020-09-25,70.017
2020-09-26,90.73125
2020-09-27,74.9535
2020-09-28,68.846
2020-09-29,90.58222
2020-09-30,93.718
2020-10-01,92.17714
2020-10-02,76.5895
2020-10-03,62.265
2020-10-04,58.087997
2020-10-05,83.2905
2020-10-06,83.5585
2020-10-07,86.02631
2020-10-08,80.9765
2020-10-09,73.8385
2020-10-10,82.533
2020-10-11,88.62
2020-10-12,91.126114
2020-10-13,91.45
2020-10-14,76.3415
2020-10-15,80.784996
2020-10-16,90.27267
2020-10-17,91.01056
2020-10-18,84.7695
2020-10-19,75.7795
2020-10-20,73.3595
2020-10-21,62.4915
2020-10-22,67.2265
2020-10-23,66.688995
2020-10-24,84.256
2020-10-25,92.78
2020-10-26,90.10562
2020-10-27,79.405
2020-10-28,91.325264
2020-10-29,92.1775
2020-10-30,77.3805
2020-10-31,84.1475
2020-11-01,71.7375
2020-11-02,84.232
2020-11-03,89.9975
2020-11-04,93.698
2020-11-05,89.17579
2020-11-06,78.994995
2020-11-07,86.0065
2020-11-08,84.38526
2020-11-09,88.45789
2020-11-10,91.31
2020-11-11,91.61727
2020-11-12,88.905556
2020-11-13,90.43833
2020-11-14,85.387
2020-11-15,79.524
2020-11-16,83.6325
2020-11-17,91.566
2020-11-18,90.856
2020-11-19,84.2215
2020-11-20,84.44889
2020-11-21,77.8055
2020-11-22,90.44882
2020-11-23,88.89842
2020-11-24,90.82
2020-11-25,81.4185
2020-11-26,86.1425
2020-11-27,87.688126
2020-11-28,87.92375
2020-11-29,89.388664
2020-11-30,88.38944
2020-12-01,87.44063
2020-12-02,75.695496
2020-12-03,68.715996
2020-12-04,63.512497
2020-12-05,66.455
2020-12-06,56.052
2020-12-07,75.178
2020-12-08,77.5615
2020-12-09,80.5615
2020-12-10,87.9095
2020-12-11,90.81556
2020-12-12,90.02
2020-12-13,92.96667
2020-12-14,91.12688
2020-12-15,88.47294
2020-12-16,91.93562
2020-12-17,90.07
2020-12-18,92.641
2020-12-19,86.74467
2020-12-20,80.721
2020-12-21,76.177
2020-12-22,86.59631
2020-12-23,91.51
2020-12-24,86.539
2020-12-25,89.494446
2020-12-26,80.278
2020-12-27,91.15389
2020-12-28,67.837
2020-12-29,63.121
2020-12-30,79.153
2020-12-31,92.901665
2021-01-01,80.44
2021-01-02,73.677
2021-01-03,80.401054
2021-01-04,91.755
2021-01-05,87.93579
2021-01-06,81.4365
2021-01-07,84.447
2021-01-08,91.23857
2021-01-09,92.862854
2021-01-10,93.042854
2021-01-11,89.934166
2021-01-12,91.05
2021-01-13,89.98334
2021-01-14,87.82111
2021-01-15,85.751
2021-01-16,80.241
2021-01-17,86.33632
2021-01-18,80.9835
2021-01-19,86.6975
2021-01-20,89.62353
2021-01-21,77.1545
2021-01-22,80.6045
2021-01-23,72.5555
2021-01-24,78.8405
2021-01-25,88.44947
2021-01-26,90.969376
2021-01-27,88.0605
2021-01-28,78.477
2021-01-29,88.63167
2021-01-30,88.97947
2021-01-31,80.3385
2021-02-01,90.29867
2021-02-02,91.685715
2021-02-03,88.834114
2021-02-04,79.169
2021-02-05,84.22421
2021-02-06,86.047
2021-02-07,84.278885
2021-02-08,87.56834
2021-02-09,88.1345
2021-02-10,87.642944
2021-02-11,90.01187
2021-02-12,69.659996
2021-02-13,71.985
2021-02-14,81.1095
2021-02-15,77.8575
2021-02-16,77.0825
2021-02-17,76.849
2021-02-18,87.6835
2021-02-19,84.618
2021-02-20,91.07
2021-02-21,78.289
2021-02-22,79.0725
2021-02-23,72.1225
2021-02-24,81.764
2021-02-25,73.32
2021-02-26,74.044
2021-02-27,70.8895
2021-02-28,68.561
2021-03-01,72.087
2021-03-02,68.475
2021-03-03,67.325
2021-03-04,58.5865
2021-03-05,63.4305
2021-03-06,60.9565
2021-03-07,56.5785
2021-03-08,51.437996
2021-03-09,58.267998
2021-03-10,81.4225
2021-03-11,66.7565
2021-03-12,78.889
2021-03-13,77.0635
2021-03-14,76.07
2021-03-15,89.632774
2021-03-16,65.3515
2021-03-17,71.0935
2021-03-18,79.0595
2021-03-19,74.222
2021-03-20,74.133995
2021-03-21,74.556496
2021-03-22,79.702995
2021-03-23,60.534
2021-03-24,61.538498
2021-03-25,60.022
2021-03-26,56.409
2021-03-27,48.904
2021-03-28,55.074
2021-03-29,52.421997
2021-03-30,65.694
2021-03-31,63.2985
2021-04-01,64.2535
2021-04-02,68.446495
2021-04-03,78.943
2021-04-04,79.626
2021-04-05,66.853
2021-04-06,77.9925
2021-04-07,66.694496
2021-04-08,71.001495
2021-04-09,62.677498
2021-04-10,52.677
2021-04-11,50.447
2021-04-12,43.8935
2021-04-13,85.8765
2021-04-14,88.903
2021-04-15,84.707
2021-04-16,75.0885
2021-04-17,82.614
2021-04-18,88.76527
2021-04-19,84.08
2021-04-20,82.6025
2021-04-21,78.3145
2021-04-22,62.4925
2021-04-23,62.3115
2021-04-24,54.5585
2021-04-25,57.4125
2021-04-26,44.2575
2021-04-27,62.9255
2021-04-28,69.8785
2021-04-29,71.623
2021-04-30,69.5385
2021-05-01,69.0895
2021-05-02,59.1605
2021-05-03,56.6395
2021-05-04,48.776497
2021-05-05,46.9105
2021-05-06,55.782997
2021-05-07,67.2105
2021-05-08,63.98
2021-05-09,45.108997
2021-05-10,52.1885
2021-05-11,45.002
2021-05-12,61.2145
2021-05-13,82.0165
2021-05-14,78.621
2021-05-15,68.862
2021-05-16,87.073
2021-05-17,83.9095
2021-05-18,83.714005
2021-05-19,72.998
2021-05-20,86.6385
2021-05-21,68.4805
2021-05-22,67.393
2021-05-23,70.4385
2021-05-24,71.4395
2021-05-25,71.5405
2021-05-26,60.5545
2021-05-27,65.387
2021-05-28,69.167496
2021-05-29,70.5135
2021-05-30,76.9635
2021-05-31,84.959
2021-06-01,77.76
2021-06-02,68.0645
2021-06-03,60.1755
2021-06-04,57.101997
2021-06-05,66.972
2021-06-06,72.835
2021-06-07,69.1025
2021-06-08,61.400497
2021-06-09,62.1395
2021-06-10,65.297
2021-06-11,67.149
2021-06-12,65.340996
2021-06-13,72.319496
2021-06-14,68.915
2021-06-15,66.344
2021-06-16,59.3485
2021-06-17,57.678997
2021-06-18,61.659
2021-06-19,73.3955
2021-06-20,68.3665
2021-06-21,64.034996
2021-06-22,68.883995
2021-06-23,62.302
2021-06-24,63.086
2021-06-25,59.8285
2021-06-26,73.403
2021-06-27,66.045
2021-06-28,61.4505
2021-06-29,61.591
2021-06-30,62.133
2021-07-01,70.332
2021-07-02,76.3435
2021-07-03,77.5555
2021-07-04,70.4735
2021-07-05,62.1955
2021-07-06,56.5295
2021-07-07,56.621
2021-07-08,54.272
2021-07-09,44.982998
2021-07-10,64.609
2021-07-11,54.9895
2021-07-12,51.0265
2021-07-13,56.3775
2021-07-14,45.458
2021-07-15,63.373497
2021-07-16,80.525
2021-07-17,77.041
2021-07-18,70.185
2021-07-19,85.0035
2021-07-20,83.6365
2021-07-21,73.0345
2021-07-22,63.017
2021-07-23,62.555
2021-07-24,57.961998
2021-07-25,53.993
2021-07-26,58.464
2021-07-27,57.828
2021-07-28,61.282497
2021-07-29,60.342
2021-07-30,54.9025
2021-07-31,64.658
2021-08-01,60.9115
2021-08-02,65.386
2021-08-03,61.215
2021-08-04,57.177498
2021-08-05,62.482998
2021-08-06,63.958
2021-08-07,53.489
2021-08-08,49.165497
2021-08-09,61.735
2021-08-10,59.3635
2021-08-11,51.6945
2021-08-12,46.3635
2021-08-13,53.408497
2021-08-14,54.892
2021-08-15,51.875
2021-08-16,50.7665
2021-08-17,64.003
2021-08-18,65.866
2021-08-19,56.202
2021-08-20,52.858498
2021-08-21,55.954
2021-08-22,57.593
2021-08-23,49.121
2021-08-24,81.298996
2021-08-25,80.7965
2021-08-26,69.638
2021-08-27,86.359
2021-08-28,79.298996
2021-08-29,87.151
2021-08-30,79.5065
2021-08-31,73.5
2021-09-01,79.5585
2021-09-02,70.094
2021-09-03,67.632996
2021-09-04,64.583
2021-09-05,55.914497
2021-09-06,61.416996
2021-09-07,61.459
2021-09-08,55.385998
2021-09-09,63.149498
2021-09-10,67.778
2021-09-11,62.3495
2021-09-12,54.9245
2021-09-13,59.656998
2021-09-14,59.046497
2021-09-15,60.772
2021-09-16,59.542
2021-09-17,71.361496
2021-09-18,81.1645
2021-09-19,80.819
2021-09-20,85.075
2021-09-21,73.556
2021-09-22,87.012
2021-09-23,71.867
2021-09-24,66.285995
2021-09-25,71.821
2021-09-26,63.5715
2021-09-27,63.847
2021-09-28,88.9325
2021-09-29,79.173996
2021-09-30,87.885
2021-10-01,86.689
2021-10-02,77.028
2021-10-03,68.543
2021-10-04,64.986
2021-10-05,54.716
2021-10-06,58.2385
2021-10-07,59.774498
2021-10-08,73.4485
2021-10-09,85.2975
2021-10-10,68.208
2021-10-11,87.231
2021-10-12,91.518
2021-10-13,90.12294
2021-10-14,90.62294
2021-10-15,91.180504
2021-10-16,86.75684
2021-10-17,81.9575
2021-10-18,78.984
2021-10-19,73.8785
2021-10-20,76.204
2021-10-21,70.8665
2021-10-22,70.340996
2021-10-23,76.4375
2021-10-24,70.833
2021-10-25,68.933
2021-10-26,63.247498
2021-10-27,72.876495
2021-10-28,76.941
2021-10-29,62.977997
2021-10-30,67.959496
2021-10-31,79.090996
2021-11-01,78.5855
2021-11-02,85.499
2021-11-03,82.4635
2021-11-04,75.3365
2021-11-05,89.36053
2021-11-06,85.86632
2021-11-07,92.316
2021-11-08,92.292
2021-11-09,91.73334
2021-11-10,87.2665
2021-11-11,85.84631
2021-11-12,85.6755
2021-11-13,86.37334
2021-11-14,81.0385
2021-11-15,82.138
2021-11-16,82.041
2021-11-17,89.76471
2021-11-18,94.705
2021-11-19,90.419334
2021-11-20,88.947334
2021-11-21,85.03368
2021-11-22,87.247
2021-11-23,86.7775
2021-11-24,87.701
2021-11-25,77.403
2021-11-26,73.6515
2021-11-27,82.2295
2021-11-28,81.3825
2021-11-29,90.306
2021-11-30,85.2285
2021-12-01,72.845
2021-12-02,76.784
2021-12-03,90.126
2021-12-04,91.85077
2021-12-05,88.3275
2021-12-06,93.6125
2021-12-07,92.55
2021-12-08,88.553
2021-12-09,88.24842
2021-12-10,91.7
2021-12-11,92.29
2021-12-12,91.10923
2021-12-13,89.94933
2021-12-14,84.435
2021-12-15,88.932144
2021-12-16,90.89889
2021-12-17,88.59263
2021-12-18,78.917496
2021-12-19,85.201996
2021-12-20,75.41105
2021-12-21,73.837
2021-12-22,80.922
2021-12-23,75.7525
2021-12-24,79.932
2021-12-25,87.25737
2021-12-26,80.6145
2021-12-27,90.80785
2021-12-28,
2021-12-29,94.24
2021-12-30,91.59
2021-12-31,93.84143
2022-01-01,94.24
2022-01-02,93.75
2022-01-03,91.49077
2022-01-04,88.27684
2022-01-05,91.43
2022-01-06,90.36316
2022-01-07,88.270004
2022-01-08,
2022-01-09,95.16
2022-01-10,92.25143
2022-01-11,84.828995
2022-01-12,80.209
2022-01-13,91.82467
2022-01-14,94.22
2022-01-15,92.418
2022-01-16,
2022-01-17,93.29875
2022-01-18,77.0715
2022-01-19,86.169
2022-01-20,88.323685
2022-01-21,82.1545
2022-01-22,81.715
2022-01-23,70.410995
2022-01-24,68.533
2022-01-25,81.445496
2022-01-26,89.17294
2022-01-27,92.39333
2022-01-28,87.134735
2022-01-29,80.7845
2022-01-30,80.8675
2022-01-31,74.895996
2022-02-01,85.09
2022-02-02,93.89125
2022-02-03,86.3795
2022-02-04,76.823
2022-02-05,78.2295
2022-02-06,77.352
2022-02-07,83.027
2022-02-08,72.300995
2022-02-09,83.1621
2022-02-10,90.36056
2022-02-11,81.797
2022-02-12,59.8045
2022-02-13,78.609
2022-02-14,78.3925
2022-02-15,90.52368
2022-02-16,93.9
2022-02-17,87.416664
2022-02-18,59.997997
2022-02-19,63.0625
2022-02-20,70.7095
2022-02-21,90.13765
2022-02-22,87.553
2022-02-23,87.3455
2022-02-24,79.612495
2022-02-25,68.531494
2022-02-26,57.3575
2022-02-27,56.788998
2022-02-28,60.893497
2022-03-01,67.2125
2022-03-02,68.891495
2022-03-03,51.378498
2022-03-04,56.157497
2022-03-05,72.819
2022-03-06,60.3685
2022-03-07,65.153496
2022-03-08,65.8315
2022-03-09,78.091995
2022-03-10,65.7595
2022-03-11,43.282997
2022-03-12,53.8005
2022-03-13,53.0235
2022-03-14,51.082497
2022-03-15,51.377
2022-03-16,81.778496
2022-03-17,85.5505
2022-03-18,67.775
2022-03-19,50.212997
2022-03-20,55.053497
2022-03-21,52.561497
2022-03-22,44.798996
2022-03-23,40.409496
2022-03-24,41.3835
2022-03-25,51.101997
2022-03-26,48.0765
2022-03-27,40.4265
2022-03-28,42.322
2022-03-29,47.293
2022-03-30,67.203995
2022-03-31,86.4915
2022-04-01,92.42687
2022-04-02,87.51421
2022-04-03,79.687996
2022-04-04,70.514496
2022-04-05,73.222
2022-04-06,61.8905
2022-04-07,88.0875
2022-04-08,72.0965
2022-04-09,88.852356
2022-04-10,64.041
2022-04-11,62.1105
2022-04-12,53.1805
2022-04-13,54.454998
2022-04-14,54.465
2022-04-15,44.82
2022-04-16,77.993996
2022-04-17,57.579
2022-04-18,67.6975
2022-04-19,60.8705
2022-04-20,66.0185
2022-04-21,68.807
2022-04-22,72.632996
2022-04-23,92.631
2022-04-24,82.78316
2022-04-25,69.2115
2022-04-26,71.313
2022-04-27,73.8435
2022-04-28,89.66789
2022-04-29,67.0645
2022-04-30,63.658997
2022-05-01,60.5765
2022-05-02,60.6205
2022-05-03,61.1965
2022-05-04,67.578
2022-05-05,63.2705
2022-05-06,56.876
2022-05-07,68.8905
2022-05-08,67.597
2022-05-09,64.2455
2022-05-10,63.4895
2022-05-11,64.9355
2022-05-12,57.389
2022-05-13,65.7045
2022-05-14,61.5765
2022-05-15,58.749
2022-05-16,59.8885
2022-05-17,74.278496
2022-05-18,60.0365
2022-05-19,57.953
2022-05-20,50.685
2022-05-21,42.254498
2022-05-22,48.3255
2022-05-23,69.549995
2022-05-24,74.6055
2022-05-25,58.19
2022-05-26,61.0975
2022-05-27,59.9605
2022-05-28,70.285995
2022-05-29,75.5995
2022-05-30,67.4785
2022-05-31,73.36
2022-06-01,80.0795
2022-06-02,70.8275
2022-06-03,63.701
2022-06-04,87.9665
2022-06-05,75.4555
2022-06-06,62.7595
2022-06-07,68.393
2022-06-08,49.3505
2022-06-09,63.693
2022-06-10,74.409
2022-06-11,79.0275
2022-06-12,63.1765
2022-06-13,49.6465
2022-06-14,56.0895
2022-06-15,52.585
2022-06-16,47.391
2022-06-17,52.205498
2022-06-18,54.8895
2022-06-19,65.227
2022-06-20,58.2295
2022-06-21,51.1115
2022-06-22,54.538998
2022-06-23,49.197998
2022-06-24,57.8555
2022-06-25,58.266
2022-06-26,74.381996
2022-06-27,63.28
2022-06-28,54.4505
2022-06-29,59.023
2022-06-30,59.9165
2022-07-01,62.928497
2022-07-02,67.3935
2022-07-03,65.0535
2022-07-04,53.365997
2022-07-05,36.333496
2022-07-06,74.298
2022-07-07,58.8205
2022-07-08,55.4685
2022-07-09,62.5215
2022-07-10,68.413
2022-07-11,68.621
2022-07-12,69.361496
2022-07-13,53.406
2022-07-14,48.057
2022-07-15,57.017998
2022-07-16,47.774998
2022-07-17,56.6185
2022-07-18,48.66
2022-07-19,54.9685
2022-07-20,50.437
2022-07-21,45.8885
2022-07-22,45.132
2022-07-23,43.1815
2022-07-24,62.065998
2022-07-25,63.428
2022-07-26,46.636497
2022-07-27,57.5
2022-07-28,58.6875
2022-07-29,57.6205
2022-07-30,72.784
2022-07-31,84.8295
2022-08-01,71.715996
2022-08-02,65.803
2022-08-03,61.3765
2022-08-04,55.9095
2022-08-05,56.559498
2022-08-06,48.0465
2022-08-07,62.6045
2022-08-08,57.9915
2022-08-09,64.088
2022-08-10,55.2705
2022-08-11,53.240498
2022-08-12,64.893
2022-08-13,61.5445
2022-08-14,67.840996
2022-08-15,74.542496
2022-08-16,74.85
2022-08-17,69.098495
2022-08-18,70.991
2022-08-19,61.714
2022-08-20,71.027
2022-08-21,87.75
2022-08-22,86.936
2022-08-23,81.276
2022-08-24,84.62
2022-08-25,65.349
2022-08-26,66.8515
2022-08-27,64.002495
2022-08-28,55.826
2022-08-29,81.4075
2022-08-30,75.915
2022-08-31,65.375
2022-09-01,68.3015
2022-09-02,91.47294
2022-09-03,87.622
2022-09-04,78.678
2022-09-05,74.182495
2022-09-06,67.7845
2022-09-07,75.4535
2022-09-08,78.972
2022-09-09,91.843575
2022-09-10,88.063156
2022-09-11,84.416
2022-09-12,67.738
2022-09-13,63.39
2022-09-14,71.9855
2022-09-15,77.1325
2022-09-16,78.3285
2022-09-17,90.15625
2022-09-18,80.5395
2022-09-19,83.18
2022-09-20,86.884
2022-09-21,86.532
2022-09-22,79.619995
2022-09-23,83.3735
2022-09-24,76.1285
2022-09-25,60.823498
2022-09-26,92.98215
2022-09-27,89.977
2022-09-28,78.215
2022-09-29,88.04235
2022-09-30,86.51294
2022-10-01,87.109474
2022-10-02,69.273
2022-10-03,70.682495
2022-10-04,72.7315
2022-10-05,77.384
2022-10-06,70.6695
2022-10-07,73.212
2022-10-08,68.2915
2022-10-09,77.016
2022-10-10,82.6025
2022-10-11,81.2655
2022-10-12,73.4925
2022-10-13,75.824
2022-10-14,81.539
2022-10-15,78.2245
2022-10-16,71.537
2022-10-17,79.141
2022-10-18,75.368
2022-10-19,78.3995
2022-10-20,70.43
2022-10-21,70.5685
2022-10-22,70.365
2022-10-23,87.04471
2022-10-24,82.05
2022-10-25,92.378334
2022-10-26,91.42
2022-10-27,89.47632
2022-10-28,90.167145
2022-10-29,91.691666
2022-10-30,88.45778
2022-10-31,84.565
2022-11-01,75.542496
2022-11-02,86.25053
2022-11-03,89.937225
2022-11-04,71.8405
2022-11-05,90.16889
2022-11-06,88.57
2022-11-07,91.253334
2022-11-08,93.189
2022-11-09,88.755264
2022-11-10,86.2595
2022-11-11,80.405
2022-11-12,80.0855
2022-11-13,79.507774
2022-11-14,78.1845
2022-11-15,84.02631
2022-11-16,93.92
2022-11-17,89.60875
2022-11-18,91.05214
2022-11-19,73.228
2022-11-20,88.552
2022-11-21,88.647224
2022-11-22,82.784996
2022-11-23,74.5545
2022-11-24,89.20333
2022-11-25,79.713
2022-11-26,89.996666
2022-11-27,87.852104
2022-11-28,85.530556
2022-11-29,88.70579
2022-11-30,74.688
2022-12-01,85.9205
2022-12-02,86.5945
2022-12-03,80.788
2022-12-04,84.356
2022-12-05,83.454
2022-12-06,78.624
2022-12-07,82.174736
2022-12-08,81.5325
2022-12-09,88.13062
2022-12-10,90.953636
2022-12-11,87.221054
2022-12-12,79.417
2022-12-13,82.573
2022-12-14,79.5145
2022-12-15,92.16
2022-12-16,90.99636
2022-12-17,88.87
2022-12-18,78.0705
2022-12-19,77.936844
2022-12-20,70.4885
2022-12-21,63.239998
2022-12-22,74.236
2022-12-23,91.457275
2022-12-24,89.81923
2022-12-25,92.93
2022-12-26,86.381
2022-12-27,77.778496
2022-12-28,84.2625
2022-12-29,78.8625
2022-12-30,86.429
2022-12-31,92.04889
2023-01-01,79.7825
2023-01-02,86.05055
2023-01-03,93.70333
2023-01-04,88.85714
2023-01-05,88.517
2023-01-06,78.933
2023-01-07,88.69778
2023-01-08,89.21
2023-01-09,78.3775
2023-01-10,91.29158
2023-01-11,88.19278
2023-01-12,94.229996
2023-01-13,92.06357
2023-01-14,94.24
2023-01-15,85.3295
2023-01-16,88.35313
2023-01-17,85.283
2023-01-18,75.445
2023-01-19,90.304375
2023-01-20,93.988
2023-01-21,89.48133
2023-01-22,82.87111
2023-01-23,79.633
2023-01-24,84.115
2023-01-25,82.4815
2023-01-26,78.5255
2023-01-27,83.724
2023-01-28,77.347496
2023-01-29,72.524
2023-01-30,76.155
2023-01-31,78.9955
2023-02-01,85.39316
2023-02-02,80.9305
2023-02-03,84.418
2023-02-04,83.12222
2023-02-05,70.472496
2023-02-06,73.36
2023-02-07,73.726
2023-02-08,69.551
2023-02-09,77.747
2023-02-10,81.202
2023-02-11,83.438
2023-02-12,89.41
2023-02-13,84.397896
2023-02-14,83.29063
2023-02-15,83.14842
2023-02-16,85.36474
2023-02-17,90.856926
2023-02-18,86.76889
2023-02-19,87.583
2023-02-20,76.268
2023-02-21,77.918495
2023-02-22,80.802
2023-02-23,81.6335
2023-02-24,89.14263
2023-02-25,88.26647
2023-02-26,86.6695
2023-02-27,77.2075
2023-02-28,90.38722
2023-03-01,65.115
2023-03-02,72.049995
2023-03-03,73.5795
2023-03-04,76.008
2023-03-05,76.9565
2023-03-06,73.9805
2023-03-07,79.18053
2023-03-08,76.4325
2023-03-09,87.2385
2023-03-10,90.50579
2023-03-11,80.7555
2023-03-12,67.932
2023-03-13,54.341
2023-03-14,47.927998
2023-03-15,88.7935
2023-03-16,59.48
2023-03-17,65.552
2023-03-18,69.5675
2023-03-19,62.5575
2023-03-20,61.159
2023-03-21,75.0175
2023-03-22,68.506996
2023-03-23,70.694496
2023-03-24,61.893997
2023-03-25,74.958
2023-03-26,68.566
2023-03-27,87.1785
2023-03-28,65.9935
2023-03-29,60.7555
2023-03-30,67.1695
2023-03-31,87.27631
2023-04-01,83.2035
2023-04-02,80.1565
2023-04-03,82.8795
2023-04-04,73.636
2023-04-05,62.8565
2023-04-06,91.84059
2023-04-07,91.32923
2023-04-08,82.8515
2023-04-09,75.128
2023-04-10,91.675
2023-04-11,75.5355
2023-04-12,82.3275
2023-04-13,69.6745
2023-04-14,73.1185
2023-04-15,65.113
2023-04-16,62.779
2023-04-17,79.594
2023-04-18,68.5825
2023-04-19,60.267998
2023-04-20,69.598
2023-04-21,58.3565
2023-04-22,59.5205
2023-04-23,66.419
2023-04-24,81.7575
2023-04-25,94.455
2023-04-26,81.0465
2023-04-27,69.596
2023-04-28,64.763
2023-04-29,50.278
2023-04-30,75.029495
2023-05-01,61.4165
2023-05-02,46.5005
2023-05-03,59.121
2023-05-04,71.6305
2023-05-05,72.47
2023-05-06,64.610504
2023-05-07,74.3975
2023-05-08,69.304
2023-05-09,73.3395
2023-05-10,66.126
2023-05-11,63.662
2023-05-12,60.208
2023-05-13,72.946
2023-05-14,71.619
2023-05-15,90.73333
2023-05-16,87.315
2023-05-17,77.931496
2023-05-18,91.81625
2023-05-19,77.7905
2023-05-20,66.431496
2023-05-21,65.4625
2023-05-22,62.2345
2023-05-23,67.9575
2023-05-24,87.7535
2023-05-25,75.1855
2023-05-26,70.8805
2023-05-27,71.505
2023-05-28,68.9135
2023-05-29,79.035995
2023-05-30,76.312996
2023-05-31,69.401
2023-06-01,65.952995
2023-06-02,70.506996
2023-06-03,57.717
2023-06-04,53.524998
2023-06-05,69.9435
2023-06-06,89.86
2023-06-07,88.79059
2023-06-08,74.784996
2023-06-09,83.3955
2023-06-10,83.235
2023-06-11,70.569
2023-06-12,70.404
2023-06-13,78.081
2023-06-14,68.859
2023-06-15,74.1715
2023-06-16,94.028
2023-06-17,87.5805
2023-06-18,73.250496
2023-06-19,69.5605
2023-06-20,67.8185
2023-06-21,63.5575
2023-06-22,75.4145
2023-06-23,71.1055
2023-06-24,77.566
2023-06-25,78.865
2023-06-26,74.407
2023-06-27,82.139496
2023-06-28,69.0555
2023-06-29,71.5155
2023-06-30,73.0175
2023-07-01,62.603
2023-07-02,78.7575
2023-07-03,69.463
2023-07-04,83.441
2023-07-05,72.4675
2023-07-06,76.312
2023-07-07,72.8235
2023-07-08,64.5115
2023-07-09,64.0455
2023-07-10,55.031
2023-07-11,64.749
2023-07-12,77.427
2023-07-13,78.0535
2023-07-14,73.667496
2023-07-15,59.443
2023-07-16,59.3675
2023-07-17,67.2165
2023-07-18,68.689
2023-07-19,66.2045
2023-07-20,70.7435
2023-07-21,67.824
2023-07-22,75.525
2023-07-23,64.0245
2023-07-24,58.417
2023-07-25,61.3115
2023-07-26,74.799995
2023-07-27,67.126
2023-07-28,64.208496
2023-07-29,69.2295
2023-07-30,76.275
2023-07-31,78.1565
2023-08-01,55.3015
2023-08-02,76.654495
2023-08-03,78.1665
2023-08-04,66.6545
2023-08-05,72.358
2023-08-06,83.707
2023-08-07,68.9155
2023-08-08,76.764496
2023-08-09,64.078
2023-08-10,73.475
2023-08-11,79.193
2023-08-12,66.0275
2023-08-13,64.0515
2023-08-14,66.518
2023-08-15,75.483
2023-08-16,77.997
2023-08-17,76.5905
2023-08-18,77.0605
2023-08-19,77.007996
2023-08-20,70.9515
2023-08-21,72.3005
2023-08-22,67.6645
2023-08-23,79.389
2023-08-24,79.1775
2023-08-25,72.569496
2023-08-26,59.07
2023-08-27,61.5075
2023-08-28,60.393997
2023-08-29,48.9525
2023-08-30,76.137
2023-08-31,82.6
2023-09-01,69.454
2023-09-02,60.762497
2023-09-03,85.6065
2023-09-04,63.5935
2023-09-05,65.3565
2023-09-06,65.6305
2023-09-07,64.231995
2023-09-08,57.8465
2023-09-09,64.817
2023-09-10,63.5015
2023-09-11,66.558
2023-09-12,59.208
2023-09-13,51.454998
2023-09-14,76.4765
2023-09-15,74.945
2023-09-16,77.531
2023-09-17,79.5225
2023-09-18,72.175995
2023-09-19,68.9985
2023-09-20,77.685
2023-09-21,77.112
2023-09-22,69.5175
2023-09-23,64.145
2023-09-24,91.91615
2023-09-25,80.7065
2023-09-26,67.525
2023-09-27,63.566498
2023-09-28,71.112495
2023-09-29,76.545494
2023-09-30,66.79
2023-10-01,57.253998
2023-10-02,63.76
2023-10-03,60.5585
2023-10-04,64.8915
2023-10-05,65.264
2023-10-06,71.7
2023-10-07,62.7255
2023-10-08,52.6725
2023-10-09,67.895996
2023-10-10,59.854
2023-10-11,72.8225
2023-10-12,55.014
2023-10-13,72.836494
2023-10-14,54.974
2023-10-15,88.086845
2023-10-16,71.244995
2023-10-17,76.021996
2023-10-18,76.8845
2023-10-19,85.21166
2023-10-20,69.407
2023-10-21,41.6615
2023-10-22,62.5205
2023-10-23,70.381
2023-10-24,70.984
2023-10-25,81.878
2023-10-26,83.3725
2023-10-27,87.52263
2023-10-28,83.556
2023-10-29,79.0465
2023-10-30,70.864
2023-10-31,74.63
2023-11-01,83.63
2023-11-02,76.396996
2023-11-03,76.543
2023-11-04,92.28917
2023-11-05,85.43421
2023-11-06,72.987495
2023-11-07,86.579
2023-11-08,92.93
2023-11-09,80.0905
2023-11-10,67.4055
2023-11-11,92.826
2023-11-12,79.2575
2023-11-13,80.759995
2023-11-14,87.0055
2023-11-15,85.8925
2023-11-16,73.0285
2023-11-17,85.26631
2023-11-18,76.88
2023-11-19,79.407
2023-11-20,84.3875
2023-11-21,92.391815
2023-11-22,86.585
2023-11-23,85.636
2023-11-24,81.285995
2023-11-25,76.68842
2023-11-26,72.4435
2023-11-27,83.41789
2023-11-28,85.9805
2023-11-29,77.72
2023-11-30,85.916
2023-12-01,93.71571
2023-12-02,89.325264
2023-12-03,80.985
2023-12-04,82.325
2023-12-05,68.936
2023-12-06,68.4665
2023-12-07,93.914
2023-12-08,88.60842
2023-12-09,86.3
2023-12-10,83.111496
2023-12-11,89.69882
2023-12-12,89.9875
2023-12-13,88.28105
2023-12-14,89.92421
2023-12-15,77.7415
2023-12-16,74.834496
2023-12-17,89.60182
2023-12-18,88.59294
2023-12-19,88.45563
2023-12-20,87.08053
2023-12-21,79.616
2023-12-22,70.8085
2023-12-23,65.1915
2023-12-24,75.426
2023-12-25,66.541
2023-12-26,73.269
2023-12-27,74.523
2023-12-28,76.2155
2023-12-29,84.098
2023-12-30,86.494
2023-12-31,87.479996
2024-01-01,80.1005
2024-01-02,82.93421
2024-01-03,89.66643
2024-01-04,81.8965
2024-01-05,78.3865
2024-01-06,81.523
2024-01-07,80.91842
2024-01-08,62.847
2024-01-09,65.294495
2024-01-10,81.54
2024-01-11,90.038
2024-01-12,76.9825
2024-01-13,82.6765
2024-01-14,78.017
2024-01-15,77.804
2024-01-16,67.5625
2024-01-17,83.973495
2024-01-18,91.195625
2024-01-19,85.85167
2024-01-20,83.05526
2024-01-21,88.950714
2024-01-22,93.418335
2024-01-23,85.1
2024-01-24,92.196365
2024-01-25,82.7735
2024-01-26,62.983498
2024-01-27,69.458496
2024-01-28,57.4615
2024-01-29,77.946
2024-01-30,82.02684
2024-01-31,89.602
2024-02-01,90.19882
2024-02-02,88.776474
2024-02-03,84.4365
2024-02-04,71.714
2024-02-05,78.279495
2024-02-06,59.71
2024-02-07,74.423
2024-02-08,73.97
2024-02-09,73.215
2024-02-10,76.2615
2024-02-11,61.329
2024-02-12,83.938
2024-02-13,67.3815
2024-02-14,60.9585
2024-02-15,74.568
2024-02-16,70.0515
2024-02-17,60.239
2024-02-18,75.8535
2024-02-19,63.975998
2024-02-20,89.475
2024-02-21,80.194496
2024-02-22,71.6575
2024-02-23,71.584
2024-02-24,73.339
2024-02-25,89.88357
2024-02-26,78.3995
2024-02-27,48.9815
2024-02-28,41.566498
2024-02-29,66.6355
2024-03-01,69.9535
2024-03-02,69.847496
2024-03-03,75.6985
2024-03-04,74.712
2024-03-05,70.4065
2024-03-06,84.822
2024-03-07,84.1975
2024-03-08,80.5385
2024-03-09,81.507996
2024-03-10,72.3535
2024-03-11,53.665
2024-03-12,56.874
2024-03-13,80.0695
2024-03-14,73.4105
2024-03-15,70.28
2024-03-16,83.666
2024-03-17,85.2655
2024-03-18,71.094
2024-03-19,46.172997
2024-03-20,57.7345
2024-03-21,51.0
2024-03-22,62.6005
2024-03-23,56.1805
2024-03-24,67.6315
2024-03-25,69.7725
2024-03-26,60.5075
2024-03-27,57.449997
2024-03-28,73.6235
2024-03-29,58.553497
2024-03-30,55.822
2024-03-31,42.965496
2024-04-01,40.161
2024-04-02,75.3175
2024-04-03,66.4405
2024-04-04,65.0065
2024-04-05,73.965996
2024-04-06,72.58
2024-04-07,67.3535
2024-04-08,62.375
2024-04-09,66.556
2024-04-10,68.147995
2024-04-11,72.488
2024-04-12,67.153496
2024-04-13,63.295498
2024-04-14,63.9365
2024-04-15,59.742
2024-04-16,89.15235
2024-04-17,79.7295
2024-04-18,76.376
2024-04-19,73.5915
2024-04-20,57.0715
2024-04-21,73.273
2024-04-22,84.7045
2024-04-23,80.8695
2024-04-24,88.19474
2024-04-25,77.8265
2024-04-26,68.312
2024-04-27,59.03
2024-04-28,61.781
2024-04-29,55.334
2024-04-30,43.478497
2024-05-01,48.094997
2024-05-02,48.439
2024-05-03,58.657497
2024-05-04,61.718998
2024-05-05,64.469
2024-05-06,63.0695
2024-05-07,73.812996
2024-05-08,85.241
2024-05-09,72.881996
2024-05-10,64.374
2024-05-11,60.102497
2024-05-12,48.5205
2024-05-13,53.336
2024-05-14,52.275497
2024-05-15,72.5855
2024-05-16,56.598
2024-05-17,68.9165
2024-05-18,79.3815
2024-05-19,75.041
2024-05-20,68.469
2024-05-21,62.704998
2024-05-22,83.028496
2024-05-23,88.741
2024-05-24,82.341995
2024-05-25,69.0905
2024-05-26,52.123497
2024-05-27,58.2305
2024-05-28,72.741
2024-05-29,67.585495
2024-05-30,78.513
2024-05-31,78.987495
2024-06-01,75.475494
2024-06-02,58.253498
2024-06-03,74.671
2024-06-04,80.65
2024-06-05,74.25
2024-06-06,61.5875
2024-06-07,68.6775
2024-06-08,61.862
2024-06-09,82.7165
2024-06-10,80.448
2024-06-11,91.95812
2024-06-12,79.306496
2024-06-13,82.9715
2024-06-14,76.2395
2024-06-15,72.1035
2024-06-16,69.816
2024-06-17,74.819496
2024-06-18,61.2235
2024-06-19,50.209
2024-06-20,58.3455
2024-06-21,50.080498
2024-06-22,62.478
2024-06-23,76.8945
2024-06-24,43.516
2024-06-25,66.5975
2024-06-26,69.4965
2024-06-27,75.997
2024-06-28,82.4375
2024-06-29,74.1065
2024-06-30,74.4185
2024-07-01,55.202
2024-07-02,89.60333
2024-07-03,65.0505
2024-07-04,64.3015
2024-07-05,66.0965
2024-07-06,64.9025
2024-07-07,49.973
2024-07-08,62.503998
2024-07-09,61.9365
2024-07-10,58.914997
2024-07-11,52.516
2024-07-12,50.021
2024-07-13,37.256496
2024-07-14,57.052
2024-07-15,64.361
2024-07-16,57.0015
2024-07-17,64.4505
2024-07-18,72.835
2024-07-19,62.506
2024-07-20,57.859497
2024-07-21,81.709
2024-07-22,69.1105
2024-07-23,71.9815
2024-07-24,70.682
2024-07-25,62.9145
2024-07-26,54.31
2024-07-27,60.822
2024-07-28,44.104
2024-07-29,47.1045
2024-07-30,52.718998
2024-07-31,50.586
2024-08-01,45.076
2024-08-02,53.479
2024-08-03,83.848
2024-08-04,58.085
2024-08-05,67.048996
2024-08-06,73.4335
2024-08-07,63.951
2024-08-08,46.452
2024-08-09,61.0615
2024-08-10,59.098
2024-08-11,60.913498
2024-08-12,55.8895
2024-08-13,55.337997
2024-08-14,48.775997
2024-08-15,41.824997
2024-08-16,59.219997
2024-08-17,56.545998
2024-08-18,65.618996
2024-08-19,48.5795
2024-08-20,54.0685
2024-08-21,60.9775
2024-08-22,59.385
2024-08-23,58.4575
2024-08-24,60.1105
2024-08-25,60.13
2024-08-26,55.829998
2024-08-27,65.1705
2024-08-28,59.087997
2024-08-29,51.038
2024-08-30,50.052998
2024-08-31,49.065998
2024-09-01,39.743496
2024-09-02,54.5515
2024-09-03,55.656998
2024-09-04,41.2725
2024-09-05,47.037
2024-09-06,54.587997
2024-09-07,49.100998
2024-09-08,41.504997
2024-09-09,22.637495
2024-09-10,93.65539
2024-09-11,93.54429
2024-09-12,59.4955
2024-09-13,74.3095
2024-09-14,91.06
2024-09-15,87.061
2024-09-16,91.866875
2024-09-17,85.612
2024-09-18,65.692
2024-09-19,54.240498
2024-09-20,41.1465
2024-09-21,49.434998
2024-09-22,67.4245
2024-09-23,64.991
2024-09-24,52.092
2024-09-25,84.8445
2024-09-26,67.7735
2024-09-27,57.830997
2024-09-28,86.4475
2024-09-29,83.5625
2024-09-30,71.5415
2024-10-01,67.182
2024-10-02,68.581
2024-10-03,91.702225
2024-10-04,94.935
2024-10-05,87.721054
2024-10-06,90.3595
2024-10-07,76.487
2024-10-08,71.831
2024-10-09,81.57
2024-10-10,64.249
2024-10-11,83.4115
2024-10-12,78.589
2024-10-13,82.779
2024-10-14,65.015
2024-10-15,76.0875
2024-10-16,73.1375
2024-10-17,77.742
2024-10-18,72.705
2024-10-19,60.896
2024-10-20,73.9875
2024-10-21,64.626495
2024-10-22,54.2445
2024-10-23,73.4405
2024-10-24,58.3505
2024-10-25,64.123
2024-10-26,61.2725
2024-10-27,52.048
2024-10-28,80.3535
2024-10-29,81.633995
2024-10-30,80.6755
2024-10-31,87.8865
2024-11-01,85.746
2024-11-02,78.662994
2024-11-03,59.3205
2024-11-04,67.7565
2024-11-05,72.7465
2024-11-06,58.4255
2024-11-07,60.321
2024-11-08,66.889
2024-11-09,79.252
2024-11-10,87.005554
2024-11-11,88.67263
2024-11-12,92.11823
2024-11-13,90.63
2024-11-14,87.427895
2024-11-15,88.098
2024-11-16,92.185
2024-11-17,87.098946
2024-11-18,89.776474
2024-11-19,79.7495
2024-11-20,71.9025
2024-11-21,62.919
2024-11-22,79.878
2024-11-23,79.0375
2024-11-24,81.1555
2024-11-25,76.3325
2024-11-26,71.761
2024-11-27,89.344734
2024-11-28,92.996666
2024-11-29,90.44688
2024-11-30,84.596664
2024-12-01,63.3485
2024-12-02,88.18938
2024-12-03,85.6585
2024-12-04,92.011665
2024-12-05,93.68
2024-12-06,91.34643
2024-12-07,93.45
2024-12-08,90.99778
2024-12-09,94.7
2024-12-10,91.82455
2024-12-11,90.52125
2024-12-12,88.187775
2024-12-13,76.444
2024-12-14,82.9485
2024-12-15,76.532
2024-12-16,74.7865
2024-12-17,79.093155
2024-12-18,85.685
2024-12-19,93.192856
2024-12-20,91.746925
2024-12-21,65.103
2024-12-22,77.0315
2024-12-23,88.76667
2024-12-24,76.565
2024-12-25,73.8605
2024-12-26,76.3605
2024-12-27,81.323685
2024-12-28,83.94643
2024-12-29,95.16
2024-12-30,93.07166
2024-12-31,85.375
