time,hu
1960-01-01,88.6895
1960-01-02,91.42563
1960-01-03,90.91889
1960-01-04,90.793335
1960-01-05,87.7865
1960-01-06,88.0545
1960-01-07,83.820526
1960-01-08,89.75105
1960-01-09,87.719444
1960-01-10,72.164
1960-01-11,76.594
1960-01-12,85.661
1960-01-13,86.374214
1960-01-14,79.153496
1960-01-15,82.904
1960-01-16,79.887
1960-01-17,78.368996
1960-01-18,79.579
1960-01-19,81.826
1960-01-20,74.8655
1960-01-21,70.834496
1960-01-22,82.389
1960-01-23,85.17895
1960-01-24,84.942
1960-01-25,89.5655
1960-01-26,90.975
1960-01-27,91.04692
1960-01-28,83.606
1960-01-29,88.89158
1960-01-30,66.1005
1960-01-31,66.5535
1960-02-01,65.7205
1960-02-02,74.658
1960-02-03,73.4835
1960-02-04,72.224
1960-02-05,68.882996
1960-02-06,71.730995
1960-02-07,71.2495
1960-02-08,65.8275
1960-02-09,64.583496
1960-02-10,72.682
1960-02-11,78.81
1960-02-12,76.737495
1960-02-13,82.083496
1960-02-14,89.68579
1960-02-15,89.868
1960-02-16,92.236664
1960-02-17,92.713
1960-02-18,91.62
1960-02-19,93.416
1960-02-20,81.9385
1960-02-21,89.2845
1960-02-22,84.4555
1960-02-23,88.1345
1960-02-24,75.1585
1960-02-25,82.7175
1960-02-26,85.004
1960-02-27,80.9195
1960-02-28,85.1305
1960-02-29,85.839
1960-03-01,92.27286
1960-03-02,81.529
1960-03-03,88.09631
1960-03-04,89.13158
1960-03-05,73.9305
1960-03-06,68.4135
1960-03-07,72.572
1960-03-08,76.8965
1960-03-09,73.913
1960-03-10,71.43
1960-03-11,62.239
1960-03-12,88.8625
1960-03-13,82.3775
1960-03-14,77.2895
1960-03-15,69.766
1960-03-16,76.8715
1960-03-17,90.109474
1960-03-18,80.6
1960-03-19,90.682
1960-03-20,89.77167
1960-03-21,83.108
1960-03-22,68.56
1960-03-23,69.46
1960-03-24,69.554
1960-03-25,65.5335
1960-03-26,69.7595
1960-03-27,88.155266
1960-03-28,75.94
1960-03-29,88.5815
1960-03-30,85.8455
1960-03-31,87.2145
1960-04-01,79.7755
1960-04-02,68.84
1960-04-03,66.4415
1960-04-04,69.865
1960-04-05,61.621
1960-04-06,77.361496
1960-04-07,75.841995
1960-04-08,83.5225
1960-04-09,82.838
1960-04-10,77.456
1960-04-11,69.415
1960-04-12,68.8435
1960-04-13,64.664
1960-04-14,68.3185
1960-04-15,66.9155
1960-04-16,68.176
1960-04-17,74.24
1960-04-18,59.649
1960-04-19,48.189
1960-04-20,62.6965
1960-04-21,62.8255
1960-04-22,62.695
1960-04-23,65.597496
1960-04-24,73.7455
1960-04-25,75.3095
1960-04-26,80.1055
1960-04-27,67.1765
1960-04-28,67.8285
1960-04-29,71.211
1960-04-30,80.249
1960-05-01,79.968
1960-05-02,71.061
1960-05-03,62.745
1960-05-04,58.791
1960-05-05,64.8275
1960-05-06,79.151
1960-05-07,70.441
1960-05-08,91.47
1960-05-09,87.6605
1960-05-10,77.863
1960-05-11,68.4915
1960-05-12,64.0045
1960-05-13,63.069
1960-05-14,86.48263
1960-05-15,73.3035
1960-05-16,61.4895
1960-05-17,62.509
1960-05-18,64.8635
1960-05-19,57.439
1960-05-20,72.2055
1960-05-21,71.972496
1960-05-22,75.246
1960-05-23,84.878
1960-05-24,64.6805
1960-05-25,66.541
1960-05-26,63.008
1960-05-27,69.0095
1960-05-28,63.573997
1960-05-29,67.6055
1960-05-30,88.3495
1960-05-31,77.397
1960-06-01,74.3265
1960-06-02,66.637
1960-06-03,74.6065
1960-06-04,65.521996
1960-06-05,63.417
1960-06-06,67.941
1960-06-07,63.0205
1960-06-08,77.1465
1960-06-09,71.886
1960-06-10,71.2245
1960-06-11,63.2
1960-06-12,71.054
1960-06-13,61.865498
1960-06-14,64.8975
1960-06-15,79.535
1960-06-16,66.1965
1960-06-17,57.072
1960-06-18,67.749
1960-06-19,66.357
1960-06-20,73.007996
1960-06-21,65.209
1960-06-22,62.1335
1960-06-23,60.3005
1960-06-24,56.722
1960-06-25,55.251
1960-06-26,77.557495
1960-06-27,73.596
1960-06-28,71.76
1960-06-29,80.816
1960-06-30,69.375496
1960-07-01,81.224495
1960-07-02,71.2495
1960-07-03,62.197998
1960-07-04,59.5225
1960-07-05,60.8205
1960-07-06,73.5065
1960-07-07,81.770996
1960-07-08,68.2685
1960-07-09,83.022995
1960-07-10,69.9395
1960-07-11,65.5595
1960-07-12,79.763
1960-07-13,85.364
1960-07-14,73.4635
1960-07-15,69.749
1960-07-16,75.9285
1960-07-17,81.3545
1960-07-18,77.3585
1960-07-19,67.1005
1960-07-20,70.3715
1960-07-21,84.785
1960-07-22,69.3345
1960-07-23,88.39222
1960-07-24,88.9465
1960-07-25,88.8535
1960-07-26,82.763
1960-07-27,75.244
1960-07-28,75.53
1960-07-29,76.2765
1960-07-30,69.746
1960-07-31,71.0865
1960-08-01,72.3215
1960-08-02,72.903
1960-08-03,70.773
1960-08-04,65.734
1960-08-05,71.356995
1960-08-06,78.5625
1960-08-07,72.223
1960-08-08,83.1435
1960-08-09,79.161995
1960-08-10,71.655
1960-08-11,68.867
1960-08-12,63.635498
1960-08-13,75.77
1960-08-14,78.755
1960-08-15,72.7715
1960-08-16,69.956
1960-08-17,71.959496
1960-08-18,68.3265
1960-08-19,83.5815
1960-08-20,69.9985
1960-08-21,76.958
1960-08-22,77.298
1960-08-23,78.483
1960-08-24,78.8215
1960-08-25,76.4515
1960-08-26,73.926994
1960-08-27,74.6555
1960-08-28,71.2135
1960-08-29,75.5225
1960-08-30,83.9085
1960-08-31,75.57
1960-09-01,75.107
1960-09-02,72.7265
1960-09-03,75.717995
1960-09-04,70.7115
1960-09-05,84.0795
1960-09-06,82.2595
1960-09-07,75.071495
1960-09-08,75.944
1960-09-09,75.482
1960-09-10,72.346
1960-09-11,76.293495
1960-09-12,77.7615
1960-09-13,73.174
1960-09-14,67.203
1960-09-15,72.384995
1960-09-16,74.047
1960-09-17,69.1895
1960-09-18,71.9715
1960-09-19,60.400997
1960-09-20,83.59263
1960-09-21,80.413
1960-09-22,89.98167
1960-09-23,79.651
1960-09-24,79.707
1960-09-25,77.2335
1960-09-26,85.8475
1960-09-27,75.572495
1960-09-28,85.5205
1960-09-29,76.516
1960-09-30,80.8445
1960-10-01,88.094
1960-10-02,78.4625
1960-10-03,79.045
1960-10-04,74.9185
1960-10-05,82.144
1960-10-06,76.721
1960-10-07,89.92111
1960-10-08,84.2195
1960-10-09,77.295
1960-10-10,80.969
1960-10-11,82.059
1960-10-12,74.8045
1960-10-13,71.395
1960-10-14,77.529495
1960-10-15,88.8685
1960-10-16,84.915
1960-10-17,85.97421
1960-10-18,69.288
1960-10-19,79.869995
1960-10-20,83.4395
1960-10-21,88.8875
1960-10-22,78.0655
1960-10-23,75.493
1960-10-24,80.796
1960-10-25,84.615
1960-10-26,83.7195
1960-10-27,78.3005
1960-10-28,79.853
1960-10-29,72.677
1960-10-30,67.711
1960-10-31,74.996
1960-11-01,76.3095
1960-11-02,89.08894
1960-11-03,90.5735
1960-11-04,77.2185
1960-11-05,71.737
1960-11-06,76.944
1960-11-07,81.611
1960-11-08,85.538
1960-11-09,88.583496
1960-11-10,89.829
1960-11-11,92.79077
1960-11-12,89.46158
1960-11-13,89.1615
1960-11-14,88.1875
1960-11-15,86.4025
1960-11-16,89.97471
1960-11-17,80.392
1960-11-18,73.733
1960-11-19,89.98842
1960-11-20,78.375
1960-11-21,84.226
1960-11-22,82.75
1960-11-23,82.7205
1960-11-24,91.305
1960-11-25,90.36
1960-11-26,87.413
1960-11-27,91.43882
1960-11-28,88.55
1960-11-29,77.922
1960-11-30,78.3965
1960-12-01,83.88
1960-12-02,82.82263
1960-12-03,91.34182
1960-12-04,84.85
1960-12-05,81.077
1960-12-06,69.9075
1960-12-07,70.6065
1960-12-08,90.68474
1960-12-09,92.95
1960-12-10,84.0275
1960-12-11,88.0065
1960-12-12,82.0365
1960-12-13,92.96467
1960-12-14,93.057495
1960-12-15,90.50059
1960-12-16,91.10722
1960-12-17,93.808334
1960-12-18,94.1825
1960-12-19,89.2025
1960-12-20,90.2025
1960-12-21,82.638
1960-12-22,84.4435
1960-12-23,79.837
1960-12-24,88.856
1960-12-25,84.644
1960-12-26,81.8105
1960-12-27,91.659996
1960-12-28,90.03941
1960-12-29,92.08316
1960-12-30,90.039474
1960-12-31,92.58546
1961-01-01,90.739334
1961-01-02,93.99143
1961-01-03,84.2465
1961-01-04,82.3865
1961-01-05,80.914
1961-01-06,79.655
1961-01-07,88.42
1961-01-08,88.468
1961-01-09,93.56467
1961-01-10,91.483
1961-01-11,88.2495
1961-01-12,80.2835
1961-01-13,77.626495
1961-01-14,84.237
1961-01-15,89.02947
1961-01-16,89.67625
1961-01-17,73.339
1961-01-18,70.515495
1961-01-19,70.7935
1961-01-20,77.7885
1961-01-21,79.57
1961-01-22,75.455
1961-01-23,80.6365
1961-01-24,88.05389
1961-01-25,87.8753
1961-01-26,73.050995
1961-01-27,74.61
1961-01-28,77.268
1961-01-29,85.479
1961-01-30,86.701
1961-01-31,87.6579
1961-02-01,87.127
1961-02-02,74.7825
1961-02-03,80.278496
1961-02-04,77.603
1961-02-05,86.77947
1961-02-06,83.487
1961-02-07,87.767
1961-02-08,81.16105
1961-02-09,92.8
1961-02-10,78.93
1961-02-11,80.855
1961-02-12,85.953
1961-02-13,79.4275
1961-02-14,82.7735
1961-02-15,91.31143
1961-02-16,89.593155
1961-02-17,85.83842
1961-02-18,94.24
1961-02-19,91.112144
1961-02-20,88.614
1961-02-21,87.639
1961-02-22,83.614
1961-02-23,80.854
1961-02-24,82.2825
1961-02-25,79.5825
1961-02-26,83.421
1961-02-27,72.4625
1961-02-28,73.7685
1961-03-01,74.7455
1961-03-02,75.616
1961-03-03,79.895
1961-03-04,81.44
1961-03-05,75.3265
1961-03-06,75.246
1961-03-07,69.291504
1961-03-08,64.381996
1961-03-09,62.383
1961-03-10,60.2215
1961-03-11,60.876
1961-03-12,63.851997
1961-03-13,76.066
1961-03-14,82.8865
1961-03-15,71.1805
1961-03-16,63.365498
1961-03-17,65.4965
1961-03-18,62.1265
1961-03-19,74.2755
1961-03-20,68.537
1961-03-21,67.2815
1961-03-22,67.24
1961-03-23,71.7315
1961-03-24,60.0065
1961-03-25,61.3955
1961-03-26,63.067497
1961-03-27,70.434
1961-03-28,51.28
1961-03-29,65.624
1961-03-30,65.1875
1961-03-31,69.941
1961-04-01,65.173
1961-04-02,72.1035
1961-04-03,64.593
1961-04-04,60.722
1961-04-05,61.922497
1961-04-06,65.7565
1961-04-07,65.279
1961-04-08,61.224
1961-04-09,58.524998
1961-04-10,54.6945
1961-04-11,66.4265
1961-04-12,60.726498
1961-04-13,53.844498
1961-04-14,48.5575
1961-04-15,52.545
1961-04-16,71.8905
1961-04-17,72.2675
1961-04-18,85.977
1961-04-19,87.1805
1961-04-20,66.0185
1961-04-21,64.2765
1961-04-22,72.701996
1961-04-23,68.2735
1961-04-24,69.7375
1961-04-25,68.0615
1961-04-26,74.4845
1961-04-27,77.318
1961-04-28,71.978
1961-04-29,74.005
1961-04-30,85.4765
1961-05-01,76.511
1961-05-02,71.597
1961-05-03,73.977
1961-05-04,72.5665
1961-05-05,68.7455
1961-05-06,67.83
1961-05-07,70.082
1961-05-08,65.076996
1961-05-09,58.4245
1961-05-10,70.3985
1961-05-11,72.504
1961-05-12,68.2975
1961-05-13,70.173996
1961-05-14,75.1125
1961-05-15,72.182495
1961-05-16,77.3
1961-05-17,72.84
1961-05-18,66.881
1961-05-19,61.247498
1961-05-20,56.1695
1961-05-21,75.47
1961-05-22,79.015495
1961-05-23,65.45
1961-05-24,58.764
1961-05-25,58.9245
1961-05-26,60.0265
1961-05-27,70.7115
1961-05-28,73.3545
1961-05-29,85.8295
1961-05-30,72.923
1961-05-31,62.622997
1961-06-01,67.3265
1961-06-02,63.488
1961-06-03,87.488
1961-06-04,76.6415
1961-06-05,78.8995
1961-06-06,81.869
1961-06-07,87.12666
1961-06-08,84.678
1961-06-09,78.0655
1961-06-10,81.701
1961-06-11,79.1895
1961-06-12,70.395
1961-06-13,67.2115
1961-06-14,65.187
1961-06-15,68.918
1961-06-16,67.4755
1961-06-17,66.642
1961-06-18,62.78
1961-06-19,61.990498
1961-06-20,60.425
1961-06-21,65.6335
1961-06-22,63.288498
1961-06-23,68.458496
1961-06-24,66.5815
1961-06-25,61.999
1961-06-26,63.745
1961-06-27,65.2705
1961-06-28,61.7975
1961-06-29,60.3345
1961-06-30,61.476498
1961-07-01,64.3585
1961-07-02,65.028
1961-07-03,59.0005
1961-07-04,66.291
1961-07-05,68.097
1961-07-06,58.2775
1961-07-07,64.423
1961-07-08,60.227
1961-07-09,75.125496
1961-07-10,76.4645
1961-07-11,65.429
1961-07-12,66.264496
1961-07-13,75.7765
1961-07-14,62.848
1961-07-15,66.3945
1961-07-16,69.2635
1961-07-17,64.1155
1961-07-18,68.2975
1961-07-19,67.3085
1961-07-20,83.7315
1961-07-21,69.1155
1961-07-22,75.162
1961-07-23,78.796
1961-07-24,65.4325
1961-07-25,65.899
1961-07-26,64.822
1961-07-27,57.307
1961-07-28,68.162
1961-07-29,79.9615
1961-07-30,78.3315
1961-07-31,77.83
1961-08-01,66.881996
1961-08-02,62.7985
1961-08-03,67.1835
1961-08-04,60.441998
1961-08-05,58.732998
1961-08-06,54.3365
1961-08-07,58.512
1961-08-08,67.346504
1961-08-09,61.9335
1961-08-10,54.462997
1961-08-11,61.554
1961-08-12,71.387
1961-08-13,73.003
1961-08-14,70.272
1961-08-15,61.3155
1961-08-16,79.7445
1961-08-17,71.657
1961-08-18,73.945496
1961-08-19,64.058
1961-08-20,76.06
1961-08-21,67.627
1961-08-22,68.0075
1961-08-23,71.9135
1961-08-24,74.245
1961-08-25,73.107
1961-08-26,67.238
1961-08-27,64.2575
1961-08-28,65.128
1961-08-29,67.5955
1961-08-30,66.4365
1961-08-31,61.721
1961-09-01,62.8405
1961-09-02,60.961
1961-09-03,56.5685
1961-09-04,69.256
1961-09-05,59.14
1961-09-06,75.0475
1961-09-07,75.6325
1961-09-08,71.336
1961-09-09,75.2005
1961-09-10,68.0115
1961-09-11,69.834
1961-09-12,78.016495
1961-09-13,75.2735
1961-09-14,71.2575
1961-09-15,64.6005
1961-09-16,69.843
1961-09-17,58.396
1961-09-18,60.378998
1961-09-19,63.9325
1961-09-20,67.514496
1961-09-21,67.724
1961-09-22,67.798996
1961-09-23,50.9265
1961-09-24,58.771
1961-09-25,60.6035
1961-09-26,67.491
1961-09-27,79.9965
1961-09-28,76.8865
1961-09-29,67.5615
1961-09-30,64.3225
1961-10-01,63.204998
1961-10-02,57.738
1961-10-03,82.171
1961-10-04,65.137
1961-10-05,61.0525
1961-10-06,54.026497
1961-10-07,57.753498
1961-10-08,69.199
1961-10-09,72.932
1961-10-10,73.726
1961-10-11,75.067
1961-10-12,74.1765
1961-10-13,65.7965
1961-10-14,66.4465
1961-10-15,75.9355
1961-10-16,77.0855
1961-10-17,70.5065
1961-10-18,69.597
1961-10-19,93.39111
1961-10-20,91.86823
1961-10-21,82.1065
1961-10-22,83.2445
1961-10-23,86.679
1961-10-24,77.917
1961-10-25,73.6155
1961-10-26,71.3305
1961-10-27,63.892998
1961-10-28,76.971
1961-10-29,88.532
1961-10-30,92.0375
1961-10-31,81.3665
1961-11-01,79.8395
1961-11-02,78.825
1961-11-03,91.985
1961-11-04,88.95231
1961-11-05,90.11
1961-11-06,90.90818
1961-11-07,89.89421
1961-11-08,84.3415
1961-11-09,87.621
1961-11-10,83.569
1961-11-11,90.46823
1961-11-12,89.884705
1961-11-13,87.976
1961-11-14,90.792
1961-11-15,87.2765
1961-11-16,90.16052
1961-11-17,79.2545
1961-11-18,75.656
1961-11-19,73.2455
1961-11-20,74.714
1961-11-21,82.9135
1961-11-22,82.616
1961-11-23,80.84631
1961-11-24,92.184
1961-11-25,91.13125
1961-11-26,93.70333
1961-11-27,85.264
1961-11-28,90.283
1961-11-29,
1961-11-30,83.393
1961-12-01,91.72941
1961-12-02,83.281
1961-12-03,81.916
1961-12-04,80.879
1961-12-05,84.1125
1961-12-06,90.753685
1961-12-07,87.479996
1961-12-08,82.579
1961-12-09,88.1965
1961-12-10,86.198
1961-12-11,91.742
1961-12-12,89.376
1961-12-13,80.070496
1961-12-14,69.771996
1961-12-15,73.792496
1961-12-16,64.4835
1961-12-17,71.6875
1961-12-18,75.4285
1961-12-19,73.7005
1961-12-20,82.069
1961-12-21,77.2885
1961-12-22,80.74
1961-12-23,73.194496
1961-12-24,75.7075
1961-12-25,81.4415
1961-12-26,87.39842
1961-12-27,90.372635
1961-12-28,89.962105
1961-12-29,90.18714
1961-12-30,92.3675
1961-12-31,93.706665
1962-01-01,91.73417
1962-01-02,87.02611
1962-01-03,76.269
1962-01-04,87.75
1962-01-05,91.045334
1962-01-06,91.7175
1962-01-07,82.7515
1962-01-08,83.905
1962-01-09,90.54389
1962-01-10,88.94889
1962-01-11,84.747
1962-01-12,93.35
1962-01-13,92.458885
1962-01-14,79.547
1962-01-15,85.25263
1962-01-16,87.01
1962-01-17,90.65857
1962-01-18,88.638336
1962-01-19,94.23333
1962-01-20,88.77631
1962-01-21,86.466
1962-01-22,92.78555
1962-01-23,84.389496
1962-01-24,81.0685
1962-01-25,83.1965
1962-01-26,86.8405
1962-01-27,69.543
1962-01-28,74.4975
1962-01-29,68.3745
1962-01-30,71.259
1962-01-31,69.719
1962-02-01,84.7365
1962-02-02,74.3505
1962-02-03,76.6195
1962-02-04,72.335
1962-02-05,84.3455
1962-02-06,70.167
1962-02-07,83.42316
1962-02-08,84.857
1962-02-09,88.8145
1962-02-10,80.062996
1962-02-11,87.006
1962-02-12,69.493996
1962-02-13,86.151505
1962-02-14,73.998
1962-02-15,69.0915
1962-02-16,71.27
1962-02-17,69.724
1962-02-18,61.217
1962-02-19,79.315
1962-02-20,67.291
1962-02-21,63.4395
1962-02-22,72.231
1962-02-23,65.937
1962-02-24,77.285995
1962-02-25,79.1895
1962-02-26,76.2915
1962-02-27,89.471054
1962-02-28,91.671875
1962-03-01,91.57167
1962-03-02,86.875496
1962-03-03,85.3515
1962-03-04,82.553
1962-03-05,82.415
1962-03-06,76.458496
1962-03-07,78.472
1962-03-08,67.44
1962-03-09,68.061
1962-03-10,76.916
1962-03-11,94.16125
1962-03-12,91.452225
1962-03-13,65.9245
1962-03-14,68.12
1962-03-15,65.776
1962-03-16,75.4195
1962-03-17,71.407
1962-03-18,70.576
1962-03-19,75.507996
1962-03-20,73.8275
1962-03-21,82.5655
1962-03-22,87.524
1962-03-23,85.535
1962-03-24,80.528496
1962-03-25,77.18
1962-03-26,71.6885
1962-03-27,72.8185
1962-03-28,85.8095
1962-03-29,67.7765
1962-03-30,72.1995
1962-03-31,75.837
1962-04-01,56.344498
1962-04-02,73.2735
1962-04-03,58.5415
1962-04-04,61.726997
1962-04-05,77.087
1962-04-06,72.3115
1962-04-07,58.934
1962-04-08,56.9455
1962-04-09,68.276
1962-04-10,84.685
1962-04-11,90.442856
1962-04-12,82.035995
1962-04-13,68.2425
1962-04-14,76.09
1962-04-15,67.2535
1962-04-16,58.243
1962-04-17,63.060497
1962-04-18,59.484497
1962-04-19,48.187
1962-04-20,48.999
1962-04-21,43.179996
1962-04-22,45.4315
1962-04-23,46.3675
1962-04-24,57.3125
1962-04-25,58.6665
1962-04-26,56.323498
1962-04-27,73.3425
1962-04-28,69.839
1962-04-29,70.5605
1962-04-30,69.807
1962-05-01,59.181
1962-05-02,72.574
1962-05-03,73.7945
1962-05-04,65.557
1962-05-05,68.47
1962-05-06,61.193
1962-05-07,76.657
1962-05-08,65.034
1962-05-09,65.2135
1962-05-10,58.0895
1962-05-11,73.173996
1962-05-12,80.325
1962-05-13,88.6825
1962-05-14,81.7005
1962-05-15,67.451
1962-05-16,69.875
1962-05-17,58.364998
1962-05-18,67.84
1962-05-19,50.032997
1962-05-20,87.770996
1962-05-21,80.372
1962-05-22,69.433
1962-05-23,64.4845
1962-05-24,72.892
1962-05-25,86.681
1962-05-26,83.83
1962-05-27,83.436
1962-05-28,76.8265
1962-05-29,68.906
1962-05-30,74.539
1962-05-31,66.153496
1962-06-01,74.753
1962-06-02,70.7165
1962-06-03,65.6125
1962-06-04,64.7755
1962-06-05,56.938
1962-06-06,53.1015
1962-06-07,63.089
1962-06-08,66.7535
1962-06-09,69.3235
1962-06-10,62.8825
1962-06-11,69.194
1962-06-12,73.949
1962-06-13,58.902
1962-06-14,70.8715
1962-06-15,61.1485
1962-06-16,63.194
1962-06-17,79.8045
1962-06-18,78.5495
1962-06-19,71.3225
1962-06-20,67.8455
1962-06-21,69.6795
1962-06-22,64.6555
1962-06-23,60.7315
1962-06-24,59.9295
1962-06-25,70.647995
1962-06-26,60.5645
1962-06-27,70.9015
1962-06-28,55.723
1962-06-29,56.6125
1962-06-30,61.635998
1962-07-01,57.2455
1962-07-02,71.03
1962-07-03,89.83158
1962-07-04,69.6325
1962-07-05,80.854004
1962-07-06,74.708
1962-07-07,67.0925
1962-07-08,64.899
1962-07-09,67.876
1962-07-10,64.752
1962-07-11,62.178
1962-07-12,69.0415
1962-07-13,66.307
1962-07-14,68.3635
1962-07-15,78.579
1962-07-16,78.053
1962-07-17,76.601
1962-07-18,72.7685
1962-07-19,69.8235
1962-07-20,65.0125
1962-07-21,61.006
1962-07-22,68.9005
1962-07-23,61.268997
1962-07-24,62.599
1962-07-25,58.2765
1962-07-26,62.409
1962-07-27,60.1685
1962-07-28,67.1575
1962-07-29,76.048
1962-07-30,64.383
1962-07-31,63.353
1962-08-01,60.8085
1962-08-02,66.143
1962-08-03,63.900497
1962-08-04,64.5335
1962-08-05,68.416
1962-08-06,64.011
1962-08-07,55.862
1962-08-08,54.808
1962-08-09,57.204998
1962-08-10,62.494
1962-08-11,60.928497
1962-08-12,62.735
1962-08-13,63.0295
1962-08-14,58.709
1962-08-15,59.871
1962-08-16,74.5255
1962-08-17,80.009995
1962-08-18,74.2475
1962-08-19,58.6205
1962-08-20,65.2865
1962-08-21,70.0525
1962-08-22,67.2745
1962-08-23,65.7945
1962-08-24,60.394
1962-08-25,71.233
1962-08-26,73.4985
1962-08-27,68.7435
1962-08-28,61.2935
1962-08-29,63.976997
1962-08-30,62.739
1962-08-31,59.059498
1962-09-01,62.711998
1962-09-02,63.4915
1962-09-03,59.1
1962-09-04,57.795498
1962-09-05,83.783
1962-09-06,76.483
1962-09-07,79.7135
1962-09-08,79.671
1962-09-09,63.7135
1962-09-10,62.663
1962-09-11,64.750496
1962-09-12,63.7975
1962-09-13,59.237
1962-09-14,65.1915
1962-09-15,63.6255
1962-09-16,60.474
1962-09-17,89.901665
1962-09-18,88.301
1962-09-19,74.452995
1962-09-20,79.559
1962-09-21,71.8045
1962-09-22,72.403496
1962-09-23,77.9865
1962-09-24,78.168495
1962-09-25,80.244
1962-09-26,69.117
1962-09-27,70.7335
1962-09-28,82.410995
1962-09-29,80.223495
1962-09-30,75.840996
1962-10-01,78.7245
1962-10-02,74.2865
1962-10-03,73.986496
1962-10-04,71.119
1962-10-05,77.405
1962-10-06,72.46
1962-10-07,65.201996
1962-10-08,67.774
1962-10-09,68.965996
1962-10-10,70.178
1962-10-11,67.9825
1962-10-12,73.456
1962-10-13,68.362495
1962-10-14,83.3265
1962-10-15,74.572
1962-10-16,79.3465
1962-10-17,75.8945
1962-10-18,75.5905
1962-10-19,76.6315
1962-10-20,63.744
1962-10-21,71.0285
1962-10-22,75.612
1962-10-23,73.0815
1962-10-24,77.157
1962-10-25,75.695
1962-10-26,76.438995
1962-10-27,70.058495
1962-10-28,83.9805
1962-10-29,88.88167
1962-10-30,84.654
1962-10-31,93.2875
1962-11-01,89.66263
1962-11-02,87.9535
1962-11-03,93.33375
1962-11-04,93.1875
1962-11-05,91.195
1962-11-06,85.0365
1962-11-07,85.0195
1962-11-08,84.938
1962-11-09,87.275
1962-11-10,92.43667
1962-11-11,93.47125
1962-11-12,93.032776
1962-11-13,92.71
1962-11-14,88.3685
1962-11-15,91.301765
1962-11-16,75.376495
1962-11-17,79.4365
1962-11-18,89.1253
1962-11-19,90.75353
1962-11-20,89.768
1962-11-21,86.8021
1962-11-22,89.05842
1962-11-23,83.0115
1962-11-24,90.33294
1962-11-25,89.132225
1962-11-26,89.977646
1962-11-27,91.863075
1962-11-28,86.06579
1962-11-29,88.176
1962-11-30,85.2435
1962-12-01,76.6045
1962-12-02,76.288
1962-12-03,82.514496
1962-12-04,85.41631
1962-12-05,76.806
1962-12-06,91.44
1962-12-07,93.215996
1962-12-08,92.69643
1962-12-09,92.726364
1962-12-10,89.1725
1962-12-11,78.7665
1962-12-12,75.2075
1962-12-13,82.9565
1962-12-14,86.1615
1962-12-15,83.5745
1962-12-16,77.3745
1962-12-17,77.212
1962-12-18,86.3865
1962-12-19,92.91273
1962-12-20,75.6005
1962-12-21,84.942
1962-12-22,74.113495
1962-12-23,69.3835
1962-12-24,81.201996
1962-12-25,84.392
1962-12-26,84.9515
1962-12-27,85.047
1962-12-28,85.431
1962-12-29,85.437996
1962-12-30,90.15111
1962-12-31,85.191
1963-01-01,91.53533
1963-01-02,92.34167
1963-01-03,91.0475
1963-01-04,92.696365
1963-01-05,92.502
1963-01-06,93.11182
1963-01-07,93.482
1963-01-08,89.825264
1963-01-09,84.332
1963-01-10,87.2165
1963-01-11,80.1995
1963-01-12,79.1655
1963-01-13,72.284996
1963-01-14,69.933
1963-01-15,59.0555
1963-01-16,66.4025
1963-01-17,71.9615
1963-01-18,77.7475
1963-01-19,67.641
1963-01-20,79.3175
1963-01-21,69.297
1963-01-22,72.8805
1963-01-23,77.21
1963-01-24,78.4515
1963-01-25,87.802
1963-01-26,86.84579
1963-01-27,85.328
1963-01-28,82.043
1963-01-29,88.756996
1963-01-30,81.7545
1963-01-31,85.446
1963-02-01,80.6645
1963-02-02,82.3025
1963-02-03,89.572105
1963-02-04,78.223495
1963-02-05,88.632
1963-02-06,81.395996
1963-02-07,88.01063
1963-02-08,87.1915
1963-02-09,90.0855
1963-02-10,91.87722
1963-02-11,90.43294
1963-02-12,89.534
1963-02-13,88.20167
1963-02-14,81.303
1963-02-15,84.2465
1963-02-16,90.57389
1963-02-17,90.194496
1963-02-18,87.486496
1963-02-19,91.09611
1963-02-20,88.6535
1963-02-21,79.21
1963-02-22,75.4925
1963-02-23,74.645996
1963-02-24,76.654
1963-02-25,77.182
1963-02-26,78.2185
1963-02-27,59.8355
1963-02-28,64.0325
1963-03-01,69.85
1963-03-02,71.9295
1963-03-03,69.274
1963-03-04,72.4705
1963-03-05,75.9195
1963-03-06,75.5605
1963-03-07,78.604
1963-03-08,75.236496
1963-03-09,85.1775
1963-03-10,89.907776
1963-03-11,81.8845
1963-03-12,91.19706
1963-03-13,69.9095
1963-03-14,68.3215
1963-03-15,76.045
1963-03-16,75.033
1963-03-17,72.437
1963-03-18,85.9695
1963-03-19,91.02529
1963-03-20,91.6375
1963-03-21,92.12235
1963-03-22,90.43
1963-03-23,73.996
1963-03-24,66.978
1963-03-25,65.389496
1963-03-26,65.0365
1963-03-27,73.1735
1963-03-28,79.5795
1963-03-29,72.901
1963-03-30,78.3085
1963-03-31,82.132996
1963-04-01,82.1321
1963-04-02,77.841995
1963-04-03,71.504
1963-04-04,67.86
1963-04-05,66.3775
1963-04-06,60.6275
1963-04-07,76.802
1963-04-08,69.21
1963-04-09,67.925995
1963-04-10,71.4995
1963-04-11,69.752
1963-04-12,72.7055
1963-04-13,74.075
1963-04-14,78.4625
1963-04-15,63.573997
1963-04-16,50.975
1963-04-17,54.934498
1963-04-18,52.517498
1963-04-19,70.2025
1963-04-20,69.0085
1963-04-21,57.069
1963-04-22,62.9855
1963-04-23,62.8465
1963-04-24,73.083496
1963-04-25,78.78
1963-04-26,67.955
1963-04-27,73.7875
1963-04-28,69.7315
1963-04-29,73.3295
1963-04-30,75.6835
1963-05-01,64.943
1963-05-02,61.734497
1963-05-03,76.046
1963-05-04,85.541504
1963-05-05,79.613
1963-05-06,77.6295
1963-05-07,70.856995
1963-05-08,77.208
1963-05-09,65.923
1963-05-10,65.8175
1963-05-11,67.1995
1963-05-12,77.5645
1963-05-13,70.739
1963-05-14,70.8625
1963-05-15,70.791
1963-05-16,57.1665
1963-05-17,65.7735
1963-05-18,67.94
1963-05-19,71.485
1963-05-20,76.311
1963-05-21,75.0455
1963-05-22,68.6105
1963-05-23,78.1095
1963-05-24,70.5685
1963-05-25,77.99
1963-05-26,77.826
1963-05-27,73.368
1963-05-28,71.933
1963-05-29,60.94
1963-05-30,60.078
1963-05-31,63.878498
1963-06-01,70.231995
1963-06-02,59.459
1963-06-03,64.518
1963-06-04,68.2295
1963-06-05,56.635998
1963-06-06,70.3515
1963-06-07,75.639
1963-06-08,71.0125
1963-06-09,77.2935
1963-06-10,77.89
1963-06-11,78.604
1963-06-12,68.474
1963-06-13,62.4985
1963-06-14,60.519
1963-06-15,79.68158
1963-06-16,78.2065
1963-06-17,67.683
1963-06-18,64.528496
1963-06-19,84.2475
1963-06-20,80.309
1963-06-21,84.4195
1963-06-22,76.868996
1963-06-23,84.1245
1963-06-24,82.788
1963-06-25,84.931
1963-06-26,70.531
1963-06-27,73.293
1963-06-28,66.553
1963-06-29,76.229
1963-06-30,77.34
1963-07-01,72.451996
1963-07-02,71.125
1963-07-03,71.111
1963-07-04,64.0375
1963-07-05,60.7525
1963-07-06,68.658
1963-07-07,66.395
1963-07-08,72.704
1963-07-09,69.302
1963-07-10,69.583496
1963-07-11,79.311
1963-07-12,69.3025
1963-07-13,66.032
1963-07-14,71.2015
1963-07-15,62.6165
1963-07-16,63.069
1963-07-17,64.7635
1963-07-18,65.701996
1963-07-19,60.9745
1963-07-20,65.0915
1963-07-21,63.975
1963-07-22,63.515
1963-07-23,61.298
1963-07-24,65.08
1963-07-25,57.3475
1963-07-26,56.934
1963-07-27,65.343
1963-07-28,73.1265
1963-07-29,83.7265
1963-07-30,78.2145
1963-07-31,72.804
1963-08-01,69.958
1963-08-02,74.6765
1963-08-03,70.614
1963-08-04,64.028
1963-08-05,79.528
1963-08-06,70.0885
1963-08-07,60.364998
1963-08-08,83.3665
1963-08-09,73.6185
1963-08-10,64.942
1963-08-11,67.154495
1963-08-12,67.277
1963-08-13,76.048996
1963-08-14,83.534
1963-08-15,83.07
1963-08-16,75.1215
1963-08-17,73.366
1963-08-18,86.8935
1963-08-19,78.4105
1963-08-20,71.502
1963-08-21,77.248
1963-08-22,75.7545
1963-08-23,76.251
1963-08-24,73.3305
1963-08-25,71.9955
1963-08-26,74.8225
1963-08-27,63.1455
1963-08-28,79.68
1963-08-29,91.778336
1963-08-30,88.864
1963-08-31,91.8325
1963-09-01,84.682
1963-09-02,74.761
1963-09-03,83.1355
1963-09-04,77.886
1963-09-05,83.805
1963-09-06,82.842
1963-09-07,86.959
1963-09-08,88.37631
1963-09-09,92.08875
1963-09-10,79.3295
1963-09-11,79.6835
1963-09-12,82.445496
1963-09-13,84.5395
1963-09-14,81.9555
1963-09-15,83.847
1963-09-16,78.7605
1963-09-17,75.7495
1963-09-18,74.187
1963-09-19,73.409
1963-09-20,77.0355
1963-09-21,79.618996
1963-09-22,72.0015
1963-09-23,76.708
1963-09-24,67.795
1963-09-25,81.564
1963-09-26,73.104
1963-09-27,83.566
1963-09-28,69.666
1963-09-29,77.135
1963-09-30,83.912
1963-10-01,73.7425
1963-10-02,79.8545
1963-10-03,87.0945
1963-10-04,91.26385
1963-10-05,88.13588
1963-10-06,80.863
1963-10-07,83.781
1963-10-08,85.323
1963-10-09,83.2175
1963-10-10,82.8775
1963-10-11,78.187
1963-10-12,79.1565
1963-10-13,81.57
1963-10-14,63.947998
1963-10-15,70.515495
1963-10-16,76.445
1963-10-17,77.5065
1963-10-18,82.1755
1963-10-19,82.406
1963-10-20,85.279
1963-10-21,83.639
1963-10-22,82.7535
1963-10-23,72.4615
1963-10-24,80.029
1963-10-25,83.696
1963-10-26,85.865
1963-10-27,85.4145
1963-10-28,82.043
1963-10-29,80.672
1963-10-30,78.17
1963-10-31,78.6385
1963-11-01,78.94
1963-11-02,90.329
1963-11-03,86.59611
1963-11-04,81.203
1963-11-05,76.9095
1963-11-06,79.8815
1963-11-07,86.315
1963-11-08,74.0235
1963-11-09,86.41421
1963-11-10,90.411766
1963-11-11,79.613
1963-11-12,81.964
1963-11-13,80.5115
1963-11-14,78.6855
1963-11-15,82.4245
1963-11-16,90.728424
1963-11-17,79.7745
1963-11-18,88.2505
1963-11-19,81.8355
1963-11-20,84.9965
1963-11-21,72.432
1963-11-22,70.561
1963-11-23,75.984
1963-11-24,87.0385
1963-11-25,90.12059
1963-11-26,87.1985
1963-11-27,91.849335
1963-11-28,81.47263
1963-11-29,86.638885
1963-11-30,81.2125
1963-12-01,75.6665
1963-12-02,74.906
1963-12-03,82.9105
1963-12-04,91.935
1963-12-05,87.0255
1963-12-06,82.7575
1963-12-07,81.4055
1963-12-08,77.9515
1963-12-09,83.346
1963-12-10,89.6965
1963-12-11,91.95333
1963-12-12,91.22857
1963-12-13,80.03
1963-12-14,81.298996
1963-12-15,87.63
1963-12-16,85.776505
1963-12-17,80.738
1963-12-18,86.0805
1963-12-19,86.5465
1963-12-20,89.1285
1963-12-21,79.263
1963-12-22,74.416
1963-12-23,81.701996
1963-12-24,84.060524
1963-12-25,85.778885
1963-12-26,91.24
1963-12-27,93.004616
1963-12-28,91.527
1963-12-29,90.66556
1963-12-30,93.22818
1963-12-31,91.89166
1964-01-01,92.707275
1964-01-02,91.56687
1964-01-03,84.181496
1964-01-04,87.44945
1964-01-05,86.98105
1964-01-06,93.111
1964-01-07,89.50445
1964-01-08,88.61421
1964-01-09,88.66947
1964-01-10,85.90632
1964-01-11,89.60421
1964-01-12,87.526665
1964-01-13,88.2021
1964-01-14,88.109474
1964-01-15,78.5525
1964-01-16,77.718
1964-01-17,78.569
1964-01-18,85.876
1964-01-19,89.67111
1964-01-20,88.584
1964-01-21,87.9755
1964-01-22,80.236
1964-01-23,81.811
1964-01-24,88.4525
1964-01-25,73.7815
1964-01-26,72.137
1964-01-27,75.42
1964-01-28,69.5335
1964-01-29,78.3425
1964-01-30,86.822
1964-01-31,85.960556
1964-02-01,83.586
1964-02-02,69.4145
1964-02-03,87.1625
1964-02-04,77.555504
1964-02-05,72.8885
1964-02-06,67.652
1964-02-07,60.7035
1964-02-08,76.442
1964-02-09,76.581
1964-02-10,78.1595
1964-02-11,78.747
1964-02-12,77.0735
1964-02-13,70.2
1964-02-14,77.311
1964-02-15,74.86
1964-02-16,71.361
1964-02-17,86.7215
1964-02-18,83.9015
1964-02-19,90.6165
1964-02-20,59.3375
1964-02-21,64.194
1964-02-22,70.975
1964-02-23,70.721
1964-02-24,76.182
1964-02-25,77.115
1964-02-26,81.465
1964-02-27,90.44778
1964-02-28,90.052
1964-02-29,91.08
1964-03-01,80.199
1964-03-02,82.07
1964-03-03,83.679
1964-03-04,83.734
1964-03-05,86.716
1964-03-06,77.322495
1964-03-07,86.4185
1964-03-08,81.9005
1964-03-09,81.7465
1964-03-10,89.81526
1964-03-11,88.98333
1964-03-12,83.6555
1964-03-13,89.0805
1964-03-14,93.631424
1964-03-15,91.523636
1964-03-16,75.8975
1964-03-17,75.108
1964-03-18,77.694
1964-03-19,73.7885
1964-03-20,82.195496
1964-03-21,93.54
1964-03-22,92.75166
1964-03-23,83.176
1964-03-24,84.3175
1964-03-25,86.073
1964-03-26,78.168
1964-03-27,88.048
1964-03-28,89.9085
1964-03-29,86.0495
1964-03-30,71.4125
1964-03-31,80.228
1964-04-01,82.442
1964-04-02,73.0865
1964-04-03,67.862495
1964-04-04,81.0685
1964-04-05,84.795
1964-04-06,75.214
1964-04-07,73.838
1964-04-08,75.3375
1964-04-09,86.993
1964-04-10,76.7195
1964-04-11,71.8115
1964-04-12,75.528496
1964-04-13,74.957
1964-04-14,85.5805
1964-04-15,67.4075
1964-04-16,61.1275
1964-04-17,61.064
1964-04-18,55.0695
1964-04-19,52.670498
1964-04-20,52.654
1964-04-21,61.9535
1964-04-22,72.5195
1964-04-23,67.714
1964-04-24,84.165
1964-04-25,84.5295
1964-04-26,61.89
1964-04-27,63.2775
1964-04-28,62.038498
1964-04-29,79.618
1964-04-30,82.92
1964-05-01,70.160995
1964-05-02,75.0115
1964-05-03,84.6965
1964-05-04,76.850494
1964-05-05,83.104996
1964-05-06,65.6915
1964-05-07,66.157
1964-05-08,68.002
1964-05-09,90.73059
1964-05-10,77.817
1964-05-11,74.906
1964-05-12,73.259
1964-05-13,68.308
1964-05-14,77.139496
1964-05-15,64.4105
1964-05-16,62.0935
1964-05-17,64.572
1964-05-18,66.242
1964-05-19,75.8945
1964-05-20,72.764496
1964-05-21,90.29579
1964-05-22,75.659
1964-05-23,72.056496
1964-05-24,69.0605
1964-05-25,62.113
1964-05-26,66.657
1964-05-27,80.7025
1964-05-28,73.0605
1964-05-29,69.8975
1964-05-30,64.295
1964-05-31,71.959496
1964-06-01,71.0925
1964-06-02,59.072
1964-06-03,66.3495
1964-06-04,70.2405
1964-06-05,64.5365
1964-06-06,60.277
1964-06-07,73.813995
1964-06-08,79.025
1964-06-09,78.146996
1964-06-10,69.3005
1964-06-11,70.0105
1964-06-12,66.477
1964-06-13,59.178997
1964-06-14,62.4575
1964-06-15,67.699
1964-06-16,74.06
1964-06-17,77.537994
1964-06-18,77.4335
1964-06-19,73.395
1964-06-20,84.709496
1964-06-21,85.764
1964-06-22,86.443
1964-06-23,73.1675
1964-06-24,83.8475
1964-06-25,81.868
1964-06-26,77.338
1964-06-27,73.714
1964-06-28,69.5785
1964-06-29,80.2525
1964-06-30,63.689
1964-07-01,79.9515
1964-07-02,70.4355
1964-07-03,64.5495
1964-07-04,65.26
1964-07-05,69.511
1964-07-06,74.244995
1964-07-07,64.846
1964-07-08,62.767498
1964-07-09,60.497
1964-07-10,84.8905
1964-07-11,80.982
1964-07-12,69.08
1964-07-13,67.9555
1964-07-14,69.2915
1964-07-15,67.6365
1964-07-16,61.377
1964-07-17,64.0535
1964-07-18,64.4545
1964-07-19,63.0775
1964-07-20,60.157497
1964-07-21,62.5085
1964-07-22,63.605
1964-07-23,73.3265
1964-07-24,68.2145
1964-07-25,63.753998
1964-07-26,60.920998
1964-07-27,59.431
1964-07-28,62.973
1964-07-29,76.998
1964-07-30,63.0055
1964-07-31,61.0225
1964-08-01,71.61
1964-08-02,75.4715
1964-08-03,61.0975
1964-08-04,66.2405
1964-08-05,62.244
1964-08-06,60.8475
1964-08-07,61.41
1964-08-08,61.474
1964-08-09,92.055885
1964-08-10,77.395
1964-08-11,77.194
1964-08-12,75.5815
1964-08-13,77.107994
1964-08-14,78.722
1964-08-15,76.083
1964-08-16,69.697495
1964-08-17,64.8585
1964-08-18,59.41
1964-08-19,80.259995
1964-08-20,64.0075
1964-08-21,66.911995
1964-08-22,84.093
1964-08-23,77.029
1964-08-24,67.1155
1964-08-25,68.3445
1964-08-26,71.165
1964-08-27,69.7015
1964-08-28,66.451996
1964-08-29,62.547497
1964-08-30,67.878
1964-08-31,61.9745
1964-09-01,64.105995
1964-09-02,71.3125
1964-09-03,68.0955
1964-09-04,71.209
1964-09-05,63.406998
1964-09-06,80.0195
1964-09-07,90.53
1964-09-08,77.0225
1964-09-09,76.662
1964-09-10,78.5665
1964-09-11,76.8825
1964-09-12,70.9185
1964-09-13,65.038
1964-09-14,65.159996
1964-09-15,70.9195
1964-09-16,70.1515
1964-09-17,82.7605
1964-09-18,69.621
1964-09-19,70.062996
1964-09-20,75.7555
1964-09-21,75.239
1964-09-22,73.835495
1964-09-23,65.9995
1964-09-24,66.9305
1964-09-25,70.4145
1964-09-26,76.363
1964-09-27,74.9065
1964-09-28,84.6775
1964-09-29,78.59
1964-09-30,79.015495
1964-10-01,72.6435
1964-10-02,63.086998
1964-10-03,69.1305
1964-10-04,63.8715
1964-10-05,70.235
1964-10-06,70.891
1964-10-07,65.683
1964-10-08,77.943
1964-10-09,86.0015
1964-10-10,84.6685
1964-10-11,83.808
1964-10-12,86.6405
1964-10-13,85.2065
1964-10-14,90.12706
1964-10-15,81.08
1964-10-16,76.4845
1964-10-17,71.516
1964-10-18,80.888
1964-10-19,82.1965
1964-10-20,90.17177
1964-10-21,91.41867
1964-10-22,90.242
1964-10-23,84.754
1964-10-24,86.8655
1964-10-25,90.73
1964-10-26,92.41643
1964-10-27,89.15158
1964-10-28,85.015
1964-10-29,89.78526
1964-10-30,90.76737
1964-10-31,80.2315
1964-11-01,86.616
1964-11-02,91.13
1964-11-03,88.97474
1964-11-04,90.72278
1964-11-05,89.30842
1964-11-06,87.6985
1964-11-07,81.3385
1964-11-08,86.093
1964-11-09,78.785995
1964-11-10,90.494995
1964-11-11,91.656876
1964-11-12,87.856316
1964-11-13,81.815
1964-11-14,82.2135
1964-11-15,71.8925
1964-11-16,73.362
1964-11-17,70.175
1964-11-18,76.4615
1964-11-19,67.716995
1964-11-20,78.9365
1964-11-21,78.725
1964-11-22,79.4335
1964-11-23,87.2235
1964-11-24,79.5325
1964-11-25,72.418
1964-11-26,66.848495
1964-11-27,85.0035
1964-11-28,92.0985
1964-11-29,81.826
1964-11-30,85.4895
1964-12-01,85.2545
1964-12-02,84.42
1964-12-03,88.371056
1964-12-04,78.93
1964-12-05,80.083
1964-12-06,89.109
1964-12-07,92.41637
1964-12-08,92.67
1964-12-09,93.74
1964-12-10,92.48818
1964-12-11,92.07643
1964-12-12,92.84454
1964-12-13,89.96625
1964-12-14,92.659996
1964-12-15,88.60125
1964-12-16,85.6715
1964-12-17,86.1685
1964-12-18,91.59937
1964-12-19,91.19417
1964-12-20,89.345
1964-12-21,88.36
1964-12-22,87.259
1964-12-23,87.65
1964-12-24,91.12462
1964-12-25,92.73143
1964-12-26,88.43786
1964-12-27,85.548996
1964-12-28,88.458885
1964-12-29,83.233
1964-12-30,80.1935
1964-12-31,81.375
1965-01-01,90.711174
1965-01-02,92.916664
1965-01-03,94.35714
1965-01-04,88.59589
1965-01-05,77.633995
1965-01-06,84.1075
1965-01-07,79.236
1965-01-08,90.634705
1965-01-09,89.1179
1965-01-10,79.935
1965-01-11,83.3675
1965-01-12,89.33222
1965-01-13,90.67812
1965-01-14,91.579475
1965-01-15,90.71263
1965-01-16,91.682
1965-01-17,92.33428
1965-01-18,87.377
1965-01-19,90.32474
1965-01-20,84.5815
1965-01-21,88.25105
1965-01-22,89.299
1965-01-23,85.032
1965-01-24,81.8465
1965-01-25,86.559
1965-01-26,91.321
1965-01-27,91.99857
1965-01-28,89.93
1965-01-29,89.99368
1965-01-30,91.064
1965-01-31,92.01
1965-02-01,81.442
1965-02-02,81.3715
1965-02-03,83.145
1965-02-04,83.272
1965-02-05,84.4615
1965-02-06,66.0385
1965-02-07,80.298996
1965-02-08,80.126495
1965-02-09,70.667496
1965-02-10,72.294
1965-02-11,78.376
1965-02-12,81.4825
1965-02-13,79.335
1965-02-14,71.551
1965-02-15,80.6805
1965-02-16,75.498
1965-02-17,78.209496
1965-02-18,90.2715
1965-02-19,89.210526
1965-02-20,81.255
1965-02-21,79.892
1965-02-22,80.4675
1965-02-23,80.481
1965-02-24,86.28
1965-02-25,76.6225
1965-02-26,61.298
1965-02-27,79.5875
1965-02-28,65.166
1965-03-01,73.638
1965-03-02,88.32632
1965-03-03,70.9675
1965-03-04,81.6335
1965-03-05,85.3365
1965-03-06,86.571
1965-03-07,84.4545
1965-03-08,79.2965
1965-03-09,74.152
1965-03-10,76.315
1965-03-11,76.55
1965-03-12,80.1295
1965-03-13,81.673
1965-03-14,82.5955
1965-03-15,81.9995
1965-03-16,75.542496
1965-03-17,79.5885
1965-03-18,75.086
1965-03-19,72.715
1965-03-20,76.636
1965-03-21,73.182
1965-03-22,79.5915
1965-03-23,73.5885
1965-03-24,91.96
1965-03-25,72.079
1965-03-26,75.7025
1965-03-27,81.0245
1965-03-28,72.263
1965-03-29,79.635
1965-03-30,71.4365
1965-03-31,51.712498
1965-04-01,58.872997
1965-04-02,57.173
1965-04-03,51.913
1965-04-04,53.901497
1965-04-05,53.573498
1965-04-06,60.015
1965-04-07,69.4645
1965-04-08,72.1485
1965-04-09,89.975266
1965-04-10,87.528
1965-04-11,80.7075
1965-04-12,91.95842
1965-04-13,88.03
1965-04-14,80.4925
1965-04-15,74.3095
1965-04-16,81.205
1965-04-17,73.621
1965-04-18,84.2375
1965-04-19,87.277
1965-04-20,84.626
1965-04-21,90.036316
1965-04-22,89.121
1965-04-23,81.3185
1965-04-24,75.396996
1965-04-25,74.115
1965-04-26,73.0465
1965-04-27,72.404
1965-04-28,78.0345
1965-04-29,87.026
1965-04-30,71.6225
1965-05-01,70.653496
1965-05-02,58.697998
1965-05-03,57.6855
1965-05-04,59.476997
1965-05-05,90.022224
1965-05-06,77.7735
1965-05-07,69.8675
1965-05-08,84.893
1965-05-09,76.474
1965-05-10,73.327
1965-05-11,86.64474
1965-05-12,72.4085
1965-05-13,64.024
1965-05-14,73.769
1965-05-15,73.44
1965-05-16,75.2895
1965-05-17,69.7595
1965-05-18,61.136497
1965-05-19,61.0335
1965-05-20,74.325
1965-05-21,68.431496
1965-05-22,83.876
1965-05-23,92.188
1965-05-24,80.9705
1965-05-25,76.662994
1965-05-26,71.612
1965-05-27,75.018
1965-05-28,87.282
1965-05-29,78.4045
1965-05-30,77.569496
1965-05-31,88.304
1965-06-01,70.5655
1965-06-02,70.24
1965-06-03,78.499
1965-06-04,79.888
1965-06-05,92.455
1965-06-06,89.41053
1965-06-07,74.0915
1965-06-08,73.514
1965-06-09,85.511
1965-06-10,79.7265
1965-06-11,83.233
1965-06-12,77.6735
1965-06-13,78.29
1965-06-14,73.919
1965-06-15,74.523994
1965-06-16,72.8975
1965-06-17,82.6695
1965-06-18,65.5995
1965-06-19,69.348
1965-06-20,69.696
1965-06-21,75.9135
1965-06-22,81.1385
1965-06-23,70.5185
1965-06-24,74.6365
1965-06-25,70.393
1965-06-26,69.346
1965-06-27,70.6885
1965-06-28,81.793
1965-06-29,66.8025
1965-06-30,68.815
1965-07-01,66.936
1965-07-02,84.45
1965-07-03,79.800995
1965-07-04,91.25053
1965-07-05,83.1985
1965-07-06,61.301
1965-07-07,65.554
1965-07-08,70.5355
1965-07-09,70.426
1965-07-10,71.418
1965-07-11,69.9355
1965-07-12,67.6345
1965-07-13,68.227
1965-07-14,66.907
1965-07-15,67.76
1965-07-16,71.612
1965-07-17,86.569
1965-07-18,82.5175
1965-07-19,78.6835
1965-07-20,84.7075
1965-07-21,82.5555
1965-07-22,69.542
1965-07-23,74.0065
1965-07-24,75.82
1965-07-25,84.473
1965-07-26,87.263
1965-07-27,70.961
1965-07-28,70.151
1965-07-29,71.0615
1965-07-30,85.9845
1965-07-31,90.84947
1965-08-01,87.725
1965-08-02,77.2705
1965-08-03,75.534
1965-08-04,69.808495
1965-08-05,71.4535
1965-08-06,72.0245
1965-08-07,60.3745
1965-08-08,60.993
1965-08-09,73.925995
1965-08-10,83.835
1965-08-11,72.644
1965-08-12,72.583496
1965-08-13,71.735
1965-08-14,68.743
1965-08-15,70.737
1965-08-16,72.265
1965-08-17,73.884995
1965-08-18,74.698
1965-08-19,75.057
1965-08-20,74.0095
1965-08-21,67.1965
1965-08-22,59.124
1965-08-23,68.585495
1965-08-24,90.79059
1965-08-25,86.4525
1965-08-26,70.578
1965-08-27,72.1105
1965-08-28,84.2925
1965-08-29,72.5675
1965-08-30,78.915
1965-08-31,76.644
1965-09-01,78.8255
1965-09-02,63.3315
1965-09-03,64.6105
1965-09-04,86.912
1965-09-05,77.431
1965-09-06,79.6555
1965-09-07,75.812996
1965-09-08,70.2315
1965-09-09,75.522995
1965-09-10,71.793
1965-09-11,88.1335
1965-09-12,76.375
1965-09-13,80.7475
1965-09-14,87.925
1965-09-15,80.591995
1965-09-16,78.7115
1965-09-17,75.8095
1965-09-18,74.3775
1965-09-19,89.8935
1965-09-20,75.053
1965-09-21,78.035995
1965-09-22,82.157
1965-09-23,76.153496
1965-09-24,71.082
1965-09-25,81.0565
1965-09-26,74.3175
1965-09-27,68.629
1965-09-28,77.013
1965-09-29,79.0795
1965-09-30,74.7635
1965-10-01,77.8235
1965-10-02,80.77
1965-10-03,85.11
1965-10-04,86.7725
1965-10-05,88.51158
1965-10-06,82.96
1965-10-07,80.166
1965-10-08,81.996
1965-10-09,76.7045
1965-10-10,75.7495
1965-10-11,79.018
1965-10-12,74.352
1965-10-13,75.797
1965-10-14,69.187996
1965-10-15,66.5245
1965-10-16,78.3685
1965-10-17,73.9845
1965-10-18,79.3995
1965-10-19,82.709
1965-10-20,82.672
1965-10-21,73.015
1965-10-22,73.404
1965-10-23,71.643
1965-10-24,78.793
1965-10-25,78.6965
1965-10-26,83.642
1965-10-27,87.09579
1965-10-28,81.9025
1965-10-29,83.409
1965-10-30,72.6925
1965-10-31,79.5925
1965-11-01,74.694496
1965-11-02,59.6545
1965-11-03,84.487
1965-11-04,83.503
1965-11-05,83.594
1965-11-06,83.682106
1965-11-07,88.71684
1965-11-08,93.58546
1965-11-09,92.38111
1965-11-10,93.3
1965-11-11,93.139
1965-11-12,85.279
1965-11-13,85.1875
1965-11-14,83.626495
1965-11-15,89.61579
1965-11-16,74.6
1965-11-17,86.22667
1965-11-18,92.848236
1965-11-19,93.74333
1965-11-20,91.793335
1965-11-21,89.09857
1965-11-22,79.474
1965-11-23,72.8085
1965-11-24,78.711
1965-11-25,82.538
1965-11-26,83.417496
1965-11-27,87.4935
1965-11-28,64.209496
1965-11-29,74.2535
1965-11-30,82.97
1965-12-01,81.9025
1965-12-02,87.98
1965-12-03,92.66385
1965-12-04,92.57353
1965-12-05,91.782
1965-12-06,84.9615
1965-12-07,91.39571
1965-12-08,91.178825
1965-12-09,88.49834
1965-12-10,91.090004
1965-12-11,73.698
1965-12-12,78.509
1965-12-13,88.983154
1965-12-14,75.901
1965-12-15,89.384705
1965-12-16,92.86375
1965-12-17,92.48
1965-12-18,92.295555
1965-12-19,90.13556
1965-12-20,89.77294
1965-12-21,94.3425
1965-12-22,82.15
1965-12-23,86.32737
1965-12-24,92.175
1965-12-25,93.423996
1965-12-26,90.29444
1965-12-27,86.5885
1965-12-28,84.534996
1965-12-29,80.024
1965-12-30,89.3015
1965-12-31,92.70333
1966-01-01,86.4715
1966-01-02,83.7525
1966-01-03,78.593
1966-01-04,76.167
1966-01-05,68.38
1966-01-06,65.859
1966-01-07,67.636
1966-01-08,82.6725
1966-01-09,85.0145
1966-01-10,88.58947
1966-01-11,91.73684
1966-01-12,86.9335
1966-01-13,78.451996
1966-01-14,79.4165
1966-01-15,78.0055
1966-01-16,89.575
1966-01-17,85.7315
1966-01-18,85.326
1966-01-19,89.827644
1966-01-20,84.945
1966-01-21,90.68474
1966-01-22,88.8125
1966-01-23,92.97428
1966-01-24,86.8095
1966-01-25,85.882996
1966-01-26,85.9945
1966-01-27,86.8295
1966-01-28,90.475296
1966-01-29,91.06765
1966-01-30,92.18467
1966-01-31,91.19454
1966-02-01,89.0515
1966-02-02,89.84167
1966-02-03,93.561424
1966-02-04,83.233
1966-02-05,89.34333
1966-02-06,85.9745
1966-02-07,82.334
1966-02-08,75.6385
1966-02-09,74.0415
1966-02-10,85.4785
1966-02-11,91.34866
1966-02-12,90.517
1966-02-13,89.158
1966-02-14,90.40948
1966-02-15,81.9255
1966-02-16,84.1425
1966-02-17,86.8815
1966-02-18,83.876
1966-02-19,83.686
1966-02-20,76.22
1966-02-21,68.4335
1966-02-22,68.466
1966-02-23,89.67421
1966-02-24,65.387
1966-02-25,67.808495
1966-02-26,75.162
1966-02-27,72.1835
1966-02-28,71.068
1966-03-01,78.187
1966-03-02,79.264
1966-03-03,78.8005
1966-03-04,80.1245
1966-03-05,76.235
1966-03-06,78.6725
1966-03-07,71.167496
1966-03-08,78.9155
1966-03-09,77.389496
1966-03-10,77.1085
1966-03-11,80.502
1966-03-12,77.7745
1966-03-13,75.85
1966-03-14,70.7845
1966-03-15,75.6045
1966-03-16,74.6475
1966-03-17,87.9005
1966-03-18,79.9575
1966-03-19,69.311
1966-03-20,57.8575
1966-03-21,51.1685
1966-03-22,66.1555
1966-03-23,67.5795
1966-03-24,62.5005
1966-03-25,73.579
1966-03-26,67.493
1966-03-27,62.703
1966-03-28,65.1285
1966-03-29,68.909
1966-03-30,75.009995
1966-03-31,75.069496
1966-04-01,70.1195
1966-04-02,74.309
1966-04-03,88.43263
1966-04-04,80.4535
1966-04-05,74.4225
1966-04-06,65.5335
1966-04-07,60.593998
1966-04-08,70.6465
1966-04-09,80.5855
1966-04-10,87.951996
1966-04-11,84.207
1966-04-12,77.229996
1966-04-13,77.4535
1966-04-14,72.9565
1966-04-15,72.904495
1966-04-16,74.425995
1966-04-17,88.78105
1966-04-18,75.3705
1966-04-19,72.488
1966-04-20,74.4375
1966-04-21,86.5315
1966-04-22,67.4245
1966-04-23,67.9795
1966-04-24,74.406
1966-04-25,67.519
1966-04-26,78.7465
1966-04-27,74.279495
1966-04-28,75.0725
1966-04-29,71.266
1966-04-30,60.9675
1966-05-01,65.1415
1966-05-02,62.810497
1966-05-03,59.857998
1966-05-04,62.936
1966-05-05,66.876495
1966-05-06,71.020996
1966-05-07,70.493
1966-05-08,88.097
1966-05-09,88.861
1966-05-10,78.3595
1966-05-11,88.426
1966-05-12,77.1525
1966-05-13,78.0245
1966-05-14,73.49
1966-05-15,67.755
1966-05-16,67.7995
1966-05-17,65.4835
1966-05-18,65.0095
1966-05-19,62.149
1966-05-20,68.2005
1966-05-21,71.746
1966-05-22,63.76
1966-05-23,67.269
1966-05-24,76.585495
1966-05-25,71.923
1966-05-26,83.4985
1966-05-27,83.3095
1966-05-28,75.6565
1966-05-29,74.0605
1966-05-30,76.849
1966-05-31,62.082
1966-06-01,62.756
1966-06-02,74.2055
1966-06-03,65.769
1966-06-04,66.8385
1966-06-05,61.407497
1966-06-06,66.585495
1966-06-07,67.688
1966-06-08,72.875
1966-06-09,85.159
1966-06-10,79.576004
1966-06-11,71.3605
1966-06-12,66.254
1966-06-13,74.2065
1966-06-14,74.941
1966-06-15,71.9845
1966-06-16,75.94
1966-06-17,69.2555
1966-06-18,66.877
1966-06-19,88.145
1966-06-20,78.137
1966-06-21,85.3835
1966-06-22,67.7335
1966-06-23,69.807
1966-06-24,78.179
1966-06-25,83.5405
1966-06-26,69.601
1966-06-27,71.5175
1966-06-28,72.055504
1966-06-29,75.112
1966-06-30,81.9265
1966-07-01,72.88
1966-07-02,70.4635
1966-07-03,70.3495
1966-07-04,70.4
1966-07-05,64.2965
1966-07-06,77.8785
1966-07-07,74.5085
1966-07-08,74.821495
1966-07-09,67.1195
1966-07-10,70.6625
1966-07-11,65.28
1966-07-12,74.2525
1966-07-13,69.2255
1966-07-14,74.141
1966-07-15,89.0975
1966-07-16,72.1845
1966-07-17,62.289497
1966-07-18,79.333496
1966-07-19,73.5555
1966-07-20,75.3955
1966-07-21,71.736496
1966-07-22,87.6295
1966-07-23,92.43611
1966-07-24,92.05944
1966-07-25,87.222
1966-07-26,76.2625
1966-07-27,79.586
1966-07-28,92.675835
1966-07-29,80.742
1966-07-30,70.883995
1966-07-31,82.969
1966-08-01,75.1155
1966-08-02,82.501495
1966-08-03,80.312
1966-08-04,80.626495
1966-08-05,88.36421
1966-08-06,80.941
1966-08-07,75.4115
1966-08-08,72.686
1966-08-09,81.154
1966-08-10,72.819
1966-08-11,74.451996
1966-08-12,77.8125
1966-08-13,76.010994
1966-08-14,74.6505
1966-08-15,78.6565
1966-08-16,86.613
1966-08-17,77.802
1966-08-18,75.9925
1966-08-19,84.2355
1966-08-20,89.967896
1966-08-21,85.446
1966-08-22,79.2105
1966-08-23,73.983
1966-08-24,71.723
1966-08-25,89.4405
1966-08-26,86.4595
1966-08-27,83.113
1966-08-28,81.167
1966-08-29,78.1495
1966-08-30,70.6835
1966-08-31,91.26667
1966-09-01,80.636
1966-09-02,85.1185
1966-09-03,80.539
1966-09-04,82.0105
1966-09-05,82.0625
1966-09-06,77.9185
1966-09-07,80.54
1966-09-08,80.558
1966-09-09,79.4935
1966-09-10,80.348
1966-09-11,80.826996
1966-09-12,82.1785
1966-09-13,76.7195
1966-09-14,74.4105
1966-09-15,75.2945
1966-09-16,80.4665
1966-09-17,74.3815
1966-09-18,79.822
1966-09-19,70.8555
1966-09-20,74.1705
1966-09-21,76.6145
1966-09-22,76.756996
1966-09-23,75.9855
1966-09-24,81.4955
1966-09-25,76.9965
1966-09-26,77.5225
1966-09-27,79.4705
1966-09-28,77.9435
1966-09-29,79.8055
1966-09-30,81.887
1966-10-01,87.592
1966-10-02,86.8185
1966-10-03,81.5215
1966-10-04,78.0995
1966-10-05,75.0745
1966-10-06,74.936
1966-10-07,73.3705
1966-10-08,62.490498
1966-10-09,66.451
1966-10-10,75.762
1966-10-11,82.992
1966-10-12,77.2075
1966-10-13,84.876
1966-10-14,88.2
1966-10-15,85.1305
1966-10-16,73.8775
1966-10-17,81.009
1966-10-18,89.52421
1966-10-19,76.555
1966-10-20,77.8
1966-10-21,82.356995
1966-10-22,80.5645
1966-10-23,80.229
1966-10-24,83.7875
1966-10-25,87.051
1966-10-26,80.5375
1966-10-27,82.292496
1966-10-28,81.873
1966-10-29,86.686
1966-10-30,93.01583
1966-10-31,85.0945
1966-11-01,88.043
1966-11-02,87.01278
1966-11-03,87.32105
1966-11-04,74.27
1966-11-05,70.082
1966-11-06,81.5195
1966-11-07,86.043335
1966-11-08,90.78111
1966-11-09,81.861496
1966-11-10,86.3005
1966-11-11,82.2285
1966-11-12,91.03438
1966-11-13,84.414734
1966-11-14,83.0905
1966-11-15,81.362495
1966-11-16,87.362
1966-11-17,92.601425
1966-11-18,93.251114
1966-11-19,91.0335
1966-11-20,91.708664
1966-11-21,92.52556
1966-11-22,92.29584
1966-11-23,92.41154
1966-11-24,90.83546
1966-11-25,85.6875
1966-11-26,83.755
1966-11-27,90.6835
1966-11-28,86.8125
1966-11-29,91.59778
1966-11-30,82.898
1966-12-01,80.183
1966-12-02,81.6985
1966-12-03,88.2695
1966-12-04,81.333
1966-12-05,86.9735
1966-12-06,88.875496
1966-12-07,91.704704
1966-12-08,90.44556
1966-12-09,94.36667
1966-12-10,87.987
1966-12-11,85.753
1966-12-12,87.737366
1966-12-13,93.153336
1966-12-14,84.5455
1966-12-15,78.283
1966-12-16,86.972496
1966-12-17,91.27062
1966-12-18,93.25857
1966-12-19,80.0915
1966-12-20,91.13294
1966-12-21,77.191
1966-12-22,87.903
1966-12-23,93.04182
1966-12-24,92.651535
1966-12-25,81.2715
1966-12-26,82.279
1966-12-27,86.04316
1966-12-28,91.1879
1966-12-29,90.11706
1966-12-30,91.590004
1966-12-31,85.724
1967-01-01,91.71533
1967-01-02,81.887
1967-01-03,78.0375
1967-01-04,79.9645
1967-01-05,81.0355
1967-01-06,83.5535
1967-01-07,88.51867
1967-01-08,89.1179
1967-01-09,84.838
1967-01-10,75.585
1967-01-11,80.56
1967-01-12,77.3595
1967-01-13,84.811
1967-01-14,70.496
1967-01-15,75.0045
1967-01-16,67.02
1967-01-17,79.0615
1967-01-18,73.3255
1967-01-19,69.903
1967-01-20,75.6045
1967-01-21,79.34
1967-01-22,84.569496
1967-01-23,89.5335
1967-01-24,92.84
1967-01-25,91.555885
1967-01-26,89.37055
1967-01-27,69.1285
1967-01-28,71.349
1967-01-29,82.3435
1967-01-30,88.84
1967-01-31,73.6665
1967-02-01,92.86
1967-02-02,90.88133
1967-02-03,88.913
1967-02-04,80.291
1967-02-05,76.9025
1967-02-06,77.6345
1967-02-07,84.465
1967-02-08,80.5895
1967-02-09,76.960495
1967-02-10,76.5765
1967-02-11,77.959496
1967-02-12,74.6185
1967-02-13,69.404
1967-02-14,76.2865
1967-02-15,76.847
1967-02-16,71.859
1967-02-17,68.353
1967-02-18,85.598
1967-02-19,91.45941
1967-02-20,90.894
1967-02-21,82.542
1967-02-22,64.478
1967-02-23,73.378
1967-02-24,69.9465
1967-02-25,77.7065
1967-02-26,78.106
1967-02-27,83.3875
1967-02-28,84.0635
1967-03-01,65.397995
1967-03-02,79.4795
1967-03-03,69.1575
1967-03-04,74.157
1967-03-05,82.163
1967-03-06,87.589
1967-03-07,86.121
1967-03-08,76.087
1967-03-09,74.769
1967-03-10,77.581
1967-03-11,73.9485
1967-03-12,70.306
1967-03-13,87.836845
1967-03-14,63.9575
1967-03-15,74.235
1967-03-16,80.739
1967-03-17,73.2275
1967-03-18,91.68
1967-03-19,82.067
1967-03-20,82.134
1967-03-21,71.7515
1967-03-22,73.21
1967-03-23,77.500496
1967-03-24,72.3215
1967-03-25,69.618
1967-03-26,65.394
1967-03-27,75.1585
1967-03-28,73.696
1967-03-29,75.0525
1967-03-30,69.807495
1967-03-31,71.01
1967-04-01,61.990997
1967-04-02,67.8795
1967-04-03,73.3855
1967-04-04,80.3
1967-04-05,79.459
1967-04-06,89.22369
1967-04-07,82.3995
1967-04-08,89.2135
1967-04-09,85.5635
1967-04-10,58.344498
1967-04-11,67.804
1967-04-12,67.171
1967-04-13,84.6485
1967-04-14,77.881996
1967-04-15,74.3435
1967-04-16,61.843
1967-04-17,61.054
1967-04-18,65.6205
1967-04-19,58.5445
1967-04-20,56.6805
1967-04-21,63.419
1967-04-22,78.3295
1967-04-23,61.358997
1967-04-24,69.7455
1967-04-25,63.274498
1967-04-26,83.3005
1967-04-27,75.647995
1967-04-28,75.9655
1967-04-29,66.8525
1967-04-30,60.193
1967-05-01,60.8715
1967-05-02,71.15
1967-05-03,75.4685
1967-05-04,75.9225
1967-05-05,69.755
1967-05-06,56.962498
1967-05-07,65.13
1967-05-08,65.8635
1967-05-09,64.526
1967-05-10,65.9955
1967-05-11,57.581997
1967-05-12,56.218998
1967-05-13,54.198498
1967-05-14,53.835
1967-05-15,48.649498
1967-05-16,67.1815
1967-05-17,81.4955
1967-05-18,69.434
1967-05-19,65.1135
1967-05-20,60.665
1967-05-21,61.1805
1967-05-22,79.736
1967-05-23,81.0745
1967-05-24,77.1025
1967-05-25,73.5315
1967-05-26,62.677998
1967-05-27,59.259
1967-05-28,61.826
1967-05-29,60.031
1967-05-30,62.1685
1967-05-31,83.139
1967-06-01,77.1375
1967-06-02,68.645996
1967-06-03,65.118
1967-06-04,67.472
1967-06-05,67.99
1967-06-06,67.5105
1967-06-07,68.01
1967-06-08,68.0545
1967-06-09,85.548
1967-06-10,86.5505
1967-06-11,75.9365
1967-06-12,63.0515
1967-06-13,70.8115
1967-06-14,66.541
1967-06-15,67.7745
1967-06-16,71.3685
1967-06-17,70.9035
1967-06-18,67.8825
1967-06-19,68.9925
1967-06-20,66.163
1967-06-21,67.083
1967-06-22,58.333
1967-06-23,62.2285
1967-06-24,59.8675
1967-06-25,58.8045
1967-06-26,59.7795
1967-06-27,54.843998
1967-06-28,61.650997
1967-06-29,65.432
1967-06-30,57.9715
1967-07-01,60.2875
1967-07-02,60.1735
1967-07-03,62.395
1967-07-04,72.9385
1967-07-05,64.229
1967-07-06,58.7455
1967-07-07,58.350998
1967-07-08,64.229
1967-07-09,89.3455
1967-07-10,76.204994
1967-07-11,69.1305
1967-07-12,66.645
1967-07-13,65.3565
1967-07-14,60.656
1967-07-15,59.488
1967-07-16,71.4205
1967-07-17,79.501495
1967-07-18,70.436
1967-07-19,66.5905
1967-07-20,64.782
1967-07-21,69.801
1967-07-22,64.5695
1967-07-23,55.056
1967-07-24,57.3875
1967-07-25,62.739
1967-07-26,68.28
1967-07-27,61.817497
1967-07-28,59.926
1967-07-29,58.791
1967-07-30,62.502
1967-07-31,59.422
1967-08-01,62.462997
1967-08-02,60.9175
1967-08-03,68.897
1967-08-04,63.8
1967-08-05,72.078
1967-08-06,75.311
1967-08-07,79.3595
1967-08-08,73.807
1967-08-09,63.2685
1967-08-10,63.0765
1967-08-11,55.7085
1967-08-12,64.1345
1967-08-13,75.1705
1967-08-14,69.5045
1967-08-15,64.9545
1967-08-16,62.4585
1967-08-17,71.022995
1967-08-18,59.474
1967-08-19,58.8495
1967-08-20,65.770996
1967-08-21,58.0825
1967-08-22,66.34
1967-08-23,65.9625
1967-08-24,66.034996
1967-08-25,82.489
1967-08-26,76.746
1967-08-27,73.63
1967-08-28,68.9965
1967-08-29,67.1005
1967-08-30,63.037
1967-08-31,64.605995
1967-09-01,69.491
1967-09-02,63.971
1967-09-03,63.067497
1967-09-04,49.635
1967-09-05,62.0125
1967-09-06,61.1595
1967-09-07,63.79
1967-09-08,70.9025
1967-09-09,83.877
1967-09-10,89.44211
1967-09-11,83.4245
1967-09-12,80.815994
1967-09-13,85.22
1967-09-14,76.951996
1967-09-15,85.9115
1967-09-16,91.88125
1967-09-17,81.9895
1967-09-18,80.712
1967-09-19,79.845
1967-09-20,81.653
1967-09-21,80.207
1967-09-22,80.782
1967-09-23,79.3025
1967-09-24,78.306
1967-09-25,80.062
1967-09-26,79.7395
1967-09-27,74.866
1967-09-28,86.057
1967-09-29,73.353
1967-09-30,75.686
1967-10-01,76.2935
1967-10-02,75.42
1967-10-03,84.689
1967-10-04,83.1285
1967-10-05,80.733
1967-10-06,74.688995
1967-10-07,78.1595
1967-10-08,75.313995
1967-10-09,72.944496
1967-10-10,75.5295
1967-10-11,80.4565
1967-10-12,84.840996
1967-10-13,76.3235
1967-10-14,86.5265
1967-10-15,87.298996
1967-10-16,88.13
1967-10-17,79.459
1967-10-18,64.030495
1967-10-19,68.818
1967-10-20,62.291
1967-10-21,64.208496
1967-10-22,72.003
1967-10-23,77.252
1967-10-24,80.9295
1967-10-25,85.0085
1967-10-26,86.879
1967-10-27,80.153496
1967-10-28,87.225266
1967-10-29,85.649
1967-10-30,79.7135
1967-10-31,76.68
1967-11-01,88.80111
1967-11-02,83.3975
1967-11-03,85.839
1967-11-04,81.392
1967-11-05,73.219
1967-11-06,89.86579
1967-11-07,91.30059
1967-11-08,89.87882
1967-11-09,91.204
1967-11-10,78.9145
1967-11-11,74.995
1967-11-12,81.62473
1967-11-13,77.621
1967-11-14,82.6795
1967-11-15,87.473
1967-11-16,86.99526
1967-11-17,76.819496
1967-11-18,85.7455
1967-11-19,77.334
1967-11-20,74.074
1967-11-21,81.3395
1967-11-22,76.853
1967-11-23,81.5605
1967-11-24,75.7895
1967-11-25,71.877
1967-11-26,75.866
1967-11-27,80.6525
1967-11-28,92.60733
1967-11-29,89.86
1967-11-30,90.08316
1967-12-01,86.273
1967-12-02,83.9125
1967-12-03,81.916
1967-12-04,71.494995
1967-12-05,69.4675
1967-12-06,84.1445
1967-12-07,69.928
1967-12-08,59.3775
1967-12-09,79.571
1967-12-10,80.8725
1967-12-11,89.958824
1967-12-12,80.543
1967-12-13,82.7845
1967-12-14,84.773
1967-12-15,84.252
1967-12-16,90.018425
1967-12-17,78.7875
1967-12-18,74.0345
1967-12-19,76.038
1967-12-20,70.2055
1967-12-21,71.524
1967-12-22,85.7865
1967-12-23,84.073
1967-12-24,76.747
1967-12-25,92.05785
1967-12-26,92.68889
1967-12-27,84.162
1967-12-28,83.6045
1967-12-29,87.6075
1967-12-30,91.64166
1967-12-31,86.029
1968-01-01,93.277855
1968-01-02,90.077225
1968-01-03,84.615
1968-01-04,88.3725
1968-01-05,78.0625
1968-01-06,79.358
1968-01-07,84.261
1968-01-08,71.316
1968-01-09,79.5605
1968-01-10,85.326
1968-01-11,83.5745
1968-01-12,74.979996
1968-01-13,69.3385
1968-01-14,76.2655
1968-01-15,78.8535
1968-01-16,66.548996
1968-01-17,80.9555
1968-01-18,84.3255
1968-01-19,79.423
1968-01-20,84.237
1968-01-21,90.661766
1968-01-22,88.818886
1968-01-23,82.514
1968-01-24,82.4385
1968-01-25,83.2205
1968-01-26,75.9835
1968-01-27,69.756996
1968-01-28,78.996
1968-01-29,79.282
1968-01-30,76.1435
1968-01-31,84.292496
1968-02-01,85.0585
1968-02-02,92.901
1968-02-03,93.36182
1968-02-04,91.35529
1968-02-05,87.86
1968-02-06,85.79105
1968-02-07,86.311
1968-02-08,87.051
1968-02-09,83.9685
1968-02-10,76.4575
1968-02-11,81.1175
1968-02-12,88.2455
1968-02-13,91.704
1968-02-14,92.63294
1968-02-15,92.754166
1968-02-16,82.02368
1968-02-17,70.6995
1968-02-18,69.5745
1968-02-19,71.0885
1968-02-20,68.68
1968-02-21,81.5455
1968-02-22,71.5075
1968-02-23,67.4665
1968-02-24,85.393
1968-02-25,80.6915
1968-02-26,79.1565
1968-02-27,66.986496
1968-02-28,74.847496
1968-02-29,82.548
1968-03-01,65.484
1968-03-02,69.547
1968-03-03,81.461
1968-03-04,85.12526
1968-03-05,84.7045
1968-03-06,82.214
1968-03-07,81.2395
1968-03-08,75.6495
1968-03-09,67.223
1968-03-10,59.468998
1968-03-11,69.969
1968-03-12,63.805
1968-03-13,58.002
1968-03-14,60.041
1968-03-15,68.2805
1968-03-16,67.5825
1968-03-17,68.251
1968-03-18,59.058
1968-03-19,59.8675
1968-03-20,57.2105
1968-03-21,58.199
1968-03-22,80.724
1968-03-23,51.8755
1968-03-24,63.8485
1968-03-25,59.573498
1968-03-26,58.262497
1968-03-27,67.327995
1968-03-28,63.6505
1968-03-29,55.856
1968-03-30,49.513
1968-03-31,54.36
1968-04-01,60.263
1968-04-02,63.329998
1968-04-03,65.2205
1968-04-04,55.913998
1968-04-05,62.0895
1968-04-06,56.327
1968-04-07,73.446
1968-04-08,80.854
1968-04-09,66.434
1968-04-10,59.07
1968-04-11,64.753
1968-04-12,60.488
1968-04-13,57.451
1968-04-14,56.606
1968-04-15,55.637497
1968-04-16,65.458
1968-04-17,77.368996
1968-04-18,64.515
1968-04-19,55.8105
1968-04-20,53.593998
1968-04-21,46.068497
1968-04-22,44.966
1968-04-23,49.6335
1968-04-24,45.3295
1968-04-25,66.289
1968-04-26,61.573498
1968-04-27,68.769
1968-04-28,67.2455
1968-04-29,63.0575
1968-04-30,65.5225
1968-05-01,59.906498
1968-05-02,53.991
1968-05-03,70.6915
1968-05-04,61.5895
1968-05-05,47.821
1968-05-06,53.884
1968-05-07,68.8025
1968-05-08,70.103
1968-05-09,57.7255
1968-05-10,45.434998
1968-05-11,48.1105
1968-05-12,49.6585
1968-05-13,74.6585
1968-05-14,60.1305
1968-05-15,52.791
1968-05-16,55.544
1968-05-17,74.6885
1968-05-18,61.5755
1968-05-19,65.0525
1968-05-20,52.972
1968-05-21,77.4705
1968-05-22,79.0605
1968-05-23,67.294
1968-05-24,66.6075
1968-05-25,78.083496
1968-05-26,71.19
1968-05-27,69.699
1968-05-28,63.5635
1968-05-29,53.317
1968-05-30,60.592
1968-05-31,68.837
1968-06-01,75.3185
1968-06-02,76.155
1968-06-03,74.7075
1968-06-04,67.3875
1968-06-05,54.406
1968-06-06,46.3685
1968-06-07,59.406
1968-06-08,65.4225
1968-06-09,85.9195
1968-06-10,83.164
1968-06-11,76.77
1968-06-12,70.5095
1968-06-13,66.715
1968-06-14,59.668
1968-06-15,52.674
1968-06-16,50.844498
1968-06-17,61.704
1968-06-18,61.355
1968-06-19,61.663498
1968-06-20,69.9155
1968-06-21,80.460495
1968-06-22,58.644
1968-06-23,51.4335
1968-06-24,68.4255
1968-06-25,59.8355
1968-06-26,57.2295
1968-06-27,59.636497
1968-06-28,66.2165
1968-06-29,58.427498
1968-06-30,46.197998
1968-07-01,44.260498
1968-07-02,49.657497
1968-07-03,57.647
1968-07-04,54.244
1968-07-05,48.6175
1968-07-06,41.806
1968-07-07,49.993
1968-07-08,51.186996
1968-07-09,55.293
1968-07-10,54.478
1968-07-11,57.367
1968-07-12,49.032997
1968-07-13,54.1295
1968-07-14,55.5305
1968-07-15,74.4065
1968-07-16,61.212997
1968-07-17,75.607
1968-07-18,88.552
1968-07-19,69.523
1968-07-20,76.9825
1968-07-21,78.738
1968-07-22,72.8925
1968-07-23,65.3545
1968-07-24,75.0595
1968-07-25,73.651
1968-07-26,77.5785
1968-07-27,75.716995
1968-07-28,81.9975
1968-07-29,68.1765
1968-07-30,62.512
1968-07-31,62.1055
1968-08-01,59.343998
1968-08-02,59.604
1968-08-03,77.9355
1968-08-04,68.891
1968-08-05,68.972
1968-08-06,63.3645
1968-08-07,88.504
1968-08-08,90.341
1968-08-09,88.48947
1968-08-10,82.9785
1968-08-11,82.014496
1968-08-12,78.3015
1968-08-13,72.7185
1968-08-14,73.0095
1968-08-15,80.7775
1968-08-16,73.4715
1968-08-17,66.269
1968-08-18,79.1895
1968-08-19,71.31
1968-08-20,62.234
1968-08-21,64.8665
1968-08-22,80.2855
1968-08-23,79.881
1968-08-24,82.488
1968-08-25,82.8925
1968-08-26,87.6445
1968-08-27,85.7765
1968-08-28,80.1905
1968-08-29,71.919495
1968-08-30,83.6835
1968-08-31,82.143
1968-09-01,76.285995
1968-09-02,79.834
1968-09-03,80.3685
1968-09-04,76.124504
1968-09-05,84.917496
1968-09-06,88.87
1968-09-07,77.493996
1968-09-08,75.4745
1968-09-09,79.4795
1968-09-10,79.7815
1968-09-11,82.663
1968-09-12,90.27526
1968-09-13,78.1885
1968-09-14,85.3645
1968-09-15,80.326996
1968-09-16,77.3515
1968-09-17,81.486
1968-09-18,83.8845
1968-09-19,77.47
1968-09-20,77.598495
1968-09-21,74.574
1968-09-22,82.94
1968-09-23,70.9885
1968-09-24,74.844
1968-09-25,79.001
1968-09-26,73.458
1968-09-27,77.208496
1968-09-28,77.975
1968-09-29,86.1985
1968-09-30,87.7945
1968-10-01,74.9685
1968-10-02,84.4675
1968-10-03,90.78176
1968-10-04,86.611
1968-10-05,82.183
1968-10-06,82.9785
1968-10-07,82.0815
1968-10-08,86.4605
1968-10-09,83.506
1968-10-10,87.589
1968-10-11,86.7279
1968-10-12,88.07895
1968-10-13,87.6065
1968-10-14,80.467
1968-10-15,85.967
1968-10-16,82.7295
1968-10-17,77.8295
1968-10-18,77.274
1968-10-19,68.5865
1968-10-20,73.759
1968-10-21,77.839
1968-10-22,73.0415
1968-10-23,78.01
1968-10-24,81.123
1968-10-25,90.65118
1968-10-26,81.654
1968-10-27,82.0395
1968-10-28,82.64
1968-10-29,82.297
1968-10-30,81.221
1968-10-31,82.604004
1968-11-01,82.6715
1968-11-02,70.668495
1968-11-03,72.938995
1968-11-04,85.2685
1968-11-05,86.0785
1968-11-06,85.444214
1968-11-07,91.51357
1968-11-08,89.1335
1968-11-09,85.251495
1968-11-10,85.2
1968-11-11,80.828
1968-11-12,84.520996
1968-11-13,84.054504
1968-11-14,82.7475
1968-11-15,91.109474
1968-11-16,93.11063
1968-11-17,89.5855
1968-11-18,91.734375
1968-11-19,84.0025
1968-11-20,89.399475
1968-11-21,87.327
1968-11-22,85.7195
1968-11-23,92.3075
1968-11-24,90.10353
1968-11-25,80.578
1968-11-26,87.9675
1968-11-27,88.499
1968-11-28,85.2825
1968-11-29,90.86
1968-11-30,90.556114
1968-12-01,84.6915
1968-12-02,87.88895
1968-12-03,84.931
1968-12-04,77.959
1968-12-05,84.11
1968-12-06,88.5355
1968-12-07,90.53889
1968-12-08,89.88421
1968-12-09,88.71895
1968-12-10,75.046
1968-12-11,76.67
1968-12-12,77.4105
1968-12-13,81.432495
1968-12-14,72.3725
1968-12-15,78.377
1968-12-16,85.1305
1968-12-17,90.201004
1968-12-18,92.06214
1968-12-19,91.84187
1968-12-20,87.954735
1968-12-21,89.51527
1968-12-22,88.52631
1968-12-23,92.175835
1968-12-24,84.803154
1968-12-25,91.16062
1968-12-26,82.0965
1968-12-27,79.689
1968-12-28,84.365
1968-12-29,89.28765
1968-12-30,89.30421
1968-12-31,82.212
1969-01-01,82.083496
1969-01-02,85.08222
1969-01-03,89.08222
1969-01-04,90.88333
1969-01-05,89.65895
1969-01-06,85.654
1969-01-07,85.9375
1969-01-08,81.9275
1969-01-09,82.7355
1969-01-10,88.0465
1969-01-11,81.197
1969-01-12,81.509
1969-01-13,79.724
1969-01-14,85.5375
1969-01-15,86.302
1969-01-16,90.68235
1969-01-17,90.31111
1969-01-18,92.27
1969-01-19,91.76842
1969-01-20,87.81737
1969-01-21,80.487495
1969-01-22,72.368996
1969-01-23,89.41688
1969-01-24,77.843
1969-01-25,82.1445
1969-01-26,83.116844
1969-01-27,84.1595
1969-01-28,85.403
1969-01-29,89.40889
1969-01-30,81.1985
1969-01-31,78.2565
1969-02-01,80.2445
1969-02-02,84.082
1969-02-03,77.305
1969-02-04,77.763
1969-02-05,70.1085
1969-02-06,86.72
1969-02-07,84.1275
1969-02-08,90.61
1969-02-09,73.959
1969-02-10,72.4535
1969-02-11,80.743996
1969-02-12,78.962
1969-02-13,86.7435
1969-02-14,92.08211
1969-02-15,90.3985
1969-02-16,85.3415
1969-02-17,77.584496
1969-02-18,74.693
1969-02-19,80.0925
1969-02-20,88.978
1969-02-21,92.764
1969-02-22,93.36583
1969-02-23,90.307365
1969-02-24,89.061
1969-02-25,93.44867
1969-02-26,91.55071
1969-02-27,91.27375
1969-02-28,89.030525
1969-03-01,86.5635
1969-03-02,90.11882
1969-03-03,87.5775
1969-03-04,83.6575
1969-03-05,70.8005
1969-03-06,63.899498
1969-03-07,76.879
1969-03-08,79.4705
1969-03-09,68.502
1969-03-10,66.324
1969-03-11,68.9255
1969-03-12,72.840996
1969-03-13,67.493996
1969-03-14,71.1185
1969-03-15,88.313156
1969-03-16,92.6325
1969-03-17,90.98334
1969-03-18,84.7335
1969-03-19,87.3605
1969-03-20,83.305
1969-03-21,67.97
1969-03-22,73.210495
1969-03-23,74.354
1969-03-24,78.514496
1969-03-25,82.087
1969-03-26,88.031
1969-03-27,84.860504
1969-03-28,76.4375
1969-03-29,76.986
1969-03-30,72.647
1969-03-31,74.228
1969-04-01,61.6825
1969-04-02,62.8485
1969-04-03,72.611496
1969-04-04,71.2535
1969-04-05,76.395996
1969-04-06,67.9775
1969-04-07,62.727497
1969-04-08,55.633
1969-04-09,50.782497
1969-04-10,48.053
1969-04-11,56.083
1969-04-12,59.582
1969-04-13,71.831
1969-04-14,64.230995
1969-04-15,49.9525
1969-04-16,67.6925
1969-04-17,75.5995
1969-04-18,75.205
1969-04-19,66.4415
1969-04-20,56.6265
1969-04-21,53.397
1969-04-22,57.7235
1969-04-23,64.9535
1969-04-24,71.465
1969-04-25,76.0405
1969-04-26,58.863
1969-04-27,52.3215
1969-04-28,49.740997
1969-04-29,51.3075
1969-04-30,56.2785
1969-05-01,56.966
1969-05-02,66.9715
1969-05-03,54.631496
1969-05-04,54.591
1969-05-05,52.863
1969-05-06,58.3815
1969-05-07,82.624
1969-05-08,87.1975
1969-05-09,75.772995
1969-05-10,73.2265
1969-05-11,65.805
1969-05-12,68.13
1969-05-13,62.661
1969-05-14,62.4545
1969-05-15,60.1885
1969-05-16,61.477997
1969-05-17,58.8415
1969-05-18,70.249
1969-05-19,84.6895
1969-05-20,67.459
1969-05-21,66.951
1969-05-22,60.990498
1969-05-23,61.493
1969-05-24,60.816998
1969-05-25,56.786
1969-05-26,61.7495
1969-05-27,70.7595
1969-05-28,56.913
1969-05-29,65.477
1969-05-30,57.7245
1969-05-31,55.8685
1969-06-01,58.6275
1969-06-02,68.419
1969-06-03,70.187
1969-06-04,79.8815
1969-06-05,78.111
1969-06-06,83.27
1969-06-07,90.35158
1969-06-08,68.5435
1969-06-09,55.565998
1969-06-10,65.270996
1969-06-11,62.948997
1969-06-12,70.3545
1969-06-13,77.5055
1969-06-14,83.9895
1969-06-15,74.71
1969-06-16,72.643
1969-06-17,71.58
1969-06-18,67.137
1969-06-19,70.1575
1969-06-20,86.68053
1969-06-21,83.3285
1969-06-22,76.541
1969-06-23,76.2835
1969-06-24,74.293
1969-06-25,72.4465
1969-06-26,84.154
1969-06-27,64.7045
1969-06-28,73.6515
1969-06-29,79.309
1969-06-30,88.350525
1969-07-01,76.75
1969-07-02,69.2215
1969-07-03,65.037
1969-07-04,69.899
1969-07-05,72.4345
1969-07-06,74.8975
1969-07-07,73.271996
1969-07-08,81.056
1969-07-09,66.568
1969-07-10,72.831
1969-07-11,66.24
1969-07-12,64.8775
1969-07-13,62.571
1969-07-14,56.338997
1969-07-15,56.783
1969-07-16,54.962997
1969-07-17,59.734997
1969-07-18,69.7525
1969-07-19,66.817
1969-07-20,59.807
1969-07-21,66.331
1969-07-22,70.4345
1969-07-23,65.586
1969-07-24,60.657497
1969-07-25,56.2785
1969-07-26,57.054
1969-07-27,56.990997
1969-07-28,56.095997
1969-07-29,56.37
1969-07-30,75.1655
1969-07-31,78.8995
1969-08-01,60.151
1969-08-02,63.372498
1969-08-03,63.268497
1969-08-04,56.847
1969-08-05,58.8215
1969-08-06,55.4185
1969-08-07,66.9225
1969-08-08,85.3495
1969-08-09,70.6785
1969-08-10,67.407
1969-08-11,68.9115
1969-08-12,77.569496
1969-08-13,72.8435
1969-08-14,68.094
1969-08-15,78.3355
1969-08-16,88.9455
1969-08-17,80.8965
1969-08-18,81.71
1969-08-19,75.396996
1969-08-20,73.372
1969-08-21,83.279
1969-08-22,79.423996
1969-08-23,91.13158
1969-08-24,89.218
1969-08-25,81.2435
1969-08-26,83.009
1969-08-27,83.3845
1969-08-28,86.5355
1969-08-29,82.123
1969-08-30,79.879
1969-08-31,77.5115
1969-09-01,81.1925
1969-09-02,80.686
1969-09-03,80.052
1969-09-04,74.884995
1969-09-05,79.818
1969-09-06,76.1925
1969-09-07,78.4425
1969-09-08,76.188
1969-09-09,70.8175
1969-09-10,74.6445
1969-09-11,76.968
1969-09-12,78.043
1969-09-13,76.1275
1969-09-14,74.9365
1969-09-15,83.961
1969-09-16,88.88842
1969-09-17,88.8925
1969-09-18,83.329
1969-09-19,76.7745
1969-09-20,77.789
1969-09-21,69.5715
1969-09-22,68.086
1969-09-23,74.162
1969-09-24,70.763
1969-09-25,74.31
1969-09-26,79.4135
1969-09-27,71.5625
1969-09-28,65.963
1969-09-29,70.918495
1969-09-30,76.5825
1969-10-01,74.644
1969-10-02,59.167
1969-10-03,86.827
1969-10-04,80.298
1969-10-05,77.83
1969-10-06,78.116
1969-10-07,76.0385
1969-10-08,78.3825
1969-10-09,74.171
1969-10-10,71.9375
1969-10-11,73.320496
1969-10-12,75.4895
1969-10-13,72.194496
1969-10-14,76.74
1969-10-15,82.4455
1969-10-16,81.6745
1969-10-17,84.071
1969-10-18,83.222
1969-10-19,79.792
1969-10-20,75.596
1969-10-21,74.46
1969-10-22,81.995
1969-10-23,80.781
1969-10-24,86.9475
1969-10-25,87.1195
1969-10-26,72.1765
1969-10-27,70.143
1969-10-28,71.917496
1969-10-29,70.4405
1969-10-30,64.863
1969-10-31,68.2045
1969-11-01,75.2995
1969-11-02,67.5275
1969-11-03,73.297
1969-11-04,75.6905
1969-11-05,78.6555
1969-11-06,73.616
1969-11-07,68.808
1969-11-08,90.79875
1969-11-09,89.16
1969-11-10,62.8325
1969-11-11,84.5985
1969-11-12,81.043
1969-11-13,91.4575
1969-11-14,88.446
1969-11-15,89.90632
1969-11-16,87.974
1969-11-17,76.659
1969-11-18,83.4735
1969-11-19,77.2685
1969-11-20,78.108
1969-11-21,81.006996
1969-11-22,90.22933
1969-11-23,92.516
1969-11-24,83.353
1969-11-25,79.5525
1969-11-26,80.5255
1969-11-27,78.8125
1969-11-28,76.9485
1969-11-29,83.002
1969-11-30,82.2525
1969-12-01,82.3155
1969-12-02,71.8745
1969-12-03,78.527
1969-12-04,88.10555
1969-12-05,92.034996
1969-12-06,87.077896
1969-12-07,88.109
1969-12-08,87.59
1969-12-09,88.27889
1969-12-10,92.18882
1969-12-11,93.2425
1969-12-12,88.654
1969-12-13,88.5525
1969-12-14,91.573685
1969-12-15,90.71933
1969-12-16,87.88368
1969-12-17,82.6885
1969-12-18,90.755
1969-12-19,88.0025
1969-12-20,83.1055
1969-12-21,76.054
1969-12-22,82.4785
1969-12-23,81.707
1969-12-24,88.671
1969-12-25,88.863
1969-12-26,90.95133
1969-12-27,87.7875
1969-12-28,88.54211
1969-12-29,90.97222
1969-12-30,91.77077
1969-12-31,91.74
1970-01-01,87.752
1970-01-02,81.625
1970-01-03,82.376495
1970-01-04,87.63737
1970-01-05,84.236496
1970-01-06,79.5905
1970-01-07,83.786995
1970-01-08,74.561
1970-01-09,84.893
1970-01-10,81.078
1970-01-11,84.482
1970-01-12,84.56263
1970-01-13,90.14533
1970-01-14,91.09571
1970-01-15,92.78
1970-01-16,90.13684
1970-01-17,80.8565
1970-01-18,73.574
1970-01-19,81.1845
1970-01-20,79.5565
1970-01-21,83.5745
1970-01-22,82.99
1970-01-23,86.01
1970-01-24,84.847496
1970-01-25,86.44158
1970-01-26,91.37385
1970-01-27,90.69818
1970-01-28,83.622
1970-01-29,80.904495
1970-01-30,83.276
1970-01-31,87.453
1970-02-01,80.171
1970-02-02,81.865
1970-02-03,85.1785
1970-02-04,76.6385
1970-02-05,88.897896
1970-02-06,78.029
1970-02-07,84.945
1970-02-08,85.1565
1970-02-09,79.3835
1970-02-10,88.077
1970-02-11,81.959496
1970-02-12,76.9095
1970-02-13,81.5965
1970-02-14,78.252
1970-02-15,86.3515
1970-02-16,74.385
1970-02-17,74.9925
1970-02-18,79.319
1970-02-19,83.795
1970-02-20,84.04
1970-02-21,83.132996
1970-02-22,90.17934
1970-02-23,88.4065
1970-02-24,81.505
1970-02-25,81.705
1970-02-26,88.4985
1970-02-27,81.7325
1970-02-28,84.9155
1970-03-01,79.708496
1970-03-02,83.532
1970-03-03,90.323685
1970-03-04,84.0865
1970-03-05,89.861
1970-03-06,73.6915
1970-03-07,78.618
1970-03-08,76.101
1970-03-09,85.326
1970-03-10,87.45947
1970-03-11,87.25421
1970-03-12,88.153
1970-03-13,84.8395
1970-03-14,83.621
1970-03-15,82.625496
1970-03-16,71.726
1970-03-17,73.4415
1970-03-18,80.5805
1970-03-19,73.684
1970-03-20,69.735
1970-03-21,83.666
1970-03-22,77.962
1970-03-23,77.0925
1970-03-24,84.667496
1970-03-25,80.998
1970-03-26,73.2575
1970-03-27,87.328
1970-03-28,65.0415
1970-03-29,62.974
1970-03-30,61.9315
1970-03-31,63.0985
1970-04-01,86.5935
1970-04-02,85.9985
1970-04-03,86.95167
1970-04-04,74.976
1970-04-05,77.850494
1970-04-06,67.079
1970-04-07,65.654
1970-04-08,76.852
1970-04-09,82.093
1970-04-10,72.306
1970-04-11,65.9145
1970-04-12,62.240498
1970-04-13,64.368996
1970-04-14,65.531
1970-04-15,59.4755
1970-04-16,59.538
1970-04-17,82.226
1970-04-18,73.4405
1970-04-19,60.177
1970-04-20,68.835
1970-04-21,71.5865
1970-04-22,64.9905
1970-04-23,54.705997
1970-04-24,79.934
1970-04-25,71.4655
1970-04-26,64.6295
1970-04-27,65.999
1970-04-28,79.556496
1970-04-29,63.732998
1970-04-30,61.043
1970-05-01,74.6935
1970-05-02,63.6415
1970-05-03,60.533997
1970-05-04,47.823498
1970-05-05,77.9945
1970-05-06,80.6185
1970-05-07,73.7415
1970-05-08,63.531
1970-05-09,60.691498
1970-05-10,71.1735
1970-05-11,69.824
1970-05-12,65.4745
1970-05-13,64.3955
1970-05-14,62.642998
1970-05-15,61.7645
1970-05-16,75.712
1970-05-17,74.293495
1970-05-18,58.510998
1970-05-19,57.878998
1970-05-20,62.272
1970-05-21,65.9875
1970-05-22,79.099495
1970-05-23,63.296997
1970-05-24,57.6345
1970-05-25,56.8755
1970-05-26,61.341
1970-05-27,76.9075
1970-05-28,72.785995
1970-05-29,69.889
1970-05-30,65.668
1970-05-31,73.32
1970-06-01,69.2355
1970-06-02,59.5265
1970-06-03,65.796
1970-06-04,75.9265
1970-06-05,89.3275
1970-06-06,76.4765
1970-06-07,71.7015
1970-06-08,84.905
1970-06-09,74.3435
1970-06-10,73.951
1970-06-11,82.682
1970-06-12,59.261997
1970-06-13,56.0765
1970-06-14,60.216
1970-06-15,65.233
1970-06-16,65.9355
1970-06-17,73.0515
1970-06-18,87.3155
1970-06-19,65.373
1970-06-20,60.3465
1970-06-21,55.512
1970-06-22,55.969498
1970-06-23,57.8015
1970-06-24,64.664
1970-06-25,71.2
1970-06-26,71.0155
1970-06-27,70.996
1970-06-28,61.9795
1970-06-29,75.3605
1970-06-30,77.696495
1970-07-01,75.044
1970-07-02,74.629
1970-07-03,71.459
1970-07-04,80.1135
1970-07-05,62.86
1970-07-06,60.185997
1970-07-07,64.548996
1970-07-08,70.725
1970-07-09,70.2405
1970-07-10,65.159
1970-07-11,63.147
1970-07-12,62.983
1970-07-13,57.7595
1970-07-14,58.9235
1970-07-15,83.5305
1970-07-16,82.709
1970-07-17,91.39125
1970-07-18,83.2115
1970-07-19,67.3415
1970-07-20,63.403
1970-07-21,75.193
1970-07-22,71.025
1970-07-23,69.7885
1970-07-24,66.0955
1970-07-25,83.589
1970-07-26,62.5155
1970-07-27,77.94
1970-07-28,74.1435
1970-07-29,70.9565
1970-07-30,71.3875
1970-07-31,71.01
1970-08-01,69.601
1970-08-02,77.205
1970-08-03,77.338
1970-08-04,83.1785
1970-08-05,78.655
1970-08-06,74.826
1970-08-07,83.3145
1970-08-08,75.904495
1970-08-09,79.9225
1970-08-10,83.6475
1970-08-11,76.0275
1970-08-12,74.852
1970-08-13,69.777
1970-08-14,72.172
1970-08-15,76.7705
1970-08-16,80.526
1970-08-17,88.4535
1970-08-18,66.878
1970-08-19,70.7995
1970-08-20,71.6435
1970-08-21,71.514496
1970-08-22,82.115
1970-08-23,73.371994
1970-08-24,88.25842
1970-08-25,77.396996
1970-08-26,74.770996
1970-08-27,73.756996
1970-08-28,78.313995
1970-08-29,72.2615
1970-08-30,80.922
1970-08-31,80.5955
1970-09-01,75.1215
1970-09-02,72.32
1970-09-03,72.0075
1970-09-04,82.0185
1970-09-05,73.5815
1970-09-06,66.639496
1970-09-07,73.4785
1970-09-08,74.935
1970-09-09,72.433
1970-09-10,76.1475
1970-09-11,71.117
1970-09-12,81.1415
1970-09-13,76.574
1970-09-14,71.1005
1970-09-15,71.643
1970-09-16,67.7875
1970-09-17,68.722496
1970-09-18,70.516495
1970-09-19,77.0775
1970-09-20,75.952995
1970-09-21,73.458496
1970-09-22,66.613
1970-09-23,66.9835
1970-09-24,67.1295
1970-09-25,72.261
1970-09-26,79.506
1970-09-27,73.089
1970-09-28,65.244995
1970-09-29,69.127
1970-09-30,69.2715
1970-10-01,87.83158
1970-10-02,84.666
1970-10-03,77.657
1970-10-04,87.393
1970-10-05,90.197
1970-10-06,80.042496
1970-10-07,77.873
1970-10-08,75.6905
1970-10-09,78.486496
1970-10-10,78.491
1970-10-11,81.6
1970-10-12,87.73684
1970-10-13,90.10445
1970-10-14,84.8245
1970-10-15,76.0945
1970-10-16,78.5375
1970-10-17,77.333496
1970-10-18,79.317
1970-10-19,76.874
1970-10-20,85.9815
1970-10-21,79.666
1970-10-22,79.951
1970-10-23,77.0375
1970-10-24,74.035995
1970-10-25,86.6415
1970-10-26,78.6515
1970-10-27,79.002
1970-10-28,83.3425
1970-10-29,74.861
1970-10-30,80.903
1970-10-31,61.75
1970-11-01,61.064
1970-11-02,72.113
1970-11-03,57.614998
1970-11-04,56.684
1970-11-05,70.7295
1970-11-06,71.0
1970-11-07,78.694496
1970-11-08,85.3105
1970-11-09,84.86895
1970-11-10,68.2575
1970-11-11,72.796
1970-11-12,70.5265
1970-11-13,76.7585
1970-11-14,65.0055
1970-11-15,80.334
1970-11-16,80.8965
1970-11-17,79.038
1970-11-18,86.2035
1970-11-19,81.971
1970-11-20,92.3525
1970-11-21,90.61158
1970-11-22,89.778336
1970-11-23,78.7565
1970-11-24,86.94
1970-11-25,91.75222
1970-11-26,90.90375
1970-11-27,88.30857
1970-11-28,88.660835
1970-11-29,90.94
1970-11-30,89.97611
1970-12-01,90.71333
1970-12-02,82.065
1970-12-03,79.8245
1970-12-04,67.3625
1970-12-05,89.89706
1970-12-06,87.223
1970-12-07,91.68916
1970-12-08,88.039474
1970-12-09,85.412
1970-12-10,84.5745
1970-12-11,90.65
1970-12-12,91.71429
1970-12-13,92.85222
1970-12-14,94.196
1970-12-15,89.94053
1970-12-16,86.56834
1970-12-17,89.182106
1970-12-18,88.408
1970-12-19,91.238945
1970-12-20,91.764114
1970-12-21,91.30059
1970-12-22,82.089
1970-12-23,85.272
1970-12-24,91.71934
1970-12-25,90.68842
1970-12-26,87.23158
1970-12-27,90.16286
1970-12-28,89.407646
1970-12-29,89.18632
1970-12-30,87.139496
1970-12-31,87.106
1971-01-01,75.187
1971-01-02,81.631996
1971-01-03,84.7705
1971-01-04,82.8415
1971-01-05,84.73
1971-01-06,77.661995
1971-01-07,80.160995
1971-01-08,91.59556
1971-01-09,92.38375
1971-01-10,89.9075
1971-01-11,89.68222
1971-01-12,85.6515
1971-01-13,86.004
1971-01-14,85.9315
1971-01-15,90.183
1971-01-16,90.92571
1971-01-17,93.27909
1971-01-18,93.19
1971-01-19,92.08428
1971-01-20,92.39077
1971-01-21,88.21059
1971-01-22,86.4875
1971-01-23,90.224
1971-01-24,87.1275
1971-01-25,85.2945
1971-01-26,83.012
1971-01-27,88.82111
1971-01-28,73.451
1971-01-29,81.876
1971-01-30,88.865265
1971-01-31,85.314
1971-02-01,81.539
1971-02-02,72.376495
1971-02-03,76.3045
1971-02-04,78.821495
1971-02-05,81.4315
1971-02-06,85.387
1971-02-07,82.4245
1971-02-08,75.4635
1971-02-09,83.697
1971-02-10,85.6185
1971-02-11,90.51158
1971-02-12,90.24834
1971-02-13,81.274
1971-02-14,71.137
1971-02-15,85.344
1971-02-16,80.903
1971-02-17,88.9379
1971-02-18,75.7165
1971-02-19,78.003
1971-02-20,76.629
1971-02-21,80.614
1971-02-22,87.9415
1971-02-23,79.391
1971-02-24,73.2715
1971-02-25,80.0385
1971-02-26,75.132996
1971-02-27,65.199
1971-02-28,81.935
1971-03-01,73.596
1971-03-02,79.4075
1971-03-03,78.1305
1971-03-04,69.65
1971-03-05,69.8375
1971-03-06,85.3605
1971-03-07,81.493004
1971-03-08,75.254
1971-03-09,83.333
1971-03-10,77.118996
1971-03-11,61.1645
1971-03-12,54.346497
1971-03-13,66.5905
1971-03-14,73.9135
1971-03-15,82.6435
1971-03-16,87.93412
1971-03-17,77.118996
1971-03-18,76.417
1971-03-19,57.6765
1971-03-20,61.489998
1971-03-21,48.3985
1971-03-22,79.903496
1971-03-23,70.54
1971-03-24,64.1515
1971-03-25,67.6715
1971-03-26,86.994736
1971-03-27,79.8025
1971-03-28,66.3845
1971-03-29,71.8425
1971-03-30,89.423996
1971-03-31,87.935265
1971-04-01,78.866
1971-04-02,82.933
1971-04-03,77.484
1971-04-04,71.087
1971-04-05,86.203
1971-04-06,80.46
1971-04-07,77.352
1971-04-08,68.688995
1971-04-09,60.989998
1971-04-10,61.817497
1971-04-11,58.4825
1971-04-12,60.348
1971-04-13,62.474
1971-04-14,54.677
1971-04-15,52.758
1971-04-16,52.3005
1971-04-17,60.8275
1971-04-18,58.608498
1971-04-19,58.934498
1971-04-20,45.968
1971-04-21,60.121998
1971-04-22,57.0265
1971-04-23,46.085
1971-04-24,68.75
1971-04-25,73.250496
1971-04-26,74.0555
1971-04-27,69.363
1971-04-28,75.2425
1971-04-29,64.243996
1971-04-30,57.634
1971-05-01,87.66052
1971-05-02,89.363335
1971-05-03,81.5335
1971-05-04,84.2575
1971-05-05,83.982
1971-05-06,81.886
1971-05-07,82.119
1971-05-08,75.694
1971-05-09,65.294
1971-05-10,66.5455
1971-05-11,63.989
1971-05-12,55.4595
1971-05-13,53.578
1971-05-14,53.713497
1971-05-15,61.2695
1971-05-16,63.005
1971-05-17,56.249
1971-05-18,56.0205
1971-05-19,63.354
1971-05-20,61.7645
1971-05-21,61.841
1971-05-22,72.194496
1971-05-23,68.6415
1971-05-24,61.3715
1971-05-25,58.541
1971-05-26,47.6675
1971-05-27,61.6685
1971-05-28,78.5205
1971-05-29,71.3285
1971-05-30,85.1695
1971-05-31,84.6445
1971-06-01,88.17263
1971-06-02,75.0755
1971-06-03,71.131
1971-06-04,69.2895
1971-06-05,72.606
1971-06-06,61.303997
1971-06-07,66.8545
1971-06-08,79.063995
1971-06-09,74.343
1971-06-10,72.415
1971-06-11,71.796
1971-06-12,83.5555
1971-06-13,63.176
1971-06-14,64.3075
1971-06-15,57.627
1971-06-16,61.3125
1971-06-17,65.877
1971-06-18,75.058
1971-06-19,73.4555
1971-06-20,75.614494
1971-06-21,68.1225
1971-06-22,67.2005
1971-06-23,56.404
1971-06-24,65.9125
1971-06-25,86.3515
1971-06-26,80.834
1971-06-27,71.5335
1971-06-28,59.6805
1971-06-29,58.1865
1971-06-30,69.5055
1971-07-01,79.3925
1971-07-02,74.063995
1971-07-03,71.224
1971-07-04,68.764
1971-07-05,68.324
1971-07-06,66.1
1971-07-07,57.155
1971-07-08,51.6245
1971-07-09,56.6275
1971-07-10,60.189
1971-07-11,57.906498
1971-07-12,59.905
1971-07-13,72.3695
1971-07-14,61.912
1971-07-15,68.6025
1971-07-16,63.3845
1971-07-17,70.2675
1971-07-18,78.801
1971-07-19,70.279495
1971-07-20,59.92
1971-07-21,55.998497
1971-07-22,62.1485
1971-07-23,59.0765
1971-07-24,57.4025
1971-07-25,57.017
1971-07-26,54.302998
1971-07-27,58.018997
1971-07-28,62.0225
1971-07-29,74.4895
1971-07-30,72.68
1971-07-31,76.789
1971-08-01,72.9665
1971-08-02,66.581
1971-08-03,60.4735
1971-08-04,75.031
1971-08-05,68.937
1971-08-06,69.1935
1971-08-07,62.0125
1971-08-08,68.581
1971-08-09,61.569
1971-08-10,58.385998
1971-08-11,57.889
1971-08-12,81.9745
1971-08-13,65.528496
1971-08-14,61.6455
1971-08-15,58.299
1971-08-16,62.1125
1971-08-17,56.727497
1971-08-18,62.461
1971-08-19,58.0785
1971-08-20,56.738
1971-08-21,51.29
1971-08-22,59.7355
1971-08-23,74.848
1971-08-24,80.2955
1971-08-25,66.602
1971-08-26,64.983
1971-08-27,86.249
1971-08-28,71.0165
1971-08-29,71.9745
1971-08-30,66.359
1971-08-31,87.059
1971-09-01,70.6485
1971-09-02,71.5395
1971-09-03,68.3245
1971-09-04,66.952
1971-09-05,65.9355
1971-09-06,62.3705
1971-09-07,59.3985
1971-09-08,66.51
1971-09-09,65.4465
1971-09-10,66.840996
1971-09-11,77.663
1971-09-12,88.569
1971-09-13,79.458
1971-09-14,69.545
1971-09-15,71.9105
1971-09-16,63.395
1971-09-17,69.567
1971-09-18,64.594
1971-09-19,77.085
1971-09-20,75.469
1971-09-21,69.7965
1971-09-22,64.934
1971-09-23,59.499
1971-09-24,69.277
1971-09-25,79.1015
1971-09-26,75.375
1971-09-27,72.707
1971-09-28,68.9145
1971-09-29,91.038666
1971-09-30,87.53158
1971-10-01,79.425995
1971-10-02,81.969
1971-10-03,85.023
1971-10-04,78.673
1971-10-05,63.726498
1971-10-06,74.6355
1971-10-07,70.896996
1971-10-08,68.4125
1971-10-09,74.3885
1971-10-10,71.7405
1971-10-11,75.104996
1971-10-12,74.6915
1971-10-13,81.3055
1971-10-14,77.119
1971-10-15,77.8525
1971-10-16,67.395996
1971-10-17,73.844
1971-10-18,76.998
1971-10-19,74.085
1971-10-20,76.763
1971-10-21,65.5385
1971-10-22,63.4795
1971-10-23,48.591
1971-10-24,73.678
1971-10-25,73.682
1971-10-26,64.598495
1971-10-27,70.1055
1971-10-28,73.6485
1971-10-29,74.0105
1971-10-30,64.7825
1971-10-31,72.7485
1971-11-01,71.271996
1971-11-02,85.77
1971-11-03,80.4
1971-11-04,75.075
1971-11-05,58.6105
1971-11-06,77.5515
1971-11-07,77.2725
1971-11-08,80.298
1971-11-09,74.534
1971-11-10,84.5675
1971-11-11,90.410835
1971-11-12,89.2415
1971-11-13,83.748
1971-11-14,82.2705
1971-11-15,77.8815
1971-11-16,73.392
1971-11-17,76.3365
1971-11-18,80.386
1971-11-19,80.8575
1971-11-20,64.888
1971-11-21,61.447
1971-11-22,87.588
1971-11-23,91.89
1971-11-24,84.8505
1971-11-25,86.4645
1971-11-26,79.0325
1971-11-27,85.62
1971-11-28,86.6075
1971-11-29,90.66579
1971-11-30,91.83692
1971-12-01,93.723
1971-12-02,92.16857
1971-12-03,88.061
1971-12-04,89.3535
1971-12-05,88.996
1971-12-06,86.03
1971-12-07,85.0365
1971-12-08,75.441
1971-12-09,69.435
1971-12-10,82.075
1971-12-11,82.482
1971-12-12,73.209496
1971-12-13,84.4975
1971-12-14,79.24
1971-12-15,81.9355
1971-12-16,75.694
1971-12-17,84.336845
1971-12-18,90.84867
1971-12-19,
1971-12-20,92.069
1971-12-21,90.40882
1971-12-22,74.9295
1971-12-23,81.0235
1971-12-24,79.82
1971-12-25,85.6175
1971-12-26,
1971-12-27,92.77308
1971-12-28,92.925
1971-12-29,92.4375
1971-12-30,89.77286
1971-12-31,90.53286
1972-01-01,85.47421
1972-01-02,91.72
1972-01-03,91.98882
1972-01-04,92.133125
1972-01-05,92.463
1972-01-06,93.36222
1972-01-07,92.10571
1972-01-08,92.541534
1972-01-09,92.46647
1972-01-10,91.733
1972-01-11,82.2985
1972-01-12,79.7655
1972-01-13,72.201996
1972-01-14,67.2975
1972-01-15,73.5535
1972-01-16,72.43
1972-01-17,69.3855
1972-01-18,71.173004
1972-01-19,73.4555
1972-01-20,80.4675
1972-01-21,81.2195
1972-01-22,81.076004
1972-01-23,83.1205
1972-01-24,80.8085
1972-01-25,86.137
1972-01-26,85.998
1972-01-27,77.555
1972-01-28,86.58369
1972-01-29,91.85
1972-01-30,92.653076
1972-01-31,93.07154
1972-02-01,90.84059
1972-02-02,81.822
1972-02-03,67.8975
1972-02-04,67.797
1972-02-05,67.6445
1972-02-06,75.528496
1972-02-07,74.4655
1972-02-08,83.1995
1972-02-09,82.165
1972-02-10,88.549
1972-02-11,85.4035
1972-02-12,84.782
1972-02-13,88.443
1972-02-14,84.753
1972-02-15,76.112495
1972-02-16,79.127
1972-02-17,80.866
1972-02-18,74.3235
1972-02-19,75.716995
1972-02-20,78.0175
1972-02-21,90.012634
1972-02-22,89.95611
1972-02-23,90.54813
1972-02-24,84.5125
1972-02-25,85.6215
1972-02-26,76.891495
1972-02-27,81.97474
1972-02-28,83.4395
1972-02-29,90.15625
1972-03-01,91.62572
1972-03-02,89.8375
1972-03-03,91.634735
1972-03-04,76.3505
1972-03-05,73.831
1972-03-06,81.8305
1972-03-07,82.821
1972-03-08,69.660995
1972-03-09,85.0995
1972-03-10,78.607
1972-03-11,76.424995
1972-03-12,72.74
1972-03-13,63.6065
1972-03-14,63.080498
1972-03-15,59.1165
1972-03-16,64.095
1972-03-17,59.433
1972-03-18,58.638
1972-03-19,59.366497
1972-03-20,62.48
1972-03-21,63.0605
1972-03-22,60.1995
1972-03-23,54.6545
1972-03-24,50.198498
1972-03-25,58.4805
1972-03-26,53.669
1972-03-27,62.6105
1972-03-28,70.758
1972-03-29,63.9795
1972-03-30,65.334
1972-03-31,59.786
1972-04-01,62.0555
1972-04-02,65.891
1972-04-03,75.201996
1972-04-04,74.186
1972-04-05,83.2725
1972-04-06,60.413
1972-04-07,57.646
1972-04-08,61.378498
1972-04-09,61.662
1972-04-10,64.4415
1972-04-11,56.474
1972-04-12,79.406
1972-04-13,90.92944
1972-04-14,84.936
1972-04-15,90.94
1972-04-16,85.9215
1972-04-17,89.398
1972-04-18,79.716995
1972-04-19,74.226
1972-04-20,78.1815
1972-04-21,76.3665
1972-04-22,86.2055
1972-04-23,78.794
1972-04-24,75.0915
1972-04-25,64.2885
1972-04-26,71.840996
1972-04-27,76.6685
1972-04-28,66.9235
1972-04-29,56.054497
1972-04-30,50.788
1972-05-01,53.277
1972-05-02,64.621
1972-05-03,89.01
1972-05-04,84.6495
1972-05-05,77.32
1972-05-06,71.159
1972-05-07,79.276
1972-05-08,77.3965
1972-05-09,80.47
1972-05-10,73.222
1972-05-11,77.2125
1972-05-12,71.032
1972-05-13,91.44947
1972-05-14,86.682
1972-05-15,85.103
1972-05-16,84.4845
1972-05-17,69.4265
1972-05-18,69.003
1972-05-19,83.858
1972-05-20,84.953
1972-05-21,83.42
1972-05-22,79.543
1972-05-23,71.904
1972-05-24,67.7995
1972-05-25,69.777
1972-05-26,67.769
1972-05-27,87.90895
1972-05-28,71.932495
1972-05-29,70.992
1972-05-30,67.5515
1972-05-31,88.5645
1972-06-01,80.762
1972-06-02,74.373
1972-06-03,71.086
1972-06-04,69.321
1972-06-05,72.124
1972-06-06,67.539
1972-06-07,60.7695
1972-06-08,63.312
1972-06-09,67.444496
1972-06-10,70.7305
1972-06-11,62.0015
1972-06-12,56.635998
1972-06-13,69.146996
1972-06-14,77.954
1972-06-15,61.0345
1972-06-16,63.746998
1972-06-17,70.344
1972-06-18,73.033
1972-06-19,66.168
1972-06-20,55.4815
1972-06-21,58.32
1972-06-22,62.7705
1972-06-23,70.935
1972-06-24,72.657
1972-06-25,63.2445
1972-06-26,71.4645
1972-06-27,70.7435
1972-06-28,68.5265
1972-06-29,76.312996
1972-06-30,76.3825
1972-07-01,62.178497
1972-07-02,58.915
1972-07-03,60.2915
1972-07-04,76.956
1972-07-05,65.9245
1972-07-06,62.152
1972-07-07,69.461
1972-07-08,61.876
1972-07-09,59.633
1972-07-10,60.797
1972-07-11,81.8115
1972-07-12,85.342
1972-07-13,86.558
1972-07-14,90.03562
1972-07-15,81.618
1972-07-16,60.615498
1972-07-17,64.259995
1972-07-18,77.691
1972-07-19,73.1605
1972-07-20,73.4805
1972-07-21,74.2135
1972-07-22,77.5675
1972-07-23,79.4015
1972-07-24,75.2835
1972-07-25,83.5715
1972-07-26,86.7925
1972-07-27,81.6655
1972-07-28,93.392
1972-07-29,87.441
1972-07-30,70.2605
1972-07-31,85.256996
1972-08-01,86.2885
1972-08-02,77.811
1972-08-03,91.335556
1972-08-04,81.093
1972-08-05,69.595
1972-08-06,70.965
1972-08-07,70.548004
1972-08-08,73.4765
1972-08-09,73.9485
1972-08-10,75.875
1972-08-11,76.322495
1972-08-12,72.407
1972-08-13,75.550995
1972-08-14,76.4655
1972-08-15,70.4565
1972-08-16,68.995995
1972-08-17,85.1445
1972-08-18,75.925
1972-08-19,77.5815
1972-08-20,83.849
1972-08-21,90.728424
1972-08-22,84.2325
1972-08-23,81.701996
1972-08-24,81.631
1972-08-25,77.341995
1972-08-26,76.506
1972-08-27,75.479996
1972-08-28,86.4665
1972-08-29,87.56
1972-08-30,80.5665
1972-08-31,74.134
1972-09-01,76.886
1972-09-02,73.304
1972-09-03,75.5725
1972-09-04,77.488495
1972-09-05,75.639
1972-09-06,70.748
1972-09-07,71.109
1972-09-08,80.214
1972-09-09,82.996
1972-09-10,84.968
1972-09-11,73.199
1972-09-12,75.8235
1972-09-13,73.852
1972-09-14,76.537994
1972-09-15,74.854996
1972-09-16,89.476845
1972-09-17,77.0055
1972-09-18,84.227
1972-09-19,84.2765
1972-09-20,85.6055
1972-09-21,84.6735
1972-09-22,81.3665
1972-09-23,77.792
1972-09-24,81.556
1972-09-25,79.069496
1972-09-26,79.283
1972-09-27,74.284
1972-09-28,74.957
1972-09-29,75.687996
1972-09-30,75.194
1972-10-01,79.516
1972-10-02,78.1595
1972-10-03,72.9395
1972-10-04,67.0665
1972-10-05,68.8735
1972-10-06,70.4235
1972-10-07,80.208
1972-10-08,92.47875
1972-10-09,90.238945
1972-10-10,88.232
1972-10-11,79.0635
1972-10-12,87.51611
1972-10-13,78.755
1972-10-14,71.2145
1972-10-15,70.2465
1972-10-16,72.2485
1972-10-17,77.719
1972-10-18,78.068
1972-10-19,64.3995
1972-10-20,59.9445
1972-10-21,64.624
1972-10-22,68.972
1972-10-23,84.08158
1972-10-24,72.5545
1972-10-25,75.0715
1972-10-26,76.521996
1972-10-27,68.2875
1972-10-28,72.708
1972-10-29,82.576
1972-10-30,80.889496
1972-10-31,78.087
1972-11-01,86.34263
1972-11-02,79.743
1972-11-03,76.818
1972-11-04,87.411
1972-11-05,85.694
1972-11-06,75.0105
1972-11-07,81.893
1972-11-08,91.19929
1972-11-09,93.181
1972-11-10,93.674446
1972-11-11,88.214
1972-11-12,74.0385
1972-11-13,85.3021
1972-11-14,86.995
1972-11-15,85.64526
1972-11-16,68.521996
1972-11-17,87.589
1972-11-18,87.80158
1972-11-19,72.1145
1972-11-20,81.3005
1972-11-21,87.652
1972-11-22,82.319496
1972-11-23,92.499
1972-11-24,85.6235
1972-11-25,72.9085
1972-11-26,74.6655
1972-11-27,70.25
1972-11-28,70.674995
1972-11-29,78.8045
1972-11-30,83.277
1972-12-01,91.398
1972-12-02,85.695
1972-12-03,88.22474
1972-12-04,89.57737
1972-12-05,90.5885
1972-12-06,84.727
1972-12-07,89.78588
1972-12-08,89.12556
1972-12-09,86.4955
1972-12-10,83.89526
1972-12-11,89.71333
1972-12-12,89.9125
1972-12-13,86.6065
1972-12-14,85.913
1972-12-15,82.4665
1972-12-16,89.836876
1972-12-17,90.356316
1972-12-18,89.80118
1972-12-19,86.848
1972-12-20,74.308
1972-12-21,79.392
1972-12-22,84.368
1972-12-23,80.8105
1972-12-24,91.6125
1972-12-25,90.56714
1972-12-26,92.12818
1972-12-27,79.527
1972-12-28,69.3565
1972-12-29,69.5535
1972-12-30,70.6865
1972-12-31,63.997
1973-01-01,57.377
1973-01-02,54.312496
1973-01-03,71.6875
1973-01-04,90.152725
1973-01-05,90.17842
1973-01-06,89.357056
1973-01-07,92.744
1973-01-08,92.5375
1973-01-09,92.97889
1973-01-10,90.861336
1973-01-11,84.78895
1973-01-12,84.717
1973-01-13,89.36158
1973-01-14,79.474
1973-01-15,84.1825
1973-01-16,90.83111
1973-01-17,83.723
1973-01-18,90.5175
1973-01-19,92.048
1973-01-20,93.71834
1973-01-21,93.932
1973-01-22,91.656
1973-01-23,93.16545
1973-01-24,91.53308
1973-01-25,92.781
1973-01-26,83.959496
1973-01-27,84.7835
1973-01-28,86.6705
1973-01-29,75.6205
1973-01-30,89.765884
1973-01-31,90.77
1973-02-01,92.07333
1973-02-02,89.38438
1973-02-03,86.9855
1973-02-04,83.4145
1973-02-05,86.54316
1973-02-06,80.4665
1973-02-07,72.85
1973-02-08,83.8745
1973-02-09,85.5095
1973-02-10,87.04
1973-02-11,76.3255
1973-02-12,73.941
1973-02-13,62.871
1973-02-14,83.596
1973-02-15,90.586
1973-02-16,90.725555
1973-02-17,77.0215
1973-02-18,67.199
1973-02-19,66.413
1973-02-20,78.708496
1973-02-21,85.986496
1973-02-22,75.589
1973-02-23,64.336
1973-02-24,72.2995
1973-02-25,78.118
1973-02-26,69.264
1973-02-27,66.8915
1973-02-28,71.8055
1973-03-01,70.274
1973-03-02,60.420998
1973-03-03,73.181
1973-03-04,82.72
1973-03-05,80.155
1973-03-06,85.2965
1973-03-07,88.028
1973-03-08,73.892
1973-03-09,73.2285
1973-03-10,67.727
1973-03-11,65.3535
1973-03-12,78.1335
1973-03-13,71.1745
1973-03-14,90.3535
1973-03-15,68.5395
1973-03-16,67.7445
1973-03-17,62.029
1973-03-18,76.2435
1973-03-19,73.812
1973-03-20,65.351
1973-03-21,63.2725
1973-03-22,63.348
1973-03-23,60.4475
1973-03-24,52.7575
1973-03-25,55.1165
1973-03-26,59.5015
1973-03-27,74.5965
1973-03-28,56.0885
1973-03-29,58.581497
1973-03-30,50.781998
1973-03-31,60.1695
1973-04-01,68.634
1973-04-02,53.586998
1973-04-03,58.57
1973-04-04,50.6105
1973-04-05,43.1965
1973-04-06,53.163498
1973-04-07,72.182
1973-04-08,59.953
1973-04-09,87.77368
1973-04-10,58.588997
1973-04-11,57.074497
1973-04-12,61.4615
1973-04-13,78.433
1973-04-14,92.068886
1973-04-15,77.656
1973-04-16,58.4175
1973-04-17,67.787
1973-04-18,76.361
1973-04-19,71.734
1973-04-20,90.57066
1973-04-21,89.628944
1973-04-22,74.384995
1973-04-23,61.3545
1973-04-24,71.4615
1973-04-25,67.311
1973-04-26,62.209
1973-04-27,60.839
1973-04-28,57.762497
1973-04-29,60.476997
1973-04-30,61.2225
1973-05-01,57.593998
1973-05-02,59.631
1973-05-03,61.789997
1973-05-04,63.268497
1973-05-05,60.0655
1973-05-06,68.8115
1973-05-07,74.944
1973-05-08,75.173996
1973-05-09,62.348
1973-05-10,54.2025
1973-05-11,60.962997
1973-05-12,55.733997
1973-05-13,55.539497
1973-05-14,50.76
1973-05-15,68.8045
1973-05-16,59.391
1973-05-17,59.0495
1973-05-18,52.952
1973-05-19,58.6745
1973-05-20,65.187
1973-05-21,57.036
1973-05-22,56.683
1973-05-23,66.631
1973-05-24,60.331997
1973-05-25,67.5375
1973-05-26,58.0935
1973-05-27,62.138
1973-05-28,60.8865
1973-05-29,58.2125
1973-05-30,52.677
1973-05-31,54.556
1973-06-01,54.565998
1973-06-02,48.8485
1973-06-03,70.9825
1973-06-04,81.458
1973-06-05,70.5055
1973-06-06,90.99579
1973-06-07,72.1775
1973-06-08,71.6485
1973-06-09,76.7965
1973-06-10,64.736496
1973-06-11,70.518
1973-06-12,60.896
1973-06-13,65.1785
1973-06-14,70.256996
1973-06-15,54.524498
1973-06-16,55.5345
1973-06-17,53.956497
1973-06-18,57.795998
1973-06-19,64.2205
1973-06-20,60.219997
1973-06-21,75.386
1973-06-22,90.4821
1973-06-23,78.0605
1973-06-24,85.591576
1973-06-25,74.821
1973-06-26,64.032
1973-06-27,64.202995
1973-06-28,64.5255
1973-06-29,70.696
1973-06-30,81.5435
1973-07-01,83.3345
1973-07-02,68.6185
1973-07-03,62.584
1973-07-04,58.965
1973-07-05,73.856995
1973-07-06,68.8745
1973-07-07,76.628
1973-07-08,68.2285
1973-07-09,65.152
1973-07-10,52.8885
1973-07-11,52.012997
1973-07-12,64.988495
1973-07-13,79.538
1973-07-14,64.438995
1973-07-15,62.455498
1973-07-16,59.442997
1973-07-17,56.188
1973-07-18,67.264496
1973-07-19,61.6475
1973-07-20,60.1955
1973-07-21,66.327
1973-07-22,87.7625
1973-07-23,63.374
1973-07-24,83.7015
1973-07-25,67.223
1973-07-26,64.3885
1973-07-27,68.153
1973-07-28,76.9075
1973-07-29,70.503
1973-07-30,71.6735
1973-07-31,65.3415
1973-08-01,60.372498
1973-08-02,54.3385
1973-08-03,69.5265
1973-08-04,69.1055
1973-08-05,65.967
1973-08-06,62.010498
1973-08-07,58.6645
1973-08-08,62.048
1973-08-09,52.628498
1973-08-10,53.129498
1973-08-11,52.541
1973-08-12,57.467
1973-08-13,56.2355
1973-08-14,55.497498
1973-08-15,58.769497
1973-08-16,58.4615
1973-08-17,60.077
1973-08-18,55.2385
1973-08-19,56.519
1973-08-20,67.108
1973-08-21,72.0235
1973-08-22,58.3465
1973-08-23,57.606
1973-08-24,57.267
1973-08-25,58.157497
1973-08-26,57.445
1973-08-27,52.3195
1973-08-28,68.4675
1973-08-29,90.70579
1973-08-30,80.976
1973-08-31,78.0935
1973-09-01,64.923
1973-09-02,63.0905
1973-09-03,62.391
1973-09-04,66.0685
1973-09-05,60.6735
1973-09-06,61.416
1973-09-07,61.9015
1973-09-08,67.165
1973-09-09,63.770996
1973-09-10,75.173996
1973-09-11,60.91
1973-09-12,63.753998
1973-09-13,63.791
1973-09-14,57.0865
1973-09-15,62.678497
1973-09-16,67.459496
1973-09-17,78.4365
1973-09-18,63.1545
1973-09-19,75.875496
1973-09-20,84.1625
1973-09-21,69.9045
1973-09-22,83.868
1973-09-23,77.243
1973-09-24,85.705
1973-09-25,88.639
1973-09-26,86.273
1973-09-27,87.55053
1973-09-28,78.9135
1973-09-29,77.562996
1973-09-30,77.185
1973-10-01,86.7045
1973-10-02,87.325
1973-10-03,81.7375
1973-10-04,80.813995
1973-10-05,74.0255
1973-10-06,71.390495
1973-10-07,75.1
1973-10-08,73.998
1973-10-09,78.787
1973-10-10,75.937996
1973-10-11,76.0035
1973-10-12,77.7775
1973-10-13,72.223
1973-10-14,71.6905
1973-10-15,75.016
1973-10-16,78.512
1973-10-17,75.501
1973-10-18,78.9765
1973-10-19,62.6005
1973-10-20,67.621
1973-10-21,79.527
1973-10-22,64.186
1973-10-23,78.679
1973-10-24,68.3705
1973-10-25,75.294495
1973-10-26,76.343994
1973-10-27,77.1505
1973-10-28,77.7965
1973-10-29,80.8625
1973-10-30,76.6045
1973-10-31,67.1555
1973-11-01,68.963
1973-11-02,72.8765
1973-11-03,68.8585
1973-11-04,63.4385
1973-11-05,64.139496
1973-11-06,82.486496
1973-11-07,73.243996
1973-11-08,72.312996
1973-11-09,82.7935
1973-11-10,81.5245
1973-11-11,87.0865
1973-11-12,76.8295
1973-11-13,77.493
1973-11-14,74.553
1973-11-15,87.2255
1973-11-16,68.6465
1973-11-17,64.0335
1973-11-18,67.8585
1973-11-19,76.3555
1973-11-20,53.2865
1973-11-21,60.2445
1973-11-22,80.9715
1973-11-23,80.0775
1973-11-24,69.845
1973-11-25,74.795
1973-11-26,73.3965
1973-11-27,73.0035
1973-11-28,76.031
1973-11-29,84.5945
1973-11-30,67.559
1973-12-01,69.566
1973-12-02,75.95
1973-12-03,73.1655
1973-12-04,75.0815
1973-12-05,72.2425
1973-12-06,75.723495
1973-12-07,64.743996
1973-12-08,83.97
1973-12-09,71.363
1973-12-10,73.769
1973-12-11,71.5005
1973-12-12,80.352
1973-12-13,79.682495
1973-12-14,69.516
1973-12-15,74.6585
1973-12-16,71.967995
1973-12-17,70.998
1973-12-18,72.606
1973-12-19,82.7345
1973-12-20,82.518
1973-12-21,69.1965
1973-12-22,79.5115
1973-12-23,84.05722
1973-12-24,70.6045
1973-12-25,76.9825
1973-12-26,83.3145
1973-12-27,81.626
1973-12-28,89.878235
1973-12-29,88.04667
1973-12-30,84.93105
1973-12-31,89.3725
1974-01-01,88.172775
1974-01-02,88.1455
1974-01-03,88.6765
1974-01-04,89.91
1974-01-05,88.22
1974-01-06,89.1815
1974-01-07,91.4379
1974-01-08,92.80231
1974-01-09,85.992
1974-01-10,82.4835
1974-01-11,86.30055
1974-01-12,90.795
1974-01-13,90.65294
1974-01-14,82.388504
1974-01-15,87.935
1974-01-16,90.096115
1974-01-17,79.415
1974-01-18,78.455
1974-01-19,87.333336
1974-01-20,71.622
1974-01-21,74.923
1974-01-22,87.91947
1974-01-23,83.7095
1974-01-24,87.3175
1974-01-25,84.5925
1974-01-26,83.1965
1974-01-27,90.518425
1974-01-28,84.75
1974-01-29,86.943
1974-01-30,82.5755
1974-01-31,82.791
1974-02-01,89.05527
1974-02-02,90.564445
1974-02-03,83.2925
1974-02-04,89.42263
1974-02-05,84.743996
1974-02-06,82.1595
1974-02-07,70.663
1974-02-08,67.0935
1974-02-09,77.3155
1974-02-10,71.047
1974-02-11,72.5945
1974-02-12,77.640495
1974-02-13,75.839
1974-02-14,85.56
1974-02-15,84.897
1974-02-16,86.546
1974-02-17,81.271996
1974-02-18,77.159996
1974-02-19,83.671
1974-02-20,83.337
1974-02-21,77.4535
1974-02-22,77.1065
1974-02-23,89.2735
1974-02-24,74.847496
1974-02-25,73.4525
1974-02-26,71.288
1974-02-27,70.2815
1974-02-28,64.687996
1974-03-01,58.6615
1974-03-02,66.0025
1974-03-03,63.114998
1974-03-04,63.237
1974-03-05,75.804
1974-03-06,68.548996
1974-03-07,72.7835
1974-03-08,77.684
1974-03-09,81.347496
1974-03-10,83.829
1974-03-11,83.738
1974-03-12,78.151
1974-03-13,65.8
1974-03-14,70.144
1974-03-15,71.597
1974-03-16,63.205997
1974-03-17,72.506
1974-03-18,65.902
1974-03-19,68.617
1974-03-20,62.453
1974-03-21,55.6145
1974-03-22,54.844498
1974-03-23,56.032497
1974-03-24,64.099
1974-03-25,71.098
1974-03-26,65.134
1974-03-27,66.9395
1974-03-28,55.0275
1974-03-29,56.5165
1974-03-30,54.457
1974-03-31,62.516
1974-04-01,69.394
1974-04-02,59.0905
1974-04-03,56.144497
1974-04-04,54.628
1974-04-05,55.638
1974-04-06,58.767
1974-04-07,57.1585
1974-04-08,57.871
1974-04-09,57.1995
1974-04-10,53.3075
1974-04-11,52.6185
1974-04-12,74.678
1974-04-13,59.848
1974-04-14,48.351498
1974-04-15,41.408997
1974-04-16,55.729
1974-04-17,49.623497
1974-04-18,50.052998
1974-04-19,44.5015
1974-04-20,49.4185
1974-04-21,71.2865
1974-04-22,69.542
1974-04-23,57.9635
1974-04-24,63.9585
1974-04-25,85.2145
1974-04-26,86.88526
1974-04-27,68.7815
1974-04-28,62.259
1974-04-29,78.7395
1974-04-30,70.514
1974-05-01,83.6445
1974-05-02,78.886
1974-05-03,73.4465
1974-05-04,76.604996
1974-05-05,82.531
1974-05-06,81.8785
1974-05-07,75.401
1974-05-08,63.936
1974-05-09,55.425
1974-05-10,62.4475
1974-05-11,61.973
1974-05-12,79.663
1974-05-13,75.487495
1974-05-14,73.954
1974-05-15,80.3045
1974-05-16,79.569
1974-05-17,85.303
1974-05-18,74.7645
1974-05-19,61.027
1974-05-20,59.1415
1974-05-21,69.992
1974-05-22,84.5785
1974-05-23,75.115
1974-05-24,72.533
1974-05-25,78.2865
1974-05-26,63.004498
1974-05-27,61.6235
1974-05-28,61.4495
1974-05-29,67.1905
1974-05-30,62.1905
1974-05-31,63.783
1974-06-01,87.162
1974-06-02,72.1665
1974-06-03,66.136
1974-06-04,69.265
1974-06-05,62.468998
1974-06-06,80.932495
1974-06-07,73.1995
1974-06-08,58.566498
1974-06-09,68.7135
1974-06-10,79.7905
1974-06-11,71.2865
1974-06-12,72.673996
1974-06-13,86.8955
1974-06-14,86.772
1974-06-15,80.442
1974-06-16,75.0325
1974-06-17,75.1025
1974-06-18,68.164
1974-06-19,76.111
1974-06-20,68.43
1974-06-21,65.6325
1974-06-22,77.7875
1974-06-23,65.4645
1974-06-24,72.361496
1974-06-25,70.1435
1974-06-26,64.6895
1974-06-27,68.1375
1974-06-28,62.656498
1974-06-29,73.6915
1974-06-30,64.205
1974-07-01,73.0165
1974-07-02,60.598
1974-07-03,62.536
1974-07-04,56.906
1974-07-05,58.486
1974-07-06,66.056496
1974-07-07,65.543495
1974-07-08,59.3575
1974-07-09,77.1175
1974-07-10,64.0015
1974-07-11,88.5825
1974-07-12,82.69
1974-07-13,71.8845
1974-07-14,57.491
1974-07-15,72.928
1974-07-16,66.561
1974-07-17,71.9085
1974-07-18,86.8535
1974-07-19,65.387
1974-07-20,67.020996
1974-07-21,78.3015
1974-07-22,70.756
1974-07-23,75.2435
1974-07-24,71.961
1974-07-25,77.3875
1974-07-26,65.238
1974-07-27,56.455997
1974-07-28,63.7855
1974-07-29,57.3755
1974-07-30,62.036
1974-07-31,62.260998
1974-08-01,69.112
1974-08-02,67.3885
1974-08-03,68.9215
1974-08-04,60.803497
1974-08-05,61.718998
1974-08-06,62.1175
1974-08-07,64.3235
1974-08-08,59.4535
1974-08-09,73.193
1974-08-10,65.367
1974-08-11,85.025
1974-08-12,67.876495
1974-08-13,69.3975
1974-08-14,70.1455
1974-08-15,67.3135
1974-08-16,69.372
1974-08-17,63.0135
1974-08-18,65.366
1974-08-19,72.3455
1974-08-20,73.5735
1974-08-21,78.108
1974-08-22,87.8985
1974-08-23,84.143
1974-08-24,73.611
1974-08-25,74.508995
1974-08-26,83.9235
1974-08-27,84.586
1974-08-28,83.153496
1974-08-29,75.3555
1974-08-30,72.147995
1974-08-31,68.7075
1974-09-01,83.652
1974-09-02,84.053
1974-09-03,76.0775
1974-09-04,77.831
1974-09-05,71.828995
1974-09-06,67.8835
1974-09-07,77.636
1974-09-08,72.143
1974-09-09,69.006996
1974-09-10,79.7415
1974-09-11,75.89
1974-09-12,74.1665
1974-09-13,78.1455
1974-09-14,77.5625
1974-09-15,74.291
1974-09-16,68.2
1974-09-17,65.6025
1974-09-18,70.225
1974-09-19,78.4855
1974-09-20,78.506
1974-09-21,85.447
1974-09-22,86.863
1974-09-23,80.418
1974-09-24,84.0955
1974-09-25,91.621666
1974-09-26,77.0905
1974-09-27,72.4705
1974-09-28,77.3435
1974-09-29,83.308
1974-09-30,92.295
1974-10-01,88.593
1974-10-02,83.658
1974-10-03,76.7635
1974-10-04,83.959
1974-10-05,89.497894
1974-10-06,82.888
1974-10-07,79.5215
1974-10-08,91.39059
1974-10-09,86.422
1974-10-10,76.659996
1974-10-11,83.057
1974-10-12,85.534996
1974-10-13,83.070496
1974-10-14,89.84278
1974-10-15,88.75684
1974-10-16,86.0045
1974-10-17,78.094
1974-10-18,80.973
1974-10-19,73.2735
1974-10-20,88.45895
1974-10-21,90.057
1974-10-22,73.541
1974-10-23,75.005
1974-10-24,86.2325
1974-10-25,77.518
1974-10-26,80.6615
1974-10-27,83.222496
1974-10-28,81.508
1974-10-29,83.552
1974-10-30,84.4775
1974-10-31,80.124
1974-11-01,72.471
1974-11-02,68.121
1974-11-03,72.862
1974-11-04,75.994
1974-11-05,85.09579
1974-11-06,90.5179
1974-11-07,85.9895
1974-11-08,83.677
1974-11-09,81.16526
1974-11-10,78.8035
1974-11-11,83.379
1974-11-12,87.0605
1974-11-13,80.7675
1974-11-14,79.0165
1974-11-15,79.4155
1974-11-16,70.165
1974-11-17,75.328
1974-11-18,81.5135
1974-11-19,80.944
1974-11-20,79.512
1974-11-21,86.417496
1974-11-22,91.2285
1974-11-23,89.31
1974-11-24,88.476845
1974-11-25,85.8085
1974-11-26,75.5755
1974-11-27,78.7385
1974-11-28,77.8905
1974-11-29,73.3495
1974-11-30,75.7265
1974-12-01,83.4825
1974-12-02,88.14105
1974-12-03,83.569496
1974-12-04,88.13684
1974-12-05,75.2335
1974-12-06,84.64
1974-12-07,87.208
1974-12-08,87.086845
1974-12-09,92.248886
1974-12-10,91.092
1974-12-11,90.40813
1974-12-12,79.524
1974-12-13,90.116
1974-12-14,77.715
1974-12-15,76.8725
1974-12-16,85.997
1974-12-17,84.4965
1974-12-18,69.567
1974-12-19,77.447
1974-12-20,82.2695
1974-12-21,77.155
1974-12-22,85.950554
1974-12-23,90.656876
1974-12-24,91.77563
1974-12-25,92.07769
1974-12-26,89.873
1974-12-27,73.434
1974-12-28,81.4485
1974-12-29,66.37
1974-12-30,71.9205
1974-12-31,78.8085
1975-01-01,89.273
1975-01-02,83.6835
1975-01-03,92.29
1975-01-04,83.9435
1975-01-05,78.3
1975-01-06,73.209
1975-01-07,73.5105
1975-01-08,79.8555
1975-01-09,75.3365
1975-01-10,81.1605
1975-01-11,85.7165
1975-01-12,83.7305
1975-01-13,91.2025
1975-01-14,84.6295
1975-01-15,88.71
1975-01-16,81.048996
1975-01-17,80.989
1975-01-18,83.87
1975-01-19,78.292496
1975-01-20,84.589
1975-01-21,90.46579
1975-01-22,83.7055
1975-01-23,91.197365
1975-01-24,87.78158
1975-01-25,86.5665
1975-01-26,73.000496
1975-01-27,70.0605
1975-01-28,88.982635
1975-01-29,84.04
1975-01-30,82.5905
1975-01-31,90.81421
1975-02-01,90.005264
1975-02-02,89.174446
1975-02-03,80.188995
1975-02-04,74.5895
1975-02-05,81.292496
1975-02-06,90.32579
1975-02-07,78.28
1975-02-08,64.0945
1975-02-09,75.750496
1975-02-10,79.291
1975-02-11,81.586
1975-02-12,85.807495
1975-02-13,89.6185
1975-02-14,76.7515
1975-02-15,71.4295
1975-02-16,59.9685
1975-02-17,60.997498
1975-02-18,63.025
1975-02-19,75.021996
1975-02-20,72.2845
1975-02-21,66.553
1975-02-22,71.2045
1975-02-23,66.681496
1975-02-24,67.07
1975-02-25,73.163
1975-02-26,50.352
1975-02-27,57.184498
1975-02-28,57.7095
1975-03-01,57.383
1975-03-02,70.657
1975-03-03,68.2415
1975-03-04,62.18
1975-03-05,65.429
1975-03-06,74.032
1975-03-07,72.363495
1975-03-08,64.553
1975-03-09,62.079
1975-03-10,59.334
1975-03-11,67.2425
1975-03-12,76.793
1975-03-13,75.858
1975-03-14,87.793
1975-03-15,87.1155
1975-03-16,86.056
1975-03-17,90.09842
1975-03-18,83.53737
1975-03-19,75.031
1975-03-20,69.54
1975-03-21,54.4245
1975-03-22,57.385498
1975-03-23,84.5325
1975-03-24,82.622
1975-03-25,74.757996
1975-03-26,62.204998
1975-03-27,69.8815
1975-03-28,71.4375
1975-03-29,69.271996
1975-03-30,91.95824
1975-03-31,83.2945
1975-04-01,77.7135
1975-04-02,72.4565
1975-04-03,81.126
1975-04-04,60.759
1975-04-05,52.8015
1975-04-06,56.0845
1975-04-07,69.221
1975-04-08,62.6545
1975-04-09,71.8275
1975-04-10,89.1055
1975-04-11,66.964
1975-04-12,73.901
1975-04-13,67.151
1975-04-14,82.522995
1975-04-15,76.5165
1975-04-16,75.2305
1975-04-17,68.8735
1975-04-18,66.8275
1975-04-19,63.496
1975-04-20,53.039
1975-04-21,63.7175
1975-04-22,61.362
1975-04-23,66.281
1975-04-24,61.0225
1975-04-25,60.887
1975-04-26,62.6585
1975-04-27,56.153
1975-04-28,54.0015
1975-04-29,55.3895
1975-04-30,50.868
1975-05-01,65.0265
1975-05-02,50.314
1975-05-03,59.9375
1975-05-04,66.141
1975-05-05,67.84
1975-05-06,67.156
1975-05-07,59.204998
1975-05-08,81.078
1975-05-09,73.8725
1975-05-10,70.567
1975-05-11,60.727497
1975-05-12,64.149
1975-05-13,66.951
1975-05-14,66.6975
1975-05-15,65.8125
1975-05-16,72.9245
1975-05-17,66.016
1975-05-18,68.017
1975-05-19,66.8845
1975-05-20,68.9105
1975-05-21,61.906498
1975-05-22,69.6055
1975-05-23,81.9925
1975-05-24,70.431
1975-05-25,90.513
1975-05-26,78.3305
1975-05-27,80.872
1975-05-28,69.496
1975-05-29,64.201
1975-05-30,75.337
1975-05-31,75.9935
1975-06-01,82.8445
1975-06-02,82.615
1975-06-03,65.2845
1975-06-04,48.534
1975-06-05,61.1625
1975-06-06,57.0205
1975-06-07,60.082497
1975-06-08,85.926315
1975-06-09,89.79474
1975-06-10,79.6695
1975-06-11,76.042
1975-06-12,70.2555
1975-06-13,71.370995
1975-06-14,67.9575
1975-06-15,58.5445
1975-06-16,63.64
1975-06-17,76.725494
1975-06-18,81.3675
1975-06-19,74.293
1975-06-20,86.71
1975-06-21,80.8925
1975-06-22,71.305
1975-06-23,69.891
1975-06-24,75.2725
1975-06-25,82.037
1975-06-26,62.5145
1975-06-27,63.583
1975-06-28,74.632996
1975-06-29,71.699
1975-06-30,91.73158
1975-07-01,92.32533
1975-07-02,76.1325
1975-07-03,64.8995
1975-07-04,69.841995
1975-07-05,84.193
1975-07-06,70.413
1975-07-07,64.9355
1975-07-08,68.4555
1975-07-09,69.0745
1975-07-10,71.7755
1975-07-11,77.26
1975-07-12,82.8035
1975-07-13,76.209
1975-07-14,70.935
1975-07-15,71.403
1975-07-16,71.043
1975-07-17,70.7975
1975-07-18,75.053
1975-07-19,84.947
1975-07-20,79.2115
1975-07-21,78.0825
1975-07-22,73.5565
1975-07-23,70.1195
1975-07-24,71.0665
1975-07-25,79.2495
1975-07-26,74.432
1975-07-27,68.9555
1975-07-28,73.620995
1975-07-29,72.6565
1975-07-30,66.067
1975-07-31,71.354996
1975-08-01,69.576996
1975-08-02,80.0365
1975-08-03,73.8595
1975-08-04,74.81
1975-08-05,76.306496
1975-08-06,76.553
1975-08-07,78.1925
1975-08-08,80.097496
1975-08-09,73.0785
1975-08-10,68.2545
1975-08-11,68.7705
1975-08-12,84.44
1975-08-13,66.5505
1975-08-14,64.988
1975-08-15,71.1695
1975-08-16,86.557
1975-08-17,70.6305
1975-08-18,80.3155
1975-08-19,73.7135
1975-08-20,70.099
1975-08-21,69.188995
1975-08-22,65.969
1975-08-23,70.678
1975-08-24,78.821
1975-08-25,87.303
1975-08-26,84.01
1975-08-27,80.716995
1975-08-28,70.818
1975-08-29,89.64778
1975-08-30,84.2235
1975-08-31,82.6695
1975-09-01,83.8955
1975-09-02,83.3795
1975-09-03,80.565
1975-09-04,82.343
1975-09-05,87.126495
1975-09-06,81.762
1975-09-07,89.451996
1975-09-08,73.6095
1975-09-09,73.995
1975-09-10,77.751495
1975-09-11,71.242
1975-09-12,88.8815
1975-09-13,77.5475
1975-09-14,75.765
1975-09-15,76.3565
1975-09-16,81.086
1975-09-17,83.8345
1975-09-18,75.389496
1975-09-19,71.0685
1975-09-20,78.0525
1975-09-21,78.233
1975-09-22,77.809
1975-09-23,81.9835
1975-09-24,82.2405
1975-09-25,81.9255
1975-09-26,71.047
1975-09-27,74.628494
1975-09-28,84.412
1975-09-29,83.2015
1975-09-30,78.5265
1975-10-01,74.2675
1975-10-02,86.486496
1975-10-03,80.85
1975-10-04,68.194496
1975-10-05,70.0895
1975-10-06,81.958
1975-10-07,76.548
1975-10-08,65.0355
1975-10-09,75.3965
1975-10-10,85.52
1975-10-11,76.3645
1975-10-12,71.643
1975-10-13,88.647644
1975-10-14,89.335
1975-10-15,82.107
1975-10-16,78.9685
1975-10-17,86.523
1975-10-18,90.28895
1975-10-19,89.493
1975-10-20,89.496
1975-10-21,86.92105
1975-10-22,84.7175
1975-10-23,88.776
1975-10-24,84.623
1975-10-25,88.4355
1975-10-26,83.279
1975-10-27,81.035995
1975-10-28,81.840996
1975-10-29,91.06231
1975-10-30,91.986
1975-10-31,90.98692
1975-11-01,90.29375
1975-11-02,90.645004
1975-11-03,91.14737
1975-11-04,88.8625
1975-11-05,87.56555
1975-11-06,85.109
1975-11-07,85.85
1975-11-08,82.2285
1975-11-09,81.245
1975-11-10,82.235
1975-11-11,81.9155
1975-11-12,84.3545
1975-11-13,81.9025
1975-11-14,87.2545
1975-11-15,89.8575
1975-11-16,86.8565
1975-11-17,87.9675
1975-11-18,87.767
1975-11-19,79.1925
1975-11-20,87.195625
1975-11-21,76.654495
1975-11-22,79.7995
1975-11-23,73.563
1975-11-24,73.879
1975-11-25,74.5365
1975-11-26,79.3955
1975-11-27,73.4945
1975-11-28,76.782
1975-11-29,82.3855
1975-11-30,86.316
1975-12-01,88.243
1975-12-02,85.31389
1975-12-03,88.13263
1975-12-04,87.279
1975-12-05,75.485
1975-12-06,73.486
1975-12-07,71.8545
1975-12-08,75.6305
1975-12-09,74.986
1975-12-10,79.767
1975-12-11,81.36
1975-12-12,82.455
1975-12-13,88.859
1975-12-14,89.60526
1975-12-15,86.8465
1975-12-16,90.695
1975-12-17,90.83
1975-12-18,79.877
1975-12-19,76.4015
1975-12-20,75.569
1975-12-21,80.0015
1975-12-22,77.208496
1975-12-23,80.963
1975-12-24,81.376
1975-12-25,80.1695
1975-12-26,80.724
1975-12-27,82.0535
1975-12-28,83.45
1975-12-29,92.64091
1975-12-30,90.92
1975-12-31,90.276665
1976-01-01,88.91368
1976-01-02,80.4895
1976-01-03,71.8965
1976-01-04,70.2665
1976-01-05,77.0345
1976-01-06,87.58222
1976-01-07,79.302
1976-01-08,87.163155
1976-01-09,89.115555
1976-01-10,88.4675
1976-01-11,79.979
1976-01-12,72.972
1976-01-13,74.667496
1976-01-14,85.0545
1976-01-15,71.309
1976-01-16,67.881
1976-01-17,81.8085
1976-01-18,76.461
1976-01-19,81.1745
1976-01-20,75.5495
1976-01-21,75.660995
1976-01-22,72.986496
1976-01-23,71.2185
1976-01-24,77.863495
1976-01-25,81.387
1976-01-26,82.669
1976-01-27,81.539
1976-01-28,72.5015
1976-01-29,72.965
1976-01-30,76.5505
1976-01-31,87.791504
1976-02-01,83.028
1976-02-02,84.551
1976-02-03,79.229996
1976-02-04,88.647
1976-02-05,89.50053
1976-02-06,82.3685
1976-02-07,66.321
1976-02-08,69.5265
1976-02-09,72.265
1976-02-10,84.502
1976-02-11,88.84353
1976-02-12,87.91059
1976-02-13,84.0525
1976-02-14,83.998
1976-02-15,86.166
1976-02-16,87.954735
1976-02-17,91.295334
1976-02-18,78.42
1976-02-19,79.543495
1976-02-20,79.7835
1976-02-21,82.055
1976-02-22,87.597496
1976-02-23,87.34412
1976-02-24,92.006
1976-02-25,84.523
1976-02-26,77.230995
1976-02-27,75.7995
1976-02-28,75.8985
1976-02-29,82.3405
1976-03-01,73.0655
1976-03-02,54.952
1976-03-03,61.225
1976-03-04,61.8845
1976-03-05,64.1445
1976-03-06,70.284
1976-03-07,71.09
1976-03-08,79.09
1976-03-09,77.9195
1976-03-10,59.6065
1976-03-11,61.557
1976-03-12,61.812
1976-03-13,67.8025
1976-03-14,73.987
1976-03-15,78.9985
1976-03-16,85.956
1976-03-17,79.2895
1976-03-18,81.134
1976-03-19,80.961
1976-03-20,61.974
1976-03-21,59.912
1976-03-22,64.4075
1976-03-23,63.2095
1976-03-24,62.9505
1976-03-25,71.4
1976-03-26,82.555
1976-03-27,63.9245
1976-03-28,64.4255
1976-03-29,60.5435
1976-03-30,51.092
1976-03-31,54.9955
1976-04-01,54.855
1976-04-02,45.312
1976-04-03,45.6675
1976-04-04,44.8745
1976-04-05,58.218998
1976-04-06,51.9225
1976-04-07,63.217
1976-04-08,56.663498
1976-04-09,51.5195
1976-04-10,42.6055
1976-04-11,44.012497
1976-04-12,50.4515
1976-04-13,62.037
1976-04-14,60.5165
1976-04-15,59.306
1976-04-16,77.909
1976-04-17,73.0055
1976-04-18,66.188
1976-04-19,57.6395
1976-04-20,57.541
1976-04-21,46.739
1976-04-22,57.5935
1976-04-23,88.1975
1976-04-24,83.366
1976-04-25,83.3815
1976-04-26,84.895996
1976-04-27,64.0385
1976-04-28,54.7795
1976-04-29,60.063
1976-04-30,57.330997
1976-05-01,56.308
1976-05-02,72.409
1976-05-03,71.5175
1976-05-04,67.639496
1976-05-05,60.97
1976-05-06,58.1395
1976-05-07,57.106
1976-05-08,55.4035
1976-05-09,46.8645
1976-05-10,52.752
1976-05-11,54.1075
1976-05-12,66.669
1976-05-13,80.639
1976-05-14,82.534996
1976-05-15,66.3035
1976-05-16,61.1725
1976-05-17,59.580498
1976-05-18,63.504498
1976-05-19,63.581497
1976-05-20,68.7905
1976-05-21,79.47
1976-05-22,79.461
1976-05-23,84.86579
1976-05-24,80.0555
1976-05-25,71.774
1976-05-26,65.5445
1976-05-27,74.899
1976-05-28,73.1835
1976-05-29,68.5635
1976-05-30,72.114
1976-05-31,75.795
1976-06-01,61.149498
1976-06-02,82.8115
1976-06-03,86.391
1976-06-04,71.381996
1976-06-05,70.3005
1976-06-06,58.185997
1976-06-07,66.431
1976-06-08,59.095997
1976-06-09,55.9405
1976-06-10,53.0025
1976-06-11,58.173
1976-06-12,57.377
1976-06-13,76.682
1976-06-14,64.4135
1976-06-15,64.3875
1976-06-16,78.505
1976-06-17,68.1095
1976-06-18,54.479
1976-06-19,53.400497
1976-06-20,51.5
1976-06-21,63.3765
1976-06-22,65.668
1976-06-23,60.2395
1976-06-24,53.490997
1976-06-25,54.260498
1976-06-26,57.684498
1976-06-27,57.4845
1976-06-28,57.259
1976-06-29,59.565
1976-06-30,51.709
1976-07-01,47.9785
1976-07-02,49.7735
1976-07-03,50.92
1976-07-04,51.1675
1976-07-05,52.723
1976-07-06,48.513496
1976-07-07,55.559998
1976-07-08,52.911
1976-07-09,67.792496
1976-07-10,56.439
1976-07-11,54.6525
1976-07-12,54.6245
1976-07-13,59.433
1976-07-14,71.1285
1976-07-15,59.643
1976-07-16,56.399498
1976-07-17,51.583
1976-07-18,46.685997
1976-07-19,42.628498
1976-07-20,54.3395
1976-07-21,64.236496
1976-07-22,84.0335
1976-07-23,88.7125
1976-07-24,78.504
1976-07-25,78.806
1976-07-26,74.266
1976-07-27,77.6325
1976-07-28,64.334
1976-07-29,51.474
1976-07-30,55.7835
1976-07-31,60.024998
1976-08-01,80.3445
1976-08-02,57.991997
1976-08-03,67.9735
1976-08-04,72.062996
1976-08-05,67.991
1976-08-06,59.2295
1976-08-07,71.659996
1976-08-08,66.209
1976-08-09,63.9585
1976-08-10,63.145
1976-08-11,74.7425
1976-08-12,74.479
1976-08-13,74.9515
1976-08-14,68.584496
1976-08-15,65.7135
1976-08-16,69.5495
1976-08-17,71.2955
1976-08-18,64.7195
1976-08-19,69.287
1976-08-20,75.0025
1976-08-21,77.8365
1976-08-22,77.2585
1976-08-23,67.312
1976-08-24,66.684
1976-08-25,67.1555
1976-08-26,65.0475
1976-08-27,59.804
1976-08-28,60.752
1976-08-29,52.6465
1976-08-30,72.6795
1976-08-31,78.6975
1976-09-01,82.6825
1976-09-02,78.5095
1976-09-03,84.6625
1976-09-04,86.543
1976-09-05,69.668
1976-09-06,66.0475
1976-09-07,75.256
1976-09-08,69.4825
1976-09-09,62.8825
1976-09-10,73.626495
1976-09-11,83.9565
1976-09-12,74.8275
1976-09-13,66.158
1976-09-14,71.622
1976-09-15,90.924706
1976-09-16,86.5335
1976-09-17,87.1335
1976-09-18,85.2321
1976-09-19,71.6225
1976-09-20,82.7285
1976-09-21,86.491
1976-09-22,88.781
1976-09-23,83.373
1976-09-24,82.7
1976-09-25,79.506
1976-09-26,78.471
1976-09-27,80.1645
1976-09-28,83.592
1976-09-29,79.056
1976-09-30,89.438
1976-10-01,89.4565
1976-10-02,86.4005
1976-10-03,77.2415
1976-10-04,80.408
1976-10-05,84.466
1976-10-06,80.7355
1976-10-07,78.1245
1976-10-08,83.9335
1976-10-09,86.5485
1976-10-10,91.02778
1976-10-11,89.005
1976-10-12,68.5455
1976-10-13,66.8015
1976-10-14,90.72053
1976-10-15,85.9925
1976-10-16,90.35
1976-10-17,89.73579
1976-10-18,89.18474
1976-10-19,82.1715
1976-10-20,80.1765
1976-10-21,85.3415
1976-10-22,80.572
1976-10-23,81.0055
1976-10-24,82.417
1976-10-25,85.939
1976-10-26,81.2275
1976-10-27,85.46105
1976-10-28,81.9855
1976-10-29,83.629
1976-10-30,89.382
1976-10-31,83.816
1976-11-01,89.2125
1976-11-02,91.31125
1976-11-03,85.99684
1976-11-04,87.567894
1976-11-05,85.611496
1976-11-06,76.005
1976-11-07,80.131996
1976-11-08,70.844
1976-11-09,77.138
1976-11-10,75.9605
1976-11-11,79.279
1976-11-12,89.95579
1976-11-13,91.21067
1976-11-14,90.79615
1976-11-15,89.113335
1976-11-16,82.6385
1976-11-17,87.4805
1976-11-18,85.9095
1976-11-19,86.771
1976-11-20,81.111
1976-11-21,91.87778
1976-11-22,82.601
1976-11-23,79.6225
1976-11-24,82.8415
1976-11-25,73.7555
1976-11-26,89.25158
1976-11-27,91.19666
1976-11-28,87.6225
1976-11-29,92.55538
1976-11-30,89.05933
1976-12-01,83.191
1976-12-02,87.593
1976-12-03,77.9075
1976-12-04,91.19222
1976-12-05,86.039474
1976-12-06,91.43933
1976-12-07,87.01222
1976-12-08,75.099
1976-12-09,82.2825
1976-12-10,88.4125
1976-12-11,74.466995
1976-12-12,87.7545
1976-12-13,86.4825
1976-12-14,82.320496
1976-12-15,87.4215
1976-12-16,87.901
1976-12-17,91.95438
1976-12-18,92.298
1976-12-19,88.94334
1976-12-20,81.837
1976-12-21,85.74684
1976-12-22,90.698235
1976-12-23,90.13563
1976-12-24,81.4625
1976-12-25,73.4785
1976-12-26,71.9795
1976-12-27,66.891
1976-12-28,67.9685
1976-12-29,87.592
1976-12-30,79.4705
1976-12-31,81.8865
1977-01-01,74.5485
1977-01-02,82.8175
1977-01-03,89.85105
1977-01-04,84.536
1977-01-05,64.1365
1977-01-06,79.0185
1977-01-07,86.0185
1977-01-08,77.252
1977-01-09,77.979996
1977-01-10,84.914
1977-01-11,75.2735
1977-01-12,81.0235
1977-01-13,86.36948
1977-01-14,83.03842
1977-01-15,90.09412
1977-01-16,92.32125
1977-01-17,88.314735
1977-01-18,84.7405
1977-01-19,86.95111
1977-01-20,88.50632
1977-01-21,92.78846
1977-01-22,93.00375
1977-01-23,90.08316
1977-01-24,91.3475
1977-01-25,92.90625
1977-01-26,88.93
1977-01-27,90.155556
1977-01-28,82.423
1977-01-29,89.1395
1977-01-30,79.8115
1977-01-31,79.2425
1977-02-01,82.604
1977-02-02,80.7525
1977-02-03,88.59389
1977-02-04,91.13526
1977-02-05,87.053
1977-02-06,91.91556
1977-02-07,90.57533
1977-02-08,88.027
1977-02-09,75.4055
1977-02-10,87.0245
1977-02-11,73.8645
1977-02-12,90.1415
1977-02-13,83.3985
1977-02-14,89.50222
1977-02-15,79.9405
1977-02-16,79.623
1977-02-17,81.77
1977-02-18,84.5225
1977-02-19,76.0905
1977-02-20,72.0985
1977-02-21,81.306496
1977-02-22,77.509
1977-02-23,78.114
1977-02-24,72.082
1977-02-25,81.250496
1977-02-26,70.848
1977-02-27,73.2375
1977-02-28,67.9495
1977-03-01,67.627
1977-03-02,67.1615
1977-03-03,81.670525
1977-03-04,86.503685
1977-03-05,59.378998
1977-03-06,61.385
1977-03-07,70.322
1977-03-08,68.3525
1977-03-09,73.94
1977-03-10,74.1225
1977-03-11,60.842
1977-03-12,71.732
1977-03-13,87.782
1977-03-14,69.588
1977-03-15,64.902
1977-03-16,70.696
1977-03-17,62.769
1977-03-18,61.9865
1977-03-19,65.1645
1977-03-20,76.4625
1977-03-21,68.873
1977-03-22,64.506996
1977-03-23,60.073498
1977-03-24,60.546497
1977-03-25,66.5885
1977-03-26,72.934
1977-03-27,79.1855
1977-03-28,72.1605
1977-03-29,77.054
1977-03-30,81.266
1977-03-31,78.8555
1977-04-01,78.2675
1977-04-02,84.2895
1977-04-03,84.070526
1977-04-04,64.733
1977-04-05,79.6235
1977-04-06,60.031
1977-04-07,66.711
1977-04-08,85.4945
1977-04-09,89.547646
1977-04-10,74.789
1977-04-11,65.8135
1977-04-12,67.408
1977-04-13,82.320496
1977-04-14,67.374
1977-04-15,73.8405
1977-04-16,64.038
1977-04-17,59.3425
1977-04-18,60.9735
1977-04-19,60.7005
1977-04-20,51.054
1977-04-21,52.718
1977-04-22,58.0925
1977-04-23,68.9355
1977-04-24,77.586
1977-04-25,64.196495
1977-04-26,73.7475
1977-04-27,62.439
1977-04-28,83.9825
1977-04-29,58.186
1977-04-30,49.8505
1977-05-01,53.054996
1977-05-02,61.545
1977-05-03,58.6945
1977-05-04,51.653
1977-05-05,64.6785
1977-05-06,83.229
1977-05-07,82.4215
1977-05-08,67.572495
1977-05-09,74.2315
1977-05-10,64.143
1977-05-11,67.21
1977-05-12,56.934498
1977-05-13,69.886
1977-05-14,88.4955
1977-05-15,88.158
1977-05-16,82.724
1977-05-17,80.4745
1977-05-18,78.2445
1977-05-19,68.3385
1977-05-20,60.3265
1977-05-21,60.147
1977-05-22,69.6665
1977-05-23,59.768997
1977-05-24,57.802
1977-05-25,56.857
1977-05-26,46.8265
1977-05-27,56.1095
1977-05-28,53.6035
1977-05-29,52.3475
1977-05-30,61.802998
1977-05-31,68.631996
1977-06-01,50.6505
1977-06-02,49.285
1977-06-03,53.646
1977-06-04,72.6225
1977-06-05,63.671997
1977-06-06,69.881996
1977-06-07,63.017498
1977-06-08,61.695
1977-06-09,59.413998
1977-06-10,56.7785
1977-06-11,57.920498
1977-06-12,58.18
1977-06-13,57.4645
1977-06-14,61.3635
1977-06-15,68.9565
1977-06-16,69.313995
1977-06-17,67.9115
1977-06-18,67.5225
1977-06-19,60.784
1977-06-20,64.079
1977-06-21,74.486
1977-06-22,74.492
1977-06-23,54.087498
1977-06-24,56.737
1977-06-25,54.651
1977-06-26,73.1635
1977-06-27,66.6625
1977-06-28,59.3565
1977-06-29,51.441998
1977-06-30,80.63737
1977-07-01,70.85
1977-07-02,61.0225
1977-07-03,58.444
1977-07-04,50.066498
1977-07-05,67.904
1977-07-06,64.8315
1977-07-07,73.377
1977-07-08,77.9245
1977-07-09,72.2625
1977-07-10,62.7735
1977-07-11,56.6665
1977-07-12,51.0695
1977-07-13,51.598
1977-07-14,76.5085
1977-07-15,71.272
1977-07-16,56.366
1977-07-17,57.7165
1977-07-18,59.921997
1977-07-19,64.031
1977-07-20,58.7845
1977-07-21,81.221
1977-07-22,64.868996
1977-07-23,61.3275
1977-07-24,57.96
1977-07-25,54.175
1977-07-26,83.0765
1977-07-27,68.8255
1977-07-28,63.893997
1977-07-29,63.3885
1977-07-30,65.3915
1977-07-31,68.8695
1977-08-01,82.1945
1977-08-02,81.938995
1977-08-03,80.01
1977-08-04,67.547
1977-08-05,65.627495
1977-08-06,63.017
1977-08-07,64.2985
1977-08-08,63.937
1977-08-09,67.4085
1977-08-10,79.235
1977-08-11,78.876
1977-08-12,71.58
1977-08-13,88.77947
1977-08-14,75.213
1977-08-15,70.63
1977-08-16,70.974
1977-08-17,70.0455
1977-08-18,66.1605
1977-08-19,81.005
1977-08-20,71.784996
1977-08-21,86.001
1977-08-22,75.4495
1977-08-23,75.6035
1977-08-24,66.542
1977-08-25,65.017
1977-08-26,68.132996
1977-08-27,67.3925
1977-08-28,80.07
1977-08-29,78.708496
1977-08-30,60.6885
1977-08-31,64.1915
1977-09-01,59.1655
1977-09-02,65.24
1977-09-03,67.072
1977-09-04,68.4085
1977-09-05,72.5235
1977-09-06,73.1305
1977-09-07,68.405
1977-09-08,70.5795
1977-09-09,83.981
1977-09-10,71.1105
1977-09-11,80.8165
1977-09-12,75.751495
1977-09-13,72.1385
1977-09-14,67.5125
1977-09-15,66.5635
1977-09-16,67.267
1977-09-17,74.372
1977-09-18,81.9965
1977-09-19,87.572
1977-09-20,90.3455
1977-09-21,79.6915
1977-09-22,69.2065
1977-09-23,80.423
1977-09-24,78.528496
1977-09-25,75.687
1977-09-26,70.349
1977-09-27,72.7145
1977-09-28,66.108
1977-09-29,59.69
1977-09-30,60.9745
1977-10-01,69.432495
1977-10-02,71.770996
1977-10-03,68.556496
1977-10-04,65.169
1977-10-05,67.606995
1977-10-06,70.6005
1977-10-07,69.5025
1977-10-08,59.8075
1977-10-09,61.674
1977-10-10,74.487495
1977-10-11,90.337776
1977-10-12,88.2025
1977-10-13,89.47895
1977-10-14,88.0995
1977-10-15,87.1205
1977-10-16,74.2545
1977-10-17,78.218
1977-10-18,71.2355
1977-10-19,84.478
1977-10-20,90.29769
1977-10-21,88.15894
1977-10-22,76.3885
1977-10-23,76.1135
1977-10-24,82.961
1977-10-25,84.4735
1977-10-26,92.41526
1977-10-27,89.458336
1977-10-28,91.11263
1977-10-29,88.253685
1977-10-30,91.08056
1977-10-31,89.97
1977-11-01,89.62666
1977-11-02,80.3055
1977-11-03,91.23118
1977-11-04,80.627
1977-11-05,82.5125
1977-11-06,87.95158
1977-11-07,92.30625
1977-11-08,93.494995
1977-11-09,90.81118
1977-11-10,82.734
1977-11-11,86.1615
1977-11-12,90.219475
1977-11-13,72.3975
1977-11-14,74.515
1977-11-15,77.697
1977-11-16,78.504
1977-11-17,72.1145
1977-11-18,76.554
1977-11-19,73.9415
1977-11-20,72.78
1977-11-21,71.194496
1977-11-22,82.571
1977-11-23,76.223
1977-11-24,70.2275
1977-11-25,82.4965
1977-11-26,85.0475
1977-11-27,80.111496
1977-11-28,73.509
1977-11-29,81.1345
1977-11-30,85.7065
1977-12-01,85.145
1977-12-02,78.359
1977-12-03,78.2055
1977-12-04,75.433
1977-12-05,82.159
1977-12-06,80.1105
1977-12-07,84.9615
1977-12-08,85.2905
1977-12-09,83.87947
1977-12-10,74.263
1977-12-11,70.6605
1977-12-12,67.701996
1977-12-13,75.048
1977-12-14,82.991
1977-12-15,87.1925
1977-12-16,87.18053
1977-12-17,91.1953
1977-12-18,83.020996
1977-12-19,80.2915
1977-12-20,85.723
1977-12-21,84.809
1977-12-22,84.1895
1977-12-23,85.188995
1977-12-24,87.6855
1977-12-25,74.325
1977-12-26,76.092
1977-12-27,75.3235
1977-12-28,90.8635
1977-12-29,79.777
1977-12-30,79.5275
1977-12-31,66.0495
1978-01-01,74.068
1978-01-02,80.090996
1978-01-03,73.17
1978-01-04,65.358
1978-01-05,69.1925
1978-01-06,64.4345
1978-01-07,86.438995
1978-01-08,84.384
1978-01-09,83.554
1978-01-10,81.412
1978-01-11,86.186
1978-01-12,71.7955
1978-01-13,72.6995
1978-01-14,83.042496
1978-01-15,84.6185
1978-01-16,78.3725
1978-01-17,71.9965
1978-01-18,84.0045
1978-01-19,80.6305
1978-01-20,82.321
1978-01-21,73.646996
1978-01-22,76.6965
1978-01-23,81.223
1978-01-24,83.3865
1978-01-25,70.503
1978-01-26,61.336502
1978-01-27,68.162
1978-01-28,69.9345
1978-01-29,75.5095
1978-01-30,79.665
1978-01-31,77.9695
1978-02-01,88.850555
1978-02-02,84.986496
1978-02-03,87.6135
1978-02-04,79.7835
1978-02-05,77.543
1978-02-06,78.291
1978-02-07,77.194496
1978-02-08,81.957
1978-02-09,84.708
1978-02-10,78.094
1978-02-11,87.406
1978-02-12,88.026
1978-02-13,87.2525
1978-02-14,71.613495
1978-02-15,67.294
1978-02-16,76.073
1978-02-17,82.091995
1978-02-18,65.832
1978-02-19,81.3375
1978-02-20,59.748
1978-02-21,64.0965
1978-02-22,69.443
1978-02-23,73.809
1978-02-24,81.092
1978-02-25,84.1185
1978-02-26,79.725
1978-02-27,87.4495
1978-02-28,87.38
1978-03-01,90.01625
1978-03-02,86.034996
1978-03-03,83.7035
1978-03-04,80.937996
1978-03-05,86.606
1978-03-06,77.3655
1978-03-07,61.3645
1978-03-08,69.5035
1978-03-09,83.885
1978-03-10,68.9155
1978-03-11,62.751
1978-03-12,58.0225
1978-03-13,68.4195
1978-03-14,71.32
1978-03-15,79.457
1978-03-16,59.322
1978-03-17,73.042
1978-03-18,68.509995
1978-03-19,61.84
1978-03-20,73.333
1978-03-21,84.4635
1978-03-22,73.222
1978-03-23,75.034996
1978-03-24,88.6545
1978-03-25,67.166
1978-03-26,70.893
1978-03-27,63.157497
1978-03-28,76.9765
1978-03-29,56.8475
1978-03-30,48.559498
1978-03-31,44.827
1978-04-01,57.4305
1978-04-02,74.6625
1978-04-03,84.382996
1978-04-04,70.069496
1978-04-05,64.9645
1978-04-06,51.288498
1978-04-07,55.438
1978-04-08,52.720997
1978-04-09,57.252
1978-04-10,57.282497
1978-04-11,53.003498
1978-04-12,80.499
1978-04-13,92.313156
1978-04-14,76.867
1978-04-15,66.473495
1978-04-16,78.595
1978-04-17,67.251
1978-04-18,54.809
1978-04-19,67.140495
1978-04-20,77.398
1978-04-21,76.363
1978-04-22,57.97
1978-04-23,69.7615
1978-04-24,64.059
1978-04-25,62.6125
1978-04-26,72.4095
1978-04-27,76.7765
1978-04-28,73.3885
1978-04-29,72.734
1978-04-30,64.2575
1978-05-01,73.365
1978-05-02,68.8275
1978-05-03,70.002495
1978-05-04,63.274998
1978-05-05,58.584
1978-05-06,65.7865
1978-05-07,79.9775
1978-05-08,67.7185
1978-05-09,81.966
1978-05-10,60.34
1978-05-11,57.7245
1978-05-12,55.1055
1978-05-13,57.0985
1978-05-14,82.208496
1978-05-15,65.237495
1978-05-16,70.107
1978-05-17,72.847
1978-05-18,75.5475
1978-05-19,78.567
1978-05-20,84.051
1978-05-21,75.565
1978-05-22,90.50316
1978-05-23,74.5365
1978-05-24,69.562
1978-05-25,69.8175
1978-05-26,65.634
1978-05-27,71.511
1978-05-28,64.098
1978-05-29,70.946495
1978-05-30,78.738
1978-05-31,65.484
1978-06-01,59.760998
1978-06-02,54.6195
1978-06-03,60.341
1978-06-04,60.670498
1978-06-05,63.05
1978-06-06,74.951
1978-06-07,71.534996
1978-06-08,71.787
1978-06-09,63.1305
1978-06-10,80.195
1978-06-11,63.0475
1978-06-12,78.376
1978-06-13,65.55
1978-06-14,65.5795
1978-06-15,61.568
1978-06-16,61.393497
1978-06-17,74.6805
1978-06-18,71.1075
1978-06-19,56.287
1978-06-20,62.7775
1978-06-21,65.234
1978-06-22,60.716
1978-06-23,64.931
1978-06-24,73.237
1978-06-25,75.2165
1978-06-26,58.2565
1978-06-27,59.074997
1978-06-28,67.2455
1978-06-29,56.512497
1978-06-30,57.3385
1978-07-01,67.48
1978-07-02,79.1735
1978-07-03,68.3145
1978-07-04,56.474
1978-07-05,83.8175
1978-07-06,62.338997
1978-07-07,71.4785
1978-07-08,63.5025
1978-07-09,72.693
1978-07-10,72.8095
1978-07-11,67.5395
1978-07-12,76.624
1978-07-13,68.291
1978-07-14,67.895996
1978-07-15,71.3255
1978-07-16,58.5435
1978-07-17,60.058
1978-07-18,79.156
1978-07-19,76.199
1978-07-20,66.7735
1978-07-21,82.1245
1978-07-22,63.624
1978-07-23,60.586
1978-07-24,57.746
1978-07-25,59.040497
1978-07-26,58.2865
1978-07-27,58.4675
1978-07-28,57.212997
1978-07-29,58.626
1978-07-30,66.568
1978-07-31,55.1125
1978-08-01,51.019
1978-08-02,64.387
1978-08-03,74.2475
1978-08-04,67.2205
1978-08-05,60.3425
1978-08-06,58.601498
1978-08-07,57.048
1978-08-08,55.642
1978-08-09,58.2075
1978-08-10,67.909996
1978-08-11,74.4055
1978-08-12,65.8445
1978-08-13,60.7685
1978-08-14,62.8405
1978-08-15,64.5515
1978-08-16,54.343998
1978-08-17,63.252
1978-08-18,76.2915
1978-08-19,61.551
1978-08-20,60.739
1978-08-21,66.767
1978-08-22,62.914997
1978-08-23,62.843998
1978-08-24,72.835
1978-08-25,62.879997
1978-08-26,58.9265
1978-08-27,53.025497
1978-08-28,59.218998
1978-08-29,56.591
1978-08-30,75.47
1978-08-31,64.318
1978-09-01,67.653496
1978-09-02,61.0975
1978-09-03,70.04
1978-09-04,65.814
1978-09-05,64.5555
1978-09-06,74.446
1978-09-07,70.1015
1978-09-08,65.934
1978-09-09,64.4115
1978-09-10,80.5785
1978-09-11,54.8145
1978-09-12,73.589
1978-09-13,62.0225
1978-09-14,63.637
1978-09-15,73.965
1978-09-16,55.648
1978-09-17,62.9755
1978-09-18,64.056
1978-09-19,62.1075
1978-09-20,69.0385
1978-09-21,72.482
1978-09-22,76.3545
1978-09-23,79.471
1978-09-24,86.903
1978-09-25,69.2425
1978-09-26,69.9935
1978-09-27,83.1025
1978-09-28,74.4835
1978-09-29,83.4105
1978-09-30,85.773
1978-10-01,83.1055
1978-10-02,88.2305
1978-10-03,84.071
1978-10-04,70.28
1978-10-05,71.347496
1978-10-06,73.548
1978-10-07,74.464
1978-10-08,74.75
1978-10-09,74.157
1978-10-10,74.256996
1978-10-11,77.4975
1978-10-12,78.0765
1978-10-13,74.2185
1978-10-14,80.2055
1978-10-15,75.626
1978-10-16,90.03105
1978-10-17,80.396996
1978-10-18,82.311
1978-10-19,89.718
1978-10-20,83.408
1978-10-21,68.102
1978-10-22,61.768997
1978-10-23,64.879
1978-10-24,71.754
1978-10-25,76.963
1978-10-26,65.1315
1978-10-27,64.814
1978-10-28,69.8865
1978-10-29,74.585495
1978-10-30,73.3855
1978-10-31,80.8525
1978-11-01,80.3025
1978-11-02,85.885
1978-11-03,92.56154
1978-11-04,82.968
1978-11-05,81.862
1978-11-06,72.3805
1978-11-07,79.977
1978-11-08,82.1435
1978-11-09,87.69579
1978-11-10,86.733
1978-11-11,85.526
1978-11-12,88.191666
1978-11-13,85.97
1978-11-14,84.042
1978-11-15,90.526665
1978-11-16,90.1425
1978-11-17,83.1435
1978-11-18,89.49263
1978-11-19,91.124374
1978-11-20,88.58722
1978-11-21,90.56688
1978-11-22,90.26118
1978-11-23,80.921
1978-11-24,79.0905
1978-11-25,91.973335
1978-11-26,91.122665
1978-11-27,91.807335
1978-11-28,81.363
1978-11-29,82.3855
1978-11-30,78.688995
1978-12-01,80.044
1978-12-02,89.70778
1978-12-03,87.2485
1978-12-04,83.215
1978-12-05,74.154
1978-12-06,83.6045
1978-12-07,78.9685
1978-12-08,72.8725
1978-12-09,87.94067
1978-12-10,86.6655
1978-12-11,90.699165
1978-12-12,90.6525
1978-12-13,83.201
1978-12-14,88.5621
1978-12-15,71.901
1978-12-16,87.0065
1978-12-17,79.179
1978-12-18,70.729996
1978-12-19,75.215
1978-12-20,89.974
1978-12-21,91.905
1978-12-22,87.458
1978-12-23,86.19527
1978-12-24,88.96684
1978-12-25,92.1725
1978-12-26,90.71786
1978-12-27,92.433075
1978-12-28,92.99357
1978-12-29,85.52
1978-12-30,77.112
1978-12-31,76.6375
1979-01-01,72.0545
1979-01-02,60.204
1979-01-03,63.086
1979-01-04,71.427
1979-01-05,69.615
1979-01-06,79.987
1979-01-07,77.5665
1979-01-08,75.437996
1979-01-09,79.096
1979-01-10,88.716
1979-01-11,90.69278
1979-01-12,87.55631
1979-01-13,80.5675
1979-01-14,75.34
1979-01-15,75.020996
1979-01-16,88.3715
1979-01-17,86.1935
1979-01-18,88.22421
1979-01-19,89.761665
1979-01-20,84.6615
1979-01-21,89.687
1979-01-22,90.945625
1979-01-23,91.34375
1979-01-24,94.20308
1979-01-25,80.541
1979-01-26,85.18316
1979-01-27,90.53765
1979-01-28,77.7905
1979-01-29,89.45105
1979-01-30,82.0675
1979-01-31,79.544
1979-02-01,65.162
1979-02-02,78.4285
1979-02-03,77.6205
1979-02-04,81.951
1979-02-05,86.667
1979-02-06,73.5175
1979-02-07,72.112495
1979-02-08,83.8675
1979-02-09,68.265
1979-02-10,86.11278
1979-02-11,80.1025
1979-02-12,91.99384
1979-02-13,88.44842
1979-02-14,91.61444
1979-02-15,91.72154
1979-02-16,92.10353
1979-02-17,83.4145
1979-02-18,85.173996
1979-02-19,72.701996
1979-02-20,66.585
1979-02-21,69.0505
1979-02-22,66.0815
1979-02-23,70.858
1979-02-24,67.144
1979-02-25,72.073
1979-02-26,73.7175
1979-02-27,74.556
1979-02-28,87.0885
1979-03-01,72.4095
1979-03-02,81.4915
1979-03-03,80.9235
1979-03-04,72.1165
1979-03-05,81.9785
1979-03-06,89.0965
1979-03-07,74.8835
1979-03-08,84.45
1979-03-09,63.9905
1979-03-10,62.5435
1979-03-11,71.6915
1979-03-12,91.90948
1979-03-13,87.2025
1979-03-14,86.24
1979-03-15,68.5755
1979-03-16,72.3295
1979-03-17,57.8015
1979-03-18,66.598
1979-03-19,58.565
1979-03-20,61.781498
1979-03-21,66.7335
1979-03-22,81.1725
1979-03-23,68.5745
1979-03-24,60.6965
1979-03-25,63.151997
1979-03-26,65.5775
1979-03-27,81.792
1979-03-28,64.5235
1979-03-29,89.7755
1979-03-30,79.979996
1979-03-31,77.2195
1979-04-01,64.78
1979-04-02,66.571495
1979-04-03,60.7855
1979-04-04,71.2815
1979-04-05,67.0715
1979-04-06,84.358
1979-04-07,76.5635
1979-04-08,73.3
1979-04-09,72.1515
1979-04-10,68.9275
1979-04-11,62.038498
1979-04-12,58.9515
1979-04-13,56.8335
1979-04-14,53.6445
1979-04-15,59.656
1979-04-16,54.709
1979-04-17,56.9305
1979-04-18,63.372997
1979-04-19,55.2575
1979-04-20,57.1955
1979-04-21,67.2845
1979-04-22,58.625
1979-04-23,51.3765
1979-04-24,50.1885
1979-04-25,88.195496
1979-04-26,75.076996
1979-04-27,85.435
1979-04-28,89.098495
1979-04-29,68.3785
1979-04-30,60.5775
1979-05-01,85.41556
1979-05-02,76.0515
1979-05-03,79.0085
1979-05-04,58.407497
1979-05-05,75.959
1979-05-06,64.889
1979-05-07,53.393497
1979-05-08,57.470997
1979-05-09,69.8365
1979-05-10,55.5625
1979-05-11,58.2185
1979-05-12,65.9615
1979-05-13,47.512497
1979-05-14,45.8
1979-05-15,51.2995
1979-05-16,49.415
1979-05-17,46.940998
1979-05-18,53.8545
1979-05-19,53.9875
1979-05-20,46.6195
1979-05-21,53.11
1979-05-22,58.9025
1979-05-23,58.458
1979-05-24,51.6605
1979-05-25,55.628498
1979-05-26,61.3265
1979-05-27,48.3815
1979-05-28,57.888
1979-05-29,51.349
1979-05-30,51.0155
1979-05-31,55.578
1979-06-01,45.247498
1979-06-02,42.754997
1979-06-03,57.9865
1979-06-04,55.356
1979-06-05,51.232998
1979-06-06,52.8225
1979-06-07,57.8635
1979-06-08,67.455
1979-06-09,65.5865
1979-06-10,59.538
1979-06-11,60.814
1979-06-12,79.283
1979-06-13,74.586
1979-06-14,73.7985
1979-06-15,65.6375
1979-06-16,77.483
1979-06-17,76.5785
1979-06-18,80.292
1979-06-19,78.2485
1979-06-20,87.97895
1979-06-21,86.6655
1979-06-22,75.578995
1979-06-23,81.9155
1979-06-24,72.237
1979-06-25,69.3305
1979-06-26,76.9485
1979-06-27,68.525
1979-06-28,79.5155
1979-06-29,71.765495
1979-06-30,63.8425
1979-07-01,61.605
1979-07-02,80.1655
1979-07-03,92.86412
1979-07-04,83.5245
1979-07-05,64.411
1979-07-06,63.2965
1979-07-07,63.093998
1979-07-08,80.053
1979-07-09,66.3955
1979-07-10,67.0105
1979-07-11,63.779
1979-07-12,80.462
1979-07-13,86.0645
1979-07-14,77.164
1979-07-15,67.4005
1979-07-16,72.333496
1979-07-17,78.221
1979-07-18,76.2
1979-07-19,66.091
1979-07-20,77.826
1979-07-21,71.744995
1979-07-22,78.451
1979-07-23,60.4555
1979-07-24,66.3695
1979-07-25,65.368
1979-07-26,75.1465
1979-07-27,76.358
1979-07-28,70.534996
1979-07-29,78.832
1979-07-30,67.696
1979-07-31,76.025
1979-08-01,74.9225
1979-08-02,62.4935
1979-08-03,69.1925
1979-08-04,74.5105
1979-08-05,67.763
1979-08-06,67.3825
1979-08-07,64.5495
1979-08-08,63.372498
1979-08-09,83.404
1979-08-10,75.885
1979-08-11,66.1245
1979-08-12,63.035
1979-08-13,62.8485
1979-08-14,67.722496
1979-08-15,67.696
1979-08-16,61.625
1979-08-17,55.476997
1979-08-18,56.956497
1979-08-19,85.179
1979-08-20,81.062
1979-08-21,75.083496
1979-08-22,73.7995
1979-08-23,67.379
1979-08-24,73.4055
1979-08-25,81.451
1979-08-26,75.025
1979-08-27,71.4815
1979-08-28,68.534996
1979-08-29,69.996
1979-08-30,74.188
1979-08-31,71.384995
1979-09-01,69.20599
1979-09-02,65.036
1979-09-03,65.980995
1979-09-04,78.8305
1979-09-05,77.3535
1979-09-06,74.1185
1979-09-07,71.6205
1979-09-08,75.215996
1979-09-09,75.069496
1979-09-10,81.0785
1979-09-11,74.1445
1979-09-12,71.686
1979-09-13,74.1
1979-09-14,78.1245
1979-09-15,61.1825
1979-09-16,61.0615
1979-09-17,57.052
1979-09-18,64.3975
1979-09-19,65.146996
1979-09-20,66.6935
1979-09-21,76.7475
1979-09-22,69.3675
1979-09-23,87.906
1979-09-24,90.782104
1979-09-25,76.009
1979-09-26,76.2575
1979-09-27,78.857
1979-09-28,80.858
1979-09-29,83.5745
1979-09-30,75.9895
1979-10-01,74.7475
1979-10-02,70.497
1979-10-03,54.4945
1979-10-04,62.999
1979-10-05,72.9395
1979-10-06,68.8505
1979-10-07,68.022995
1979-10-08,76.238
1979-10-09,71.154
1979-10-10,72.4615
1979-10-11,66.36
1979-10-12,63.442497
1979-10-13,77.5075
1979-10-14,67.5215
1979-10-15,70.0165
1979-10-16,64.58
1979-10-17,71.022995
1979-10-18,68.17
1979-10-19,75.733
1979-10-20,73.436
1979-10-21,69.3925
1979-10-22,79.323
1979-10-23,76.9065
1979-10-24,76.1145
1979-10-25,47.369
1979-10-26,55.619
1979-10-27,64.032
1979-10-28,57.038998
1979-10-29,89.69
1979-10-30,90.32
1979-10-31,80.256
1979-11-01,86.4115
1979-11-02,86.807
1979-11-03,80.8625
1979-11-04,83.3345
1979-11-05,88.9821
1979-11-06,85.6275
1979-11-07,72.0645
1979-11-08,76.604
1979-11-09,74.724
1979-11-10,88.132
1979-11-11,81.7135
1979-11-12,86.92105
1979-11-13,83.46
1979-11-14,84.3255
1979-11-15,88.551575
1979-11-16,85.29
1979-11-17,91.50471
1979-11-18,93.39
1979-11-19,91.252304
1979-11-20,91.815
1979-11-21,88.32316
1979-11-22,83.188995
1979-11-23,81.2185
1979-11-24,77.394
1979-11-25,84.945496
1979-11-26,89.672775
1979-11-27,89.695
1979-11-28,88.92895
1979-11-29,87.40823
1979-11-30,84.66111
1979-12-01,69.2295
1979-12-02,79.79
1979-12-03,88.32316
1979-12-04,91.99412
1979-12-05,91.86167
1979-12-06,86.79562
1979-12-07,85.8265
1979-12-08,82.8465
1979-12-09,90.252106
1979-12-10,80.74
1979-12-11,72.7155
1979-12-12,67.5265
1979-12-13,71.6135
1979-12-14,82.9535
1979-12-15,91.60834
1979-12-16,82.427
1979-12-17,70.879
1979-12-18,80.737495
1979-12-19,84.591
1979-12-20,91.37867
1979-12-21,92.26778
1979-12-22,88.14647
1979-12-23,86.74368
1979-12-24,91.323746
1979-12-25,91.478745
1979-12-26,91.832
1979-12-27,85.9765
1979-12-28,87.593
1979-12-29,93.182
1979-12-30,93.24333
1979-12-31,91.07923
1980-01-01,74.895996
1980-01-02,72.554
1980-01-03,75.117
1980-01-04,71.084496
1980-01-05,85.0285
1980-01-06,86.9495
1980-01-07,88.687
1980-01-08,88.838
1980-01-09,88.206314
1980-01-10,89.749
1980-01-11,81.3775
1980-01-12,78.789
1980-01-13,84.14
1980-01-14,87.5535
1980-01-15,86.7465
1980-01-16,87.89421
1980-01-17,85.326004
1980-01-18,87.661
1980-01-19,87.486
1980-01-20,83.786
1980-01-21,84.0295
1980-01-22,86.5405
1980-01-23,90.36471
1980-01-24,93.37428
1980-01-25,85.057
1980-01-26,82.3925
1980-01-27,79.256996
1980-01-28,66.126
1980-01-29,83.5075
1980-01-30,85.8375
1980-01-31,77.0555
1980-02-01,82.372
1980-02-02,66.4515
1980-02-03,82.8495
1980-02-04,74.881
1980-02-05,88.75389
1980-02-06,83.194
1980-02-07,92.36615
1980-02-08,82.895
1980-02-09,86.51316
1980-02-10,92.15364
1980-02-11,88.603
1980-02-12,80.964
1980-02-13,87.151
1980-02-14,89.172
1980-02-15,86.2565
1980-02-16,88.80421
1980-02-17,89.168
1980-02-18,82.401
1980-02-19,82.793
1980-02-20,81.5615
1980-02-21,80.9985
1980-02-22,84.0435
1980-02-23,90.670555
1980-02-24,77.6475
1980-02-25,85.88
1980-02-26,90.736664
1980-02-27,84.5945
1980-02-28,80.394
1980-02-29,84.329
1980-03-01,78.3135
1980-03-02,64.611
1980-03-03,57.763
1980-03-04,61.5955
1980-03-05,62.2885
1980-03-06,48.469997
1980-03-07,78.966
1980-03-08,91.09589
1980-03-09,86.333
1980-03-10,74.572
1980-03-11,73.5065
1980-03-12,79.508995
1980-03-13,73.167
1980-03-14,68.433
1980-03-15,70.321
1980-03-16,68.1855
1980-03-17,71.6375
1980-03-18,60.6895
1980-03-19,64.825
1980-03-20,89.8
1980-03-21,87.2535
1980-03-22,80.4915
1980-03-23,86.422104
1980-03-24,91.82267
1980-03-25,86.919
1980-03-26,85.0305
1980-03-27,69.74
1980-03-28,83.141
1980-03-29,72.986496
1980-03-30,66.19
1980-03-31,71.9075
1980-04-01,74.2285
1980-04-02,66.5135
1980-04-03,68.7555
1980-04-04,81.831
1980-04-05,78.223495
1980-04-06,80.6315
1980-04-07,74.1365
1980-04-08,75.3655
1980-04-09,66.167
1980-04-10,63.13
1980-04-11,67.8415
1980-04-12,62.9725
1980-04-13,56.059998
1980-04-14,47.332497
1980-04-15,45.5415
1980-04-16,54.582
1980-04-17,53.4675
1980-04-18,64.446495
1980-04-19,70.476
1980-04-20,69.8775
1980-04-21,67.228
1980-04-22,91.955
1980-04-23,75.864
1980-04-24,82.3355
1980-04-25,86.98368
1980-04-26,71.465996
1980-04-27,77.153496
1980-04-28,68.7335
1980-04-29,76.6905
1980-04-30,72.748
1980-05-01,59.889
1980-05-02,60.9535
1980-05-03,60.010498
1980-05-04,87.91944
1980-05-05,91.4745
1980-05-06,74.139496
1980-05-07,76.82
1980-05-08,69.3395
1980-05-09,78.931
1980-05-10,78.4495
1980-05-11,48.395
1980-05-12,47.2045
1980-05-13,44.707497
1980-05-14,47.149
1980-05-15,48.705498
1980-05-16,48.674
1980-05-17,54.813
1980-05-18,71.5625
1980-05-19,79.6865
1980-05-20,69.652
1980-05-21,61.964
1980-05-22,58.601498
1980-05-23,54.864998
1980-05-24,55.399998
1980-05-25,54.4505
1980-05-26,55.014
1980-05-27,55.04
1980-05-28,80.979
1980-05-29,63.017
1980-05-30,65.925995
1980-05-31,79.914
1980-06-01,63.2215
1980-06-02,54.704
1980-06-03,54.084
1980-06-04,67.6295
1980-06-05,67.7295
1980-06-06,68.184
1980-06-07,73.8715
1980-06-08,66.2425
1980-06-09,71.2265
1980-06-10,75.15
1980-06-11,66.932495
1980-06-12,60.271
1980-06-13,62.121998
1980-06-14,59.9445
1980-06-15,62.8525
1980-06-16,61.3815
1980-06-17,59.4585
1980-06-18,82.5475
1980-06-19,69.4555
1980-06-20,72.6285
1980-06-21,72.7865
1980-06-22,78.42
1980-06-23,65.677
1980-06-24,68.584496
1980-06-25,70.188995
1980-06-26,67.405
1980-06-27,80.125
1980-06-28,63.0975
1980-06-29,75.56
1980-06-30,67.28
1980-07-01,62.2215
1980-07-02,72.297
1980-07-03,71.6975
1980-07-04,80.0485
1980-07-05,68.555
1980-07-06,64.0405
1980-07-07,77.961
1980-07-08,63.528
1980-07-09,70.941
1980-07-10,64.958
1980-07-11,65.5755
1980-07-12,77.5715
1980-07-13,70.0745
1980-07-14,72.5925
1980-07-15,65.415
1980-07-16,81.723
1980-07-17,70.3035
1980-07-18,64.822
1980-07-19,71.716995
1980-07-20,66.4205
1980-07-21,74.762
1980-07-22,78.8355
1980-07-23,71.687
1980-07-24,65.383995
1980-07-25,66.209
1980-07-26,69.205
1980-07-27,79.6925
1980-07-28,82.05
1980-07-29,77.019
1980-07-30,80.375
1980-07-31,72.4055
1980-08-01,68.9295
1980-08-02,69.146996
1980-08-03,66.6265
1980-08-04,74.0065
1980-08-05,67.8715
1980-08-06,64.944496
1980-08-07,64.8965
1980-08-08,68.625496
1980-08-09,72.2885
1980-08-10,67.7335
1980-08-11,74.921
1980-08-12,80.359
1980-08-13,74.418
1980-08-14,83.204
1980-08-15,76.936
1980-08-16,74.488495
1980-08-17,65.269
1980-08-18,63.4805
1980-08-19,67.422
1980-08-20,76.480995
1980-08-21,63.6835
1980-08-22,58.832
1980-08-23,61.3485
1980-08-24,66.5615
1980-08-25,61.6765
1980-08-26,66.9485
1980-08-27,65.494995
1980-08-28,61.213
1980-08-29,80.6525
1980-08-30,83.1735
1980-08-31,83.590996
1980-09-01,85.9395
1980-09-02,71.7565
1980-09-03,72.1125
1980-09-04,71.5515
1980-09-05,69.739
1980-09-06,69.6535
1980-09-07,74.416
1980-09-08,82.415
1980-09-09,81.0155
1980-09-10,90.55842
1980-09-11,81.4755
1980-09-12,73.781
1980-09-13,85.2705
1980-09-14,82.592
1980-09-15,74.8885
1980-09-16,78.5785
1980-09-17,76.8215
1980-09-18,75.741
1980-09-19,79.045
1980-09-20,67.7265
1980-09-21,73.83
1980-09-22,83.943
1980-09-23,81.902
1980-09-24,81.7005
1980-09-25,82.0475
1980-09-26,89.085
1980-09-27,77.5365
1980-09-28,73.581
1980-09-29,77.1495
1980-09-30,83.568
1980-10-01,61.868
1980-10-02,72.827995
1980-10-03,65.444
1980-10-04,72.7705
1980-10-05,87.2405
1980-10-06,81.848495
1980-10-07,76.917496
1980-10-08,92.395996
1980-10-09,92.54444
1980-10-10,89.26
1980-10-11,80.3075
1980-10-12,90.51527
1980-10-13,83.692
1980-10-14,74.6925
1980-10-15,84.84
1980-10-16,81.184
1980-10-17,71.9575
1980-10-18,73.6485
1980-10-19,77.537994
1980-10-20,72.182
1980-10-21,74.38
1980-10-22,73.7595
1980-10-23,81.9155
1980-10-24,73.503
1980-10-25,86.13526
1980-10-26,66.9815
1980-10-27,70.826996
1980-10-28,69.788
1980-10-29,76.78
1980-10-30,58.43
1980-10-31,66.993996
1980-11-01,64.187996
1980-11-02,74.766
1980-11-03,91.01945
1980-11-04,93.788574
1980-11-05,93.479996
1980-11-06,93.172
1980-11-07,88.26316
1980-11-08,87.716
1980-11-09,93.15
1980-11-10,72.332
1980-11-11,74.659
1980-11-12,79.412
1980-11-13,85.8785
1980-11-14,82.098
1980-11-15,88.001
1980-11-16,85.59
1980-11-17,75.419495
1980-11-18,86.183
1980-11-19,63.616497
1980-11-20,88.30316
1980-11-21,86.952995
1980-11-22,90.02571
1980-11-23,88.77789
1980-11-24,77.549995
1980-11-25,92.42
1980-11-26,93.40846
1980-11-27,88.9695
1980-11-28,86.361
1980-11-29,89.09105
1980-11-30,90.27125
1980-12-01,74.8435
1980-12-02,62.5095
1980-12-03,84.784996
1980-12-04,72.9
1980-12-05,77.571
1980-12-06,87.645996
1980-12-07,75.7025
1980-12-08,70.3925
1980-12-09,71.3525
1980-12-10,58.212997
1980-12-11,57.624496
1980-12-12,78.9935
1980-12-13,84.70052
1980-12-14,78.7
1980-12-15,87.889496
1980-12-16,84.058
1980-12-17,81.693
1980-12-18,90.69334
1980-12-19,91.552666
1980-12-20,90.95187
1980-12-21,91.685715
1980-12-22,78.411995
1980-12-23,80.4215
1980-12-24,83.928
1980-12-25,81.9525
1980-12-26,88.6
1980-12-27,80.361
1980-12-28,72.124
1980-12-29,78.6355
1980-12-30,81.63
1980-12-31,85.223
1981-01-01,75.2715
1981-01-02,72.9355
1981-01-03,74.5515
1981-01-04,65.572
1981-01-05,77.458
1981-01-06,74.293
1981-01-07,72.363
1981-01-08,69.881
1981-01-09,75.5315
1981-01-10,76.2845
1981-01-11,70.959
1981-01-12,70.6515
1981-01-13,90.462105
1981-01-14,76.005
1981-01-15,80.7425
1981-01-16,81.31
1981-01-17,77.168
1981-01-18,86.014
1981-01-19,81.2035
1981-01-20,84.7865
1981-01-21,77.659
1981-01-22,73.454
1981-01-23,80.882
1981-01-24,84.6005
1981-01-25,88.633
1981-01-26,75.3455
1981-01-27,70.4465
1981-01-28,67.4625
1981-01-29,69.4
1981-01-30,78.3
1981-01-31,72.973495
1981-02-01,69.4085
1981-02-02,69.2695
1981-02-03,71.0245
1981-02-04,76.4825
1981-02-05,78.36
1981-02-06,78.1645
1981-02-07,87.0245
1981-02-08,75.904
1981-02-09,75.6575
1981-02-10,85.1295
1981-02-11,62.684
1981-02-12,73.7215
1981-02-13,77.5215
1981-02-14,70.741
1981-02-15,70.4395
1981-02-16,73.531
1981-02-17,76.954
1981-02-18,81.443
1981-02-19,80.552
1981-02-20,75.878
1981-02-21,80.8415
1981-02-22,93.27353
1981-02-23,88.195
1981-02-24,83.2415
1981-02-25,76.371
1981-02-26,62.77
1981-02-27,66.7915
1981-02-28,68.778
1981-03-01,75.072
1981-03-02,91.51143
1981-03-03,93.33333
1981-03-04,85.0079
1981-03-05,72.6045
1981-03-06,72.22
1981-03-07,70.77
1981-03-08,73.0595
1981-03-09,76.2165
1981-03-10,80.752
1981-03-11,76.424995
1981-03-12,64.105995
1981-03-13,82.8465
1981-03-14,68.7265
1981-03-15,71.573
1981-03-16,82.5395
1981-03-17,69.0
1981-03-18,88.045
1981-03-19,65.133
1981-03-20,59.6305
1981-03-21,65.7685
1981-03-22,59.125
1981-03-23,62.3975
1981-03-24,75.1875
1981-03-25,75.754
1981-03-26,64.9355
1981-03-27,53.420998
1981-03-28,63.2805
1981-03-29,57.0585
1981-03-30,64.4205
1981-03-31,58.639
1981-04-01,62.9665
1981-04-02,57.1675
1981-04-03,57.8955
1981-04-04,56.586
1981-04-05,62.663998
1981-04-06,61.7185
1981-04-07,58.908
1981-04-08,58.1585
1981-04-09,58.796997
1981-04-10,57.567997
1981-04-11,55.457
1981-04-12,55.8575
1981-04-13,55.8115
1981-04-14,38.621998
1981-04-15,40.8425
1981-04-16,48.6405
1981-04-17,56.628
1981-04-18,57.0225
1981-04-19,51.025997
1981-04-20,51.784
1981-04-21,54.9195
1981-04-22,52.310497
1981-04-23,50.4305
1981-04-24,72.4265
1981-04-25,74.4835
1981-04-26,68.6585
1981-04-27,77.989
1981-04-28,67.3075
1981-04-29,70.668
1981-04-30,73.8415
1981-05-01,78.974
1981-05-02,67.625
1981-05-03,66.779
1981-05-04,85.4585
1981-05-05,68.6765
1981-05-06,62.32
1981-05-07,58.975998
1981-05-08,60.267498
1981-05-09,62.533
1981-05-10,55.984497
1981-05-11,48.982
1981-05-12,60.3825
1981-05-13,78.415
1981-05-14,76.026
1981-05-15,76.672
1981-05-16,69.865
1981-05-17,71.4515
1981-05-18,68.959
1981-05-19,62.108498
1981-05-20,68.494
1981-05-21,58.7295
1981-05-22,54.685
1981-05-23,74.3745
1981-05-24,66.186
1981-05-25,66.215996
1981-05-26,50.9305
1981-05-27,46.664997
1981-05-28,83.979996
1981-05-29,66.681
1981-05-30,69.1615
1981-05-31,59.798
1981-06-01,57.303
1981-06-02,52.428997
1981-06-03,52.121998
1981-06-04,49.46
1981-06-05,66.126
1981-06-06,76.534996
1981-06-07,82.0635
1981-06-08,73.9095
1981-06-09,76.117
1981-06-10,81.828995
1981-06-11,62.538
1981-06-12,59.0235
1981-06-13,46.0865
1981-06-14,50.251
1981-06-15,68.929
1981-06-16,71.5635
1981-06-17,57.905
1981-06-18,80.779495
1981-06-19,78.7955
1981-06-20,64.362
1981-06-21,68.932
1981-06-22,76.0475
1981-06-23,79.2585
1981-06-24,80.88
1981-06-25,68.622
1981-06-26,81.79
1981-06-27,72.872
1981-06-28,59.4755
1981-06-29,56.829998
1981-06-30,50.107998
1981-07-01,57.7125
1981-07-02,57.55
1981-07-03,54.576
1981-07-04,63.144497
1981-07-05,55.443497
1981-07-06,56.569
1981-07-07,52.3555
1981-07-08,57.2165
1981-07-09,53.0
1981-07-10,57.9875
1981-07-11,58.476997
1981-07-12,57.150497
1981-07-13,64.2435
1981-07-14,80.011
1981-07-15,68.261
1981-07-16,56.7015
1981-07-17,64.014
1981-07-18,62.5075
1981-07-19,82.608
1981-07-20,78.120995
1981-07-21,78.84
1981-07-22,65.222
1981-07-23,56.607998
1981-07-24,52.343
1981-07-25,75.678
1981-07-26,62.641
1981-07-27,67.6105
1981-07-28,71.3275
1981-07-29,62.551
1981-07-30,66.9905
1981-07-31,65.132996
1981-08-01,65.6995
1981-08-02,61.756
1981-08-03,60.338497
1981-08-04,64.91
1981-08-05,62.865997
1981-08-06,52.68
1981-08-07,56.447
1981-08-08,61.448997
1981-08-09,67.5355
1981-08-10,72.3925
1981-08-11,66.4255
1981-08-12,70.76
1981-08-13,64.449
1981-08-14,62.115997
1981-08-15,61.88
1981-08-16,59.776497
1981-08-17,69.915
1981-08-18,65.016
1981-08-19,57.714
1981-08-20,54.9265
1981-08-21,80.5515
1981-08-22,62.75
1981-08-23,76.5735
1981-08-24,74.02
1981-08-25,57.878
1981-08-26,68.8065
1981-08-27,73.028496
1981-08-28,68.2865
1981-08-29,73.436
1981-08-30,67.016
1981-08-31,70.0
1981-09-01,90.721054
1981-09-02,76.657
1981-09-03,73.4435
1981-09-04,64.025
1981-09-05,68.1225
1981-09-06,72.699
1981-09-07,68.7885
1981-09-08,67.426994
1981-09-09,80.348
1981-09-10,88.8121
1981-09-11,83.0995
1981-09-12,74.9005
1981-09-13,73.626
1981-09-14,83.496
1981-09-15,80.056496
1981-09-16,76.737495
1981-09-17,79.2915
1981-09-18,80.198
1981-09-19,86.462
1981-09-20,88.154495
1981-09-21,76.834
1981-09-22,73.005
1981-09-23,70.557495
1981-09-24,67.2825
1981-09-25,84.219
1981-09-26,76.489
1981-09-27,71.313995
1981-09-28,79.186
1981-09-29,84.95842
1981-09-30,89.85429
1981-10-01,91.611496
1981-10-02,82.574
1981-10-03,85.5115
1981-10-04,79.37
1981-10-05,83.9285
1981-10-06,80.8375
1981-10-07,76.222
1981-10-08,73.984
1981-10-09,76.949
1981-10-10,83.609
1981-10-11,74.2355
1981-10-12,68.1215
1981-10-13,65.6615
1981-10-14,61.1875
1981-10-15,85.4575
1981-10-16,70.256996
1981-10-17,77.2135
1981-10-18,84.354996
1981-10-19,80.2405
1981-10-20,73.666
1981-10-21,77.597496
1981-10-22,89.927895
1981-10-23,81.5135
1981-10-24,77.8
1981-10-25,71.995
1981-10-26,68.951
1981-10-27,81.1525
1981-10-28,75.9565
1981-10-29,76.653
1981-10-30,82.4895
1981-10-31,73.751
1981-11-01,70.666
1981-11-02,70.312996
1981-11-03,67.712
1981-11-04,78.4135
1981-11-05,88.65737
1981-11-06,75.2545
1981-11-07,75.889496
1981-11-08,80.374
1981-11-09,82.1745
1981-11-10,67.901
1981-11-11,61.503498
1981-11-12,78.712
1981-11-13,78.8355
1981-11-14,79.662
1981-11-15,71.1235
1981-11-16,77.25
1981-11-17,80.7675
1981-11-18,88.525
1981-11-19,89.94842
1981-11-20,90.354706
1981-11-21,90.3925
1981-11-22,72.618
1981-11-23,82.085
1981-11-24,73.1915
1981-11-25,64.687996
1981-11-26,68.672
1981-11-27,90.2065
1981-11-28,92.076
1981-11-29,85.284
1981-11-30,80.2415
1981-12-01,77.911
1981-12-02,79.4135
1981-12-03,81.3845
1981-12-04,84.05
1981-12-05,78.1175
1981-12-06,79.976
1981-12-07,85.486
1981-12-08,74.603
1981-12-09,64.086
1981-12-10,81.3145
1981-12-11,89.93445
1981-12-12,82.4745
1981-12-13,66.946
1981-12-14,80.6925
1981-12-15,83.0685
1981-12-16,91.514
1981-12-17,79.7885
1981-12-18,86.862
1981-12-19,89.66333
1981-12-20,73.415
1981-12-21,80.3525
1981-12-22,71.63
1981-12-23,91.21667
1981-12-24,91.50313
1981-12-25,92.35231
1981-12-26,87.334
1981-12-27,88.22
1981-12-28,86.3725
1981-12-29,83.789
1981-12-30,91.413635
1981-12-31,79.3795
1982-01-01,93.316666
1982-01-02,82.089
1982-01-03,86.54421
1982-01-04,83.731
1982-01-05,77.2685
1982-01-06,70.9905
1982-01-07,52.684998
1982-01-08,59.786
1982-01-09,80.5495
1982-01-10,83.0415
1982-01-11,82.117
1982-01-12,84.764496
1982-01-13,83.35263
1982-01-14,83.88947
1982-01-15,86.535
1982-01-16,91.47823
1982-01-17,90.44572
1982-01-18,92.10231
1982-01-19,92.86857
1982-01-20,91.788826
1982-01-21,89.13263
1982-01-22,87.71611
1982-01-23,88.557365
1982-01-24,87.5575
1982-01-25,84.3515
1982-01-26,83.109
1982-01-27,87.2721
1982-01-28,84.6355
1982-01-29,84.082634
1982-01-30,89.17111
1982-01-31,65.737
1982-02-01,62.963
1982-02-02,70.028
1982-02-03,81.7065
1982-02-04,85.958
1982-02-05,82.2635
1982-02-06,88.66389
1982-02-07,89.037
1982-02-08,91.816154
1982-02-09,75.526
1982-02-10,82.267
1982-02-11,86.789
1982-02-12,90.35389
1982-02-13,91.909996
1982-02-14,83.2235
1982-02-15,85.305
1982-02-16,74.301
1982-02-17,73.346
1982-02-18,74.457
1982-02-19,78.836
1982-02-20,67.919495
1982-02-21,72.0315
1982-02-22,77.069
1982-02-23,85.0785
1982-02-24,87.96895
1982-02-25,87.8195
1982-02-26,86.586
1982-02-27,70.111496
1982-02-28,74.1695
1982-03-01,80.3655
1982-03-02,84.455
1982-03-03,65.5905
1982-03-04,64.1625
1982-03-05,68.0245
1982-03-06,67.1495
1982-03-07,62.149498
1982-03-08,66.0905
1982-03-09,69.157
1982-03-10,75.0255
1982-03-11,62.739998
1982-03-12,61.0565
1982-03-13,68.2995
1982-03-14,68.3345
1982-03-15,67.8425
1982-03-16,60.8425
1982-03-17,61.571
1982-03-18,70.29
1982-03-19,87.79158
1982-03-20,77.1505
1982-03-21,81.7545
1982-03-22,69.195
1982-03-23,57.386497
1982-03-24,61.809498
1982-03-25,56.339
1982-03-26,58.841
1982-03-27,64.0045
1982-03-28,47.45
1982-03-29,61.8185
1982-03-30,81.8835
1982-03-31,71.849
1982-04-01,71.07
1982-04-02,67.1175
1982-04-03,63.1115
1982-04-04,55.7715
1982-04-05,55.173
1982-04-06,48.948498
1982-04-07,59.7345
1982-04-08,64.3305
1982-04-09,44.9305
1982-04-10,58.02
1982-04-11,58.649
1982-04-12,59.42
1982-04-13,56.083
1982-04-14,54.128
1982-04-15,46.981
1982-04-16,57.087498
1982-04-17,58.459
1982-04-18,70.3265
1982-04-19,66.168
1982-04-20,56.766
1982-04-21,49.539
1982-04-22,57.647
1982-04-23,55.492996
1982-04-24,52.643997
1982-04-25,47.4925
1982-04-26,58.7735
1982-04-27,57.385
1982-04-28,52.3055
1982-04-29,62.7715
1982-04-30,50.983498
1982-05-01,74.7635
1982-05-02,51.671497
1982-05-03,48.650997
1982-05-04,47.586998
1982-05-05,42.622498
1982-05-06,52.5615
1982-05-07,58.962498
1982-05-08,82.1435
1982-05-09,81.84
1982-05-10,89.0955
1982-05-11,79.057
1982-05-12,64.543
1982-05-13,59.523
1982-05-14,57.292
1982-05-15,55.309
1982-05-16,56.667
1982-05-17,51.934498
1982-05-18,56.3475
1982-05-19,61.065
1982-05-20,61.884
1982-05-21,73.6465
1982-05-22,62.771
1982-05-23,78.446
1982-05-24,85.3345
1982-05-25,67.479996
1982-05-26,66.5045
1982-05-27,63.816498
1982-05-28,61.614998
1982-05-29,82.0535
1982-05-30,61.566998
1982-05-31,53.1605
1982-06-01,54.2
1982-06-02,52.281498
1982-06-03,50.988
1982-06-04,53.522
1982-06-05,60.101997
1982-06-06,54.0325
1982-06-07,65.961
1982-06-08,58.7005
1982-06-09,57.1655
1982-06-10,65.020996
1982-06-11,62.0415
1982-06-12,79.591995
1982-06-13,75.5775
1982-06-14,65.009
1982-06-15,54.9165
1982-06-16,62.312
1982-06-17,67.840996
1982-06-18,69.397995
1982-06-19,67.4395
1982-06-20,58.0285
1982-06-21,61.938
1982-06-22,65.417496
1982-06-23,75.596
1982-06-24,61.591
1982-06-25,62.732
1982-06-26,76.2375
1982-06-27,85.2745
1982-06-28,72.032
1982-06-29,72.1545
1982-06-30,69.5255
1982-07-01,60.007
1982-07-02,62.416
1982-07-03,61.3645
1982-07-04,75.779
1982-07-05,61.2235
1982-07-06,61.546497
1982-07-07,62.323997
1982-07-08,56.933
1982-07-09,55.938
1982-07-10,52.7785
1982-07-11,66.778
1982-07-12,82.978
1982-07-13,76.2465
1982-07-14,70.7345
1982-07-15,71.001495
1982-07-16,71.688995
1982-07-17,65.069496
1982-07-18,72.946
1982-07-19,73.1425
1982-07-20,67.7345
1982-07-21,62.770496
1982-07-22,68.1195
1982-07-23,76.522995
1982-07-24,79.416
1982-07-25,81.9265
1982-07-26,80.2615
1982-07-27,85.729
1982-07-28,80.335
1982-07-29,66.7915
1982-07-30,63.216
1982-07-31,70.419
1982-08-01,64.235
1982-08-02,61.413498
1982-08-03,63.3005
1982-08-04,79.5605
1982-08-05,83.718
1982-08-06,76.183
1982-08-07,79.482
1982-08-08,83.5805
1982-08-09,78.091995
1982-08-10,75.743
1982-08-11,67.159996
1982-08-12,68.3055
1982-08-13,68.0415
1982-08-14,66.453
1982-08-15,70.1735
1982-08-16,67.3745
1982-08-17,83.6835
1982-08-18,70.911995
1982-08-19,71.717
1982-08-20,70.1645
1982-08-21,71.8825
1982-08-22,67.4475
1982-08-23,69.2285
1982-08-24,73.7035
1982-08-25,69.708496
1982-08-26,69.033
1982-08-27,67.696495
1982-08-28,88.634
1982-08-29,80.229
1982-08-30,80.7885
1982-08-31,78.1245
1982-09-01,78.609
1982-09-02,70.935
1982-09-03,66.770996
1982-09-04,71.2265
1982-09-05,68.831
1982-09-06,64.678
1982-09-07,68.038
1982-09-08,73.404495
1982-09-09,80.1175
1982-09-10,75.8395
1982-09-11,76.624
1982-09-12,68.1055
1982-09-13,72.098495
1982-09-14,72.349495
1982-09-15,72.714
1982-09-16,75.182
1982-09-17,71.6645
1982-09-18,70.8455
1982-09-19,69.959
1982-09-20,76.5245
1982-09-21,72.8685
1982-09-22,77.229
1982-09-23,87.781
1982-09-24,75.8745
1982-09-25,82.861496
1982-09-26,65.649
1982-09-27,80.046
1982-09-28,81.0505
1982-09-29,79.695496
1982-09-30,74.4945
1982-10-01,85.658
1982-10-02,79.67
1982-10-03,69.678
1982-10-04,83.5955
1982-10-05,77.712
1982-10-06,73.047
1982-10-07,70.401
1982-10-08,89.974
1982-10-09,91.305
1982-10-10,81.032
1982-10-11,80.5605
1982-10-12,89.99105
1982-10-13,77.29
1982-10-14,90.3895
1982-10-15,77.993996
1982-10-16,77.2595
1982-10-17,81.320496
1982-10-18,85.3125
1982-10-19,86.686
1982-10-20,85.979004
1982-10-21,89.27
1982-10-22,81.655
1982-10-23,80.0805
1982-10-24,78.13
1982-10-25,88.475
1982-10-26,86.725
1982-10-27,88.68882
1982-10-28,89.15158
1982-10-29,88.86867
1982-10-30,80.616
1982-10-31,87.86059
1982-11-01,90.62235
1982-11-02,90.33
1982-11-03,88.64667
1982-11-04,88.6
1982-11-05,72.2845
1982-11-06,63.835
1982-11-07,67.957
1982-11-08,64.4285
1982-11-09,62.627
1982-11-10,67.6795
1982-11-11,70.3345
1982-11-12,62.5515
1982-11-13,78.117
1982-11-14,87.68842
1982-11-15,84.8135
1982-11-16,92.70125
1982-11-17,85.419
1982-11-18,71.793
1982-11-19,75.44
1982-11-20,70.445
1982-11-21,81.638
1982-11-22,86.079445
1982-11-23,89.655624
1982-11-24,85.9555
1982-11-25,86.503
1982-11-26,76.7425
1982-11-27,72.631996
1982-11-28,76.6515
1982-11-29,72.9155
1982-11-30,85.017
1982-12-01,75.215
1982-12-02,82.753685
1982-12-03,90.968
1982-12-04,92.535
1982-12-05,92.04182
1982-12-06,91.71526
1982-12-07,92.46733
1982-12-08,91.69611
1982-12-09,84.542
1982-12-10,79.5265
1982-12-11,76.925995
1982-12-12,77.178
1982-12-13,90.54
1982-12-14,89.56421
1982-12-15,83.798
1982-12-16,77.382996
1982-12-17,83.208496
1982-12-18,82.665
1982-12-19,87.83369
1982-12-20,79.0815
1982-12-21,90.3185
1982-12-22,91.96714
1982-12-23,89.95105
1982-12-24,88.76666
1982-12-25,77.9095
1982-12-26,72.764
1982-12-27,84.0605
1982-12-28,75.073
1982-12-29,74.297
1982-12-30,66.983
1982-12-31,80.861
1983-01-01,84.65833
1983-01-02,80.366
1983-01-03,87.562
1983-01-04,87.8625
1983-01-05,79.761
1983-01-06,90.413574
1983-01-07,90.17105
1983-01-08,79.93
1983-01-09,76.088
1983-01-10,75.662
1983-01-11,74.2795
1983-01-12,90.060555
1983-01-13,93.02545
1983-01-14,77.229
1983-01-15,79.062
1983-01-16,76.5815
1983-01-17,80.212
1983-01-18,61.9585
1983-01-19,65.2025
1983-01-20,64.751495
1983-01-21,69.392
1983-01-22,71.5715
1983-01-23,64.744995
1983-01-24,76.245
1983-01-25,85.7985
1983-01-26,87.82889
1983-01-27,77.2035
1983-01-28,71.0115
1983-01-29,69.0585
1983-01-30,82.2755
1983-01-31,55.948997
1983-02-01,67.887
1983-02-02,62.302
1983-02-03,63.992
1983-02-04,65.2625
1983-02-05,58.6265
1983-02-06,78.82
1983-02-07,90.4555
1983-02-08,90.65706
1983-02-09,91.62133
1983-02-10,90.535
1983-02-11,92.68818
1983-02-12,79.4765
1983-02-13,79.708
1983-02-14,90.02
1983-02-15,67.8885
1983-02-16,63.593
1983-02-17,64.0305
1983-02-18,71.5185
1983-02-19,78.1275
1983-02-20,75.629
1983-02-21,68.6485
1983-02-22,66.179
1983-02-23,70.6665
1983-02-24,77.247
1983-02-25,67.192
1983-02-26,69.459
1983-02-27,84.9855
1983-02-28,84.6275
1983-03-01,87.505295
1983-03-02,89.64412
1983-03-03,75.708
1983-03-04,70.7885
1983-03-05,68.486
1983-03-06,65.68
1983-03-07,63.964497
1983-03-08,70.404
1983-03-09,60.475
1983-03-10,62.476498
1983-03-11,61.3135
1983-03-12,55.653
1983-03-13,48.664997
1983-03-14,45.7375
1983-03-15,42.024
1983-03-16,43.9075
1983-03-17,53.191998
1983-03-18,62.3645
1983-03-19,68.067
1983-03-20,75.041
1983-03-21,66.2715
1983-03-22,62.288498
1983-03-23,63.1615
1983-03-24,65.1305
1983-03-25,85.3045
1983-03-26,78.794
1983-03-27,69.3375
1983-03-28,67.205
1983-03-29,75.0595
1983-03-30,74.86
1983-03-31,77.239
1983-04-01,89.5645
1983-04-02,75.217995
1983-04-03,79.2545
1983-04-04,73.3845
1983-04-05,77.9085
1983-04-06,63.6475
1983-04-07,76.613495
1983-04-08,70.1885
1983-04-09,70.2995
1983-04-10,83.97632
1983-04-11,62.8175
1983-04-12,62.9605
1983-04-13,64.1385
1983-04-14,70.317
1983-04-15,80.126
1983-04-16,74.4595
1983-04-17,59.466
1983-04-18,53.781498
1983-04-19,53.642498
1983-04-20,54.882
1983-04-21,55.041
1983-04-22,84.0005
1983-04-23,77.984
1983-04-24,59.593
1983-04-25,62.740997
1983-04-26,51.938
1983-04-27,49.2095
1983-04-28,61.2655
1983-04-29,57.170998
1983-04-30,69.046
1983-05-01,57.355
1983-05-02,59.922
1983-05-03,59.127
1983-05-04,70.109
1983-05-05,64.5885
1983-05-06,71.434
1983-05-07,60.990498
1983-05-08,87.9855
1983-05-09,90.63
1983-05-10,71.957
1983-05-11,69.425995
1983-05-12,63.319
1983-05-13,59.032997
1983-05-14,63.022
1983-05-15,49.8345
1983-05-16,45.174
1983-05-17,49.961
1983-05-18,55.872498
1983-05-19,57.163
1983-05-20,57.336998
1983-05-21,57.254498
1983-05-22,57.1105
1983-05-23,72.442
1983-05-24,88.816666
1983-05-25,76.196
1983-05-26,68.319496
1983-05-27,72.6015
1983-05-28,62.829
1983-05-29,65.967
1983-05-30,63.427
1983-05-31,62.9875
1983-06-01,56.488
1983-06-02,56.78
1983-06-03,63.092
1983-06-04,58.353996
1983-06-05,54.8535
1983-06-06,58.3485
1983-06-07,50.365498
1983-06-08,53.0485
1983-06-09,60.015
1983-06-10,68.223495
1983-06-11,70.1065
1983-06-12,61.667
1983-06-13,62.5615
1983-06-14,73.228
1983-06-15,69.0675
1983-06-16,87.8445
1983-06-17,68.983
1983-06-18,73.1025
1983-06-19,87.574
1983-06-20,85.9025
1983-06-21,76.833496
1983-06-22,77.4255
1983-06-23,60.287
1983-06-24,60.812
1983-06-25,59.4015
1983-06-26,70.0425
1983-06-27,61.754997
1983-06-28,81.314
1983-06-29,58.3155
1983-06-30,58.3385
1983-07-01,61.309498
1983-07-02,67.522995
1983-07-03,57.871998
1983-07-04,56.9125
1983-07-05,53.0685
1983-07-06,53.4405
1983-07-07,57.138
1983-07-08,58.7755
1983-07-09,42.35
1983-07-10,50.115498
1983-07-11,63.596
1983-07-12,68.21
1983-07-13,58.755497
1983-07-14,71.85
1983-07-15,59.8575
1983-07-16,57.871998
1983-07-17,54.772
1983-07-18,47.9315
1983-07-19,53.6825
1983-07-20,68.1175
1983-07-21,51.633
1983-07-22,52.85
1983-07-23,51.725998
1983-07-24,60.072998
1983-07-25,62.386997
1983-07-26,49.031498
1983-07-27,50.702
1983-07-28,54.9625
1983-07-29,65.827995
1983-07-30,55.887
1983-07-31,47.468998
1983-08-01,49.1415
1983-08-02,65.3375
1983-08-03,72.415
1983-08-04,64.945
1983-08-05,78.0315
1983-08-06,79.756996
1983-08-07,84.034
1983-08-08,72.927
1983-08-09,67.570496
1983-08-10,63.647
1983-08-11,60.0435
1983-08-12,57.775497
1983-08-13,63.010998
1983-08-14,57.993
1983-08-15,54.830997
1983-08-16,48.782997
1983-08-17,56.25
1983-08-18,57.163998
1983-08-19,60.2695
1983-08-20,51.6485
1983-08-21,53.084
1983-08-22,57.6455
1983-08-23,56.559498
1983-08-24,58.0305
1983-08-25,78.9265
1983-08-26,66.912
1983-08-27,54.729
1983-08-28,52.5765
1983-08-29,57.493
1983-08-30,68.9
1983-08-31,64.357
1983-09-01,54.2515
1983-09-02,49.3295
1983-09-03,65.806
1983-09-04,69.023
1983-09-05,67.0785
1983-09-06,64.021996
1983-09-07,52.8825
1983-09-08,58.732
1983-09-09,59.427998
1983-09-10,59.7355
1983-09-11,75.104
1983-09-12,76.946
1983-09-13,68.168495
1983-09-14,69.126
1983-09-15,65.245
1983-09-16,67.128
1983-09-17,81.3955
1983-09-18,68.833496
1983-09-19,72.2855
1983-09-20,66.6745
1983-09-21,69.598495
1983-09-22,60.897
1983-09-23,59.559
1983-09-24,66.410995
1983-09-25,60.146
1983-09-26,57.9595
1983-09-27,63.495
1983-09-28,74.597496
1983-09-29,67.5115
1983-09-30,66.9305
1983-10-01,50.990997
1983-10-02,55.3495
1983-10-03,76.1515
1983-10-04,72.831
1983-10-05,76.246
1983-10-06,72.391495
1983-10-07,62.9225
1983-10-08,74.181496
1983-10-09,74.026
1983-10-10,79.305
1983-10-11,92.26312
1983-10-12,70.204
1983-10-13,67.995
1983-10-14,67.988
1983-10-15,67.8945
1983-10-16,66.6095
1983-10-17,86.5755
1983-10-18,72.4095
1983-10-19,68.2375
1983-10-20,75.722
1983-10-21,64.4105
1983-10-22,70.137
1983-10-23,76.9305
1983-10-24,69.84
1983-10-25,75.6425
1983-10-26,64.489
1983-10-27,71.4825
1983-10-28,82.8535
1983-10-29,82.2175
1983-10-30,86.1085
1983-10-31,75.389496
1983-11-01,71.986
1983-11-02,75.76
1983-11-03,79.446
1983-11-04,81.595
1983-11-05,87.9185
1983-11-06,87.9165
1983-11-07,86.83833
1983-11-08,87.53474
1983-11-09,90.89125
1983-11-10,89.82923
1983-11-11,85.0
1983-11-12,61.150997
1983-11-13,53.276
1983-11-14,68.3865
1983-11-15,63.827
1983-11-16,66.2525
1983-11-17,75.3155
1983-11-18,76.5145
1983-11-19,84.042496
1983-11-20,83.416
1983-11-21,84.9495
1983-11-22,69.1345
1983-11-23,68.7285
1983-11-24,70.414
1983-11-25,84.081
1983-11-26,90.32437
1983-11-27,86.99947
1983-11-28,79.657
1983-11-29,76.8165
1983-11-30,72.812996
1983-12-01,59.769997
1983-12-02,65.1845
1983-12-03,73.8885
1983-12-04,73.958
1983-12-05,76.8385
1983-12-06,81.293
1983-12-07,69.4395
1983-12-08,79.3385
1983-12-09,80.1445
1983-12-10,90.11
1983-12-11,70.9225
1983-12-12,81.4475
1983-12-13,76.75
1983-12-14,80.0805
1983-12-15,75.7125
1983-12-16,82.904
1983-12-17,84.251495
1983-12-18,85.4035
1983-12-19,75.337
1983-12-20,91.42353
1983-12-21,87.935
1983-12-22,90.1195
1983-12-23,89.76632
1983-12-24,88.44053
1983-12-25,87.97875
1983-12-26,80.7315
1983-12-27,62.595497
1983-12-28,64.899
1983-12-29,83.9635
1983-12-30,89.76091
1983-12-31,67.802
1984-01-01,63.482
1984-01-02,61.810497
1984-01-03,76.1775
1984-01-04,75.500496
1984-01-05,82.2795
1984-01-06,81.303
1984-01-07,74.7495
1984-01-08,84.713
1984-01-09,85.8935
1984-01-10,81.042496
1984-01-11,82.4355
1984-01-12,88.3675
1984-01-13,86.1555
1984-01-14,86.5435
1984-01-15,80.6215
1984-01-16,74.7715
1984-01-17,85.466
1984-01-18,72.637
1984-01-19,84.157
1984-01-20,90.57105
1984-01-21,80.3115
1984-01-22,86.243
1984-01-23,90.38368
1984-01-24,91.29857
1984-01-25,74.618
1984-01-26,74.408
1984-01-27,75.6525
1984-01-28,83.698
1984-01-29,92.6
1984-01-30,93.96714
1984-01-31,90.84778
1984-02-01,91.075836
1984-02-02,90.816666
1984-02-03,91.67133
1984-02-04,83.09631
1984-02-05,85.1245
1984-02-06,76.863
1984-02-07,76.9265
1984-02-08,70.908
1984-02-09,77.9205
1984-02-10,64.6295
1984-02-11,62.9985
1984-02-12,52.6535
1984-02-13,57.1745
1984-02-14,69.7975
1984-02-15,79.4665
1984-02-16,78.4205
1984-02-17,77.6215
1984-02-18,67.543495
1984-02-19,85.304
1984-02-20,86.31
1984-02-21,82.961
1984-02-22,88.0075
1984-02-23,89.78474
1984-02-24,92.06824
1984-02-25,88.14105
1984-02-26,77.2555
1984-02-27,85.5945
1984-02-28,91.79692
1984-02-29,81.238
1984-03-01,76.017
1984-03-02,87.40158
1984-03-03,85.997
1984-03-04,70.636
1984-03-05,67.145
1984-03-06,68.0275
1984-03-07,69.3745
1984-03-08,62.774498
1984-03-09,59.898
1984-03-10,61.858997
1984-03-11,66.0375
1984-03-12,73.417
1984-03-13,75.7
1984-03-14,71.697495
1984-03-15,61.2255
1984-03-16,56.074497
1984-03-17,61.432
1984-03-18,59.906
1984-03-19,52.875
1984-03-20,44.477497
1984-03-21,57.5005
1984-03-22,63.774998
1984-03-23,63.9465
1984-03-24,51.3055
1984-03-25,46.344997
1984-03-26,71.419
1984-03-27,59.8065
1984-03-28,53.377
1984-03-29,47.4505
1984-03-30,85.18
1984-03-31,61.038998
1984-04-01,50.7635
1984-04-02,72.088
1984-04-03,80.6075
1984-04-04,77.015495
1984-04-05,75.548996
1984-04-06,66.239
1984-04-07,65.5895
1984-04-08,67.219
1984-04-09,80.0675
1984-04-10,71.947
1984-04-11,76.3565
1984-04-12,81.606
1984-04-13,74.919495
1984-04-14,67.746
1984-04-15,55.4025
1984-04-16,44.2385
1984-04-17,69.478
1984-04-18,44.831997
1984-04-19,37.190998
1984-04-20,41.64
1984-04-21,56.8835
1984-04-22,56.268497
1984-04-23,67.184
1984-04-24,57.368
1984-04-25,46.71
1984-04-26,50.729
1984-04-27,50.2305
1984-04-28,63.6915
1984-04-29,52.75
1984-04-30,64.986
1984-05-01,84.4015
1984-05-02,66.423
1984-05-03,61.426
1984-05-04,50.3535
1984-05-05,56.7645
1984-05-06,65.1635
1984-05-07,72.0185
1984-05-08,71.3985
1984-05-09,65.2555
1984-05-10,71.7
1984-05-11,81.005
1984-05-12,89.2315
1984-05-13,92.05
1984-05-14,80.861496
1984-05-15,64.722496
1984-05-16,66.8045
1984-05-17,59.9635
1984-05-18,60.392498
1984-05-19,52.630497
1984-05-20,52.122997
1984-05-21,70.636
1984-05-22,75.1725
1984-05-23,82.6835
1984-05-24,73.74
1984-05-25,73.4975
1984-05-26,71.217
1984-05-27,64.403
1984-05-28,85.5985
1984-05-29,74.221
1984-05-30,79.687996
1984-05-31,66.3325
1984-06-01,63.357998
1984-06-02,63.7615
1984-06-03,53.736
1984-06-04,66.5945
1984-06-05,56.804
1984-06-06,64.9115
1984-06-07,80.2275
1984-06-08,70.918495
1984-06-09,72.387
1984-06-10,60.042
1984-06-11,61.478
1984-06-12,56.118
1984-06-13,51.3145
1984-06-14,53.681
1984-06-15,66.997
1984-06-16,62.329998
1984-06-17,63.935
1984-06-18,57.6835
1984-06-19,61.043
1984-06-20,59.1975
1984-06-21,63.979
1984-06-22,75.137
1984-06-23,65.71
1984-06-24,72.562996
1984-06-25,57.454
1984-06-26,72.3045
1984-06-27,60.5875
1984-06-28,68.2275
1984-06-29,87.6905
1984-06-30,66.811
1984-07-01,56.7465
1984-07-02,84.447
1984-07-03,68.3385
1984-07-04,77.0345
1984-07-05,66.6125
1984-07-06,77.8585
1984-07-07,66.857
1984-07-08,61.629498
1984-07-09,59.508
1984-07-10,61.892998
1984-07-11,58.940998
1984-07-12,61.192997
1984-07-13,58.524
1984-07-14,58.8555
1984-07-15,77.976
1984-07-16,65.5125
1984-07-17,70.307
1984-07-18,71.235
1984-07-19,70.804
1984-07-20,70.669495
1984-07-21,60.816998
1984-07-22,61.395
1984-07-23,63.5895
1984-07-24,61.268497
1984-07-25,61.052998
1984-07-26,67.291
1984-07-27,62.4095
1984-07-28,79.548996
1984-07-29,83.8105
1984-07-30,65.955
1984-07-31,60.849
1984-08-01,66.227
1984-08-02,64.875496
1984-08-03,61.288998
1984-08-04,59.565998
1984-08-05,57.9035
1984-08-06,71.0735
1984-08-07,80.233
1984-08-08,81.0465
1984-08-09,73.7605
1984-08-10,77.8175
1984-08-11,74.4265
1984-08-12,81.34
1984-08-13,68.9965
1984-08-14,66.284
1984-08-15,65.173996
1984-08-16,75.6375
1984-08-17,70.256996
1984-08-18,63.8515
1984-08-19,61.727497
1984-08-20,60.920998
1984-08-21,57.592
1984-08-22,61.9965
1984-08-23,62.3475
1984-08-24,57.2525
1984-08-25,73.4075
1984-08-26,74.864
1984-08-27,55.424
1984-08-28,61.586998
1984-08-29,64.035995
1984-08-30,59.974
1984-08-31,62.206497
1984-09-01,63.1265
1984-09-02,67.253
1984-09-03,63.918
1984-09-04,66.182
1984-09-05,56.297497
1984-09-06,76.8845
1984-09-07,75.772995
1984-09-08,66.2685
1984-09-09,66.398994
1984-09-10,85.8945
1984-09-11,69.8535
1984-09-12,85.588
1984-09-13,84.483
1984-09-14,80.6405
1984-09-15,79.2215
1984-09-16,90.93176
1984-09-17,90.09684
1984-09-18,80.69
1984-09-19,76.841995
1984-09-20,73.173
1984-09-21,93.449165
1984-09-22,88.048996
1984-09-23,77.7095
1984-09-24,82.6595
1984-09-25,88.628
1984-09-26,77.928
1984-09-27,83.5365
1984-09-28,75.47
1984-09-29,86.8765
1984-09-30,89.738
1984-10-01,81.884
1984-10-02,80.1365
1984-10-03,76.293495
1984-10-04,80.778
1984-10-05,74.183
1984-10-06,78.368996
1984-10-07,81.431
1984-10-08,76.99
1984-10-09,78.9515
1984-10-10,83.5555
1984-10-11,82.775
1984-10-12,85.056
1984-10-13,76.7495
1984-10-14,80.419495
1984-10-15,68.605995
1984-10-16,66.6385
1984-10-17,70.173
1984-10-18,73.4845
1984-10-19,75.3735
1984-10-20,68.8855
1984-10-21,74.9255
1984-10-22,76.084496
1984-10-23,82.5485
1984-10-24,82.743996
1984-10-25,81.7985
1984-10-26,79.9935
1984-10-27,78.5065
1984-10-28,86.99105
1984-10-29,87.3715
1984-10-30,90.73
1984-10-31,88.85563
1984-11-01,90.78313
1984-11-02,83.011055
1984-11-03,75.247
1984-11-04,84.601
1984-11-05,86.59
1984-11-06,86.066
1984-11-07,81.1495
1984-11-08,82.7745
1984-11-09,83.6935
1984-11-10,85.9225
1984-11-11,83.7055
1984-11-12,77.462
1984-11-13,80.7215
1984-11-14,79.9385
1984-11-15,70.519
1984-11-16,90.33357
1984-11-17,90.80263
1984-11-18,92.05333
1984-11-19,90.74421
1984-11-20,90.378944
1984-11-21,86.838
1984-11-22,76.3035
1984-11-23,69.922
1984-11-24,59.2255
1984-11-25,67.09
1984-11-26,87.177895
1984-11-27,75.148
1984-11-28,80.168
1984-11-29,90.91077
1984-11-30,87.30158
1984-12-01,84.0415
1984-12-02,79.1075
1984-12-03,84.1515
1984-12-04,84.509995
1984-12-05,85.6595
1984-12-06,88.0455
1984-12-07,87.272
1984-12-08,91.851875
1984-12-09,91.318
1984-12-10,78.801
1984-12-11,73.406
1984-12-12,76.3945
1984-12-13,92.17588
1984-12-14,85.613
1984-12-15,89.892105
1984-12-16,82.497
1984-12-17,89.58667
1984-12-18,89.799446
1984-12-19,90.61158
1984-12-20,84.80944
1984-12-21,91.82727
1984-12-22,77.3875
1984-12-23,84.3595
1984-12-24,83.695496
1984-12-25,82.8985
1984-12-26,90.51
1984-12-27,90.308945
1984-12-28,86.63158
1984-12-29,89.39684
1984-12-30,88.94688
1984-12-31,79.8055
1985-01-01,84.1505
1985-01-02,87.36176
1985-01-03,78.4425
1985-01-04,81.3715
1985-01-05,74.5085
1985-01-06,76.568
1985-01-07,72.292496
1985-01-08,80.9165
1985-01-09,71.025
1985-01-10,68.738495
1985-01-11,74.748
1985-01-12,77.2705
1985-01-13,83.5055
1985-01-14,66.392
1985-01-15,78.026
1985-01-16,70.732
1985-01-17,71.3
1985-01-18,68.2315
1985-01-19,81.9345
1985-01-20,80.983
1985-01-21,79.739
1985-01-22,87.756
1985-01-23,88.92579
1985-01-24,84.32474
1985-01-25,78.833496
1985-01-26,75.3105
1985-01-27,77.2595
1985-01-28,72.8055
1985-01-29,76.4565
1985-01-30,86.9525
1985-01-31,79.8965
1985-02-01,80.769
1985-02-02,74.5785
1985-02-03,51.9475
1985-02-04,53.060497
1985-02-05,68.219
1985-02-06,78.756
1985-02-07,67.702995
1985-02-08,61.4165
1985-02-09,88.232
1985-02-10,72.840996
1985-02-11,67.192
1985-02-12,65.5805
1985-02-13,71.9675
1985-02-14,66.6185
1985-02-15,75.167496
1985-02-16,63.5445
1985-02-17,69.577995
1985-02-18,67.0065
1985-02-19,66.816
1985-02-20,65.642
1985-02-21,67.3435
1985-02-22,84.5435
1985-02-23,74.3035
1985-02-24,91.39625
1985-02-25,88.106316
1985-02-26,87.21421
1985-02-27,79.1105
1985-02-28,83.2615
1985-03-01,89.604996
1985-03-02,92.55231
1985-03-03,93.03555
1985-03-04,90.904
1985-03-05,87.5615
1985-03-06,83.3925
1985-03-07,89.58889
1985-03-08,87.194
1985-03-09,81.191
1985-03-10,80.701996
1985-03-11,90.475296
1985-03-12,83.32
1985-03-13,73.169495
1985-03-14,78.569
1985-03-15,82.1055
1985-03-16,78.744995
1985-03-17,87.7585
1985-03-18,80.8815
1985-03-19,80.7135
1985-03-20,88.805
1985-03-21,81.465
1985-03-22,77.197
1985-03-23,87.574
1985-03-24,90.15948
1985-03-25,72.101
1985-03-26,65.625
1985-03-27,66.6045
1985-03-28,68.069
1985-03-29,57.421497
1985-03-30,49.969498
1985-03-31,56.4905
1985-04-01,56.108498
1985-04-02,63.15
1985-04-03,63.670998
1985-04-04,60.4675
1985-04-05,50.406
1985-04-06,52.1625
1985-04-07,63.3125
1985-04-08,71.1145
1985-04-09,70.1425
1985-04-10,75.553
1985-04-11,65.0255
1985-04-12,71.674995
1985-04-13,50.993
1985-04-14,63.7485
1985-04-15,60.388
1985-04-16,59.5165
1985-04-17,61.3745
1985-04-18,66.3955
1985-04-19,52.922497
1985-04-20,59.176
1985-04-21,57.9535
1985-04-22,51.711
1985-04-23,57.951
1985-04-24,69.649
1985-04-25,46.5355
1985-04-26,59.1215
1985-04-27,60.351997
1985-04-28,75.067
1985-04-29,62.6585
1985-04-30,61.5785
1985-05-01,67.682
1985-05-02,88.337776
1985-05-03,75.188995
1985-05-04,60.1245
1985-05-05,72.976
1985-05-06,71.2625
1985-05-07,77.903
1985-05-08,66.328
1985-05-09,58.347
1985-05-10,70.3055
1985-05-11,79.035995
1985-05-12,70.9545
1985-05-13,61.45
1985-05-14,61.611
1985-05-15,73.9825
1985-05-16,75.8185
1985-05-17,92.344444
1985-05-18,87.636
1985-05-19,87.717
1985-05-20,71.953995
1985-05-21,77.009
1985-05-22,78.6255
1985-05-23,62.4455
1985-05-24,69.233
1985-05-25,68.0625
1985-05-26,62.156
1985-05-27,59.003498
1985-05-28,60.3905
1985-05-29,67.1195
1985-05-30,74.480995
1985-05-31,77.56
1985-06-01,76.4335
1985-06-02,79.889
1985-06-03,80.2165
1985-06-04,69.5
1985-06-05,64.7745
1985-06-06,68.6275
1985-06-07,73.741
1985-06-08,82.239
1985-06-09,72.3505
1985-06-10,67.8775
1985-06-11,70.9825
1985-06-12,58.532497
1985-06-13,82.664
1985-06-14,68.2635
1985-06-15,80.5295
1985-06-16,58.3695
1985-06-17,82.2395
1985-06-18,69.3935
1985-06-19,64.461
1985-06-20,85.3685
1985-06-21,76.3905
1985-06-22,68.7405
1985-06-23,88.10579
1985-06-24,78.3685
1985-06-25,66.1895
1985-06-26,61.177498
1985-06-27,73.9505
1985-06-28,69.6355
1985-06-29,66.53
1985-06-30,69.3705
1985-07-01,78.308
1985-07-02,83.712
1985-07-03,66.055
1985-07-04,57.592
1985-07-05,62.818
1985-07-06,56.0715
1985-07-07,65.472496
1985-07-08,64.3655
1985-07-09,65.3785
1985-07-10,76.381
1985-07-11,68.3425
1985-07-12,66.794
1985-07-13,61.5535
1985-07-14,61.9125
1985-07-15,63.368
1985-07-16,64.6185
1985-07-17,78.5345
1985-07-18,72.842
1985-07-19,66.377
1985-07-20,65.2605
1985-07-21,67.1905
1985-07-22,53.8365
1985-07-23,56.859
1985-07-24,60.2285
1985-07-25,64.9
1985-07-26,63.087498
1985-07-27,61.551
1985-07-28,65.647995
1985-07-29,58.345497
1985-07-30,66.9695
1985-07-31,76.951996
1985-08-01,61.409
1985-08-02,83.191
1985-08-03,64.8405
1985-08-04,80.2355
1985-08-05,59.2485
1985-08-06,63.4285
1985-08-07,89.89625
1985-08-08,79.9085
1985-08-09,86.68
1985-08-10,74.514
1985-08-11,77.8925
1985-08-12,70.406
1985-08-13,66.666
1985-08-14,64.751
1985-08-15,67.7765
1985-08-16,62.112
1985-08-17,60.0195
1985-08-18,83.901
1985-08-19,69.558495
1985-08-20,74.502
1985-08-21,69.2405
1985-08-22,70.6075
1985-08-23,75.181
1985-08-24,69.293
1985-08-25,64.243
1985-08-26,82.551
1985-08-27,81.5635
1985-08-28,78.71
1985-08-29,76.9665
1985-08-30,73.447
1985-08-31,76.843
1985-09-01,74.989
1985-09-02,76.3575
1985-09-03,72.071495
1985-09-04,73.082
1985-09-05,66.873
1985-09-06,66.7605
1985-09-07,58.892998
1985-09-08,76.958
1985-09-09,88.5165
1985-09-10,71.6175
1985-09-11,68.163
1985-09-12,68.634995
1985-09-13,70.2675
1985-09-14,72.808
1985-09-15,60.9955
1985-09-16,76.418
1985-09-17,73.5125
1985-09-18,74.591
1985-09-19,67.8525
1985-09-20,72.012
1985-09-21,72.339
1985-09-22,66.429
1985-09-23,71.621
1985-09-24,76.18
1985-09-25,75.8885
1985-09-26,72.6795
1985-09-27,75.0205
1985-09-28,74.6445
1985-09-29,70.409996
1985-09-30,72.7445
1985-10-01,66.201996
1985-10-02,68.5185
1985-10-03,69.957
1985-10-04,71.095
1985-10-05,61.3015
1985-10-06,76.3245
1985-10-07,80.4225
1985-10-08,75.669495
1985-10-09,67.9995
1985-10-10,68.9435
1985-10-11,68.275
1985-10-12,72.886
1985-10-13,54.314
1985-10-14,72.719
1985-10-15,71.5535
1985-10-16,66.167496
1985-10-17,73.082
1985-10-18,78.4015
1985-10-19,83.131
1985-10-20,75.06
1985-10-21,75.5885
1985-10-22,74.862495
1985-10-23,64.0825
1985-10-24,70.5115
1985-10-25,76.0385
1985-10-26,77.5185
1985-10-27,85.7145
1985-10-28,87.96764
1985-10-29,83.1315
1985-10-30,83.685
1985-10-31,90.005295
1985-11-01,91.92357
1985-11-02,77.2815
1985-11-03,77.312996
1985-11-04,76.892105
1985-11-05,79.436
1985-11-06,70.4105
1985-11-07,67.729996
1985-11-08,71.3865
1985-11-09,72.395996
1985-11-10,85.4105
1985-11-11,67.5955
1985-11-12,87.95789
1985-11-13,94.07143
1985-11-14,88.88111
1985-11-15,79.5265
1985-11-16,87.018
1985-11-17,80.7765
1985-11-18,81.4135
1985-11-19,92.41882
1985-11-20,92.35467
1985-11-21,92.20923
1985-11-22,91.34812
1985-11-23,93.082
1985-11-24,92.97363
1985-11-25,88.703
1985-11-26,83.4095
1985-11-27,84.8675
1985-11-28,86.8675
1985-11-29,68.604996
1985-11-30,91.57875
1985-12-01,91.26933
1985-12-02,93.04375
1985-12-03,89.555
1985-12-04,89.63158
1985-12-05,92.027504
1985-12-06,90.788124
1985-12-07,86.2995
1985-12-08,91.78
1985-12-09,91.13461
1985-12-10,90.98941
1985-12-11,85.83945
1985-12-12,91.16231
1985-12-13,92.58546
1985-12-14,90.24934
1985-12-15,83.6615
1985-12-16,73.7335
1985-12-17,67.875496
1985-12-18,88.27556
1985-12-19,77.392
1985-12-20,76.905
1985-12-21,86.1385
1985-12-22,92.52857
1985-12-23,85.422
1985-12-24,92.16461
1985-12-25,90.58
1985-12-26,91.80182
1985-12-27,86.65647
1985-12-28,89.43
1985-12-29,84.3705
1985-12-30,72.2425
1985-12-31,89.62375
1986-01-01,91.918945
1986-01-02,89.83579
1986-01-03,91.296425
1986-01-04,86.004
1986-01-05,76.0405
1986-01-06,84.271996
1986-01-07,83.4735
1986-01-08,84.602
1986-01-09,85.9285
1986-01-10,78.5895
1986-01-11,88.3379
1986-01-12,90.9005
1986-01-13,74.875
1986-01-14,81.027
1986-01-15,70.3245
1986-01-16,81.3575
1986-01-17,77.6485
1986-01-18,73.6715
1986-01-19,79.6255
1986-01-20,63.578
1986-01-21,73.352
1986-01-22,83.750496
1986-01-23,74.8135
1986-01-24,82.424995
1986-01-25,73.034
1986-01-26,76.222496
1986-01-27,70.7415
1986-01-28,74.7735
1986-01-29,79.464
1986-01-30,78.0765
1986-01-31,83.118996
1986-02-01,86.1025
1986-02-02,91.545334
1986-02-03,86.29842
1986-02-04,78.847
1986-02-05,76.785995
1986-02-06,82.033
1986-02-07,79.753
1986-02-08,77.6425
1986-02-09,88.6585
1986-02-10,85.526
1986-02-11,87.269
1986-02-12,76.8495
1986-02-13,80.145996
1986-02-14,83.976
1986-02-15,82.451996
1986-02-16,87.379
1986-02-17,87.4955
1986-02-18,92.3475
1986-02-19,93.79
1986-02-20,75.4815
1986-02-21,70.119995
1986-02-22,84.838
1986-02-23,87.82
1986-02-24,73.465
1986-02-25,75.2875
1986-02-26,67.3845
1986-02-27,73.2395
1986-02-28,78.4835
1986-03-01,79.288
1986-03-02,92.61313
1986-03-03,86.2175
1986-03-04,89.77167
1986-03-05,82.0965
1986-03-06,81.5305
1986-03-07,86.988
1986-03-08,88.46105
1986-03-09,87.724
1986-03-10,87.408
1986-03-11,86.70105
1986-03-12,90.547775
1986-03-13,89.914734
1986-03-14,92.780716
1986-03-15,91.530556
1986-03-16,82.119995
1986-03-17,78.282
1986-03-18,71.017
1986-03-19,76.4735
1986-03-20,83.1765
1986-03-21,86.110504
1986-03-22,80.7125
1986-03-23,76.3945
1986-03-24,72.988
1986-03-25,79.9795
1986-03-26,75.756996
1986-03-27,67.334
1986-03-28,69.0105
1986-03-29,82.2265
1986-03-30,87.80789
1986-03-31,69.6425
1986-04-01,59.8365
1986-04-02,65.376495
1986-04-03,55.656498
1986-04-04,64.4235
1986-04-05,70.1155
1986-04-06,69.5275
1986-04-07,60.136497
1986-04-08,47.92
1986-04-09,56.981
1986-04-10,63.1245
1986-04-11,63.008
1986-04-12,88.458
1986-04-13,68.6565
1986-04-14,55.344498
1986-04-15,57.1265
1986-04-16,80.3935
1986-04-17,61.538998
1986-04-18,75.71
1986-04-19,73.1745
1986-04-20,70.2725
1986-04-21,65.9745
1986-04-22,54.8675
1986-04-23,57.2845
1986-04-24,49.864998
1986-04-25,45.060997
1986-04-26,47.702
1986-04-27,50.412
1986-04-28,58.246998
1986-04-29,64.463
1986-04-30,59.5275
1986-05-01,56.082
1986-05-02,56.323997
1986-05-03,57.9125
1986-05-04,54.796997
1986-05-05,51.146
1986-05-06,49.0235
1986-05-07,49.364998
1986-05-08,71.0205
1986-05-09,63.381
1986-05-10,56.798
1986-05-11,78.673996
1986-05-12,66.4805
1986-05-13,63.2615
1986-05-14,53.091
1986-05-15,60.343
1986-05-16,76.496
1986-05-17,80.8455
1986-05-18,70.696
1986-05-19,71.637
1986-05-20,85.9405
1986-05-21,78.028496
1986-05-22,70.836494
1986-05-23,62.2455
1986-05-24,72.4765
1986-05-25,60.232
1986-05-26,59.189
1986-05-27,54.971
1986-05-28,60.198
1986-05-29,80.2915
1986-05-30,84.0055
1986-05-31,72.942
1986-06-01,74.191
1986-06-02,70.4675
1986-06-03,83.857
1986-06-04,74.3485
1986-06-05,82.0215
1986-06-06,72.9165
1986-06-07,68.5605
1986-06-08,64.44
1986-06-09,60.358
1986-06-10,61.48
1986-06-11,65.237
1986-06-12,87.6055
1986-06-13,87.5245
1986-06-14,76.3155
1986-06-15,71.8725
1986-06-16,67.4555
1986-06-17,67.668495
1986-06-18,67.585
1986-06-19,77.1895
1986-06-20,70.44
1986-06-21,71.42
1986-06-22,65.4565
1986-06-23,61.714
1986-06-24,57.098
1986-06-25,58.7385
1986-06-26,51.2245
1986-06-27,51.149
1986-06-28,53.426
1986-06-29,74.7675
1986-06-30,69.034
1986-07-01,61.065
1986-07-02,58.705
1986-07-03,55.872997
1986-07-04,54.927498
1986-07-05,55.609
1986-07-06,53.1735
1986-07-07,72.234
1986-07-08,64.482
1986-07-09,66.159
1986-07-10,73.768
1986-07-11,71.512
1986-07-12,61.648
1986-07-13,67.5445
1986-07-14,54.8225
1986-07-15,53.939
1986-07-16,54.7855
1986-07-17,54.1985
1986-07-18,69.651
1986-07-19,82.495
1986-07-20,84.134
1986-07-21,70.178
1986-07-22,63.275997
1986-07-23,57.521
1986-07-24,84.145
1986-07-25,58.5005
1986-07-26,66.178
1986-07-27,65.867
1986-07-28,61.307
1986-07-29,56.7685
1986-07-30,65.105995
1986-07-31,65.358
1986-08-01,66.9255
1986-08-02,62.875
1986-08-03,58.8635
1986-08-04,56.494
1986-08-05,77.295
1986-08-06,63.581997
1986-08-07,68.756996
1986-08-08,62.282997
1986-08-09,67.392
1986-08-10,65.5
1986-08-11,64.853
1986-08-12,65.8455
1986-08-13,72.778496
1986-08-14,61.842
1986-08-15,60.2345
1986-08-16,55.3325
1986-08-17,66.140495
1986-08-18,69.88
1986-08-19,76.695
1986-08-20,64.697
1986-08-21,62.308
1986-08-22,58.269
1986-08-23,64.509
1986-08-24,75.5445
1986-08-25,73.7155
1986-08-26,64.507996
1986-08-27,71.905
1986-08-28,89.871056
1986-08-29,78.038
1986-08-30,70.9415
1986-08-31,66.7455
1986-09-01,70.4815
1986-09-02,61.899
1986-09-03,58.7525
1986-09-04,65.931496
1986-09-05,69.428
1986-09-06,66.1615
1986-09-07,73.7275
1986-09-08,72.683
1986-09-09,66.243
1986-09-10,91.99769
1986-09-11,79.299995
1986-09-12,81.906
1986-09-13,80.708496
1986-09-14,75.4985
1986-09-15,77.121
1986-09-16,76.8385
1986-09-17,77.8325
1986-09-18,81.027
1986-09-19,65.960495
1986-09-20,67.3705
1986-09-21,68.9235
1986-09-22,66.7625
1986-09-23,69.958496
1986-09-24,73.738
1986-09-25,66.298
1986-09-26,73.2625
1986-09-27,72.745
1986-09-28,75.9995
1986-09-29,72.287
1986-09-30,65.881
1986-10-01,67.0625
1986-10-02,64.0025
1986-10-03,76.876495
1986-10-04,71.1495
1986-10-05,69.062
1986-10-06,64.6735
1986-10-07,72.521996
1986-10-08,81.133995
1986-10-09,78.4525
1986-10-10,74.869
1986-10-11,77.6885
1986-10-12,75.5325
1986-10-13,62.874
1986-10-14,63.592
1986-10-15,58.412
1986-10-16,63.1025
1986-10-17,69.5475
1986-10-18,72.3135
1986-10-19,72.7775
1986-10-20,78.0255
1986-10-21,58.8955
1986-10-22,86.925
1986-10-23,78.3875
1986-10-24,72.638
1986-10-25,72.54
1986-10-26,85.2095
1986-10-27,89.867645
1986-10-28,90.961
1986-10-29,87.671
1986-10-30,86.927
1986-10-31,85.906
1986-11-01,80.683
1986-11-02,91.6575
1986-11-03,69.607
1986-11-04,77.58
1986-11-05,76.88
1986-11-06,75.742
1986-11-07,71.1295
1986-11-08,78.5935
1986-11-09,78.208496
1986-11-10,78.4495
1986-11-11,82.288
1986-11-12,87.755
1986-11-13,90.778336
1986-11-14,82.602
1986-11-15,82.824
1986-11-16,91.488754
1986-11-17,93.485
1986-11-18,93.41
1986-11-19,92.58428
1986-11-20,90.50056
1986-11-21,89.39684
1986-11-22,86.10105
1986-11-23,84.9805
1986-11-24,89.954
1986-11-25,85.835495
1986-11-26,90.293335
1986-11-27,85.4755
1986-11-28,80.7045
1986-11-29,87.3525
1986-11-30,90.576004
1986-12-01,90.73857
1986-12-02,89.189285
1986-12-03,89.367775
1986-12-04,90.46167
1986-12-05,93.108
1986-12-06,92.66818
1986-12-07,93.994995
1986-12-08,92.0775
1986-12-09,89.21445
1986-12-10,91.09154
1986-12-11,89.544
1986-12-12,88.35562
1986-12-13,87.50889
1986-12-14,87.887
1986-12-15,92.55
1986-12-16,88.024734
1986-12-17,76.344
1986-12-18,82.4705
1986-12-19,69.227
1986-12-20,64.679
1986-12-21,74.677
1986-12-22,72.3385
1986-12-23,74.489
1986-12-24,80.292
1986-12-25,81.6505
1986-12-26,87.7021
1986-12-27,85.3645
1986-12-28,82.114
1986-12-29,70.9465
1986-12-30,72.1635
1986-12-31,74.7615
1987-01-01,78.867
1987-01-02,79.123
1987-01-03,65.512
1987-01-04,71.2955
1987-01-05,79.668
1987-01-06,73.8505
1987-01-07,69.2105
1987-01-08,66.9485
1987-01-09,80.500496
1987-01-10,84.051575
1987-01-11,85.1
1987-01-12,75.7285
1987-01-13,78.188
1987-01-14,77.79
1987-01-15,89.4275
1987-01-16,90.56555
1987-01-17,92.32
1987-01-18,88.50421
1987-01-19,84.217
1987-01-20,92.049446
1987-01-21,88.43105
1987-01-22,87.59
1987-01-23,89.30945
1987-01-24,82.4395
1987-01-25,79.514
1987-01-26,83.6785
1987-01-27,76.6275
1987-01-28,75.34
1987-01-29,71.653
1987-01-30,72.1325
1987-01-31,76.416
1987-02-01,73.841995
1987-02-02,73.228
1987-02-03,74.094
1987-02-04,78.885
1987-02-05,85.654
1987-02-06,88.842
1987-02-07,89.745
1987-02-08,73.1615
1987-02-09,84.3115
1987-02-10,88.8
1987-02-11,86.126
1987-02-12,74.209496
1987-02-13,85.935
1987-02-14,87.638504
1987-02-15,88.122
1987-02-16,90.49111
1987-02-17,91.221176
1987-02-18,92.78445
1987-02-19,88.136
1987-02-20,89.145996
1987-02-21,69.192
1987-02-22,80.5335
1987-02-23,66.1445
1987-02-24,61.4655
1987-02-25,62.019
1987-02-26,66.9155
1987-02-27,65.1735
1987-02-28,89.092224
1987-03-01,81.3845
1987-03-02,83.324
1987-03-03,60.041
1987-03-04,71.488
1987-03-05,71.8195
1987-03-06,67.910995
1987-03-07,76.721
1987-03-08,77.0275
1987-03-09,78.8115
1987-03-10,80.2905
1987-03-11,78.4575
1987-03-12,70.945496
1987-03-13,68.913
1987-03-14,73.2855
1987-03-15,67.9695
1987-03-16,78.6695
1987-03-17,72.181496
1987-03-18,77.1165
1987-03-19,82.959
1987-03-20,89.742226
1987-03-21,60.6835
1987-03-22,65.097
1987-03-23,67.191
1987-03-24,75.5195
1987-03-25,70.1325
1987-03-26,75.769
1987-03-27,70.097496
1987-03-28,76.695496
1987-03-29,75.151
1987-03-30,70.7965
1987-03-31,86.82474
1987-04-01,88.86722
1987-04-02,84.139
1987-04-03,83.0365
1987-04-04,66.155495
1987-04-05,50.222
1987-04-06,60.3155
1987-04-07,67.058
1987-04-08,62.4235
1987-04-09,85.7605
1987-04-10,86.7279
1987-04-11,84.672
1987-04-12,69.4845
1987-04-13,78.2695
1987-04-14,64.854996
1987-04-15,59.997997
1987-04-16,78.252
1987-04-17,68.778
1987-04-18,51.7875
1987-04-19,54.310497
1987-04-20,76.8315
1987-04-21,71.625496
1987-04-22,69.0275
1987-04-23,63.309
1987-04-24,61.856
1987-04-25,54.308
1987-04-26,51.959
1987-04-27,51.741497
1987-04-28,52.647
1987-04-29,54.5815
1987-04-30,52.8
1987-05-01,54.7375
1987-05-02,60.683
1987-05-03,61.4175
1987-05-04,82.699
1987-05-05,81.8795
1987-05-06,83.9025
1987-05-07,62.9265
1987-05-08,55.0205
1987-05-09,59.744
1987-05-10,55.543
1987-05-11,68.5345
1987-05-12,70.4305
1987-05-13,88.553
1987-05-14,82.4965
1987-05-15,71.152
1987-05-16,88.132774
1987-05-17,66.5375
1987-05-18,84.0855
1987-05-19,75.3835
1987-05-20,85.395
1987-05-21,79.601
1987-05-22,88.85316
1987-05-23,88.808945
1987-05-24,72.936
1987-05-25,71.656
1987-05-26,66.9265
1987-05-27,64.583496
1987-05-28,79.455
1987-05-29,71.4575
1987-05-30,72.457
1987-05-31,69.108
1987-06-01,74.3865
1987-06-02,74.626
1987-06-03,82.3805
1987-06-04,81.593
1987-06-05,84.824
1987-06-06,62.197998
1987-06-07,62.3005
1987-06-08,63.8545
1987-06-09,77.525
1987-06-10,68.2705
1987-06-11,61.896
1987-06-12,62.822998
1987-06-13,63.931
1987-06-14,65.319
1987-06-15,59.3845
1987-06-16,75.145996
1987-06-17,69.691
1987-06-18,72.1495
1987-06-19,65.443
1987-06-20,74.743
1987-06-21,85.99895
1987-06-22,88.63706
1987-06-23,68.672
1987-06-24,74.124
1987-06-25,70.3625
1987-06-26,69.937
1987-06-27,72.6875
1987-06-28,68.242
1987-06-29,69.743
1987-06-30,70.623
1987-07-01,65.467
1987-07-02,76.8675
1987-07-03,72.993
1987-07-04,58.632
1987-07-05,58.2915
1987-07-06,59.046997
1987-07-07,51.9635
1987-07-08,53.2015
1987-07-09,82.1905
1987-07-10,62.9725
1987-07-11,57.5425
1987-07-12,53.196
1987-07-13,66.1005
1987-07-14,59.5215
1987-07-15,62.171997
1987-07-16,64.944496
1987-07-17,53.6955
1987-07-18,56.7835
1987-07-19,57.367
1987-07-20,65.2215
1987-07-21,62.2235
1987-07-22,57.5615
1987-07-23,56.399
1987-07-24,68.745
1987-07-25,83.303
1987-07-26,86.2815
1987-07-27,62.699497
1987-07-28,67.779495
1987-07-29,69.3795
1987-07-30,58.788498
1987-07-31,81.622
1987-08-01,75.820496
1987-08-02,79.421
1987-08-03,87.729
1987-08-04,87.412
1987-08-05,85.7235
1987-08-06,67.049995
1987-08-07,83.292
1987-08-08,70.6525
1987-08-09,70.265
1987-08-10,75.3425
1987-08-11,72.7065
1987-08-12,68.5175
1987-08-13,87.688
1987-08-14,83.95
1987-08-15,84.114
1987-08-16,73.001495
1987-08-17,78.764496
1987-08-18,74.722
1987-08-19,79.1435
1987-08-20,77.756
1987-08-21,75.9715
1987-08-22,69.8985
1987-08-23,64.142
1987-08-24,64.421
1987-08-25,61.0025
1987-08-26,77.417
1987-08-27,70.712494
1987-08-28,72.872
1987-08-29,76.8995
1987-08-30,76.9625
1987-08-31,74.0995
1987-09-01,72.6745
1987-09-02,74.0805
1987-09-03,75.7835
1987-09-04,74.8605
1987-09-05,74.3165
1987-09-06,83.349
1987-09-07,69.8445
1987-09-08,88.46526
1987-09-09,79.56
1987-09-10,75.794
1987-09-11,81.5465
1987-09-12,73.2455
1987-09-13,68.9655
1987-09-14,70.181496
1987-09-15,76.015
1987-09-16,69.931
1987-09-17,75.214
1987-09-18,77.4135
1987-09-19,81.881996
1987-09-20,71.1335
1987-09-21,78.096
1987-09-22,66.9915
1987-09-23,65.6805
1987-09-24,78.6435
1987-09-25,77.820496
1987-09-26,81.598
1987-09-27,92.09
1987-09-28,78.261
1987-09-29,76.2405
1987-09-30,78.809
1987-10-01,73.673
1987-10-02,69.5395
1987-10-03,63.8925
1987-10-04,60.3405
1987-10-05,60.073997
1987-10-06,59.2775
1987-10-07,77.5415
1987-10-08,68.1885
1987-10-09,65.1375
1987-10-10,73.328
1987-10-11,66.0165
1987-10-12,79.074
1987-10-13,77.0555
1987-10-14,71.4265
1987-10-15,66.2535
1987-10-16,63.253
1987-10-17,75.333496
1987-10-18,92.350716
1987-10-19,88.2325
1987-10-20,85.188995
1987-10-21,86.6335
1987-10-22,87.4095
1987-10-23,80.573
1987-10-24,84.7875
1987-10-25,90.212105
1987-10-26,82.931
1987-10-27,74.711
1987-10-28,72.4425
1987-10-29,59.192
1987-10-30,56.87
1987-10-31,66.491
1987-11-01,70.184
1987-11-02,85.8575
1987-11-03,79.172
1987-11-04,71.0805
1987-11-05,79.6875
1987-11-06,82.4
1987-11-07,83.1435
1987-11-08,89.473076
1987-11-09,91.975624
1987-11-10,93.074615
1987-11-11,91.685
1987-11-12,87.553
1987-11-13,87.766
1987-11-14,81.26
1987-11-15,85.763
1987-11-16,88.27589
1987-11-17,87.490524
1987-11-18,83.52
1987-11-19,87.47263
1987-11-20,81.593
1987-11-21,84.617
1987-11-22,81.2485
1987-11-23,79.4955
1987-11-24,90.10833
1987-11-25,72.578
1987-11-26,87.78263
1987-11-27,90.02052
1987-11-28,88.24263
1987-11-29,88.11882
1987-11-30,91.36444
1987-12-01,83.014
1987-12-02,82.5325
1987-12-03,83.7675
1987-12-04,84.36948
1987-12-05,84.20737
1987-12-06,90.11176
1987-12-07,83.403496
1987-12-08,76.500496
1987-12-09,81.708
1987-12-10,79.2415
1987-12-11,73.762
1987-12-12,80.384
1987-12-13,89.12375
1987-12-14,83.5265
1987-12-15,86.194
1987-12-16,90.94706
1987-12-17,92.46667
1987-12-18,93.40143
1987-12-19,89.82889
1987-12-20,80.165
1987-12-21,71.5205
1987-12-22,84.537
1987-12-23,76.228
1987-12-24,84.433
1987-12-25,89.81625
1987-12-26,88.12778
1987-12-27,86.4715
1987-12-28,71.556
1987-12-29,67.935
1987-12-30,73.889
1987-12-31,84.141495
1988-01-01,92.84857
1988-01-02,91.12312
1988-01-03,90.193886
1988-01-04,91.040665
1988-01-05,84.347496
1988-01-06,88.92667
1988-01-07,90.58818
1988-01-08,73.163
1988-01-09,78.9965
1988-01-10,91.252304
1988-01-11,92.580666
1988-01-12,85.526
1988-01-13,85.282
1988-01-14,90.12133
1988-01-15,88.71445
1988-01-16,92.105835
1988-01-17,93.25222
1988-01-18,88.65316
1988-01-19,91.24384
1988-01-20,90.66353
1988-01-21,86.284
1988-01-22,87.88684
1988-01-23,81.52684
1988-01-24,79.5035
1988-01-25,84.658
1988-01-26,91.751335
1988-01-27,80.4765
1988-01-28,88.61579
1988-01-29,80.4155
1988-01-30,89.1915
1988-01-31,77.07
1988-02-01,68.4545
1988-02-02,87.15421
1988-02-03,87.178
1988-02-04,73.4435
1988-02-05,80.814
1988-02-06,77.266495
1988-02-07,74.144
1988-02-08,83.6355
1988-02-09,61.769
1988-02-10,82.378
1988-02-11,80.1415
1988-02-12,84.746
1988-02-13,82.348
1988-02-14,82.417
1988-02-15,91.982666
1988-02-16,86.46474
1988-02-17,84.723
1988-02-18,78.733
1988-02-19,83.587
1988-02-20,74.4845
1988-02-21,66.7685
1988-02-22,78.6075
1988-02-23,73.4355
1988-02-24,87.820526
1988-02-25,90.62235
1988-02-26,79.707
1988-02-27,91.20818
1988-02-28,83.808945
1988-02-29,69.4755
1988-03-01,73.2695
1988-03-02,74.495
1988-03-03,71.61
1988-03-04,67.9855
1988-03-05,84.2025
1988-03-06,72.6465
1988-03-07,78.723495
1988-03-08,67.9085
1988-03-09,70.6595
1988-03-10,60.143497
1988-03-11,73.675995
1988-03-12,78.993
1988-03-13,76.677
1988-03-14,82.979996
1988-03-15,80.46
1988-03-16,74.5485
1988-03-17,66.6005
1988-03-18,64.875496
1988-03-19,58.8275
1988-03-20,76.1495
1988-03-21,87.9355
1988-03-22,88.861115
1988-03-23,75.561
1988-03-24,77.918
1988-03-25,73.191
1988-03-26,69.194
1988-03-27,76.1475
1988-03-28,72.1755
1988-03-29,66.631996
1988-03-30,55.07
1988-03-31,81.565
1988-04-01,68.54
1988-04-02,64.003
1988-04-03,66.4935
1988-04-04,67.7635
1988-04-05,78.0595
1988-04-06,53.902
1988-04-07,64.4635
1988-04-08,75.437996
1988-04-09,73.7585
1988-04-10,65.0235
1988-04-11,60.2585
1988-04-12,58.060497
1988-04-13,81.565
1988-04-14,48.618
1988-04-15,45.2325
1988-04-16,42.5615
1988-04-17,58.461
1988-04-18,50.4965
1988-04-19,52.729
1988-04-20,56.7105
1988-04-21,77.5405
1988-04-22,73.1165
1988-04-23,64.4965
1988-04-24,52.23
1988-04-25,51.275997
1988-04-26,63.4925
1988-04-27,61.847
1988-04-28,55.302
1988-04-29,58.976498
1988-04-30,68.649
1988-05-01,55.344997
1988-05-02,54.4445
1988-05-03,58.4655
1988-05-04,59.722
1988-05-05,68.5025
1988-05-06,78.5585
1988-05-07,63.6465
1988-05-08,56.231
1988-05-09,56.024
1988-05-10,45.716
1988-05-11,58.6765
1988-05-12,58.617
1988-05-13,60.174
1988-05-14,57.328
1988-05-15,57.575
1988-05-16,57.503498
1988-05-17,74.432495
1988-05-18,74.442
1988-05-19,75.3355
1988-05-20,78.0255
1988-05-21,77.4595
1988-05-22,63.5985
1988-05-23,68.6005
1988-05-24,70.171
1988-05-25,67.980995
1988-05-26,71.2005
1988-05-27,76.7415
1988-05-28,68.5545
1988-05-29,74.196495
1988-05-30,67.8665
1988-05-31,67.7475
1988-06-01,80.9025
1988-06-02,64.3365
1988-06-03,60.186
1988-06-04,60.748
1988-06-05,83.144
1988-06-06,87.895996
1988-06-07,80.4755
1988-06-08,72.923
1988-06-09,67.145
1988-06-10,63.753998
1988-06-11,74.22
1988-06-12,75.506996
1988-06-13,62.8485
1988-06-14,55.501
1988-06-15,62.5745
1988-06-16,64.6965
1988-06-17,52.168
1988-06-18,53.3665
1988-06-19,64.7845
1988-06-20,66.576
1988-06-21,61.258
1988-06-22,53.399998
1988-06-23,74.493996
1988-06-24,68.848495
1988-06-25,79.977
1988-06-26,73.5615
1988-06-27,62.957
1988-06-28,72.638
1988-06-29,75.696
1988-06-30,66.427
1988-07-01,66.812996
1988-07-02,73.6655
1988-07-03,60.088997
1988-07-04,60.221497
1988-07-05,51.1725
1988-07-06,57.456997
1988-07-07,60.100998
1988-07-08,58.35
1988-07-09,64.654
1988-07-10,52.2105
1988-07-11,50.4245
1988-07-12,71.8835
1988-07-13,62.7865
1988-07-14,75.826
1988-07-15,76.415
1988-07-16,62.4
1988-07-17,59.573997
1988-07-18,72.562996
1988-07-19,65.549995
1988-07-20,60.2165
1988-07-21,54.3535
1988-07-22,56.8735
1988-07-23,54.648
1988-07-24,47.372498
1988-07-25,52.619
1988-07-26,52.992
1988-07-27,48.7395
1988-07-28,51.036
1988-07-29,51.4105
1988-07-30,59.2935
1988-07-31,56.1725
1988-08-01,56.156498
1988-08-02,55.488
1988-08-03,74.2885
1988-08-04,88.4265
1988-08-05,70.97
1988-08-06,62.429497
1988-08-07,67.878
1988-08-08,65.097
1988-08-09,72.9895
1988-08-10,68.8945
1988-08-11,64.3425
1988-08-12,62.6865
1988-08-13,65.164
1988-08-14,61.4575
1988-08-15,65.143
1988-08-16,63.8155
1988-08-17,61.705997
1988-08-18,58.373
1988-08-19,52.5485
1988-08-20,46.9325
1988-08-21,84.793
1988-08-22,90.16182
1988-08-23,90.882355
1988-08-24,71.5495
1988-08-25,76.3085
1988-08-26,62.4705
1988-08-27,72.188995
1988-08-28,71.899
1988-08-29,71.5545
1988-08-30,69.482
1988-08-31,72.094
1988-09-01,69.4995
1988-09-02,80.4285
1988-09-03,70.121
1988-09-04,77.233
1988-09-05,83.336
1988-09-06,72.919
1988-09-07,70.653
1988-09-08,67.666
1988-09-09,76.237
1988-09-10,74.287
1988-09-11,72.587
1988-09-12,77.973495
1988-09-13,92.539375
1988-09-14,82.51
1988-09-15,84.617004
1988-09-16,90.16294
1988-09-17,84.8595
1988-09-18,81.9785
1988-09-19,79.208
1988-09-20,83.4005
1988-09-21,85.378
1988-09-22,84.922
1988-09-23,83.542
1988-09-24,78.6485
1988-09-25,73.769
1988-09-26,76.647995
1988-09-27,78.3405
1988-09-28,76.163
1988-09-29,73.9055
1988-09-30,78.4675
1988-10-01,82.9325
1988-10-02,84.374
1988-10-03,67.9415
1988-10-04,72.0045
1988-10-05,74.614
1988-10-06,87.169
1988-10-07,87.479004
1988-10-08,67.862
1988-10-09,67.1305
1988-10-10,77.899
1988-10-11,74.1015
1988-10-12,79.4595
1988-10-13,80.2695
1988-10-14,74.605
1988-10-15,71.986
1988-10-16,66.714
1988-10-17,65.863
1988-10-18,78.216995
1988-10-19,82.1595
1988-10-20,79.557
1988-10-21,80.438995
1988-10-22,83.871
1988-10-23,82.9305
1988-10-24,83.9365
1988-10-25,78.8
1988-10-26,61.529
1988-10-27,68.2485
1988-10-28,70.1985
1988-10-29,86.7045
1988-10-30,77.5395
1988-10-31,74.7735
1988-11-01,72.4905
1988-11-02,67.965996
1988-11-03,74.0115
1988-11-04,70.5025
1988-11-05,71.9885
1988-11-06,75.4515
1988-11-07,78.4325
1988-11-08,79.897
1988-11-09,79.088
1988-11-10,73.4975
1988-11-11,85.35895
1988-11-12,88.208336
1988-11-13,92.212105
1988-11-14,81.346
1988-11-15,71.5655
1988-11-16,79.496
1988-11-17,84.849
1988-11-18,90.04
1988-11-19,74.107
1988-11-20,68.973
1988-11-21,86.75632
1988-11-22,73.387
1988-11-23,72.4985
1988-11-24,81.6505
1988-11-25,91.25176
1988-11-26,92.31461
1988-11-27,83.065
1988-11-28,74.195496
1988-11-29,69.2665
1988-11-30,67.0015
1988-12-01,90.68889
1988-12-02,90.99333
1988-12-03,90.03875
1988-12-04,87.758
1988-12-05,66.967
1988-12-06,78.235
1988-12-07,78.0685
1988-12-08,79.792496
1988-12-09,89.148
1988-12-10,84.492004
1988-12-11,72.069
1988-12-12,77.975
1988-12-13,75.1435
1988-12-14,73.973
1988-12-15,69.8365
1988-12-16,66.7765
1988-12-17,76.432
1988-12-18,81.7845
1988-12-19,83.804
1988-12-20,69.2935
1988-12-21,68.481
1988-12-22,80.2725
1988-12-23,82.4535
1988-12-24,72.208496
1988-12-25,63.7495
1988-12-26,82.2445
1988-12-27,82.164
1988-12-28,77.874
1988-12-29,86.24579
1988-12-30,86.91353
1988-12-31,87.536
1989-01-01,78.516
1989-01-02,82.6695
1989-01-03,78.5395
1989-01-04,89.111664
1989-01-05,91.36562
1989-01-06,91.00437
1989-01-07,91.3445
1989-01-08,90.289444
1989-01-09,89.66368
1989-01-10,94.08857
1989-01-11,85.875786
1989-01-12,91.15667
1989-01-13,90.43842
1989-01-14,92.026
1989-01-15,85.3475
1989-01-16,79.483
1989-01-17,92.66
1989-01-18,84.46
1989-01-19,85.9345
1989-01-20,92.73308
1989-01-21,91.04444
1989-01-22,91.00263
1989-01-23,86.02684
1989-01-24,90.22375
1989-01-25,87.277
1989-01-26,82.898
1989-01-27,89.07
1989-01-28,90.615715
1989-01-29,87.26579
1989-01-30,89.808945
1989-01-31,87.147
1989-02-01,92.75285
1989-02-02,90.87556
1989-02-03,89.926155
1989-02-04,89.9
1989-02-05,81.421
1989-02-06,82.4845
1989-02-07,86.9275
1989-02-08,91.708
1989-02-09,87.67105
1989-02-10,83.2045
1989-02-11,80.295
1989-02-12,85.792496
1989-02-13,76.029
1989-02-14,82.848495
1989-02-15,83.252
1989-02-16,73.4935
1989-02-17,67.1465
1989-02-18,80.6605
1989-02-19,91.903076
1989-02-20,73.1405
1989-02-21,82.408
1989-02-22,77.7945
1989-02-23,83.221
1989-02-24,69.2125
1989-02-25,61.628998
1989-02-26,80.259
1989-02-27,74.734
1989-02-28,68.067
1989-03-01,61.553497
1989-03-02,65.296
1989-03-03,82.770996
1989-03-04,80.529495
1989-03-05,73.1415
1989-03-06,70.0825
1989-03-07,69.8655
1989-03-08,77.0
1989-03-09,71.528
1989-03-10,70.3655
1989-03-11,69.6445
1989-03-12,86.6135
1989-03-13,87.937
1989-03-14,69.626495
1989-03-15,63.541
1989-03-16,64.294
1989-03-17,67.549995
1989-03-18,78.6355
1989-03-19,68.3805
1989-03-20,84.3945
1989-03-21,90.30813
1989-03-22,64.2475
1989-03-23,71.698
1989-03-24,52.118
1989-03-25,54.376
1989-03-26,57.2655
1989-03-27,60.788998
1989-03-28,53.8405
1989-03-29,60.683
1989-03-30,66.2495
1989-03-31,60.0895
1989-04-01,70.5745
1989-04-02,66.865
1989-04-03,81.854996
1989-04-04,82.0555
1989-04-05,61.976498
1989-04-06,71.5135
1989-04-07,71.043
1989-04-08,60.9525
1989-04-09,66.575
1989-04-10,56.8015
1989-04-11,49.528
1989-04-12,49.311497
1989-04-13,50.531998
1989-04-14,71.099
1989-04-15,81.193
1989-04-16,73.751495
1989-04-17,73.363495
1989-04-18,82.9705
1989-04-19,75.5725
1989-04-20,67.8695
1989-04-21,60.442997
1989-04-22,68.251495
1989-04-23,70.988
1989-04-24,57.6625
1989-04-25,64.218
1989-04-26,56.439
1989-04-27,78.9485
1989-04-28,86.08737
1989-04-29,76.931
1989-04-30,84.3785
1989-05-01,86.18474
1989-05-02,77.173
1989-05-03,65.8155
1989-05-04,70.951
1989-05-05,58.726498
1989-05-06,82.419
1989-05-07,64.034996
1989-05-08,54.151497
1989-05-09,63.893497
1989-05-10,55.511497
1989-05-11,73.164
1989-05-12,68.4715
1989-05-13,68.4955
1989-05-14,80.075
1989-05-15,64.0195
1989-05-16,80.857
1989-05-17,70.395996
1989-05-18,65.6605
1989-05-19,73.9365
1989-05-20,79.0465
1989-05-21,70.5305
1989-05-22,48.211
1989-05-23,49.418
1989-05-24,47.4685
1989-05-25,54.865498
1989-05-26,61.560497
1989-05-27,54.436
1989-05-28,66.643
1989-05-29,71.9265
1989-05-30,64.408
1989-05-31,73.484
1989-06-01,88.76889
1989-06-02,86.4595
1989-06-03,75.395996
1989-06-04,73.960495
1989-06-05,70.584
1989-06-06,68.015495
1989-06-07,60.199
1989-06-08,67.9625
1989-06-09,56.0055
1989-06-10,55.93
1989-06-11,43.585495
1989-06-12,55.751
1989-06-13,74.537
1989-06-14,62.6735
1989-06-15,59.345997
1989-06-16,65.352
1989-06-17,80.209
1989-06-18,88.543686
1989-06-19,71.797
1989-06-20,71.853
1989-06-21,74.6915
1989-06-22,72.0635
1989-06-23,69.505
1989-06-24,73.7845
1989-06-25,78.677
1989-06-26,78.293
1989-06-27,75.0485
1989-06-28,78.486
1989-06-29,59.054497
1989-06-30,59.559
1989-07-01,62.953
1989-07-02,59.795
1989-07-03,64.753
1989-07-04,59.3505
1989-07-05,62.4035
1989-07-06,55.448498
1989-07-07,53.594498
1989-07-08,56.8205
1989-07-09,59.8545
1989-07-10,66.1315
1989-07-11,75.848
1989-07-12,78.853
1989-07-13,62.948498
1989-07-14,68.74
1989-07-15,57.153
1989-07-16,56.0725
1989-07-17,54.385998
1989-07-18,71.3935
1989-07-19,66.6725
1989-07-20,55.719997
1989-07-21,55.212498
1989-07-22,54.0795
1989-07-23,53.844498
1989-07-24,67.942
1989-07-25,75.303
1989-07-26,72.937996
1989-07-27,59.892
1989-07-28,72.614
1989-07-29,68.942
1989-07-30,67.8575
1989-07-31,89.78263
1989-08-01,79.268
1989-08-02,69.2495
1989-08-03,76.8805
1989-08-04,85.489
1989-08-05,71.1785
1989-08-06,70.725
1989-08-07,70.4375
1989-08-08,78.575
1989-08-09,90.17555
1989-08-10,71.736
1989-08-11,72.0385
1989-08-12,72.4505
1989-08-13,81.14
1989-08-14,74.312996
1989-08-15,70.703995
1989-08-16,64.693
1989-08-17,63.496
1989-08-18,75.4265
1989-08-19,85.02684
1989-08-20,81.409
1989-08-21,79.317
1989-08-22,77.4435
1989-08-23,72.6715
1989-08-24,74.8935
1989-08-25,71.071
1989-08-26,76.5945
1989-08-27,83.2995
1989-08-28,82.733
1989-08-29,69.1835
1989-08-30,88.28
1989-08-31,78.95
1989-09-01,69.9365
1989-09-02,72.3245
1989-09-03,92.62
1989-09-04,88.3845
1989-09-05,83.4755
1989-09-06,71.7585
1989-09-07,71.794495
1989-09-08,73.9685
1989-09-09,76.801
1989-09-10,74.982
1989-09-11,76.33
1989-09-12,88.086845
1989-09-13,74.083496
1989-09-14,84.4625
1989-09-15,81.5405
1989-09-16,82.941
1989-09-17,77.534996
1989-09-18,79.6315
1989-09-19,71.7475
1989-09-20,78.134
1989-09-21,77.783
1989-09-22,72.027
1989-09-23,71.238495
1989-09-24,73.7895
1989-09-25,75.766
1989-09-26,80.449
1989-09-27,83.7055
1989-09-28,85.1225
1989-09-29,75.988
1989-09-30,66.653496
1989-10-01,73.306
1989-10-02,64.2555
1989-10-03,64.4385
1989-10-04,73.963
1989-10-05,76.289
1989-10-06,74.826996
1989-10-07,88.157
1989-10-08,91.244705
1989-10-09,80.5115
1989-10-10,76.639496
1989-10-11,69.028496
1989-10-12,76.872
1989-10-13,77.0175
1989-10-14,80.3515
1989-10-15,72.9695
1989-10-16,74.4315
1989-10-17,74.889496
1989-10-18,77.7325
1989-10-19,77.1805
1989-10-20,82.884
1989-10-21,80.696
1989-10-22,77.408
1989-10-23,69.585
1989-10-24,76.415
1989-10-25,78.954
1989-10-26,80.972
1989-10-27,83.5435
1989-10-28,72.569496
1989-10-29,81.2585
1989-10-30,85.593
1989-10-31,71.7325
1989-11-01,83.386
1989-11-02,79.407
1989-11-03,79.369995
1989-11-04,75.118996
1989-11-05,73.0805
1989-11-06,85.8885
1989-11-07,76.824
1989-11-08,83.439
1989-11-09,83.5635
1989-11-10,82.0625
1989-11-11,91.779
1989-11-12,92.47667
1989-11-13,92.26539
1989-11-14,90.3355
1989-11-15,78.1285
1989-11-16,74.665
1989-11-17,72.1045
1989-11-18,69.863
1989-11-19,74.072
1989-11-20,73.2385
1989-11-21,87.11263
1989-11-22,89.047775
1989-11-23,65.934
1989-11-24,60.458
1989-11-25,78.08
1989-11-26,73.392
1989-11-27,79.372
1989-11-28,65.5395
1989-11-29,58.7395
1989-11-30,78.5595
1989-12-01,75.9075
1989-12-02,80.660995
1989-12-03,86.623886
1989-12-04,92.89692
1989-12-05,90.41235
1989-12-06,90.83786
1989-12-07,69.2445
1989-12-08,76.0265
1989-12-09,82.218
1989-12-10,72.849
1989-12-11,72.7995
1989-12-12,77.084
1989-12-13,78.6065
1989-12-14,68.302
1989-12-15,74.869
1989-12-16,77.0605
1989-12-17,63.888496
1989-12-18,80.4665
1989-12-19,68.9545
1989-12-20,76.623
1989-12-21,87.10737
1989-12-22,88.4705
1989-12-23,66.427
1989-12-24,80.1715
1989-12-25,89.79125
1989-12-26,91.57883
1989-12-27,89.92412
1989-12-28,88.498665
1989-12-29,89.28833
1989-12-30,91.6925
1989-12-31,91.63
1990-01-01,87.837
1990-01-02,82.5015
1990-01-03,75.538
1990-01-04,80.8665
1990-01-05,80.0575
1990-01-06,80.551
1990-01-07,85.024445
1990-01-08,88.002106
1990-01-09,84.1315
1990-01-10,82.538
1990-01-11,88.19945
1990-01-12,90.877144
1990-01-13,91.00923
1990-01-14,92.91923
1990-01-15,91.36733
1990-01-16,85.869
1990-01-17,75.408
1990-01-18,76.6155
1990-01-19,71.4665
1990-01-20,75.57
1990-01-21,81.007996
1990-01-22,80.469
1990-01-23,90.288666
1990-01-24,81.356
1990-01-25,66.879
1990-01-26,78.2535
1990-01-27,78.604
1990-01-28,76.6
1990-01-29,85.8235
1990-01-30,88.658
1990-01-31,90.085
1990-02-01,83.8035
1990-02-02,80.085
1990-02-03,73.9605
1990-02-04,55.2305
1990-02-05,72.053
1990-02-06,72.016
1990-02-07,67.722
1990-02-08,74.117
1990-02-09,59.6
1990-02-10,66.8725
1990-02-11,79.085495
1990-02-12,88.70375
1990-02-13,78.651
1990-02-14,72.9215
1990-02-15,83.917
1990-02-16,65.686
1990-02-17,66.216995
1990-02-18,71.3735
1990-02-19,80.7335
1990-02-20,81.039
1990-02-21,78.466995
1990-02-22,72.124
1990-02-23,70.639496
1990-02-24,71.0115
1990-02-25,68.709
1990-02-26,59.295998
1990-02-27,66.9665
1990-02-28,60.55
1990-03-01,50.4815
1990-03-02,63.122
1990-03-03,63.8915
1990-03-04,61.8045
1990-03-05,58.3975
1990-03-06,43.4475
1990-03-07,57.072998
1990-03-08,59.8575
1990-03-09,65.8945
1990-03-10,70.192
1990-03-11,67.226
1990-03-12,66.6825
1990-03-13,55.472
1990-03-14,62.85
1990-03-15,68.2685
1990-03-16,60.199497
1990-03-17,58.537
1990-03-18,52.822998
1990-03-19,52.240498
1990-03-20,51.9875
1990-03-21,56.5095
1990-03-22,55.179497
1990-03-23,76.834496
1990-03-24,67.5205
1990-03-25,73.717
1990-03-26,60.441998
1990-03-27,75.633995
1990-03-28,82.694496
1990-03-29,87.8075
1990-03-30,80.184
1990-03-31,68.473
1990-04-01,67.814995
1990-04-02,55.5325
1990-04-03,53.237
1990-04-04,64.476
1990-04-05,67.544
1990-04-06,80.306496
1990-04-07,92.59375
1990-04-08,82.3375
1990-04-09,63.0095
1990-04-10,56.621998
1990-04-11,66.0935
1990-04-12,65.3735
1990-04-13,61.038
1990-04-14,53.323997
1990-04-15,55.205498
1990-04-16,58.0155
1990-04-17,62.4045
1990-04-18,72.375
1990-04-19,89.93445
1990-04-20,77.357
1990-04-21,83.954
1990-04-22,84.6945
1990-04-23,89.693
1990-04-24,73.906
1990-04-25,72.9785
1990-04-26,76.107
1990-04-27,66.788
1990-04-28,49.9745
1990-04-29,58.925
1990-04-30,68.265495
1990-05-01,71.098
1990-05-02,57.017
1990-05-03,46.083
1990-05-04,53.18
1990-05-05,54.4265
1990-05-06,58.1805
1990-05-07,64.245
1990-05-08,59.642498
1990-05-09,61.894
1990-05-10,64.659
1990-05-11,58.3535
1990-05-12,74.219
1990-05-13,66.096
1990-05-14,68.581
1990-05-15,71.173996
1990-05-16,63.0515
1990-05-17,69.3315
1990-05-18,63.892998
1990-05-19,49.133
1990-05-20,45.6805
1990-05-21,53.1975
1990-05-22,68.8755
1990-05-23,71.3835
1990-05-24,62.2865
1990-05-25,83.292
1990-05-26,52.4245
1990-05-27,51.684
1990-05-28,55.836
1990-05-29,46.9355
1990-05-30,53.682
1990-05-31,57.302
1990-06-01,59.7375
1990-06-02,51.716
1990-06-03,79.527
1990-06-04,67.6845
1990-06-05,67.406
1990-06-06,81.390495
1990-06-07,69.873
1990-06-08,88.095
1990-06-09,70.33
1990-06-10,84.412
1990-06-11,76.253
1990-06-12,66.3955
1990-06-13,82.1795
1990-06-14,71.221
1990-06-15,79.581
1990-06-16,66.093
1990-06-17,62.779
1990-06-18,62.4325
1990-06-19,61.154
1990-06-20,59.3475
1990-06-21,76.1575
1990-06-22,63.9835
1990-06-23,76.289
1990-06-24,57.0975
1990-06-25,56.406498
1990-06-26,63.277
1990-06-27,57.0965
1990-06-28,55.146
1990-06-29,62.322998
1990-06-30,55.076
1990-07-01,68.9995
1990-07-02,77.34
1990-07-03,63.6865
1990-07-04,86.317
1990-07-05,56.153
1990-07-06,76.0515
1990-07-07,57.059998
1990-07-08,73.0895
1990-07-09,68.179
1990-07-10,87.1495
1990-07-11,55.478
1990-07-12,58.871
1990-07-13,59.577
1990-07-14,54.7255
1990-07-15,52.148
1990-07-16,49.4365
1990-07-17,62.2
1990-07-18,60.967
1990-07-19,60.78
1990-07-20,60.948498
1990-07-21,54.7765
1990-07-22,48.054996
1990-07-23,46.663498
1990-07-24,48.983498
1990-07-25,57.5725
1990-07-26,59.233997
1990-07-27,55.5135
1990-07-28,50.2235
1990-07-29,49.9895
1990-07-30,52.952
1990-07-31,53.1265
1990-08-01,45.3835
1990-08-02,45.6535
1990-08-03,46.84
1990-08-04,48.9315
1990-08-05,45.0085
1990-08-06,45.995
1990-08-07,75.3535
1990-08-08,72.2675
1990-08-09,55.277
1990-08-10,56.352
1990-08-11,62.753
1990-08-12,56.027
1990-08-13,48.940998
1990-08-14,48.194
1990-08-15,57.695
1990-08-16,59.734997
1990-08-17,71.998
1990-08-18,58.6215
1990-08-19,61.3435
1990-08-20,58.0745
1990-08-21,63.949497
1990-08-22,70.068
1990-08-23,58.688
1990-08-24,58.459
1990-08-25,55.656
1990-08-26,53.7505
1990-08-27,57.101997
1990-08-28,48.3765
1990-08-29,51.6455
1990-08-30,51.373
1990-08-31,48.060997
1990-09-01,67.3035
1990-09-02,65.7985
1990-09-03,69.574
1990-09-04,73.123
1990-09-05,68.028
1990-09-06,65.045
1990-09-07,73.861
1990-09-08,71.575
1990-09-09,69.1245
1990-09-10,68.1705
1990-09-11,76.0455
1990-09-12,68.4885
1990-09-13,71.980995
1990-09-14,75.0325
1990-09-15,68.0365
1990-09-16,59.8485
1990-09-17,65.6765
1990-09-18,76.7545
1990-09-19,67.783
1990-09-20,69.926
1990-09-21,87.132
1990-09-22,74.9255
1990-09-23,79.903
1990-09-24,84.576996
1990-09-25,76.9095
1990-09-26,76.008
1990-09-27,73.53
1990-09-28,69.3695
1990-09-29,68.525
1990-09-30,69.816
1990-10-01,76.947
1990-10-02,76.204
1990-10-03,73.794
1990-10-04,76.89
1990-10-05,77.94
1990-10-06,73.8025
1990-10-07,81.429
1990-10-08,87.3595
1990-10-09,76.2885
1990-10-10,77.8815
1990-10-11,78.723495
1990-10-12,80.8855
1990-10-13,71.197
1990-10-14,75.3435
1990-10-15,70.055
1990-10-16,67.0195
1990-10-17,63.284
1990-10-18,67.1505
1990-10-19,81.264
1990-10-20,77.8035
1990-10-21,56.853
1990-10-22,68.1245
1990-10-23,66.524
1990-10-24,70.7395
1990-10-25,67.7005
1990-10-26,56.0495
1990-10-27,75.6725
1990-10-28,85.928
1990-10-29,83.5795
1990-10-30,70.710495
1990-10-31,79.537
1990-11-01,90.41944
1990-11-02,83.909
1990-11-03,91.848335
1990-11-04,82.788
1990-11-05,81.765
1990-11-06,83.087
1990-11-07,83.632
1990-11-08,77.692
1990-11-09,83.357
1990-11-10,79.65
1990-11-11,89.535
1990-11-12,91.551
1990-11-13,91.297646
1990-11-14,91.765
1990-11-15,93.266
1990-11-16,81.028496
1990-11-17,80.5935
1990-11-18,75.4115
1990-11-19,78.9415
1990-11-20,88.84789
1990-11-21,85.191
1990-11-22,86.27944
1990-11-23,81.1425
1990-11-24,90.15421
1990-11-25,81.4625
1990-11-26,78.553
1990-11-27,93.70333
1990-11-28,91.55222
1990-11-29,83.588
1990-11-30,79.8975
1990-12-01,69.4825
1990-12-02,89.26474
1990-12-03,86.927895
1990-12-04,87.0505
1990-12-05,88.568886
1990-12-06,81.824
1990-12-07,88.0015
1990-12-08,90.35125
1990-12-09,89.504
1990-12-10,92.05133
1990-12-11,87.963
1990-12-12,83.365
1990-12-13,84.28
1990-12-14,74.319
1990-12-15,84.872
1990-12-16,92.10231
1990-12-17,90.53445
1990-12-18,91.93389
1990-12-19,90.585556
1990-12-20,82.7315
1990-12-21,86.0
1990-12-22,86.395
1990-12-23,89.63052
1990-12-24,81.1545
1990-12-25,73.9085
1990-12-26,87.933685
1990-12-27,88.679375
1990-12-28,78.057
1990-12-29,85.26055
1990-12-30,89.69315
1990-12-31,91.21267
1991-01-01,91.31684
1991-01-02,76.491
1991-01-03,85.05778
1991-01-04,89.88687
1991-01-05,84.4505
1991-01-06,82.547
1991-01-07,88.59526
1991-01-08,89.74684
1991-01-09,91.26466
1991-01-10,85.66631
1991-01-11,88.96158
1991-01-12,80.976
1991-01-13,78.8825
1991-01-14,60.242496
1991-01-15,66.294
1991-01-16,76.5995
1991-01-17,81.64
1991-01-18,78.8225
1991-01-19,78.486
1991-01-20,88.955
1991-01-21,90.31
1991-01-22,87.622
1991-01-23,82.4005
1991-01-24,76.1165
1991-01-25,80.234
1991-01-26,86.0945
1991-01-27,84.6755
1991-01-28,79.926
1991-01-29,73.662
1991-01-30,67.409
1991-01-31,58.3
1991-02-01,61.0375
1991-02-02,60.115997
1991-02-03,61.5845
1991-02-04,64.5395
1991-02-05,70.579
1991-02-06,74.986496
1991-02-07,85.7715
1991-02-08,92.05308
1991-02-09,90.01158
1991-02-10,78.1045
1991-02-11,72.944496
1991-02-12,77.4755
1991-02-13,76.225
1991-02-14,73.453995
1991-02-15,72.675995
1991-02-16,82.741
1991-02-17,73.477
1991-02-18,81.034996
1991-02-19,80.6025
1991-02-20,80.701
1991-02-21,76.935
1991-02-22,76.8925
1991-02-23,75.2015
1991-02-24,84.8505
1991-02-25,91.355
1991-02-26,79.446
1991-02-27,72.503
1991-02-28,76.335495
1991-03-01,75.776
1991-03-02,76.062996
1991-03-03,87.618996
1991-03-04,85.6345
1991-03-05,83.0685
1991-03-06,71.462
1991-03-07,88.1075
1991-03-08,77.196
1991-03-09,71.8255
1991-03-10,77.584496
1991-03-11,84.609
1991-03-12,78.078995
1991-03-13,72.678
1991-03-14,69.379
1991-03-15,63.535
1991-03-16,67.293
1991-03-17,65.331
1991-03-18,74.995
1991-03-19,83.398
1991-03-20,76.5495
1991-03-21,63.003
1991-03-22,48.4785
1991-03-23,69.7985
1991-03-24,67.542
1991-03-25,71.7475
1991-03-26,81.4105
1991-03-27,88.64895
1991-03-28,70.0905
1991-03-29,86.5485
1991-03-30,92.78667
1991-03-31,74.8105
1991-04-01,68.590996
1991-04-02,67.942
1991-04-03,64.643
1991-04-04,55.5615
1991-04-05,58.734497
1991-04-06,80.3565
1991-04-07,75.3765
1991-04-08,66.2865
1991-04-09,74.568
1991-04-10,65.45
1991-04-11,74.3965
1991-04-12,74.477
1991-04-13,66.838
1991-04-14,69.792496
1991-04-15,65.7025
1991-04-16,51.5745
1991-04-17,60.879498
1991-04-18,85.732
1991-04-19,82.265495
1991-04-20,70.626495
1991-04-21,62.9105
1991-04-22,58.906998
1991-04-23,58.4235
1991-04-24,65.719
1991-04-25,83.296
1991-04-26,70.912994
1991-04-27,74.6245
1991-04-28,71.0105
1991-04-29,63.782497
1991-04-30,62.0545
1991-05-01,63.238
1991-05-02,74.1745
1991-05-03,87.3275
1991-05-04,80.575
1991-05-05,73.5135
1991-05-06,71.63
1991-05-07,65.356
1991-05-08,61.9355
1991-05-09,56.4075
1991-05-10,70.476
1991-05-11,77.4655
1991-05-12,67.044
1991-05-13,65.897
1991-05-14,57.357998
1991-05-15,63.239
1991-05-16,59.2375
1991-05-17,91.63923
1991-05-18,87.7135
1991-05-19,74.051
1991-05-20,59.4605
1991-05-21,61.724
1991-05-22,56.0155
1991-05-23,51.9945
1991-05-24,59.6545
1991-05-25,65.8155
1991-05-26,72.252
1991-05-27,54.531
1991-05-28,53.582
1991-05-29,53.218998
1991-05-30,58.189
1991-05-31,58.056
1991-06-01,50.1815
1991-06-02,52.1305
1991-06-03,66.36
1991-06-04,81.8805
1991-06-05,70.343
1991-06-06,67.6575
1991-06-07,68.7385
1991-06-08,74.6795
1991-06-09,60.647
1991-06-10,64.2665
1991-06-11,70.783
1991-06-12,55.527
1991-06-13,59.8435
1991-06-14,85.88052
1991-06-15,68.668495
1991-06-16,58.753
1991-06-17,57.668
1991-06-18,71.903
1991-06-19,82.658
1991-06-20,59.718
1991-06-21,71.752495
1991-06-22,59.597
1991-06-23,61.4605
1991-06-24,66.6165
1991-06-25,73.5795
1991-06-26,71.168
1991-06-27,76.865
1991-06-28,56.740498
1991-06-29,61.369
1991-06-30,61.136997
1991-07-01,55.032497
1991-07-02,59.233997
1991-07-03,68.0385
1991-07-04,76.47
1991-07-05,65.1475
1991-07-06,54.739998
1991-07-07,57.2465
1991-07-08,57.579998
1991-07-09,54.9065
1991-07-10,65.7135
1991-07-11,62.0965
1991-07-12,62.1205
1991-07-13,60.0195
1991-07-14,74.9495
1991-07-15,74.447
1991-07-16,57.4655
1991-07-17,72.549995
1991-07-18,69.42
1991-07-19,62.2995
1991-07-20,80.496
1991-07-21,72.019
1991-07-22,63.2445
1991-07-23,59.2285
1991-07-24,61.306
1991-07-25,78.048996
1991-07-26,72.3145
1991-07-27,75.2105
1991-07-28,85.0535
1991-07-29,67.0845
1991-07-30,70.335495
1991-07-31,75.34
1991-08-01,82.2385
1991-08-02,86.0745
1991-08-03,80.202995
1991-08-04,74.24
1991-08-05,75.2025
1991-08-06,68.1515
1991-08-07,68.2005
1991-08-08,63.2805
1991-08-09,66.696
1991-08-10,67.228
1991-08-11,64.7855
1991-08-12,71.281
1991-08-13,67.0115
1991-08-14,63.6115
1991-08-15,68.0065
1991-08-16,65.0275
1991-08-17,60.4935
1991-08-18,82.3105
1991-08-19,63.415
1991-08-20,60.5075
1991-08-21,72.708496
1991-08-22,70.0155
1991-08-23,67.2465
1991-08-24,66.106995
1991-08-25,65.4145
1991-08-26,61.635998
1991-08-27,61.4575
1991-08-28,71.8905
1991-08-29,62.8735
1991-08-30,60.9965
1991-08-31,65.479
1991-09-01,63.4995
1991-09-02,64.473
1991-09-03,64.256996
1991-09-04,64.8305
1991-09-05,60.8525
1991-09-06,71.3115
1991-09-07,60.7265
1991-09-08,65.0625
1991-09-09,65.2155
1991-09-10,58.600998
1991-09-11,68.2185
1991-09-12,85.1405
1991-09-13,82.185
1991-09-14,73.429
1991-09-15,78.4115
1991-09-16,85.852
1991-09-17,89.85737
1991-09-18,70.5335
1991-09-19,71.894
1991-09-20,75.766
1991-09-21,70.958496
1991-09-22,72.9665
1991-09-23,80.9305
1991-09-24,68.4905
1991-09-25,68.168495
1991-09-26,65.279
1991-09-27,72.1485
1991-09-28,71.002
1991-09-29,61.5835
1991-09-30,59.278
1991-10-01,78.505
1991-10-02,70.7415
1991-10-03,63.253998
1991-10-04,72.1635
1991-10-05,69.4745
1991-10-06,71.932495
1991-10-07,70.879
1991-10-08,67.71
1991-10-09,85.651054
1991-10-10,91.49111
1991-10-11,91.34643
1991-10-12,82.894
1991-10-13,79.608
1991-10-14,77.1955
1991-10-15,80.631
1991-10-16,86.8315
1991-10-17,89.52
1991-10-18,82.8045
1991-10-19,84.5345
1991-10-20,72.762
1991-10-21,69.7735
1991-10-22,64.463
1991-10-23,73.4095
1991-10-24,85.8505
1991-10-25,71.909996
1991-10-26,72.2995
1991-10-27,66.874
1991-10-28,74.9115
1991-10-29,79.4395
1991-10-30,76.4295
1991-10-31,74.244995
1991-11-01,72.8815
1991-11-02,67.8395
1991-11-03,65.5185
1991-11-04,82.3805
1991-11-05,79.6565
1991-11-06,81.826
1991-11-07,70.1235
1991-11-08,79.7855
1991-11-09,80.019
1991-11-10,75.3005
1991-11-11,72.5515
1991-11-12,83.2305
1991-11-13,74.256996
1991-11-14,76.5445
1991-11-15,76.8585
1991-11-16,92.818
1991-11-17,85.378
1991-11-18,72.964
1991-11-19,85.4415
1991-11-20,90.80368
1991-11-21,91.11889
1991-11-22,92.58363
1991-11-23,88.318886
1991-11-24,90.48857
1991-11-25,92.54278
1991-11-26,91.9925
1991-11-27,89.24
1991-11-28,88.23722
1991-11-29,84.732
1991-11-30,85.946
1991-12-01,86.5335
1991-12-02,79.384
1991-12-03,86.53778
1991-12-04,82.30631
1991-12-05,77.5775
1991-12-06,72.4085
1991-12-07,79.995
1991-12-08,69.638
1991-12-09,65.515
1991-12-10,67.475
1991-12-11,80.7535
1991-12-12,87.59813
1991-12-13,89.888
1991-12-14,82.70368
1991-12-15,77.4305
1991-12-16,89.04933
1991-12-17,91.450005
1991-12-18,88.07842
1991-12-19,77.326
1991-12-20,87.73579
1991-12-21,78.1015
1991-12-22,86.7605
1991-12-23,93.115555
1991-12-24,78.923996
1991-12-25,70.2935
1991-12-26,80.4755
1991-12-27,85.119
1991-12-28,72.1515
1991-12-29,75.2175
1991-12-30,78.212
1991-12-31,68.098
1992-01-01,84.2045
1992-01-02,73.5825
1992-01-03,75.17
1992-01-04,80.4785
1992-01-05,87.79
1992-01-06,80.5025
1992-01-07,86.3325
1992-01-08,92.56917
1992-01-09,90.46833
1992-01-10,90.52789
1992-01-11,88.9625
1992-01-12,79.2465
1992-01-13,76.352
1992-01-14,80.305
1992-01-15,76.9955
1992-01-16,72.44
1992-01-17,68.8565
1992-01-18,72.0965
1992-01-19,80.348
1992-01-20,79.9855
1992-01-21,72.942
1992-01-22,72.9225
1992-01-23,75.7465
1992-01-24,76.933
1992-01-25,86.81421
1992-01-26,88.49778
1992-01-27,84.195
1992-01-28,81.7965
1992-01-29,76.4085
1992-01-30,75.003
1992-01-31,76.669
1992-02-01,84.7435
1992-02-02,89.508
1992-02-03,78.0185
1992-02-04,68.693
1992-02-05,78.5905
1992-02-06,84.264
1992-02-07,78.974
1992-02-08,83.4355
1992-02-09,85.1295
1992-02-10,84.548
1992-02-11,67.808
1992-02-12,82.3665
1992-02-13,77.2015
1992-02-14,76.971
1992-02-15,67.082
1992-02-16,68.1415
1992-02-17,76.497
1992-02-18,63.284
1992-02-19,63.6185
1992-02-20,76.9775
1992-02-21,82.514496
1992-02-22,80.895996
1992-02-23,80.2075
1992-02-24,57.806
1992-02-25,70.1665
1992-02-26,64.1425
1992-02-27,75.528
1992-02-28,76.259
1992-02-29,74.5435
1992-03-01,72.925995
1992-03-02,71.3305
1992-03-03,52.141
1992-03-04,50.145
1992-03-05,63.812
1992-03-06,63.9885
1992-03-07,76.5065
1992-03-08,62.1895
1992-03-09,62.03
1992-03-10,58.028
1992-03-11,64.594
1992-03-12,54.7165
1992-03-13,61.625
1992-03-14,71.086
1992-03-15,73.146996
1992-03-16,70.252495
1992-03-17,62.8075
1992-03-18,63.173
1992-03-19,47.947
1992-03-20,73.811
1992-03-21,91.38923
1992-03-22,66.7335
1992-03-23,77.563995
1992-03-24,76.2195
1992-03-25,82.8395
1992-03-26,89.768
1992-03-27,80.435
1992-03-28,74.287
1992-03-29,73.8035
1992-03-30,62.379498
1992-03-31,58.2655
1992-04-01,51.0005
1992-04-02,70.901
1992-04-03,58.5215
1992-04-04,63.336
1992-04-05,79.246
1992-04-06,67.731
1992-04-07,64.6865
1992-04-08,63.2245
1992-04-09,53.654
1992-04-10,51.924
1992-04-11,53.2035
1992-04-12,53.601997
1992-04-13,60.8615
1992-04-14,49.002
1992-04-15,49.9535
1992-04-16,67.5815
1992-04-17,53.7365
1992-04-18,50.559
1992-04-19,69.446
1992-04-20,41.548
1992-04-21,45.9455
1992-04-22,51.400497
1992-04-23,77.807
1992-04-24,62.177498
1992-04-25,57.968998
1992-04-26,56.734
1992-04-27,61.365498
1992-04-28,62.367496
1992-04-29,66.916
1992-04-30,85.1505
1992-05-01,78.724
1992-05-02,59.222
1992-05-03,53.343998
1992-05-04,68.6495
1992-05-05,65.8575
1992-05-06,50.700996
1992-05-07,49.000496
1992-05-08,58.871998
1992-05-09,65.877
1992-05-10,78.087
1992-05-11,69.6645
1992-05-12,62.0685
1992-05-13,59.024498
1992-05-14,55.468998
1992-05-15,54.100998
1992-05-16,49.907997
1992-05-17,53.033
1992-05-18,50.885
1992-05-19,64.0895
1992-05-20,67.084
1992-05-21,64.026
1992-05-22,54.6805
1992-05-23,61.3885
1992-05-24,45.3775
1992-05-25,40.943497
1992-05-26,50.346
1992-05-27,50.700497
1992-05-28,56.046
1992-05-29,67.854
1992-05-30,61.004498
1992-05-31,54.3435
1992-06-01,63.229
1992-06-02,60.514
1992-06-03,75.4015
1992-06-04,77.111
1992-06-05,72.551
1992-06-06,84.9005
1992-06-07,72.819
1992-06-08,82.4995
1992-06-09,84.435
1992-06-10,68.876
1992-06-11,69.172
1992-06-12,76.363495
1992-06-13,86.778
1992-06-14,74.554
1992-06-15,56.8255
1992-06-16,60.1345
1992-06-17,69.0045
1992-06-18,67.1195
1992-06-19,72.479
1992-06-20,63.702
1992-06-21,60.917
1992-06-22,66.5225
1992-06-23,54.797497
1992-06-24,64.035995
1992-06-25,58.475998
1992-06-26,45.398
1992-06-27,53.083
1992-06-28,59.061
1992-06-29,53.4055
1992-06-30,49.934998
1992-07-01,50.268997
1992-07-02,56.142998
1992-07-03,66.0685
1992-07-04,55.697998
1992-07-05,69.458
1992-07-06,75.3295
1992-07-07,74.865
1992-07-08,61.3465
1992-07-09,51.504498
1992-07-10,68.7875
1992-07-11,69.2155
1992-07-12,81.1405
1992-07-13,81.993
1992-07-14,59.8575
1992-07-15,71.683495
1992-07-16,57.924
1992-07-17,58.310997
1992-07-18,61.826
1992-07-19,50.9055
1992-07-20,55.114998
1992-07-21,55.858997
1992-07-22,56.814
1992-07-23,59.4235
1992-07-24,51.934
1992-07-25,51.521
1992-07-26,54.200497
1992-07-27,53.2865
1992-07-28,44.739998
1992-07-29,49.346
1992-07-30,51.801
1992-07-31,55.491497
1992-08-01,66.085
1992-08-02,70.0895
1992-08-03,56.549
1992-08-04,56.8735
1992-08-05,48.6615
1992-08-06,54.0865
1992-08-07,51.574997
1992-08-08,47.184998
1992-08-09,44.254498
1992-08-10,46.817497
1992-08-11,60.4545
1992-08-12,50.754498
1992-08-13,55.091
1992-08-14,49.146
1992-08-15,65.916
1992-08-16,51.2715
1992-08-17,51.0745
1992-08-18,55.2865
1992-08-19,46.3575
1992-08-20,47.406998
1992-08-21,52.5365
1992-08-22,63.7395
1992-08-23,68.1165
1992-08-24,58.493
1992-08-25,55.240997
1992-08-26,48.406998
1992-08-27,52.319
1992-08-28,43.587997
1992-08-29,37.586998
1992-08-30,48.0855
1992-08-31,48.756496
1992-09-01,77.2295
1992-09-02,55.7165
1992-09-03,51.754997
1992-09-04,84.157
1992-09-05,71.2335
1992-09-06,58.475998
1992-09-07,51.226498
1992-09-08,64.798996
1992-09-09,70.678
1992-09-10,61.987
1992-09-11,58.859497
1992-09-12,62.400497
1992-09-13,65.7915
1992-09-14,67.545
1992-09-15,62.944
1992-09-16,60.775497
1992-09-17,63.368
1992-09-18,61.7895
1992-09-19,65.727
1992-09-20,63.3505
1992-09-21,59.1545
1992-09-22,58.273
1992-09-23,56.5865
1992-09-24,62.538498
1992-09-25,56.7215
1992-09-26,50.0715
1992-09-27,53.4295
1992-09-28,63.9315
1992-09-29,80.2895
1992-09-30,63.5515
1992-10-01,71.5235
1992-10-02,71.4745
1992-10-03,57.206997
1992-10-04,71.8145
1992-10-05,82.239
1992-10-06,77.0385
1992-10-07,82.457
1992-10-08,74.44
1992-10-09,87.433
1992-10-10,91.27579
1992-10-11,90.15059
1992-10-12,69.270996
1992-10-13,63.2035
1992-10-14,69.6235
1992-10-15,78.8275
1992-10-16,91.05368
1992-10-17,93.30444
1992-10-18,86.063
1992-10-19,67.435
1992-10-20,86.26579
1992-10-21,92.60667
1992-10-22,78.62
1992-10-23,73.4815
1992-10-24,77.212
1992-10-25,79.723
1992-10-26,70.3865
1992-10-27,68.986
1992-10-28,74.3995
1992-10-29,90.79
1992-10-30,91.60091
1992-10-31,92.60375
1992-11-01,84.6455
1992-11-02,91.27214
1992-11-03,91.792145
1992-11-04,86.9765
1992-11-05,71.984
1992-11-06,77.8515
1992-11-07,82.4185
1992-11-08,79.0095
1992-11-09,71.215996
1992-11-10,70.8495
1992-11-11,86.3085
1992-11-12,79.106
1992-11-13,73.708496
1992-11-14,78.9155
1992-11-15,77.46
1992-11-16,91.3725
1992-11-17,92.19067
1992-11-18,75.9365
1992-11-19,75.9555
1992-11-20,74.3925
1992-11-21,80.085
1992-11-22,91.87182
1992-11-23,92.248
1992-11-24,91.0
1992-11-25,91.403336
1992-11-26,87.95789
1992-11-27,69.791
1992-11-28,91.47111
1992-11-29,83.28842
1992-11-30,90.07389
1992-12-01,81.5235
1992-12-02,81.716
1992-12-03,78.698
1992-12-04,77.422
1992-12-05,78.6665
1992-12-06,89.547
1992-12-07,85.673
1992-12-08,81.877
1992-12-09,86.784996
1992-12-10,86.36737
1992-12-11,91.79938
1992-12-12,86.82684
1992-12-13,76.503
1992-12-14,87.26473
1992-12-15,86.5
1992-12-16,93.042305
1992-12-17,91.108665
1992-12-18,88.66111
1992-12-19,89.56526
1992-12-20,88.61211
1992-12-21,92.19
1992-12-22,89.17563
1992-12-23,80.5555
1992-12-24,80.203995
1992-12-25,76.9235
1992-12-26,81.6165
1992-12-27,73.036995
1992-12-28,71.448
1992-12-29,78.362
1992-12-30,81.4285
1992-12-31,88.9325
1993-01-01,74.3515
1993-01-02,65.6715
1993-01-03,64.2285
1993-01-04,64.944
1993-01-05,66.608
1993-01-06,69.196
1993-01-07,86.168
1993-01-08,92.786156
1993-01-09,85.51
1993-01-10,89.73111
1993-01-11,89.57176
1993-01-12,84.9535
1993-01-13,72.709
1993-01-14,76.4385
1993-01-15,72.5645
1993-01-16,79.2935
1993-01-17,88.0921
1993-01-18,93.291
1993-01-19,90.026
1993-01-20,80.991
1993-01-21,70.509
1993-01-22,77.313995
1993-01-23,63.776
1993-01-24,71.2415
1993-01-25,62.429
1993-01-26,54.524998
1993-01-27,71.5225
1993-01-28,86.320496
1993-01-29,91.72727
1993-01-30,82.3175
1993-01-31,83.535
1993-02-01,79.041
1993-02-02,82.048996
1993-02-03,81.1285
1993-02-04,82.5615
1993-02-05,88.1621
1993-02-06,78.087
1993-02-07,75.4385
1993-02-08,75.2855
1993-02-09,78.43
1993-02-10,83.6125
1993-02-11,89.63333
1993-02-12,87.46
1993-02-13,90.4
1993-02-14,84.39316
1993-02-15,80.088
1993-02-16,77.042496
1993-02-17,89.35579
1993-02-18,70.8925
1993-02-19,71.8595
1993-02-20,64.4915
1993-02-21,68.931496
1993-02-22,64.0675
1993-02-23,64.0055
1993-02-24,87.3185
1993-02-25,83.3835
1993-02-26,78.5115
1993-02-27,78.9835
1993-02-28,79.6755
1993-03-01,69.7315
1993-03-02,72.9985
1993-03-03,88.52052
1993-03-04,66.213
1993-03-05,64.431
1993-03-06,81.836
1993-03-07,71.0865
1993-03-08,60.2595
1993-03-09,71.829
1993-03-10,75.6785
1993-03-11,79.750496
1993-03-12,86.439
1993-03-13,76.7805
1993-03-14,78.218
1993-03-15,81.3435
1993-03-16,71.8865
1993-03-17,86.56
1993-03-18,62.197
1993-03-19,55.531498
1993-03-20,57.434498
1993-03-21,64.696
1993-03-22,64.9815
1993-03-23,69.026
1993-03-24,57.1865
1993-03-25,67.972496
1993-03-26,66.164
1993-03-27,58.982
1993-03-28,91.52688
1993-03-29,71.3635
1993-03-30,64.4905
1993-03-31,66.18
1993-04-01,59.846497
1993-04-02,60.606
1993-04-03,60.829
1993-04-04,77.604996
1993-04-05,59.4255
1993-04-06,69.09
1993-04-07,72.379
1993-04-08,68.618996
1993-04-09,64.8565
1993-04-10,53.7915
1993-04-11,68.425
1993-04-12,72.1995
1993-04-13,73.6295
1993-04-14,72.57
1993-04-15,67.209496
1993-04-16,45.340996
1993-04-17,48.71
1993-04-18,60.567497
1993-04-19,68.546
1993-04-20,66.8045
1993-04-21,52.598
1993-04-22,50.559498
1993-04-23,49.4795
1993-04-24,50.978
1993-04-25,44.5365
1993-04-26,41.975
1993-04-27,51.0265
1993-04-28,48.295
1993-04-29,56.093
1993-04-30,57.927
1993-05-01,49.586998
1993-05-02,52.8905
1993-05-03,60.3215
1993-05-04,69.463
1993-05-05,87.18
1993-05-06,74.320496
1993-05-07,59.2895
1993-05-08,58.768997
1993-05-09,65.182
1993-05-10,54.11
1993-05-11,47.607998
1993-05-12,40.434998
1993-05-13,42.993496
1993-05-14,51.8555
1993-05-15,58.9705
1993-05-16,63.09
1993-05-17,59.156498
1993-05-18,50.5645
1993-05-19,49.427998
1993-05-20,50.541
1993-05-21,51.9115
1993-05-22,61.5645
1993-05-23,71.1575
1993-05-24,62.357
1993-05-25,57.901
1993-05-26,57.331497
1993-05-27,53.9875
1993-05-28,74.668495
1993-05-29,53.259
1993-05-30,52.8845
1993-05-31,62.3755
1993-06-01,50.3895
1993-06-02,44.4755
1993-06-03,74.118996
1993-06-04,73.288
1993-06-05,61.131
1993-06-06,56.854
1993-06-07,60.0895
1993-06-08,53.961
1993-06-09,48.698997
1993-06-10,43.856
1993-06-11,55.3485
1993-06-12,71.13
1993-06-13,55.3435
1993-06-14,67.0445
1993-06-15,68.968
1993-06-16,49.0475
1993-06-17,80.305
1993-06-18,57.759
1993-06-19,51.8055
1993-06-20,73.2435
1993-06-21,63.2235
1993-06-22,66.6605
1993-06-23,68.302
1993-06-24,71.612
1993-06-25,52.581497
1993-06-26,66.1945
1993-06-27,68.097496
1993-06-28,70.7835
1993-06-29,61.748
1993-06-30,53.892998
1993-07-01,57.684498
1993-07-02,56.27
1993-07-03,52.784
1993-07-04,49.553997
1993-07-05,64.305
1993-07-06,73.442
1993-07-07,56.2425
1993-07-08,51.948997
1993-07-09,49.224
1993-07-10,43.425995
1993-07-11,70.214
1993-07-12,62.146
1993-07-13,72.2745
1993-07-14,57.7325
1993-07-15,72.33
1993-07-16,76.27
1993-07-17,73.347496
1993-07-18,78.9145
1993-07-19,70.544
1993-07-20,77.8555
1993-07-21,71.252
1993-07-22,68.546
1993-07-23,61.823997
1993-07-24,59.203
1993-07-25,64.024
1993-07-26,77.723495
1993-07-27,56.17
1993-07-28,81.652
1993-07-29,64.6375
1993-07-30,61.562
1993-07-31,52.613
1993-08-01,51.704
1993-08-02,52.359997
1993-08-03,53.3485
1993-08-04,48.274498
1993-08-05,53.564
1993-08-06,67.0335
1993-08-07,51.537
1993-08-08,52.9675
1993-08-09,72.2495
1993-08-10,65.575
1993-08-11,56.7345
1993-08-12,54.400997
1993-08-13,55.241497
1993-08-14,47.751
1993-08-15,43.8955
1993-08-16,45.849
1993-08-17,57.6175
1993-08-18,48.9105
1993-08-19,52.496
1993-08-20,56.483498
1993-08-21,51.5425
1993-08-22,51.954998
1993-08-23,56.978
1993-08-24,80.4575
1993-08-25,82.9635
1993-08-26,74.726
1993-08-27,73.9275
1993-08-28,77.0285
1993-08-29,77.4525
1993-08-30,61.0285
1993-08-31,83.1935
1993-09-01,75.376495
1993-09-02,74.904495
1993-09-03,79.255
1993-09-04,73.481995
1993-09-05,74.626
1993-09-06,69.300995
1993-09-07,67.945496
1993-09-08,69.33
1993-09-09,69.629
1993-09-10,75.72
1993-09-11,71.2875
1993-09-12,77.3915
1993-09-13,64.042496
1993-09-14,62.7175
1993-09-15,66.9075
1993-09-16,71.006
1993-09-17,69.4665
1993-09-18,75.285995
1993-09-19,74.109
1993-09-20,66.682495
1993-09-21,61.5695
1993-09-22,62.3075
1993-09-23,58.732998
1993-09-24,57.3875
1993-09-25,69.1455
1993-09-26,84.1445
1993-09-27,72.108
1993-09-28,81.2885
1993-09-29,87.906
1993-09-30,74.546
1993-10-01,67.976
1993-10-02,67.1725
1993-10-03,90.03526
1993-10-04,91.350586
1993-10-05,77.604
1993-10-06,73.67
1993-10-07,81.3125
1993-10-08,71.686
1993-10-09,82.145996
1993-10-10,85.713
1993-10-11,79.9505
1993-10-12,68.476
1993-10-13,73.831
1993-10-14,61.440998
1993-10-15,82.193
1993-10-16,76.4115
1993-10-17,81.5455
1993-10-18,77.6515
1993-10-19,89.577896
1993-10-20,92.41928
1993-10-21,92.49077
1993-10-22,89.92263
1993-10-23,81.0215
1993-10-24,80.3315
1993-10-25,87.194
1993-10-26,76.658
1993-10-27,82.248
1993-10-28,87.1245
1993-10-29,87.325264
1993-10-30,91.096
1993-10-31,84.5815
1993-11-01,83.3875
1993-11-02,81.5255
1993-11-03,82.2055
1993-11-04,91.17684
1993-11-05,87.651
1993-11-06,91.770004
1993-11-07,88.0555
1993-11-08,91.96786
1993-11-09,83.7535
1993-11-10,83.0945
1993-11-11,85.82
1993-11-12,91.36948
1993-11-13,92.37923
1993-11-14,88.60429
1993-11-15,91.487144
1993-11-16,82.86158
1993-11-17,73.225
1993-11-18,72.667496
1993-11-19,81.9645
1993-11-20,82.658
1993-11-21,86.312
1993-11-22,90.18056
1993-11-23,89.57
1993-11-24,90.78
1993-11-25,87.905266
1993-11-26,84.226
1993-11-27,85.848
1993-11-28,86.722
1993-11-29,90.75437
1993-11-30,88.65
1993-12-01,81.511
1993-12-02,86.0965
1993-12-03,86.28
1993-12-04,91.405624
1993-12-05,92.13
1993-12-06,88.18474
1993-12-07,92.55666
1993-12-08,85.394
1993-12-09,80.502
1993-12-10,67.238
1993-12-11,79.696
1993-12-12,76.6045
1993-12-13,78.396996
1993-12-14,86.972
1993-12-15,91.674614
1993-12-16,86.768
1993-12-17,75.987495
1993-12-18,87.77333
1993-12-19,88.04105
1993-12-20,88.60368
1993-12-21,80.646996
1993-12-22,61.517
1993-12-23,69.811
1993-12-24,87.44316
1993-12-25,91.52
1993-12-26,91.700836
1993-12-27,92.134
1993-12-28,87.068
1993-12-29,89.4925
1993-12-30,90.04692
1993-12-31,88.84167
1994-01-01,89.75053
1994-01-02,76.9855
1994-01-03,75.6005
1994-01-04,84.4845
1994-01-05,81.25
1994-01-06,65.8125
1994-01-07,64.5395
1994-01-08,79.9
1994-01-09,88.86895
1994-01-10,91.774445
1994-01-11,85.2175
1994-01-12,78.086
1994-01-13,83.4235
1994-01-14,91.482666
1994-01-15,82.719
1994-01-16,86.94706
1994-01-17,86.917
1994-01-18,75.513
1994-01-19,83.1065
1994-01-20,89.10263
1994-01-21,79.882
1994-01-22,82.565
1994-01-23,71.7705
1994-01-24,78.1985
1994-01-25,79.934
1994-01-26,75.4385
1994-01-27,67.3655
1994-01-28,64.759
1994-01-29,68.728
1994-01-30,79.565
1994-01-31,66.082
1994-02-01,71.061
1994-02-02,88.39579
1994-02-03,84.23579
1994-02-04,84.58526
1994-02-05,72.5065
1994-02-06,80.164
1994-02-07,82.556
1994-02-08,87.579
1994-02-09,82.5965
1994-02-10,81.160995
1994-02-11,83.035995
1994-02-12,83.6975
1994-02-13,83.4945
1994-02-14,60.9025
1994-02-15,68.334496
1994-02-16,74.1615
1994-02-17,83.2745
1994-02-18,87.5055
1994-02-19,69.7755
1994-02-20,74.515
1994-02-21,82.3035
1994-02-22,77.7695
1994-02-23,87.935
1994-02-24,90.01294
1994-02-25,80.593
1994-02-26,78.739
1994-02-27,73.7585
1994-02-28,78.7585
1994-03-01,81.3015
1994-03-02,77.653496
1994-03-03,64.5795
1994-03-04,81.738
1994-03-05,76.88
1994-03-06,82.013
1994-03-07,79.9565
1994-03-08,79.7185
1994-03-09,92.383575
1994-03-10,78.749
1994-03-11,61.3645
1994-03-12,65.151
1994-03-13,72.863495
1994-03-14,57.39
1994-03-15,58.237
1994-03-16,68.951996
1994-03-17,67.8665
1994-03-18,58.461
1994-03-19,59.1655
1994-03-20,67.8285
1994-03-21,83.178
1994-03-22,86.274
1994-03-23,88.976845
1994-03-24,70.2825
1994-03-25,81.46
1994-03-26,69.647995
1994-03-27,66.161995
1994-03-28,64.1365
1994-03-29,66.4165
1994-03-30,67.432495
1994-03-31,56.1075
1994-04-01,49.753998
1994-04-02,85.8625
1994-04-03,65.8875
1994-04-04,62.4685
1994-04-05,62.9155
1994-04-06,73.306
1994-04-07,60.8065
1994-04-08,61.0025
1994-04-09,59.2295
1994-04-10,89.0195
1994-04-11,74.0955
1994-04-12,89.7195
1994-04-13,77.2155
1994-04-14,72.835495
1994-04-15,67.825
1994-04-16,68.7315
1994-04-17,86.26631
1994-04-18,72.473
1994-04-19,62.852
1994-04-20,71.6635
1994-04-21,70.0775
1994-04-22,69.933
1994-04-23,70.3865
1994-04-24,66.1605
1994-04-25,65.7135
1994-04-26,63.260498
1994-04-27,59.4825
1994-04-28,59.973
1994-04-29,62.2085
1994-04-30,65.8475
1994-05-01,62.419
1994-05-02,62.2355
1994-05-03,55.8505
1994-05-04,53.0185
1994-05-05,87.2705
1994-05-06,79.304
1994-05-07,63.529
1994-05-08,61.3755
1994-05-09,63.6345
1994-05-10,87.204
1994-05-11,78.2755
1994-05-12,79.9945
1994-05-13,76.9945
1994-05-14,68.253
1994-05-15,65.091
1994-05-16,63.1795
1994-05-17,56.742
1994-05-18,58.681
1994-05-19,76.779
1994-05-20,76.7405
1994-05-21,68.2995
1994-05-22,71.051
1994-05-23,67.231
1994-05-24,73.491
1994-05-25,86.3395
1994-05-26,68.2775
1994-05-27,76.741
1994-05-28,68.999
1994-05-29,87.186
1994-05-30,77.016
1994-05-31,59.4785
1994-06-01,57.190998
1994-06-02,61.135498
1994-06-03,53.6375
1994-06-04,70.542496
1994-06-05,81.62
1994-06-06,58.46
1994-06-07,63.7015
1994-06-08,61.412
1994-06-09,71.51
1994-06-10,72.618996
1994-06-11,80.8095
1994-06-12,80.088
1994-06-13,66.6625
1994-06-14,72.056496
1994-06-15,65.226
1994-06-16,70.075
1994-06-17,81.237
1994-06-18,71.434494
1994-06-19,63.223
1994-06-20,65.937996
1994-06-21,62.185997
1994-06-22,58.7625
1994-06-23,62.196
1994-06-24,52.9515
1994-06-25,50.438
1994-06-26,58.704
1994-06-27,55.6405
1994-06-28,65.3155
1994-06-29,64.604996
1994-06-30,65.057
1994-07-01,55.2555
1994-07-02,54.718
1994-07-03,51.822
1994-07-04,51.5285
1994-07-05,65.476
1994-07-06,62.6105
1994-07-07,74.7
1994-07-08,65.882
1994-07-09,60.7345
1994-07-10,74.356
1994-07-11,57.0435
1994-07-12,63.849
1994-07-13,61.726498
1994-07-14,59.1005
1994-07-15,68.6235
1994-07-16,62.8125
1994-07-17,62.3575
1994-07-18,64.634995
1994-07-19,84.031
1994-07-20,71.132996
1994-07-21,53.851997
1994-07-22,53.355
1994-07-23,51.267
1994-07-24,48.378998
1994-07-25,55.944
1994-07-26,52.593998
1994-07-27,57.1805
1994-07-28,55.738
1994-07-29,50.769997
1994-07-30,51.034
1994-07-31,52.4185
1994-08-01,51.0225
1994-08-02,55.125
1994-08-03,59.814
1994-08-04,58.0095
1994-08-05,56.841
1994-08-06,53.262497
1994-08-07,55.7135
1994-08-08,58.268997
1994-08-09,68.8565
1994-08-10,62.784
1994-08-11,59.756
1994-08-12,62.2105
1994-08-13,69.4405
1994-08-14,55.6475
1994-08-15,50.2235
1994-08-16,59.901497
1994-08-17,63.073498
1994-08-18,77.336
1994-08-19,68.236496
1994-08-20,69.1345
1994-08-21,65.7415
1994-08-22,69.1655
1994-08-23,75.545
1994-08-24,85.5575
1994-08-25,88.1165
1994-08-26,86.6665
1994-08-27,68.946
1994-08-28,67.537
1994-08-29,88.0915
1994-08-30,74.531
1994-08-31,79.071495
1994-09-01,76.993996
1994-09-02,72.041
1994-09-03,90.314
1994-09-04,75.1695
1994-09-05,70.64
1994-09-06,71.319496
1994-09-07,69.446
1994-09-08,67.513
1994-09-09,70.808
1994-09-10,68.354
1994-09-11,70.587
1994-09-12,72.8805
1994-09-13,71.7465
1994-09-14,68.308
1994-09-15,66.432
1994-09-16,70.706
1994-09-17,91.33312
1994-09-18,75.215
1994-09-19,76.6905
1994-09-20,86.463
1994-09-21,82.3005
1994-09-22,82.985
1994-09-23,84.5815
1994-09-24,77.0745
1994-09-25,84.981
1994-09-26,83.7395
1994-09-27,82.043
1994-09-28,85.2045
1994-09-29,80.119
1994-09-30,83.8475
1994-10-01,81.377
1994-10-02,81.3515
1994-10-03,83.7355
1994-10-04,75.4315
1994-10-05,69.9795
1994-10-06,75.534
1994-10-07,92.04625
1994-10-08,84.964
1994-10-09,76.36
1994-10-10,80.6405
1994-10-11,85.443
1994-10-12,86.7145
1994-10-13,83.947
1994-10-14,86.49
1994-10-15,82.308
1994-10-16,89.403336
1994-10-17,68.6285
1994-10-18,72.675
1994-10-19,57.6265
1994-10-20,65.723
1994-10-21,75.1505
1994-10-22,70.002
1994-10-23,74.125496
1994-10-24,91.85889
1994-10-25,83.7745
1994-10-26,87.35834
1994-10-27,76.616
1994-10-28,84.584
1994-10-29,84.659
1994-10-30,91.27214
1994-10-31,82.116
1994-11-01,77.3105
1994-11-02,84.1085
1994-11-03,84.423
1994-11-04,71.459
1994-11-05,79.154495
1994-11-06,72.74
1994-11-07,77.3545
1994-11-08,91.39562
1994-11-09,92.01929
1994-11-10,92.717
1994-11-11,92.999
1994-11-12,84.9585
1994-11-13,84.3025
1994-11-14,91.532776
1994-11-15,89.156
1994-11-16,69.807
1994-11-17,78.5775
1994-11-18,86.042496
1994-11-19,77.7765
1994-11-20,89.670555
1994-11-21,88.7021
1994-11-22,81.7715
1994-11-23,89.59589
1994-11-24,83.287
1994-11-25,73.5375
1994-11-26,86.977
1994-11-27,92.6125
1994-11-28,83.643
1994-11-29,79.565
1994-11-30,79.3055
1994-12-01,79.8325
1994-12-02,80.729
1994-12-03,84.570526
1994-12-04,90.09765
1994-12-05,91.64412
1994-12-06,91.77333
1994-12-07,85.93053
1994-12-08,92.05625
1994-12-09,93.12375
1994-12-10,92.457275
1994-12-11,90.155556
1994-12-12,70.446
1994-12-13,66.131
1994-12-14,60.8045
1994-12-15,72.935
1994-12-16,76.706
1994-12-17,72.251495
1994-12-18,83.9405
1994-12-19,88.42333
1994-12-20,85.5135
1994-12-21,89.918236
1994-12-22,88.35474
1994-12-23,82.997
1994-12-24,87.35
1994-12-25,90.735
1994-12-26,86.617
1994-12-27,88.3595
1994-12-28,93.233635
1994-12-29,86.36842
1994-12-30,89.515
1994-12-31,79.3635
1995-01-01,86.994995
1995-01-02,64.030495
1995-01-03,80.0905
1995-01-04,67.9545
1995-01-05,79.2765
1995-01-06,83.395
1995-01-07,81.211
1995-01-08,82.1765
1995-01-09,87.447
1995-01-10,77.436
1995-01-11,86.457
1995-01-12,74.739
1995-01-13,76.799995
1995-01-14,70.127
1995-01-15,80.6085
1995-01-16,82.9895
1995-01-17,83.03412
1995-01-18,85.98556
1995-01-19,87.43833
1995-01-20,88.51941
1995-01-21,89.544
1995-01-22,90.425385
1995-01-23,86.76158
1995-01-24,81.1895
1995-01-25,80.2165
1995-01-26,65.7405
1995-01-27,59.811497
1995-01-28,70.386
1995-01-29,79.576
1995-01-30,83.122
1995-01-31,65.7625
1995-02-01,65.102
1995-02-02,78.719
1995-02-03,70.344
1995-02-04,74.7955
1995-02-05,69.6085
1995-02-06,80.718
1995-02-07,66.65
1995-02-08,71.9255
1995-02-09,82.5275
1995-02-10,69.078
1995-02-11,81.503
1995-02-12,86.5975
1995-02-13,82.038
1995-02-14,90.17158
1995-02-15,79.363495
1995-02-16,89.621666
1995-02-17,74.298996
1995-02-18,89.24737
1995-02-19,70.5885
1995-02-20,67.63
1995-02-21,76.044
1995-02-22,72.441
1995-02-23,74.3285
1995-02-24,87.651
1995-02-25,70.367
1995-02-26,78.3745
1995-02-27,76.005
1995-02-28,64.887
1995-03-01,62.5135
1995-03-02,85.998886
1995-03-03,91.809166
1995-03-04,89.39412
1995-03-05,81.090996
1995-03-06,79.201
1995-03-07,67.149
1995-03-08,63.82
1995-03-09,68.705
1995-03-10,71.4675
1995-03-11,70.168
1995-03-12,71.308
1995-03-13,72.7815
1995-03-14,84.955
1995-03-15,80.4945
1995-03-16,90.2625
1995-03-17,68.535995
1995-03-18,68.737
1995-03-19,78.1315
1995-03-20,75.0115
1995-03-21,76.77
1995-03-22,66.709496
1995-03-23,81.703
1995-03-24,75.4695
1995-03-25,62.9545
1995-03-26,84.4945
1995-03-27,79.981
1995-03-28,56.515
1995-03-29,70.215
1995-03-30,67.391495
1995-03-31,63.8915
1995-04-01,86.913
1995-04-02,70.4505
1995-04-03,38.909496
1995-04-04,45.268497
1995-04-05,59.822998
1995-04-06,65.9625
1995-04-07,57.697
1995-04-08,52.171997
1995-04-09,56.2355
1995-04-10,75.407
1995-04-11,84.1925
1995-04-12,65.5525
1995-04-13,67.976
1995-04-14,77.473495
1995-04-15,75.653
1995-04-16,70.5735
1995-04-17,58.539997
1995-04-18,63.213
1995-04-19,59.1475
1995-04-20,58.434498
1995-04-21,54.7915
1995-04-22,45.7875
1995-04-23,47.071
1995-04-24,57.579
1995-04-25,76.1325
1995-04-26,92.36429
1995-04-27,80.489
1995-04-28,74.653
1995-04-29,76.445
1995-04-30,70.765495
1995-05-01,72.748
1995-05-02,56.4825
1995-05-03,53.224
1995-05-04,59.553
1995-05-05,54.593998
1995-05-06,59.0575
1995-05-07,58.783497
1995-05-08,67.279
1995-05-09,69.347
1995-05-10,63.337997
1995-05-11,73.8425
1995-05-12,85.418945
1995-05-13,80.0815
1995-05-14,71.9985
1995-05-15,59.9775
1995-05-16,58.571
1995-05-17,80.5355
1995-05-18,77.4755
1995-05-19,85.697
1995-05-20,81.269
1995-05-21,71.584
1995-05-22,65.014
1995-05-23,61.887497
1995-05-24,58.409
1995-05-25,56.341
1995-05-26,58.8345
1995-05-27,59.7415
1995-05-28,73.389
1995-05-29,68.9105
1995-05-30,74.4645
1995-05-31,76.4975
1995-06-01,83.4475
1995-06-02,66.3405
1995-06-03,71.5245
1995-06-04,72.949
1995-06-05,86.782
1995-06-06,84.2235
1995-06-07,80.8445
1995-06-08,72.736496
1995-06-09,71.611
1995-06-10,75.0265
1995-06-11,81.171
1995-06-12,84.048996
1995-06-13,77.2295
1995-06-14,76.4075
1995-06-15,73.493
1995-06-16,70.28
1995-06-17,62.9085
1995-06-18,71.2275
1995-06-19,71.265495
1995-06-20,67.45
1995-06-21,69.4155
1995-06-22,73.907
1995-06-23,67.894
1995-06-24,72.8015
1995-06-25,83.8875
1995-06-26,82.1345
1995-06-27,73.215996
1995-06-28,60.2805
1995-06-29,56.089
1995-06-30,63.170998
1995-07-01,62.197998
1995-07-02,74.406
1995-07-03,59.736
1995-07-04,67.306
1995-07-05,65.046
1995-07-06,62.5305
1995-07-07,61.9235
1995-07-08,59.108997
1995-07-09,56.009
1995-07-10,55.334
1995-07-11,56.5715
1995-07-12,51.3115
1995-07-13,58.6715
1995-07-14,77.729
1995-07-15,73.440994
1995-07-16,60.222
1995-07-17,61.934498
1995-07-18,56.613
1995-07-19,57.4545
1995-07-20,58.096
1995-07-21,56.198997
1995-07-22,54.882
1995-07-23,68.252495
1995-07-24,59.016
1995-07-25,56.4305
1995-07-26,51.6595
1995-07-27,53.899998
1995-07-28,66.6605
1995-07-29,80.788
1995-07-30,54.541
1995-07-31,50.243
1995-08-01,56.415
1995-08-02,62.3045
1995-08-03,58.148
1995-08-04,57.3285
1995-08-05,61.977997
1995-08-06,58.892998
1995-08-07,66.2335
1995-08-08,79.6345
1995-08-09,89.652
1995-08-10,58.4495
1995-08-11,52.8405
1995-08-12,56.809498
1995-08-13,55.5465
1995-08-14,56.954998
1995-08-15,73.893
1995-08-16,66.0935
1995-08-17,72.4775
1995-08-18,65.673996
1995-08-19,74.143
1995-08-20,82.514496
1995-08-21,79.838
1995-08-22,76.601
1995-08-23,71.0885
1995-08-24,71.039
1995-08-25,72.3965
1995-08-26,63.371
1995-08-27,72.7565
1995-08-28,90.81143
1995-08-29,80.829
1995-08-30,79.145
1995-08-31,73.9555
1995-09-01,92.136
1995-09-02,87.745
1995-09-03,76.3275
1995-09-04,87.78316
1995-09-05,67.962
1995-09-06,76.6765
1995-09-07,68.3245
1995-09-08,87.5945
1995-09-09,71.2945
1995-09-10,68.309
1995-09-11,73.833
1995-09-12,76.388
1995-09-13,68.1855
1995-09-14,90.00158
1995-09-15,91.82235
1995-09-16,77.4785
1995-09-17,89.3395
1995-09-18,86.926
1995-09-19,84.445496
1995-09-20,91.04462
1995-09-21,84.4545
1995-09-22,83.505
1995-09-23,76.0355
1995-09-24,74.9155
1995-09-25,77.692
1995-09-26,83.6265
1995-09-27,70.935
1995-09-28,83.4845
1995-09-29,71.732
1995-09-30,71.6305
1995-10-01,71.5335
1995-10-02,87.1495
1995-10-03,83.5465
1995-10-04,81.6315
1995-10-05,73.3805
1995-10-06,85.0205
1995-10-07,84.109
1995-10-08,84.872
1995-10-09,86.1365
1995-10-10,88.621
1995-10-11,84.177
1995-10-12,77.738
1995-10-13,76.098
1995-10-14,85.7135
1995-10-15,85.265
1995-10-16,87.1015
1995-10-17,86.593
1995-10-18,83.6965
1995-10-19,83.7415
1995-10-20,64.8345
1995-10-21,66.0175
1995-10-22,71.750496
1995-10-23,65.586
1995-10-24,65.409
1995-10-25,75.7485
1995-10-26,74.4845
1995-10-27,72.929
1995-10-28,89.38526
1995-10-29,91.50684
1995-10-30,89.57474
1995-10-31,84.52947
1995-11-01,82.466995
1995-11-02,83.131
1995-11-03,84.2405
1995-11-04,80.906
1995-11-05,79.524
1995-11-06,79.8515
1995-11-07,76.4435
1995-11-08,71.4555
1995-11-09,85.373
1995-11-10,83.205
1995-11-11,85.808945
1995-11-12,89.384705
1995-11-13,87.49158
1995-11-14,90.832146
1995-11-15,90.11643
1995-11-16,88.23
1995-11-17,90.73154
1995-11-18,66.9255
1995-11-19,72.2855
1995-11-20,75.774
1995-11-21,80.706
1995-11-22,81.2695
1995-11-23,91.1175
1995-11-24,88.17353
1995-11-25,91.40111
1995-11-26,89.17316
1995-11-27,85.64158
1995-11-28,88.01474
1995-11-29,92.524
1995-11-30,92.57846
1995-12-01,90.89818
1995-12-02,92.53333
1995-12-03,91.03778
1995-12-04,88.181175
1995-12-05,92.76363
1995-12-06,93.14286
1995-12-07,93.69143
1995-12-08,89.813156
1995-12-09,91.098946
1995-12-10,93.031
1995-12-11,92.72077
1995-12-12,91.32875
1995-12-13,92.152725
1995-12-14,94.07714
1995-12-15,92.3421
1995-12-16,91.05765
1995-12-17,92.783844
1995-12-18,92.847694
1995-12-19,88.215
1995-12-20,91.63765
1995-12-21,66.3695
1995-12-22,90.67333
1995-12-23,87.39889
1995-12-24,87.66579
1995-12-25,94.28167
1995-12-26,89.9079
1995-12-27,79.992
1995-12-28,71.6605
1995-12-29,86.746
1995-12-30,81.275
1995-12-31,90.94158
1996-01-01,91.85
1996-01-02,89.7705
1996-01-03,80.9575
1996-01-04,77.2695
1996-01-05,83.2875
1996-01-06,88.6965
1996-01-07,88.56158
1996-01-08,91.29429
1996-01-09,92.48167
1996-01-10,90.67563
1996-01-11,90.29
1996-01-12,88.51235
1996-01-13,83.0305
1996-01-14,89.61842
1996-01-15,89.05
1996-01-16,93.29375
1996-01-17,91.54
1996-01-18,90.30167
1996-01-19,89.64733
1996-01-20,90.0735
1996-01-21,88.198
1996-01-22,92.930626
1996-01-23,87.462
1996-01-24,90.26722
1996-01-25,87.91556
1996-01-26,94.114
1996-01-27,93.009995
1996-01-28,89.86882
1996-01-29,92.427055
1996-01-30,82.839
1996-01-31,81.7775
1996-02-01,79.529495
1996-02-02,86.199
1996-02-03,89.26684
1996-02-04,81.6485
1996-02-05,74.9115
1996-02-06,71.3565
1996-02-07,81.9815
1996-02-08,81.715
1996-02-09,71.431
1996-02-10,79.982
1996-02-11,85.5385
1996-02-12,89.84278
1996-02-13,90.4525
1996-02-14,90.21333
1996-02-15,74.778496
1996-02-16,79.071
1996-02-17,76.1065
1996-02-18,75.9085
1996-02-19,83.44158
1996-02-20,82.256
1996-02-21,74.668
1996-02-22,69.199
1996-02-23,73.368
1996-02-24,72.6055
1996-02-25,74.198
1996-02-26,71.7295
1996-02-27,74.574
1996-02-28,77.9945
1996-02-29,79.9385
1996-03-01,76.1795
1996-03-02,79.196
1996-03-03,76.8775
1996-03-04,76.2215
1996-03-05,70.102
1996-03-06,84.444
1996-03-07,79.1985
1996-03-08,71.7405
1996-03-09,76.5885
1996-03-10,73.3565
1996-03-11,81.1555
1996-03-12,81.401
1996-03-13,93.07111
1996-03-14,85.9165
1996-03-15,80.118996
1996-03-16,79.7605
1996-03-17,82.9835
1996-03-18,89.43
1996-03-19,78.2035
1996-03-20,71.9835
1996-03-21,70.2885
1996-03-22,77.759
1996-03-23,77.627
1996-03-24,83.379
1996-03-25,76.497
1996-03-26,79.1455
1996-03-27,85.408
1996-03-28,51.1665
1996-03-29,59.943
1996-03-30,73.1515
1996-03-31,76.64
1996-04-01,77.384
1996-04-02,95.16
1996-04-03,90.885
1996-04-04,92.895996
1996-04-05,83.928
1996-04-06,81.451996
1996-04-07,67.071
1996-04-08,50.7385
1996-04-09,61.046997
1996-04-10,62.451
1996-04-11,58.944
1996-04-12,78.6555
1996-04-13,54.75
1996-04-14,84.857
1996-04-15,72.729996
1996-04-16,65.054
1996-04-17,59.059
1996-04-18,52.384
1996-04-19,50.0655
1996-04-20,50.2375
1996-04-21,47.0795
1996-04-22,44.921497
1996-04-23,50.4545
1996-04-24,63.9395
1996-04-25,74.2175
1996-04-26,83.99
1996-04-27,69.2695
1996-04-28,68.101
1996-04-29,69.1015
1996-04-30,66.199
1996-05-01,77.443
1996-05-02,62.214
1996-05-03,64.093
1996-05-04,65.5225
1996-05-05,66.253
1996-05-06,69.43
1996-05-07,67.942
1996-05-08,82.8805
1996-05-09,79.447495
1996-05-10,86.284996
1996-05-11,84.9705
1996-05-12,86.525
1996-05-13,89.955
1996-05-14,84.561
1996-05-15,79.655
1996-05-16,79.507996
1996-05-17,73.116
1996-05-18,57.705997
1996-05-19,51.824997
1996-05-20,84.765
1996-05-21,66.8795
1996-05-22,77.8185
1996-05-23,65.753
1996-05-24,64.189995
1996-05-25,64.069496
1996-05-26,78.307495
1996-05-27,87.6475
1996-05-28,68.247
1996-05-29,63.5795
1996-05-30,69.4545
1996-05-31,68.657
1996-06-01,67.8465
1996-06-02,67.999
1996-06-03,63.3965
1996-06-04,72.1575
1996-06-05,66.387
1996-06-06,65.9365
1996-06-07,63.6795
1996-06-08,59.9605
1996-06-09,59.004997
1996-06-10,59.704
1996-06-11,63.2495
1996-06-12,66.343
1996-06-13,61.002
1996-06-14,51.6
1996-06-15,53.5675
1996-06-16,59.4545
1996-06-17,59.025497
1996-06-18,55.060497
1996-06-19,69.048996
1996-06-20,75.9145
1996-06-21,83.477
1996-06-22,83.1135
1996-06-23,86.272
1996-06-24,70.978
1996-06-25,67.879
1996-06-26,73.858
1996-06-27,68.371
1996-06-28,68.463
1996-06-29,64.5825
1996-06-30,67.9745
1996-07-01,84.0345
1996-07-02,79.9785
1996-07-03,70.876495
1996-07-04,71.743
1996-07-05,72.016
1996-07-06,73.988
1996-07-07,69.243996
1996-07-08,69.6445
1996-07-09,62.1895
1996-07-10,69.4405
1996-07-11,69.3265
1996-07-12,88.556
1996-07-13,72.104996
1996-07-14,64.785995
1996-07-15,67.536995
1996-07-16,60.883
1996-07-17,55.967
1996-07-18,62.475998
1996-07-19,58.2565
1996-07-20,58.259
1996-07-21,60.0255
1996-07-22,60.684998
1996-07-23,57.468
1996-07-24,72.613
1996-07-25,77.288
1996-07-26,71.1615
1996-07-27,64.939995
1996-07-28,71.840996
1996-07-29,68.444
1996-07-30,70.4435
1996-07-31,63.444
1996-08-01,62.2145
1996-08-02,65.7775
1996-08-03,80.0405
1996-08-04,78.107
1996-08-05,78.112495
1996-08-06,78.118
1996-08-07,66.666
1996-08-08,82.1925
1996-08-09,70.0125
1996-08-10,61.2515
1996-08-11,52.580997
1996-08-12,79.575
1996-08-13,77.796
1996-08-14,76.0535
1996-08-15,79.396996
1996-08-16,72.019
1996-08-17,73.5
1996-08-18,69.123
1996-08-19,59.976997
1996-08-20,62.713997
1996-08-21,66.2885
1996-08-22,64.9165
1996-08-23,67.261
1996-08-24,68.733
1996-08-25,86.858
1996-08-26,73.273
1996-08-27,79.2825
1996-08-28,76.7725
1996-08-29,81.8635
1996-08-30,79.1965
1996-08-31,77.857
1996-09-01,82.4345
1996-09-02,92.10375
1996-09-03,87.601
1996-09-04,80.0875
1996-09-05,76.1985
1996-09-06,77.208496
1996-09-07,82.497
1996-09-08,76.604996
1996-09-09,78.4965
1996-09-10,74.6605
1996-09-11,78.238
1996-09-12,84.6435
1996-09-13,78.702995
1996-09-14,81.6855
1996-09-15,82.7395
1996-09-16,70.894
1996-09-17,81.979996
1996-09-18,86.251
1996-09-19,72.215
1996-09-20,88.8955
1996-09-21,90.391174
1996-09-22,93.71333
1996-09-23,93.12572
1996-09-24,88.204735
1996-09-25,88.94369
1996-09-26,87.5365
1996-09-27,82.8595
1996-09-28,89.38875
1996-09-29,77.124
1996-09-30,75.951
1996-10-01,63.1905
1996-10-02,80.554
1996-10-03,81.4105
1996-10-04,75.0875
1996-10-05,93.32667
1996-10-06,89.820526
1996-10-07,90.4245
1996-10-08,80.3985
1996-10-09,90.87526
1996-10-10,85.0595
1996-10-11,84.7465
1996-10-12,80.598
1996-10-13,76.7325
1996-10-14,71.0365
1996-10-15,74.909996
1996-10-16,81.6035
1996-10-17,89.86105
1996-10-18,84.113
1996-10-19,73.4695
1996-10-20,74.2915
1996-10-21,86.087
1996-10-22,79.9205
1996-10-23,76.694
1996-10-24,78.99
1996-10-25,82.7835
1996-10-26,78.251495
1996-10-27,86.705
1996-10-28,91.72375
1996-10-29,87.0105
1996-10-30,63.4115
1996-10-31,65.6935
1996-11-01,88.02737
1996-11-02,72.3855
1996-11-03,79.7715
1996-11-04,83.4555
1996-11-05,78.106
1996-11-06,68.081
1996-11-07,73.809
1996-11-08,72.415
1996-11-09,79.837
1996-11-10,77.4205
1996-11-11,73.1725
1996-11-12,60.216
1996-11-13,65.3425
1996-11-14,91.15056
1996-11-15,83.729996
1996-11-16,89.104004
1996-11-17,90.40867
1996-11-18,84.441055
1996-11-19,77.2905
1996-11-20,81.142
1996-11-21,78.144
1996-11-22,91.15823
1996-11-23,90.703156
1996-11-24,76.4225
1996-11-25,70.5335
1996-11-26,91.99375
1996-11-27,85.505
1996-11-28,91.332306
1996-11-29,75.1245
1996-11-30,90.817894
1996-12-01,78.122
1996-12-02,86.6405
1996-12-03,84.04842
1996-12-04,82.67316
1996-12-05,92.498886
1996-12-06,92.39875
1996-12-07,90.64833
1996-12-08,92.85545
1996-12-09,92.50643
1996-12-10,91.06364
1996-12-11,90.83077
1996-12-12,92.19546
1996-12-13,93.15546
1996-12-14,91.08158
1996-12-15,74.4285
1996-12-16,78.645
1996-12-17,91.481766
1996-12-18,92.44454
1996-12-19,92.72
1996-12-20,93.38333
1996-12-21,78.391
1996-12-22,77.9025
1996-12-23,90.656
1996-12-24,78.196
1996-12-25,77.9765
1996-12-26,62.649498
1996-12-27,73.3165
1996-12-28,74.729996
1996-12-29,78.7635
1996-12-30,79.486496
1996-12-31,85.0265
1997-01-01,89.87
1997-01-02,85.93
1997-01-03,91.08786
1997-01-04,92.99834
1997-01-05,92.62
1997-01-06,81.9945
1997-01-07,84.463
1997-01-08,91.12941
1997-01-09,85.6755
1997-01-10,89.32895
1997-01-11,86.0475
1997-01-12,86.075
1997-01-13,90.585335
1997-01-14,92.63
1997-01-15,90.804
1997-01-16,93.51333
1997-01-17,92.81
1997-01-18,91.09389
1997-01-19,92.29923
1997-01-20,92.621
1997-01-21,90.915
1997-01-22,90.445
1997-01-23,92.341
1997-01-24,93.156
1997-01-25,91.49167
1997-01-26,83.685
1997-01-27,78.802
1997-01-28,79.0395
1997-01-29,76.291
1997-01-30,82.6295
1997-01-31,75.4065
1997-02-01,71.0335
1997-02-02,68.746
1997-02-03,75.7155
1997-02-04,78.9795
1997-02-05,79.4955
1997-02-06,75.378
1997-02-07,78.270996
1997-02-08,83.203
1997-02-09,86.1265
1997-02-10,89.74438
1997-02-11,77.5395
1997-02-12,81.0785
1997-02-13,78.264496
1997-02-14,59.703
1997-02-15,78.6985
1997-02-16,74.011
1997-02-17,76.024
1997-02-18,74.2495
1997-02-19,79.3015
1997-02-20,68.5115
1997-02-21,72.106
1997-02-22,74.7765
1997-02-23,74.625496
1997-02-24,68.727
1997-02-25,69.5195
1997-02-26,78.2285
1997-02-27,79.958496
1997-02-28,69.018
1997-03-01,70.358
1997-03-02,67.073
1997-03-03,71.739
1997-03-04,88.089
1997-03-05,72.7765
1997-03-06,74.3025
1997-03-07,56.830498
1997-03-08,54.318
1997-03-09,58.318
1997-03-10,61.726997
1997-03-11,57.2555
1997-03-12,59.7425
1997-03-13,66.812
1997-03-14,68.3685
1997-03-15,66.415
1997-03-16,72.5535
1997-03-17,87.516
1997-03-18,71.602
1997-03-19,90.3265
1997-03-20,71.844
1997-03-21,70.838
1997-03-22,76.4755
1997-03-23,67.2535
1997-03-24,62.0725
1997-03-25,69.897
1997-03-26,57.448997
1997-03-27,72.931496
1997-03-28,67.981995
1997-03-29,65.59
1997-03-30,61.5495
1997-03-31,76.764496
1997-04-01,69.4775
1997-04-02,58.6085
1997-04-03,56.746
1997-04-04,63.498
1997-04-05,71.8705
1997-04-06,64.1765
1997-04-07,50.400997
1997-04-08,55.8765
1997-04-09,55.945
1997-04-10,50.239
1997-04-11,56.139
1997-04-12,64.235
1997-04-13,58.4025
1997-04-14,63.220497
1997-04-15,72.2145
1997-04-16,66.155
1997-04-17,69.38
1997-04-18,51.4335
1997-04-19,64.915
1997-04-20,83.0345
1997-04-21,54.6215
1997-04-22,53.0065
1997-04-23,50.3
1997-04-24,52.4965
1997-04-25,51.010998
1997-04-26,75.9005
1997-04-27,70.849
1997-04-28,72.8865
1997-04-29,76.644
1997-04-30,67.3165
1997-05-01,66.379
1997-05-02,59.082
1997-05-03,49.719997
1997-05-04,56.1925
1997-05-05,53.145
1997-05-06,50.665
1997-05-07,69.7675
1997-05-08,83.4075
1997-05-09,53.892498
1997-05-10,58.531
1997-05-11,50.718
1997-05-12,52.694
1997-05-13,52.283497
1997-05-14,53.0215
1997-05-15,52.961
1997-05-16,56.392998
1997-05-17,58.5965
1997-05-18,57.9495
1997-05-19,59.681
1997-05-20,62.7235
1997-05-21,65.296
1997-05-22,85.112
1997-05-23,65.9775
1997-05-24,75.52
1997-05-25,54.336998
1997-05-26,65.2865
1997-05-27,76.3685
1997-05-28,72.201
1997-05-29,61.2765
1997-05-30,64.499
1997-05-31,66.6455
1997-06-01,65.002
1997-06-02,77.822
1997-06-03,66.7015
1997-06-04,60.1815
1997-06-05,58.6515
1997-06-06,80.6705
1997-06-07,77.68
1997-06-08,65.754
1997-06-09,60.5005
1997-06-10,57.398
1997-06-11,57.671997
1997-06-12,65.805
1997-06-13,73.256
1997-06-14,71.7885
1997-06-15,60.599
1997-06-16,71.798
1997-06-17,77.6715
1997-06-18,79.5585
1997-06-19,70.652
1997-06-20,70.8955
1997-06-21,63.615997
1997-06-22,65.278496
1997-06-23,66.7295
1997-06-24,65.696
1997-06-25,57.526
1997-06-26,60.1315
1997-06-27,54.882
1997-06-28,54.438
1997-06-29,54.934
1997-06-30,64.458496
1997-07-01,69.207
1997-07-02,59.753998
1997-07-03,60.670498
1997-07-04,59.536
1997-07-05,86.8285
1997-07-06,91.17778
1997-07-07,89.97579
1997-07-08,87.9805
1997-07-09,75.385
1997-07-10,65.948
1997-07-11,75.3935
1997-07-12,65.9045
1997-07-13,75.405
1997-07-14,64.38
1997-07-15,72.4665
1997-07-16,69.224
1997-07-17,67.759
1997-07-18,91.30312
1997-07-19,86.225
1997-07-20,65.8225
1997-07-21,75.214
1997-07-22,78.556
1997-07-23,66.829
1997-07-24,65.846
1997-07-25,73.7135
1997-07-26,66.384995
1997-07-27,58.990997
1997-07-28,63.171997
1997-07-29,77.521996
1997-07-30,62.8605
1997-07-31,66.006
1997-08-01,76.3565
1997-08-02,67.8955
1997-08-03,70.2635
1997-08-04,66.0595
1997-08-05,61.0085
1997-08-06,63.476
1997-08-07,64.4695
1997-08-08,63.415497
1997-08-09,69.248
1997-08-10,70.822495
1997-08-11,57.3475
1997-08-12,56.548496
1997-08-13,57.948997
1997-08-14,57.133
1997-08-15,64.903
1997-08-16,67.4535
1997-08-17,63.78
1997-08-18,66.8375
1997-08-19,63.441998
1997-08-20,67.583
1997-08-21,60.945
1997-08-22,61.994
1997-08-23,64.109
1997-08-24,68.7775
1997-08-25,65.352
1997-08-26,65.448
1997-08-27,66.264496
1997-08-28,66.0075
1997-08-29,78.6015
1997-08-30,69.23
1997-08-31,65.927
1997-09-01,67.487
1997-09-02,67.3305
1997-09-03,66.729
1997-09-04,68.22
1997-09-05,76.2215
1997-09-06,73.0505
1997-09-07,83.362
1997-09-08,67.0335
1997-09-09,59.2235
1997-09-10,51.639
1997-09-11,61.928497
1997-09-12,65.428
1997-09-13,72.1595
1997-09-14,71.095
1997-09-15,63.8855
1997-09-16,68.22
1997-09-17,69.5365
1997-09-18,72.7625
1997-09-19,76.0555
1997-09-20,62.314
1997-09-21,69.106995
1997-09-22,72.21
1997-09-23,71.3235
1997-09-24,68.731
1997-09-25,68.873
1997-09-26,69.171
1997-09-27,69.5365
1997-09-28,70.944496
1997-09-29,71.9825
1997-09-30,75.063995
1997-10-01,74.114
1997-10-02,87.3545
1997-10-03,62.984997
1997-10-04,71.9005
1997-10-05,72.312
1997-10-06,77.35
1997-10-07,76.229
1997-10-08,81.5305
1997-10-09,76.6235
1997-10-10,77.6015
1997-10-11,59.64
1997-10-12,86.798996
1997-10-13,78.7465
1997-10-14,75.7965
1997-10-15,66.844
1997-10-16,77.0575
1997-10-17,72.5395
1997-10-18,68.225
1997-10-19,69.676
1997-10-20,75.8965
1997-10-21,66.295
1997-10-22,66.410995
1997-10-23,77.1905
1997-10-24,59.795998
1997-10-25,59.41
1997-10-26,66.5305
1997-10-27,68.5615
1997-10-28,68.8525
1997-10-29,70.0395
1997-10-30,65.977
1997-10-31,72.469
1997-11-01,72.9845
1997-11-02,81.9115
1997-11-03,74.7845
1997-11-04,65.9995
1997-11-05,69.3125
1997-11-06,68.8015
1997-11-07,67.5815
1997-11-08,84.241
1997-11-09,79.5875
1997-11-10,87.9295
1997-11-11,88.0825
1997-11-12,69.268
1997-11-13,89.756874
1997-11-14,87.3535
1997-11-15,75.0255
1997-11-16,90.86933
1997-11-17,87.006
1997-11-18,76.518
1997-11-19,78.224495
1997-11-20,77.9565
1997-11-21,89.2065
1997-11-22,91.11188
1997-11-23,92.22667
1997-11-24,93.06364
1997-11-25,93.38286
1997-11-26,92.348
1997-11-27,94.041115
1997-11-28,94.055
1997-11-29,91.53667
1997-11-30,92.30929
1997-12-01,90.085
1997-12-02,92.10643
1997-12-03,89.55444
1997-12-04,75.6065
1997-12-05,77.105995
1997-12-06,80.773
1997-12-07,92.52533
1997-12-08,83.2365
1997-12-09,86.8575
1997-12-10,93.306
1997-12-11,91.24529
1997-12-12,87.422104
1997-12-13,81.187
1997-12-14,79.7965
1997-12-15,77.8715
1997-12-16,70.363
1997-12-17,65.167
1997-12-18,73.8635
1997-12-19,78.262
1997-12-20,90.0485
1997-12-21,94.71
1997-12-22,93.26714
1997-12-23,90.39056
1997-12-24,87.44111
1997-12-25,91.15786
1997-12-26,91.48637
1997-12-27,84.099
1997-12-28,84.135
1997-12-29,82.1935
1997-12-30,80.944496
1997-12-31,88.33188
1998-01-01,92.489
1998-01-02,88.49923
1998-01-03,88.126
1998-01-04,69.099
1998-01-05,69.451
1998-01-06,64.207
1998-01-07,76.906
1998-01-08,73.114
1998-01-09,58.737
1998-01-10,74.569
1998-01-11,86.27737
1998-01-12,93.13333
1998-01-13,89.50857
1998-01-14,91.49875
1998-01-15,85.166
1998-01-16,89.836845
1998-01-17,82.2305
1998-01-18,70.359
1998-01-19,87.66722
1998-01-20,82.3965
1998-01-21,81.1605
1998-01-22,88.88684
1998-01-23,81.9295
1998-01-24,87.343155
1998-01-25,81.1225
1998-01-26,84.056496
1998-01-27,90.71438
1998-01-28,89.32316
1998-01-29,86.847
1998-01-30,81.932
1998-01-31,72.434
1998-02-01,62.5865
1998-02-02,70.2535
1998-02-03,68.6795
1998-02-04,69.319
1998-02-05,71.4995
1998-02-06,71.442
1998-02-07,74.841995
1998-02-08,72.6915
1998-02-09,63.733498
1998-02-10,62.813
1998-02-11,64.968
1998-02-12,57.134
1998-02-13,61.76
1998-02-14,74.163
1998-02-15,63.593
1998-02-16,61.362
1998-02-17,57.6145
1998-02-18,70.149
1998-02-19,64.034
1998-02-20,70.172
1998-02-21,63.293
1998-02-22,62.817997
1998-02-23,72.076
1998-02-24,68.76
1998-02-25,72.061
1998-02-26,80.3105
1998-02-27,66.423996
1998-02-28,58.576
1998-03-01,70.4085
1998-03-02,69.2065
1998-03-03,56.303497
1998-03-04,59.3225
1998-03-05,62.4095
1998-03-06,49.4965
1998-03-07,65.5435
1998-03-08,67.542496
1998-03-09,66.0845
1998-03-10,64.236
1998-03-11,54.1595
1998-03-12,55.012
1998-03-13,60.795
1998-03-14,68.1045
1998-03-15,58.5195
1998-03-16,58.709
1998-03-17,81.9105
1998-03-18,70.1585
1998-03-19,62.579998
1998-03-20,70.9715
1998-03-21,72.2625
1998-03-22,68.1095
1998-03-23,57.2785
1998-03-24,52.989
1998-03-25,56.656998
1998-03-26,54.084
1998-03-27,51.869
1998-03-28,71.719
1998-03-29,61.508
1998-03-30,52.545
1998-03-31,50.698498
1998-04-01,51.595497
1998-04-02,66.381996
1998-04-03,61.5705
1998-04-04,54.473
1998-04-05,63.936497
1998-04-06,86.351
1998-04-07,64.8785
1998-04-08,55.816998
1998-04-09,79.159
1998-04-10,66.1795
1998-04-11,53.327
1998-04-12,66.222
1998-04-13,66.6845
1998-04-14,75.895996
1998-04-15,61.36
1998-04-16,83.956
1998-04-17,76.157
1998-04-18,80.331
1998-04-19,73.2605
1998-04-20,61.4255
1998-04-21,57.094498
1998-04-22,70.5735
1998-04-23,68.3935
1998-04-24,68.292
1998-04-25,68.7825
1998-04-26,65.335
1998-04-27,47.1935
1998-04-28,44.336
1998-04-29,74.2595
1998-04-30,70.848
1998-05-01,67.482
1998-05-02,75.457
1998-05-03,74.156494
1998-05-04,78.811
1998-05-05,53.531998
1998-05-06,56.934
1998-05-07,58.849
1998-05-08,53.5185
1998-05-09,53.405
1998-05-10,56.165997
1998-05-11,53.261497
1998-05-12,54.642498
1998-05-13,63.0845
1998-05-14,50.511997
1998-05-15,56.503
1998-05-16,74.1705
1998-05-17,85.799
1998-05-18,88.0
1998-05-19,87.096
1998-05-20,58.4935
1998-05-21,68.708496
1998-05-22,55.1555
1998-05-23,58.557
1998-05-24,60.215
1998-05-25,73.909996
1998-05-26,66.5235
1998-05-27,55.755
1998-05-28,52.5705
1998-05-29,54.2
1998-05-30,73.125
1998-05-31,70.5485
1998-06-01,75.688995
1998-06-02,60.7635
1998-06-03,59.5475
1998-06-04,68.63
1998-06-05,59.4505
1998-06-06,59.96
1998-06-07,53.667
1998-06-08,69.091
1998-06-09,77.042496
1998-06-10,66.1295
1998-06-11,81.62
1998-06-12,77.626
1998-06-13,87.7645
1998-06-14,77.7815
1998-06-15,62.2305
1998-06-16,70.4945
1998-06-17,69.671
1998-06-18,62.705498
1998-06-19,61.877
1998-06-20,73.321
1998-06-21,61.405
1998-06-22,70.0135
1998-06-23,59.3545
1998-06-24,71.1075
1998-06-25,69.556496
1998-06-26,68.266
1998-06-27,77.390495
1998-06-28,66.194
1998-06-29,65.8335
1998-06-30,73.216995
1998-07-01,68.048996
1998-07-02,71.767
1998-07-03,85.2975
1998-07-04,67.343
1998-07-05,74.1335
1998-07-06,69.521996
1998-07-07,75.988495
1998-07-08,71.4975
1998-07-09,65.794495
1998-07-10,80.035995
1998-07-11,63.46
1998-07-12,76.997
1998-07-13,70.3465
1998-07-14,81.9255
1998-07-15,61.844997
1998-07-16,58.2635
1998-07-17,67.409
1998-07-18,61.23
1998-07-19,65.562
1998-07-20,64.465996
1998-07-21,54.416
1998-07-22,53.0465
1998-07-23,57.169
1998-07-24,65.847496
1998-07-25,72.056
1998-07-26,68.514496
1998-07-27,68.5615
1998-07-28,77.453995
1998-07-29,63.1535
1998-07-30,60.4445
1998-07-31,67.7955
1998-08-01,73.8695
1998-08-02,64.39
1998-08-03,67.14
1998-08-04,63.8585
1998-08-05,67.9745
1998-08-06,59.013
1998-08-07,59.0965
1998-08-08,57.6765
1998-08-09,55.906
1998-08-10,51.246998
1998-08-11,57.249
1998-08-12,55.672
1998-08-13,51.787
1998-08-14,61.524498
1998-08-15,62.2185
1998-08-16,60.5145
1998-08-17,61.157497
1998-08-18,62.4775
1998-08-19,67.480995
1998-08-20,65.6595
1998-08-21,72.0095
1998-08-22,65.869995
1998-08-23,68.705
1998-08-24,75.0315
1998-08-25,61.6685
1998-08-26,67.0375
1998-08-27,70.9165
1998-08-28,63.572
1998-08-29,65.523
1998-08-30,68.918
1998-08-31,75.278
1998-09-01,67.770996
1998-09-02,69.3175
1998-09-03,90.418335
1998-09-04,86.608
1998-09-05,89.681114
1998-09-06,89.7605
1998-09-07,80.1565
1998-09-08,79.7065
1998-09-09,75.3775
1998-09-10,78.034996
1998-09-11,79.7835
1998-09-12,81.2065
1998-09-13,87.22
1998-09-14,82.1655
1998-09-15,82.1815
1998-09-16,80.4565
1998-09-17,79.145
1998-09-18,79.755
1998-09-19,74.9525
1998-09-20,74.5155
1998-09-21,69.275
1998-09-22,75.7445
1998-09-23,78.242
1998-09-24,79.183
1998-09-25,74.1245
1998-09-26,76.2915
1998-09-27,80.712
1998-09-28,91.15437
1998-09-29,84.3905
1998-09-30,82.631996
1998-10-01,90.79
1998-10-02,92.51889
1998-10-03,82.163
1998-10-04,86.476
1998-10-05,91.96777
1998-10-06,90.94125
1998-10-07,82.2545
1998-10-08,91.91684
1998-10-09,87.62421
1998-10-10,82.2045
1998-10-11,73.3645
1998-10-12,80.0545
1998-10-13,73.4905
1998-10-14,77.8655
1998-10-15,89.94
1998-10-16,82.6905
1998-10-17,78.918
1998-10-18,81.2215
1998-10-19,88.971
1998-10-20,78.643
1998-10-21,80.096
1998-10-22,79.346
1998-10-23,81.188
1998-10-24,85.5965
1998-10-25,90.633125
1998-10-26,77.903
1998-10-27,74.8735
1998-10-28,71.674995
1998-10-29,84.3965
1998-10-30,67.5875
1998-10-31,61.997498
1998-11-01,71.866
1998-11-02,68.671
1998-11-03,78.363
1998-11-04,92.78833
1998-11-05,75.315994
1998-11-06,73.9025
1998-11-07,81.4425
1998-11-08,80.5395
1998-11-09,89.719475
1998-11-10,91.208
1998-11-11,83.279
1998-11-12,82.017
1998-11-13,93.07818
1998-11-14,86.3175
1998-11-15,83.934
1998-11-16,80.659
1998-11-17,79.486
1998-11-18,71.5445
1998-11-19,81.4355
1998-11-20,76.173996
1998-11-21,74.06
1998-11-22,76.3505
1998-11-23,89.87
1998-11-24,88.181175
1998-11-25,93.47667
1998-11-26,92.692
1998-11-27,90.924446
1998-11-28,92.524284
1998-11-29,91.66428
1998-11-30,89.49834
1998-12-01,87.0055
1998-12-02,79.468
1998-12-03,86.39895
1998-12-04,91.296425
1998-12-05,86.46
1998-12-06,78.285995
1998-12-07,68.5335
1998-12-08,81.973495
1998-12-09,77.9515
1998-12-10,80.592
1998-12-11,87.167
1998-12-12,86.55611
1998-12-13,89.5785
1998-12-14,78.5315
1998-12-15,92.57
1998-12-16,84.644
1998-12-17,83.918945
1998-12-18,
1998-12-19,93.435
1998-12-20,90.754
1998-12-21,83.608
1998-12-22,77.8425
1998-12-23,87.12631
1998-12-24,80.5175
1998-12-25,86.407
1998-12-26,90.78412
1998-12-27,80.250496
1998-12-28,76.1805
1998-12-29,87.486
1998-12-30,89.289
1998-12-31,88.77154
1999-01-01,88.52308
1999-01-02,88.21526
1999-01-03,86.84737
1999-01-04,86.0205
1999-01-05,89.798
1999-01-06,91.62
1999-01-07,
1999-01-08,91.11916
1999-01-09,85.856316
1999-01-10,90.33722
1999-01-11,89.96875
1999-01-12,82.68
1999-01-13,83.8845
1999-01-14,76.863
1999-01-15,77.029495
1999-01-16,83.30053
1999-01-17,89.25867
1999-01-18,88.91125
1999-01-19,92.33417
1999-01-20,
1999-01-21,93.285995
1999-01-22,92.583
1999-01-23,90.68923
1999-01-24,90.95909
1999-01-25,91.09
1999-01-26,92.10333
1999-01-27,92.1253
1999-01-28,79.763
1999-01-29,73.707
1999-01-30,63.880497
1999-01-31,58.0445
1999-02-01,67.675995
1999-02-02,85.6555
1999-02-03,83.748
1999-02-04,85.5815
1999-02-05,72.651
1999-02-06,62.774998
1999-02-07,68.979
1999-02-08,69.872
1999-02-09,78.0165
1999-02-10,76.763
1999-02-11,86.071
1999-02-12,76.923
1999-02-13,89.34722
1999-02-14,88.204445
1999-02-15,80.762
1999-02-16,81.8675
1999-02-17,72.7
1999-02-18,68.386
1999-02-19,83.604
1999-02-20,89.37947
1999-02-21,87.8265
1999-02-22,82.1885
1999-02-23,76.2735
1999-02-24,72.597496
1999-02-25,66.7945
1999-02-26,68.17
1999-02-27,69.484
1999-02-28,73.2045
1999-03-01,71.8775
1999-03-02,77.445496
1999-03-03,71.6915
1999-03-04,56.124
1999-03-05,78.936
1999-03-06,80.298996
1999-03-07,92.26882
1999-03-08,69.0955
1999-03-09,69.845
1999-03-10,71.68
1999-03-11,66.3795
1999-03-12,66.9435
1999-03-13,67.3295
1999-03-14,71.976
1999-03-15,79.547
1999-03-16,71.13
1999-03-17,64.4905
1999-03-18,62.198997
1999-03-19,61.973
1999-03-20,65.770996
1999-03-21,84.538
1999-03-22,65.0335
1999-03-23,68.85
1999-03-24,70.093
1999-03-25,49.753
1999-03-26,50.919
1999-03-27,62.1835
1999-03-28,78.895996
1999-03-29,80.673
1999-03-30,75.2295
1999-03-31,62.782497
1999-04-01,57.2415
1999-04-02,54.351997
1999-04-03,43.290497
1999-04-04,44.587498
1999-04-05,67.316
1999-04-06,61.818
1999-04-07,67.904495
1999-04-08,70.871
1999-04-09,65.707
1999-04-10,63.056
1999-04-11,78.755
1999-04-12,67.227
1999-04-13,81.6175
1999-04-14,63.142498
1999-04-15,49.379997
1999-04-16,76.864
1999-04-17,82.5905
1999-04-18,71.1745
1999-04-19,59.1795
1999-04-20,60.267
1999-04-21,70.1275
1999-04-22,78.013
1999-04-23,86.895
1999-04-24,85.804
1999-04-25,82.337
1999-04-26,78.1985
1999-04-27,74.2045
1999-04-28,74.199
1999-04-29,64.931496
1999-04-30,68.408
1999-05-01,64.596
1999-05-02,67.764496
1999-05-03,66.683495
1999-05-04,73.209496
1999-05-05,74.201996
1999-05-06,50.110497
1999-05-07,69.909996
1999-05-08,65.0725
1999-05-09,63.288
1999-05-10,62.552498
1999-05-11,78.498
1999-05-12,75.473
1999-05-13,72.0965
1999-05-14,90.39706
1999-05-15,72.539
1999-05-16,65.773
1999-05-17,60.531
1999-05-18,77.0795
1999-05-19,53.42
1999-05-20,67.928
1999-05-21,72.788
1999-05-22,67.7315
1999-05-23,63.805
1999-05-24,58.775497
1999-05-25,59.6195
1999-05-26,60.9855
1999-05-27,61.3945
1999-05-28,64.1975
1999-05-29,64.075
1999-05-30,63.3605
1999-05-31,61.468
1999-06-01,65.2345
1999-06-02,69.5025
1999-06-03,61.0915
1999-06-04,76.7445
1999-06-05,68.7045
1999-06-06,60.2255
1999-06-07,59.096
1999-06-08,72.6085
1999-06-09,65.0585
1999-06-10,65.086
1999-06-11,68.775
1999-06-12,81.75
1999-06-13,81.506
1999-06-14,81.463
1999-06-15,81.8395
1999-06-16,83.0755
1999-06-17,82.236496
1999-06-18,81.93
1999-06-19,67.623
1999-06-20,73.562996
1999-06-21,85.563156
1999-06-22,83.5965
1999-06-23,64.2965
1999-06-24,61.7805
1999-06-25,62.5205
1999-06-26,63.080498
1999-06-27,62.127
1999-06-28,70.365
1999-06-29,59.921497
1999-06-30,60.187
1999-07-01,64.1625
1999-07-02,61.945
1999-07-03,58.721
1999-07-04,60.903
1999-07-05,56.889
1999-07-06,51.894997
1999-07-07,85.0805
1999-07-08,84.666
1999-07-09,88.44
1999-07-10,88.8665
1999-07-11,78.885
1999-07-12,82.732
1999-07-13,76.9625
1999-07-14,70.566
1999-07-15,59.2215
1999-07-16,60.641
1999-07-17,61.233498
1999-07-18,60.364998
1999-07-19,61.679
1999-07-20,63.492996
1999-07-21,64.37
1999-07-22,77.8
1999-07-23,79.694
1999-07-24,66.9265
1999-07-25,69.2195
1999-07-26,80.5115
1999-07-27,76.479996
1999-07-28,67.854996
1999-07-29,61.143497
1999-07-30,56.401
1999-07-31,63.8
1999-08-01,65.204
1999-08-02,67.1275
1999-08-03,65.1605
1999-08-04,66.204
1999-08-05,73.018
1999-08-06,75.278496
1999-08-07,75.359
1999-08-08,74.15
1999-08-09,70.123
1999-08-10,75.079
1999-08-11,71.01
1999-08-12,61.5075
1999-08-13,62.8815
1999-08-14,60.482
1999-08-15,72.623
1999-08-16,84.1245
1999-08-17,79.1855
1999-08-18,81.4115
1999-08-19,66.9625
1999-08-20,85.498
1999-08-21,69.8715
1999-08-22,66.304
1999-08-23,66.0585
1999-08-24,68.659996
1999-08-25,66.071
1999-08-26,66.2965
1999-08-27,76.308
1999-08-28,71.67
1999-08-29,83.228
1999-08-30,86.293
1999-08-31,77.52
1999-09-01,77.1665
1999-09-02,81.8795
1999-09-03,82.3885
1999-09-04,80.5255
1999-09-05,79.710495
1999-09-06,74.756
1999-09-07,74.6445
1999-09-08,73.4215
1999-09-09,69.8525
1999-09-10,62.2925
1999-09-11,67.3975
1999-09-12,68.794
1999-09-13,71.7115
1999-09-14,71.1245
1999-09-15,67.972496
1999-09-16,69.3265
1999-09-17,77.684
1999-09-18,74.918
1999-09-19,73.429
1999-09-20,68.2835
1999-09-21,82.2345
1999-09-22,79.7745
1999-09-23,79.5175
1999-09-24,75.404
1999-09-25,72.759
1999-09-26,76.9425
1999-09-27,76.018
1999-09-28,83.070496
1999-09-29,65.597
1999-09-30,63.269
1999-10-01,66.520996
1999-10-02,68.882996
1999-10-03,68.49
1999-10-04,83.949
1999-10-05,74.4315
1999-10-06,74.29
1999-10-07,81.705
1999-10-08,74.011
1999-10-09,89.6815
1999-10-10,81.429
1999-10-11,72.972496
1999-10-12,82.492
1999-10-13,77.405
1999-10-14,73.389
1999-10-15,70.972
1999-10-16,70.5535
1999-10-17,71.4515
1999-10-18,67.405
1999-10-19,65.8555
1999-10-20,74.141
1999-10-21,86.9315
1999-10-22,81.1715
1999-10-23,80.0225
1999-10-24,87.642105
1999-10-25,65.3525
1999-10-26,89.51632
1999-10-27,68.399
1999-10-28,78.411995
1999-10-29,85.0635
1999-10-30,82.962
1999-10-31,84.349
1999-11-01,72.9855
1999-11-02,79.9435
1999-11-03,86.972
1999-11-04,82.269
1999-11-05,85.5345
1999-11-06,76.4295
1999-11-07,79.8165
1999-11-08,87.2035
1999-11-09,92.854996
1999-11-10,93.52
1999-11-11,92.61916
1999-11-12,92.261665
1999-11-13,89.92526
1999-11-14,84.088
1999-11-15,77.921
1999-11-16,73.6015
1999-11-17,89.144
1999-11-18,89.11263
1999-11-19,92.026665
1999-11-20,84.151
1999-11-21,92.48294
1999-11-22,81.64
1999-11-23,75.4425
1999-11-24,83.517365
1999-11-25,84.1045
1999-11-26,88.8605
1999-11-27,90.606
1999-11-28,92.090004
1999-11-29,90.791664
1999-11-30,89.92625
1999-12-01,89.01
1999-12-02,80.395
1999-12-03,73.6575
1999-12-04,81.95105
1999-12-05,80.9785
1999-12-06,72.2575
1999-12-07,68.887
1999-12-08,73.999
1999-12-09,80.548
1999-12-10,87.7355
1999-12-11,92.01428
1999-12-12,91.407776
1999-12-13,77.839
1999-12-14,82.61
1999-12-15,74.648
1999-12-16,74.3985
1999-12-17,76.5635
1999-12-18,86.371
1999-12-19,91.17824
1999-12-20,80.7555
1999-12-21,80.004
1999-12-22,81.338
1999-12-23,82.549995
1999-12-24,85.072
1999-12-25,84.766
1999-12-26,90.97294
1999-12-27,78.274
1999-12-28,89.0775
1999-12-29,80.8525
1999-12-30,84.695
1999-12-31,84.1605
2000-01-01,90.196846
2000-01-02,92.445
2000-01-03,93.93
2000-01-04,91.406425
2000-01-05,90.522224
2000-01-06,90.038185
2000-01-07,93.10834
2000-01-08,92.47375
2000-01-09,92.15077
2000-01-10,90.18842
2000-01-11,90.95688
2000-01-12,94.5875
2000-01-13,90.177895
2000-01-14,87.1125
2000-01-15,88.91842
2000-01-16,77.826
2000-01-17,72.7715
2000-01-18,84.56
2000-01-19,73.6835
2000-01-20,70.3455
2000-01-21,72.6855
2000-01-22,75.6145
2000-01-23,79.519
2000-01-24,68.421
2000-01-25,73.169
2000-01-26,64.929
2000-01-27,63.674
2000-01-28,71.053
2000-01-29,70.5135
2000-01-30,73.948
2000-01-31,72.839
2000-02-01,77.3695
2000-02-02,85.5115
2000-02-03,69.1535
2000-02-04,72.8395
2000-02-05,77.631
2000-02-06,82.2445
2000-02-07,91.27091
2000-02-08,82.028
2000-02-09,73.4135
2000-02-10,74.499
2000-02-11,84.487
2000-02-12,83.6695
2000-02-13,73.046
2000-02-14,77.1345
2000-02-15,86.583496
2000-02-16,75.398
2000-02-17,70.181496
2000-02-18,72.237
2000-02-19,87.3575
2000-02-20,84.346
2000-02-21,66.546
2000-02-22,70.205
2000-02-23,84.842
2000-02-24,82.1215
2000-02-25,72.6345
2000-02-26,67.921
2000-02-27,70.832
2000-02-28,56.081997
2000-02-29,59.177998
2000-03-01,65.8945
2000-03-02,70.326
2000-03-03,61.9045
2000-03-04,74.020996
2000-03-05,70.2965
2000-03-06,64.6935
2000-03-07,55.970997
2000-03-08,68.8005
2000-03-09,72.195
2000-03-10,66.505
2000-03-11,83.376
2000-03-12,69.891
2000-03-13,72.593
2000-03-14,71.3855
2000-03-15,64.8385
2000-03-16,75.7405
2000-03-17,86.559
2000-03-18,65.783
2000-03-19,76.712
2000-03-20,60.5405
2000-03-21,78.409996
2000-03-22,72.5435
2000-03-23,65.569496
2000-03-24,74.565
2000-03-25,88.1875
2000-03-26,73.6095
2000-03-27,77.655
2000-03-28,74.145996
2000-03-29,76.1515
2000-03-30,82.3465
2000-03-31,72.015
2000-04-01,72.409
2000-04-02,67.736496
2000-04-03,62.063
2000-04-04,60.844498
2000-04-05,82.9365
2000-04-06,48.0745
2000-04-07,53.6975
2000-04-08,54.764
2000-04-09,56.7395
2000-04-10,50.4925
2000-04-11,60.3365
2000-04-12,68.951
2000-04-13,64.375
2000-04-14,55.688
2000-04-15,53.053997
2000-04-16,60.9525
2000-04-17,49.987
2000-04-18,64.303
2000-04-19,57.767998
2000-04-20,61.226498
2000-04-21,56.475998
2000-04-22,51.494
2000-04-23,47.434998
2000-04-24,54.697
2000-04-25,75.465996
2000-04-26,72.6475
2000-04-27,66.177
2000-04-28,56.8945
2000-04-29,62.0395
2000-04-30,66.3225
2000-05-01,72.311
2000-05-02,57.6265
2000-05-03,53.698498
2000-05-04,57.719498
2000-05-05,54.5125
2000-05-06,50.052498
2000-05-07,48.122498
2000-05-08,56.513
2000-05-09,68.472496
2000-05-10,62.2115
2000-05-11,60.447
2000-05-12,52.2645
2000-05-13,45.773
2000-05-14,49.378998
2000-05-15,49.927
2000-05-16,52.131
2000-05-17,49.628
2000-05-18,57.671497
2000-05-19,76.6315
2000-05-20,72.8365
2000-05-21,54.850998
2000-05-22,76.652
2000-05-23,71.6885
2000-05-24,65.159996
2000-05-25,53.917
2000-05-26,57.4305
2000-05-27,49.4475
2000-05-28,54.9475
2000-05-29,76.777
2000-05-30,53.343998
2000-05-31,79.174995
2000-06-01,54.115498
2000-06-02,53.1835
2000-06-03,48.192997
2000-06-04,52.741497
2000-06-05,52.746998
2000-06-06,62.8815
2000-06-07,59.494
2000-06-08,55.212997
2000-06-09,50.9915
2000-06-10,45.045498
2000-06-11,47.7925
2000-06-12,56.286
2000-06-13,56.7595
2000-06-14,52.9435
2000-06-15,58.8545
2000-06-16,52.572998
2000-06-17,45.229
2000-06-18,43.6145
2000-06-19,50.138
2000-06-20,45.7515
2000-06-21,42.587997
2000-06-22,43.12
2000-06-23,53.1935
2000-06-24,62.174
2000-06-25,80.6535
2000-06-26,61.961998
2000-06-27,50.226498
2000-06-28,44.568
2000-06-29,43.879498
2000-06-30,58.0085
2000-07-01,54.722
2000-07-02,54.1665
2000-07-03,57.625
2000-07-04,60.9715
2000-07-05,58.45
2000-07-06,48.325497
2000-07-07,60.9655
2000-07-08,65.726
2000-07-09,70.685
2000-07-10,46.309498
2000-07-11,77.6985
2000-07-12,74.025
2000-07-13,56.2445
2000-07-14,59.202
2000-07-15,88.801056
2000-07-16,84.843
2000-07-17,68.268
2000-07-18,71.0395
2000-07-19,60.766
2000-07-20,68.61
2000-07-21,60.5065
2000-07-22,67.232
2000-07-23,63.891
2000-07-24,67.665
2000-07-25,52.0095
2000-07-26,78.1175
2000-07-27,58.4505
2000-07-28,80.7115
2000-07-29,72.295
2000-07-30,67.162994
2000-07-31,69.9695
2000-08-01,60.656998
2000-08-02,56.847
2000-08-03,61.816998
2000-08-04,67.6585
2000-08-05,87.309
2000-08-06,76.257996
2000-08-07,71.69
2000-08-08,62.9515
2000-08-09,65.2115
2000-08-10,58.05
2000-08-11,59.6175
2000-08-12,57.0915
2000-08-13,60.7655
2000-08-14,62.4895
2000-08-15,59.247498
2000-08-16,55.808
2000-08-17,56.017998
2000-08-18,49.5155
2000-08-19,48.877
2000-08-20,47.352997
2000-08-21,48.6395
2000-08-22,52.6315
2000-08-23,54.351997
2000-08-24,54.011497
2000-08-25,47.883
2000-08-26,54.035
2000-08-27,52.242996
2000-08-28,63.1875
2000-08-29,66.519
2000-08-30,57.561
2000-08-31,82.153
2000-09-01,79.417496
2000-09-02,76.9215
2000-09-03,65.912
2000-09-04,64.2975
2000-09-05,62.229
2000-09-06,66.988
2000-09-07,87.6905
2000-09-08,71.020004
2000-09-09,69.7495
2000-09-10,63.654
2000-09-11,64.999
2000-09-12,68.985
2000-09-13,65.216995
2000-09-14,67.3015
2000-09-15,69.336494
2000-09-16,63.8135
2000-09-17,78.0235
2000-09-18,78.6445
2000-09-19,81.722496
2000-09-20,85.33
2000-09-21,75.338
2000-09-22,75.9505
2000-09-23,81.5205
2000-09-24,81.7065
2000-09-25,80.608
2000-09-26,81.5665
2000-09-27,70.0055
2000-09-28,60.023
2000-09-29,59.0895
2000-09-30,59.348
2000-10-01,72.905
2000-10-02,81.298
2000-10-03,86.226
2000-10-04,82.87
2000-10-05,82.243996
2000-10-06,78.108
2000-10-07,84.7665
2000-10-08,82.935
2000-10-09,88.5375
2000-10-10,85.5615
2000-10-11,74.5225
2000-10-12,58.1825
2000-10-13,65.952995
2000-10-14,77.9225
2000-10-15,70.792
2000-10-16,76.2585
2000-10-17,72.7045
2000-10-18,85.5795
2000-10-19,88.625
2000-10-20,68.406
2000-10-21,72.973
2000-10-22,72.134
2000-10-23,70.177
2000-10-24,76.6635
2000-10-25,76.244995
2000-10-26,77.628
2000-10-27,74.636
2000-10-28,74.9835
2000-10-29,72.105995
2000-10-30,76.391
2000-10-31,63.1125
2000-11-01,92.44059
2000-11-02,90.89445
2000-11-03,78.6445
2000-11-04,89.317
2000-11-05,87.842
2000-11-06,73.691
2000-11-07,85.4635
2000-11-08,74.029
2000-11-09,78.083496
2000-11-10,89.89684
2000-11-11,89.84052
2000-11-12,81.6485
2000-11-13,77.794495
2000-11-14,67.9675
2000-11-15,84.0105
2000-11-16,87.1175
2000-11-17,77.743
2000-11-18,88.0355
2000-11-19,91.26666
2000-11-20,87.575
2000-11-21,76.7985
2000-11-22,91.425
2000-11-23,75.2445
2000-11-24,80.7875
2000-11-25,88.4195
2000-11-26,91.57333
2000-11-27,77.3055
2000-11-28,87.3095
2000-11-29,75.38
2000-11-30,86.6375
2000-12-01,92.16
2000-12-02,90.356926
2000-12-03,91.8
2000-12-04,93.215
2000-12-05,92.25
2000-12-06,91.67
2000-12-07,92.395
2000-12-08,86.054
2000-12-09,89.95
2000-12-10,91.530624
2000-12-11,87.268
2000-12-12,90.17917
2000-12-13,87.01
2000-12-14,86.871765
2000-12-15,88.77737
2000-12-16,69.3885
2000-12-17,76.6025
2000-12-18,82.975
2000-12-19,94.01
2000-12-20,88.835884
2000-12-21,79.065
2000-12-22,72.5115
2000-12-23,77.27
2000-12-24,83.424736
2000-12-25,86.402504
2000-12-26,94.71
2000-12-27,93.975
2000-12-28,91.54222
2000-12-29,87.6905
2000-12-30,88.58722
2000-12-31,80.164
2001-01-01,83.479996
2001-01-02,86.762634
2001-01-03,92.22
2001-01-04,90.59637
2001-01-05,91.45167
2001-01-06,85.562996
2001-01-07,90.22722
2001-01-08,93.72
2001-01-09,77.667
2001-01-10,86.693
2001-01-11,90.52
2001-01-12,75.979
2001-01-13,80.639
2001-01-14,82.722
2001-01-15,82.9535
2001-01-16,85.167
2001-01-17,80.02
2001-01-18,75.8
2001-01-19,80.9785
2001-01-20,84.133
2001-01-21,81.9105
2001-01-22,86.169
2001-01-23,90.889336
2001-01-24,90.501175
2001-01-25,93.149994
2001-01-26,94.42667
2001-01-27,78.2015
2001-01-28,79.5595
2001-01-29,87.477
2001-01-30,82.0735
2001-01-31,67.989
2001-02-01,64.210495
2001-02-02,71.074
2001-02-03,76.106
2001-02-04,85.6425
2001-02-05,86.52947
2001-02-06,74.96
2001-02-07,75.561
2001-02-08,55.952
2001-02-09,68.194496
2001-02-10,75.789
2001-02-11,73.7435
2001-02-12,73.2445
2001-02-13,79.5815
2001-02-14,68.494995
2001-02-15,75.4545
2001-02-16,77.852
2001-02-17,72.766495
2001-02-18,63.1135
2001-02-19,61.6715
2001-02-20,75.4765
2001-02-21,70.162994
2001-02-22,67.423
2001-02-23,89.2885
2001-02-24,69.964
2001-02-25,67.8385
2001-02-26,68.26
2001-02-27,69.834496
2001-02-28,60.635498
2001-03-01,90.67737
2001-03-02,77.9495
2001-03-03,89.79666
2001-03-04,83.4615
2001-03-05,76.628
2001-03-06,70.537
2001-03-07,68.5195
2001-03-08,66.043
2001-03-09,63.615498
2001-03-10,74.5945
2001-03-11,78.960495
2001-03-12,70.6575
2001-03-13,81.76
2001-03-14,63.4115
2001-03-15,79.022
2001-03-16,77.3585
2001-03-17,64.177
2001-03-18,70.235
2001-03-19,69.7325
2001-03-20,56.295
2001-03-21,92.59625
2001-03-22,94.04445
2001-03-23,84.0585
2001-03-24,92.36056
2001-03-25,83.8285
2001-03-26,73.5265
2001-03-27,75.6885
2001-03-28,69.2155
2001-03-29,74.9855
2001-03-30,72.2675
2001-03-31,73.195
2001-04-01,67.61
2001-04-02,59.213
2001-04-03,51.968
2001-04-04,46.712997
2001-04-05,67.194496
2001-04-06,59.095
2001-04-07,55.849
2001-04-08,86.715
2001-04-09,76.0375
2001-04-10,76.6175
2001-04-11,79.3845
2001-04-12,63.648
2001-04-13,60.0715
2001-04-14,63.2435
2001-04-15,56.9715
2001-04-16,68.02
2001-04-17,67.46
2001-04-18,56.0375
2001-04-19,75.118996
2001-04-20,88.1195
2001-04-21,88.1555
2001-04-22,79.858
2001-04-23,68.89
2001-04-24,55.0795
2001-04-25,55.618
2001-04-26,66.626495
2001-04-27,55.809
2001-04-28,59.0005
2001-04-29,52.927
2001-04-30,56.046497
2001-05-01,57.0765
2001-05-02,49.7875
2001-05-03,56.651
2001-05-04,57.244
2001-05-05,74.506
2001-05-06,69.0
2001-05-07,79.2385
2001-05-08,81.3465
2001-05-09,62.294
2001-05-10,52.5775
2001-05-11,64.0305
2001-05-12,51.377
2001-05-13,53.441998
2001-05-14,49.0695
2001-05-15,55.965
2001-05-16,57.491497
2001-05-17,56.7155
2001-05-18,69.474
2001-05-19,64.2675
2001-05-20,59.0285
2001-05-21,61.633
2001-05-22,63.628998
2001-05-23,48.827
2001-05-24,43.650997
2001-05-25,45.193497
2001-05-26,48.9945
2001-05-27,52.899998
2001-05-28,66.378
2001-05-29,54.7465
2001-05-30,44.2315
2001-05-31,72.4415
2001-06-01,70.818
2001-06-02,54.212997
2001-06-03,72.016
2001-06-04,64.8835
2001-06-05,58.574497
2001-06-06,58.968
2001-06-07,60.135998
2001-06-08,58.61
2001-06-09,77.965
2001-06-10,67.6305
2001-06-11,80.566
2001-06-12,54.5205
2001-06-13,54.718998
2001-06-14,61.195
2001-06-15,52.887
2001-06-16,59.199997
2001-06-17,88.3035
2001-06-18,70.2765
2001-06-19,67.7205
2001-06-20,73.448
2001-06-21,56.383
2001-06-22,63.388
2001-06-23,51.5685
2001-06-24,56.929497
2001-06-25,53.239
2001-06-26,50.8355
2001-06-27,50.275997
2001-06-28,62.106
2001-06-29,66.3545
2001-06-30,52.2025
2001-07-01,73.513
2001-07-02,55.932
2001-07-03,72.903
2001-07-04,74.5725
2001-07-05,61.509
2001-07-06,54.170998
2001-07-07,50.380997
2001-07-08,61.0345
2001-07-09,65.6545
2001-07-10,59.738
2001-07-11,57.4515
2001-07-12,70.135
2001-07-13,53.795498
2001-07-14,55.208
2001-07-15,53.659
2001-07-16,54.545
2001-07-17,86.7745
2001-07-18,59.892
2001-07-19,71.42
2001-07-20,77.2175
2001-07-21,82.585
2001-07-22,74.3455
2001-07-23,81.8385
2001-07-24,87.5595
2001-07-25,74.847496
2001-07-26,78.6515
2001-07-27,65.4375
2001-07-28,56.695
2001-07-29,54.9785
2001-07-30,60.7695
2001-07-31,58.6685
2001-08-01,56.3425
2001-08-02,58.8615
2001-08-03,55.7095
2001-08-04,60.513
2001-08-05,62.647
2001-08-06,55.155
2001-08-07,56.7425
2001-08-08,54.5415
2001-08-09,65.8135
2001-08-10,73.4845
2001-08-11,65.4535
2001-08-12,57.206
2001-08-13,57.278
2001-08-14,62.483498
2001-08-15,57.5235
2001-08-16,56.4725
2001-08-17,55.0935
2001-08-18,58.316498
2001-08-19,56.465
2001-08-20,60.123997
2001-08-21,75.417
2001-08-22,76.32
2001-08-23,75.1705
2001-08-24,76.160995
2001-08-25,69.1635
2001-08-26,64.5075
2001-08-27,57.8065
2001-08-28,53.413
2001-08-29,54.842
2001-08-30,56.6735
2001-08-31,69.4415
2001-09-01,76.234
2001-09-02,69.445496
2001-09-03,66.512
2001-09-04,75.2725
2001-09-05,92.65429
2001-09-06,83.5675
2001-09-07,71.2845
2001-09-08,84.1955
2001-09-09,77.577995
2001-09-10,67.6
2001-09-11,67.305
2001-09-12,80.1295
2001-09-13,71.889496
2001-09-14,79.463
2001-09-15,87.7185
2001-09-16,78.917
2001-09-17,93.64571
2001-09-18,85.146996
2001-09-19,81.928
2001-09-20,76.722496
2001-09-21,77.3945
2001-09-22,79.000496
2001-09-23,93.43444
2001-09-24,85.159
2001-09-25,76.946
2001-09-26,87.911
2001-09-27,77.8705
2001-09-28,76.2775
2001-09-29,79.8065
2001-09-30,84.92579
2001-10-01,82.339
2001-10-02,73.7975
2001-10-03,81.836
2001-10-04,81.7525
2001-10-05,81.1155
2001-10-06,82.46
2001-10-07,75.801
2001-10-08,73.2545
2001-10-09,84.2525
2001-10-10,87.5315
2001-10-11,72.548996
2001-10-12,74.013
2001-10-13,85.361
2001-10-14,85.989
2001-10-15,78.5035
2001-10-16,84.0925
2001-10-17,91.147224
2001-10-18,91.67778
2001-10-19,92.075
2001-10-20,86.425
2001-10-21,75.896996
2001-10-22,77.065994
2001-10-23,78.6285
2001-10-24,82.6585
2001-10-25,87.9285
2001-10-26,77.0465
2001-10-27,72.215
2001-10-28,87.484
2001-10-29,88.29053
2001-10-30,80.7985
2001-10-31,68.4305
2001-11-01,60.664
2001-11-02,68.5815
2001-11-03,81.64
2001-11-04,70.0645
2001-11-05,73.3815
2001-11-06,89.7345
2001-11-07,83.6075
2001-11-08,89.1225
2001-11-09,69.7005
2001-11-10,73.0725
2001-11-11,83.783
2001-11-12,91.255
2001-11-13,90.7375
2001-11-14,69.891
2001-11-15,80.228
2001-11-16,79.6675
2001-11-17,79.84
2001-11-18,93.37857
2001-11-19,88.028
2001-11-20,72.46
2001-11-21,71.9205
2001-11-22,70.8515
2001-11-23,66.0755
2001-11-24,63.835
2001-11-25,65.6465
2001-11-26,80.405
2001-11-27,93.31083
2001-11-28,91.2275
2001-11-29,85.210495
2001-11-30,89.54823
2001-12-01,88.637
2001-12-02,92.8025
2001-12-03,93.729996
2001-12-04,93.455
2001-12-05,92.054
2001-12-06,92.93916
2001-12-07,86.5805
2001-12-08,82.664
2001-12-09,78.288
2001-12-10,84.8155
2001-12-11,90.45
2001-12-12,92.59333
2001-12-13,69.9625
2001-12-14,74.0485
2001-12-15,79.6435
2001-12-16,79.801
2001-12-17,77.113
2001-12-18,84.105
2001-12-19,77.738
2001-12-20,73.485
2001-12-21,73.3035
2001-12-22,82.416
2001-12-23,77.6445
2001-12-24,73.5365
2001-12-25,65.442
2001-12-26,87.2295
2001-12-27,77.1935
2001-12-28,77.42
2001-12-29,81.1445
2001-12-30,68.7775
2001-12-31,72.2675
2002-01-01,73.197
2002-01-02,63.328
2002-01-03,59.0845
2002-01-04,72.793
2002-01-05,59.152
2002-01-06,48.4725
2002-01-07,77.8825
2002-01-08,87.542
2002-01-09,83.2895
2002-01-10,90.171
2002-01-11,88.8145
2002-01-12,88.8135
2002-01-13,91.2455
2002-01-14,85.5415
2002-01-15,79.017
2002-01-16,83.2105
2002-01-17,84.6145
2002-01-18,82.7325
2002-01-19,79.733
2002-01-20,80.251495
2002-01-21,82.935
2002-01-22,82.0505
2002-01-23,79.244995
2002-01-24,72.0935
2002-01-25,77.532
2002-01-26,79.459496
2002-01-27,75.322
2002-01-28,74.0405
2002-01-29,51.92
2002-01-30,60.432
2002-01-31,64.694
2002-02-01,73.167496
2002-02-02,68.6725
2002-02-03,84.928
2002-02-04,90.913
2002-02-05,94.582504
2002-02-06,89.4325
2002-02-07,91.1765
2002-02-08,83.901
2002-02-09,82.7255
2002-02-10,71.6425
2002-02-11,65.721
2002-02-12,56.079998
2002-02-13,75.362495
2002-02-14,69.8185
2002-02-15,70.3845
2002-02-16,63.068
2002-02-17,66.6875
2002-02-18,92.09526
2002-02-19,68.125
2002-02-20,67.546
2002-02-21,60.7135
2002-02-22,48.199997
2002-02-23,60.618
2002-02-24,67.4655
2002-02-25,79.7825
2002-02-26,56.414497
2002-02-27,63.577
2002-02-28,68.598495
2002-03-01,78.909
2002-03-02,91.99421
2002-03-03,68.3685
2002-03-04,64.1055
2002-03-05,60.1655
2002-03-06,63.046997
2002-03-07,62.621
2002-03-08,55.1195
2002-03-09,53.0835
2002-03-10,46.804
2002-03-11,49.4595
2002-03-12,45.746998
2002-03-13,53.914497
2002-03-14,49.968998
2002-03-15,63.668
2002-03-16,87.9335
2002-03-17,64.4235
2002-03-18,56.9465
2002-03-19,71.067
2002-03-20,85.307
2002-03-21,87.4125
2002-03-22,77.1305
2002-03-23,70.506
2002-03-24,67.5245
2002-03-25,66.8065
2002-03-26,65.205
2002-03-27,59.594997
2002-03-28,57.55
2002-03-29,61.495
2002-03-30,51.844498
2002-03-31,55.374
2002-04-01,59.3965
2002-04-02,61.597
2002-04-03,42.0915
2002-04-04,48.216
2002-04-05,55.993
2002-04-06,48.2565
2002-04-07,58.315998
2002-04-08,52.519497
2002-04-09,47.908
2002-04-10,81.84
2002-04-11,88.553
2002-04-12,83.609
2002-04-13,86.73
2002-04-14,86.3465
2002-04-15,69.7995
2002-04-16,65.802
2002-04-17,66.5855
2002-04-18,66.9045
2002-04-19,79.645
2002-04-20,86.8375
2002-04-21,72.271996
2002-04-22,69.7615
2002-04-23,65.091
2002-04-24,71.717995
2002-04-25,68.379
2002-04-26,62.7625
2002-04-27,61.656498
2002-04-28,56.386497
2002-04-29,54.9845
2002-04-30,51.865498
2002-05-01,51.275497
2002-05-02,47.789997
2002-05-03,47.5355
2002-05-04,47.927
2002-05-05,89.7145
2002-05-06,87.457
2002-05-07,71.9025
2002-05-08,60.242
2002-05-09,54.322
2002-05-10,74.601
2002-05-11,66.767
2002-05-12,64.512
2002-05-13,76.6205
2002-05-14,73.69
2002-05-15,60.0625
2002-05-16,59.237
2002-05-17,59.601498
2002-05-18,55.017
2002-05-19,60.9305
2002-05-20,73.4925
2002-05-21,76.55
2002-05-22,66.0915
2002-05-23,58.2775
2002-05-24,61.4385
2002-05-25,68.0395
2002-05-26,85.1555
2002-05-27,77.73
2002-05-28,73.9075
2002-05-29,72.762
2002-05-30,58.171497
2002-05-31,56.1725
2002-06-01,51.9935
2002-06-02,62.351997
2002-06-03,62.3055
2002-06-04,61.725
2002-06-05,67.655
2002-06-06,70.2685
2002-06-07,75.5875
2002-06-08,79.406
2002-06-09,79.056
2002-06-10,91.638
2002-06-11,57.6145
2002-06-12,61.6555
2002-06-13,57.948997
2002-06-14,62.1305
2002-06-15,62.856
2002-06-16,68.132996
2002-06-17,68.663
2002-06-18,61.2985
2002-06-19,54.0705
2002-06-20,48.517
2002-06-21,61.4155
2002-06-22,60.8355
2002-06-23,56.2665
2002-06-24,60.8105
2002-06-25,52.539497
2002-06-26,50.669
2002-06-27,44.802498
2002-06-28,77.9375
2002-06-29,56.8405
2002-06-30,53.922497
2002-07-01,45.767998
2002-07-02,48.4665
2002-07-03,52.743
2002-07-04,70.56
2002-07-05,54.177498
2002-07-06,46.358997
2002-07-07,72.0195
2002-07-08,59.114998
2002-07-09,52.869
2002-07-10,48.7505
2002-07-11,54.164497
2002-07-12,54.1145
2002-07-13,66.4735
2002-07-14,68.0725
2002-07-15,74.099
2002-07-16,78.943
2002-07-17,72.882996
2002-07-18,78.63
2002-07-19,81.1135
2002-07-20,70.0455
2002-07-21,62.07
2002-07-22,64.14
2002-07-23,58.4185
2002-07-24,63.150497
2002-07-25,61.744
2002-07-26,59.201
2002-07-27,54.589
2002-07-28,55.789497
2002-07-29,57.659
2002-07-30,67.1605
2002-07-31,73.664
2002-08-01,80.541
2002-08-02,77.5645
2002-08-03,67.005
2002-08-04,80.4705
2002-08-05,69.211
2002-08-06,66.506
2002-08-07,93.44947
2002-08-08,83.2265
2002-08-09,82.598495
2002-08-10,72.6595
2002-08-11,87.6615
2002-08-12,86.665504
2002-08-13,85.212
2002-08-14,75.3515
2002-08-15,78.9165
2002-08-16,74.6655
2002-08-17,71.4965
2002-08-18,71.502
2002-08-19,67.547
2002-08-20,68.738495
2002-08-21,69.7215
2002-08-22,78.428
2002-08-23,72.248
2002-08-24,70.8465
2002-08-25,68.921
2002-08-26,63.574
2002-08-27,77.237495
2002-08-28,76.7525
2002-08-29,72.001495
2002-08-30,75.213
2002-08-31,67.2795
2002-09-01,68.65
2002-09-02,67.0315
2002-09-03,68.009995
2002-09-04,64.5795
2002-09-05,72.1785
2002-09-06,76.529
2002-09-07,76.012
2002-09-08,70.987495
2002-09-09,64.057
2002-09-10,70.305
2002-09-11,73.918
2002-09-12,56.3125
2002-09-13,64.786
2002-09-14,62.746
2002-09-15,81.265
2002-09-16,77.1495
2002-09-17,73.6755
2002-09-18,66.3445
2002-09-19,74.8015
2002-09-20,86.089
2002-09-21,72.9535
2002-09-22,92.721054
2002-09-23,90.6595
2002-09-24,93.312775
2002-09-25,89.2625
2002-09-26,76.381996
2002-09-27,79.0475
2002-09-28,75.262
2002-09-29,70.6175
2002-09-30,77.6065
2002-10-01,80.262
2002-10-02,80.861
2002-10-03,75.6485
2002-10-04,82.1595
2002-10-05,77.757996
2002-10-06,79.0365
2002-10-07,69.482
2002-10-08,78.289
2002-10-09,82.435
2002-10-10,79.854996
2002-10-11,94.506
2002-10-12,94.122
2002-10-13,83.3945
2002-10-14,82.118
2002-10-15,85.9375
2002-10-16,88.736
2002-10-17,78.8495
2002-10-18,88.059
2002-10-19,80.2385
2002-10-20,84.1735
2002-10-21,74.464
2002-10-22,85.8685
2002-10-23,82.9635
2002-10-24,71.7485
2002-10-25,73.4905
2002-10-26,64.6
2002-10-27,67.2405
2002-10-28,47.093998
2002-10-29,62.277
2002-10-30,81.1445
2002-10-31,88.43
2002-11-01,85.3555
2002-11-02,92.55529
2002-11-03,74.9485
2002-11-04,92.20555
2002-11-05,77.4015
2002-11-06,69.959496
2002-11-07,90.5595
2002-11-08,84.6515
2002-11-09,80.3175
2002-11-10,67.631
2002-11-11,88.8705
2002-11-12,74.7615
2002-11-13,87.8785
2002-11-14,64.3265
2002-11-15,54.745
2002-11-16,58.4785
2002-11-17,66.6495
2002-11-18,82.6175
2002-11-19,67.788
2002-11-20,77.016
2002-11-21,75.318
2002-11-22,85.073
2002-11-23,82.8735
2002-11-24,83.3085
2002-11-25,79.1455
2002-11-26,81.818
2002-11-27,88.091
2002-11-28,94.24
2002-11-29,93.33375
2002-11-30,92.708824
2002-12-01,88.5425
2002-12-02,91.936
2002-12-03,93.51466
2002-12-04,92.93875
2002-12-05,94.12444
2002-12-06,94.71
2002-12-07,92.765884
2002-12-08,66.9295
2002-12-09,76.668
2002-12-10,75.849495
2002-12-11,81.5445
2002-12-12,77.182
2002-12-13,78.3135
2002-12-14,80.431496
2002-12-15,86.0225
2002-12-16,92.82316
2002-12-17,93.471176
2002-12-18,86.739
2002-12-19,76.725
2002-12-20,81.71
2002-12-21,90.61474
2002-12-22,93.601875
2002-12-23,94.185455
2002-12-24,74.536995
2002-12-25,64.029495
2002-12-26,83.7435
2002-12-27,91.76579
2002-12-28,89.568
2002-12-29,89.877
2002-12-30,87.0615
2002-12-31,82.6215
2003-01-01,70.0855
2003-01-02,89.303
2003-01-03,69.42
2003-01-04,82.9905
2003-01-05,81.569496
2003-01-06,70.098
2003-01-07,85.750496
2003-01-08,70.8945
2003-01-09,84.0645
2003-01-10,84.945
2003-01-11,73.256
2003-01-12,76.5305
2003-01-13,69.545
2003-01-14,88.66
2003-01-15,77.528496
2003-01-16,83.3925
2003-01-17,77.342995
2003-01-18,92.223526
2003-01-19,94.362854
2003-01-20,93.75
2003-01-21,91.089005
2003-01-22,92.58312
2003-01-23,93.75647
2003-01-24,89.124
2003-01-25,89.5435
2003-01-26,93.19235
2003-01-27,85.591995
2003-01-28,85.721
2003-01-29,75.597
2003-01-30,85.0025
2003-01-31,89.1355
2003-02-01,67.389
2003-02-02,65.417
2003-02-03,56.562
2003-02-04,86.733
2003-02-05,69.4965
2003-02-06,64.6915
2003-02-07,57.934
2003-02-08,70.375
2003-02-09,76.485
2003-02-10,77.54
2003-02-11,83.226
2003-02-12,75.9415
2003-02-13,74.3565
2003-02-14,70.8715
2003-02-15,71.117
2003-02-16,73.91
2003-02-17,72.28
2003-02-18,66.7725
2003-02-19,76.1355
2003-02-20,78.9215
2003-02-21,80.291
2003-02-22,65.1155
2003-02-23,74.17
2003-02-24,85.044
2003-02-25,74.296
2003-02-26,79.031
2003-02-27,73.146996
2003-02-28,76.46
2003-03-01,69.282
2003-03-02,73.0125
2003-03-03,85.408
2003-03-04,76.7055
2003-03-05,74.593
2003-03-06,75.8115
2003-03-07,77.275
2003-03-08,74.752
2003-03-09,72.893
2003-03-10,72.789
2003-03-11,72.837
2003-03-12,71.011
2003-03-13,54.434
2003-03-14,70.1355
2003-03-15,67.223495
2003-03-16,66.1895
2003-03-17,66.531
2003-03-18,61.705498
2003-03-19,58.7505
2003-03-20,61.485
2003-03-21,41.0485
2003-03-22,44.231
2003-03-23,39.6335
2003-03-24,30.355995
2003-03-25,36.406
2003-03-26,44.8135
2003-03-27,40.793
2003-03-28,43.225
2003-03-29,50.5895
2003-03-30,59.461998
2003-03-31,51.75
2003-04-01,39.610497
2003-04-02,55.685497
2003-04-03,67.6305
2003-04-04,54.832497
2003-04-05,69.333
2003-04-06,60.2495
2003-04-07,62.7435
2003-04-08,58.392498
2003-04-09,56.024498
2003-04-10,51.1625
2003-04-11,71.249
2003-04-12,78.19
2003-04-13,58.538998
2003-04-14,56.62
2003-04-15,57.3805
2003-04-16,46.879498
2003-04-17,50.215
2003-04-18,61.9245
2003-04-19,59.2555
2003-04-20,49.8815
2003-04-21,42.914997
2003-04-22,44.373997
2003-04-23,58.6485
2003-04-24,59.235
2003-04-25,56.921497
2003-04-26,47.7385
2003-04-27,76.5475
2003-04-28,63.490498
2003-04-29,59.7735
2003-04-30,61.2585
2003-05-01,55.961
2003-05-02,59.5475
2003-05-03,71.1495
2003-05-04,54.1685
2003-05-05,43.536
2003-05-06,42.8285
2003-05-07,58.086
2003-05-08,61.6825
2003-05-09,58.6945
2003-05-10,72.0635
2003-05-11,81.974
2003-05-12,77.5115
2003-05-13,73.6875
2003-05-14,74.024
2003-05-15,65.409996
2003-05-16,65.963
2003-05-17,51.816498
2003-05-18,62.128498
2003-05-19,55.468998
2003-05-20,78.272995
2003-05-21,81.258
2003-05-22,79.132996
2003-05-23,64.641
2003-05-24,64.6935
2003-05-25,63.315
2003-05-26,74.3405
2003-05-27,79.777
2003-05-28,81.7705
2003-05-29,80.237495
2003-05-30,71.1445
2003-05-31,63.334
2003-06-01,83.1595
2003-06-02,85.5195
2003-06-03,76.070496
2003-06-04,70.601
2003-06-05,63.2385
2003-06-06,67.7865
2003-06-07,74.855
2003-06-08,62.794
2003-06-09,70.6405
2003-06-10,66.4385
2003-06-11,58.336998
2003-06-12,59.524998
2003-06-13,72.7275
2003-06-14,71.551
2003-06-15,88.1295
2003-06-16,76.7675
2003-06-17,67.119995
2003-06-18,86.613
2003-06-19,73.388
2003-06-20,74.3085
2003-06-21,57.5065
2003-06-22,61.4175
2003-06-23,56.054
2003-06-24,66.15
2003-06-25,55.9195
2003-06-26,58.594997
2003-06-27,58.5495
2003-06-28,55.5415
2003-06-29,49.393997
2003-06-30,56.6875
2003-07-01,57.207497
2003-07-02,59.723
2003-07-03,71.184
2003-07-04,64.041
2003-07-05,67.4525
2003-07-06,69.972496
2003-07-07,64.05
2003-07-08,57.6165
2003-07-09,58.707
2003-07-10,62.839
2003-07-11,60.349
2003-07-12,73.3875
2003-07-13,69.5335
2003-07-14,62.2985
2003-07-15,57.8965
2003-07-16,49.267998
2003-07-17,55.081
2003-07-18,85.3115
2003-07-19,68.226
2003-07-20,69.6375
2003-07-21,61.0425
2003-07-22,64.897
2003-07-23,76.509
2003-07-24,65.8395
2003-07-25,82.8135
2003-07-26,72.1005
2003-07-27,58.020496
2003-07-28,62.0095
2003-07-29,71.3515
2003-07-30,90.8085
2003-07-31,93.82412
2003-08-01,77.1805
2003-08-02,71.5685
2003-08-03,69.489
2003-08-04,66.3395
2003-08-05,64.8035
2003-08-06,57.095497
2003-08-07,56.970497
2003-08-08,55.1405
2003-08-09,54.626
2003-08-10,55.4945
2003-08-11,44.4965
2003-08-12,55.108498
2003-08-13,52.2795
2003-08-14,53.704998
2003-08-15,75.208496
2003-08-16,64.879
2003-08-17,70.114
2003-08-18,58.5285
2003-08-19,64.681496
2003-08-20,62.7985
2003-08-21,63.635498
2003-08-22,58.198997
2003-08-23,43.8895
2003-08-24,51.573498
2003-08-25,56.198498
2003-08-26,55.556
2003-08-27,39.261997
2003-08-28,45.023
2003-08-29,59.1195
2003-08-30,77.987495
2003-08-31,93.72588
2003-09-01,73.406
2003-09-02,68.947
2003-09-03,68.936
2003-09-04,68.11
2003-09-05,68.986
2003-09-06,61.887
2003-09-07,49.033
2003-09-08,49.136497
2003-09-09,64.887
2003-09-10,84.7035
2003-09-11,72.5335
2003-09-12,78.6575
2003-09-13,83.822
2003-09-14,67.694
2003-09-15,70.131996
2003-09-16,70.779
2003-09-17,69.5775
2003-09-18,70.146996
2003-09-19,66.3205
2003-09-20,64.974
2003-09-21,60.085
2003-09-22,57.231
2003-09-23,50.233997
2003-09-24,72.996
2003-09-25,71.3975
2003-09-26,62.214
2003-09-27,67.22
2003-09-28,66.288
2003-09-29,90.3085
2003-09-30,80.0845
2003-10-01,74.7605
2003-10-02,76.841995
2003-10-03,81.6775
2003-10-04,92.585785
2003-10-05,85.5065
2003-10-06,74.255
2003-10-07,84.14
2003-10-08,78.710495
2003-10-09,78.922
2003-10-10,86.719
2003-10-11,75.281
2003-10-12,74.95
2003-10-13,79.056496
2003-10-14,80.960495
2003-10-15,79.9265
2003-10-16,82.6335
2003-10-17,76.846
2003-10-18,76.231
2003-10-19,89.106
2003-10-20,90.867
2003-10-21,86.3115
2003-10-22,81.375496
2003-10-23,85.945
2003-10-24,84.3865
2003-10-25,75.321
2003-10-26,72.537
2003-10-27,82.6365
2003-10-28,79.709
2003-10-29,87.770996
2003-10-30,
2003-10-31,79.02
2003-11-01,66.465996
2003-11-02,94.26111
2003-11-03,85.106
2003-11-04,83.6695
2003-11-05,85.978
2003-11-06,93.63111
2003-11-07,91.52789
2003-11-08,90.8655
2003-11-09,92.39278
2003-11-10,88.986
2003-11-11,80.042
2003-11-12,78.644
2003-11-13,74.126
2003-11-14,83.958
2003-11-15,93.91583
2003-11-16,
2003-11-17,86.1215
2003-11-18,89.559
2003-11-19,85.082
2003-11-20,85.731
2003-11-21,94.37
2003-11-22,93.75
2003-11-23,81.703
2003-11-24,82.806
2003-11-25,83.0355
2003-11-26,92.17353
2003-11-27,86.5215
2003-11-28,84.9495
2003-11-29,94.38125
2003-11-30,93.951996
2003-12-01,91.710526
2003-12-02,93.77875
2003-12-03,93.89333
2003-12-04,95.16
2003-12-05,92.559
2003-12-06,82.264
2003-12-07,72.102
2003-12-08,82.7265
2003-12-09,84.4905
2003-12-10,88.8315
2003-12-11,86.915
2003-12-12,87.058
2003-12-13,81.6535
2003-12-14,86.3735
2003-12-15,77.3925
2003-12-16,76.955
2003-12-17,75.042
2003-12-18,80.9405
2003-12-19,92.4165
2003-12-20,
2003-12-21,88.118
2003-12-22,80.214
2003-12-23,66.590996
2003-12-24,74.35
2003-12-25,84.649
2003-12-26,74.6205
2003-12-27,93.363754
2003-12-28,84.984
2003-12-29,87.845
2003-12-30,91.326
2003-12-31,94.71
2004-01-01,91.06
2004-01-02,77.8735
2004-01-03,73.289
2004-01-04,76.3285
2004-01-05,89.378
2004-01-06,80.283
2004-01-07,90.415
2004-01-08,92.6735
2004-01-09,89.99895
2004-01-10,93.835335
2004-01-11,83.613
2004-01-12,90.4325
2004-01-13,84.306496
2004-01-14,75.0385
2004-01-15,85.56
2004-01-16,68.9645
2004-01-17,77.9665
2004-01-18,89.214
2004-01-19,80.8445
2004-01-20,86.7955
2004-01-21,72.8165
2004-01-22,70.2685
2004-01-23,73.099
2004-01-24,78.948
2004-01-25,80.756
2004-01-26,82.2445
2004-01-27,86.953
2004-01-28,87.824
2004-01-29,86.535995
2004-01-30,72.018
2004-01-31,63.3635
2004-02-01,72.7745
2004-02-02,79.404495
2004-02-03,
2004-02-04,82.9685
2004-02-05,49.355
2004-02-06,48.216
2004-02-07,58.1665
2004-02-08,71.018
2004-02-09,72.28
2004-02-10,74.29
2004-02-11,82.5945
2004-02-12,64.818
2004-02-13,87.781
2004-02-14,84.9435
2004-02-15,75.316
2004-02-16,83.631996
2004-02-17,81.668495
2004-02-18,83.0095
2004-02-19,73.538
2004-02-20,74.137
2004-02-21,56.024998
2004-02-22,86.8745
2004-02-23,94.71
2004-02-24,82.0755
2004-02-25,77.5995
2004-02-26,92.794
2004-02-27,89.0095
2004-02-28,84.4625
2004-02-29,89.1545
2004-03-01,79.835
2004-03-02,81.141495
2004-03-03,79.5315
2004-03-04,69.2725
2004-03-05,67.917496
2004-03-06,66.063995
2004-03-07,66.237495
2004-03-08,93.85267
2004-03-09,
2004-03-10,89.889
2004-03-11,89.7005
2004-03-12,81.405
2004-03-13,86.572
2004-03-14,85.086
2004-03-15,84.3315
2004-03-16,67.6245
2004-03-17,66.803
2004-03-18,66.824
2004-03-19,56.7785
2004-03-20,61.1175
2004-03-21,65.937
2004-03-22,75.89
2004-03-23,94.24
2004-03-24,
2004-03-25,93.05334
2004-03-26,91.382
2004-03-27,93.80937
2004-03-28,76.4625
2004-03-29,71.1405
2004-03-30,78.185
2004-03-31,73.998
2004-04-01,77.113
2004-04-02,55.054
2004-04-03,53.251
2004-04-04,82.6995
2004-04-05,89.1465
2004-04-06,83.392
2004-04-07,75.582
2004-04-08,67.912994
2004-04-09,72.770996
2004-04-10,73.5465
2004-04-11,82.0625
2004-04-12,67.5795
2004-04-13,57.2045
2004-04-14,73.436
2004-04-15,71.9905
2004-04-16,74.905
2004-04-17,93.302
2004-04-18,89.7495
2004-04-19,81.032
2004-04-20,79.280495
2004-04-21,73.618996
2004-04-22,69.967995
2004-04-23,62.7565
2004-04-24,81.1155
2004-04-25,75.083496
2004-04-26,68.960495
2004-04-27,56.364
2004-04-28,60.5465
2004-04-29,56.218
2004-04-30,60.223
2004-05-01,65.441
2004-05-02,72.906
2004-05-03,69.491
2004-05-04,63.5015
2004-05-05,65.445496
2004-05-06,81.487495
2004-05-07,79.913
2004-05-08,84.0635
2004-05-09,70.4245
2004-05-10,65.665
2004-05-11,68.3795
2004-05-12,66.818
2004-05-13,78.590996
2004-05-14,55.992
2004-05-15,62.7995
2004-05-16,68.554
2004-05-17,71.793
2004-05-18,67.056496
2004-05-19,66.421
2004-05-20,58.524498
2004-05-21,72.009
2004-05-22,78.088
2004-05-23,65.481
2004-05-24,58.36
2004-05-25,58.203
2004-05-26,51.1695
2004-05-27,73.368
2004-05-28,90.2905
2004-05-29,82.943
2004-05-30,65.625496
2004-05-31,67.689
2004-06-01,74.961
2004-06-02,85.8105
2004-06-03,92.76278
2004-06-04,85.237
2004-06-05,87.829
2004-06-06,79.648994
2004-06-07,64.851
2004-06-08,62.5415
2004-06-09,69.0345
2004-06-10,75.557
2004-06-11,73.0635
2004-06-12,78.5215
2004-06-13,76.373
2004-06-14,65.0465
2004-06-15,65.368
2004-06-16,62.288498
2004-06-17,57.815998
2004-06-18,71.478
2004-06-19,78.09
2004-06-20,88.0795
2004-06-21,70.5855
2004-06-22,68.1775
2004-06-23,64.955
2004-06-24,61.983498
2004-06-25,88.1275
2004-06-26,68.237
2004-06-27,71.2405
2004-06-28,66.515
2004-06-29,63.103
2004-06-30,62.6045
2004-07-01,67.171
2004-07-02,88.1005
2004-07-03,66.375
2004-07-04,65.813
2004-07-05,66.881996
2004-07-06,77.6895
2004-07-07,69.250496
2004-07-08,61.586998
2004-07-09,62.3885
2004-07-10,59.268497
2004-07-11,69.423
2004-07-12,66.3235
2004-07-13,71.162
2004-07-14,64.985
2004-07-15,89.3155
2004-07-16,78.962
2004-07-17,68.929
2004-07-18,64.625
2004-07-19,64.0065
2004-07-20,62.7685
2004-07-21,61.378
2004-07-22,64.045
2004-07-23,67.9555
2004-07-24,64.736
2004-07-25,69.803
2004-07-26,70.604
2004-07-27,61.5585
2004-07-28,63.2695
2004-07-29,77.3875
2004-07-30,80.809
2004-07-31,60.003
2004-08-01,68.279495
2004-08-02,64.3445
2004-08-03,63.055
2004-08-04,62.366997
2004-08-05,62.819
2004-08-06,66.405
2004-08-07,76.42
2004-08-08,74.4925
2004-08-09,67.474
2004-08-10,60.414497
2004-08-11,61.096
2004-08-12,61.698997
2004-08-13,59.806
2004-08-14,67.856
2004-08-15,61.902
2004-08-16,56.8415
2004-08-17,51.684498
2004-08-18,48.136497
2004-08-19,56.469997
2004-08-20,70.645
2004-08-21,68.096
2004-08-22,63.9745
2004-08-23,64.161995
2004-08-24,60.177498
2004-08-25,75.0815
2004-08-26,90.4035
2004-08-27,74.4735
2004-08-28,64.055
2004-08-29,64.55
2004-08-30,65.93
2004-08-31,80.111
2004-09-01,68.4775
2004-09-02,67.313995
2004-09-03,72.9195
2004-09-04,65.211
2004-09-05,67.9535
2004-09-06,64.5045
2004-09-07,64.512
2004-09-08,56.5715
2004-09-09,51.096
2004-09-10,56.999
2004-09-11,48.8285
2004-09-12,57.719498
2004-09-13,67.437
2004-09-14,65.6595
2004-09-15,78.4535
2004-09-16,66.652
2004-09-17,63.414997
2004-09-18,60.2985
2004-09-19,70.239
2004-09-20,72.8715
2004-09-21,59.641
2004-09-22,48.078
2004-09-23,90.3635
2004-09-24,80.711
2004-09-25,74.108
2004-09-26,78.208
2004-09-27,71.826
2004-09-28,86.18
2004-09-29,74.912
2004-09-30,80.522995
2004-10-01,77.076
2004-10-02,82.47
2004-10-03,81.8865
2004-10-04,74.383995
2004-10-05,66.236496
2004-10-06,61.982998
2004-10-07,71.909
2004-10-08,74.7815
2004-10-09,87.1405
2004-10-10,90.785
2004-10-11,69.389496
2004-10-12,69.006
2004-10-13,68.8395
2004-10-14,79.506996
2004-10-15,89.4105
2004-10-16,93.23631
2004-10-17,92.22895
2004-10-18,78.22
2004-10-19,79.8885
2004-10-20,82.3495
2004-10-21,89.003
2004-10-22,94.22667
2004-10-23,92.2579
2004-10-24,92.0325
2004-10-25,91.84421
2004-10-26,92.340996
2004-10-27,89.1225
2004-10-28,71.151
2004-10-29,57.9615
2004-10-30,65.0585
2004-10-31,88.995
2004-11-01,89.927
2004-11-02,86.176
2004-11-03,83.0485
2004-11-04,77.8965
2004-11-05,76.674995
2004-11-06,68.1285
2004-11-07,78.566
2004-11-08,76.519
2004-11-09,92.97625
2004-11-10,82.867
2004-11-11,88.739
2004-11-12,86.403
2004-11-13,80.2875
2004-11-14,65.8595
2004-11-15,67.4305
2004-11-16,72.67
2004-11-17,70.4895
2004-11-18,63.766
2004-11-19,70.998
2004-11-20,69.505
2004-11-21,62.5335
2004-11-22,73.613
2004-11-23,72.86
2004-11-24,57.7435
2004-11-25,70.444496
2004-11-26,70.5895
2004-11-27,75.767
2004-11-28,81.042496
2004-11-29,91.7255
2004-11-30,91.79889
2004-12-01,90.339005
2004-12-02,90.935555
2004-12-03,87.216
2004-12-04,87.631
2004-12-05,92.94647
2004-12-06,81.5475
2004-12-07,88.113
2004-12-08,88.8675
2004-12-09,87.8385
2004-12-10,78.759
2004-12-11,81.097496
2004-12-12,86.3235
2004-12-13,86.3905
2004-12-14,82.605995
2004-12-15,84.1725
2004-12-16,87.0265
2004-12-17,92.10353
2004-12-18,80.0735
2004-12-19,68.637
2004-12-20,74.8315
2004-12-21,81.987
2004-12-22,93.438995
2004-12-23,76.84
2004-12-24,61.174
2004-12-25,67.008995
2004-12-26,80.07
2004-12-27,89.1045
2004-12-28,83.4545
2004-12-29,82.006
2004-12-30,75.556496
2004-12-31,75.471
2005-01-01,86.1285
2005-01-02,75.538
2005-01-03,67.8725
2005-01-04,66.382
2005-01-05,62.3155
2005-01-06,74.844
2005-01-07,72.354996
2005-01-08,76.7975
2005-01-09,78.2755
2005-01-10,77.047
2005-01-11,93.04444
2005-01-12,93.952225
2005-01-13,93.753845
2005-01-14,78.9965
2005-01-15,66.643
2005-01-16,78.7075
2005-01-17,75.876495
2005-01-18,86.061
2005-01-19,83.564
2005-01-20,77.5675
2005-01-21,77.715996
2005-01-22,66.729
2005-01-23,83.817
2005-01-24,83.791
2005-01-25,81.24
2005-01-26,85.595
2005-01-27,74.726
2005-01-28,75.5945
2005-01-29,70.461
2005-01-30,66.493996
2005-01-31,82.76
2005-02-01,75.1085
2005-02-02,76.528
2005-02-03,89.013
2005-02-04,80.828
2005-02-05,82.2405
2005-02-06,75.281
2005-02-07,67.9125
2005-02-08,63.4165
2005-02-09,65.801
2005-02-10,62.814
2005-02-11,83.323
2005-02-12,91.034
2005-02-13,71.054
2005-02-14,68.5915
2005-02-15,73.6885
2005-02-16,89.963
2005-02-17,77.1865
2005-02-18,73.2355
2005-02-19,69.125
2005-02-20,71.714
2005-02-21,88.271
2005-02-22,88.349
2005-02-23,87.952
2005-02-24,90.7005
2005-02-25,91.244
2005-02-26,81.210495
2005-02-27,66.848
2005-02-28,60.093
2005-03-01,61.4195
2005-03-02,59.913498
2005-03-03,66.6845
2005-03-04,90.166504
2005-03-05,75.5745
2005-03-06,68.279495
2005-03-07,63.902
2005-03-08,77.782
2005-03-09,74.154
2005-03-10,55.1315
2005-03-11,57.8505
2005-03-12,67.154495
2005-03-13,60.002
2005-03-14,63.142498
2005-03-15,68.346
2005-03-16,64.1055
2005-03-17,56.4615
2005-03-18,59.9195
2005-03-19,66.9575
2005-03-20,58.5265
2005-03-21,65.3775
2005-03-22,64.2975
2005-03-23,52.601997
2005-03-24,51.6575
2005-03-25,68.2855
2005-03-26,80.751495
2005-03-27,89.7445
2005-03-28,72.0755
2005-03-29,71.195496
2005-03-30,86.983
2005-03-31,51.579998
2005-04-01,53.44
2005-04-02,57.66
2005-04-03,48.5655
2005-04-04,45.606
2005-04-05,40.241497
2005-04-06,38.885498
2005-04-07,31.593498
2005-04-08,43.843998
2005-04-09,85.5345
2005-04-10,77.853
2005-04-11,59.9085
2005-04-12,65.144
2005-04-13,78.0615
2005-04-14,66.473495
2005-04-15,60.396
2005-04-16,53.127
2005-04-17,68.3685
2005-04-18,87.06
2005-04-19,74.558
2005-04-20,85.768
2005-04-21,51.3985
2005-04-22,45.2075
2005-04-23,49.8945
2005-04-24,57.8675
2005-04-25,67.2585
2005-04-26,82.469
2005-04-27,71.7855
2005-04-28,66.767
2005-04-29,63.4915
2005-04-30,63.6335
2005-05-01,60.3905
2005-05-02,61.879997
2005-05-03,65.2885
2005-05-04,79.2635
2005-05-05,75.0955
2005-05-06,69.514496
2005-05-07,61.931
2005-05-08,63.229
2005-05-09,72.8445
2005-05-10,67.842995
2005-05-11,66.0135
2005-05-12,63.187
2005-05-13,55.8075
2005-05-14,47.407497
2005-05-15,63.1545
2005-05-16,82.7315
2005-05-17,73.6285
2005-05-18,92.94353
2005-05-19,78.300995
2005-05-20,61.9975
2005-05-21,61.1285
2005-05-22,63.643997
2005-05-23,62.093998
2005-05-24,69.116
2005-05-25,54.1745
2005-05-26,61.645
2005-05-27,63.6265
2005-05-28,60.267
2005-05-29,60.469498
2005-05-30,56.7175
2005-05-31,62.940998
2005-06-01,53.711998
2005-06-02,55.961
2005-06-03,47.545
2005-06-04,58.0085
2005-06-05,76.509995
2005-06-06,61.0615
2005-06-07,62.0065
2005-06-08,65.4325
2005-06-09,75.856
2005-06-10,88.9365
2005-06-11,72.034996
2005-06-12,78.4245
2005-06-13,68.231995
2005-06-14,62.868
2005-06-15,73.5315
2005-06-16,69.6315
2005-06-17,62.459
2005-06-18,57.0995
2005-06-19,56.969997
2005-06-20,60.1895
2005-06-21,59.810497
2005-06-22,66.432
2005-06-23,57.184998
2005-06-24,54.099
2005-06-25,54.514
2005-06-26,75.6185
2005-06-27,66.49
2005-06-28,60.704998
2005-06-29,66.776
2005-06-30,75.1905
2005-07-01,83.538
2005-07-02,84.208496
2005-07-03,60.921497
2005-07-04,57.952
2005-07-05,77.3955
2005-07-06,68.5035
2005-07-07,70.0675
2005-07-08,88.232
2005-07-09,91.4465
2005-07-10,79.8605
2005-07-11,88.7745
2005-07-12,93.444374
2005-07-13,82.2415
2005-07-14,78.1165
2005-07-15,65.699
2005-07-16,61.509
2005-07-17,66.836
2005-07-18,65.7565
2005-07-19,68.565
2005-07-20,58.414497
2005-07-21,57.4665
2005-07-22,62.0425
2005-07-23,77.9975
2005-07-24,72.14
2005-07-25,71.203
2005-07-26,79.3425
2005-07-27,69.166
2005-07-28,65.125
2005-07-29,61.8185
2005-07-30,61.031498
2005-07-31,66.2245
2005-08-01,60.585
2005-08-02,59.738
2005-08-03,81.197
2005-08-04,85.5485
2005-08-05,72.034996
2005-08-06,74.0245
2005-08-07,69.512
2005-08-08,66.3225
2005-08-09,65.8865
2005-08-10,75.431
2005-08-11,71.437996
2005-08-12,75.739
2005-08-13,70.533
2005-08-14,64.709496
2005-08-15,93.329475
2005-08-16,87.07
2005-08-17,92.98473
2005-08-18,76.7015
2005-08-19,79.8455
2005-08-20,77.85
2005-08-21,84.2865
2005-08-22,90.884
2005-08-23,84.253
2005-08-24,84.2475
2005-08-25,74.736
2005-08-26,80.0055
2005-08-27,79.5235
2005-08-28,90.13
2005-08-29,82.034
2005-08-30,80.489
2005-08-31,79.7195
2005-09-01,76.117
2005-09-02,71.9095
2005-09-03,72.1
2005-09-04,73.6365
2005-09-05,70.9415
2005-09-06,66.244995
2005-09-07,70.2155
2005-09-08,70.226
2005-09-09,69.8165
2005-09-10,89.0845
2005-09-11,89.9885
2005-09-12,88.9775
2005-09-13,79.837494
2005-09-14,77.181
2005-09-15,76.767
2005-09-16,68.7345
2005-09-17,86.0615
2005-09-18,73.738
2005-09-19,84.165
2005-09-20,93.74
2005-09-21,89.456
2005-09-22,80.826
2005-09-23,80.5215
2005-09-24,82.4945
2005-09-25,82.777
2005-09-26,80.395996
2005-09-27,84.134
2005-09-28,83.897995
2005-09-29,92.81722
2005-09-30,77.295
2005-10-01,79.64
2005-10-02,79.2775
2005-10-03,92.239
2005-10-04,85.716
2005-10-05,84.4975
2005-10-06,78.140495
2005-10-07,77.67
2005-10-08,78.233
2005-10-09,79.473
2005-10-10,79.7275
2005-10-11,80.087
2005-10-12,79.305
2005-10-13,77.826
2005-10-14,85.6805
2005-10-15,84.243
2005-10-16,71.433
2005-10-17,68.284996
2005-10-18,77.7
2005-10-19,77.608
2005-10-20,66.6725
2005-10-21,85.140495
2005-10-22,91.656
2005-10-23,92.789474
2005-10-24,77.11549
2005-10-25,85.8395
2005-10-26,76.289
2005-10-27,78.702995
2005-10-28,74.93
2005-10-29,60.075
2005-10-30,71.4005
2005-10-31,74.177
2005-11-01,67.9045
2005-11-02,78.994995
2005-11-03,80.063
2005-11-04,68.728
2005-11-05,74.2535
2005-11-06,78.919495
2005-11-07,81.994995
2005-11-08,83.526
2005-11-09,78.986
2005-11-10,90.436
2005-11-11,91.76053
2005-11-12,89.93263
2005-11-13,87.4805
2005-11-14,85.997
2005-11-15,91.8155
2005-11-16,
2005-11-17,71.8405
2005-11-18,76.057
2005-11-19,75.8685
2005-11-20,83.679
2005-11-21,88.448
2005-11-22,84.639
2005-11-23,75.112
2005-11-24,88.483
2005-11-25,88.513504
2005-11-26,92.89278
2005-11-27,91.55631
2005-11-28,89.5225
2005-11-29,90.58474
2005-11-30,92.85111
2005-12-01,86.4665
2005-12-02,89.083
2005-12-03,84.115
2005-12-04,82.425
2005-12-05,83.3445
2005-12-06,93.994
2005-12-07,75.35
2005-12-08,79.083496
2005-12-09,84.092
2005-12-10,74.6
2005-12-11,81.03
2005-12-12,89.0735
2005-12-13,89.2035
2005-12-14,81.776
2005-12-15,77.7115
2005-12-16,72.5955
2005-12-17,77.043495
2005-12-18,71.858
2005-12-19,86.484
2005-12-20,81.8675
2005-12-21,79.7975
2005-12-22,85.9845
2005-12-23,81.36
2005-12-24,84.8375
2005-12-25,81.0495
2005-12-26,89.017
2005-12-27,88.7755
2005-12-28,93.679375
2005-12-29,85.4245
2005-12-30,87.0225
2005-12-31,82.3215
2006-01-01,93.329445
2006-01-02,94.24
2006-01-03,92.55385
2006-01-04,90.769
2006-01-05,94.15875
2006-01-06,95.16
2006-01-07,94.57
2006-01-08,77.5115
2006-01-09,85.0755
2006-01-10,85.056
2006-01-11,85.769
2006-01-12,93.41
2006-01-13,93.16231
2006-01-14,93.08063
2006-01-15,83.345
2006-01-16,77.131
2006-01-17,86.2265
2006-01-18,88.307
2006-01-19,76.4195
2006-01-20,78.1345
2006-01-21,76.384995
2006-01-22,69.230995
2006-01-23,61.6455
2006-01-24,71.403
2006-01-25,66.264
2006-01-26,70.341995
2006-01-27,66.840996
2006-01-28,71.2285
2006-01-29,73.139496
2006-01-30,89.415
2006-01-31,82.241
2006-02-01,90.65111
2006-02-02,90.573
2006-02-03,92.15158
2006-02-04,84.4485
2006-02-05,66.6685
2006-02-06,66.766495
2006-02-07,76.7415
2006-02-08,89.0575
2006-02-09,78.3495
2006-02-10,82.6375
2006-02-11,81.666
2006-02-12,74.254
2006-02-13,82.6995
2006-02-14,79.7815
2006-02-15,84.116
2006-02-16,90.79
2006-02-17,94.17917
2006-02-18,77.625496
2006-02-19,73.0055
2006-02-20,65.594
2006-02-21,83.511
2006-02-22,78.2345
2006-02-23,81.888
2006-02-24,69.3795
2006-02-25,88.518
2006-02-26,84.4595
2006-02-27,65.043495
2006-02-28,71.506
2006-03-01,66.63
2006-03-02,68.215
2006-03-03,67.0395
2006-03-04,76.445
2006-03-05,90.1205
2006-03-06,70.837
2006-03-07,74.0675
2006-03-08,68.375
2006-03-09,84.542
2006-03-10,79.349
2006-03-11,73.862495
2006-03-12,78.409996
2006-03-13,64.7375
2006-03-14,80.38
2006-03-15,75.1035
2006-03-16,74.106
2006-03-17,83.529495
2006-03-18,80.0935
2006-03-19,68.0055
2006-03-20,64.027
2006-03-21,63.2515
2006-03-22,69.6495
2006-03-23,56.751
2006-03-24,53.011497
2006-03-25,76.848495
2006-03-26,76.68
2006-03-27,61.705997
2006-03-28,77.9565
2006-03-29,82.1655
2006-03-30,57.677998
2006-03-31,68.797
2006-04-01,59.1325
2006-04-02,72.741
2006-04-03,62.795998
2006-04-04,60.3175
2006-04-05,64.291
2006-04-06,58.5155
2006-04-07,51.198997
2006-04-08,46.431
2006-04-09,46.289497
2006-04-10,51.2995
2006-04-11,84.1735
2006-04-12,56.5765
2006-04-13,59.843998
2006-04-14,70.694
2006-04-15,63.7175
2006-04-16,72.160995
2006-04-17,63.3865
2006-04-18,65.2405
2006-04-19,49.762497
2006-04-20,68.357
2006-04-21,63.804
2006-04-22,58.524
2006-04-23,57.6275
2006-04-24,60.379997
2006-04-25,51.906
2006-04-26,60.3155
2006-04-27,81.9905
2006-04-28,89.291
2006-04-29,92.69
2006-04-30,88.0005
2006-05-01,91.038
2006-05-02,83.507996
2006-05-03,76.5725
2006-05-04,71.7005
2006-05-05,64.6015
2006-05-06,75.5565
2006-05-07,79.7945
2006-05-08,73.0295
2006-05-09,69.208
2006-05-10,62.1475
2006-05-11,56.4645
2006-05-12,54.8815
2006-05-13,53.392998
2006-05-14,66.628
2006-05-15,62.395
2006-05-16,62.5365
2006-05-17,83.2165
2006-05-18,64.4435
2006-05-19,82.457
2006-05-20,76.895
2006-05-21,76.3
2006-05-22,66.8305
2006-05-23,57.033
2006-05-24,76.557495
2006-05-25,66.401
2006-05-26,78.038
2006-05-27,75.312996
2006-05-28,84.695
2006-05-29,77.047
2006-05-30,78.387
2006-05-31,68.211
2006-06-01,71.879
2006-06-02,83.6555
2006-06-03,81.0305
2006-06-04,67.541
2006-06-05,64.084
2006-06-06,63.673
2006-06-07,66.347496
2006-06-08,59.855
2006-06-09,62.7835
2006-06-10,76.4435
2006-06-11,63.2665
2006-06-12,63.7275
2006-06-13,64.3425
2006-06-14,66.8035
2006-06-15,60.722
2006-06-16,60.4265
2006-06-17,71.6755
2006-06-18,72.3645
2006-06-19,72.865
2006-06-20,67.759
2006-06-21,71.5745
2006-06-22,73.5475
2006-06-23,73.505
2006-06-24,70.016
2006-06-25,65.9945
2006-06-26,62.741
2006-06-27,65.96
2006-06-28,76.0775
2006-06-29,86.914
2006-06-30,80.3095
2006-07-01,80.5335
2006-07-02,87.176
2006-07-03,76.0665
2006-07-04,69.986496
2006-07-05,63.357
2006-07-06,56.611
2006-07-07,59.197
2006-07-08,69.655495
2006-07-09,71.9855
2006-07-10,68.1865
2006-07-11,69.0775
2006-07-12,65.7435
2006-07-13,64.9075
2006-07-14,67.1775
2006-07-15,52.262497
2006-07-16,49.125
2006-07-17,52.887
2006-07-18,56.7075
2006-07-19,52.1045
2006-07-20,51.719498
2006-07-21,57.1815
2006-07-22,61.633
2006-07-23,60.6805
2006-07-24,60.7035
2006-07-25,63.342
2006-07-26,61.2625
2006-07-27,60.086998
2006-07-28,55.172
2006-07-29,65.02
2006-07-30,65.828995
2006-07-31,63.605
2006-08-01,83.538
2006-08-02,74.719
2006-08-03,80.838
2006-08-04,85.028
2006-08-05,72.111496
2006-08-06,83.7945
2006-08-07,91.1415
2006-08-08,82.2325
2006-08-09,66.3575
2006-08-10,61.4095
2006-08-11,65.5495
2006-08-12,88.3835
2006-08-13,81.817
2006-08-14,74.8405
2006-08-15,70.5865
2006-08-16,65.9915
2006-08-17,61.349
2006-08-18,56.0235
2006-08-19,69.8575
2006-08-20,74.241
2006-08-21,70.231995
2006-08-22,73.4765
2006-08-23,66.982
2006-08-24,67.967
2006-08-25,85.9295
2006-08-26,77.584
2006-08-27,73.0195
2006-08-28,71.222496
2006-08-29,71.267
2006-08-30,77.2205
2006-08-31,68.4155
2006-09-01,70.8585
2006-09-02,69.6515
2006-09-03,76.9205
2006-09-04,63.714
2006-09-05,62.420498
2006-09-06,69.71
2006-09-07,71.8845
2006-09-08,72.013
2006-09-09,73.412
2006-09-10,69.7615
2006-09-11,65.368
2006-09-12,62.232
2006-09-13,60.1975
2006-09-14,62.3545
2006-09-15,52.950497
2006-09-16,65.462
2006-09-17,71.2495
2006-09-18,86.664
2006-09-19,92.025
2006-09-20,79.707
2006-09-21,79.234
2006-09-22,74.106
2006-09-23,76.8705
2006-09-24,72.8215
2006-09-25,72.797
2006-09-26,73.68
2006-09-27,76.7125
2006-09-28,81.154495
2006-09-29,81.671
2006-09-30,79.2765
2006-10-01,83.901
2006-10-02,83.056496
2006-10-03,65.4565
2006-10-04,74.9285
2006-10-05,73.297
2006-10-06,70.1895
2006-10-07,67.876
2006-10-08,70.721
2006-10-09,75.5075
2006-10-10,77.109
2006-10-11,71.866
2006-10-12,70.3965
2006-10-13,79.683
2006-10-14,80.6805
2006-10-15,81.5965
2006-10-16,69.1015
2006-10-17,66.981995
2006-10-18,62.846
2006-10-19,62.815
2006-10-20,61.623
2006-10-21,74.311
2006-10-22,86.7565
2006-10-23,76.778
2006-10-24,78.674995
2006-10-25,72.225
2006-10-26,72.8415
2006-10-27,77.6185
2006-10-28,87.163
2006-10-29,86.1865
2006-10-30,63.4705
2006-10-31,69.870995
2006-11-01,74.1425
2006-11-02,64.557495
2006-11-03,83.3675
2006-11-04,86.973
2006-11-05,74.869995
2006-11-06,70.257996
2006-11-07,71.7545
2006-11-08,84.7495
2006-11-09,77.852
2006-11-10,68.326
2006-11-11,71.581
2006-11-12,74.606995
2006-11-13,72.035995
2006-11-14,72.045
2006-11-15,74.9485
2006-11-16,86.367
2006-11-17,85.6375
2006-11-18,88.3825
2006-11-19,93.272354
2006-11-20,94.455
2006-11-21,88.14
2006-11-22,94.014
2006-11-23,87.0795
2006-11-24,90.491
2006-11-25,81.8235
2006-11-26,88.735
2006-11-27,93.89267
2006-11-28,92.00632
2006-11-29,88.793
2006-11-30,89.365
2006-12-01,78.6625
2006-12-02,74.402
2006-12-03,84.268
2006-12-04,89.3155
2006-12-05,90.1825
2006-12-06,82.794
2006-12-07,79.483
2006-12-08,67.4395
2006-12-09,71.929
2006-12-10,81.1555
2006-12-11,87.232
2006-12-12,84.5715
2006-12-13,87.2105
2006-12-14,91.99687
2006-12-15,93.75
2006-12-16,93.183334
2006-12-17,93.516365
2006-12-18,88.297
2006-12-19,74.773
2006-12-20,75.874
2006-12-21,85.545
2006-12-22,81.0485
2006-12-23,87.3585
2006-12-24,92.30706
2006-12-25,79.34
2006-12-26,75.4385
2006-12-27,91.02684
2006-12-28,93.86429
2006-12-29,91.19222
2006-12-30,90.2315
2006-12-31,91.8555
2007-01-01,86.823
2007-01-02,73.681
2007-01-03,75.494995
2007-01-04,69.904495
2007-01-05,75.7205
2007-01-06,77.301994
2007-01-07,70.607
2007-01-08,86.528
2007-01-09,80.051994
2007-01-10,71.408
2007-01-11,70.687
2007-01-12,63.096
2007-01-13,59.174
2007-01-14,72.926
2007-01-15,73.0355
2007-01-16,87.4775
2007-01-17,90.235
2007-01-18,72.1725
2007-01-19,76.218
2007-01-20,79.743996
2007-01-21,77.293495
2007-01-22,79.8675
2007-01-23,93.75
2007-01-24,81.298996
2007-01-25,70.0525
2007-01-26,78.1055
2007-01-27,80.1
2007-01-28,75.9635
2007-01-29,71.15
2007-01-30,70.237495
2007-01-31,66.5455
2007-02-01,69.7385
2007-02-02,73.576996
2007-02-03,70.9535
2007-02-04,68.472496
2007-02-05,66.012
2007-02-06,81.7835
2007-02-07,85.719
2007-02-08,75.4105
2007-02-09,79.598495
2007-02-10,84.9565
2007-02-11,88.635
2007-02-12,75.173
2007-02-13,73.730995
2007-02-14,66.9305
2007-02-15,79.2215
2007-02-16,79.513
2007-02-17,73.654495
2007-02-18,74.5465
2007-02-19,83.865
2007-02-20,82.954
2007-02-21,92.17316
2007-02-22,86.374
2007-02-23,77.9715
2007-02-24,71.509995
2007-02-25,64.765
2007-02-26,92.1885
2007-02-27,78.944
2007-02-28,84.632
2007-03-01,76.6225
2007-03-02,70.123
2007-03-03,84.153496
2007-03-04,73.5455
2007-03-05,75.3865
2007-03-06,67.993
2007-03-07,65.2195
2007-03-08,85.01
2007-03-09,83.0895
2007-03-10,69.0855
2007-03-11,61.795498
2007-03-12,69.232
2007-03-13,74.14
2007-03-14,66.694496
2007-03-15,58.6485
2007-03-16,64.4855
2007-03-17,60.147
2007-03-18,51.802998
2007-03-19,87.125
2007-03-20,91.951996
2007-03-21,75.1735
2007-03-22,69.1895
2007-03-23,82.503
2007-03-24,87.594
2007-03-25,71.047
2007-03-26,57.3465
2007-03-27,59.876
2007-03-28,59.5535
2007-03-29,64.56
2007-03-30,70.076
2007-03-31,60.5885
2007-04-01,57.4665
2007-04-02,56.064
2007-04-03,58.082
2007-04-04,64.6745
2007-04-05,44.3505
2007-04-06,52.7085
2007-04-07,56.9855
2007-04-08,50.533
2007-04-09,59.9605
2007-04-10,47.8765
2007-04-11,61.7945
2007-04-12,65.817
2007-04-13,60.955498
2007-04-14,50.242
2007-04-15,46.844498
2007-04-16,48.073997
2007-04-17,45.9385
2007-04-18,50.7075
2007-04-19,51.1485
2007-04-20,47.012497
2007-04-21,47.95
2007-04-22,48.5845
2007-04-23,47.841
2007-04-24,56.496998
2007-04-25,57.817
2007-04-26,54.785
2007-04-27,50.427498
2007-04-28,50.4895
2007-04-29,51.5775
2007-04-30,46.93
2007-05-01,38.518497
2007-05-02,38.017998
2007-05-03,35.809
2007-05-04,52.6745
2007-05-05,80.973
2007-05-06,82.3975
2007-05-07,57.0855
2007-05-08,62.7945
2007-05-09,69.563
2007-05-10,62.8975
2007-05-11,53.6135
2007-05-12,66.8145
2007-05-13,62.205997
2007-05-14,51.6315
2007-05-15,63.440998
2007-05-16,67.6085
2007-05-17,68.230995
2007-05-18,54.924
2007-05-19,60.2875
2007-05-20,65.094
2007-05-21,65.937
2007-05-22,59.738
2007-05-23,63.585
2007-05-24,63.817
2007-05-25,57.2135
2007-05-26,56.405
2007-05-27,51.0295
2007-05-28,64.984
2007-05-29,62.6305
2007-05-30,70.522
2007-05-31,65.349
2007-06-01,60.711998
2007-06-02,66.5745
2007-06-03,73.315
2007-06-04,69.5395
2007-06-05,69.9415
2007-06-06,74.852
2007-06-07,69.085495
2007-06-08,64.8105
2007-06-09,56.268497
2007-06-10,60.489998
2007-06-11,61.338
2007-06-12,63.1145
2007-06-13,59.1825
2007-06-14,61.843998
2007-06-15,53.066498
2007-06-16,48.219997
2007-06-17,60.2945
2007-06-18,57.630497
2007-06-19,49.3255
2007-06-20,50.8765
2007-06-21,55.318
2007-06-22,62.261497
2007-06-23,53.2855
2007-06-24,52.768997
2007-06-25,50.602497
2007-06-26,56.396
2007-06-27,63.8475
2007-06-28,53.7865
2007-06-29,52.154
2007-06-30,57.031
2007-07-01,45.163998
2007-07-02,47.3075
2007-07-03,52.458
2007-07-04,71.029495
2007-07-05,51.767998
2007-07-06,53.771
2007-07-07,38.7015
2007-07-08,39.377
2007-07-09,58.184498
2007-07-10,74.2055
2007-07-11,61.1765
2007-07-12,64.892
2007-07-13,58.364
2007-07-14,52.889
2007-07-15,48.954998
2007-07-16,38.575996
2007-07-17,42.492996
2007-07-18,47.37
2007-07-19,52.0715
2007-07-20,45.686497
2007-07-21,50.086998
2007-07-22,45.8475
2007-07-23,43.12
2007-07-24,51.506
2007-07-25,51.1
2007-07-26,45.9955
2007-07-27,47.8695
2007-07-28,60.7995
2007-07-29,54.641
2007-07-30,74.355
2007-07-31,55.584
2007-08-01,53.701
2007-08-02,47.937
2007-08-03,70.9245
2007-08-04,48.106
2007-08-05,47.843998
2007-08-06,55.054
2007-08-07,51.106
2007-08-08,54.463497
2007-08-09,61.135
2007-08-10,74.9965
2007-08-11,71.6635
2007-08-12,84.2175
2007-08-13,60.0475
2007-08-14,60.9405
2007-08-15,59.275497
2007-08-16,51.2525
2007-08-17,55.0035
2007-08-18,61.316498
2007-08-19,71.1345
2007-08-20,77.7015
2007-08-21,68.684
2007-08-22,66.399
2007-08-23,63.114998
2007-08-24,67.279495
2007-08-25,59.0635
2007-08-26,60.766
2007-08-27,62.0755
2007-08-28,59.2365
2007-08-29,73.684
2007-08-30,86.0625
2007-08-31,67.229996
2007-09-01,70.472
2007-09-02,66.868996
2007-09-03,66.9165
2007-09-04,69.895996
2007-09-05,77.738495
2007-09-06,83.9815
2007-09-07,89.075
2007-09-08,75.951
2007-09-09,65.706
2007-09-10,65.0745
2007-09-11,76.03
2007-09-12,72.805
2007-09-13,73.3865
2007-09-14,68.688995
2007-09-15,66.0205
2007-09-16,67.811
2007-09-17,70.3875
2007-09-18,73.109
2007-09-19,66.953995
2007-09-20,70.473
2007-09-21,68.569
2007-09-22,66.191
2007-09-23,70.32
2007-09-24,65.125
2007-09-25,65.257996
2007-09-26,74.222496
2007-09-27,82.125496
2007-09-28,71.684494
2007-09-29,64.768
2007-09-30,72.4775
2007-10-01,75.526
2007-10-02,72.6405
2007-10-03,81.43
2007-10-04,82.9765
2007-10-05,84.611
2007-10-06,73.596
2007-10-07,77.9985
2007-10-08,76.624
2007-10-09,77.012
2007-10-10,72.864
2007-10-11,72.483
2007-10-12,79.3695
2007-10-13,61.485
2007-10-14,68.2815
2007-10-15,67.759995
2007-10-16,68.154
2007-10-17,72.477
2007-10-18,80.264496
2007-10-19,68.403496
2007-10-20,66.956
2007-10-21,68.4265
2007-10-22,67.782
2007-10-23,89.0075
2007-10-24,89.6985
2007-10-25,88.777504
2007-10-26,83.8795
2007-10-27,85.6715
2007-10-28,89.935
2007-10-29,87.195
2007-10-30,85.032
2007-10-31,79.903
2007-11-01,74.287
2007-11-02,78.264496
2007-11-03,79.069496
2007-11-04,68.4095
2007-11-05,70.757996
2007-11-06,82.115
2007-11-07,73.840996
2007-11-08,75.322
2007-11-09,71.729
2007-11-10,70.2635
2007-11-11,79.251495
2007-11-12,64.0825
2007-11-13,73.5315
2007-11-14,80.4925
2007-11-15,84.736
2007-11-16,81.1355
2007-11-17,78.611496
2007-11-18,80.832
2007-11-19,82.191
2007-11-20,80.917496
2007-11-21,84.5795
2007-11-22,77.889
2007-11-23,62.940998
2007-11-24,81.795
2007-11-25,83.122
2007-11-26,72.818
2007-11-27,71.465
2007-11-28,71.8595
2007-11-29,71.9475
2007-11-30,80.437
2007-12-01,72.3095
2007-12-02,80.3325
2007-12-03,75.309
2007-12-04,67.637
2007-12-05,75.723
2007-12-06,80.861
2007-12-07,70.222496
2007-12-08,79.724495
2007-12-09,85.3385
2007-12-10,86.6885
2007-12-11,84.1875
2007-12-12,83.729
2007-12-13,63.902
2007-12-14,65.1725
2007-12-15,74.232
2007-12-16,74.6655
2007-12-17,77.097496
2007-12-18,81.3775
2007-12-19,84.6365
2007-12-20,75.889496
2007-12-21,79.559
2007-12-22,82.2015
2007-12-23,80.1365
2007-12-24,81.562
2007-12-25,82.441
2007-12-26,81.719
2007-12-27,79.92
2007-12-28,82.847
2007-12-29,81.87
2007-12-30,85.4895
2007-12-31,83.4175
2008-01-01,85.028
2008-01-02,86.9565
2008-01-03,79.146996
2008-01-04,76.641
2008-01-05,70.938995
2008-01-06,86.020996
2008-01-07,84.929504
2008-01-08,82.7325
2008-01-09,83.9525
2008-01-10,86.82
2008-01-11,85.0215
2008-01-12,70.394
2008-01-13,81.62
2008-01-14,85.076996
2008-01-15,85.2885
2008-01-16,73.2395
2008-01-17,81.9535
2008-01-18,84.468
2008-01-19,84.236496
2008-01-20,70.17
2008-01-21,72.663
2008-01-22,70.626
2008-01-23,60.490997
2008-01-24,63.004498
2008-01-25,70.309
2008-01-26,65.909996
2008-01-27,70.257996
2008-01-28,55.898
2008-01-29,81.719
2008-01-30,69.640495
2008-01-31,68.9355
2008-02-01,68.8955
2008-02-02,70.364
2008-02-03,69.225
2008-02-04,75.660995
2008-02-05,76.2815
2008-02-06,76.1875
2008-02-07,61.982
2008-02-08,64.449
2008-02-09,78.438995
2008-02-10,77.678
2008-02-11,84.697
2008-02-12,82.822
2008-02-13,84.057495
2008-02-14,76.804
2008-02-15,56.87
2008-02-16,43.455498
2008-02-17,48.255497
2008-02-18,39.274998
2008-02-19,61.9125
2008-02-20,68.971
2008-02-21,71.556496
2008-02-22,58.281
2008-02-23,60.1835
2008-02-24,59.565
2008-02-25,62.2875
2008-02-26,67.089
2008-02-27,54.851498
2008-02-28,49.038498
2008-02-29,68.2495
2008-03-01,67.118
2008-03-02,65.729004
2008-03-03,70.128
2008-03-04,58.0865
2008-03-05,58.1755
2008-03-06,54.2865
2008-03-07,52.468
2008-03-08,61.476997
2008-03-09,67.3975
2008-03-10,62.2595
2008-03-11,69.6145
2008-03-12,76.145
2008-03-13,56.101997
2008-03-14,72.1965
2008-03-15,59.321
2008-03-16,72.6005
2008-03-17,70.5995
2008-03-18,59.1525
2008-03-19,62.5235
2008-03-20,75.836
2008-03-21,49.594498
2008-03-22,64.066
2008-03-23,69.2835
2008-03-24,72.7345
2008-03-25,64.711
2008-03-26,54.394997
2008-03-27,62.3035
2008-03-28,64.7005
2008-03-29,68.095
2008-03-30,57.8455
2008-03-31,49.9875
2008-04-01,50.4505
2008-04-02,66.838
2008-04-03,66.2395
2008-04-04,60.3125
2008-04-05,58.597
2008-04-06,52.9495
2008-04-07,68.6385
2008-04-08,57.0825
2008-04-09,58.959
2008-04-10,55.129997
2008-04-11,55.302
2008-04-12,54.627
2008-04-13,53.860497
2008-04-14,63.970497
2008-04-15,68.376495
2008-04-16,70.354
2008-04-17,72.158
2008-04-18,68.2735
2008-04-19,64.2245
2008-04-20,64.6895
2008-04-21,67.28
2008-04-22,65.7215
2008-04-23,68.597
2008-04-24,58.927498
2008-04-25,72.903
2008-04-26,69.183
2008-04-27,58.857998
2008-04-28,55.218998
2008-04-29,54.1745
2008-04-30,62.7805
2008-05-01,69.1875
2008-05-02,64.277
2008-05-03,68.1755
2008-05-04,63.261497
2008-05-05,85.734
2008-05-06,74.863
2008-05-07,58.0075
2008-05-08,60.688
2008-05-09,64.048996
2008-05-10,59.2785
2008-05-11,53.3045
2008-05-12,58.330997
2008-05-13,59.438
2008-05-14,68.09
2008-05-15,61.4315
2008-05-16,64.611496
2008-05-17,57.587498
2008-05-18,64.6105
2008-05-19,79.255
2008-05-20,92.469475
2008-05-21,86.9405
2008-05-22,77.337494
2008-05-23,75.1795
2008-05-24,73.6545
2008-05-25,70.2755
2008-05-26,67.58
2008-05-27,69.469
2008-05-28,66.872
2008-05-29,46.904
2008-05-30,62.3055
2008-05-31,58.318
2008-06-01,67.0465
2008-06-02,62.871002
2008-06-03,66.4285
2008-06-04,81.526
2008-06-05,80.7195
2008-06-06,67.8225
2008-06-07,85.223495
2008-06-08,87.08
2008-06-09,76.738
2008-06-10,67.3575
2008-06-11,74.513
2008-06-12,70.2745
2008-06-13,67.765
2008-06-14,60.9195
2008-06-15,73.2445
2008-06-16,66.2595
2008-06-17,70.517
2008-06-18,77.016
2008-06-19,67.561
2008-06-20,61.3325
2008-06-21,63.32
2008-06-22,60.060497
2008-06-23,56.5345
2008-06-24,68.4205
2008-06-25,69.7135
2008-06-26,72.269
2008-06-27,72.6495
2008-06-28,61.5775
2008-06-29,62.603
2008-06-30,83.7455
2008-07-01,65.68
2008-07-02,65.446
2008-07-03,59.003498
2008-07-04,64.3305
2008-07-05,59.1935
2008-07-06,58.329998
2008-07-07,72.254
2008-07-08,79.169495
2008-07-09,63.400497
2008-07-10,70.799995
2008-07-11,58.344498
2008-07-12,55.698997
2008-07-13,69.2955
2008-07-14,85.0045
2008-07-15,72.015495
2008-07-16,61.2015
2008-07-17,76.8655
2008-07-18,78.479
2008-07-19,63.9985
2008-07-20,72.6435
2008-07-21,68.6325
2008-07-22,64.7695
2008-07-23,90.0315
2008-07-24,86.843
2008-07-25,82.649
2008-07-26,79.098
2008-07-27,72.079
2008-07-28,65.96
2008-07-29,63.9655
2008-07-30,71.5925
2008-07-31,76.4415
2008-08-01,81.548996
2008-08-02,82.723
2008-08-03,76.9435
2008-08-04,74.43
2008-08-05,74.159004
2008-08-06,67.9665
2008-08-07,64.3695
2008-08-08,75.0885
2008-08-09,83.2955
2008-08-10,70.6055
2008-08-11,68.477
2008-08-12,62.3865
2008-08-13,64.427
2008-08-14,77.0635
2008-08-15,78.683
2008-08-16,82.548
2008-08-17,73.9665
2008-08-18,71.552
2008-08-19,62.5705
2008-08-20,70.451
2008-08-21,71.3995
2008-08-22,70.9545
2008-08-23,74.6645
2008-08-24,72.1215
2008-08-25,72.2325
2008-08-26,70.908
2008-08-27,73.635
2008-08-28,73.516
2008-08-29,68.8555
2008-08-30,60.114
2008-08-31,61.7805
2008-09-01,58.5365
2008-09-02,67.34
2008-09-03,61.73
2008-09-04,58.2465
2008-09-05,55.9675
2008-09-06,55.274
2008-09-07,64.2255
2008-09-08,77.081
2008-09-09,71.739
2008-09-10,68.419495
2008-09-11,79.579994
2008-09-12,74.8955
2008-09-13,57.5205
2008-09-14,69.063995
2008-09-15,93.85667
2008-09-16,88.651
2008-09-17,74.857
2008-09-18,80.773994
2008-09-19,76.012
2008-09-20,82.6835
2008-09-21,85.9235
2008-09-22,83.945
2008-09-23,81.709
2008-09-24,85.579
2008-09-25,90.364
2008-09-26,76.506
2008-09-27,74.6655
2008-09-28,80.33
2008-09-29,66.771996
2008-09-30,69.6345
2008-10-01,75.6125
2008-10-02,81.671
2008-10-03,88.4945
2008-10-04,81.5595
2008-10-05,74.278496
2008-10-06,75.881996
2008-10-07,81.828
2008-10-08,84.0635
2008-10-09,81.9945
2008-10-10,87.354004
2008-10-11,86.455
2008-10-12,92.140526
2008-10-13,94.54
2008-10-14,90.205
2008-10-15,89.631
2008-10-16,83.274994
2008-10-17,64.5825
2008-10-18,72.6075
2008-10-19,77.335495
2008-10-20,82.986496
2008-10-21,81.959
2008-10-22,77.67
2008-10-23,80.6925
2008-10-24,87.41
2008-10-25,86.9265
2008-10-26,82.6605
2008-10-27,79.457
2008-10-28,73.657
2008-10-29,72.5875
2008-10-30,64.303
2008-10-31,60.9705
2008-11-01,75.1165
2008-11-02,93.09353
2008-11-03,80.8265
2008-11-04,86.3655
2008-11-05,78.454
2008-11-06,83.1685
2008-11-07,82.4255
2008-11-08,90.8345
2008-11-09,92.7385
2008-11-10,83.7675
2008-11-11,80.835
2008-11-12,90.8695
2008-11-13,92.4515
2008-11-14,92.3975
2008-11-15,88.663
2008-11-16,88.8455
2008-11-17,76.0435
2008-11-18,76.4385
2008-11-19,78.9825
2008-11-20,72.145
2008-11-21,85.468
2008-11-22,79.5065
2008-11-23,69.6585
2008-11-24,71.6625
2008-11-25,92.74765
2008-11-26,78.1305
2008-11-27,68.988
2008-11-28,78.0245
2008-11-29,90.520996
2008-11-30,79.755
2008-12-01,78.088
2008-12-02,84.3915
2008-12-03,91.89555
2008-12-04,90.8995
2008-12-05,84.7215
2008-12-06,92.253
2008-12-07,83.254
2008-12-08,82.5375
2008-12-09,82.75
2008-12-10,79.237
2008-12-11,74.433
2008-12-12,80.7545
2008-12-13,90.3805
2008-12-14,88.321
2008-12-15,82.5945
2008-12-16,86.953
2008-12-17,91.342224
2008-12-18,92.75
2008-12-19,90.834
2008-12-20,81.910995
2008-12-21,71.847496
2008-12-22,83.205
2008-12-23,61.9655
2008-12-24,84.43
2008-12-25,79.176994
2008-12-26,83.1065
2008-12-27,85.558
2008-12-28,86.414
2008-12-29,86.842
2008-12-30,86.017
2008-12-31,81.7885
2009-01-01,89.645996
2009-01-02,78.775
2009-01-03,78.448
2009-01-04,82.596
2009-01-05,77.2135
2009-01-06,85.447
2009-01-07,83.0425
2009-01-08,77.79
2009-01-09,73.718
2009-01-10,83.546
2009-01-11,86.189
2009-01-12,80.796
2009-01-13,85.2585
2009-01-14,91.309
2009-01-15,88.704
2009-01-16,85.0655
2009-01-17,89.8821
2009-01-18,92.70923
2009-01-19,83.741
2009-01-20,79.882996
2009-01-21,91.51666
2009-01-22,91.61211
2009-01-23,91.70187
2009-01-24,86.138
2009-01-25,86.2985
2009-01-26,90.12474
2009-01-27,90.2985
2009-01-28,90.981
2009-01-29,94.333
2009-01-30,80.212
2009-01-31,83.79
2009-02-01,91.2855
2009-02-02,83.579
2009-02-03,92.00474
2009-02-04,93.82143
2009-02-05,93.5725
2009-02-06,80.9885
2009-02-07,80.52
2009-02-08,92.076996
2009-02-09,79.88
2009-02-10,82.596
2009-02-11,79.395
2009-02-12,67.497
2009-02-13,69.34
2009-02-14,70.340996
2009-02-15,64.77
2009-02-16,86.766
2009-02-17,87.475
2009-02-18,74.117004
2009-02-19,67.7295
2009-02-20,79.741
2009-02-21,80.247
2009-02-22,69.456
2009-02-23,91.8245
2009-02-24,93.49684
2009-02-25,81.222496
2009-02-26,76.534996
2009-02-27,79.985
2009-02-28,85.975
2009-03-01,86.404
2009-03-02,85.198
2009-03-03,90.0315
2009-03-04,86.5615
2009-03-05,87.1455
2009-03-06,89.2875
2009-03-07,83.4125
2009-03-08,66.4605
2009-03-09,75.1925
2009-03-10,64.465
2009-03-11,76.456
2009-03-12,70.861
2009-03-13,81.187996
2009-03-14,79.687996
2009-03-15,90.5465
2009-03-16,73.933
2009-03-17,82.1465
2009-03-18,61.629498
2009-03-19,76.3685
2009-03-20,69.528496
2009-03-21,62.7665
2009-03-22,55.6385
2009-03-23,57.072
2009-03-24,71.3645
2009-03-25,57.453
2009-03-26,76.7505
2009-03-27,61.845
2009-03-28,56.691498
2009-03-29,81.832
2009-03-30,85.2215
2009-03-31,82.4235
2009-04-01,78.5825
2009-04-02,63.4895
2009-04-03,66.3605
2009-04-04,65.619
2009-04-05,68.805
2009-04-06,64.796
2009-04-07,57.7365
2009-04-08,52.576
2009-04-09,63.927
2009-04-10,55.642498
2009-04-11,50.7025
2009-04-12,42.194
2009-04-13,60.126
2009-04-14,66.297
2009-04-15,61.9685
2009-04-16,53.546997
2009-04-17,67.0315
2009-04-18,73.631996
2009-04-19,74.7635
2009-04-20,65.798996
2009-04-21,55.6145
2009-04-22,55.6665
2009-04-23,67.7245
2009-04-24,69.904
2009-04-25,51.1325
2009-04-26,43.922497
2009-04-27,43.531998
2009-04-28,43.0375
2009-04-29,62.385498
2009-04-30,62.9215
2009-05-01,49.4585
2009-05-02,49.1605
2009-05-03,56.0495
2009-05-04,61.37
2009-05-05,53.254
2009-05-06,66.426
2009-05-07,59.383
2009-05-08,59.615997
2009-05-09,65.1265
2009-05-10,61.559498
2009-05-11,60.3115
2009-05-12,65.8405
2009-05-13,74.381
2009-05-14,86.8495
2009-05-15,71.1185
2009-05-16,70.858
2009-05-17,64.4685
2009-05-18,65.8675
2009-05-19,70.8185
2009-05-20,60.312
2009-05-21,52.702
2009-05-22,60.605
2009-05-23,55.189
2009-05-24,59.445
2009-05-25,59.5275
2009-05-26,52.177998
2009-05-27,63.6195
2009-05-28,53.45
2009-05-29,70.8655
2009-05-30,80.401
2009-05-31,78.19949
2009-06-01,78.1715
2009-06-02,69.0675
2009-06-03,51.093
2009-06-04,57.431
2009-06-05,65.592
2009-06-06,63.6015
2009-06-07,73.984
2009-06-08,69.572
2009-06-09,54.489
2009-06-10,61.48
2009-06-11,75.9
2009-06-12,63.9885
2009-06-13,55.254498
2009-06-14,50.2695
2009-06-15,62.607
2009-06-16,69.265
2009-06-17,58.0985
2009-06-18,53.0535
2009-06-19,49.983997
2009-06-20,80.405
2009-06-21,65.653496
2009-06-22,86.3955
2009-06-23,89.7135
2009-06-24,90.407
2009-06-25,83.065
2009-06-26,87.148
2009-06-27,86.339
2009-06-28,89.672
2009-06-29,83.0895
2009-06-30,77.0955
2009-07-01,67.768
2009-07-02,74.8915
2009-07-03,70.6005
2009-07-04,65.910995
2009-07-05,67.8975
2009-07-06,75.8935
2009-07-07,72.061
2009-07-08,70.544
2009-07-09,71.9635
2009-07-10,88.6755
2009-07-11,67.711
2009-07-12,64.3695
2009-07-13,66.75
2009-07-14,65.3825
2009-07-15,64.8255
2009-07-16,66.755
2009-07-17,67.723495
2009-07-18,78.944
2009-07-19,63.793
2009-07-20,70.944496
2009-07-21,63.808
2009-07-22,57.4895
2009-07-23,61.2695
2009-07-24,64.4945
2009-07-25,68.1995
2009-07-26,64.6095
2009-07-27,61.2025
2009-07-28,63.6595
2009-07-29,65.374
2009-07-30,59.516
2009-07-31,57.563
2009-08-01,60.704998
2009-08-02,51.6345
2009-08-03,61.482
2009-08-04,84.2165
2009-08-05,77.723
2009-08-06,70.767
2009-08-07,65.739
2009-08-08,59.9025
2009-08-09,74.031
2009-08-10,60.456497
2009-08-11,82.4285
2009-08-12,73.711
2009-08-13,77.3425
2009-08-14,73.6925
2009-08-15,63.5275
2009-08-16,61.9825
2009-08-17,63.3565
2009-08-18,63.603
2009-08-19,62.3175
2009-08-20,61.3285
2009-08-21,55.665
2009-08-22,80.4505
2009-08-23,69.007996
2009-08-24,67.882996
2009-08-25,65.7855
2009-08-26,64.631
2009-08-27,70.1735
2009-08-28,65.847
2009-08-29,84.071
2009-08-30,69.2475
2009-08-31,68.7685
2009-09-01,56.5565
2009-09-02,65.571
2009-09-03,65.4075
2009-09-04,88.0685
2009-09-05,72.472496
2009-09-06,70.335
2009-09-07,73.317
2009-09-08,69.8045
2009-09-09,71.7955
2009-09-10,71.534996
2009-09-11,78.0805
2009-09-12,72.983
2009-09-13,70.177
2009-09-14,78.090996
2009-09-15,78.323
2009-09-16,74.056
2009-09-17,86.183
2009-09-18,83.2895
2009-09-19,69.8455
2009-09-20,70.2705
2009-09-21,72.4905
2009-09-22,74.356
2009-09-23,73.732
2009-09-24,74.8695
2009-09-25,68.781
2009-09-26,73.1435
2009-09-27,73.812996
2009-09-28,76.406
2009-09-29,65.0725
2009-09-30,74.5375
2009-10-01,72.6045
2009-10-02,69.9535
2009-10-03,69.736496
2009-10-04,56.4525
2009-10-05,65.681
2009-10-06,62.7205
2009-10-07,64.607
2009-10-08,69.991
2009-10-09,83.846
2009-10-10,89.879
2009-10-11,80.381996
2009-10-12,79.695
2009-10-13,63.3205
2009-10-14,70.4665
2009-10-15,73.125
2009-10-16,70.3665
2009-10-17,80.0735
2009-10-18,84.0435
2009-10-19,77.187
2009-10-20,79.3235
2009-10-21,76.709496
2009-10-22,67.958
2009-10-23,82.4365
2009-10-24,87.0485
2009-10-25,84.8225
2009-10-26,89.6445
2009-10-27,76.68
2009-10-28,79.42
2009-10-29,90.1295
2009-10-30,77.8715
2009-10-31,91.95789
2009-11-01,88.6215
2009-11-02,75.9025
2009-11-03,81.394
2009-11-04,84.5015
2009-11-05,89.3595
2009-11-06,89.8435
2009-11-07,89.722
2009-11-08,92.10421
2009-11-09,90.542
2009-11-10,92.22941
2009-11-11,88.346
2009-11-12,76.003
2009-11-13,80.627495
2009-11-14,85.059
2009-11-15,79.923996
2009-11-16,87.865
2009-11-17,87.304
2009-11-18,89.0885
2009-11-19,85.226
2009-11-20,93.76666
2009-11-21,94.302
2009-11-22,94.005714
2009-11-23,91.383156
2009-11-24,86.406
2009-11-25,73.5605
2009-11-26,90.3205
2009-11-27,91.65948
2009-11-28,90.877
2009-11-29,68.9905
2009-11-30,67.8195
2009-12-01,85.4795
2009-12-02,86.62
2009-12-03,93.955
2009-12-04,92.486664
2009-12-05,84.236
2009-12-06,89.876
2009-12-07,91.68895
2009-12-08,92.88052
2009-12-09,86.0415
2009-12-10,76.765
2009-12-11,91.03105
2009-12-12,81.4265
2009-12-13,82.999
2009-12-14,85.5535
2009-12-15,82.9
2009-12-16,78.3445
2009-12-17,75.9685
2009-12-18,80.4895
2009-12-19,87.2095
2009-12-20,72.9985
2009-12-21,73.7305
2009-12-22,71.442
2009-12-23,86.4835
2009-12-24,76.471
2009-12-25,80.001
2009-12-26,68.556
2009-12-27,82.115
2009-12-28,77.831
2009-12-29,79.591995
2009-12-30,91.15842
2009-12-31,93.80571
2010-01-01,94.00455
2010-01-02,78.437996
2010-01-03,72.5455
2010-01-04,78.715996
2010-01-05,81.157
2010-01-06,89.5765
2010-01-07,87.594
2010-01-08,92.60267
2010-01-09,94.55333
2010-01-10,87.4065
2010-01-11,77.572
2010-01-12,85.323
2010-01-13,82.9955
2010-01-14,79.385
2010-01-15,83.016
2010-01-16,81.0585
2010-01-17,87.1345
2010-01-18,92.445
2010-01-19,92.563156
2010-01-20,86.0065
2010-01-21,84.444496
2010-01-22,76.176
2010-01-23,79.923
2010-01-24,80.3695
2010-01-25,77.7865
2010-01-26,70.528
2010-01-27,68.986
2010-01-28,73.571
2010-01-29,68.499
2010-01-30,82.153496
2010-01-31,72.328995
2010-02-01,70.980995
2010-02-02,71.0495
2010-02-03,69.669
2010-02-04,77.778
2010-02-05,78.43
2010-02-06,69.423996
2010-02-07,69.6075
2010-02-08,70.556
2010-02-09,71.924
2010-02-10,78.95
2010-02-11,91.56263
2010-02-12,86.1775
2010-02-13,76.1355
2010-02-14,72.4815
2010-02-15,76.4495
2010-02-16,79.76
2010-02-17,80.945
2010-02-18,87.75
2010-02-19,91.818
2010-02-20,81.4305
2010-02-21,67.659
2010-02-22,65.532
2010-02-23,74.277
2010-02-24,87.688
2010-02-25,86.872
2010-02-26,83.125496
2010-02-27,59.190998
2010-02-28,52.201
2010-03-01,65.4355
2010-03-02,66.1095
2010-03-03,63.1275
2010-03-04,66.458
2010-03-05,56.4995
2010-03-06,58.814
2010-03-07,60.017498
2010-03-08,64.798996
2010-03-09,48.5925
2010-03-10,50.560497
2010-03-11,87.861496
2010-03-12,69.114
2010-03-13,67.2525
2010-03-14,58.351498
2010-03-15,51.426
2010-03-16,70.268
2010-03-17,68.345
2010-03-18,60.144
2010-03-19,59.574997
2010-03-20,54.614998
2010-03-21,61.471
2010-03-22,72.207
2010-03-23,77.8975
2010-03-24,71.417
2010-03-25,63.5125
2010-03-26,55.1555
2010-03-27,62.919
2010-03-28,61.9225
2010-03-29,52.810497
2010-03-30,42.7235
2010-03-31,78.264
2010-04-01,63.6885
2010-04-02,74.643
2010-04-03,62.1345
2010-04-04,49.5555
2010-04-05,87.913
2010-04-06,66.0055
2010-04-07,70.022
2010-04-08,71.954
2010-04-09,66.076
2010-04-10,67.3995
2010-04-11,73.1615
2010-04-12,90.215
2010-04-13,93.107056
2010-04-14,88.8115
2010-04-15,91.52842
2010-04-16,79.736496
2010-04-17,63.3985
2010-04-18,67.37
2010-04-19,75.001495
2010-04-20,64.5075
2010-04-21,55.282997
2010-04-22,53.53
2010-04-23,67.3595
2010-04-24,62.375
2010-04-25,68.5235
2010-04-26,64.776
2010-04-27,72.422
2010-04-28,60.489998
2010-04-29,57.886497
2010-04-30,56.8195
2010-05-01,68.4655
2010-05-02,67.0625
2010-05-03,71.168495
2010-05-04,80.3545
2010-05-05,93.33385
2010-05-06,67.945496
2010-05-07,70.1775
2010-05-08,73.221
2010-05-09,76.7165
2010-05-10,68.654
2010-05-11,71.7175
2010-05-12,83.1745
2010-05-13,88.562
2010-05-14,86.542
2010-05-15,86.267
2010-05-16,91.914
2010-05-17,87.617
2010-05-18,73.807
2010-05-19,71.4525
2010-05-20,81.118
2010-05-21,80.9415
2010-05-22,73.94
2010-05-23,69.9815
2010-05-24,67.655
2010-05-25,82.445
2010-05-26,90.8985
2010-05-27,87.8475
2010-05-28,73.808
2010-05-29,75.7745
2010-05-30,89.228
2010-05-31,75.765495
2010-06-01,90.1755
2010-06-02,89.892
2010-06-03,89.957504
2010-06-04,79.1755
2010-06-05,71.833
2010-06-06,66.8975
2010-06-07,72.695
2010-06-08,69.974
2010-06-09,66.201
2010-06-10,54.1125
2010-06-11,50.3005
2010-06-12,55.295
2010-06-13,71.3585
2010-06-14,80.737
2010-06-15,71.6705
2010-06-16,91.6485
2010-06-17,77.201996
2010-06-18,87.358
2010-06-19,75.148
2010-06-20,80.043
2010-06-21,78.952995
2010-06-22,66.4765
2010-06-23,54.92
2010-06-24,61.239998
2010-06-25,76.041
2010-06-26,68.475
2010-06-27,58.055
2010-06-28,70.444496
2010-06-29,66.660995
2010-06-30,62.531998
2010-07-01,65.4005
2010-07-02,68.25
2010-07-03,63.09
2010-07-04,63.804
2010-07-05,63.0335
2010-07-06,79.8995
2010-07-07,64.6245
2010-07-08,62.3005
2010-07-09,62.239998
2010-07-10,63.329
2010-07-11,64.807495
2010-07-12,61.351
2010-07-13,62.625
2010-07-14,62.0685
2010-07-15,69.151
2010-07-16,71.01
2010-07-17,64.2265
2010-07-18,77.853
2010-07-19,69.5395
2010-07-20,73.0265
2010-07-21,71.316
2010-07-22,66.6795
2010-07-23,69.4695
2010-07-24,72.7975
2010-07-25,82.427
2010-07-26,84.056
2010-07-27,72.794
2010-07-28,59.735
2010-07-29,71.625
2010-07-30,91.3695
2010-07-31,81.812
2010-08-01,72.9185
2010-08-02,68.9785
2010-08-03,81.7395
2010-08-04,75.6475
2010-08-05,80.0915
2010-08-06,87.0575
2010-08-07,89.778
2010-08-08,78.9115
2010-08-09,80.9025
2010-08-10,77.0165
2010-08-11,78.2535
2010-08-12,74.333
2010-08-13,77.5995
2010-08-14,81.88
2010-08-15,80.2
2010-08-16,83.548
2010-08-17,76.1425
2010-08-18,76.314
2010-08-19,73.0735
2010-08-20,70.723495
2010-08-21,74.015
2010-08-22,72.165
2010-08-23,66.4945
2010-08-24,83.881996
2010-08-25,63.7655
2010-08-26,73.218
2010-08-27,80.065994
2010-08-28,83.269
2010-08-29,74.1925
2010-08-30,91.8975
2010-08-31,88.4375
2010-09-01,70.4545
2010-09-02,79.4805
2010-09-03,78.8395
2010-09-04,91.6365
2010-09-05,80.6385
2010-09-06,83.253494
2010-09-07,89.4115
2010-09-08,90.527504
2010-09-09,83.037
2010-09-10,90.29
2010-09-11,89.5015
2010-09-12,91.4205
2010-09-13,84.6855
2010-09-14,77.6185
2010-09-15,78.559
2010-09-16,92.507
2010-09-17,92.0795
2010-09-18,80.307495
2010-09-19,79.664
2010-09-20,76.7415
2010-09-21,79.71
2010-09-22,83.0255
2010-09-23,77.6045
2010-09-24,72.2285
2010-09-25,77.8725
2010-09-26,90.27
2010-09-27,73.841
2010-09-28,75.079
2010-09-29,75.436
2010-09-30,77.84
2010-10-01,82.7865
2010-10-02,81.6665
2010-10-03,73.947495
2010-10-04,79.5715
2010-10-05,87.4035
2010-10-06,93.33071
2010-10-07,84.7025
2010-10-08,84.3725
2010-10-09,83.4005
2010-10-10,88.6645
2010-10-11,85.923
2010-10-12,83.7185
2010-10-13,89.233
2010-10-14,91.235
2010-10-15,81.0265
2010-10-16,85.9815
2010-10-17,92.92667
2010-10-18,92.548996
2010-10-19,84.083496
2010-10-20,86.7105
2010-10-21,70.583496
2010-10-22,78.77
2010-10-23,85.5605
2010-10-24,82.0065
2010-10-25,92.76684
2010-10-26,75.437996
2010-10-27,79.68
2010-10-28,75.575
2010-10-29,72.0775
2010-10-30,73.0095
2010-10-31,69.3105
2010-11-01,66.372
2010-11-02,74.0075
2010-11-03,85.6895
2010-11-04,80.0025
2010-11-05,77.843994
2010-11-06,78.572
2010-11-07,76.2345
2010-11-08,85.8025
2010-11-09,73.8515
2010-11-10,85.243
2010-11-11,78.522
2010-11-12,71.49
2010-11-13,74.486
2010-11-14,76.5355
2010-11-15,77.685
2010-11-16,84.886
2010-11-17,92.3955
2010-11-18,87.6165
2010-11-19,93.96875
2010-11-20,86.036
2010-11-21,91.209
2010-11-22,92.06
2010-11-23,70.889
2010-11-24,72.585
2010-11-25,80.4825
2010-11-26,82.778
2010-11-27,85.858
2010-11-28,91.51
2010-11-29,85.435
2010-11-30,81.989
2010-12-01,89.4915
2010-12-02,86.971
2010-12-03,94.03846
2010-12-04,87.436
2010-12-05,86.986
2010-12-06,77.2505
2010-12-07,90.693
2010-12-08,93.631424
2010-12-09,82.653496
2010-12-10,69.1585
2010-12-11,83.908
2010-12-12,74.881996
2010-12-13,69.064995
2010-12-14,79.9765
2010-12-15,82.665
2010-12-16,81.256996
2010-12-17,82.365
2010-12-18,91.022
2010-12-19,77.929
2010-12-20,75.083
2010-12-21,89.9765
2010-12-22,82.1925
2010-12-23,79.549995
2010-12-24,85.2905
2010-12-25,79.859
2010-12-26,65.2
2010-12-27,74.0575
2010-12-28,82.029
2010-12-29,85.462
2010-12-30,88.924
2010-12-31,92.50611
2011-01-01,91.26688
2011-01-02,87.2005
2011-01-03,82.368
2011-01-04,88.4705
2011-01-05,79.0375
2011-01-06,81.5645
2011-01-07,82.1485
2011-01-08,92.0025
2011-01-09,92.514
2011-01-10,93.75
2011-01-11,93.21445
2011-01-12,86.3655
2011-01-13,92.166
2011-01-14,91.527
2011-01-15,78.4435
2011-01-16,83.895
2011-01-17,94.71
2011-01-18,93.5
2011-01-19,93.43222
2011-01-20,73.8455
2011-01-21,69.437996
2011-01-22,66.8225
2011-01-23,70.0415
2011-01-24,73.2535
2011-01-25,80.972
2011-01-26,89.309
2011-01-27,92.45895
2011-01-28,91.277
2011-01-29,92.076004
2011-01-30,87.2195
2011-01-31,82.9505
2011-02-01,81.134
2011-02-02,76.444496
2011-02-03,86.8925
2011-02-04,79.755
2011-02-05,63.7385
2011-02-06,70.534996
2011-02-07,68.3635
2011-02-08,78.2055
2011-02-09,77.365
2011-02-10,78.6365
2011-02-11,82.9995
2011-02-12,63.638
2011-02-13,68.7045
2011-02-14,66.7725
2011-02-15,53.489
2011-02-16,86.699
2011-02-17,86.711
2011-02-18,93.596664
2011-02-19,79.7165
2011-02-20,67.4685
2011-02-21,70.876
2011-02-22,70.083496
2011-02-23,63.865997
2011-02-24,60.0265
2011-02-25,61.739
2011-02-26,68.7095
2011-02-27,82.0645
2011-02-28,80.393
2011-03-01,77.4665
2011-03-02,71.289
2011-03-03,85.35
2011-03-04,75.201
2011-03-05,73.7455
2011-03-06,54.257
2011-03-07,47.802
2011-03-08,51.733997
2011-03-09,46.8535
2011-03-10,73.275
2011-03-11,66.746
2011-03-12,55.7295
2011-03-13,47.3485
2011-03-14,56.4265
2011-03-15,65.1765
2011-03-16,73.2295
2011-03-17,88.6885
2011-03-18,86.9865
2011-03-19,79.018
2011-03-20,64.2515
2011-03-21,62.760498
2011-03-22,62.462997
2011-03-23,61.5515
2011-03-24,48.727497
2011-03-25,54.3625
2011-03-26,55.364
2011-03-27,77.6705
2011-03-28,84.1425
2011-03-29,72.483
2011-03-30,63.440998
2011-03-31,63.777
2011-04-01,74.798996
2011-04-02,73.207
2011-04-03,64.284996
2011-04-04,67.172
2011-04-05,66.618
2011-04-06,69.131
2011-04-07,54.408
2011-04-08,39.388996
2011-04-09,39.587498
2011-04-10,43.228996
2011-04-11,51.1245
2011-04-12,66.758995
2011-04-13,65.3205
2011-04-14,82.3265
2011-04-15,68.359
2011-04-16,61.9515
2011-04-17,61.242996
2011-04-18,67.404495
2011-04-19,61.9005
2011-04-20,58.170998
2011-04-21,53.156
2011-04-22,53.0755
2011-04-23,49.626
2011-04-24,54.4325
2011-04-25,75.2815
2011-04-26,86.518
2011-04-27,72.437996
2011-04-28,71.474
2011-04-29,77.361
2011-04-30,78.8885
2011-05-01,85.3565
2011-05-02,65.555
2011-05-03,76.586
2011-05-04,57.42
2011-05-05,61.996998
2011-05-06,60.0195
2011-05-07,52.996
2011-05-08,69.04
2011-05-09,62.121
2011-05-10,62.0575
2011-05-11,60.5705
2011-05-12,53.774498
2011-05-13,64.073
2011-05-14,68.348495
2011-05-15,86.012
2011-05-16,61.1965
2011-05-17,69.884995
2011-05-18,68.15
2011-05-19,60.8015
2011-05-20,62.4535
2011-05-21,70.8165
2011-05-22,73.298
2011-05-23,68.2945
2011-05-24,67.687996
2011-05-25,53.847
2011-05-26,51.919
2011-05-27,66.715996
2011-05-28,89.0375
2011-05-29,69.8
2011-05-30,64.9285
2011-05-31,61.184498
2011-06-01,74.9655
2011-06-02,75.148994
2011-06-03,72.961
2011-06-04,77.3285
2011-06-05,73.0895
2011-06-06,66.243996
2011-06-07,78.281
2011-06-08,73.8735
2011-06-09,79.3435
2011-06-10,63.328
2011-06-11,58.7485
2011-06-12,70.134995
2011-06-13,67.7205
2011-06-14,66.604996
2011-06-15,66.4655
2011-06-16,60.337997
2011-06-17,66.069
2011-06-18,65.58
2011-06-19,78.779
2011-06-20,58.099
2011-06-21,58.952
2011-06-22,53.3155
2011-06-23,64.918
2011-06-24,68.7765
2011-06-25,69.5225
2011-06-26,79.964
2011-06-27,67.613495
2011-06-28,51.175
2011-06-29,71.6495
2011-06-30,79.1365
2011-07-01,69.4955
2011-07-02,66.4645
2011-07-03,77.4245
2011-07-04,74.542496
2011-07-05,67.996994
2011-07-06,64.9325
2011-07-07,58.478
2011-07-08,58.711
2011-07-09,59.7
2011-07-10,62.179497
2011-07-11,65.8725
2011-07-12,63.1545
2011-07-13,52.5345
2011-07-14,63.630497
2011-07-15,70.895996
2011-07-16,57.1255
2011-07-17,47.0085
2011-07-18,69.2045
2011-07-19,77.4605
2011-07-20,79.183495
2011-07-21,88.1965
2011-07-22,76.129
2011-07-23,84.1615
2011-07-24,87.099
2011-07-25,84.4385
2011-07-26,84.162
2011-07-27,78.834496
2011-07-28,93.55067
2011-07-29,81.116
2011-07-30,72.985
2011-07-31,82.392
2011-08-01,86.8175
2011-08-02,77.7695
2011-08-03,74.2175
2011-08-04,93.8395
2011-08-05,80.42
2011-08-06,75.6615
2011-08-07,77.465
2011-08-08,90.143
2011-08-09,65.935
2011-08-10,70.2495
2011-08-11,70.103
2011-08-12,72.5255
2011-08-13,81.423996
2011-08-14,71.5805
2011-08-15,78.68
2011-08-16,76.7415
2011-08-17,71.6895
2011-08-18,68.4155
2011-08-19,72.480995
2011-08-20,71.981
2011-08-21,71.7655
2011-08-22,74.402504
2011-08-23,63.7365
2011-08-24,62.376
2011-08-25,71.231
2011-08-26,59.6905
2011-08-27,56.990498
2011-08-28,70.911995
2011-08-29,72.376
2011-08-30,63.8645
2011-08-31,66.265
2011-09-01,70.4305
2011-09-02,71.749
2011-09-03,70.116
2011-09-04,57.3625
2011-09-05,57.734497
2011-09-06,61.871998
2011-09-07,60.246998
2011-09-08,81.1225
2011-09-09,77.934
2011-09-10,70.798996
2011-09-11,69.597
2011-09-12,61.2465
2011-09-13,64.5795
2011-09-14,71.4655
2011-09-15,70.819496
2011-09-16,73.459496
2011-09-17,67.847
2011-09-18,53.971
2011-09-19,82.597
2011-09-20,93.821175
2011-09-21,83.7965
2011-09-22,82.712
2011-09-23,75.2065
2011-09-24,76.444
2011-09-25,73.709
2011-09-26,74.3255
2011-09-27,75.568
2011-09-28,70.2805
2011-09-29,62.3015
2011-09-30,73.2015
2011-10-01,74.255
2011-10-02,68.983
2011-10-03,77.779495
2011-10-04,77.2985
2011-10-05,76.505
2011-10-06,68.603
2011-10-07,85.8225
2011-10-08,81.1875
2011-10-09,80.4725
2011-10-10,81.4925
2011-10-11,83.4605
2011-10-12,84.594
2011-10-13,78.229996
2011-10-14,73.854996
2011-10-15,74.6295
2011-10-16,69.0675
2011-10-17,68.6185
2011-10-18,61.258
2011-10-19,66.0875
2011-10-20,86.229
2011-10-21,73.308
2011-10-22,80.179
2011-10-23,
2011-10-24,91.92625
2011-10-25,90.826
2011-10-26,76.2215
2011-10-27,69.654
2011-10-28,78.444496
2011-10-29,86.1855
2011-10-30,72.9795
2011-10-31,85.2705
2011-11-01,91.9245
2011-11-02,93.00647
2011-11-03,92.862
2011-11-04,83.8165
2011-11-05,65.7135
2011-11-06,64.878
2011-11-07,71.294495
2011-11-08,82.322
2011-11-09,86.8625
2011-11-10,
2011-11-11,76.9425
2011-11-12,73.569
2011-11-13,83.506996
2011-11-14,82.889496
2011-11-15,88.275
2011-11-16,
2011-11-17,
2011-11-18,
2011-11-19,94.475
2011-11-20,93.615715
2011-11-21,92.60474
2011-11-22,91.96176
2011-11-23,94.00143
2011-11-24,
2011-11-25,94.11833
2011-11-26,92.50471
2011-11-27,93.619995
2011-11-28,81.19
2011-11-29,
2011-11-30,93.57533
2011-12-01,93.24
2011-12-02,94.71
2011-12-03,
2011-12-04,91.31737
2011-12-05,70.405
2011-12-06,72.9295
2011-12-07,79.5045
2011-12-08,62.892998
2011-12-09,62.947
2011-12-10,87.389
2011-12-11,76.533
2011-12-12,80.6645
2011-12-13,81.5405
2011-12-14,92.420555
2011-12-15,87.9735
2011-12-16,82.112
2011-12-17,70.3595
2011-12-18,72.3695
2011-12-19,87.571
2011-12-20,74.6185
2011-12-21,91.426
2011-12-22,89.061005
2011-12-23,92.149994
2011-12-24,91.369
2011-12-25,72.346
2011-12-26,86.3925
2011-12-27,87.878
2011-12-28,85.996
2011-12-29,86.7545
2011-12-30,84.1045
2011-12-31,78.5
2012-01-01,93.166664
2012-01-02,89.9
2012-01-03,85.974
2012-01-04,82.1965
2012-01-05,73.008
2012-01-06,62.482502
2012-01-07,72.27
2012-01-08,83.488
2012-01-09,77.856995
2012-01-10,82.0945
2012-01-11,71.904
2012-01-12,67.723495
2012-01-13,77.708496
2012-01-14,67.385
2012-01-15,66.145996
2012-01-16,69.167496
2012-01-17,88.398
2012-01-18,71.738
2012-01-19,81.4515
2012-01-20,84.5805
2012-01-21,76.502
2012-01-22,73.175995
2012-01-23,65.872
2012-01-24,83.2805
2012-01-25,71.63
2012-01-26,71.591995
2012-01-27,83.9975
2012-01-28,79.584496
2012-01-29,82.206
2012-01-30,70.9495
2012-01-31,72.768
2012-02-01,68.244
2012-02-02,60.179
2012-02-03,58.322
2012-02-04,49.1975
2012-02-05,70.6465
2012-02-06,74.551
2012-02-07,80.629
2012-02-08,74.701996
2012-02-09,71.4835
2012-02-10,81.4955
2012-02-11,76.672
2012-02-12,66.929
2012-02-13,63.483498
2012-02-14,76.938995
2012-02-15,74.832504
2012-02-16,81.9435
2012-02-17,87.171
2012-02-18,81.736496
2012-02-19,81.101
2012-02-20,75.891
2012-02-21,73.6225
2012-02-22,81.332
2012-02-23,77.286995
2012-02-24,74.8695
2012-02-25,63.833
2012-02-26,73.1205
2012-02-27,60.9785
2012-02-28,92.94611
2012-02-29,75.9765
2012-03-01,84.354
2012-03-02,76.095
2012-03-03,55.538998
2012-03-04,61.6595
2012-03-05,60.475
2012-03-06,56.2805
2012-03-07,50.414497
2012-03-08,63.2975
2012-03-09,78.843
2012-03-10,68.6275
2012-03-11,67.201
2012-03-12,79.662
2012-03-13,71.2175
2012-03-14,64.3005
2012-03-15,62.1755
2012-03-16,64.673
2012-03-17,49.392998
2012-03-18,46.8295
2012-03-19,56.3675
2012-03-20,52.087498
2012-03-21,51.976498
2012-03-22,60.2785
2012-03-23,56.6525
2012-03-24,54.5555
2012-03-25,46.947
2012-03-26,32.7845
2012-03-27,41.416996
2012-03-28,49.237
2012-03-29,45.560997
2012-03-30,72.46
2012-03-31,63.657
2012-04-01,55.206
2012-04-02,41.7705
2012-04-03,53.068497
2012-04-04,51.8415
2012-04-05,64.8225
2012-04-06,89.701004
2012-04-07,84.3075
2012-04-08,62.2545
2012-04-09,47.610996
2012-04-10,44.0585
2012-04-11,48.925
2012-04-12,83.53
2012-04-13,74.4165
2012-04-14,74.6265
2012-04-15,75.887
2012-04-16,82.878
2012-04-17,55.275497
2012-04-18,63.443
2012-04-19,59.6905
2012-04-20,55.438
2012-04-21,65.3525
2012-04-22,68.776
2012-04-23,65.9065
2012-04-24,67.312
2012-04-25,61.374
2012-04-26,54.691498
2012-04-27,58.836998
2012-04-28,50.218998
2012-04-29,41.719997
2012-04-30,43.091
2012-05-01,50.5845
2012-05-02,48.209
2012-05-03,65.766
2012-05-04,84.6875
2012-05-05,61.560997
2012-05-06,60.506
2012-05-07,71.022995
2012-05-08,59.3545
2012-05-09,54.281498
2012-05-10,51.7245
2012-05-11,49.083
2012-05-12,66.637
2012-05-13,50.645
2012-05-14,59.1395
2012-05-15,63.1555
2012-05-16,56.8755
2012-05-17,44.597
2012-05-18,47.581997
2012-05-19,55.045
2012-05-20,54.5625
2012-05-21,61.8765
2012-05-22,88.7715
2012-05-23,76.778
2012-05-24,54.308
2012-05-25,49.0075
2012-05-26,48.2985
2012-05-27,48.079998
2012-05-28,70.917496
2012-05-29,65.243
2012-05-30,59.9595
2012-05-31,65.9885
2012-06-01,77.1285
2012-06-02,86.7995
2012-06-03,69.3085
2012-06-04,74.7695
2012-06-05,70.182495
2012-06-06,58.791
2012-06-07,60.604
2012-06-08,61.3175
2012-06-09,81.6495
2012-06-10,83.2245
2012-06-11,81.3395
2012-06-12,82.585
2012-06-13,83.7845
2012-06-14,65.372
2012-06-15,69.65
2012-06-16,59.22
2012-06-17,56.8345
2012-06-18,57.7395
2012-06-19,55.717
2012-06-20,49.827
2012-06-21,65.2695
2012-06-22,73.83
2012-06-23,70.956
2012-06-24,58.089
2012-06-25,79.1605
2012-06-26,58.858997
2012-06-27,59.496
2012-06-28,62.2845
2012-06-29,60.629498
2012-06-30,54.201
2012-07-01,51.803497
2012-07-02,54.118
2012-07-03,44.9375
2012-07-04,61.996
2012-07-05,71.386
2012-07-06,65.5665
2012-07-07,65.928
2012-07-08,58.1295
2012-07-09,59.127
2012-07-10,59.479
2012-07-11,68.467995
2012-07-12,64.611496
2012-07-13,85.493996
2012-07-14,85.491
2012-07-15,90.005
2012-07-16,70.6695
2012-07-17,67.895
2012-07-18,61.12
2012-07-19,61.212498
2012-07-20,76.308
2012-07-21,92.575264
2012-07-22,68.514496
2012-07-23,62.229
2012-07-24,72.1245
2012-07-25,90.9035
2012-07-26,81.042496
2012-07-27,76.8665
2012-07-28,67.891
2012-07-29,84.191
2012-07-30,69.914
2012-07-31,69.863495
2012-08-01,66.1295
2012-08-02,68.817
2012-08-03,74.023
2012-08-04,67.9635
2012-08-05,61.9975
2012-08-06,46.7275
2012-08-07,59.874
2012-08-08,68.158
2012-08-09,63.21
2012-08-10,62.650497
2012-08-11,69.4345
2012-08-12,68.595
2012-08-13,64.736
2012-08-14,61.243
2012-08-15,60.277
2012-08-16,61.1955
2012-08-17,65.182
2012-08-18,65.365
2012-08-19,60.737
2012-08-20,48.858498
2012-08-21,61.5265
2012-08-22,62.236
2012-08-23,69.243
2012-08-24,58.253498
2012-08-25,56.1265
2012-08-26,74.205
2012-08-27,63.9855
2012-08-28,60.488
2012-08-29,61.228
2012-08-30,52.2665
2012-08-31,72.92
2012-09-01,90.9075
2012-09-02,83.3105
2012-09-03,75.87
2012-09-04,73.311005
2012-09-05,67.304
2012-09-06,57.161
2012-09-07,60.532497
2012-09-08,62.248497
2012-09-09,64.7335
2012-09-10,48.517998
2012-09-11,44.4225
2012-09-12,68.343
2012-09-13,90.206
2012-09-14,74.792496
2012-09-15,63.8005
2012-09-16,70.6145
2012-09-17,70.7435
2012-09-18,71.687996
2012-09-19,81.46
2012-09-20,65.239
2012-09-21,66.2295
2012-09-22,67.882996
2012-09-23,65.269
2012-09-24,64.059
2012-09-25,66.5995
2012-09-26,55.066498
2012-09-27,67.359
2012-09-28,70.1875
2012-09-29,77.877495
2012-09-30,78.599
2012-10-01,71.599495
2012-10-02,89.895
2012-10-03,76.691
2012-10-04,73.8865
2012-10-05,59.9125
2012-10-06,66.3345
2012-10-07,80.446495
2012-10-08,73.348495
2012-10-09,64.6575
2012-10-10,67.1165
2012-10-11,75.173996
2012-10-12,65.3565
2012-10-13,78.8565
2012-10-14,78.192
2012-10-15,79.212
2012-10-16,93.20944
2012-10-17,85.8925
2012-10-18,73.5475
2012-10-19,80.486
2012-10-20,92.41055
2012-10-21,92.792145
2012-10-22,92.75706
2012-10-23,
2012-10-24,91.48631
2012-10-25,88.4405
2012-10-26,86.822
2012-10-27,90.21421
2012-10-28,77.748
2012-10-29,90.7975
2012-10-30,74.8565
2012-10-31,78.7735
2012-11-01,87.2645
2012-11-02,92.3435
2012-11-03,81.224
2012-11-04,64.9535
2012-11-05,88.173996
2012-11-06,84.8665
2012-11-07,73.661
2012-11-08,74.1605
2012-11-09,83.575
2012-11-10,85.2255
2012-11-11,76.673996
2012-11-12,92.33
2012-11-13,83.671
2012-11-14,93.32176
2012-11-15,91.3365
2012-11-16,83.565
2012-11-17,88.707
2012-11-18,88.3595
2012-11-19,89.433685
2012-11-20,93.38
2012-11-21,89.24
2012-11-22,90.7825
2012-11-23,93.432304
2012-11-24,84.357
2012-11-25,86.453
2012-11-26,93.250626
2012-11-27,67.177
2012-11-28,75.2535
2012-11-29,76.726
2012-11-30,70.5895
2012-12-01,79.568
2012-12-02,87.2735
2012-12-03,74.7845
2012-12-04,85.3925
2012-12-05,90.1935
2012-12-06,90.165
2012-12-07,73.287
2012-12-08,71.572
2012-12-09,69.4335
2012-12-10,72.3175
2012-12-11,81.6
2012-12-12,74.723
2012-12-13,70.623
2012-12-14,71.8435
2012-12-15,83.5575
2012-12-16,
2012-12-17,
2012-12-18,93.975
2012-12-19,93.31714
2012-12-20,90.874214
2012-12-21,92.55353
2012-12-22,93.04722
2012-12-23,93.08
2012-12-24,93.6025
2012-12-25,92.619995
2012-12-26,94.71
2012-12-27,84.3295
2012-12-28,81.548996
2012-12-29,79.6485
2012-12-30,77.178
2012-12-31,75.631
2013-01-01,89.159
2013-01-02,92.30214
2013-01-03,82.7635
2013-01-04,75.5495
2013-01-05,76.397995
2013-01-06,83.4025
2013-01-07,71.729996
2013-01-08,90.71895
2013-01-09,93.40889
2013-01-10,93.4
2013-01-11,80.854
2013-01-12,81.136
2013-01-13,93.04615
2013-01-14,94.08
2013-01-15,94.12875
2013-01-16,90.3405
2013-01-17,93.588
2013-01-18,91.672775
2013-01-19,83.457
2013-01-20,90.17263
2013-01-21,94.09143
2013-01-22,85.002
2013-01-23,87.2185
2013-01-24,86.8355
2013-01-25,72.10899
2013-01-26,80.729996
2013-01-27,84.798996
2013-01-28,91.51369
2013-01-29,90.10263
2013-01-30,82.8595
2013-01-31,60.0895
2013-02-01,64.8905
2013-02-02,82.694
2013-02-03,62.2185
2013-02-04,77.089
2013-02-05,74.955
2013-02-06,85.09
2013-02-07,71.812
2013-02-08,73.4225
2013-02-09,72.158
2013-02-10,88.76632
2013-02-11,82.223
2013-02-12,93.32222
2013-02-13,94.455
2013-02-14,93.921425
2013-02-15,93.5525
2013-02-16,83.227
2013-02-17,87.1655
2013-02-18,86.3435
2013-02-19,82.9745
2013-02-20,75.018
2013-02-21,71.593
2013-02-22,89.749
2013-02-23,93.54
2013-02-24,91.57842
2013-02-25,92.46632
2013-02-26,88.0985
2013-02-27,84.116
2013-02-28,79.545494
2013-03-01,80.1215
2013-03-02,68.6905
2013-03-03,71.4625
2013-03-04,66.6485
2013-03-05,52.3145
2013-03-06,55.6315
2013-03-07,65.7275
2013-03-08,82.7635
2013-03-09,86.104004
2013-03-10,90.854
2013-03-11,77.553
2013-03-12,76.254
2013-03-13,76.512
2013-03-14,92.589
2013-03-15,57.0305
2013-03-16,61.7975
2013-03-17,64.2175
2013-03-18,82.158
2013-03-19,74.111
2013-03-20,65.333
2013-03-21,69.7305
2013-03-22,59.668
2013-03-23,65.8645
2013-03-24,60.989
2013-03-25,65.297
2013-03-26,93.90357
2013-03-27,87.1625
2013-03-28,77.6645
2013-03-29,93.40813
2013-03-30,88.127
2013-03-31,92.68882
2013-04-01,69.968
2013-04-02,75.3125
2013-04-03,92.90369
2013-04-04,80.461
2013-04-05,85.0085
2013-04-06,75.7815
2013-04-07,67.912
2013-04-08,65.005
2013-04-09,66.96
2013-04-10,75.2025
2013-04-11,63.926
2013-04-12,70.6575
2013-04-13,69.257996
2013-04-14,57.672
2013-04-15,55.422
2013-04-16,54.725
2013-04-17,60.4265
2013-04-18,59.37
2013-04-19,67.1915
2013-04-20,72.994
2013-04-21,62.013
2013-04-22,54.106
2013-04-23,67.0515
2013-04-24,58.038498
2013-04-25,57.954
2013-04-26,50.260998
2013-04-27,48.479
2013-04-28,63.102497
2013-04-29,59.558
2013-04-30,60.475
2013-05-01,65.9005
2013-05-02,86.6155
2013-05-03,83.4615
2013-05-04,76.250496
2013-05-05,73.4805
2013-05-06,78.2435
2013-05-07,82.0635
2013-05-08,77.391495
2013-05-09,67.1445
2013-05-10,62.413498
2013-05-11,88.891
2013-05-12,80.928
2013-05-13,58.628498
2013-05-14,68.794
2013-05-15,62.2305
2013-05-16,56.2635
2013-05-17,79.125496
2013-05-18,63.9615
2013-05-19,58.504498
2013-05-20,64.4575
2013-05-21,58.7305
2013-05-22,66.6695
2013-05-23,60.9085
2013-05-24,65.989
2013-05-25,72.529
2013-05-26,62.708
2013-05-27,75.5155
2013-05-28,65.7705
2013-05-29,66.9295
2013-05-30,90.297
2013-05-31,85.3225
2013-06-01,81.214
2013-06-02,80.169
2013-06-03,80.718
2013-06-04,85.014
2013-06-05,84.95
2013-06-06,79.6435
2013-06-07,78.0645
2013-06-08,72.645996
2013-06-09,62.7905
2013-06-10,60.376
2013-06-11,83.671
2013-06-12,61.1615
2013-06-13,65.556
2013-06-14,71.485
2013-06-15,71.406
2013-06-16,77.320496
2013-06-17,66.9695
2013-06-18,64.438
2013-06-19,64.253
2013-06-20,57.7005
2013-06-21,62.8205
2013-06-22,72.983
2013-06-23,67.531
2013-06-24,84.8805
2013-06-25,77.737
2013-06-26,71.889
2013-06-27,69.5195
2013-06-28,71.3795
2013-06-29,63.686
2013-06-30,66.834
2013-07-01,60.4535
2013-07-02,59.7995
2013-07-03,54.4445
2013-07-04,65.9985
2013-07-05,66.797
2013-07-06,73.5645
2013-07-07,64.429
2013-07-08,64.940994
2013-07-09,64.654
2013-07-10,64.7125
2013-07-11,65.056496
2013-07-12,63.1585
2013-07-13,63.958
2013-07-14,61.095
2013-07-15,62.4185
2013-07-16,61.087498
2013-07-17,60.4585
2013-07-18,58.087498
2013-07-19,62.4295
2013-07-20,55.021
2013-07-21,56.222
2013-07-22,57.571
2013-07-23,54.915
2013-07-24,56.177498
2013-07-25,66.622
2013-07-26,63.1335
2013-07-27,55.018997
2013-07-28,47.136497
2013-07-29,46.026497
2013-07-30,57.6715
2013-07-31,59.676
2013-08-01,60.715
2013-08-02,56.1955
2013-08-03,54.788998
2013-08-04,52.2225
2013-08-05,72.3555
2013-08-06,54.9445
2013-08-07,47.656998
2013-08-08,34.5445
2013-08-09,64.832
2013-08-10,71.787994
2013-08-11,65.0785
2013-08-12,57.681
2013-08-13,72.049
2013-08-14,68.097496
2013-08-15,61.6735
2013-08-16,58.7215
2013-08-17,53.569
2013-08-18,47.385998
2013-08-19,54.5775
2013-08-20,75.8735
2013-08-21,69.978
2013-08-22,68.03
2013-08-23,64.881996
2013-08-24,71.641
2013-08-25,78.0065
2013-08-26,90.341
2013-08-27,88.2395
2013-08-28,92.63947
2013-08-29,68.875
2013-08-30,71.834
2013-08-31,71.754
2013-09-01,66.155
2013-09-02,57.43
2013-09-03,72.5
2013-09-04,76.76
2013-09-05,73.8375
2013-09-06,61.7935
2013-09-07,58.8695
2013-09-08,50.7005
2013-09-09,72.9535
2013-09-10,77.3255
2013-09-11,79.1055
2013-09-12,69.519
2013-09-13,77.834
2013-09-14,91.53
2013-09-15,81.804
2013-09-16,82.1085
2013-09-17,86.387
2013-09-18,81.4575
2013-09-19,74.155
2013-09-20,80.4075
2013-09-21,80.277
2013-09-22,80.8125
2013-09-23,68.0685
2013-09-24,67.664
2013-09-25,80.673
2013-09-26,87.3265
2013-09-27,78.4015
2013-09-28,79.2245
2013-09-29,78.6275
2013-09-30,76.47
2013-10-01,72.688995
2013-10-02,75.153
2013-10-03,64.048
2013-10-04,57.8665
2013-10-05,55.162
2013-10-06,68.4515
2013-10-07,79.5515
2013-10-08,69.561
2013-10-09,80.8365
2013-10-10,86.7225
2013-10-11,86.3235
2013-10-12,90.934
2013-10-13,85.9545
2013-10-14,92.132
2013-10-15,87.5545
2013-10-16,85.534
2013-10-17,82.3495
2013-10-18,73.5605
2013-10-19,78.5095
2013-10-20,78.72
2013-10-21,82.053
2013-10-22,90.545265
2013-10-23,70.973
2013-10-24,89.186
2013-10-25,85.511
2013-10-26,93.55187
2013-10-27,85.574
2013-10-28,73.886
2013-10-29,85.6945
2013-10-30,87.983
2013-10-31,82.8705
2013-11-01,76.418495
2013-11-02,84.805
2013-11-03,84.6055
2013-11-04,78.293
2013-11-05,90.64
2013-11-06,78.8545
2013-11-07,83.828995
2013-11-08,87.1085
2013-11-09,90.403
2013-11-10,88.1945
2013-11-11,84.054
2013-11-12,81.981
2013-11-13,85.069
2013-11-14,85.116
2013-11-15,88.6775
2013-11-16,93.888336
2013-11-17,
2013-11-18,90.83053
2013-11-19,87.9805
2013-11-20,93.57684
2013-11-21,94.23333
2013-11-22,93.27875
2013-11-23,88.888504
2013-11-24,93.62273
2013-11-25,67.111496
2013-11-26,74.1505
2013-11-27,70.4695
2013-11-28,79.2185
2013-11-29,69.9515
2013-11-30,80.3715
2013-12-01,82.5415
2013-12-02,73.981
2013-12-03,74.768
2013-12-04,79.7305
2013-12-05,75.112495
2013-12-06,66.069496
2013-12-07,69.797
2013-12-08,77.477
2013-12-09,74.744995
2013-12-10,73.2315
2013-12-11,73.68
2013-12-12,90.606
2013-12-13,
2013-12-14,94.70333
2013-12-15,94.70333
2013-12-16,
2013-12-17,91.60917
2013-12-18,92.71474
2013-12-19,91.451
2013-12-20,91.683334
2013-12-21,89.696
2013-12-22,90.19667
2013-12-23,94.24
2013-12-24,83.51
2013-12-25,59.1145
2013-12-26,77.055
2013-12-27,90.7975
2013-12-28,93.32667
2013-12-29,77.511
2013-12-30,78.899
2013-12-31,89.87056
2014-01-01,90.76
2014-01-02,88.462
2014-01-03,90.1825
2014-01-04,93.74
2014-01-05,83.8505
2014-01-06,86.2585
2014-01-07,93.71445
2014-01-08,93.624
2014-01-09,94.3425
2014-01-10,78.703
2014-01-11,83.2345
2014-01-12,70.3125
2014-01-13,88.433685
2014-01-14,83.1695
2014-01-15,90.097
2014-01-16,83.357
2014-01-17,87.285
2014-01-18,87.794
2014-01-19,75.866
2014-01-20,91.965996
2014-01-21,86.80368
2014-01-22,85.1665
2014-01-23,81.913
2014-01-24,89.83
2014-01-25,68.8085
2014-01-26,76.3175
2014-01-27,83.9015
2014-01-28,86.469
2014-01-29,88.748
2014-01-30,83.1275
2014-01-31,78.573
2014-02-01,79.029
2014-02-02,86.088
2014-02-03,77.825
2014-02-04,79.425995
2014-02-05,82.78
2014-02-06,91.5
2014-02-07,88.673
2014-02-08,90.1205
2014-02-09,83.606
2014-02-10,78.3265
2014-02-11,85.3865
2014-02-12,87.765
2014-02-13,78.209496
2014-02-14,69.3035
2014-02-15,69.208
2014-02-16,88.681
2014-02-17,93.32818
2014-02-18,93.00066
2014-02-19,91.46176
2014-02-20,84.1275
2014-02-21,93.39437
2014-02-22,89.3275
2014-02-23,76.7005
2014-02-24,74.824
2014-02-25,85.3755
2014-02-26,76.7715
2014-02-27,85.5515
2014-02-28,82.7545
2014-03-01,74.2125
2014-03-02,76.3755
2014-03-03,87.279
2014-03-04,81.2955
2014-03-05,75.5755
2014-03-06,71.0765
2014-03-07,70.909
2014-03-08,68.8535
2014-03-09,68.8795
2014-03-10,55.163
2014-03-11,60.0345
2014-03-12,58.2595
2014-03-13,60.7875
2014-03-14,63.539497
2014-03-15,66.03
2014-03-16,63.872498
2014-03-17,58.8455
2014-03-18,60.8735
2014-03-19,58.451
2014-03-20,50.658
2014-03-21,47.437496
2014-03-22,53.8465
2014-03-23,69.0635
2014-03-24,79.469
2014-03-25,70.3685
2014-03-26,68.177
2014-03-27,66.7445
2014-03-28,57.423
2014-03-29,66.1215
2014-03-30,64.007996
2014-03-31,66.161995
2014-04-01,62.462997
2014-04-02,63.2685
2014-04-03,60.9165
2014-04-04,78.9525
2014-04-05,72.331
2014-04-06,74.931
2014-04-07,69.53
2014-04-08,70.906
2014-04-09,65.1975
2014-04-10,80.3775
2014-04-11,75.047
2014-04-12,72.255
2014-04-13,78.515
2014-04-14,70.6105
2014-04-15,76.85
2014-04-16,66.6745
2014-04-17,58.828
2014-04-18,49.916
2014-04-19,76.447
2014-04-20,78.0605
2014-04-21,79.498
2014-04-22,88.4535
2014-04-23,83.537
2014-04-24,76.281
2014-04-25,89.715
2014-04-26,86.1115
2014-04-27,68.0345
2014-04-28,77.4805
2014-04-29,82.7175
2014-04-30,71.7045
2014-05-01,66.964
2014-05-02,72.365
2014-05-03,85.2865
2014-05-04,54.8395
2014-05-05,60.7635
2014-05-06,61.3125
2014-05-07,68.042496
2014-05-08,69.598
2014-05-09,69.2125
2014-05-10,61.0155
2014-05-11,91.315
2014-05-12,70.625
2014-05-13,88.1175
2014-05-14,71.8585
2014-05-15,72.0775
2014-05-16,86.6425
2014-05-17,85.417496
2014-05-18,86.3025
2014-05-19,65.7015
2014-05-20,62.1535
2014-05-21,61.529
2014-05-22,58.6475
2014-05-23,55.711998
2014-05-24,70.7545
2014-05-25,80.881996
2014-05-26,85.2005
2014-05-27,76.0305
2014-05-28,75.0395
2014-05-29,79.2155
2014-05-30,68.0325
2014-05-31,65.012
2014-06-01,64.7015
2014-06-02,61.62
2014-06-03,69.649
2014-06-04,67.553
2014-06-05,68.762
2014-06-06,62.6615
2014-06-07,65.404495
2014-06-08,62.802
2014-06-09,63.5975
2014-06-10,64.944496
2014-06-11,61.439
2014-06-12,66.086
2014-06-13,54.0275
2014-06-14,51.232
2014-06-15,57.006
2014-06-16,61.002
2014-06-17,65.0
2014-06-18,60.7015
2014-06-19,56.017498
2014-06-20,54.6945
2014-06-21,54.085
2014-06-22,52.596
2014-06-23,55.9115
2014-06-24,65.1625
2014-06-25,65.1865
2014-06-26,61.191498
2014-06-27,57.081497
2014-06-28,51.2425
2014-06-29,58.9015
2014-06-30,82.598
2014-07-01,61.113
2014-07-02,69.2835
2014-07-03,67.694496
2014-07-04,57.3215
2014-07-05,71.9905
2014-07-06,70.8025
2014-07-07,62.331
2014-07-08,71.8555
2014-07-09,67.8255
2014-07-10,61.8965
2014-07-11,82.038
2014-07-12,68.3265
2014-07-13,71.583496
2014-07-14,71.1515
2014-07-15,64.8535
2014-07-16,71.584496
2014-07-17,77.259995
2014-07-18,78.8975
2014-07-19,68.071495
2014-07-20,61.5645
2014-07-21,61.5675
2014-07-22,85.9605
2014-07-23,77.5325
2014-07-24,73.974
2014-07-25,77.2355
2014-07-26,71.83
2014-07-27,78.469
2014-07-28,83.129
2014-07-29,85.327
2014-07-30,82.016
2014-07-31,81.344
2014-08-01,82.479996
2014-08-02,77.338
2014-08-03,76.8295
2014-08-04,82.729
2014-08-05,75.9345
2014-08-06,72.835495
2014-08-07,78.948494
2014-08-08,73.837
2014-08-09,69.38
2014-08-10,78.6975
2014-08-11,73.9665
2014-08-12,82.022995
2014-08-13,83.971
2014-08-14,84.231
2014-08-15,78.736496
2014-08-16,72.2
2014-08-17,72.0805
2014-08-18,65.2105
2014-08-19,78.334496
2014-08-20,86.388
2014-08-21,79.8395
2014-08-22,75.015
2014-08-23,88.1065
2014-08-24,74.156
2014-08-25,66.746
2014-08-26,76.907
2014-08-27,75.070496
2014-08-28,72.2825
2014-08-29,69.328995
2014-08-30,83.138
2014-08-31,94.21818
2014-09-01,93.30875
2014-09-02,93.56944
2014-09-03,86.149
2014-09-04,78.5165
2014-09-05,74.342
2014-09-06,84.218
2014-09-07,85.232
2014-09-08,79.9905
2014-09-09,82.7025
2014-09-10,81.376495
2014-09-11,93.14412
2014-09-12,90.8595
2014-09-13,85.2325
2014-09-14,93.12813
2014-09-15,91.559
2014-09-16,89.281
2014-09-17,78.764
2014-09-18,74.123
2014-09-19,76.001
2014-09-20,83.2835
2014-09-21,81.140495
2014-09-22,74.4555
2014-09-23,73.145996
2014-09-24,74.775
2014-09-25,77.379
2014-09-26,83.270996
2014-09-27,88.763
2014-09-28,84.71
2014-09-29,80.5815
2014-09-30,85.7835
2014-10-01,92.865
2014-10-02,88.7875
2014-10-03,88.8495
2014-10-04,87.9215
2014-10-05,79.835
2014-10-06,69.743
2014-10-07,77.919
2014-10-08,82.0515
2014-10-09,73.497
2014-10-10,78.5525
2014-10-11,80.0525
2014-10-12,90.842
2014-10-13,79.139496
2014-10-14,78.8925
2014-10-15,92.7275
2014-10-16,82.9755
2014-10-17,93.72546
2014-10-18,84.1525
2014-10-19,79.251
2014-10-20,84.5485
2014-10-21,88.6825
2014-10-22,81.395996
2014-10-23,81.639496
2014-10-24,82.518
2014-10-25,89.8005
2014-10-26,93.57222
2014-10-27,91.5225
2014-10-28,95.16
2014-10-29,87.134
2014-10-30,87.391
2014-10-31,93.30143
2014-11-01,95.16
2014-11-02,91.5085
2014-11-03,87.205
2014-11-04,56.4165
2014-11-05,61.035
2014-11-06,74.9075
2014-11-07,85.026
2014-11-08,86.138504
2014-11-09,88.6875
2014-11-10,87.377
2014-11-11,84.6885
2014-11-12,87.339
2014-11-13,84.5095
2014-11-14,83.209
2014-11-15,84.275
2014-11-16,89.919
2014-11-17,90.55211
2014-11-18,89.2955
2014-11-19,85.8375
2014-11-20,83.095
2014-11-21,88.0645
2014-11-22,85.6425
2014-11-23,74.132996
2014-11-24,76.1915
2014-11-25,92.25412
2014-11-26,83.701
2014-11-27,82.729996
2014-11-28,93.9525
2014-11-29,93.75
2014-11-30,93.78667
2014-12-01,93.49857
2014-12-02,94.16778
2014-12-03,92.678185
2014-12-04,83.803
2014-12-05,86.887
2014-12-06,93.09067
2014-12-07,93.49375
2014-12-08,84.9235
2014-12-09,77.79
2014-12-10,80.159996
2014-12-11,72.059
2014-12-12,60.984497
2014-12-13,85.5165
2014-12-14,93.68667
2014-12-15,
2014-12-16,
2014-12-17,87.615
2014-12-18,82.673996
2014-12-19,73.8295
2014-12-20,61.489998
2014-12-21,59.9455
2014-12-22,74.157
2014-12-23,64.636
2014-12-24,81.4555
2014-12-25,76.269
2014-12-26,67.102
2014-12-27,79.466
2014-12-28,82.571
2014-12-29,75.9925
2014-12-30,70.6425
2014-12-31,75.4315
2015-01-01,79.845
2015-01-02,83.0615
2015-01-03,76.3695
2015-01-04,80.543495
2015-01-05,81.979
2015-01-06,69.973
2015-01-07,64.131
2015-01-08,76.9095
2015-01-09,78.761
2015-01-10,77.284996
2015-01-11,63.017998
2015-01-12,61.4035
2015-01-13,62.088497
2015-01-14,87.026
2015-01-15,71.6175
2015-01-16,72.1065
2015-01-17,62.288998
2015-01-18,85.038
2015-01-19,89.6555
2015-01-20,88.9915
2015-01-21,89.2255
2015-01-22,90.87316
2015-01-23,89.2165
2015-01-24,93.76692
2015-01-25,92.988335
2015-01-26,75.838
2015-01-27,91.94315
2015-01-28,80.820496
2015-01-29,84.997
2015-01-30,90.442
2015-01-31,78.122
2015-02-01,87.239
2015-02-02,81.652
2015-02-03,78.845
2015-02-04,87.336
2015-02-05,82.9135
2015-02-06,69.5065
2015-02-07,72.102
2015-02-08,70.098
2015-02-09,82.3465
2015-02-10,82.987495
2015-02-11,85.511
2015-02-12,88.2125
2015-02-13,73.49
2015-02-14,74.34
2015-02-15,74.404495
2015-02-16,72.051
2015-02-17,74.4555
2015-02-18,77.6355
2015-02-19,78.1355
2015-02-20,71.148
2015-02-21,55.82
2015-02-22,73.057495
2015-02-23,91.76737
2015-02-24,93.82
2015-02-25,83.913
2015-02-26,82.8455
2015-02-27,79.541
2015-02-28,77.273994
2015-03-01,78.3815
2015-03-02,75.981
2015-03-03,58.371998
2015-03-04,62.9055
2015-03-05,63.8465
2015-03-06,58.3
2015-03-07,65.9765
2015-03-08,60.996998
2015-03-09,61.2515
2015-03-10,63.3885
2015-03-11,74.436
2015-03-12,69.3865
2015-03-13,75.1455
2015-03-14,81.664
2015-03-15,77.525
2015-03-16,69.8865
2015-03-17,64.115
2015-03-18,54.670498
2015-03-19,55.295998
2015-03-20,59.604
2015-03-21,60.5435
2015-03-22,60.1205
2015-03-23,62.591
2015-03-24,59.5095
2015-03-25,64.0495
2015-03-26,74.1465
2015-03-27,70.993
2015-03-28,58.224
2015-03-29,69.112
2015-03-30,71.798996
2015-03-31,66.866
2015-04-01,63.7255
2015-04-02,67.556
2015-04-03,53.900497
2015-04-04,53.289497
2015-04-05,58.1215
2015-04-06,57.5075
2015-04-07,53.1205
2015-04-08,64.0825
2015-04-09,61.177498
2015-04-10,54.4325
2015-04-11,49.8575
2015-04-12,60.0375
2015-04-13,53.3835
2015-04-14,45.633
2015-04-15,46.919
2015-04-16,39.312496
2015-04-17,62.946
2015-04-18,57.8625
2015-04-19,59.0995
2015-04-20,52.1065
2015-04-21,37.034
2015-04-22,47.0305
2015-04-23,49.399
2015-04-24,57.14
2015-04-25,50.1305
2015-04-26,63.784
2015-04-27,56.892
2015-04-28,78.4175
2015-04-29,59.488
2015-04-30,60.049
2015-05-01,70.645
2015-05-02,80.183
2015-05-03,85.048996
2015-05-04,79.018
2015-05-05,66.666
2015-05-06,79.867
2015-05-07,66.4595
2015-05-08,60.106
2015-05-09,64.761
2015-05-10,55.9015
2015-05-11,55.156
2015-05-12,52.331497
2015-05-13,65.1875
2015-05-14,71.6795
2015-05-15,76.577995
2015-05-16,68.4075
2015-05-17,62.339
2015-05-18,62.053497
2015-05-19,58.0075
2015-05-20,74.592
2015-05-21,89.6625
2015-05-22,91.07737
2015-05-23,
2015-05-24,87.686
2015-05-25,87.231
2015-05-26,88.7155
2015-05-27,64.515
2015-05-28,67.0395
2015-05-29,65.0635
2015-05-30,64.4675
2015-05-31,68.7555
2015-06-01,69.1735
2015-06-02,72.898
2015-06-03,63.775497
2015-06-04,61.884
2015-06-05,65.8515
2015-06-06,62.608997
2015-06-07,69.0045
2015-06-08,63.642498
2015-06-09,72.0075
2015-06-10,69.449
2015-06-11,70.392
2015-06-12,63.323997
2015-06-13,49.8655
2015-06-14,61.091
2015-06-15,66.0025
2015-06-16,53.7095
2015-06-17,56.057
2015-06-18,59.990997
2015-06-19,69.111
2015-06-20,65.303
2015-06-21,61.5095
2015-06-22,58.5075
2015-06-23,88.7275
2015-06-24,70.536
2015-06-25,60.5355
2015-06-26,59.303997
2015-06-27,74.729996
2015-06-28,74.890495
2015-06-29,69.0395
2015-06-30,63.94
2015-07-01,60.171997
2015-07-02,61.0465
2015-07-03,52.737
2015-07-04,57.676
2015-07-05,49.754498
2015-07-06,50.4335
2015-07-07,54.368
2015-07-08,64.632996
2015-07-09,66.0095
2015-07-10,56.875
2015-07-11,59.678497
2015-07-12,55.915497
2015-07-13,61.517498
2015-07-14,70.697
2015-07-15,61.9465
2015-07-16,59.4055
2015-07-17,60.1665
2015-07-18,58.5375
2015-07-19,56.5785
2015-07-20,57.3435
2015-07-21,57.431
2015-07-22,50.215
2015-07-23,56.462498
2015-07-24,58.815998
2015-07-25,62.742
2015-07-26,58.8965
2015-07-27,74.188
2015-07-28,74.472496
2015-07-29,87.2955
2015-07-30,68.545
2015-07-31,59.973
2015-08-01,57.1125
2015-08-02,71.615
2015-08-03,72.163
2015-08-04,66.949
2015-08-05,63.839
2015-08-06,63.7655
2015-08-07,66.06
2015-08-08,57.7445
2015-08-09,54.8065
2015-08-10,51.9635
2015-08-11,51.497997
2015-08-12,52.287
2015-08-13,54.240997
2015-08-14,55.5155
2015-08-15,54.5555
2015-08-16,68.425995
2015-08-17,93.571335
2015-08-18,89.7115
2015-08-19,90.4605
2015-08-20,81.2325
2015-08-21,77.3375
2015-08-22,74.3585
2015-08-23,75.912
2015-08-24,60.5755
2015-08-25,76.3815
2015-08-26,68.9415
2015-08-27,75.953
2015-08-28,71.7595
2015-08-29,74.0255
2015-08-30,63.4605
2015-08-31,56.236
2015-09-01,46.331997
2015-09-02,68.528
2015-09-03,77.947495
2015-09-04,66.3445
2015-09-05,83.8035
2015-09-06,63.163
2015-09-07,59.6475
2015-09-08,71.2415
2015-09-09,67.6085
2015-09-10,73.737495
2015-09-11,92.62211
2015-09-12,75.821
2015-09-13,64.988
2015-09-14,61.818
2015-09-15,73.803
2015-09-16,54.642498
2015-09-17,50.8805
2015-09-18,61.23
2015-09-19,82.2225
2015-09-20,70.097
2015-09-21,70.6165
2015-09-22,64.1685
2015-09-23,69.6705
2015-09-24,68.602
2015-09-25,88.3685
2015-09-26,81.7055
2015-09-27,66.4225
2015-09-28,64.9255
2015-09-29,72.494995
2015-09-30,64.269
2015-10-01,77.8095
2015-10-02,73.618
2015-10-03,75.3305
2015-10-04,73.6915
2015-10-05,93.87471
2015-10-06,90.1995
2015-10-07,87.664
2015-10-08,92.61833
2015-10-09,94.77143
2015-10-10,94.42714
2015-10-11,94.115555
2015-10-12,82.6385
2015-10-13,90.8705
2015-10-14,93.74333
2015-10-15,93.975
2015-10-16,
2015-10-17,88.702
2015-10-18,94.032
2015-10-19,
2015-10-20,86.5815
2015-10-21,87.892
2015-10-22,85.236
2015-10-23,88.5305
2015-10-24,88.349
2015-10-25,93.14421
2015-10-26,94.18077
2015-10-27,75.6695
2015-10-28,91.07158
2015-10-29,86.4835
2015-10-30,87.8965
2015-10-31,84.8065
2015-11-01,78.736496
2015-11-02,79.727
2015-11-03,80.054
2015-11-04,88.6945
2015-11-05,93.985
2015-11-06,
2015-11-07,93.07
2015-11-08,86.02
2015-11-09,94.935
2015-11-10,63.188
2015-11-11,80.653496
2015-11-12,84.8075
2015-11-13,89.4425
2015-11-14,65.8
2015-11-15,85.6775
2015-11-16,73.1765
2015-11-17,86.9125
2015-11-18,64.2415
2015-11-19,81.0655
2015-11-20,84.303
2015-11-21,84.5435
2015-11-22,80.174995
2015-11-23,75.306
2015-11-24,81.903
2015-11-25,79.747
2015-11-26,82.502
2015-11-27,78.49
2015-11-28,81.4915
2015-11-29,69.548
2015-11-30,74.015495
2015-12-01,76.063
2015-12-02,89.2865
2015-12-03,89.8265
2015-12-04,93.93583
2015-12-05,89.332
2015-12-06,94.28714
2015-12-07,95.16
2015-12-08,93.78333
2015-12-09,92.3415
2015-12-10,85.703
2015-12-11,86.69
2015-12-12,90.648
2015-12-13,91.81368
2015-12-14,85.3005
2015-12-15,94.37
2015-12-16,94.486
2015-12-17,94.235
2015-12-18,94.24
2015-12-19,94.24
2015-12-20,
2015-12-21,
2015-12-22,93.27571
2015-12-23,
2015-12-24,
2015-12-25,
2015-12-26,
2015-12-27,
2015-12-28,
2015-12-29,
2015-12-30,75.933
2015-12-31,73.683
2016-01-01,92.672
2016-01-02,88.2075
2016-01-03,68.6205
2016-01-04,83.8625
2016-01-05,90.1005
2016-01-06,
2016-01-07,92.29312
2016-01-08,91.1275
2016-01-09,94.935
2016-01-10,
2016-01-11,92.90769
2016-01-12,85.0075
2016-01-13,68.6895
2016-01-14,75.789
2016-01-15,74.2745
2016-01-16,73.422
2016-01-17,69.403496
2016-01-18,68.199
2016-01-19,75.738495
2016-01-20,73.089
2016-01-21,73.712
2016-01-22,77.1685
2016-01-23,84.3785
2016-01-24,93.90455
2016-01-25,
2016-01-26,94.3525
2016-01-27,
2016-01-28,89.467
2016-01-29,93.39357
2016-01-30,93.192635
2016-01-31,83.227
2016-02-01,
2016-02-02,90.54105
2016-02-03,86.5175
2016-02-04,70.389496
2016-02-05,77.909996
2016-02-06,68.841
2016-02-07,65.364
2016-02-08,64.719
2016-02-09,66.928
2016-02-10,85.7655
2016-02-11,70.1425
2016-02-12,76.338
2016-02-13,94.465
2016-02-14,92.35316
2016-02-15,92.31412
2016-02-16,78.174995
2016-02-17,88.1195
2016-02-18,91.349
2016-02-19,91.93421
2016-02-20,70.459496
2016-02-21,87.328
2016-02-22,66.4595
2016-02-23,77.3025
2016-02-24,67.897
2016-02-25,85.18
2016-02-26,71.7605
2016-02-27,73.9985
2016-02-28,82.6375
2016-02-29,89.505
2016-03-01,84.6925
2016-03-02,72.417
2016-03-03,89.025
2016-03-04,81.611
2016-03-05,64.51
2016-03-06,65.093
2016-03-07,77.6885
2016-03-08,86.2235
2016-03-09,82.4565
2016-03-10,77.477
2016-03-11,76.809
2016-03-12,74.0305
2016-03-13,65.7125
2016-03-14,59.740997
2016-03-15,87.3125
2016-03-16,84.4825
2016-03-17,76.764
2016-03-18,69.1905
2016-03-19,69.5665
2016-03-20,71.529
2016-03-21,65.9035
2016-03-22,64.7695
2016-03-23,66.0105
2016-03-24,57.952
2016-03-25,64.431
2016-03-26,82.648
2016-03-27,68.448
2016-03-28,66.4345
2016-03-29,84.056
2016-03-30,73.6225
2016-03-31,57.148
2016-04-01,57.562
2016-04-02,49.7155
2016-04-03,44.102997
2016-04-04,47.580997
2016-04-05,51.899
2016-04-06,56.558
2016-04-07,61.207
2016-04-08,78.1735
2016-04-09,86.0815
2016-04-10,75.361496
2016-04-11,80.533
2016-04-12,81.4615
2016-04-13,67.762
2016-04-14,70.531
2016-04-15,60.9255
2016-04-16,52.725
2016-04-17,50.9925
2016-04-18,76.1895
2016-04-19,54.334
2016-04-20,53.920498
2016-04-21,55.668
2016-04-22,55.325
2016-04-23,69.444
2016-04-24,61.837498
2016-04-25,57.818
2016-04-26,52.5305
2016-04-27,89.567
2016-04-28,80.8365
2016-04-29,66.703
2016-04-30,58.583
2016-05-01,76.167496
2016-05-02,92.8679
2016-05-03,82.726
2016-05-04,84.0485
2016-05-05,77.781
2016-05-06,66.145004
2016-05-07,61.844498
2016-05-08,61.34
2016-05-09,61.858498
2016-05-10,79.9075
2016-05-11,79.511
2016-05-12,92.23789
2016-05-13,79.687996
2016-05-14,80.224
2016-05-15,60.1335
2016-05-16,68.7325
2016-05-17,65.225
2016-05-18,57.865498
2016-05-19,63.4805
2016-05-20,70.631
2016-05-21,65.619995
2016-05-22,57.4615
2016-05-23,53.398
2016-05-24,84.009
2016-05-25,72.711
2016-05-26,73.4845
2016-05-27,66.6555
2016-05-28,61.878498
2016-05-29,57.6685
2016-05-30,58.191498
2016-05-31,67.103
2016-06-01,73.41
2016-06-02,76.264496
2016-06-03,74.4915
2016-06-04,73.835
2016-06-05,88.985
2016-06-06,71.9985
2016-06-07,62.087997
2016-06-08,63.001
2016-06-09,74.2895
2016-06-10,76.3355
2016-06-11,76.326996
2016-06-12,84.7005
2016-06-13,76.422
2016-06-14,69.252
2016-06-15,83.0175
2016-06-16,69.548996
2016-06-17,64.999
2016-06-18,65.805
2016-06-19,69.6005
2016-06-20,81.2845
2016-06-21,72.594
2016-06-22,67.1285
2016-06-23,65.241
2016-06-24,67.1
2016-06-25,58.3665
2016-06-26,68.3825
2016-06-27,73.1005
2016-06-28,59.361
2016-06-29,60.633
2016-06-30,57.008
2016-07-01,65.466
2016-07-02,60.9605
2016-07-03,74.725
2016-07-04,62.407497
2016-07-05,59.003
2016-07-06,49.4705
2016-07-07,55.559
2016-07-08,58.165
2016-07-09,56.9775
2016-07-10,56.0565
2016-07-11,50.945
2016-07-12,62.5305
2016-07-13,77.7285
2016-07-14,72.382996
2016-07-15,61.817997
2016-07-16,80.164
2016-07-17,84.85
2016-07-18,71.214
2016-07-19,68.8255
2016-07-20,68.3045
2016-07-21,66.524
2016-07-22,74.821
2016-07-23,76.469
2016-07-24,79.8455
2016-07-25,79.7455
2016-07-26,72.336
2016-07-27,75.896996
2016-07-28,82.215
2016-07-29,70.306496
2016-07-30,67.0455
2016-07-31,72.016
2016-08-01,72.062996
2016-08-02,63.569
2016-08-03,67.9805
2016-08-04,64.855995
2016-08-05,73.8515
2016-08-06,71.421
2016-08-07,67.445
2016-08-08,66.2065
2016-08-09,71.004
2016-08-10,88.1365
2016-08-11,70.959496
2016-08-12,71.571495
2016-08-13,78.324
2016-08-14,65.840996
2016-08-15,76.251
2016-08-16,71.617
2016-08-17,75.0915
2016-08-18,74.2465
2016-08-19,83.365
2016-08-20,75.8815
2016-08-21,82.6685
2016-08-22,83.034
2016-08-23,65.014
2016-08-24,73.738
2016-08-25,71.591
2016-08-26,67.4655
2016-08-27,67.203995
2016-08-28,64.6005
2016-08-29,75.429
2016-08-30,63.052
2016-08-31,69.114
2016-09-01,68.636
2016-09-02,71.8845
2016-09-03,74.032
2016-09-04,65.481
2016-09-05,81.705
2016-09-06,86.563
2016-09-07,79.250496
2016-09-08,73.5675
2016-09-09,75.428
2016-09-10,73.598
2016-09-11,74.901
2016-09-12,76.2615
2016-09-13,72.553
2016-09-14,71.2535
2016-09-15,69.3745
2016-09-16,64.516
2016-09-17,77.8005
2016-09-18,79.9165
2016-09-19,77.392
2016-09-20,61.137497
2016-09-21,69.6035
2016-09-22,74.032
2016-09-23,70.9245
2016-09-24,74.364
2016-09-25,71.9355
2016-09-26,75.24
2016-09-27,73.6965
2016-09-28,67.799995
2016-09-29,59.6535
2016-09-30,70.121
2016-10-01,78.0965
2016-10-02,82.5825
2016-10-03,73.5665
2016-10-04,78.1655
2016-10-05,66.304
2016-10-06,89.081
2016-10-07,85.7565
2016-10-08,81.1215
2016-10-09,81.5645
2016-10-10,80.5535
2016-10-11,91.0605
2016-10-12,82.704
2016-10-13,80.8735
2016-10-14,73.343
2016-10-15,80.1025
2016-10-16,80.4125
2016-10-17,88.836
2016-10-18,79.796
2016-10-19,82.332
2016-10-20,93.5125
2016-10-21,92.6075
2016-10-22,79.972496
2016-10-23,82.2325
2016-10-24,76.0895
2016-10-25,89.8195
2016-10-26,78.127495
2016-10-27,78.577995
2016-10-28,77.8095
2016-10-29,74.6
2016-10-30,66.782
2016-10-31,78.3525
2016-11-01,72.886
2016-11-02,70.75
2016-11-03,65.525
2016-11-04,71.1015
2016-11-05,77.8135
2016-11-06,90.46263
2016-11-07,83.047
2016-11-08,89.1325
2016-11-09,82.933
2016-11-10,84.301
2016-11-11,90.7565
2016-11-12,88.6005
2016-11-13,68.0035
2016-11-14,80.6245
2016-11-15,76.5335
2016-11-16,79.7875
2016-11-17,88.437004
2016-11-18,74.7835
2016-11-19,77.36
2016-11-20,83.227
2016-11-21,77.7295
2016-11-22,77.301994
2016-11-23,78.093
2016-11-24,78.5485
2016-11-25,79.7525
2016-11-26,80.4465
2016-11-27,72.5825
2016-11-28,68.0205
2016-11-29,66.267
2016-11-30,65.548
2016-12-01,73.228
2016-12-02,65.4575
2016-12-03,75.3035
2016-12-04,86.618
2016-12-05,86.0165
2016-12-06,83.723
2016-12-07,84.7375
2016-12-08,90.1405
2016-12-09,86.718
2016-12-10,67.4225
2016-12-11,69.708496
2016-12-12,71.126
2016-12-13,69.2045
2016-12-14,80.213
2016-12-15,82.3535
2016-12-16,82.971
2016-12-17,86.131996
2016-12-18,86.1265
2016-12-19,89.547
2016-12-20,84.821
2016-12-21,86.0115
2016-12-22,87.217
2016-12-23,89.2665
2016-12-24,91.91579
2016-12-25,87.6605
2016-12-26,78.333496
2016-12-27,63.5705
2016-12-28,56.812
2016-12-29,62.336502
2016-12-30,81.1995
2016-12-31,83.173996
2017-01-01,88.475266
2017-01-02,89.434
2017-01-03,70.322
2017-01-04,68.553
2017-01-05,62.9745
2017-01-06,55.0725
2017-01-07,51.928497
2017-01-08,60.5335
2017-01-09,51.157997
2017-01-10,68.0185
2017-01-11,64.523
2017-01-12,73.504
2017-01-13,71.456
2017-01-14,72.917496
2017-01-15,72.351
2017-01-16,85.9535
2017-01-17,71.983
2017-01-18,76.4475
2017-01-19,79.3515
2017-01-20,80.512
2017-01-21,76.92
2017-01-22,77.142
2017-01-23,82.7335
2017-01-24,83.97
2017-01-25,83.2775
2017-01-26,76.1425
2017-01-27,79.006996
2017-01-28,82.378
2017-01-29,86.2575
2017-01-30,82.159996
2017-01-31,84.766
2017-02-01,92.78941
2017-02-02,93.59545
2017-02-03,93.35091
2017-02-04,93.195625
2017-02-05,81.2765
2017-02-06,91.11
2017-02-07,76.54
2017-02-08,78.7345
2017-02-09,84.368004
2017-02-10,80.925995
2017-02-11,76.012
2017-02-12,68.701
2017-02-13,76.789
2017-02-14,76.463
2017-02-15,77.2775
2017-02-16,93.78231
2017-02-17,93.46
2017-02-18,86.166504
2017-02-19,91.061
2017-02-20,82.9085
2017-02-21,82.5175
2017-02-22,76.726
2017-02-23,65.889
2017-02-24,52.951
2017-02-25,56.7105
2017-02-26,54.723
2017-02-27,64.276
2017-02-28,52.642498
2017-03-01,67.0945
2017-03-02,61.3115
2017-03-03,49.329
2017-03-04,49.507
2017-03-05,62.025497
2017-03-06,67.7855
2017-03-07,71.7855
2017-03-08,60.485
2017-03-09,71.5415
2017-03-10,74.493996
2017-03-11,59.084
2017-03-12,58.2525
2017-03-13,64.743
2017-03-14,64.506
2017-03-15,72.236
2017-03-16,55.734
2017-03-17,62.098
2017-03-18,83.5285
2017-03-19,77.8115
2017-03-20,73.389
2017-03-21,73.7875
2017-03-22,73.429
2017-03-23,72.196
2017-03-24,71.9625
2017-03-25,63.17
2017-03-26,47.7225
2017-03-27,55.420498
2017-03-28,49.09
2017-03-29,46.912
2017-03-30,61.0655
2017-03-31,59.051
2017-04-01,50.2685
2017-04-02,53.664997
2017-04-03,59.081497
2017-04-04,62.1655
2017-04-05,72.884
2017-04-06,50.4455
2017-04-07,71.4275
2017-04-08,69.5265
2017-04-09,68.631996
2017-04-10,63.697
2017-04-11,54.9575
2017-04-12,54.798
2017-04-13,65.395
2017-04-14,65.349
2017-04-15,71.0615
2017-04-16,63.092
2017-04-17,69.2815
2017-04-18,68.972
2017-04-19,79.3175
2017-04-20,56.4035
2017-04-21,50.35
2017-04-22,61.3155
2017-04-23,58.781498
2017-04-24,54.2095
2017-04-25,53.317497
2017-04-26,60.2795
2017-04-27,81.6315
2017-04-28,89.3225
2017-04-29,65.5125
2017-04-30,67.1155
2017-05-01,64.597496
2017-05-02,70.3735
2017-05-03,92.311
2017-05-04,82.514496
2017-05-05,86.627
2017-05-06,73.6325
2017-05-07,76.5805
2017-05-08,64.2885
2017-05-09,61.126
2017-05-10,59.624
2017-05-11,57.8425
2017-05-12,64.8805
2017-05-13,76.09
2017-05-14,66.88
2017-05-15,78.123
2017-05-16,61.684
2017-05-17,61.1685
2017-05-18,55.01
2017-05-19,51.1325
2017-05-20,69.777
2017-05-21,68.471
2017-05-22,63.906998
2017-05-23,79.781
2017-05-24,73.605995
2017-05-25,66.99
2017-05-26,60.3035
2017-05-27,57.535
2017-05-28,53.581497
2017-05-29,56.171997
2017-05-30,54.614
2017-05-31,66.6785
2017-06-01,58.957
2017-06-02,62.531498
2017-06-03,64.19
2017-06-04,70.112495
2017-06-05,64.806496
2017-06-06,60.957
2017-06-07,62.1805
2017-06-08,53.6035
2017-06-09,54.0285
2017-06-10,65.5215
2017-06-11,56.6615
2017-06-12,54.5755
2017-06-13,48.191498
2017-06-14,50.128998
2017-06-15,51.6895
2017-06-16,73.2
2017-06-17,62.4265
2017-06-18,59.5495
2017-06-19,58.262497
2017-06-20,48.11
2017-06-21,51.898
2017-06-22,57.921997
2017-06-23,53.002
2017-06-24,53.3625
2017-06-25,70.992
2017-06-26,65.6075
2017-06-27,58.494
2017-06-28,57.569
2017-06-29,69.2475
2017-06-30,56.757
2017-07-01,64.4235
2017-07-02,69.8265
2017-07-03,58.1555
2017-07-04,60.4265
2017-07-05,55.247498
2017-07-06,57.7815
2017-07-07,52.2465
2017-07-08,60.282497
2017-07-09,72.88
2017-07-10,63.8385
2017-07-11,68.354
2017-07-12,66.1305
2017-07-13,53.7655
2017-07-14,62.0195
2017-07-15,63.0505
2017-07-16,56.9825
2017-07-17,54.634
2017-07-18,46.921997
2017-07-19,47.7075
2017-07-20,52.9645
2017-07-21,63.6035
2017-07-22,58.7905
2017-07-23,70.969
2017-07-24,80.572
2017-07-25,57.2725
2017-07-26,73.887
2017-07-27,84.726
2017-07-28,60.464
2017-07-29,58.0505
2017-07-30,57.622498
2017-07-31,63.44
2017-08-01,54.6955
2017-08-02,58.0165
2017-08-03,49.7375
2017-08-04,55.3825
2017-08-05,63.920998
2017-08-06,78.215
2017-08-07,74.136
2017-08-08,71.7655
2017-08-09,66.697
2017-08-10,59.177
2017-08-11,60.9055
2017-08-12,64.3565
2017-08-13,63.559998
2017-08-14,65.6615
2017-08-15,57.2045
2017-08-16,61.746998
2017-08-17,63.9915
2017-08-18,55.775497
2017-08-19,71.512
2017-08-20,75.7635
2017-08-21,65.9105
2017-08-22,64.5965
2017-08-23,62.441498
2017-08-24,59.569
2017-08-25,66.989
2017-08-26,64.4615
2017-08-27,70.4795
2017-08-28,60.288498
2017-08-29,62.2945
2017-08-30,54.383
2017-08-31,48.619
2017-09-01,70.784996
2017-09-02,70.196
2017-09-03,78.447
2017-09-04,66.8995
2017-09-05,60.9175
2017-09-06,72.5335
2017-09-07,63.338497
2017-09-08,64.8475
2017-09-09,65.5485
2017-09-10,60.7095
2017-09-11,82.673
2017-09-12,72.7065
2017-09-13,62.604
2017-09-14,60.23
2017-09-15,79.236
2017-09-16,86.8445
2017-09-17,93.93916
2017-09-18,80.566
2017-09-19,92.805
2017-09-20,84.6155
2017-09-21,84.8635
2017-09-22,79.393
2017-09-23,84.9255
2017-09-24,89.4045
2017-09-25,83.604996
2017-09-26,79.71
2017-09-27,81.0615
2017-09-28,77.307495
2017-09-29,71.4815
2017-09-30,71.377
2017-10-01,69.634995
2017-10-02,67.3935
2017-10-03,82.205
2017-10-04,75.924995
2017-10-05,74.1855
2017-10-06,64.1865
2017-10-07,73.502
2017-10-08,73.2165
2017-10-09,71.9465
2017-10-10,74.5535
2017-10-11,72.022
2017-10-12,72.7445
2017-10-13,69.681496
2017-10-14,79.9245
2017-10-15,82.6595
2017-10-16,80.4505
2017-10-17,83.2285
2017-10-18,73.0355
2017-10-19,88.9455
2017-10-20,93.0125
2017-10-21,94.705
2017-10-22,94.695
2017-10-23,90.8715
2017-10-24,72.991
2017-10-25,84.037
2017-10-26,83.805
2017-10-27,86.826996
2017-10-28,70.1245
2017-10-29,70.171
2017-10-30,67.2425
2017-10-31,78.8245
2017-11-01,72.7595
2017-11-02,72.937996
2017-11-03,78.460495
2017-11-04,76.2885
2017-11-05,75.888
2017-11-06,80.898
2017-11-07,79.6025
2017-11-08,76.1205
2017-11-09,85.096
2017-11-10,76.318
2017-11-11,77.003
2017-11-12,83.2305
2017-11-13,74.422
2017-11-14,71.0135
2017-11-15,87.1965
2017-11-16,86.4725
2017-11-17,82.2145
2017-11-18,80.0655
2017-11-19,79.1765
2017-11-20,67.9085
2017-11-21,90.6645
2017-11-22,81.538
2017-11-23,92.435
2017-11-24,94.7
2017-11-25,86.2675
2017-11-26,74.3435
2017-11-27,78.379
2017-11-28,63.506
2017-11-29,85.251
2017-11-30,93.916664
2017-12-01,92.39526
2017-12-02,94.33
2017-12-03,83.9825
2017-12-04,83.7435
2017-12-05,87.276
2017-12-06,70.945
2017-12-07,85.9575
2017-12-08,94.3275
2017-12-09,73.248
2017-12-10,62.0975
2017-12-11,58.4405
2017-12-12,76.784
2017-12-13,77.9575
2017-12-14,80.11
2017-12-15,85.953
2017-12-16,80.587
2017-12-17,86.731
2017-12-18,86.3425
2017-12-19,81.222
2017-12-20,90.203156
2017-12-21,89.46
2017-12-22,84.5995
2017-12-23,74.3455
2017-12-24,72.377
2017-12-25,87.051
2017-12-26,92.57214
2017-12-27,75.7725
2017-12-28,83.934
2017-12-29,78.148
2017-12-30,76.877
2017-12-31,81.346
2018-01-01,92.63111
2018-01-02,86.6145
2018-01-03,80.657
2018-01-04,70.03
2018-01-05,79.754
2018-01-06,80.4105
2018-01-07,91.987
2018-01-08,93.224
2018-01-09,86.078
2018-01-10,89.8085
2018-01-11,91.075
2018-01-12,93.062225
2018-01-13,93.35636
2018-01-14,91.4465
2018-01-15,82.2695
2018-01-16,89.1825
2018-01-17,81.7105
2018-01-18,61.388
2018-01-19,80.743
2018-01-20,80.7815
2018-01-21,85.2285
2018-01-22,75.613
2018-01-23,91.509
2018-01-24,84.8555
2018-01-25,80.0655
2018-01-26,85.9905
2018-01-27,93.21445
2018-01-28,89.38105
2018-01-29,75.9135
2018-01-30,67.0795
2018-01-31,84.6035
2018-02-01,80.4635
2018-02-02,88.541504
2018-02-03,81.922
2018-02-04,82.4785
2018-02-05,77.6575
2018-02-06,76.917496
2018-02-07,92.65471
2018-02-08,89.6155
2018-02-09,79.598
2018-02-10,80.225
2018-02-11,79.5505
2018-02-12,82.5825
2018-02-13,91.6855
2018-02-14,83.0565
2018-02-15,72.9405
2018-02-16,77.761
2018-02-17,90.61895
2018-02-18,84.572
2018-02-19,81.3575
2018-02-20,92.22421
2018-02-21,91.03526
2018-02-22,86.449
2018-02-23,88.5085
2018-02-24,60.699497
2018-02-25,61.7655
2018-02-26,61.068497
2018-02-27,75.9385
2018-02-28,72.210495
2018-03-01,75.0455
2018-03-02,88.3305
2018-03-03,67.53
2018-03-04,71.918
2018-03-05,71.3805
2018-03-06,86.866
2018-03-07,84.5485
2018-03-08,79.153
2018-03-09,67.804
2018-03-10,67.4525
2018-03-11,72.993
2018-03-12,65.929
2018-03-13,71.238
2018-03-14,68.732
2018-03-15,83.3125
2018-03-16,92.89316
2018-03-17,91.918945
2018-03-18,85.2715
2018-03-19,81.5355
2018-03-20,72.089
2018-03-21,56.579
2018-03-22,64.279
2018-03-23,75.755
2018-03-24,71.994995
2018-03-25,74.363495
2018-03-26,70.7135
2018-03-27,71.265
2018-03-28,72.894
2018-03-29,80.4485
2018-03-30,85.128
2018-03-31,78.5255
2018-04-01,67.596
2018-04-02,60.0
2018-04-03,51.3135
2018-04-04,53.7655
2018-04-05,63.7415
2018-04-06,58.709
2018-04-07,74.039
2018-04-08,61.482
2018-04-09,55.065
2018-04-10,63.214
2018-04-11,55.9825
2018-04-12,58.3805
2018-04-13,64.6025
2018-04-14,61.705997
2018-04-15,64.224
2018-04-16,73.5325
2018-04-17,69.083496
2018-04-18,59.7895
2018-04-19,57.754498
2018-04-20,56.149498
2018-04-21,51.605
2018-04-22,57.7855
2018-04-23,64.0315
2018-04-24,65.947
2018-04-25,65.9895
2018-04-26,86.568
2018-04-27,70.539
2018-04-28,61.823498
2018-04-29,58.487
2018-04-30,53.131
2018-05-01,50.9945
2018-05-02,64.1155
2018-05-03,65.5445
2018-05-04,65.375
2018-05-05,61.5215
2018-05-06,49.396
2018-05-07,54.329
2018-05-08,59.635
2018-05-09,81.7625
2018-05-10,76.442
2018-05-11,76.784
2018-05-12,72.590996
2018-05-13,58.433
2018-05-14,58.636497
2018-05-15,89.25
2018-05-16,83.425995
2018-05-17,76.5935
2018-05-18,69.336
2018-05-19,70.768
2018-05-20,68.105995
2018-05-21,64.292496
2018-05-22,70.772995
2018-05-23,76.2935
2018-05-24,73.2455
2018-05-25,91.892
2018-05-26,79.028
2018-05-27,69.8855
2018-05-28,74.6465
2018-05-29,63.688
2018-05-30,61.039497
2018-05-31,59.4285
2018-06-01,66.153
2018-06-02,68.9855
2018-06-03,66.6615
2018-06-04,67.6875
2018-06-05,68.665
2018-06-06,85.7515
2018-06-07,78.7165
2018-06-08,72.632996
2018-06-09,82.7935
2018-06-10,75.1305
2018-06-11,71.548
2018-06-12,70.7685
2018-06-13,84.135
2018-06-14,89.1495
2018-06-15,72.573
2018-06-16,65.986496
2018-06-17,66.142
2018-06-18,66.864
2018-06-19,58.486
2018-06-20,64.958496
2018-06-21,66.834496
2018-06-22,65.8785
2018-06-23,58.0195
2018-06-24,68.1975
2018-06-25,68.109
2018-06-26,68.195
2018-06-27,76.320496
2018-06-28,84.0555
2018-06-29,72.562996
2018-06-30,56.097
2018-07-01,53.532997
2018-07-02,59.7795
2018-07-03,64.063995
2018-07-04,61.816498
2018-07-05,62.0625
2018-07-06,78.238495
2018-07-07,65.62
2018-07-08,55.3565
2018-07-09,56.64
2018-07-10,70.373
2018-07-11,90.099
2018-07-12,66.277
2018-07-13,63.0205
2018-07-14,62.386497
2018-07-15,62.4385
2018-07-16,63.917
2018-07-17,66.647
2018-07-18,65.232
2018-07-19,63.714
2018-07-20,69.821
2018-07-21,72.499
2018-07-22,81.793495
2018-07-23,77.1095
2018-07-24,56.012497
2018-07-25,61.698498
2018-07-26,65.343
2018-07-27,69.6095
2018-07-28,68.7305
2018-07-29,62.252
2018-07-30,62.9095
2018-07-31,65.055
2018-08-01,75.896996
2018-08-02,82.3445
2018-08-03,77.8955
2018-08-04,62.861
2018-08-05,71.5785
2018-08-06,73.154495
2018-08-07,64.3425
2018-08-08,53.087498
2018-08-09,56.769997
2018-08-10,69.026
2018-08-11,83.3365
2018-08-12,58.847
2018-08-13,64.879
2018-08-14,75.798
2018-08-15,62.089
2018-08-16,64.302
2018-08-17,64.051
2018-08-18,66.5535
2018-08-19,65.6645
2018-08-20,59.9395
2018-08-21,58.4945
2018-08-22,59.9105
2018-08-23,60.531498
2018-08-24,76.319
2018-08-25,83.1515
2018-08-26,81.1375
2018-08-27,68.3835
2018-08-28,69.679
2018-08-29,64.388
2018-08-30,68.462
2018-08-31,71.201996
2018-09-01,85.9095
2018-09-02,88.5115
2018-09-03,90.3005
2018-09-04,95.01
2018-09-05,80.5205
2018-09-06,74.4915
2018-09-07,76.483
2018-09-08,72.266
2018-09-09,74.6665
2018-09-10,76.986
2018-09-11,69.5195
2018-09-12,69.458
2018-09-13,78.186
2018-09-14,83.1845
2018-09-15,77.6245
2018-09-16,73.8405
2018-09-17,65.5205
2018-09-18,60.253498
2018-09-19,71.555
2018-09-20,78.1305
2018-09-21,69.889
2018-09-22,82.46
2018-09-23,72.901
2018-09-24,71.8985
2018-09-25,68.088
2018-09-26,70.101
2018-09-27,67.7145
2018-09-28,68.516495
2018-09-29,59.125
2018-09-30,66.734
2018-10-01,76.661995
2018-10-02,70.819
2018-10-03,76.205
2018-10-04,72.342
2018-10-05,68.5805
2018-10-06,60.6755
2018-10-07,79.959496
2018-10-08,85.2975
2018-10-09,85.9305
2018-10-10,81.125496
2018-10-11,74.7525
2018-10-12,74.812
2018-10-13,75.3415
2018-10-14,66.945
2018-10-15,56.655
2018-10-16,64.643
2018-10-17,68.0525
2018-10-18,73.823
2018-10-19,88.058
2018-10-20,78.8945
2018-10-21,68.367
2018-10-22,75.8745
2018-10-23,67.7175
2018-10-24,68.315
2018-10-25,74.3935
2018-10-26,73.681
2018-10-27,93.43889
2018-10-28,81.211
2018-10-29,73.4285
2018-10-30,52.6405
2018-10-31,57.592
2018-11-01,63.737
2018-11-02,80.0355
2018-11-03,93.76692
2018-11-04,87.4485
2018-11-05,84.044
2018-11-06,76.276
2018-11-07,78.1485
2018-11-08,86.5235
2018-11-09,85.15
2018-11-10,84.3695
2018-11-11,80.621
2018-11-12,76.963
2018-11-13,80.472496
2018-11-14,79.2395
2018-11-15,86.743
2018-11-16,82.872
2018-11-17,79.695496
2018-11-18,78.6465
2018-11-19,91.829475
2018-11-20,91.538
2018-11-21,94.27
2018-11-22,94.226
2018-11-23,85.7725
2018-11-24,90.9085
2018-11-25,94.71
2018-11-26,93.435
2018-11-27,89.407
2018-11-28,79.0055
2018-11-29,81.876
2018-11-30,75.284996
2018-12-01,82.039
2018-12-02,87.5315
2018-12-03,93.75143
2018-12-04,89.081
2018-12-05,84.152
2018-12-06,88.4665
2018-12-07,82.974
2018-12-08,84.6385
2018-12-09,76.019
2018-12-10,75.589
2018-12-11,85.832504
2018-12-12,92.31105
2018-12-13,
2018-12-14,
2018-12-15,93.955
2018-12-16,84.7665
2018-12-17,86.13
2018-12-18,93.52375
2018-12-19,89.3495
2018-12-20,90.8375
2018-12-21,89.64474
2018-12-22,80.453
2018-12-23,76.6895
2018-12-24,80.447
2018-12-25,73.147995
2018-12-26,68.8105
2018-12-27,81.2395
2018-12-28,80.095
2018-12-29,75.4815
2018-12-30,83.1035
2018-12-31,73.184
2019-01-01,90.696
2019-01-02,74.409
2019-01-03,68.688995
2019-01-04,75.3465
2019-01-05,93.701996
2019-01-06,76.2825
2019-01-07,70.389496
2019-01-08,93.09643
2019-01-09,86.805
2019-01-10,86.4215
2019-01-11,74.0175
2019-01-12,80.7585
2019-01-13,82.192
2019-01-14,68.971
2019-01-15,65.889496
2019-01-16,67.4525
2019-01-17,78.578995
2019-01-18,71.261
2019-01-19,86.101
2019-01-20,86.8515
2019-01-21,89.136
2019-01-22,94.40429
2019-01-23,93.824
2019-01-24,80.779
2019-01-25,72.552
2019-01-26,80.556
2019-01-27,79.634
2019-01-28,92.420586
2019-01-29,82.6895
2019-01-30,88.701
2019-01-31,93.18938
2019-02-01,82.101
2019-02-02,74.7425
2019-02-03,86.524
2019-02-04,77.7455
2019-02-05,91.963
2019-02-06,84.389
2019-02-07,84.723
2019-02-08,86.4465
2019-02-09,86.517
2019-02-10,83.572
2019-02-11,70.660995
2019-02-12,65.3685
2019-02-13,73.279
2019-02-14,74.197
2019-02-15,86.7185
2019-02-16,81.483
2019-02-17,79.786995
2019-02-18,78.121
2019-02-19,70.159996
2019-02-20,69.206
2019-02-21,75.1385
2019-02-22,68.725
2019-02-23,51.348
2019-02-24,63.8075
2019-02-25,55.022
2019-02-26,48.677
2019-02-27,57.851498
2019-02-28,42.308
2019-03-01,59.354
2019-03-02,80.9285
2019-03-03,71.5485
2019-03-04,45.678997
2019-03-05,48.094997
2019-03-06,62.018497
2019-03-07,53.1965
2019-03-08,70.357
2019-03-09,64.294
2019-03-10,63.202
2019-03-11,49.2665
2019-03-12,63.451
2019-03-13,64.4315
2019-03-14,62.46
2019-03-15,69.376495
2019-03-16,82.113
2019-03-17,62.6185
2019-03-18,61.447998
2019-03-19,59.223
2019-03-20,57.7325
2019-03-21,59.805
2019-03-22,60.3885
2019-03-23,70.11
2019-03-24,64.2295
2019-03-25,60.1815
2019-03-26,53.142
2019-03-27,48.1625
2019-03-28,67.9575
2019-03-29,67.224
2019-03-30,58.149998
2019-03-31,55.4755
2019-04-01,53.5135
2019-04-02,46.801
2019-04-03,46.284
2019-04-04,51.407997
2019-04-05,65.0415
2019-04-06,78.5895
2019-04-07,76.2675
2019-04-08,60.825
2019-04-09,57.8645
2019-04-10,77.063995
2019-04-11,75.1625
2019-04-12,62.2835
2019-04-13,79.76
2019-04-14,79.904495
2019-04-15,57.145
2019-04-16,53.8985
2019-04-17,51.3885
2019-04-18,60.1555
2019-04-19,53.3
2019-04-20,46.101498
2019-04-21,49.442997
2019-04-22,55.142
2019-04-23,74.3045
2019-04-24,64.885
2019-04-25,47.3715
2019-04-26,44.501
2019-04-27,66.4315
2019-04-28,56.362
2019-04-29,86.0085
2019-04-30,79.557
2019-05-01,55.2325
2019-05-02,56.6695
2019-05-03,67.8855
2019-05-04,84.241
2019-05-05,90.3875
2019-05-06,66.7625
2019-05-07,57.261997
2019-05-08,58.0755
2019-05-09,78.868
2019-05-10,70.4755
2019-05-11,71.042
2019-05-12,80.278496
2019-05-13,69.4795
2019-05-14,79.605995
2019-05-15,87.8915
2019-05-16,88.2685
2019-05-17,78.586
2019-05-18,74.208496
2019-05-19,78.0545
2019-05-20,75.5275
2019-05-21,74.6585
2019-05-22,87.732
2019-05-23,75.804
2019-05-24,68.005
2019-05-25,65.0575
2019-05-26,66.1365
2019-05-27,84.544
2019-05-28,81.666
2019-05-29,79.9085
2019-05-30,88.03
2019-05-31,69.5155
2019-06-01,63.08
2019-06-02,70.0675
2019-06-03,63.927002
2019-06-04,70.613495
2019-06-05,71.002
2019-06-06,78.441
2019-06-07,72.1145
2019-06-08,63.711
2019-06-09,66.8315
2019-06-10,67.0235
2019-06-11,63.101
2019-06-12,62.2655
2019-06-13,61.756
2019-06-14,65.1575
2019-06-15,63.8505
2019-06-16,68.794
2019-06-17,75.7855
2019-06-18,72.37
2019-06-19,75.909
2019-06-20,73.6425
2019-06-21,67.671
2019-06-22,77.86
2019-06-23,90.8175
2019-06-24,72.233
2019-06-25,69.542
2019-06-26,64.613
2019-06-27,55.0085
2019-06-28,46.7365
2019-06-29,58.948997
2019-06-30,55.197998
2019-07-01,50.809998
2019-07-02,66.1025
2019-07-03,56.5235
2019-07-04,51.223
2019-07-05,53.944
2019-07-06,51.4175
2019-07-07,60.64
2019-07-08,56.156498
2019-07-09,49.7315
2019-07-10,47.7185
2019-07-11,50.573498
2019-07-12,73.042
2019-07-13,79.2535
2019-07-14,69.049995
2019-07-15,58.2725
2019-07-16,56.778
2019-07-17,58.598
2019-07-18,59.75
2019-07-19,60.553497
2019-07-20,52.526497
2019-07-21,63.894
2019-07-22,61.36
2019-07-23,55.572
2019-07-24,59.184998
2019-07-25,51.889
2019-07-26,51.327
2019-07-27,71.092
2019-07-28,78.2435
2019-07-29,76.108
2019-07-30,69.531494
2019-07-31,64.4885
2019-08-01,66.062
2019-08-02,84.1505
2019-08-03,68.191
2019-08-04,61.015
2019-08-05,55.335
2019-08-06,65.68
2019-08-07,65.837
2019-08-08,70.248
2019-08-09,63.3895
2019-08-10,61.927498
2019-08-11,61.486
2019-08-12,61.711
2019-08-13,68.528496
2019-08-14,74.595
2019-08-15,66.885
2019-08-16,69.723495
2019-08-17,63.2765
2019-08-18,51.48
2019-08-19,64.304
2019-08-20,63.332
2019-08-21,68.988495
2019-08-22,76.097496
2019-08-23,75.1745
2019-08-24,67.042496
2019-08-25,85.171
2019-08-26,87.5025
2019-08-27,76.5305
2019-08-28,69.3785
2019-08-29,65.090996
2019-08-30,70.151
2019-08-31,73.223
2019-09-01,62.1675
2019-09-02,82.443
2019-09-03,68.691
2019-09-04,69.118
2019-09-05,68.0755
2019-09-06,70.332
2019-09-07,85.6055
2019-09-08,85.0605
2019-09-09,85.183
2019-09-10,76.8295
2019-09-11,75.601
2019-09-12,71.7745
2019-09-13,72.401505
2019-09-14,69.5275
2019-09-15,72.7345
2019-09-16,75.1975
2019-09-17,74.0505
2019-09-18,56.6665
2019-09-19,64.96
2019-09-20,67.6435
2019-09-21,65.4485
2019-09-22,53.118
2019-09-23,64.0945
2019-09-24,76.4195
2019-09-25,80.020996
2019-09-26,75.583496
2019-09-27,72.5875
2019-09-28,84.6785
2019-09-29,75.3135
2019-09-30,58.9925
2019-10-01,59.865498
2019-10-02,78.682
2019-10-03,72.547
2019-10-04,68.324
2019-10-05,79.226
2019-10-06,71.707
2019-10-07,76.531494
2019-10-08,66.4885
2019-10-09,62.592
2019-10-10,80.2485
2019-10-11,75.1965
2019-10-12,80.825
2019-10-13,83.693
2019-10-14,72.2985
2019-10-15,64.3715
2019-10-16,81.8535
2019-10-17,78.116
2019-10-18,87.3315
2019-10-19,76.5965
2019-10-20,60.189
2019-10-21,70.255
2019-10-22,86.177
2019-10-23,72.1595
2019-10-24,60.3985
2019-10-25,80.9435
2019-10-26,79.078
2019-10-27,88.2545
2019-10-28,87.627
2019-10-29,84.0275
2019-10-30,86.154
2019-10-31,88.6095
2019-11-01,78.1715
2019-11-02,79.952995
2019-11-03,74.4465
2019-11-04,84.2395
2019-11-05,93.71
2019-11-06,83.6705
2019-11-07,90.6995
2019-11-08,87.057
2019-11-09,87.808
2019-11-10,88.448
2019-11-11,81.359
2019-11-12,91.3985
2019-11-13,91.6175
2019-11-14,85.773
2019-11-15,87.9055
2019-11-16,81.965
2019-11-17,77.8685
2019-11-18,72.28
2019-11-19,79.570496
2019-11-20,92.153885
2019-11-21,84.042
2019-11-22,85.2955
2019-11-23,76.658
2019-11-24,80.199
2019-11-25,83.2145
2019-11-26,83.831
2019-11-27,84.425
2019-11-28,94.49714
2019-11-29,87.612
2019-11-30,68.8925
2019-12-01,79.754
2019-12-02,88.1455
2019-12-03,75.872
2019-12-04,88.278
2019-12-05,84.7315
2019-12-06,85.0185
2019-12-07,89.6745
2019-12-08,84.9305
2019-12-09,94.82727
2019-12-10,74.895
2019-12-11,79.0525
2019-12-12,91.543686
2019-12-13,89.147
2019-12-14,83.7765
2019-12-15,77.349
2019-12-16,82.544
2019-12-17,62.268497
2019-12-18,72.514
2019-12-19,81.4645
2019-12-20,71.862
2019-12-21,77.769
2019-12-22,88.3735
2019-12-23,82.8655
2019-12-24,72.814995
2019-12-25,80.7875
2019-12-26,71.6165
2019-12-27,69.5205
2019-12-28,66.379
2019-12-29,65.509
2019-12-30,78.433
2019-12-31,64.5305
2020-01-01,77.3275
2020-01-02,86.95
2020-01-03,92.13333
2020-01-04,82.8865
2020-01-05,60.439
2020-01-06,77.794
2020-01-07,74.645996
2020-01-08,83.4565
2020-01-09,83.196
2020-01-10,87.5245
2020-01-11,78.7775
2020-01-12,82.826
2020-01-13,89.026
2020-01-14,90.9505
2020-01-15,87.987
2020-01-16,92.374214
2020-01-17,92.524376
2020-01-18,91.74316
2020-01-19,93.81067
2020-01-20,91.7535
2020-01-21,94.27857
2020-01-22,90.468
2020-01-23,81.6085
2020-01-24,87.69
2020-01-25,92.06611
2020-01-26,93.62375
2020-01-27,93.664444
2020-01-28,91.918945
2020-01-29,79.976
2020-01-30,67.270996
2020-01-31,70.106995
2020-02-01,66.1265
2020-02-02,70.983
2020-02-03,66.009
2020-02-04,70.0325
2020-02-05,65.731
2020-02-06,62.602
2020-02-07,69.590996
2020-02-08,65.1215
2020-02-09,63.535
2020-02-10,58.2245
2020-02-11,61.552998
2020-02-12,61.055
2020-02-13,64.941
2020-02-14,70.551
2020-02-15,69.191
2020-02-16,64.403496
2020-02-17,65.32
2020-02-18,61.3415
2020-02-19,66.986
2020-02-20,58.241497
2020-02-21,53.1025
2020-02-22,53.317497
2020-02-23,54.4115
2020-02-24,46.406498
2020-02-25,55.6275
2020-02-26,70.0585
2020-02-27,57.190998
2020-02-28,65.408
2020-02-29,57.041
2020-03-01,69.994
2020-03-02,70.5085
2020-03-03,75.931
2020-03-04,66.8665
2020-03-05,61.0655
2020-03-06,84.922
2020-03-07,72.1105
2020-03-08,60.0365
2020-03-09,62.6075
2020-03-10,61.945
2020-03-11,63.219498
2020-03-12,59.2635
2020-03-13,66.933
2020-03-14,58.663498
2020-03-15,44.399
2020-03-16,46.639
2020-03-17,55.592
2020-03-18,65.417
2020-03-19,61.128498
2020-03-20,55.81
2020-03-21,76.863495
2020-03-22,51.46
2020-03-23,53.565998
2020-03-24,39.8175
2020-03-25,53.394
2020-03-26,46.873497
2020-03-27,50.814
2020-03-28,54.1805
2020-03-29,55.598
2020-03-30,46.232
2020-03-31,48.9525
2020-04-01,55.741497
2020-04-02,39.107998
2020-04-03,49.4655
2020-04-04,47.7015
2020-04-05,43.1135
2020-04-06,41.116997
2020-04-07,31.035995
2020-04-08,37.0995
2020-04-09,38.966
2020-04-10,47.899998
2020-04-11,49.3175
2020-04-12,46.7015
2020-04-13,52.447998
2020-04-14,50.236
2020-04-15,48.1535
2020-04-16,43.260998
2020-04-17,45.327
2020-04-18,52.419
2020-04-19,66.006
2020-04-20,47.503498
2020-04-21,45.551
2020-04-22,46.149498
2020-04-23,48.4305
2020-04-24,46.005997
2020-04-25,43.859997
2020-04-26,50.080997
2020-04-27,49.9955
2020-04-28,53.2835
2020-04-29,68.0675
2020-04-30,55.6245
2020-05-01,60.961998
2020-05-02,55.0655
2020-05-03,54.8475
2020-05-04,55.01
2020-05-05,63.5225
2020-05-06,54.540497
2020-05-07,45.1135
2020-05-08,52.599
2020-05-09,47.8415
2020-05-10,47.274498
2020-05-11,46.883
2020-05-12,54.105
2020-05-13,65.7485
2020-05-14,66.459
2020-05-15,86.121
2020-05-16,63.65
2020-05-17,68.181496
2020-05-18,58.1665
2020-05-19,63.327
2020-05-20,51.0005
2020-05-21,44.5145
2020-05-22,49.260998
2020-05-23,79.043
2020-05-24,63.4435
2020-05-25,77.4205
2020-05-26,70.316
2020-05-27,60.5
2020-05-28,63.1395
2020-05-29,63.8955
2020-05-30,57.3435
2020-05-31,83.872
2020-06-01,60.9295
2020-06-02,48.921997
2020-06-03,65.487
2020-06-04,56.816498
2020-06-05,83.748
2020-06-06,66.605
2020-06-07,62.443
2020-06-08,71.9855
2020-06-09,79.347496
2020-06-10,86.403
2020-06-11,75.3695
2020-06-12,70.967995
2020-06-13,67.4755
2020-06-14,80.003
2020-06-15,72.786
2020-06-16,73.811
2020-06-17,81.508
2020-06-18,75.444
2020-06-19,71.651
2020-06-20,81.3435
2020-06-21,85.544
2020-06-22,67.093
2020-06-23,54.513
2020-06-24,62.046497
2020-06-25,65.905
2020-06-26,66.701
2020-06-27,65.2625
2020-06-28,63.088
2020-06-29,81.5795
2020-06-30,64.2195
2020-07-01,60.464
2020-07-02,72.8665
2020-07-03,70.6205
2020-07-04,55.649498
2020-07-05,58.9295
2020-07-06,56.1865
2020-07-07,57.786
2020-07-08,52.2215
2020-07-09,54.0295
2020-07-10,43.705997
2020-07-11,70.334
2020-07-12,57.042
2020-07-13,57.132
2020-07-14,52.0065
2020-07-15,49.4745
2020-07-16,66.15
2020-07-17,66.082
2020-07-18,76.5535
2020-07-19,80.9935
2020-07-20,71.949
2020-07-21,69.431
2020-07-22,70.1325
2020-07-23,65.2035
2020-07-24,70.448
2020-07-25,87.9845
2020-07-26,70.7815
2020-07-27,62.448997
2020-07-28,56.9455
2020-07-29,67.1875
2020-07-30,57.931
2020-07-31,52.05
2020-08-01,49.0405
2020-08-02,48.0355
2020-08-03,54.9785
2020-08-04,86.2585
2020-08-05,81.9795
2020-08-06,73.3315
2020-08-07,64.101
2020-08-08,64.5945
2020-08-09,63.87
2020-08-10,62.4165
2020-08-11,73.8785
2020-08-12,70.857
2020-08-13,63.267498
2020-08-14,79.8035
2020-08-15,80.1635
2020-08-16,83.875
2020-08-17,86.456
2020-08-18,87.0085
2020-08-19,74.741
2020-08-20,74.1555
2020-08-21,67.781
2020-08-22,64.551
2020-08-23,70.085495
2020-08-24,63.5575
2020-08-25,59.592
2020-08-26,54.9365
2020-08-27,50.098
2020-08-28,54.706497
2020-08-29,68.3555
2020-08-30,64.5475
2020-08-31,69.2415
2020-09-01,89.791
2020-09-02,72.655
2020-09-03,76.4845
2020-09-04,75.2675
2020-09-05,67.549995
2020-09-06,77.5315
2020-09-07,75.3535
2020-09-08,66.7215
2020-09-09,68.365
2020-09-10,74.087
2020-09-11,71.645
2020-09-12,73.729004
2020-09-13,74.314
2020-09-14,74.9375
2020-09-15,69.600494
2020-09-16,65.487
2020-09-17,69.9665
2020-09-18,65.0775
2020-09-19,66.542496
2020-09-20,58.03
2020-09-21,48.0165
2020-09-22,49.7495
2020-09-23,70.115
2020-09-24,73.999
2020-09-25,86.8775
2020-09-26,76.7425
2020-09-27,73.606
2020-09-28,86.359
2020-09-29,78.462
2020-09-30,77.6845
2020-10-01,83.416
2020-10-02,74.9345
2020-10-03,63.411
2020-10-04,70.159
2020-10-05,74.778
2020-10-06,76.3175
2020-10-07,79.7355
2020-10-08,71.477
2020-10-09,77.0885
2020-10-10,82.6165
2020-10-11,83.083
2020-10-12,89.09
2020-10-13,90.696
2020-10-14,86.5055
2020-10-15,91.40941
2020-10-16,94.128334
2020-10-17,88.563
2020-10-18,81.618
2020-10-19,85.083496
2020-10-20,66.52
2020-10-21,73.993
2020-10-22,84.9975
2020-10-23,94.71
2020-10-24,
2020-10-25,93.455
2020-10-26,76.7555
2020-10-27,86.121
2020-10-28,85.093
2020-10-29,94.11818
2020-10-30,93.636665
2020-10-31,79.5805
2020-11-01,81.805
2020-11-02,88.8805
2020-11-03,93.01437
2020-11-04,88.6125
2020-11-05,73.807495
2020-11-06,83.5955
2020-11-07,75.3805
2020-11-08,85.78
2020-11-09,94.24
2020-11-10,88.967
2020-11-11,89.515
2020-11-12,90.771
2020-11-13,85.1745
2020-11-14,86.3715
2020-11-15,88.527
2020-11-16,92.44053
2020-11-17,84.5205
2020-11-18,79.341995
2020-11-19,88.7105
2020-11-20,71.236496
2020-11-21,77.506996
2020-11-22,70.861
2020-11-23,87.270004
2020-11-24,94.71
2020-11-25,83.979996
2020-11-26,83.2165
2020-11-27,88.0225
2020-11-28,93.33428
2020-11-29,81.61
2020-11-30,81.2555
2020-12-01,83.199
2020-12-02,87.747
2020-12-03,88.113
2020-12-04,87.674
2020-12-05,80.76
2020-12-06,76.802
2020-12-07,82.3255
2020-12-08,86.2675
2020-12-09,79.6145
2020-12-10,93.74333
2020-12-11,90.15895
2020-12-12,91.849
2020-12-13,85.6785
2020-12-14,86.374
2020-12-15,87.102
2020-12-16,88.748
2020-12-17,90.5635
2020-12-18,92.99812
2020-12-19,91.84
2020-12-20,90.761
2020-12-21,92.74636
2020-12-22,94.214
2020-12-23,82.7805
2020-12-24,92.98944
2020-12-25,86.344
2020-12-26,72.7255
2020-12-27,86.7475
2020-12-28,77.42
2020-12-29,75.456
2020-12-30,91.53236
2020-12-31,90.87
2021-01-01,91.604004
2021-01-02,85.712
2021-01-03,87.493
2021-01-04,93.01529
2021-01-05,91.482
2021-01-06,89.559
2021-01-07,91.259476
2021-01-08,94.71
2021-01-09,94.05
2021-01-10,94.01929
2021-01-11,91.483154
2021-01-12,87.5505
2021-01-13,68.746
2021-01-14,74.965
2021-01-15,75.044
2021-01-16,73.4985
2021-01-17,70.1985
2021-01-18,80.118
2021-01-19,72.479996
2021-01-20,70.1805
2021-01-21,65.794495
2021-01-22,65.8025
2021-01-23,82.2295
2021-01-24,76.1275
2021-01-25,68.5865
2021-01-26,76.22
2021-01-27,76.034
2021-01-28,78.6585
2021-01-29,90.9805
2021-01-30,73.2355
2021-01-31,76.873
2021-02-01,76.4425
2021-02-02,88.2625
2021-02-03,88.041
2021-02-04,66.701996
2021-02-05,79.4225
2021-02-06,94.70333
2021-02-07,92.62572
2021-02-08,88.495
2021-02-09,94.19334
2021-02-10,
2021-02-11,68.641
2021-02-12,63.3885
2021-02-13,69.104996
2021-02-14,68.835
2021-02-15,68.938995
2021-02-16,64.4265
2021-02-17,75.2035
2021-02-18,66.2885
2021-02-19,83.577
2021-02-20,94.38375
2021-02-21,89.112
2021-02-22,82.3395
2021-02-23,88.6465
2021-02-24,80.5185
2021-02-25,68.249
2021-02-26,71.875
2021-02-27,70.1985
2021-02-28,71.85
2021-03-01,73.3035
2021-03-02,74.779
2021-03-03,65.099
2021-03-04,58.101498
2021-03-05,62.0515
2021-03-06,57.591
2021-03-07,50.803497
2021-03-08,61.128
2021-03-09,60.473
2021-03-10,56.3195
2021-03-11,53.767998
2021-03-12,53.677
2021-03-13,64.3155
2021-03-14,67.4715
2021-03-15,56.636997
2021-03-16,63.821
2021-03-17,65.613
2021-03-18,57.413998
2021-03-19,72.340996
2021-03-20,60.253498
2021-03-21,74.5355
2021-03-22,63.3775
2021-03-23,63.325
2021-03-24,62.8965
2021-03-25,66.164
2021-03-26,55.6115
2021-03-27,49.3125
2021-03-28,52.392498
2021-03-29,54.5535
2021-03-30,56.332
2021-03-31,62.4585
2021-04-01,48.609497
2021-04-02,57.321
2021-04-03,63.5015
2021-04-04,59.12
2021-04-05,44.896
2021-04-06,58.197998
2021-04-07,69.43
2021-04-08,68.572
2021-04-09,47.392998
2021-04-10,45.7915
2021-04-11,49.619
2021-04-12,68.0415
2021-04-13,84.264496
2021-04-14,72.294495
2021-04-15,67.094
2021-04-16,69.666
2021-04-17,71.964
2021-04-18,79.961
2021-04-19,93.70857
2021-04-20,84.1345
2021-04-21,65.473
2021-04-22,65.369995
2021-04-23,51.0285
2021-04-24,53.198498
2021-04-25,55.9235
2021-04-26,61.1545
2021-04-27,60.175
2021-04-28,54.1475
2021-04-29,67.2405
2021-04-30,62.5035
2021-05-01,60.982998
2021-05-02,66.587
2021-05-03,54.9715
2021-05-04,54.5965
2021-05-05,64.1225
2021-05-06,62.8705
2021-05-07,83.6245
2021-05-08,54.691498
2021-05-09,45.928997
2021-05-10,44.684
2021-05-11,47.4265
2021-05-12,74.651
2021-05-13,80.034
2021-05-14,75.65
2021-05-15,82.705
2021-05-16,67.6655
2021-05-17,87.044
2021-05-18,65.699
2021-05-19,83.94
2021-05-20,73.514
2021-05-21,59.4085
2021-05-22,74.227
2021-05-23,89.82
2021-05-24,82.935
2021-05-25,77.6765
2021-05-26,59.387497
2021-05-27,68.991
2021-05-28,63.218
2021-05-29,62.7395
2021-05-30,76.568
2021-05-31,68.101
2021-06-01,60.2915
2021-06-02,58.967
2021-06-03,57.813
2021-06-04,60.274
2021-06-05,60.1255
2021-06-06,75.429
2021-06-07,70.066
2021-06-08,61.454
2021-06-09,53.3665
2021-06-10,50.130497
2021-06-11,59.664497
2021-06-12,65.704
2021-06-13,52.6935
2021-06-14,55.6325
2021-06-15,57.41
2021-06-16,56.8465
2021-06-17,53.7595
2021-06-18,53.2185
2021-06-19,54.9855
2021-06-20,55.915497
2021-06-21,57.3155
2021-06-22,64.649
2021-06-23,69.557
2021-06-24,59.906498
2021-06-25,61.9465
2021-06-26,61.2975
2021-06-27,60.503498
2021-06-28,51.9945
2021-06-29,50.033
2021-06-30,60.538498
2021-07-01,59.888
2021-07-02,67.194496
2021-07-03,61.943497
2021-07-04,59.733997
2021-07-05,62.9065
2021-07-06,54.5795
2021-07-07,56.2765
2021-07-08,50.209
2021-07-09,57.636497
2021-07-10,55.1035
2021-07-11,87.9735
2021-07-12,80.482
2021-07-13,57.7305
2021-07-14,69.1585
2021-07-15,64.189
2021-07-16,61.0305
2021-07-17,85.717
2021-07-18,81.1765
2021-07-19,60.642
2021-07-20,62.873
2021-07-21,58.204
2021-07-22,61.0335
2021-07-23,64.857
2021-07-24,57.2385
2021-07-25,67.79
2021-07-26,61.740498
2021-07-27,60.134
2021-07-28,58.037
2021-07-29,65.478
2021-07-30,69.5055
2021-07-31,69.4255
2021-08-01,88.508
2021-08-02,68.441
2021-08-03,73.3685
2021-08-04,80.92
2021-08-05,91.164
2021-08-06,75.227
2021-08-07,64.3705
2021-08-08,65.2885
2021-08-09,68.588
2021-08-10,68.756
2021-08-11,65.5585
2021-08-12,67.228
2021-08-13,64.3365
2021-08-14,69.9685
2021-08-15,65.414
2021-08-16,64.4415
2021-08-17,72.7345
2021-08-18,72.282
2021-08-19,69.340996
2021-08-20,66.507996
2021-08-21,70.6195
2021-08-22,69.563995
2021-08-23,86.16
2021-08-24,77.1365
2021-08-25,67.428
2021-08-26,78.843994
2021-08-27,84.062
2021-08-28,80.5935
2021-08-29,77.0205
2021-08-30,71.353
2021-08-31,78.669
2021-09-01,66.9305
2021-09-02,72.249
2021-09-03,71.4675
2021-09-04,69.6325
2021-09-05,65.93
2021-09-06,63.927
2021-09-07,69.86
2021-09-08,55.423
2021-09-09,49.9895
2021-09-10,52.442
2021-09-11,63.923
2021-09-12,68.455
2021-09-13,74.245
2021-09-14,70.7165
2021-09-15,61.07
2021-09-16,68.4715
2021-09-17,79.1305
2021-09-18,82.9775
2021-09-19,77.811
2021-09-20,75.3145
2021-09-21,63.653
2021-09-22,86.3435
2021-09-23,74.8265
2021-09-24,67.2565
2021-09-25,72.645
2021-09-26,75.298996
2021-09-27,93.60133
2021-09-28,88.1465
2021-09-29,92.82111
2021-09-30,80.246
2021-10-01,77.973495
2021-10-02,66.286
2021-10-03,62.045
2021-10-04,63.9875
2021-10-05,57.8715
2021-10-06,87.9055
2021-10-07,91.628
2021-10-08,74.2315
2021-10-09,67.224495
2021-10-10,78.357
2021-10-11,70.3855
2021-10-12,80.1495
2021-10-13,82.8305
2021-10-14,79.165
2021-10-15,80.5205
2021-10-16,78.3815
2021-10-17,81.8865
2021-10-18,82.172
2021-10-19,76.498
2021-10-20,62.697
2021-10-21,64.5025
2021-10-22,81.2975
2021-10-23,60.8615
2021-10-24,70.991
2021-10-25,64.7675
2021-10-26,78.873
2021-10-27,83.729
2021-10-28,73.626495
2021-10-29,71.4185
2021-10-30,69.736496
2021-10-31,72.6355
2021-11-01,72.142
2021-11-02,93.978
2021-11-03,86.095
2021-11-04,82.561
2021-11-05,75.7225
2021-11-06,77.274
2021-11-07,76.751495
2021-11-08,78.316
2021-11-09,81.019
2021-11-10,84.861496
2021-11-11,88.3735
2021-11-12,89.882996
2021-11-13,
2021-11-14,92.55333
2021-11-15,89.8355
2021-11-16,86.2215
2021-11-17,87.883
2021-11-18,75.865
2021-11-19,76.0795
2021-11-20,78.766
2021-11-21,92.75923
2021-11-22,91.57474
2021-11-23,75.321
2021-11-24,85.3635
2021-11-25,87.472
2021-11-26,
2021-11-27,94.50285
2021-11-28,93.183334
2021-11-29,77.932
2021-11-30,79.6235
2021-12-01,75.172
2021-12-02,92.20111
2021-12-03,77.486
2021-12-04,75.3565
2021-12-05,
2021-12-06,89.11
2021-12-07,84.1285
2021-12-08,83.847496
2021-12-09,93.44182
2021-12-10,93.2925
2021-12-11,90.29389
2021-12-12,72.253
2021-12-13,85.229
2021-12-14,88.5595
2021-12-15,90.6985
2021-12-16,86.1055
2021-12-17,73.819
2021-12-18,71.487
2021-12-19,75.136
2021-12-20,72.941
2021-12-21,76.0905
2021-12-22,87.9925
2021-12-23,81.668
2021-12-24,81.435
2021-12-25,90.82316
2021-12-26,86.2895
2021-12-27,72.050995
2021-12-28,90.55
2021-12-29,
2021-12-30,92.16
2021-12-31,86.1365
2022-01-01,76.8495
2022-01-02,82.469
2022-01-03,68.395996
2022-01-04,72.917
2022-01-05,79.7
2022-01-06,64.544
2022-01-07,70.7115
2022-01-08,75.639496
2022-01-09,76.976
2022-01-10,85.734
2022-01-11,67.516
2022-01-12,79.3265
2022-01-13,77.0945
2022-01-14,69.583
2022-01-15,75.2345
2022-01-16,80.352
2022-01-17,66.2065
2022-01-18,72.4775
2022-01-19,80.8575
2022-01-20,81.438995
2022-01-21,67.1295
2022-01-22,71.372
2022-01-23,66.5025
2022-01-24,68.6685
2022-01-25,82.3955
2022-01-26,77.035995
2022-01-27,75.0275
2022-01-28,62.184998
2022-01-29,74.0085
2022-01-30,53.684498
2022-01-31,60.0295
2022-02-01,77.1515
2022-02-02,74.835
2022-02-03,61.1615
2022-02-04,71.701
2022-02-05,68.0045
2022-02-06,69.1735
2022-02-07,66.764496
2022-02-08,61.579998
2022-02-09,66.6415
2022-02-10,72.666
2022-02-11,69.014
2022-02-12,65.5965
2022-02-13,59.3365
2022-02-14,69.729
2022-02-15,77.056496
2022-02-16,81.494995
2022-02-17,70.2815
2022-02-18,58.577
2022-02-19,48.6175
2022-02-20,75.7755
2022-02-21,73.182
2022-02-22,63.443
2022-02-23,64.2215
2022-02-24,60.932
2022-02-25,57.655
2022-02-26,61.9315
2022-02-27,54.607
2022-02-28,64.374
2022-03-01,55.759
2022-03-02,55.372498
2022-03-03,48.341
2022-03-04,61.306
2022-03-05,66.284
2022-03-06,57.542
2022-03-07,52.196
2022-03-08,59.1875
2022-03-09,58.1375
2022-03-10,49.6045
2022-03-11,46.5355
2022-03-12,33.007
2022-03-13,29.847996
2022-03-14,30.403997
2022-03-15,41.859497
2022-03-16,78.06
2022-03-17,71.578
2022-03-18,74.7665
2022-03-19,60.3195
2022-03-20,40.489998
2022-03-21,41.406
2022-03-22,41.782497
2022-03-23,41.604496
2022-03-24,36.964497
2022-03-25,42.998497
2022-03-26,43.859497
2022-03-27,45.9575
2022-03-28,48.8755
2022-03-29,41.443497
2022-03-30,56.353
2022-03-31,88.889
2022-04-01,84.698
2022-04-02,79.509
2022-04-03,63.397
2022-04-04,62.579998
2022-04-05,69.4125
2022-04-06,57.046
2022-04-07,55.781498
2022-04-08,52.184
2022-04-09,67.0135
2022-04-10,57.629997
2022-04-11,51.760498
2022-04-12,48.822998
2022-04-13,44.037
2022-04-14,37.667
2022-04-15,61.677498
2022-04-16,59.9115
2022-04-17,43.091496
2022-04-18,41.7925
2022-04-19,62.579998
2022-04-20,62.3735
2022-04-21,49.4035
2022-04-22,67.4245
2022-04-23,76.425995
2022-04-24,55.3555
2022-04-25,60.225
2022-04-26,65.227
2022-04-27,81.937
2022-04-28,48.8755
2022-04-29,49.104
2022-04-30,52.6485
2022-05-01,57.5865
2022-05-02,57.524998
2022-05-03,57.006
2022-05-04,62.4125
2022-05-05,62.110497
2022-05-06,63.379997
2022-05-07,71.718
2022-05-08,75.0495
2022-05-09,74.513
2022-05-10,64.412
2022-05-11,53.642498
2022-05-12,51.1405
2022-05-13,75.8965
2022-05-14,56.202
2022-05-15,56.354
2022-05-16,56.1895
2022-05-17,76.3325
2022-05-18,54.4295
2022-05-19,42.678497
2022-05-20,47.8885
2022-05-21,58.2655
2022-05-22,55.043
2022-05-23,52.2415
2022-05-24,69.917496
2022-05-25,84.86
2022-05-26,65.384
2022-05-27,58.1405
2022-05-28,49.784
2022-05-29,64.8155
2022-05-30,65.585
2022-05-31,65.151
2022-06-01,60.4175
2022-06-02,65.6
2022-06-03,53.913498
2022-06-04,72.782
2022-06-05,68.6515
2022-06-06,75.4575
2022-06-07,70.886
2022-06-08,86.545
2022-06-09,88.271
2022-06-10,75.9735
2022-06-11,55.5995
2022-06-12,55.447998
2022-06-13,69.016
2022-06-14,61.3215
2022-06-15,59.983997
2022-06-16,64.169
2022-06-17,65.307495
2022-06-18,55.560997
2022-06-19,49.464497
2022-06-20,53.683
2022-06-21,52.049
2022-06-22,54.5485
2022-06-23,54.7225
2022-06-24,49.5825
2022-06-25,71.9055
2022-06-26,63.1405
2022-06-27,53.2325
2022-06-28,65.3305
2022-06-29,51.0015
2022-06-30,50.086
2022-07-01,54.5655
2022-07-02,59.6945
2022-07-03,60.039497
2022-07-04,58.0165
2022-07-05,86.8635
2022-07-06,68.0735
2022-07-07,65.802
2022-07-08,63.94
2022-07-09,54.9635
2022-07-10,59.592
2022-07-11,54.635998
2022-07-12,54.862
2022-07-13,46.7365
2022-07-14,41.124
2022-07-15,54.393
2022-07-16,49.098
2022-07-17,44.9875
2022-07-18,46.561497
2022-07-19,44.439
2022-07-20,44.650497
2022-07-21,44.722
2022-07-22,49.246
2022-07-23,54.3005
2022-07-24,54.670498
2022-07-25,44.2035
2022-07-26,78.133995
2022-07-27,76.414
2022-07-28,66.211
2022-07-29,55.823997
2022-07-30,80.4785
2022-07-31,62.825
2022-08-01,65.5255
2022-08-02,64.3685
2022-08-03,57.385
2022-08-04,52.292
2022-08-05,49.127
2022-08-06,60.3755
2022-08-07,59.968998
2022-08-08,76.3705
2022-08-09,60.0015
2022-08-10,48.25
2022-08-11,52.4075
2022-08-12,52.2495
2022-08-13,58.6325
2022-08-14,66.1205
2022-08-15,54.889
2022-08-16,52.461998
2022-08-17,49.642
2022-08-18,45.753498
2022-08-19,61.9215
2022-08-20,78.905495
2022-08-21,79.2185
2022-08-22,91.0985
2022-08-23,84.9575
2022-08-24,82.776
2022-08-25,82.028
2022-08-26,72.881996
2022-08-27,69.4135
2022-08-28,79.411995
2022-08-29,70.628494
2022-08-30,64.0015
2022-08-31,64.556
2022-09-01,67.8245
2022-09-02,59.5165
2022-09-03,64.051
2022-09-04,73.5765
2022-09-05,74.695496
2022-09-06,75.145
2022-09-07,74.890495
2022-09-08,70.0335
2022-09-09,65.391
2022-09-10,67.087494
2022-09-11,74.044495
2022-09-12,74.1015
2022-09-13,67.7285
2022-09-14,73.5305
2022-09-15,85.0475
2022-09-16,75.903
2022-09-17,70.597496
2022-09-18,67.5735
2022-09-19,75.7465
2022-09-20,79.851
2022-09-21,74.5675
2022-09-22,72.032
2022-09-23,70.9115
2022-09-24,68.755
2022-09-25,91.653
2022-09-26,84.0355
2022-09-27,86.3965
2022-09-28,77.581
2022-09-29,79.904495
2022-09-30,91.1105
2022-10-01,92.97833
2022-10-02,79.49
2022-10-03,69.6385
2022-10-04,75.3275
2022-10-05,72.8275
2022-10-06,80.876495
2022-10-07,79.5255
2022-10-08,82.624
2022-10-09,70.985
2022-10-10,60.947
2022-10-11,77.809494
2022-10-12,85.0675
2022-10-13,78.152
2022-10-14,84.555
2022-10-15,74.4565
2022-10-16,70.546
2022-10-17,63.279
2022-10-18,65.4295
2022-10-19,70.2405
2022-10-20,71.167
2022-10-21,62.7165
2022-10-22,84.6135
2022-10-23,90.58
2022-10-24,93.26437
2022-10-25,85.494
2022-10-26,91.791664
2022-10-27,93.58572
2022-10-28,94.608
2022-10-29,
2022-10-30,
2022-10-31,94.06333
2022-11-01,90.0015
2022-11-02,82.5915
2022-11-03,82.425
2022-11-04,89.5995
2022-11-05,72.118
2022-11-06,73.5955
2022-11-07,83.5685
2022-11-08,83.2895
2022-11-09,89.2985
2022-11-10,89.799
2022-11-11,88.761
2022-11-12,90.085
2022-11-13,94.03667
2022-11-14,92.536316
2022-11-15,91.35158
2022-11-16,93.080666
2022-11-17,88.693
2022-11-18,93.571335
2022-11-19,75.026
2022-11-20,87.375
2022-11-21,94.318
2022-11-22,88.202
2022-11-23,92.3725
2022-11-24,85.109
2022-11-25,88.779
2022-11-26,88.1595
2022-11-27,86.2045
2022-11-28,80.472
2022-11-29,86.316
2022-11-30,85.351
2022-12-01,83.194496
2022-12-02,93.92
2022-12-03,89.1045
2022-12-04,85.9055
2022-12-05,89.543
2022-12-06,83.4325
2022-12-07,87.446
2022-12-08,82.6055
2022-12-09,92.19222
2022-12-10,88.096
2022-12-11,73.5475
2022-12-12,69.817
2022-12-13,75.409
2022-12-14,76.2335
2022-12-15,84.341995
2022-12-16,92.38563
2022-12-17,75.775
2022-12-18,82.759
2022-12-19,81.553
2022-12-20,87.0745
2022-12-21,91.0485
2022-12-22,93.85125
2022-12-23,92.888824
2022-12-24,75.034
2022-12-25,78.436
2022-12-26,85.5455
2022-12-27,67.07
2022-12-28,66.1595
2022-12-29,80.5545
2022-12-30,92.91499
2022-12-31,84.1315
2023-01-01,84.166504
2023-01-02,94.56143
2023-01-03,93.80167
2023-01-04,86.3215
2023-01-05,80.1045
2023-01-06,75.862
2023-01-07,85.6855
2023-01-08,88.188
2023-01-09,84.5075
2023-01-10,81.3015
2023-01-11,65.661
2023-01-12,78.886
2023-01-13,77.595
2023-01-14,70.0035
2023-01-15,76.6255
2023-01-16,87.8145
2023-01-17,86.2905
2023-01-18,89.3745
2023-01-19,77.8365
2023-01-20,77.410995
2023-01-21,77.1375
2023-01-22,92.64647
2023-01-23,88.182
2023-01-24,86.704
2023-01-25,92.048
2023-01-26,90.24684
2023-01-27,85.121
2023-01-28,79.3645
2023-01-29,68.679
2023-01-30,78.848495
2023-01-31,65.648
2023-02-01,64.6065
2023-02-02,71.4
2023-02-03,83.2435
2023-02-04,59.0305
2023-02-05,59.54
2023-02-06,69.9375
2023-02-07,73.487
2023-02-08,72.76
2023-02-09,62.6385
2023-02-10,65.453995
2023-02-11,58.526497
2023-02-12,69.613495
2023-02-13,80.987495
2023-02-14,73.347
2023-02-15,82.9055
2023-02-16,93.431816
2023-02-17,81.414
2023-02-18,62.0365
2023-02-19,71.4965
2023-02-20,69.426
2023-02-21,58.4925
2023-02-22,75.593
2023-02-23,68.9995
2023-02-24,64.4075
2023-02-25,64.5535
2023-02-26,60.850998
2023-02-27,59.055
2023-02-28,57.135998
2023-03-01,67.326
2023-03-02,66.4525
2023-03-03,66.4945
2023-03-04,62.723
2023-03-05,58.0635
2023-03-06,70.947
2023-03-07,76.616
2023-03-08,65.7775
2023-03-09,55.981
2023-03-10,60.0265
2023-03-11,42.086998
2023-03-12,49.939
2023-03-13,48.5935
2023-03-14,58.5085
2023-03-15,49.4325
2023-03-16,55.994
2023-03-17,43.944
2023-03-18,41.5795
2023-03-19,52.691498
2023-03-20,60.2725
2023-03-21,60.2775
2023-03-22,57.515
2023-03-23,53.686996
2023-03-24,61.0335
2023-03-25,62.835
2023-03-26,58.958
2023-03-27,66.3835
2023-03-28,54.512
2023-03-29,58.288998
2023-03-30,69.421
2023-03-31,75.387
2023-04-01,63.9295
2023-04-02,69.249
2023-04-03,49.9865
2023-04-04,48.8815
2023-04-05,47.198997
2023-04-06,50.224
2023-04-07,77.117
2023-04-08,92.4285
2023-04-09,82.3285
2023-04-10,74.5205
2023-04-11,76.8725
2023-04-12,57.2205
2023-04-13,83.876
2023-04-14,94.39625
2023-04-15,89.235
2023-04-16,80.615
2023-04-17,70.218994
2023-04-18,83.4855
2023-04-19,78.9485
2023-04-20,72.85
2023-04-21,59.8825
2023-04-22,56.824497
2023-04-23,48.309998
2023-04-24,73.749
2023-04-25,63.8465
2023-04-26,54.984497
2023-04-27,53.817997
2023-04-28,58.4665
2023-04-29,75.5615
2023-04-30,63.7555
2023-05-01,59.2665
2023-05-02,73.2355
2023-05-03,83.7235
2023-05-04,72.4205
2023-05-05,65.5555
2023-05-06,80.4575
2023-05-07,75.742
2023-05-08,68.255
2023-05-09,59.457
2023-05-10,60.347
2023-05-11,58.836
2023-05-12,90.656
2023-05-13,82.863495
2023-05-14,93.023
2023-05-15,82.875
2023-05-16,93.96833
2023-05-17,91.022
2023-05-18,85.786
2023-05-19,80.594
2023-05-20,69.015495
2023-05-21,63.78
2023-05-22,64.7235
2023-05-23,74.337
2023-05-24,73.8735
2023-05-25,73.941
2023-05-26,69.280495
2023-05-27,57.785
2023-05-28,67.044
2023-05-29,65.39
2023-05-30,61.566498
2023-05-31,59.456
2023-06-01,61.956
2023-06-02,58.4235
2023-06-03,56.246998
2023-06-04,71.936
2023-06-05,80.448
2023-06-06,88.7825
2023-06-07,90.96
2023-06-08,84.0775
2023-06-09,83.588
2023-06-10,82.6345
2023-06-11,80.8775
2023-06-12,59.606
2023-06-13,60.184498
2023-06-14,72.801
2023-06-15,60.934498
2023-06-16,58.651
2023-06-17,63.075
2023-06-18,61.3285
2023-06-19,59.5485
2023-06-20,60.468
2023-06-21,66.395996
2023-06-22,67.432
2023-06-23,67.628
2023-06-24,74.241
2023-06-25,60.0405
2023-06-26,58.0285
2023-06-27,63.997498
2023-06-28,66.951996
2023-06-29,62.139
2023-06-30,54.8955
2023-07-01,73.2685
2023-07-02,60.101997
2023-07-03,61.737
2023-07-04,68.1785
2023-07-05,63.803997
2023-07-06,59.4115
2023-07-07,51.7295
2023-07-08,53.961998
2023-07-09,52.602
2023-07-10,55.7805
2023-07-11,61.09
2023-07-12,60.524498
2023-07-13,76.417
2023-07-14,63.281498
2023-07-15,61.006
2023-07-16,64.057
2023-07-17,67.014496
2023-07-18,54.367
2023-07-19,61.497997
2023-07-20,62.695
2023-07-21,85.5715
2023-07-22,64.7145
2023-07-23,62.5205
2023-07-24,60.75
2023-07-25,80.5295
2023-07-26,71.546
2023-07-27,59.965
2023-07-28,65.1425
2023-07-29,75.2565
2023-07-30,87.629
2023-07-31,61.249
2023-08-01,80.562996
2023-08-02,68.4835
2023-08-03,74.1555
2023-08-04,91.074
2023-08-05,93.229996
2023-08-06,82.2945
2023-08-07,71.5525
2023-08-08,60.39
2023-08-09,77.692
2023-08-10,73.303
2023-08-11,67.139496
2023-08-12,65.3005
2023-08-13,64.3895
2023-08-14,65.0885
2023-08-15,63.9625
2023-08-16,71.910995
2023-08-17,83.806
2023-08-18,81.7275
2023-08-19,79.3555
2023-08-20,74.513
2023-08-21,72.1795
2023-08-22,63.8745
2023-08-23,71.481995
2023-08-24,67.3575
2023-08-25,71.1015
2023-08-26,72.0055
2023-08-27,66.565994
2023-08-28,73.751495
2023-08-29,92.25833
2023-08-30,83.305
2023-08-31,70.786995
2023-09-01,74.789
2023-09-02,74.9735
2023-09-03,77.2025
2023-09-04,67.2115
2023-09-05,71.2405
2023-09-06,71.7775
2023-09-07,68.5215
2023-09-08,70.9265
2023-09-09,70.1995
2023-09-10,69.4745
2023-09-11,69.6375
2023-09-12,69.0505
2023-09-13,76.362495
2023-09-14,83.7995
2023-09-15,76.6055
2023-09-16,75.578995
2023-09-17,73.1795
2023-09-18,68.1375
2023-09-19,82.817
2023-09-20,72.479996
2023-09-21,65.091995
2023-09-22,67.8105
2023-09-23,85.2925
2023-09-24,85.4095
2023-09-25,85.566
2023-09-26,84.901
2023-09-27,75.349
2023-09-28,74.378
2023-09-29,72.3315
2023-09-30,82.1475
2023-10-01,76.07
2023-10-02,72.728
2023-10-03,69.7305
2023-10-04,70.2275
2023-10-05,76.874
2023-10-06,71.073
2023-10-07,60.216
2023-10-08,66.0815
2023-10-09,82.667
2023-10-10,88.05
2023-10-11,76.4005
2023-10-12,81.366
2023-10-13,75.479
2023-10-14,72.003
2023-10-15,73.5325
2023-10-16,74.898
2023-10-17,77.338
2023-10-18,68.545
2023-10-19,70.31
2023-10-20,59.498497
2023-10-21,69.413
2023-10-22,82.9825
2023-10-23,84.18
2023-10-24,88.0635
2023-10-25,84.962
2023-10-26,85.2985
2023-10-27,89.5465
2023-10-28,87.709
2023-10-29,76.209496
2023-10-30,65.0535
2023-10-31,75.024
2023-11-01,74.7895
2023-11-02,67.1095
2023-11-03,87.0395
2023-11-04,81.6435
2023-11-05,89.9425
2023-11-06,77.8825
2023-11-07,91.4075
2023-11-08,75.0745
2023-11-09,73.071
2023-11-10,88.85
2023-11-11,85.2215
2023-11-12,74.0055
2023-11-13,88.65
2023-11-14,79.1995
2023-11-15,76.6555
2023-11-16,66.3375
2023-11-17,77.577995
2023-11-18,70.899
2023-11-19,85.9645
2023-11-20,84.722
2023-11-21,87.8995
2023-11-22,81.604
2023-11-23,83.5405
2023-11-24,80.6975
2023-11-25,73.988
2023-11-26,76.97
2023-11-27,83.348495
2023-11-28,91.1985
2023-11-29,73.7135
2023-11-30,86.7095
2023-12-01,
2023-12-02,93.207695
2023-12-03,76.4335
2023-12-04,78.381
2023-12-05,85.1415
2023-12-06,94.71
2023-12-07,87.4765
2023-12-08,89.8685
2023-12-09,91.4745
2023-12-10,93.557
2023-12-11,88.1355
2023-12-12,81.806
2023-12-13,
2023-12-14,93.15118
2023-12-15,77.473495
2023-12-16,84.914
2023-12-17,81.423
2023-12-18,84.8285
2023-12-19,92.056
2023-12-20,91.20778
2023-12-21,82.1195
2023-12-22,76.82
2023-12-23,93.09
2023-12-24,86.045
2023-12-25,81.076996
2023-12-26,71.4975
2023-12-27,72.890495
2023-12-28,88.132
2023-12-29,89.3055
2023-12-30,86.776505
2023-12-31,85.8995
2024-01-01,86.656
2024-01-02,83.489
2024-01-03,76.305
2024-01-04,66.1585
2024-01-05,72.598
2024-01-06,92.834114
2024-01-07,85.888
2024-01-08,68.614
2024-01-09,75.7975
2024-01-10,80.081
2024-01-11,79.544
2024-01-12,77.503
2024-01-13,78.8695
2024-01-14,79.9405
2024-01-15,68.707
2024-01-16,58.9965
2024-01-17,85.28
2024-01-18,93.84
2024-01-19,72.196
2024-01-20,72.4395
2024-01-21,72.7985
2024-01-22,74.251
2024-01-23,80.4795
2024-01-24,71.749
2024-01-25,56.049
2024-01-26,77.292496
2024-01-27,62.7325
2024-01-28,74.432
2024-01-29,82.29
2024-01-30,81.7725
2024-01-31,86.379
2024-02-01,84.384
2024-02-02,73.9065
2024-02-03,66.6385
2024-02-04,72.7725
2024-02-05,62.3225
2024-02-06,57.958
2024-02-07,70.550995
2024-02-08,65.5355
2024-02-09,63.461
2024-02-10,58.964
2024-02-11,90.4985
2024-02-12,78.319
2024-02-13,71.716
2024-02-14,72.550995
2024-02-15,68.901
2024-02-16,69.5915
2024-02-17,83.104
2024-02-18,74.562
2024-02-19,82.5825
2024-02-20,74.5245
2024-02-21,63.043
2024-02-22,60.830498
2024-02-23,77.2905
2024-02-24,74.347496
2024-02-25,69.35
2024-02-26,67.751
2024-02-27,76.5385
2024-02-28,81.47
2024-02-29,75.0235
2024-03-01,80.7845
2024-03-02,92.320526
2024-03-03,65.811
2024-03-04,65.1205
2024-03-05,74.516
2024-03-06,72.141
2024-03-07,88.805504
2024-03-08,87.5655
2024-03-09,77.696495
2024-03-10,73.11
2024-03-11,83.604
2024-03-12,87.123
2024-03-13,70.54
2024-03-14,65.3525
2024-03-15,66.899
2024-03-16,69.764
2024-03-17,62.6395
2024-03-18,61.9075
2024-03-19,63.6985
2024-03-20,62.565
2024-03-21,61.7865
2024-03-22,62.6075
2024-03-23,63.714
2024-03-24,64.829
2024-03-25,64.5435
2024-03-26,47.441498
2024-03-27,60.5025
2024-03-28,64.2255
2024-03-29,64.341995
2024-03-30,53.816998
2024-03-31,41.218
2024-04-01,46.671997
2024-04-02,68.448
2024-04-03,63.6345
2024-04-04,69.916
2024-04-05,67.668
2024-04-06,60.718998
2024-04-07,66.529
2024-04-08,52.4515
2024-04-09,49.0025
2024-04-10,68.526
2024-04-11,64.544
2024-04-12,61.401497
2024-04-13,59.704998
2024-04-14,56.5695
2024-04-15,75.2825
2024-04-16,89.432
2024-04-17,73.0255
2024-04-18,65.7155
2024-04-19,71.8055
2024-04-20,71.1045
2024-04-21,71.747
2024-04-22,72.931496
2024-04-23,79.005
2024-04-24,91.4485
2024-04-25,70.993996
2024-04-26,67.958496
2024-04-27,57.948498
2024-04-28,53.3395
2024-04-29,53.4315
2024-04-30,53.2285
2024-05-01,52.045
2024-05-02,65.8425
2024-05-03,80.7955
2024-05-04,71.7065
2024-05-05,61.879997
2024-05-06,56.8085
2024-05-07,71.173
2024-05-08,77.5255
2024-05-09,57.558
2024-05-10,57.443
2024-05-11,58.6615
2024-05-12,58.826
2024-05-13,44.714996
2024-05-14,51.545498
2024-05-15,51.389
2024-05-16,53.808
2024-05-17,87.17
2024-05-18,80.503
2024-05-19,71.998
2024-05-20,74.6345
2024-05-21,82.302
2024-05-22,76.195
2024-05-23,69.908
2024-05-24,82.5165
2024-05-25,74.617
2024-05-26,73.4345
2024-05-27,66.843
2024-05-28,62.8435
2024-05-29,66.6965
2024-05-30,68.576
2024-05-31,82.018
2024-06-01,80.2765
2024-06-02,74.599495
2024-06-03,84.9075
2024-06-04,83.4415
2024-06-05,71.433
2024-06-06,70.894
2024-06-07,74.22
2024-06-08,74.991
2024-06-09,76.778
2024-06-10,92.922
2024-06-11,72.459496
2024-06-12,71.6475
2024-06-13,70.7285
2024-06-14,66.388
2024-06-15,63.905
2024-06-16,76.144
2024-06-17,67.638
2024-06-18,64.3545
2024-06-19,62.3045
2024-06-20,68.569
2024-06-21,66.969
2024-06-22,76.5535
2024-06-23,59.128998
2024-06-24,59.291
2024-06-25,67.003
2024-06-26,83.0255
2024-06-27,86.3475
2024-06-28,76.047
2024-06-29,67.029495
2024-06-30,60.019497
2024-07-01,77.83
2024-07-02,57.149998
2024-07-03,63.892998
2024-07-04,62.229
2024-07-05,56.6955
2024-07-06,48.666
2024-07-07,63.281498
2024-07-08,71.971
2024-07-09,66.741
2024-07-10,62.6465
2024-07-11,62.947
2024-07-12,63.9655
2024-07-13,72.9575
2024-07-14,69.258995
2024-07-15,60.871
2024-07-16,62.476997
2024-07-17,56.2665
2024-07-18,55.585
2024-07-19,60.843
2024-07-20,79.523994
2024-07-21,70.9315
2024-07-22,66.375496
2024-07-23,62.514
2024-07-24,62.315
2024-07-25,60.010998
2024-07-26,57.2285
2024-07-27,47.330997
2024-07-28,52.8135
2024-07-29,52.5205
2024-07-30,53.440998
2024-07-31,52.995
2024-08-01,68.9465
2024-08-02,81.8115
2024-08-03,61.815998
2024-08-04,71.9015
2024-08-05,80.285995
2024-08-06,65.0735
2024-08-07,63.2685
2024-08-08,77.961
2024-08-09,68.6555
2024-08-10,64.771
2024-08-11,62.5005
2024-08-12,60.198498
2024-08-13,64.2255
2024-08-14,50.7165
2024-08-15,70.611496
2024-08-16,68.9465
2024-08-17,76.5735
2024-08-18,73.921
2024-08-19,80.913994
2024-08-20,75.223
2024-08-21,67.78
2024-08-22,61.8225
2024-08-23,60.6645
2024-08-24,57.572
2024-08-25,57.6265
2024-08-26,59.6625
2024-08-27,63.8505
2024-08-28,67.415
2024-08-29,62.347
2024-08-30,62.954998
2024-08-31,62.052498
2024-09-01,57.587498
2024-09-02,55.815998
2024-09-03,51.992
2024-09-04,50.9185
2024-09-05,43.4615
2024-09-06,48.6005
2024-09-07,57.019
2024-09-08,52.176
2024-09-09,92.60684
2024-09-10,76.6235
2024-09-11,70.584496
2024-09-12,90.733
2024-09-13,93.918
2024-09-14,92.80111
2024-09-15,91.9315
2024-09-16,93.215
2024-09-17,86.5515
2024-09-18,72.9255
2024-09-19,69.6995
2024-09-20,73.97
2024-09-21,73.0045
2024-09-22,65.8455
2024-09-23,59.25
2024-09-24,79.737
2024-09-25,81.6895
2024-09-26,63.172497
2024-09-27,79.9795
2024-09-28,75.7565
2024-09-29,66.181
2024-09-30,74.404
2024-10-01,75.313
2024-10-02,86.319
2024-10-03,91.375786
2024-10-04,
2024-10-05,92.0965
2024-10-06,91.274
2024-10-07,87.174
2024-10-08,77.6145
2024-10-09,85.8635
2024-10-10,75.1185
2024-10-11,87.29
2024-10-12,83.0825
2024-10-13,81.187996
2024-10-14,78.8785
2024-10-15,87.2825
2024-10-16,78.517
2024-10-17,77.010994
2024-10-18,61.877
2024-10-19,77.368
2024-10-20,77.6625
2024-10-21,76.806496
2024-10-22,83.6445
2024-10-23,90.6205
2024-10-24,82.306496
2024-10-25,81.565
2024-10-26,83.199
2024-10-27,87.2015
2024-10-28,88.8095
2024-10-29,91.20842
2024-10-30,92.18895
2024-10-31,91.54
2024-11-01,92.0325
2024-11-02,87.462
2024-11-03,80.979
2024-11-04,86.278
2024-11-05,77.304
2024-11-06,80.1155
2024-11-07,82.5855
2024-11-08,84.8965
2024-11-09,87.795
2024-11-10,
2024-11-11,
2024-11-12,91.24316
2024-11-13,89.993004
2024-11-14,85.6575
2024-11-15,79.639
2024-11-16,82.232
2024-11-17,94.212
2024-11-18,91.8985
2024-11-19,93.34643
2024-11-20,80.972
2024-11-21,63.316998
2024-11-22,83.7215
2024-11-23,71.8985
2024-11-24,59.972
2024-11-25,84.9715
2024-11-26,89.0015
2024-11-27,93.211334
2024-11-28,88.9605
2024-11-29,78.7135
2024-11-30,87.764
2024-12-01,92.074
2024-12-02,85.5255
2024-12-03,92.051056
2024-12-04,93.34866
2024-12-05,85.23
2024-12-06,94.24733
2024-12-07,93.211815
2024-12-08,92.50166
2024-12-09,94.14616
2024-12-10,93.97
2024-12-11,87.805504
2024-12-12,86.4155
2024-12-13,88.1745
2024-12-14,87.8415
2024-12-15,79.9535
2024-12-16,80.3345
2024-12-17,87.775
2024-12-18,90.317894
2024-12-19,86.3115
2024-12-20,80.757996
2024-12-21,75.597
2024-12-22,72.292496
2024-12-23,90.143
2024-12-24,77.039
2024-12-25,77.3685
2024-12-26,89.532104
2024-12-27,91.50882
2024-12-28,87.917366
2024-12-29,91.32105
2024-12-30,95.16
2024-12-31,
