time,hu
1960-01-01,89.44235
1960-01-02,90.95588
1960-01-03,92.85091
1960-01-04,91.074615
1960-01-05,89.187225
1960-01-06,86.2645
1960-01-07,82.2825
1960-01-08,87.6645
1960-01-09,87.87111
1960-01-10,73.5955
1960-01-11,80.445
1960-01-12,88.723335
1960-01-13,85.9135
1960-01-14,81.528496
1960-01-15,86.73421
1960-01-16,87.5565
1960-01-17,87.1145
1960-01-18,82.3885
1960-01-19,78.226
1960-01-20,75.1475
1960-01-21,77.9805
1960-01-22,83.70599
1960-01-23,84.584
1960-01-24,87.92167
1960-01-25,90.759415
1960-01-26,90.57188
1960-01-27,88.147644
1960-01-28,83.90421
1960-01-29,87.993004
1960-01-30,80.347
1960-01-31,81.7565
1960-02-01,65.0905
1960-02-02,75.413
1960-02-03,81.02
1960-02-04,72.958
1960-02-05,71.9205
1960-02-06,71.213
1960-02-07,73.3885
1960-02-08,66.6715
1960-02-09,69.185
1960-02-10,73.1865
1960-02-11,81.8695
1960-02-12,80.0879
1960-02-13,79.215996
1960-02-14,89.66389
1960-02-15,89.47375
1960-02-16,91.81526
1960-02-17,92.95571
1960-02-18,92.76091
1960-02-19,91.94417
1960-02-20,88.796
1960-02-21,92.37
1960-02-22,83.538
1960-02-23,89.62222
1960-02-24,72.9945
1960-02-25,80.978
1960-02-26,88.363
1960-02-27,86.641
1960-02-28,83.3415
1960-02-29,81.5965
1960-03-01,91.33
1960-03-02,82.5995
1960-03-03,89.33357
1960-03-04,88.1275
1960-03-05,76.434
1960-03-06,77.86
1960-03-07,77.4605
1960-03-08,82.4615
1960-03-09,79.8845
1960-03-10,82.5245
1960-03-11,81.328
1960-03-12,93.682
1960-03-13,89.19316
1960-03-14,81.168495
1960-03-15,75.755
1960-03-16,79.6525
1960-03-17,90.44546
1960-03-18,78.7055
1960-03-19,80.743996
1960-03-20,84.637
1960-03-21,86.7235
1960-03-22,77.8985
1960-03-23,73.2275
1960-03-24,75.6895
1960-03-25,74.6285
1960-03-26,80.507996
1960-03-27,85.0615
1960-03-28,82.5575
1960-03-29,87.19312
1960-03-30,86.79941
1960-03-31,89.04948
1960-04-01,85.004
1960-04-02,74.808
1960-04-03,74.9485
1960-04-04,76.449
1960-04-05,75.278
1960-04-06,76.7725
1960-04-07,76.0515
1960-04-08,75.9525
1960-04-09,81.70778
1960-04-10,76.032
1960-04-11,73.999
1960-04-12,70.441
1960-04-13,73.3155
1960-04-14,77.9225
1960-04-15,72.1055
1960-04-16,71.0415
1960-04-17,77.4785
1960-04-18,70.0025
1960-04-19,58.3885
1960-04-20,77.423996
1960-04-21,75.337
1960-04-22,65.369995
1960-04-23,70.9915
1960-04-24,74.098
1960-04-25,75.1665
1960-04-26,76.351
1960-04-27,70.0405
1960-04-28,73.1985
1960-04-29,83.86
1960-04-30,80.5995
1960-05-01,82.6525
1960-05-02,77.153
1960-05-03,70.922
1960-05-04,69.817
1960-05-05,86.3045
1960-05-06,90.40474
1960-05-07,84.2765
1960-05-08,92.32214
1960-05-09,90.0485
1960-05-10,80.960495
1960-05-11,75.169
1960-05-12,77.31
1960-05-13,76.3935
1960-05-14,89.66778
1960-05-15,86.5275
1960-05-16,74.4555
1960-05-17,67.4925
1960-05-18,67.6505
1960-05-19,57.709
1960-05-20,70.709
1960-05-21,71.3915
1960-05-22,74.598495
1960-05-23,81.0625
1960-05-24,69.848495
1960-05-25,70.317
1960-05-26,70.0045
1960-05-27,71.081
1960-05-28,63.1745
1960-05-29,60.845
1960-05-30,92.052666
1960-05-31,86.748
1960-06-01,78.2215
1960-06-02,71.1085
1960-06-03,76.4805
1960-06-04,71.7625
1960-06-05,65.9615
1960-06-06,71.0785
1960-06-07,66.063995
1960-06-08,83.9085
1960-06-09,75.8495
1960-06-10,76.478
1960-06-11,63.8475
1960-06-12,66.36
1960-06-13,66.173
1960-06-14,66.999
1960-06-15,80.848495
1960-06-16,67.626
1960-06-17,61.782997
1960-06-18,68.946
1960-06-19,66.422
1960-06-20,71.325
1960-06-21,65.056496
1960-06-22,64.301
1960-06-23,63.726498
1960-06-24,59.529
1960-06-25,70.4575
1960-06-26,76.734
1960-06-27,72.8995
1960-06-28,73.7195
1960-06-29,84.278
1960-06-30,76.004
1960-07-01,86.784
1960-07-02,74.6855
1960-07-03,71.1265
1960-07-04,66.7635
1960-07-05,62.9255
1960-07-06,72.667496
1960-07-07,84.111
1960-07-08,75.800995
1960-07-09,86.4575
1960-07-10,74.3005
1960-07-11,69.0595
1960-07-12,84.5305
1960-07-13,83.7165
1960-07-14,76.2035
1960-07-15,78.0035
1960-07-16,81.596
1960-07-17,87.8595
1960-07-18,78.945496
1960-07-19,79.723495
1960-07-20,77.678
1960-07-21,88.767
1960-07-22,76.1585
1960-07-23,90.10834
1960-07-24,80.629
1960-07-25,85.848
1960-07-26,84.738
1960-07-27,75.6345
1960-07-28,89.0075
1960-07-29,79.377
1960-07-30,75.026
1960-07-31,79.289
1960-08-01,70.984
1960-08-02,71.593
1960-08-03,75.2305
1960-08-04,68.197
1960-08-05,71.12
1960-08-06,76.6245
1960-08-07,71.122
1960-08-08,82.4645
1960-08-09,79.8585
1960-08-10,68.692
1960-08-11,72.303
1960-08-12,66.043495
1960-08-13,73.2205
1960-08-14,80.305
1960-08-15,72.2695
1960-08-16,74.711
1960-08-17,74.859
1960-08-18,65.773
1960-08-19,80.701996
1960-08-20,72.2345
1960-08-21,72.2185
1960-08-22,73.8175
1960-08-23,78.1515
1960-08-24,77.194
1960-08-25,78.117
1960-08-26,76.951
1960-08-27,75.028
1960-08-28,72.861
1960-08-29,71.2165
1960-08-30,81.96316
1960-08-31,72.131
1960-09-01,74.09
1960-09-02,77.865
1960-09-03,74.3185
1960-09-04,70.4665
1960-09-05,87.541
1960-09-06,83.7175
1960-09-07,70.247
1960-09-08,75.1335
1960-09-09,73.2125
1960-09-10,73.238495
1960-09-11,72.507996
1960-09-12,75.747
1960-09-13,77.4535
1960-09-14,72.8445
1960-09-15,77.2625
1960-09-16,77.888
1960-09-17,73.447
1960-09-18,76.563995
1960-09-19,68.8955
1960-09-20,85.7685
1960-09-21,85.0015
1960-09-22,86.926315
1960-09-23,85.399
1960-09-24,83.3785
1960-09-25,78.2455
1960-09-26,80.2045
1960-09-27,80.44
1960-09-28,85.219
1960-09-29,82.37684
1960-09-30,85.4775
1960-10-01,90.7665
1960-10-02,83.2065
1960-10-03,84.7425
1960-10-04,81.656
1960-10-05,87.544
1960-10-06,78.6595
1960-10-07,86.6995
1960-10-08,79.8385
1960-10-09,75.9835
1960-10-10,75.694496
1960-10-11,80.6595
1960-10-12,84.54211
1960-10-13,80.8995
1960-10-14,77.59
1960-10-15,88.68833
1960-10-16,83.6265
1960-10-17,81.6295
1960-10-18,70.4745
1960-10-19,77.3175
1960-10-20,79.1855
1960-10-21,86.25263
1960-10-22,75.2815
1960-10-23,76.1915
1960-10-24,82.698
1960-10-25,83.2855
1960-10-26,81.3645
1960-10-27,73.9275
1960-10-28,82.637
1960-10-29,64.7435
1960-10-30,64.951
1960-10-31,71.155
1960-11-01,79.332
1960-11-02,86.55333
1960-11-03,89.7615
1960-11-04,77.8975
1960-11-05,72.657
1960-11-06,85.725
1960-11-07,82.922
1960-11-08,84.0795
1960-11-09,89.16631
1960-11-10,91.527
1960-11-11,91.36
1960-11-12,91.608574
1960-11-13,90.87158
1960-11-14,87.678
1960-11-15,85.9415
1960-11-16,86.415
1960-11-17,80.6465
1960-11-18,84.731
1960-11-19,92.302635
1960-11-20,73.7985
1960-11-21,79.675
1960-11-22,87.085
1960-11-23,85.3265
1960-11-24,91.34187
1960-11-25,91.85934
1960-11-26,89.9355
1960-11-27,90.706
1960-11-28,85.437996
1960-11-29,81.2305
1960-11-30,77.718
1960-12-01,85.2635
1960-12-02,84.85263
1960-12-03,90.706665
1960-12-04,82.073
1960-12-05,79.711
1960-12-06,76.1495
1960-12-07,71.2055
1960-12-08,92.648125
1960-12-09,89.95167
1960-12-10,81.3505
1960-12-11,89.0575
1960-12-12,79.885
1960-12-13,92.90182
1960-12-14,92.18769
1960-12-15,91.94813
1960-12-16,92.346664
1960-12-17,93.58
1960-12-18,92.242
1960-12-19,89.44
1960-12-20,88.55389
1960-12-21,84.526
1960-12-22,89.70368
1960-12-23,82.457
1960-12-24,86.4855
1960-12-25,87.986115
1960-12-26,85.47369
1960-12-27,93.738
1960-12-28,92.43153
1960-12-29,92.413
1960-12-30,90.07647
1960-12-31,92.26385
1961-01-01,91.51647
1961-01-02,92.27143
1961-01-03,84.406
1961-01-04,85.585
1961-01-05,87.23421
1961-01-06,85.9925
1961-01-07,88.0845
1961-01-08,86.751114
1961-01-09,89.07059
1961-01-10,90.87722
1961-01-11,88.826996
1961-01-12,84.4835
1961-01-13,80.955
1961-01-14,86.76894
1961-01-15,87.83579
1961-01-16,88.492355
1961-01-17,80.192
1961-01-18,71.8865
1961-01-19,76.402
1961-01-20,81.2815
1961-01-21,82.0495
1961-01-22,83.2705
1961-01-23,85.004
1961-01-24,90.96611
1961-01-25,90.507774
1961-01-26,81.5935
1961-01-27,78.069
1961-01-28,79.9055
1961-01-29,85.7745
1961-01-30,84.672
1961-01-31,82.4185
1961-02-01,89.99353
1961-02-02,75.616
1961-02-03,76.0325
1961-02-04,78.723495
1961-02-05,81.2045
1961-02-06,79.778496
1961-02-07,90.04105
1961-02-08,83.0875
1961-02-09,86.1585
1961-02-10,72.881
1961-02-11,77.4345
1961-02-12,82.5935
1961-02-13,74.003
1961-02-14,88.228424
1961-02-15,87.44722
1961-02-16,86.805786
1961-02-17,85.3021
1961-02-18,88.48055
1961-02-19,88.59058
1961-02-20,87.3035
1961-02-21,85.332634
1961-02-22,88.57263
1961-02-23,85.1365
1961-02-24,81.517
1961-02-25,77.8265
1961-02-26,84.893
1961-02-27,82.1025
1961-02-28,73.2725
1961-03-01,78.292496
1961-03-02,75.758995
1961-03-03,77.654495
1961-03-04,80.823
1961-03-05,75.582
1961-03-06,76.0245
1961-03-07,69.77
1961-03-08,65.291
1961-03-09,59.594498
1961-03-10,63.378
1961-03-11,60.7095
1961-03-12,66.9025
1961-03-13,69.1295
1961-03-14,77.444
1961-03-15,67.784996
1961-03-16,61.3425
1961-03-17,61.8685
1961-03-18,61.386997
1961-03-19,86.3965
1961-03-20,79.368
1961-03-21,70.172
1961-03-22,68.284996
1961-03-23,62.880497
1961-03-24,59.5645
1961-03-25,60.1985
1961-03-26,61.8755
1961-03-27,67.2715
1961-03-28,51.7065
1961-03-29,58.728497
1961-03-30,60.077
1961-03-31,71.8815
1961-04-01,65.8555
1961-04-02,70.184
1961-04-03,73.0785
1961-04-04,64.815
1961-04-05,63.486
1961-04-06,67.2315
1961-04-07,62.7875
1961-04-08,60.400497
1961-04-09,71.267
1961-04-10,66.2125
1961-04-11,77.08
1961-04-12,66.1105
1961-04-13,58.369
1961-04-14,56.75
1961-04-15,60.478497
1961-04-16,59.895
1961-04-17,76.4225
1961-04-18,84.512
1961-04-19,87.87722
1961-04-20,66.5925
1961-04-21,70.387
1961-04-22,72.928
1961-04-23,78.7815
1961-04-24,84.463
1961-04-25,76.103
1961-04-26,78.736
1961-04-27,77.0505
1961-04-28,72.386
1961-04-29,82.4025
1961-04-30,86.62316
1961-05-01,71.1365
1961-05-02,75.042496
1961-05-03,77.319
1961-05-04,76.1795
1961-05-05,78.855
1961-05-06,73.578995
1961-05-07,71.6975
1961-05-08,77.56
1961-05-09,70.1315
1961-05-10,72.7675
1961-05-11,73.0505
1961-05-12,73.473
1961-05-13,75.038
1961-05-14,76.807
1961-05-15,86.493
1961-05-16,86.323
1961-05-17,81.6735
1961-05-18,69.8075
1961-05-19,66.5185
1961-05-20,70.659996
1961-05-21,77.639496
1961-05-22,85.7845
1961-05-23,75.415
1961-05-24,73.5745
1961-05-25,68.117
1961-05-26,69.143
1961-05-27,70.5945
1961-05-28,78.278496
1961-05-29,85.26789
1961-05-30,76.599
1961-05-31,68.888
1961-06-01,64.825
1961-06-02,73.4005
1961-06-03,82.523155
1961-06-04,78.2915
1961-06-05,78.735
1961-06-06,79.7955
1961-06-07,87.3
1961-06-08,84.2135
1961-06-09,79.4555
1961-06-10,77.1915
1961-06-11,81.684
1961-06-12,74.04
1961-06-13,74.2415
1961-06-14,74.63
1961-06-15,71.493
1961-06-16,67.272
1961-06-17,66.764
1961-06-18,69.0135
1961-06-19,67.0135
1961-06-20,63.3875
1961-06-21,70.0625
1961-06-22,71.144
1961-06-23,69.019
1961-06-24,68.4185
1961-06-25,65.7765
1961-06-26,65.9165
1961-06-27,65.108
1961-06-28,67.512
1961-06-29,62.642998
1961-06-30,64.158
1961-07-01,66.7545
1961-07-02,66.9435
1961-07-03,65.717
1961-07-04,67.028
1961-07-05,77.2395
1961-07-06,67.3145
1961-07-07,66.8225
1961-07-08,71.253
1961-07-09,67.787
1961-07-10,72.255
1961-07-11,69.565
1961-07-12,70.8605
1961-07-13,77.909996
1961-07-14,69.358
1961-07-15,72.956
1961-07-16,76.792
1961-07-17,73.988495
1961-07-18,70.5105
1961-07-19,71.259995
1961-07-20,85.542
1961-07-21,72.3755
1961-07-22,78.5595
1961-07-23,83.2895
1961-07-24,72.445
1961-07-25,71.444
1961-07-26,74.268
1961-07-27,69.502
1961-07-28,69.34
1961-07-29,82.488
1961-07-30,79.741
1961-07-31,74.339
1961-08-01,73.6785
1961-08-02,70.785995
1961-08-03,70.7595
1961-08-04,65.03
1961-08-05,63.5955
1961-08-06,66.581
1961-08-07,62.681
1961-08-08,71.425995
1961-08-09,67.645
1961-08-10,67.8835
1961-08-11,59.4455
1961-08-12,73.4385
1961-08-13,76.26
1961-08-14,74.6505
1961-08-15,73.618
1961-08-16,81.368
1961-08-17,73.1905
1961-08-18,70.7155
1961-08-19,65.728
1961-08-20,83.8555
1961-08-21,72.5165
1961-08-22,74.332
1961-08-23,73.9095
1961-08-24,73.7265
1961-08-25,75.556496
1961-08-26,73.973495
1961-08-27,71.8855
1961-08-28,71.8865
1961-08-29,70.333
1961-08-30,71.2765
1961-08-31,70.6955
1961-09-01,69.6985
1961-09-02,64.0665
1961-09-03,60.4735
1961-09-04,67.6315
1961-09-05,61.4695
1961-09-06,75.0885
1961-09-07,71.4275
1961-09-08,77.8835
1961-09-09,78.4025
1961-09-10,70.2415
1961-09-11,74.460495
1961-09-12,76.6075
1961-09-13,74.368996
1961-09-14,68.6475
1961-09-15,70.628
1961-09-16,72.421
1961-09-17,67.58
1961-09-18,65.394
1961-09-19,68.2265
1961-09-20,69.961
1961-09-21,68.1225
1961-09-22,68.858
1961-09-23,63.343
1961-09-24,65.5055
1961-09-25,68.1285
1961-09-26,67.868996
1961-09-27,73.825
1961-09-28,76.912994
1961-09-29,74.5675
1961-09-30,70.964
1961-10-01,75.594
1961-10-02,69.1825
1961-10-03,84.1565
1961-10-04,76.819496
1961-10-05,73.376
1961-10-06,69.357
1961-10-07,77.3025
1961-10-08,83.376
1961-10-09,75.7495
1961-10-10,77.589
1961-10-11,79.9305
1961-10-12,75.9685
1961-10-13,69.543
1961-10-14,72.824
1961-10-15,77.053
1961-10-16,76.901
1961-10-17,70.6055
1961-10-18,76.528496
1961-10-19,91.15882
1961-10-20,91.08667
1961-10-21,81.9755
1961-10-22,89.152
1961-10-23,87.3505
1961-10-24,79.486496
1961-10-25,77.972
1961-10-26,82.792496
1961-10-27,73.072
1961-10-28,80.8395
1961-10-29,86.6805
1961-10-30,91.879166
1961-10-31,79.397
1961-11-01,79.343
1961-11-02,84.6045
1961-11-03,89.70941
1961-11-04,89.60467
1961-11-05,79.829
1961-11-06,91.825
1961-11-07,91.543335
1961-11-08,89.399475
1961-11-09,85.056
1961-11-10,81.436
1961-11-11,88.986664
1961-11-12,91.92667
1961-11-13,87.86313
1961-11-14,87.581
1961-11-15,89.27
1961-11-16,88.0185
1961-11-17,81.098
1961-11-18,75.9815
1961-11-19,73.0385
1961-11-20,73.826996
1961-11-21,81.68421
1961-11-22,84.10105
1961-11-23,89.5225
1961-11-24,91.27533
1961-11-25,92.155
1961-11-26,93.128334
1961-11-27,88.27778
1961-11-28,90.41063
1961-11-29,94.63875
1961-11-30,87.423
1961-12-01,87.67765
1961-12-02,78.797
1961-12-03,84.4315
1961-12-04,82.508
1961-12-05,82.861496
1961-12-06,89.40647
1961-12-07,83.0595
1961-12-08,79.534
1961-12-09,84.75421
1961-12-10,83.591
1961-12-11,89.11948
1961-12-12,88.8735
1961-12-13,86.2685
1961-12-14,75.177
1961-12-15,65.8235
1961-12-16,69.4085
1961-12-17,68.4795
1961-12-18,73.669
1961-12-19,72.977
1961-12-20,77.675
1961-12-21,77.4545
1961-12-22,80.5875
1961-12-23,80.709496
1961-12-24,81.704
1961-12-25,82.01789
1961-12-26,87.422
1961-12-27,92.18077
1961-12-28,90.634
1961-12-29,92.822
1961-12-30,93.75
1961-12-31,93.31625
1962-01-01,91.45
1962-01-02,89.46588
1962-01-03,86.449
1962-01-04,88.12473
1962-01-05,91.36
1962-01-06,91.35357
1962-01-07,85.934
1962-01-08,86.30473
1962-01-09,91.75533
1962-01-10,92.07154
1962-01-11,89.156845
1962-01-12,93.74
1962-01-13,90.48556
1962-01-14,86.64222
1962-01-15,91.35562
1962-01-16,87.913155
1962-01-17,90.089
1962-01-18,89.63118
1962-01-19,95.16
1962-01-20,90.70052
1962-01-21,90.56706
1962-01-22,92.37846
1962-01-23,85.1615
1962-01-24,81.9695
1962-01-25,82.5085
1962-01-26,81.46895
1962-01-27,73.8715
1962-01-28,72.238
1962-01-29,67.5115
1962-01-30,77.652
1962-01-31,70.88
1962-02-01,85.61579
1962-02-02,80.3815
1962-02-03,75.21
1962-02-04,72.774994
1962-02-05,80.9305
1962-02-06,68.1525
1962-02-07,78.7305
1962-02-08,87.148
1962-02-09,91.2825
1962-02-10,83.229
1962-02-11,85.384
1962-02-12,71.9755
1962-02-13,83.7545
1962-02-14,67.770996
1962-02-15,64.7175
1962-02-16,62.125
1962-02-17,69.325
1962-02-18,59.6555
1962-02-19,73.2995
1962-02-20,69.11
1962-02-21,61.632
1962-02-22,66.197
1962-02-23,68.536995
1962-02-24,80.8785
1962-02-25,78.8135
1962-02-26,76.972
1962-02-27,90.203156
1962-02-28,87.4975
1962-03-01,92.283
1962-03-02,88.10765
1962-03-03,86.862495
1962-03-04,81.247
1962-03-05,82.667
1962-03-06,86.2075
1962-03-07,72.6085
1962-03-08,68.4045
1962-03-09,70.071
1962-03-10,75.3395
1962-03-11,91.415
1962-03-12,89.420555
1962-03-13,67.919
1962-03-14,71.4685
1962-03-15,69.5455
1962-03-16,71.265
1962-03-17,68.77
1962-03-18,69.5375
1962-03-19,72.886
1962-03-20,70.4095
1962-03-21,90.297775
1962-03-22,87.08
1962-03-23,85.969
1962-03-24,86.0
1962-03-25,77.1025
1962-03-26,71.6515
1962-03-27,72.647
1962-03-28,81.424
1962-03-29,68.542
1962-03-30,71.0795
1962-03-31,79.006
1962-04-01,71.001495
1962-04-02,84.264
1962-04-03,62.257
1962-04-04,62.2695
1962-04-05,81.3695
1962-04-06,65.302
1962-04-07,51.546997
1962-04-08,53.893997
1962-04-09,72.5925
1962-04-10,84.552
1962-04-11,89.95105
1962-04-12,82.6695
1962-04-13,68.6475
1962-04-14,75.417
1962-04-15,69.211
1962-04-16,59.886497
1962-04-17,70.5605
1962-04-18,65.6325
1962-04-19,55.5335
1962-04-20,55.517998
1962-04-21,51.452
1962-04-22,48.2865
1962-04-23,56.878998
1962-04-24,57.714
1962-04-25,62.8
1962-04-26,60.003
1962-04-27,76.1135
1962-04-28,70.885
1962-04-29,69.778
1962-04-30,77.066
1962-05-01,63.0015
1962-05-02,61.951
1962-05-03,72.957
1962-05-04,69.4775
1962-05-05,73.6145
1962-05-06,67.4255
1962-05-07,69.338
1962-05-08,64.2145
1962-05-09,62.1195
1962-05-10,67.7875
1962-05-11,75.8175
1962-05-12,81.251
1962-05-13,85.048996
1962-05-14,71.8675
1962-05-15,71.3105
1962-05-16,70.2605
1962-05-17,59.5005
1962-05-18,66.5405
1962-05-19,57.384
1962-05-20,87.1321
1962-05-21,75.8755
1962-05-22,63.804
1962-05-23,58.936
1962-05-24,72.206
1962-05-25,85.4525
1962-05-26,81.832
1962-05-27,79.723495
1962-05-28,72.493996
1962-05-29,68.8295
1962-05-30,81.771996
1962-05-31,73.112
1962-06-01,75.1195
1962-06-02,72.9215
1962-06-03,66.7145
1962-06-04,62.142998
1962-06-05,57.8845
1962-06-06,48.284
1962-06-07,61.715
1962-06-08,76.6925
1962-06-09,74.831
1962-06-10,71.762
1962-06-11,71.904
1962-06-12,75.6535
1962-06-13,69.6145
1962-06-14,72.582
1962-06-15,65.6765
1962-06-16,68.041
1962-06-17,81.4285
1962-06-18,79.194496
1962-06-19,78.3345
1962-06-20,69.577995
1962-06-21,75.0305
1962-06-22,67.968
1962-06-23,67.69
1962-06-24,64.8655
1962-06-25,74.072
1962-06-26,66.532
1962-06-27,84.426
1962-06-28,58.9195
1962-06-29,68.65
1962-06-30,70.639
1962-07-01,65.899
1962-07-02,74.669495
1962-07-03,84.4379
1962-07-04,82.539
1962-07-05,88.2985
1962-07-06,82.838
1962-07-07,74.872
1962-07-08,71.6785
1962-07-09,73.575
1962-07-10,71.0295
1962-07-11,70.8045
1962-07-12,77.445496
1962-07-13,78.2595
1962-07-14,72.649
1962-07-15,81.7715
1962-07-16,79.725
1962-07-17,82.4225
1962-07-18,75.847
1962-07-19,72.053
1962-07-20,71.012
1962-07-21,71.062996
1962-07-22,72.6505
1962-07-23,75.145
1962-07-24,67.2185
1962-07-25,70.3015
1962-07-26,71.9645
1962-07-27,68.7825
1962-07-28,80.125496
1962-07-29,83.2615
1962-07-30,75.022995
1962-07-31,76.474
1962-08-01,70.7335
1962-08-02,71.704
1962-08-03,69.775
1962-08-04,70.697
1962-08-05,73.7285
1962-08-06,71.381996
1962-08-07,64.338
1962-08-08,64.391
1962-08-09,65.198
1962-08-10,71.548996
1962-08-11,70.085
1962-08-12,74.0765
1962-08-13,69.5045
1962-08-14,70.157
1962-08-15,67.9
1962-08-16,80.1645
1962-08-17,83.5605
1962-08-18,83.992004
1962-08-19,67.45
1962-08-20,72.3565
1962-08-21,74.326
1962-08-22,78.292496
1962-08-23,71.035995
1962-08-24,66.945
1962-08-25,73.9705
1962-08-26,78.1265
1962-08-27,77.9845
1962-08-28,66.4285
1962-08-29,69.77
1962-08-30,70.192
1962-08-31,68.796
1962-09-01,68.480995
1962-09-02,70.302
1962-09-03,76.3785
1962-09-04,68.298
1962-09-05,81.2155
1962-09-06,78.39
1962-09-07,77.4015
1962-09-08,87.04158
1962-09-09,71.259
1962-09-10,74.251
1962-09-11,72.881
1962-09-12,68.453995
1962-09-13,74.398
1962-09-14,72.532
1962-09-15,75.895996
1962-09-16,72.3775
1962-09-17,91.89571
1962-09-18,90.38438
1962-09-19,82.4945
1962-09-20,86.9775
1962-09-21,78.6185
1962-09-22,78.9015
1962-09-23,78.3135
1962-09-24,83.6445
1962-09-25,84.518
1962-09-26,78.4305
1962-09-27,82.8745
1962-09-28,86.767
1962-09-29,85.2755
1962-09-30,84.1085
1962-10-01,86.031
1962-10-02,80.805
1962-10-03,80.926
1962-10-04,78.778496
1962-10-05,78.491
1962-10-06,75.4565
1962-10-07,76.394
1962-10-08,77.437
1962-10-09,77.4715
1962-10-10,78.3625
1962-10-11,72.354
1962-10-12,75.861
1962-10-13,76.3875
1962-10-14,82.74
1962-10-15,77.1725
1962-10-16,84.1305
1962-10-17,77.9565
1962-10-18,78.342995
1962-10-19,78.590996
1962-10-20,72.069
1962-10-21,71.361496
1962-10-22,75.808
1962-10-23,80.951
1962-10-24,81.4285
1962-10-25,81.2585
1962-10-26,83.0515
1962-10-27,79.242
1962-10-28,87.9125
1962-10-29,90.18938
1962-10-30,81.6345
1962-10-31,93.542496
1962-11-01,92.95
1962-11-02,91.191666
1962-11-03,92.59125
1962-11-04,90.47
1962-11-05,93.168
1962-11-06,89.55666
1962-11-07,90.73684
1962-11-08,91.595
1962-11-09,92.409004
1962-11-10,90.8923
1962-11-11,92.675
1962-11-12,91.80428
1962-11-13,92.918884
1962-11-14,93.14616
1962-11-15,91.949
1962-11-16,75.612495
1962-11-17,81.793
1962-11-18,92.16454
1962-11-19,93.21333
1962-11-20,92.09133
1962-11-21,88.88947
1962-11-22,90.375
1962-11-23,89.55167
1962-11-24,92.22369
1962-11-25,91.08462
1962-11-26,90.957146
1962-11-27,89.76666
1962-11-28,89.388885
1962-11-29,85.625
1962-11-30,87.9815
1962-12-01,76.8695
1962-12-02,80.1995
1962-12-03,84.208
1962-12-04,86.0115
1962-12-05,79.32
1962-12-06,87.89445
1962-12-07,91.2
1962-12-08,92.9225
1962-12-09,92.08444
1962-12-10,90.04867
1962-12-11,82.486496
1962-12-12,80.173996
1962-12-13,83.789474
1962-12-14,87.50105
1962-12-15,84.04842
1962-12-16,80.2565
1962-12-17,72.7285
1962-12-18,84.988
1962-12-19,90.05316
1962-12-20,80.062
1962-12-21,85.3435
1962-12-22,72.948
1962-12-23,71.3265
1962-12-24,81.349
1962-12-25,86.115
1962-12-26,87.43579
1962-12-27,85.9145
1962-12-28,88.233154
1962-12-29,90.201
1962-12-30,93.958336
1962-12-31,92.18562
1963-01-01,92.881
1963-01-02,91.52824
1963-01-03,93.886665
1963-01-04,93.31
1963-01-05,89.6825
1963-01-06,92.869995
1963-01-07,95.16
1963-01-08,91.401665
1963-01-09,91.30063
1963-01-10,90.739
1963-01-11,86.0175
1963-01-12,85.485504
1963-01-13,80.852
1963-01-14,73.1655
1963-01-15,69.577995
1963-01-16,75.676
1963-01-17,78.4385
1963-01-18,84.756996
1963-01-19,83.5635
1963-01-20,85.573
1963-01-21,69.522995
1963-01-22,75.1995
1963-01-23,76.7695
1963-01-24,77.9505
1963-01-25,85.4565
1963-01-26,85.729
1963-01-27,85.051
1963-01-28,84.494
1963-01-29,89.151
1963-01-30,86.659
1963-01-31,85.3175
1963-02-01,82.8945
1963-02-02,81.281
1963-02-03,90.265
1963-02-04,83.751
1963-02-05,92.61941
1963-02-06,85.37
1963-02-07,92.27167
1963-02-08,91.728
1963-02-09,93.089226
1963-02-10,91.78357
1963-02-11,91.76363
1963-02-12,91.64923
1963-02-13,91.402
1963-02-14,88.2115
1963-02-15,88.2045
1963-02-16,88.94111
1963-02-17,93.159996
1963-02-18,92.2775
1963-02-19,92.5775
1963-02-20,91.472664
1963-02-21,85.011
1963-02-22,76.979996
1963-02-23,73.987
1963-02-24,81.96
1963-02-25,78.248
1963-02-26,80.772995
1963-02-27,63.8595
1963-02-28,69.6065
1963-03-01,72.161
1963-03-02,70.3985
1963-03-03,71.413
1963-03-04,68.541
1963-03-05,75.1385
1963-03-06,76.7405
1963-03-07,72.421
1963-03-08,74.9085
1963-03-09,81.819
1963-03-10,90.77889
1963-03-11,77.264
1963-03-12,88.88
1963-03-13,74.271996
1963-03-14,66.3645
1963-03-15,76.600494
1963-03-16,78.427
1963-03-17,74.2105
1963-03-18,86.623
1963-03-19,91.317894
1963-03-20,89.5625
1963-03-21,92.63364
1963-03-22,87.607
1963-03-23,76.6
1963-03-24,63.099
1963-03-25,65.3685
1963-03-26,60.3535
1963-03-27,72.2985
1963-03-28,81.821
1963-03-29,74.1605
1963-03-30,86.38789
1963-03-31,83.437
1963-04-01,84.583
1963-04-02,81.6885
1963-04-03,80.9475
1963-04-04,76.622
1963-04-05,76.886
1963-04-06,67.376
1963-04-07,88.175
1963-04-08,81.0945
1963-04-09,75.381
1963-04-10,75.437996
1963-04-11,77.0805
1963-04-12,80.867
1963-04-13,72.755
1963-04-14,82.923996
1963-04-15,71.456
1963-04-16,62.506
1963-04-17,65.4835
1963-04-18,62.667
1963-04-19,71.7855
1963-04-20,75.2135
1963-04-21,69.517
1963-04-22,71.4235
1963-04-23,72.477
1963-04-24,76.182495
1963-04-25,79.834496
1963-04-26,73.8355
1963-04-27,75.668495
1963-04-28,69.5925
1963-04-29,80.403
1963-04-30,75.961
1963-05-01,74.265495
1963-05-02,67.774
1963-05-03,80.08
1963-05-04,86.7215
1963-05-05,82.9765
1963-05-06,77.659996
1963-05-07,75.297
1963-05-08,78.6095
1963-05-09,74.625496
1963-05-10,71.2355
1963-05-11,75.65
1963-05-12,74.871
1963-05-13,71.71
1963-05-14,68.787
1963-05-15,70.186
1963-05-16,65.5825
1963-05-17,64.7845
1963-05-18,73.668
1963-05-19,74.2705
1963-05-20,83.9805
1963-05-21,78.139496
1963-05-22,77.8655
1963-05-23,78.711
1963-05-24,75.782
1963-05-25,79.7965
1963-05-26,77.004
1963-05-27,73.286995
1963-05-28,74.953
1963-05-29,70.233
1963-05-30,71.2855
1963-05-31,74.907
1963-06-01,78.392
1963-06-02,72.070496
1963-06-03,76.5245
1963-06-04,78.708
1963-06-05,73.0925
1963-06-06,78.5815
1963-06-07,78.983
1963-06-08,75.376
1963-06-09,79.2555
1963-06-10,81.93737
1963-06-11,84.173996
1963-06-12,76.1835
1963-06-13,69.5165
1963-06-14,70.994995
1963-06-15,82.675
1963-06-16,77.8985
1963-06-17,76.07
1963-06-18,70.5885
1963-06-19,87.94
1963-06-20,82.886
1963-06-21,82.344
1963-06-22,76.719
1963-06-23,77.58
1963-06-24,83.001
1963-06-25,82.1805
1963-06-26,74.115
1963-06-27,77.4945
1963-06-28,69.2415
1963-06-29,71.5035
1963-06-30,79.6105
1963-07-01,74.188995
1963-07-02,74.224
1963-07-03,78.2345
1963-07-04,75.806
1963-07-05,66.116
1963-07-06,70.9815
1963-07-07,69.181496
1963-07-08,77.569496
1963-07-09,71.2825
1963-07-10,70.2485
1963-07-11,79.099495
1963-07-12,77.4805
1963-07-13,68.126495
1963-07-14,77.1385
1963-07-15,65.709496
1963-07-16,71.3705
1963-07-17,69.993996
1963-07-18,66.5045
1963-07-19,66.7035
1963-07-20,73.546
1963-07-21,64.727
1963-07-22,68.279
1963-07-23,71.125
1963-07-24,70.5665
1963-07-25,63.966
1963-07-26,55.436
1963-07-27,67.52
1963-07-28,76.918
1963-07-29,84.3345
1963-07-30,76.355995
1963-07-31,71.447495
1963-08-01,72.7735
1963-08-02,78.460495
1963-08-03,73.142
1963-08-04,67.763
1963-08-05,80.0815
1963-08-06,74.494995
1963-08-07,64.5495
1963-08-08,82.955
1963-08-09,82.518
1963-08-10,73.176
1963-08-11,71.829
1963-08-12,71.410995
1963-08-13,78.840996
1963-08-14,82.774
1963-08-15,81.365
1963-08-16,81.276
1963-08-17,79.209
1963-08-18,87.622
1963-08-19,78.681
1963-08-20,75.77
1963-08-21,84.6765
1963-08-22,78.779495
1963-08-23,82.903
1963-08-24,76.889496
1963-08-25,78.867
1963-08-26,79.671
1963-08-27,70.6885
1963-08-28,83.3985
1963-08-29,91.27947
1963-08-30,91.21
1963-08-31,93.34737
1963-09-01,88.6765
1963-09-02,81.1465
1963-09-03,81.7425
1963-09-04,82.0395
1963-09-05,87.3535
1963-09-06,86.5615
1963-09-07,90.44684
1963-09-08,91.13111
1963-09-09,93.38
1963-09-10,81.793
1963-09-11,80.154
1963-09-12,83.431
1963-09-13,84.526
1963-09-14,86.4565
1963-09-15,85.0935
1963-09-16,85.4575
1963-09-17,82.561
1963-09-18,80.572
1963-09-19,81.4345
1963-09-20,81.673
1963-09-21,84.22
1963-09-22,81.976
1963-09-23,79.5445
1963-09-24,72.735
1963-09-25,85.603
1963-09-26,76.5035
1963-09-27,84.32
1963-09-28,80.848
1963-09-29,79.703995
1963-09-30,83.9195
1963-10-01,77.111
1963-10-02,84.06
1963-10-03,83.33211
1963-10-04,92.182304
1963-10-05,92.11842
1963-10-06,78.817
1963-10-07,84.6435
1963-10-08,86.8005
1963-10-09,83.765
1963-10-10,85.7525
1963-10-11,83.716
1963-10-12,83.0755
1963-10-13,85.3655
1963-10-14,73.849
1963-10-15,76.198
1963-10-16,80.694496
1963-10-17,84.024
1963-10-18,79.3875
1963-10-19,83.558
1963-10-20,87.037
1963-10-21,85.326004
1963-10-22,81.0235
1963-10-23,78.92
1963-10-24,81.429
1963-10-25,86.3821
1963-10-26,84.085
1963-10-27,83.93737
1963-10-28,84.12
1963-10-29,83.2585
1963-10-30,84.2135
1963-10-31,86.79842
1963-11-01,82.4915
1963-11-02,82.9075
1963-11-03,81.3245
1963-11-04,77.571495
1963-11-05,77.4765
1963-11-06,81.3685
1963-11-07,78.342995
1963-11-08,76.6245
1963-11-09,79.513
1963-11-10,87.14167
1963-11-11,73.082
1963-11-12,79.5045
1963-11-13,81.555
1963-11-14,83.657
1963-11-15,84.5405
1963-11-16,79.881996
1963-11-17,83.4925
1963-11-18,86.338
1963-11-19,81.002
1963-11-20,79.682
1963-11-21,67.961
1963-11-22,67.678
1963-11-23,78.0455
1963-11-24,87.7045
1963-11-25,89.30105
1963-11-26,86.26053
1963-11-27,90.35895
1963-11-28,85.84167
1963-11-29,86.971
1963-11-30,83.362
1963-12-01,82.565
1963-12-02,83.7185
1963-12-03,87.30889
1963-12-04,93.29625
1963-12-05,90.380585
1963-12-06,81.167
1963-12-07,81.0615
1963-12-08,84.141
1963-12-09,84.26474
1963-12-10,90.26737
1963-12-11,92.786156
1963-12-12,92.60154
1963-12-13,82.7615
1963-12-14,86.7445
1963-12-15,89.63158
1963-12-16,88.92167
1963-12-17,82.897
1963-12-18,87.882
1963-12-19,88.54222
1963-12-20,88.82214
1963-12-21,87.5005
1963-12-22,79.8965
1963-12-23,82.394
1963-12-24,85.585
1963-12-25,90.36105
1963-12-26,88.019
1963-12-27,92.84
1963-12-28,92.91333
1963-12-29,92.689995
1963-12-30,94.11875
1963-12-31,94.62857
1964-01-01,93.942
1964-01-02,90.488335
1964-01-03,80.817
1964-01-04,88.877365
1964-01-05,89.88563
1964-01-06,92.90455
1964-01-07,89.887146
1964-01-08,90.80631
1964-01-09,91.635
1964-01-10,90.04813
1964-01-11,92.50467
1964-01-12,91.0
1964-01-13,91.12615
1964-01-14,89.092224
1964-01-15,79.671
1964-01-16,70.873
1964-01-17,79.0545
1964-01-18,84.967896
1964-01-19,90.164665
1964-01-20,85.58631
1964-01-21,86.4845
1964-01-22,80.031
1964-01-23,83.075
1964-01-24,88.172
1964-01-25,78.922
1964-01-26,74.8225
1964-01-27,73.722496
1964-01-28,76.2655
1964-01-29,83.3855
1964-01-30,85.8415
1964-01-31,86.1735
1964-02-01,80.905
1964-02-02,77.114
1964-02-03,86.77579
1964-02-04,80.177
1964-02-05,71.2025
1964-02-06,67.8725
1964-02-07,61.1105
1964-02-08,71.1025
1964-02-09,81.801
1964-02-10,80.67105
1964-02-11,81.5265
1964-02-12,81.1175
1964-02-13,75.4215
1964-02-14,73.286
1964-02-15,80.933
1964-02-16,82.3595
1964-02-17,88.937775
1964-02-18,81.816
1964-02-19,90.19125
1964-02-20,67.884995
1964-02-21,66.937
1964-02-22,73.5785
1964-02-23,68.8835
1964-02-24,78.971
1964-02-25,83.6321
1964-02-26,85.187
1964-02-27,91.10812
1964-02-28,87.68176
1964-02-29,92.08308
1964-03-01,85.2335
1964-03-02,85.344
1964-03-03,85.996
1964-03-04,86.005
1964-03-05,88.02421
1964-03-06,90.189445
1964-03-07,88.6
1964-03-08,85.626
1964-03-09,83.463
1964-03-10,90.082634
1964-03-11,91.791176
1964-03-12,90.803154
1964-03-13,92.39667
1964-03-14,92.91889
1964-03-15,94.3425
1964-03-16,82.3395
1964-03-17,72.1385
1964-03-18,80.464
1964-03-19,79.6155
1964-03-20,81.6075
1964-03-21,93.487144
1964-03-22,91.155556
1964-03-23,81.6895
1964-03-24,84.098
1964-03-25,79.3385
1964-03-26,77.711
1964-03-27,89.409
1964-03-28,92.569374
1964-03-29,87.1825
1964-03-30,82.4535
1964-03-31,86.792
1964-04-01,84.8935
1964-04-02,78.3725
1964-04-03,76.185
1964-04-04,89.5079
1964-04-05,92.192
1964-04-06,91.16812
1964-04-07,88.9555
1964-04-08,85.2505
1964-04-09,83.79
1964-04-10,82.9955
1964-04-11,84.8935
1964-04-12,85.323
1964-04-13,82.318
1964-04-14,89.445
1964-04-15,75.6595
1964-04-16,74.1985
1964-04-17,76.0065
1964-04-18,72.18
1964-04-19,71.2335
1964-04-20,66.3415
1964-04-21,73.2545
1964-04-22,76.979996
1964-04-23,78.8695
1964-04-24,90.11158
1964-04-25,92.015884
1964-04-26,74.4985
1964-04-27,80.7195
1964-04-28,78.8155
1964-04-29,85.465
1964-04-30,89.96111
1964-05-01,77.761
1964-05-02,77.3315
1964-05-03,81.804
1964-05-04,80.27421
1964-05-05,88.08737
1964-05-06,72.3415
1964-05-07,76.5495
1964-05-08,83.2765
1964-05-09,91.42687
1964-05-10,80.9285
1964-05-11,73.1635
1964-05-12,74.746
1964-05-13,72.9435
1964-05-14,78.0325
1964-05-15,72.6975
1964-05-16,67.2775
1964-05-17,68.779495
1964-05-18,70.403
1964-05-19,82.7165
1964-05-20,85.6
1964-05-21,86.827
1964-05-22,81.405
1964-05-23,75.341995
1964-05-24,75.7695
1964-05-25,67.4
1964-05-26,86.333496
1964-05-27,86.935265
1964-05-28,78.3115
1964-05-29,82.9185
1964-05-30,76.45
1964-05-31,78.7915
1964-06-01,72.4945
1964-06-02,62.6755
1964-06-03,67.625
1964-06-04,67.8235
1964-06-05,69.1865
1964-06-06,69.1655
1964-06-07,80.637
1964-06-08,80.0025
1964-06-09,73.4715
1964-06-10,75.771996
1964-06-11,76.391
1964-06-12,70.7685
1964-06-13,68.573
1964-06-14,72.2215
1964-06-15,70.964
1964-06-16,82.1165
1964-06-17,85.04
1964-06-18,86.137
1964-06-19,80.957
1964-06-20,86.5
1964-06-21,81.045
1964-06-22,83.0415
1964-06-23,75.871
1964-06-24,81.869
1964-06-25,83.9285
1964-06-26,82.2065
1964-06-27,82.4105
1964-06-28,74.7435
1964-06-29,83.081
1964-06-30,72.4645
1964-07-01,74.713
1964-07-02,69.5435
1964-07-03,68.2045
1964-07-04,69.845
1964-07-05,83.5475
1964-07-06,75.7125
1964-07-07,71.034996
1964-07-08,73.6775
1964-07-09,67.0255
1964-07-10,89.67667
1964-07-11,78.4525
1964-07-12,77.1435
1964-07-13,73.3285
1964-07-14,75.7445
1964-07-15,73.634
1964-07-16,69.979
1964-07-17,70.5955
1964-07-18,72.0
1964-07-19,72.3355
1964-07-20,69.4415
1964-07-21,72.565
1964-07-22,74.792496
1964-07-23,80.7065
1964-07-24,73.977
1964-07-25,70.6425
1964-07-26,68.1885
1964-07-27,71.969
1964-07-28,72.2035
1964-07-29,83.4975
1964-07-30,73.621
1964-07-31,68.7965
1964-08-01,77.7745
1964-08-02,83.5895
1964-08-03,67.741
1964-08-04,72.069496
1964-08-05,70.988
1964-08-06,73.6455
1964-08-07,68.668495
1964-08-08,75.0365
1964-08-09,91.5
1964-08-10,75.7955
1964-08-11,76.9305
1964-08-12,74.878
1964-08-13,78.7485
1964-08-14,81.788
1964-08-15,80.6445
1964-08-16,75.703995
1964-08-17,71.488495
1964-08-18,68.1465
1964-08-19,81.653
1964-08-20,77.3145
1964-08-21,73.309
1964-08-22,86.61158
1964-08-23,76.851
1964-08-24,69.93
1964-08-25,73.822
1964-08-26,74.159996
1964-08-27,76.1765
1964-08-28,75.8865
1964-08-29,71.409
1964-08-30,70.734
1964-08-31,69.688995
1964-09-01,75.159
1964-09-02,78.5265
1964-09-03,79.7935
1964-09-04,79.775
1964-09-05,76.2535
1964-09-06,82.764
1964-09-07,89.65625
1964-09-08,80.367
1964-09-09,82.465996
1964-09-10,80.0055
1964-09-11,80.617
1964-09-12,79.8815
1964-09-13,70.2305
1964-09-14,73.229996
1964-09-15,76.8415
1964-09-16,75.7185
1964-09-17,84.97421
1964-09-18,82.627
1964-09-19,77.5225
1964-09-20,77.421
1964-09-21,75.121
1964-09-22,70.5995
1964-09-23,66.3445
1964-09-24,73.497
1964-09-25,79.4145
1964-09-26,81.446
1964-09-27,81.0825
1964-09-28,87.993004
1964-09-29,82.895996
1964-09-30,82.1835
1964-10-01,78.582
1964-10-02,72.6835
1964-10-03,80.4685
1964-10-04,70.3415
1964-10-05,80.1345
1964-10-06,79.8365
1964-10-07,74.868
1964-10-08,78.701996
1964-10-09,88.536316
1964-10-10,86.85474
1964-10-11,91.72467
1964-10-12,91.11471
1964-10-13,83.8095
1964-10-14,90.608
1964-10-15,86.655
1964-10-16,81.091995
1964-10-17,80.451
1964-10-18,80.945
1964-10-19,84.645
1964-10-20,90.145294
1964-10-21,92.67
1964-10-22,92.72154
1964-10-23,85.0745
1964-10-24,88.645004
1964-10-25,90.407
1964-10-26,92.852
1964-10-27,92.676155
1964-10-28,89.93353
1964-10-29,88.251114
1964-10-30,88.08632
1964-10-31,85.757
1964-11-01,90.36938
1964-11-02,91.988464
1964-11-03,90.999374
1964-11-04,90.50632
1964-11-05,91.48
1964-11-06,90.574
1964-11-07,84.0615
1964-11-08,88.13895
1964-11-09,91.97375
1964-11-10,91.95273
1964-11-11,90.63385
1964-11-12,89.24611
1964-11-13,84.141
1964-11-14,79.4955
1964-11-15,77.973
1964-11-16,76.9515
1964-11-17,68.9485
1964-11-18,83.8679
1964-11-19,67.048996
1964-11-20,79.088
1964-11-21,79.07
1964-11-22,80.829
1964-11-23,84.6575
1964-11-24,83.708
1964-11-25,77.6435
1964-11-26,77.612
1964-11-27,84.2025
1964-11-28,91.16889
1964-11-29,75.992
1964-11-30,87.0365
1964-12-01,84.925
1964-12-02,84.7435
1964-12-03,90.877144
1964-12-04,84.1885
1964-12-05,79.44
1964-12-06,88.969475
1964-12-07,91.56
1964-12-08,90.91
1964-12-09,92.71
1964-12-10,94.502
1964-12-11,93.2775
1964-12-12,92.32714
1964-12-13,89.79
1964-12-14,91.763336
1964-12-15,92.295
1964-12-16,91.27
1964-12-17,92.024704
1964-12-18,91.40769
1964-12-19,91.15143
1964-12-20,89.21059
1964-12-21,89.53222
1964-12-22,88.31941
1964-12-23,89.41
1964-12-24,91.78333
1964-12-25,94.21333
1964-12-26,91.25883
1964-12-27,88.508
1964-12-28,90.97235
1964-12-29,88.12056
1964-12-30,87.7135
1964-12-31,81.5455
1965-01-01,88.807
1965-01-02,91.877144
1965-01-03,92.115005
1965-01-04,85.8585
1965-01-05,80.0335
1965-01-06,81.502
1965-01-07,78.9535
1965-01-08,85.175
1965-01-09,88.308
1965-01-10,79.1225
1965-01-11,82.181
1965-01-12,87.928825
1965-01-13,91.597336
1965-01-14,90.32857
1965-01-15,91.51785
1965-01-16,92.20643
1965-01-17,90.217224
1965-01-18,88.89579
1965-01-19,92.17667
1965-01-20,82.4855
1965-01-21,85.3445
1965-01-22,86.369
1965-01-23,87.0735
1965-01-24,80.463
1965-01-25,86.27111
1965-01-26,89.281876
1965-01-27,92.60714
1965-01-28,91.05118
1965-01-29,90.700714
1965-01-30,88.588234
1965-01-31,86.73222
1965-02-01,86.5275
1965-02-02,73.47
1965-02-03,74.055
1965-02-04,82.2095
1965-02-05,82.3235
1965-02-06,67.3955
1965-02-07,85.531
1965-02-08,77.6885
1965-02-09,71.4085
1965-02-10,75.2415
1965-02-11,78.1885
1965-02-12,81.463
1965-02-13,73.6555
1965-02-14,73.4345
1965-02-15,81.365
1965-02-16,75.2565
1965-02-17,71.5475
1965-02-18,85.3875
1965-02-19,87.05053
1965-02-20,82.398
1965-02-21,80.419495
1965-02-22,78.3675
1965-02-23,80.831
1965-02-24,84.1065
1965-02-25,75.992
1965-02-26,66.831
1965-02-27,75.833
1965-02-28,59.677
1965-03-01,77.868
1965-03-02,87.668945
1965-03-03,75.7575
1965-03-04,82.96
1965-03-05,84.573
1965-03-06,84.935
1965-03-07,83.7135
1965-03-08,76.2055
1965-03-09,72.9485
1965-03-10,78.487
1965-03-11,79.8145
1965-03-12,81.324
1965-03-13,79.8015
1965-03-14,82.895996
1965-03-15,83.57158
1965-03-16,78.6755
1965-03-17,81.898
1965-03-18,78.5205
1965-03-19,75.8935
1965-03-20,76.4995
1965-03-21,71.2625
1965-03-22,86.3295
1965-03-23,81.6995
1965-03-24,90.54474
1965-03-25,74.5095
1965-03-26,75.335
1965-03-27,78.023
1965-03-28,73.3835
1965-03-29,80.5545
1965-03-30,75.313995
1965-03-31,63.986
1965-04-01,63.545498
1965-04-02,68.039
1965-04-03,65.2945
1965-04-04,58.9905
1965-04-05,67.2405
1965-04-06,69.5535
1965-04-07,69.879
1965-04-08,79.7625
1965-04-09,91.91572
1965-04-10,89.693
1965-04-11,87.6675
1965-04-12,90.53833
1965-04-13,86.5615
1965-04-14,87.313156
1965-04-15,81.773
1965-04-16,86.132
1965-04-17,80.5215
1965-04-18,86.53842
1965-04-19,87.710526
1965-04-20,89.31105
1965-04-21,87.871
1965-04-22,92.36429
1965-04-23,82.8005
1965-04-24,82.8245
1965-04-25,81.485
1965-04-26,80.7515
1965-04-27,88.875
1965-04-28,81.1475
1965-04-29,85.5955
1965-04-30,77.1135
1965-05-01,74.1345
1965-05-02,67.6225
1965-05-03,66.422
1965-05-04,68.747
1965-05-05,89.57687
1965-05-06,78.476
1965-05-07,69.767
1965-05-08,78.4385
1965-05-09,72.9705
1965-05-10,74.320496
1965-05-11,77.4005
1965-05-12,73.5
1965-05-13,70.015
1965-05-14,79.901
1965-05-15,79.7535
1965-05-16,75.028
1965-05-17,69.213
1965-05-18,65.4645
1965-05-19,63.2465
1965-05-20,77.7545
1965-05-21,79.709496
1965-05-22,91.82
1965-05-23,92.73929
1965-05-24,82.619995
1965-05-25,73.001
1965-05-26,81.984
1965-05-27,83.546
1965-05-28,90.63
1965-05-29,80.946
1965-05-30,79.8235
1965-05-31,90.32105
1965-06-01,68.609
1965-06-02,76.179
1965-06-03,87.588
1965-06-04,87.182106
1965-06-05,91.16167
1965-06-06,89.41055
1965-06-07,80.2685
1965-06-08,80.0435
1965-06-09,89.269
1965-06-10,88.01053
1965-06-11,79.366
1965-06-12,69.3955
1965-06-13,75.7035
1965-06-14,79.756
1965-06-15,75.989
1965-06-16,76.267
1965-06-17,86.7725
1965-06-18,71.4775
1965-06-19,72.8385
1965-06-20,74.225
1965-06-21,77.716995
1965-06-22,79.1925
1965-06-23,72.613
1965-06-24,74.9935
1965-06-25,73.035995
1965-06-26,71.6865
1965-06-27,74.3325
1965-06-28,83.423
1965-06-29,69.4685
1965-06-30,72.269
1965-07-01,72.204
1965-07-02,82.255
1965-07-03,82.509
1965-07-04,91.235886
1965-07-05,85.399
1965-07-06,66.6205
1965-07-07,69.0625
1965-07-08,72.9505
1965-07-09,77.464
1965-07-10,81.195496
1965-07-11,76.375496
1965-07-12,75.561
1965-07-13,73.160995
1965-07-14,72.291
1965-07-15,75.045
1965-07-16,74.223
1965-07-17,87.3775
1965-07-18,78.719
1965-07-19,78.783
1965-07-20,80.5895
1965-07-21,78.517
1965-07-22,72.372
1965-07-23,74.877
1965-07-24,78.7665
1965-07-25,84.020996
1965-07-26,85.59
1965-07-27,73.581
1965-07-28,75.774
1965-07-29,72.357
1965-07-30,84.3235
1965-07-31,91.496315
1965-08-01,87.719
1965-08-02,76.942
1965-08-03,75.211
1965-08-04,70.7415
1965-08-05,75.304
1965-08-06,75.499
1965-08-07,63.7165
1965-08-08,69.5325
1965-08-09,72.836
1965-08-10,86.12334
1965-08-11,73.324
1965-08-12,73.4575
1965-08-13,72.7605
1965-08-14,70.2175
1965-08-15,76.272995
1965-08-16,74.501
1965-08-17,75.049995
1965-08-18,81.9985
1965-08-19,76.614
1965-08-20,76.8885
1965-08-21,73.1225
1965-08-22,67.837
1965-08-23,71.918495
1965-08-24,92.40143
1965-08-25,85.73
1965-08-26,68.5025
1965-08-27,73.533
1965-08-28,87.3115
1965-08-29,76.6525
1965-08-30,82.719
1965-08-31,82.178
1965-09-01,83.8085
1965-09-02,68.5875
1965-09-03,73.351
1965-09-04,82.6355
1965-09-05,77.485
1965-09-06,86.84
1965-09-07,80.55
1965-09-08,78.605995
1965-09-09,81.178
1965-09-10,73.553
1965-09-11,87.98316
1965-09-12,80.873
1965-09-13,80.3325
1965-09-14,85.458496
1965-09-15,80.573
1965-09-16,80.7775
1965-09-17,80.252495
1965-09-18,79.679
1965-09-19,89.4115
1965-09-20,71.154495
1965-09-21,79.199
1965-09-22,85.448
1965-09-23,82.6895
1965-09-24,81.861496
1965-09-25,83.9165
1965-09-26,80.9475
1965-09-27,73.9605
1965-09-28,81.471
1965-09-29,78.543
1965-09-30,78.709
1965-10-01,78.998
1965-10-02,82.984
1965-10-03,85.3005
1965-10-04,84.031
1965-10-05,90.30167
1965-10-06,88.11948
1965-10-07,81.465
1965-10-08,83.668
1965-10-09,77.9255
1965-10-10,76.109
1965-10-11,82.7685
1965-10-12,75.6185
1965-10-13,81.1745
1965-10-14,77.151
1965-10-15,77.009
1965-10-16,82.075
1965-10-17,74.9685
1965-10-18,82.5885
1965-10-19,82.395
1965-10-20,81.3715
1965-10-21,79.2415
1965-10-22,76.638
1965-10-23,78.554
1965-10-24,79.881
1965-10-25,81.8775
1965-10-26,83.7275
1965-10-27,83.6475
1965-10-28,81.179
1965-10-29,82.2475
1965-10-30,76.5405
1965-10-31,86.723
1965-11-01,77.362495
1965-11-02,69.772995
1965-11-03,85.445
1965-11-04,88.100525
1965-11-05,89.42895
1965-11-06,82.2315
1965-11-07,89.95714
1965-11-08,92.159164
1965-11-09,92.634285
1965-11-10,92.302
1965-11-11,93.186005
1965-11-12,90.78824
1965-11-13,91.17176
1965-11-14,92.55785
1965-11-15,91.83053
1965-11-16,82.1745
1965-11-17,89.497
1965-11-18,93.363335
1965-11-19,93.75
1965-11-20,93.03083
1965-11-21,90.98556
1965-11-22,88.563156
1965-11-23,83.821
1965-11-24,85.5445
1965-11-25,81.335
1965-11-26,89.04833
1965-11-27,87.85117
1965-11-28,78.522995
1965-11-29,80.557495
1965-11-30,84.211
1965-12-01,84.442
1965-12-02,87.345
1965-12-03,92.94222
1965-12-04,92.784164
1965-12-05,91.20563
1965-12-06,83.2045
1965-12-07,91.903076
1965-12-08,93.295
1965-12-09,90.67857
1965-12-10,91.72929
1965-12-11,82.9775
1965-12-12,81.602104
1965-12-13,89.0
1965-12-14,77.4555
1965-12-15,88.1185
1965-12-16,91.086426
1965-12-17,93.84
1965-12-18,90.43
1965-12-19,84.03316
1965-12-20,89.60222
1965-12-21,93.20625
1965-12-22,84.6505
1965-12-23,89.976845
1965-12-24,92.932
1965-12-25,92.975
1965-12-26,90.3875
1965-12-27,88.24
1965-12-28,86.8515
1965-12-29,84.61
1965-12-30,91.33572
1965-12-31,89.773155
1966-01-01,88.025
1966-01-02,79.3395
1966-01-03,85.931
1966-01-04,74.94
1966-01-05,61.052
1966-01-06,64.9565
1966-01-07,68.8045
1966-01-08,79.3375
1966-01-09,86.24
1966-01-10,89.11263
1966-01-11,91.03474
1966-01-12,85.1295
1966-01-13,71.7595
1966-01-14,73.017
1966-01-15,83.1075
1966-01-16,88.88421
1966-01-17,86.415
1966-01-18,85.9135
1966-01-19,87.1265
1966-01-20,86.361
1966-01-21,84.567
1966-01-22,88.62526
1966-01-23,92.56143
1966-01-24,85.352
1966-01-25,88.45947
1966-01-26,87.997
1966-01-27,86.7535
1966-01-28,90.27333
1966-01-29,86.32056
1966-01-30,91.176
1966-01-31,90.51125
1966-02-01,85.2645
1966-02-02,87.3935
1966-02-03,90.57667
1966-02-04,85.26842
1966-02-05,86.2345
1966-02-06,77.5915
1966-02-07,81.4875
1966-02-08,78.224
1966-02-09,77.001495
1966-02-10,83.8105
1966-02-11,90.919
1966-02-12,90.22875
1966-02-13,85.486
1966-02-14,86.911
1966-02-15,77.9615
1966-02-16,79.961
1966-02-17,79.386
1966-02-18,83.6355
1966-02-19,80.732
1966-02-20,73.606995
1966-02-21,69.68
1966-02-22,55.879997
1966-02-23,89.98263
1966-02-24,60.267498
1966-02-25,60.957
1966-02-26,62.3505
1966-02-27,74.194496
1966-02-28,67.8625
1966-03-01,72.4795
1966-03-02,74.727
1966-03-03,85.8045
1966-03-04,88.408
1966-03-05,83.097
1966-03-06,81.1755
1966-03-07,70.1095
1966-03-08,79.3795
1966-03-09,72.476
1966-03-10,75.524994
1966-03-11,73.5665
1966-03-12,81.603
1966-03-13,76.3565
1966-03-14,69.6455
1966-03-15,67.696
1966-03-16,72.874
1966-03-17,88.785
1966-03-18,82.1005
1966-03-19,68.0205
1966-03-20,58.6335
1966-03-21,58.8455
1966-03-22,66.539
1966-03-23,71.598
1966-03-24,65.1765
1966-03-25,82.389496
1966-03-26,63.156998
1966-03-27,59.8615
1966-03-28,77.955
1966-03-29,81.918
1966-03-30,68.401
1966-03-31,68.0935
1966-04-01,68.694496
1966-04-02,76.112
1966-04-03,80.3845
1966-04-04,79.861
1966-04-05,76.8985
1966-04-06,71.74
1966-04-07,63.0155
1966-04-08,70.157
1966-04-09,71.504
1966-04-10,89.831665
1966-04-11,83.5775
1966-04-12,81.1145
1966-04-13,79.508995
1966-04-14,69.9765
1966-04-15,81.0735
1966-04-16,79.444
1966-04-17,88.031
1966-04-18,71.52
1966-04-19,66.847
1966-04-20,73.826996
1966-04-21,88.6685
1966-04-22,73.116
1966-04-23,73.057
1966-04-24,80.3275
1966-04-25,74.0325
1966-04-26,78.066
1966-04-27,77.020996
1966-04-28,73.427
1966-04-29,78.529
1966-04-30,63.1515
1966-05-01,65.181
1966-05-02,65.356
1966-05-03,65.711
1966-05-04,66.389496
1966-05-05,61.9375
1966-05-06,65.67
1966-05-07,80.157
1966-05-08,91.13611
1966-05-09,84.784
1966-05-10,84.640526
1966-05-11,91.03111
1966-05-12,75.115
1966-05-13,75.8445
1966-05-14,73.817
1966-05-15,72.7785
1966-05-16,73.055
1966-05-17,69.1225
1966-05-18,68.368996
1966-05-19,64.5605
1966-05-20,74.251495
1966-05-21,78.645996
1966-05-22,70.8325
1966-05-23,69.4015
1966-05-24,80.9475
1966-05-25,73.4225
1966-05-26,78.692
1966-05-27,75.324
1966-05-28,74.303
1966-05-29,66.2955
1966-05-30,66.6515
1966-05-31,63.297997
1966-06-01,68.0775
1966-06-02,73.6365
1966-06-03,66.293
1966-06-04,72.876
1966-06-05,66.756996
1966-06-06,65.2375
1966-06-07,71.134
1966-06-08,74.479
1966-06-09,88.2935
1966-06-10,79.5035
1966-06-11,78.4105
1966-06-12,73.9695
1966-06-13,76.5395
1966-06-14,84.14737
1966-06-15,83.8885
1966-06-16,86.7825
1966-06-17,78.029495
1966-06-18,72.539
1966-06-19,82.574
1966-06-20,81.1415
1966-06-21,78.481995
1966-06-22,69.8245
1966-06-23,74.096
1966-06-24,77.675
1966-06-25,77.929
1966-06-26,65.431
1966-06-27,76.812
1966-06-28,78.7525
1966-06-29,81.5665
1966-06-30,73.395
1966-07-01,72.268
1966-07-02,73.175
1966-07-03,75.167
1966-07-04,72.445496
1966-07-05,64.68
1966-07-06,81.9905
1966-07-07,75.6735
1966-07-08,76.361496
1966-07-09,70.58
1966-07-10,74.178
1966-07-11,69.598
1966-07-12,79.6245
1966-07-13,74.562004
1966-07-14,74.751
1966-07-15,91.53375
1966-07-16,72.0705
1966-07-17,76.3545
1966-07-18,86.8635
1966-07-19,80.8455
1966-07-20,73.6495
1966-07-21,75.2725
1966-07-22,85.836
1966-07-23,91.32941
1966-07-24,92.69385
1966-07-25,85.6445
1966-07-26,81.9625
1966-07-27,85.4345
1966-07-28,92.27143
1966-07-29,77.876
1966-07-30,75.6865
1966-07-31,84.0785
1966-08-01,77.005
1966-08-02,80.8675
1966-08-03,81.122
1966-08-04,77.265
1966-08-05,87.88111
1966-08-06,82.4685
1966-08-07,77.3975
1966-08-08,78.501
1966-08-09,82.2885
1966-08-10,77.6295
1966-08-11,75.6345
1966-08-12,77.1915
1966-08-13,83.6885
1966-08-14,79.0595
1966-08-15,77.484
1966-08-16,85.5045
1966-08-17,83.014
1966-08-18,84.8915
1966-08-19,85.35
1966-08-20,87.68611
1966-08-21,86.9115
1966-08-22,80.3565
1966-08-23,85.6125
1966-08-24,84.268
1966-08-25,90.19789
1966-08-26,87.8245
1966-08-27,83.1385
1966-08-28,83.026
1966-08-29,80.86
1966-08-30,77.5365
1966-08-31,91.21214
1966-09-01,80.1165
1966-09-02,81.958
1966-09-03,79.986496
1966-09-04,82.3145
1966-09-05,82.5585
1966-09-06,83.568
1966-09-07,82.097496
1966-09-08,80.9855
1966-09-09,86.0655
1966-09-10,83.378
1966-09-11,84.1195
1966-09-12,84.329
1966-09-13,77.739
1966-09-14,79.368996
1966-09-15,79.1435
1966-09-16,85.276
1966-09-17,79.822
1966-09-18,79.836
1966-09-19,75.478
1966-09-20,80.284
1966-09-21,80.039
1966-09-22,77.5805
1966-09-23,80.5625
1966-09-24,80.8445
1966-09-25,79.2945
1966-09-26,82.9605
1966-09-27,86.0865
1966-09-28,81.7985
1966-09-29,86.7275
1966-09-30,83.7005
1966-10-01,88.277
1966-10-02,84.438
1966-10-03,81.999
1966-10-04,81.958496
1966-10-05,78.249
1966-10-06,79.389
1966-10-07,83.025
1966-10-08,82.929
1966-10-09,77.5595
1966-10-10,82.293495
1966-10-11,86.036
1966-10-12,84.955
1966-10-13,80.664
1966-10-14,87.545
1966-10-15,85.253
1966-10-16,79.36
1966-10-17,86.199
1966-10-18,91.84857
1966-10-19,83.6285
1966-10-20,78.1975
1966-10-21,81.2485
1966-10-22,79.215996
1966-10-23,82.2765
1966-10-24,80.9005
1966-10-25,89.06579
1966-10-26,84.9035
1966-10-27,83.6645
1966-10-28,85.414
1966-10-29,90.597336
1966-10-30,88.21471
1966-10-31,82.408
1966-11-01,90.960526
1966-11-02,86.35722
1966-11-03,89.44722
1966-11-04,78.463
1966-11-05,71.131
1966-11-06,81.50474
1966-11-07,89.44462
1966-11-08,90.83769
1966-11-09,86.46167
1966-11-10,88.411
1966-11-11,86.4565
1966-11-12,89.41866
1966-11-13,82.74158
1966-11-14,82.171
1966-11-15,85.64105
1966-11-16,88.98706
1966-11-17,92.807144
1966-11-18,92.237144
1966-11-19,91.99
1966-11-20,92.685
1966-11-21,91.072
1966-11-22,93.32091
1966-11-23,93.60445
1966-11-24,92.695
1966-11-25,86.531
1966-11-26,88.432
1966-11-27,89.24526
1966-11-28,89.9875
1966-11-29,90.719284
1966-11-30,79.651
1966-12-01,82.8975
1966-12-02,82.5
1966-12-03,91.34579
1966-12-04,84.2585
1966-12-05,82.0715
1966-12-06,90.02846
1966-12-07,91.80143
1966-12-08,92.64643
1966-12-09,92.83572
1966-12-10,91.34167
1966-12-11,87.10445
1966-12-12,89.55
1966-12-13,93.55111
1966-12-14,88.996
1966-12-15,76.2575
1966-12-16,86.100525
1966-12-17,91.194115
1966-12-18,90.50611
1966-12-19,86.5495
1966-12-20,88.91889
1966-12-21,78.502
1966-12-22,87.058
1966-12-23,88.933
1966-12-24,90.23389
1966-12-25,82.877
1966-12-26,83.087
1966-12-27,89.06842
1966-12-28,91.34071
1966-12-29,91.12889
1966-12-30,93.76429
1966-12-31,87.9305
1967-01-01,88.541664
1967-01-02,86.50737
1967-01-03,85.18625
1967-01-04,80.734
1967-01-05,84.05421
1967-01-06,88.45062
1967-01-07,89.185295
1967-01-08,90.1405
1967-01-09,87.76631
1967-01-10,79.313995
1967-01-11,82.106
1967-01-12,77.6105
1967-01-13,84.906
1967-01-14,74.059
1967-01-15,79.313995
1967-01-16,69.219
1967-01-17,72.1365
1967-01-18,77.7605
1967-01-19,77.26
1967-01-20,81.4425
1967-01-21,81.421
1967-01-22,85.8845
1967-01-23,90.62
1967-01-24,92.58
1967-01-25,91.675385
1967-01-26,88.3275
1967-01-27,73.359
1967-01-28,78.264
1967-01-29,85.981575
1967-01-30,87.17263
1967-01-31,84.43158
1967-02-01,91.284706
1967-02-02,88.66789
1967-02-03,84.9845
1967-02-04,79.71
1967-02-05,84.037
1967-02-06,82.904
1967-02-07,85.522
1967-02-08,84.3895
1967-02-09,69.8005
1967-02-10,70.3355
1967-02-11,75.0495
1967-02-12,73.8115
1967-02-13,71.2515
1967-02-14,73.5035
1967-02-15,75.304
1967-02-16,69.7245
1967-02-17,75.7485
1967-02-18,86.255
1967-02-19,90.9
1967-02-20,89.705
1967-02-21,80.5675
1967-02-22,66.639496
1967-02-23,71.711
1967-02-24,64.5855
1967-02-25,70.737495
1967-02-26,76.983
1967-02-27,76.9925
1967-02-28,78.9985
1967-03-01,69.105995
1967-03-02,82.586
1967-03-03,70.1095
1967-03-04,72.136
1967-03-05,78.488
1967-03-06,86.152
1967-03-07,87.41789
1967-03-08,77.8965
1967-03-09,78.964
1967-03-10,69.8465
1967-03-11,72.698
1967-03-12,81.057
1967-03-13,85.0795
1967-03-14,65.214
1967-03-15,70.2575
1967-03-16,72.36
1967-03-17,69.818
1967-03-18,76.1845
1967-03-19,77.6725
1967-03-20,80.769
1967-03-21,67.0315
1967-03-22,68.381
1967-03-23,77.7115
1967-03-24,71.184
1967-03-25,61.454
1967-03-26,67.228
1967-03-27,82.6075
1967-03-28,72.340996
1967-03-29,86.434
1967-03-30,82.7585
1967-03-31,76.867
1967-04-01,68.282
1967-04-02,72.6045
1967-04-03,69.8805
1967-04-04,79.973
1967-04-05,78.397995
1967-04-06,86.6095
1967-04-07,86.677895
1967-04-08,91.21222
1967-04-09,81.2475
1967-04-10,61.638
1967-04-11,67.372
1967-04-12,68.31
1967-04-13,84.837
1967-04-14,83.7
1967-04-15,79.1435
1967-04-16,69.2575
1967-04-17,63.829998
1967-04-18,69.2435
1967-04-19,58.629997
1967-04-20,57.5705
1967-04-21,65.097496
1967-04-22,78.449
1967-04-23,67.8465
1967-04-24,72.410995
1967-04-25,64.899
1967-04-26,79.6275
1967-04-27,78.675995
1967-04-28,79.7
1967-04-29,75.654
1967-04-30,67.5885
1967-05-01,67.76
1967-05-02,72.6835
1967-05-03,76.1545
1967-05-04,75.471
1967-05-05,71.5625
1967-05-06,61.420498
1967-05-07,66.206
1967-05-08,69.4395
1967-05-09,68.6035
1967-05-10,73.135
1967-05-11,69.5355
1967-05-12,65.423996
1967-05-13,60.3
1967-05-14,60.6345
1967-05-15,57.261497
1967-05-16,74.862495
1967-05-17,83.025
1967-05-18,74.840996
1967-05-19,70.8225
1967-05-20,62.375
1967-05-21,66.9565
1967-05-22,77.8405
1967-05-23,73.618
1967-05-24,82.4485
1967-05-25,77.0
1967-05-26,79.019
1967-05-27,70.3855
1967-05-28,68.089
1967-05-29,69.621
1967-05-30,71.5185
1967-05-31,89.472
1967-06-01,81.1065
1967-06-02,73.090996
1967-06-03,69.959496
1967-06-04,73.223
1967-06-05,73.932495
1967-06-06,77.2195
1967-06-07,70.548996
1967-06-08,74.084496
1967-06-09,86.0915
1967-06-10,83.4775
1967-06-11,76.3085
1967-06-12,73.434
1967-06-13,80.6045
1967-06-14,77.9915
1967-06-15,72.2615
1967-06-16,72.621
1967-06-17,74.881
1967-06-18,75.743
1967-06-19,77.978
1967-06-20,77.840996
1967-06-21,74.678
1967-06-22,67.514496
1967-06-23,70.17
1967-06-24,72.531
1967-06-25,68.6305
1967-06-26,64.4415
1967-06-27,62.197
1967-06-28,72.779495
1967-06-29,76.972496
1967-06-30,68.9765
1967-07-01,72.388
1967-07-02,68.9185
1967-07-03,72.6285
1967-07-04,81.9285
1967-07-05,70.841995
1967-07-06,68.675
1967-07-07,68.238495
1967-07-08,75.909996
1967-07-09,86.628
1967-07-10,84.6445
1967-07-11,71.5785
1967-07-12,76.586
1967-07-13,75.473495
1967-07-14,71.945496
1967-07-15,70.003
1967-07-16,76.645
1967-07-17,84.732
1967-07-18,76.454
1967-07-19,76.8455
1967-07-20,73.146996
1967-07-21,75.0555
1967-07-22,72.226
1967-07-23,67.3065
1967-07-24,74.504
1967-07-25,73.587
1967-07-26,81.1225
1967-07-27,75.637
1967-07-28,70.8245
1967-07-29,66.651
1967-07-30,73.02
1967-07-31,68.718994
1967-08-01,69.349
1967-08-02,71.037
1967-08-03,76.6985
1967-08-04,74.965
1967-08-05,75.889
1967-08-06,76.0065
1967-08-07,84.319496
1967-08-08,80.5725
1967-08-09,76.1735
1967-08-10,70.511
1967-08-11,69.9695
1967-08-12,70.4945
1967-08-13,84.930504
1967-08-14,79.6325
1967-08-15,74.5115
1967-08-16,73.8505
1967-08-17,79.299995
1967-08-18,73.2075
1967-08-19,73.391495
1967-08-20,76.807495
1967-08-21,68.1585
1967-08-22,74.125
1967-08-23,71.974495
1967-08-24,77.545
1967-08-25,85.1955
1967-08-26,83.789
1967-08-27,81.045
1967-08-28,78.632996
1967-08-29,76.307
1967-08-30,74.847496
1967-08-31,77.258995
1967-09-01,78.980995
1967-09-02,74.9565
1967-09-03,71.455
1967-09-04,69.474
1967-09-05,72.958496
1967-09-06,71.129
1967-09-07,73.8415
1967-09-08,79.014
1967-09-09,90.53389
1967-09-10,91.624115
1967-09-11,84.386314
1967-09-12,87.447
1967-09-13,82.4265
1967-09-14,85.6625
1967-09-15,90.17778
1967-09-16,91.96167
1967-09-17,88.993
1967-09-18,83.848
1967-09-19,83.005
1967-09-20,84.1775
1967-09-21,84.1185
1967-09-22,83.9245
1967-09-23,85.3585
1967-09-24,84.8995
1967-09-25,84.9785
1967-09-26,85.889496
1967-09-27,77.8975
1967-09-28,86.6495
1967-09-29,82.63
1967-09-30,84.757996
1967-10-01,85.005
1967-10-02,83.373
1967-10-03,90.61647
1967-10-04,83.180504
1967-10-05,87.3235
1967-10-06,79.977
1967-10-07,84.6335
1967-10-08,80.812
1967-10-09,80.446
1967-10-10,82.982
1967-10-11,85.887
1967-10-12,88.34062
1967-10-13,83.4045
1967-10-14,87.0735
1967-10-15,84.496
1967-10-16,88.28895
1967-10-17,79.501
1967-10-18,84.0675
1967-10-19,74.4765
1967-10-20,74.183
1967-10-21,75.99
1967-10-22,79.75
1967-10-23,78.0555
1967-10-24,86.9405
1967-10-25,87.8085
1967-10-26,91.2195
1967-10-27,91.03562
1967-10-28,90.009476
1967-10-29,89.48312
1967-10-30,86.5975
1967-10-31,83.034
1967-11-01,90.431175
1967-11-02,89.1135
1967-11-03,87.409
1967-11-04,87.348946
1967-11-05,78.567
1967-11-06,88.81611
1967-11-07,90.21
1967-11-08,89.96875
1967-11-09,91.406
1967-11-10,84.274
1967-11-11,74.698
1967-11-12,81.837
1967-11-13,82.251
1967-11-14,89.08875
1967-11-15,85.62158
1967-11-16,86.5525
1967-11-17,83.796
1967-11-18,89.75445
1967-11-19,87.7395
1967-11-20,80.087
1967-11-21,83.631996
1967-11-22,71.1475
1967-11-23,79.705
1967-11-24,82.046
1967-11-25,80.4425
1967-11-26,81.2785
1967-11-27,83.221
1967-11-28,91.58583
1967-11-29,89.23235
1967-11-30,91.60786
1967-12-01,83.3875
1967-12-02,84.356
1967-12-03,83.12947
1967-12-04,72.468
1967-12-05,72.293
1967-12-06,84.6165
1967-12-07,85.006996
1967-12-08,83.4315
1967-12-09,83.8325
1967-12-10,82.812
1967-12-11,90.42562
1967-12-12,84.36158
1967-12-13,87.03
1967-12-14,89.394
1967-12-15,85.8365
1967-12-16,90.187775
1967-12-17,80.812
1967-12-18,79.09
1967-12-19,78.0775
1967-12-20,71.076
1967-12-21,75.376
1967-12-22,78.432
1967-12-23,76.752
1967-12-24,80.1275
1967-12-25,91.846664
1967-12-26,91.735
1967-12-27,83.553
1967-12-28,87.31263
1967-12-29,91.023
1967-12-30,93.40444
1967-12-31,90.424614
1968-01-01,91.79375
1968-01-02,90.90842
1968-01-03,84.17
1968-01-04,87.0885
1968-01-05,82.972496
1968-01-06,82.9715
1968-01-07,86.514496
1968-01-08,72.1835
1968-01-09,77.068
1968-01-10,83.5675
1968-01-11,87.020996
1968-01-12,75.520996
1968-01-13,68.1335
1968-01-14,78.736
1968-01-15,79.1
1968-01-16,78.434494
1968-01-17,87.933685
1968-01-18,86.1835
1968-01-19,80.9715
1968-01-20,84.435265
1968-01-21,88.763336
1968-01-22,88.38
1968-01-23,84.131
1968-01-24,88.2335
1968-01-25,83.5485
1968-01-26,81.742
1968-01-27,73.701
1968-01-28,78.919495
1968-01-29,78.6775
1968-01-30,79.0325
1968-01-31,81.698
1968-02-01,83.28333
1968-02-02,87.95158
1968-02-03,93.918
1968-02-04,93.09273
1968-02-05,92.488
1968-02-06,93.58833
1968-02-07,90.004616
1968-02-08,90.54143
1968-02-09,83.571
1968-02-10,82.8945
1968-02-11,87.469
1968-02-12,89.975
1968-02-13,91.99333
1968-02-14,92.33546
1968-02-15,93.43444
1968-02-16,85.983
1968-02-17,79.076
1968-02-18,67.167496
1968-02-19,75.944496
1968-02-20,71.6915
1968-02-21,82.062
1968-02-22,78.117
1968-02-23,72.2485
1968-02-24,79.965
1968-02-25,84.19947
1968-02-26,80.478
1968-02-27,69.3525
1968-02-28,75.6015
1968-02-29,81.214
1968-03-01,70.5345
1968-03-02,72.4345
1968-03-03,76.4995
1968-03-04,77.0675
1968-03-05,81.018
1968-03-06,78.4765
1968-03-07,76.465996
1968-03-08,75.545
1968-03-09,67.723495
1968-03-10,68.0225
1968-03-11,74.529495
1968-03-12,63.2525
1968-03-13,53.4165
1968-03-14,66.061
1968-03-15,69.069
1968-03-16,70.503
1968-03-17,73.3995
1968-03-18,64.9145
1968-03-19,62.072998
1968-03-20,66.5125
1968-03-21,64.815
1968-03-22,84.705
1968-03-23,63.3345
1968-03-24,63.725998
1968-03-25,68.626
1968-03-26,64.037
1968-03-27,72.389
1968-03-28,68.742
1968-03-29,61.864998
1968-03-30,54.8605
1968-03-31,57.0075
1968-04-01,60.9925
1968-04-02,60.274
1968-04-03,68.0655
1968-04-04,72.302
1968-04-05,66.828
1968-04-06,56.282997
1968-04-07,72.507996
1968-04-08,78.196495
1968-04-09,57.0905
1968-04-10,56.400497
1968-04-11,63.143997
1968-04-12,60.0785
1968-04-13,59.92
1968-04-14,57.931
1968-04-15,62.407
1968-04-16,70.8685
1968-04-17,79.279495
1968-04-18,67.255
1968-04-19,59.47
1968-04-20,55.338
1968-04-21,53.535
1968-04-22,52.0185
1968-04-23,52.455997
1968-04-24,49.413
1968-04-25,55.816498
1968-04-26,61.747498
1968-04-27,67.773
1968-04-28,69.7765
1968-04-29,74.848
1968-04-30,66.461
1968-05-01,62.670498
1968-05-02,61.163498
1968-05-03,67.3125
1968-05-04,65.0025
1968-05-05,51.267998
1968-05-06,54.327
1968-05-07,74.335
1968-05-08,71.6025
1968-05-09,64.304
1968-05-10,55.298
1968-05-11,58.130497
1968-05-12,55.57
1968-05-13,79.074
1968-05-14,68.0885
1968-05-15,65.13
1968-05-16,60.2005
1968-05-17,78.7135
1968-05-18,78.17
1968-05-19,81.3605
1968-05-20,71.109
1968-05-21,85.909
1968-05-22,78.7015
1968-05-23,74.629
1968-05-24,75.034996
1968-05-25,74.506
1968-05-26,83.743
1968-05-27,79.4215
1968-05-28,72.312
1968-05-29,64.1705
1968-05-30,75.683495
1968-05-31,77.7145
1968-06-01,76.6335
1968-06-02,84.304
1968-06-03,77.694
1968-06-04,72.372
1968-06-05,68.872
1968-06-06,64.347
1968-06-07,72.887
1968-06-08,73.256996
1968-06-09,90.16369
1968-06-10,79.886
1968-06-11,76.4545
1968-06-12,69.608
1968-06-13,69.751495
1968-06-14,72.556496
1968-06-15,72.9855
1968-06-16,66.1045
1968-06-17,66.945496
1968-06-18,70.6555
1968-06-19,63.69
1968-06-20,74.721
1968-06-21,83.813
1968-06-22,62.718998
1968-06-23,59.142
1968-06-24,67.098495
1968-06-25,62.9125
1968-06-26,59.9725
1968-06-27,67.518
1968-06-28,69.388
1968-06-29,69.7915
1968-06-30,58.3565
1968-07-01,58.0725
1968-07-02,51.6125
1968-07-03,66.2435
1968-07-04,60.312
1968-07-05,59.9795
1968-07-06,54.23
1968-07-07,55.503
1968-07-08,53.7865
1968-07-09,59.907997
1968-07-10,64.459
1968-07-11,56.1455
1968-07-12,64.4905
1968-07-13,63.899998
1968-07-14,60.719498
1968-07-15,74.9825
1968-07-16,67.8435
1968-07-17,81.075
1968-07-18,90.52765
1968-07-19,64.729996
1968-07-20,72.501
1968-07-21,81.9475
1968-07-22,76.261
1968-07-23,69.544
1968-07-24,76.5915
1968-07-25,78.7495
1968-07-26,81.769
1968-07-27,75.5995
1968-07-28,78.8095
1968-07-29,66.938995
1968-07-30,69.2205
1968-07-31,73.328995
1968-08-01,74.3255
1968-08-02,73.754
1968-08-03,88.5435
1968-08-04,78.2475
1968-08-05,78.218
1968-08-06,71.334
1968-08-07,89.06923
1968-08-08,85.556
1968-08-09,85.624
1968-08-10,84.2265
1968-08-11,83.1375
1968-08-12,81.339
1968-08-13,75.8975
1968-08-14,73.129
1968-08-15,74.755
1968-08-16,73.3955
1968-08-17,69.9295
1968-08-18,83.64
1968-08-19,74.84
1968-08-20,67.942
1968-08-21,68.626495
1968-08-22,82.6915
1968-08-23,77.705
1968-08-24,81.417
1968-08-25,84.5135
1968-08-26,85.495
1968-08-27,84.7135
1968-08-28,81.196
1968-08-29,78.1875
1968-08-30,87.984116
1968-08-31,86.524
1968-09-01,81.009995
1968-09-02,79.1875
1968-09-03,82.25
1968-09-04,80.034996
1968-09-05,89.10737
1968-09-06,87.5645
1968-09-07,83.384
1968-09-08,81.709
1968-09-09,84.264
1968-09-10,89.322
1968-09-11,88.599
1968-09-12,90.99529
1968-09-13,80.0665
1968-09-14,91.03267
1968-09-15,81.524
1968-09-16,78.182
1968-09-17,82.942
1968-09-18,86.40316
1968-09-19,82.4485
1968-09-20,77.187996
1968-09-21,80.958
1968-09-22,87.128
1968-09-23,78.1285
1968-09-24,85.4905
1968-09-25,73.0255
1968-09-26,78.9135
1968-09-27,76.902
1968-09-28,84.07
1968-09-29,82.9675
1968-09-30,86.8725
1968-10-01,78.136
1968-10-02,87.169
1968-10-03,89.054665
1968-10-04,85.125
1968-10-05,89.751175
1968-10-06,86.37
1968-10-07,85.839
1968-10-08,86.2215
1968-10-09,87.046
1968-10-10,86.309
1968-10-11,84.5515
1968-10-12,83.779
1968-10-13,87.042496
1968-10-14,83.523
1968-10-15,84.625496
1968-10-16,80.948
1968-10-17,77.872
1968-10-18,78.9955
1968-10-19,67.143
1968-10-20,75.5885
1968-10-21,78.555
1968-10-22,79.895
1968-10-23,79.4875
1968-10-24,80.468
1968-10-25,86.240524
1968-10-26,88.3445
1968-10-27,83.616
1968-10-28,87.5045
1968-10-29,84.5025
1968-10-30,84.092
1968-10-31,81.1855
1968-11-01,82.34
1968-11-02,76.000496
1968-11-03,78.644
1968-11-04,87.65579
1968-11-05,89.99375
1968-11-06,91.435
1968-11-07,92.82364
1968-11-08,90.691666
1968-11-09,90.365295
1968-11-10,88.09842
1968-11-11,80.643
1968-11-12,86.5735
1968-11-13,85.318
1968-11-14,85.90053
1968-11-15,89.69357
1968-11-16,92.628
1968-11-17,92.57643
1968-11-18,91.44462
1968-11-19,88.36647
1968-11-20,91.688126
1968-11-21,91.94789
1968-11-22,89.224
1968-11-23,89.89
1968-11-24,90.30286
1968-11-25,80.8885
1968-11-26,85.90222
1968-11-27,91.80454
1968-11-28,90.658005
1968-11-29,92.26231
1968-11-30,91.25833
1968-12-01,90.96286
1968-12-02,91.87
1968-12-03,89.93667
1968-12-04,87.3085
1968-12-05,90.87187
1968-12-06,91.84375
1968-12-07,93.58091
1968-12-08,92.153336
1968-12-09,91.1225
1968-12-10,82.357
1968-12-11,82.9595
1968-12-12,83.5595
1968-12-13,81.7825
1968-12-14,79.5295
1968-12-15,84.1975
1968-12-16,88.21421
1968-12-17,91.140625
1968-12-18,90.82333
1968-12-19,93.796
1968-12-20,89.15444
1968-12-21,89.72059
1968-12-22,89.32667
1968-12-23,87.813126
1968-12-24,87.6515
1968-12-25,85.41105
1968-12-26,81.8985
1968-12-27,77.4705
1968-12-28,85.551
1968-12-29,89.33947
1968-12-30,91.748825
1968-12-31,84.225
1969-01-01,80.9595
1969-01-02,86.7985
1969-01-03,91.11667
1969-01-04,89.658
1969-01-05,90.71895
1969-01-06,88.384
1969-01-07,88.50353
1969-01-08,87.714
1969-01-09,86.867
1969-01-10,90.313156
1969-01-11,88.2195
1969-01-12,86.42158
1969-01-13,90.568886
1969-01-14,90.2175
1969-01-15,91.54938
1969-01-16,92.32143
1969-01-17,91.24545
1969-01-18,92.53667
1969-01-19,92.566925
1969-01-20,88.47158
1969-01-21,85.74263
1969-01-22,79.221
1969-01-23,85.8565
1969-01-24,82.948
1969-01-25,84.915
1969-01-26,88.74412
1969-01-27,91.13842
1969-01-28,90.581055
1969-01-29,91.574165
1969-01-30,86.284
1969-01-31,77.2635
1969-02-01,83.932
1969-02-02,84.618
1969-02-03,86.108
1969-02-04,85.46
1969-02-05,78.206
1969-02-06,84.44053
1969-02-07,87.0995
1969-02-08,91.109474
1969-02-09,75.4195
1969-02-10,74.031
1969-02-11,77.097496
1969-02-12,78.4555
1969-02-13,89.323685
1969-02-14,90.70941
1969-02-15,92.60778
1969-02-16,88.490555
1969-02-17,82.986496
1969-02-18,80.2745
1969-02-19,86.257996
1969-02-20,90.91944
1969-02-21,94.192
1969-02-22,92.977
1969-02-23,92.170906
1969-02-24,92.699234
1969-02-25,92.255714
1969-02-26,91.68533
1969-02-27,93.405
1969-02-28,91.12933
1969-03-01,91.1745
1969-03-02,90.92611
1969-03-03,89.136
1969-03-04,86.779
1969-03-05,73.9225
1969-03-06,74.9075
1969-03-07,79.437996
1969-03-08,82.0345
1969-03-09,76.4595
1969-03-10,70.2955
1969-03-11,73.939995
1969-03-12,70.2175
1969-03-13,70.8115
1969-03-14,81.131996
1969-03-15,91.10714
1969-03-16,93.295
1969-03-17,92.63417
1969-03-18,86.875496
1969-03-19,87.421
1969-03-20,86.27368
1969-03-21,74.84
1969-03-22,75.4815
1969-03-23,81.574
1969-03-24,85.745
1969-03-25,87.763
1969-03-26,91.74834
1969-03-27,83.938995
1969-03-28,81.082
1969-03-29,80.6425
1969-03-30,76.152
1969-03-31,68.981
1969-04-01,69.325
1969-04-02,77.8525
1969-04-03,80.62684
1969-04-04,84.604
1969-04-05,86.143
1969-04-06,80.2945
1969-04-07,72.024
1969-04-08,69.5
1969-04-09,60.823498
1969-04-10,59.5645
1969-04-11,68.3785
1969-04-12,58.251
1969-04-13,83.9925
1969-04-14,79.34
1969-04-15,63.0815
1969-04-16,65.0125
1969-04-17,78.263
1969-04-18,82.551
1969-04-19,78.526
1969-04-20,66.971
1969-04-21,62.7445
1969-04-22,65.6335
1969-04-23,77.241
1969-04-24,76.0465
1969-04-25,71.3495
1969-04-26,64.671
1969-04-27,64.1605
1969-04-28,59.4935
1969-04-29,61.2175
1969-04-30,61.455997
1969-05-01,68.7195
1969-05-02,74.291
1969-05-03,68.238
1969-05-04,62.677
1969-05-05,61.375
1969-05-06,67.118
1969-05-07,83.875496
1969-05-08,88.895996
1969-05-09,84.751
1969-05-10,84.9725
1969-05-11,69.376
1969-05-12,76.706
1969-05-13,70.908
1969-05-14,70.3375
1969-05-15,68.270996
1969-05-16,67.345
1969-05-17,72.6225
1969-05-18,75.513
1969-05-19,89.439445
1969-05-20,83.4745
1969-05-21,80.792496
1969-05-22,71.780495
1969-05-23,73.37
1969-05-24,69.985
1969-05-25,69.1865
1969-05-26,70.584
1969-05-27,78.222496
1969-05-28,70.7355
1969-05-29,65.569
1969-05-30,67.645
1969-05-31,69.156
1969-06-01,66.4515
1969-06-02,82.569
1969-06-03,74.675
1969-06-04,82.7075
1969-06-05,88.50263
1969-06-06,90.45263
1969-06-07,89.917336
1969-06-08,80.3005
1969-06-09,65.893
1969-06-10,72.268
1969-06-11,72.8975
1969-06-12,76.5235
1969-06-13,88.409
1969-06-14,83.7695
1969-06-15,85.201996
1969-06-16,78.4995
1969-06-17,83.1015
1969-06-18,77.156
1969-06-19,78.0815
1969-06-20,84.387
1969-06-21,86.3275
1969-06-22,79.259
1969-06-23,81.1495
1969-06-24,74.671
1969-06-25,78.543495
1969-06-26,88.03895
1969-06-27,72.1915
1969-06-28,78.53
1969-06-29,82.424995
1969-06-30,84.63368
1969-07-01,80.5255
1969-07-02,73.381
1969-07-03,71.6025
1969-07-04,75.071
1969-07-05,76.7965
1969-07-06,81.397995
1969-07-07,76.246
1969-07-08,86.4065
1969-07-09,76.014
1969-07-10,87.5015
1969-07-11,74.085495
1969-07-12,76.305
1969-07-13,63.18
1969-07-14,63.713497
1969-07-15,67.6
1969-07-16,67.9575
1969-07-17,69.8605
1969-07-18,81.0235
1969-07-19,75.811
1969-07-20,73.683
1969-07-21,74.126495
1969-07-22,75.4415
1969-07-23,76.349
1969-07-24,73.395
1969-07-25,71.246
1969-07-26,71.231995
1969-07-27,66.611496
1969-07-28,68.3815
1969-07-29,68.8815
1969-07-30,80.259
1969-07-31,83.618
1969-08-01,71.098
1969-08-02,72.3265
1969-08-03,71.502
1969-08-04,73.340996
1969-08-05,71.6035
1969-08-06,67.701
1969-08-07,74.5945
1969-08-08,87.137
1969-08-09,80.369995
1969-08-10,76.69
1969-08-11,76.594
1969-08-12,82.735
1969-08-13,79.6035
1969-08-14,76.0605
1969-08-15,85.9275
1969-08-16,90.106
1969-08-17,83.016
1969-08-18,78.898
1969-08-19,83.5405
1969-08-20,73.7845
1969-08-21,87.67
1969-08-22,89.078
1969-08-23,90.91631
1969-08-24,91.80813
1969-08-25,92.231766
1969-08-26,87.696
1969-08-27,89.7105
1969-08-28,87.55684
1969-08-29,82.145
1969-08-30,82.548
1969-08-31,84.097496
1969-09-01,88.881
1969-09-02,89.346
1969-09-03,85.3815
1969-09-04,87.984
1969-09-05,88.6635
1969-09-06,84.381
1969-09-07,86.6215
1969-09-08,85.86
1969-09-09,82.9815
1969-09-10,85.972496
1969-09-11,88.604004
1969-09-12,84.7955
1969-09-13,86.213
1969-09-14,82.858
1969-09-15,91.81308
1969-09-16,92.761765
1969-09-17,91.48944
1969-09-18,85.9925
1969-09-19,86.949
1969-09-20,85.847
1969-09-21,83.3885
1969-09-22,77.1625
1969-09-23,86.884
1969-09-24,83.381996
1969-09-25,84.4365
1969-09-26,87.1735
1969-09-27,85.103
1969-09-28,82.974
1969-09-29,84.603
1969-09-30,91.286
1969-10-01,85.2385
1969-10-02,84.474
1969-10-03,84.78
1969-10-04,84.6265
1969-10-05,83.8035
1969-10-06,81.484
1969-10-07,85.326
1969-10-08,86.5045
1969-10-09,86.0595
1969-10-10,83.7445
1969-10-11,83.621
1969-10-12,82.602
1969-10-13,84.3965
1969-10-14,87.6515
1969-10-15,89.40948
1969-10-16,85.506996
1969-10-17,85.11842
1969-10-18,88.31368
1969-10-19,86.687775
1969-10-20,85.7805
1969-10-21,91.33667
1969-10-22,89.0
1969-10-23,89.4405
1969-10-24,89.47158
1969-10-25,90.09765
1969-10-26,81.172
1969-10-27,79.839
1969-10-28,83.3865
1969-10-29,81.712
1969-10-30,80.3455
1969-10-31,74.1205
1969-11-01,80.0355
1969-11-02,78.216995
1969-11-03,80.1445
1969-11-04,79.5205
1969-11-05,82.264
1969-11-06,81.735504
1969-11-07,80.8495
1969-11-08,91.064285
1969-11-09,92.26833
1969-11-10,76.243
1969-11-11,86.3565
1969-11-12,84.99556
1969-11-13,88.4575
1969-11-14,90.39
1969-11-15,84.9775
1969-11-16,84.797
1969-11-17,79.899
1969-11-18,88.5955
1969-11-19,81.7185
1969-11-20,77.0765
1969-11-21,86.3845
1969-11-22,90.592
1969-11-23,91.018
1969-11-24,86.1175
1969-11-25,81.574
1969-11-26,79.779
1969-11-27,81.45
1969-11-28,76.715
1969-11-29,83.052
1969-11-30,87.82316
1969-12-01,83.3985
1969-12-02,75.225
1969-12-03,77.8095
1969-12-04,90.475266
1969-12-05,90.19812
1969-12-06,89.50588
1969-12-07,88.217
1969-12-08,88.2295
1969-12-09,90.63556
1969-12-10,94.024
1969-12-11,92.83727
1969-12-12,90.543
1969-12-13,92.508125
1969-12-14,90.616425
1969-12-15,92.45944
1969-12-16,89.34647
1969-12-17,82.652
1969-12-18,89.1745
1969-12-19,89.021576
1969-12-20,83.332
1969-12-21,77.0525
1969-12-22,79.9925
1969-12-23,85.2275
1969-12-24,86.826996
1969-12-25,88.26556
1969-12-26,91.96333
1969-12-27,90.960625
1969-12-28,90.47667
1969-12-29,90.80067
1969-12-30,92.86072
1969-12-31,93.331
1970-01-01,89.85333
1970-01-02,83.3295
1970-01-03,85.03389
1970-01-04,88.916115
1970-01-05,88.17667
1970-01-06,85.1995
1970-01-07,89.35445
1970-01-08,84.0385
1970-01-09,86.3035
1970-01-10,89.9
1970-01-11,91.66875
1970-01-12,91.6375
1970-01-13,92.832504
1970-01-14,91.55572
1970-01-15,92.645
1970-01-16,90.932
1970-01-17,85.878944
1970-01-18,78.785
1970-01-19,83.284
1970-01-20,84.5325
1970-01-21,85.7525
1970-01-22,83.0815
1970-01-23,85.1665
1970-01-24,86.51789
1970-01-25,90.23526
1970-01-26,93.12
1970-01-27,92.46
1970-01-28,84.848495
1970-01-29,81.9715
1970-01-30,85.9315
1970-01-31,87.894
1970-02-01,86.9055
1970-02-02,81.22948
1970-02-03,82.9795
1970-02-04,82.3175
1970-02-05,86.6305
1970-02-06,78.104
1970-02-07,88.71526
1970-02-08,83.6715
1970-02-09,78.843
1970-02-10,91.962
1970-02-11,89.7325
1970-02-12,79.811
1970-02-13,84.5995
1970-02-14,80.015495
1970-02-15,83.823
1970-02-16,78.114
1970-02-17,76.3825
1970-02-18,85.436
1970-02-19,85.794
1970-02-20,86.24
1970-02-21,79.6355
1970-02-22,88.264
1970-02-23,81.487495
1970-02-24,80.025
1970-02-25,87.585495
1970-02-26,84.0815
1970-02-27,80.2
1970-02-28,85.393
1970-03-01,78.0085
1970-03-02,83.56158
1970-03-03,93.52866
1970-03-04,90.505554
1970-03-05,89.104
1970-03-06,81.391
1970-03-07,80.7185
1970-03-08,77.158
1970-03-09,90.6455
1970-03-10,85.6645
1970-03-11,89.344444
1970-03-12,93.187775
1970-03-13,85.8625
1970-03-14,89.624664
1970-03-15,90.38333
1970-03-16,77.3575
1970-03-17,77.6505
1970-03-18,76.979
1970-03-19,79.321
1970-03-20,70.3645
1970-03-21,74.8495
1970-03-22,71.2125
1970-03-23,78.9765
1970-03-24,82.721
1970-03-25,81.542496
1970-03-26,86.8115
1970-03-27,92.04714
1970-03-28,72.3935
1970-03-29,69.2425
1970-03-30,63.027
1970-03-31,69.6425
1970-04-01,92.07125
1970-04-02,90.657646
1970-04-03,81.71474
1970-04-04,72.243
1970-04-05,85.7095
1970-04-06,74.0405
1970-04-07,76.587
1970-04-08,81.996
1970-04-09,79.1625
1970-04-10,71.5575
1970-04-11,83.893
1970-04-12,72.2505
1970-04-13,67.372
1970-04-14,69.497
1970-04-15,66.5655
1970-04-16,69.565994
1970-04-17,77.821
1970-04-18,73.3405
1970-04-19,65.6735
1970-04-20,66.8545
1970-04-21,85.1675
1970-04-22,74.873
1970-04-23,65.073
1970-04-24,79.028
1970-04-25,80.4905
1970-04-26,69.698
1970-04-27,77.351
1970-04-28,91.73538
1970-04-29,80.852
1970-04-30,73.133995
1970-05-01,78.0425
1970-05-02,72.0495
1970-05-03,68.7955
1970-05-04,57.2945
1970-05-05,87.284
1970-05-06,83.626495
1970-05-07,83.146996
1970-05-08,70.0615
1970-05-09,61.8625
1970-05-10,77.123
1970-05-11,68.2615
1970-05-12,75.318
1970-05-13,73.512
1970-05-14,70.223
1970-05-15,69.933
1970-05-16,83.528
1970-05-17,83.3015
1970-05-18,64.557
1970-05-19,72.502
1970-05-20,77.9765
1970-05-21,79.6215
1970-05-22,84.9925
1970-05-23,70.3255
1970-05-24,66.9375
1970-05-25,71.347496
1970-05-26,75.667
1970-05-27,85.955
1970-05-28,80.8685
1970-05-29,76.0115
1970-05-30,71.7605
1970-05-31,82.153
1970-06-01,77.3765
1970-06-02,74.2125
1970-06-03,77.4365
1970-06-04,78.0175
1970-06-05,78.585495
1970-06-06,81.5935
1970-06-07,78.542496
1970-06-08,84.6135
1970-06-09,80.9725
1970-06-10,82.887
1970-06-11,84.892
1970-06-12,74.5965
1970-06-13,69.6785
1970-06-14,67.893
1970-06-15,75.308
1970-06-16,77.372
1970-06-17,76.709496
1970-06-18,86.779
1970-06-19,85.548
1970-06-20,71.0515
1970-06-21,68.230995
1970-06-22,67.6455
1970-06-23,67.534
1970-06-24,74.1435
1970-06-25,80.658
1970-06-26,79.2025
1970-06-27,75.5375
1970-06-28,68.9975
1970-06-29,80.618996
1970-06-30,81.654495
1970-07-01,83.49
1970-07-02,77.076
1970-07-03,83.838
1970-07-04,85.473
1970-07-05,75.868996
1970-07-06,71.435
1970-07-07,76.948
1970-07-08,79.198
1970-07-09,76.403496
1970-07-10,70.595
1970-07-11,70.418
1970-07-12,72.659
1970-07-13,69.695496
1970-07-14,68.886
1970-07-15,86.6505
1970-07-16,86.3185
1970-07-17,91.445885
1970-07-18,76.264496
1970-07-19,69.4615
1970-07-20,68.0445
1970-07-21,79.546
1970-07-22,74.54
1970-07-23,73.015495
1970-07-24,73.7595
1970-07-25,86.0775
1970-07-26,72.3045
1970-07-27,80.5745
1970-07-28,80.197
1970-07-29,77.5345
1970-07-30,76.0
1970-07-31,75.5265
1970-08-01,75.82
1970-08-02,80.4995
1970-08-03,79.7815
1970-08-04,85.7755
1970-08-05,82.5845
1970-08-06,79.214
1970-08-07,84.1215
1970-08-08,80.2865
1970-08-09,89.8985
1970-08-10,84.5285
1970-08-11,79.129
1970-08-12,77.6145
1970-08-13,77.474495
1970-08-14,78.921
1970-08-15,82.246
1970-08-16,83.4905
1970-08-17,87.095
1970-08-18,73.4275
1970-08-19,76.101
1970-08-20,77.4775
1970-08-21,82.729
1970-08-22,85.2465
1970-08-23,78.885
1970-08-24,91.875336
1970-08-25,81.716995
1970-08-26,80.5125
1970-08-27,79.578
1970-08-28,84.683
1970-08-29,80.465
1970-08-30,89.0845
1970-08-31,88.266
1970-09-01,79.768
1970-09-02,79.6515
1970-09-03,79.318
1970-09-04,82.349
1970-09-05,79.2875
1970-09-06,79.8925
1970-09-07,86.5825
1970-09-08,83.11
1970-09-09,77.5635
1970-09-10,78.2455
1970-09-11,75.2975
1970-09-12,82.514496
1970-09-13,77.460495
1970-09-14,77.134
1970-09-15,80.9405
1970-09-16,76.735
1970-09-17,80.644
1970-09-18,77.566
1970-09-19,80.0025
1970-09-20,82.039
1970-09-21,83.432
1970-09-22,74.014
1970-09-23,70.8955
1970-09-24,74.6885
1970-09-25,76.701996
1970-09-26,86.2125
1970-09-27,78.989
1970-09-28,73.0675
1970-09-29,77.035995
1970-09-30,72.924995
1970-10-01,90.432106
1970-10-02,81.6475
1970-10-03,81.9205
1970-10-04,81.934494
1970-10-05,89.655
1970-10-06,83.249
1970-10-07,78.985
1970-10-08,84.533
1970-10-09,84.1035
1970-10-10,87.6715
1970-10-11,88.481766
1970-10-12,90.211426
1970-10-13,92.42833
1970-10-14,89.0905
1970-10-15,72.9225
1970-10-16,79.142
1970-10-17,78.8555
1970-10-18,82.222
1970-10-19,81.932
1970-10-20,85.232
1970-10-21,86.7035
1970-10-22,83.943
1970-10-23,84.047
1970-10-24,77.398
1970-10-25,81.4305
1970-10-26,78.535995
1970-10-27,81.942
1970-10-28,83.6805
1970-10-29,83.4115
1970-10-30,85.497
1970-10-31,73.0325
1970-11-01,74.8575
1970-11-02,76.1195
1970-11-03,74.27
1970-11-04,64.819
1970-11-05,77.1615
1970-11-06,74.6705
1970-11-07,80.472
1970-11-08,89.47211
1970-11-09,85.291
1970-11-10,72.2135
1970-11-11,73.767
1970-11-12,72.794
1970-11-13,74.9255
1970-11-14,73.5205
1970-11-15,83.554
1970-11-16,82.9525
1970-11-17,79.0205
1970-11-18,81.253
1970-11-19,76.514
1970-11-20,89.5875
1970-11-21,90.4915
1970-11-22,90.32316
1970-11-23,77.9955
1970-11-24,84.829445
1970-11-25,89.13467
1970-11-26,92.33143
1970-11-27,92.76182
1970-11-28,91.278885
1970-11-29,91.914444
1970-11-30,89.6205
1970-12-01,89.39533
1970-12-02,83.3555
1970-12-03,87.8655
1970-12-04,62.488
1970-12-05,85.367
1970-12-06,83.22
1970-12-07,91.8325
1970-12-08,89.888664
1970-12-09,88.22444
1970-12-10,90.459335
1970-12-11,92.66875
1970-12-12,93.09286
1970-12-13,92.85
1970-12-14,92.16
1970-12-15,91.027695
1970-12-16,87.49947
1970-12-17,87.897
1970-12-18,89.0685
1970-12-19,92.062004
1970-12-20,90.56062
1970-12-21,93.199165
1970-12-22,85.0125
1970-12-23,86.86842
1970-12-24,88.85579
1970-12-25,90.7775
1970-12-26,86.402
1970-12-27,92.87308
1970-12-28,90.540665
1970-12-29,92.218666
1970-12-30,89.72278
1970-12-31,89.928825
1971-01-01,74.4745
1971-01-02,83.833496
1971-01-03,81.304
1971-01-04,82.1385
1971-01-05,87.455
1971-01-06,79.3395
1971-01-07,82.717
1971-01-08,90.4175
1971-01-09,91.13923
1971-01-10,86.325294
1971-01-11,83.36412
1971-01-12,83.79316
1971-01-13,85.89474
1971-01-14,86.1845
1971-01-15,91.70333
1971-01-16,90.58462
1971-01-17,92.968
1971-01-18,92.92222
1971-01-19,92.9
1971-01-20,91.575386
1971-01-21,90.227776
1971-01-22,83.561
1971-01-23,88.76632
1971-01-24,86.009
1971-01-25,85.4855
1971-01-26,82.4905
1971-01-27,88.18444
1971-01-28,81.097496
1971-01-29,79.1765
1971-01-30,87.10222
1971-01-31,84.58842
1971-02-01,83.4875
1971-02-02,71.913
1971-02-03,63.989998
1971-02-04,78.111496
1971-02-05,75.3805
1971-02-06,79.38
1971-02-07,82.140495
1971-02-08,73.529495
1971-02-09,77.417496
1971-02-10,84.196
1971-02-11,87.914734
1971-02-12,86.749
1971-02-13,70.4495
1971-02-14,74.298
1971-02-15,87.41333
1971-02-16,80.9095
1971-02-17,88.62706
1971-02-18,77.531494
1971-02-19,79.1995
1971-02-20,77.8955
1971-02-21,81.292
1971-02-22,83.171
1971-02-23,80.607
1971-02-24,69.788
1971-02-25,73.0475
1971-02-26,79.104996
1971-02-27,59.118
1971-02-28,71.5185
1971-03-01,74.459
1971-03-02,76.5
1971-03-03,81.140495
1971-03-04,69.9645
1971-03-05,67.989
1971-03-06,87.968
1971-03-07,87.298
1971-03-08,79.881996
1971-03-09,87.5505
1971-03-10,77.268
1971-03-11,62.898
1971-03-12,53.302498
1971-03-13,67.458496
1971-03-14,72.1495
1971-03-15,82.52
1971-03-16,86.361
1971-03-17,85.2755
1971-03-18,78.4365
1971-03-19,62.977497
1971-03-20,67.6225
1971-03-21,59.915
1971-03-22,87.41368
1971-03-23,74.504
1971-03-24,66.3815
1971-03-25,70.5565
1971-03-26,91.162
1971-03-27,84.209
1971-03-28,75.197
1971-03-29,77.8605
1971-03-30,89.5185
1971-03-31,91.72
1971-04-01,85.173996
1971-04-02,87.053154
1971-04-03,86.2815
1971-04-04,77.753
1971-04-05,82.662
1971-04-06,77.371994
1971-04-07,73.4105
1971-04-08,68.353
1971-04-09,66.3355
1971-04-10,67.7695
1971-04-11,63.9525
1971-04-12,63.003
1971-04-13,67.2725
1971-04-14,61.095
1971-04-15,58.508
1971-04-16,61.205498
1971-04-17,64.8135
1971-04-18,64.5075
1971-04-19,63.3155
1971-04-20,58.694
1971-04-21,65.1155
1971-04-22,60.1045
1971-04-23,58.438
1971-04-24,69.4945
1971-04-25,69.956
1971-04-26,84.712
1971-04-27,64.985
1971-04-28,80.2035
1971-04-29,69.111496
1971-04-30,76.868
1971-05-01,89.86647
1971-05-02,90.46667
1971-05-03,87.495
1971-05-04,83.0975
1971-05-05,85.2275
1971-05-06,79.5885
1971-05-07,77.9145
1971-05-08,75.7005
1971-05-09,65.906
1971-05-10,67.4605
1971-05-11,65.2985
1971-05-12,63.958
1971-05-13,57.5165
1971-05-14,54.267
1971-05-15,61.287
1971-05-16,61.024998
1971-05-17,64.8165
1971-05-18,57.854
1971-05-19,66.274
1971-05-20,57.79
1971-05-21,57.893997
1971-05-22,59.985
1971-05-23,73.8885
1971-05-24,66.8145
1971-05-25,62.056
1971-05-26,55.2235
1971-05-27,65.682
1971-05-28,74.211
1971-05-29,66.1895
1971-05-30,76.956
1971-05-31,87.802635
1971-06-01,83.6575
1971-06-02,79.58
1971-06-03,76.4845
1971-06-04,70.8265
1971-06-05,67.9225
1971-06-06,61.8705
1971-06-07,65.0055
1971-06-08,80.619995
1971-06-09,77.1035
1971-06-10,70.0175
1971-06-11,67.7405
1971-06-12,77.173996
1971-06-13,64.791
1971-06-14,67.4785
1971-06-15,61.387497
1971-06-16,64.4015
1971-06-17,64.509
1971-06-18,74.4295
1971-06-19,69.905
1971-06-20,69.072
1971-06-21,68.902
1971-06-22,71.7055
1971-06-23,57.927498
1971-06-24,63.8775
1971-06-25,82.029495
1971-06-26,82.429
1971-06-27,77.053
1971-06-28,66.8945
1971-06-29,73.7105
1971-06-30,71.529
1971-07-01,69.221
1971-07-02,64.055
1971-07-03,70.4955
1971-07-04,69.029495
1971-07-05,66.5365
1971-07-06,69.393
1971-07-07,58.545
1971-07-08,52.6025
1971-07-09,59.811
1971-07-10,61.4155
1971-07-11,60.993
1971-07-12,60.968998
1971-07-13,76.1365
1971-07-14,69.000496
1971-07-15,70.248
1971-07-16,65.5755
1971-07-17,73.916
1971-07-18,83.048
1971-07-19,71.332
1971-07-20,59.046497
1971-07-21,57.48
1971-07-22,64.3835
1971-07-23,64.2465
1971-07-24,60.413
1971-07-25,62.1285
1971-07-26,57.617996
1971-07-27,63.3475
1971-07-28,63.925
1971-07-29,80.3235
1971-07-30,79.519
1971-07-31,83.157
1971-08-01,82.2525
1971-08-02,74.354996
1971-08-03,68.7435
1971-08-04,66.483
1971-08-05,72.233
1971-08-06,68.6525
1971-08-07,63.406
1971-08-08,68.8915
1971-08-09,68.988495
1971-08-10,63.702
1971-08-11,62.6665
1971-08-12,81.7345
1971-08-13,69.322
1971-08-14,68.463
1971-08-15,68.631996
1971-08-16,69.981
1971-08-17,65.4255
1971-08-18,70.1335
1971-08-19,67.6335
1971-08-20,65.361
1971-08-21,61.4445
1971-08-22,75.2935
1971-08-23,73.06
1971-08-24,79.413
1971-08-25,75.885
1971-08-26,72.8875
1971-08-27,85.117
1971-08-28,69.125
1971-08-29,69.678
1971-08-30,71.112495
1971-08-31,87.50579
1971-09-01,72.3585
1971-09-02,75.562
1971-09-03,71.9075
1971-09-04,72.0465
1971-09-05,73.031
1971-09-06,67.812996
1971-09-07,64.104
1971-09-08,66.64
1971-09-09,70.349
1971-09-10,67.5945
1971-09-11,86.2535
1971-09-12,88.26526
1971-09-13,80.994995
1971-09-14,76.597
1971-09-15,85.683
1971-09-16,74.665
1971-09-17,73.2265
1971-09-18,69.565
1971-09-19,74.2315
1971-09-20,77.329
1971-09-21,77.1465
1971-09-22,73.5885
1971-09-23,68.3265
1971-09-24,77.018
1971-09-25,85.7995
1971-09-26,77.7885
1971-09-27,78.7035
1971-09-28,79.340996
1971-09-29,87.8635
1971-09-30,85.3
1971-10-01,83.688
1971-10-02,85.925
1971-10-03,86.0435
1971-10-04,80.306496
1971-10-05,71.089
1971-10-06,77.4785
1971-10-07,76.5085
1971-10-08,71.59
1971-10-09,77.0775
1971-10-10,74.659
1971-10-11,83.3825
1971-10-12,79.9455
1971-10-13,78.9815
1971-10-14,78.014
1971-10-15,83.834
1971-10-16,73.6795
1971-10-17,77.7425
1971-10-18,83.1025
1971-10-19,75.0265
1971-10-20,78.399
1971-10-21,73.0345
1971-10-22,67.19
1971-10-23,55.786
1971-10-24,72.2485
1971-10-25,71.590996
1971-10-26,74.518
1971-10-27,71.3
1971-10-28,77.4275
1971-10-29,74.288
1971-10-30,69.7945
1971-10-31,73.4825
1971-11-01,77.22
1971-11-02,89.804
1971-11-03,87.0265
1971-11-04,80.2615
1971-11-05,70.653
1971-11-06,75.1705
1971-11-07,79.962
1971-11-08,84.6815
1971-11-09,76.813995
1971-11-10,81.6155
1971-11-11,92.32125
1971-11-12,89.55118
1971-11-13,85.1885
1971-11-14,88.731
1971-11-15,79.5745
1971-11-16,79.3445
1971-11-17,81.204735
1971-11-18,79.425
1971-11-19,82.2395
1971-11-20,74.382996
1971-11-21,63.2645
1971-11-22,88.348946
1971-11-23,90.175385
1971-11-24,86.9105
1971-11-25,88.64737
1971-11-26,86.75
1971-11-27,83.69118
1971-11-28,90.62813
1971-11-29,93.04714
1971-11-30,91.74625
1971-12-01,94.20571
1971-12-02,93.024
1971-12-03,91.62769
1971-12-04,90.84923
1971-12-05,88.487
1971-12-06,90.041115
1971-12-07,88.778336
1971-12-08,81.1765
1971-12-09,65.135
1971-12-10,77.8665
1971-12-11,80.7005
1971-12-12,70.14
1971-12-13,77.738
1971-12-14,84.7735
1971-12-15,81.301056
1971-12-16,81.3705
1971-12-17,88.00235
1971-12-18,89.113075
1971-12-19,91.64
1971-12-20,92.980835
1971-12-21,90.56143
1971-12-22,85.3025
1971-12-23,85.209
1971-12-24,86.6105
1971-12-25,88.271576
1971-12-26,93.263336
1971-12-27,92.42
1971-12-28,93.24
1971-12-29,94.16
1971-12-30,91.19222
1971-12-31,90.92
1972-01-01,92.136665
1972-01-02,92.375
1972-01-03,91.352
1972-01-04,92.118004
1972-01-05,92.10333
1972-01-06,94.475
1972-01-07,93.715
1972-01-08,92.84308
1972-01-09,93.047
1972-01-10,91.036
1972-01-11,89.86667
1972-01-12,85.541
1972-01-13,78.4715
1972-01-14,78.737
1972-01-15,75.7845
1972-01-16,77.9875
1972-01-17,81.0675
1972-01-18,81.1035
1972-01-19,82.9295
1972-01-20,87.6621
1972-01-21,86.81
1972-01-22,78.951
1972-01-23,85.7555
1972-01-24,83.093
1972-01-25,87.692
1972-01-26,87.07
1972-01-27,83.3785
1972-01-28,91.14778
1972-01-29,92.814445
1972-01-30,91.68158
1972-01-31,93.94
1972-02-01,93.3025
1972-02-02,89.57111
1972-02-03,83.811
1972-02-04,79.8315
1972-02-05,81.5075
1972-02-06,86.0045
1972-02-07,86.84722
1972-02-08,88.29316
1972-02-09,89.435295
1972-02-10,91.91545
1972-02-11,87.36722
1972-02-12,89.067894
1972-02-13,87.657776
1972-02-14,83.1765
1972-02-15,76.3745
1972-02-16,80.4305
1972-02-17,81.326996
1972-02-18,80.461
1972-02-19,87.65211
1972-02-20,83.62889
1972-02-21,90.027504
1972-02-22,92.098
1972-02-23,92.044
1972-02-24,88.305
1972-02-25,90.99375
1972-02-26,89.1635
1972-02-27,90.346664
1972-02-28,88.71777
1972-02-29,91.3425
1972-03-01,89.92734
1972-03-02,89.187
1972-03-03,89.72417
1972-03-04,87.92944
1972-03-05,86.413155
1972-03-06,89.7595
1972-03-07,81.6585
1972-03-08,71.264496
1972-03-09,81.0665
1972-03-10,81.839
1972-03-11,82.515
1972-03-12,85.4775
1972-03-13,67.815
1972-03-14,67.1065
1972-03-15,68.743996
1972-03-16,69.457
1972-03-17,63.1335
1972-03-18,66.249
1972-03-19,61.42
1972-03-20,67.6475
1972-03-21,65.3255
1972-03-22,62.8825
1972-03-23,57.916
1972-03-24,57.2915
1972-03-25,59.9645
1972-03-26,58.101997
1972-03-27,75.4
1972-03-28,73.6175
1972-03-29,75.3735
1972-03-30,72.428
1972-03-31,61.538998
1972-04-01,72.169
1972-04-02,67.756
1972-04-03,71.634
1972-04-04,72.4305
1972-04-05,81.9305
1972-04-06,75.451996
1972-04-07,66.448
1972-04-08,63.851498
1972-04-09,72.906
1972-04-10,70.8875
1972-04-11,67.4715
1972-04-12,86.818
1972-04-13,91.38
1972-04-14,90.86632
1972-04-15,89.795
1972-04-16,88.7255
1972-04-17,86.3505
1972-04-18,87.115
1972-04-19,81.4795
1972-04-20,87.6615
1972-04-21,87.363686
1972-04-22,81.256
1972-04-23,80.742
1972-04-24,80.6375
1972-04-25,75.9665
1972-04-26,68.056496
1972-04-27,73.859
1972-04-28,72.7395
1972-04-29,63.3695
1972-04-30,67.223
1972-05-01,65.1495
1972-05-02,69.8595
1972-05-03,89.67167
1972-05-04,83.5625
1972-05-05,84.687
1972-05-06,81.7025
1972-05-07,82.9395
1972-05-08,82.2605
1972-05-09,81.6075
1972-05-10,76.2015
1972-05-11,87.029
1972-05-12,69.963
1972-05-13,90.82889
1972-05-14,87.3765
1972-05-15,83.625
1972-05-16,88.854004
1972-05-17,70.0925
1972-05-18,77.178
1972-05-19,84.013504
1972-05-20,79.164
1972-05-21,79.031
1972-05-22,78.9345
1972-05-23,72.6505
1972-05-24,71.262
1972-05-25,70.099
1972-05-26,67.695
1972-05-27,80.766
1972-05-28,80.0815
1972-05-29,69.8285
1972-05-30,67.188995
1972-05-31,85.2055
1972-06-01,86.39222
1972-06-02,87.151054
1972-06-03,77.363495
1972-06-04,78.5725
1972-06-05,77.1575
1972-06-06,73.2005
1972-06-07,71.073
1972-06-08,69.4745
1972-06-09,75.142
1972-06-10,77.705
1972-06-11,68.1465
1972-06-12,66.979
1972-06-13,74.656
1972-06-14,74.831
1972-06-15,65.698
1972-06-16,67.6175
1972-06-17,72.964
1972-06-18,77.932495
1972-06-19,73.041
1972-06-20,60.6185
1972-06-21,67.7075
1972-06-22,67.109
1972-06-23,74.722
1972-06-24,82.085
1972-06-25,69.555
1972-06-26,73.8965
1972-06-27,76.18
1972-06-28,75.2125
1972-06-29,76.229996
1972-06-30,85.6915
1972-07-01,67.479
1972-07-02,64.6475
1972-07-03,67.394
1972-07-04,74.267
1972-07-05,70.2755
1972-07-06,73.126495
1972-07-07,81.1345
1972-07-08,70.901
1972-07-09,70.4205
1972-07-10,71.4
1972-07-11,86.224
1972-07-12,88.46474
1972-07-13,92.31273
1972-07-14,91.32105
1972-07-15,89.9435
1972-07-16,73.928
1972-07-17,74.074
1972-07-18,80.2555
1972-07-19,78.451996
1972-07-20,84.0485
1972-07-21,80.1445
1972-07-22,83.088
1972-07-23,85.2305
1972-07-24,79.615
1972-07-25,84.907
1972-07-26,90.37
1972-07-27,80.25
1972-07-28,86.4775
1972-07-29,89.682106
1972-07-30,75.485
1972-07-31,86.329475
1972-08-01,86.905
1972-08-02,81.134
1972-08-03,91.29588
1972-08-04,82.5775
1972-08-05,77.413
1972-08-06,73.0735
1972-08-07,78.3125
1972-08-08,81.385
1972-08-09,77.366
1972-08-10,81.9015
1972-08-11,83.0195
1972-08-12,78.985
1972-08-13,79.975
1972-08-14,83.0445
1972-08-15,75.050995
1972-08-16,74.211494
1972-08-17,86.4735
1972-08-18,81.4435
1972-08-19,88.2625
1972-08-20,84.605
1972-08-21,85.90632
1972-08-22,84.1405
1972-08-23,78.7425
1972-08-24,81.187996
1972-08-25,79.388
1972-08-26,81.13
1972-08-27,80.6905
1972-08-28,86.2505
1972-08-29,90.7905
1972-08-30,87.2145
1972-08-31,77.169
1972-09-01,78.6315
1972-09-02,75.9965
1972-09-03,83.8555
1972-09-04,81.002
1972-09-05,83.3555
1972-09-06,82.068
1972-09-07,79.9555
1972-09-08,83.4295
1972-09-09,92.28333
1972-09-10,87.341576
1972-09-11,84.3735
1972-09-12,81.733
1972-09-13,80.264
1972-09-14,81.059
1972-09-15,84.754
1972-09-16,90.46824
1972-09-17,87.951004
1972-09-18,90.8135
1972-09-19,89.63177
1972-09-20,88.683
1972-09-21,87.596
1972-09-22,84.067
1972-09-23,83.0645
1972-09-24,82.54
1972-09-25,83.250496
1972-09-26,81.466
1972-09-27,84.973
1972-09-28,81.325
1972-09-29,82.778
1972-09-30,82.1975
1972-10-01,85.4015
1972-10-02,86.744
1972-10-03,83.934
1972-10-04,77.647
1972-10-05,82.3835
1972-10-06,83.7815
1972-10-07,88.214
1972-10-08,91.968666
1972-10-09,90.50588
1972-10-10,87.523155
1972-10-11,85.7595
1972-10-12,83.011
1972-10-13,81.6775
1972-10-14,72.8245
1972-10-15,70.7605
1972-10-16,72.734
1972-10-17,80.013
1972-10-18,74.765
1972-10-19,64.140495
1972-10-20,72.88
1972-10-21,78.562
1972-10-22,66.7515
1972-10-23,79.449
1972-10-24,76.152
1972-10-25,80.576
1972-10-26,82.93
1972-10-27,74.431496
1972-10-28,79.498
1972-10-29,79.5905
1972-10-30,81.0545
1972-10-31,83.833
1972-11-01,89.65278
1972-11-02,84.5395
1972-11-03,84.9265
1972-11-04,88.32
1972-11-05,83.7765
1972-11-06,77.030495
1972-11-07,85.6615
1972-11-08,89.89278
1972-11-09,86.2995
1972-11-10,93.26083
1972-11-11,84.835
1972-11-12,76.1625
1972-11-13,81.1595
1972-11-14,90.89412
1972-11-15,88.59118
1972-11-16,79.465
1972-11-17,76.75
1972-11-18,85.2965
1972-11-19,84.249
1972-11-20,88.0835
1972-11-21,85.20895
1972-11-22,87.37945
1972-11-23,92.55461
1972-11-24,87.6535
1972-11-25,74.2875
1972-11-26,75.9475
1972-11-27,77.1985
1972-11-28,74.816
1972-11-29,76.632996
1972-11-30,84.53526
1972-12-01,91.77917
1972-12-02,91.38928
1972-12-03,88.98944
1972-12-04,87.67737
1972-12-05,91.07786
1972-12-06,86.7455
1972-12-07,90.29154
1972-12-08,91.245
1972-12-09,84.2445
1972-12-10,83.6
1972-12-11,91.266365
1972-12-12,91.55769
1972-12-13,88.26894
1972-12-14,86.8965
1972-12-15,85.8085
1972-12-16,86.9605
1972-12-17,87.11
1972-12-18,86.5485
1972-12-19,83.7305
1972-12-20,81.3405
1972-12-21,76.576
1972-12-22,84.6475
1972-12-23,84.412
1972-12-24,91.31824
1972-12-25,90.477646
1972-12-26,90.873634
1972-12-27,90.59706
1972-12-28,80.3565
1972-12-29,74.408
1972-12-30,72.861
1972-12-31,73.5335
1973-01-01,72.2175
1973-01-02,70.9785
1973-01-03,82.766
1973-01-04,89.170586
1973-01-05,87.53158
1973-01-06,86.22
1973-01-07,90.77611
1973-01-08,94.455
1973-01-09,91.20529
1973-01-10,89.99588
1973-01-11,82.49737
1973-01-12,86.6565
1973-01-13,85.1005
1973-01-14,81.366
1973-01-15,89.2115
1973-01-16,91.22059
1973-01-17,86.7415
1973-01-18,91.670715
1973-01-19,93.98273
1973-01-20,94.0925
1973-01-21,93.98167
1973-01-22,92.1475
1973-01-23,92.68636
1973-01-24,91.47125
1973-01-25,89.143684
1973-01-26,83.623
1973-01-27,86.2205
1973-01-28,81.65
1973-01-29,75.784
1973-01-30,86.917
1973-01-31,88.517
1973-02-01,92.885
1973-02-02,90.94125
1973-02-03,88.0235
1973-02-04,87.95059
1973-02-05,86.106316
1973-02-06,83.877
1973-02-07,77.277
1973-02-08,81.197
1973-02-09,82.8305
1973-02-10,86.1975
1973-02-11,82.057
1973-02-12,69.160995
1973-02-13,65.9925
1973-02-14,83.337
1973-02-15,91.50647
1973-02-16,87.04842
1973-02-17,71.3165
1973-02-18,67.486496
1973-02-19,67.962
1973-02-20,77.084
1973-02-21,77.988495
1973-02-22,78.5335
1973-02-23,77.182
1973-02-24,71.0765
1973-02-25,71.7575
1973-02-26,73.2105
1973-02-27,68.649
1973-02-28,61.733997
1973-03-01,63.9165
1973-03-02,61.983997
1973-03-03,67.083496
1973-03-04,81.3805
1973-03-05,80.5135
1973-03-06,77.922
1973-03-07,85.329
1973-03-08,74.5385
1973-03-09,79.045
1973-03-10,74.817
1973-03-11,74.4495
1973-03-12,73.962
1973-03-13,76.906
1973-03-14,90.53445
1973-03-15,84.369
1973-03-16,82.7995
1973-03-17,64.544
1973-03-18,67.8135
1973-03-19,70.519
1973-03-20,60.999
1973-03-21,63.728
1973-03-22,66.6095
1973-03-23,65.739
1973-03-24,57.781
1973-03-25,57.695
1973-03-26,66.5525
1973-03-27,71.443
1973-03-28,60.8625
1973-03-29,59.139
1973-03-30,55.8425
1973-03-31,59.1255
1973-04-01,67.7675
1973-04-02,63.2995
1973-04-03,71.487
1973-04-04,63.315502
1973-04-05,51.7155
1973-04-06,60.552998
1973-04-07,69.617
1973-04-08,74.175995
1973-04-09,85.2335
1973-04-10,63.400997
1973-04-11,74.531
1973-04-12,80.762
1973-04-13,86.22842
1973-04-14,88.962776
1973-04-15,79.2535
1973-04-16,72.3955
1973-04-17,67.05
1973-04-18,82.8185
1973-04-19,80.6205
1973-04-20,87.878746
1973-04-21,83.6495
1973-04-22,73.25
1973-04-23,66.534
1973-04-24,86.341
1973-04-25,85.4665
1973-04-26,68.7135
1973-04-27,72.6305
1973-04-28,67.702
1973-04-29,71.798996
1973-04-30,67.969
1973-05-01,66.316
1973-05-02,65.584496
1973-05-03,65.694
1973-05-04,72.336
1973-05-05,66.338
1973-05-06,67.7565
1973-05-07,74.722
1973-05-08,73.917
1973-05-09,72.4955
1973-05-10,69.72
1973-05-11,70.2255
1973-05-12,75.8375
1973-05-13,68.0405
1973-05-14,63.6685
1973-05-15,77.888
1973-05-16,73.718
1973-05-17,72.58
1973-05-18,70.3325
1973-05-19,67.576996
1973-05-20,66.568
1973-05-21,64.973
1973-05-22,64.74
1973-05-23,76.731
1973-05-24,71.507
1973-05-25,76.158
1973-05-26,70.314
1973-05-27,64.073
1973-05-28,73.001495
1973-05-29,71.997
1973-05-30,71.4995
1973-05-31,74.117
1973-06-01,72.2355
1973-06-02,60.8415
1973-06-03,68.4705
1973-06-04,84.239
1973-06-05,72.3085
1973-06-06,87.7625
1973-06-07,84.0955
1973-06-08,76.041
1973-06-09,75.363495
1973-06-10,67.701
1973-06-11,74.6915
1973-06-12,66.641
1973-06-13,69.071
1973-06-14,75.2975
1973-06-15,58.18
1973-06-16,61.406998
1973-06-17,62.1125
1973-06-18,74.8855
1973-06-19,61.1585
1973-06-20,61.6465
1973-06-21,84.928
1973-06-22,90.27294
1973-06-23,84.0155
1973-06-24,89.22667
1973-06-25,84.216
1973-06-26,71.5515
1973-06-27,71.8225
1973-06-28,70.979996
1973-06-29,78.725
1973-06-30,76.8835
1973-07-01,76.9995
1973-07-02,72.5265
1973-07-03,68.988495
1973-07-04,68.138
1973-07-05,77.175
1973-07-06,72.76
1973-07-07,76.39
1973-07-08,70.3835
1973-07-09,70.6735
1973-07-10,67.395996
1973-07-11,58.2715
1973-07-12,70.5655
1973-07-13,79.834
1973-07-14,71.4405
1973-07-15,66.2295
1973-07-16,64.164
1973-07-17,56.232
1973-07-18,71.752
1973-07-19,71.3825
1973-07-20,69.941
1973-07-21,67.995
1973-07-22,85.349
1973-07-23,73.588
1973-07-24,87.56526
1973-07-25,74.125496
1973-07-26,72.2275
1973-07-27,68.3005
1973-07-28,69.3445
1973-07-29,71.8315
1973-07-30,75.851
1973-07-31,71.275
1973-08-01,70.49
1973-08-02,71.474495
1973-08-03,81.3635
1973-08-04,79.645996
1973-08-05,73.509
1973-08-06,72.304
1973-08-07,72.2335
1973-08-08,70.001495
1973-08-09,62.124
1973-08-10,66.325
1973-08-11,65.3725
1973-08-12,71.578
1973-08-13,66.2305
1973-08-14,60.617
1973-08-15,66.2115
1973-08-16,69.1355
1973-08-17,67.9925
1973-08-18,63.1835
1973-08-19,64.7735
1973-08-20,74.3845
1973-08-21,74.923
1973-08-22,72.7425
1973-08-23,66.8795
1973-08-24,71.848495
1973-08-25,71.8025
1973-08-26,69.979
1973-08-27,74.0285
1973-08-28,85.58
1973-08-29,93.506
1973-08-30,85.573685
1973-08-31,79.4305
1973-09-01,70.0125
1973-09-02,75.9625
1973-09-03,73.2205
1973-09-04,71.404495
1973-09-05,69.774
1973-09-06,68.157
1973-09-07,69.108
1973-09-08,69.198
1973-09-09,72.4755
1973-09-10,83.7615
1973-09-11,63.1385
1973-09-12,70.308
1973-09-13,71.8805
1973-09-14,68.0125
1973-09-15,76.642494
1973-09-16,78.053
1973-09-17,82.6615
1973-09-18,70.501495
1973-09-19,88.97421
1973-09-20,85.464
1973-09-21,71.9795
1973-09-22,87.883156
1973-09-23,82.7385
1973-09-24,91.75562
1973-09-25,90.0915
1973-09-26,86.5245
1973-09-27,89.67117
1973-09-28,86.3005
1973-09-29,81.542496
1973-09-30,86.569
1973-10-01,89.245
1973-10-02,88.309
1973-10-03,85.210495
1973-10-04,83.3845
1973-10-05,81.624
1973-10-06,80.954
1973-10-07,80.08
1973-10-08,82.254
1973-10-09,81.2635
1973-10-10,80.3505
1973-10-11,79.298996
1973-10-12,84.388
1973-10-13,81.167
1973-10-14,80.9435
1973-10-15,79.556496
1973-10-16,85.76474
1973-10-17,75.445
1973-10-18,84.1685
1973-10-19,72.921
1973-10-20,76.464
1973-10-21,85.0435
1973-10-22,75.864
1973-10-23,81.823
1973-10-24,76.1045
1973-10-25,77.2155
1973-10-26,79.3165
1973-10-27,79.9975
1973-10-28,79.7185
1973-10-29,81.1925
1973-10-30,83.2775
1973-10-31,69.1155
1973-11-01,76.5495
1973-11-02,73.867
1973-11-03,70.828995
1973-11-04,67.2165
1973-11-05,71.988495
1973-11-06,84.2855
1973-11-07,85.508
1973-11-08,78.3855
1973-11-09,84.100525
1973-11-10,84.5475
1973-11-11,87.38294
1973-11-12,82.006
1973-11-13,81.599495
1973-11-14,87.37722
1973-11-15,90.49105
1973-11-16,78.7635
1973-11-17,75.1325
1973-11-18,77.9825
1973-11-19,80.1895
1973-11-20,68.543
1973-11-21,66.237
1973-11-22,79.6705
1973-11-23,81.546
1973-11-24,77.96
1973-11-25,77.8865
1973-11-26,89.17375
1973-11-27,85.090996
1973-11-28,82.658
1973-11-29,86.673
1973-11-30,67.937
1973-12-01,70.352
1973-12-02,72.2135
1973-12-03,74.934
1973-12-04,72.5665
1973-12-05,79.0335
1973-12-06,79.0065
1973-12-07,75.839
1973-12-08,84.213
1973-12-09,76.057
1973-12-10,74.5305
1973-12-11,74.3085
1973-12-12,84.7605
1973-12-13,84.50105
1973-12-14,69.402
1973-12-15,71.298
1973-12-16,64.921
1973-12-17,74.7895
1973-12-18,84.3185
1973-12-19,89.37158
1973-12-20,80.80368
1973-12-21,77.6395
1973-12-22,83.5025
1973-12-23,83.955
1973-12-24,81.4475
1973-12-25,80.6545
1973-12-26,84.194496
1973-12-27,85.335266
1973-12-28,90.31555
1973-12-29,89.679
1973-12-30,87.76278
1973-12-31,90.78647
1974-01-01,91.73923
1974-01-02,92.23
1974-01-03,91.292305
1974-01-04,92.58417
1974-01-05,93.26444
1974-01-06,91.08
1974-01-07,92.68846
1974-01-08,92.45133
1974-01-09,91.55937
1974-01-10,87.73
1974-01-11,89.00389
1974-01-12,89.88937
1974-01-13,92.721664
1974-01-14,87.1565
1974-01-15,87.6545
1974-01-16,90.85667
1974-01-17,88.31947
1974-01-18,80.962
1974-01-19,88.64
1974-01-20,68.027
1974-01-21,80.1975
1974-01-22,89.10389
1974-01-23,87.573
1974-01-24,88.52105
1974-01-25,88.019
1974-01-26,88.4955
1974-01-27,92.734665
1974-01-28,90.16579
1974-01-29,92.46643
1974-01-30,91.141
1974-01-31,87.2635
1974-02-01,85.75412
1974-02-02,88.67765
1974-02-03,82.3505
1974-02-04,90.434616
1974-02-05,87.4
1974-02-06,80.7395
1974-02-07,79.413
1974-02-08,72.201996
1974-02-09,72.136
1974-02-10,70.6165
1974-02-11,72.8555
1974-02-12,74.1015
1974-02-13,81.1255
1974-02-14,90.20875
1974-02-15,90.28778
1974-02-16,88.415886
1974-02-17,82.064
1974-02-18,87.941
1974-02-19,84.173
1974-02-20,88.53684
1974-02-21,83.1825
1974-02-22,79.9525
1974-02-23,88.576004
1974-02-24,76.961
1974-02-25,79.1515
1974-02-26,76.500496
1974-02-27,77.8865
1974-02-28,68.1665
1974-03-01,63.839497
1974-03-02,75.1765
1974-03-03,75.284
1974-03-04,79.134
1974-03-05,86.85
1974-03-06,85.56158
1974-03-07,78.706
1974-03-08,82.57
1974-03-09,85.26778
1974-03-10,87.376
1974-03-11,85.851
1974-03-12,76.541
1974-03-13,70.3035
1974-03-14,69.681
1974-03-15,69.982
1974-03-16,62.145
1974-03-17,68.825
1974-03-18,64.9985
1974-03-19,64.8235
1974-03-20,65.963
1974-03-21,61.3605
1974-03-22,60.118
1974-03-23,65.4635
1974-03-24,67.528496
1974-03-25,74.9995
1974-03-26,69.57
1974-03-27,70.2825
1974-03-28,65.727
1974-03-29,63.026497
1974-03-30,61.526
1974-03-31,60.353
1974-04-01,78.194
1974-04-02,66.7255
1974-04-03,59.764
1974-04-04,58.9965
1974-04-05,53.200996
1974-04-06,61.3265
1974-04-07,59.871
1974-04-08,56.9085
1974-04-09,59.1115
1974-04-10,59.0095
1974-04-11,63.036
1974-04-12,72.5795
1974-04-13,68.274
1974-04-14,57.4495
1974-04-15,46.732
1974-04-16,60.156998
1974-04-17,62.101997
1974-04-18,58.953
1974-04-19,52.7085
1974-04-20,54.586
1974-04-21,77.869995
1974-04-22,72.249
1974-04-23,57.954998
1974-04-24,63.34
1974-04-25,85.663155
1974-04-26,89.70846
1974-04-27,76.5395
1974-04-28,76.821
1974-04-29,74.9135
1974-04-30,72.6455
1974-05-01,87.97
1974-05-02,78.986
1974-05-03,75.223495
1974-05-04,83.614
1974-05-05,87.79474
1974-05-06,84.5655
1974-05-07,77.4515
1974-05-08,70.9875
1974-05-09,61.604
1974-05-10,65.9235
1974-05-11,67.455
1974-05-12,79.8295
1974-05-13,78.597
1974-05-14,78.645
1974-05-15,81.777
1974-05-16,80.2045
1974-05-17,82.951996
1974-05-18,77.111496
1974-05-19,67.7255
1974-05-20,65.423996
1974-05-21,73.0595
1974-05-22,76.412
1974-05-23,70.663
1974-05-24,76.933495
1974-05-25,84.126495
1974-05-26,64.386
1974-05-27,63.584
1974-05-28,64.2535
1974-05-29,75.085
1974-05-30,71.127495
1974-05-31,64.778496
1974-06-01,83.7315
1974-06-02,71.918
1974-06-03,68.0895
1974-06-04,75.1015
1974-06-05,71.375
1974-06-06,81.909996
1974-06-07,82.6715
1974-06-08,67.172
1974-06-09,77.1215
1974-06-10,88.8485
1974-06-11,80.233
1974-06-12,68.550995
1974-06-13,85.29421
1974-06-14,85.251
1974-06-15,76.874
1974-06-16,78.178
1974-06-17,79.3315
1974-06-18,76.911
1974-06-19,77.2945
1974-06-20,72.6915
1974-06-21,78.0885
1974-06-22,84.0585
1974-06-23,71.072495
1974-06-24,83.235
1974-06-25,76.9255
1974-06-26,70.0525
1974-06-27,65.8575
1974-06-28,70.103
1974-06-29,84.6665
1974-06-30,74.221
1974-07-01,73.538
1974-07-02,68.3725
1974-07-03,68.8995
1974-07-04,63.697998
1974-07-05,70.226
1974-07-06,70.949
1974-07-07,74.83
1974-07-08,64.6045
1974-07-09,81.324
1974-07-10,69.4485
1974-07-11,80.863
1974-07-12,80.2005
1974-07-13,73.028496
1974-07-14,58.453
1974-07-15,78.22
1974-07-16,75.124
1974-07-17,69.155495
1974-07-18,90.26842
1974-07-19,74.653
1974-07-20,71.876
1974-07-21,75.433
1974-07-22,70.307
1974-07-23,74.8715
1974-07-24,64.9365
1974-07-25,87.535
1974-07-26,70.2835
1974-07-27,65.936
1974-07-28,70.8215
1974-07-29,67.626495
1974-07-30,67.6665
1974-07-31,66.5475
1974-08-01,73.4815
1974-08-02,74.044
1974-08-03,76.678
1974-08-04,70.0655
1974-08-05,66.507996
1974-08-06,78.15
1974-08-07,72.5465
1974-08-08,65.489
1974-08-09,79.3575
1974-08-10,69.227
1974-08-11,88.316
1974-08-12,76.093
1974-08-13,71.6635
1974-08-14,77.719
1974-08-15,73.456
1974-08-16,73.7355
1974-08-17,69.324
1974-08-18,72.598495
1974-08-19,73.1315
1974-08-20,79.4655
1974-08-21,80.4055
1974-08-22,88.076
1974-08-23,84.5895
1974-08-24,83.8005
1974-08-25,79.3845
1974-08-26,89.331
1974-08-27,87.573685
1974-08-28,87.658
1974-08-29,80.8015
1974-08-30,78.0755
1974-08-31,76.92
1974-09-01,84.5325
1974-09-02,86.3565
1974-09-03,78.905
1974-09-04,85.8285
1974-09-05,77.336
1974-09-06,79.423996
1974-09-07,81.3975
1974-09-08,76.473
1974-09-09,82.492
1974-09-10,81.599
1974-09-11,78.918
1974-09-12,80.778
1974-09-13,81.4925
1974-09-14,82.235
1974-09-15,80.2415
1974-09-16,76.068
1974-09-17,78.458496
1974-09-18,81.374
1974-09-19,85.3955
1974-09-20,86.1065
1974-09-21,87.25842
1974-09-22,89.1335
1974-09-23,87.9225
1974-09-24,88.063995
1974-09-25,92.73
1974-09-26,85.87211
1974-09-27,75.7975
1974-09-28,79.4695
1974-09-29,87.15
1974-09-30,93.579285
1974-10-01,92.88643
1974-10-02,90.74
1974-10-03,83.0105
1974-10-04,88.5745
1974-10-05,92.881874
1974-10-06,90.32056
1974-10-07,86.140495
1974-10-08,92.2825
1974-10-09,91.23385
1974-10-10,83.2915
1974-10-11,89.454
1974-10-12,91.312355
1974-10-13,89.4565
1974-10-14,89.03895
1974-10-15,90.429474
1974-10-16,92.04625
1974-10-17,83.21
1974-10-18,83.694
1974-10-19,81.223
1974-10-20,90.2725
1974-10-21,90.281876
1974-10-22,79.988
1974-10-23,81.4825
1974-10-24,86.13526
1974-10-25,81.941
1974-10-26,88.967224
1974-10-27,83.7425
1974-10-28,90.02684
1974-10-29,87.604
1974-10-30,86.5565
1974-10-31,86.556496
1974-11-01,75.5505
1974-11-02,70.168495
1974-11-03,74.507996
1974-11-04,82.0185
1974-11-05,91.03236
1974-11-06,91.30273
1974-11-07,86.82938
1974-11-08,79.0285
1974-11-09,86.768
1974-11-10,85.254
1974-11-11,86.12105
1974-11-12,88.20158
1974-11-13,85.346
1974-11-14,81.016
1974-11-15,80.507996
1974-11-16,75.5395
1974-11-17,81.684
1974-11-18,84.161575
1974-11-19,81.5275
1974-11-20,82.621
1974-11-21,90.75143
1974-11-22,90.37
1974-11-23,90.75272
1974-11-24,89.874
1974-11-25,90.14875
1974-11-26,80.5105
1974-11-27,80.7755
1974-11-28,83.3815
1974-11-29,84.3295
1974-11-30,81.5345
1974-12-01,84.406
1974-12-02,85.532
1974-12-03,85.1555
1974-12-04,89.702
1974-12-05,87.604
1974-12-06,87.70333
1974-12-07,90.37
1974-12-08,89.6285
1974-12-09,91.35928
1974-12-10,93.807144
1974-12-11,92.09636
1974-12-12,88.1795
1974-12-13,88.68895
1974-12-14,81.503
1974-12-15,84.2525
1974-12-16,87.1855
1974-12-17,86.092
1974-12-18,80.5255
1974-12-19,83.5225
1974-12-20,86.4875
1974-12-21,84.372
1974-12-22,88.71353
1974-12-23,91.38154
1974-12-24,92.582726
1974-12-25,92.36
1974-12-26,88.46222
1974-12-27,80.971
1974-12-28,82.598495
1974-12-29,75.79
1974-12-30,74.820496
1974-12-31,84.298996
1975-01-01,86.24895
1975-01-02,86.90948
1975-01-03,88.838
1975-01-04,89.997055
1975-01-05,82.303154
1975-01-06,76.421
1975-01-07,81.3835
1975-01-08,86.991
1975-01-09,75.9495
1975-01-10,83.087
1975-01-11,82.4065
1975-01-12,85.1575
1975-01-13,88.48369
1975-01-14,84.87947
1975-01-15,89.84118
1975-01-16,81.26527
1975-01-17,81.356316
1975-01-18,84.167
1975-01-19,77.784
1975-01-20,85.4195
1975-01-21,90.47647
1975-01-22,88.569496
1975-01-23,91.29
1975-01-24,87.277
1975-01-25,81.471
1975-01-26,75.763
1975-01-27,79.1165
1975-01-28,87.3165
1975-01-29,78.958
1975-01-30,82.58369
1975-01-31,89.277
1975-02-01,92.147
1975-02-02,88.06579
1975-02-03,87.92333
1975-02-04,80.403496
1975-02-05,85.757
1975-02-06,86.272224
1975-02-07,80.321
1975-02-08,72.673
1975-02-09,81.902
1975-02-10,77.6105
1975-02-11,82.075
1975-02-12,84.33211
1975-02-13,89.52579
1975-02-14,83.00158
1975-02-15,81.242
1975-02-16,72.0045
1975-02-17,69.506
1975-02-18,72.488
1975-02-19,76.775
1975-02-20,80.583496
1975-02-21,78.887
1975-02-22,76.2185
1975-02-23,72.622
1975-02-24,75.465996
1975-02-25,72.105995
1975-02-26,61.012
1975-02-27,64.196495
1975-02-28,71.6135
1975-03-01,62.454998
1975-03-02,72.4
1975-03-03,67.417496
1975-03-04,70.46
1975-03-05,75.751
1975-03-06,71.600494
1975-03-07,76.333496
1975-03-08,69.261
1975-03-09,68.986
1975-03-10,70.6605
1975-03-11,72.208496
1975-03-12,84.734
1975-03-13,77.496
1975-03-14,92.08188
1975-03-15,87.911
1975-03-16,81.1595
1975-03-17,88.92526
1975-03-18,85.20105
1975-03-19,84.829475
1975-03-20,81.87
1975-03-21,65.2995
1975-03-22,62.795498
1975-03-23,87.8505
1975-03-24,78.599
1975-03-25,60.857998
1975-03-26,54.013
1975-03-27,67.8885
1975-03-28,65.7385
1975-03-29,80.944
1975-03-30,91.61077
1975-03-31,86.3445
1975-04-01,81.7495
1975-04-02,84.9225
1975-04-03,80.041
1975-04-04,68.088
1975-04-05,61.521
1975-04-06,58.384
1975-04-07,69.8495
1975-04-08,69.748
1975-04-09,69.6975
1975-04-10,88.758
1975-04-11,58.111
1975-04-12,68.903496
1975-04-13,69.1315
1975-04-14,72.9015
1975-04-15,72.901
1975-04-16,81.142
1975-04-17,71.577995
1975-04-18,71.2395
1975-04-19,64.5445
1975-04-20,61.218
1975-04-21,70.1875
1975-04-22,63.9215
1975-04-23,69.119995
1975-04-24,67.378494
1975-04-25,57.7015
1975-04-26,65.272995
1975-04-27,61.1745
1975-04-28,55.6815
1975-04-29,59.1815
1975-04-30,52.1245
1975-05-01,58.4935
1975-05-02,55.101997
1975-05-03,58.26
1975-05-04,67.9785
1975-05-05,72.145996
1975-05-06,76.462
1975-05-07,70.3745
1975-05-08,81.27737
1975-05-09,75.9245
1975-05-10,70.437
1975-05-11,61.934498
1975-05-12,66.819496
1975-05-13,67.264496
1975-05-14,71.0035
1975-05-15,75.78
1975-05-16,76.119
1975-05-17,67.94
1975-05-18,65.6335
1975-05-19,66.941
1975-05-20,69.577995
1975-05-21,70.1915
1975-05-22,75.626
1975-05-23,83.4295
1975-05-24,77.897995
1975-05-25,89.1585
1975-05-26,80.531
1975-05-27,84.682
1975-05-28,78.439
1975-05-29,66.337
1975-05-30,72.253
1975-05-31,75.381996
1975-06-01,83.277
1975-06-02,85.7625
1975-06-03,80.828
1975-06-04,69.6965
1975-06-05,73.9225
1975-06-06,60.5445
1975-06-07,67.826
1975-06-08,88.005
1975-06-09,84.227
1975-06-10,81.951996
1975-06-11,82.8955
1975-06-12,76.3855
1975-06-13,78.3915
1975-06-14,76.9625
1975-06-15,71.5585
1975-06-16,74.2695
1975-06-17,82.944
1975-06-18,84.39263
1975-06-19,77.266
1975-06-20,90.642105
1975-06-21,86.596
1975-06-22,84.1905
1975-06-23,83.395
1975-06-24,84.7965
1975-06-25,89.556
1975-06-26,79.6625
1975-06-27,70.8415
1975-06-28,81.6355
1975-06-29,72.548
1975-06-30,87.384
1975-07-01,92.03687
1975-07-02,85.012
1975-07-03,70.058
1975-07-04,74.3775
1975-07-05,83.2435
1975-07-06,78.231995
1975-07-07,72.6605
1975-07-08,74.5065
1975-07-09,73.9915
1975-07-10,79.2915
1975-07-11,80.881996
1975-07-12,87.0795
1975-07-13,80.2695
1975-07-14,75.847496
1975-07-15,76.4885
1975-07-16,76.9345
1975-07-17,78.6655
1975-07-18,80.0255
1975-07-19,80.3975
1975-07-20,71.6425
1975-07-21,79.54
1975-07-22,76.229
1975-07-23,72.673996
1975-07-24,72.705
1975-07-25,83.514496
1975-07-26,75.1305
1975-07-27,69.801
1975-07-28,74.963
1975-07-29,75.118996
1975-07-30,74.028496
1975-07-31,73.6585
1975-08-01,76.3465
1975-08-02,83.882996
1975-08-03,78.295
1975-08-04,79.549995
1975-08-05,82.7
1975-08-06,79.932495
1975-08-07,82.8125
1975-08-08,84.268
1975-08-09,80.085495
1975-08-10,76.373
1975-08-11,76.840996
1975-08-12,85.1005
1975-08-13,80.253
1975-08-14,73.5525
1975-08-15,77.511
1975-08-16,84.0315
1975-08-17,77.1965
1975-08-18,85.76
1975-08-19,77.6045
1975-08-20,72.879
1975-08-21,70.95
1975-08-22,73.489
1975-08-23,78.1045
1975-08-24,84.0515
1975-08-25,87.887
1975-08-26,83.9375
1975-08-27,79.749
1975-08-28,82.460495
1975-08-29,92.1895
1975-08-30,88.49263
1975-08-31,84.3245
1975-09-01,85.2015
1975-09-02,84.847496
1975-09-03,85.569
1975-09-04,86.944214
1975-09-05,85.33632
1975-09-06,85.9335
1975-09-07,89.68222
1975-09-08,80.927
1975-09-09,78.5555
1975-09-10,82.571
1975-09-11,77.555
1975-09-12,91.48588
1975-09-13,86.352
1975-09-14,83.056496
1975-09-15,80.2845
1975-09-16,85.979
1975-09-17,87.1405
1975-09-18,80.7675
1975-09-19,78.704
1975-09-20,79.716995
1975-09-21,80.792496
1975-09-22,82.8685
1975-09-23,85.4765
1975-09-24,83.6885
1975-09-25,84.6165
1975-09-26,76.853
1975-09-27,82.553
1975-09-28,83.3695
1975-09-29,83.8565
1975-09-30,85.0535
1975-10-01,81.767
1975-10-02,87.227
1975-10-03,81.763
1975-10-04,76.121
1975-10-05,74.31
1975-10-06,85.404
1975-10-07,81.3745
1975-10-08,67.408
1975-10-09,77.5365
1975-10-10,85.77333
1975-10-11,82.659
1975-10-12,85.8355
1975-10-13,92.648
1975-10-14,91.88533
1975-10-15,85.9835
1975-10-16,89.54474
1975-10-17,92.24
1975-10-18,90.57
1975-10-19,87.6475
1975-10-20,90.377
1975-10-21,87.740524
1975-10-22,87.219475
1975-10-23,89.852104
1975-10-24,86.17842
1975-10-25,85.6425
1975-10-26,85.263
1975-10-27,81.779
1975-10-28,83.088
1975-10-29,87.9245
1975-10-30,91.12111
1975-10-31,91.2975
1975-11-01,92.335
1975-11-02,92.92154
1975-11-03,92.3225
1975-11-04,90.663124
1975-11-05,90.08278
1975-11-06,85.959496
1975-11-07,90.37053
1975-11-08,81.555
1975-11-09,88.4075
1975-11-10,89.8175
1975-11-11,87.41579
1975-11-12,88.3635
1975-11-13,89.11632
1975-11-14,92.68285
1975-11-15,87.386314
1975-11-16,88.70944
1975-11-17,91.333336
1975-11-18,88.12111
1975-11-19,82.86
1975-11-20,89.09
1975-11-21,74.116
1975-11-22,69.3735
1975-11-23,71.946
1975-11-24,71.8215
1975-11-25,78.9975
1975-11-26,77.512
1975-11-27,78.6715
1975-11-28,83.437
1975-11-29,90.56105
1975-11-30,91.90867
1975-12-01,91.51417
1975-12-02,88.13375
1975-12-03,92.52077
1975-12-04,89.81333
1975-12-05,90.49529
1975-12-06,86.74526
1975-12-07,79.1065
1975-12-08,86.026
1975-12-09,82.4945
1975-12-10,86.406
1975-12-11,87.53059
1975-12-12,91.492355
1975-12-13,90.85421
1975-12-14,89.975624
1975-12-15,91.04471
1975-12-16,92.588
1975-12-17,91.722
1975-12-18,81.3145
1975-12-19,78.770996
1975-12-20,79.491
1975-12-21,85.935
1975-12-22,82.362
1975-12-23,86.444496
1975-12-24,88.4155
1975-12-25,90.43263
1975-12-26,84.771996
1975-12-27,88.9815
1975-12-28,88.00474
1975-12-29,91.675
1975-12-30,91.3
1975-12-31,94.39667
1976-01-01,92.195
1976-01-02,84.875
1976-01-03,79.6305
1976-01-04,66.1105
1976-01-05,74.9655
1976-01-06,85.4315
1976-01-07,83.857
1976-01-08,87.35
1976-01-09,90.204666
1976-01-10,93.04
1976-01-11,81.4525
1976-01-12,80.38
1976-01-13,73.893
1976-01-14,82.357
1976-01-15,76.385
1976-01-16,75.147
1976-01-17,83.62684
1976-01-18,81.9735
1976-01-19,80.153496
1976-01-20,77.506996
1976-01-21,80.356
1976-01-22,78.5135
1976-01-23,69.5755
1976-01-24,87.172226
1976-01-25,85.4
1976-01-26,84.224
1976-01-27,86.75842
1976-01-28,78.029
1976-01-29,76.473
1976-01-30,83.863
1976-01-31,88.348335
1976-02-01,88.6875
1976-02-02,89.76938
1976-02-03,85.723
1976-02-04,90.00667
1976-02-05,91.134705
1976-02-06,88.369995
1976-02-07,77.9125
1976-02-08,72.279495
1976-02-09,74.816
1976-02-10,82.875
1976-02-11,91.32867
1976-02-12,91.6025
1976-02-13,88.81647
1976-02-14,89.56167
1976-02-15,91.435715
1976-02-16,90.675
1976-02-17,89.326004
1976-02-18,83.159
1976-02-19,87.009
1976-02-20,87.5865
1976-02-21,89.24526
1976-02-22,85.0675
1976-02-23,88.667145
1976-02-24,92.2475
1976-02-25,86.79111
1976-02-26,77.9225
1976-02-27,79.4625
1976-02-28,78.0645
1976-02-29,79.2805
1976-03-01,72.254
1976-03-02,61.048
1976-03-03,67.1695
1976-03-04,63.5925
1976-03-05,67.697495
1976-03-06,74.556
1976-03-07,82.0565
1976-03-08,84.518
1976-03-09,91.20611
1976-03-10,72.460495
1976-03-11,73.0445
1976-03-12,68.356995
1976-03-13,74.962
1976-03-14,79.51
1976-03-15,85.33
1976-03-16,88.334
1976-03-17,78.612
1976-03-18,82.3665
1976-03-19,79.446
1976-03-20,61.824497
1976-03-21,65.2055
1976-03-22,62.525497
1976-03-23,84.445
1976-03-24,83.7665
1976-03-25,72.8565
1976-03-26,71.6965
1976-03-27,67.2825
1976-03-28,69.2315
1976-03-29,64.222
1976-03-30,57.059998
1976-03-31,62.0855
1976-04-01,56.052
1976-04-02,49.26
1976-04-03,50.7065
1976-04-04,52.1725
1976-04-05,60.114998
1976-04-06,51.23
1976-04-07,78.543
1976-04-08,66.428
1976-04-09,63.9535
1976-04-10,47.0025
1976-04-11,48.4715
1976-04-12,56.8455
1976-04-13,63.706
1976-04-14,63.197998
1976-04-15,64.3555
1976-04-16,74.9335
1976-04-17,70.376495
1976-04-18,67.0155
1976-04-19,60.0505
1976-04-20,61.9785
1976-04-21,52.9055
1976-04-22,68.101
1976-04-23,88.1895
1976-04-24,89.21389
1976-04-25,79.1195
1976-04-26,90.16
1976-04-27,66.142
1976-04-28,77.0885
1976-04-29,67.7995
1976-04-30,59.733498
1976-05-01,64.321
1976-05-02,78.8745
1976-05-03,76.127
1976-05-04,68.403
1976-05-05,66.520996
1976-05-06,65.4345
1976-05-07,63.3555
1976-05-08,57.384
1976-05-09,55.1435
1976-05-10,58.127
1976-05-11,61.838997
1976-05-12,71.695
1976-05-13,75.976
1976-05-14,77.9435
1976-05-15,66.5195
1976-05-16,60.1345
1976-05-17,65.209
1976-05-18,65.653
1976-05-19,65.6335
1976-05-20,72.819
1976-05-21,86.144
1976-05-22,76.459
1976-05-23,87.605
1976-05-24,83.1105
1976-05-25,79.0555
1976-05-26,73.0185
1976-05-27,84.074
1976-05-28,75.2095
1976-05-29,70.9255
1976-05-30,73.881996
1976-05-31,77.7755
1976-06-01,69.1335
1976-06-02,87.0625
1976-06-03,79.6605
1976-06-04,69.5865
1976-06-05,74.08
1976-06-06,63.961
1976-06-07,72.4985
1976-06-08,65.4795
1976-06-09,64.0115
1976-06-10,57.2505
1976-06-11,65.0665
1976-06-12,64.3245
1976-06-13,74.794
1976-06-14,73.086
1976-06-15,68.497
1976-06-16,84.1275
1976-06-17,73.5305
1976-06-18,61.7715
1976-06-19,61.345997
1976-06-20,59.5255
1976-06-21,63.9035
1976-06-22,70.054
1976-06-23,70.937
1976-06-24,61.4465
1976-06-25,57.9955
1976-06-26,66.7245
1976-06-27,68.2245
1976-06-28,67.9685
1976-06-29,65.2155
1976-06-30,56.579
1976-07-01,50.103
1976-07-02,52.783497
1976-07-03,55.002
1976-07-04,54.187
1976-07-05,58.3815
1976-07-06,53.732998
1976-07-07,57.0075
1976-07-08,60.066498
1976-07-09,62.269997
1976-07-10,66.055
1976-07-11,58.175
1976-07-12,62.6065
1976-07-13,65.0085
1976-07-14,71.2445
1976-07-15,67.5945
1976-07-16,60.5905
1976-07-17,60.6465
1976-07-18,55.7515
1976-07-19,50.629498
1976-07-20,63.566498
1976-07-21,70.819496
1976-07-22,79.866
1976-07-23,86.58632
1976-07-24,71.7335
1976-07-25,79.631996
1976-07-26,82.1855
1976-07-27,83.3135
1976-07-28,74.3105
1976-07-29,56.8825
1976-07-30,59.375
1976-07-31,68.168
1976-08-01,82.8985
1976-08-02,68.4665
1976-08-03,67.917496
1976-08-04,76.4855
1976-08-05,75.479996
1976-08-06,65.7455
1976-08-07,68.6095
1976-08-08,69.473
1976-08-09,70.437
1976-08-10,71.090996
1976-08-11,79.811
1976-08-12,80.838
1976-08-13,79.636
1976-08-14,78.393
1976-08-15,74.616
1976-08-16,83.9385
1976-08-17,86.0075
1976-08-18,72.050995
1976-08-19,71.819
1976-08-20,74.512
1976-08-21,81.2875
1976-08-22,83.485
1976-08-23,73.6715
1976-08-24,76.7425
1976-08-25,71.9465
1976-08-26,71.3315
1976-08-27,68.347496
1976-08-28,69.629
1976-08-29,68.531
1976-08-30,84.076
1976-08-31,80.6385
1976-09-01,87.15723
1976-09-02,81.6045
1976-09-03,89.08579
1976-09-04,89.87316
1976-09-05,78.672
1976-09-06,71.515
1976-09-07,77.451
1976-09-08,75.8225
1976-09-09,75.640495
1976-09-10,76.598
1976-09-11,86.3995
1976-09-12,79.264
1976-09-13,76.679
1976-09-14,80.9415
1976-09-15,90.01941
1976-09-16,89.60333
1976-09-17,80.688995
1976-09-18,84.8975
1976-09-19,76.1265
1976-09-20,84.967
1976-09-21,87.2015
1976-09-22,90.689445
1976-09-23,87.7345
1976-09-24,84.203
1976-09-25,82.7545
1976-09-26,83.002
1976-09-27,86.84579
1976-09-28,83.108
1976-09-29,76.345
1976-09-30,90.47722
1976-10-01,91.39267
1976-10-02,86.812
1976-10-03,78.465
1976-10-04,83.477
1976-10-05,87.532
1976-10-06,77.0815
1976-10-07,79.265
1976-10-08,83.2495
1976-10-09,82.3805
1976-10-10,83.534
1976-10-11,84.57105
1976-10-12,73.4895
1976-10-13,72.500496
1976-10-14,85.812996
1976-10-15,88.2935
1976-10-16,92.39769
1976-10-17,92.17
1976-10-18,89.77737
1976-10-19,86.9035
1976-10-20,82.111496
1976-10-21,85.432
1976-10-22,82.162
1976-10-23,82.306
1976-10-24,85.831055
1976-10-25,92.76875
1976-10-26,90.31688
1976-10-27,90.975266
1976-10-28,89.224
1976-10-29,87.6475
1976-10-30,91.020836
1976-10-31,74.134
1976-11-01,87.241
1976-11-02,91.966156
1976-11-03,86.01526
1976-11-04,89.6935
1976-11-05,87.6321
1976-11-06,87.653885
1976-11-07,89.03
1976-11-08,78.319
1976-11-09,80.7265
1976-11-10,73.499
1976-11-11,82.043
1976-11-12,92.23334
1976-11-13,92.25143
1976-11-14,90.96177
1976-11-15,91.85364
1976-11-16,80.7215
1976-11-17,85.11667
1976-11-18,83.4315
1976-11-19,84.4505
1976-11-20,84.1985
1976-11-21,93.012
1976-11-22,90.09052
1976-11-23,82.214
1976-11-24,73.05421
1976-11-25,79.4625
1976-11-26,87.6415
1976-11-27,92.37
1976-11-28,90.73944
1976-11-29,92.17222
1976-11-30,87.29833
1976-12-01,81.5685
1976-12-02,86.2735
1976-12-03,78.890495
1976-12-04,91.58714
1976-12-05,88.901245
1976-12-06,90.466
1976-12-07,90.958664
1976-12-08,84.701996
1976-12-09,82.466995
1976-12-10,91.98
1976-12-11,74.1585
1976-12-12,86.259476
1976-12-13,85.764496
1976-12-14,82.376495
1976-12-15,86.6785
1976-12-16,92.125885
1976-12-17,92.705
1976-12-18,92.371
1976-12-19,92.905
1976-12-20,92.77818
1976-12-21,92.30333
1976-12-22,93.2975
1976-12-23,89.29188
1976-12-24,84.1675
1976-12-25,74.947
1976-12-26,69.8625
1976-12-27,63.621998
1976-12-28,70.2445
1976-12-29,80.8379
1976-12-30,80.3815
1976-12-31,86.69
1977-01-01,79.833
1977-01-02,87.287895
1977-01-03,92.28
1977-01-04,89.76055
1977-01-05,75.936
1977-01-06,87.331
1977-01-07,91.677
1977-01-08,83.2855
1977-01-09,77.7175
1977-01-10,82.9495
1977-01-11,77.0355
1977-01-12,82.19053
1977-01-13,87.90111
1977-01-14,85.824
1977-01-15,92.03765
1977-01-16,90.09563
1977-01-17,81.3695
1977-01-18,84.3395
1977-01-19,89.14474
1977-01-20,90.56
1977-01-21,90.260666
1977-01-22,91.796364
1977-01-23,88.47389
1977-01-24,92.196365
1977-01-25,92.63286
1977-01-26,87.50444
1977-01-27,89.93611
1977-01-28,80.075
1977-01-29,90.19
1977-01-30,72.708496
1977-01-31,85.90056
1977-02-01,80.9775
1977-02-02,80.914
1977-02-03,83.515
1977-02-04,86.649475
1977-02-05,85.1585
1977-02-06,92.55091
1977-02-07,87.94765
1977-02-08,78.3875
1977-02-09,75.3745
1977-02-10,81.958496
1977-02-11,74.2185
1977-02-12,86.2115
1977-02-13,78.417496
1977-02-14,91.14
1977-02-15,83.403
1977-02-16,80.1705
1977-02-17,79.6475
1977-02-18,74.139
1977-02-19,77.3725
1977-02-20,71.806496
1977-02-21,75.442
1977-02-22,80.797
1977-02-23,68.236
1977-02-24,69.5305
1977-02-25,79.388
1977-02-26,72.895
1977-02-27,71.2525
1977-02-28,68.0735
1977-03-01,60.925
1977-03-02,64.3235
1977-03-03,73.0095
1977-03-04,83.242
1977-03-05,61.5165
1977-03-06,62.1045
1977-03-07,72.1035
1977-03-08,70.3695
1977-03-09,74.214
1977-03-10,80.9545
1977-03-11,64.394
1977-03-12,78.587
1977-03-13,87.962
1977-03-14,65.8735
1977-03-15,69.391
1977-03-16,72.236
1977-03-17,67.5795
1977-03-18,66.3465
1977-03-19,64.228
1977-03-20,73.111496
1977-03-21,69.766
1977-03-22,69.2855
1977-03-23,55.722
1977-03-24,57.684998
1977-03-25,62.0395
1977-03-26,72.747
1977-03-27,71.9005
1977-03-28,64.184
1977-03-29,77.155
1977-03-30,88.88579
1977-03-31,80.927
1977-04-01,79.3655
1977-04-02,82.85
1977-04-03,89.1955
1977-04-04,79.5925
1977-04-05,83.273
1977-04-06,63.509
1977-04-07,66.9485
1977-04-08,88.3695
1977-04-09,86.83647
1977-04-10,74.7125
1977-04-11,69.6835
1977-04-12,76.8665
1977-04-13,76.997
1977-04-14,70.332
1977-04-15,69.9015
1977-04-16,61.927498
1977-04-17,56.501
1977-04-18,59.55
1977-04-19,63.0555
1977-04-20,52.98
1977-04-21,56.609497
1977-04-22,53.533
1977-04-23,61.649998
1977-04-24,81.182
1977-04-25,60.57
1977-04-26,66.7405
1977-04-27,59.951
1977-04-28,80.361
1977-04-29,56.2215
1977-04-30,51.246
1977-05-01,57.417
1977-05-02,62.4335
1977-05-03,60.0635
1977-05-04,58.82
1977-05-05,63.434498
1977-05-06,76.4015
1977-05-07,81.3085
1977-05-08,69.613
1977-05-09,68.518
1977-05-10,64.9215
1977-05-11,62.908
1977-05-12,58.218998
1977-05-13,62.954
1977-05-14,88.88895
1977-05-15,83.152
1977-05-16,80.8025
1977-05-17,79.511
1977-05-18,83.045
1977-05-19,74.8285
1977-05-20,58.26
1977-05-21,46.267
1977-05-22,64.695
1977-05-23,68.2855
1977-05-24,62.0145
1977-05-25,57.729
1977-05-26,45.899998
1977-05-27,60.0995
1977-05-28,57.911
1977-05-29,54.643497
1977-05-30,61.2705
1977-05-31,76.0105
1977-06-01,59.927998
1977-06-02,54.343
1977-06-03,62.1685
1977-06-04,69.764
1977-06-05,73.1335
1977-06-06,67.094
1977-06-07,63.615997
1977-06-08,60.3935
1977-06-09,60.758
1977-06-10,57.9785
1977-06-11,60.572
1977-06-12,62.6695
1977-06-13,62.399498
1977-06-14,55.2505
1977-06-15,68.7005
1977-06-16,76.5655
1977-06-17,69.1765
1977-06-18,64.737
1977-06-19,60.8645
1977-06-20,59.6885
1977-06-21,75.6255
1977-06-22,79.5405
1977-06-23,61.2735
1977-06-24,61.277
1977-06-25,62.934998
1977-06-26,73.334
1977-06-27,73.895
1977-06-28,60.961
1977-06-29,58.246
1977-06-30,83.349
1977-07-01,67.989
1977-07-02,61.836
1977-07-03,60.9715
1977-07-04,52.799
1977-07-05,66.02
1977-07-06,65.8535
1977-07-07,61.988
1977-07-08,66.017
1977-07-09,69.658
1977-07-10,74.2525
1977-07-11,57.971
1977-07-12,54.857998
1977-07-13,58.545
1977-07-14,68.7325
1977-07-15,80.4995
1977-07-16,64.184
1977-07-17,64.6785
1977-07-18,64.059
1977-07-19,72.070496
1977-07-20,65.2625
1977-07-21,82.1425
1977-07-22,66.9275
1977-07-23,64.2955
1977-07-24,59.254498
1977-07-25,57.367
1977-07-26,86.623886
1977-07-27,73.7135
1977-07-28,71.4365
1977-07-29,65.5575
1977-07-30,72.5925
1977-07-31,68.673996
1977-08-01,69.050995
1977-08-02,77.099
1977-08-03,72.5595
1977-08-04,65.6335
1977-08-05,70.426
1977-08-06,69.278496
1977-08-07,73.1295
1977-08-08,70.877
1977-08-09,74.622
1977-08-10,79.701996
1977-08-11,79.1895
1977-08-12,76.5765
1977-08-13,87.486
1977-08-14,85.964
1977-08-15,70.8455
1977-08-16,76.833
1977-08-17,74.848495
1977-08-18,71.527
1977-08-19,82.6785
1977-08-20,76.039
1977-08-21,85.514496
1977-08-22,79.76
1977-08-23,76.972
1977-08-24,70.1805
1977-08-25,73.237
1977-08-26,73.0715
1977-08-27,72.326996
1977-08-28,85.6655
1977-08-29,80.6615
1977-08-30,72.014496
1977-08-31,73.49
1977-09-01,66.9335
1977-09-02,71.5605
1977-09-03,65.9385
1977-09-04,67.9355
1977-09-05,72.9295
1977-09-06,71.878
1977-09-07,70.479996
1977-09-08,69.329
1977-09-09,84.713
1977-09-10,69.9665
1977-09-11,75.2675
1977-09-12,75.529495
1977-09-13,76.2005
1977-09-14,68.474
1977-09-15,65.1565
1977-09-16,71.2445
1977-09-17,83.442
1977-09-18,88.77
1977-09-19,82.429
1977-09-20,89.202225
1977-09-21,83.2885
1977-09-22,75.503
1977-09-23,80.4275
1977-09-24,78.9065
1977-09-25,75.183
1977-09-26,74.433
1977-09-27,74.6525
1977-09-28,70.032
1977-09-29,62.844997
1977-09-30,66.2915
1977-10-01,66.7805
1977-10-02,82.341
1977-10-03,72.9275
1977-10-04,64.988
1977-10-05,68.512
1977-10-06,67.5075
1977-10-07,69.798
1977-10-08,68.1215
1977-10-09,71.2125
1977-10-10,85.465996
1977-10-11,87.435
1977-10-12,89.79474
1977-10-13,84.639496
1977-10-14,82.8845
1977-10-15,84.466995
1977-10-16,80.9395
1977-10-17,76.5805
1977-10-18,72.237495
1977-10-19,81.326996
1977-10-20,84.237366
1977-10-21,92.426
1977-10-22,85.611
1977-10-23,85.295
1977-10-24,83.3625
1977-10-25,81.2415
1977-10-26,87.5015
1977-10-27,90.37813
1977-10-28,91.070526
1977-10-29,90.038826
1977-10-30,88.275
1977-10-31,89.617
1977-11-01,89.05333
1977-11-02,78.223495
1977-11-03,82.6215
1977-11-04,79.4565
1977-11-05,91.44737
1977-11-06,89.19688
1977-11-07,91.15375
1977-11-08,94.06333
1977-11-09,90.79125
1977-11-10,80.658
1977-11-11,82.128
1977-11-12,80.237
1977-11-13,84.63
1977-11-14,84.5005
1977-11-15,86.094
1977-11-16,86.676
1977-11-17,77.8815
1977-11-18,82.549
1977-11-19,78.612
1977-11-20,83.101
1977-11-21,75.032
1977-11-22,84.08579
1977-11-23,85.177
1977-11-24,79.97
1977-11-25,81.778496
1977-11-26,89.85684
1977-11-27,80.73842
1977-11-28,77.2385
1977-11-29,82.4385
1977-11-30,88.18667
1977-12-01,87.1455
1977-12-02,81.886
1977-12-03,75.4205
1977-12-04,72.547
1977-12-05,81.528
1977-12-06,85.387
1977-12-07,91.676155
1977-12-08,89.366
1977-12-09,91.94572
1977-12-10,90.11632
1977-12-11,78.843155
1977-12-12,77.12842
1977-12-13,77.049995
1977-12-14,86.54889
1977-12-15,90.2225
1977-12-16,90.628944
1977-12-17,90.24
1977-12-18,87.80167
1977-12-19,89.4775
1977-12-20,88.646
1977-12-21,92.12334
1977-12-22,86.4495
1977-12-23,89.95947
1977-12-24,89.204704
1977-12-25,81.7305
1977-12-26,75.493
1977-12-27,83.1465
1977-12-28,89.32833
1977-12-29,91.038
1977-12-30,83.872635
1977-12-31,69.232
1978-01-01,74.7665
1978-01-02,82.0335
1978-01-03,75.667496
1978-01-04,70.794
1978-01-05,65.890495
1978-01-06,60.129997
1978-01-07,87.68166
1978-01-08,89.95052
1978-01-09,85.83833
1978-01-10,87.784996
1978-01-11,88.89647
1978-01-12,82.78
1978-01-13,88.5245
1978-01-14,91.7175
1978-01-15,89.09062
1978-01-16,90.84556
1978-01-17,91.10445
1978-01-18,87.006
1978-01-19,87.79316
1978-01-20,88.310524
1978-01-21,79.287
1978-01-22,84.46842
1978-01-23,84.83
1978-01-24,86.414734
1978-01-25,77.5685
1978-01-26,73.547
1978-01-27,76.9905
1978-01-28,78.784
1978-01-29,75.707
1978-01-30,90.59882
1978-01-31,78.826
1978-02-01,80.671
1978-02-02,87.54211
1978-02-03,88.44579
1978-02-04,79.5795
1978-02-05,83.6975
1978-02-06,82.8695
1978-02-07,76.749
1978-02-08,83.033
1978-02-09,80.2985
1978-02-10,82.894
1978-02-11,91.990715
1978-02-12,90.7275
1978-02-13,89.952225
1978-02-14,73.0405
1978-02-15,68.1215
1978-02-16,75.863495
1978-02-17,82.224205
1978-02-18,69.2405
1978-02-19,86.9525
1978-02-20,69.0645
1978-02-21,60.804497
1978-02-22,71.419
1978-02-23,78.6205
1978-02-24,80.2685
1978-02-25,79.1805
1978-02-26,81.2885
1978-02-27,90.618126
1978-02-28,83.4405
1978-03-01,88.902
1978-03-02,79.7945
1978-03-03,78.738
1978-03-04,82.136
1978-03-05,87.238
1978-03-06,80.8595
1978-03-07,69.288
1978-03-08,67.928
1978-03-09,69.568
1978-03-10,65.6085
1978-03-11,61.5145
1978-03-12,61.624
1978-03-13,67.731995
1978-03-14,70.6
1978-03-15,80.4805
1978-03-16,65.974
1978-03-17,76.2045
1978-03-18,78.028
1978-03-19,73.791
1978-03-20,67.872
1978-03-21,79.396996
1978-03-22,70.153496
1978-03-23,73.921
1978-03-24,88.8325
1978-03-25,68.0255
1978-03-26,70.746
1978-03-27,62.372498
1978-03-28,64.944496
1978-03-29,61.5495
1978-03-30,53.4905
1978-03-31,50.497498
1978-04-01,60.990498
1978-04-02,70.542
1978-04-03,81.3965
1978-04-04,68.073
1978-04-05,67.629
1978-04-06,55.4325
1978-04-07,52.740498
1978-04-08,58.462498
1978-04-09,63.004498
1978-04-10,69.372
1978-04-11,58.9335
1978-04-12,88.57833
1978-04-13,89.5545
1978-04-14,88.25222
1978-04-15,69.929
1978-04-16,79.805
1978-04-17,71.854
1978-04-18,64.3095
1978-04-19,71.7445
1978-04-20,76.742
1978-04-21,75.224
1978-04-22,63.497498
1978-04-23,70.256996
1978-04-24,66.710495
1978-04-25,67.005
1978-04-26,73.0765
1978-04-27,75.825
1978-04-28,70.7895
1978-04-29,68.587
1978-04-30,59.3805
1978-05-01,72.1775
1978-05-02,79.7545
1978-05-03,65.182
1978-05-04,67.0095
1978-05-05,70.04
1978-05-06,77.083
1978-05-07,81.8225
1978-05-08,72.415
1978-05-09,79.1155
1978-05-10,65.7255
1978-05-11,61.3215
1978-05-12,60.812
1978-05-13,77.993
1978-05-14,84.7005
1978-05-15,72.7915
1978-05-16,70.435
1978-05-17,75.1925
1978-05-18,77.104
1978-05-19,81.99
1978-05-20,83.301
1978-05-21,84.717
1978-05-22,89.94867
1978-05-23,71.506
1978-05-24,78.028496
1978-05-25,75.8255
1978-05-26,67.607
1978-05-27,73.979
1978-05-28,77.516495
1978-05-29,76.338
1978-05-30,78.394
1978-05-31,75.847496
1978-06-01,63.2185
1978-06-02,59.3935
1978-06-03,61.1595
1978-06-04,65.1805
1978-06-05,68.4505
1978-06-06,77.979996
1978-06-07,74.278
1978-06-08,76.1995
1978-06-09,69.793
1978-06-10,73.866
1978-06-11,83.2215
1978-06-12,84.4345
1978-06-13,79.815
1978-06-14,76.972
1978-06-15,70.4005
1978-06-16,68.685
1978-06-17,80.8675
1978-06-18,66.222496
1978-06-19,66.4835
1978-06-20,70.277504
1978-06-21,72.669
1978-06-22,63.3495
1978-06-23,68.932
1978-06-24,69.941
1978-06-25,72.82
1978-06-26,64.2355
1978-06-27,72.5855
1978-06-28,61.969997
1978-06-29,58.775497
1978-06-30,63.648
1978-07-01,70.743
1978-07-02,82.85
1978-07-03,66.858
1978-07-04,57.66
1978-07-05,82.834
1978-07-06,71.636
1978-07-07,78.2775
1978-07-08,70.517
1978-07-09,72.1465
1978-07-10,80.9635
1978-07-11,79.117
1978-07-12,74.528496
1978-07-13,70.209
1978-07-14,75.7295
1978-07-15,80.7965
1978-07-16,70.526
1978-07-17,70.326996
1978-07-18,79.11
1978-07-19,86.416
1978-07-20,67.0615
1978-07-21,90.461876
1978-07-22,70.3215
1978-07-23,66.5445
1978-07-24,66.988
1978-07-25,66.097496
1978-07-26,69.82
1978-07-27,62.913
1978-07-28,64.5075
1978-07-29,70.5155
1978-07-30,76.65
1978-07-31,71.917
1978-08-01,60.6105
1978-08-02,70.4595
1978-08-03,76.267
1978-08-04,79.199
1978-08-05,69.312
1978-08-06,68.5395
1978-08-07,57.787
1978-08-08,56.774
1978-08-09,60.018497
1978-08-10,72.931496
1978-08-11,72.999
1978-08-12,73.8915
1978-08-13,75.651
1978-08-14,76.0655
1978-08-15,72.4495
1978-08-16,65.067
1978-08-17,64.7165
1978-08-18,80.6795
1978-08-19,69.8775
1978-08-20,67.2525
1978-08-21,70.442
1978-08-22,70.861496
1978-08-23,68.1425
1978-08-24,76.7065
1978-08-25,69.176
1978-08-26,68.7125
1978-08-27,66.2985
1978-08-28,75.522995
1978-08-29,68.602
1978-08-30,78.552
1978-08-31,72.521996
1978-09-01,72.8285
1978-09-02,76.342
1978-09-03,72.535995
1978-09-04,76.390495
1978-09-05,74.9705
1978-09-06,81.8645
1978-09-07,82.03
1978-09-08,71.8105
1978-09-09,72.1335
1978-09-10,83.4265
1978-09-11,62.274
1978-09-12,80.8575
1978-09-13,66.3565
1978-09-14,71.0785
1978-09-15,76.708
1978-09-16,67.2635
1978-09-17,72.915
1978-09-18,75.7335
1978-09-19,78.719
1978-09-20,68.1635
1978-09-21,73.6185
1978-09-22,76.514
1978-09-23,82.7535
1978-09-24,85.683
1978-09-25,73.0215
1978-09-26,72.65
1978-09-27,87.0535
1978-09-28,87.2035
1978-09-29,79.878
1978-09-30,91.21579
1978-10-01,88.116844
1978-10-02,92.174706
1978-10-03,91.21222
1978-10-04,80.999
1978-10-05,74.704
1978-10-06,72.3595
1978-10-07,79.628
1978-10-08,81.2135
1978-10-09,78.529495
1978-10-10,78.1195
1978-10-11,81.753
1978-10-12,84.136
1978-10-13,79.953
1978-10-14,85.728
1978-10-15,82.482
1978-10-16,87.5295
1978-10-17,84.0125
1978-10-18,88.56111
1978-10-19,90.324
1978-10-20,85.7915
1978-10-21,72.037
1978-10-22,68.1095
1978-10-23,70.193
1978-10-24,72.600494
1978-10-25,78.808
1978-10-26,75.436
1978-10-27,68.385
1978-10-28,72.5735
1978-10-29,72.664
1978-10-30,77.604996
1978-10-31,78.4795
1978-11-01,83.625496
1978-11-02,89.70389
1978-11-03,92.444
1978-11-04,82.499
1978-11-05,82.9385
1978-11-06,80.901
1978-11-07,79.687996
1978-11-08,82.0665
1978-11-09,89.957
1978-11-10,86.43056
1978-11-11,88.493004
1978-11-12,91.395
1978-11-13,87.728
1978-11-14,85.728
1978-11-15,91.33882
1978-11-16,92.65546
1978-11-17,85.8185
1978-11-18,89.42133
1978-11-19,89.312004
1978-11-20,89.56333
1978-11-21,93.87334
1978-11-22,91.03611
1978-11-23,88.5621
1978-11-24,89.486
1978-11-25,91.505554
1978-11-26,92.655624
1978-11-27,90.60889
1978-11-28,82.224
1978-11-29,78.384
1978-11-30,72.0805
1978-12-01,74.734
1978-12-02,85.106
1978-12-03,85.62631
1978-12-04,84.4125
1978-12-05,75.875
1978-12-06,80.39
1978-12-07,77.8635
1978-12-08,77.232
1978-12-09,90.74263
1978-12-10,82.56158
1978-12-11,87.43056
1978-12-12,86.95895
1978-12-13,83.2495
1978-12-14,85.820496
1978-12-15,74.682
1978-12-16,83.7185
1978-12-17,81.046
1978-12-18,72.5795
1978-12-19,84.7375
1978-12-20,88.61421
1978-12-21,92.26133
1978-12-22,90.84133
1978-12-23,90.8355
1978-12-24,90.61584
1978-12-25,92.08143
1978-12-26,88.558945
1978-12-27,89.40369
1978-12-28,90.359474
1978-12-29,78.0375
1978-12-30,76.5125
1978-12-31,76.4755
1979-01-01,71.631996
1979-01-02,53.197998
1979-01-03,58.0965
1979-01-04,71.016
1979-01-05,72.591995
1979-01-06,77.247
1979-01-07,72.0735
1979-01-08,77.576
1979-01-09,83.4575
1979-01-10,92.40867
1979-01-11,90.34529
1979-01-12,85.8185
1979-01-13,75.7525
1979-01-14,68.6645
1979-01-15,68.4595
1979-01-16,80.1865
1979-01-17,83.585
1979-01-18,85.106
1979-01-19,84.833
1979-01-20,84.5685
1979-01-21,88.5
1979-01-22,90.90846
1979-01-23,92.49
1979-01-24,93.155
1979-01-25,83.344
1979-01-26,87.2195
1979-01-27,87.852104
1979-01-28,76.362495
1979-01-29,91.53875
1979-01-30,82.4805
1979-01-31,79.039
1979-02-01,69.0635
1979-02-02,72.098
1979-02-03,78.605995
1979-02-04,89.6855
1979-02-05,85.28158
1979-02-06,70.9615
1979-02-07,72.852
1979-02-08,78.578995
1979-02-09,75.711
1979-02-10,91.777145
1979-02-11,86.25053
1979-02-12,90.6025
1979-02-13,89.854996
1979-02-14,91.19714
1979-02-15,92.55454
1979-02-16,92.034
1979-02-17,88.1975
1979-02-18,86.932
1979-02-19,83.0855
1979-02-20,64.9665
1979-02-21,70.7125
1979-02-22,65.4275
1979-02-23,69.736
1979-02-24,67.9235
1979-02-25,72.571495
1979-02-26,76.410995
1979-02-27,73.242
1979-02-28,87.0455
1979-03-01,74.5535
1979-03-02,77.7185
1979-03-03,71.3435
1979-03-04,67.681
1979-03-05,80.38
1979-03-06,85.6295
1979-03-07,78.554
1979-03-08,84.4425
1979-03-09,65.798
1979-03-10,63.8715
1979-03-11,66.96
1979-03-12,80.2825
1979-03-13,79.5555
1979-03-14,70.741
1979-03-15,66.826996
1979-03-16,70.0745
1979-03-17,65.4545
1979-03-18,67.3935
1979-03-19,62.347
1979-03-20,62.841
1979-03-21,68.324
1979-03-22,81.835
1979-03-23,65.8265
1979-03-24,71.9435
1979-03-25,67.520996
1979-03-26,64.8875
1979-03-27,80.062996
1979-03-28,65.840996
1979-03-29,83.517
1979-03-30,72.506996
1979-03-31,68.08
1979-04-01,71.9825
1979-04-02,67.3025
1979-04-03,57.515
1979-04-04,71.766
1979-04-05,69.454
1979-04-06,88.24647
1979-04-07,73.3555
1979-04-08,70.1335
1979-04-09,73.088
1979-04-10,72.730995
1979-04-11,63.577
1979-04-12,60.383
1979-04-13,59.594498
1979-04-14,60.177
1979-04-15,59.133
1979-04-16,60.338497
1979-04-17,60.010998
1979-04-18,65.901
1979-04-19,52.8
1979-04-20,58.1815
1979-04-21,63.060497
1979-04-22,60.068497
1979-04-23,55.7585
1979-04-24,55.2095
1979-04-25,82.4525
1979-04-26,68.904495
1979-04-27,80.868
1979-04-28,86.8525
1979-04-29,67.7635
1979-04-30,62.782997
1979-05-01,85.183
1979-05-02,72.7405
1979-05-03,86.211
1979-05-04,65.6735
1979-05-05,81.050995
1979-05-06,56.7695
1979-05-07,60.2295
1979-05-08,62.4775
1979-05-09,68.284
1979-05-10,57.906498
1979-05-11,57.025997
1979-05-12,68.351
1979-05-13,47.36
1979-05-14,49.4645
1979-05-15,54.008
1979-05-16,51.9015
1979-05-17,55.431
1979-05-18,51.308
1979-05-19,49.081497
1979-05-20,51.153
1979-05-21,52.459
1979-05-22,58.8285
1979-05-23,57.555
1979-05-24,53.8055
1979-05-25,50.686
1979-05-26,58.1895
1979-05-27,49.509
1979-05-28,53.974
1979-05-29,54.422
1979-05-30,49.096
1979-05-31,58.0935
1979-06-01,52.3
1979-06-02,50.5825
1979-06-03,57.146
1979-06-04,63.557
1979-06-05,53.783
1979-06-06,51.5905
1979-06-07,51.712997
1979-06-08,65.705
1979-06-09,69.651
1979-06-10,61.041
1979-06-11,64.067
1979-06-12,70.592995
1979-06-13,71.135
1979-06-14,81.6855
1979-06-15,69.7335
1979-06-16,82.0285
1979-06-17,76.667496
1979-06-18,82.8745
1979-06-19,74.1595
1979-06-20,86.8635
1979-06-21,82.862
1979-06-22,75.089
1979-06-23,85.4915
1979-06-24,71.5555
1979-06-25,71.408
1979-06-26,79.5265
1979-06-27,72.0035
1979-06-28,82.6005
1979-06-29,76.6855
1979-06-30,75.0005
1979-07-01,67.8115
1979-07-02,86.1335
1979-07-03,91.46636
1979-07-04,70.464
1979-07-05,63.939
1979-07-06,63.218998
1979-07-07,62.0765
1979-07-08,83.381
1979-07-09,66.937
1979-07-10,70.2585
1979-07-11,68.5335
1979-07-12,80.6565
1979-07-13,81.881
1979-07-14,78.187996
1979-07-15,65.674995
1979-07-16,77.772
1979-07-17,80.1865
1979-07-18,77.3965
1979-07-19,72.9295
1979-07-20,74.899
1979-07-21,74.728
1979-07-22,88.8145
1979-07-23,66.7355
1979-07-24,68.0645
1979-07-25,63.586
1979-07-26,70.7275
1979-07-27,77.13
1979-07-28,80.708
1979-07-29,81.068
1979-07-30,69.062
1979-07-31,73.381
1979-08-01,67.265
1979-08-02,71.1365
1979-08-03,73.528
1979-08-04,80.520996
1979-08-05,69.7275
1979-08-06,70.482
1979-08-07,70.4655
1979-08-08,73.0415
1979-08-09,81.389496
1979-08-10,88.4485
1979-08-11,73.55
1979-08-12,70.5465
1979-08-13,62.1075
1979-08-14,66.6565
1979-08-15,71.9
1979-08-16,70.993996
1979-08-17,67.046
1979-08-18,67.037
1979-08-19,89.87
1979-08-20,82.472496
1979-08-21,77.5105
1979-08-22,76.51
1979-08-23,71.963
1979-08-24,71.6985
1979-08-25,85.4515
1979-08-26,77.8505
1979-08-27,70.2945
1979-08-28,77.284
1979-08-29,70.714
1979-08-30,73.879
1979-08-31,73.1515
1979-09-01,75.0325
1979-09-02,72.353
1979-09-03,65.278496
1979-09-04,81.088
1979-09-05,80.382996
1979-09-06,75.7195
1979-09-07,75.813995
1979-09-08,76.634
1979-09-09,76.963
1979-09-10,82.445
1979-09-11,77.9765
1979-09-12,76.837
1979-09-13,77.126
1979-09-14,76.9495
1979-09-15,72.241
1979-09-16,63.708
1979-09-17,67.137
1979-09-18,69.731995
1979-09-19,69.358
1979-09-20,72.955
1979-09-21,72.34
1979-09-22,74.321495
1979-09-23,87.626
1979-09-24,89.046844
1979-09-25,86.136
1979-09-26,75.521996
1979-09-27,79.3295
1979-09-28,79.494995
1979-09-29,90.177895
1979-09-30,75.4375
1979-10-01,78.068
1979-10-02,68.293
1979-10-03,62.693
1979-10-04,70.577995
1979-10-05,79.179
1979-10-06,86.9985
1979-10-07,78.2785
1979-10-08,79.0735
1979-10-09,77.326996
1979-10-10,83.9975
1979-10-11,78.269
1979-10-12,71.4985
1979-10-13,76.9205
1979-10-14,69.618996
1979-10-15,77.6745
1979-10-16,65.1745
1979-10-17,74.145
1979-10-18,78.8595
1979-10-19,72.672
1979-10-20,71.6025
1979-10-21,72.5815
1979-10-22,76.936
1979-10-23,73.274
1979-10-24,72.33
1979-10-25,50.6215
1979-10-26,63.093
1979-10-27,68.3805
1979-10-28,64.0275
1979-10-29,90.762146
1979-10-30,91.90615
1979-10-31,85.2495
1979-11-01,92.06118
1979-11-02,83.756996
1979-11-03,80.282
1979-11-04,78.984
1979-11-05,88.272995
1979-11-06,80.288
1979-11-07,69.7525
1979-11-08,71.963
1979-11-09,72.6085
1979-11-10,89.197
1979-11-11,81.750496
1979-11-12,83.6875
1979-11-13,79.4415
1979-11-14,86.65
1979-11-15,88.457
1979-11-16,84.312996
1979-11-17,90.65933
1979-11-18,93.937996
1979-11-19,91.511246
1979-11-20,91.22625
1979-11-21,82.9975
1979-11-22,84.479
1979-11-23,81.407
1979-11-24,84.76579
1979-11-25,84.7295
1979-11-26,84.286
1979-11-27,88.666
1979-11-28,89.79923
1979-11-29,89.69647
1979-11-30,78.7545
1979-12-01,72.0765
1979-12-02,76.5565
1979-12-03,84.594
1979-12-04,82.9375
1979-12-05,86.36444
1979-12-06,82.488495
1979-12-07,82.611
1979-12-08,77.709
1979-12-09,83.58
1979-12-10,75.114
1979-12-11,77.007996
1979-12-12,70.1585
1979-12-13,75.63
1979-12-14,82.2945
1979-12-15,91.20538
1979-12-16,78.3715
1979-12-17,69.336
1979-12-18,82.5235
1979-12-19,86.286316
1979-12-20,90.58733
1979-12-21,92.1
1979-12-22,88.92167
1979-12-23,87.986115
1979-12-24,93.5
1979-12-25,92.6225
1979-12-26,89.93882
1979-12-27,85.9
1979-12-28,90.43846
1979-12-29,92.8
1979-12-30,90.00313
1979-12-31,90.97
1980-01-01,72.739
1980-01-02,71.793
1980-01-03,70.2435
1980-01-04,70.203995
1980-01-05,81.989
1980-01-06,89.158
1980-01-07,90.50882
1980-01-08,87.631
1980-01-09,86.969
1980-01-10,89.808945
1980-01-11,84.218
1980-01-12,75.729
1980-01-13,82.3715
1980-01-14,89.509445
1980-01-15,88.65579
1980-01-16,88.963684
1980-01-17,87.1525
1980-01-18,91.38824
1980-01-19,87.79611
1980-01-20,89.77278
1980-01-21,86.994736
1980-01-22,90.708824
1980-01-23,87.758
1980-01-24,91.92687
1980-01-25,90.0921
1980-01-26,87.8425
1980-01-27,83.0825
1980-01-28,66.653
1980-01-29,77.4185
1980-01-30,77.729996
1980-01-31,68.282
1980-02-01,81.295
1980-02-02,68.672
1980-02-03,79.545
1980-02-04,73.469
1980-02-05,83.4945
1980-02-06,78.7025
1980-02-07,90.598465
1980-02-08,83.74
1980-02-09,86.34842
1980-02-10,90.861336
1980-02-11,90.0179
1980-02-12,74.1475
1980-02-13,79.223495
1980-02-14,91.17571
1980-02-15,88.549995
1980-02-16,85.688
1980-02-17,84.8385
1980-02-18,79.865
1980-02-19,85.515
1980-02-20,78.252
1980-02-21,80.683
1980-02-22,82.5965
1980-02-23,92.98917
1980-02-24,76.7475
1980-02-25,81.099495
1980-02-26,81.832
1980-02-27,85.63105
1980-02-28,76.069
1980-02-29,80.515
1980-03-01,71.3175
1980-03-02,63.1045
1980-03-03,69.611
1980-03-04,61.772
1980-03-05,62.465
1980-03-06,57.177498
1980-03-07,79.7345
1980-03-08,90.82056
1980-03-09,82.962
1980-03-10,73.431
1980-03-11,67.337
1980-03-12,77.7285
1980-03-13,68.3135
1980-03-14,70.8635
1980-03-15,83.8135
1980-03-16,72.669495
1980-03-17,72.201
1980-03-18,69.89
1980-03-19,67.076
1980-03-20,87.438
1980-03-21,90.1935
1980-03-22,81.1805
1980-03-23,91.56357
1980-03-24,90.82647
1980-03-25,86.03
1980-03-26,80.3595
1980-03-27,72.43
1980-03-28,70.3745
1980-03-29,69.174995
1980-03-30,66.454
1980-03-31,64.258995
1980-04-01,68.395
1980-04-02,73.163
1980-04-03,67.160995
1980-04-04,81.145
1980-04-05,77.065
1980-04-06,82.921
1980-04-07,78.946
1980-04-08,76.666
1980-04-09,71.612
1980-04-10,66.6795
1980-04-11,65.9005
1980-04-12,69.8115
1980-04-13,58.994
1980-04-14,52.4445
1980-04-15,49.878
1980-04-16,55.697998
1980-04-17,59.1015
1980-04-18,68.258
1980-04-19,74.58
1980-04-20,85.0755
1980-04-21,78.869995
1980-04-22,86.72
1980-04-23,74.1985
1980-04-24,73.792496
1980-04-25,88.5485
1980-04-26,73.5215
1980-04-27,80.2345
1980-04-28,65.131
1980-04-29,75.7665
1980-04-30,76.8325
1980-05-01,70.115
1980-05-02,63.5285
1980-05-03,72.6055
1980-05-04,85.0015
1980-05-05,89.90063
1980-05-06,81.141
1980-05-07,78.493
1980-05-08,70.2805
1980-05-09,78.031
1980-05-10,81.425
1980-05-11,53.25
1980-05-12,52.544
1980-05-13,47.302998
1980-05-14,49.650497
1980-05-15,55.3005
1980-05-16,63.9645
1980-05-17,57.8945
1980-05-18,77.386
1980-05-19,77.982
1980-05-20,67.0185
1980-05-21,67.634
1980-05-22,71.282
1980-05-23,64.2325
1980-05-24,63.9185
1980-05-25,63.523
1980-05-26,63.62
1980-05-27,58.725998
1980-05-28,79.6035
1980-05-29,62.7185
1980-05-30,68.5295
1980-05-31,78.207
1980-06-01,75.9345
1980-06-02,50.886497
1980-06-03,52.554497
1980-06-04,65.5635
1980-06-05,67.722
1980-06-06,71.3795
1980-06-07,74.9155
1980-06-08,72.817
1980-06-09,74.579
1980-06-10,75.734
1980-06-11,74.307
1980-06-12,64.8105
1980-06-13,67.9625
1980-06-14,62.068497
1980-06-15,61.0935
1980-06-16,62.041
1980-06-17,67.114
1980-06-18,84.238
1980-06-19,72.5535
1980-06-20,75.9915
1980-06-21,79.289
1980-06-22,73.2605
1980-06-23,71.188995
1980-06-24,69.576
1980-06-25,70.503
1980-06-26,75.4225
1980-06-27,82.593155
1980-06-28,63.7425
1980-06-29,71.3095
1980-06-30,71.01
1980-07-01,69.048996
1980-07-02,82.937
1980-07-03,69.763504
1980-07-04,63.906998
1980-07-05,68.778
1980-07-06,70.3135
1980-07-07,79.9125
1980-07-08,63.3975
1980-07-09,68.4025
1980-07-10,70.5875
1980-07-11,82.541504
1980-07-12,75.678
1980-07-13,77.955
1980-07-14,74.465996
1980-07-15,63.8405
1980-07-16,76.42
1980-07-17,78.5765
1980-07-18,71.122
1980-07-19,73.8565
1980-07-20,69.1455
1980-07-21,77.1795
1980-07-22,72.813995
1980-07-23,68.614
1980-07-24,64.139
1980-07-25,65.029495
1980-07-26,68.487495
1980-07-27,81.8145
1980-07-28,77.6745
1980-07-29,79.1905
1980-07-30,84.0335
1980-07-31,70.9795
1980-08-01,70.1965
1980-08-02,75.4795
1980-08-03,74.153
1980-08-04,76.7705
1980-08-05,72.6175
1980-08-06,72.2115
1980-08-07,70.519
1980-08-08,71.6645
1980-08-09,74.588
1980-08-10,74.897995
1980-08-11,78.8425
1980-08-12,84.286
1980-08-13,69.756
1980-08-14,75.527
1980-08-15,74.128
1980-08-16,75.8995
1980-08-17,73.0235
1980-08-18,67.932495
1980-08-19,70.336
1980-08-20,75.374
1980-08-21,66.9475
1980-08-22,70.4425
1980-08-23,72.5265
1980-08-24,74.979
1980-08-25,70.165
1980-08-26,71.1295
1980-08-27,74.2025
1980-08-28,71.997
1980-08-29,81.7715
1980-08-30,80.229
1980-08-31,88.88895
1980-09-01,76.711
1980-09-02,71.812
1980-09-03,75.9715
1980-09-04,77.673996
1980-09-05,74.198
1980-09-06,67.4985
1980-09-07,73.530495
1980-09-08,87.708496
1980-09-09,84.2295
1980-09-10,91.18316
1980-09-11,83.982
1980-09-12,70.090996
1980-09-13,81.28
1980-09-14,78.824
1980-09-15,72.626
1980-09-16,80.0885
1980-09-17,77.706
1980-09-18,80.1315
1980-09-19,82.779
1980-09-20,78.4855
1980-09-21,78.286
1980-09-22,86.935
1980-09-23,83.6645
1980-09-24,86.4955
1980-09-25,82.363495
1980-09-26,89.414734
1980-09-27,79.3465
1980-09-28,75.2715
1980-09-29,77.293
1980-09-30,80.754
1980-10-01,71.176
1980-10-02,74.3985
1980-10-03,68.637
1980-10-04,75.244995
1980-10-05,85.22
1980-10-06,81.764
1980-10-07,78.106
1980-10-08,88.338
1980-10-09,90.56263
1980-10-10,87.71158
1980-10-11,80.934
1980-10-12,90.539444
1980-10-13,87.116844
1980-10-14,80.0055
1980-10-15,84.337
1980-10-16,80.02
1980-10-17,81.6405
1980-10-18,77.3795
1980-10-19,79.2765
1980-10-20,72.1595
1980-10-21,77.0225
1980-10-22,75.033
1980-10-23,82.7045
1980-10-24,71.9695
1980-10-25,83.1395
1980-10-26,65.29
1980-10-27,72.2035
1980-10-28,72.520996
1980-10-29,77.486496
1980-10-30,70.828995
1980-10-31,65.349
1980-11-01,70.7005
1980-11-02,81.6695
1980-11-03,90.21632
1980-11-04,92.759
1980-11-05,93.562996
1980-11-06,92.14
1980-11-07,90.44688
1980-11-08,92.00882
1980-11-09,92.84818
1980-11-10,70.244
1980-11-11,74.482
1980-11-12,77.233
1980-11-13,88.40823
1980-11-14,85.5385
1980-11-15,85.2325
1980-11-16,77.002
1980-11-17,75.9795
1980-11-18,85.575
1980-11-19,61.538998
1980-11-20,80.7345
1980-11-21,86.2145
1980-11-22,89.1605
1980-11-23,87.38368
1980-11-24,77.57
1980-11-25,83.631
1980-11-26,84.003
1980-11-27,86.69222
1980-11-28,90.14833
1980-11-29,90.058334
1980-11-30,88.49944
1980-12-01,77.6905
1980-12-02,69.1485
1980-12-03,86.983
1980-12-04,74.3645
1980-12-05,69.6035
1980-12-06,79.2575
1980-12-07,77.014
1980-12-08,68.0575
1980-12-09,68.417
1980-12-10,63.827
1980-12-11,64.8505
1980-12-12,72.891
1980-12-13,79.6735
1980-12-14,75.6285
1980-12-15,83.812996
1980-12-16,89.695496
1980-12-17,82.591576
1980-12-18,91.492
1980-12-19,90.776665
1980-12-20,92.632225
1980-12-21,92.08
1980-12-22,76.352
1980-12-23,76.136
1980-12-24,82.282
1980-12-25,86.34
1980-12-26,90.57471
1980-12-27,80.0125
1980-12-28,77.3305
1980-12-29,79.6445
1980-12-30,76.2395
1980-12-31,82.8555
1981-01-01,83.417496
1981-01-02,67.588
1981-01-03,64.2025
1981-01-04,75.465
1981-01-05,69.762
1981-01-06,72.797
1981-01-07,67.587
1981-01-08,64.479996
1981-01-09,71.724
1981-01-10,65.002
1981-01-11,70.754
1981-01-12,71.3365
1981-01-13,90.442
1981-01-14,76.4635
1981-01-15,77.2115
1981-01-16,74.5415
1981-01-17,70.533
1981-01-18,78.647
1981-01-19,78.074
1981-01-20,84.511
1981-01-21,72.307
1981-01-22,71.948
1981-01-23,77.5995
1981-01-24,78.5115
1981-01-25,79.078
1981-01-26,75.399
1981-01-27,62.4245
1981-01-28,63.153
1981-01-29,60.627
1981-01-30,70.882996
1981-01-31,66.806
1981-02-01,68.812996
1981-02-02,73.569496
1981-02-03,69.818
1981-02-04,73.2665
1981-02-05,74.422
1981-02-06,69.116
1981-02-07,71.368
1981-02-08,71.3125
1981-02-09,73.987495
1981-02-10,82.1295
1981-02-11,80.285995
1981-02-12,78.776
1981-02-13,72.837
1981-02-14,73.783
1981-02-15,68.903
1981-02-16,73.406494
1981-02-17,77.0915
1981-02-18,79.095
1981-02-19,82.881996
1981-02-20,76.44
1981-02-21,81.978
1981-02-22,92.292496
1981-02-23,92.24611
1981-02-24,87.5265
1981-02-25,82.024
1981-02-26,66.04
1981-02-27,72.38
1981-02-28,72.057
1981-03-01,79.576
1981-03-02,89.55059
1981-03-03,91.48556
1981-03-04,86.987366
1981-03-05,78.3855
1981-03-06,72.733
1981-03-07,66.2595
1981-03-08,72.0615
1981-03-09,71.968
1981-03-10,70.9465
1981-03-11,78.323
1981-03-12,60.188
1981-03-13,83.06579
1981-03-14,66.5315
1981-03-15,74.1585
1981-03-16,83.087
1981-03-17,70.1285
1981-03-18,86.2065
1981-03-19,58.755
1981-03-20,61.7595
1981-03-21,60.781998
1981-03-22,61.317
1981-03-23,63.752
1981-03-24,69.507996
1981-03-25,70.021996
1981-03-26,71.601
1981-03-27,47.973
1981-03-28,58.013
1981-03-29,58.035
1981-03-30,64.458
1981-03-31,60.3285
1981-04-01,65.956
1981-04-02,61.8705
1981-04-03,56.9455
1981-04-04,58.9515
1981-04-05,69.5705
1981-04-06,66.208
1981-04-07,60.127
1981-04-08,54.369
1981-04-09,68.9975
1981-04-10,57.1625
1981-04-11,58.4955
1981-04-12,54.9185
1981-04-13,53.829998
1981-04-14,47.540497
1981-04-15,42.512497
1981-04-16,48.878498
1981-04-17,58.8395
1981-04-18,62.0015
1981-04-19,53.218998
1981-04-20,56.368
1981-04-21,60.052498
1981-04-22,55.021
1981-04-23,60.392998
1981-04-24,82.349
1981-04-25,83.3175
1981-04-26,65.83
1981-04-27,62.0155
1981-04-28,64.7825
1981-04-29,65.119995
1981-04-30,62.4785
1981-05-01,65.1765
1981-05-02,73.64
1981-05-03,80.9345
1981-05-04,91.66647
1981-05-05,65.1895
1981-05-06,46.718998
1981-05-07,55.635
1981-05-08,60.459
1981-05-09,60.7495
1981-05-10,57.2175
1981-05-11,64.397995
1981-05-12,81.904
1981-05-13,75.6435
1981-05-14,71.2405
1981-05-15,71.425995
1981-05-16,73.5125
1981-05-17,67.2855
1981-05-18,60.8395
1981-05-19,59.253498
1981-05-20,69.6765
1981-05-21,64.812
1981-05-22,59.6485
1981-05-23,83.355
1981-05-24,65.618996
1981-05-25,69.3255
1981-05-26,55.8495
1981-05-27,47.524498
1981-05-28,81.456
1981-05-29,65.541504
1981-05-30,63.484
1981-05-31,63.913498
1981-06-01,59.970497
1981-06-02,60.1725
1981-06-03,61.963997
1981-06-04,52.613
1981-06-05,70.3975
1981-06-06,81.234
1981-06-07,77.0405
1981-06-08,76.9145
1981-06-09,74.9005
1981-06-10,83.4285
1981-06-11,69.064
1981-06-12,65.7245
1981-06-13,54.5625
1981-06-14,56.8155
1981-06-15,64.181496
1981-06-16,75.466995
1981-06-17,70.5945
1981-06-18,88.00176
1981-06-19,69.349495
1981-06-20,69.2245
1981-06-21,71.7125
1981-06-22,73.195
1981-06-23,81.691
1981-06-24,86.619
1981-06-25,71.9025
1981-06-26,86.80368
1981-06-27,71.4285
1981-06-28,66.2615
1981-06-29,59.5495
1981-06-30,58.048
1981-07-01,60.997498
1981-07-02,62.102497
1981-07-03,59.059
1981-07-04,59.9995
1981-07-05,56.9755
1981-07-06,56.145
1981-07-07,58.5845
1981-07-08,64.312
1981-07-09,57.585
1981-07-10,64.295
1981-07-11,60.539497
1981-07-12,65.7355
1981-07-13,68.393
1981-07-14,81.6375
1981-07-15,68.349
1981-07-16,65.9915
1981-07-17,64.484
1981-07-18,61.235
1981-07-19,76.0225
1981-07-20,65.521996
1981-07-21,70.4045
1981-07-22,64.0115
1981-07-23,62.949497
1981-07-24,55.9915
1981-07-25,73.9115
1981-07-26,64.4285
1981-07-27,64.654495
1981-07-28,67.942
1981-07-29,61.248997
1981-07-30,68.558
1981-07-31,68.4765
1981-08-01,71.7065
1981-08-02,67.895
1981-08-03,62.037
1981-08-04,73.856
1981-08-05,65.112495
1981-08-06,64.3865
1981-08-07,62.16
1981-08-08,62.625
1981-08-09,59.888496
1981-08-10,69.97
1981-08-11,68.1235
1981-08-12,68.463
1981-08-13,67.493
1981-08-14,63.34
1981-08-15,67.0385
1981-08-16,60.9755
1981-08-17,79.165
1981-08-18,59.836502
1981-08-19,63.3405
1981-08-20,62.2505
1981-08-21,85.0745
1981-08-22,67.2675
1981-08-23,80.241
1981-08-24,73.533
1981-08-25,59.841
1981-08-26,67.703
1981-08-27,72.2635
1981-08-28,74.5355
1981-08-29,68.643
1981-08-30,69.8095
1981-08-31,75.1205
1981-09-01,86.7955
1981-09-02,74.887
1981-09-03,69.7565
1981-09-04,69.259
1981-09-05,73.097496
1981-09-06,69.9545
1981-09-07,73.9705
1981-09-08,71.018
1981-09-09,75.894
1981-09-10,89.43053
1981-09-11,87.873
1981-09-12,78.409
1981-09-13,73.07
1981-09-14,81.7465
1981-09-15,73.753
1981-09-16,74.3375
1981-09-17,85.0695
1981-09-18,83.236496
1981-09-19,87.032
1981-09-20,81.8345
1981-09-21,76.763
1981-09-22,68.051994
1981-09-23,70.848
1981-09-24,77.265495
1981-09-25,76.634995
1981-09-26,77.7755
1981-09-27,73.1295
1981-09-28,87.7195
1981-09-29,81.634
1981-09-30,90.35167
1981-10-01,82.897
1981-10-02,81.6915
1981-10-03,82.4635
1981-10-04,78.123
1981-10-05,78.2935
1981-10-06,78.5485
1981-10-07,69.070496
1981-10-08,76.049995
1981-10-09,78.404
1981-10-10,82.1625
1981-10-11,73.755
1981-10-12,71.163
1981-10-13,74.1345
1981-10-14,64.8505
1981-10-15,76.0105
1981-10-16,74.479
1981-10-17,81.604004
1981-10-18,83.807495
1981-10-19,77.868
1981-10-20,77.9985
1981-10-21,73.8115
1981-10-22,90.4115
1981-10-23,78.754
1981-10-24,71.5585
1981-10-25,69.9425
1981-10-26,73.8315
1981-10-27,89.44158
1981-10-28,77.51
1981-10-29,81.1015
1981-10-30,79.4515
1981-10-31,70.2615
1981-11-01,75.8435
1981-11-02,76.061
1981-11-03,70.0325
1981-11-04,76.5915
1981-11-05,85.5275
1981-11-06,72.519
1981-11-07,73.645
1981-11-08,70.5105
1981-11-09,79.445
1981-11-10,68.1225
1981-11-11,61.177
1981-11-12,70.791
1981-11-13,77.387
1981-11-14,76.2
1981-11-15,71.08
1981-11-16,71.7125
1981-11-17,77.653
1981-11-18,87.5765
1981-11-19,85.967
1981-11-20,82.6775
1981-11-21,78.395
1981-11-22,75.1215
1981-11-23,81.159
1981-11-24,70.919
1981-11-25,85.31579
1981-11-26,74.9885
1981-11-27,82.093
1981-11-28,91.52
1981-11-29,79.719
1981-11-30,74.4825
1981-12-01,79.2485
1981-12-02,79.826996
1981-12-03,78.4615
1981-12-04,80.326996
1981-12-05,76.337
1981-12-06,77.1465
1981-12-07,88.089
1981-12-08,72.4945
1981-12-09,84.276
1981-12-10,80.403
1981-12-11,91.599335
1981-12-12,89.61611
1981-12-13,71.072
1981-12-14,72.9655
1981-12-15,78.7075
1981-12-16,91.89588
1981-12-17,80.8295
1981-12-18,87.5055
1981-12-19,89.2625
1981-12-20,74.31
1981-12-21,83.8365
1981-12-22,81.386
1981-12-23,92.885
1981-12-24,91.89375
1981-12-25,91.948
1981-12-26,86.20684
1981-12-27,88.137
1981-12-28,88.60889
1981-12-29,84.3025
1981-12-30,82.38294
1981-12-31,71.4915
1982-01-01,90.59563
1982-01-02,82.26
1982-01-03,79.612
1982-01-04,75.3145
1982-01-05,79.6665
1982-01-06,74.9805
1982-01-07,46.143497
1982-01-08,54.579998
1982-01-09,75.612
1982-01-10,83.619
1982-01-11,88.787895
1982-01-12,83.802
1982-01-13,83.9505
1982-01-14,84.4695
1982-01-15,89.63765
1982-01-16,91.315
1982-01-17,91.19231
1982-01-18,88.36923
1982-01-19,92.33867
1982-01-20,89.96687
1982-01-21,90.2
1982-01-22,88.136314
1982-01-23,85.003
1982-01-24,88.175995
1982-01-25,84.951
1982-01-26,85.153
1982-01-27,87.0755
1982-01-28,82.64
1982-01-29,79.283
1982-01-30,78.9635
1982-01-31,60.72
1982-02-01,54.062
1982-02-02,65.094
1982-02-03,74.772995
1982-02-04,80.581
1982-02-05,80.4485
1982-02-06,84.272
1982-02-07,73.151
1982-02-08,78.263504
1982-02-09,71.2155
1982-02-10,75.566
1982-02-11,88.001175
1982-02-12,90.789444
1982-02-13,91.919334
1982-02-14,82.996
1982-02-15,88.12945
1982-02-16,77.9845
1982-02-17,76.943
1982-02-18,75.478
1982-02-19,74.0095
1982-02-20,64.228
1982-02-21,73.2045
1982-02-22,85.936
1982-02-23,81.3585
1982-02-24,84.429
1982-02-25,89.942635
1982-02-26,81.325
1982-02-27,69.992
1982-02-28,70.988
1982-03-01,69.385
1982-03-02,85.58474
1982-03-03,59.274998
1982-03-04,62.531
1982-03-05,69.335
1982-03-06,66.052
1982-03-07,78.474
1982-03-08,73.4285
1982-03-09,74.772995
1982-03-10,77.497
1982-03-11,65.0865
1982-03-12,57.36
1982-03-13,64.856
1982-03-14,63.794
1982-03-15,68.7165
1982-03-16,65.8675
1982-03-17,64.047
1982-03-18,76.840996
1982-03-19,85.4935
1982-03-20,78.338
1982-03-21,74.6625
1982-03-22,65.4875
1982-03-23,61.5695
1982-03-24,58.984497
1982-03-25,55.7595
1982-03-26,58.412
1982-03-27,62.649998
1982-03-28,54.095497
1982-03-29,56.42
1982-03-30,88.01
1982-03-31,81.569
1982-04-01,74.9775
1982-04-02,71.4645
1982-04-03,65.589
1982-04-04,59.4775
1982-04-05,60.6925
1982-04-06,55.4335
1982-04-07,64.483
1982-04-08,59.105
1982-04-09,57.7735
1982-04-10,71.095
1982-04-11,67.931496
1982-04-12,68.208
1982-04-13,80.8685
1982-04-14,74.556
1982-04-15,56.9715
1982-04-16,67.471
1982-04-17,63.287
1982-04-18,68.919
1982-04-19,71.388
1982-04-20,59.386497
1982-04-21,48.434998
1982-04-22,62.284
1982-04-23,68.1775
1982-04-24,59.6585
1982-04-25,52.912
1982-04-26,52.121998
1982-04-27,56.0495
1982-04-28,56.2435
1982-04-29,68.612
1982-04-30,51.004997
1982-05-01,60.6365
1982-05-02,53.7395
1982-05-03,50.5995
1982-05-04,50.1145
1982-05-05,47.906
1982-05-06,50.1455
1982-05-07,58.111
1982-05-08,87.91
1982-05-09,81.713
1982-05-10,89.76053
1982-05-11,77.3565
1982-05-12,62.253498
1982-05-13,55.462997
1982-05-14,56.225
1982-05-15,51.4375
1982-05-16,56.816998
1982-05-17,55.448498
1982-05-18,60.526
1982-05-19,67.028496
1982-05-20,69.404
1982-05-21,78.968
1982-05-22,65.599
1982-05-23,75.973495
1982-05-24,85.07421
1982-05-25,66.0805
1982-05-26,69.1655
1982-05-27,69.9855
1982-05-28,63.2375
1982-05-29,78.2875
1982-05-30,69.329
1982-05-31,61.364998
1982-06-01,60.845497
1982-06-02,58.096
1982-06-03,60.6055
1982-06-04,59.9165
1982-06-05,66.713
1982-06-06,59.711998
1982-06-07,66.002
1982-06-08,63.4215
1982-06-09,64.841
1982-06-10,74.3935
1982-06-11,68.2115
1982-06-12,79.913
1982-06-13,81.919
1982-06-14,59.7225
1982-06-15,64.1165
1982-06-16,67.4435
1982-06-17,65.7435
1982-06-18,68.758995
1982-06-19,78.5605
1982-06-20,64.196
1982-06-21,70.4575
1982-06-22,68.423
1982-06-23,68.748
1982-06-24,59.6935
1982-06-25,69.2275
1982-06-26,68.342995
1982-06-27,85.708
1982-06-28,66.367
1982-06-29,73.1775
1982-06-30,64.531
1982-07-01,62.935497
1982-07-02,64.044
1982-07-03,67.0915
1982-07-04,72.2715
1982-07-05,57.8885
1982-07-06,65.859
1982-07-07,66.7725
1982-07-08,56.5495
1982-07-09,56.6395
1982-07-10,57.819
1982-07-11,70.5815
1982-07-12,83.909996
1982-07-13,73.8805
1982-07-14,72.457
1982-07-15,73.799
1982-07-16,72.325
1982-07-17,70.042496
1982-07-18,74.74049
1982-07-19,68.311
1982-07-20,67.948
1982-07-21,66.1015
1982-07-22,71.0655
1982-07-23,77.583496
1982-07-24,79.6035
1982-07-25,80.446
1982-07-26,81.7415
1982-07-27,76.976
1982-07-28,78.778
1982-07-29,68.408
1982-07-30,66.099
1982-07-31,74.419
1982-08-01,66.123
1982-08-02,69.7065
1982-08-03,66.071495
1982-08-04,79.734
1982-08-05,86.012
1982-08-06,77.017
1982-08-07,83.3665
1982-08-08,84.5955
1982-08-09,82.1785
1982-08-10,78.9575
1982-08-11,69.698
1982-08-12,70.448
1982-08-13,69.4355
1982-08-14,68.886
1982-08-15,71.062
1982-08-16,69.812
1982-08-17,82.273
1982-08-18,71.638
1982-08-19,70.5825
1982-08-20,70.7785
1982-08-21,82.28
1982-08-22,69.4395
1982-08-23,69.13
1982-08-24,76.094
1982-08-25,67.717
1982-08-26,70.823
1982-08-27,68.166
1982-08-28,85.565
1982-08-29,84.236496
1982-08-30,82.8715
1982-08-31,79.146996
1982-09-01,78.2315
1982-09-02,73.339
1982-09-03,74.3305
1982-09-04,75.5455
1982-09-05,76.886
1982-09-06,66.0605
1982-09-07,66.042
1982-09-08,78.408
1982-09-09,78.105995
1982-09-10,76.986496
1982-09-11,78.001495
1982-09-12,73.002
1982-09-13,72.826996
1982-09-14,72.808
1982-09-15,74.3025
1982-09-16,78.2695
1982-09-17,76.308
1982-09-18,72.2255
1982-09-19,76.631996
1982-09-20,78.182495
1982-09-21,77.202995
1982-09-22,76.846
1982-09-23,82.6345
1982-09-24,80.088
1982-09-25,84.442
1982-09-26,76.8185
1982-09-27,76.118
1982-09-28,79.755
1982-09-29,80.455
1982-09-30,80.194496
1982-10-01,90.513336
1982-10-02,88.2705
1982-10-03,79.61
1982-10-04,87.0485
1982-10-05,87.455
1982-10-06,83.272
1982-10-07,73.2355
1982-10-08,87.907
1982-10-09,92.92917
1982-10-10,78.4185
1982-10-11,77.506
1982-10-12,86.156
1982-10-13,76.573
1982-10-14,83.9545
1982-10-15,79.083
1982-10-16,72.5625
1982-10-17,81.96
1982-10-18,83.6235
1982-10-19,89.93053
1982-10-20,85.179
1982-10-21,89.01353
1982-10-22,81.555
1982-10-23,81.285
1982-10-24,80.816
1982-10-25,87.7265
1982-10-26,86.7035
1982-10-27,84.5255
1982-10-28,91.16842
1982-10-29,84.336
1982-10-30,81.056
1982-10-31,87.408
1982-11-01,91.433334
1982-11-02,90.79357
1982-11-03,92.22714
1982-11-04,90.80333
1982-11-05,79.746
1982-11-06,63.601997
1982-11-07,75.4065
1982-11-08,78.141
1982-11-09,69.217
1982-11-10,79.749
1982-11-11,78.7385
1982-11-12,77.262
1982-11-13,77.9
1982-11-14,88.415
1982-11-15,85.72316
1982-11-16,91.35105
1982-11-17,82.408424
1982-11-18,69.3635
1982-11-19,71.4565
1982-11-20,77.335
1982-11-21,84.0575
1982-11-22,88.4505
1982-11-23,88.87765
1982-11-24,80.816
1982-11-25,82.3725
1982-11-26,79.0125
1982-11-27,77.961
1982-11-28,82.8565
1982-11-29,82.0765
1982-11-30,86.735
1982-12-01,85.75579
1982-12-02,86.992775
1982-12-03,90.795
1982-12-04,91.73461
1982-12-05,91.491
1982-12-06,90.627144
1982-12-07,90.022
1982-12-08,85.408424
1982-12-09,80.5265
1982-12-10,79.089
1982-12-11,84.6435
1982-12-12,86.668945
1982-12-13,89.81125
1982-12-14,89.711876
1982-12-15,82.7345
1982-12-16,75.673
1982-12-17,77.0995
1982-12-18,82.27
1982-12-19,81.535
1982-12-20,84.3685
1982-12-21,87.62948
1982-12-22,93.26
1982-12-23,89.04737
1982-12-24,89.526
1982-12-25,73.082
1982-12-26,70.997
1982-12-27,76.3675
1982-12-28,79.6775
1982-12-29,69.7355
1982-12-30,65.7465
1982-12-31,76.6055
1983-01-01,80.201
1983-01-02,80.4565
1983-01-03,88.272
1983-01-04,86.389
1983-01-05,88.01737
1983-01-06,86.3385
1983-01-07,90.49824
1983-01-08,84.574
1983-01-09,77.47
1983-01-10,77.444
1983-01-11,71.5325
1983-01-12,82.365
1983-01-13,91.63353
1983-01-14,88.659
1983-01-15,85.32737
1983-01-16,80.3155
1983-01-17,74.932
1983-01-18,66.868
1983-01-19,64.0055
1983-01-20,59.0585
1983-01-21,66.9575
1983-01-22,67.035995
1983-01-23,75.2715
1983-01-24,82.1595
1983-01-25,87.585266
1983-01-26,84.44
1983-01-27,69.324
1983-01-28,71.147
1983-01-29,74.3285
1983-01-30,81.582
1983-01-31,60.455997
1983-02-01,61.6175
1983-02-02,68.2165
1983-02-03,62.791
1983-02-04,60.7375
1983-02-05,58.824997
1983-02-06,82.097496
1983-02-07,91.203156
1983-02-08,88.96611
1983-02-09,92.58091
1983-02-10,92.05133
1983-02-11,88.923996
1983-02-12,82.326996
1983-02-13,83.9325
1983-02-14,91.145004
1983-02-15,70.046
1983-02-16,64.599
1983-02-17,62.531
1983-02-18,66.2715
1983-02-19,75.749
1983-02-20,76.945
1983-02-21,71.751
1983-02-22,63.392498
1983-02-23,65.977
1983-02-24,71.026
1983-02-25,68.083496
1983-02-26,71.086
1983-02-27,78.807
1983-02-28,83.49105
1983-03-01,83.241
1983-03-02,87.764496
1983-03-03,69.759995
1983-03-04,72.2015
1983-03-05,73.2565
1983-03-06,63.428497
1983-03-07,58.856
1983-03-08,68.671
1983-03-09,58.267998
1983-03-10,58.877
1983-03-11,60.086998
1983-03-12,55.703
1983-03-13,54.610996
1983-03-14,46.251
1983-03-15,56.429497
1983-03-16,52.592
1983-03-17,53.51
1983-03-18,59.208
1983-03-19,65.102
1983-03-20,75.509
1983-03-21,65.6645
1983-03-22,75.173
1983-03-23,76.228
1983-03-24,74.4195
1983-03-25,82.4345
1983-03-26,89.13
1983-03-27,67.81
1983-03-28,63.7445
1983-03-29,85.075
1983-03-30,82.932
1983-03-31,85.5085
1983-04-01,90.51211
1983-04-02,72.7695
1983-04-03,77.611496
1983-04-04,81.7735
1983-04-05,76.432495
1983-04-06,63.102497
1983-04-07,79.8515
1983-04-08,64.9705
1983-04-09,62.989
1983-04-10,78.5265
1983-04-11,63.125
1983-04-12,63.684998
1983-04-13,65.261
1983-04-14,66.3125
1983-04-15,69.9795
1983-04-16,77.6335
1983-04-17,65.269
1983-04-18,60.5335
1983-04-19,60.275497
1983-04-20,57.8215
1983-04-21,54.9585
1983-04-22,82.8045
1983-04-23,74.9425
1983-04-24,57.702
1983-04-25,51.927
1983-04-26,52.510998
1983-04-27,52.021
1983-04-28,59.786
1983-04-29,58.317497
1983-04-30,66.0115
1983-05-01,58.809498
1983-05-02,63.007
1983-05-03,64.251495
1983-05-04,71.666
1983-05-05,65.4335
1983-05-06,69.2615
1983-05-07,63.367
1983-05-08,92.054
1983-05-09,88.93611
1983-05-10,73.2455
1983-05-11,68.656
1983-05-12,66.639496
1983-05-13,59.729
1983-05-14,57.795498
1983-05-15,54.962498
1983-05-16,55.2245
1983-05-17,53.327
1983-05-18,54.059498
1983-05-19,53.9895
1983-05-20,59.272
1983-05-21,57.731
1983-05-22,55.2185
1983-05-23,79.555
1983-05-24,87.612495
1983-05-25,78.418495
1983-05-26,73.338
1983-05-27,84.361
1983-05-28,71.7405
1983-05-29,72.472496
1983-05-30,67.4465
1983-05-31,66.677
1983-06-01,64.718
1983-06-02,60.1975
1983-06-03,63.895
1983-06-04,57.652
1983-06-05,55.725
1983-06-06,73.1205
1983-06-07,49.615997
1983-06-08,54.3265
1983-06-09,62.783
1983-06-10,67.664
1983-06-11,74.6855
1983-06-12,65.2595
1983-06-13,64.038
1983-06-14,70.422
1983-06-15,64.8685
1983-06-16,74.9505
1983-06-17,65.7985
1983-06-18,70.407
1983-06-19,87.3735
1983-06-20,88.901
1983-06-21,78.431496
1983-06-22,82.104
1983-06-23,65.382
1983-06-24,67.463
1983-06-25,67.195496
1983-06-26,71.576
1983-06-27,64.96
1983-06-28,82.3105
1983-06-29,61.2735
1983-06-30,60.517
1983-07-01,66.1405
1983-07-02,64.919
1983-07-03,62.677
1983-07-04,60.4615
1983-07-05,59.684
1983-07-06,63.297
1983-07-07,65.9825
1983-07-08,72.545
1983-07-09,51.283997
1983-07-10,55.9515
1983-07-11,64.94
1983-07-12,71.227
1983-07-13,66.096
1983-07-14,68.026
1983-07-15,67.6075
1983-07-16,62.1625
1983-07-17,60.611
1983-07-18,53.5505
1983-07-19,60.4095
1983-07-20,75.399
1983-07-21,64.5825
1983-07-22,61.1595
1983-07-23,57.190998
1983-07-24,65.844
1983-07-25,66.3395
1983-07-26,62.9135
1983-07-27,64.5235
1983-07-28,59.808
1983-07-29,68.2865
1983-07-30,59.4105
1983-07-31,57.204
1983-08-01,56.941998
1983-08-02,70.4795
1983-08-03,79.546
1983-08-04,70.6585
1983-08-05,71.8865
1983-08-06,72.9605
1983-08-07,77.6355
1983-08-08,77.3735
1983-08-09,69.0465
1983-08-10,67.8205
1983-08-11,66.576
1983-08-12,64.613
1983-08-13,69.062
1983-08-14,62.4465
1983-08-15,62.046997
1983-08-16,59.8535
1983-08-17,61.5775
1983-08-18,68.410995
1983-08-19,65.2585
1983-08-20,61.0295
1983-08-21,59.602997
1983-08-22,60.936996
1983-08-23,60.3245
1983-08-24,70.044
1983-08-25,84.26
1983-08-26,70.982
1983-08-27,64.0625
1983-08-28,60.561
1983-08-29,70.326
1983-08-30,77.3295
1983-08-31,71.294
1983-09-01,60.482
1983-09-02,61.458
1983-09-03,74.839
1983-09-04,70.312
1983-09-05,68.1295
1983-09-06,72.82
1983-09-07,76.0815
1983-09-08,66.13
1983-09-09,63.865997
1983-09-10,67.1315
1983-09-11,71.216
1983-09-12,85.29
1983-09-13,73.6555
1983-09-14,70.95
1983-09-15,71.9
1983-09-16,61.1335
1983-09-17,88.298996
1983-09-18,68.7525
1983-09-19,72.3095
1983-09-20,67.3575
1983-09-21,72.7715
1983-09-22,70.434
1983-09-23,69.479996
1983-09-24,74.328
1983-09-25,65.6455
1983-09-26,65.8705
1983-09-27,73.986496
1983-09-28,78.2755
1983-09-29,81.346
1983-09-30,74.903496
1983-10-01,57.4775
1983-10-02,61.2705
1983-10-03,72.725
1983-10-04,69.9675
1983-10-05,72.187
1983-10-06,73.0685
1983-10-07,66.5965
1983-10-08,70.617
1983-10-09,71.6415
1983-10-10,72.9095
1983-10-11,89.44474
1983-10-12,71.198
1983-10-13,73.803
1983-10-14,71.318
1983-10-15,68.73
1983-10-16,68.142
1983-10-17,90.01889
1983-10-18,70.891
1983-10-19,71.8885
1983-10-20,76.927
1983-10-21,69.8875
1983-10-22,70.248
1983-10-23,77.44
1983-10-24,73.223495
1983-10-25,72.664
1983-10-26,68.9795
1983-10-27,71.034
1983-10-28,78.8415
1983-10-29,81.043
1983-10-30,87.1845
1983-10-31,87.06737
1983-11-01,69.5115
1983-11-02,75.5265
1983-11-03,86.0755
1983-11-04,87.835
1983-11-05,90.877365
1983-11-06,86.69579
1983-11-07,88.484665
1983-11-08,90.432724
1983-11-09,89.973076
1983-11-10,90.30875
1983-11-11,88.64579
1983-11-12,62.01
1983-11-13,57.204
1983-11-14,67.383995
1983-11-15,69.0635
1983-11-16,67.127
1983-11-17,67.9665
1983-11-18,75.2275
1983-11-19,81.34
1983-11-20,84.244
1983-11-21,84.4645
1983-11-22,72.0395
1983-11-23,77.5355
1983-11-24,75.221
1983-11-25,86.626114
1983-11-26,83.881
1983-11-27,86.223
1983-11-28,81.3495
1983-11-29,79.904495
1983-11-30,71.307495
1983-12-01,63.61
1983-12-02,66.9845
1983-12-03,65.613
1983-12-04,74.218
1983-12-05,79.5555
1983-12-06,83.8525
1983-12-07,75.8755
1983-12-08,75.2095
1983-12-09,78.089
1983-12-10,85.6585
1983-12-11,75.9275
1983-12-12,83.769
1983-12-13,82.0245
1983-12-14,85.8485
1983-12-15,82.07684
1983-12-16,87.29158
1983-12-17,89.49384
1983-12-18,88.09765
1983-12-19,74.6015
1983-12-20,91.413
1983-12-21,87.016846
1983-12-22,90.666115
1983-12-23,87.56421
1983-12-24,86.696
1983-12-25,83.45941
1983-12-26,75.3515
1983-12-27,55.1155
1983-12-28,63.0625
1983-12-29,79.349
1983-12-30,89.7125
1983-12-31,77.11948
1984-01-01,73.6595
1984-01-02,68.687996
1984-01-03,73.068
1984-01-04,90.69722
1984-01-05,86.122
1984-01-06,79.948
1984-01-07,77.1235
1984-01-08,89.682106
1984-01-09,91.54059
1984-01-10,83.4475
1984-01-11,84.0635
1984-01-12,89.4055
1984-01-13,83.89632
1984-01-14,81.869
1984-01-15,86.692635
1984-01-16,84.1525
1984-01-17,86.6905
1984-01-18,85.972
1984-01-19,89.649
1984-01-20,92.96555
1984-01-21,89.69722
1984-01-22,90.6525
1984-01-23,92.375626
1984-01-24,90.975555
1984-01-25,69.949
1984-01-26,75.5055
1984-01-27,71.413
1984-01-28,81.0535
1984-01-29,92.22875
1984-01-30,93.8525
1984-01-31,90.66538
1984-02-01,92.32333
1984-02-02,92.32
1984-02-03,93.48334
1984-02-04,84.4945
1984-02-05,82.562996
1984-02-06,87.958
1984-02-07,74.9125
1984-02-08,74.0325
1984-02-09,76.336
1984-02-10,65.0575
1984-02-11,61.391
1984-02-12,55.4035
1984-02-13,59.963497
1984-02-14,72.375496
1984-02-15,79.2865
1984-02-16,78.613
1984-02-17,78.562
1984-02-18,76.397995
1984-02-19,91.315
1984-02-20,88.946
1984-02-21,84.657
1984-02-22,90.973335
1984-02-23,94.55333
1984-02-24,92.36846
1984-02-25,90.34077
1984-02-26,86.722
1984-02-27,89.9625
1984-02-28,92.79706
1984-02-29,90.24273
1984-03-01,82.6655
1984-03-02,91.35368
1984-03-03,86.7835
1984-03-04,76.542496
1984-03-05,69.4055
1984-03-06,65.583
1984-03-07,67.6125
1984-03-08,59.241497
1984-03-09,62.861
1984-03-10,60.3595
1984-03-11,60.225998
1984-03-12,76.2405
1984-03-13,75.5105
1984-03-14,74.6985
1984-03-15,70.771996
1984-03-16,66.893
1984-03-17,66.438
1984-03-18,65.204
1984-03-19,49.033997
1984-03-20,44.2365
1984-03-21,64.423
1984-03-22,65.7545
1984-03-23,66.4635
1984-03-24,57.908
1984-03-25,56.5155
1984-03-26,72.07
1984-03-27,59.9815
1984-03-28,60.036
1984-03-29,51.339996
1984-03-30,88.45
1984-03-31,59.1415
1984-04-01,61.106
1984-04-02,77.659996
1984-04-03,83.671
1984-04-04,77.894
1984-04-05,74.754
1984-04-06,69.6305
1984-04-07,60.239
1984-04-08,57.906
1984-04-09,79.361
1984-04-10,77.7195
1984-04-11,78.048996
1984-04-12,78.463
1984-04-13,81.005
1984-04-14,63.8295
1984-04-15,60.517498
1984-04-16,50.071
1984-04-17,68.183
1984-04-18,48.281998
1984-04-19,39.754498
1984-04-20,47.948498
1984-04-21,54.920498
1984-04-22,54.739
1984-04-23,71.097
1984-04-24,61.2515
1984-04-25,53.615498
1984-04-26,49.734
1984-04-27,48.395
1984-04-28,63.365997
1984-04-29,56.583
1984-04-30,74.943
1984-05-01,86.7285
1984-05-02,66.4235
1984-05-03,63.115997
1984-05-04,51.87
1984-05-05,57.809
1984-05-06,66.6485
1984-05-07,71.375496
1984-05-08,82.85
1984-05-09,73.983
1984-05-10,88.1621
1984-05-11,85.336
1984-05-12,86.8215
1984-05-13,89.13167
1984-05-14,79.1025
1984-05-15,62.0205
1984-05-16,75.981
1984-05-17,58.0865
1984-05-18,60.080498
1984-05-19,53.267
1984-05-20,50.2385
1984-05-21,73.7055
1984-05-22,72.8975
1984-05-23,78.918
1984-05-24,72.8415
1984-05-25,70.061
1984-05-26,72.1035
1984-05-27,69.8025
1984-05-28,85.2485
1984-05-29,75.315
1984-05-30,86.4655
1984-05-31,66.239
1984-06-01,73.547
1984-06-02,68.0055
1984-06-03,59.866497
1984-06-04,66.696
1984-06-05,54.92
1984-06-06,63.221
1984-06-07,86.6095
1984-06-08,74.097
1984-06-09,69.146996
1984-06-10,59.219997
1984-06-11,68.6055
1984-06-12,58.7485
1984-06-13,56.167
1984-06-14,52.9575
1984-06-15,74.5275
1984-06-16,63.328
1984-06-17,66.292
1984-06-18,66.2285
1984-06-19,65.2695
1984-06-20,61.993
1984-06-21,67.316
1984-06-22,75.943
1984-06-23,76.372
1984-06-24,84.3725
1984-06-25,64.7465
1984-06-26,66.704
1984-06-27,63.015
1984-06-28,69.410995
1984-06-29,87.85579
1984-06-30,78.1515
1984-07-01,70.8795
1984-07-02,81.825
1984-07-03,78.585
1984-07-04,68.3055
1984-07-05,63.841
1984-07-06,78.102
1984-07-07,77.1415
1984-07-08,64.967
1984-07-09,66.636
1984-07-10,67.7175
1984-07-11,70.9345
1984-07-12,66.576996
1984-07-13,65.0325
1984-07-14,59.0365
1984-07-15,77.0785
1984-07-16,74.075
1984-07-17,70.897
1984-07-18,67.534
1984-07-19,70.511
1984-07-20,73.160995
1984-07-21,67.2115
1984-07-22,68.5255
1984-07-23,70.0675
1984-07-24,69.554
1984-07-25,70.001
1984-07-26,80.8495
1984-07-27,69.076
1984-07-28,80.7695
1984-07-29,82.2565
1984-07-30,66.988
1984-07-31,68.0825
1984-08-01,73.7075
1984-08-02,71.112
1984-08-03,65.826
1984-08-04,65.3595
1984-08-05,68.1585
1984-08-06,74.6055
1984-08-07,81.3415
1984-08-08,80.296
1984-08-09,79.8235
1984-08-10,80.74
1984-08-11,76.468
1984-08-12,74.52
1984-08-13,77.017
1984-08-14,68.862495
1984-08-15,65.966995
1984-08-16,77.371
1984-08-17,75.126
1984-08-18,66.443
1984-08-19,66.517
1984-08-20,61.395
1984-08-21,61.5835
1984-08-22,64.8415
1984-08-23,66.1425
1984-08-24,61.37
1984-08-25,78.45
1984-08-26,75.107
1984-08-27,58.624
1984-08-28,63.696
1984-08-29,69.094
1984-08-30,66.8705
1984-08-31,67.7395
1984-09-01,66.715
1984-09-02,65.8185
1984-09-03,69.9965
1984-09-04,70.4975
1984-09-05,54.946
1984-09-06,79.575
1984-09-07,74.0065
1984-09-08,71.0225
1984-09-09,72.1205
1984-09-10,86.4185
1984-09-11,70.972
1984-09-12,77.096
1984-09-13,79.8085
1984-09-14,81.8925
1984-09-15,81.707
1984-09-16,91.56294
1984-09-17,87.2295
1984-09-18,85.4385
1984-09-19,82.21
1984-09-20,78.462
1984-09-21,92.895
1984-09-22,91.485886
1984-09-23,82.9785
1984-09-24,79.843
1984-09-25,90.36722
1984-09-26,74.3685
1984-09-27,77.99
1984-09-28,81.4635
1984-09-29,87.60421
1984-09-30,87.6605
1984-10-01,85.286
1984-10-02,83.1715
1984-10-03,78.5645
1984-10-04,75.042
1984-10-05,77.4205
1984-10-06,82.553
1984-10-07,80.329
1984-10-08,73.825
1984-10-09,74.13
1984-10-10,82.764496
1984-10-11,82.289
1984-10-12,87.298996
1984-10-13,77.3515
1984-10-14,82.351
1984-10-15,72.29
1984-10-16,69.770996
1984-10-17,73.1795
1984-10-18,76.960495
1984-10-19,71.348495
1984-10-20,73.1035
1984-10-21,81.568
1984-10-22,78.3035
1984-10-23,81.7605
1984-10-24,80.4515
1984-10-25,85.712
1984-10-26,79.8905
1984-10-27,82.3095
1984-10-28,83.479996
1984-10-29,86.006996
1984-10-30,90.31563
1984-10-31,89.625
1984-11-01,91.686
1984-11-02,88.78105
1984-11-03,81.452
1984-11-04,87.963
1984-11-05,90.11053
1984-11-06,84.29158
1984-11-07,83.2845
1984-11-08,84.516495
1984-11-09,81.9405
1984-11-10,85.3121
1984-11-11,83.107
1984-11-12,82.6905
1984-11-13,83.2735
1984-11-14,85.1615
1984-11-15,85.323
1984-11-16,93.33
1984-11-17,90.64176
1984-11-18,90.00846
1984-11-19,93.175
1984-11-20,90.53429
1984-11-21,87.2185
1984-11-22,79.884
1984-11-23,68.484
1984-11-24,59.656
1984-11-25,74.5935
1984-11-26,87.67316
1984-11-27,72.731
1984-11-28,78.4765
1984-11-29,92.409996
1984-11-30,91.93
1984-12-01,92.285
1984-12-02,86.86889
1984-12-03,89.35812
1984-12-04,82.4855
1984-12-05,86.3665
1984-12-06,90.13294
1984-12-07,92.14222
1984-12-08,93.39667
1984-12-09,91.917496
1984-12-10,89.50933
1984-12-11,79.3715
1984-12-12,74.254
1984-12-13,90.00889
1984-12-14,92.03833
1984-12-15,89.43833
1984-12-16,92.59
1984-12-17,92.054665
1984-12-18,92.1
1984-12-19,88.78222
1984-12-20,89.314445
1984-12-21,91.41889
1984-12-22,77.5445
1984-12-23,81.6695
1984-12-24,89.867645
1984-12-25,90.78667
1984-12-26,91.722145
1984-12-27,91.16545
1984-12-28,88.59353
1984-12-29,87.348
1984-12-30,88.655
1984-12-31,76.6735
1985-01-01,83.854996
1985-01-02,84.6155
1985-01-03,82.8185
1985-01-04,79.432495
1985-01-05,76.367
1985-01-06,76.5585
1985-01-07,76.1385
1985-01-08,79.0385
1985-01-09,73.282
1985-01-10,63.687
1985-01-11,72.282
1985-01-12,76.9945
1985-01-13,86.145
1985-01-14,78.426
1985-01-15,86.5245
1985-01-16,76.934
1985-01-17,64.9785
1985-01-18,71.987
1985-01-19,80.9425
1985-01-20,80.3385
1985-01-21,87.521996
1985-01-22,88.225
1985-01-23,82.203995
1985-01-24,87.47895
1985-01-25,81.33211
1985-01-26,76.0165
1985-01-27,80.3715
1985-01-28,69.165
1985-01-29,74.21
1985-01-30,87.67421
1985-01-31,77.166
1985-02-01,78.226
1985-02-02,65.032
1985-02-03,56.7215
1985-02-04,50.854
1985-02-05,67.287994
1985-02-06,77.910995
1985-02-07,80.381
1985-02-08,66.750496
1985-02-09,91.942856
1985-02-10,84.176
1985-02-11,70.8105
1985-02-12,70.7125
1985-02-13,74.849
1985-02-14,77.159
1985-02-15,78.529495
1985-02-16,63.625
1985-02-17,66.544
1985-02-18,62.961998
1985-02-19,61.721
1985-02-20,65.635
1985-02-21,65.7675
1985-02-22,72.8085
1985-02-23,78.5135
1985-02-24,89.75562
1985-02-25,87.71737
1985-02-26,89.57562
1985-02-27,81.3745
1985-02-28,86.96333
1985-03-01,91.18077
1985-03-02,94.935
1985-03-03,93.723335
1985-03-04,91.277855
1985-03-05,85.96632
1985-03-06,78.6915
1985-03-07,92.115
1985-03-08,85.3885
1985-03-09,80.531
1985-03-10,78.9695
1985-03-11,93.457
1985-03-12,87.235504
1985-03-13,80.1275
1985-03-14,86.77579
1985-03-15,87.28236
1985-03-16,83.90632
1985-03-17,90.53562
1985-03-18,81.4335
1985-03-19,92.76385
1985-03-20,84.925
1985-03-21,90.73312
1985-03-22,90.179375
1985-03-23,91.51462
1985-03-24,92.09923
1985-03-25,74.194
1985-03-26,71.307495
1985-03-27,68.8265
1985-03-28,68.066
1985-03-29,58.767998
1985-03-30,49.8195
1985-03-31,56.3905
1985-04-01,49.5095
1985-04-02,61.352
1985-04-03,60.1215
1985-04-04,61.1325
1985-04-05,52.7935
1985-04-06,57.038
1985-04-07,66.556496
1985-04-08,65.486496
1985-04-09,67.863495
1985-04-10,76.96
1985-04-11,65.5455
1985-04-12,77.6485
1985-04-13,58.635498
1985-04-14,76.0685
1985-04-15,72.584
1985-04-16,61.012
1985-04-17,70.948
1985-04-18,75.803
1985-04-19,61.6965
1985-04-20,66.9375
1985-04-21,61.092
1985-04-22,58.428497
1985-04-23,64.317
1985-04-24,76.776
1985-04-25,57.9535
1985-04-26,65.876495
1985-04-27,75.2885
1985-04-28,86.1265
1985-04-29,61.545998
1985-04-30,53.707
1985-05-01,62.594498
1985-05-02,84.48158
1985-05-03,76.655
1985-05-04,64.333
1985-05-05,83.8805
1985-05-06,86.7725
1985-05-07,84.85737
1985-05-08,64.006996
1985-05-09,60.961998
1985-05-10,68.1465
1985-05-11,72.2585
1985-05-12,70.972496
1985-05-13,63.75
1985-05-14,67.5395
1985-05-15,69.7345
1985-05-16,75.3815
1985-05-17,87.808
1985-05-18,79.814995
1985-05-19,79.6445
1985-05-20,79.2265
1985-05-21,74.568
1985-05-22,80.056
1985-05-23,67.2185
1985-05-24,65.923
1985-05-25,67.53
1985-05-26,64.698
1985-05-27,66.8465
1985-05-28,58.374
1985-05-29,67.5485
1985-05-30,71.608
1985-05-31,79.6165
1985-06-01,71.611496
1985-06-02,82.2255
1985-06-03,83.57105
1985-06-04,78.500496
1985-06-05,67.585
1985-06-06,69.098
1985-06-07,64.4995
1985-06-08,84.562
1985-06-09,79.123
1985-06-10,72.3305
1985-06-11,73.688995
1985-06-12,64.449
1985-06-13,84.7675
1985-06-14,77.5355
1985-06-15,79.0585
1985-06-16,59.212498
1985-06-17,85.8185
1985-06-18,67.1235
1985-06-19,65.5955
1985-06-20,86.72895
1985-06-21,78.0285
1985-06-22,67.0205
1985-06-23,88.871
1985-06-24,74.316
1985-06-25,62.034
1985-06-26,60.732998
1985-06-27,80.182
1985-06-28,76.9095
1985-06-29,68.696
1985-06-30,69.594
1985-07-01,83.7055
1985-07-02,82.973
1985-07-03,64.8715
1985-07-04,65.1035
1985-07-05,63.981
1985-07-06,57.325
1985-07-07,70.498
1985-07-08,72.2155
1985-07-09,66.418495
1985-07-10,77.879
1985-07-11,74.0585
1985-07-12,70.85
1985-07-13,67.2145
1985-07-14,68.069
1985-07-15,69.442
1985-07-16,70.684
1985-07-17,86.7895
1985-07-18,78.2845
1985-07-19,75.337
1985-07-20,72.142
1985-07-21,83.376495
1985-07-22,63.811
1985-07-23,60.719997
1985-07-24,65.7115
1985-07-25,71.0215
1985-07-26,69.0485
1985-07-27,67.129
1985-07-28,72.6565
1985-07-29,55.878
1985-07-30,64.574
1985-07-31,80.459
1985-08-01,67.874
1985-08-02,82.5545
1985-08-03,67.1885
1985-08-04,75.988495
1985-08-05,66.07
1985-08-06,65.441
1985-08-07,86.8145
1985-08-08,71.35
1985-08-09,82.2975
1985-08-10,77.097496
1985-08-11,76.9945
1985-08-12,74.8545
1985-08-13,71.141
1985-08-14,64.8845
1985-08-15,67.234
1985-08-16,64.944
1985-08-17,67.317
1985-08-18,82.7025
1985-08-19,72.291
1985-08-20,72.406
1985-08-21,69.5865
1985-08-22,70.5435
1985-08-23,74.1415
1985-08-24,70.372
1985-08-25,62.064
1985-08-26,85.014
1985-08-27,76.639
1985-08-28,79.0665
1985-08-29,77.9655
1985-08-30,75.234
1985-08-31,73.5315
1985-09-01,75.918495
1985-09-02,78.906
1985-09-03,72.3405
1985-09-04,76.9265
1985-09-05,68.8055
1985-09-06,77.584496
1985-09-07,62.28
1985-09-08,78.4945
1985-09-09,89.697
1985-09-10,72.3405
1985-09-11,73.980995
1985-09-12,72.910995
1985-09-13,72.224
1985-09-14,73.444496
1985-09-15,69.051
1985-09-16,77.464
1985-09-17,73.015
1985-09-18,75.3515
1985-09-19,70.410995
1985-09-20,74.2735
1985-09-21,72.543
1985-09-22,70.2015
1985-09-23,69.465996
1985-09-24,77.0645
1985-09-25,72.5805
1985-09-26,75.8055
1985-09-27,74.841995
1985-09-28,76.7325
1985-09-29,74.9395
1985-09-30,75.168495
1985-10-01,72.659996
1985-10-02,75.2305
1985-10-03,76.723
1985-10-04,79.895
1985-10-05,79.8405
1985-10-06,77.3965
1985-10-07,80.197
1985-10-08,78.904495
1985-10-09,67.641
1985-10-10,76.475
1985-10-11,71.427
1985-10-12,82.358
1985-10-13,64.9065
1985-10-14,66.4635
1985-10-15,75.124
1985-10-16,68.7725
1985-10-17,75.3875
1985-10-18,77.197
1985-10-19,85.976
1985-10-20,77.02
1985-10-21,81.47
1985-10-22,83.4275
1985-10-23,74.3375
1985-10-24,73.015
1985-10-25,77.1835
1985-10-26,82.677
1985-10-27,89.8925
1985-10-28,90.39
1985-10-29,93.388
1985-10-30,91.12235
1985-10-31,93.86714
1985-11-01,93.51889
1985-11-02,89.322
1985-11-03,83.585
1985-11-04,85.74947
1985-11-05,86.5079
1985-11-06,76.1785
1985-11-07,69.9525
1985-11-08,74.1245
1985-11-09,76.3795
1985-11-10,79.848495
1985-11-11,91.054665
1985-11-12,92.39222
1985-11-13,93.975
1985-11-14,85.795265
1985-11-15,78.293
1985-11-16,89.13117
1985-11-17,83.229
1985-11-18,90.144
1985-11-19,93.336
1985-11-20,93.246254
1985-11-21,93.509995
1985-11-22,93.975
1985-11-23,87.75
1985-11-24,
1985-11-25,92.24
1985-11-26,87.67842
1985-11-27,88.19789
1985-11-28,89.13118
1985-11-29,78.5365
1985-11-30,85.53529
1985-12-01,88.5479
1985-12-02,90.21083
1985-12-03,85.57883
1985-12-04,87.02722
1985-12-05,88.06
1985-12-06,86.705
1985-12-07,86.2605
1985-12-08,89.729996
1985-12-09,90.73125
1985-12-10,91.501816
1985-12-11,91.805626
1985-12-12,91.42833
1985-12-13,92.17533
1985-12-14,91.10077
1985-12-15,86.3315
1985-12-16,75.605
1985-12-17,69.8325
1985-12-18,90.14883
1985-12-19,81.395
1985-12-20,80.165
1985-12-21,87.4065
1985-12-22,88.86444
1985-12-23,92.16417
1985-12-24,92.87556
1985-12-25,90.707146
1985-12-26,91.69
1985-12-27,89.36474
1985-12-28,87.38467
1985-12-29,78.4825
1985-12-30,85.565
1985-12-31,92.22546
1986-01-01,91.01929
1986-01-02,91.11733
1986-01-03,92.705
1986-01-04,90.93437
1986-01-05,80.0615
1986-01-06,87.342
1986-01-07,86.305
1986-01-08,87.546
1986-01-09,88.876114
1986-01-10,83.6165
1986-01-11,86.86823
1986-01-12,91.189415
1986-01-13,78.5245
1986-01-14,76.729
1986-01-15,80.2305
1986-01-16,81.949
1986-01-17,71.359
1986-01-18,72.062
1986-01-19,71.205
1986-01-20,64.9175
1986-01-21,79.279
1986-01-22,84.2655
1986-01-23,77.7775
1986-01-24,87.016
1986-01-25,77.3555
1986-01-26,74.3215
1986-01-27,77.3605
1986-01-28,81.335
1986-01-29,91.71933
1986-01-30,89.7175
1986-01-31,89.495384
1986-02-01,91.962
1986-02-02,93.46667
1986-02-03,87.336845
1986-02-04,77.5445
1986-02-05,79.603
1986-02-06,82.0755
1986-02-07,82.027
1986-02-08,81.9965
1986-02-09,89.945
1986-02-10,89.46111
1986-02-11,91.667694
1986-02-12,85.13105
1986-02-13,85.9475
1986-02-14,86.388
1986-02-15,86.999
1986-02-16,93.578
1986-02-17,90.710556
1986-02-18,90.32125
1986-02-19,93.24
1986-02-20,77.4195
1986-02-21,80.7205
1986-02-22,84.909
1986-02-23,88.90211
1986-02-24,81.668
1986-02-25,71.604
1986-02-26,67.6075
1986-02-27,74.2165
1986-02-28,78.1845
1986-03-01,88.6425
1986-03-02,90.62546
1986-03-03,91.17368
1986-03-04,90.280556
1986-03-05,81.084
1986-03-06,76.4245
1986-03-07,90.53067
1986-03-08,88.76222
1986-03-09,91.50833
1986-03-10,87.93737
1986-03-11,85.68737
1986-03-12,92.082
1986-03-13,94.3525
1986-03-14,94.01
1986-03-15,93.35889
1986-03-16,77.362495
1986-03-17,72.892
1986-03-18,69.05
1986-03-19,75.5445
1986-03-20,75.434
1986-03-21,88.57842
1986-03-22,81.944496
1986-03-23,76.668
1986-03-24,69.9925
1986-03-25,88.1475
1986-03-26,85.632
1986-03-27,72.2425
1986-03-28,71.986
1986-03-29,69.783
1986-03-30,87.956
1986-03-31,64.198
1986-04-01,68.2405
1986-04-02,69.574
1986-04-03,62.6485
1986-04-04,63.1905
1986-04-05,65.404
1986-04-06,74.465
1986-04-07,58.333
1986-04-08,50.955498
1986-04-09,58.058
1986-04-10,71.6795
1986-04-11,70.137
1986-04-12,88.8445
1986-04-13,84.5195
1986-04-14,63.203
1986-04-15,64.601
1986-04-16,85.36842
1986-04-17,61.661
1986-04-18,81.404
1986-04-19,82.6905
1986-04-20,70.1635
1986-04-21,60.863
1986-04-22,58.0725
1986-04-23,57.448997
1986-04-24,54.983498
1986-04-25,50.2095
1986-04-26,45.3965
1986-04-27,55.339497
1986-04-28,67.32
1986-04-29,76.8715
1986-04-30,65.1215
1986-05-01,64.6545
1986-05-02,62.8195
1986-05-03,64.3885
1986-05-04,62.379498
1986-05-05,56.5375
1986-05-06,62.649
1986-05-07,61.1945
1986-05-08,73.256
1986-05-09,62.381996
1986-05-10,53.548
1986-05-11,70.4545
1986-05-12,70.916
1986-05-13,67.2725
1986-05-14,58.2995
1986-05-15,62.203
1986-05-16,81.7765
1986-05-17,84.9825
1986-05-18,75.445
1986-05-19,76.6365
1986-05-20,86.863
1986-05-21,80.362
1986-05-22,67.684
1986-05-23,65.487495
1986-05-24,79.5355
1986-05-25,59.849
1986-05-26,61.038998
1986-05-27,58.678997
1986-05-28,61.0575
1986-05-29,81.823
1986-05-30,86.6655
1986-05-31,71.2985
1986-06-01,78.4965
1986-06-02,73.1805
1986-06-03,85.0645
1986-06-04,77.719
1986-06-05,82.505
1986-06-06,85.0895
1986-06-07,73.251495
1986-06-08,66.2605
1986-06-09,62.539
1986-06-10,65.270996
1986-06-11,65.556
1986-06-12,82.098
1986-06-13,88.562
1986-06-14,82.5405
1986-06-15,80.579
1986-06-16,73.659996
1986-06-17,70.7295
1986-06-18,73.741
1986-06-19,86.338
1986-06-20,76.8915
1986-06-21,76.2715
1986-06-22,70.429
1986-06-23,68.182495
1986-06-24,63.3485
1986-06-25,65.6285
1986-06-26,56.751
1986-06-27,52.9275
1986-06-28,60.399498
1986-06-29,84.158
1986-06-30,69.8415
1986-07-01,66.1895
1986-07-02,67.3455
1986-07-03,67.937
1986-07-04,66.2495
1986-07-05,66.514496
1986-07-06,55.7175
1986-07-07,88.21158
1986-07-08,64.5935
1986-07-09,68.048
1986-07-10,74.835495
1986-07-11,79.728
1986-07-12,73.357
1986-07-13,81.388
1986-07-14,65.4675
1986-07-15,64.819
1986-07-16,63.0705
1986-07-17,69.443
1986-07-18,67.423
1986-07-19,78.208
1986-07-20,85.178
1986-07-21,74.0485
1986-07-22,71.991
1986-07-23,66.8085
1986-07-24,75.0555
1986-07-25,62.466
1986-07-26,68.7825
1986-07-27,69.0405
1986-07-28,68.1055
1986-07-29,70.498
1986-07-30,72.029
1986-07-31,71.3315
1986-08-01,73.7565
1986-08-02,74.281
1986-08-03,73.251495
1986-08-04,73.3605
1986-08-05,76.936
1986-08-06,67.5575
1986-08-07,74.533
1986-08-08,69.5965
1986-08-09,74.9825
1986-08-10,72.4525
1986-08-11,74.550995
1986-08-12,69.208
1986-08-13,70.0325
1986-08-14,72.7695
1986-08-15,72.4225
1986-08-16,64.309
1986-08-17,72.0605
1986-08-18,66.0195
1986-08-19,81.462
1986-08-20,69.546
1986-08-21,73.881996
1986-08-22,66.602
1986-08-23,70.18
1986-08-24,81.298996
1986-08-25,77.2575
1986-08-26,71.335
1986-08-27,80.2295
1986-08-28,90.265
1986-08-29,83.052
1986-08-30,77.6845
1986-08-31,72.2245
1986-09-01,75.3665
1986-09-02,67.443
1986-09-03,68.1745
1986-09-04,77.154
1986-09-05,73.1075
1986-09-06,74.371
1986-09-07,74.65
1986-09-08,75.664
1986-09-09,73.842995
1986-09-10,94.465
1986-09-11,81.203995
1986-09-12,83.438
1986-09-13,78.9805
1986-09-14,80.1385
1986-09-15,79.886
1986-09-16,73.236
1986-09-17,80.1405
1986-09-18,84.359
1986-09-19,69.6785
1986-09-20,73.6035
1986-09-21,72.750496
1986-09-22,69.4605
1986-09-23,73.501495
1986-09-24,73.361
1986-09-25,73.849495
1986-09-26,82.410995
1986-09-27,76.143
1986-09-28,77.155
1986-09-29,77.0615
1986-09-30,73.910995
1986-10-01,76.4995
1986-10-02,72.750496
1986-10-03,76.7545
1986-10-04,77.7625
1986-10-05,73.3295
1986-10-06,73.9485
1986-10-07,78.571495
1986-10-08,78.5765
1986-10-09,80.223
1986-10-10,78.2335
1986-10-11,80.1495
1986-10-12,80.267
1986-10-13,73.699
1986-10-14,77.201
1986-10-15,69.167496
1986-10-16,71.647995
1986-10-17,75.7725
1986-10-18,75.4915
1986-10-19,79.198
1986-10-20,87.143
1986-10-21,61.277
1986-10-22,72.193
1986-10-23,81.3145
1986-10-24,77.261
1986-10-25,80.4375
1986-10-26,89.5535
1986-10-27,90.29125
1986-10-28,88.207504
1986-10-29,87.33056
1986-10-30,86.684
1986-10-31,85.497
1986-11-01,81.591995
1986-11-02,88.24
1986-11-03,65.319496
1986-11-04,76.437996
1986-11-05,69.6765
1986-11-06,70.899
1986-11-07,68.694496
1986-11-08,82.7065
1986-11-09,79.171
1986-11-10,82.826
1986-11-11,91.96111
1986-11-12,90.69353
1986-11-13,91.50143
1986-11-14,87.93263
1986-11-15,81.656
1986-11-16,92.03111
1986-11-17,90.39
1986-11-18,92.9
1986-11-19,92.86857
1986-11-20,90.22316
1986-11-21,90.38889
1986-11-22,91.323746
1986-11-23,85.4945
1986-11-24,89.16778
1986-11-25,84.58
1986-11-26,93.36
1986-11-27,85.0485
1986-11-28,77.69369
1986-11-29,90.28467
1986-11-30,92.01833
1986-12-01,88.64571
1986-12-02,90.6775
1986-12-03,88.322945
1986-12-04,93.02286
1986-12-05,90.2575
1986-12-06,92.872
1986-12-07,92.97125
1986-12-08,90.84625
1986-12-09,91.588
1986-12-10,88.8175
1986-12-11,89.58
1986-12-12,90.82111
1986-12-13,87.43895
1986-12-14,89.694374
1986-12-15,91.00889
1986-12-16,91.493
1986-12-17,84.66368
1986-12-18,81.9565
1986-12-19,75.779
1986-12-20,62.954998
1986-12-21,67.362
1986-12-22,71.8945
1986-12-23,71.475
1986-12-24,70.701
1986-12-25,79.713
1986-12-26,83.978
1986-12-27,74.6415
1986-12-28,68.3265
1986-12-29,63.935497
1986-12-30,67.954
1986-12-31,78.6505
1987-01-01,78.9605
1987-01-02,86.10389
1987-01-03,62.984497
1987-01-04,69.4555
1987-01-05,73.758
1987-01-06,80.07
1987-01-07,70.817
1987-01-08,64.1025
1987-01-09,73.128
1987-01-10,86.724
1987-01-11,86.068
1987-01-12,77.792496
1987-01-13,84.3195
1987-01-14,84.5985
1987-01-15,88.6865
1987-01-16,90.44866
1987-01-17,90.15
1987-01-18,91.83733
1987-01-19,89.32353
1987-01-20,92.25916
1987-01-21,88.66333
1987-01-22,89.51647
1987-01-23,86.5735
1987-01-24,82.8975
1987-01-25,78.362
1987-01-26,86.4275
1987-01-27,75.411995
1987-01-28,84.625
1987-01-29,82.871
1987-01-30,69.3605
1987-01-31,69.751
1987-02-01,78.7055
1987-02-02,76.4225
1987-02-03,73.6835
1987-02-04,82.6815
1987-02-05,86.9545
1987-02-06,86.323
1987-02-07,88.11895
1987-02-08,74.277
1987-02-09,81.6935
1987-02-10,82.265
1987-02-11,86.12
1987-02-12,75.617
1987-02-13,88.297226
1987-02-14,90.63
1987-02-15,92.355
1987-02-16,91.31875
1987-02-17,91.64066
1987-02-18,93.71
1987-02-19,93.226
1987-02-20,93.03
1987-02-21,73.2805
1987-02-22,81.798
1987-02-23,70.483
1987-02-24,58.347
1987-02-25,63.8875
1987-02-26,65.209
1987-02-27,65.042
1987-02-28,86.40263
1987-03-01,88.0545
1987-03-02,89.87556
1987-03-03,69.838
1987-03-04,68.411
1987-03-05,73.0555
1987-03-06,68.793
1987-03-07,73.798
1987-03-08,76.4685
1987-03-09,80.642
1987-03-10,84.3965
1987-03-11,80.184
1987-03-12,77.278496
1987-03-13,71.311
1987-03-14,73.7065
1987-03-15,68.365
1987-03-16,79.1235
1987-03-17,71.737
1987-03-18,69.274
1987-03-19,91.22429
1987-03-20,92.358574
1987-03-21,67.8545
1987-03-22,67.3255
1987-03-23,68.6995
1987-03-24,70.3665
1987-03-25,65.55
1987-03-26,76.946
1987-03-27,75.8325
1987-03-28,80.787
1987-03-29,83.9525
1987-03-30,68.5885
1987-03-31,90.86867
1987-04-01,88.4745
1987-04-02,92.38637
1987-04-03,79.522995
1987-04-04,62.8865
1987-04-05,53.926
1987-04-06,63.7925
1987-04-07,64.012
1987-04-08,69.232
1987-04-09,82.869
1987-04-10,91.227776
1987-04-11,86.722496
1987-04-12,70.3865
1987-04-13,76.284
1987-04-14,68.7925
1987-04-15,58.6895
1987-04-16,74.825
1987-04-17,70.585
1987-04-18,60.2075
1987-04-19,62.032997
1987-04-20,75.9095
1987-04-21,75.496
1987-04-22,76.845
1987-04-23,68.629
1987-04-24,65.26
1987-04-25,61.4865
1987-04-26,60.168
1987-04-27,52.9995
1987-04-28,57.498
1987-04-29,58.169
1987-04-30,54.733498
1987-05-01,57.233997
1987-05-02,65.02
1987-05-03,65.5055
1987-05-04,89.575
1987-05-05,89.94471
1987-05-06,89.45842
1987-05-07,67.8505
1987-05-08,57.067497
1987-05-09,64.6425
1987-05-10,58.2285
1987-05-11,82.548
1987-05-12,79.76
1987-05-13,88.929474
1987-05-14,83.197
1987-05-15,79.333
1987-05-16,88.085
1987-05-17,75.4335
1987-05-18,85.5265
1987-05-19,75.61
1987-05-20,84.206
1987-05-21,78.94
1987-05-22,77.986
1987-05-23,91.020584
1987-05-24,74.467
1987-05-25,70.5535
1987-05-26,74.6015
1987-05-27,76.6695
1987-05-28,84.7365
1987-05-29,79.3775
1987-05-30,75.4765
1987-05-31,75.1905
1987-06-01,81.468
1987-06-02,74.0905
1987-06-03,79.899
1987-06-04,79.419
1987-06-05,84.288
1987-06-06,68.895996
1987-06-07,64.9955
1987-06-08,59.2925
1987-06-09,80.0135
1987-06-10,69.789
1987-06-11,64.071
1987-06-12,70.6165
1987-06-13,68.4205
1987-06-14,62.2575
1987-06-15,62.9395
1987-06-16,78.026
1987-06-17,76.3445
1987-06-18,74.67
1987-06-19,73.875496
1987-06-20,84.986496
1987-06-21,92.31
1987-06-22,89.975624
1987-06-23,76.18
1987-06-24,76.428
1987-06-25,78.9505
1987-06-26,73.673
1987-06-27,77.521996
1987-06-28,70.8875
1987-06-29,73.173
1987-06-30,74.339
1987-07-01,73.7955
1987-07-02,78.7605
1987-07-03,79.131996
1987-07-04,66.9645
1987-07-05,61.8555
1987-07-06,64.697
1987-07-07,64.098
1987-07-08,65.7035
1987-07-09,86.6045
1987-07-10,70.197
1987-07-11,70.168
1987-07-12,64.3085
1987-07-13,72.9345
1987-07-14,73.837
1987-07-15,72.8435
1987-07-16,76.410995
1987-07-17,68.226
1987-07-18,65.244
1987-07-19,59.415497
1987-07-20,68.5055
1987-07-21,62.992
1987-07-22,62.510998
1987-07-23,63.2155
1987-07-24,69.2035
1987-07-25,84.89526
1987-07-26,91.14533
1987-07-27,63.573997
1987-07-28,75.67
1987-07-29,72.444
1987-07-30,65.1075
1987-07-31,83.8275
1987-08-01,76.378
1987-08-02,83.787
1987-08-03,84.916504
1987-08-04,91.364
1987-08-05,90.13812
1987-08-06,73.333496
1987-08-07,88.651
1987-08-08,81.966995
1987-08-09,80.269
1987-08-10,83.1125
1987-08-11,80.199
1987-08-12,76.141495
1987-08-13,84.0615
1987-08-14,82.213
1987-08-15,84.3715
1987-08-16,76.563995
1987-08-17,82.265
1987-08-18,76.725
1987-08-19,85.286
1987-08-20,79.6935
1987-08-21,78.679
1987-08-22,75.728
1987-08-23,73.613
1987-08-24,67.4525
1987-08-25,73.803
1987-08-26,79.245
1987-08-27,76.4845
1987-08-28,76.9425
1987-08-29,76.868996
1987-08-30,77.965996
1987-08-31,77.8465
1987-09-01,74.0065
1987-09-02,78.279
1987-09-03,79.208
1987-09-04,74.235
1987-09-05,76.756
1987-09-06,91.43938
1987-09-07,72.79
1987-09-08,81.994
1987-09-09,79.3865
1987-09-10,77.9535
1987-09-11,78.738
1987-09-12,76.276
1987-09-13,75.507996
1987-09-14,75.545
1987-09-15,76.2745
1987-09-16,74.2805
1987-09-17,79.7845
1987-09-18,75.006
1987-09-19,79.906
1987-09-20,71.7815
1987-09-21,78.2565
1987-09-22,72.1575
1987-09-23,75.7835
1987-09-24,80.4495
1987-09-25,85.126
1987-09-26,79.9
1987-09-27,91.820625
1987-09-28,81.7245
1987-09-29,75.832
1987-09-30,73.622
1987-10-01,75.847496
1987-10-02,74.104
1987-10-03,76.7445
1987-10-04,73.0385
1987-10-05,75.6445
1987-10-06,74.4485
1987-10-07,78.7095
1987-10-08,72.673996
1987-10-09,81.042496
1987-10-10,81.565
1987-10-11,76.390495
1987-10-12,83.0545
1987-10-13,86.335266
1987-10-14,77.056
1987-10-15,75.3285
1987-10-16,73.3165
1987-10-17,82.116
1987-10-18,91.94818
1987-10-19,89.693886
1987-10-20,89.64
1987-10-21,91.65615
1987-10-22,90.79883
1987-10-23,85.0205
1987-10-24,91.0385
1987-10-25,91.92333
1987-10-26,90.0375
1987-10-27,82.7665
1987-10-28,81.248
1987-10-29,74.945
1987-10-30,74.1085
1987-10-31,71.3605
1987-11-01,78.931
1987-11-02,93.145
1987-11-03,82.927
1987-11-04,70.2155
1987-11-05,79.3785
1987-11-06,86.945
1987-11-07,88.17934
1987-11-08,91.747
1987-11-09,92.503334
1987-11-10,93.935
1987-11-11,93.17154
1987-11-12,91.372665
1987-11-13,84.532
1987-11-14,90.23222
1987-11-15,92.81
1987-11-16,92.566925
1987-11-17,91.806
1987-11-18,79.9665
1987-11-19,87.86053
1987-11-20,86.2335
1987-11-21,84.526
1987-11-22,80.5305
1987-11-23,80.641
1987-11-24,93.11143
1987-11-25,76.989
1987-11-26,89.12308
1987-11-27,91.39467
1987-11-28,92.363
1987-11-29,91.152855
1987-11-30,91.93889
1987-12-01,83.744736
1987-12-02,87.536316
1987-12-03,88.5785
1987-12-04,86.76556
1987-12-05,89.037056
1987-12-06,92.261665
1987-12-07,88.1285
1987-12-08,81.9225
1987-12-09,75.0665
1987-12-10,78.882996
1987-12-11,74.678
1987-12-12,82.1915
1987-12-13,89.804665
1987-12-14,92.00667
1987-12-15,91.12666
1987-12-16,93.34286
1987-12-17,91.39555
1987-12-18,92.134544
1987-12-19,88.47
1987-12-20,82.2835
1987-12-21,78.020996
1987-12-22,86.551
1987-12-23,79.21611
1987-12-24,85.46737
1987-12-25,90.67438
1987-12-26,91.22182
1987-12-27,87.9421
1987-12-28,67.739
1987-12-29,71.694
1987-12-30,78.7505
1987-12-31,82.42895
1988-01-01,94.07
1988-01-02,91.13461
1988-01-03,85.3095
1988-01-04,89.822945
1988-01-05,82.418884
1988-01-06,80.35684
1988-01-07,88.213684
1988-01-08,80.744
1988-01-09,81.485
1988-01-10,91.44063
1988-01-11,90.29111
1988-01-12,81.654
1988-01-13,87.84556
1988-01-14,91.162
1988-01-15,91.905
1988-01-16,93.062
1988-01-17,
1988-01-18,
1988-01-19,93.149994
1988-01-20,93.5
1988-01-21,92.72
1988-01-22,91.21176
1988-01-23,84.5445
1988-01-24,82.7985
1988-01-25,84.8821
1988-01-26,87.42294
1988-01-27,81.011
1988-01-28,89.140625
1988-01-29,77.6835
1988-01-30,91.77
1988-01-31,73.820496
1988-02-01,65.1275
1988-02-02,84.7605
1988-02-03,76.9205
1988-02-04,78.149
1988-02-05,83.169
1988-02-06,74.5275
1988-02-07,71.18
1988-02-08,86.7445
1988-02-09,66.5445
1988-02-10,88.531876
1988-02-11,84.833496
1988-02-12,85.3595
1988-02-13,79.914
1988-02-14,81.754
1988-02-15,86.239
1988-02-16,82.6285
1988-02-17,86.5355
1988-02-18,71.902
1988-02-19,74.136
1988-02-20,84.0065
1988-02-21,73.599
1988-02-22,74.7035
1988-02-23,74.815994
1988-02-24,88.29842
1988-02-25,90.939415
1988-02-26,82.8045
1988-02-27,90.79857
1988-02-28,83.3255
1988-02-29,84.236
1988-03-01,75.0555
1988-03-02,69.786995
1988-03-03,70.1245
1988-03-04,69.473
1988-03-05,87.49722
1988-03-06,78.0725
1988-03-07,80.176
1988-03-08,65.6715
1988-03-09,67.346
1988-03-10,60.0425
1988-03-11,73.8005
1988-03-12,75.922
1988-03-13,84.033
1988-03-14,85.9765
1988-03-15,82.9255
1988-03-16,67.249
1988-03-17,62.833
1988-03-18,75.5235
1988-03-19,57.526497
1988-03-20,65.4565
1988-03-21,75.0055
1988-03-22,91.719284
1988-03-23,77.2295
1988-03-24,82.442
1988-03-25,74.806496
1988-03-26,69.3125
1988-03-27,74.784
1988-03-28,59.42
1988-03-29,61.002
1988-03-30,57.208
1988-03-31,80.9085
1988-04-01,74.6345
1988-04-02,69.2435
1988-04-03,74.686
1988-04-04,68.5625
1988-04-05,88.68316
1988-04-06,74.7415
1988-04-07,78.651
1988-04-08,76.6385
1988-04-09,75.581
1988-04-10,75.397995
1988-04-11,65.9545
1988-04-12,59.249
1988-04-13,78.613
1988-04-14,44.2865
1988-04-15,51.982
1988-04-16,54.574497
1988-04-17,60.4215
1988-04-18,54.7895
1988-04-19,54.906
1988-04-20,55.573997
1988-04-21,71.3415
1988-04-22,68.8495
1988-04-23,70.406
1988-04-24,71.733
1988-04-25,68.6435
1988-04-26,73.678
1988-04-27,68.183
1988-04-28,77.82
1988-04-29,79.1125
1988-04-30,81.777
1988-05-01,64.082
1988-05-02,62.1345
1988-05-03,62.594498
1988-05-04,67.7685
1988-05-05,75.5885
1988-05-06,82.4065
1988-05-07,66.4195
1988-05-08,64.954
1988-05-09,61.8045
1988-05-10,50.139
1988-05-11,59.2685
1988-05-12,61.2345
1988-05-13,73.271996
1988-05-14,68.9105
1988-05-15,75.794
1988-05-16,74.4835
1988-05-17,73.0715
1988-05-18,70.501
1988-05-19,75.9535
1988-05-20,81.112495
1988-05-21,76.2425
1988-05-22,64.6295
1988-05-23,73.223495
1988-05-24,73.981
1988-05-25,67.804
1988-05-26,77.270996
1988-05-27,82.519
1988-05-28,76.0125
1988-05-29,76.3685
1988-05-30,68.8295
1988-05-31,71.0915
1988-06-01,89.19526
1988-06-02,66.474
1988-06-03,68.2035
1988-06-04,64.9515
1988-06-05,85.062
1988-06-06,84.747
1988-06-07,75.238495
1988-06-08,67.437996
1988-06-09,67.5545
1988-06-10,66.053
1988-06-11,73.0775
1988-06-12,77.367
1988-06-13,73.2245
1988-06-14,62.851997
1988-06-15,72.588
1988-06-16,75.0815
1988-06-17,64.2725
1988-06-18,60.421497
1988-06-19,70.167496
1988-06-20,72.858
1988-06-21,62.693497
1988-06-22,60.415
1988-06-23,81.298
1988-06-24,68.391495
1988-06-25,73.768
1988-06-26,75.415
1988-06-27,72.702995
1988-06-28,72.9795
1988-06-29,77.0595
1988-06-30,66.4405
1988-07-01,70.8815
1988-07-02,84.8245
1988-07-03,66.975
1988-07-04,62.229
1988-07-05,61.0185
1988-07-06,59.8285
1988-07-07,64.6065
1988-07-08,63.7175
1988-07-09,65.672
1988-07-10,59.836998
1988-07-11,61.7115
1988-07-12,80.989
1988-07-13,69.3535
1988-07-14,82.195
1988-07-15,86.7805
1988-07-16,75.719
1988-07-17,66.549995
1988-07-18,75.4905
1988-07-19,74.0255
1988-07-20,69.247
1988-07-21,67.642
1988-07-22,62.502
1988-07-23,63.317
1988-07-24,57.964497
1988-07-25,55.776
1988-07-26,63.9435
1988-07-27,55.371
1988-07-28,57.246
1988-07-29,63.442
1988-07-30,66.476
1988-07-31,63.2575
1988-08-01,61.2435
1988-08-02,61.8555
1988-08-03,70.04
1988-08-04,86.2195
1988-08-05,71.302
1988-08-06,63.59
1988-08-07,69.982
1988-08-08,68.343
1988-08-09,72.371
1988-08-10,69.112495
1988-08-11,63.9745
1988-08-12,64.296
1988-08-13,65.402
1988-08-14,66.337
1988-08-15,65.5875
1988-08-16,66.2555
1988-08-17,73.3145
1988-08-18,66.1715
1988-08-19,60.6755
1988-08-20,51.167
1988-08-21,89.09789
1988-08-22,92.09615
1988-08-23,90.28421
1988-08-24,76.854996
1988-08-25,81.666
1988-08-26,71.785
1988-08-27,75.1875
1988-08-28,73.020996
1988-08-29,74.335495
1988-08-30,73.6275
1988-08-31,73.2195
1988-09-01,75.5955
1988-09-02,81.7835
1988-09-03,68.61
1988-09-04,76.0505
1988-09-05,82.85
1988-09-06,73.906
1988-09-07,70.5665
1988-09-08,68.849
1988-09-09,75.1065
1988-09-10,74.353
1988-09-11,76.751
1988-09-12,78.8325
1988-09-13,92.65667
1988-09-14,91.22647
1988-09-15,92.15428
1988-09-16,85.2635
1988-09-17,84.88684
1988-09-18,81.4055
1988-09-19,79.9655
1988-09-20,85.1145
1988-09-21,83.534
1988-09-22,87.277
1988-09-23,82.1445
1988-09-24,77.631996
1988-09-25,82.2385
1988-09-26,78.289
1988-09-27,78.871
1988-09-28,77.4575
1988-09-29,78.859
1988-09-30,82.479
1988-10-01,83.47316
1988-10-02,86.0655
1988-10-03,69.163
1988-10-04,76.44
1988-10-05,79.979
1988-10-06,86.926315
1988-10-07,88.68176
1988-10-08,80.97
1988-10-09,69.53
1988-10-10,77.1295
1988-10-11,82.0105
1988-10-12,81.5605
1988-10-13,85.635
1988-10-14,83.341995
1988-10-15,81.016
1988-10-16,74.593
1988-10-17,74.183
1988-10-18,84.402
1988-10-19,86.865
1988-10-20,86.896
1988-10-21,91.24167
1988-10-22,86.0245
1988-10-23,86.879
1988-10-24,88.30722
1988-10-25,87.03421
1988-10-26,70.1895
1988-10-27,73.9435
1988-10-28,83.01
1988-10-29,87.89353
1988-10-30,81.927
1988-10-31,78.7815
1988-11-01,71.4235
1988-11-02,72.0915
1988-11-03,77.27
1988-11-04,75.562
1988-11-05,78.124
1988-11-06,82.47
1988-11-07,81.792
1988-11-08,83.9435
1988-11-09,87.91882
1988-11-10,85.537895
1988-11-11,90.49438
1988-11-12,92.1325
1988-11-13,93.47833
1988-11-14,79.8645
1988-11-15,69.6295
1988-11-16,81.748
1988-11-17,87.019
1988-11-18,89.30063
1988-11-19,79.548
1988-11-20,69.272995
1988-11-21,90.755
1988-11-22,77.626
1988-11-23,77.1725
1988-11-24,79.1365
1988-11-25,88.1015
1988-11-26,91.25611
1988-11-27,81.7335
1988-11-28,80.4195
1988-11-29,74.351
1988-11-30,77.667496
1988-12-01,93.74834
1988-12-02,94.935
1988-12-03,92.42214
1988-12-04,89.33706
1988-12-05,64.9305
1988-12-06,80.1895
1988-12-07,74.4925
1988-12-08,81.4925
1988-12-09,84.9395
1988-12-10,83.8315
1988-12-11,72.473495
1988-12-12,80.3175
1988-12-13,78.9105
1988-12-14,79.456
1988-12-15,59.056
1988-12-16,77.13
1988-12-17,78.8445
1988-12-18,77.647995
1988-12-19,68.4365
1988-12-20,76.443
1988-12-21,66.2195
1988-12-22,74.451996
1988-12-23,79.751
1988-12-24,75.3285
1988-12-25,70.195496
1988-12-26,81.561
1988-12-27,86.2045
1988-12-28,83.444
1988-12-29,87.2225
1988-12-30,87.08437
1988-12-31,89.672104
1989-01-01,80.567
1989-01-02,83.372
1989-01-03,85.451
1989-01-04,91.20706
1989-01-05,91.57
1989-01-06,92.738464
1989-01-07,91.39889
1989-01-08,90.64125
1989-01-09,86.65706
1989-01-10,92.319
1989-01-11,90.64236
1989-01-12,94.042854
1989-01-13,92.41428
1989-01-14,92.66875
1989-01-15,85.7565
1989-01-16,86.556
1989-01-17,91.06625
1989-01-18,91.09688
1989-01-19,90.78105
1989-01-20,92.92333
1989-01-21,91.424446
1989-01-22,91.861115
1989-01-23,87.5665
1989-01-24,87.532104
1989-01-25,83.453
1989-01-26,80.44053
1989-01-27,89.22437
1989-01-28,90.86933
1989-01-29,89.461426
1989-01-30,89.316666
1989-01-31,83.062996
1989-02-01,91.472664
1989-02-02,93.18285
1989-02-03,93.375
1989-02-04,94.24
1989-02-05,88.92267
1989-02-06,87.382
1989-02-07,90.76222
1989-02-08,92.815
1989-02-09,91.426
1989-02-10,86.90278
1989-02-11,87.91053
1989-02-12,91.289444
1989-02-13,73.945496
1989-02-14,77.3665
1989-02-15,74.6035
1989-02-16,66.4835
1989-02-17,72.757996
1989-02-18,76.333
1989-02-19,79.3465
1989-02-20,72.798996
1989-02-21,86.74368
1989-02-22,88.483154
1989-02-23,87.31105
1989-02-24,70.6485
1989-02-25,76.4075
1989-02-26,81.833
1989-02-27,77.6725
1989-02-28,75.017
1989-03-01,69.6245
1989-03-02,64.997
1989-03-03,85.0625
1989-03-04,79.0045
1989-03-05,68.713
1989-03-06,68.4515
1989-03-07,64.043495
1989-03-08,70.9995
1989-03-09,72.59
1989-03-10,68.9235
1989-03-11,70.2275
1989-03-12,76.4235
1989-03-13,86.2415
1989-03-14,72.847
1989-03-15,67.8685
1989-03-16,66.4775
1989-03-17,64.151
1989-03-18,85.69369
1989-03-19,85.138
1989-03-20,89.41722
1989-03-21,92.84375
1989-03-22,65.494995
1989-03-23,71.284996
1989-03-24,56.809
1989-03-25,53.046997
1989-03-26,63.594498
1989-03-27,61.532
1989-03-28,62.2015
1989-03-29,58.753498
1989-03-30,70.615
1989-03-31,58.603
1989-04-01,61.060997
1989-04-02,90.023155
1989-04-03,91.02111
1989-04-04,81.556496
1989-04-05,57.2585
1989-04-06,71.232
1989-04-07,72.5715
1989-04-08,62.307
1989-04-09,66.833496
1989-04-10,62.6605
1989-04-11,51.102
1989-04-12,60.024498
1989-04-13,63.3535
1989-04-14,85.5535
1989-04-15,85.062
1989-04-16,70.812996
1989-04-17,78.8145
1989-04-18,87.1795
1989-04-19,82.287
1989-04-20,72.1505
1989-04-21,70.268
1989-04-22,68.5635
1989-04-23,77.7905
1989-04-24,67.907
1989-04-25,71.755
1989-04-26,62.391
1989-04-27,83.4965
1989-04-28,88.123
1989-04-29,77.281
1989-04-30,87.721115
1989-05-01,89.222
1989-05-02,80.4765
1989-05-03,66.770996
1989-05-04,69.8425
1989-05-05,63.0915
1989-05-06,80.954
1989-05-07,61.4745
1989-05-08,56.0915
1989-05-09,66.980995
1989-05-10,62.0285
1989-05-11,65.6315
1989-05-12,62.674
1989-05-13,70.119
1989-05-14,85.181
1989-05-15,80.4645
1989-05-16,90.978424
1989-05-17,87.1245
1989-05-18,81.8845
1989-05-19,83.1885
1989-05-20,82.106
1989-05-21,77.375
1989-05-22,56.991997
1989-05-23,54.8465
1989-05-24,57.6815
1989-05-25,61.861
1989-05-26,63.766
1989-05-27,61.468
1989-05-28,65.6375
1989-05-29,72.5865
1989-05-30,67.6705
1989-05-31,73.819
1989-06-01,90.45214
1989-06-02,87.7665
1989-06-03,81.125
1989-06-04,79.13
1989-06-05,72.6245
1989-06-06,69.5945
1989-06-07,65.2305
1989-06-08,76.923
1989-06-09,60.026
1989-06-10,57.845
1989-06-11,54.225998
1989-06-12,57.629997
1989-06-13,77.2745
1989-06-14,71.942
1989-06-15,62.171997
1989-06-16,72.076
1989-06-17,87.629
1989-06-18,91.74563
1989-06-19,74.997
1989-06-20,80.2715
1989-06-21,84.570496
1989-06-22,74.699
1989-06-23,82.3505
1989-06-24,80.0135
1989-06-25,78.918495
1989-06-26,81.729996
1989-06-27,80.496
1989-06-28,81.92
1989-06-29,64.6335
1989-06-30,69.408
1989-07-01,64.432
1989-07-02,61.412
1989-07-03,64.6195
1989-07-04,71.1065
1989-07-05,74.5545
1989-07-06,64.3075
1989-07-07,64.4975
1989-07-08,65.844
1989-07-09,64.114
1989-07-10,68.153496
1989-07-11,68.1265
1989-07-12,82.678
1989-07-13,72.1515
1989-07-14,74.7815
1989-07-15,68.008995
1989-07-16,62.218
1989-07-17,67.653496
1989-07-18,71.004
1989-07-19,65.266
1989-07-20,60.7325
1989-07-21,59.5205
1989-07-22,59.306
1989-07-23,60.805
1989-07-24,70.1755
1989-07-25,77.6185
1989-07-26,89.08737
1989-07-27,68.9285
1989-07-28,79.6975
1989-07-29,74.7535
1989-07-30,73.3685
1989-07-31,86.747894
1989-08-01,85.449
1989-08-02,68.988495
1989-08-03,80.252
1989-08-04,80.17
1989-08-05,75.4295
1989-08-06,73.914
1989-08-07,76.885
1989-08-08,79.297
1989-08-09,89.42158
1989-08-10,76.942
1989-08-11,81.1745
1989-08-12,75.00449
1989-08-13,81.109
1989-08-14,77.9435
1989-08-15,75.867
1989-08-16,73.878494
1989-08-17,70.803
1989-08-18,75.778496
1989-08-19,88.2085
1989-08-20,80.854996
1989-08-21,81.037
1989-08-22,83.1665
1989-08-23,76.214
1989-08-24,80.335
1989-08-25,79.735
1989-08-26,90.121666
1989-08-27,87.13737
1989-08-28,89.312775
1989-08-29,75.068
1989-08-30,88.042
1989-08-31,76.2385
1989-09-01,75.5015
1989-09-02,73.828
1989-09-03,93.293846
1989-09-04,88.363686
1989-09-05,82.524
1989-09-06,76.6925
1989-09-07,73.8395
1989-09-08,74.3375
1989-09-09,83.8
1989-09-10,83.257
1989-09-11,75.8495
1989-09-12,89.262
1989-09-13,79.2425
1989-09-14,90.1321
1989-09-15,80.351
1989-09-16,76.722
1989-09-17,78.5595
1989-09-18,81.558
1989-09-19,78.1705
1989-09-20,79.2455
1989-09-21,80.736
1989-09-22,75.3655
1989-09-23,75.528496
1989-09-24,76.656
1989-09-25,80.686
1989-09-26,77.845
1989-09-27,86.54474
1989-09-28,86.95438
1989-09-29,84.8295
1989-09-30,66.6595
1989-10-01,73.2845
1989-10-02,69.6975
1989-10-03,75.3745
1989-10-04,72.6375
1989-10-05,76.910995
1989-10-06,76.283
1989-10-07,89.36706
1989-10-08,89.72222
1989-10-09,81.9435
1989-10-10,79.1155
1989-10-11,68.833496
1989-10-12,78.772
1989-10-13,78.955
1989-10-14,79.115
1989-10-15,78.44
1989-10-16,72.0745
1989-10-17,74.515
1989-10-18,80.753
1989-10-19,80.5185
1989-10-20,81.7045
1989-10-21,81.2105
1989-10-22,80.8155
1989-10-23,76.934
1989-10-24,78.014
1989-10-25,76.206
1989-10-26,80.6085
1989-10-27,81.267
1989-10-28,77.729996
1989-10-29,82.75
1989-10-30,88.14579
1989-10-31,80.57105
1989-11-01,78.9345
1989-11-02,78.113
1989-11-03,76.8835
1989-11-04,77.375496
1989-11-05,74.7945
1989-11-06,84.39421
1989-11-07,80.953995
1989-11-08,78.505
1989-11-09,86.115
1989-11-10,77.375496
1989-11-11,85.15579
1989-11-12,91.68
1989-11-13,93.31167
1989-11-14,88.92
1989-11-15,76.329
1989-11-16,64.876495
1989-11-17,76.389496
1989-11-18,71.882996
1989-11-19,79.96421
1989-11-20,83.501495
1989-11-21,90.02909
1989-11-22,87.70824
1989-11-23,72.0885
1989-11-24,66.8805
1989-11-25,74.594
1989-11-26,68.7435
1989-11-27,74.8515
1989-11-28,64.6985
1989-11-29,60.5485
1989-11-30,81.8655
1989-12-01,77.295
1989-12-02,75.74
1989-12-03,84.2565
1989-12-04,91.20438
1989-12-05,86.25105
1989-12-06,88.0495
1989-12-07,81.0485
1989-12-08,77.757996
1989-12-09,77.263
1989-12-10,64.822
1989-12-11,73.9055
1989-12-12,77.415
1989-12-13,73.550995
1989-12-14,71.587
1989-12-15,70.922
1989-12-16,75.924995
1989-12-17,64.145
1989-12-18,81.444496
1989-12-19,70.26
1989-12-20,82.125
1989-12-21,74.775
1989-12-22,77.4295
1989-12-23,72.6295
1989-12-24,80.4095
1989-12-25,91.47
1989-12-26,92.322
1989-12-27,88.86
1989-12-28,88.75833
1989-12-29,89.264114
1989-12-30,91.44769
1989-12-31,92.27571
1990-01-01,90.53833
1990-01-02,86.1215
1990-01-03,79.61
1990-01-04,78.864
1990-01-05,86.5621
1990-01-06,80.3365
1990-01-07,81.781
1990-01-08,88.555786
1990-01-09,84.737366
1990-01-10,78.9375
1990-01-11,88.208824
1990-01-12,89.77563
1990-01-13,91.29071
1990-01-14,90.584
1990-01-15,91.67117
1990-01-16,81.339
1990-01-17,72.0465
1990-01-18,82.3735
1990-01-19,71.07
1990-01-20,76.3945
1990-01-21,72.797
1990-01-22,71.357
1990-01-23,79.6425
1990-01-24,72.7885
1990-01-25,71.590996
1990-01-26,81.3095
1990-01-27,80.208
1990-01-28,77.99
1990-01-29,85.158
1990-01-30,91.59421
1990-01-31,88.39353
1990-02-01,77.115
1990-02-02,73.999
1990-02-03,78.925
1990-02-04,57.170498
1990-02-05,69.4735
1990-02-06,71.575
1990-02-07,75.991
1990-02-08,74.437996
1990-02-09,65.0475
1990-02-10,68.585495
1990-02-11,79.5415
1990-02-12,92.11
1990-02-13,74.948
1990-02-14,72.3855
1990-02-15,71.965
1990-02-16,59.3685
1990-02-17,61.6065
1990-02-18,67.583
1990-02-19,72.8455
1990-02-20,74.9255
1990-02-21,76.254
1990-02-22,71.461
1990-02-23,70.281
1990-02-24,70.057495
1990-02-25,64.5795
1990-02-26,57.1535
1990-02-27,65.9575
1990-02-28,59.0
1990-03-01,56.133
1990-03-02,61.7055
1990-03-03,58.149998
1990-03-04,61.6955
1990-03-05,60.309998
1990-03-06,52.197
1990-03-07,49.2875
1990-03-08,58.6315
1990-03-09,65.1425
1990-03-10,73.1335
1990-03-11,61.163998
1990-03-12,59.4235
1990-03-13,58.753998
1990-03-14,63.987
1990-03-15,67.3805
1990-03-16,57.658
1990-03-17,56.190998
1990-03-18,51.818
1990-03-19,49.207497
1990-03-20,49.326
1990-03-21,58.328
1990-03-22,51.725
1990-03-23,71.7565
1990-03-24,69.4705
1990-03-25,81.5955
1990-03-26,70.2555
1990-03-27,88.39
1990-03-28,85.2975
1990-03-29,87.214
1990-03-30,79.0175
1990-03-31,70.2205
1990-04-01,69.956
1990-04-02,59.225998
1990-04-03,58.355
1990-04-04,77.7475
1990-04-05,71.798
1990-04-06,80.9965
1990-04-07,94.621666
1990-04-08,78.684
1990-04-09,62.6785
1990-04-10,67.183
1990-04-11,66.132996
1990-04-12,58.2455
1990-04-13,62.9595
1990-04-14,62.294
1990-04-15,62.3125
1990-04-16,63.247498
1990-04-17,68.233
1990-04-18,81.182
1990-04-19,85.40842
1990-04-20,90.42625
1990-04-21,90.945885
1990-04-22,76.981
1990-04-23,88.2755
1990-04-24,70.1885
1990-04-25,75.923
1990-04-26,74.043495
1990-04-27,63.529
1990-04-28,60.17
1990-04-29,58.3465
1990-04-30,64.632996
1990-05-01,70.2705
1990-05-02,58.503
1990-05-03,47.889
1990-05-04,57.052998
1990-05-05,57.967
1990-05-06,59.7695
1990-05-07,71.7005
1990-05-08,65.0935
1990-05-09,66.5045
1990-05-10,69.0405
1990-05-11,59.143997
1990-05-12,74.752
1990-05-13,69.2615
1990-05-14,68.819496
1990-05-15,72.8265
1990-05-16,71.016495
1990-05-17,70.0335
1990-05-18,75.849
1990-05-19,63.2855
1990-05-20,55.5965
1990-05-21,57.3535
1990-05-22,74.828
1990-05-23,74.0535
1990-05-24,68.0815
1990-05-25,85.1725
1990-05-26,60.0375
1990-05-27,58.8415
1990-05-28,61.066498
1990-05-29,52.335
1990-05-30,57.872498
1990-05-31,61.024498
1990-06-01,70.0685
1990-06-02,57.8195
1990-06-03,70.8725
1990-06-04,73.417
1990-06-05,83.9365
1990-06-06,87.15369
1990-06-07,80.6315
1990-06-08,82.7755
1990-06-09,67.895996
1990-06-10,85.97263
1990-06-11,73.1595
1990-06-12,75.444
1990-06-13,87.8745
1990-06-14,79.969
1990-06-15,83.8655
1990-06-16,73.3925
1990-06-17,72.684494
1990-06-18,72.4145
1990-06-19,69.347
1990-06-20,67.702
1990-06-21,77.286995
1990-06-22,70.3005
1990-06-23,80.9005
1990-06-24,66.5095
1990-06-25,62.6505
1990-06-26,67.927
1990-06-27,63.867
1990-06-28,62.342
1990-06-29,69.209
1990-06-30,62.2645
1990-07-01,73.9825
1990-07-02,77.006
1990-07-03,75.224495
1990-07-04,77.584
1990-07-05,64.0565
1990-07-06,84.4395
1990-07-07,64.423
1990-07-08,71.609
1990-07-09,66.0275
1990-07-10,88.04412
1990-07-11,68.571495
1990-07-12,64.8945
1990-07-13,65.548996
1990-07-14,63.010998
1990-07-15,59.760998
1990-07-16,60.8505
1990-07-17,68.493
1990-07-18,65.1805
1990-07-19,67.1575
1990-07-20,62.444
1990-07-21,62.514
1990-07-22,59.0355
1990-07-23,59.821
1990-07-24,58.01
1990-07-25,64.451
1990-07-26,62.247498
1990-07-27,64.776
1990-07-28,59.399998
1990-07-29,57.491997
1990-07-30,59.754498
1990-07-31,58.403
1990-08-01,57.7355
1990-08-02,55.6615
1990-08-03,52.4735
1990-08-04,55.1765
1990-08-05,53.1385
1990-08-06,55.982
1990-08-07,79.300995
1990-08-08,73.0175
1990-08-09,60.3155
1990-08-10,60.2665
1990-08-11,70.195496
1990-08-12,62.5225
1990-08-13,57.892
1990-08-14,54.990498
1990-08-15,69.0585
1990-08-16,67.686
1990-08-17,72.103
1990-08-18,65.5385
1990-08-19,64.910995
1990-08-20,58.254997
1990-08-21,77.7635
1990-08-22,73.047
1990-08-23,60.8735
1990-08-24,69.376
1990-08-25,67.9915
1990-08-26,62.051
1990-08-27,61.382
1990-08-28,55.7895
1990-08-29,60.043
1990-08-30,58.726498
1990-08-31,56.343998
1990-09-01,71.701996
1990-09-02,75.201
1990-09-03,71.3055
1990-09-04,73.0
1990-09-05,75.318
1990-09-06,71.3175
1990-09-07,71.861
1990-09-08,72.7305
1990-09-09,68.215
1990-09-10,73.3855
1990-09-11,73.9845
1990-09-12,74.1295
1990-09-13,70.2745
1990-09-14,71.849
1990-09-15,69.4995
1990-09-16,69.7275
1990-09-17,69.972496
1990-09-18,79.1435
1990-09-19,72.4515
1990-09-20,70.797
1990-09-21,90.38263
1990-09-22,78.3585
1990-09-23,79.525
1990-09-24,87.61474
1990-09-25,76.3865
1990-09-26,88.021
1990-09-27,79.683
1990-09-28,75.8625
1990-09-29,74.3725
1990-09-30,72.7875
1990-10-01,72.2245
1990-10-02,79.2985
1990-10-03,77.1775
1990-10-04,83.7405
1990-10-05,87.11
1990-10-06,78.5945
1990-10-07,82.3295
1990-10-08,86.2145
1990-10-09,76.1325
1990-10-10,76.5345
1990-10-11,81.343
1990-10-12,83.445
1990-10-13,80.197
1990-10-14,81.8525
1990-10-15,77.5775
1990-10-16,75.932495
1990-10-17,77.448
1990-10-18,73.633
1990-10-19,81.2815
1990-10-20,88.6165
1990-10-21,57.663998
1990-10-22,72.1075
1990-10-23,75.965
1990-10-24,71.885
1990-10-25,72.549995
1990-10-26,71.578995
1990-10-27,88.25263
1990-10-28,83.017
1990-10-29,86.36421
1990-10-30,82.6035
1990-10-31,80.394
1990-11-01,90.47444
1990-11-02,89.26444
1990-11-03,91.795334
1990-11-04,87.2
1990-11-05,82.772
1990-11-06,82.858
1990-11-07,78.4305
1990-11-08,71.2045
1990-11-09,78.751
1990-11-10,86.04389
1990-11-11,92.535
1990-11-12,90.86588
1990-11-13,88.288
1990-11-14,88.107
1990-11-15,91.253334
1990-11-16,83.609
1990-11-17,82.24895
1990-11-18,79.7815
1990-11-19,83.5895
1990-11-20,87.423004
1990-11-21,85.5795
1990-11-22,85.854996
1990-11-23,83.0815
1990-11-24,85.39833
1990-11-25,75.423
1990-11-26,76.7135
1990-11-27,93.71
1990-11-28,91.90143
1990-11-29,91.23444
1990-11-30,82.295
1990-12-01,62.830498
1990-12-02,83.8245
1990-12-03,85.8245
1990-12-04,85.395996
1990-12-05,82.9075
1990-12-06,79.395996
1990-12-07,86.732
1990-12-08,89.49333
1990-12-09,90.745
1990-12-10,91.71667
1990-12-11,91.838234
1990-12-12,89.64895
1990-12-13,82.243
1990-12-14,74.890495
1990-12-15,82.367
1990-12-16,90.75125
1990-12-17,91.18429
1990-12-18,93.55
1990-12-19,92.32066
1990-12-20,90.39158
1990-12-21,85.033
1990-12-22,85.2715
1990-12-23,92.00357
1990-12-24,84.62294
1990-12-25,81.262634
1990-12-26,89.6545
1990-12-27,90.69882
1990-12-28,87.371056
1990-12-29,90.325714
1990-12-30,83.7955
1990-12-31,91.691666
1991-01-01,89.622665
1991-01-02,79.5465
1991-01-03,74.106
1991-01-04,78.373
1991-01-05,87.79474
1991-01-06,82.70737
1991-01-07,85.9925
1991-01-08,90.32938
1991-01-09,87.93053
1991-01-10,81.1315
1991-01-11,82.63947
1991-01-12,86.209
1991-01-13,80.7725
1991-01-14,68.848
1991-01-15,65.0165
1991-01-16,78.621
1991-01-17,80.2545
1991-01-18,75.554
1991-01-19,76.33789
1991-01-20,87.348236
1991-01-21,88.44111
1991-01-22,87.2655
1991-01-23,80.082
1991-01-24,72.108
1991-01-25,81.3755
1991-01-26,89.393
1991-01-27,85.523155
1991-01-28,73.604996
1991-01-29,73.804
1991-01-30,63.8605
1991-01-31,51.178497
1991-02-01,61.086998
1991-02-02,63.456497
1991-02-03,64.5515
1991-02-04,64.417496
1991-02-05,71.604
1991-02-06,80.32
1991-02-07,86.3035
1991-02-08,92.566
1991-02-09,89.528885
1991-02-10,73.694496
1991-02-11,86.922
1991-02-12,88.349
1991-02-13,76.2595
1991-02-14,70.114
1991-02-15,69.1465
1991-02-16,73.934
1991-02-17,73.1205
1991-02-18,78.165
1991-02-19,80.165
1991-02-20,81.041
1991-02-21,82.2135
1991-02-22,81.6135
1991-02-23,75.5245
1991-02-24,82.2905
1991-02-25,90.31533
1991-02-26,86.599
1991-02-27,73.667
1991-02-28,76.374
1991-03-01,77.288
1991-03-02,80.3225
1991-03-03,88.817894
1991-03-04,88.7935
1991-03-05,81.9555
1991-03-06,82.506996
1991-03-07,84.40316
1991-03-08,70.4365
1991-03-09,78.5335
1991-03-10,81.229996
1991-03-11,85.7265
1991-03-12,75.960495
1991-03-13,69.209
1991-03-14,67.0875
1991-03-15,60.064
1991-03-16,66.9025
1991-03-17,69.446
1991-03-18,75.063995
1991-03-19,82.836
1991-03-20,72.066
1991-03-21,54.8265
1991-03-22,46.7975
1991-03-23,69.3075
1991-03-24,67.015
1991-03-25,73.164
1991-03-26,86.4145
1991-03-27,87.523155
1991-03-28,71.404
1991-03-29,88.83947
1991-03-30,93.318
1991-03-31,77.35
1991-04-01,69.126495
1991-04-02,68.029495
1991-04-03,74.274
1991-04-04,67.4225
1991-04-05,69.945
1991-04-06,68.3165
1991-04-07,69.979996
1991-04-08,59.699497
1991-04-09,65.456
1991-04-10,65.613
1991-04-11,73.2265
1991-04-12,77.6485
1991-04-13,76.349495
1991-04-14,75.8085
1991-04-15,64.448
1991-04-16,54.991497
1991-04-17,75.1135
1991-04-18,92.674545
1991-04-19,80.008995
1991-04-20,76.54
1991-04-21,64.451
1991-04-22,64.884
1991-04-23,56.951
1991-04-24,74.6905
1991-04-25,86.0
1991-04-26,72.5235
1991-04-27,80.6075
1991-04-28,76.7325
1991-04-29,66.1735
1991-04-30,67.3805
1991-05-01,69.6125
1991-05-02,78.7415
1991-05-03,89.569336
1991-05-04,82.3555
1991-05-05,74.154
1991-05-06,79.1975
1991-05-07,71.526
1991-05-08,64.3155
1991-05-09,58.799
1991-05-10,79.581
1991-05-11,72.835495
1991-05-12,75.5225
1991-05-13,70.636
1991-05-14,67.763
1991-05-15,68.7305
1991-05-16,71.908
1991-05-17,91.119286
1991-05-18,90.16842
1991-05-19,75.2285
1991-05-20,56.815
1991-05-21,60.1105
1991-05-22,61.951
1991-05-23,63.2335
1991-05-24,62.7975
1991-05-25,67.477
1991-05-26,76.6645
1991-05-27,66.007996
1991-05-28,58.5985
1991-05-29,62.5425
1991-05-30,63.063
1991-05-31,60.364
1991-06-01,59.191498
1991-06-02,66.943
1991-06-03,66.972496
1991-06-04,89.04667
1991-06-05,77.1575
1991-06-06,77.0285
1991-06-07,80.569496
1991-06-08,74.655
1991-06-09,62.892498
1991-06-10,64.2155
1991-06-11,73.5245
1991-06-12,65.8295
1991-06-13,60.995
1991-06-14,81.858
1991-06-15,69.800995
1991-06-16,56.3285
1991-06-17,54.636497
1991-06-18,75.044495
1991-06-19,88.5065
1991-06-20,63.511497
1991-06-21,72.3515
1991-06-22,62.996998
1991-06-23,63.961
1991-06-24,66.4265
1991-06-25,78.4665
1991-06-26,75.769
1991-06-27,80.393
1991-06-28,65.94
1991-06-29,68.0405
1991-06-30,64.9545
1991-07-01,63.7585
1991-07-02,65.2435
1991-07-03,76.0755
1991-07-04,80.6855
1991-07-05,73.431496
1991-07-06,61.8835
1991-07-07,62.9585
1991-07-08,62.649
1991-07-09,65.171
1991-07-10,65.175
1991-07-11,67.867
1991-07-12,70.2305
1991-07-13,68.559
1991-07-14,76.1325
1991-07-15,74.712
1991-07-16,64.8645
1991-07-17,73.71
1991-07-18,71.818
1991-07-19,66.0215
1991-07-20,79.0745
1991-07-21,80.8885
1991-07-22,69.229996
1991-07-23,66.738
1991-07-24,69.7865
1991-07-25,81.458496
1991-07-26,74.6715
1991-07-27,74.5225
1991-07-28,90.934
1991-07-29,73.384995
1991-07-30,74.384
1991-07-31,76.5815
1991-08-01,81.4115
1991-08-02,83.525
1991-08-03,83.50737
1991-08-04,73.7435
1991-08-05,74.495
1991-08-06,74.0445
1991-08-07,72.532
1991-08-08,69.688995
1991-08-09,71.048
1991-08-10,72.2715
1991-08-11,71.283
1991-08-12,71.874
1991-08-13,76.628
1991-08-14,70.812996
1991-08-15,81.078
1991-08-16,71.9485
1991-08-17,72.972
1991-08-18,85.82895
1991-08-19,77.7765
1991-08-20,69.893
1991-08-21,82.813995
1991-08-22,76.7935
1991-08-23,75.8515
1991-08-24,77.7885
1991-08-25,77.281
1991-08-26,74.1605
1991-08-27,68.46
1991-08-28,72.521996
1991-08-29,75.143
1991-08-30,71.606
1991-08-31,73.3735
1991-09-01,69.8955
1991-09-02,71.3505
1991-09-03,71.8455
1991-09-04,69.272995
1991-09-05,68.4125
1991-09-06,74.78
1991-09-07,62.816498
1991-09-08,73.339
1991-09-09,70.160995
1991-09-10,67.4905
1991-09-11,71.3435
1991-09-12,83.9825
1991-09-13,90.12722
1991-09-14,84.095
1991-09-15,88.3255
1991-09-16,84.686
1991-09-17,84.834
1991-09-18,73.408
1991-09-19,70.839
1991-09-20,78.206
1991-09-21,79.907
1991-09-22,81.5585
1991-09-23,89.818504
1991-09-24,71.342
1991-09-25,77.1205
1991-09-26,77.665
1991-09-27,74.9205
1991-09-28,74.979996
1991-09-29,74.6425
1991-09-30,71.2835
1991-10-01,81.6285
1991-10-02,86.3285
1991-10-03,71.045
1991-10-04,73.7375
1991-10-05,78.1665
1991-10-06,80.664
1991-10-07,77.784996
1991-10-08,88.875885
1991-10-09,92.59889
1991-10-10,92.90666
1991-10-11,93.24
1991-10-12,90.405266
1991-10-13,83.2455
1991-10-14,81.086
1991-10-15,87.1175
1991-10-16,87.44
1991-10-17,80.126
1991-10-18,88.2979
1991-10-19,90.487144
1991-10-20,83.191
1991-10-21,73.7775
1991-10-22,71.002495
1991-10-23,72.6205
1991-10-24,86.0565
1991-10-25,81.519
1991-10-26,75.3355
1991-10-27,71.874
1991-10-28,76.714
1991-10-29,79.9355
1991-10-30,78.4415
1991-10-31,77.709496
1991-11-01,74.132996
1991-11-02,75.953995
1991-11-03,73.849
1991-11-04,86.494
1991-11-05,84.4185
1991-11-06,86.91368
1991-11-07,71.7585
1991-11-08,68.68
1991-11-09,81.2985
1991-11-10,71.3185
1991-11-11,75.8285
1991-11-12,82.1125
1991-11-13,81.111496
1991-11-14,76.903
1991-11-15,80.0
1991-11-16,91.428
1991-11-17,86.698944
1991-11-18,75.061
1991-11-19,87.168
1991-11-20,91.01929
1991-11-21,91.18733
1991-11-22,93.77714
1991-11-23,91.74637
1991-11-24,91.67357
1991-11-25,92.17812
1991-11-26,92.103
1991-11-27,89.96389
1991-11-28,88.96176
1991-11-29,88.64579
1991-11-30,88.941055
1991-12-01,89.76945
1991-12-02,78.71
1991-12-03,86.62421
1991-12-04,91.05706
1991-12-05,79.6065
1991-12-06,69.333496
1991-12-07,78.854996
1991-12-08,78.139
1991-12-09,66.9365
1991-12-10,74.501
1991-12-11,81.6385
1991-12-12,86.23473
1991-12-13,85.08737
1991-12-14,80.588
1991-12-15,77.89474
1991-12-16,90.68072
1991-12-17,92.88857
1991-12-18,87.99611
1991-12-19,73.154
1991-12-20,88.1315
1991-12-21,73.559
1991-12-22,88.055786
1991-12-23,92.036
1991-12-24,80.4005
1991-12-25,74.5935
1991-12-26,76.4155
1991-12-27,81.6965
1991-12-28,74.4255
1991-12-29,77.6845
1991-12-30,75.653
1991-12-31,74.631996
1992-01-01,81.4665
1992-01-02,67.570496
1992-01-03,71.502
1992-01-04,82.4505
1992-01-05,84.0295
1992-01-06,79.378
1992-01-07,76.5915
1992-01-08,88.00176
1992-01-09,79.043
1992-01-10,90.19
1992-01-11,92.7625
1992-01-12,88.657776
1992-01-13,83.9145
1992-01-14,84.134
1992-01-15,78.4885
1992-01-16,81.973495
1992-01-17,73.34
1992-01-18,73.783
1992-01-19,73.4955
1992-01-20,84.3675
1992-01-21,77.972496
1992-01-22,85.52684
1992-01-23,83.562
1992-01-24,87.673
1992-01-25,91.47857
1992-01-26,92.21083
1992-01-27,86.82667
1992-01-28,81.138
1992-01-29,77.38526
1992-01-30,74.872
1992-01-31,77.0465
1992-02-01,83.1805
1992-02-02,83.9935
1992-02-03,81.052
1992-02-04,66.0935
1992-02-05,73.461
1992-02-06,81.694
1992-02-07,71.834496
1992-02-08,78.9145
1992-02-09,87.71389
1992-02-10,86.098495
1992-02-11,74.8255
1992-02-12,73.645
1992-02-13,74.069496
1992-02-14,83.215996
1992-02-15,71.919495
1992-02-16,80.5685
1992-02-17,76.8105
1992-02-18,56.8915
1992-02-19,61.13
1992-02-20,68.820496
1992-02-21,74.5505
1992-02-22,87.107895
1992-02-23,76.2055
1992-02-24,58.559498
1992-02-25,67.2215
1992-02-26,64.4945
1992-02-27,70.803
1992-02-28,73.1485
1992-02-29,70.9345
1992-03-01,67.589
1992-03-02,62.9595
1992-03-03,53.652
1992-03-04,57.068
1992-03-05,69.6655
1992-03-06,66.5065
1992-03-07,87.198
1992-03-08,62.685497
1992-03-09,63.8515
1992-03-10,64.1525
1992-03-11,65.9665
1992-03-12,56.745
1992-03-13,59.3745
1992-03-14,74.0165
1992-03-15,74.694
1992-03-16,66.0945
1992-03-17,61.085
1992-03-18,59.204998
1992-03-19,51.8005
1992-03-20,82.693
1992-03-21,93.46667
1992-03-22,77.8995
1992-03-23,87.6025
1992-03-24,69.500496
1992-03-25,83.77
1992-03-26,93.621666
1992-03-27,76.818
1992-03-28,84.77737
1992-03-29,66.5305
1992-03-30,62.803497
1992-03-31,64.617
1992-04-01,62.085
1992-04-02,71.862
1992-04-03,62.7675
1992-04-04,59.941498
1992-04-05,77.178
1992-04-06,71.5685
1992-04-07,65.515
1992-04-08,66.714
1992-04-09,56.237
1992-04-10,52.206
1992-04-11,57.331497
1992-04-12,55.670998
1992-04-13,66.126
1992-04-14,61.2155
1992-04-15,57.3835
1992-04-16,67.4625
1992-04-17,61.204
1992-04-18,52.236
1992-04-19,62.4945
1992-04-20,44.314
1992-04-21,46.813
1992-04-22,52.268497
1992-04-23,72.8315
1992-04-24,63.8295
1992-04-25,60.7375
1992-04-26,58.612
1992-04-27,58.9025
1992-04-28,67.476
1992-04-29,73.708496
1992-04-30,86.5921
1992-05-01,78.2995
1992-05-02,74.3745
1992-05-03,58.507
1992-05-04,63.9955
1992-05-05,61.906998
1992-05-06,53.979
1992-05-07,51.7165
1992-05-08,58.363
1992-05-09,67.7465
1992-05-10,77.9235
1992-05-11,67.835
1992-05-12,64.1035
1992-05-13,61.454998
1992-05-14,58.3185
1992-05-15,57.3415
1992-05-16,50.7755
1992-05-17,47.94
1992-05-18,56.442497
1992-05-19,74.003494
1992-05-20,72.173996
1992-05-21,73.5735
1992-05-22,68.71
1992-05-23,79.128
1992-05-24,58.381
1992-05-25,49.9815
1992-05-26,52.595
1992-05-27,50.0855
1992-05-28,59.443
1992-05-29,67.126495
1992-05-30,63.571
1992-05-31,60.906
1992-06-01,80.414
1992-06-02,71.4855
1992-06-03,77.4375
1992-06-04,77.6845
1992-06-05,78.0045
1992-06-06,79.6815
1992-06-07,68.071
1992-06-08,81.106995
1992-06-09,86.6445
1992-06-10,72.674995
1992-06-11,79.488
1992-06-12,89.748886
1992-06-13,84.5365
1992-06-14,70.733
1992-06-15,60.138
1992-06-16,62.281
1992-06-17,69.407
1992-06-18,65.783
1992-06-19,74.6095
1992-06-20,75.6065
1992-06-21,66.307495
1992-06-22,67.237495
1992-06-23,54.965
1992-06-24,62.6975
1992-06-25,57.121998
1992-06-26,51.3475
1992-06-27,57.010498
1992-06-28,58.6045
1992-06-29,57.2215
1992-06-30,58.223
1992-07-01,52.879498
1992-07-02,54.9755
1992-07-03,69.087
1992-07-04,56.841
1992-07-05,78.907
1992-07-06,69.485
1992-07-07,77.1785
1992-07-08,63.258
1992-07-09,58.468998
1992-07-10,77.5095
1992-07-11,71.362
1992-07-12,83.59
1992-07-13,77.2945
1992-07-14,62.6525
1992-07-15,75.73
1992-07-16,65.832
1992-07-17,67.9715
1992-07-18,68.6705
1992-07-19,57.656
1992-07-20,61.5205
1992-07-21,61.9415
1992-07-22,57.5625
1992-07-23,64.7745
1992-07-24,53.7855
1992-07-25,50.1065
1992-07-26,53.642998
1992-07-27,57.9305
1992-07-28,47.991497
1992-07-29,47.263
1992-07-30,53.704998
1992-07-31,61.4965
1992-08-01,59.7425
1992-08-02,58.704
1992-08-03,54.115498
1992-08-04,55.8485
1992-08-05,57.6315
1992-08-06,55.586998
1992-08-07,55.898
1992-08-08,53.252
1992-08-09,53.235
1992-08-10,51.1815
1992-08-11,53.565
1992-08-12,59.3715
1992-08-13,55.9435
1992-08-14,56.0145
1992-08-15,68.1365
1992-08-16,54.551
1992-08-17,51.9405
1992-08-18,53.9455
1992-08-19,47.748497
1992-08-20,47.783497
1992-08-21,49.79
1992-08-22,61.302
1992-08-23,73.061
1992-08-24,62.4105
1992-08-25,55.576
1992-08-26,55.432
1992-08-27,51.405
1992-08-28,49.444
1992-08-29,45.7155
1992-08-30,49.127
1992-08-31,61.9975
1992-09-01,70.1635
1992-09-02,56.5985
1992-09-03,52.987
1992-09-04,82.655
1992-09-05,64.419
1992-09-06,55.348
1992-09-07,49.268997
1992-09-08,57.807
1992-09-09,68.407
1992-09-10,68.0415
1992-09-11,64.583496
1992-09-12,60.605
1992-09-13,68.2005
1992-09-14,70.0745
1992-09-15,63.9125
1992-09-16,61.872498
1992-09-17,64.805
1992-09-18,61.907997
1992-09-19,64.7185
1992-09-20,64.0755
1992-09-21,59.7875
1992-09-22,66.4815
1992-09-23,63.62
1992-09-24,63.6485
1992-09-25,57.7655
1992-09-26,54.924
1992-09-27,65.736
1992-09-28,71.478
1992-09-29,79.049995
1992-09-30,73.5215
1992-10-01,74.2565
1992-10-02,71.2375
1992-10-03,69.306
1992-10-04,88.89105
1992-10-05,90.327896
1992-10-06,79.8235
1992-10-07,80.0105
1992-10-08,80.644
1992-10-09,87.301
1992-10-10,91.252
1992-10-11,92.89
1992-10-12,75.2835
1992-10-13,63.5095
1992-10-14,73.6815
1992-10-15,79.9485
1992-10-16,92.162
1992-10-17,92.814285
1992-10-18,91.663574
1992-10-19,73.0415
1992-10-20,89.13733
1992-10-21,94.465
1992-10-22,84.212105
1992-10-23,78.2885
1992-10-24,82.967
1992-10-25,76.055
1992-10-26,79.646996
1992-10-27,76.6235
1992-10-28,79.0635
1992-10-29,91.53786
1992-10-30,93.175
1992-10-31,91.3175
1992-11-01,89.94375
1992-11-02,91.97083
1992-11-03,89.32823
1992-11-04,89.52421
1992-11-05,80.125
1992-11-06,82.6865
1992-11-07,88.5035
1992-11-08,80.4905
1992-11-09,73.902
1992-11-10,80.4155
1992-11-11,88.12706
1992-11-12,85.25
1992-11-13,75.706
1992-11-14,76.7165
1992-11-15,82.455
1992-11-16,88.23368
1992-11-17,91.64
1992-11-18,84.480995
1992-11-19,78.4005
1992-11-20,74.45
1992-11-21,80.421
1992-11-22,88.185555
1992-11-23,92.395454
1992-11-24,
1992-11-25,92.16
1992-11-26,86.5965
1992-11-27,72.5485
1992-11-28,87.7055
1992-11-29,88.467896
1992-11-30,86.85667
1992-12-01,79.624
1992-12-02,81.403
1992-12-03,68.6225
1992-12-04,77.0995
1992-12-05,74.876495
1992-12-06,77.0135
1992-12-07,72.458496
1992-12-08,87.014
1992-12-09,92.094
1992-12-10,88.02526
1992-12-11,92.060715
1992-12-12,89.5805
1992-12-13,73.771996
1992-12-14,80.626495
1992-12-15,86.4305
1992-12-16,93.604996
1992-12-17,92.653336
1992-12-18,91.884
1992-12-19,87.759285
1992-12-20,91.05786
1992-12-21,92.278
1992-12-22,92.97867
1992-12-23,83.7805
1992-12-24,84.673
1992-12-25,72.2185
1992-12-26,80.6655
1992-12-27,74.653496
1992-12-28,68.592
1992-12-29,79.6715
1992-12-30,79.098495
1992-12-31,87.33053
1993-01-01,70.806
1993-01-02,60.0365
1993-01-03,70.5495
1993-01-04,76.847496
1993-01-05,73.731995
1993-01-06,77.4775
1993-01-07,86.198
1993-01-08,92.465
1993-01-09,83.141
1993-01-10,88.52368
1993-01-11,82.0445
1993-01-12,74.807495
1993-01-13,72.9505
1993-01-14,77.243
1993-01-15,72.2165
1993-01-16,76.487495
1993-01-17,79.33
1993-01-18,82.6835
1993-01-19,83.645996
1993-01-20,81.3995
1993-01-21,67.052
1993-01-22,72.0375
1993-01-23,69.609
1993-01-24,68.609
1993-01-25,63.739998
1993-01-26,47.431
1993-01-27,61.193
1993-01-28,74.215
1993-01-29,88.947334
1993-01-30,76.484
1993-01-31,76.789
1993-02-01,84.5055
1993-02-02,77.63
1993-02-03,73.6775
1993-02-04,79.9395
1993-02-05,87.93053
1993-02-06,75.066
1993-02-07,81.6565
1993-02-08,78.96
1993-02-09,72.1985
1993-02-10,77.522995
1993-02-11,83.4075
1993-02-12,84.295
1993-02-13,83.899
1993-02-14,84.461
1993-02-15,84.08
1993-02-16,71.394
1993-02-17,80.737
1993-02-18,72.138
1993-02-19,71.4115
1993-02-20,61.809
1993-02-21,61.6245
1993-02-22,56.142998
1993-02-23,49.8485
1993-02-24,74.013
1993-02-25,85.381996
1993-02-26,79.4465
1993-02-27,73.1915
1993-02-28,67.322
1993-03-01,60.241497
1993-03-02,81.2055
1993-03-03,92.60667
1993-03-04,68.334
1993-03-05,61.287
1993-03-06,72.8855
1993-03-07,73.5075
1993-03-08,56.760998
1993-03-09,70.355995
1993-03-10,71.485
1993-03-11,73.094
1993-03-12,76.809
1993-03-13,70.853
1993-03-14,71.63
1993-03-15,75.3445
1993-03-16,68.084496
1993-03-17,70.780495
1993-03-18,57.072998
1993-03-19,56.457497
1993-03-20,59.2925
1993-03-21,50.806
1993-03-22,54.39
1993-03-23,62.8645
1993-03-24,73.6365
1993-03-25,76.1695
1993-03-26,69.555
1993-03-27,59.751
1993-03-28,72.688995
1993-03-29,56.4175
1993-03-30,53.598
1993-03-31,52.774
1993-04-01,57.186
1993-04-02,65.42
1993-04-03,74.390495
1993-04-04,82.606
1993-04-05,63.5285
1993-04-06,69.082
1993-04-07,63.9125
1993-04-08,65.3525
1993-04-09,59.107998
1993-04-10,55.9445
1993-04-11,90.78667
1993-04-12,87.37889
1993-04-13,76.9795
1993-04-14,67.7595
1993-04-15,80.104996
1993-04-16,46.378998
1993-04-17,49.6475
1993-04-18,55.002
1993-04-19,55.031
1993-04-20,76.833
1993-04-21,63.778
1993-04-22,54.908497
1993-04-23,54.6185
1993-04-24,46.954998
1993-04-25,43.990498
1993-04-26,41.247997
1993-04-27,58.906498
1993-04-28,49.8875
1993-04-29,63.0775
1993-04-30,60.775497
1993-05-01,55.7575
1993-05-02,59.482998
1993-05-03,60.6405
1993-05-04,61.8325
1993-05-05,88.581055
1993-05-06,81.679
1993-05-07,72.321495
1993-05-08,67.938995
1993-05-09,72.4985
1993-05-10,63.538
1993-05-11,54.414
1993-05-12,44.9055
1993-05-13,48.7655
1993-05-14,61.009
1993-05-15,66.176
1993-05-16,66.4815
1993-05-17,58.058
1993-05-18,52.795
1993-05-19,52.9615
1993-05-20,52.8685
1993-05-21,48.4355
1993-05-22,47.6475
1993-05-23,64.948
1993-05-24,61.2035
1993-05-25,55.1235
1993-05-26,57.534
1993-05-27,49.8625
1993-05-28,70.6595
1993-05-29,57.0405
1993-05-30,54.0185
1993-05-31,69.959
1993-06-01,52.195
1993-06-02,52.095997
1993-06-03,73.5955
1993-06-04,74.312996
1993-06-05,65.776
1993-06-06,57.1035
1993-06-07,64.7265
1993-06-08,56.4535
1993-06-09,52.7985
1993-06-10,55.3335
1993-06-11,57.378498
1993-06-12,74.0805
1993-06-13,63.564
1993-06-14,70.9485
1993-06-15,71.710495
1993-06-16,55.462997
1993-06-17,81.931
1993-06-18,60.323498
1993-06-19,61.6455
1993-06-20,65.7495
1993-06-21,72.292
1993-06-22,71.201
1993-06-23,60.2545
1993-06-24,79.3495
1993-06-25,56.135998
1993-06-26,75.8905
1993-06-27,75.1315
1993-06-28,79.681
1993-06-29,64.462
1993-06-30,66.09
1993-07-01,51.739998
1993-07-02,57.122
1993-07-03,58.8075
1993-07-04,54.376
1993-07-05,60.877
1993-07-06,72.8545
1993-07-07,54.1555
1993-07-08,56.379
1993-07-09,54.0845
1993-07-10,52.164497
1993-07-11,67.919
1993-07-12,74.015495
1993-07-13,64.7825
1993-07-14,52.9595
1993-07-15,75.319
1993-07-16,70.656
1993-07-17,65.4515
1993-07-18,70.935
1993-07-19,67.7375
1993-07-20,75.875
1993-07-21,74.992
1993-07-22,63.7565
1993-07-23,57.925
1993-07-24,53.77
1993-07-25,54.8755
1993-07-26,83.538
1993-07-27,60.642498
1993-07-28,73.233
1993-07-29,66.376495
1993-07-30,60.677998
1993-07-31,54.225
1993-08-01,56.531498
1993-08-02,59.1245
1993-08-03,59.142998
1993-08-04,53.010498
1993-08-05,63.0625
1993-08-06,73.4955
1993-08-07,57.2925
1993-08-08,58.227997
1993-08-09,87.28
1993-08-10,67.458
1993-08-11,59.017
1993-08-12,59.392
1993-08-13,56.4795
1993-08-14,57.524998
1993-08-15,52.9245
1993-08-16,54.7095
1993-08-17,61.5695
1993-08-18,61.623997
1993-08-19,58.351498
1993-08-20,59.391
1993-08-21,53.934
1993-08-22,52.315
1993-08-23,43.500996
1993-08-24,69.242
1993-08-25,90.20167
1993-08-26,83.807495
1993-08-27,76.7995
1993-08-28,75.4975
1993-08-29,72.208
1993-08-30,62.5055
1993-08-31,78.1045
1993-09-01,76.250496
1993-09-02,67.015495
1993-09-03,77.7145
1993-09-04,82.362495
1993-09-05,67.376
1993-09-06,64.965996
1993-09-07,66.1285
1993-09-08,72.356
1993-09-09,70.2345
1993-09-10,77.7415
1993-09-11,76.368996
1993-09-12,83.4555
1993-09-13,65.006996
1993-09-14,65.591995
1993-09-15,70.5215
1993-09-16,69.718994
1993-09-17,77.6875
1993-09-18,86.2815
1993-09-19,80.9225
1993-09-20,75.846
1993-09-21,69.539
1993-09-22,70.781
1993-09-23,68.0485
1993-09-24,66.432
1993-09-25,82.851
1993-09-26,80.24
1993-09-27,79.1665
1993-09-28,81.696
1993-09-29,92.624664
1993-09-30,80.175995
1993-10-01,72.513
1993-10-02,77.085495
1993-10-03,88.137054
1993-10-04,89.135
1993-10-05,79.861
1993-10-06,72.693
1993-10-07,79.5665
1993-10-08,75.574
1993-10-09,80.7275
1993-10-10,79.287
1993-10-11,79.0175
1993-10-12,68.044
1993-10-13,71.4855
1993-10-14,62.9735
1993-10-15,79.984
1993-10-16,78.6065
1993-10-17,78.25
1993-10-18,83.11
1993-10-19,91.73
1993-10-20,91.184
1993-10-21,91.27375
1993-10-22,92.95571
1993-10-23,90.12556
1993-10-24,78.9685
1993-10-25,87.38
1993-10-26,75.46
1993-10-27,79.994995
1993-10-28,84.251
1993-10-29,84.3545
1993-10-30,92.252
1993-10-31,84.31842
1993-11-01,90.468185
1993-11-02,92.65546
1993-11-03,88.34789
1993-11-04,94.55333
1993-11-05,92.84
1993-11-06,
1993-11-07,85.1535
1993-11-08,91.64786
1993-11-09,84.90526
1993-11-10,87.2495
1993-11-11,86.83611
1993-11-12,90.965454
1993-11-13,91.50285
1993-11-14,91.10714
1993-11-15,92.99571
1993-11-16,80.334
1993-11-17,77.987
1993-11-18,76.203995
1993-11-19,79.606
1993-11-20,88.527
1993-11-21,91.409
1993-11-22,91.719444
1993-11-23,92.42571
1993-11-24,93.7225
1993-11-25,92.10778
1993-11-26,84.993
1993-11-27,84.535
1993-11-28,90.78928
1993-11-29,92.684166
1993-11-30,90.85611
1993-12-01,87.19278
1993-12-02,86.689476
1993-12-03,88.9625
1993-12-04,91.73462
1993-12-05,91.96
1993-12-06,92.64647
1993-12-07,92.14445
1993-12-08,88.20579
1993-12-09,86.602
1993-12-10,85.0115
1993-12-11,89.73211
1993-12-12,79.21
1993-12-13,70.570496
1993-12-14,83.6035
1993-12-15,94.29
1993-12-16,87.82474
1993-12-17,83.8005
1993-12-18,86.2815
1993-12-19,86.40421
1993-12-20,76.2785
1993-12-21,82.35526
1993-12-22,70.545
1993-12-23,71.6475
1993-12-24,90.52333
1993-12-25,90.776
1993-12-26,92.099
1993-12-27,91.39091
1993-12-28,89.73294
1993-12-29,89.86706
1993-12-30,92.32616
1993-12-31,88.832
1994-01-01,87.4185
1994-01-02,75.64
1994-01-03,76.8115
1994-01-04,83.968
1994-01-05,79.627
1994-01-06,71.173996
1994-01-07,63.9175
1994-01-08,83.404
1994-01-09,90.04278
1994-01-10,91.956
1994-01-11,85.70895
1994-01-12,83.996315
1994-01-13,85.5625
1994-01-14,92.59556
1994-01-15,87.5785
1994-01-16,90.93455
1994-01-17,84.983
1994-01-18,76.2165
1994-01-19,83.444
1994-01-20,90.066666
1994-01-21,79.618
1994-01-22,75.1245
1994-01-23,73.0555
1994-01-24,74.8135
1994-01-25,77.396996
1994-01-26,83.7115
1994-01-27,58.129997
1994-01-28,64.062
1994-01-29,55.006996
1994-01-30,57.586998
1994-01-31,67.193
1994-02-01,70.574
1994-02-02,81.9925
1994-02-03,70.7625
1994-02-04,79.11
1994-02-05,69.7475
1994-02-06,82.3695
1994-02-07,87.725266
1994-02-08,87.503334
1994-02-09,81.486
1994-02-10,81.159
1994-02-11,76.9385
1994-02-12,87.1425
1994-02-13,88.446
1994-02-14,70.723
1994-02-15,73.688995
1994-02-16,74.819496
1994-02-17,81.173
1994-02-18,86.13842
1994-02-19,72.7455
1994-02-20,72.955
1994-02-21,74.4305
1994-02-22,79.245
1994-02-23,82.76
1994-02-24,91.316
1994-02-25,80.186
1994-02-26,74.395996
1994-02-27,67.1265
1994-02-28,72.5175
1994-03-01,72.8855
1994-03-02,82.294
1994-03-03,69.5635
1994-03-04,71.7115
1994-03-05,67.583
1994-03-06,78.8605
1994-03-07,76.284
1994-03-08,80.491
1994-03-09,91.44722
1994-03-10,81.1155
1994-03-11,64.687
1994-03-12,71.2635
1994-03-13,71.9275
1994-03-14,65.5995
1994-03-15,60.783497
1994-03-16,76.7815
1994-03-17,70.594
1994-03-18,55.778
1994-03-19,56.8185
1994-03-20,76.9915
1994-03-21,85.375496
1994-03-22,90.663
1994-03-23,85.22
1994-03-24,72.092
1994-03-25,78.384
1994-03-26,84.3115
1994-03-27,73.436
1994-03-28,65.458
1994-03-29,64.7575
1994-03-30,64.537
1994-03-31,54.632
1994-04-01,55.816498
1994-04-02,83.22
1994-04-03,66.3925
1994-04-04,67.049995
1994-04-05,71.2415
1994-04-06,66.448
1994-04-07,56.9365
1994-04-08,65.1025
1994-04-09,67.0455
1994-04-10,88.5895
1994-04-11,76.629
1994-04-12,92.37625
1994-04-13,78.4685
1994-04-14,72.769
1994-04-15,66.3525
1994-04-16,80.6485
1994-04-17,93.64667
1994-04-18,78.3665
1994-04-19,60.6105
1994-04-20,76.7325
1994-04-21,75.7655
1994-04-22,73.0525
1994-04-23,72.057495
1994-04-24,70.327995
1994-04-25,66.639
1994-04-26,65.7265
1994-04-27,61.3255
1994-04-28,62.993
1994-04-29,64.4105
1994-04-30,63.596
1994-05-01,72.502
1994-05-02,67.3015
1994-05-03,61.0705
1994-05-04,58.6765
1994-05-05,84.81737
1994-05-06,74.323
1994-05-07,63.544
1994-05-08,67.002
1994-05-09,66.0905
1994-05-10,83.4835
1994-05-11,78.231995
1994-05-12,76.4005
1994-05-13,76.793
1994-05-14,73.3165
1994-05-15,66.899
1994-05-16,62.29
1994-05-17,55.288498
1994-05-18,58.953
1994-05-19,82.782
1994-05-20,80.1015
1994-05-21,69.131996
1994-05-22,70.0875
1994-05-23,67.403496
1994-05-24,74.716995
1994-05-25,80.5475
1994-05-26,64.2675
1994-05-27,82.462
1994-05-28,69.331
1994-05-29,85.788
1994-05-30,86.504
1994-05-31,62.4645
1994-06-01,61.8375
1994-06-02,63.6385
1994-06-03,59.323498
1994-06-04,70.035
1994-06-05,72.395996
1994-06-06,54.948498
1994-06-07,63.719997
1994-06-08,63.2075
1994-06-09,74.396996
1994-06-10,74.926
1994-06-11,76.743
1994-06-12,90.336
1994-06-13,82.4565
1994-06-14,75.912
1994-06-15,69.851
1994-06-16,73.64
1994-06-17,88.7325
1994-06-18,76.473
1994-06-19,67.0225
1994-06-20,69.511
1994-06-21,69.4925
1994-06-22,64.7545
1994-06-23,71.438995
1994-06-24,59.156
1994-06-25,67.797
1994-06-26,67.694496
1994-06-27,64.28
1994-06-28,70.068
1994-06-29,78.126
1994-06-30,72.0745
1994-07-01,67.282
1994-07-02,62.744
1994-07-03,66.2745
1994-07-04,62.434998
1994-07-05,74.8025
1994-07-06,72.931496
1994-07-07,82.28421
1994-07-08,71.999
1994-07-09,68.794
1994-07-10,79.1305
1994-07-11,68.1005
1994-07-12,73.208
1994-07-13,67.691
1994-07-14,64.958
1994-07-15,69.256
1994-07-16,71.013
1994-07-17,65.931
1994-07-18,73.831
1994-07-19,84.031
1994-07-20,88.183
1994-07-21,70.1295
1994-07-22,63.005
1994-07-23,60.8405
1994-07-24,57.1865
1994-07-25,63.4645
1994-07-26,58.3155
1994-07-27,69.8715
1994-07-28,63.577
1994-07-29,61.3345
1994-07-30,55.378
1994-07-31,59.947
1994-08-01,63.271
1994-08-02,62.0015
1994-08-03,65.2145
1994-08-04,65.36
1994-08-05,64.04
1994-08-06,63.6835
1994-08-07,64.479
1994-08-08,70.863
1994-08-09,73.8175
1994-08-10,61.907997
1994-08-11,64.0385
1994-08-12,71.027
1994-08-13,73.4985
1994-08-14,73.8085
1994-08-15,66.2075
1994-08-16,63.583
1994-08-17,64.862495
1994-08-18,81.4855
1994-08-19,69.867
1994-08-20,69.7215
1994-08-21,73.2255
1994-08-22,80.901
1994-08-23,79.5485
1994-08-24,87.93316
1994-08-25,89.99778
1994-08-26,77.3085
1994-08-27,70.7805
1994-08-28,73.7405
1994-08-29,86.5895
1994-08-30,80.294
1994-08-31,80.8505
1994-09-01,74.9835
1994-09-02,73.0595
1994-09-03,89.47059
1994-09-04,77.0245
1994-09-05,73.057495
1994-09-06,78.652
1994-09-07,74.5095
1994-09-08,72.1615
1994-09-09,82.875
1994-09-10,76.336
1994-09-11,74.868996
1994-09-12,74.5315
1994-09-13,71.2055
1994-09-14,70.899
1994-09-15,67.4425
1994-09-16,74.0245
1994-09-17,90.884445
1994-09-18,78.841995
1994-09-19,72.2335
1994-09-20,83.3245
1994-09-21,82.1515
1994-09-22,81.6425
1994-09-23,85.695496
1994-09-24,80.893
1994-09-25,82.236
1994-09-26,85.483
1994-09-27,80.7605
1994-09-28,85.757
1994-09-29,82.975
1994-09-30,85.3265
1994-10-01,81.692
1994-10-02,84.881
1994-10-03,84.705
1994-10-04,82.5245
1994-10-05,72.1565
1994-10-06,73.171
1994-10-07,92.010666
1994-10-08,89.7075
1994-10-09,79.7575
1994-10-10,79.096
1994-10-11,83.973
1994-10-12,84.8105
1994-10-13,81.7165
1994-10-14,86.378
1994-10-15,90.14072
1994-10-16,92.62334
1994-10-17,76.5245
1994-10-18,67.18
1994-10-19,69.758995
1994-10-20,77.5575
1994-10-21,85.0305
1994-10-22,83.25474
1994-10-23,85.5335
1994-10-24,92.434
1994-10-25,83.5455
1994-10-26,83.807495
1994-10-27,78.609
1994-10-28,86.968
1994-10-29,88.9805
1994-10-30,87.95143
1994-10-31,80.2915
1994-11-01,79.93
1994-11-02,81.488
1994-11-03,89.5475
1994-11-04,81.221
1994-11-05,86.06842
1994-11-06,82.4395
1994-11-07,88.81333
1994-11-08,92.27133
1994-11-09,92.073746
1994-11-10,90.568825
1994-11-11,92.62857
1994-11-12,87.421
1994-11-13,88.7795
1994-11-14,88.13941
1994-11-15,86.336
1994-11-16,84.7675
1994-11-17,85.0955
1994-11-18,87.71889
1994-11-19,74.5895
1994-11-20,89.4
1994-11-21,88.05944
1994-11-22,83.16842
1994-11-23,86.71176
1994-11-24,89.858574
1994-11-25,79.998
1994-11-26,88.68833
1994-11-27,90.88643
1994-11-28,86.421
1994-11-29,89.122635
1994-11-30,83.9415
1994-12-01,72.349
1994-12-02,84.524734
1994-12-03,91.651665
1994-12-04,91.275
1994-12-05,88.167366
1994-12-06,92.94
1994-12-07,87.62666
1994-12-08,93.723335
1994-12-09,93.75
1994-12-10,94.475
1994-12-11,90.33143
1994-12-12,80.242
1994-12-13,77.066
1994-12-14,65.710495
1994-12-15,68.539
1994-12-16,77.0235
1994-12-17,75.7815
1994-12-18,81.641495
1994-12-19,89.367226
1994-12-20,90.577774
1994-12-21,92.35
1994-12-22,88.85769
1994-12-23,85.011055
1994-12-24,91.29625
1994-12-25,91.26625
1994-12-26,92.612144
1994-12-27,88.75471
1994-12-28,90.234
1994-12-29,87.24526
1994-12-30,87.5645
1994-12-31,89.32588
1995-01-01,91.9675
1995-01-02,78.641
1995-01-03,79.194
1995-01-04,66.539
1995-01-05,88.11667
1995-01-06,88.2095
1995-01-07,84.184
1995-01-08,84.176
1995-01-09,85.525
1995-01-10,79.9795
1995-01-11,82.274
1995-01-12,69.5875
1995-01-13,69.166
1995-01-14,72.016
1995-01-15,78.9365
1995-01-16,78.7135
1995-01-17,82.667496
1995-01-18,91.67
1995-01-19,91.99308
1995-01-20,90.379166
1995-01-21,91.812
1995-01-22,89.01615
1995-01-23,81.11632
1995-01-24,88.41368
1995-01-25,72.612
1995-01-26,63.642998
1995-01-27,64.8835
1995-01-28,65.5365
1995-01-29,77.856
1995-01-30,80.476
1995-01-31,63.1175
1995-02-01,62.854
1995-02-02,64.287
1995-02-03,64.186
1995-02-04,75.136
1995-02-05,67.8395
1995-02-06,71.4645
1995-02-07,58.1955
1995-02-08,72.4525
1995-02-09,78.186
1995-02-10,66.6015
1995-02-11,79.5075
1995-02-12,81.023
1995-02-13,76.1725
1995-02-14,92.33933
1995-02-15,79.481
1995-02-16,89.1115
1995-02-17,71.590996
1995-02-18,89.811
1995-02-19,62.294
1995-02-20,65.2745
1995-02-21,71.746
1995-02-22,71.5
1995-02-23,74.193
1995-02-24,91.54948
1995-02-25,73.3135
1995-02-26,80.837
1995-02-27,73.4745
1995-02-28,62.791
1995-03-01,60.1725
1995-03-02,87.08737
1995-03-03,89.115295
1995-03-04,89.355
1995-03-05,80.174995
1995-03-06,83.67684
1995-03-07,67.049995
1995-03-08,66.305
1995-03-09,64.657
1995-03-10,66.3885
1995-03-11,65.32
1995-03-12,66.1615
1995-03-13,77.8905
1995-03-14,80.9115
1995-03-15,77.31
1995-03-16,91.76
1995-03-17,71.0635
1995-03-18,61.549
1995-03-19,71.339
1995-03-20,84.99
1995-03-21,64.697
1995-03-22,69.663
1995-03-23,77.8545
1995-03-24,67.5735
1995-03-25,58.943
1995-03-26,85.1765
1995-03-27,70.142
1995-03-28,57.635
1995-03-29,57.883
1995-03-30,65.8085
1995-03-31,60.542
1995-04-01,69.268
1995-04-02,69.443
1995-04-03,46.010998
1995-04-04,52.3955
1995-04-05,68.4355
1995-04-06,63.644
1995-04-07,59.2155
1995-04-08,54.271
1995-04-09,58.644
1995-04-10,68.668495
1995-04-11,87.04737
1995-04-12,67.069496
1995-04-13,70.015
1995-04-14,80.6685
1995-04-15,79.7775
1995-04-16,73.135
1995-04-17,58.4455
1995-04-18,55.373497
1995-04-19,57.973
1995-04-20,58.9575
1995-04-21,57.138
1995-04-22,54.545
1995-04-23,49.636997
1995-04-24,68.265
1995-04-25,77.348495
1995-04-26,85.791504
1995-04-27,75.1145
1995-04-28,74.479
1995-04-29,72.748
1995-04-30,68.001
1995-05-01,68.951996
1995-05-02,52.253498
1995-05-03,53.888
1995-05-04,55.6065
1995-05-05,56.1885
1995-05-06,55.4085
1995-05-07,59.226498
1995-05-08,61.4815
1995-05-09,68.215
1995-05-10,76.7565
1995-05-11,79.7805
1995-05-12,90.28667
1995-05-13,76.5345
1995-05-14,67.47
1995-05-15,58.444
1995-05-16,61.1825
1995-05-17,87.478
1995-05-18,76.052
1995-05-19,82.811
1995-05-20,70.794
1995-05-21,76.5795
1995-05-22,70.691
1995-05-23,67.5185
1995-05-24,62.9105
1995-05-25,58.056
1995-05-26,62.2425
1995-05-27,58.4395
1995-05-28,70.108
1995-05-29,69.7255
1995-05-30,71.384
1995-05-31,77.9945
1995-06-01,84.922104
1995-06-02,70.084496
1995-06-03,67.3605
1995-06-04,77.3165
1995-06-05,80.5285
1995-06-06,82.668
1995-06-07,82.2665
1995-06-08,71.2235
1995-06-09,69.7495
1995-06-10,70.0395
1995-06-11,79.4735
1995-06-12,84.7565
1995-06-13,78.818
1995-06-14,80.884995
1995-06-15,75.353
1995-06-16,74.58
1995-06-17,64.7035
1995-06-18,70.7555
1995-06-19,70.044
1995-06-20,69.264496
1995-06-21,71.773
1995-06-22,85.2345
1995-06-23,75.513504
1995-06-24,84.0385
1995-06-25,88.427895
1995-06-26,78.968
1995-06-27,78.227
1995-06-28,59.011497
1995-06-29,57.021
1995-06-30,59.137
1995-07-01,62.019497
1995-07-02,69.6145
1995-07-03,59.510998
1995-07-04,67.493996
1995-07-05,75.5475
1995-07-06,77.0515
1995-07-07,65.6055
1995-07-08,62.7935
1995-07-09,62.156498
1995-07-10,59.028
1995-07-11,61.7015
1995-07-12,57.2985
1995-07-13,66.733
1995-07-14,76.3735
1995-07-15,73.572
1995-07-16,63.9605
1995-07-17,72.993996
1995-07-18,62.216
1995-07-19,59.3885
1995-07-20,63.455498
1995-07-21,65.3235
1995-07-22,60.0205
1995-07-23,59.25
1995-07-24,53.595497
1995-07-25,55.951
1995-07-26,56.3755
1995-07-27,57.5705
1995-07-28,74.2935
1995-07-29,87.62
1995-07-30,62.9315
1995-07-31,57.643497
1995-08-01,62.033
1995-08-02,69.5335
1995-08-03,61.526497
1995-08-04,60.586
1995-08-05,61.384
1995-08-06,62.739998
1995-08-07,70.9455
1995-08-08,76.145
1995-08-09,89.568825
1995-08-10,61.404
1995-08-11,54.759
1995-08-12,57.3595
1995-08-13,60.073997
1995-08-14,56.0445
1995-08-15,75.33
1995-08-16,68.473
1995-08-17,73.24
1995-08-18,68.424995
1995-08-19,84.304
1995-08-20,87.1045
1995-08-21,86.349
1995-08-22,74.889496
1995-08-23,76.3965
1995-08-24,73.7345
1995-08-25,76.1
1995-08-26,65.57
1995-08-27,70.7365
1995-08-28,91.06944
1995-08-29,71.9815
1995-08-30,73.167496
1995-08-31,69.885
1995-09-01,84.7115
1995-09-02,85.74105
1995-09-03,80.4715
1995-09-04,84.086
1995-09-05,72.788
1995-09-06,75.8145
1995-09-07,76.711
1995-09-08,86.0175
1995-09-09,74.779
1995-09-10,70.9475
1995-09-11,78.456
1995-09-12,77.391
1995-09-13,79.9495
1995-09-14,91.93429
1995-09-15,89.3905
1995-09-16,82.993
1995-09-17,84.689476
1995-09-18,86.9105
1995-09-19,86.86
1995-09-20,85.106
1995-09-21,80.063995
1995-09-22,81.0905
1995-09-23,76.824
1995-09-24,75.854996
1995-09-25,81.3155
1995-09-26,80.335
1995-09-27,72.6715
1995-09-28,88.074
1995-09-29,74.0515
1995-09-30,69.381996
1995-10-01,77.5675
1995-10-02,84.498
1995-10-03,85.933
1995-10-04,85.3675
1995-10-05,80.0555
1995-10-06,84.551
1995-10-07,84.5665
1995-10-08,82.975
1995-10-09,85.221
1995-10-10,87.534
1995-10-11,85.9825
1995-10-12,80.868
1995-10-13,81.2065
1995-10-14,88.552
1995-10-15,85.0
1995-10-16,86.5945
1995-10-17,81.128
1995-10-18,81.09
1995-10-19,82.51
1995-10-20,74.8915
1995-10-21,71.835
1995-10-22,71.2155
1995-10-23,66.3845
1995-10-24,72.554
1995-10-25,78.441
1995-10-26,78.723495
1995-10-27,78.876
1995-10-28,89.9345
1995-10-29,88.73278
1995-10-30,92.432
1995-10-31,89.284996
1995-11-01,81.412
1995-11-02,81.1095
1995-11-03,76.0775
1995-11-04,64.9025
1995-11-05,78.4055
1995-11-06,63.8985
1995-11-07,66.5485
1995-11-08,70.597
1995-11-09,83.1235
1995-11-10,88.37369
1995-11-11,87.305
1995-11-12,91.907776
1995-11-13,92.752
1995-11-14,93.09572
1995-11-15,87.53
1995-11-16,79.029
1995-11-17,88.08
1995-11-18,68.293
1995-11-19,67.4025
1995-11-20,67.709
1995-11-21,72.2075
1995-11-22,79.0915
1995-11-23,88.86437
1995-11-24,86.2905
1995-11-25,93.094444
1995-11-26,91.18285
1995-11-27,89.57167
1995-11-28,92.54813
1995-11-29,92.475
1995-11-30,92.90444
1995-12-01,93.25857
1995-12-02,93.20333
1995-12-03,90.49944
1995-12-04,89.48389
1995-12-05,93.71571
1995-12-06,92.88
1995-12-07,92.16
1995-12-08,94.3475
1995-12-09,92.71
1995-12-10,89.77
1995-12-11,93.03
1995-12-12,92.57625
1995-12-13,92.01875
1995-12-14,93.51333
1995-12-15,93.90666
1995-12-16,93.24
1995-12-17,93.494995
1995-12-18,92.71
1995-12-19,91.772224
1995-12-20,90.78928
1995-12-21,70.876495
1995-12-22,85.7615
1995-12-23,83.806
1995-12-24,82.338
1995-12-25,91.96429
1995-12-26,92.6975
1995-12-27,86.8935
1995-12-28,79.687
1995-12-29,87.2025
1995-12-30,85.2285
1995-12-31,91.99167
1996-01-01,94.38333
1996-01-02,91.75539
1996-01-03,86.63067
1996-01-04,84.019
1996-01-05,87.006
1996-01-06,89.76133
1996-01-07,91.505
1996-01-08,95.16
1996-01-09,94.23333
1996-01-10,91.64
1996-01-11,91.85923
1996-01-12,89.439415
1996-01-13,85.0875
1996-01-14,92.41333
1996-01-15,89.295
1996-01-16,93.41909
1996-01-17,91.5575
1996-01-18,89.270004
1996-01-19,92.11
1996-01-20,91.38941
1996-01-21,91.818
1996-01-22,90.7925
1996-01-23,91.615
1996-01-24,92.4225
1996-01-25,89.284996
1996-01-26,93.445
1996-01-27,90.792854
1996-01-28,91.5875
1996-01-29,92.33091
1996-01-30,81.35
1996-01-31,77.1065
1996-02-01,84.316
1996-02-02,85.435
1996-02-03,89.60158
1996-02-04,90.32176
1996-02-05,76.973
1996-02-06,76.209
1996-02-07,79.2025
1996-02-08,87.479996
1996-02-09,72.411995
1996-02-10,77.667496
1996-02-11,79.511
1996-02-12,89.01833
1996-02-13,93.29667
1996-02-14,89.586876
1996-02-15,73.7475
1996-02-16,71.069496
1996-02-17,70.173996
1996-02-18,63.7975
1996-02-19,77.8675
1996-02-20,87.663155
1996-02-21,74.6435
1996-02-22,69.506
1996-02-23,70.525
1996-02-24,68.9405
1996-02-25,73.3675
1996-02-26,74.318
1996-02-27,74.4375
1996-02-28,80.1865
1996-02-29,75.687
1996-03-01,81.25
1996-03-02,73.7965
1996-03-03,72.013
1996-03-04,70.1285
1996-03-05,64.586
1996-03-06,80.2095
1996-03-07,76.7515
1996-03-08,72.6955
1996-03-09,72.3005
1996-03-10,72.6475
1996-03-11,73.7455
1996-03-12,87.0975
1996-03-13,88.8575
1996-03-14,81.539
1996-03-15,84.341
1996-03-16,86.191
1996-03-17,87.6475
1996-03-18,86.9525
1996-03-19,74.558
1996-03-20,62.0795
1996-03-21,60.997997
1996-03-22,80.44526
1996-03-23,78.663
1996-03-24,76.118
1996-03-25,71.421
1996-03-26,72.822495
1996-03-27,77.378
1996-03-28,53.264
1996-03-29,57.600998
1996-03-30,81.0015
1996-03-31,67.0725
1996-04-01,75.7
1996-04-02,92.5175
1996-04-03,87.5645
1996-04-04,94.19334
1996-04-05,84.53
1996-04-06,80.0135
1996-04-07,70.826
1996-04-08,58.997498
1996-04-09,67.134995
1996-04-10,60.097
1996-04-11,53.2035
1996-04-12,77.0065
1996-04-13,83.723495
1996-04-14,79.29579
1996-04-15,72.2345
1996-04-16,60.782997
1996-04-17,60.6275
1996-04-18,54.0705
1996-04-19,51.928497
1996-04-20,50.32
1996-04-21,47.7105
1996-04-22,48.317497
1996-04-23,49.907368
1996-04-24,70.737495
1996-04-25,76.1705
1996-04-26,81.433
1996-04-27,79.7735
1996-04-28,73.223
1996-04-29,65.5435
1996-04-30,77.59
1996-05-01,83.7475
1996-05-02,61.580997
1996-05-03,67.7415
1996-05-04,65.1325
1996-05-05,64.793
1996-05-06,71.212
1996-05-07,67.6485
1996-05-08,82.4165
1996-05-09,75.171
1996-05-10,77.4145
1996-05-11,80.104996
1996-05-12,89.502106
1996-05-13,87.625
1996-05-14,88.84333
1996-05-15,81.4115
1996-05-16,80.825
1996-05-17,69.326
1996-05-18,56.781
1996-05-19,50.056
1996-05-20,82.99263
1996-05-21,67.5025
1996-05-22,74.774
1996-05-23,64.884
1996-05-24,64.794
1996-05-25,59.038498
1996-05-26,81.113
1996-05-27,85.164
1996-05-28,64.9925
1996-05-29,59.6325
1996-05-30,64.716995
1996-05-31,67.572
1996-06-01,69.075
1996-06-02,66.2175
1996-06-03,58.463497
1996-06-04,68.414
1996-06-05,64.333496
1996-06-06,69.385
1996-06-07,69.962
1996-06-08,63.6345
1996-06-09,62.663
1996-06-10,61.566998
1996-06-11,64.1595
1996-06-12,67.954994
1996-06-13,63.891
1996-06-14,49.1335
1996-06-15,54.448498
1996-06-16,57.5015
1996-06-17,60.614998
1996-06-18,56.239
1996-06-19,66.6715
1996-06-20,70.4095
1996-06-21,87.63789
1996-06-22,78.838
1996-06-23,83.514496
1996-06-24,70.386
1996-06-25,77.7515
1996-06-26,80.8685
1996-06-27,67.377495
1996-06-28,71.6505
1996-06-29,63.5205
1996-06-30,72.448
1996-07-01,88.917366
1996-07-02,84.4525
1996-07-03,79.337
1996-07-04,76.8275
1996-07-05,75.6535
1996-07-06,64.4665
1996-07-07,74.8625
1996-07-08,73.721
1996-07-09,55.190998
1996-07-10,64.4955
1996-07-11,75.1805
1996-07-12,77.304
1996-07-13,72.923
1996-07-14,69.123
1996-07-15,65.6765
1996-07-16,67.4995
1996-07-17,60.8915
1996-07-18,63.743
1996-07-19,60.963997
1996-07-20,60.691498
1996-07-21,57.701
1996-07-22,56.7835
1996-07-23,61.2185
1996-07-24,70.094
1996-07-25,83.072105
1996-07-26,75.209496
1996-07-27,67.362
1996-07-28,77.824
1996-07-29,75.937
1996-07-30,79.9395
1996-07-31,65.322
1996-08-01,68.0105
1996-08-02,70.262
1996-08-03,81.2535
1996-08-04,78.7065
1996-08-05,70.676
1996-08-06,76.756
1996-08-07,72.753
1996-08-08,85.754
1996-08-09,72.61
1996-08-10,68.7755
1996-08-11,66.871
1996-08-12,86.637
1996-08-13,75.256
1996-08-14,74.4345
1996-08-15,80.6345
1996-08-16,78.2265
1996-08-17,73.368996
1996-08-18,76.6245
1996-08-19,74.9465
1996-08-20,69.0135
1996-08-21,70.723
1996-08-22,71.9935
1996-08-23,69.498
1996-08-24,70.7975
1996-08-25,88.68222
1996-08-26,75.403496
1996-08-27,80.2145
1996-08-28,83.861
1996-08-29,80.5125
1996-08-30,83.006
1996-08-31,75.5525
1996-09-01,81.134
1996-09-02,92.69417
1996-09-03,92.42
1996-09-04,85.5935
1996-09-05,85.516
1996-09-06,76.861496
1996-09-07,73.2485
1996-09-08,69.368996
1996-09-09,80.553
1996-09-10,75.4625
1996-09-11,77.722
1996-09-12,84.0705
1996-09-13,84.12158
1996-09-14,87.68
1996-09-15,77.284996
1996-09-16,76.2615
1996-09-17,75.8455
1996-09-18,84.4655
1996-09-19,80.307495
1996-09-20,91.59333
1996-09-21,90.656
1996-09-22,92.58363
1996-09-23,93.115
1996-09-24,88.28
1996-09-25,91.0325
1996-09-26,85.1465
1996-09-27,82.331
1996-09-28,82.578
1996-09-29,74.435
1996-09-30,78.1065
1996-10-01,66.809
1996-10-02,80.055
1996-10-03,84.6055
1996-10-04,82.445
1996-10-05,91.63
1996-10-06,90.142
1996-10-07,90.96526
1996-10-08,81.8035
1996-10-09,87.5235
1996-10-10,84.121
1996-10-11,86.613
1996-10-12,82.4745
1996-10-13,86.618
1996-10-14,82.8795
1996-10-15,80.746
1996-10-16,86.722
1996-10-17,87.405266
1996-10-18,88.076004
1996-10-19,78.2845
1996-10-20,71.9475
1996-10-21,89.643684
1996-10-22,76.029495
1996-10-23,79.3845
1996-10-24,80.281
1996-10-25,80.693
1996-10-26,76.5965
1996-10-27,77.4165
1996-10-28,87.87688
1996-10-29,76.8935
1996-10-30,64.507996
1996-10-31,71.2885
1996-11-01,83.6725
1996-11-02,74.066
1996-11-03,78.834496
1996-11-04,76.104
1996-11-05,76.9255
1996-11-06,81.873
1996-11-07,73.6195
1996-11-08,76.728
1996-11-09,81.0435
1996-11-10,82.9025
1996-11-11,72.886
1996-11-12,63.295998
1996-11-13,68.9915
1996-11-14,84.933
1996-11-15,88.265
1996-11-16,88.509
1996-11-17,90.366
1996-11-18,85.59125
1996-11-19,87.250496
1996-11-20,85.8765
1996-11-21,79.9065
1996-11-22,91.687996
1996-11-23,90.38824
1996-11-24,82.4425
1996-11-25,76.1905
1996-11-26,94.455
1996-11-27,91.77824
1996-11-28,92.75364
1996-11-29,85.69947
1996-11-30,91.47895
1996-12-01,76.907
1996-12-02,85.191
1996-12-03,80.8915
1996-12-04,85.3145
1996-12-05,93.55
1996-12-06,94.19334
1996-12-07,
1996-12-08,90.39
1996-12-09,92.884995
1996-12-10,94.05
1996-12-11,94.935
1996-12-12,93.91333
1996-12-13,91.49857
1996-12-14,93.53571
1996-12-15,85.2765
1996-12-16,90.48154
1996-12-17,93.44833
1996-12-18,92.886665
1996-12-19,91.9325
1996-12-20,
1996-12-21,84.83053
1996-12-22,86.1005
1996-12-23,91.19444
1996-12-24,85.89263
1996-12-25,84.278
1996-12-26,61.0635
1996-12-27,70.5945
1996-12-28,78.194496
1996-12-29,81.963
1996-12-30,82.326
1996-12-31,90.92529
1997-01-01,90.68632
1997-01-02,88.329
1997-01-03,92.443634
1997-01-04,93.449165
1997-01-05,93.604004
1997-01-06,89.45125
1997-01-07,91.89066
1997-01-08,92.12572
1997-01-09,93.36667
1997-01-10,93.01462
1997-01-11,89.89333
1997-01-12,89.988235
1997-01-13,93.24416
1997-01-14,93.78286
1997-01-15,92.435
1997-01-16,92.71
1997-01-17,92.16
1997-01-18,93.36444
1997-01-19,91.59
1997-01-20,92.686005
1997-01-21,94.004
1997-01-22,93.74
1997-01-23,94.21333
1997-01-24,92.16
1997-01-25,92.7825
1997-01-26,80.527
1997-01-27,81.314
1997-01-28,82.444
1997-01-29,78.6435
1997-01-30,83.167496
1997-01-31,85.45947
1997-02-01,73.4335
1997-02-02,68.6635
1997-02-03,78.7955
1997-02-04,79.104
1997-02-05,81.6735
1997-02-06,73.4215
1997-02-07,75.6005
1997-02-08,78.98052
1997-02-09,77.779
1997-02-10,75.979
1997-02-11,75.347
1997-02-12,74.883
1997-02-13,78.3285
1997-02-14,62.488
1997-02-15,74.957
1997-02-16,67.972496
1997-02-17,72.905
1997-02-18,70.465
1997-02-19,71.229
1997-02-20,64.596
1997-02-21,62.163498
1997-02-22,69.498
1997-02-23,71.981995
1997-02-24,72.8815
1997-02-25,68.878
1997-02-26,75.253
1997-02-27,70.497
1997-02-28,64.3595
1997-03-01,67.0175
1997-03-02,62.538
1997-03-03,65.682
1997-03-04,84.41631
1997-03-05,79.5355
1997-03-06,70.334
1997-03-07,65.993
1997-03-08,54.2045
1997-03-09,54.993
1997-03-10,63.1885
1997-03-11,53.420498
1997-03-12,63.098
1997-03-13,62.019
1997-03-14,67.013
1997-03-15,60.806
1997-03-16,68.817
1997-03-17,85.8905
1997-03-18,66.891
1997-03-19,92.24067
1997-03-20,79.058
1997-03-21,71.968
1997-03-22,78.8995
1997-03-23,79.542
1997-03-24,78.3575
1997-03-25,76.4485
1997-03-26,64.8555
1997-03-27,68.969
1997-03-28,65.03
1997-03-29,66.28
1997-03-30,59.745
1997-03-31,72.1835
1997-04-01,73.214
1997-04-02,63.267
1997-04-03,56.128498
1997-04-04,63.4385
1997-04-05,63.962997
1997-04-06,55.7835
1997-04-07,43.981
1997-04-08,47.909
1997-04-09,51.408497
1997-04-10,48.687
1997-04-11,55.329998
1997-04-12,53.0005
1997-04-13,57.123997
1997-04-14,53.6485
1997-04-15,69.4925
1997-04-16,71.1735
1997-04-17,60.190998
1997-04-18,46.9575
1997-04-19,60.429497
1997-04-20,85.10579
1997-04-21,66.784996
1997-04-22,61.762
1997-04-23,51.958
1997-04-24,56.066498
1997-04-25,54.128998
1997-04-26,70.681
1997-04-27,70.86
1997-04-28,80.9845
1997-04-29,81.119995
1997-04-30,65.7015
1997-05-01,62.9325
1997-05-02,61.2435
1997-05-03,50.279
1997-05-04,52.015
1997-05-05,47.918
1997-05-06,54.482998
1997-05-07,63.8685
1997-05-08,79.854
1997-05-09,58.6625
1997-05-10,60.864998
1997-05-11,52.992
1997-05-12,53.898
1997-05-13,45.428997
1997-05-14,46.944
1997-05-15,51.580498
1997-05-16,53.6325
1997-05-17,59.0125
1997-05-18,59.1065
1997-05-19,57.5655
1997-05-20,50.0635
1997-05-21,55.534
1997-05-22,84.5065
1997-05-23,74.406
1997-05-24,84.569
1997-05-25,60.795
1997-05-26,71.179
1997-05-27,73.14
1997-05-28,75.9945
1997-05-29,61.990498
1997-05-30,62.4245
1997-05-31,58.1105
1997-06-01,63.086998
1997-06-02,81.05
1997-06-03,75.5615
1997-06-04,69.459
1997-06-05,66.709
1997-06-06,85.0615
1997-06-07,77.29
1997-06-08,68.139496
1997-06-09,64.425
1997-06-10,68.616
1997-06-11,62.576
1997-06-12,71.4385
1997-06-13,76.9955
1997-06-14,73.4965
1997-06-15,58.088497
1997-06-16,65.755
1997-06-17,80.550995
1997-06-18,86.846
1997-06-19,79.947
1997-06-20,73.644
1997-06-21,66.3175
1997-06-22,60.5095
1997-06-23,77.8835
1997-06-24,75.388
1997-06-25,62.9265
1997-06-26,68.308
1997-06-27,57.560497
1997-06-28,59.237
1997-06-29,66.6055
1997-06-30,63.0545
1997-07-01,68.881996
1997-07-02,60.420998
1997-07-03,59.9095
1997-07-04,57.763
1997-07-05,83.5895
1997-07-06,86.0345
1997-07-07,76.8925
1997-07-08,79.1505
1997-07-09,61.887497
1997-07-10,70.7135
1997-07-11,83.704
1997-07-12,79.0645
1997-07-13,76.409
1997-07-14,72.167496
1997-07-15,81.0435
1997-07-16,73.000496
1997-07-17,78.154495
1997-07-18,91.11583
1997-07-19,79.251
1997-07-20,61.727497
1997-07-21,76.4405
1997-07-22,77.171
1997-07-23,73.370995
1997-07-24,71.306496
1997-07-25,80.681496
1997-07-26,62.079998
1997-07-27,59.214
1997-07-28,70.286995
1997-07-29,86.52
1997-07-30,69.4145
1997-07-31,64.4165
1997-08-01,82.076004
1997-08-02,72.928
1997-08-03,72.756
1997-08-04,69.533
1997-08-05,73.006996
1997-08-06,85.2455
1997-08-07,69.949
1997-08-08,68.8125
1997-08-09,75.303
1997-08-10,80.113
1997-08-11,67.987
1997-08-12,64.2885
1997-08-13,63.823997
1997-08-14,63.959
1997-08-15,70.336
1997-08-16,70.943
1997-08-17,71.7635
1997-08-18,78.59
1997-08-19,72.250496
1997-08-20,78.1505
1997-08-21,72.1825
1997-08-22,64.33
1997-08-23,68.0585
1997-08-24,67.9275
1997-08-25,70.1785
1997-08-26,75.5565
1997-08-27,74.969
1997-08-28,72.867
1997-08-29,86.5305
1997-08-30,61.7945
1997-08-31,63.648
1997-09-01,71.59
1997-09-02,75.0765
1997-09-03,69.4775
1997-09-04,72.5125
1997-09-05,76.7585
1997-09-06,73.315
1997-09-07,82.37
1997-09-08,72.4395
1997-09-09,68.246994
1997-09-10,55.524498
1997-09-11,67.539
1997-09-12,72.597
1997-09-13,70.862
1997-09-14,82.519
1997-09-15,67.7125
1997-09-16,72.0825
1997-09-17,75.506
1997-09-18,76.8435
1997-09-19,76.361496
1997-09-20,65.4285
1997-09-21,67.732
1997-09-22,74.533
1997-09-23,74.317
1997-09-24,74.253
1997-09-25,70.4285
1997-09-26,70.072
1997-09-27,67.9905
1997-09-28,77.1805
1997-09-29,74.313995
1997-09-30,76.347
1997-10-01,89.35737
1997-10-02,85.729
1997-10-03,61.951
1997-10-04,75.1335
1997-10-05,75.462
1997-10-06,77.361
1997-10-07,76.3505
1997-10-08,83.2885
1997-10-09,75.458496
1997-10-10,77.034996
1997-10-11,72.78
1997-10-12,87.749374
1997-10-13,71.6375
1997-10-14,76.1495
1997-10-15,67.322
1997-10-16,75.2
1997-10-17,71.8565
1997-10-18,77.434
1997-10-19,77.369
1997-10-20,79.887
1997-10-21,71.2535
1997-10-22,77.8905
1997-10-23,86.39579
1997-10-24,67.454
1997-10-25,60.1165
1997-10-26,78.056
1997-10-27,80.5345
1997-10-28,69.03
1997-10-29,70.0595
1997-10-30,67.0115
1997-10-31,64.712
1997-11-01,75.715
1997-11-02,81.3185
1997-11-03,73.731
1997-11-04,69.131
1997-11-05,75.494995
1997-11-06,73.119995
1997-11-07,72.2
1997-11-08,83.3085
1997-11-09,78.638
1997-11-10,87.3035
1997-11-11,82.826
1997-11-12,75.4695
1997-11-13,91.01867
1997-11-14,82.643
1997-11-15,77.812
1997-11-16,93.455
1997-11-17,89.7421
1997-11-18,79.145
1997-11-19,78.4555
1997-11-20,82.933
1997-11-21,86.621666
1997-11-22,89.0
1997-11-23,93.473335
1997-11-24,94.3425
1997-11-25,95.16
1997-11-26,92.956
1997-11-27,92.057495
1997-11-28,94.935
1997-11-29,94.01
1997-11-30,94.935
1997-12-01,91.94
1997-12-02,91.288574
1997-12-03,92.56125
1997-12-04,70.375496
1997-12-05,76.333496
1997-12-06,83.844
1997-12-07,87.27118
1997-12-08,79.3755
1997-12-09,90.956154
1997-12-10,93.375
1997-12-11,86.7145
1997-12-12,91.90786
1997-12-13,78.3355
1997-12-14,74.032
1997-12-15,82.153496
1997-12-16,89.03105
1997-12-17,77.509
1997-12-18,87.86235
1997-12-19,91.965
1997-12-20,92.91167
1997-12-21,
1997-12-22,
1997-12-23,94.06333
1997-12-24,93.247
1997-12-25,90.59
1997-12-26,89.21105
1997-12-27,89.98055
1997-12-28,86.63579
1997-12-29,77.7695
1997-12-30,80.341576
1997-12-31,85.74529
1998-01-01,94.37
1998-01-02,87.296
1998-01-03,90.87583
1998-01-04,74.506996
1998-01-05,80.045
1998-01-06,65.391
1998-01-07,77.9405
1998-01-08,75.321
1998-01-09,70.13
1998-01-10,75.0335
1998-01-11,87.48722
1998-01-12,92.16
1998-01-13,89.862
1998-01-14,94.295
1998-01-15,88.76527
1998-01-16,91.00889
1998-01-17,82.959496
1998-01-18,76.755
1998-01-19,86.1645
1998-01-20,70.5235
1998-01-21,80.298996
1998-01-22,88.71
1998-01-23,87.1645
1998-01-24,90.624
1998-01-25,82.2385
1998-01-26,80.642
1998-01-27,87.2185
1998-01-28,86.329
1998-01-29,82.862
1998-01-30,83.49
1998-01-31,74.752
1998-02-01,61.543
1998-02-02,72.2815
1998-02-03,72.1175
1998-02-04,70.3515
1998-02-05,69.0815
1998-02-06,65.915
1998-02-07,67.1145
1998-02-08,63.5295
1998-02-09,62.7905
1998-02-10,60.7715
1998-02-11,61.112
1998-02-12,56.2945
1998-02-13,55.1885
1998-02-14,74.6365
1998-02-15,59.754498
1998-02-16,57.940998
1998-02-17,49.090496
1998-02-18,67.611
1998-02-19,59.7575
1998-02-20,73.423
1998-02-21,63.385498
1998-02-22,57.830997
1998-02-23,70.304
1998-02-24,67.4385
1998-02-25,73.2195
1998-02-26,73.7575
1998-02-27,65.4405
1998-02-28,64.558495
1998-03-01,87.6555
1998-03-02,76.705
1998-03-03,64.752
1998-03-04,59.55
1998-03-05,65.8055
1998-03-06,50.4105
1998-03-07,52.185997
1998-03-08,76.858
1998-03-09,60.84
1998-03-10,65.3735
1998-03-11,51.038998
1998-03-12,57.357998
1998-03-13,61.1385
1998-03-14,59.049
1998-03-15,47.9655
1998-03-16,62.583
1998-03-17,91.38375
1998-03-18,78.750496
1998-03-19,64.4815
1998-03-20,69.862
1998-03-21,70.7605
1998-03-22,65.158
1998-03-23,63.826
1998-03-24,50.8945
1998-03-25,53.115498
1998-03-26,58.986
1998-03-27,53.338997
1998-03-28,52.045498
1998-03-29,60.8345
1998-03-30,49.145496
1998-03-31,54.883
1998-04-01,57.753
1998-04-02,69.184
1998-04-03,60.235
1998-04-04,55.433
1998-04-05,63.446
1998-04-06,87.7595
1998-04-07,63.811
1998-04-08,59.9565
1998-04-09,90.32579
1998-04-10,71.1995
1998-04-11,58.3415
1998-04-12,64.4065
1998-04-13,80.7755
1998-04-14,82.4115
1998-04-15,62.2095
1998-04-16,89.715
1998-04-17,77.5495
1998-04-18,82.153
1998-04-19,67.413
1998-04-20,56.195
1998-04-21,52.068
1998-04-22,81.448
1998-04-23,72.0505
1998-04-24,72.2025
1998-04-25,68.8215
1998-04-26,64.2195
1998-04-27,52.8775
1998-04-28,57.195
1998-04-29,78.9975
1998-04-30,69.979996
1998-05-01,68.1435
1998-05-02,70.4565
1998-05-03,71.677
1998-05-04,80.7155
1998-05-05,58.986
1998-05-06,59.038998
1998-05-07,66.282
1998-05-08,56.7765
1998-05-09,59.794
1998-05-10,60.4985
1998-05-11,56.6455
1998-05-12,59.8955
1998-05-13,59.2845
1998-05-14,54.298
1998-05-15,56.349
1998-05-16,74.389496
1998-05-17,86.6375
1998-05-18,88.696846
1998-05-19,89.45857
1998-05-20,61.564
1998-05-21,72.6105
1998-05-22,69.631996
1998-05-23,56.3935
1998-05-24,66.238
1998-05-25,85.331
1998-05-26,76.229
1998-05-27,64.5515
1998-05-28,59.161
1998-05-29,69.3395
1998-05-30,72.477
1998-05-31,67.8645
1998-06-01,77.6305
1998-06-02,70.6455
1998-06-03,64.817
1998-06-04,72.831
1998-06-05,71.289
1998-06-06,62.6865
1998-06-07,54.057
1998-06-08,73.098
1998-06-09,76.241
1998-06-10,72.67
1998-06-11,87.658
1998-06-12,83.1855
1998-06-13,88.5015
1998-06-14,77.8395
1998-06-15,68.7495
1998-06-16,82.907
1998-06-17,84.2715
1998-06-18,62.6885
1998-06-19,67.681496
1998-06-20,74.849495
1998-06-21,67.1435
1998-06-22,69.6185
1998-06-23,77.575
1998-06-24,80.5665
1998-06-25,78.311
1998-06-26,74.8105
1998-06-27,75.6215
1998-06-28,74.8655
1998-06-29,77.1385
1998-06-30,74.279495
1998-07-01,71.4165
1998-07-02,81.126495
1998-07-03,82.8575
1998-07-04,66.5135
1998-07-05,76.101
1998-07-06,72.9745
1998-07-07,77.904495
1998-07-08,69.8625
1998-07-09,69.9555
1998-07-10,71.496
1998-07-11,73.9215
1998-07-12,85.599
1998-07-13,71.185
1998-07-14,85.626
1998-07-15,72.009995
1998-07-16,61.7665
1998-07-17,73.1455
1998-07-18,66.4395
1998-07-19,73.54
1998-07-20,67.8645
1998-07-21,64.062
1998-07-22,64.2275
1998-07-23,64.645
1998-07-24,70.433
1998-07-25,75.9685
1998-07-26,75.942
1998-07-27,80.1905
1998-07-28,85.293
1998-07-29,69.9005
1998-07-30,65.991
1998-07-31,70.0515
1998-08-01,77.464
1998-08-02,71.352
1998-08-03,69.6695
1998-08-04,65.5385
1998-08-05,73.604
1998-08-06,59.513
1998-08-07,64.536995
1998-08-08,65.391
1998-08-09,62.3685
1998-08-10,58.015
1998-08-11,58.844997
1998-08-12,63.9265
1998-08-13,61.5355
1998-08-14,66.9835
1998-08-15,64.501
1998-08-16,70.209
1998-08-17,65.5925
1998-08-18,65.42
1998-08-19,74.7015
1998-08-20,71.292
1998-08-21,71.1415
1998-08-22,77.386
1998-08-23,73.3365
1998-08-24,71.1865
1998-08-25,67.6205
1998-08-26,63.108
1998-08-27,71.923996
1998-08-28,70.3975
1998-08-29,65.6465
1998-08-30,68.75
1998-08-31,72.5485
1998-09-01,71.63
1998-09-02,75.297
1998-09-03,81.394
1998-09-04,90.651
1998-09-05,91.39625
1998-09-06,80.1975
1998-09-07,78.1485
1998-09-08,83.6625
1998-09-09,79.034996
1998-09-10,85.526
1998-09-11,83.224
1998-09-12,87.110504
1998-09-13,83.8305
1998-09-14,83.1755
1998-09-15,73.0955
1998-09-16,77.543495
1998-09-17,85.483154
1998-09-18,78.2485
1998-09-19,74.1495
1998-09-20,76.732
1998-09-21,71.687
1998-09-22,77.159
1998-09-23,79.671
1998-09-24,78.974
1998-09-25,78.24
1998-09-26,77.74
1998-09-27,81.1225
1998-09-28,90.20067
1998-09-29,76.8795
1998-09-30,78.3695
1998-10-01,89.38555
1998-10-02,89.196
1998-10-03,85.4785
1998-10-04,81.9385
1998-10-05,91.59167
1998-10-06,91.518
1998-10-07,86.54895
1998-10-08,91.913574
1998-10-09,84.5905
1998-10-10,73.61
1998-10-11,74.819
1998-10-12,83.733
1998-10-13,69.655
1998-10-14,73.6
1998-10-15,75.2215
1998-10-16,77.029
1998-10-17,78.7335
1998-10-18,77.599495
1998-10-19,88.718
1998-10-20,84.6775
1998-10-21,76.3315
1998-10-22,76.9
1998-10-23,79.85
1998-10-24,89.19889
1998-10-25,90.92333
1998-10-26,73.722496
1998-10-27,67.6495
1998-10-28,66.3135
1998-10-29,71.7075
1998-10-30,66.616
1998-10-31,61.447998
1998-11-01,67.854996
1998-11-02,73.841995
1998-11-03,76.5335
1998-11-04,89.75
1998-11-05,83.5095
1998-11-06,77.514
1998-11-07,82.453
1998-11-08,80.606
1998-11-09,78.901
1998-11-10,88.94632
1998-11-11,75.642
1998-11-12,81.9615
1998-11-13,84.167
1998-11-14,83.483
1998-11-15,80.9825
1998-11-16,78.4435
1998-11-17,81.4565
1998-11-18,69.0255
1998-11-19,79.6695
1998-11-20,74.6895
1998-11-21,75.0785
1998-11-22,87.178
1998-11-23,92.01857
1998-11-24,88.45944
1998-11-25,91.95333
1998-11-26,92.79875
1998-11-27,90.88687
1998-11-28,91.761665
1998-11-29,92.28091
1998-11-30,90.47375
1998-12-01,88.172104
1998-12-02,88.53823
1998-12-03,89.27875
1998-12-04,93.04083
1998-12-05,89.05294
1998-12-06,87.78
1998-12-07,73.3985
1998-12-08,85.487
1998-12-09,82.691
1998-12-10,81.705
1998-12-11,90.00737
1998-12-12,88.65941
1998-12-13,89.255
1998-12-14,77.19158
1998-12-15,92.8925
1998-12-16,86.60105
1998-12-17,85.18266
1998-12-18,91.4575
1998-12-19,93.0625
1998-12-20,91.13706
1998-12-21,84.079
1998-12-22,75.8745
1998-12-23,88.26053
1998-12-24,82.759
1998-12-25,90.35222
1998-12-26,91.434616
1998-12-27,83.516
1998-12-28,84.76053
1998-12-29,89.456
1998-12-30,92.88091
1998-12-31,88.38111
1999-01-01,90.138336
1999-01-02,91.3575
1999-01-03,89.01572
1999-01-04,86.05278
1999-01-05,84.5065
1999-01-06,87.444664
1999-01-07,89.18
1999-01-08,88.17895
1999-01-09,87.45778
1999-01-10,90.16812
1999-01-11,91.17769
1999-01-12,83.87315
1999-01-13,86.2015
1999-01-14,70.487
1999-01-15,73.8105
1999-01-16,79.569
1999-01-17,82.604
1999-01-18,89.85944
1999-01-19,90.20385
1999-01-20,93.95167
1999-01-21,92.47428
1999-01-22,89.19846
1999-01-23,90.815834
1999-01-24,92.459335
1999-01-25,90.256
1999-01-26,91.454
1999-01-27,91.912
1999-01-28,84.32895
1999-01-29,70.17
1999-01-30,55.3915
1999-01-31,54.7115
1999-02-01,57.454998
1999-02-02,85.042
1999-02-03,77.499
1999-02-04,76.051
1999-02-05,69.055
1999-02-06,59.351498
1999-02-07,63.5075
1999-02-08,64.802
1999-02-09,78.318
1999-02-10,80.58947
1999-02-11,76.067
1999-02-12,67.506996
1999-02-13,80.9625
1999-02-14,82.808
1999-02-15,81.1245
1999-02-16,73.7255
1999-02-17,70.6745
1999-02-18,52.2805
1999-02-19,70.8875
1999-02-20,79.4065
1999-02-21,86.91106
1999-02-22,84.942
1999-02-23,66.2485
1999-02-24,61.776
1999-02-25,62.472
1999-02-26,58.1205
1999-02-27,53.532497
1999-02-28,60.423
1999-03-01,64.0315
1999-03-02,65.6855
1999-03-03,65.4925
1999-03-04,55.892998
1999-03-05,66.5275
1999-03-06,74.3935
1999-03-07,80.051
1999-03-08,69.1585
1999-03-09,62.9985
1999-03-10,63.017498
1999-03-11,65.5185
1999-03-12,65.585
1999-03-13,67.1895
1999-03-14,68.8465
1999-03-15,74.4165
1999-03-16,74.137
1999-03-17,66.593
1999-03-18,58.213997
1999-03-19,57.96
1999-03-20,52.813
1999-03-21,59.543
1999-03-22,55.6335
1999-03-23,68.0975
1999-03-24,61.1605
1999-03-25,47.8
1999-03-26,53.4295
1999-03-27,62.453
1999-03-28,83.5135
1999-03-29,76.5245
1999-03-30,71.454
1999-03-31,59.393
1999-04-01,59.2585
1999-04-02,54.234
1999-04-03,45.601498
1999-04-04,44.871
1999-04-05,54.650497
1999-04-06,57.575
1999-04-07,62.783997
1999-04-08,76.8925
1999-04-09,60.6745
1999-04-10,60.586
1999-04-11,71.6905
1999-04-12,72.361496
1999-04-13,84.502106
1999-04-14,66.306
1999-04-15,50.148
1999-04-16,77.7815
1999-04-17,78.1445
1999-04-18,77.5235
1999-04-19,74.6525
1999-04-20,66.6485
1999-04-21,70.299995
1999-04-22,81.6475
1999-04-23,87.91789
1999-04-24,84.327
1999-04-25,79.696
1999-04-26,73.8565
1999-04-27,69.328
1999-04-28,69.281
1999-04-29,64.534
1999-04-30,69.626495
1999-05-01,68.3085
1999-05-02,68.566
1999-05-03,65.164
1999-05-04,75.922
1999-05-05,78.2895
1999-05-06,51.7135
1999-05-07,72.649
1999-05-08,69.112
1999-05-09,73.749
1999-05-10,64.458496
1999-05-11,69.194496
1999-05-12,78.452995
1999-05-13,72.294
1999-05-14,85.901
1999-05-15,76.4215
1999-05-16,62.5905
1999-05-17,61.844997
1999-05-18,72.367
1999-05-19,56.089
1999-05-20,74.735
1999-05-21,68.756
1999-05-22,70.1565
1999-05-23,57.029
1999-05-24,57.1685
1999-05-25,61.222
1999-05-26,64.986
1999-05-27,63.058
1999-05-28,66.0525
1999-05-29,60.859
1999-05-30,65.9925
1999-05-31,57.4945
1999-06-01,67.8595
1999-06-02,65.026
1999-06-03,57.493
1999-06-04,75.2715
1999-06-05,64.570496
1999-06-06,57.512497
1999-06-07,54.545498
1999-06-08,74.597496
1999-06-09,61.5955
1999-06-10,66.1175
1999-06-11,75.052
1999-06-12,78.5485
1999-06-13,77.455
1999-06-14,72.2845
1999-06-15,74.912
1999-06-16,79.1295
1999-06-17,77.986
1999-06-18,72.418495
1999-06-19,65.485
1999-06-20,62.8745
1999-06-21,86.872
1999-06-22,70.756
1999-06-23,52.927498
1999-06-24,59.0
1999-06-25,59.707497
1999-06-26,58.2875
1999-06-27,63.1415
1999-06-28,62.433
1999-06-29,60.634
1999-06-30,59.6345
1999-07-01,57.469498
1999-07-02,63.048
1999-07-03,64.6655
1999-07-04,61.715
1999-07-05,59.600998
1999-07-06,46.635998
1999-07-07,79.553
1999-07-08,73.5615
1999-07-09,84.6525
1999-07-10,85.459
1999-07-11,76.5765
1999-07-12,77.905
1999-07-13,72.9415
1999-07-14,69.7565
1999-07-15,54.816998
1999-07-16,59.024498
1999-07-17,60.116997
1999-07-18,61.511497
1999-07-19,61.838
1999-07-20,63.2585
1999-07-21,64.149
1999-07-22,76.031
1999-07-23,68.18
1999-07-24,64.986
1999-07-25,68.519
1999-07-26,80.286995
1999-07-27,69.977
1999-07-28,66.263
1999-07-29,59.233498
1999-07-30,56.233498
1999-07-31,64.267
1999-08-01,65.0485
1999-08-02,67.2465
1999-08-03,64.3915
1999-08-04,72.3025
1999-08-05,73.181496
1999-08-06,75.6905
1999-08-07,73.5215
1999-08-08,68.520996
1999-08-09,60.306
1999-08-10,65.9205
1999-08-11,71.7115
1999-08-12,60.7215
1999-08-13,69.7415
1999-08-14,60.815
1999-08-15,65.4815
1999-08-16,78.701
1999-08-17,80.223495
1999-08-18,78.812
1999-08-19,69.309
1999-08-20,81.669
1999-08-21,72.437996
1999-08-22,60.6665
1999-08-23,61.6065
1999-08-24,68.8255
1999-08-25,66.0575
1999-08-26,64.378
1999-08-27,74.2285
1999-08-28,66.101
1999-08-29,83.249
1999-08-30,87.411
1999-08-31,74.875
1999-09-01,73.857
1999-09-02,85.1105
1999-09-03,86.7565
1999-09-04,82.4125
1999-09-05,85.7155
1999-09-06,75.9655
1999-09-07,72.994995
1999-09-08,73.792
1999-09-09,65.7655
1999-09-10,60.955498
1999-09-11,68.479
1999-09-12,69.93
1999-09-13,68.77
1999-09-14,72.2375
1999-09-15,68.4185
1999-09-16,68.705
1999-09-17,69.0485
1999-09-18,79.2445
1999-09-19,75.2575
1999-09-20,68.0505
1999-09-21,85.432
1999-09-22,76.5485
1999-09-23,75.7015
1999-09-24,73.1125
1999-09-25,68.1455
1999-09-26,68.086494
1999-09-27,80.9105
1999-09-28,81.40948
1999-09-29,65.43
1999-09-30,65.5725
1999-10-01,72.1385
1999-10-02,69.7385
1999-10-03,64.8785
1999-10-04,83.749
1999-10-05,72.155495
1999-10-06,70.233
1999-10-07,73.4385
1999-10-08,73.2745
1999-10-09,74.6325
1999-10-10,70.01
1999-10-11,70.4205
1999-10-12,77.695
1999-10-13,74.445
1999-10-14,69.0285
1999-10-15,68.397
1999-10-16,63.608997
1999-10-17,66.7425
1999-10-18,65.333
1999-10-19,74.1455
1999-10-20,73.153496
1999-10-21,82.329
1999-10-22,86.52
1999-10-23,82.069496
1999-10-24,77.3715
1999-10-25,72.6895
1999-10-26,87.886314
1999-10-27,75.723495
1999-10-28,85.973
1999-10-29,86.602104
1999-10-30,84.9265
1999-10-31,75.9825
1999-11-01,72.641495
1999-11-02,80.2285
1999-11-03,82.6345
1999-11-04,81.9645
1999-11-05,81.978
1999-11-06,77.6425
1999-11-07,70.3925
1999-11-08,81.389
1999-11-09,90.20778
1999-11-10,91.42214
1999-11-11,89.80778
1999-11-12,85.946
1999-11-13,85.36421
1999-11-14,85.53105
1999-11-15,78.15
1999-11-16,80.2865
1999-11-17,91.045296
1999-11-18,86.073685
1999-11-19,93.441666
1999-11-20,85.35
1999-11-21,89.90375
1999-11-22,87.961
1999-11-23,79.097496
1999-11-24,81.937
1999-11-25,84.312996
1999-11-26,85.7295
1999-11-27,91.85167
1999-11-28,91.77875
1999-11-29,92.31
1999-11-30,93.066666
1999-12-01,89.740906
1999-12-02,83.695496
1999-12-03,75.3035
1999-12-04,78.9815
1999-12-05,78.593
1999-12-06,67.4055
1999-12-07,72.96
1999-12-08,71.749
1999-12-09,76.696
1999-12-10,83.5955
1999-12-11,90.03
1999-12-12,88.961174
1999-12-13,82.055786
1999-12-14,80.8185
1999-12-15,86.542
1999-12-16,78.6835
1999-12-17,81.297
1999-12-18,81.0445
1999-12-19,84.261
1999-12-20,81.417
1999-12-21,71.6195
1999-12-22,78.986
1999-12-23,81.9225
1999-12-24,87.73947
1999-12-25,89.727
1999-12-26,90.5875
1999-12-27,76.9285
1999-12-28,89.319336
1999-12-29,78.506
1999-12-30,82.4265
1999-12-31,82.7115
2000-01-01,85.5915
2000-01-02,91.746
2000-01-03,92.10333
2000-01-04,90.61143
2000-01-05,92.04625
2000-01-06,92.365456
2000-01-07,93.307144
2000-01-08,94.21333
2000-01-09,92.635
2000-01-10,93.95556
2000-01-11,88.36579
2000-01-12,90.66625
2000-01-13,90.375
2000-01-14,89.863335
2000-01-15,91.715454
2000-01-16,75.936
2000-01-17,71.242
2000-01-18,79.653496
2000-01-19,68.1155
2000-01-20,64.2535
2000-01-21,70.1195
2000-01-22,70.895
2000-01-23,83.854996
2000-01-24,64.485
2000-01-25,70.569496
2000-01-26,67.647995
2000-01-27,66.548996
2000-01-28,73.973495
2000-01-29,71.403
2000-01-30,77.570496
2000-01-31,71.3375
2000-02-01,78.514
2000-02-02,78.235
2000-02-03,68.186
2000-02-04,68.4235
2000-02-05,69.3085
2000-02-06,71.575
2000-02-07,77.6565
2000-02-08,73.8585
2000-02-09,66.895
2000-02-10,70.027
2000-02-11,80.7185
2000-02-12,76.908
2000-02-13,73.3295
2000-02-14,63.7945
2000-02-15,69.942
2000-02-16,74.0495
2000-02-17,70.659
2000-02-18,65.292
2000-02-19,77.111496
2000-02-20,78.1365
2000-02-21,66.383
2000-02-22,68.763
2000-02-23,82.423
2000-02-24,74.6525
2000-02-25,67.393
2000-02-26,66.883
2000-02-27,72.9715
2000-02-28,63.284
2000-02-29,56.151497
2000-03-01,69.6875
2000-03-02,65.617
2000-03-03,59.5625
2000-03-04,69.6065
2000-03-05,64.3165
2000-03-06,60.789997
2000-03-07,61.313
2000-03-08,56.477497
2000-03-09,59.156
2000-03-10,60.4955
2000-03-11,70.417
2000-03-12,67.437
2000-03-13,65.4675
2000-03-14,70.313995
2000-03-15,68.58
2000-03-16,77.8105
2000-03-17,84.9255
2000-03-18,63.5625
2000-03-19,74.1095
2000-03-20,64.678
2000-03-21,76.0955
2000-03-22,68.265
2000-03-23,59.284
2000-03-24,63.468
2000-03-25,79.6915
2000-03-26,73.201
2000-03-27,77.5485
2000-03-28,67.820496
2000-03-29,87.8695
2000-03-30,70.826996
2000-03-31,66.1195
2000-04-01,85.767
2000-04-02,68.612
2000-04-03,62.882
2000-04-04,65.9795
2000-04-05,83.7235
2000-04-06,50.671997
2000-04-07,51.6875
2000-04-08,61.5305
2000-04-09,56.84
2000-04-10,54.4875
2000-04-11,70.506996
2000-04-12,65.083
2000-04-13,59.582
2000-04-14,51.732
2000-04-15,56.7705
2000-04-16,56.7135
2000-04-17,54.6585
2000-04-18,56.689
2000-04-19,56.719997
2000-04-20,57.19
2000-04-21,57.7695
2000-04-22,51.7175
2000-04-23,56.302002
2000-04-24,62.45
2000-04-25,77.484
2000-04-26,73.609
2000-04-27,64.805
2000-04-28,60.601498
2000-04-29,70.0415
2000-04-30,69.1615
2000-05-01,76.7315
2000-05-02,62.84
2000-05-03,54.7165
2000-05-04,54.962498
2000-05-05,52.073498
2000-05-06,52.989998
2000-05-07,56.481
2000-05-08,61.1745
2000-05-09,64.5435
2000-05-10,61.372498
2000-05-11,59.5585
2000-05-12,63.095997
2000-05-13,56.5685
2000-05-14,54.461998
2000-05-15,49.184
2000-05-16,55.851997
2000-05-17,47.9545
2000-05-18,50.779
2000-05-19,80.138
2000-05-20,84.3085
2000-05-21,56.0865
2000-05-22,81.61
2000-05-23,68.546
2000-05-24,59.956997
2000-05-25,56.609497
2000-05-26,60.5905
2000-05-27,51.1615
2000-05-28,51.314
2000-05-29,83.756996
2000-05-30,58.2965
2000-05-31,70.8975
2000-06-01,53.588497
2000-06-02,53.658997
2000-06-03,53.246998
2000-06-04,49.922
2000-06-05,53.684498
2000-06-06,65.0305
2000-06-07,67.5495
2000-06-08,54.982998
2000-06-09,50.765
2000-06-10,46.086
2000-06-11,55.309
2000-06-12,54.7505
2000-06-13,60.558
2000-06-14,55.2135
2000-06-15,67.4165
2000-06-16,52.037
2000-06-17,41.3225
2000-06-18,46.5425
2000-06-19,44.063
2000-06-20,45.998997
2000-06-21,44.476498
2000-06-22,46.113
2000-06-23,46.8825
2000-06-24,55.5085
2000-06-25,85.3745
2000-06-26,63.6445
2000-06-27,53.223
2000-06-28,52.975998
2000-06-29,47.075497
2000-06-30,59.468
2000-07-01,55.3185
2000-07-02,53.221497
2000-07-03,53.845997
2000-07-04,51.509
2000-07-05,55.461998
2000-07-06,53.566998
2000-07-07,53.435497
2000-07-08,69.131
2000-07-09,69.9975
2000-07-10,49.107998
2000-07-11,79.933
2000-07-12,71.349
2000-07-13,60.4325
2000-07-14,65.531
2000-07-15,88.62684
2000-07-16,77.947
2000-07-17,55.092
2000-07-18,76.0595
2000-07-19,69.9355
2000-07-20,71.64
2000-07-21,62.2635
2000-07-22,69.554
2000-07-23,62.2935
2000-07-24,61.649498
2000-07-25,54.073997
2000-07-26,65.501495
2000-07-27,55.329
2000-07-28,79.442
2000-07-29,64.979
2000-07-30,67.4745
2000-07-31,66.122
2000-08-01,60.752
2000-08-02,51.2035
2000-08-03,59.001
2000-08-04,61.439
2000-08-05,80.15
2000-08-06,74.138
2000-08-07,73.5935
2000-08-08,64.252
2000-08-09,65.614
2000-08-10,58.886
2000-08-11,60.4465
2000-08-12,56.501
2000-08-13,60.2425
2000-08-14,60.1315
2000-08-15,57.4395
2000-08-16,54.2215
2000-08-17,55.261
2000-08-18,47.48
2000-08-19,48.387497
2000-08-20,46.5815
2000-08-21,47.938
2000-08-22,49.411
2000-08-23,53.956997
2000-08-24,53.323498
2000-08-25,47.685497
2000-08-26,52.2175
2000-08-27,52.3135
2000-08-28,62.539997
2000-08-29,61.2915
2000-08-30,52.6115
2000-08-31,75.779495
2000-09-01,73.2345
2000-09-02,71.5055
2000-09-03,69.9875
2000-09-04,65.6205
2000-09-05,60.586998
2000-09-06,64.6485
2000-09-07,84.34579
2000-09-08,72.5505
2000-09-09,68.308
2000-09-10,62.0965
2000-09-11,64.327995
2000-09-12,67.319496
2000-09-13,63.7315
2000-09-14,67.808
2000-09-15,77.254
2000-09-16,68.396
2000-09-17,77.222
2000-09-18,80.337
2000-09-19,83.0285
2000-09-20,82.663
2000-09-21,80.238
2000-09-22,78.0635
2000-09-23,81.146996
2000-09-24,86.4685
2000-09-25,79.774
2000-09-26,78.5545
2000-09-27,73.104
2000-09-28,70.6375
2000-09-29,60.5205
2000-09-30,69.792
2000-10-01,83.547
2000-10-02,82.5075
2000-10-03,84.1525
2000-10-04,81.7575
2000-10-05,79.3065
2000-10-06,73.173996
2000-10-07,87.059
2000-10-08,76.0245
2000-10-09,88.1845
2000-10-10,85.641
2000-10-11,69.3555
2000-10-12,60.171497
2000-10-13,70.99
2000-10-14,80.323
2000-10-15,80.954
2000-10-16,72.5495
2000-10-17,70.8645
2000-10-18,85.2245
2000-10-19,88.12737
2000-10-20,69.929
2000-10-21,73.375
2000-10-22,75.351
2000-10-23,73.576996
2000-10-24,79.68
2000-10-25,77.7495
2000-10-26,73.1785
2000-10-27,78.6995
2000-10-28,72.827995
2000-10-29,77.342
2000-10-30,75.679
2000-10-31,62.986
2000-11-01,90.233
2000-11-02,92.43889
2000-11-03,72.312996
2000-11-04,87.969475
2000-11-05,88.5015
2000-11-06,78.8075
2000-11-07,84.064
2000-11-08,76.3465
2000-11-09,75.1045
2000-11-10,82.9035
2000-11-11,81.3395
2000-11-12,78.919
2000-11-13,79.1295
2000-11-14,63.878498
2000-11-15,83.1755
2000-11-16,86.562
2000-11-17,86.033
2000-11-18,86.5775
2000-11-19,91.633125
2000-11-20,86.449
2000-11-21,77.1795
2000-11-22,87.4445
2000-11-23,76.242
2000-11-24,76.6905
2000-11-25,91.97722
2000-11-26,88.051056
2000-11-27,73.5625
2000-11-28,76.6645
2000-11-29,74.002
2000-11-30,91.41
2000-12-01,95.16
2000-12-02,92.96769
2000-12-03,92.06273
2000-12-04,92.76
2000-12-05,93.215996
2000-12-06,91.56
2000-12-07,92.055
2000-12-08,84.4995
2000-12-09,85.482
2000-12-10,89.54882
2000-12-11,87.66
2000-12-12,88.15059
2000-12-13,84.968
2000-12-14,88.83
2000-12-15,87.13778
2000-12-16,70.877495
2000-12-17,81.20947
2000-12-18,85.8835
2000-12-19,91.76077
2000-12-20,80.033
2000-12-21,78.8655
2000-12-22,70.319
2000-12-23,77.437
2000-12-24,78.33369
2000-12-25,83.9945
2000-12-26,94.1075
2000-12-27,93.975
2000-12-28,91.979996
2000-12-29,88.47158
2000-12-30,86.8445
2000-12-31,86.014
2001-01-01,87.11158
2001-01-02,83.8125
2001-01-03,90.086426
2001-01-04,92.023575
2001-01-05,89.97278
2001-01-06,75.2575
2001-01-07,83.652
2001-01-08,89.585
2001-01-09,72.224
2001-01-10,80.073
2001-01-11,81.607
2001-01-12,71.425
2001-01-13,73.8625
2001-01-14,77.590996
2001-01-15,79.846
2001-01-16,85.205
2001-01-17,81.222
2001-01-18,83.655
2001-01-19,87.67611
2001-01-20,88.456
2001-01-21,87.3245
2001-01-22,87.53526
2001-01-23,91.9325
2001-01-24,92.58692
2001-01-25,92.60909
2001-01-26,92.326
2001-01-27,80.004
2001-01-28,85.882996
2001-01-29,86.163
2001-01-30,79.278496
2001-01-31,65.683495
2001-02-01,59.559
2001-02-02,61.934
2001-02-03,68.5115
2001-02-04,73.570496
2001-02-05,74.1785
2001-02-06,72.5495
2001-02-07,60.916
2001-02-08,52.635498
2001-02-09,71.484
2001-02-10,66.654495
2001-02-11,71.1055
2001-02-12,71.225
2001-02-13,73.5085
2001-02-14,63.8845
2001-02-15,71.7495
2001-02-16,74.3685
2001-02-17,68.755
2001-02-18,59.151497
2001-02-19,54.183
2001-02-20,65.8845
2001-02-21,57.7255
2001-02-22,52.8955
2001-02-23,80.660995
2001-02-24,66.956
2001-02-25,60.580498
2001-02-26,63.465
2001-02-27,62.939
2001-02-28,69.5115
2001-03-01,85.90474
2001-03-02,69.1345
2001-03-03,78.7535
2001-03-04,65.584
2001-03-05,72.6135
2001-03-06,63.954998
2001-03-07,63.6475
2001-03-08,67.1745
2001-03-09,61.6155
2001-03-10,69.4635
2001-03-11,69.7805
2001-03-12,61.953
2001-03-13,79.8675
2001-03-14,68.994995
2001-03-15,72.159
2001-03-16,68.085
2001-03-17,67.8735
2001-03-18,59.669
2001-03-19,66.4765
2001-03-20,77.4105
2001-03-21,88.64778
2001-03-22,91.75222
2001-03-23,76.6625
2001-03-24,71.708496
2001-03-25,74.2445
2001-03-26,74.8635
2001-03-27,82.99
2001-03-28,72.4425
2001-03-29,82.123
2001-03-30,71.926
2001-03-31,64.190994
2001-04-01,62.1045
2001-04-02,56.4655
2001-04-03,52.399
2001-04-04,50.402
2001-04-05,65.4995
2001-04-06,55.7615
2001-04-07,58.670998
2001-04-08,87.337
2001-04-09,69.626495
2001-04-10,66.447
2001-04-11,87.0925
2001-04-12,64.6175
2001-04-13,52.4115
2001-04-14,58.761997
2001-04-15,51.2295
2001-04-16,70.3865
2001-04-17,67.5035
2001-04-18,58.9475
2001-04-19,74.254
2001-04-20,86.24368
2001-04-21,84.5185
2001-04-22,75.241
2001-04-23,63.78
2001-04-24,54.1855
2001-04-25,55.289497
2001-04-26,74.943
2001-04-27,57.771
2001-04-28,59.203
2001-04-29,53.538498
2001-04-30,65.743996
2001-05-01,56.7525
2001-05-02,46.705498
2001-05-03,54.6605
2001-05-04,55.1685
2001-05-05,69.2395
2001-05-06,68.5105
2001-05-07,75.947
2001-05-08,77.6845
2001-05-09,69.536
2001-05-10,53.843998
2001-05-11,64.2295
2001-05-12,46.975998
2001-05-13,49.037
2001-05-14,53.717
2001-05-15,53.3895
2001-05-16,56.4455
2001-05-17,54.641
2001-05-18,63.545
2001-05-19,60.824
2001-05-20,58.618
2001-05-21,65.359
2001-05-22,66.155495
2001-05-23,48.3195
2001-05-24,50.080997
2001-05-25,51.39
2001-05-26,44.5925
2001-05-27,48.098
2001-05-28,52.7785
2001-05-29,54.318996
2001-05-30,48.048
2001-05-31,77.869995
2001-06-01,61.82
2001-06-02,48.5845
2001-06-03,78.403496
2001-06-04,59.5495
2001-06-05,58.4845
2001-06-06,65.1905
2001-06-07,68.837
2001-06-08,59.7105
2001-06-09,61.6755
2001-06-10,62.488
2001-06-11,81.251
2001-06-12,61.272
2001-06-13,62.952
2001-06-14,71.6215
2001-06-15,55.656
2001-06-16,60.52
2001-06-17,83.986496
2001-06-18,66.444496
2001-06-19,60.011997
2001-06-20,67.422
2001-06-21,57.082
2001-06-22,70.376
2001-06-23,67.65
2001-06-24,56.5195
2001-06-25,57.2915
2001-06-26,51.822
2001-06-27,57.5155
2001-06-28,64.0815
2001-06-29,69.6585
2001-06-30,59.066998
2001-07-01,71.270996
2001-07-02,59.009
2001-07-03,64.7995
2001-07-04,77.4695
2001-07-05,70.3005
2001-07-06,62.1315
2001-07-07,52.7355
2001-07-08,53.684
2001-07-09,71.979
2001-07-10,66.832
2001-07-11,56.690998
2001-07-12,61.9215
2001-07-13,58.5695
2001-07-14,60.219997
2001-07-15,52.1905
2001-07-16,54.025497
2001-07-17,83.92
2001-07-18,63.418
2001-07-19,56.066998
2001-07-20,75.209
2001-07-21,76.857994
2001-07-22,65.669
2001-07-23,75.225
2001-07-24,80.070496
2001-07-25,71.9525
2001-07-26,66.528
2001-07-27,61.294
2001-07-28,58.889
2001-07-29,53.2785
2001-07-30,63.668
2001-07-31,57.407497
2001-08-01,56.0625
2001-08-02,58.707
2001-08-03,52.78
2001-08-04,55.957
2001-08-05,59.7485
2001-08-06,52.8415
2001-08-07,55.604
2001-08-08,53.048
2001-08-09,56.146
2001-08-10,64.7115
2001-08-11,74.567
2001-08-12,52.646
2001-08-13,53.9125
2001-08-14,58.596
2001-08-15,58.0155
2001-08-16,59.228
2001-08-17,50.893497
2001-08-18,54.073498
2001-08-19,56.053497
2001-08-20,57.6315
2001-08-21,68.5385
2001-08-22,72.7185
2001-08-23,71.684
2001-08-24,72.6805
2001-08-25,66.576
2001-08-26,58.6305
2001-08-27,59.4045
2001-08-28,53.475
2001-08-29,55.279
2001-08-30,54.8775
2001-08-31,74.808
2001-09-01,71.5385
2001-09-02,70.9305
2001-09-03,60.177998
2001-09-04,69.722
2001-09-05,88.59
2001-09-06,80.904495
2001-09-07,66.367
2001-09-08,75.6185
2001-09-09,80.9305
2001-09-10,70.362
2001-09-11,70.112495
2001-09-12,76.054
2001-09-13,64.684
2001-09-14,77.6495
2001-09-15,87.45052
2001-09-16,80.313995
2001-09-17,89.55529
2001-09-18,79.728
2001-09-19,79.4915
2001-09-20,69.0635
2001-09-21,74.747
2001-09-22,80.101
2001-09-23,91.47357
2001-09-24,79.556496
2001-09-25,82.570496
2001-09-26,85.889496
2001-09-27,73.487
2001-09-28,75.0905
2001-09-29,77.377
2001-09-30,85.5635
2001-10-01,76.898
2001-10-02,72.4575
2001-10-03,75.717995
2001-10-04,76.8585
2001-10-05,78.046
2001-10-06,77.276
2001-10-07,74.382996
2001-10-08,71.3195
2001-10-09,79.808
2001-10-10,83.4475
2001-10-11,72.325
2001-10-12,72.7985
2001-10-13,79.265495
2001-10-14,79.6055
2001-10-15,77.726
2001-10-16,78.941
2001-10-17,84.7445
2001-10-18,89.72158
2001-10-19,91.36
2001-10-20,88.496
2001-10-21,68.6335
2001-10-22,74.0485
2001-10-23,76.299995
2001-10-24,82.8245
2001-10-25,87.2535
2001-10-26,74.56
2001-10-27,77.865
2001-10-28,83.1
2001-10-29,83.354
2001-10-30,75.655
2001-10-31,62.653
2001-11-01,60.967
2001-11-02,68.138
2001-11-03,80.0245
2001-11-04,65.9795
2001-11-05,69.424995
2001-11-06,84.8465
2001-11-07,83.374
2001-11-08,79.987
2001-11-09,81.337
2001-11-10,67.3365
2001-11-11,80.2045
2001-11-12,91.02167
2001-11-13,91.902664
2001-11-14,66.423996
2001-11-15,71.006
2001-11-16,76.4315
2001-11-17,78.21
2001-11-18,91.434
2001-11-19,87.2605
2001-11-20,69.089
2001-11-21,66.611496
2001-11-22,70.3575
2001-11-23,67.962
2001-11-24,67.1175
2001-11-25,70.2215
2001-11-26,85.6065
2001-11-27,92.651115
2001-11-28,92.10083
2001-11-29,87.64895
2001-11-30,84.50053
2001-12-01,80.2985
2001-12-02,91.96769
2001-12-03,94.8225
2001-12-04,91.722145
2001-12-05,92.12334
2001-12-06,91.74308
2001-12-07,84.362
2001-12-08,74.9825
2001-12-09,71.103
2001-12-10,76.084
2001-12-11,88.10824
2001-12-12,92.395836
2001-12-13,69.763
2001-12-14,74.321
2001-12-15,74.6825
2001-12-16,73.276
2001-12-17,79.951996
2001-12-18,81.111496
2001-12-19,79.042
2001-12-20,75.538
2001-12-21,74.278496
2001-12-22,78.144
2001-12-23,82.637
2001-12-24,69.432
2001-12-25,65.7965
2001-12-26,83.159
2001-12-27,74.3825
2001-12-28,74.9525
2001-12-29,70.8265
2001-12-30,70.2335
2001-12-31,77.545
2002-01-01,65.6355
2002-01-02,65.329
2002-01-03,54.545
2002-01-04,65.261
2002-01-05,56.357
2002-01-06,45.403
2002-01-07,72.933
2002-01-08,82.696495
2002-01-09,80.7345
2002-01-10,91.9155
2002-01-11,90.88579
2002-01-12,89.059
2002-01-13,90.16947
2002-01-14,85.6425
2002-01-15,82.556496
2002-01-16,88.2265
2002-01-17,86.856
2002-01-18,83.016
2002-01-19,83.5415
2002-01-20,84.4215
2002-01-21,87.322
2002-01-22,81.2415
2002-01-23,75.7545
2002-01-24,73.3255
2002-01-25,85.0505
2002-01-26,89.04263
2002-01-27,72.2355
2002-01-28,78.562
2002-01-29,73.295
2002-01-30,76.729996
2002-01-31,69.056496
2002-02-01,83.445496
2002-02-02,81.15
2002-02-03,90.816
2002-02-04,93.53353
2002-02-05,91.537895
2002-02-06,78.0665
2002-02-07,89.698
2002-02-08,88.4205
2002-02-09,92.45842
2002-02-10,83.5205
2002-02-11,75.306
2002-02-12,64.7405
2002-02-13,73.739
2002-02-14,77.035995
2002-02-15,53.7925
2002-02-16,62.2565
2002-02-17,71.9555
2002-02-18,90.61056
2002-02-19,78.8145
2002-02-20,71.2385
2002-02-21,68.775
2002-02-22,47.25
2002-02-23,57.130997
2002-02-24,59.561
2002-02-25,52.523
2002-02-26,55.62
2002-02-27,62.001
2002-02-28,84.1525
2002-03-01,85.311
2002-03-02,87.758
2002-03-03,62.2
2002-03-04,72.1105
2002-03-05,64.3885
2002-03-06,62.602
2002-03-07,52.295998
2002-03-08,47.772
2002-03-09,57.361
2002-03-10,50.738
2002-03-11,53.8405
2002-03-12,55.183
2002-03-13,58.0745
2002-03-14,51.226498
2002-03-15,56.392498
2002-03-16,78.2915
2002-03-17,70.097
2002-03-18,66.0915
2002-03-19,74.208
2002-03-20,75.436
2002-03-21,78.2205
2002-03-22,73.936005
2002-03-23,71.6375
2002-03-24,68.159996
2002-03-25,64.863
2002-03-26,63.940998
2002-03-27,56.0375
2002-03-28,54.434498
2002-03-29,56.1545
2002-03-30,53.081497
2002-03-31,50.5145
2002-04-01,53.141
2002-04-02,53.106
2002-04-03,46.677
2002-04-04,51.4395
2002-04-05,55.593
2002-04-06,45.5015
2002-04-07,52.045998
2002-04-08,47.767
2002-04-09,43.901497
2002-04-10,87.633
2002-04-11,90.069
2002-04-12,88.587
2002-04-13,91.34722
2002-04-14,87.4455
2002-04-15,74.222496
2002-04-16,69.215
2002-04-17,77.9685
2002-04-18,73.5035
2002-04-19,75.687
2002-04-20,82.7145
2002-04-21,73.201
2002-04-22,67.216995
2002-04-23,62.6525
2002-04-24,80.192
2002-04-25,66.396996
2002-04-26,67.3555
2002-04-27,76.215996
2002-04-28,67.536
2002-04-29,58.049
2002-04-30,60.237
2002-05-01,61.885498
2002-05-02,53.163498
2002-05-03,60.1805
2002-05-04,58.9885
2002-05-05,83.006
2002-05-06,78.306496
2002-05-07,69.7245
2002-05-08,53.937
2002-05-09,60.205997
2002-05-10,71.4645
2002-05-11,69.600494
2002-05-12,70.8515
2002-05-13,77.9465
2002-05-14,74.505
2002-05-15,55.859
2002-05-16,62.356
2002-05-17,64.7455
2002-05-18,61.305
2002-05-19,61.0475
2002-05-20,64.19
2002-05-21,73.813
2002-05-22,71.718
2002-05-23,60.4085
2002-05-24,61.920498
2002-05-25,64.084496
2002-05-26,84.1515
2002-05-27,79.854996
2002-05-28,71.705
2002-05-29,55.015
2002-05-30,48.734497
2002-05-31,53.968998
2002-06-01,58.6415
2002-06-02,53.723
2002-06-03,58.9405
2002-06-04,58.741
2002-06-05,73.5545
2002-06-06,76.155
2002-06-07,70.532
2002-06-08,71.483
2002-06-09,74.175
2002-06-10,83.625
2002-06-11,49.455498
2002-06-12,58.27
2002-06-13,63.2735
2002-06-14,73.512
2002-06-15,70.6015
2002-06-16,65.6645
2002-06-17,61.203
2002-06-18,59.6685
2002-06-19,59.5635
2002-06-20,57.491497
2002-06-21,58.169
2002-06-22,54.3155
2002-06-23,56.003
2002-06-24,59.042
2002-06-25,65.4935
2002-06-26,52.91
2002-06-27,53.087997
2002-06-28,79.2385
2002-06-29,54.099
2002-06-30,57.393997
2002-07-01,58.538498
2002-07-02,56.627
2002-07-03,58.724
2002-07-04,76.248
2002-07-05,61.7075
2002-07-06,58.725998
2002-07-07,66.917496
2002-07-08,57.4685
2002-07-09,62.7765
2002-07-10,63.559
2002-07-11,45.845497
2002-07-12,45.9255
2002-07-13,64.8265
2002-07-14,66.058495
2002-07-15,69.471
2002-07-16,71.9985
2002-07-17,64.407
2002-07-18,75.432
2002-07-19,65.4255
2002-07-20,61.8355
2002-07-21,58.828
2002-07-22,75.3775
2002-07-23,65.1745
2002-07-24,70.9955
2002-07-25,63.621998
2002-07-26,54.502
2002-07-27,52.344997
2002-07-28,56.7025
2002-07-29,66.487
2002-07-30,64.7545
2002-07-31,80.9425
2002-08-01,77.993996
2002-08-02,68.9285
2002-08-03,62.5365
2002-08-04,75.82
2002-08-05,67.8045
2002-08-06,78.3385
2002-08-07,85.404
2002-08-08,83.6595
2002-08-09,74.1855
2002-08-10,70.319
2002-08-11,84.4395
2002-08-12,81.6055
2002-08-13,66.9105
2002-08-14,67.6755
2002-08-15,66.8075
2002-08-16,68.0755
2002-08-17,67.6205
2002-08-18,68.211
2002-08-19,67.986496
2002-08-20,68.6335
2002-08-21,69.7625
2002-08-22,79.878
2002-08-23,72.209496
2002-08-24,72.798996
2002-08-25,71.8795
2002-08-26,67.6935
2002-08-27,75.980995
2002-08-28,76.473495
2002-08-29,73.7395
2002-08-30,72.657
2002-08-31,65.92
2002-09-01,67.3525
2002-09-02,66.569496
2002-09-03,69.5375
2002-09-04,70.8975
2002-09-05,76.722496
2002-09-06,76.6605
2002-09-07,68.448
2002-09-08,70.9915
2002-09-09,69.748
2002-09-10,81.7845
2002-09-11,71.4375
2002-09-12,57.282997
2002-09-13,68.807
2002-09-14,64.875
2002-09-15,80.534
2002-09-16,73.278496
2002-09-17,74.4115
2002-09-18,73.3
2002-09-19,85.333
2002-09-20,83.2295
2002-09-21,79.987495
2002-09-22,93.221664
2002-09-23,93.50437
2002-09-24,94.088
2002-09-25,86.602
2002-09-26,72.806
2002-09-27,79.947
2002-09-28,76.989
2002-09-29,67.113
2002-09-30,71.4635
2002-10-01,77.097496
2002-10-02,77.057
2002-10-03,83.6375
2002-10-04,89.4645
2002-10-05,74.818
2002-10-06,89.974
2002-10-07,72.985
2002-10-08,74.5105
2002-10-09,87.503
2002-10-10,89.3155
2002-10-11,
2002-10-12,92.84
2002-10-13,84.8525
2002-10-14,84.52
2002-10-15,90.152
2002-10-16,80.586
2002-10-17,65.456
2002-10-18,91.3255
2002-10-19,86.0905
2002-10-20,78.972
2002-10-21,75.306496
2002-10-22,79.779
2002-10-23,72.455
2002-10-24,77.0235
2002-10-25,82.788
2002-10-26,70.9485
2002-10-27,76.914
2002-10-28,52.3825
2002-10-29,65.9075
2002-10-30,74.8805
2002-10-31,89.137
2002-11-01,90.6315
2002-11-02,94.28375
2002-11-03,87.4805
2002-11-04,93.38
2002-11-05,75.4235
2002-11-06,69.1095
2002-11-07,93.57846
2002-11-08,93.53166
2002-11-09,87.0365
2002-11-10,74.386
2002-11-11,80.164
2002-11-12,81.8985
2002-11-13,82.491
2002-11-14,74.121
2002-11-15,56.597
2002-11-16,57.351498
2002-11-17,76.8695
2002-11-18,89.616
2002-11-19,75.612
2002-11-20,81.4425
2002-11-21,79.3645
2002-11-22,90.9825
2002-11-23,87.0105
2002-11-24,77.102
2002-11-25,86.094
2002-11-26,89.207504
2002-11-27,91.7515
2002-11-28,94.71
2002-11-29,93.24
2002-11-30,92.884735
2002-12-01,93.05556
2002-12-02,92.94647
2002-12-03,90.4295
2002-12-04,93.93
2002-12-05,93.8125
2002-12-06,93.55
2002-12-07,93.43667
2002-12-08,83.9565
2002-12-09,77.7055
2002-12-10,72.8835
2002-12-11,76.021996
2002-12-12,79.817
2002-12-13,83.626
2002-12-14,89.2735
2002-12-15,92.705
2002-12-16,92.485
2002-12-17,95.16
2002-12-18,86.029
2002-12-19,78.6575
2002-12-20,85.299
2002-12-21,89.9975
2002-12-22,91.3255
2002-12-23,93.54857
2002-12-24,68.975
2002-12-25,68.4845
2002-12-26,85.7715
2002-12-27,89.362
2002-12-28,93.26059
2002-12-29,93.05933
2002-12-30,89.139
2002-12-31,89.419
2003-01-01,75.4475
2003-01-02,83.7575
2003-01-03,89.3175
2003-01-04,88.486
2003-01-05,79.393
2003-01-06,74.8915
2003-01-07,89.408
2003-01-08,73.904495
2003-01-09,85.96
2003-01-10,81.493996
2003-01-11,74.708496
2003-01-12,80.608
2003-01-13,74.7525
2003-01-14,78.302
2003-01-15,80.406
2003-01-16,85.5845
2003-01-17,87.3905
2003-01-18,93.485886
2003-01-19,93.2375
2003-01-20,94.46167
2003-01-21,93.73875
2003-01-22,94.15375
2003-01-23,
2003-01-24,90.5485
2003-01-25,89.33
2003-01-26,90.7435
2003-01-27,89.2795
2003-01-28,89.926
2003-01-29,85.801
2003-01-30,93.975
2003-01-31,93.55812
2003-02-01,76.8825
2003-02-02,76.570496
2003-02-03,69.2835
2003-02-04,90.687
2003-02-05,72.983
2003-02-06,64.2835
2003-02-07,69.8235
2003-02-08,78.839
2003-02-09,82.8505
2003-02-10,80.6025
2003-02-11,87.426
2003-02-12,77.3255
2003-02-13,77.460495
2003-02-14,76.272995
2003-02-15,75.4505
2003-02-16,81.043495
2003-02-17,75.144
2003-02-18,70.988
2003-02-19,79.6015
2003-02-20,82.908
2003-02-21,83.708
2003-02-22,73.269
2003-02-23,93.47923
2003-02-24,88.4615
2003-02-25,83.0485
2003-02-26,91.4245
2003-02-27,86.175
2003-02-28,79.965
2003-03-01,74.988495
2003-03-02,81.5725
2003-03-03,88.9135
2003-03-04,81.8125
2003-03-05,85.985
2003-03-06,89.203
2003-03-07,81.604
2003-03-08,76.319
2003-03-09,73.073
2003-03-10,74.291
2003-03-11,75.3835
2003-03-12,63.2845
2003-03-13,56.91
2003-03-14,81.988
2003-03-15,81.6665
2003-03-16,72.699
2003-03-17,61.677498
2003-03-18,64.298996
2003-03-19,59.111
2003-03-20,62.097
2003-03-21,41.104
2003-03-22,42.420498
2003-03-23,46.4115
2003-03-24,43.942997
2003-03-25,42.2575
2003-03-26,48.462498
2003-03-27,52.442997
2003-03-28,51.9545
2003-03-29,57.541
2003-03-30,57.605
2003-03-31,59.953
2003-04-01,47.079
2003-04-02,53.3395
2003-04-03,65.8525
2003-04-04,55.729
2003-04-05,60.778
2003-04-06,64.8115
2003-04-07,68.7345
2003-04-08,57.760498
2003-04-09,57.125
2003-04-10,59.005497
2003-04-11,88.744
2003-04-12,86.5065
2003-04-13,60.9455
2003-04-14,59.203
2003-04-15,60.159
2003-04-16,53.836998
2003-04-17,58.3645
2003-04-18,58.184
2003-04-19,65.225
2003-04-20,58.839
2003-04-21,44.744
2003-04-22,42.123997
2003-04-23,60.624
2003-04-24,66.86
2003-04-25,55.900497
2003-04-26,49.969498
2003-04-27,77.3005
2003-04-28,72.286
2003-04-29,63.2425
2003-04-30,64.168
2003-05-01,54.8255
2003-05-02,59.635998
2003-05-03,56.772
2003-05-04,62.452
2003-05-05,55.7585
2003-05-06,53.107
2003-05-07,55.9005
2003-05-08,60.4445
2003-05-09,48.136497
2003-05-10,63.7205
2003-05-11,67.303
2003-05-12,71.173996
2003-05-13,65.891
2003-05-14,60.8555
2003-05-15,55.071
2003-05-16,56.626
2003-05-17,55.797
2003-05-18,54.9885
2003-05-19,54.607998
2003-05-20,74.897995
2003-05-21,70.317
2003-05-22,65.569
2003-05-23,53.97
2003-05-24,64.4405
2003-05-25,67.359
2003-05-26,73.1285
2003-05-27,77.2165
2003-05-28,79.474495
2003-05-29,80.645
2003-05-30,68.119995
2003-05-31,69.3535
2003-06-01,85.0625
2003-06-02,78.250496
2003-06-03,81.4755
2003-06-04,75.5875
2003-06-05,68.819
2003-06-06,68.2725
2003-06-07,69.447
2003-06-08,71.2395
2003-06-09,65.259
2003-06-10,62.864
2003-06-11,59.72
2003-06-12,58.981
2003-06-13,59.5425
2003-06-14,65.750496
2003-06-15,81.3095
2003-06-16,74.311
2003-06-17,60.628998
2003-06-18,84.455
2003-06-19,64.4755
2003-06-20,67.480995
2003-06-21,54.097
2003-06-22,54.5885
2003-06-23,54.3005
2003-06-24,57.6185
2003-06-25,64.6885
2003-06-26,52.1175
2003-06-27,54.739998
2003-06-28,56.217
2003-06-29,69.5065
2003-06-30,68.6195
2003-07-01,58.9665
2003-07-02,66.766
2003-07-03,78.113
2003-07-04,78.262
2003-07-05,63.324997
2003-07-06,61.9165
2003-07-07,56.658
2003-07-08,51.642998
2003-07-09,58.017498
2003-07-10,60.0615
2003-07-11,57.657
2003-07-12,62.99
2003-07-13,64.663
2003-07-14,58.486
2003-07-15,56.376
2003-07-16,62.2965
2003-07-17,62.2525
2003-07-18,64.738
2003-07-19,64.1245
2003-07-20,64.029
2003-07-21,63.0375
2003-07-22,54.923
2003-07-23,81.497
2003-07-24,65.681
2003-07-25,80.1005
2003-07-26,70.6165
2003-07-27,63.559
2003-07-28,61.117
2003-07-29,71.8695
2003-07-30,75.139496
2003-07-31,87.7525
2003-08-01,84.161
2003-08-02,72.1165
2003-08-03,67.453
2003-08-04,73.193
2003-08-05,66.3225
2003-08-06,60.9115
2003-08-07,54.108498
2003-08-08,56.427498
2003-08-09,52.315998
2003-08-10,51.353
2003-08-11,44.3775
2003-08-12,48.968998
2003-08-13,53.6385
2003-08-14,58.691998
2003-08-15,74.123
2003-08-16,77.4185
2003-08-17,67.326996
2003-08-18,60.427498
2003-08-19,58.5465
2003-08-20,60.524
2003-08-21,59.268497
2003-08-22,56.257
2003-08-23,48.3295
2003-08-24,54.782997
2003-08-25,54.904
2003-08-26,56.793
2003-08-27,53.5005
2003-08-28,50.612
2003-08-29,60.255
2003-08-30,83.5
2003-08-31,94.34
2003-09-01,72.0045
2003-09-02,69.444
2003-09-03,63.712997
2003-09-04,63.9885
2003-09-05,70.627495
2003-09-06,72.158
2003-09-07,56.073997
2003-09-08,54.5485
2003-09-09,72.8815
2003-09-10,93.62231
2003-09-11,73.519
2003-09-12,70.977
2003-09-13,85.1475
2003-09-14,70.5075
2003-09-15,67.1435
2003-09-16,71.285995
2003-09-17,70.97
2003-09-18,71.543
2003-09-19,76.7705
2003-09-20,76.459496
2003-09-21,75.874
2003-09-22,73.4645
2003-09-23,63.405
2003-09-24,77.2455
2003-09-25,71.226
2003-09-26,71.1735
2003-09-27,77.016495
2003-09-28,77.082
2003-09-29,93.41111
2003-09-30,75.545
2003-10-01,77.808
2003-10-02,82.503
2003-10-03,86.0185
2003-10-04,89.496
2003-10-05,86.2325
2003-10-06,72.184
2003-10-07,84.8875
2003-10-08,77.1095
2003-10-09,74.2385
2003-10-10,77.972496
2003-10-11,82.1575
2003-10-12,80.043495
2003-10-13,74.1775
2003-10-14,75.542
2003-10-15,79.326
2003-10-16,83.3305
2003-10-17,77.486496
2003-10-18,82.846
2003-10-19,90.1215
2003-10-20,93.680626
2003-10-21,86.221
2003-10-22,75.7775
2003-10-23,89.257
2003-10-24,88.567
2003-10-25,79.3165
2003-10-26,81.135
2003-10-27,84.8435
2003-10-28,84.5995
2003-10-29,92.75263
2003-10-30,94.086
2003-10-31,85.1005
2003-11-01,72.550995
2003-11-02,92.84
2003-11-03,92.3935
2003-11-04,88.324
2003-11-05,82.428
2003-11-06,93.34091
2003-11-07,89.0621
2003-11-08,93.66308
2003-11-09,92.905
2003-11-10,92.527145
2003-11-11,80.6025
2003-11-12,77.4375
2003-11-13,79.285995
2003-11-14,90.444
2003-11-15,91.818886
2003-11-16,94.455
2003-11-17,92.69111
2003-11-18,94.54
2003-11-19,88.3535
2003-11-20,90.835
2003-11-21,94.71
2003-11-22,93.48583
2003-11-23,78.678
2003-11-24,82.3365
2003-11-25,89.3435
2003-11-26,
2003-11-27,92.390526
2003-11-28,92.19647
2003-11-29,94.706
2003-11-30,94.21333
2003-12-01,94.71
2003-12-02,
2003-12-03,
2003-12-04,
2003-12-05,93.14777
2003-12-06,83.1295
2003-12-07,71.3555
2003-12-08,79.7955
2003-12-09,85.6485
2003-12-10,89.500496
2003-12-11,87.1155
2003-12-12,86.522
2003-12-13,91.0205
2003-12-14,94.475
2003-12-15,85.053
2003-12-16,78.521996
2003-12-17,67.142494
2003-12-18,80.815
2003-12-19,91.551
2003-12-20,
2003-12-21,87.6255
2003-12-22,89.201
2003-12-23,65.318
2003-12-24,67.239
2003-12-25,69.055
2003-12-26,79.5825
2003-12-27,91.333885
2003-12-28,88.166
2003-12-29,89.3425
2003-12-30,93.7175
2003-12-31,
2004-01-01,88.6285
2004-01-02,79.2545
2004-01-03,71.753
2004-01-04,77.3725
2004-01-05,78.326996
2004-01-06,75.388
2004-01-07,83.07
2004-01-08,90.97263
2004-01-09,93.777145
2004-01-10,
2004-01-11,
2004-01-12,92.515884
2004-01-13,90.3745
2004-01-14,76.756996
2004-01-15,92.525
2004-01-16,72.572
2004-01-17,82.612
2004-01-18,
2004-01-19,85.0625
2004-01-20,87.102
2004-01-21,67.56
2004-01-22,63.9645
2004-01-23,71.3165
2004-01-24,69.591995
2004-01-25,76.821495
2004-01-26,81.644
2004-01-27,86.382
2004-01-28,88.756
2004-01-29,90.2515
2004-01-30,80.4135
2004-01-31,70.287
2004-02-01,82.278496
2004-02-02,90.2575
2004-02-03,
2004-02-04,92.781334
2004-02-05,78.6045
2004-02-06,79.344
2004-02-07,78.534
2004-02-08,87.2765
2004-02-09,68.4925
2004-02-10,76.846
2004-02-11,72.363
2004-02-12,63.1245
2004-02-13,83.1595
2004-02-14,93.81084
2004-02-15,78.856995
2004-02-16,85.4035
2004-02-17,81.3225
2004-02-18,77.5595
2004-02-19,75.6885
2004-02-20,66.6895
2004-02-21,59.749
2004-02-22,93.045296
2004-02-23,94.637146
2004-02-24,83.7635
2004-02-25,79.3785
2004-02-26,94.35429
2004-02-27,93.50875
2004-02-28,87.6345
2004-02-29,84.487495
2004-03-01,77.566
2004-03-02,69.9435
2004-03-03,68.192
2004-03-04,66.0095
2004-03-05,66.3175
2004-03-06,70.761
2004-03-07,77.4615
2004-03-08,
2004-03-09,91.2721
2004-03-10,80.1315
2004-03-11,88.229004
2004-03-12,82.93
2004-03-13,86.869
2004-03-14,83.2575
2004-03-15,84.5045
2004-03-16,75.598495
2004-03-17,70.4635
2004-03-18,66.312996
2004-03-19,51.6785
2004-03-20,58.378498
2004-03-21,61.531498
2004-03-22,78.318
2004-03-23,89.558
2004-03-24,90.6745
2004-03-25,82.756
2004-03-26,78.1325
2004-03-27,84.5195
2004-03-28,71.149
2004-03-29,65.1535
2004-03-30,69.069496
2004-03-31,70.2725
2004-04-01,72.7575
2004-04-02,55.845997
2004-04-03,59.857998
2004-04-04,64.0665
2004-04-05,85.7375
2004-04-06,88.777
2004-04-07,80.1455
2004-04-08,64.3295
2004-04-09,72.090996
2004-04-10,84.7855
2004-04-11,75.8995
2004-04-12,69.5315
2004-04-13,75.42
2004-04-14,84.568
2004-04-15,75.8805
2004-04-16,77.803
2004-04-17,88.702
2004-04-18,81.877
2004-04-19,77.035
2004-04-20,86.9975
2004-04-21,69.011
2004-04-22,68.2475
2004-04-23,61.973
2004-04-24,73.291
2004-04-25,65.912
2004-04-26,70.7905
2004-04-27,63.6675
2004-04-28,64.6915
2004-04-29,60.1535
2004-04-30,68.92
2004-05-01,72.5085
2004-05-02,72.566
2004-05-03,63.7365
2004-05-04,71.407
2004-05-05,70.755
2004-05-06,76.623
2004-05-07,72.783
2004-05-08,83.4775
2004-05-09,73.1095
2004-05-10,69.569
2004-05-11,70.034996
2004-05-12,66.034
2004-05-13,75.4535
2004-05-14,57.294
2004-05-15,58.2845
2004-05-16,70.117
2004-05-17,70.2725
2004-05-18,66.529
2004-05-19,71.645996
2004-05-20,60.854
2004-05-21,66.069
2004-05-22,78.903496
2004-05-23,69.8405
2004-05-24,59.3285
2004-05-25,59.580997
2004-05-26,53.412
2004-05-27,64.524
2004-05-28,84.279
2004-05-29,84.729004
2004-05-30,68.140495
2004-05-31,64.1935
2004-06-01,81.505
2004-06-02,86.006
2004-06-03,83.795
2004-06-04,85.5585
2004-06-05,89.87
2004-06-06,77.223495
2004-06-07,61.600998
2004-06-08,64.4835
2004-06-09,66.023
2004-06-10,72.4585
2004-06-11,73.9765
2004-06-12,81.208
2004-06-13,79.769
2004-06-14,69.46
2004-06-15,66.8275
2004-06-16,74.8055
2004-06-17,61.1675
2004-06-18,73.896
2004-06-19,78.4365
2004-06-20,82.19
2004-06-21,71.057
2004-06-22,69.8025
2004-06-23,71.419
2004-06-24,64.4085
2004-06-25,87.9285
2004-06-26,68.69
2004-06-27,68.294495
2004-06-28,77.595
2004-06-29,78.3715
2004-06-30,75.5885
2004-07-01,70.6095
2004-07-02,90.121
2004-07-03,71.1785
2004-07-04,69.555
2004-07-05,73.1355
2004-07-06,77.2295
2004-07-07,78.276
2004-07-08,75.332
2004-07-09,71.722496
2004-07-10,59.385498
2004-07-11,77.8665
2004-07-12,70.4775
2004-07-13,66.556496
2004-07-14,68.407
2004-07-15,78.9195
2004-07-16,76.4345
2004-07-17,72.153
2004-07-18,69.34
2004-07-19,69.74
2004-07-20,73.5415
2004-07-21,64.7895
2004-07-22,71.2465
2004-07-23,71.0195
2004-07-24,68.6295
2004-07-25,69.201996
2004-07-26,68.657
2004-07-27,59.6955
2004-07-28,69.656
2004-07-29,74.392
2004-07-30,82.3375
2004-07-31,67.4985
2004-08-01,69.897995
2004-08-02,71.5895
2004-08-03,81.8225
2004-08-04,74.738495
2004-08-05,72.139
2004-08-06,74.6725
2004-08-07,86.4255
2004-08-08,81.9655
2004-08-09,76.6385
2004-08-10,72.083
2004-08-11,73.794
2004-08-12,73.715996
2004-08-13,70.8025
2004-08-14,72.0055
2004-08-15,63.309998
2004-08-16,67.855
2004-08-17,66.945496
2004-08-18,58.396
2004-08-19,60.9395
2004-08-20,71.2685
2004-08-21,75.464
2004-08-22,69.3035
2004-08-23,70.431
2004-08-24,69.8455
2004-08-25,73.0245
2004-08-26,88.302
2004-08-27,70.8255
2004-08-28,71.3305
2004-08-29,71.179
2004-08-30,74.189
2004-08-31,75.818
2004-09-01,80.581
2004-09-02,79.223
2004-09-03,77.8995
2004-09-04,72.770996
2004-09-05,68.542
2004-09-06,68.4745
2004-09-07,70.963
2004-09-08,59.2805
2004-09-09,53.0615
2004-09-10,60.214
2004-09-11,62.586998
2004-09-12,67.595
2004-09-13,74.6075
2004-09-14,75.6775
2004-09-15,82.201
2004-09-16,63.486
2004-09-17,55.769997
2004-09-18,66.8415
2004-09-19,80.212494
2004-09-20,81.472
2004-09-21,76.4425
2004-09-22,82.088
2004-09-23,81.389496
2004-09-24,86.087
2004-09-25,73.1795
2004-09-26,68.99049
2004-09-27,66.9945
2004-09-28,82.775
2004-09-29,77.757996
2004-09-30,81.118
2004-10-01,85.115
2004-10-02,85.6325
2004-10-03,81.921
2004-10-04,75.408
2004-10-05,77.715996
2004-10-06,76.015495
2004-10-07,79.575
2004-10-08,83.678
2004-10-09,87.0685
2004-10-10,89.9815
2004-10-11,79.334496
2004-10-12,70.187996
2004-10-13,79.8015
2004-10-14,89.623
2004-10-15,94.19778
2004-10-16,93.78846
2004-10-17,92.494705
2004-10-18,84.9145
2004-10-19,90.775
2004-10-20,89.163
2004-10-21,90.048
2004-10-22,94.71
2004-10-23,93.25467
2004-10-24,89.9705
2004-10-25,87.7655
2004-10-26,86.5465
2004-10-27,91.8355
2004-10-28,83.9165
2004-10-29,76.1305
2004-10-30,81.0225
2004-10-31,85.5095
2004-11-01,88.482
2004-11-02,93.78667
2004-11-03,93.35563
2004-11-04,87.4845
2004-11-05,84.133995
2004-11-06,65.94
2004-11-07,75.5625
2004-11-08,81.5075
2004-11-09,93.79143
2004-11-10,87.028
2004-11-11,91.7675
2004-11-12,91.084
2004-11-13,86.9685
2004-11-14,69.535995
2004-11-15,82.528
2004-11-16,74.0095
2004-11-17,76.459
2004-11-18,75.306496
2004-11-19,71.883995
2004-11-20,77.083
2004-11-21,60.808
2004-11-22,79.506
2004-11-23,67.826996
2004-11-24,58.247997
2004-11-25,64.566
2004-11-26,77.4815
2004-11-27,86.065
2004-11-28,86.812
2004-11-29,90.9345
2004-11-30,93.5
2004-12-01,94.24
2004-12-02,91.4835
2004-12-03,92.0765
2004-12-04,92.51765
2004-12-05,92.869995
2004-12-06,89.8295
2004-12-07,94.13167
2004-12-08,88.3285
2004-12-09,79.563
2004-12-10,79.497
2004-12-11,84.3035
2004-12-12,89.854004
2004-12-13,89.9565
2004-12-14,86.5355
2004-12-15,89.184
2004-12-16,91.0465
2004-12-17,93.47
2004-12-18,90.102104
2004-12-19,82.116
2004-12-20,73.261
2004-12-21,81.3395
2004-12-22,91.17368
2004-12-23,84.3375
2004-12-24,76.652
2004-12-25,80.073
2004-12-26,86.877
2004-12-27,93.18857
2004-12-28,92.83308
2004-12-29,73.251495
2004-12-30,73.2605
2004-12-31,81.0215
2005-01-01,86.263
2005-01-02,80.6045
2005-01-03,65.1175
2005-01-04,70.732
2005-01-05,81.5025
2005-01-06,76.642
2005-01-07,77.437
2005-01-08,77.1385
2005-01-09,90.441
2005-01-10,91.215
2005-01-11,92.378944
2005-01-12,91.5345
2005-01-13,93.54
2005-01-14,85.2495
2005-01-15,67.8125
2005-01-16,77.502
2005-01-17,79.3805
2005-01-18,91.945885
2005-01-19,88.248
2005-01-20,78.92
2005-01-21,65.085
2005-01-22,71.83
2005-01-23,75.3015
2005-01-24,87.304
2005-01-25,83.0285
2005-01-26,87.673996
2005-01-27,72.5465
2005-01-28,74.0575
2005-01-29,70.544
2005-01-30,66.397
2005-01-31,71.434
2005-02-01,75.8505
2005-02-02,76.767
2005-02-03,92.70177
2005-02-04,80.4755
2005-02-05,81.0305
2005-02-06,82.020996
2005-02-07,85.4375
2005-02-08,73.52
2005-02-09,70.832
2005-02-10,71.7595
2005-02-11,66.5175
2005-02-12,82.937
2005-02-13,85.365
2005-02-14,77.295
2005-02-15,73.231
2005-02-16,88.786
2005-02-17,76.024
2005-02-18,68.485
2005-02-19,74.4615
2005-02-20,73.964
2005-02-21,87.435
2005-02-22,93.723335
2005-02-23,90.4685
2005-02-24,83.908
2005-02-25,92.924736
2005-02-26,78.583
2005-02-27,67.8345
2005-02-28,63.1485
2005-03-01,62.927
2005-03-02,65.1785
2005-03-03,69.703995
2005-03-04,90.002
2005-03-05,74.966995
2005-03-06,64.4155
2005-03-07,61.775497
2005-03-08,73.789
2005-03-09,76.6055
2005-03-10,63.721497
2005-03-11,64.608
2005-03-12,70.112495
2005-03-13,72.942
2005-03-14,74.483
2005-03-15,70.4485
2005-03-16,68.952995
2005-03-17,63.899498
2005-03-18,67.7055
2005-03-19,67.3185
2005-03-20,62.5395
2005-03-21,69.897995
2005-03-22,62.9675
2005-03-23,57.6295
2005-03-24,66.6655
2005-03-25,81.029495
2005-03-26,83.347
2005-03-27,82.8745
2005-03-28,78.0615
2005-03-29,70.1875
2005-03-30,84.864
2005-03-31,53.010498
2005-04-01,56.5355
2005-04-02,62.2985
2005-04-03,57.072
2005-04-04,54.633
2005-04-05,47.270496
2005-04-06,50.545998
2005-04-07,44.219997
2005-04-08,44.8985
2005-04-09,79.508995
2005-04-10,75.286995
2005-04-11,80.458
2005-04-12,76.6715
2005-04-13,80.2135
2005-04-14,74.375496
2005-04-15,63.7545
2005-04-16,57.817997
2005-04-17,71.83
2005-04-18,75.3195
2005-04-19,88.867004
2005-04-20,91.9745
2005-04-21,53.7775
2005-04-22,52.5085
2005-04-23,53.468
2005-04-24,62.4175
2005-04-25,76.2125
2005-04-26,74.6055
2005-04-27,64.189
2005-04-28,65.371
2005-04-29,60.607998
2005-04-30,59.848
2005-05-01,63.164497
2005-05-02,62.7735
2005-05-03,59.0295
2005-05-04,80.027
2005-05-05,76.9905
2005-05-06,63.4915
2005-05-07,61.591
2005-05-08,79.486
2005-05-09,78.597
2005-05-10,85.8125
2005-05-11,64.3715
2005-05-12,59.9395
2005-05-13,60.4225
2005-05-14,62.6455
2005-05-15,77.236496
2005-05-16,80.6295
2005-05-17,73.472
2005-05-18,89.524
2005-05-19,80.553
2005-05-20,66.552
2005-05-21,70.791
2005-05-22,69.5345
2005-05-23,69.431496
2005-05-24,61.871998
2005-05-25,58.4965
2005-05-26,63.4885
2005-05-27,69.0755
2005-05-28,67.526
2005-05-29,65.306496
2005-05-30,64.651
2005-05-31,58.439
2005-06-01,54.91
2005-06-02,61.739
2005-06-03,54.9905
2005-06-04,58.69
2005-06-05,78.8325
2005-06-06,67.211
2005-06-07,68.4075
2005-06-08,65.564
2005-06-09,70.5
2005-06-10,81.681
2005-06-11,67.0635
2005-06-12,74.12
2005-06-13,65.6685
2005-06-14,62.9125
2005-06-15,75.3835
2005-06-16,77.829
2005-06-17,63.464497
2005-06-18,59.885
2005-06-19,58.9185
2005-06-20,67.352
2005-06-21,60.3145
2005-06-22,67.710495
2005-06-23,60.8975
2005-06-24,60.565998
2005-06-25,65.926
2005-06-26,72.22
2005-06-27,73.941
2005-06-28,76.1585
2005-06-29,77.446
2005-06-30,84.3805
2005-07-01,87.6015
2005-07-02,78.0665
2005-07-03,65.704
2005-07-04,69.343
2005-07-05,83.286
2005-07-06,67.0495
2005-07-07,71.747
2005-07-08,82.688995
2005-07-09,88.5595
2005-07-10,78.6175
2005-07-11,86.173996
2005-07-12,91.4725
2005-07-13,78.703995
2005-07-14,73.4655
2005-07-15,70.709496
2005-07-16,69.4695
2005-07-17,72.0195
2005-07-18,70.942
2005-07-19,71.173996
2005-07-20,62.7015
2005-07-21,81.4965
2005-07-22,78.5485
2005-07-23,85.513504
2005-07-24,80.565
2005-07-25,77.3345
2005-07-26,76.881
2005-07-27,77.7715
2005-07-28,78.1505
2005-07-29,73.15
2005-07-30,71.083
2005-07-31,64.06
2005-08-01,60.5445
2005-08-02,65.019
2005-08-03,85.2855
2005-08-04,78.136
2005-08-05,71.89
2005-08-06,70.992
2005-08-07,80.4025
2005-08-08,70.0415
2005-08-09,67.8565
2005-08-10,70.5765
2005-08-11,78.378
2005-08-12,77.284
2005-08-13,74.038
2005-08-14,70.436
2005-08-15,85.2405
2005-08-16,84.2295
2005-08-17,90.519
2005-08-18,79.573
2005-08-19,78.5035
2005-08-20,82.218
2005-08-21,91.94
2005-08-22,90.409
2005-08-23,86.2955
2005-08-24,80.14
2005-08-25,76.361496
2005-08-26,79.834
2005-08-27,81.4985
2005-08-28,84.961
2005-08-29,81.068
2005-08-30,82.264496
2005-08-31,82.1065
2005-09-01,81.7125
2005-09-02,81.116
2005-09-03,71.6735
2005-09-04,76.4645
2005-09-05,77.1295
2005-09-06,75.710495
2005-09-07,77.6565
2005-09-08,76.2865
2005-09-09,78.677
2005-09-10,90.141
2005-09-11,86.5655
2005-09-12,75.908
2005-09-13,77.543495
2005-09-14,77.0245
2005-09-15,81.1525
2005-09-16,74.5605
2005-09-17,84.1565
2005-09-18,84.2035
2005-09-19,88.988
2005-09-20,88.849
2005-09-21,83.270996
2005-09-22,85.8465
2005-09-23,83.2345
2005-09-24,81.864
2005-09-25,85.581
2005-09-26,86.8735
2005-09-27,84.6145
2005-09-28,87.5105
2005-09-29,93.95091
2005-09-30,76.9525
2005-10-01,78.5785
2005-10-02,83.37
2005-10-03,91.134
2005-10-04,85.7315
2005-10-05,79.0635
2005-10-06,78.5365
2005-10-07,70.9165
2005-10-08,64.0785
2005-10-09,78.6435
2005-10-10,81.404495
2005-10-11,85.7805
2005-10-12,82.679
2005-10-13,89.5235
2005-10-14,86.5395
2005-10-15,82.5825
2005-10-16,68.9975
2005-10-17,67.3795
2005-10-18,74.0915
2005-10-19,82.4695
2005-10-20,78.090996
2005-10-21,87.3725
2005-10-22,86.0985
2005-10-23,79.6575
2005-10-24,83.229004
2005-10-25,83.0655
2005-10-26,79.901
2005-10-27,83.086
2005-10-28,79.6995
2005-10-29,66.6
2005-10-30,78.099495
2005-10-31,82.119995
2005-11-01,84.2825
2005-11-02,89.307
2005-11-03,86.394
2005-11-04,74.618
2005-11-05,81.841995
2005-11-06,83.251
2005-11-07,86.5905
2005-11-08,86.3375
2005-11-09,90.841
2005-11-10,93.37615
2005-11-11,92.4845
2005-11-12,89.0525
2005-11-13,88.072
2005-11-14,83.988
2005-11-15,86.0445
2005-11-16,90.1015
2005-11-17,66.8795
2005-11-18,87.5995
2005-11-19,75.484
2005-11-20,78.713
2005-11-21,89.8325
2005-11-22,86.142
2005-11-23,77.8175
2005-11-24,90.6535
2005-11-25,87.386
2005-11-26,92.845
2005-11-27,90.188
2005-11-28,93.57143
2005-11-29,92.64667
2005-11-30,88.601
2005-12-01,79.115
2005-12-02,92.792496
2005-12-03,80.9415
2005-12-04,91.62647
2005-12-05,85.974
2005-12-06,92.36875
2005-12-07,93.207695
2005-12-08,86.966
2005-12-09,85.3465
2005-12-10,74.0435
2005-12-11,79.515
2005-12-12,85.7645
2005-12-13,88.545
2005-12-14,79.6185
2005-12-15,74.285995
2005-12-16,73.877
2005-12-17,72.0375
2005-12-18,67.646996
2005-12-19,60.7075
2005-12-20,72.647995
2005-12-21,66.3465
2005-12-22,85.552
2005-12-23,77.452995
2005-12-24,79.906
2005-12-25,85.8305
2005-12-26,88.26
2005-12-27,90.422
2005-12-28,91.8645
2005-12-29,92.455
2005-12-30,87.1775
2005-12-31,86.444
2006-01-01,93.59308
2006-01-02,93.49077
2006-01-03,85.273
2006-01-04,85.424995
2006-01-05,93.519165
2006-01-06,94.19667
2006-01-07,88.5125
2006-01-08,83.36
2006-01-09,88.4475
2006-01-10,90.466
2006-01-11,89.7135
2006-01-12,86.697
2006-01-13,91.7325
2006-01-14,84.132996
2006-01-15,84.5755
2006-01-16,74.132996
2006-01-17,90.110504
2006-01-18,88.6475
2006-01-19,77.707
2006-01-20,85.979
2006-01-21,84.084
2006-01-22,71.892
2006-01-23,60.8815
2006-01-24,68.673
2006-01-25,72.989
2006-01-26,71.616
2006-01-27,78.1665
2006-01-28,75.9615
2006-01-29,78.636
2006-01-30,85.0545
2006-01-31,82.2125
2006-02-01,92.67
2006-02-02,93.344376
2006-02-03,93.358574
2006-02-04,85.8375
2006-02-05,70.0165
2006-02-06,62.104
2006-02-07,68.4085
2006-02-08,69.87
2006-02-09,78.904495
2006-02-10,93.637146
2006-02-11,80.5375
2006-02-12,65.6465
2006-02-13,74.412
2006-02-14,72.5895
2006-02-15,75.319
2006-02-16,81.1865
2006-02-17,93.501335
2006-02-18,82.1885
2006-02-19,71.988
2006-02-20,71.513
2006-02-21,85.467
2006-02-22,74.988495
2006-02-23,76.9135
2006-02-24,82.8975
2006-02-25,93.77077
2006-02-26,86.187
2006-02-27,69.6655
2006-02-28,72.7035
2006-03-01,69.21
2006-03-02,70.432
2006-03-03,74.806
2006-03-04,85.3345
2006-03-05,89.999
2006-03-06,74.8515
2006-03-07,71.9925
2006-03-08,63.913
2006-03-09,67.304
2006-03-10,87.011
2006-03-11,74.509
2006-03-12,72.0185
2006-03-13,56.764
2006-03-14,75.79
2006-03-15,71.8095
2006-03-16,74.0135
2006-03-17,75.328
2006-03-18,81.442
2006-03-19,71.441
2006-03-20,65.929
2006-03-21,67.0165
2006-03-22,67.769
2006-03-23,54.5925
2006-03-24,53.371998
2006-03-25,68.708496
2006-03-26,74.2045
2006-03-27,67.428
2006-03-28,68.1585
2006-03-29,72.986
2006-03-30,51.9865
2006-03-31,72.99
2006-04-01,70.854996
2006-04-02,64.9485
2006-04-03,63.024498
2006-04-04,56.891
2006-04-05,69.0675
2006-04-06,60.6315
2006-04-07,48.218998
2006-04-08,51.64
2006-04-09,51.4305
2006-04-10,52.166
2006-04-11,80.3055
2006-04-12,57.927
2006-04-13,61.5045
2006-04-14,63.142
2006-04-15,67.319
2006-04-16,74.083496
2006-04-17,72.6505
2006-04-18,65.8955
2006-04-19,52.281498
2006-04-20,61.707
2006-04-21,69.3185
2006-04-22,66.656
2006-04-23,61.7465
2006-04-24,63.3985
2006-04-25,61.462997
2006-04-26,60.885
2006-04-27,81.159996
2006-04-28,90.25
2006-04-29,89.467
2006-04-30,88.269
2006-05-01,82.7095
2006-05-02,83.221
2006-05-03,78.774994
2006-05-04,65.3165
2006-05-05,62.8775
2006-05-06,67.317
2006-05-07,78.9235
2006-05-08,76.626495
2006-05-09,69.9575
2006-05-10,60.1715
2006-05-11,58.097
2006-05-12,55.847
2006-05-13,58.072998
2006-05-14,76.264496
2006-05-15,69.694
2006-05-16,68.774
2006-05-17,78.407
2006-05-18,69.944
2006-05-19,81.557495
2006-05-20,81.4965
2006-05-21,83.894
2006-05-22,69.5015
2006-05-23,54.266
2006-05-24,82.1795
2006-05-25,66.991
2006-05-26,70.131
2006-05-27,71.155
2006-05-28,80.261
2006-05-29,91.115
2006-05-30,88.68
2006-05-31,64.8815
2006-06-01,69.1145
2006-06-02,85.996
2006-06-03,84.244
2006-06-04,68.493996
2006-06-05,61.657497
2006-06-06,82.159
2006-06-07,71.923996
2006-06-08,64.048
2006-06-09,65.2025
2006-06-10,87.192
2006-06-11,77.5135
2006-06-12,71.378494
2006-06-13,75.9565
2006-06-14,72.2395
2006-06-15,67.897995
2006-06-16,74.584496
2006-06-17,74.4975
2006-06-18,73.647
2006-06-19,72.5745
2006-06-20,67.7945
2006-06-21,76.039
2006-06-22,67.683
2006-06-23,70.228
2006-06-24,70.0515
2006-06-25,71.545
2006-06-26,70.0735
2006-06-27,71.129
2006-06-28,70.431
2006-06-29,86.218
2006-06-30,79.343994
2006-07-01,76.1625
2006-07-02,85.904
2006-07-03,86.7995
2006-07-04,77.847
2006-07-05,69.022995
2006-07-06,64.8915
2006-07-07,66.103
2006-07-08,72.418495
2006-07-09,70.2005
2006-07-10,71.6085
2006-07-11,71.7895
2006-07-12,70.6135
2006-07-13,69.2995
2006-07-14,69.1085
2006-07-15,54.514
2006-07-16,52.481
2006-07-17,54.652
2006-07-18,60.9155
2006-07-19,61.389
2006-07-20,64.861
2006-07-21,67.077995
2006-07-22,65.3245
2006-07-23,67.449
2006-07-24,65.5425
2006-07-25,71.2455
2006-07-26,68.7605
2006-07-27,67.989
2006-07-28,63.561
2006-07-29,64.6285
2006-07-30,70.328995
2006-07-31,65.792
2006-08-01,80.6075
2006-08-02,79.452995
2006-08-03,84.1295
2006-08-04,83.0365
2006-08-05,70.306496
2006-08-06,75.3725
2006-08-07,87.292
2006-08-08,72.985
2006-08-09,65.7775
2006-08-10,64.551
2006-08-11,70.9085
2006-08-12,92.307365
2006-08-13,82.3215
2006-08-14,83.0905
2006-08-15,75.947495
2006-08-16,74.211
2006-08-17,72.137
2006-08-18,68.968
2006-08-19,78.7005
2006-08-20,71.918495
2006-08-21,73.6495
2006-08-22,79.9115
2006-08-23,82.966
2006-08-24,76.0655
2006-08-25,87.218
2006-08-26,76.5485
2006-08-27,79.001
2006-08-28,77.838
2006-08-29,68.552
2006-08-30,82.367
2006-08-31,67.332
2006-09-01,68.7355
2006-09-02,77.431496
2006-09-03,82.0165
2006-09-04,78.2995
2006-09-05,73.7805
2006-09-06,71.5945
2006-09-07,78.964
2006-09-08,74.528
2006-09-09,68.896996
2006-09-10,71.1415
2006-09-11,76.697
2006-09-12,73.5
2006-09-13,72.882996
2006-09-14,75.9975
2006-09-15,69.7385
2006-09-16,75.5495
2006-09-17,72.414
2006-09-18,90.724
2006-09-19,87.927
2006-09-20,75.747
2006-09-21,79.348
2006-09-22,74.418
2006-09-23,70.221
2006-09-24,77.932
2006-09-25,80.118996
2006-09-26,71.68
2006-09-27,75.388
2006-09-28,77.319496
2006-09-29,80.6135
2006-09-30,81.9785
2006-10-01,83.354
2006-10-02,86.4245
2006-10-03,67.7045
2006-10-04,74.7895
2006-10-05,75.818
2006-10-06,71.537994
2006-10-07,71.001
2006-10-08,63.1675
2006-10-09,72.539
2006-10-10,79.811
2006-10-11,78.941
2006-10-12,76.5
2006-10-13,79.109
2006-10-14,78.0415
2006-10-15,83.886
2006-10-16,67.1445
2006-10-17,69.292496
2006-10-18,69.9155
2006-10-19,70.764
2006-10-20,68.97
2006-10-21,75.636
2006-10-22,82.514
2006-10-23,75.0245
2006-10-24,74.962
2006-10-25,86.2665
2006-10-26,79.6505
2006-10-27,86.247
2006-10-28,87.014
2006-10-29,85.5305
2006-10-30,58.9515
2006-10-31,67.6185
2006-11-01,79.741
2006-11-02,63.737
2006-11-03,79.723495
2006-11-04,80.625
2006-11-05,66.5385
2006-11-06,67.5665
2006-11-07,77.7035
2006-11-08,86.741
2006-11-09,80.053
2006-11-10,64.3545
2006-11-11,73.193
2006-11-12,85.5025
2006-11-13,81.436
2006-11-14,76.0465
2006-11-15,84.941
2006-11-16,76.404495
2006-11-17,71.4655
2006-11-18,79.034996
2006-11-19,90.311
2006-11-20,92.895386
2006-11-21,94.39375
2006-11-22,92.83579
2006-11-23,78.469
2006-11-24,84.6645
2006-11-25,73.157
2006-11-26,88.3175
2006-11-27,94.702
2006-11-28,92.82267
2006-11-29,91.5245
2006-11-30,85.775
2006-12-01,87.6915
2006-12-02,80.960495
2006-12-03,89.6015
2006-12-04,92.99133
2006-12-05,93.604614
2006-12-06,78.465996
2006-12-07,79.915
2006-12-08,75.805
2006-12-09,73.504
2006-12-10,83.699
2006-12-11,88.802
2006-12-12,92.825294
2006-12-13,
2006-12-14,
2006-12-15,94.215
2006-12-16,94.16625
2006-12-17,
2006-12-18,86.413
2006-12-19,72.567
2006-12-20,67.995995
2006-12-21,81.9145
2006-12-22,81.979996
2006-12-23,83.181
2006-12-24,87.806
2006-12-25,78.477
2006-12-26,73.6215
2006-12-27,92.588234
2006-12-28,93.902725
2006-12-29,91.52412
2006-12-30,94.62857
2006-12-31,93.59
2007-01-01,87.759
2007-01-02,80.9725
2007-01-03,63.1455
2007-01-04,70.903496
2007-01-05,89.43
2007-01-06,81.355995
2007-01-07,80.5915
2007-01-08,91.549
2007-01-09,83.1495
2007-01-10,78.634
2007-01-11,76.0305
2007-01-12,60.510998
2007-01-13,60.080498
2007-01-14,77.1175
2007-01-15,74.858
2007-01-16,80.833
2007-01-17,85.775
2007-01-18,72.3685
2007-01-19,82.36
2007-01-20,91.167496
2007-01-21,84.2935
2007-01-22,87.2585
2007-01-23,89.5515
2007-01-24,84.0065
2007-01-25,66.464
2007-01-26,72.284996
2007-01-27,79.0655
2007-01-28,74.160995
2007-01-29,62.825
2007-01-30,68.1465
2007-01-31,69.093
2007-02-01,63.541
2007-02-02,65.4505
2007-02-03,63.171997
2007-02-04,62.4175
2007-02-05,65.8955
2007-02-06,72.927
2007-02-07,92.1845
2007-02-08,75.7455
2007-02-09,84.5305
2007-02-10,90.66421
2007-02-11,85.2885
2007-02-12,82.8935
2007-02-13,75.647
2007-02-14,62.803
2007-02-15,73.9905
2007-02-16,77.735
2007-02-17,72.340996
2007-02-18,76.762
2007-02-19,83.674
2007-02-20,81.169
2007-02-21,93.05769
2007-02-22,84.4535
2007-02-23,77.183
2007-02-24,74.834496
2007-02-25,69.17
2007-02-26,89.89
2007-02-27,85.9675
2007-02-28,80.8285
2007-03-01,72.789
2007-03-02,83.9085
2007-03-03,93.24416
2007-03-04,72.8345
2007-03-05,71.583496
2007-03-06,67.501495
2007-03-07,73.1705
2007-03-08,87.8265
2007-03-09,78.018
2007-03-10,68.347
2007-03-11,56.982
2007-03-12,65.4
2007-03-13,67.199
2007-03-14,64.7105
2007-03-15,58.2115
2007-03-16,65.3035
2007-03-17,56.524
2007-03-18,54.1845
2007-03-19,79.9385
2007-03-20,88.393
2007-03-21,72.462
2007-03-22,67.092
2007-03-23,72.465
2007-03-24,85.092
2007-03-25,70.636
2007-03-26,62.3625
2007-03-27,62.378498
2007-03-28,63.232
2007-03-29,80.489
2007-03-30,73.929
2007-03-31,64.274
2007-04-01,63.9885
2007-04-02,53.6215
2007-04-03,60.225
2007-04-04,69.5265
2007-04-05,46.128498
2007-04-06,54.2925
2007-04-07,52.5355
2007-04-08,46.4095
2007-04-09,59.2985
2007-04-10,48.261997
2007-04-11,55.833
2007-04-12,62.847
2007-04-13,63.2655
2007-04-14,53.2045
2007-04-15,52.035
2007-04-16,45.461
2007-04-17,52.465
2007-04-18,56.2015
2007-04-19,50.3065
2007-04-20,53.677998
2007-04-21,43.338997
2007-04-22,49.239998
2007-04-23,51.334
2007-04-24,57.501
2007-04-25,61.3195
2007-04-26,61.670498
2007-04-27,56.9685
2007-04-28,51.5835
2007-04-29,50.658997
2007-04-30,48.826
2007-05-01,41.1875
2007-05-02,40.499
2007-05-03,54.2805
2007-05-04,75.4115
2007-05-05,84.9055
2007-05-06,80.468
2007-05-07,64.075
2007-05-08,74.405
2007-05-09,87.1835
2007-05-10,71.635
2007-05-11,60.2005
2007-05-12,74.1795
2007-05-13,67.659
2007-05-14,55.2245
2007-05-15,74.916
2007-05-16,72.962
2007-05-17,73.520996
2007-05-18,60.52
2007-05-19,67.1655
2007-05-20,75.4565
2007-05-21,76.305
2007-05-22,66.8995
2007-05-23,66.514
2007-05-24,73.018
2007-05-25,69.145996
2007-05-26,71.4185
2007-05-27,66.187
2007-05-28,83.688
2007-05-29,75.778496
2007-05-30,69.7605
2007-05-31,66.9005
2007-06-01,68.764
2007-06-02,79.026
2007-06-03,72.4295
2007-06-04,79.143
2007-06-05,78.258995
2007-06-06,81.576996
2007-06-07,77.917496
2007-06-08,76.189
2007-06-09,71.63
2007-06-10,72.3165
2007-06-11,65.9955
2007-06-12,71.1565
2007-06-13,68.2755
2007-06-14,68.6175
2007-06-15,63.8595
2007-06-16,58.475
2007-06-17,65.1845
2007-06-18,62.5755
2007-06-19,70.9535
2007-06-20,68.012
2007-06-21,58.18
2007-06-22,58.589
2007-06-23,56.88
2007-06-24,59.691498
2007-06-25,54.9615
2007-06-26,45.2395
2007-06-27,64.2295
2007-06-28,69.8785
2007-06-29,66.112495
2007-06-30,66.65
2007-07-01,62.1885
2007-07-02,55.164997
2007-07-03,58.86
2007-07-04,80.3405
2007-07-05,62.2795
2007-07-06,58.433
2007-07-07,57.512497
2007-07-08,54.8405
2007-07-09,59.106
2007-07-10,80.147995
2007-07-11,64.794495
2007-07-12,62.306
2007-07-13,59.8085
2007-07-14,61.352997
2007-07-15,58.295998
2007-07-16,53.234497
2007-07-17,51.297497
2007-07-18,52.5365
2007-07-19,55.721
2007-07-20,56.377
2007-07-21,53.6585
2007-07-22,47.4385
2007-07-23,49.010498
2007-07-24,59.2785
2007-07-25,59.778
2007-07-26,56.0765
2007-07-27,56.4455
2007-07-28,61.934498
2007-07-29,68.343
2007-07-30,88.079
2007-07-31,66.666
2007-08-01,57.294
2007-08-02,59.378998
2007-08-03,70.036995
2007-08-04,54.0615
2007-08-05,50.7225
2007-08-06,60.4535
2007-08-07,60.593
2007-08-08,59.859
2007-08-09,68.95
2007-08-10,75.501
2007-08-11,79.2985
2007-08-12,86.638
2007-08-13,71.7705
2007-08-14,69.487
2007-08-15,71.628
2007-08-16,61.5655
2007-08-17,61.3135
2007-08-18,61.0825
2007-08-19,80.918
2007-08-20,87.8305
2007-08-21,76.793
2007-08-22,75.452995
2007-08-23,77.002495
2007-08-24,78.5755
2007-08-25,70.4965
2007-08-26,64.784
2007-08-27,68.390495
2007-08-28,72.792
2007-08-29,88.571
2007-08-30,89.0425
2007-08-31,77.2145
2007-09-01,72.9
2007-09-02,72.6745
2007-09-03,70.2875
2007-09-04,77.7725
2007-09-05,73.032
2007-09-06,87.559
2007-09-07,92.132996
2007-09-08,75.6125
2007-09-09,75.148
2007-09-10,72.4265
2007-09-11,71.654
2007-09-12,72.6475
2007-09-13,71.845
2007-09-14,73.599
2007-09-15,76.811
2007-09-16,75.3805
2007-09-17,75.4085
2007-09-18,81.8065
2007-09-19,70.269
2007-09-20,72.847496
2007-09-21,73.219
2007-09-22,75.6805
2007-09-23,77.0175
2007-09-24,75.085495
2007-09-25,75.907
2007-09-26,76.575
2007-09-27,89.097
2007-09-28,76.095
2007-09-29,72.8025
2007-09-30,76.879
2007-10-01,79.7335
2007-10-02,83.451
2007-10-03,84.26
2007-10-04,93.89375
2007-10-05,93.888885
2007-10-06,81.0255
2007-10-07,77.387
2007-10-08,83.038
2007-10-09,79.684
2007-10-10,79.5655
2007-10-11,72.571
2007-10-12,73.2425
2007-10-13,65.01
2007-10-14,68.515495
2007-10-15,71.676
2007-10-16,76.979
2007-10-17,75.7745
2007-10-18,80.909996
2007-10-19,60.44
2007-10-20,75.9345
2007-10-21,73.4755
2007-10-22,80.367
2007-10-23,88.86
2007-10-24,89.822
2007-10-25,91.356
2007-10-26,91.704
2007-10-27,87.66
2007-10-28,92.19316
2007-10-29,90.545
2007-10-30,90.665
2007-10-31,79.806
2007-11-01,76.359
2007-11-02,77.9475
2007-11-03,79.3565
2007-11-04,77.446
2007-11-05,71.4245
2007-11-06,88.3425
2007-11-07,72.553
2007-11-08,74.223
2007-11-09,80.617
2007-11-10,67.7115
2007-11-11,79.1555
2007-11-12,61.379498
2007-11-13,75.7495
2007-11-14,88.8245
2007-11-15,89.128
2007-11-16,80.945496
2007-11-17,77.807495
2007-11-18,90.680504
2007-11-19,91.095
2007-11-20,88.032
2007-11-21,87.0095
2007-11-22,77.045
2007-11-23,70.198
2007-11-24,79.131996
2007-11-25,91.73631
2007-11-26,78.7415
2007-11-27,79.223495
2007-11-28,74.667496
2007-11-29,78.4975
2007-11-30,86.215
2007-12-01,87.2715
2007-12-02,92.49687
2007-12-03,84.35
2007-12-04,85.7385
2007-12-05,82.112
2007-12-06,87.3955
2007-12-07,82.9565
2007-12-08,80.112
2007-12-09,87.2185
2007-12-10,91.78737
2007-12-11,86.288
2007-12-12,86.6485
2007-12-13,68.033
2007-12-14,73.187
2007-12-15,84.1575
2007-12-16,82.8375
2007-12-17,75.737
2007-12-18,86.6145
2007-12-19,84.9545
2007-12-20,81.4905
2007-12-21,87.546
2007-12-22,92.363686
2007-12-23,90.8725
2007-12-24,90.3415
2007-12-25,87.7805
2007-12-26,90.365
2007-12-27,86.176
2007-12-28,88.43
2007-12-29,90.129
2007-12-30,90.423
2007-12-31,90.0705
2008-01-01,86.37
2008-01-02,88.1185
2008-01-03,86.053
2008-01-04,83.717
2008-01-05,83.39
2008-01-06,92.675
2008-01-07,93.63182
2008-01-08,92.35733
2008-01-09,93.09412
2008-01-10,93.971664
2008-01-11,92.94353
2008-01-12,84.875
2008-01-13,84.711
2008-01-14,90.6705
2008-01-15,86.939
2008-01-16,81.309
2008-01-17,87.401
2008-01-18,91.374
2008-01-19,93.26437
2008-01-20,84.823
2008-01-21,85.6075
2008-01-22,82.201
2008-01-23,65.3705
2008-01-24,72.0775
2008-01-25,76.6355
2008-01-26,79.780495
2008-01-27,62.612
2008-01-28,53.368
2008-01-29,68.8395
2008-01-30,68.723495
2008-01-31,71.131
2008-02-01,80.8235
2008-02-02,72.058
2008-02-03,76.2035
2008-02-04,80.959
2008-02-05,82.743996
2008-02-06,86.474
2008-02-07,63.602497
2008-02-08,63.7305
2008-02-09,69.154
2008-02-10,74.0615
2008-02-11,76.203995
2008-02-12,76.576996
2008-02-13,74.798996
2008-02-14,74.336
2008-02-15,62.6325
2008-02-16,47.233997
2008-02-17,47.239998
2008-02-18,48.681
2008-02-19,60.5225
2008-02-20,68.368
2008-02-21,65.164
2008-02-22,58.1395
2008-02-23,68.586
2008-02-24,68.2995
2008-02-25,61.972
2008-02-26,63.211998
2008-02-27,57.7045
2008-02-28,58.163498
2008-02-29,66.132996
2008-03-01,61.871
2008-03-02,51.447
2008-03-03,74.0355
2008-03-04,61.547
2008-03-05,55.6075
2008-03-06,53.501
2008-03-07,59.1595
2008-03-08,89.3155
2008-03-09,79.542496
2008-03-10,66.37
2008-03-11,73.7405
2008-03-12,77.6105
2008-03-13,51.6755
2008-03-14,65.8625
2008-03-15,60.3575
2008-03-16,64.1745
2008-03-17,70.018
2008-03-18,70.4825
2008-03-19,71.7875
2008-03-20,74.821
2008-03-21,59.979
2008-03-22,78.3685
2008-03-23,86.1145
2008-03-24,71.101
2008-03-25,56.018997
2008-03-26,55.715
2008-03-27,66.8405
2008-03-28,70.104996
2008-03-29,70.952995
2008-03-30,60.177498
2008-03-31,56.830498
2008-04-01,59.6935
2008-04-02,74.232
2008-04-03,65.9935
2008-04-04,62.0025
2008-04-05,58.9805
2008-04-06,63.149498
2008-04-07,64.213
2008-04-08,56.8495
2008-04-09,62.093
2008-04-10,62.537
2008-04-11,66.0005
2008-04-12,67.109
2008-04-13,65.083496
2008-04-14,69.1615
2008-04-15,67.368
2008-04-16,59.5495
2008-04-17,72.842
2008-04-18,73.4585
2008-04-19,68.694
2008-04-20,66.164
2008-04-21,74.1635
2008-04-22,76.6695
2008-04-23,74.4795
2008-04-24,59.407997
2008-04-25,72.374
2008-04-26,74.724
2008-04-27,61.6505
2008-04-28,56.497997
2008-04-29,62.2345
2008-04-30,69.49
2008-05-01,76.956
2008-05-02,67.407
2008-05-03,62.8335
2008-05-04,60.1695
2008-05-05,73.22
2008-05-06,80.0045
2008-05-07,63.951
2008-05-08,57.1125
2008-05-09,61.642
2008-05-10,62.697998
2008-05-11,50.9605
2008-05-12,55.8825
2008-05-13,56.3215
2008-05-14,63.2735
2008-05-15,59.2795
2008-05-16,68.031
2008-05-17,62.849
2008-05-18,71.333496
2008-05-19,73.79
2008-05-20,86.139496
2008-05-21,82.3725
2008-05-22,72.391
2008-05-23,70.49049
2008-05-24,71.4625
2008-05-25,75.4015
2008-05-26,74.234
2008-05-27,69.904
2008-05-28,61.260498
2008-05-29,52.636497
2008-05-30,64.967
2008-05-31,63.202
2008-06-01,70.25
2008-06-02,70.68
2008-06-03,70.3405
2008-06-04,85.2485
2008-06-05,87.8495
2008-06-06,80.410995
2008-06-07,89.8025
2008-06-08,83.4155
2008-06-09,76.222496
2008-06-10,71.437
2008-06-11,77.945
2008-06-12,73.4635
2008-06-13,63.8475
2008-06-14,67.358
2008-06-15,69.377
2008-06-16,70.5065
2008-06-17,81.195496
2008-06-18,86.066
2008-06-19,70.77
2008-06-20,70.1765
2008-06-21,72.4465
2008-06-22,72.8565
2008-06-23,66.3025
2008-06-24,66.432
2008-06-25,77.5205
2008-06-26,69.9535
2008-06-27,77.961
2008-06-28,69.420494
2008-06-29,69.122
2008-06-30,80.1305
2008-07-01,70.899
2008-07-02,70.9385
2008-07-03,62.0785
2008-07-04,66.0105
2008-07-05,59.726997
2008-07-06,62.0305
2008-07-07,65.952995
2008-07-08,85.534996
2008-07-09,69.929
2008-07-10,73.069496
2008-07-11,63.85
2008-07-12,63.903
2008-07-13,70.2725
2008-07-14,86.471
2008-07-15,70.7145
2008-07-16,67.0755
2008-07-17,73.71
2008-07-18,82.675
2008-07-19,72.476
2008-07-20,74.046
2008-07-21,75.882996
2008-07-22,67.2285
2008-07-23,87.019
2008-07-24,82.6465
2008-07-25,82.977
2008-07-26,80.8645
2008-07-27,76.227
2008-07-28,72.705
2008-07-29,70.459
2008-07-30,77.263
2008-07-31,72.035995
2008-08-01,75.863495
2008-08-02,75.466
2008-08-03,72.4295
2008-08-04,75.368
2008-08-05,80.494
2008-08-06,66.418
2008-08-07,68.916
2008-08-08,76.8325
2008-08-09,78.7395
2008-08-10,71.42
2008-08-11,70.002
2008-08-12,62.346
2008-08-13,61.0375
2008-08-14,70.5225
2008-08-15,71.1505
2008-08-16,76.893
2008-08-17,74.2945
2008-08-18,72.6215
2008-08-19,69.0785
2008-08-20,67.8715
2008-08-21,65.3265
2008-08-22,71.201996
2008-08-23,73.406
2008-08-24,79.684
2008-08-25,74.048996
2008-08-26,71.403
2008-08-27,72.6495
2008-08-28,71.792496
2008-08-29,68.267
2008-08-30,61.739
2008-08-31,64.175
2008-09-01,65.5625
2008-09-02,66.552
2008-09-03,69.999
2008-09-04,62.828
2008-09-05,62.704
2008-09-06,60.1835
2008-09-07,64.5615
2008-09-08,74.779495
2008-09-09,72.7
2008-09-10,71.297
2008-09-11,69.343
2008-09-12,81.7305
2008-09-13,68.0
2008-09-14,74.6085
2008-09-15,91.418
2008-09-16,86.188
2008-09-17,72.582504
2008-09-18,74.792496
2008-09-19,73.1925
2008-09-20,74.3325
2008-09-21,82.048
2008-09-22,83.297
2008-09-23,79.6025
2008-09-24,79.312996
2008-09-25,88.434
2008-09-26,77.179
2008-09-27,77.343994
2008-09-28,77.183
2008-09-29,76.517
2008-09-30,74.7545
2008-10-01,75.876495
2008-10-02,79.391495
2008-10-03,86.094
2008-10-04,77.6295
2008-10-05,67.2895
2008-10-06,79.7715
2008-10-07,85.762
2008-10-08,85.5675
2008-10-09,82.139
2008-10-10,88.7725
2008-10-11,90.8785
2008-10-12,89.92421
2008-10-13,86.158
2008-10-14,87.181
2008-10-15,82.713
2008-10-16,75.980995
2008-10-17,82.1715
2008-10-18,83.924
2008-10-19,83.234
2008-10-20,88.7965
2008-10-21,88.2235
2008-10-22,84.507
2008-10-23,74.6765
2008-10-24,85.425
2008-10-25,81.529495
2008-10-26,81.677
2008-10-27,87.6275
2008-10-28,80.24
2008-10-29,75.3895
2008-10-30,79.944496
2008-10-31,77.6095
2008-11-01,88.9925
2008-11-02,94.07
2008-11-03,93.67
2008-11-04,94.173
2008-11-05,89.201996
2008-11-06,89.9605
2008-11-07,90.6225
2008-11-08,93.88944
2008-11-09,92.115
2008-11-10,87.1105
2008-11-11,92.9225
2008-11-12,93.17176
2008-11-13,91.602
2008-11-14,90.4495
2008-11-15,89.0405
2008-11-16,
2008-11-17,73.6605
2008-11-18,82.363
2008-11-19,83.462
2008-11-20,71.0325
2008-11-21,83.7845
2008-11-22,65.792496
2008-11-23,66.5895
2008-11-24,66.3515
2008-11-25,91.2495
2008-11-26,75.3455
2008-11-27,74.9515
2008-11-28,80.808
2008-11-29,92.70917
2008-11-30,92.27333
2008-12-01,88.0055
2008-12-02,89.9545
2008-12-03,95.16
2008-12-04,
2008-12-05,84.6815
2008-12-06,92.6475
2008-12-07,82.638
2008-12-08,79.4425
2008-12-09,85.226
2008-12-10,72.006
2008-12-11,83.5165
2008-12-12,86.846
2008-12-13,92.914116
2008-12-14,92.82692
2008-12-15,89.4745
2008-12-16,94.322
2008-12-17,94.195
2008-12-18,89.413
2008-12-19,92.41294
2008-12-20,75.0815
2008-12-21,68.473495
2008-12-22,83.885
2008-12-23,71.2325
2008-12-24,77.5605
2008-12-25,85.1165
2008-12-26,83.184
2008-12-27,78.942
2008-12-28,81.775
2008-12-29,88.7375
2008-12-30,84.922
2008-12-31,80.651
2009-01-01,87.619
2009-01-02,80.0465
2009-01-03,77.758995
2009-01-04,87.2085
2009-01-05,86.514
2009-01-06,83.6615
2009-01-07,79.559
2009-01-08,76.8535
2009-01-09,82.7415
2009-01-10,89.087
2009-01-11,83.797
2009-01-12,85.5985
2009-01-13,89.912
2009-01-14,91.5179
2009-01-15,90.609
2009-01-16,90.748
2009-01-17,93.346664
2009-01-18,93.183334
2009-01-19,89.8935
2009-01-20,79.108
2009-01-21,94.104996
2009-01-22,88.725
2009-01-23,93.12294
2009-01-24,93.24
2009-01-25,83.0825
2009-01-26,87.297
2009-01-27,92.642
2009-01-28,92.901
2009-01-29,91.10158
2009-01-30,78.653
2009-01-31,84.0005
2009-02-01,93.69666
2009-02-02,90.0665
2009-02-03,
2009-02-04,94.229996
2009-02-05,88.81842
2009-02-06,78.1555
2009-02-07,86.0995
2009-02-08,92.28294
2009-02-09,65.889
2009-02-10,73.142
2009-02-11,81.469
2009-02-12,68.389496
2009-02-13,56.0165
2009-02-14,57.398
2009-02-15,59.559998
2009-02-16,60.487
2009-02-17,70.9125
2009-02-18,69.1545
2009-02-19,60.9195
2009-02-20,61.0285
2009-02-21,82.792496
2009-02-22,75.1245
2009-02-23,90.3305
2009-02-24,90.4095
2009-02-25,74.491
2009-02-26,73.5245
2009-02-27,79.7755
2009-02-28,84.5395
2009-03-01,88.806
2009-03-02,91.3875
2009-03-03,92.46263
2009-03-04,92.56895
2009-03-05,92.07833
2009-03-06,87.873
2009-03-07,68.7305
2009-03-08,54.143497
2009-03-09,70.0395
2009-03-10,51.296497
2009-03-11,64.962
2009-03-12,63.313
2009-03-13,70.455
2009-03-14,71.5135
2009-03-15,76.3235
2009-03-16,65.775
2009-03-17,70.642
2009-03-18,53.398
2009-03-19,82.865
2009-03-20,77.306496
2009-03-21,67.0465
2009-03-22,49.108997
2009-03-23,45.782997
2009-03-24,62.821
2009-03-25,50.7375
2009-03-26,67.3965
2009-03-27,66.569496
2009-03-28,58.7475
2009-03-29,84.2975
2009-03-30,82.099
2009-03-31,80.0235
2009-04-01,80.953995
2009-04-02,55.106
2009-04-03,68.7
2009-04-04,68.438995
2009-04-05,63.076
2009-04-06,59.955498
2009-04-07,59.6185
2009-04-08,53.0505
2009-04-09,60.253998
2009-04-10,55.691998
2009-04-11,53.4885
2009-04-12,55.0905
2009-04-13,54.798
2009-04-14,69.975494
2009-04-15,65.9775
2009-04-16,56.253
2009-04-17,69.909
2009-04-18,67.072
2009-04-19,77.833
2009-04-20,73.196
2009-04-21,61.5365
2009-04-22,56.106
2009-04-23,73.1065
2009-04-24,62.6545
2009-04-25,59.052498
2009-04-26,50.2705
2009-04-27,52.592
2009-04-28,57.7395
2009-04-29,83.473
2009-04-30,75.6945
2009-05-01,61.1385
2009-05-02,71.2585
2009-05-03,69.048
2009-05-04,74.7635
2009-05-05,58.461998
2009-05-06,62.739
2009-05-07,64.396996
2009-05-08,68.684
2009-05-09,66.348
2009-05-10,70.618
2009-05-11,64.878
2009-05-12,80.303
2009-05-13,86.7335
2009-05-14,84.482
2009-05-15,81.8555
2009-05-16,76.2435
2009-05-17,76.154495
2009-05-18,72.985
2009-05-19,73.2605
2009-05-20,68.0395
2009-05-21,66.301
2009-05-22,75.0915
2009-05-23,75.0045
2009-05-24,69.774
2009-05-25,72.3005
2009-05-26,69.9615
2009-05-27,80.688995
2009-05-28,59.9085
2009-05-29,72.085
2009-05-30,79.975
2009-05-31,73.2585
2009-06-01,78.0785
2009-06-02,73.348495
2009-06-03,57.452
2009-06-04,74.238
2009-06-05,89.53
2009-06-06,68.6345
2009-06-07,82.256996
2009-06-08,78.0135
2009-06-09,61.867
2009-06-10,66.607
2009-06-11,79.459496
2009-06-12,62.7055
2009-06-13,62.085
2009-06-14,61.4495
2009-06-15,68.289
2009-06-16,67.486496
2009-06-17,68.9505
2009-06-18,68.567
2009-06-19,61.946
2009-06-20,79.758995
2009-06-21,68.8495
2009-06-22,85.4785
2009-06-23,90.5355
2009-06-24,88.438
2009-06-25,79.506
2009-06-26,86.4005
2009-06-27,81.1355
2009-06-28,84.943
2009-06-29,84.135
2009-06-30,76.8035
2009-07-01,75.0325
2009-07-02,75.241
2009-07-03,76.324
2009-07-04,70.0805
2009-07-05,73.4425
2009-07-06,73.909996
2009-07-07,73.802
2009-07-08,85.9835
2009-07-09,77.7155
2009-07-10,91.541664
2009-07-11,70.529495
2009-07-12,64.987
2009-07-13,71.201996
2009-07-14,72.572
2009-07-15,71.6025
2009-07-16,66.3535
2009-07-17,67.9405
2009-07-18,81.9275
2009-07-19,66.517
2009-07-20,68.8635
2009-07-21,68.361
2009-07-22,67.506
2009-07-23,56.585
2009-07-24,58.76
2009-07-25,69.6325
2009-07-26,64.2285
2009-07-27,63.1525
2009-07-28,62.614
2009-07-29,62.817
2009-07-30,61.485
2009-07-31,53.168
2009-08-01,64.1215
2009-08-02,59.475
2009-08-03,57.435997
2009-08-04,85.355
2009-08-05,74.7755
2009-08-06,69.736496
2009-08-07,73.006996
2009-08-08,68.238
2009-08-09,62.364998
2009-08-10,63.359
2009-08-11,79.256
2009-08-12,70.5205
2009-08-13,73.2705
2009-08-14,80.951996
2009-08-15,73.9845
2009-08-16,69.751
2009-08-17,72.381
2009-08-18,66.65
2009-08-19,67.919
2009-08-20,69.4105
2009-08-21,62.96
2009-08-22,70.803
2009-08-23,71.868996
2009-08-24,69.891
2009-08-25,69.92
2009-08-26,71.1305
2009-08-27,69.308495
2009-08-28,69.154
2009-08-29,78.0675
2009-08-30,65.468
2009-08-31,66.7215
2009-09-01,66.2535
2009-09-02,71.183
2009-09-03,66.839
2009-09-04,82.2075
2009-09-05,73.742004
2009-09-06,65.9025
2009-09-07,68.197
2009-09-08,68.3875
2009-09-09,68.5735
2009-09-10,65.118996
2009-09-11,72.612
2009-09-12,72.784
2009-09-13,68.528496
2009-09-14,83.566
2009-09-15,84.066
2009-09-16,79.7205
2009-09-17,85.5995
2009-09-18,89.2525
2009-09-19,78.0925
2009-09-20,71.75
2009-09-21,72.6025
2009-09-22,71.052
2009-09-23,71.4535
2009-09-24,73.709
2009-09-25,66.744995
2009-09-26,67.3715
2009-09-27,72.134995
2009-09-28,72.349495
2009-09-29,72.8355
2009-09-30,70.2875
2009-10-01,74.281
2009-10-02,84.5895
2009-10-03,74.069496
2009-10-04,72.451004
2009-10-05,71.283
2009-10-06,72.514
2009-10-07,77.1085
2009-10-08,78.8225
2009-10-09,78.81
2009-10-10,77.262
2009-10-11,80.8115
2009-10-12,83.215
2009-10-13,56.72
2009-10-14,58.144
2009-10-15,56.0235
2009-10-16,68.395996
2009-10-17,77.455
2009-10-18,82.605995
2009-10-19,76.203995
2009-10-20,79.496
2009-10-21,73.524
2009-10-22,73.793
2009-10-23,85.749
2009-10-24,82.664
2009-10-25,75.9705
2009-10-26,90.149
2009-10-27,77.375496
2009-10-28,76.739
2009-10-29,87.1185
2009-10-30,78.777
2009-10-31,83.5625
2009-11-01,93.651
2009-11-02,82.2315
2009-11-03,83.8005
2009-11-04,89.353
2009-11-05,91.77526
2009-11-06,93.82643
2009-11-07,93.0925
2009-11-08,94.70333
2009-11-09,92.83933
2009-11-10,87.7325
2009-11-11,78.6795
2009-11-12,81.65
2009-11-13,86.9755
2009-11-14,79.833496
2009-11-15,86.592
2009-11-16,87.994
2009-11-17,90.724
2009-11-18,89.9865
2009-11-19,92.20947
2009-11-20,91.76945
2009-11-21,95.16
2009-11-22,93.62334
2009-11-23,93.060715
2009-11-24,93.13308
2009-11-25,86.434
2009-11-26,80.7015
2009-11-27,79.1575
2009-11-28,91.566
2009-11-29,85.327
2009-11-30,73.0115
2009-12-01,86.6565
2009-12-02,92.37
2009-12-03,94.37334
2009-12-04,89.164
2009-12-05,87.302
2009-12-06,93.86
2009-12-07,92.89188
2009-12-08,92.89883
2009-12-09,78.6025
2009-12-10,79.4225
2009-12-11,92.44631
2009-12-12,88.1225
2009-12-13,84.758
2009-12-14,90.599
2009-12-15,83.2475
2009-12-16,80.2345
2009-12-17,79.3695
2009-12-18,82.1485
2009-12-19,90.6985
2009-12-20,80.354
2009-12-21,81.465
2009-12-22,77.1665
2009-12-23,82.0955
2009-12-24,83.197
2009-12-25,78.657
2009-12-26,90.9805
2009-12-27,87.567
2009-12-28,91.77105
2009-12-29,86.835
2009-12-30,92.98
2009-12-31,
2010-01-01,93.58706
2010-01-02,73.4395
2010-01-03,65.7345
2010-01-04,76.0
2010-01-05,90.81
2010-01-06,92.132
2010-01-07,90.682
2010-01-08,94.041664
2010-01-09,94.71
2010-01-10,93.734
2010-01-11,81.127
2010-01-12,80.5825
2010-01-13,87.1005
2010-01-14,83.8305
2010-01-15,84.9965
2010-01-16,91.99812
2010-01-17,93.418
2010-01-18,91.795
2010-01-19,91.9225
2010-01-20,83.7965
2010-01-21,82.7965
2010-01-22,76.429
2010-01-23,80.34
2010-01-24,81.231995
2010-01-25,74.9135
2010-01-26,74.8415
2010-01-27,70.278
2010-01-28,80.139
2010-01-29,79.583496
2010-01-30,79.7115
2010-01-31,68.631
2010-02-01,67.747
2010-02-02,80.45
2010-02-03,74.808
2010-02-04,78.57
2010-02-05,86.0125
2010-02-06,91.51947
2010-02-07,77.31
2010-02-08,74.504
2010-02-09,82.25
2010-02-10,85.2395
2010-02-11,91.5205
2010-02-12,79.546
2010-02-13,67.419
2010-02-14,70.617004
2010-02-15,81.8805
2010-02-16,87.459
2010-02-17,85.477
2010-02-18,90.176
2010-02-19,94.228
2010-02-20,75.708496
2010-02-21,65.8365
2010-02-22,71.1005
2010-02-23,79.5345
2010-02-24,86.168
2010-02-25,84.8805
2010-02-26,87.826
2010-02-27,57.128
2010-02-28,49.765
2010-03-01,81.87
2010-03-02,64.4545
2010-03-03,63.806
2010-03-04,69.437
2010-03-05,52.138
2010-03-06,56.2435
2010-03-07,67.548996
2010-03-08,63.3775
2010-03-09,54.635998
2010-03-10,73.9635
2010-03-11,88.0505
2010-03-12,73.695
2010-03-13,66.7245
2010-03-14,56.174
2010-03-15,57.5855
2010-03-16,70.84
2010-03-17,68.8055
2010-03-18,69.7835
2010-03-19,62.8415
2010-03-20,57.905
2010-03-21,64.4695
2010-03-22,88.8635
2010-03-23,84.6075
2010-03-24,82.532
2010-03-25,78.516
2010-03-26,66.5505
2010-03-27,69.7695
2010-03-28,66.5615
2010-03-29,58.1185
2010-03-30,53.498497
2010-03-31,82.093
2010-04-01,68.361496
2010-04-02,72.2345
2010-04-03,65.9645
2010-04-04,57.036
2010-04-05,85.335
2010-04-06,59.031498
2010-04-07,68.588
2010-04-08,73.1385
2010-04-09,64.767
2010-04-10,60.7465
2010-04-11,74.323
2010-04-12,93.04941
2010-04-13,92.326996
2010-04-14,85.6905
2010-04-15,82.7515
2010-04-16,80.384995
2010-04-17,65.3685
2010-04-18,71.799995
2010-04-19,69.238
2010-04-20,58.981
2010-04-21,65.5195
2010-04-22,59.5585
2010-04-23,72.015
2010-04-24,63.421497
2010-04-25,66.3345
2010-04-26,64.965996
2010-04-27,63.2665
2010-04-28,62.3705
2010-04-29,60.9645
2010-04-30,62.204998
2010-05-01,64.3325
2010-05-02,71.198
2010-05-03,75.8875
2010-05-04,80.251
2010-05-05,92.100624
2010-05-06,71.92799
2010-05-07,67.981995
2010-05-08,75.885
2010-05-09,72.338
2010-05-10,66.397995
2010-05-11,74.606
2010-05-12,85.437
2010-05-13,92.341995
2010-05-14,84.0185
2010-05-15,88.1285
2010-05-16,88.063
2010-05-17,75.3445
2010-05-18,69.465996
2010-05-19,63.044
2010-05-20,77.710495
2010-05-21,84.0425
2010-05-22,75.0805
2010-05-23,71.367
2010-05-24,66.834496
2010-05-25,67.822495
2010-05-26,67.203
2010-05-27,68.927
2010-05-28,72.833
2010-05-29,77.8875
2010-05-30,83.923
2010-05-31,80.36
2010-06-01,84.3745
2010-06-02,92.193
2010-06-03,89.118
2010-06-04,79.6325
2010-06-05,68.831
2010-06-06,73.3495
2010-06-07,73.202995
2010-06-08,74.708496
2010-06-09,69.4105
2010-06-10,64.177
2010-06-11,55.9035
2010-06-12,55.164997
2010-06-13,65.7615
2010-06-14,76.004
2010-06-15,69.389496
2010-06-16,91.4045
2010-06-17,85.08
2010-06-18,82.832
2010-06-19,80.92799
2010-06-20,86.008
2010-06-21,86.9255
2010-06-22,66.4795
2010-06-23,59.502
2010-06-24,66.9265
2010-06-25,75.9515
2010-06-26,84.9365
2010-06-27,64.809
2010-06-28,70.024
2010-06-29,71.516
2010-06-30,66.458496
2010-07-01,65.0375
2010-07-02,70.903496
2010-07-03,66.091
2010-07-04,66.3665
2010-07-05,71.615
2010-07-06,70.909
2010-07-07,56.6835
2010-07-08,61.402496
2010-07-09,63.129498
2010-07-10,66.578995
2010-07-11,67.4745
2010-07-12,69.088
2010-07-13,77.8425
2010-07-14,72.576996
2010-07-15,74.4765
2010-07-16,74.6935
2010-07-17,71.7855
2010-07-18,71.731
2010-07-19,68.5245
2010-07-20,75.39
2010-07-21,74.85
2010-07-22,73.111
2010-07-23,73.1405
2010-07-24,71.321
2010-07-25,75.403496
2010-07-26,77.632996
2010-07-27,74.1605
2010-07-28,68.944496
2010-07-29,76.9565
2010-07-30,92.547
2010-07-31,79.945
2010-08-01,73.655
2010-08-02,79.764
2010-08-03,84.5025
2010-08-04,72.659
2010-08-05,78.2975
2010-08-06,87.936
2010-08-07,88.0095
2010-08-08,78.8445
2010-08-09,87.331
2010-08-10,79.93
2010-08-11,78.2425
2010-08-12,76.833
2010-08-13,81.3025
2010-08-14,82.5915
2010-08-15,79.872
2010-08-16,82.3975
2010-08-17,72.716
2010-08-18,80.598495
2010-08-19,81.141495
2010-08-20,71.5475
2010-08-21,71.6615
2010-08-22,77.263
2010-08-23,75.2
2010-08-24,84.0495
2010-08-25,76.472496
2010-08-26,83.0085
2010-08-27,79.151
2010-08-28,91.2985
2010-08-29,78.102
2010-08-30,88.983
2010-08-31,90.9055
2010-09-01,65.6365
2010-09-02,75.5835
2010-09-03,85.8965
2010-09-04,89.272
2010-09-05,79.798996
2010-09-06,90.1735
2010-09-07,
2010-09-08,93.89
2010-09-09,82.471
2010-09-10,85.622
2010-09-11,90.0495
2010-09-12,91.8315
2010-09-13,83.234
2010-09-14,77.291
2010-09-15,83.529
2010-09-16,90.3815
2010-09-17,93.9375
2010-09-18,92.8035
2010-09-19,86.936
2010-09-20,76.5775
2010-09-21,82.9065
2010-09-22,84.5095
2010-09-23,83.92
2010-09-24,86.082
2010-09-25,86.5475
2010-09-26,92.37473
2010-09-27,89.485504
2010-09-28,84.728
2010-09-29,79.270996
2010-09-30,80.454
2010-10-01,82.8665
2010-10-02,81.54
2010-10-03,76.2825
2010-10-04,85.621
2010-10-05,90.9315
2010-10-06,93.783844
2010-10-07,90.1425
2010-10-08,87.4825
2010-10-09,87.727
2010-10-10,83.028496
2010-10-11,84.814
2010-10-12,89.023
2010-10-13,83.3665
2010-10-14,81.2915
2010-10-15,81.7035
2010-10-16,84.2405
2010-10-17,92.40895
2010-10-18,93.5
2010-10-19,84.29
2010-10-20,94.386665
2010-10-21,85.328
2010-10-22,84.6005
2010-10-23,84.9905
2010-10-24,79.476
2010-10-25,90.487
2010-10-26,78.0205
2010-10-27,79.444496
2010-10-28,86.069
2010-10-29,77.131996
2010-10-30,74.2455
2010-10-31,67.5235
2010-11-01,83.6575
2010-11-02,84.826996
2010-11-03,85.9695
2010-11-04,93.18588
2010-11-05,85.9425
2010-11-06,91.62685
2010-11-07,86.084
2010-11-08,91.354
2010-11-09,83.7255
2010-11-10,89.1555
2010-11-11,77.4665
2010-11-12,73.6905
2010-11-13,79.267
2010-11-14,70.811
2010-11-15,74.105
2010-11-16,90.1155
2010-11-17,89.7585
2010-11-18,92.51118
2010-11-19,94.71
2010-11-20,93.91231
2010-11-21,94.455
2010-11-22,94.40125
2010-11-23,84.726
2010-11-24,83.8295
2010-11-25,94.004166
2010-11-26,93.366
2010-11-27,92.15263
2010-11-28,93.729996
2010-11-29,93.4275
2010-11-30,89.777
2010-12-01,94.158
2010-12-02,93.8125
2010-12-03,94.475
2010-12-04,90.892
2010-12-05,89.2955
2010-12-06,80.6895
2010-12-07,86.811
2010-12-08,80.879
2010-12-09,83.3785
2010-12-10,79.389496
2010-12-11,85.238
2010-12-12,88.395
2010-12-13,66.698
2010-12-14,64.7165
2010-12-15,69.3435
2010-12-16,79.735
2010-12-17,84.9275
2010-12-18,93.19684
2010-12-19,84.2965
2010-12-20,81.15
2010-12-21,89.693
2010-12-22,92.30888
2010-12-23,90.75235
2010-12-24,88.1865
2010-12-25,71.067
2010-12-26,61.9055
2010-12-27,75.116
2010-12-28,80.6815
2010-12-29,84.6695
2010-12-30,93.35875
2010-12-31,93.316666
2011-01-01,93.8675
2011-01-02,94.229996
2011-01-03,90.635
2011-01-04,93.65385
2011-01-05,82.316
2011-01-06,87.8385
2011-01-07,79.074
2011-01-08,81.8075
2011-01-09,80.8145
2011-01-10,94.121254
2011-01-11,
2011-01-12,94.03445
2011-01-13,94.22667
2011-01-14,93.859
2011-01-15,86.965004
2011-01-16,84.9415
2011-01-17,93.41765
2011-01-18,
2011-01-19,
2011-01-20,75.069
2011-01-21,73.732
2011-01-22,69.683
2011-01-23,66.065
2011-01-24,78.9785
2011-01-25,76.095
2011-01-26,82.932
2011-01-27,92.133156
2011-01-28,88.317
2011-01-29,91.36632
2011-01-30,81.88
2011-01-31,76.203995
2011-02-01,79.723495
2011-02-02,77.839
2011-02-03,84.774
2011-02-04,82.498
2011-02-05,76.081
2011-02-06,80.3775
2011-02-07,79.997
2011-02-08,73.364
2011-02-09,77.9105
2011-02-10,82.166504
2011-02-11,76.725
2011-02-12,70.5505
2011-02-13,79.053
2011-02-14,86.2205
2011-02-15,69.9765
2011-02-16,91.0795
2011-02-17,92.69684
2011-02-18,94.6875
2011-02-19,83.612
2011-02-20,77.916
2011-02-21,75.0495
2011-02-22,73.631
2011-02-23,63.8755
2011-02-24,60.844997
2011-02-25,62.459
2011-02-26,69.456
2011-02-27,87.4635
2011-02-28,78.3585
2011-03-01,87.367
2011-03-02,84.2405
2011-03-03,88.169
2011-03-04,84.111
2011-03-05,85.0545
2011-03-06,61.515
2011-03-07,50.7305
2011-03-08,60.025997
2011-03-09,61.457
2011-03-10,66.045
2011-03-11,69.1645
2011-03-12,58.7635
2011-03-13,57.6135
2011-03-14,59.7665
2011-03-15,66.391
2011-03-16,85.076
2011-03-17,79.766
2011-03-18,81.631
2011-03-19,77.4135
2011-03-20,63.641
2011-03-21,65.5165
2011-03-22,61.517998
2011-03-23,60.635
2011-03-24,50.8015
2011-03-25,54.136497
2011-03-26,61.642498
2011-03-27,87.26
2011-03-28,89.2445
2011-03-29,71.5885
2011-03-30,65.006
2011-03-31,63.262
2011-04-01,79.181496
2011-04-02,71.9565
2011-04-03,71.3045
2011-04-04,68.2175
2011-04-05,66.523
2011-04-06,67.8115
2011-04-07,61.073997
2011-04-08,51.211
2011-04-09,45.2665
2011-04-10,45.201
2011-04-11,54.807
2011-04-12,67.3325
2011-04-13,52.041
2011-04-14,69.1595
2011-04-15,68.112
2011-04-16,65.845
2011-04-17,62.128
2011-04-18,60.3225
2011-04-19,56.265
2011-04-20,59.5425
2011-04-21,60.834
2011-04-22,59.976498
2011-04-23,60.742
2011-04-24,56.749
2011-04-25,74.1355
2011-04-26,82.0615
2011-04-27,78.636
2011-04-28,74.345
2011-04-29,81.2075
2011-04-30,86.16
2011-05-01,89.702
2011-05-02,68.8805
2011-05-03,73.5765
2011-05-04,57.6145
2011-05-05,59.420498
2011-05-06,61.2685
2011-05-07,56.0165
2011-05-08,76.988
2011-05-09,66.9185
2011-05-10,61.026
2011-05-11,60.309498
2011-05-12,60.903
2011-05-13,62.266
2011-05-14,63.769997
2011-05-15,82.4765
2011-05-16,60.346
2011-05-17,65.2725
2011-05-18,70.433
2011-05-19,72.468
2011-05-20,67.0465
2011-05-21,66.1475
2011-05-22,68.899
2011-05-23,64.6005
2011-05-24,66.3545
2011-05-25,54.932
2011-05-26,56.643997
2011-05-27,65.719
2011-05-28,80.668
2011-05-29,66.093
2011-05-30,66.6965
2011-05-31,66.2315
2011-06-01,74.328995
2011-06-02,74.0355
2011-06-03,76.1365
2011-06-04,79.7335
2011-06-05,75.934
2011-06-06,72.04
2011-06-07,72.253
2011-06-08,76.197
2011-06-09,80.058
2011-06-10,59.7795
2011-06-11,58.5355
2011-06-12,64.303
2011-06-13,64.098495
2011-06-14,65.5465
2011-06-15,68.935
2011-06-16,66.968
2011-06-17,69.142
2011-06-18,61.843
2011-06-19,87.4945
2011-06-20,66.049
2011-06-21,61.363
2011-06-22,66.4305
2011-06-23,60.8425
2011-06-24,81.5655
2011-06-25,60.2145
2011-06-26,73.825
2011-06-27,66.423996
2011-06-28,50.9895
2011-06-29,60.139
2011-06-30,61.5005
2011-07-01,44.269
2011-07-02,66.715
2011-07-03,67.118
2011-07-04,67.1585
2011-07-05,76.051
2011-07-06,66.0165
2011-07-07,61.724
2011-07-08,56.758
2011-07-09,58.455997
2011-07-10,56.8625
2011-07-11,54.492
2011-07-12,61.239998
2011-07-13,56.2505
2011-07-14,57.6055
2011-07-15,58.6765
2011-07-16,58.024498
2011-07-17,55.255497
2011-07-18,60.4315
2011-07-19,74.612495
2011-07-20,89.531
2011-07-21,75.223
2011-07-22,75.848495
2011-07-23,87.471
2011-07-24,82.7365
2011-07-25,75.542
2011-07-26,82.0055
2011-07-27,73.0385
2011-07-28,92.50421
2011-07-29,79.2045
2011-07-30,74.6795
2011-07-31,79.3525
2011-08-01,73.6795
2011-08-02,73.0455
2011-08-03,74.6665
2011-08-04,93.18842
2011-08-05,78.3125
2011-08-06,78.8085
2011-08-07,70.756996
2011-08-08,78.9815
2011-08-09,69.4925
2011-08-10,61.989
2011-08-11,65.4155
2011-08-12,69.1065
2011-08-13,72.785995
2011-08-14,70.438995
2011-08-15,72.7405
2011-08-16,74.854996
2011-08-17,71.8065
2011-08-18,70.5895
2011-08-19,78.1625
2011-08-20,78.694
2011-08-21,76.0555
2011-08-22,77.28
2011-08-23,69.022995
2011-08-24,69.2835
2011-08-25,71.755
2011-08-26,69.3255
2011-08-27,60.0545
2011-08-28,59.4535
2011-08-29,68.109
2011-08-30,52.565
2011-08-31,62.1605
2011-09-01,71.6975
2011-09-02,78.4395
2011-09-03,76.499
2011-09-04,68.8385
2011-09-05,64.1035
2011-09-06,59.837498
2011-09-07,68.309
2011-09-08,69.754
2011-09-09,80.993
2011-09-10,71.8565
2011-09-11,73.188
2011-09-12,64.597
2011-09-13,69.4395
2011-09-14,64.043
2011-09-15,63.45
2011-09-16,72.488
2011-09-17,67.649
2011-09-18,62.3985
2011-09-19,73.962
2011-09-20,76.1925
2011-09-21,75.9715
2011-09-22,80.669
2011-09-23,73.401
2011-09-24,71.371
2011-09-25,75.443
2011-09-26,73.246
2011-09-27,73.401
2011-09-28,66.859
2011-09-29,55.291
2011-09-30,66.7135
2011-10-01,70.6655
2011-10-02,67.172
2011-10-03,70.687996
2011-10-04,71.235504
2011-10-05,70.685
2011-10-06,71.764496
2011-10-07,86.4665
2011-10-08,82.32
2011-10-09,78.0255
2011-10-10,73.984
2011-10-11,81.2675
2011-10-12,84.7735
2011-10-13,77.831
2011-10-14,70.6015
2011-10-15,71.7495
2011-10-16,60.747498
2011-10-17,73.445
2011-10-18,66.445496
2011-10-19,69.2755
2011-10-20,86.2975
2011-10-21,76.856
2011-10-22,81.159996
2011-10-23,93.02214
2011-10-24,94.28333
2011-10-25,93.69
2011-10-26,83.4575
2011-10-27,83.2565
2011-10-28,87.758
2011-10-29,87.966
2011-10-30,84.4845
2011-10-31,91.194214
2011-11-01,93.456
2011-11-02,92.85364
2011-11-03,92.155624
2011-11-04,82.0215
2011-11-05,74.3685
2011-11-06,79.323
2011-11-07,83.6175
2011-11-08,89.126
2011-11-09,93.87778
2011-11-10,93.10353
2011-11-11,71.9275
2011-11-12,78.1455
2011-11-13,80.95
2011-11-14,84.5265
2011-11-15,84.755
2011-11-16,93.324165
2011-11-17,94.62857
2011-11-18,95.16
2011-11-19,94.38333
2011-11-20,94.16333
2011-11-21,93.122
2011-11-22,93.77111
2011-11-23,94.71
2011-11-24,92.84333
2011-11-25,93.66154
2011-11-26,91.70778
2011-11-27,92.590004
2011-11-28,90.104004
2011-11-29,94.19334
2011-11-30,94.520004
2011-12-01,93.994995
2011-12-02,
2011-12-03,94.24
2011-12-04,92.2025
2011-12-05,73.6875
2011-12-06,77.979
2011-12-07,86.8435
2011-12-08,66.8405
2011-12-09,73.462
2011-12-10,80.2045
2011-12-11,69.0135
2011-12-12,88.301
2011-12-13,84.411
2011-12-14,83.0
2011-12-15,91.9147
2011-12-16,83.6345
2011-12-17,76.8005
2011-12-18,77.6195
2011-12-19,84.282
2011-12-20,69.0335
2011-12-21,86.3745
2011-12-22,82.334496
2011-12-23,91.3775
2011-12-24,84.1505
2011-12-25,70.5375
2011-12-26,88.541504
2011-12-27,92.13167
2011-12-28,89.792
2011-12-29,92.36211
2011-12-30,93.24
2011-12-31,85.5265
2012-01-01,84.451
2012-01-02,77.1305
2012-01-03,90.29474
2012-01-04,87.8795
2012-01-05,81.082
2012-01-06,63.288
2012-01-07,67.847
2012-01-08,74.6035
2012-01-09,76.1145
2012-01-10,78.0795
2012-01-11,69.2425
2012-01-12,72.5745
2012-01-13,72.901
2012-01-14,69.4085
2012-01-15,66.221
2012-01-16,63.077
2012-01-17,74.3415
2012-01-18,74.8685
2012-01-19,72.182
2012-01-20,85.0465
2012-01-21,72.9405
2012-01-22,64.215
2012-01-23,76.308495
2012-01-24,86.604004
2012-01-25,71.909996
2012-01-26,71.698
2012-01-27,76.5095
2012-01-28,81.811
2012-01-29,78.631
2012-01-30,80.8135
2012-01-31,69.2065
2012-02-01,64.1875
2012-02-02,58.031
2012-02-03,56.12
2012-02-04,54.9965
2012-02-05,53.3365
2012-02-06,65.8235
2012-02-07,76.0495
2012-02-08,69.018
2012-02-09,71.999
2012-02-10,75.0005
2012-02-11,76.598
2012-02-12,65.5355
2012-02-13,60.218998
2012-02-14,67.057
2012-02-15,70.1035
2012-02-16,63.697
2012-02-17,63.3685
2012-02-18,73.3525
2012-02-19,74.8275
2012-02-20,67.9425
2012-02-21,70.5175
2012-02-22,77.2315
2012-02-23,74.9885
2012-02-24,66.597
2012-02-25,65.3815
2012-02-26,67.351
2012-02-27,53.219498
2012-02-28,91.747
2012-02-29,74.841995
2012-03-01,84.0855
2012-03-02,77.071495
2012-03-03,56.178497
2012-03-04,60.218998
2012-03-05,62.3975
2012-03-06,52.024998
2012-03-07,49.795
2012-03-08,53.3825
2012-03-09,64.762
2012-03-10,65.2015
2012-03-11,67.542
2012-03-12,81.0735
2012-03-13,72.3275
2012-03-14,64.9635
2012-03-15,56.698498
2012-03-16,64.9315
2012-03-17,47.9755
2012-03-18,49.442497
2012-03-19,59.9305
2012-03-20,58.4685
2012-03-21,60.732
2012-03-22,57.0405
2012-03-23,57.687
2012-03-24,53.367
2012-03-25,48.1485
2012-03-26,32.7875
2012-03-27,34.803997
2012-03-28,51.5725
2012-03-29,57.108498
2012-03-30,67.1545
2012-03-31,54.1455
2012-04-01,42.541496
2012-04-02,48.466
2012-04-03,49.1735
2012-04-04,62.2855
2012-04-05,69.1215
2012-04-06,84.75
2012-04-07,88.6795
2012-04-08,56.2875
2012-04-09,48.1445
2012-04-10,46.321
2012-04-11,50.9895
2012-04-12,80.8285
2012-04-13,74.207
2012-04-14,81.069
2012-04-15,76.1795
2012-04-16,74.858
2012-04-17,55.1135
2012-04-18,60.163498
2012-04-19,63.203
2012-04-20,61.664497
2012-04-21,70.329994
2012-04-22,77.668495
2012-04-23,79.558
2012-04-24,79.214
2012-04-25,70.8515
2012-04-26,52.656998
2012-04-27,62.019
2012-04-28,56.0355
2012-04-29,47.253998
2012-04-30,54.299
2012-05-01,55.024
2012-05-02,54.467
2012-05-03,67.011
2012-05-04,82.836
2012-05-05,61.5415
2012-05-06,60.505997
2012-05-07,86.3735
2012-05-08,69.11
2012-05-09,66.4345
2012-05-10,59.545998
2012-05-11,63.0065
2012-05-12,68.6325
2012-05-13,60.1685
2012-05-14,66.2475
2012-05-15,70.311
2012-05-16,63.9125
2012-05-17,49.5
2012-05-18,51.802498
2012-05-19,64.044
2012-05-20,62.177
2012-05-21,73.751
2012-05-22,90.5845
2012-05-23,78.8295
2012-05-24,72.78
2012-05-25,59.232
2012-05-26,53.9315
2012-05-27,59.207
2012-05-28,68.334
2012-05-29,73.831
2012-05-30,75.341995
2012-05-31,78.839
2012-06-01,70.09
2012-06-02,75.697495
2012-06-03,67.055
2012-06-04,69.9075
2012-06-05,65.837
2012-06-06,64.4355
2012-06-07,66.222496
2012-06-08,58.1335
2012-06-09,77.287994
2012-06-10,83.9
2012-06-11,88.455
2012-06-12,92.75056
2012-06-13,74.1005
2012-06-14,70.7305
2012-06-15,69.783
2012-06-16,62.755
2012-06-17,62.353
2012-06-18,62.3145
2012-06-19,65.529495
2012-06-20,63.969498
2012-06-21,64.7205
2012-06-22,59.729
2012-06-23,55.3155
2012-06-24,56.671997
2012-06-25,78.724
2012-06-26,72.989
2012-06-27,64.0965
2012-06-28,62.3205
2012-06-29,62.341
2012-06-30,62.977
2012-07-01,61.7455
2012-07-02,52.7445
2012-07-03,49.296497
2012-07-04,56.084
2012-07-05,59.4245
2012-07-06,60.822
2012-07-07,58.836
2012-07-08,51.653
2012-07-09,51.0295
2012-07-10,62.427498
2012-07-11,71.472496
2012-07-12,62.8635
2012-07-13,71.4345
2012-07-14,69.945496
2012-07-15,86.177
2012-07-16,68.562
2012-07-17,62.5535
2012-07-18,62.5525
2012-07-19,56.1585
2012-07-20,63.1595
2012-07-21,80.049995
2012-07-22,70.0535
2012-07-23,55.2395
2012-07-24,77.203995
2012-07-25,85.418
2012-07-26,78.876
2012-07-27,73.6915
2012-07-28,67.054
2012-07-29,73.616
2012-07-30,68.527
2012-07-31,64.554
2012-08-01,58.768497
2012-08-02,61.461998
2012-08-03,63.304
2012-08-04,65.37
2012-08-05,62.5465
2012-08-06,45.775997
2012-08-07,47.456497
2012-08-08,56.78
2012-08-09,60.9235
2012-08-10,55.953
2012-08-11,65.001
2012-08-12,64.7295
2012-08-13,56.4685
2012-08-14,49.3415
2012-08-15,49.232
2012-08-16,49.212997
2012-08-17,53.695
2012-08-18,60.233997
2012-08-19,56.2935
2012-08-20,53.143997
2012-08-21,55.711998
2012-08-22,53.2165
2012-08-23,52.955498
2012-08-24,52.2365
2012-08-25,47.582497
2012-08-26,67.942
2012-08-27,63.6365
2012-08-28,63.8815
2012-08-29,57.4735
2012-08-30,57.073498
2012-08-31,67.468
2012-09-01,81.394
2012-09-02,75.7135
2012-09-03,66.592
2012-09-04,65.2005
2012-09-05,65.46
2012-09-06,58.181
2012-09-07,57.2395
2012-09-08,55.814
2012-09-09,58.0835
2012-09-10,59.3905
2012-09-11,56.737
2012-09-12,64.576996
2012-09-13,89.105
2012-09-14,74.1115
2012-09-15,61.6615
2012-09-16,68.7185
2012-09-17,79.7435
2012-09-18,78.587
2012-09-19,81.543
2012-09-20,65.692
2012-09-21,68.8995
2012-09-22,69.139496
2012-09-23,70.276
2012-09-24,72.1795
2012-09-25,72.555
2012-09-26,63.14
2012-09-27,68.2805
2012-09-28,78.0495
2012-09-29,82.525
2012-09-30,68.2685
2012-10-01,81.1195
2012-10-02,84.955
2012-10-03,81.5815
2012-10-04,82.307
2012-10-05,66.469
2012-10-06,78.729
2012-10-07,81.2535
2012-10-08,64.407
2012-10-09,75.931496
2012-10-10,80.442
2012-10-11,85.941
2012-10-12,84.763
2012-10-13,79.698494
2012-10-14,86.661
2012-10-15,84.016
2012-10-16,90.498
2012-10-17,88.324
2012-10-18,75.986
2012-10-19,81.913
2012-10-20,87.513
2012-10-21,93.11583
2012-10-22,88.2055
2012-10-23,94.24
2012-10-24,89.4295
2012-10-25,89.9005
2012-10-26,92.84062
2012-10-27,91.1435
2012-10-28,77.5615
2012-10-29,88.1315
2012-10-30,79.3995
2012-10-31,76.2445
2012-11-01,92.45526
2012-11-02,91.1855
2012-11-03,82.473
2012-11-04,71.561
2012-11-05,88.1425
2012-11-06,91.76789
2012-11-07,82.681496
2012-11-08,79.7345
2012-11-09,87.1235
2012-11-10,87.866
2012-11-11,85.3115
2012-11-12,91.8495
2012-11-13,83.9355
2012-11-14,77.833
2012-11-15,89.899475
2012-11-16,88.608
2012-11-17,90.4945
2012-11-18,91.57842
2012-11-19,92.30526
2012-11-20,93.54667
2012-11-21,92.13526
2012-11-22,92.123
2012-11-23,93.547
2012-11-24,92.10941
2012-11-25,93.08077
2012-11-26,86.722
2012-11-27,65.554
2012-11-28,80.4495
2012-11-29,86.565
2012-11-30,72.804
2012-12-01,77.440994
2012-12-02,89.1685
2012-12-03,73.7895
2012-12-04,88.5255
2012-12-05,90.4425
2012-12-06,92.99
2012-12-07,75.047
2012-12-08,77.305
2012-12-09,65.9265
2012-12-10,70.506
2012-12-11,81.6245
2012-12-12,65.2255
2012-12-13,73.1015
2012-12-14,74.103
2012-12-15,88.187
2012-12-16,94.71
2012-12-17,93.935
2012-12-18,94.455
2012-12-19,91.878944
2012-12-20,86.493
2012-12-21,93.896
2012-12-22,91.89737
2012-12-23,89.804504
2012-12-24,88.5655
2012-12-25,77.815994
2012-12-26,86.501
2012-12-27,86.6745
2012-12-28,82.541
2012-12-29,76.048
2012-12-30,84.992004
2012-12-31,93.17273
2013-01-01,92.63
2013-01-02,94.37
2013-01-03,86.1675
2013-01-04,80.57
2013-01-05,79.6455
2013-01-06,84.6765
2013-01-07,84.2205
2013-01-08,89.6225
2013-01-09,93.75833
2013-01-10,95.16
2013-01-11,83.562996
2013-01-12,73.893
2013-01-13,90.4045
2013-01-14,92.72
2013-01-15,93.05167
2013-01-16,88.752
2013-01-17,92.11
2013-01-18,87.0835
2013-01-19,79.2495
2013-01-20,90.8605
2013-01-21,94.0775
2013-01-22,88.493004
2013-01-23,93.49
2013-01-24,91.215
2013-01-25,74.4345
2013-01-26,76.707
2013-01-27,82.0125
2013-01-28,89.253
2013-01-29,90.16368
2013-01-30,81.487495
2013-01-31,71.6135
2013-02-01,76.532
2013-02-02,82.856
2013-02-03,63.668
2013-02-04,67.5275
2013-02-05,73.7995
2013-02-06,84.2595
2013-02-07,66.546
2013-02-08,71.7625
2013-02-09,73.4085
2013-02-10,88.723495
2013-02-11,76.7215
2013-02-12,92.2555
2013-02-13,92.67941
2013-02-14,88.9705
2013-02-15,89.3375
2013-02-16,79.913
2013-02-17,83.298004
2013-02-18,82.527
2013-02-19,76.5615
2013-02-20,71.378
2013-02-21,68.1605
2013-02-22,84.9255
2013-02-23,89.5665
2013-02-24,93.48572
2013-02-25,92.89562
2013-02-26,93.290665
2013-02-27,84.972
2013-02-28,80.635
2013-03-01,88.4125
2013-03-02,67.6625
2013-03-03,68.036995
2013-03-04,65.3435
2013-03-05,61.8615
2013-03-06,66.135
2013-03-07,74.9575
2013-03-08,73.9095
2013-03-09,85.4805
2013-03-10,93.795
2013-03-11,82.785995
2013-03-12,81.92
2013-03-13,77.346
2013-03-14,92.901764
2013-03-15,61.681
2013-03-16,56.0335
2013-03-17,61.657497
2013-03-18,82.069
2013-03-19,70.4855
2013-03-20,69.1805
2013-03-21,69.6135
2013-03-22,57.837498
2013-03-23,68.982
2013-03-24,81.248
2013-03-25,80.709
2013-03-26,88.9985
2013-03-27,76.263
2013-03-28,77.738
2013-03-29,92.901054
2013-03-30,92.49769
2013-03-31,88.9695
2013-04-01,71.816
2013-04-02,89.257
2013-04-03,87.3575
2013-04-04,70.219
2013-04-05,90.046
2013-04-06,78.848
2013-04-07,73.5285
2013-04-08,67.945496
2013-04-09,73.2675
2013-04-10,75.3565
2013-04-11,70.949
2013-04-12,65.699
2013-04-13,72.431496
2013-04-14,59.900497
2013-04-15,62.2665
2013-04-16,57.132
2013-04-17,61.968998
2013-04-18,63.545
2013-04-19,63.1765
2013-04-20,73.35
2013-04-21,65.8855
2013-04-22,67.8185
2013-04-23,73.253
2013-04-24,62.695
2013-04-25,64.737
2013-04-26,54.5145
2013-04-27,59.8975
2013-04-28,63.8835
2013-04-29,62.7285
2013-04-30,59.9265
2013-05-01,67.8075
2013-05-02,79.501
2013-05-03,79.433495
2013-05-04,72.708496
2013-05-05,76.2305
2013-05-06,83.123
2013-05-07,74.199
2013-05-08,75.5665
2013-05-09,69.7285
2013-05-10,62.4895
2013-05-11,83.8965
2013-05-12,68.613495
2013-05-13,50.8145
2013-05-14,67.7495
2013-05-15,62.184
2013-05-16,71.706
2013-05-17,88.693
2013-05-18,66.3625
2013-05-19,65.695
2013-05-20,60.985
2013-05-21,59.077
2013-05-22,67.2575
2013-05-23,59.671497
2013-05-24,61.2895
2013-05-25,76.853
2013-05-26,74.6595
2013-05-27,85.3865
2013-05-28,75.698
2013-05-29,70.3655
2013-05-30,86.776
2013-05-31,89.0395
2013-06-01,88.927
2013-06-02,82.7395
2013-06-03,71.8405
2013-06-04,85.7
2013-06-05,84.1475
2013-06-06,76.5515
2013-06-07,74.807
2013-06-08,77.994995
2013-06-09,70.319
2013-06-10,70.222
2013-06-11,86.2925
2013-06-12,66.173996
2013-06-13,65.4265
2013-06-14,71.3165
2013-06-15,70.0885
2013-06-16,75.926
2013-06-17,72.6485
2013-06-18,69.2395
2013-06-19,71.9155
2013-06-20,70.0755
2013-06-21,61.364
2013-06-22,70.528496
2013-06-23,73.124
2013-06-24,81.4795
2013-06-25,73.698
2013-06-26,65.256996
2013-06-27,61.9435
2013-06-28,67.885
2013-06-29,60.633
2013-06-30,59.995
2013-07-01,61.487
2013-07-02,67.8265
2013-07-03,64.303
2013-07-04,63.4945
2013-07-05,63.909
2013-07-06,72.933495
2013-07-07,72.048
2013-07-08,65.083
2013-07-09,66.4495
2013-07-10,68.2835
2013-07-11,72.5225
2013-07-12,63.7355
2013-07-13,70.881996
2013-07-14,64.651
2013-07-15,67.678
2013-07-16,63.55
2013-07-17,62.6675
2013-07-18,62.362
2013-07-19,65.489
2013-07-20,60.211
2013-07-21,55.313
2013-07-22,62.239998
2013-07-23,61.011997
2013-07-24,65.5395
2013-07-25,70.020996
2013-07-26,68.038
2013-07-27,67.5175
2013-07-28,62.741497
2013-07-29,50.822998
2013-07-30,52.7955
2013-07-31,54.774498
2013-08-01,61.0775
2013-08-02,61.684498
2013-08-03,63.468
2013-08-04,59.941498
2013-08-05,65.9155
2013-08-06,60.060497
2013-08-07,52.3565
2013-08-08,51.9875
2013-08-09,58.471
2013-08-10,70.6485
2013-08-11,65.4235
2013-08-12,63.623
2013-08-13,67.960495
2013-08-14,90.4125
2013-08-15,62.7575
2013-08-16,63.247498
2013-08-17,62.972
2013-08-18,63.562
2013-08-19,61.7765
2013-08-20,61.8985
2013-08-21,62.336998
2013-08-22,59.850998
2013-08-23,64.2335
2013-08-24,92.445786
2013-08-25,93.363754
2013-08-26,88.346504
2013-08-27,86.0605
2013-08-28,81.2865
2013-08-29,66.3415
2013-08-30,65.1965
2013-08-31,68.0615
2013-09-01,81.2175
2013-09-02,70.4815
2013-09-03,69.3965
2013-09-04,77.32
2013-09-05,77.9695
2013-09-06,70.162
2013-09-07,67.205
2013-09-08,61.487
2013-09-09,84.901
2013-09-10,82.7565
2013-09-11,76.08
2013-09-12,81.608
2013-09-13,84.904495
2013-09-14,83.757996
2013-09-15,83.0155
2013-09-16,81.512
2013-09-17,86.688
2013-09-18,84.8415
2013-09-19,77.2885
2013-09-20,79.686
2013-09-21,75.2875
2013-09-22,75.264496
2013-09-23,75.233
2013-09-24,73.0185
2013-09-25,84.275
2013-09-26,80.659
2013-09-27,83.9335
2013-09-28,79.847
2013-09-29,92.376
2013-09-30,93.420715
2013-10-01,76.167
2013-10-02,71.2465
2013-10-03,66.4185
2013-10-04,70.7495
2013-10-05,75.148
2013-10-06,79.597
2013-10-07,77.1455
2013-10-08,78.6145
2013-10-09,85.128
2013-10-10,88.971
2013-10-11,90.837
2013-10-12,87.6045
2013-10-13,84.3185
2013-10-14,89.841
2013-10-15,89.181
2013-10-16,76.2825
2013-10-17,70.9485
2013-10-18,79.8835
2013-10-19,77.875496
2013-10-20,73.6315
2013-10-21,81.9345
2013-10-22,86.4515
2013-10-23,69.79
2013-10-24,81.660995
2013-10-25,85.0465
2013-10-26,85.314
2013-10-27,83.029
2013-10-28,76.069
2013-10-29,76.338
2013-10-30,77.892
2013-10-31,76.9515
2013-11-01,77.5535
2013-11-02,87.344
2013-11-03,84.833
2013-11-04,88.518
2013-11-05,88.1185
2013-11-06,91.5065
2013-11-07,84.918
2013-11-08,89.8125
2013-11-09,87.289
2013-11-10,92.84625
2013-11-11,84.1655
2013-11-12,77.015
2013-11-13,86.2565
2013-11-14,82.857
2013-11-15,87.916504
2013-11-16,93.065834
2013-11-17,94.475
2013-11-18,90.48474
2013-11-19,91.744446
2013-11-20,94.1075
2013-11-21,
2013-11-22,94.423996
2013-11-23,93.19
2013-11-24,93.14471
2013-11-25,62.149998
2013-11-26,72.229
2013-11-27,68.833496
2013-11-28,70.5865
2013-11-29,74.718
2013-11-30,81.291
2013-12-01,85.1925
2013-12-02,75.7285
2013-12-03,85.07
2013-12-04,87.3275
2013-12-05,88.694
2013-12-06,68.7175
2013-12-07,73.1275
2013-12-08,80.271996
2013-12-09,83.098495
2013-12-10,79.302
2013-12-11,73.518
2013-12-12,78.307495
2013-12-13,93.75
2013-12-14,94.229996
2013-12-15,93.73778
2013-12-16,94.71
2013-12-17,92.7
2013-12-18,93.66
2013-12-19,93.16637
2013-12-20,92.8105
2013-12-21,92.67
2013-12-22,93.86667
2013-12-23,94.475
2013-12-24,84.104
2013-12-25,64.1565
2013-12-26,79.9285
2013-12-27,86.5465
2013-12-28,90.503
2013-12-29,82.8765
2013-12-30,72.395996
2013-12-31,88.324
2014-01-01,91.343155
2014-01-02,84.321
2014-01-03,88.8821
2014-01-04,94.5875
2014-01-05,85.812
2014-01-06,85.293
2014-01-07,94.229996
2014-01-08,
2014-01-09,94.7
2014-01-10,93.30385
2014-01-11,94.223335
2014-01-12,81.016
2014-01-13,88.8655
2014-01-14,87.4195
2014-01-15,89.0355
2014-01-16,87.3905
2014-01-17,70.0085
2014-01-18,75.183
2014-01-19,82.589
2014-01-20,89.569
2014-01-21,79.825
2014-01-22,81.496
2014-01-23,77.784996
2014-01-24,93.30167
2014-01-25,71.3835
2014-01-26,71.629
2014-01-27,80.1
2014-01-28,84.106
2014-01-29,85.829
2014-01-30,84.1615
2014-01-31,81.2055
2014-02-01,80.4445
2014-02-02,90.5695
2014-02-03,87.7685
2014-02-04,86.906
2014-02-05,88.134
2014-02-06,92.54579
2014-02-07,81.469
2014-02-08,90.1795
2014-02-09,82.4905
2014-02-10,85.6375
2014-02-11,91.6215
2014-02-12,91.1865
2014-02-13,83.274
2014-02-14,81.9385
2014-02-15,72.755
2014-02-16,74.4135
2014-02-17,93.15647
2014-02-18,92.11833
2014-02-19,88.8985
2014-02-20,85.598
2014-02-21,
2014-02-22,87.678
2014-02-23,80.2065
2014-02-24,74.140495
2014-02-25,89.263504
2014-02-26,77.553
2014-02-27,77.1345
2014-02-28,75.2445
2014-03-01,74.0925
2014-03-02,77.111
2014-03-03,93.286
2014-03-04,82.375
2014-03-05,74.561005
2014-03-06,68.621
2014-03-07,67.347496
2014-03-08,67.1605
2014-03-09,67.318
2014-03-10,62.923
2014-03-11,56.646
2014-03-12,52.4605
2014-03-13,61.6445
2014-03-14,63.692497
2014-03-15,64.9615
2014-03-16,51.397
2014-03-17,60.093
2014-03-18,66.674995
2014-03-19,62.511997
2014-03-20,59.9125
2014-03-21,58.532497
2014-03-22,55.456497
2014-03-23,71.405
2014-03-24,77.159
2014-03-25,68.209
2014-03-26,69.7675
2014-03-27,70.4395
2014-03-28,58.583
2014-03-29,61.108498
2014-03-30,64.385
2014-03-31,67.585
2014-04-01,62.451
2014-04-02,71.923
2014-04-03,69.3265
2014-04-04,70.442
2014-04-05,73.978
2014-04-06,88.5985
2014-04-07,79.336
2014-04-08,74.125496
2014-04-09,58.061
2014-04-10,80.2675
2014-04-11,72.8515
2014-04-12,75.601
2014-04-13,79.917
2014-04-14,71.83
2014-04-15,63.5005
2014-04-16,61.6265
2014-04-17,59.188
2014-04-18,49.1535
2014-04-19,72.0405
2014-04-20,87.213
2014-04-21,84.745
2014-04-22,80.0175
2014-04-23,82.292
2014-04-24,79.962
2014-04-25,92.22294
2014-04-26,85.8115
2014-04-27,70.306
2014-04-28,70.978
2014-04-29,78.1935
2014-04-30,72.4125
2014-05-01,73.2355
2014-05-02,73.1195
2014-05-03,82.752
2014-05-04,58.190998
2014-05-05,61.1595
2014-05-06,66.2045
2014-05-07,69.432
2014-05-08,77.9775
2014-05-09,74.643
2014-05-10,67.819
2014-05-11,83.368996
2014-05-12,75.6465
2014-05-13,89.602
2014-05-14,66.681
2014-05-15,73.8435
2014-05-16,87.7315
2014-05-17,83.0855
2014-05-18,86.753
2014-05-19,72.1085
2014-05-20,69.6965
2014-05-21,71.750496
2014-05-22,70.118
2014-05-23,69.572
2014-05-24,72.895996
2014-05-25,75.654495
2014-05-26,85.139
2014-05-27,71.7885
2014-05-28,78.397
2014-05-29,76.034
2014-05-30,66.573
2014-05-31,68.9665
2014-06-01,73.617
2014-06-02,64.3585
2014-06-03,74.558
2014-06-04,71.935
2014-06-05,72.7565
2014-06-06,67.723495
2014-06-07,68.997
2014-06-08,69.3945
2014-06-09,67.327995
2014-06-10,63.6165
2014-06-11,61.3805
2014-06-12,67.458496
2014-06-13,67.389496
2014-06-14,60.389
2014-06-15,59.513
2014-06-16,64.171
2014-06-17,77.389496
2014-06-18,68.378
2014-06-19,56.7015
2014-06-20,65.656
2014-06-21,60.897
2014-06-22,62.711998
2014-06-23,64.267
2014-06-24,80.5945
2014-06-25,90.6725
2014-06-26,66.052
2014-06-27,66.8545
2014-06-28,62.815
2014-06-29,65.368996
2014-06-30,80.215
2014-07-01,63.8835
2014-07-02,69.219
2014-07-03,68.7035
2014-07-04,64.872
2014-07-05,64.1635
2014-07-06,70.211
2014-07-07,71.6635
2014-07-08,70.6185
2014-07-09,75.9935
2014-07-10,78.0815
2014-07-11,85.0785
2014-07-12,72.771996
2014-07-13,83.5305
2014-07-14,82.3875
2014-07-15,70.134
2014-07-16,66.2335
2014-07-17,67.1745
2014-07-18,66.840996
2014-07-19,69.004
2014-07-20,69.3545
2014-07-21,70.6865
2014-07-22,93.0525
2014-07-23,81.9565
2014-07-24,71.363495
2014-07-25,81.8285
2014-07-26,75.5015
2014-07-27,87.4545
2014-07-28,87.273
2014-07-29,83.4125
2014-07-30,86.4735
2014-07-31,85.743
2014-08-01,81.354
2014-08-02,78.2765
2014-08-03,82.177
2014-08-04,82.1375
2014-08-05,75.2655
2014-08-06,75.465996
2014-08-07,77.336
2014-08-08,73.017
2014-08-09,77.9465
2014-08-10,82.1495
2014-08-11,77.319496
2014-08-12,77.772995
2014-08-13,80.7805
2014-08-14,90.3715
2014-08-15,80.29
2014-08-16,75.3295
2014-08-17,71.3875
2014-08-18,73.141
2014-08-19,82.096
2014-08-20,87.7675
2014-08-21,81.5505
2014-08-22,82.207
2014-08-23,91.395996
2014-08-24,73.627
2014-08-25,73.029495
2014-08-26,81.281
2014-08-27,87.385
2014-08-28,74.1975
2014-08-29,76.863
2014-08-30,77.5055
2014-08-31,81.856995
2014-09-01,90.426315
2014-09-02,89.3455
2014-09-03,84.2175
2014-09-04,82.270996
2014-09-05,82.840996
2014-09-06,87.9915
2014-09-07,86.8195
2014-09-08,83.629
2014-09-09,83.63
2014-09-10,93.76294
2014-09-11,93.41428
2014-09-12,91.428
2014-09-13,87.2875
2014-09-14,91.639
2014-09-15,91.54632
2014-09-16,88.679504
2014-09-17,80.839
2014-09-18,80.4415
2014-09-19,82.684
2014-09-20,86.45
2014-09-21,82.795
2014-09-22,78.178
2014-09-23,73.586
2014-09-24,78.589
2014-09-25,84.881
2014-09-26,89.693
2014-09-27,89.9065
2014-09-28,84.1725
2014-09-29,84.3715
2014-09-30,93.12889
2014-10-01,91.305786
2014-10-02,91.87
2014-10-03,89.1295
2014-10-04,86.4025
2014-10-05,80.113
2014-10-06,81.7675
2014-10-07,86.7065
2014-10-08,78.013
2014-10-09,72.006
2014-10-10,75.775
2014-10-11,80.112
2014-10-12,86.5375
2014-10-13,77.772
2014-10-14,74.098495
2014-10-15,92.565
2014-10-16,88.8505
2014-10-17,89.577
2014-10-18,84.1715
2014-10-19,83.534
2014-10-20,87.8755
2014-10-21,93.50823
2014-10-22,83.861
2014-10-23,85.0885
2014-10-24,85.7775
2014-10-25,91.216
2014-10-26,93.54
2014-10-27,88.9275
2014-10-28,93.98454
2014-10-29,86.7335
2014-10-30,84.9275
2014-10-31,90.0905
2014-11-01,90.564735
2014-11-02,92.545
2014-11-03,89.522
2014-11-04,70.606
2014-11-05,69.599
2014-11-06,87.551
2014-11-07,91.656845
2014-11-08,82.8795
2014-11-09,89.9335
2014-11-10,92.3821
2014-11-11,92.91538
2014-11-12,91.00375
2014-11-13,85.806496
2014-11-14,88.179504
2014-11-15,89.1835
2014-11-16,93.58375
2014-11-17,94.465
2014-11-18,83.737
2014-11-19,87.4225
2014-11-20,80.991
2014-11-21,85.322
2014-11-22,86.8665
2014-11-23,87.5755
2014-11-24,91.64562
2014-11-25,86.1855
2014-11-26,82.623
2014-11-27,77.333496
2014-11-28,92.64412
2014-11-29,94.38333
2014-11-30,92.865
2014-12-01,93.344666
2014-12-02,93.59538
2014-12-03,91.14158
2014-12-04,90.62
2014-12-05,92.15
2014-12-06,93.4925
2014-12-07,92.82294
2014-12-08,81.820496
2014-12-09,77.8035
2014-12-10,72.5945
2014-12-11,81.814
2014-12-12,80.953995
2014-12-13,81.3675
2014-12-14,92.742
2014-12-15,93.71357
2014-12-16,93.817505
2014-12-17,87.8125
2014-12-18,91.55889
2014-12-19,86.7785
2014-12-20,82.358
2014-12-21,65.76
2014-12-22,72.659996
2014-12-23,81.071
2014-12-24,91.98889
2014-12-25,81.687
2014-12-26,70.6595
2014-12-27,80.933
2014-12-28,80.8405
2014-12-29,69.4685
2014-12-30,66.298004
2014-12-31,74.1155
2015-01-01,73.513
2015-01-02,85.1295
2015-01-03,83.995
2015-01-04,74.3185
2015-01-05,82.3665
2015-01-06,76.278
2015-01-07,70.8725
2015-01-08,80.1625
2015-01-09,80.799995
2015-01-10,77.2015
2015-01-11,85.3765
2015-01-12,71.614
2015-01-13,71.024
2015-01-14,77.143
2015-01-15,86.406
2015-01-16,71.7075
2015-01-17,72.5075
2015-01-18,85.166
2015-01-19,90.5845
2015-01-20,91.40111
2015-01-21,92.64
2015-01-22,93.86
2015-01-23,90.86053
2015-01-24,91.3035
2015-01-25,87.8
2015-01-26,74.347
2015-01-27,91.4095
2015-01-28,82.5085
2015-01-29,85.7145
2015-01-30,87.5275
2015-01-31,78.515495
2015-02-01,90.5825
2015-02-02,87.7135
2015-02-03,90.34789
2015-02-04,90.23
2015-02-05,78.756
2015-02-06,78.06
2015-02-07,73.386
2015-02-08,72.5265
2015-02-09,80.398
2015-02-10,76.861496
2015-02-11,79.724
2015-02-12,84.1365
2015-02-13,79.5185
2015-02-14,75.973
2015-02-15,79.197
2015-02-16,76.432495
2015-02-17,79.7
2015-02-18,75.145996
2015-02-19,76.631996
2015-02-20,70.5405
2015-02-21,61.846
2015-02-22,82.056
2015-02-23,92.9925
2015-02-24,93.183525
2015-02-25,78.1125
2015-02-26,77.4145
2015-02-27,86.8355
2015-02-28,77.1725
2015-03-01,80.5055
2015-03-02,78.4875
2015-03-03,60.454998
2015-03-04,60.2575
2015-03-05,63.1025
2015-03-06,58.964
2015-03-07,61.579998
2015-03-08,65.308
2015-03-09,70.8695
2015-03-10,65.958
2015-03-11,76.703
2015-03-12,73.8425
2015-03-13,74.922
2015-03-14,76.328995
2015-03-15,84.402
2015-03-16,77.334
2015-03-17,69.3555
2015-03-18,59.367
2015-03-19,64.333496
2015-03-20,67.5245
2015-03-21,57.634
2015-03-22,65.315
2015-03-23,70.0505
2015-03-24,70.996
2015-03-25,79.678
2015-03-26,80.543
2015-03-27,71.675
2015-03-28,54.024
2015-03-29,58.113
2015-03-30,61.503998
2015-03-31,61.246502
2015-04-01,54.44
2015-04-02,58.5975
2015-04-03,50.1765
2015-04-04,62.655
2015-04-05,54.173
2015-04-06,55.98
2015-04-07,56.7175
2015-04-08,66.4395
2015-04-09,68.784
2015-04-10,61.0575
2015-04-11,58.788498
2015-04-12,60.318497
2015-04-13,58.8815
2015-04-14,49.4455
2015-04-15,54.510998
2015-04-16,52.035
2015-04-17,68.9335
2015-04-18,64.043
2015-04-19,61.3625
2015-04-20,55.839
2015-04-21,44.295998
2015-04-22,46.484
2015-04-23,46.8965
2015-04-24,61.4515
2015-04-25,66.654495
2015-04-26,57.4725
2015-04-27,67.7155
2015-04-28,81.86
2015-04-29,54.7685
2015-04-30,64.3185
2015-05-01,69.2625
2015-05-02,77.8795
2015-05-03,85.4215
2015-05-04,78.114
2015-05-05,65.7
2015-05-06,70.249
2015-05-07,65.8925
2015-05-08,65.5055
2015-05-09,66.577995
2015-05-10,61.6855
2015-05-11,59.835
2015-05-12,60.311497
2015-05-13,69.3965
2015-05-14,77.534996
2015-05-15,79.1655
2015-05-16,83.8065
2015-05-17,74.74
2015-05-18,70.1875
2015-05-19,65.826
2015-05-20,73.082
2015-05-21,87.6985
2015-05-22,89.78
2015-05-23,92.609474
2015-05-24,81.218
2015-05-25,83.4715
2015-05-26,83.2995
2015-05-27,62.5425
2015-05-28,69.787
2015-05-29,71.532
2015-05-30,69.103
2015-05-31,75.0665
2015-06-01,76.2335
2015-06-02,74.987495
2015-06-03,72.886
2015-06-04,66.583496
2015-06-05,64.5755
2015-06-06,71.8975
2015-06-07,66.621
2015-06-08,66.014
2015-06-09,68.65
2015-06-10,67.766
2015-06-11,67.68
2015-06-12,66.286995
2015-06-13,56.393497
2015-06-14,60.490498
2015-06-15,72.128
2015-06-16,62.829
2015-06-17,54.998997
2015-06-18,55.356
2015-06-19,72.919495
2015-06-20,72.4635
2015-06-21,66.604
2015-06-22,60.830498
2015-06-23,85.2795
2015-06-24,73.9095
2015-06-25,65.3105
2015-06-26,59.031498
2015-06-27,72.127
2015-06-28,75.0085
2015-06-29,65.5465
2015-06-30,63.0225
2015-07-01,64.667
2015-07-02,64.2175
2015-07-03,60.045498
2015-07-04,61.617
2015-07-05,61.579998
2015-07-06,66.647
2015-07-07,64.153
2015-07-08,76.0805
2015-07-09,78.777
2015-07-10,63.584
2015-07-11,66.761
2015-07-12,66.375496
2015-07-13,85.209
2015-07-14,76.297
2015-07-15,71.956
2015-07-16,73.705
2015-07-17,72.7935
2015-07-18,71.195
2015-07-19,72.1295
2015-07-20,64.652
2015-07-21,68.0825
2015-07-22,62.1835
2015-07-23,61.8075
2015-07-24,68.8595
2015-07-25,70.7125
2015-07-26,66.515
2015-07-27,90.8525
2015-07-28,78.389496
2015-07-29,81.6515
2015-07-30,82.902
2015-07-31,68.449
2015-08-01,70.756
2015-08-02,71.849
2015-08-03,73.0225
2015-08-04,75.32
2015-08-05,67.347
2015-08-06,67.984
2015-08-07,65.552
2015-08-08,63.67
2015-08-09,60.717
2015-08-10,57.705997
2015-08-11,58.664497
2015-08-12,53.531998
2015-08-13,54.2935
2015-08-14,62.044
2015-08-15,58.722
2015-08-16,68.119
2015-08-17,91.291
2015-08-18,76.5945
2015-08-19,76.373
2015-08-20,86.5785
2015-08-21,71.85
2015-08-22,81.5125
2015-08-23,78.4685
2015-08-24,71.409
2015-08-25,75.9355
2015-08-26,67.2355
2015-08-27,84.061
2015-08-28,75.1855
2015-08-29,77.359
2015-08-30,72.464
2015-08-31,66.2335
2015-09-01,60.93
2015-09-02,70.4575
2015-09-03,79.779495
2015-09-04,69.8375
2015-09-05,89.821
2015-09-06,84.3535
2015-09-07,69.126
2015-09-08,66.9095
2015-09-09,73.653496
2015-09-10,83.7265
2015-09-11,91.2315
2015-09-12,82.2815
2015-09-13,75.5875
2015-09-14,72.126
2015-09-15,76.577995
2015-09-16,70.933
2015-09-17,67.413
2015-09-18,60.257
2015-09-19,62.826
2015-09-20,68.22
2015-09-21,63.162
2015-09-22,76.17
2015-09-23,73.593
2015-09-24,66.868
2015-09-25,85.1145
2015-09-26,77.56
2015-09-27,67.0955
2015-09-28,68.375496
2015-09-29,68.4935
2015-09-30,69.906494
2015-10-01,74.3025
2015-10-02,77.4685
2015-10-03,84.1045
2015-10-04,80.823
2015-10-05,87.9665
2015-10-06,91.1345
2015-10-07,89.656
2015-10-08,92.23294
2015-10-09,92.8475
2015-10-10,91.9055
2015-10-11,89.752
2015-10-12,75.098
2015-10-13,90.5055
2015-10-14,93.929375
2015-10-15,94.5875
2015-10-16,94.46167
2015-10-17,90.69
2015-10-18,93.422226
2015-10-19,93.13286
2015-10-20,87.6405
2015-10-21,88.758
2015-10-22,81.8505
2015-10-23,87.699
2015-10-24,86.985504
2015-10-25,91.74316
2015-10-26,88.0515
2015-10-27,85.215996
2015-10-28,93.18833
2015-10-29,89.796
2015-10-30,83.6505
2015-10-31,84.817
2015-11-01,75.639496
2015-11-02,83.559
2015-11-03,81.514496
2015-11-04,87.9635
2015-11-05,87.812
2015-11-06,85.388504
2015-11-07,84.3915
2015-11-08,82.2145
2015-11-09,87.4845
2015-11-10,80.2275
2015-11-11,80.056
2015-11-12,81.7035
2015-11-13,88.999
2015-11-14,82.243
2015-11-15,82.068
2015-11-16,79.155
2015-11-17,88.6275
2015-11-18,81.108
2015-11-19,89.3385
2015-11-20,76.4965
2015-11-21,84.7775
2015-11-22,79.557495
2015-11-23,76.7145
2015-11-24,75.2215
2015-11-25,84.689
2015-11-26,83.8555
2015-11-27,76.64
2015-11-28,80.8045
2015-11-29,78.2265
2015-11-30,71.278
2015-12-01,77.087
2015-12-02,87.609
2015-12-03,93.13941
2015-12-04,91.86
2015-12-05,94.3425
2015-12-06,94.55286
2015-12-07,94.70333
2015-12-08,94.3225
2015-12-09,92.022354
2015-12-10,77.966995
2015-12-11,88.546
2015-12-12,95.16
2015-12-13,94.935
2015-12-14,92.013885
2015-12-15,93.80556
2015-12-16,93.292725
2015-12-17,94.155
2015-12-18,92.89273
2015-12-19,92.89091
2015-12-20,
2015-12-21,94.2225
2015-12-22,
2015-12-23,93.46083
2015-12-24,93.612
2015-12-25,94.71
2015-12-26,94.7
2015-12-27,93.70333
2015-12-28,95.16
2015-12-29,93.79
2015-12-30,68.058
2015-12-31,79.9305
2016-01-01,88.8665
2016-01-02,87.987
2016-01-03,75.07
2016-01-04,84.708
2016-01-05,91.442
2016-01-06,93.83125
2016-01-07,92.666664
2016-01-08,
2016-01-09,94.7
2016-01-10,93.08
2016-01-11,85.1255
2016-01-12,85.366
2016-01-13,83.906
2016-01-14,74.614
2016-01-15,81.348495
2016-01-16,80.659996
2016-01-17,69.679
2016-01-18,68.287
2016-01-19,75.863
2016-01-20,76.277
2016-01-21,74.645996
2016-01-22,75.2975
2016-01-23,83.8245
2016-01-24,85.486
2016-01-25,91.737274
2016-01-26,86.94211
2016-01-27,93.36714
2016-01-28,81.733
2016-01-29,87.0165
2016-01-30,84.0645
2016-01-31,83.941
2016-02-01,93.26625
2016-02-02,93.498825
2016-02-03,92.29737
2016-02-04,70.3295
2016-02-05,76.03
2016-02-06,72.182495
2016-02-07,66.1295
2016-02-08,65.12
2016-02-09,66.4415
2016-02-10,86.3865
2016-02-11,71.529495
2016-02-12,87.496
2016-02-13,93.187996
2016-02-14,89.607
2016-02-15,92.759476
2016-02-16,81.078
2016-02-17,91.9875
2016-02-18,
2016-02-19,90.2955
2016-02-20,79.618996
2016-02-21,78.774
2016-02-22,72.1485
2016-02-23,76.478
2016-02-24,66.6595
2016-02-25,80.7545
2016-02-26,64.6635
2016-02-27,74.2975
2016-02-28,86.561
2016-02-29,91.1615
2016-03-01,78.5225
2016-03-02,74.03
2016-03-03,82.6895
2016-03-04,79.531
2016-03-05,67.607
2016-03-06,74.142
2016-03-07,80.1555
2016-03-08,79.144
2016-03-09,71.783
2016-03-10,76.0905
2016-03-11,80.056496
2016-03-12,76.461
2016-03-13,81.18
2016-03-14,64.993
2016-03-15,81.1515
2016-03-16,80.098495
2016-03-17,72.9225
2016-03-18,70.911
2016-03-19,67.5205
2016-03-20,70.4875
2016-03-21,71.3515
2016-03-22,71.1855
2016-03-23,77.9745
2016-03-24,64.404
2016-03-25,68.225
2016-03-26,77.354
2016-03-27,67.376
2016-03-28,71.763
2016-03-29,78.38
2016-03-30,74.043495
2016-03-31,59.880497
2016-04-01,56.559498
2016-04-02,50.443
2016-04-03,53.8775
2016-04-04,52.1965
2016-04-05,44.531498
2016-04-06,57.802
2016-04-07,61.3065
2016-04-08,77.6435
2016-04-09,73.68
2016-04-10,68.1645
2016-04-11,69.094
2016-04-12,73.2545
2016-04-13,67.2555
2016-04-14,64.7955
2016-04-15,58.593
2016-04-16,48.1385
2016-04-17,49.9995
2016-04-18,69.108
2016-04-19,53.833
2016-04-20,50.652
2016-04-21,58.136497
2016-04-22,57.6185
2016-04-23,67.2715
2016-04-24,59.427
2016-04-25,56.7035
2016-04-26,51.747498
2016-04-27,76.511
2016-04-28,78.109
2016-04-29,63.8715
2016-04-30,68.4945
2016-05-01,86.3665
2016-05-02,90.941
2016-05-03,73.027
2016-05-04,77.516495
2016-05-05,76.236496
2016-05-06,69.7445
2016-05-07,67.8435
2016-05-08,69.2435
2016-05-09,67.0775
2016-05-10,83.291
2016-05-11,87.667
2016-05-12,94.179
2016-05-13,72.8265
2016-05-14,83.7485
2016-05-15,66.9155
2016-05-16,65.4375
2016-05-17,66.182
2016-05-18,67.8455
2016-05-19,62.7895
2016-05-20,69.4245
2016-05-21,65.575
2016-05-22,62.863
2016-05-23,64.663
2016-05-24,82.001
2016-05-25,70.127
2016-05-26,73.205
2016-05-27,69.464
2016-05-28,61.614
2016-05-29,65.1925
2016-05-30,65.7475
2016-05-31,61.481
2016-06-01,75.725
2016-06-02,81.045
2016-06-03,75.7655
2016-06-04,80.551
2016-06-05,88.4645
2016-06-06,74.8975
2016-06-07,62.135998
2016-06-08,67.126
2016-06-09,75.3555
2016-06-10,81.3875
2016-06-11,80.918495
2016-06-12,85.691
2016-06-13,76.728
2016-06-14,74.895996
2016-06-15,83.038
2016-06-16,67.183495
2016-06-17,62.5375
2016-06-18,64.5795
2016-06-19,77.641
2016-06-20,87.9435
2016-06-21,76.629
2016-06-22,70.2625
2016-06-23,69.119995
2016-06-24,72.664
2016-06-25,68.743
2016-06-26,73.1045
2016-06-27,73.877
2016-06-28,61.0505
2016-06-29,63.585
2016-06-30,68.213
2016-07-01,70.527
2016-07-02,69.4265
2016-07-03,68.562
2016-07-04,63.318
2016-07-05,65.734
2016-07-06,67.4995
2016-07-07,60.1
2016-07-08,64.5785
2016-07-09,67.3955
2016-07-10,67.7545
2016-07-11,61.6745
2016-07-12,63.295
2016-07-13,74.432
2016-07-14,74.294495
2016-07-15,61.900497
2016-07-16,82.3275
2016-07-17,73.272995
2016-07-18,76.1785
2016-07-19,71.388
2016-07-20,73.1515
2016-07-21,73.465996
2016-07-22,75.5735
2016-07-23,76.7175
2016-07-24,76.683
2016-07-25,83.673
2016-07-26,85.809
2016-07-27,83.8885
2016-07-28,78.873
2016-07-29,73.44
2016-07-30,74.6225
2016-07-31,74.107
2016-08-01,76.091995
2016-08-02,66.197
2016-08-03,70.857
2016-08-04,71.085
2016-08-05,76.316
2016-08-06,70.4145
2016-08-07,63.3255
2016-08-08,68.9655
2016-08-09,71.552
2016-08-10,88.405
2016-08-11,72.399
2016-08-12,69.118996
2016-08-13,75.2845
2016-08-14,75.2985
2016-08-15,85.3265
2016-08-16,82.521996
2016-08-17,80.9075
2016-08-18,83.5535
2016-08-19,89.5695
2016-08-20,84.4465
2016-08-21,82.3235
2016-08-22,80.378
2016-08-23,67.1455
2016-08-24,75.423996
2016-08-25,76.8395
2016-08-26,74.77
2016-08-27,78.831
2016-08-28,76.106
2016-08-29,77.417496
2016-08-30,71.448
2016-08-31,70.61549
2016-09-01,74.556
2016-09-02,74.229
2016-09-03,74.8595
2016-09-04,76.104996
2016-09-05,80.805
2016-09-06,87.3235
2016-09-07,82.8925
2016-09-08,78.379
2016-09-09,76.833496
2016-09-10,76.5545
2016-09-11,75.9525
2016-09-12,81.237495
2016-09-13,82.252
2016-09-14,80.801
2016-09-15,79.9165
2016-09-16,74.4755
2016-09-17,80.7245
2016-09-18,85.614
2016-09-19,73.881996
2016-09-20,59.593998
2016-09-21,75.5655
2016-09-22,72.6485
2016-09-23,75.4195
2016-09-24,74.4955
2016-09-25,76.754
2016-09-26,73.3875
2016-09-27,73.1175
2016-09-28,73.1345
2016-09-29,74.597496
2016-09-30,79.0395
2016-10-01,73.698
2016-10-02,91.6525
2016-10-03,80.783
2016-10-04,82.7765
2016-10-05,59.0275
2016-10-06,80.457
2016-10-07,87.417
2016-10-08,79.7975
2016-10-09,78.016
2016-10-10,90.748
2016-10-11,90.0435
2016-10-12,81.43
2016-10-13,81.5945
2016-10-14,75.954
2016-10-15,89.531
2016-10-16,84.7345
2016-10-17,92.47111
2016-10-18,90.425
2016-10-19,86.307
2016-10-20,94.70333
2016-10-21,94.16625
2016-10-22,87.968
2016-10-23,90.836
2016-10-24,84.358
2016-10-25,81.903
2016-10-26,80.6735
2016-10-27,77.3275
2016-10-28,81.3365
2016-10-29,80.207
2016-10-30,66.981
2016-10-31,72.347
2016-11-01,75.878494
2016-11-02,76.820496
2016-11-03,81.050995
2016-11-04,88.103
2016-11-05,81.0865
2016-11-06,84.97
2016-11-07,85.337
2016-11-08,88.763504
2016-11-09,81.3275
2016-11-10,83.570496
2016-11-11,91.86611
2016-11-12,89.284004
2016-11-13,68.6645
2016-11-14,80.6465
2016-11-15,84.0795
2016-11-16,82.3805
2016-11-17,87.2795
2016-11-18,75.8255
2016-11-19,77.095
2016-11-20,87.057
2016-11-21,87.576996
2016-11-22,86.501
2016-11-23,86.439
2016-11-24,88.2705
2016-11-25,90.256
2016-11-26,90.991
2016-11-27,86.756
2016-11-28,62.8755
2016-11-29,67.072
2016-11-30,61.691998
2016-12-01,69.3775
2016-12-02,75.07
2016-12-03,79.108
2016-12-04,85.433
2016-12-05,86.0355
2016-12-06,92.858185
2016-12-07,88.4725
2016-12-08,92.962
2016-12-09,92.833336
2016-12-10,84.9395
2016-12-11,81.479996
2016-12-12,74.8625
2016-12-13,70.3685
2016-12-14,75.7255
2016-12-15,80.08
2016-12-16,89.5445
2016-12-17,92.5921
2016-12-18,92.539
2016-12-19,93.56
2016-12-20,93.808334
2016-12-21,92.14555
2016-12-22,89.906845
2016-12-23,92.03167
2016-12-24,94.475
2016-12-25,92.226
2016-12-26,84.0295
2016-12-27,57.4105
2016-12-28,70.9555
2016-12-29,68.1155
2016-12-30,82.849
2016-12-31,81.520996
2017-01-01,81.943
2017-01-02,92.715
2017-01-03,77.8265
2017-01-04,80.658
2017-01-05,67.4995
2017-01-06,62.098
2017-01-07,53.6005
2017-01-08,76.7495
2017-01-09,66.1585
2017-01-10,79.808
2017-01-11,74.1465
2017-01-12,70.4345
2017-01-13,86.156
2017-01-14,84.868
2017-01-15,84.036
2017-01-16,83.8125
2017-01-17,78.041
2017-01-18,76.0505
2017-01-19,78.8085
2017-01-20,85.404
2017-01-21,84.0915
2017-01-22,85.829
2017-01-23,90.85474
2017-01-24,90.0745
2017-01-25,80.238495
2017-01-26,86.0105
2017-01-27,88.9905
2017-01-28,89.031
2017-01-29,91.767365
2017-01-30,91.317
2017-01-31,89.8705
2017-02-01,
2017-02-02,93.351425
2017-02-03,77.312996
2017-02-04,87.2625
2017-02-05,92.75706
2017-02-06,92.64737
2017-02-07,79.821495
2017-02-08,80.8505
2017-02-09,86.3735
2017-02-10,76.2435
2017-02-11,79.836
2017-02-12,77.044
2017-02-13,78.7335
2017-02-14,83.046
2017-02-15,82.234
2017-02-16,
2017-02-17,
2017-02-18,86.903
2017-02-19,90.9925
2017-02-20,92.62706
2017-02-21,83.019
2017-02-22,74.667
2017-02-23,66.876
2017-02-24,67.075
2017-02-25,56.6605
2017-02-26,67.753
2017-02-27,69.506996
2017-02-28,53.542
2017-03-01,79.1245
2017-03-02,68.69
2017-03-03,64.175995
2017-03-04,53.534
2017-03-05,79.5765
2017-03-06,87.577
2017-03-07,75.8045
2017-03-08,60.11
2017-03-09,66.888
2017-03-10,76.379
2017-03-11,62.25
2017-03-12,64.343
2017-03-13,64.472
2017-03-14,63.801
2017-03-15,72.0045
2017-03-16,58.929
2017-03-17,58.859
2017-03-18,76.723
2017-03-19,75.351
2017-03-20,73.1525
2017-03-21,70.731
2017-03-22,72.0755
2017-03-23,70.801
2017-03-24,74.1285
2017-03-25,68.2055
2017-03-26,52.413
2017-03-27,55.661
2017-03-28,55.1595
2017-03-29,54.772
2017-03-30,57.748497
2017-03-31,65.906
2017-04-01,57.36
2017-04-02,62.65
2017-04-03,58.9985
2017-04-04,64.5965
2017-04-05,73.7555
2017-04-06,55.7595
2017-04-07,76.7885
2017-04-08,72.866
2017-04-09,71.252
2017-04-10,63.2655
2017-04-11,62.482
2017-04-12,57.8835
2017-04-13,61.369
2017-04-14,65.922
2017-04-15,77.262
2017-04-16,66.4775
2017-04-17,61.946
2017-04-18,66.0235
2017-04-19,82.0795
2017-04-20,76.118996
2017-04-21,55.941498
2017-04-22,61.3265
2017-04-23,59.2595
2017-04-24,59.225998
2017-04-25,57.573498
2017-04-26,58.835
2017-04-27,83.5745
2017-04-28,92.39706
2017-04-29,74.4695
2017-04-30,67.427
2017-05-01,66.979
2017-05-02,70.556496
2017-05-03,91.1395
2017-05-04,83.2075
2017-05-05,90.448
2017-05-06,70.2065
2017-05-07,82.500496
2017-05-08,65.075
2017-05-09,70.84
2017-05-10,65.104
2017-05-11,67.5685
2017-05-12,64.727
2017-05-13,78.241
2017-05-14,71.931
2017-05-15,72.465
2017-05-16,62.194
2017-05-17,63.3965
2017-05-18,62.4115
2017-05-19,60.0375
2017-05-20,61.539497
2017-05-21,71.876495
2017-05-22,65.598
2017-05-23,75.296
2017-05-24,85.6265
2017-05-25,67.4825
2017-05-26,61.8975
2017-05-27,62.9015
2017-05-28,56.1885
2017-05-29,63.385498
2017-05-30,61.484
2017-05-31,66.994995
2017-06-01,67.1385
2017-06-02,77.6035
2017-06-03,72.381
2017-06-04,74.045494
2017-06-05,70.2975
2017-06-06,76.308
2017-06-07,73.707
2017-06-08,62.975998
2017-06-09,61.359997
2017-06-10,71.665
2017-06-11,61.013
2017-06-12,66.43
2017-06-13,67.1775
2017-06-14,58.921497
2017-06-15,64.506996
2017-06-16,77.486
2017-06-17,61.8125
2017-06-18,60.1485
2017-06-19,61.2165
2017-06-20,60.328
2017-06-21,65.951
2017-06-22,66.2425
2017-06-23,66.2535
2017-06-24,64.169
2017-06-25,86.048
2017-06-26,72.22
2017-06-27,69.925
2017-06-28,75.323
2017-06-29,66.4545
2017-06-30,63.5055
2017-07-01,70.889
2017-07-02,67.9245
2017-07-03,62.947
2017-07-04,62.944
2017-07-05,59.5355
2017-07-06,63.429
2017-07-07,70.667
2017-07-08,66.175
2017-07-09,67.979996
2017-07-10,59.878
2017-07-11,64.4835
2017-07-12,76.3365
2017-07-13,63.100998
2017-07-14,71.516495
2017-07-15,69.243996
2017-07-16,59.1625
2017-07-17,58.276497
2017-07-18,59.245
2017-07-19,57.609497
2017-07-20,65.721
2017-07-21,59.736
2017-07-22,70.0805
2017-07-23,69.866
2017-07-24,84.531
2017-07-25,67.67
2017-07-26,80.570496
2017-07-27,81.9015
2017-07-28,66.4805
2017-07-29,58.8065
2017-07-30,67.752
2017-07-31,70.808495
2017-08-01,65.1485
2017-08-02,63.829
2017-08-03,61.244
2017-08-04,58.931
2017-08-05,61.8765
2017-08-06,74.828995
2017-08-07,74.2865
2017-08-08,75.731
2017-08-09,74.841
2017-08-10,67.285995
2017-08-11,66.0035
2017-08-12,57.753498
2017-08-13,62.969997
2017-08-14,64.6975
2017-08-15,64.0745
2017-08-16,60.6955
2017-08-17,63.1625
2017-08-18,60.2045
2017-08-19,66.9075
2017-08-20,67.909
2017-08-21,60.999
2017-08-22,61.1955
2017-08-23,64.6145
2017-08-24,64.881
2017-08-25,64.529
2017-08-26,64.4815
2017-08-27,69.4845
2017-08-28,75.594
2017-08-29,68.833496
2017-08-30,62.6135
2017-08-31,61.3135
2017-09-01,70.309
2017-09-02,81.8995
2017-09-03,79.7075
2017-09-04,66.037
2017-09-05,67.820496
2017-09-06,77.0255
2017-09-07,87.299
2017-09-08,82.9975
2017-09-09,79.8235
2017-09-10,73.7665
2017-09-11,85.467
2017-09-12,78.6165
2017-09-13,73.4455
2017-09-14,66.623
2017-09-15,89.5335
2017-09-16,90.36
2017-09-17,93.8
2017-09-18,87.0705
2017-09-19,94.37
2017-09-20,83.8355
2017-09-21,68.2855
2017-09-22,72.3385
2017-09-23,78.1485
2017-09-24,84.949
2017-09-25,86.1405
2017-09-26,83.948
2017-09-27,91.4495
2017-09-28,82.436
2017-09-29,79.0915
2017-09-30,77.738
2017-10-01,76.5115
2017-10-02,79.2215
2017-10-03,90.5845
2017-10-04,86.4865
2017-10-05,77.933
2017-10-06,78.0625
2017-10-07,78.2185
2017-10-08,89.0125
2017-10-09,78.091995
2017-10-10,85.2935
2017-10-11,87.429
2017-10-12,85.915
2017-10-13,84.5015
2017-10-14,83.937996
2017-10-15,87.3255
2017-10-16,86.854
2017-10-17,90.64105
2017-10-18,84.6775
2017-10-19,93.99
2017-10-20,92.24833
2017-10-21,94.028
2017-10-22,93.463
2017-10-23,89.233
2017-10-24,75.53
2017-10-25,83.279
2017-10-26,87.999
2017-10-27,89.747
2017-10-28,80.305
2017-10-29,70.058
2017-10-30,71.0215
2017-10-31,77.5175
2017-11-01,81.459
2017-11-02,86.102
2017-11-03,83.5455
2017-11-04,84.709
2017-11-05,80.662
2017-11-06,85.874
2017-11-07,80.7215
2017-11-08,92.207
2017-11-09,90.671
2017-11-10,90.519
2017-11-11,87.119
2017-11-12,90.4245
2017-11-13,77.7735
2017-11-14,68.2665
2017-11-15,83.6625
2017-11-16,92.00842
2017-11-17,87.0875
2017-11-18,88.496
2017-11-19,
2017-11-20,76.8995
2017-11-21,83.401
2017-11-22,85.032
2017-11-23,84.381
2017-11-24,
2017-11-25,88.894
2017-11-26,77.1505
2017-11-27,75.583
2017-11-28,73.3905
2017-11-29,86.9335
2017-11-30,93.091
2017-12-01,93.64625
2017-12-02,90.729
2017-12-03,75.642
2017-12-04,78.3305
2017-12-05,90.105
2017-12-06,90.3305
2017-12-07,
2017-12-08,88.566
2017-12-09,76.8885
2017-12-10,73.821495
2017-12-11,68.2565
2017-12-12,77.2765
2017-12-13,91.286
2017-12-14,91.23106
2017-12-15,92.02643
2017-12-16,88.90474
2017-12-17,87.448
2017-12-18,82.3835
2017-12-19,76.3645
2017-12-20,86.18
2017-12-21,82.658
2017-12-22,88.491
2017-12-23,79.173996
2017-12-24,85.5965
2017-12-25,89.658005
2017-12-26,75.988495
2017-12-27,73.2595
2017-12-28,80.84
2017-12-29,73.336
2017-12-30,80.3645
2017-12-31,84.2755
2018-01-01,88.191
2018-01-02,92.69294
2018-01-03,88.918
2018-01-04,85.1495
2018-01-05,87.3895
2018-01-06,79.6575
2018-01-07,91.389
2018-01-08,
2018-01-09,93.42222
2018-01-10,94.54
2018-01-11,91.74941
2018-01-12,91.57842
2018-01-13,93.06214
2018-01-14,82.79
2018-01-15,89.363
2018-01-16,89.648
2018-01-17,90.865
2018-01-18,66.973495
2018-01-19,80.917496
2018-01-20,84.9275
2018-01-21,82.945
2018-01-22,72.118
2018-01-23,87.514
2018-01-24,85.76
2018-01-25,84.328
2018-01-26,90.808945
2018-01-27,90.10579
2018-01-28,90.59789
2018-01-29,85.798
2018-01-30,84.0405
2018-01-31,87.933
2018-02-01,73.015
2018-02-02,93.86
2018-02-03,90.538
2018-02-04,85.659
2018-02-05,85.7825
2018-02-06,89.935
2018-02-07,93.928566
2018-02-08,88.336
2018-02-09,81.452995
2018-02-10,82.562
2018-02-11,81.3865
2018-02-12,91.2395
2018-02-13,91.7335
2018-02-14,86.2065
2018-02-15,74.2595
2018-02-16,76.0255
2018-02-17,92.32444
2018-02-18,87.798
2018-02-19,72.0635
2018-02-20,94.24
2018-02-21,92.96333
2018-02-22,93.73917
2018-02-23,94.229996
2018-02-24,67.924995
2018-02-25,64.8125
2018-02-26,72.0275
2018-02-27,81.6585
2018-02-28,73.1425
2018-03-01,79.6865
2018-03-02,89.5315
2018-03-03,79.4475
2018-03-04,75.2395
2018-03-05,80.191
2018-03-06,91.5265
2018-03-07,91.549
2018-03-08,83.293
2018-03-09,73.9295
2018-03-10,69.362495
2018-03-11,77.949
2018-03-12,69.384995
2018-03-13,72.1435
2018-03-14,82.2415
2018-03-15,79.0025
2018-03-16,93.64285
2018-03-17,
2018-03-18,88.4345
2018-03-19,85.388
2018-03-20,70.4415
2018-03-21,63.998
2018-03-22,62.332
2018-03-23,74.980995
2018-03-24,73.465996
2018-03-25,76.3165
2018-03-26,74.3965
2018-03-27,71.5765
2018-03-28,76.46
2018-03-29,85.7575
2018-03-30,90.278
2018-03-31,90.737
2018-04-01,66.8295
2018-04-02,53.760498
2018-04-03,52.754997
2018-04-04,54.9325
2018-04-05,69.2135
2018-04-06,63.2175
2018-04-07,83.1165
2018-04-08,74.7845
2018-04-09,67.3605
2018-04-10,73.9285
2018-04-11,60.114
2018-04-12,72.0
2018-04-13,68.9275
2018-04-14,67.045
2018-04-15,72.326
2018-04-16,76.8845
2018-04-17,70.743996
2018-04-18,67.433
2018-04-19,61.693
2018-04-20,63.401
2018-04-21,63.962498
2018-04-22,64.5825
2018-04-23,70.514496
2018-04-24,74.099
2018-04-25,69.21
2018-04-26,76.72
2018-04-27,76.7435
2018-04-28,72.682
2018-04-29,67.6625
2018-04-30,59.749
2018-05-01,58.248497
2018-05-02,74.463
2018-05-03,69.338
2018-05-04,71.93
2018-05-05,73.016495
2018-05-06,50.399498
2018-05-07,61.604
2018-05-08,64.348495
2018-05-09,73.72
2018-05-10,81.0045
2018-05-11,85.3275
2018-05-12,77.9985
2018-05-13,78.6965
2018-05-14,87.3195
2018-05-15,86.019
2018-05-16,80.016
2018-05-17,83.575
2018-05-18,77.2445
2018-05-19,78.422
2018-05-20,73.076
2018-05-21,62.3075
2018-05-22,83.5625
2018-05-23,82.81
2018-05-24,80.3225
2018-05-25,86.2035
2018-05-26,77.387
2018-05-27,74.2795
2018-05-28,77.2165
2018-05-29,68.129
2018-05-30,61.131
2018-05-31,66.903496
2018-06-01,73.3125
2018-06-02,71.5765
2018-06-03,71.182495
2018-06-04,72.896996
2018-06-05,74.432
2018-06-06,80.903496
2018-06-07,80.738
2018-06-08,81.184
2018-06-09,88.1685
2018-06-10,81.8035
2018-06-11,73.944496
2018-06-12,74.9945
2018-06-13,87.9125
2018-06-14,87.3235
2018-06-15,71.226
2018-06-16,69.967
2018-06-17,67.267
2018-06-18,62.0555
2018-06-19,54.132
2018-06-20,66.1085
2018-06-21,74.134
2018-06-22,76.214
2018-06-23,66.631
2018-06-24,76.233
2018-06-25,80.4305
2018-06-26,64.7205
2018-06-27,73.095
2018-06-28,88.426
2018-06-29,89.2925
2018-06-30,64.520996
2018-07-01,60.683
2018-07-02,70.229996
2018-07-03,70.029495
2018-07-04,81.251
2018-07-05,73.2535
2018-07-06,87.3665
2018-07-07,70.3095
2018-07-08,60.338497
2018-07-09,62.3045
2018-07-10,70.3835
2018-07-11,93.98063
2018-07-12,82.272995
2018-07-13,76.9495
2018-07-14,73.341
2018-07-15,75.542
2018-07-16,74.6095
2018-07-17,66.1355
2018-07-18,64.421
2018-07-19,62.474
2018-07-20,67.9505
2018-07-21,75.2555
2018-07-22,86.6625
2018-07-23,83.7435
2018-07-24,65.7805
2018-07-25,65.1615
2018-07-26,67.786
2018-07-27,77.479
2018-07-28,81.6885
2018-07-29,69.6365
2018-07-30,64.036
2018-07-31,69.2755
2018-08-01,78.562996
2018-08-02,87.6195
2018-08-03,82.352
2018-08-04,70.618
2018-08-05,71.6665
2018-08-06,76.6505
2018-08-07,72.582
2018-08-08,69.6355
2018-08-09,67.6985
2018-08-10,74.351
2018-08-11,81.8465
2018-08-12,67.4575
2018-08-13,72.4635
2018-08-14,82.49
2018-08-15,71.2585
2018-08-16,69.4935
2018-08-17,75.9945
2018-08-18,74.832
2018-08-19,72.7135
2018-08-20,69.487
2018-08-21,65.0395
2018-08-22,69.7425
2018-08-23,70.6335
2018-08-24,74.082
2018-08-25,77.9665
2018-08-26,85.103
2018-08-27,67.550995
2018-08-28,74.3945
2018-08-29,75.547
2018-08-30,73.447
2018-08-31,72.2935
2018-09-01,88.231
2018-09-02,93.276665
2018-09-03,91.5165
2018-09-04,
2018-09-05,84.047
2018-09-06,79.119995
2018-09-07,82.6345
2018-09-08,75.892
2018-09-09,79.279
2018-09-10,77.086
2018-09-11,74.836
2018-09-12,77.423996
2018-09-13,81.529
2018-09-14,80.376
2018-09-15,80.6375
2018-09-16,80.3645
2018-09-17,75.194
2018-09-18,74.7525
2018-09-19,80.107
2018-09-20,80.7715
2018-09-21,81.9055
2018-09-22,85.026
2018-09-23,80.5265
2018-09-24,70.3465
2018-09-25,67.9335
2018-09-26,72.477
2018-09-27,76.724495
2018-09-28,73.469
2018-09-29,60.9795
2018-09-30,71.444496
2018-10-01,77.4915
2018-10-02,75.897995
2018-10-03,75.433
2018-10-04,76.403
2018-10-05,78.056
2018-10-06,78.3245
2018-10-07,93.07
2018-10-08,88.179
2018-10-09,88.231
2018-10-10,86.8555
2018-10-11,86.3455
2018-10-12,83.37
2018-10-13,83.4225
2018-10-14,68.034
2018-10-15,72.2335
2018-10-16,85.3395
2018-10-17,82.304
2018-10-18,81.216995
2018-10-19,83.195
2018-10-20,80.813995
2018-10-21,67.119995
2018-10-22,75.305
2018-10-23,75.363495
2018-10-24,79.217995
2018-10-25,79.687996
2018-10-26,85.968
2018-10-27,85.4175
2018-10-28,86.446
2018-10-29,82.116
2018-10-30,58.281998
2018-10-31,76.93
2018-11-01,82.9855
2018-11-02,89.892
2018-11-03,94.229996
2018-11-04,94.506
2018-11-05,90.796
2018-11-06,85.2785
2018-11-07,86.8205
2018-11-08,89.9245
2018-11-09,93.64625
2018-11-10,93.472855
2018-11-11,82.469
2018-11-12,80.7755
2018-11-13,88.752
2018-11-14,83.2115
2018-11-15,87.9845
2018-11-16,84.36
2018-11-17,67.902
2018-11-18,83.0865
2018-11-19,94.224
2018-11-20,93.52545
2018-11-21,
2018-11-22,
2018-11-23,93.22125
2018-11-24,95.16
2018-11-25,
2018-11-26,
2018-11-27,87.04
2018-11-28,77.421
2018-11-29,80.184
2018-11-30,78.909
2018-12-01,83.194496
2018-12-02,88.431
2018-12-03,94.53778
2018-12-04,91.0435
2018-12-05,75.0575
2018-12-06,89.0465
2018-12-07,81.3775
2018-12-08,91.155
2018-12-09,86.9585
2018-12-10,78.1405
2018-12-11,84.9225
2018-12-12,88.407
2018-12-13,94.455
2018-12-14,94.39625
2018-12-15,93.03933
2018-12-16,84.6685
2018-12-17,87.684
2018-12-18,93.282
2018-12-19,93.53769
2018-12-20,91.936874
2018-12-21,93.54357
2018-12-22,76.0785
2018-12-23,87.037
2018-12-24,77.305
2018-12-25,78.9635
2018-12-26,77.136
2018-12-27,79.079
2018-12-28,88.9095
2018-12-29,71.685
2018-12-30,87.9785
2018-12-31,72.4935
2019-01-01,87.2595
2019-01-02,72.6415
2019-01-03,69.2745
2019-01-04,74.519
2019-01-05,93.10941
2019-01-06,74.14
2019-01-07,73.436
2019-01-08,93.06
2019-01-09,91.158424
2019-01-10,91.068
2019-01-11,72.2995
2019-01-12,80.8285
2019-01-13,67.9555
2019-01-14,68.326996
2019-01-15,60.1555
2019-01-16,68.1645
2019-01-17,74.606
2019-01-18,81.8055
2019-01-19,83.902
2019-01-20,93.01
2019-01-21,82.3145
2019-01-22,86.020996
2019-01-23,94.412
2019-01-24,86.9165
2019-01-25,71.2575
2019-01-26,71.809
2019-01-27,77.837
2019-01-28,91.4335
2019-01-29,89.69
2019-01-30,
2019-01-31,93.85333
2019-02-01,86.758
2019-02-02,75.389
2019-02-03,85.9985
2019-02-04,74.862
2019-02-05,88.7915
2019-02-06,86.408
2019-02-07,88.4875
2019-02-08,88.728
2019-02-09,94.582504
2019-02-10,82.826
2019-02-11,80.131
2019-02-12,63.07
2019-02-13,78.734
2019-02-14,76.3395
2019-02-15,81.9705
2019-02-16,82.56
2019-02-17,79.927
2019-02-18,77.65
2019-02-19,75.8845
2019-02-20,75.776
2019-02-21,76.487
2019-02-22,73.8705
2019-02-23,54.1725
2019-02-24,57.8665
2019-02-25,56.45
2019-02-26,52.23
2019-02-27,58.576
2019-02-28,53.983997
2019-03-01,58.261497
2019-03-02,79.3525
2019-03-03,76.0275
2019-03-04,58.4025
2019-03-05,70.4425
2019-03-06,64.7445
2019-03-07,50.4035
2019-03-08,70.649
2019-03-09,71.4595
2019-03-10,66.0505
2019-03-11,70.766
2019-03-12,72.01
2019-03-13,72.9535
2019-03-14,69.1755
2019-03-15,55.6385
2019-03-16,74.7025
2019-03-17,64.7665
2019-03-18,74.2745
2019-03-19,69.9665
2019-03-20,57.3555
2019-03-21,57.567
2019-03-22,59.6545
2019-03-23,67.0605
2019-03-24,63.657997
2019-03-25,71.1475
2019-03-26,56.003498
2019-03-27,61.971
2019-03-28,66.2545
2019-03-29,63.552998
2019-03-30,63.8645
2019-03-31,58.075
2019-04-01,59.487
2019-04-02,50.4325
2019-04-03,62.439
2019-04-04,63.215
2019-04-05,81.3275
2019-04-06,83.0645
2019-04-07,79.833496
2019-04-08,74.802
2019-04-09,65.345
2019-04-10,75.4695
2019-04-11,82.1245
2019-04-12,67.102
2019-04-13,79.1475
2019-04-14,89.195496
2019-04-15,67.2665
2019-04-16,60.6545
2019-04-17,57.2245
2019-04-18,68.352
2019-04-19,63.6045
2019-04-20,51.5485
2019-04-21,53.757
2019-04-22,53.554996
2019-04-23,74.909996
2019-04-24,70.836
2019-04-25,59.6585
2019-04-26,59.85
2019-04-27,69.6305
2019-04-28,58.837997
2019-04-29,72.713
2019-04-30,74.8785
2019-05-01,56.774
2019-05-02,56.792
2019-05-03,75.215996
2019-05-04,94.14375
2019-05-05,91.508
2019-05-06,77.0075
2019-05-07,62.262
2019-05-08,66.6525
2019-05-09,86.3185
2019-05-10,80.6605
2019-05-11,79.5155
2019-05-12,79.7685
2019-05-13,79.642
2019-05-14,75.241
2019-05-15,93.72
2019-05-16,91.145996
2019-05-17,86.9875
2019-05-18,80.3825
2019-05-19,83.9105
2019-05-20,80.141495
2019-05-21,76.2915
2019-05-22,81.28
2019-05-23,72.913
2019-05-24,61.495
2019-05-25,65.7695
2019-05-26,75.292496
2019-05-27,91.1835
2019-05-28,89.268
2019-05-29,92.58937
2019-05-30,89.0585
2019-05-31,75.6275
2019-06-01,69.9395
2019-06-02,84.1795
2019-06-03,78.329
2019-06-04,77.546
2019-06-05,83.223
2019-06-06,80.7475
2019-06-07,68.15
2019-06-08,62.243
2019-06-09,67.418
2019-06-10,75.149
2019-06-11,73.9355
2019-06-12,66.737
2019-06-13,69.108
2019-06-14,71.8215
2019-06-15,78.909
2019-06-16,75.0595
2019-06-17,78.7855
2019-06-18,77.2135
2019-06-19,86.3245
2019-06-20,79.2955
2019-06-21,72.722
2019-06-22,84.0255
2019-06-23,93.7025
2019-06-24,78.0505
2019-06-25,77.243996
2019-06-26,73.96
2019-06-27,72.4395
2019-06-28,50.5845
2019-06-29,62.400497
2019-06-30,67.6175
2019-07-01,63.5155
2019-07-02,66.8165
2019-07-03,66.4675
2019-07-04,65.363
2019-07-05,75.631996
2019-07-06,66.821495
2019-07-07,74.954
2019-07-08,80.469
2019-07-09,75.68
2019-07-10,59.496998
2019-07-11,61.5565
2019-07-12,77.3375
2019-07-13,82.9085
2019-07-14,66.6755
2019-07-15,64.619995
2019-07-16,61.434498
2019-07-17,64.4955
2019-07-18,75.0935
2019-07-19,70.276
2019-07-20,67.0635
2019-07-21,65.8775
2019-07-22,67.662994
2019-07-23,62.5635
2019-07-24,65.261
2019-07-25,66.5385
2019-07-26,79.868
2019-07-27,83.362
2019-07-28,89.8945
2019-07-29,84.631
2019-07-30,75.9
2019-07-31,70.4195
2019-08-01,75.2955
2019-08-02,92.1215
2019-08-03,80.6835
2019-08-04,73.193
2019-08-05,76.238
2019-08-06,77.2185
2019-08-07,71.609
2019-08-08,83.1595
2019-08-09,80.729996
2019-08-10,76.502
2019-08-11,65.849
2019-08-12,77.12
2019-08-13,69.592995
2019-08-14,78.6615
2019-08-15,70.8335
2019-08-16,77.833496
2019-08-17,76.6745
2019-08-18,72.264
2019-08-19,73.8505
2019-08-20,74.733
2019-08-21,70.855
2019-08-22,73.438
2019-08-23,75.297
2019-08-24,75.604
2019-08-25,82.454
2019-08-26,88.655
2019-08-27,82.207
2019-08-28,78.224
2019-08-29,77.1225
2019-08-30,68.7245
2019-08-31,73.9245
2019-09-01,73.072
2019-09-02,81.534996
2019-09-03,71.841
2019-09-04,71.2635
2019-09-05,73.606
2019-09-06,77.67799
2019-09-07,87.416
2019-09-08,85.6725
2019-09-09,86.324
2019-09-10,79.784996
2019-09-11,78.7565
2019-09-12,71.9685
2019-09-13,76.6445
2019-09-14,73.6515
2019-09-15,75.6815
2019-09-16,80.5375
2019-09-17,83.627
2019-09-18,58.282497
2019-09-19,67.306
2019-09-20,67.7825
2019-09-21,73.2385
2019-09-22,66.9945
2019-09-23,73.3445
2019-09-24,77.6245
2019-09-25,91.752106
2019-09-26,81.099
2019-09-27,79.8285
2019-09-28,83.4335
2019-09-29,87.9925
2019-09-30,65.018
2019-10-01,63.917
2019-10-02,86.624504
2019-10-03,72.243
2019-10-04,75.6595
2019-10-05,81.1885
2019-10-06,70.731995
2019-10-07,86.2975
2019-10-08,78.4375
2019-10-09,69.0525
2019-10-10,
2019-10-11,94.045456
2019-10-12,87.776
2019-10-13,86.656
2019-10-14,89.9155
2019-10-15,82.4965
2019-10-16,89.234
2019-10-17,90.6285
2019-10-18,85.3235
2019-10-19,78.808
2019-10-20,71.192
2019-10-21,76.4985
2019-10-22,89.6095
2019-10-23,88.849
2019-10-24,86.892
2019-10-25,83.325
2019-10-26,86.67
2019-10-27,91.1365
2019-10-28,88.089
2019-10-29,92.736664
2019-10-30,93.331
2019-10-31,90.8775
2019-11-01,81.794
2019-11-02,90.6425
2019-11-03,82.6165
2019-11-04,93.62
2019-11-05,88.7715
2019-11-06,90.5875
2019-11-07,93.18889
2019-11-08,95.16
2019-11-09,90.87947
2019-11-10,91.63789
2019-11-11,93.04143
2019-11-12,94.475
2019-11-13,93.75083
2019-11-14,90.44368
2019-11-15,93.287224
2019-11-16,94.582504
2019-11-17,89.783
2019-11-18,83.202
2019-11-19,89.6745
2019-11-20,
2019-11-21,90.05368
2019-11-22,94.935
2019-11-23,87.3405
2019-11-24,90.53421
2019-11-25,94.10834
2019-11-26,93.29417
2019-11-27,91.6695
2019-11-28,
2019-11-29,94.71
2019-11-30,71.048996
2019-12-01,82.4755
2019-12-02,89.658
2019-12-03,87.302
2019-12-04,93.975
2019-12-05,89.98
2019-12-06,
2019-12-07,
2019-12-08,
2019-12-09,
2019-12-10,77.598
2019-12-11,84.3815
2019-12-12,95.16
2019-12-13,94.465
2019-12-14,90.154
2019-12-15,91.225266
2019-12-16,82.572
2019-12-17,68.6
2019-12-18,75.548996
2019-12-19,88.499
2019-12-20,82.372
2019-12-21,87.013
2019-12-22,93.494995
2019-12-23,78.1345
2019-12-24,72.472496
2019-12-25,84.152
2019-12-26,78.4655
2019-12-27,85.5375
2019-12-28,68.653496
2019-12-29,68.734
2019-12-30,76.8365
2019-12-31,72.4635
2020-01-01,74.2155
2020-01-02,88.946
2020-01-03,93.24
2020-01-04,94.86
2020-01-05,66.4245
2020-01-06,77.6655
2020-01-07,78.834496
2020-01-08,77.6715
2020-01-09,83.494
2020-01-10,91.543686
2020-01-11,80.5515
2020-01-12,89.241
2020-01-13,
2020-01-14,
2020-01-15,
2020-01-16,
2020-01-17,
2020-01-18,
2020-01-19,
2020-01-20,93.08111
2020-01-21,92.225624
2020-01-22,93.7
2020-01-23,88.916504
2020-01-24,
2020-01-25,
2020-01-26,
2020-01-27,
2020-01-28,91.87059
2020-01-29,92.54786
2020-01-30,76.954
2020-01-31,74.995995
2020-02-01,75.8425
2020-02-02,73.6435
2020-02-03,73.787
2020-02-04,70.384
2020-02-05,65.3845
2020-02-06,61.121
2020-02-07,69.484
2020-02-08,70.029495
2020-02-09,66.2065
2020-02-10,69.004
2020-02-11,64.3475
2020-02-12,64.7825
2020-02-13,73.539
2020-02-14,71.738
2020-02-15,70.5105
2020-02-16,74.888
2020-02-17,63.3765
2020-02-18,68.820496
2020-02-19,69.9555
2020-02-20,60.420998
2020-02-21,53.293
2020-02-22,61.0005
2020-02-23,65.886
2020-02-24,59.965
2020-02-25,66.5285
2020-02-26,93.085785
2020-02-27,65.0665
2020-02-28,59.9045
2020-02-29,63.723
2020-03-01,71.055
2020-03-02,75.414
2020-03-03,80.057
2020-03-04,63.9405
2020-03-05,64.9485
2020-03-06,91.1935
2020-03-07,69.4745
2020-03-08,64.626
2020-03-09,69.578995
2020-03-10,63.8455
2020-03-11,62.2985
2020-03-12,61.6675
2020-03-13,84.192
2020-03-14,72.736
2020-03-15,49.8705
2020-03-16,64.03
2020-03-17,62.690998
2020-03-18,63.781
2020-03-19,66.3225
2020-03-20,60.7395
2020-03-21,79.4665
2020-03-22,53.359497
2020-03-23,67.43
2020-03-24,53.958
2020-03-25,86.581
2020-03-26,67.6595
2020-03-27,60.269497
2020-03-28,59.7085
2020-03-29,53.006
2020-03-30,46.567497
2020-03-31,45.3755
2020-04-01,53.699497
2020-04-02,52.208
2020-04-03,55.054
2020-04-04,47.647
2020-04-05,47.667
2020-04-06,42.788998
2020-04-07,41.066998
2020-04-08,47.044
2020-04-09,47.2295
2020-04-10,50.1555
2020-04-11,54.8135
2020-04-12,53.168
2020-04-13,53.967
2020-04-14,54.764
2020-04-15,51.3775
2020-04-16,55.325
2020-04-17,54.0215
2020-04-18,60.361
2020-04-19,76.9135
2020-04-20,53.9955
2020-04-21,42.406498
2020-04-22,45.5775
2020-04-23,52.2015
2020-04-24,55.158
2020-04-25,51.0235
2020-04-26,52.810497
2020-04-27,62.838997
2020-04-28,67.334
2020-04-29,75.909996
2020-04-30,69.241
2020-05-01,76.167
2020-05-02,68.187996
2020-05-03,64.859
2020-05-04,60.25
2020-05-05,81.611
2020-05-06,59.224
2020-05-07,47.364
2020-05-08,62.107
2020-05-09,67.768
2020-05-10,59.2735
2020-05-11,53.503998
2020-05-12,68.012
2020-05-13,76.9205
2020-05-14,65.5405
2020-05-15,71.3525
2020-05-16,61.012
2020-05-17,83.576
2020-05-18,71.9125
2020-05-19,85.524
2020-05-20,65.352
2020-05-21,54.5715
2020-05-22,53.934998
2020-05-23,75.5505
2020-05-24,59.9285
2020-05-25,80.968
2020-05-26,72.3225
2020-05-27,64.333496
2020-05-28,60.3845
2020-05-29,63.7025
2020-05-30,59.9365
2020-05-31,82.0625
2020-06-01,66.7525
2020-06-02,58.075996
2020-06-03,77.7865
2020-06-04,64.971
2020-06-05,88.090004
2020-06-06,81.9785
2020-06-07,70.553
2020-06-08,71.794
2020-06-09,76.1385
2020-06-10,90.242
2020-06-11,74.114
2020-06-12,68.451
2020-06-13,66.3825
2020-06-14,75.319
2020-06-15,85.644
2020-06-16,80.695496
2020-06-17,82.8585
2020-06-18,84.6475
2020-06-19,76.604
2020-06-20,80.673
2020-06-21,81.6475
2020-06-22,58.71
2020-06-23,55.440998
2020-06-24,59.592
2020-06-25,70.875
2020-06-26,78.474
2020-06-27,73.5245
2020-06-28,72.876
2020-06-29,86.957
2020-06-30,79.7065
2020-07-01,71.7815
2020-07-02,70.252
2020-07-03,74.843
2020-07-04,60.3345
2020-07-05,62.107
2020-07-06,63.2715
2020-07-07,64.1455
2020-07-08,63.922
2020-07-09,65.724
2020-07-10,64.068
2020-07-11,69.229996
2020-07-12,61.8885
2020-07-13,59.123497
2020-07-14,62.115997
2020-07-15,63.080997
2020-07-16,69.13
2020-07-17,75.2515
2020-07-18,75.5945
2020-07-19,79.3285
2020-07-20,73.7875
2020-07-21,72.3025
2020-07-22,78.5365
2020-07-23,74.269
2020-07-24,85.3755
2020-07-25,92.2175
2020-07-26,77.6475
2020-07-27,71.502
2020-07-28,71.613495
2020-07-29,70.2755
2020-07-30,67.6915
2020-07-31,66.9185
2020-08-01,62.114
2020-08-02,66.8075
2020-08-03,72.3835
2020-08-04,86.679504
2020-08-05,86.4105
2020-08-06,77.7865
2020-08-07,75.4385
2020-08-08,70.4855
2020-08-09,70.299995
2020-08-10,76.384
2020-08-11,82.374
2020-08-12,79.509
2020-08-13,78.5725
2020-08-14,85.0725
2020-08-15,85.0565
2020-08-16,87.908
2020-08-17,83.593
2020-08-18,91.8805
2020-08-19,81.037
2020-08-20,78.075
2020-08-21,77.131996
2020-08-22,73.636
2020-08-23,76.6465
2020-08-24,74.361
2020-08-25,69.7405
2020-08-26,76.02
2020-08-27,65.013
2020-08-28,70.779
2020-08-29,71.403
2020-08-30,72.520996
2020-08-31,78.515495
2020-09-01,79.666
2020-09-02,75.496
2020-09-03,79.46
2020-09-04,74.15
2020-09-05,79.525
2020-09-06,77.933495
2020-09-07,74.402
2020-09-08,69.3505
2020-09-09,78.109
2020-09-10,76.294
2020-09-11,77.829
2020-09-12,75.558
2020-09-13,72.8925
2020-09-14,75.9805
2020-09-15,77.803
2020-09-16,73.589
2020-09-17,69.072495
2020-09-18,67.447
2020-09-19,69.5725
2020-09-20,73.928
2020-09-21,72.984
2020-09-22,72.353
2020-09-23,79.336
2020-09-24,80.8305
2020-09-25,88.5045
2020-09-26,82.6995
2020-09-27,76.3295
2020-09-28,88.747
2020-09-29,85.4555
2020-09-30,76.064
2020-10-01,78.738
2020-10-02,84.6995
2020-10-03,77.918495
2020-10-04,77.1965
2020-10-05,80.321495
2020-10-06,74.68
2020-10-07,89.1565
2020-10-08,76.606995
2020-10-09,82.5795
2020-10-10,84.963
2020-10-11,81.859
2020-10-12,84.872
2020-10-13,87.85
2020-10-14,76.766
2020-10-15,92.93375
2020-10-16,88.156
2020-10-17,85.342
2020-10-18,85.1055
2020-10-19,85.581
2020-10-20,75.5245
2020-10-21,71.576996
2020-10-22,87.5155
2020-10-23,90.941
2020-10-24,94.02375
2020-10-25,94.05333
2020-10-26,80.294495
2020-10-27,85.8915
2020-10-28,86.967
2020-10-29,94.7
2020-10-30,93.9625
2020-10-31,86.6835
2020-11-01,89.840004
2020-11-02,89.3155
2020-11-03,89.632996
2020-11-04,83.545
2020-11-05,79.0235
2020-11-06,82.9985
2020-11-07,90.5085
2020-11-08,
2020-11-09,
2020-11-10,93.45734
2020-11-11,94.20857
2020-11-12,89.887
2020-11-13,93.88375
2020-11-14,94.22
2020-11-15,93.77125
2020-11-16,94.71
2020-11-17,88.9565
2020-11-18,90.227
2020-11-19,94.54667
2020-11-20,77.544
2020-11-21,78.223
2020-11-22,83.444496
2020-11-23,87.246
2020-11-24,87.865
2020-11-25,92.1435
2020-11-26,92.155716
2020-11-27,92.304115
2020-11-28,87.04
2020-11-29,87.0505
2020-11-30,78.563995
2020-12-01,91.79437
2020-12-02,87.067
2020-12-03,94.160835
2020-12-04,
2020-12-05,91.08632
2020-12-06,86.988
2020-12-07,90.5555
2020-12-08,93.07272
2020-12-09,90.917
2020-12-10,93.73333
2020-12-11,94.58
2020-12-12,95.16
2020-12-13,93.49941
2020-12-14,92.13812
2020-12-15,86.6125
2020-12-16,90.2965
2020-12-17,92.619995
2020-12-18,94.455
2020-12-19,
2020-12-20,
2020-12-21,
2020-12-22,
2020-12-23,88.55
2020-12-24,90.0535
2020-12-25,92.28368
2020-12-26,69.829
2020-12-27,92.1485
2020-12-28,87.641
2020-12-29,79.203995
2020-12-30,93.39125
2020-12-31,89.3435
2021-01-01,87.5405
2021-01-02,89.493
2021-01-03,91.47625
2021-01-04,
2021-01-05,91.42368
2021-01-06,93.416664
2021-01-07,
2021-01-08,94.24
2021-01-09,
2021-01-10,
2021-01-11,89.7225
2021-01-12,92.09294
2021-01-13,75.5355
2021-01-14,74.4295
2021-01-15,80.7475
2021-01-16,81.8705
2021-01-17,88.2145
2021-01-18,82.716
2021-01-19,78.6245
2021-01-20,73.581
2021-01-21,65.7415
2021-01-22,68.755
2021-01-23,86.2005
2021-01-24,84.222
2021-01-25,77.5405
2021-01-26,70.567
2021-01-27,80.184
2021-01-28,80.381996
2021-01-29,81.9805
2021-01-30,84.5655
2021-01-31,92.778336
2021-02-01,85.983
2021-02-02,93.886665
2021-02-03,85.8495
2021-02-04,72.743996
2021-02-05,82.0045
2021-02-06,
2021-02-07,95.16
2021-02-08,93.54063
2021-02-09,94.86
2021-02-10,94.35375
2021-02-11,74.338
2021-02-12,61.1025
2021-02-13,68.414
2021-02-14,65.4565
2021-02-15,58.146
2021-02-16,66.988
2021-02-17,78.181
2021-02-18,81.6515
2021-02-19,85.339
2021-02-20,91.52556
2021-02-21,92.25176
2021-02-22,79.8005
2021-02-23,87.03
2021-02-24,75.2705
2021-02-25,75.5595
2021-02-26,75.374
2021-02-27,68.202995
2021-02-28,71.267
2021-03-01,73.5185
2021-03-02,75.228
2021-03-03,63.926
2021-03-04,65.325
2021-03-05,70.115
2021-03-06,55.822998
2021-03-07,57.6145
2021-03-08,62.059498
2021-03-09,60.198498
2021-03-10,60.589
2021-03-11,62.192497
2021-03-12,78.862
2021-03-13,75.8445
2021-03-14,76.4425
2021-03-15,56.941498
2021-03-16,62.243
2021-03-17,60.970997
2021-03-18,60.0275
2021-03-19,76.0645
2021-03-20,68.3525
2021-03-21,58.1755
2021-03-22,65.542496
2021-03-23,63.8265
2021-03-24,60.6735
2021-03-25,62.7785
2021-03-26,63.21
2021-03-27,56.496998
2021-03-28,56.395
2021-03-29,60.7575
2021-03-30,58.2055
2021-03-31,65.513
2021-04-01,61.101997
2021-04-02,56.905
2021-04-03,57.3355
2021-04-04,61.493
2021-04-05,53.7705
2021-04-06,56.8515
2021-04-07,68.4815
2021-04-08,52.606
2021-04-09,49.701
2021-04-10,53.122498
2021-04-11,52.434998
2021-04-12,70.497
2021-04-13,85.649
2021-04-14,75.729
2021-04-15,60.102
2021-04-16,63.684998
2021-04-17,68.101
2021-04-18,79.099
2021-04-19,93.69937
2021-04-20,87.2525
2021-04-21,71.07
2021-04-22,74.617
2021-04-23,56.199
2021-04-24,57.4985
2021-04-25,56.7015
2021-04-26,67.877
2021-04-27,77.053
2021-04-28,79.069
2021-04-29,69.6165
2021-04-30,67.2265
2021-05-01,69.208
2021-05-02,74.124
2021-05-03,75.7075
2021-05-04,62.711998
2021-05-05,65.781
2021-05-06,80.047
2021-05-07,92.822105
2021-05-08,63.932
2021-05-09,55.8695
2021-05-10,53.373997
2021-05-11,57.580498
2021-05-12,79.468994
2021-05-13,87.263
2021-05-14,84.3435
2021-05-15,81.79
2021-05-16,74.5495
2021-05-17,88.4885
2021-05-18,66.6705
2021-05-19,92.428
2021-05-20,74.849
2021-05-21,59.303497
2021-05-22,66.172
2021-05-23,90.004
2021-05-24,92.03316
2021-05-25,81.933
2021-05-26,70.550995
2021-05-27,71.54
2021-05-28,68.5945
2021-05-29,69.902
2021-05-30,73.6705
2021-05-31,70.174995
2021-06-01,62.6085
2021-06-02,63.6255
2021-06-03,62.1815
2021-06-04,65.8695
2021-06-05,66.156
2021-06-06,82.034
2021-06-07,74.2135
2021-06-08,66.6385
2021-06-09,56.691498
2021-06-10,57.7345
2021-06-11,59.337498
2021-06-12,70.653
2021-06-13,57.2185
2021-06-14,56.881
2021-06-15,60.7755
2021-06-16,60.5215
2021-06-17,65.074
2021-06-18,67.324
2021-06-19,68.326996
2021-06-20,69.574
2021-06-21,64.8155
2021-06-22,66.0055
2021-06-23,69.1555
2021-06-24,59.185497
2021-06-25,63.59
2021-06-26,64.646996
2021-06-27,65.806
2021-06-28,62.934
2021-06-29,57.3625
2021-06-30,55.5225
2021-07-01,71.264
2021-07-02,70.451996
2021-07-03,60.324497
2021-07-04,70.854
2021-07-05,71.79
2021-07-06,66.629
2021-07-07,60.489
2021-07-08,58.342
2021-07-09,52.031
2021-07-10,48.517
2021-07-11,69.355995
2021-07-12,75.228
2021-07-13,61.087997
2021-07-14,66.759
2021-07-15,60.885998
2021-07-16,58.486
2021-07-17,86.754
2021-07-18,81.611
2021-07-19,75.646996
2021-07-20,62.018997
2021-07-21,54.0285
2021-07-22,61.0425
2021-07-23,63.7435
2021-07-24,61.5015
2021-07-25,62.2765
2021-07-26,58.4825
2021-07-27,67.1845
2021-07-28,59.303497
2021-07-29,57.819
2021-07-30,63.0225
2021-07-31,80.951
2021-08-01,85.3625
2021-08-02,72.465996
2021-08-03,75.053
2021-08-04,76.211
2021-08-05,91.9195
2021-08-06,79.8135
2021-08-07,72.744995
2021-08-08,63.6525
2021-08-09,65.7635
2021-08-10,71.750496
2021-08-11,67.1805
2021-08-12,70.4015
2021-08-13,72.144
2021-08-14,72.673
2021-08-15,72.908
2021-08-16,73.0405
2021-08-17,71.636
2021-08-18,72.296
2021-08-19,71.301
2021-08-20,65.8905
2021-08-21,67.525
2021-08-22,67.793
2021-08-23,90.895
2021-08-24,78.3745
2021-08-25,66.6835
2021-08-26,74.2745
2021-08-27,83.832
2021-08-28,85.5855
2021-08-29,79.0885
2021-08-30,75.036995
2021-08-31,78.6555
2021-09-01,59.086
2021-09-02,67.834496
2021-09-03,69.5205
2021-09-04,69.256
2021-09-05,68.294495
2021-09-06,63.434998
2021-09-07,72.247
2021-09-08,63.691498
2021-09-09,62.814
2021-09-10,65.222
2021-09-11,64.4555
2021-09-12,64.484
2021-09-13,71.858
2021-09-14,74.9605
2021-09-15,66.172
2021-09-16,67.2045
2021-09-17,76.9065
2021-09-18,73.8025
2021-09-19,71.43
2021-09-20,84.337
2021-09-21,69.098
2021-09-22,78.265495
2021-09-23,73.3375
2021-09-24,73.499
2021-09-25,78.139
2021-09-26,82.236
2021-09-27,94.15466
2021-09-28,87.57
2021-09-29,91.5915
2021-09-30,81.5265
2021-10-01,86.0615
2021-10-02,77.724495
2021-10-03,74.762
2021-10-04,73.3955
2021-10-05,73.736496
2021-10-06,86.695
2021-10-07,94.43857
2021-10-08,84.9085
2021-10-09,64.759
2021-10-10,90.839
2021-10-11,68.1465
2021-10-12,76.626
2021-10-13,76.6515
2021-10-14,75.133
2021-10-15,83.9735
2021-10-16,81.5685
2021-10-17,80.7685
2021-10-18,82.517
2021-10-19,82.426
2021-10-20,71.82
2021-10-21,66.5505
2021-10-22,93.388336
2021-10-23,71.5405
2021-10-24,78.19
2021-10-25,80.3245
2021-10-26,87.788
2021-10-27,85.637
2021-10-28,88.7035
2021-10-29,87.164
2021-10-30,91.25684
2021-10-31,86.3435
2021-11-01,79.488495
2021-11-02,91.776
2021-11-03,90.951996
2021-11-04,78.069
2021-11-05,71.458
2021-11-06,71.679
2021-11-07,85.0805
2021-11-08,92.335
2021-11-09,88.1115
2021-11-10,94.596
2021-11-11,95.16
2021-11-12,92.52737
2021-11-13,
2021-11-14,93.2875
2021-11-15,94.034546
2021-11-16,80.6845
2021-11-17,88.113
2021-11-18,81.1335
2021-11-19,84.863
2021-11-20,85.6845
2021-11-21,
2021-11-22,89.1215
2021-11-23,82.0075
2021-11-24,87.594
2021-11-25,88.159996
2021-11-26,93.694
2021-11-27,94.55333
2021-11-28,93.60307
2021-11-29,76.6305
2021-11-30,67.0815
2021-12-01,63.165497
2021-12-02,91.96737
2021-12-03,78.0715
2021-12-04,82.643
2021-12-05,93.81416
2021-12-06,87.177
2021-12-07,83.6405
2021-12-08,80.5095
2021-12-09,92.86909
2021-12-10,94.695
2021-12-11,90.0485
2021-12-12,67.473495
2021-12-13,88.575
2021-12-14,93.69692
2021-12-15,88.4165
2021-12-16,82.997
2021-12-17,72.584496
2021-12-18,72.324
2021-12-19,71.964
2021-12-20,63.5065
2021-12-21,68.0745
2021-12-22,86.111
2021-12-23,81.8295
2021-12-24,76.669
2021-12-25,88.673
2021-12-26,92.15353
2021-12-27,72.1655
2021-12-28,94.7
2021-12-29,
2021-12-30,
2021-12-31,92.73866
2022-01-01,82.5375
2022-01-02,89.17
2022-01-03,92.53167
2022-01-04,79.006
2022-01-05,80.538
2022-01-06,75.088
2022-01-07,78.84
2022-01-08,86.6465
2022-01-09,85.971504
2022-01-10,87.754
2022-01-11,73.1435
2022-01-12,76.7985
2022-01-13,81.887
2022-01-14,77.683495
2022-01-15,70.1035
2022-01-16,86.6335
2022-01-17,77.361496
2022-01-18,69.814
2022-01-19,79.697495
2022-01-20,84.374
2022-01-21,60.822998
2022-01-22,77.033
2022-01-23,84.3935
2022-01-24,68.953
2022-01-25,81.7455
2022-01-26,79.693
2022-01-27,86.3115
2022-01-28,68.216995
2022-01-29,63.190998
2022-01-30,58.32
2022-01-31,76.127
2022-02-01,72.1435
2022-02-02,67.8315
2022-02-03,61.6725
2022-02-04,67.6185
2022-02-05,73.102
2022-02-06,70.091995
2022-02-07,63.346
2022-02-08,60.2495
2022-02-09,63.251
2022-02-10,77.7445
2022-02-11,70.8055
2022-02-12,63.682
2022-02-13,70.732
2022-02-14,73.1025
2022-02-15,76.0465
2022-02-16,84.6355
2022-02-17,65.500496
2022-02-18,69.6055
2022-02-19,70.554
2022-02-20,80.484
2022-02-21,86.2495
2022-02-22,66.5635
2022-02-23,65.363
2022-02-24,64.598495
2022-02-25,62.7955
2022-02-26,61.1625
2022-02-27,67.517
2022-02-28,70.0795
2022-03-01,59.6885
2022-03-02,50.73
2022-03-03,48.695
2022-03-04,57.775
2022-03-05,68.5405
2022-03-06,55.848
2022-03-07,54.8685
2022-03-08,55.477
2022-03-09,55.975998
2022-03-10,56.2905
2022-03-11,45.6625
2022-03-12,46.310997
2022-03-13,38.587997
2022-03-14,43.769497
2022-03-15,60.166
2022-03-16,58.5865
2022-03-17,74.563995
2022-03-18,77.536995
2022-03-19,69.036995
2022-03-20,45.1055
2022-03-21,45.9185
2022-03-22,39.989
2022-03-23,38.124996
2022-03-24,37.852997
2022-03-25,40.1105
2022-03-26,45.560497
2022-03-27,59.1
2022-03-28,57.473
2022-03-29,48.5725
2022-03-30,63.8275
2022-03-31,93.049995
2022-04-01,81.511
2022-04-02,75.6755
2022-04-03,73.0885
2022-04-04,64.513
2022-04-05,63.076
2022-04-06,62.281498
2022-04-07,61.0415
2022-04-08,59.343998
2022-04-09,73.9565
2022-04-10,63.438
2022-04-11,56.603
2022-04-12,57.2325
2022-04-13,50.6665
2022-04-14,53.757
2022-04-15,75.9435
2022-04-16,63.1305
2022-04-17,49.778
2022-04-18,62.1505
2022-04-19,75.609
2022-04-20,71.320496
2022-04-21,62.8625
2022-04-22,89.64
2022-04-23,84.97
2022-04-24,63.7375
2022-04-25,71.517
2022-04-26,78.7895
2022-04-27,83.448
2022-04-28,58.971
2022-04-29,58.1125
2022-04-30,64.069496
2022-05-01,71.2605
2022-05-02,67.408
2022-05-03,70.0155
2022-05-04,65.3765
2022-05-05,69.6845
2022-05-06,78.3805
2022-05-07,80.5395
2022-05-08,76.9465
2022-05-09,79.68
2022-05-10,73.2485
2022-05-11,66.3325
2022-05-12,66.4915
2022-05-13,68.8
2022-05-14,64.989
2022-05-15,68.555
2022-05-16,68.419495
2022-05-17,77.5205
2022-05-18,60.22
2022-05-19,54.929
2022-05-20,62.237
2022-05-21,70.3665
2022-05-22,60.3285
2022-05-23,61.946
2022-05-24,74.118996
2022-05-25,81.8045
2022-05-26,72.4405
2022-05-27,67.2905
2022-05-28,82.712
2022-05-29,83.975
2022-05-30,83.1935
2022-05-31,82.145996
2022-06-01,65.1845
2022-06-02,70.9365
2022-06-03,68.53
2022-06-04,72.891
2022-06-05,76.912994
2022-06-06,73.4825
2022-06-07,75.463
2022-06-08,92.808
2022-06-09,87.274
2022-06-10,78.666
2022-06-11,62.104
2022-06-12,63.663998
2022-06-13,73.0225
2022-06-14,66.0195
2022-06-15,68.960495
2022-06-16,74.2865
2022-06-17,69.475
2022-06-18,60.8125
2022-06-19,61.479
2022-06-20,60.864
2022-06-21,66.8125
2022-06-22,66.1135
2022-06-23,77.223495
2022-06-24,71.458496
2022-06-25,67.696495
2022-06-26,71.2805
2022-06-27,68.0325
2022-06-28,64.242
2022-06-29,59.468
2022-06-30,65.797
2022-07-01,60.2795
2022-07-02,59.494
2022-07-03,64.271996
2022-07-04,62.223
2022-07-05,83.272
2022-07-06,65.898
2022-07-07,87.331
2022-07-08,71.0495
2022-07-09,57.682
2022-07-10,63.577
2022-07-11,60.228
2022-07-12,64.365
2022-07-13,57.767498
2022-07-14,63.229
2022-07-15,71.716
2022-07-16,67.8305
2022-07-17,52.1315
2022-07-18,57.8985
2022-07-19,54.789997
2022-07-20,56.111
2022-07-21,54.246998
2022-07-22,54.388
2022-07-23,61.5325
2022-07-24,62.6785
2022-07-25,59.216
2022-07-26,74.459
2022-07-27,66.408
2022-07-28,63.274498
2022-07-29,58.689
2022-07-30,80.8985
2022-07-31,59.7785
2022-08-01,61.017498
2022-08-02,63.424
2022-08-03,53.9075
2022-08-04,53.256
2022-08-05,56.1955
2022-08-06,62.5485
2022-08-07,56.630997
2022-08-08,64.194496
2022-08-09,55.009
2022-08-10,48.774
2022-08-11,53.0
2022-08-12,53.5225
2022-08-13,72.4185
2022-08-14,65.2675
2022-08-15,61.579
2022-08-16,60.8945
2022-08-17,57.301
2022-08-18,58.307
2022-08-19,71.9165
2022-08-20,82.876
2022-08-21,73.931
2022-08-22,92.3025
2022-08-23,87.3595
2022-08-24,80.819
2022-08-25,79.723495
2022-08-26,71.5485
2022-08-27,71.687
2022-08-28,79.032
2022-08-29,77.366
2022-08-30,68.1425
2022-08-31,67.292
2022-09-01,81.892
2022-09-02,67.194
2022-09-03,72.5135
2022-09-04,77.376495
2022-09-05,76.397
2022-09-06,74.312996
2022-09-07,79.78
2022-09-08,78.238
2022-09-09,83.305504
2022-09-10,78.015495
2022-09-11,79.323
2022-09-12,75.375
2022-09-13,75.2665
2022-09-14,71.89
2022-09-15,88.8715
2022-09-16,88.8405
2022-09-17,88.7845
2022-09-18,71.1075
2022-09-19,75.5525
2022-09-20,77.85
2022-09-21,71.8825
2022-09-22,75.281
2022-09-23,72.624
2022-09-24,74.421
2022-09-25,89.0025
2022-09-26,87.9455
2022-09-27,93.194115
2022-09-28,86.581
2022-09-29,90.65
2022-09-30,91.662
2022-10-01,92.1285
2022-10-02,88.256
2022-10-03,73.6015
2022-10-04,76.6605
2022-10-05,79.2755
2022-10-06,83.247
2022-10-07,86.0655
2022-10-08,89.277504
2022-10-09,76.843994
2022-10-10,77.971
2022-10-11,83.26
2022-10-12,87.166504
2022-10-13,88.1
2022-10-14,89.752
2022-10-15,87.637
2022-10-16,87.9495
2022-10-17,83.569
2022-10-18,81.1225
2022-10-19,78.0335
2022-10-20,78.234
2022-10-21,79.069
2022-10-22,87.723
2022-10-23,
2022-10-24,91.05368
2022-10-25,91.99263
2022-10-26,94.705
2022-10-27,90.332634
2022-10-28,
2022-10-29,94.06857
2022-10-30,
2022-10-31,
2022-11-01,94.50285
2022-11-02,90.3665
2022-11-03,86.5295
2022-11-04,92.579414
2022-11-05,74.3155
2022-11-06,77.555
2022-11-07,90.3395
2022-11-08,89.389496
2022-11-09,92.67934
2022-11-10,94.54667
2022-11-11,91.7735
2022-11-12,90.5855
2022-11-13,93.166664
2022-11-14,
2022-11-15,
2022-11-16,
2022-11-17,
2022-11-18,94.71
2022-11-19,88.9455
2022-11-20,94.86
2022-11-21,94.067505
2022-11-22,92.598946
2022-11-23,93.38267
2022-11-24,92.24812
2022-11-25,91.726845
2022-11-26,92.42667
2022-11-27,87.447
2022-11-28,90.901
2022-11-29,88.792
2022-11-30,93.95538
2022-12-01,93.17384
2022-12-02,94.71
2022-12-03,92.30933
2022-12-04,94.78167
2022-12-05,
2022-12-06,92.46823
2022-12-07,
2022-12-08,94.36667
2022-12-09,94.71
2022-12-10,92.136665
2022-12-11,74.3275
2022-12-12,74.75
2022-12-13,83.1865
2022-12-14,81.46
2022-12-15,93.265
2022-12-16,93.661
2022-12-17,81.85
2022-12-18,87.653496
2022-12-19,88.8005
2022-12-20,92.65118
2022-12-21,92.71
2022-12-22,
2022-12-23,91.51579
2022-12-24,91.40056
2022-12-25,93.0325
2022-12-26,89.8575
2022-12-27,76.667
2022-12-28,76.1935
2022-12-29,88.8905
2022-12-30,90.1415
2022-12-31,85.4575
2023-01-01,80.6165
2023-01-02,88.127
2023-01-03,94.318
2023-01-04,91.2725
2023-01-05,92.306
2023-01-06,89.12527
2023-01-07,
2023-01-08,82.687
2023-01-09,88.5735
2023-01-10,82.467
2023-01-11,70.0025
2023-01-12,89.38
2023-01-13,88.322
2023-01-14,87.461
2023-01-15,77.174995
2023-01-16,91.23
2023-01-17,91.488
2023-01-18,94.18786
2023-01-19,84.611
2023-01-20,72.834
2023-01-21,86.553
2023-01-22,93.9
2023-01-23,91.892
2023-01-24,91.9385
2023-01-25,90.63
2023-01-26,92.514114
2023-01-27,88.7535
2023-01-28,82.072
2023-01-29,77.904
2023-01-30,84.403496
2023-01-31,71.535
2023-02-01,78.6935
2023-02-02,79.480995
2023-02-03,80.213
2023-02-04,63.6125
2023-02-05,64.6665
2023-02-06,72.862
2023-02-07,79.1455
2023-02-08,81.1865
2023-02-09,76.4825
2023-02-10,73.4945
2023-02-11,70.8645
2023-02-12,70.2485
2023-02-13,82.2715
2023-02-14,85.286
2023-02-15,85.1775
2023-02-16,88.863
2023-02-17,72.435
2023-02-18,73.8545
2023-02-19,73.776
2023-02-20,68.673996
2023-02-21,70.433
2023-02-22,75.248
2023-02-23,81.8315
2023-02-24,70.751
2023-02-25,78.346
2023-02-26,65.446
2023-02-27,61.111
2023-02-28,67.8235
2023-03-01,85.661
2023-03-02,76.434
2023-03-03,87.5255
2023-03-04,70.5305
2023-03-05,64.7055
2023-03-06,72.6355
2023-03-07,92.5415
2023-03-08,76.381
2023-03-09,64.6735
2023-03-10,75.7735
2023-03-11,59.0365
2023-03-12,61.3115
2023-03-13,56.085
2023-03-14,58.827
2023-03-15,53.9055
2023-03-16,56.968998
2023-03-17,55.699997
2023-03-18,49.204998
2023-03-19,64.5375
2023-03-20,68.745
2023-03-21,65.901
2023-03-22,70.077995
2023-03-23,64.1855
2023-03-24,60.257
2023-03-25,82.051
2023-03-26,79.566
2023-03-27,73.072
2023-03-28,60.8915
2023-03-29,66.079
2023-03-30,68.912
2023-03-31,77.5875
2023-04-01,82.0095
2023-04-02,73.667
2023-04-03,56.382
2023-04-04,51.4295
2023-04-05,52.041
2023-04-06,52.950497
2023-04-07,61.7005
2023-04-08,90.3275
2023-04-09,83.119995
2023-04-10,73.8625
2023-04-11,67.3705
2023-04-12,57.004997
2023-04-13,86.148
2023-04-14,93.942856
2023-04-15,90.4805
2023-04-16,87.971
2023-04-17,72.3945
2023-04-18,83.812
2023-04-19,81.1055
2023-04-20,72.718
2023-04-21,69.731
2023-04-22,65.0495
2023-04-23,57.529
2023-04-24,76.016
2023-04-25,68.363
2023-04-26,64.6425
2023-04-27,59.7975
2023-04-28,57.6175
2023-04-29,81.6365
2023-04-30,70.435
2023-05-01,65.215996
2023-05-02,77.643
2023-05-03,85.763
2023-05-04,71.709
2023-05-05,73.1545
2023-05-06,76.5525
2023-05-07,77.093994
2023-05-08,69.6775
2023-05-09,62.5275
2023-05-10,66.963
2023-05-11,73.99
2023-05-12,92.255295
2023-05-13,85.429
2023-05-14,94.83572
2023-05-15,83.3
2023-05-16,93.33118
2023-05-17,85.2305
2023-05-18,80.501
2023-05-19,82.7685
2023-05-20,78.319
2023-05-21,71.4115
2023-05-22,75.333
2023-05-23,73.172
2023-05-24,71.934
2023-05-25,71.729996
2023-05-26,67.8045
2023-05-27,62.649498
2023-05-28,65.4985
2023-05-29,70.564995
2023-05-30,75.1025
2023-05-31,69.724
2023-06-01,66.0185
2023-06-02,65.912
2023-06-03,59.5135
2023-06-04,70.1505
2023-06-05,90.7395
2023-06-06,93.751335
2023-06-07,90.472
2023-06-08,82.8185
2023-06-09,82.044
2023-06-10,80.5265
2023-06-11,86.2165
2023-06-12,67.1765
2023-06-13,60.7925
2023-06-14,76.3435
2023-06-15,67.833496
2023-06-16,59.418
2023-06-17,63.2465
2023-06-18,65.961
2023-06-19,69.3275
2023-06-20,72.489
2023-06-21,75.652
2023-06-22,76.1605
2023-06-23,75.8715
2023-06-24,72.7545
2023-06-25,67.187996
2023-06-26,68.3925
2023-06-27,88.733
2023-06-28,81.019
2023-06-29,66.7285
2023-06-30,66.473495
2023-07-01,81.415
2023-07-02,66.4285
2023-07-03,81.8995
2023-07-04,86.0055
2023-07-05,77.2915
2023-07-06,69.4925
2023-07-07,59.4195
2023-07-08,66.320496
2023-07-09,69.389
2023-07-10,71.8045
2023-07-11,72.3285
2023-07-12,71.973
2023-07-13,87.7085
2023-07-14,73.8565
2023-07-15,74.1515
2023-07-16,72.958496
2023-07-17,76.3565
2023-07-18,66.507996
2023-07-19,77.545
2023-07-20,69.499
2023-07-21,84.2875
2023-07-22,77.4365
2023-07-23,81.891495
2023-07-24,74.24
2023-07-25,91.2905
2023-07-26,76.919495
2023-07-27,65.0825
2023-07-28,71.76
2023-07-29,77.1475
2023-07-30,84.78
2023-07-31,74.022995
2023-08-01,85.4755
2023-08-02,78.678
2023-08-03,78.9795
2023-08-04,91.91588
2023-08-05,93.9
2023-08-06,90.3515
2023-08-07,72.553
2023-08-08,70.750496
2023-08-09,87.6695
2023-08-10,81.0605
2023-08-11,71.7345
2023-08-12,73.3395
2023-08-13,75.910995
2023-08-14,75.905
2023-08-15,74.1515
2023-08-16,82.631
2023-08-17,81.839
2023-08-18,82.265
2023-08-19,86.4125
2023-08-20,77.84
2023-08-21,76.0815
2023-08-22,74.8565
2023-08-23,80.0805
2023-08-24,76.181496
2023-08-25,75.228
2023-08-26,73.611496
2023-08-27,68.9535
2023-08-28,75.338
2023-08-29,89.323
2023-08-30,83.035995
2023-08-31,78.8055
2023-09-01,79.4965
2023-09-02,79.7775
2023-09-03,81.113
2023-09-04,67.1545
2023-09-05,72.4045
2023-09-06,72.459
2023-09-07,71.0635
2023-09-08,70.435
2023-09-09,72.562996
2023-09-10,74.102
2023-09-11,76.6215
2023-09-12,76.2675
2023-09-13,80.041
2023-09-14,79.4905
2023-09-15,79.5405
2023-09-16,77.263
2023-09-17,77.9795
2023-09-18,75.453
2023-09-19,83.8655
2023-09-20,81.6795
2023-09-21,73.6445
2023-09-22,75.391
2023-09-23,87.9125
2023-09-24,87.1625
2023-09-25,86.0405
2023-09-26,86.7425
2023-09-27,79.979
2023-09-28,79.715996
2023-09-29,80.237
2023-09-30,82.9005
2023-10-01,77.615
2023-10-02,80.2875
2023-10-03,81.9655
2023-10-04,66.543
2023-10-05,78.7705
2023-10-06,76.487495
2023-10-07,81.153
2023-10-08,74.2895
2023-10-09,79.944496
2023-10-10,91.96222
2023-10-11,84.2485
2023-10-12,85.599
2023-10-13,85.235
2023-10-14,75.4115
2023-10-15,83.0755
2023-10-16,76.622
2023-10-17,83.7355
2023-10-18,74.79
2023-10-19,77.576
2023-10-20,66.1085
2023-10-21,86.9415
2023-10-22,82.7215
2023-10-23,88.2225
2023-10-24,80.618
2023-10-25,91.4415
2023-10-26,83.7665
2023-10-27,94.58
2023-10-28,93.321175
2023-10-29,77.686
2023-10-30,72.3965
2023-10-31,85.6635
2023-11-01,86.157
2023-11-02,72.178
2023-11-03,80.6815
2023-11-04,88.6005
2023-11-05,84.9255
2023-11-06,88.156
2023-11-07,86.8405
2023-11-08,78.8945
2023-11-09,81.7485
2023-11-10,93.59267
2023-11-11,91.913155
2023-11-12,83.1335
2023-11-13,88.915
2023-11-14,87.5655
2023-11-15,78.8995
2023-11-16,77.738
2023-11-17,72.421
2023-11-18,62.077
2023-11-19,80.164
2023-11-20,90.82421
2023-11-21,94.53333
2023-11-22,83.155
2023-11-23,84.7885
2023-11-24,87.914
2023-11-25,82.266
2023-11-26,71.038
2023-11-27,76.393
2023-11-28,92.48105
2023-11-29,79.5355
2023-11-30,92.89375
2023-12-01,
2023-12-02,91.95117
2023-12-03,71.2025
2023-12-04,79.6385
2023-12-05,89.4875
2023-12-06,
2023-12-07,87.0615
2023-12-08,92.52368
2023-12-09,94.35625
2023-12-10,
2023-12-11,94.057335
2023-12-12,
2023-12-13,
2023-12-14,87.4125
2023-12-15,78.372
2023-12-16,86.0595
2023-12-17,91.412
2023-12-18,90.984116
2023-12-19,92.970665
2023-12-20,
2023-12-21,84.1505
2023-12-22,76.1215
2023-12-23,92.075294
2023-12-24,93.858826
2023-12-25,86.4495
2023-12-26,91.91765
2023-12-27,89.6115
2023-12-28,89.14158
2023-12-29,89.5725
2023-12-30,90.5395
2023-12-31,82.172
2024-01-01,89.1035
2024-01-02,92.21158
2024-01-03,73.460495
2024-01-04,75.284
2024-01-05,84.8665
2024-01-06,91.79632
2024-01-07,84.5545
2024-01-08,69.334
2024-01-09,66.5475
2024-01-10,81.6555
2024-01-11,82.2205
2024-01-12,71.597
2024-01-13,84.519
2024-01-14,87.432
2024-01-15,88.5315
2024-01-16,93.40375
2024-01-17,93.86
2024-01-18,94.40714
2024-01-19,75.169495
2024-01-20,73.2325
2024-01-21,80.069496
2024-01-22,80.3365
2024-01-23,82.2465
2024-01-24,79.640495
2024-01-25,72.127
2024-01-26,75.7395
2024-01-27,59.288
2024-01-28,72.9895
2024-01-29,88.5165
2024-01-30,84.186
2024-01-31,86.742
2024-02-01,89.8265
2024-02-02,74.476
2024-02-03,78.184
2024-02-04,78.622
2024-02-05,75.099
2024-02-06,76.925995
2024-02-07,77.652
2024-02-08,71.0065
2024-02-09,63.8955
2024-02-10,63.378498
2024-02-11,92.647995
2024-02-12,90.186
2024-02-13,75.0395
2024-02-14,72.8235
2024-02-15,73.619995
2024-02-16,77.5055
2024-02-17,81.887
2024-02-18,78.9355
2024-02-19,89.775
2024-02-20,75.8285
2024-02-21,67.075
2024-02-22,62.792
2024-02-23,65.7215
2024-02-24,67.5925
2024-02-25,81.9055
2024-02-26,74.53
2024-02-27,86.734
2024-02-28,83.009
2024-02-29,81.9155
2024-03-01,89.5765
2024-03-02,92.291664
2024-03-03,72.8295
2024-03-04,76.1635
2024-03-05,68.6185
2024-03-06,73.7795
2024-03-07,85.736
2024-03-08,83.0545
2024-03-09,80.084496
2024-03-10,75.5385
2024-03-11,93.00833
2024-03-12,83.109
2024-03-13,66.631
2024-03-14,73.195496
2024-03-15,74.2615
2024-03-16,82.779
2024-03-17,71.297
2024-03-18,66.4695
2024-03-19,64.9025
2024-03-20,65.9985
2024-03-21,66.873
2024-03-22,67.3355
2024-03-23,69.511
2024-03-24,85.6775
2024-03-25,64.964
2024-03-26,55.754997
2024-03-27,68.571
2024-03-28,66.718
2024-03-29,70.294
2024-03-30,61.081
2024-03-31,54.063
2024-04-01,57.239998
2024-04-02,76.520996
2024-04-03,71.6555
2024-04-04,63.8635
2024-04-05,68.348495
2024-04-06,69.332
2024-04-07,76.642
2024-04-08,64.062996
2024-04-09,57.6145
2024-04-10,64.055
2024-04-11,67.682
2024-04-12,64.6805
2024-04-13,68.8015
2024-04-14,71.294
2024-04-15,63.6305
2024-04-16,86.098
2024-04-17,77.5535
2024-04-18,68.1325
2024-04-19,59.474
2024-04-20,68.261
2024-04-21,69.2475
2024-04-22,71.224495
2024-04-23,80.372
2024-04-24,89.175
2024-04-25,80.695496
2024-04-26,74.4805
2024-04-27,67.557
2024-04-28,67.3465
2024-04-29,63.948997
2024-04-30,59.099
2024-05-01,68.4705
2024-05-02,68.4915
2024-05-03,88.9405
2024-05-04,77.821
2024-05-05,73.594
2024-05-06,68.106
2024-05-07,72.0825
2024-05-08,90.401
2024-05-09,66.131996
2024-05-10,57.554996
2024-05-11,62.267498
2024-05-12,72.065
2024-05-13,60.879997
2024-05-14,69.958496
2024-05-15,66.781
2024-05-16,69.3595
2024-05-17,81.0495
2024-05-18,77.664
2024-05-19,67.2705
2024-05-20,71.182
2024-05-21,87.0645
2024-05-22,83.633
2024-05-23,78.0915
2024-05-24,77.616
2024-05-25,73.212
2024-05-26,85.7655
2024-05-27,72.7125
2024-05-28,73.5415
2024-05-29,67.114494
2024-05-30,72.454
2024-05-31,89.243004
2024-06-01,81.8725
2024-06-02,74.9825
2024-06-03,92.3121
2024-06-04,82.1625
2024-06-05,80.2465
2024-06-06,75.8545
2024-06-07,75.325
2024-06-08,76.0635
2024-06-09,76.0935
2024-06-10,86.532
2024-06-11,77.5935
2024-06-12,74.1625
2024-06-13,75.535995
2024-06-14,72.243004
2024-06-15,71.068
2024-06-16,71.062996
2024-06-17,74.288
2024-06-18,70.099
2024-06-19,64.89
2024-06-20,74.8835
2024-06-21,77.8725
2024-06-22,71.1435
2024-06-23,56.6675
2024-06-24,56.0585
2024-06-25,76.0065
2024-06-26,84.958
2024-06-27,83.678
2024-06-28,78.7355
2024-06-29,73.02
2024-06-30,67.9325
2024-07-01,76.6585
2024-07-02,62.0715
2024-07-03,69.917
2024-07-04,69.183
2024-07-05,66.29
2024-07-06,62.033497
2024-07-07,69.6435
2024-07-08,74.097496
2024-07-09,72.7475
2024-07-10,68.7345
2024-07-11,59.6905
2024-07-12,68.9575
2024-07-13,72.08
2024-07-14,69.0225
2024-07-15,64.3105
2024-07-16,61.884
2024-07-17,53.6455
2024-07-18,54.508
2024-07-19,59.0375
2024-07-20,90.2345
2024-07-21,74.919
2024-07-22,69.232
2024-07-23,62.096
2024-07-24,63.218998
2024-07-25,59.123997
2024-07-26,61.343998
2024-07-27,57.678997
2024-07-28,65.608
2024-07-29,58.736
2024-07-30,56.268997
2024-07-31,59.914497
2024-08-01,59.642498
2024-08-02,78.314995
2024-08-03,64.3425
2024-08-04,72.991
2024-08-05,84.08
2024-08-06,73.0175
2024-08-07,72.0935
2024-08-08,77.974
2024-08-09,72.5325
2024-08-10,65.113
2024-08-11,66.617
2024-08-12,67.343
2024-08-13,66.4845
2024-08-14,59.6035
2024-08-15,61.310497
2024-08-16,62.788498
2024-08-17,65.194
2024-08-18,66.996
2024-08-19,72.362
2024-08-20,71.323
2024-08-21,65.548996
2024-08-22,63.788998
2024-08-23,67.8985
2024-08-24,65.346
2024-08-25,59.085
2024-08-26,57.4925
2024-08-27,75.58
2024-08-28,75.5975
2024-08-29,73.7635
2024-08-30,63.0555
2024-08-31,64.863
2024-09-01,62.132
2024-09-02,62.992
2024-09-03,58.957
2024-09-04,60.975998
2024-09-05,50.9815
2024-09-06,56.751
2024-09-07,68.4715
2024-09-08,66.806496
2024-09-09,91.685
2024-09-10,76.3725
2024-09-11,69.8795
2024-09-12,88.7455
2024-09-13,91.129
2024-09-14,90.247
2024-09-15,85.037
2024-09-16,90.258
2024-09-17,87.97
2024-09-18,85.737
2024-09-19,70.7425
2024-09-20,81.57
2024-09-21,76.665
2024-09-22,73.307
2024-09-23,73.2765
2024-09-24,85.259
2024-09-25,82.7
2024-09-26,70.472496
2024-09-27,74.501
2024-09-28,72.4055
2024-09-29,65.13
2024-09-30,74.469
2024-10-01,79.309
2024-10-02,88.89263
2024-10-03,
2024-10-04,91.97
2024-10-05,84.8105
2024-10-06,85.019
2024-10-07,86.4645
2024-10-08,76.07
2024-10-09,83.9005
2024-10-10,69.744
2024-10-11,85.3485
2024-10-12,82.4665
2024-10-13,87.2175
2024-10-14,75.825
2024-10-15,83.3785
2024-10-16,70.995
2024-10-17,83.0025
2024-10-18,71.7515
2024-10-19,71.59
2024-10-20,83.0865
2024-10-21,87.8435
2024-10-22,88.3905
2024-10-23,89.4875
2024-10-24,82.9965
2024-10-25,90.0205
2024-10-26,93.83417
2024-10-27,87.3065
2024-10-28,88.7095
2024-10-29,90.1205
2024-10-30,89.2645
2024-10-31,90.8395
2024-11-01,92.38368
2024-11-02,86.4565
2024-11-03,82.7025
2024-11-04,83.218
2024-11-05,84.683
2024-11-06,88.0615
2024-11-07,88.524
2024-11-08,90.683
2024-11-09,
2024-11-10,
2024-11-11,93.23857
2024-11-12,91.4235
2024-11-13,88.6895
2024-11-14,86.282
2024-11-15,89.636
2024-11-16,84.983
2024-11-17,
2024-11-18,
2024-11-19,93.88875
2024-11-20,83.0275
2024-11-21,77.218
2024-11-22,85.26
2024-11-23,76.7265
2024-11-24,62.483997
2024-11-25,77.9555
2024-11-26,82.95
2024-11-27,94.46167
2024-11-28,92.39643
2024-11-29,89.232
2024-11-30,83.2595
2024-12-01,87.0635
2024-12-02,88.864
2024-12-03,93.10714
2024-12-04,90.405
2024-12-05,82.225
2024-12-06,94.24
2024-12-07,93.59067
2024-12-08,90.6545
2024-12-09,92.08722
2024-12-10,92.564705
2024-12-11,87.7855
2024-12-12,81.011
2024-12-13,89.75
2024-12-14,91.579
2024-12-15,94.14714
2024-12-16,85.39
2024-12-17,92.690765
2024-12-18,92.3047
2024-12-19,84.597496
2024-12-20,73.3675
2024-12-21,75.973
2024-12-22,79.104
2024-12-23,76.208
2024-12-24,67.6155
2024-12-25,68.961
2024-12-26,79.936
2024-12-27,83.652
2024-12-28,75.020996
2024-12-29,81.954
2024-12-30,94.71
2024-12-31,
