time,hu
1960-01-01,84.69316
1960-01-02,89.776924
1960-01-03,90.108
1960-01-04,92.424614
1960-01-05,90.272
1960-01-06,87.99737
1960-01-07,89.86059
1960-01-08,89.691055
1960-01-09,83.809
1960-01-10,80.4285
1960-01-11,77.8885
1960-01-12,86.06684
1960-01-13,85.431114
1960-01-14,85.403
1960-01-15,80.3225
1960-01-16,85.616
1960-01-17,86.388
1960-01-18,81.576996
1960-01-19,73.6195
1960-01-20,73.242
1960-01-21,83.599
1960-01-22,78.486
1960-01-23,84.3305
1960-01-24,83.4521
1960-01-25,78.964
1960-01-26,84.289474
1960-01-27,86.382774
1960-01-28,87.493
1960-01-29,81.507996
1960-01-30,79.54
1960-01-31,73.1795
1960-02-01,65.813995
1960-02-02,72.881
1960-02-03,74.305
1960-02-04,72.112495
1960-02-05,69.6435
1960-02-06,70.945496
1960-02-07,80.521996
1960-02-08,75.868996
1960-02-09,78.562996
1960-02-10,79.3075
1960-02-11,83.444
1960-02-12,71.5445
1960-02-13,73.798996
1960-02-14,83.9395
1960-02-15,81.3745
1960-02-16,88.22579
1960-02-17,86.9125
1960-02-18,88.372635
1960-02-19,89.72053
1960-02-20,92.23813
1960-02-21,88.75389
1960-02-22,73.8995
1960-02-23,80.6935
1960-02-24,83.047
1960-02-25,83.1575
1960-02-26,83.858
1960-02-27,78.2215
1960-02-28,89.295555
1960-02-29,90.36059
1960-03-01,87.01053
1960-03-02,87.51158
1960-03-03,88.3475
1960-03-04,85.84842
1960-03-05,79.53
1960-03-06,73.5195
1960-03-07,69.3675
1960-03-08,71.276
1960-03-09,66.526
1960-03-10,60.109497
1960-03-11,56.039497
1960-03-12,62.745
1960-03-13,75.365
1960-03-14,68.8855
1960-03-15,63.643497
1960-03-16,60.624
1960-03-17,75.7725
1960-03-18,87.30055
1960-03-19,88.194
1960-03-20,84.21
1960-03-21,70.643
1960-03-22,65.840996
1960-03-23,75.9775
1960-03-24,68.178
1960-03-25,63.7345
1960-03-26,58.068
1960-03-27,81.1115
1960-03-28,74.174995
1960-03-29,71.6485
1960-03-30,75.8315
1960-03-31,77.069
1960-04-01,72.8965
1960-04-02,81.213
1960-04-03,80.391495
1960-04-04,77.042
1960-04-05,68.8405
1960-04-06,71.500496
1960-04-07,67.1175
1960-04-08,79.315
1960-04-09,85.932
1960-04-10,83.285995
1960-04-11,77.626
1960-04-12,62.392498
1960-04-13,75.347496
1960-04-14,64.590996
1960-04-15,66.1805
1960-04-16,78.1885
1960-04-17,64.743
1960-04-18,54.4245
1960-04-19,46.4815
1960-04-20,64.713
1960-04-21,69.066
1960-04-22,66.9265
1960-04-23,70.566
1960-04-24,69.4345
1960-04-25,76.783
1960-04-26,69.354996
1960-04-27,61.695
1960-04-28,73.3245
1960-04-29,82.059
1960-04-30,82.566
1960-05-01,76.921
1960-05-02,76.7035
1960-05-03,64.8495
1960-05-04,57.8705
1960-05-05,57.7515
1960-05-06,70.0925
1960-05-07,67.230995
1960-05-08,82.632996
1960-05-09,77.381996
1960-05-10,70.3365
1960-05-11,67.4345
1960-05-12,58.4755
1960-05-13,56.947998
1960-05-14,66.0715
1960-05-15,55.857998
1960-05-16,44.220497
1960-05-17,58.9025
1960-05-18,70.408
1960-05-19,50.628998
1960-05-20,67.9925
1960-05-21,70.658
1960-05-22,65.6
1960-05-23,76.687996
1960-05-24,69.587
1960-05-25,70.019
1960-05-26,61.240498
1960-05-27,74.1915
1960-05-28,80.6635
1960-05-29,88.55842
1960-05-30,84.350525
1960-05-31,74.89
1960-06-01,74.9635
1960-06-02,72.456
1960-06-03,72.846
1960-06-04,74.099
1960-06-05,68.7155
1960-06-06,68.823
1960-06-07,66.344
1960-06-08,74.562
1960-06-09,68.4235
1960-06-10,64.976
1960-06-11,77.6405
1960-06-12,62.328
1960-06-13,69.673
1960-06-14,63.843
1960-06-15,74.9305
1960-06-16,77.7965
1960-06-17,69.766
1960-06-18,79.938995
1960-06-19,67.153
1960-06-20,72.35
1960-06-21,75.576996
1960-06-22,73.4575
1960-06-23,73.5605
1960-06-24,67.854
1960-06-25,67.270996
1960-06-26,74.9805
1960-06-27,84.835
1960-06-28,74.384
1960-06-29,85.6235
1960-06-30,73.831
1960-07-01,65.808
1960-07-02,72.06
1960-07-03,74.2705
1960-07-04,70.2
1960-07-05,62.987
1960-07-06,62.2925
1960-07-07,71.8545
1960-07-08,67.112
1960-07-09,73.7835
1960-07-10,78.2125
1960-07-11,70.792496
1960-07-12,63.829
1960-07-13,85.6515
1960-07-14,86.0085
1960-07-15,73.8595
1960-07-16,70.193
1960-07-17,71.892
1960-07-18,68.910995
1960-07-19,66.0055
1960-07-20,61.615997
1960-07-21,74.701996
1960-07-22,73.7215
1960-07-23,71.7685
1960-07-24,82.473
1960-07-25,89.11053
1960-07-26,81.2205
1960-07-27,78.4055
1960-07-28,69.816
1960-07-29,73.2895
1960-07-30,71.7105
1960-07-31,71.0315
1960-08-01,68.0535
1960-08-02,74.1175
1960-08-03,64.722
1960-08-04,78.9605
1960-08-05,64.7435
1960-08-06,77.230995
1960-08-07,72.0785
1960-08-08,68.4415
1960-08-09,84.2185
1960-08-10,73.865
1960-08-11,73.155
1960-08-12,53.055
1960-08-13,60.7785
1960-08-14,70.572
1960-08-15,71.8515
1960-08-16,68.614
1960-08-17,69.653
1960-08-18,63.114998
1960-08-19,70.298996
1960-08-20,66.8905
1960-08-21,75.0435
1960-08-22,74.737
1960-08-23,75.067
1960-08-24,79.0685
1960-08-25,76.892
1960-08-26,77.6165
1960-08-27,72.1035
1960-08-28,70.125496
1960-08-29,70.282
1960-08-30,69.82
1960-08-31,77.513
1960-09-01,77.0915
1960-09-02,71.589
1960-09-03,65.6015
1960-09-04,58.368
1960-09-05,76.395996
1960-09-06,81.7315
1960-09-07,77.563995
1960-09-08,72.3915
1960-09-09,80.7595
1960-09-10,81.6585
1960-09-11,85.6835
1960-09-12,81.0315
1960-09-13,73.4065
1960-09-14,73.3125
1960-09-15,66.8285
1960-09-16,64.095
1960-09-17,62.860497
1960-09-18,66.141
1960-09-19,56.529
1960-09-20,61.631
1960-09-21,62.6245
1960-09-22,81.9345
1960-09-23,80.062
1960-09-24,70.412
1960-09-25,76.39
1960-09-26,76.641
1960-09-27,72.2815
1960-09-28,87.451004
1960-09-29,76.8525
1960-09-30,84.522
1960-10-01,87.237
1960-10-02,89.17263
1960-10-03,86.7265
1960-10-04,81.877
1960-10-05,72.007996
1960-10-06,78.820496
1960-10-07,80.1465
1960-10-08,80.945
1960-10-09,79.3535
1960-10-10,73.513
1960-10-11,85.354004
1960-10-12,86.575
1960-10-13,87.296
1960-10-14,80.104004
1960-10-15,79.1355
1960-10-16,83.2405
1960-10-17,84.3395
1960-10-18,79.535995
1960-10-19,78.932495
1960-10-20,83.464
1960-10-21,83.331
1960-10-22,87.41263
1960-10-23,83.0885
1960-10-24,85.78842
1960-10-25,90.34067
1960-10-26,84.3185
1960-10-27,79.7805
1960-10-28,82.4815
1960-10-29,68.789
1960-10-30,62.369
1960-10-31,69.9635
1960-11-01,80.04
1960-11-02,84.909996
1960-11-03,90.05428
1960-11-04,81.638
1960-11-05,57.892498
1960-11-06,87.1675
1960-11-07,91.62454
1960-11-08,88.49412
1960-11-09,90.75714
1960-11-10,89.164
1960-11-11,93.51909
1960-11-12,90.51133
1960-11-13,85.0275
1960-11-14,91.78875
1960-11-15,91.80118
1960-11-16,90.92765
1960-11-17,87.846664
1960-11-18,86.616844
1960-11-19,82.2705
1960-11-20,87.060524
1960-11-21,85.441055
1960-11-22,85.2525
1960-11-23,88.0045
1960-11-24,91.94882
1960-11-25,91.93357
1960-11-26,89.625496
1960-11-27,88.18059
1960-11-28,86.6235
1960-11-29,86.3535
1960-11-30,78.711
1960-12-01,84.051575
1960-12-02,81.3485
1960-12-03,88.18579
1960-12-04,74.265
1960-12-05,72.276
1960-12-06,70.409
1960-12-07,62.600998
1960-12-08,80.410995
1960-12-09,89.67421
1960-12-10,82.53684
1960-12-11,89.90786
1960-12-12,91.44889
1960-12-13,93.89
1960-12-14,92.12462
1960-12-15,92.23222
1960-12-16,92.93667
1960-12-17,93.475
1960-12-18,89.39579
1960-12-19,85.388504
1960-12-20,87.1065
1960-12-21,74.3435
1960-12-22,90.184
1960-12-23,89.49294
1960-12-24,87.30316
1960-12-25,91.417336
1960-12-26,87.8935
1960-12-27,91.222664
1960-12-28,92.363075
1960-12-29,92.485
1960-12-30,91.82846
1960-12-31,92.15125
1961-01-01,86.536
1961-01-02,88.525
1961-01-03,72.7715
1961-01-04,74.5085
1961-01-05,85.06947
1961-01-06,82.5855
1961-01-07,84.209
1961-01-08,85.8895
1961-01-09,84.845
1961-01-10,89.02
1961-01-11,78.184
1961-01-12,87.9165
1961-01-13,75.794495
1961-01-14,81.3535
1961-01-15,89.99353
1961-01-16,89.35286
1961-01-17,75.487
1961-01-18,72.292
1961-01-19,68.65
1961-01-20,77.583496
1961-01-21,70.641
1961-01-22,75.563995
1961-01-23,79.388
1961-01-24,81.2145
1961-01-25,84.008
1961-01-26,75.982
1961-01-27,74.994995
1961-01-28,72.2425
1961-01-29,75.5545
1961-01-30,67.9565
1961-01-31,78.5195
1961-02-01,82.927
1961-02-02,87.768
1961-02-03,88.16353
1961-02-04,82.108
1961-02-05,88.005
1961-02-06,83.0795
1961-02-07,84.4735
1961-02-08,88.72947
1961-02-09,86.350525
1961-02-10,91.26
1961-02-11,85.7175
1961-02-12,86.64
1961-02-13,91.312225
1961-02-14,81.1365
1961-02-15,83.664734
1961-02-16,85.721
1961-02-17,85.09143
1961-02-18,89.377335
1961-02-19,86.35722
1961-02-20,91.07
1961-02-21,82.635
1961-02-22,82.0665
1961-02-23,83.84526
1961-02-24,84.653
1961-02-25,86.4
1961-02-26,77.509995
1961-02-27,70.783
1961-02-28,68.7405
1961-03-01,75.9955
1961-03-02,76.3555
1961-03-03,74.427
1961-03-04,78.701
1961-03-05,73.352
1961-03-06,72.3505
1961-03-07,65.2975
1961-03-08,69.317
1961-03-09,67.664
1961-03-10,65.603
1961-03-11,55.234997
1961-03-12,58.261997
1961-03-13,54.332
1961-03-14,71.6105
1961-03-15,57.365498
1961-03-16,61.285
1961-03-17,56.667
1961-03-18,51.031998
1961-03-19,58.133
1961-03-20,71.608
1961-03-21,67.856
1961-03-22,79.661995
1961-03-23,74.181
1961-03-24,68.143
1961-03-25,67.2475
1961-03-26,62.16
1961-03-27,60.7495
1961-03-28,63.845997
1961-03-29,61.7625
1961-03-30,56.330498
1961-03-31,74.552
1961-04-01,45.961
1961-04-02,68.764
1961-04-03,69.598
1961-04-04,66.42
1961-04-05,64.586
1961-04-06,57.9535
1961-04-07,57.552498
1961-04-08,53.5565
1961-04-09,50.095497
1961-04-10,54.7795
1961-04-11,56.239998
1961-04-12,64.4885
1961-04-13,53.2365
1961-04-14,53.803997
1961-04-15,40.6745
1961-04-16,52.066498
1961-04-17,68.518
1961-04-18,71.88
1961-04-19,78.9265
1961-04-20,71.5105
1961-04-21,63.665497
1961-04-22,65.0775
1961-04-23,56.023
1961-04-24,80.1515
1961-04-25,82.515
1961-04-26,77.889496
1961-04-27,76.755
1961-04-28,73.6615
1961-04-29,68.4285
1961-04-30,80.854
1961-05-01,83.4395
1961-05-02,80.7125
1961-05-03,74.292
1961-05-04,77.604996
1961-05-05,64.752495
1961-05-06,62.8875
1961-05-07,79.0755
1961-05-08,68.9765
1961-05-09,59.5775
1961-05-10,78.3885
1961-05-11,82.4765
1961-05-12,82.156
1961-05-13,68.847
1961-05-14,76.7445
1961-05-15,69.543495
1961-05-16,72.664
1961-05-17,77.071
1961-05-18,73.905
1961-05-19,70.2735
1961-05-20,74.6875
1961-05-21,81.438
1961-05-22,78.7015
1961-05-23,74.062996
1961-05-24,67.051
1961-05-25,72.3105
1961-05-26,65.119
1961-05-27,67.112495
1961-05-28,67.008
1961-05-29,74.697
1961-05-30,78.4235
1961-05-31,64.9335
1961-06-01,60.679
1961-06-02,68.544
1961-06-03,78.480995
1961-06-04,80.68
1961-06-05,78.594
1961-06-06,78.222
1961-06-07,81.639496
1961-06-08,75.8285
1961-06-09,79.3275
1961-06-10,73.251
1961-06-11,79.653496
1961-06-12,78.325
1961-06-13,70.5715
1961-06-14,69.694
1961-06-15,67.5325
1961-06-16,68.935
1961-06-17,65.2385
1961-06-18,65.4845
1961-06-19,65.2395
1961-06-20,61.01
1961-06-21,62.449997
1961-06-22,64.5445
1961-06-23,73.932495
1961-06-24,62.6455
1961-06-25,59.292
1961-06-26,58.234
1961-06-27,56.3275
1961-06-28,74.6325
1961-06-29,63.276997
1961-06-30,61.064
1961-07-01,63.008
1961-07-02,57.495
1961-07-03,56.6055
1961-07-04,56.6515
1961-07-05,58.613
1961-07-06,50.420498
1961-07-07,59.511
1961-07-08,57.961998
1961-07-09,68.011
1961-07-10,68.478
1961-07-11,61.9335
1961-07-12,64.065
1961-07-13,58.7245
1961-07-14,61.3915
1961-07-15,61.613
1961-07-16,52.5655
1961-07-17,67.265
1961-07-18,65.056
1961-07-19,68.3805
1961-07-20,75.2705
1961-07-21,69.9965
1961-07-22,65.465
1961-07-23,70.024
1961-07-24,69.901
1961-07-25,66.461
1961-07-26,63.997498
1961-07-27,50.39
1961-07-28,53.843998
1961-07-29,76.806
1961-07-30,84.8735
1961-07-31,74.454
1961-08-01,60.7915
1961-08-02,64.6335
1961-08-03,60.3885
1961-08-04,62.5925
1961-08-05,62.255497
1961-08-06,63.19
1961-08-07,47.164497
1961-08-08,63.1965
1961-08-09,60.7295
1961-08-10,60.566998
1961-08-11,50.564
1961-08-12,75.238495
1961-08-13,80.1995
1961-08-14,69.558
1961-08-15,63.0585
1961-08-16,73.956
1961-08-17,70.756
1961-08-18,71.9695
1961-08-19,62.1665
1961-08-20,65.951
1961-08-21,61.8665
1961-08-22,52.024
1961-08-23,71.0085
1961-08-24,68.006
1961-08-25,64.160995
1961-08-26,65.8695
1961-08-27,67.8585
1961-08-28,67.129
1961-08-29,62.221497
1961-08-30,62.4215
1961-08-31,65.9505
1961-09-01,64.4055
1961-09-02,61.3425
1961-09-03,45.024998
1961-09-04,52.1265
1961-09-05,58.238
1961-09-06,48.135998
1961-09-07,54.818
1961-09-08,31.949497
1961-09-09,66.4645
1961-09-10,71.2025
1961-09-11,68.9225
1961-09-12,59.061
1961-09-13,68.1725
1961-09-14,50.273
1961-09-15,54.0645
1961-09-16,58.0135
1961-09-17,64.852
1961-09-18,56.045498
1961-09-19,58.4995
1961-09-20,57.087997
1961-09-21,56.128
1961-09-22,52.2485
1961-09-23,52.4115
1961-09-24,56.526
1961-09-25,53.954998
1961-09-26,63.6145
1961-09-27,70.806
1961-09-28,70.815
1961-09-29,73.035995
1961-09-30,70.295
1961-10-01,63.810497
1961-10-02,71.378
1961-10-03,70.209496
1961-10-04,62.686
1961-10-05,62.645
1961-10-06,57.837997
1961-10-07,46.495
1961-10-08,55.4365
1961-10-09,77.4685
1961-10-10,79.709
1961-10-11,71.103
1961-10-12,69.518
1961-10-13,70.4005
1961-10-14,73.681
1961-10-15,80.373
1961-10-16,77.6515
1961-10-17,66.0225
1961-10-18,41.677
1961-10-19,41.1145
1961-10-20,69.225
1961-10-21,74.6085
1961-10-22,81.81
1961-10-23,79.196
1961-10-24,69.9115
1961-10-25,72.4945
1961-10-26,68.516
1961-10-27,60.558
1961-10-28,65.215
1961-10-29,76.333496
1961-10-30,82.4195
1961-10-31,83.904
1961-11-01,77.8405
1961-11-02,78.2315
1961-11-03,72.207
1961-11-04,79.506996
1961-11-05,90.57333
1961-11-06,92.58
1961-11-07,87.3855
1961-11-08,89.9
1961-11-09,83.3895
1961-11-10,72.486
1961-11-11,87.4945
1961-11-12,90.58539
1961-11-13,87.8295
1961-11-14,88.59947
1961-11-15,88.66333
1961-11-16,88.395
1961-11-17,85.25737
1961-11-18,80.7345
1961-11-19,74.2835
1961-11-20,78.739
1961-11-21,85.5545
1961-11-22,82.145996
1961-11-23,81.187775
1961-11-24,77.61
1961-11-25,88.992
1961-11-26,88.33692
1961-11-27,80.0645
1961-11-28,90.70353
1961-11-29,89.815
1961-11-30,79.0135
1961-12-01,75.798
1961-12-02,69.332
1961-12-03,77.9545
1961-12-04,77.179
1961-12-05,76.8925
1961-12-06,90.737335
1961-12-07,91.264
1961-12-08,88.931335
1961-12-09,87.281
1961-12-10,81.882996
1961-12-11,86.86
1961-12-12,88.28764
1961-12-13,80.602
1961-12-14,69.7005
1961-12-15,76.6
1961-12-16,78.946
1961-12-17,83.7205
1961-12-18,84.223
1961-12-19,83.5035
1961-12-20,89.24333
1961-12-21,81.624
1961-12-22,77.4915
1961-12-23,78.6795
1961-12-24,88.028336
1961-12-25,83.1015
1961-12-26,85.545
1961-12-27,89.42105
1961-12-28,89.231
1961-12-29,91.225
1961-12-30,89.86357
1961-12-31,88.98353
1962-01-01,89.53231
1962-01-02,88.83789
1962-01-03,90.6647
1962-01-04,88.445885
1962-01-05,90.711426
1962-01-06,88.95125
1962-01-07,91.11313
1962-01-08,87.75
1962-01-09,90.014
1962-01-10,88.34737
1962-01-11,80.969
1962-01-12,86.685
1962-01-13,88.10445
1962-01-14,87.024734
1962-01-15,88.4885
1962-01-16,89.51369
1962-01-17,89.07842
1962-01-18,92.38857
1962-01-19,92.45125
1962-01-20,88.045265
1962-01-21,89.942635
1962-01-22,84.31263
1962-01-23,87.51706
1962-01-24,82.695496
1962-01-25,85.9155
1962-01-26,89.175
1962-01-27,88.64941
1962-01-28,84.801575
1962-01-29,87.511055
1962-01-30,89.01
1962-01-31,87.09842
1962-02-01,88.189445
1962-02-02,90.81526
1962-02-03,91.11266
1962-02-04,87.1155
1962-02-05,85.0355
1962-02-06,79.675
1962-02-07,76.6955
1962-02-08,80.9335
1962-02-09,86.31737
1962-02-10,86.259476
1962-02-11,82.694
1962-02-12,78.632996
1962-02-13,82.677
1962-02-14,86.348
1962-02-15,80.227
1962-02-16,74.277
1962-02-17,76.351
1962-02-18,73.6775
1962-02-19,85.5585
1962-02-20,79.459496
1962-02-21,73.4715
1962-02-22,79.7315
1962-02-23,81.539
1962-02-24,85.1315
1962-02-25,80.917
1962-02-26,80.529495
1962-02-27,81.235
1962-02-28,84.665
1962-03-01,87.8821
1962-03-02,88.14842
1962-03-03,78.082
1962-03-04,76.85368
1962-03-05,73.5525
1962-03-06,80.137
1962-03-07,89.335266
1962-03-08,80.5865
1962-03-09,79.3865
1962-03-10,71.7325
1962-03-11,87.822
1962-03-12,90.96333
1962-03-13,77.2545
1962-03-14,80.710495
1962-03-15,91.113846
1962-03-16,89.902
1962-03-17,84.002106
1962-03-18,80.882996
1962-03-19,79.803
1962-03-20,79.2465
1962-03-21,85.678
1962-03-22,91.91461
1962-03-23,89.80842
1962-03-24,88.68222
1962-03-25,90.310585
1962-03-26,85.74
1962-03-27,79.684
1962-03-28,87.72056
1962-03-29,72.715
1962-03-30,69.415
1962-03-31,83.009
1962-04-01,77.527
1962-04-02,64.9655
1962-04-03,59.4795
1962-04-04,53.6825
1962-04-05,70.073
1962-04-06,84.61
1962-04-07,69.584
1962-04-08,66.754
1962-04-09,64.186
1962-04-10,71.5995
1962-04-11,83.8165
1962-04-12,83.1555
1962-04-13,83.95
1962-04-14,84.8025
1962-04-15,76.639
1962-04-16,69.046
1962-04-17,64.585
1962-04-18,60.668
1962-04-19,56.6175
1962-04-20,52.284
1962-04-21,51.169
1962-04-22,45.3565
1962-04-23,47.9315
1962-04-24,52.858498
1962-04-25,63.178997
1962-04-26,52.912
1962-04-27,71.509
1962-04-28,71.8585
1962-04-29,77.082
1962-04-30,75.541
1962-05-01,63.627
1962-05-02,69.9665
1962-05-03,64.7135
1962-05-04,67.783
1962-05-05,66.435
1962-05-06,70.097
1962-05-07,67.7725
1962-05-08,64.4655
1962-05-09,59.2635
1962-05-10,73.3545
1962-05-11,76.292
1962-05-12,61.854
1962-05-13,64.6065
1962-05-14,54.927998
1962-05-15,72.333496
1962-05-16,62.3595
1962-05-17,52.842
1962-05-18,70.747
1962-05-19,49.0305
1962-05-20,70.701
1962-05-21,87.7615
1962-05-22,62.581997
1962-05-23,54.868
1962-05-24,69.557495
1962-05-25,76.692
1962-05-26,70.8
1962-05-27,73.6265
1962-05-28,70.159996
1962-05-29,69.033
1962-05-30,77.6485
1962-05-31,57.9025
1962-06-01,70.423996
1962-06-02,79.425
1962-06-03,77.7445
1962-06-04,76.486
1962-06-05,72.251
1962-06-06,78.0655
1962-06-07,77.0325
1962-06-08,64.9095
1962-06-09,61.031
1962-06-10,73.754
1962-06-11,73.704994
1962-06-12,68.677
1962-06-13,66.9785
1962-06-14,61.5305
1962-06-15,63.753
1962-06-16,58.7505
1962-06-17,69.439995
1962-06-18,71.3155
1962-06-19,68.3095
1962-06-20,71.534
1962-06-21,63.559
1962-06-22,69.3545
1962-06-23,59.074997
1962-06-24,61.533
1962-06-25,56.91
1962-06-26,57.206
1962-06-27,56.0505
1962-06-28,56.6115
1962-06-29,44.088997
1962-06-30,59.385498
1962-07-01,69.0305
1962-07-02,71.498
1962-07-03,77.6905
1962-07-04,72.574
1962-07-05,69.965
1962-07-06,75.996
1962-07-07,65.5625
1962-07-08,70.744995
1962-07-09,62.711998
1962-07-10,61.255997
1962-07-11,58.7595
1962-07-12,63.846
1962-07-13,62.595497
1962-07-14,67.7155
1962-07-15,62.8295
1962-07-16,75.888504
1962-07-17,76.919
1962-07-18,90.203156
1962-07-19,85.021
1962-07-20,72.972496
1962-07-21,63.1615
1962-07-22,67.2065
1962-07-23,76.7445
1962-07-24,65.6075
1962-07-25,64.601
1962-07-26,61.247498
1962-07-27,57.059
1962-07-28,59.776497
1962-07-29,64.137
1962-07-30,70.598495
1962-07-31,81.1705
1962-08-01,71.9155
1962-08-02,66.965
1962-08-03,72.282
1962-08-04,67.439
1962-08-05,64.8235
1962-08-06,67.500496
1962-08-07,56.73
1962-08-08,63.585
1962-08-09,65.221
1962-08-10,68.622
1962-08-11,67.053
1962-08-12,72.014
1962-08-13,60.952
1962-08-14,60.135498
1962-08-15,63.823498
1962-08-16,76.14
1962-08-17,70.036
1962-08-18,67.715996
1962-08-19,56.259
1962-08-20,66.336
1962-08-21,75.168
1962-08-22,73.139496
1962-08-23,66.4015
1962-08-24,47.912
1962-08-25,67.9845
1962-08-26,57.51
1962-08-27,63.2905
1962-08-28,54.162
1962-08-29,52.4545
1962-08-30,61.834
1962-08-31,56.914497
1962-09-01,64.0065
1962-09-02,65.0485
1962-09-03,58.2935
1962-09-04,50.2165
1962-09-05,50.2805
1962-09-06,62.885
1962-09-07,61.603
1962-09-08,63.943
1962-09-09,67.85
1962-09-10,61.127
1962-09-11,50.913
1962-09-12,49.9575
1962-09-13,47.192997
1962-09-14,63.387
1962-09-15,59.822998
1962-09-16,48.5635
1962-09-17,55.18
1962-09-18,78.785995
1962-09-19,70.017
1962-09-20,74.2165
1962-09-21,71.1855
1962-09-22,77.6785
1962-09-23,73.361
1962-09-24,84.691
1962-09-25,72.673996
1962-09-26,65.124
1962-09-27,76.6225
1962-09-28,82.38
1962-09-29,81.253
1962-09-30,80.868996
1962-10-01,79.516495
1962-10-02,73.115
1962-10-03,72.1175
1962-10-04,75.347496
1962-10-05,66.005
1962-10-06,70.807
1962-10-07,57.607998
1962-10-08,64.67
1962-10-09,56.363
1962-10-10,67.159
1962-10-11,71.451996
1962-10-12,64.270996
1962-10-13,68.3005
1962-10-14,70.4905
1962-10-15,66.5675
1962-10-16,76.152
1962-10-17,73.3625
1962-10-18,72.5525
1962-10-19,70.162
1962-10-20,62.149
1962-10-21,65.020996
1962-10-22,70.11
1962-10-23,68.2735
1962-10-24,65.8805
1962-10-25,70.945
1962-10-26,70.693
1962-10-27,58.6695
1962-10-28,64.8855
1962-10-29,81.269
1962-10-30,80.498
1962-10-31,81.115
1962-11-01,81.36
1962-11-02,87.54053
1962-11-03,91.48273
1962-11-04,90.416664
1962-11-05,76.934
1962-11-06,70.1235
1962-11-07,76.778496
1962-11-08,69.806
1962-11-09,71.1515
1962-11-10,85.5025
1962-11-11,88.77
1962-11-12,90.699
1962-11-13,88.679375
1962-11-14,89.112
1962-11-15,86.311
1962-11-16,85.951
1962-11-17,79.271996
1962-11-18,82.0885
1962-11-19,76.22
1962-11-20,80.084496
1962-11-21,89.97235
1962-11-22,81.7275
1962-11-23,89.62875
1962-11-24,91.258
1962-11-25,91.78445
1962-11-26,92.854546
1962-11-27,91.218575
1962-11-28,90.34611
1962-11-29,88.0375
1962-11-30,86.81
1962-12-01,80.9145
1962-12-02,83.135
1962-12-03,88.7825
1962-12-04,84.08947
1962-12-05,82.62315
1962-12-06,86.00312
1962-12-07,88.67667
1962-12-08,91.83466
1962-12-09,86.0515
1962-12-10,79.6045
1962-12-11,86.46778
1962-12-12,68.8515
1962-12-13,63.029
1962-12-14,85.9615
1962-12-15,79.383995
1962-12-16,82.6995
1962-12-17,79.9965
1962-12-18,83.909
1962-12-19,89.32263
1962-12-20,87.81421
1962-12-21,86.265
1962-12-22,79.5635
1962-12-23,79.5
1962-12-24,76.779495
1962-12-25,79.8915
1962-12-26,83.812996
1962-12-27,84.3895
1962-12-28,79.638
1962-12-29,75.583
1962-12-30,90.99263
1962-12-31,87.2885
1963-01-01,84.5485
1963-01-02,83.427
1963-01-03,82.291
1963-01-04,89.56167
1963-01-05,83.537
1963-01-06,83.6785
1963-01-07,90.5055
1963-01-08,90.76474
1963-01-09,81.545
1963-01-10,85.344
1963-01-11,82.616
1963-01-12,84.176
1963-01-13,81.87
1963-01-14,74.582
1963-01-15,72.611
1963-01-16,69.611
1963-01-17,72.6775
1963-01-18,79.125
1963-01-19,76.094
1963-01-20,80.6275
1963-01-21,75.542496
1963-01-22,73.9675
1963-01-23,80.18
1963-01-24,82.624
1963-01-25,83.859
1963-01-26,83.005
1963-01-27,82.0455
1963-01-28,83.4775
1963-01-29,81.772
1963-01-30,81.0895
1963-01-31,82.029495
1963-02-01,82.289
1963-02-02,82.15
1963-02-03,86.219
1963-02-04,73.483
1963-02-05,87.534
1963-02-06,82.9605
1963-02-07,88.13
1963-02-08,89.43222
1963-02-09,89.561874
1963-02-10,86.5315
1963-02-11,87.38684
1963-02-12,86.295
1963-02-13,90.511246
1963-02-14,87.9555
1963-02-15,86.3485
1963-02-16,79.1755
1963-02-17,86.48526
1963-02-18,90.32533
1963-02-19,85.6505
1963-02-20,89.02737
1963-02-21,81.653496
1963-02-22,80.216
1963-02-23,82.7855
1963-02-24,71.548
1963-02-25,71.7835
1963-02-26,78.6375
1963-02-27,70.353
1963-02-28,65.3655
1963-03-01,77.559
1963-03-02,73.259
1963-03-03,72.319
1963-03-04,86.5605
1963-03-05,85.409996
1963-03-06,76.5215
1963-03-07,67.5135
1963-03-08,62.784996
1963-03-09,78.0175
1963-03-10,84.5725
1963-03-11,87.086
1963-03-12,83.417496
1963-03-13,76.828995
1963-03-14,70.174995
1963-03-15,64.389
1963-03-16,57.42
1963-03-17,62.0535
1963-03-18,72.599495
1963-03-19,82.833
1963-03-20,86.1605
1963-03-21,87.537895
1963-03-22,86.89611
1963-03-23,86.13
1963-03-24,71.8015
1963-03-25,71.5195
1963-03-26,48.092
1963-03-27,70.51
1963-03-28,83.822
1963-03-29,85.792496
1963-03-30,77.39263
1963-03-31,87.351
1963-04-01,83.658
1963-04-02,85.292
1963-04-03,73.208
1963-04-04,65.768
1963-04-05,66.114
1963-04-06,57.400997
1963-04-07,53.420498
1963-04-08,66.9175
1963-04-09,69.693
1963-04-10,67.5955
1963-04-11,56.07
1963-04-12,83.809
1963-04-13,65.9325
1963-04-14,73.8875
1963-04-15,80.975
1963-04-16,62.609997
1963-04-17,56.446
1963-04-18,49.885
1963-04-19,54.454
1963-04-20,60.0975
1963-04-21,51.034
1963-04-22,54.629997
1963-04-23,64.9825
1963-04-24,58.3885
1963-04-25,71.936
1963-04-26,74.153496
1963-04-27,75.398
1963-04-28,80.2695
1963-04-29,69.159
1963-04-30,61.795498
1963-05-01,60.033
1963-05-02,51.822
1963-05-03,57.0065
1963-05-04,60.2125
1963-05-05,75.3405
1963-05-06,76.3045
1963-05-07,79.272
1963-05-08,71.371
1963-05-09,64.6765
1963-05-10,56.661
1963-05-11,50.221996
1963-05-12,52.19
1963-05-13,57.753498
1963-05-14,45.0775
1963-05-15,52.91
1963-05-16,39.110996
1963-05-17,56.4465
1963-05-18,76.2765
1963-05-19,72.128
1963-05-20,83.262
1963-05-21,86.4415
1963-05-22,87.521
1963-05-23,82.549
1963-05-24,78.969
1963-05-25,57.2395
1963-05-26,61.777
1963-05-27,67.597
1963-05-28,68.7445
1963-05-29,70.3555
1963-05-30,63.625
1963-05-31,64.3465
1963-06-01,67.823
1963-06-02,71.3185
1963-06-03,66.8905
1963-06-04,60.6985
1963-06-05,53.203
1963-06-06,53.694
1963-06-07,67.9385
1963-06-08,60.492
1963-06-09,75.579
1963-06-10,72.633995
1963-06-11,70.636
1963-06-12,72.8885
1963-06-13,57.379997
1963-06-14,56.191498
1963-06-15,67.908
1963-06-16,78.531
1963-06-17,68.2035
1963-06-18,64.121
1963-06-19,67.787994
1963-06-20,75.368996
1963-06-21,80.197
1963-06-22,62.457497
1963-06-23,70.618
1963-06-24,69.27
1963-06-25,75.0925
1963-06-26,64.627495
1963-06-27,63.653
1963-06-28,52.670998
1963-06-29,57.4245
1963-06-30,66.585495
1963-07-01,67.618
1963-07-02,55.937
1963-07-03,62.124
1963-07-04,52.0985
1963-07-05,56.1545
1963-07-06,45.8495
1963-07-07,52.9595
1963-07-08,65.631996
1963-07-09,70.812
1963-07-10,61.7395
1963-07-11,63.116497
1963-07-12,80.198
1963-07-13,76.778
1963-07-14,69.0115
1963-07-15,69.868996
1963-07-16,63.094498
1963-07-17,61.281
1963-07-18,60.0095
1963-07-19,60.809998
1963-07-20,56.8845
1963-07-21,62.099
1963-07-22,54.614998
1963-07-23,56.781498
1963-07-24,47.3815
1963-07-25,50.267
1963-07-26,52.529
1963-07-27,71.076996
1963-07-28,68.3165
1963-07-29,85.4585
1963-07-30,80.4515
1963-07-31,69.8425
1963-08-01,66.6785
1963-08-02,66.591995
1963-08-03,62.5055
1963-08-04,56.531
1963-08-05,63.3875
1963-08-06,56.8635
1963-08-07,36.075996
1963-08-08,60.4645
1963-08-09,73.278
1963-08-10,84.5635
1963-08-11,57.723
1963-08-12,62.226997
1963-08-13,70.4005
1963-08-14,73.133995
1963-08-15,76.686
1963-08-16,76.706
1963-08-17,63.4305
1963-08-18,58.1395
1963-08-19,61.061
1963-08-20,48.6885
1963-08-21,62.725998
1963-08-22,83.584496
1963-08-23,65.5315
1963-08-24,70.837
1963-08-25,59.405
1963-08-26,67.2895
1963-08-27,52.3055
1963-08-28,56.0445
1963-08-29,61.086998
1963-08-30,70.571
1963-08-31,74.403496
1963-09-01,73.6885
1963-09-02,67.2535
1963-09-03,67.958496
1963-09-04,78.458
1963-09-05,61.742
1963-09-06,75.094
1963-09-07,87.734
1963-09-08,84.2445
1963-09-09,82.399
1963-09-10,82.966
1963-09-11,85.0235
1963-09-12,80.324
1963-09-13,78.8385
1963-09-14,75.758
1963-09-15,77.284996
1963-09-16,73.576
1963-09-17,66.613
1963-09-18,67.43
1963-09-19,66.5935
1963-09-20,67.766495
1963-09-21,64.7135
1963-09-22,58.2515
1963-09-23,59.6075
1963-09-24,60.589
1963-09-25,62.253998
1963-09-26,89.66333
1963-09-27,79.9355
1963-09-28,62.443
1963-09-29,72.3645
1963-09-30,74.2275
1963-10-01,74.0675
1963-10-02,66.4375
1963-10-03,75.0225
1963-10-04,82.1815
1963-10-05,88.004
1963-10-06,62.808
1963-10-07,65.522995
1963-10-08,83.9095
1963-10-09,81.506996
1963-10-10,85.1595
1963-10-11,77.101
1963-10-12,74.9085
1963-10-13,76.525
1963-10-14,64.349
1963-10-15,65.568
1963-10-16,75.581
1963-10-17,64.6325
1963-10-18,73.7115
1963-10-19,82.6295
1963-10-20,78.4985
1963-10-21,80.486496
1963-10-22,79.0235
1963-10-23,82.1315
1963-10-24,86.057
1963-10-25,78.582
1963-10-26,82.7495
1963-10-27,73.117
1963-10-28,77.5245
1963-10-29,78.562996
1963-10-30,84.0125
1963-10-31,72.5565
1963-11-01,65.278
1963-11-02,76.156
1963-11-03,78.7735
1963-11-04,79.373
1963-11-05,79.0255
1963-11-06,74.5215
1963-11-07,64.473
1963-11-08,71.7025
1963-11-09,79.6885
1963-11-10,84.503
1963-11-11,77.848495
1963-11-12,74.0095
1963-11-13,80.354996
1963-11-14,85.8395
1963-11-15,76.8255
1963-11-16,85.236
1963-11-17,82.3715
1963-11-18,78.684
1963-11-19,69.4705
1963-11-20,79.616
1963-11-21,74.936
1963-11-22,75.4625
1963-11-23,69.529
1963-11-24,82.5875
1963-11-25,83.546
1963-11-26,83.2815
1963-11-27,79.7725
1963-11-28,82.84526
1963-11-29,80.016
1963-11-30,73.1575
1963-12-01,65.793
1963-12-02,74.69722
1963-12-03,73.3345
1963-12-04,84.4945
1963-12-05,85.1385
1963-12-06,81.79105
1963-12-07,78.537
1963-12-08,83.443
1963-12-09,85.73263
1963-12-10,83.2865
1963-12-11,83.802
1963-12-12,86.579475
1963-12-13,84.86053
1963-12-14,84.0435
1963-12-15,86.6305
1963-12-16,85.695
1963-12-17,81.3535
1963-12-18,81.171
1963-12-19,83.036
1963-12-20,88.117
1963-12-21,86.306
1963-12-22,87.950554
1963-12-23,86.672775
1963-12-24,83.507996
1963-12-25,74.294
1963-12-26,86.492355
1963-12-27,91.23067
1963-12-28,91.61867
1963-12-29,90.363754
1963-12-30,91.32636
1963-12-31,91.17368
1964-01-01,86.7845
1964-01-02,91.71111
1964-01-03,84.740585
1964-01-04,87.26053
1964-01-05,86.25611
1964-01-06,87.5005
1964-01-07,89.93471
1964-01-08,85.842
1964-01-09,85.6305
1964-01-10,83.53
1964-01-11,85.978
1964-01-12,84.615
1964-01-13,80.9535
1964-01-14,86.231
1964-01-15,76.7835
1964-01-16,75.613
1964-01-17,77.85
1964-01-18,82.3865
1964-01-19,84.0235
1964-01-20,85.10368
1964-01-21,86.432
1964-01-22,82.724
1964-01-23,85.2815
1964-01-24,85.101
1964-01-25,82.266495
1964-01-26,76.226
1964-01-27,70.012
1964-01-28,71.1985
1964-01-29,72.0535
1964-01-30,84.989
1964-01-31,89.65706
1964-02-01,86.106
1964-02-02,82.2775
1964-02-03,81.8745
1964-02-04,84.069496
1964-02-05,68.127
1964-02-06,72.6455
1964-02-07,75.354
1964-02-08,77.377
1964-02-09,88.77105
1964-02-10,82.9555
1964-02-11,82.1965
1964-02-12,82.4345
1964-02-13,77.2575
1964-02-14,73.545494
1964-02-15,69.871
1964-02-16,81.497
1964-02-17,79.8815
1964-02-18,90.582
1964-02-19,87.9885
1964-02-20,81.047
1964-02-21,69.6235
1964-02-22,71.94
1964-02-23,68.517
1964-02-24,65.3975
1964-02-25,73.9995
1964-02-26,78.101
1964-02-27,86.210625
1964-02-28,89.62789
1964-02-29,84.3375
1964-03-01,88.00737
1964-03-02,78.1985
1964-03-03,82.4565
1964-03-04,82.9685
1964-03-05,76.251
1964-03-06,78.9335
1964-03-07,85.156
1964-03-08,83.596
1964-03-09,80.7185
1964-03-10,85.073
1964-03-11,84.683
1964-03-12,83.167
1964-03-13,80.438
1964-03-14,86.3685
1964-03-15,88.2445
1964-03-16,88.1005
1964-03-17,83.755
1964-03-18,81.507
1964-03-19,82.071
1964-03-20,78.2565
1964-03-21,91.54412
1964-03-22,91.31917
1964-03-23,92.43533
1964-03-24,83.89
1964-03-25,84.582
1964-03-26,80.3155
1964-03-27,78.5725
1964-03-28,84.818
1964-03-29,84.77
1964-03-30,76.9715
1964-03-31,73.3125
1964-04-01,79.511
1964-04-02,72.2885
1964-04-03,70.8225
1964-04-04,80.798
1964-04-05,83.26369
1964-04-06,84.8525
1964-04-07,73.963
1964-04-08,73.7455
1964-04-09,70.929
1964-04-10,81.062
1964-04-11,70.111
1964-04-12,75.5255
1964-04-13,63.739998
1964-04-14,70.388
1964-04-15,65.5735
1964-04-16,64.1695
1964-04-17,54.624
1964-04-18,57.435497
1964-04-19,50.211998
1964-04-20,41.547497
1964-04-21,33.0135
1964-04-22,58.0485
1964-04-23,44.217
1964-04-24,67.853
1964-04-25,85.05421
1964-04-26,72.7695
1964-04-27,69.671
1964-04-28,59.893997
1964-04-29,58.557
1964-04-30,77.6315
1964-05-01,72.563995
1964-05-02,74.914
1964-05-03,75.546
1964-05-04,78.4475
1964-05-05,83.1245
1964-05-06,78.1695
1964-05-07,64.331
1964-05-08,55.3395
1964-05-09,78.4805
1964-05-10,80.725
1964-05-11,75.2665
1964-05-12,64.4485
1964-05-13,65.201996
1964-05-14,64.2815
1964-05-15,73.069496
1964-05-16,73.683
1964-05-17,68.651
1964-05-18,68.2635
1964-05-19,57.307
1964-05-20,60.351997
1964-05-21,79.106
1964-05-22,80.072
1964-05-23,70.71
1964-05-24,68.882996
1964-05-25,62.9335
1964-05-26,64.542
1964-05-27,66.348495
1964-05-28,70.2745
1964-05-29,54.0235
1964-05-30,65.372
1964-05-31,76.0475
1964-06-01,66.3285
1964-06-02,48.087997
1964-06-03,63.3105
1964-06-04,65.876495
1964-06-05,57.747498
1964-06-06,53.615997
1964-06-07,60.5075
1964-06-08,64.137
1964-06-09,79.7965
1964-06-10,71.255
1964-06-11,70.5685
1964-06-12,65.367
1964-06-13,64.112
1964-06-14,58.834
1964-06-15,53.3335
1964-06-16,57.5625
1964-06-17,77.019
1964-06-18,73.8575
1964-06-19,68.6765
1964-06-20,69.539
1964-06-21,67.24
1964-06-22,73.1075
1964-06-23,68.4225
1964-06-24,72.362
1964-06-25,68.186
1964-06-26,59.5065
1964-06-27,62.053997
1964-06-28,60.7045
1964-06-29,80.0065
1964-06-30,73.763
1964-07-01,68.5965
1964-07-02,76.5955
1964-07-03,62.912
1964-07-04,65.778496
1964-07-05,76.977
1964-07-06,78.1385
1964-07-07,63.2165
1964-07-08,62.8555
1964-07-09,53.5085
1964-07-10,45.5705
1964-07-11,85.4885
1964-07-12,81.314
1964-07-13,76.6045
1964-07-14,61.6185
1964-07-15,52.573498
1964-07-16,63.121998
1964-07-17,65.1665
1964-07-18,63.1055
1964-07-19,59.8565
1964-07-20,56.5845
1964-07-21,55.152496
1964-07-22,49.309998
1964-07-23,65.2005
1964-07-24,73.489
1964-07-25,78.4355
1964-07-26,64.263
1964-07-27,74.626
1964-07-28,66.9515
1964-07-29,67.849
1964-07-30,61.757
1964-07-31,61.153
1964-08-01,65.5715
1964-08-02,78.6875
1964-08-03,72.6575
1964-08-04,67.5465
1964-08-05,62.848
1964-08-06,65.2045
1964-08-07,62.7095
1964-08-08,62.2355
1964-08-09,63.4715
1964-08-10,85.454
1964-08-11,83.849
1964-08-12,82.2865
1964-08-13,76.394
1964-08-14,80.6585
1964-08-15,78.1525
1964-08-16,80.014496
1964-08-17,69.421
1964-08-18,56.3275
1964-08-19,75.7685
1964-08-20,67.7825
1964-08-21,68.6745
1964-08-22,79.465996
1964-08-23,79.978
1964-08-24,70.361
1964-08-25,68.4555
1964-08-26,75.226
1964-08-27,70.9985
1964-08-28,66.4555
1964-08-29,59.022
1964-08-30,64.979
1964-08-31,59.035
1964-09-01,74.5105
1964-09-02,71.517
1964-09-03,71.1885
1964-09-04,68.0465
1964-09-05,65.915
1964-09-06,61.963
1964-09-07,85.834
1964-09-08,75.5705
1964-09-09,75.9015
1964-09-10,81.051
1964-09-11,74.1075
1964-09-12,70.272995
1964-09-13,68.4555
1964-09-14,66.8745
1964-09-15,65.03
1964-09-16,59.490997
1964-09-17,72.5505
1964-09-18,74.437996
1964-09-19,68.9685
1964-09-20,67.8035
1964-09-21,87.772
1964-09-22,78.462
1964-09-23,89.366
1964-09-24,82.6405
1964-09-25,81.209
1964-09-26,86.155
1964-09-27,82.6165
1964-09-28,79.4275
1964-09-29,83.0315
1964-09-30,71.364
1964-10-01,75.5755
1964-10-02,67.1825
1964-10-03,73.323
1964-10-04,65.2155
1964-10-05,74.0995
1964-10-06,75.3885
1964-10-07,69.1475
1964-10-08,60.288
1964-10-09,74.1145
1964-10-10,69.907
1964-10-11,86.13789
1964-10-12,72.5085
1964-10-13,73.806
1964-10-14,77.9365
1964-10-15,78.2575
1964-10-16,76.316
1964-10-17,80.826996
1964-10-18,78.779495
1964-10-19,86.393
1964-10-20,90.35067
1964-10-21,87.191666
1964-10-22,84.50158
1964-10-23,80.5435
1964-10-24,61.389
1964-10-25,84.3635
1964-10-26,90.287056
1964-10-27,86.9115
1964-10-28,82.397
1964-10-29,85.18158
1964-10-30,79.06
1964-10-31,83.741
1964-11-01,84.9215
1964-11-02,89.01579
1964-11-03,90.0221
1964-11-04,89.61
1964-11-05,88.64611
1964-11-06,92.83923
1964-11-07,82.0745
1964-11-08,84.10667
1964-11-09,77.178
1964-11-10,84.1535
1964-11-11,86.4385
1964-11-12,92.401665
1964-11-13,88.464
1964-11-14,79.5285
1964-11-15,75.6755
1964-11-16,63.7105
1964-11-17,75.3425
1964-11-18,79.705
1964-11-19,80.904
1964-11-20,88.537
1964-11-21,87.645004
1964-11-22,83.1935
1964-11-23,81.7865
1964-11-24,80.441
1964-11-25,76.3025
1964-11-26,62.082
1964-11-27,73.3465
1964-11-28,78.115
1964-11-29,70.4075
1964-11-30,81.4535
1964-12-01,88.038
1964-12-02,89.007225
1964-12-03,89.151
1964-12-04,91.39667
1964-12-05,85.85944
1964-12-06,83.1435
1964-12-07,87.6935
1964-12-08,89.168335
1964-12-09,92.03778
1964-12-10,89.727
1964-12-11,91.965996
1964-12-12,91.86636
1964-12-13,85.557365
1964-12-14,88.899284
1964-12-15,86.70941
1964-12-16,91.2
1964-12-17,85.618
1964-12-18,90.816
1964-12-19,92.950836
1964-12-20,86.011
1964-12-21,87.436844
1964-12-22,89.918236
1964-12-23,88.702354
1964-12-24,90.86733
1964-12-25,89.97611
1964-12-26,91.722725
1964-12-27,89.861115
1964-12-28,85.731
1964-12-29,73.4805
1964-12-30,89.7615
1964-12-31,79.965996
1965-01-01,79.983
1965-01-02,90.676254
1965-01-03,91.90111
1965-01-04,92.68875
1965-01-05,81.79
1965-01-06,82.798
1965-01-07,81.006
1965-01-08,80.0085
1965-01-09,85.5245
1965-01-10,84.261055
1965-01-11,87.4485
1965-01-12,80.01211
1965-01-13,82.6385
1965-01-14,78.245
1965-01-15,85.3185
1965-01-16,77.187996
1965-01-17,74.648
1965-01-18,83.7065
1965-01-19,89.33053
1965-01-20,91.74588
1965-01-21,85.52052
1965-01-22,89.45947
1965-01-23,93.82
1965-01-24,92.97125
1965-01-25,93.41667
1965-01-26,88.13062
1965-01-27,90.04056
1965-01-28,80.113495
1965-01-29,81.19789
1965-01-30,83.628
1965-01-31,90.21625
1965-02-01,83.1815
1965-02-02,82.7355
1965-02-03,83.667496
1965-02-04,86.417496
1965-02-05,80.007996
1965-02-06,75.695
1965-02-07,70.556496
1965-02-08,75.9975
1965-02-09,77.863
1965-02-10,81.6005
1965-02-11,81.2465
1965-02-12,75.047
1965-02-13,73.7165
1965-02-14,75.583
1965-02-15,81.209
1965-02-16,88.7825
1965-02-17,84.547
1965-02-18,87.025
1965-02-19,83.642
1965-02-20,86.0345
1965-02-21,82.944
1965-02-22,79.0265
1965-02-23,83.0625
1965-02-24,77.2565
1965-02-25,79.4425
1965-02-26,66.722
1965-02-27,78.126495
1965-02-28,68.181
1965-03-01,67.273
1965-03-02,77.2665
1965-03-03,73.2775
1965-03-04,75.812
1965-03-05,72.998
1965-03-06,87.8785
1965-03-07,90.47412
1965-03-08,86.974
1965-03-09,82.574
1965-03-10,82.338
1965-03-11,78.7095
1965-03-12,81.1775
1965-03-13,76.354996
1965-03-14,75.5815
1965-03-15,72.53
1965-03-16,71.002
1965-03-17,84.946
1965-03-18,79.703995
1965-03-19,79.8245
1965-03-20,84.2855
1965-03-21,73.4935
1965-03-22,80.7865
1965-03-23,66.7305
1965-03-24,82.638
1965-03-25,81.6355
1965-03-26,81.114
1965-03-27,88.282104
1965-03-28,75.615
1965-03-29,72.7435
1965-03-30,74.145996
1965-03-31,73.222
1965-04-01,75.5275
1965-04-02,61.9875
1965-04-03,56.846
1965-04-04,51.1935
1965-04-05,59.0265
1965-04-06,72.663
1965-04-07,65.625
1965-04-08,74.5405
1965-04-09,83.792
1965-04-10,87.11158
1965-04-11,86.25667
1965-04-12,81.415
1965-04-13,75.2075
1965-04-14,78.083
1965-04-15,74.0225
1965-04-16,82.9005
1965-04-17,83.6475
1965-04-18,64.4165
1965-04-19,75.8825
1965-04-20,83.1885
1965-04-21,76.4845
1965-04-22,84.429
1965-04-23,80.317
1965-04-24,71.1985
1965-04-25,70.024
1965-04-26,76.229996
1965-04-27,66.8345
1965-04-28,70.4735
1965-04-29,72.7325
1965-04-30,71.527
1965-05-01,63.3075
1965-05-02,56.342
1965-05-03,61.637
1965-05-04,49.247997
1965-05-05,69.890495
1965-05-06,89.19111
1965-05-07,83.3375
1965-05-08,66.211
1965-05-09,67.62
1965-05-10,68.099
1965-05-11,80.0755
1965-05-12,77.6285
1965-05-13,67.7015
1965-05-14,62.481
1965-05-15,73.9185
1965-05-16,79.528
1965-05-17,68.601
1965-05-18,61.857
1965-05-19,42.472496
1965-05-20,71.9345
1965-05-21,63.399498
1965-05-22,70.763
1965-05-23,84.505
1965-05-24,81.173
1965-05-25,75.6655
1965-05-26,67.803
1965-05-27,64.32
1965-05-28,75.188995
1965-05-29,73.7985
1965-05-30,74.277
1965-05-31,67.0315
1965-06-01,61.1335
1965-06-02,63.3205
1965-06-03,57.316998
1965-06-04,63.941998
1965-06-05,86.407
1965-06-06,89.09529
1965-06-07,73.4945
1965-06-08,68.798996
1965-06-09,79.062996
1965-06-10,85.62222
1965-06-11,86.005
1965-06-12,84.9685
1965-06-13,64.2025
1965-06-14,87.2935
1965-06-15,78.899
1965-06-16,75.981
1965-06-17,70.429
1965-06-18,82.528
1965-06-19,72.943
1965-06-20,72.088
1965-06-21,71.237495
1965-06-22,73.0455
1965-06-23,73.929
1965-06-24,71.857
1965-06-25,64.296
1965-06-26,68.987
1965-06-27,73.607
1965-06-28,90.32579
1965-06-29,71.8495
1965-06-30,72.944496
1965-07-01,67.8285
1965-07-02,86.3335
1965-07-03,72.1865
1965-07-04,82.711
1965-07-05,81.8395
1965-07-06,64.154
1965-07-07,59.9725
1965-07-08,52.591
1965-07-09,68.9115
1965-07-10,68.75
1965-07-11,71.6805
1965-07-12,63.1005
1965-07-13,75.255
1965-07-14,68.463
1965-07-15,63.2005
1965-07-16,66.43
1965-07-17,76.1175
1965-07-18,78.8085
1965-07-19,71.986
1965-07-20,71.7965
1965-07-21,72.8435
1965-07-22,68.792496
1965-07-23,72.224
1965-07-24,70.0355
1965-07-25,71.4575
1965-07-26,76.6345
1965-07-27,71.0975
1965-07-28,71.8495
1965-07-29,53.395
1965-07-30,67.567
1965-07-31,76.311
1965-08-01,78.2725
1965-08-02,78.465
1965-08-03,65.9085
1965-08-04,72.2075
1965-08-05,68.5185
1965-08-06,65.3265
1965-08-07,54.8055
1965-08-08,52.316998
1965-08-09,65.1105
1965-08-10,75.8175
1965-08-11,85.1215
1965-08-12,78.1255
1965-08-13,77.216995
1965-08-14,65.604
1965-08-15,79.972496
1965-08-16,74.153496
1965-08-17,74.415
1965-08-18,69.710495
1965-08-19,76.057495
1965-08-20,75.562996
1965-08-21,58.737
1965-08-22,59.9915
1965-08-23,58.132
1965-08-24,66.8165
1965-08-25,79.3775
1965-08-26,85.606
1965-08-27,80.005
1965-08-28,80.835
1965-08-29,84.9205
1965-08-30,81.6155
1965-08-31,71.591995
1965-09-01,66.1745
1965-09-02,57.098
1965-09-03,56.812
1965-09-04,74.602
1965-09-05,72.5605
1965-09-06,78.266
1965-09-07,74.31
1965-09-08,76.263
1965-09-09,71.8145
1965-09-10,63.289497
1965-09-11,70.046
1965-09-12,81.111496
1965-09-13,84.544
1965-09-14,84.908
1965-09-15,76.158
1965-09-16,77.33
1965-09-17,70.857
1965-09-18,67.2695
1965-09-19,77.846
1965-09-20,82.668
1965-09-21,78.378
1965-09-22,76.3375
1965-09-23,72.9225
1965-09-24,70.7455
1965-09-25,66.141
1965-09-26,64.82
1965-09-27,66.2035
1965-09-28,58.9755
1965-09-29,78.9575
1965-09-30,72.053
1965-10-01,70.372
1965-10-02,72.599495
1965-10-03,74.798
1965-10-04,74.645996
1965-10-05,76.45
1965-10-06,79.423996
1965-10-07,76.767
1965-10-08,72.97
1965-10-09,70.693
1965-10-10,71.415
1965-10-11,72.7855
1965-10-12,70.161
1965-10-13,64.116
1965-10-14,65.3355
1965-10-15,61.7355
1965-10-16,59.688
1965-10-17,69.395
1965-10-18,71.74
1965-10-19,74.2635
1965-10-20,73.9085
1965-10-21,73.7895
1965-10-22,71.3495
1965-10-23,70.0455
1965-10-24,75.385
1965-10-25,77.777
1965-10-26,82.095
1965-10-27,72.8785
1965-10-28,67.3585
1965-10-29,60.618
1965-10-30,71.2775
1965-10-31,68.096
1965-11-01,69.8115
1965-11-02,62.580498
1965-11-03,67.8405
1965-11-04,76.174
1965-11-05,83.1155
1965-11-06,82.892105
1965-11-07,87.556114
1965-11-08,86.810524
1965-11-09,87.99389
1965-11-10,91.75188
1965-11-11,90.619
1965-11-12,90.441666
1965-11-13,91.483
1965-11-14,88.15889
1965-11-15,87.187996
1965-11-16,84.901
1965-11-17,79.3355
1965-11-18,85.078
1965-11-19,91.626
1965-11-20,91.90071
1965-11-21,87.81105
1965-11-22,83.769
1965-11-23,89.8505
1965-11-24,89.15118
1965-11-25,85.826996
1965-11-26,75.2155
1965-11-27,76.58
1965-11-28,79.3935
1965-11-29,74.1215
1965-11-30,71.3825
1965-12-01,82.778
1965-12-02,88.842
1965-12-03,87.4345
1965-12-04,91.735
1965-12-05,90.34722
1965-12-06,79.1785
1965-12-07,86.234
1965-12-08,90.47471
1965-12-09,88.91263
1965-12-10,87.472
1965-12-11,87.35562
1965-12-12,87.185265
1965-12-13,89.74117
1965-12-14,85.966
1965-12-15,86.2535
1965-12-16,89.996666
1965-12-17,90.96769
1965-12-18,91.288574
1965-12-19,89.14786
1965-12-20,88.821335
1965-12-21,92.09556
1965-12-22,92.61
1965-12-23,90.692665
1965-12-24,93.458
1965-12-25,92.865
1965-12-26,91.81857
1965-12-27,81.291
1965-12-28,86.8425
1965-12-29,87.375496
1965-12-30,83.8295
1965-12-31,91.435715
1966-01-01,87.0375
1966-01-02,82.6955
1966-01-03,85.489
1966-01-04,86.375786
1966-01-05,75.664
1966-01-06,70.4005
1966-01-07,71.681496
1966-01-08,85.6915
1966-01-09,85.6285
1966-01-10,86.0925
1966-01-11,86.606
1966-01-12,89.350525
1966-01-13,89.771576
1966-01-14,86.367
1966-01-15,80.8215
1966-01-16,84.514
1966-01-17,87.414734
1966-01-18,86.3845
1966-01-19,86.9785
1966-01-20,85.079
1966-01-21,84.62
1966-01-22,80.614
1966-01-23,82.532
1966-01-24,92.252945
1966-01-25,82.1105
1966-01-26,81.4515
1966-01-27,83.83158
1966-01-28,87.3135
1966-01-29,88.372635
1966-01-30,78.749
1966-01-31,86.0025
1966-02-01,87.492355
1966-02-02,90.85
1966-02-03,90.96
1966-02-04,87.38842
1966-02-05,86.49895
1966-02-06,85.70105
1966-02-07,82.506996
1966-02-08,85.76947
1966-02-09,85.407
1966-02-10,89.314445
1966-02-11,90.83294
1966-02-12,90.05053
1966-02-13,87.878
1966-02-14,88.72316
1966-02-15,91.56333
1966-02-16,89.090004
1966-02-17,86.60722
1966-02-18,90.09929
1966-02-19,85.76353
1966-02-20,82.939
1966-02-21,72.834496
1966-02-22,65.645
1966-02-23,82.7285
1966-02-24,86.284
1966-02-25,78.595
1966-02-26,74.641495
1966-02-27,75.1755
1966-02-28,66.789
1966-03-01,73.3425
1966-03-02,78.4815
1966-03-03,74.616
1966-03-04,74.2295
1966-03-05,76.9285
1966-03-06,83.8625
1966-03-07,83.18
1966-03-08,85.7405
1966-03-09,72.686
1966-03-10,78.7095
1966-03-11,77.083496
1966-03-12,77.941
1966-03-13,82.8155
1966-03-14,79.2555
1966-03-15,75.282
1966-03-16,84.5165
1966-03-17,74.157
1966-03-18,84.1875
1966-03-19,77.3265
1966-03-20,66.1755
1966-03-21,55.254498
1966-03-22,54.0165
1966-03-23,58.32
1966-03-24,60.842
1966-03-25,69.1135
1966-03-26,68.2745
1966-03-27,49.7805
1966-03-28,57.163998
1966-03-29,78.0
1966-03-30,78.497
1966-03-31,61.5645
1966-04-01,69.201
1966-04-02,85.9345
1966-04-03,82.856
1966-04-04,74.7635
1966-04-05,74.784996
1966-04-06,73.308495
1966-04-07,60.489998
1966-04-08,54.857
1966-04-09,69.349495
1966-04-10,70.617
1966-04-11,81.5625
1966-04-12,84.076996
1966-04-13,82.479
1966-04-14,73.923
1966-04-15,60.219997
1966-04-16,78.798
1966-04-17,81.573
1966-04-18,79.6625
1966-04-19,63.96
1966-04-20,64.6175
1966-04-21,73.252
1966-04-22,75.357
1966-04-23,73.068
1966-04-24,61.8285
1966-04-25,64.6555
1966-04-26,72.8655
1966-04-27,77.042496
1966-04-28,74.5505
1966-04-29,73.974
1966-04-30,76.246
1966-05-01,68.2595
1966-05-02,63.392998
1966-05-03,61.969498
1966-05-04,56.806
1966-05-05,48.9725
1966-05-06,60.227997
1966-05-07,45.295998
1966-05-08,65.261
1966-05-09,78.979
1966-05-10,73.6645
1966-05-11,77.015
1966-05-12,75.5625
1966-05-13,74.480995
1966-05-14,75.355995
1966-05-15,65.4215
1966-05-16,64.108
1966-05-17,57.6315
1966-05-18,55.761497
1966-05-19,69.028
1966-05-20,74.4325
1966-05-21,66.4815
1966-05-22,59.506
1966-05-23,63.73
1966-05-24,85.015
1966-05-25,67.608
1966-05-26,81.215
1966-05-27,87.57
1966-05-28,86.4921
1966-05-29,85.7335
1966-05-30,89.7675
1966-05-31,80.3495
1966-06-01,70.1045
1966-06-02,77.7885
1966-06-03,78.069
1966-06-04,71.082
1966-06-05,71.82
1966-06-06,75.684
1966-06-07,77.88
1966-06-08,73.543495
1966-06-09,70.359
1966-06-10,69.396996
1966-06-11,75.710495
1966-06-12,65.0945
1966-06-13,62.843
1966-06-14,64.1275
1966-06-15,62.1545
1966-06-16,73.261
1966-06-17,71.353
1966-06-18,63.787
1966-06-19,69.6825
1966-06-20,79.3015
1966-06-21,84.384
1966-06-22,75.599
1966-06-23,67.852
1966-06-24,65.3645
1966-06-25,86.901
1966-06-26,76.2885
1966-06-27,76.453
1966-06-28,78.341
1966-06-29,83.2975
1966-06-30,82.9645
1966-07-01,80.936
1966-07-02,75.049995
1966-07-03,71.6055
1966-07-04,65.696
1966-07-05,63.182
1966-07-06,69.4675
1966-07-07,66.2575
1966-07-08,70.395996
1966-07-09,77.574
1966-07-10,69.5605
1966-07-11,62.6395
1966-07-12,71.7265
1966-07-13,63.8845
1966-07-14,70.7425
1966-07-15,77.1655
1966-07-16,71.4085
1966-07-17,64.0175
1966-07-18,66.537994
1966-07-19,65.0825
1966-07-20,75.0955
1966-07-21,81.796
1966-07-22,82.7915
1966-07-23,86.20812
1966-07-24,85.82
1966-07-25,85.7815
1966-07-26,74.557
1966-07-27,74.973
1966-07-28,72.2415
1966-07-29,90.46158
1966-07-30,72.840996
1966-07-31,78.9715
1966-08-01,75.6465
1966-08-02,79.6355
1966-08-03,76.917
1966-08-04,70.7405
1966-08-05,72.8735
1966-08-06,86.0815
1966-08-07,74.2565
1966-08-08,75.0655
1966-08-09,76.176
1966-08-10,74.755
1966-08-11,72.6595
1966-08-12,79.5535
1966-08-13,76.7725
1966-08-14,72.194496
1966-08-15,74.099
1966-08-16,75.971
1966-08-17,76.54
1966-08-18,66.689995
1966-08-19,71.785995
1966-08-20,79.524
1966-08-21,83.2015
1966-08-22,73.5095
1966-08-23,73.694496
1966-08-24,73.851
1966-08-25,83.215
1966-08-26,87.81421
1966-08-27,85.187
1966-08-28,72.108
1966-08-29,79.519
1966-08-30,69.908
1966-08-31,73.9
1966-09-01,89.805786
1966-09-02,80.520996
1966-09-03,78.833496
1966-09-04,79.3375
1966-09-05,75.3645
1966-09-06,82.303
1966-09-07,84.495
1966-09-08,79.8265
1966-09-09,76.546
1966-09-10,76.755
1966-09-11,80.3295
1966-09-12,71.6525
1966-09-13,66.994995
1966-09-14,76.506
1966-09-15,70.739
1966-09-16,75.931
1966-09-17,77.0765
1966-09-18,78.1735
1966-09-19,79.805
1966-09-20,75.8425
1966-09-21,73.368996
1966-09-22,77.1935
1966-09-23,79.884
1966-09-24,77.01
1966-09-25,77.518
1966-09-26,79.8645
1966-09-27,71.506
1966-09-28,75.780495
1966-09-29,74.614
1966-09-30,75.7075
1966-10-01,84.744
1966-10-02,83.997
1966-10-03,83.83211
1966-10-04,78.0515
1966-10-05,80.309
1966-10-06,80.358
1966-10-07,73.264496
1966-10-08,68.445496
1966-10-09,65.872
1966-10-10,74.8155
1966-10-11,81.4365
1966-10-12,78.963
1966-10-13,87.063156
1966-10-14,91.973076
1966-10-15,88.396
1966-10-16,75.778
1966-10-17,73.974
1966-10-18,78.723
1966-10-19,78.857
1966-10-20,79.7525
1966-10-21,86.979996
1966-10-22,84.1725
1966-10-23,76.336
1966-10-24,67.459
1966-10-25,79.006
1966-10-26,83.3735
1966-10-27,84.7775
1966-10-28,84.472496
1966-10-29,89.66812
1966-10-30,91.41875
1966-10-31,92.49778
1966-11-01,91.287895
1966-11-02,89.75421
1966-11-03,86.18
1966-11-04,75.9675
1966-11-05,77.557
1966-11-06,87.192856
1966-11-07,90.559166
1966-11-08,84.97471
1966-11-09,80.531
1966-11-10,76.5645
1966-11-11,88.89842
1966-11-12,93.71
1966-11-13,93.23444
1966-11-14,90.181114
1966-11-15,86.62
1966-11-16,80.8295
1966-11-17,83.195
1966-11-18,91.94
1966-11-19,92.709
1966-11-20,89.26882
1966-11-21,92.32
1966-11-22,87.44611
1966-11-23,84.1495
1966-11-24,88.653885
1966-11-25,92.27866
1966-11-26,84.847496
1966-11-27,87.7585
1966-11-28,91.84846
1966-11-29,89.314735
1966-11-30,90.124
1966-12-01,80.7995
1966-12-02,74.422
1966-12-03,84.787
1966-12-04,84.736
1966-12-05,86.732
1966-12-06,90.75066
1966-12-07,90.82474
1966-12-08,89.748
1966-12-09,91.81611
1966-12-10,87.6175
1966-12-11,89.10895
1966-12-12,80.6545
1966-12-13,87.8625
1966-12-14,91.501335
1966-12-15,85.726845
1966-12-16,87.87
1966-12-17,86.747
1966-12-18,91.89364
1966-12-19,93.04583
1966-12-20,88.97722
1966-12-21,90.91062
1966-12-22,91.02944
1966-12-23,91.86722
1966-12-24,90.94882
1966-12-25,89.101
1966-12-26,90.52842
1966-12-27,86.762
1966-12-28,81.8435
1966-12-29,80.369
1966-12-30,83.911575
1966-12-31,88.48167
1967-01-01,92.28467
1967-01-02,90.092
1967-01-03,87.481
1967-01-04,85.1015
1967-01-05,84.8135
1967-01-06,84.8725
1967-01-07,90.09
1967-01-08,89.07445
1967-01-09,89.3705
1967-01-10,82.8445
1967-01-11,79.7305
1967-01-12,85.201
1967-01-13,87.781
1967-01-14,85.729996
1967-01-15,87.063995
1967-01-16,82.185
1967-01-17,77.5505
1967-01-18,76.9915
1967-01-19,69.2775
1967-01-20,72.806496
1967-01-21,69.959496
1967-01-22,84.1535
1967-01-23,87.42842
1967-01-24,85.95895
1967-01-25,90.18882
1967-01-26,87.80889
1967-01-27,86.9055
1967-01-28,75.1965
1967-01-29,87.511665
1967-01-30,90.09909
1967-01-31,79.813
1967-02-01,86.0465
1967-02-02,90.774704
1967-02-03,92.865456
1967-02-04,89.94
1967-02-05,87.634
1967-02-06,88.60889
1967-02-07,89.44941
1967-02-08,90.94688
1967-02-09,85.308
1967-02-10,87.2915
1967-02-11,82.9245
1967-02-12,71.447
1967-02-13,74.9685
1967-02-14,78.425
1967-02-15,82.874
1967-02-16,77.7545
1967-02-17,64.042
1967-02-18,77.482
1967-02-19,80.8065
1967-02-20,87.159996
1967-02-21,86.303
1967-02-22,73.8825
1967-02-23,69.805
1967-02-24,80.29
1967-02-25,71.4945
1967-02-26,70.9505
1967-02-27,78.5525
1967-02-28,82.817
1967-03-01,65.9485
1967-03-02,75.007
1967-03-03,78.7935
1967-03-04,82.4705
1967-03-05,80.708
1967-03-06,75.0415
1967-03-07,77.7965
1967-03-08,63.463497
1967-03-09,72.0075
1967-03-10,69.212
1967-03-11,72.7335
1967-03-12,75.8405
1967-03-13,73.3265
1967-03-14,90.10368
1967-03-15,83.8865
1967-03-16,85.625496
1967-03-17,84.1025
1967-03-18,80.181
1967-03-19,86.90948
1967-03-20,81.789
1967-03-21,75.4945
1967-03-22,83.599
1967-03-23,80.4275
1967-03-24,77.609
1967-03-25,74.624
1967-03-26,65.416
1967-03-27,65.6125
1967-03-28,64.93
1967-03-29,78.5165
1967-03-30,81.909
1967-03-31,81.293495
1967-04-01,76.6735
1967-04-02,68.343
1967-04-03,67.4855
1967-04-04,81.876
1967-04-05,78.3
1967-04-06,63.771
1967-04-07,63.937
1967-04-08,74.605995
1967-04-09,60.240498
1967-04-10,47.4715
1967-04-11,58.778
1967-04-12,61.109497
1967-04-13,67.538
1967-04-14,77.9205
1967-04-15,82.7825
1967-04-16,75.9635
1967-04-17,67.479
1967-04-18,56.595997
1967-04-19,76.9485
1967-04-20,56.200497
1967-04-21,44.8705
1967-04-22,88.2
1967-04-23,90.043335
1967-04-24,81.676
1967-04-25,79.8725
1967-04-26,80.805
1967-04-27,83.092
1967-04-28,84.5205
1967-04-29,77.8315
1967-04-30,71.3635
1967-05-01,68.0845
1967-05-02,71.315
1967-05-03,67.6745
1967-05-04,85.9895
1967-05-05,76.2325
1967-05-06,73.633995
1967-05-07,75.1835
1967-05-08,72.238
1967-05-09,68.9085
1967-05-10,63.027
1967-05-11,64.573
1967-05-12,65.7595
1967-05-13,54.866497
1967-05-14,48.959
1967-05-15,47.117996
1967-05-16,55.7185
1967-05-17,68.4895
1967-05-18,68.294
1967-05-19,85.914
1967-05-20,80.7185
1967-05-21,82.39158
1967-05-22,93.26
1967-05-23,82.0635
1967-05-24,86.63105
1967-05-25,77.6555
1967-05-26,84.112
1967-05-27,65.95
1967-05-28,73.992
1967-05-29,71.7125
1967-05-30,60.492
1967-05-31,71.607
1967-06-01,78.249
1967-06-02,71.8435
1967-06-03,71.982
1967-06-04,66.284996
1967-06-05,69.841
1967-06-06,64.201996
1967-06-07,58.131
1967-06-08,61.885998
1967-06-09,88.53111
1967-06-10,88.95
1967-06-11,87.0165
1967-06-12,70.102
1967-06-13,77.325
1967-06-14,84.525
1967-06-15,78.6925
1967-06-16,78.709
1967-06-17,73.539
1967-06-18,69.97
1967-06-19,76.5435
1967-06-20,73.9195
1967-06-21,68.923996
1967-06-22,70.002
1967-06-23,65.92
1967-06-24,64.391
1967-06-25,58.9395
1967-06-26,59.457
1967-06-27,54.0205
1967-06-28,70.207504
1967-06-29,75.484
1967-06-30,63.428497
1967-07-01,61.975998
1967-07-02,62.926
1967-07-03,61.7845
1967-07-04,72.952995
1967-07-05,69.882996
1967-07-06,62.5835
1967-07-07,60.503
1967-07-08,57.732
1967-07-09,71.428
1967-07-10,82.722
1967-07-11,75.423
1967-07-12,66.778496
1967-07-13,63.2775
1967-07-14,56.010998
1967-07-15,60.629498
1967-07-16,72.1245
1967-07-17,79.7765
1967-07-18,80.472496
1967-07-19,63.9035
1967-07-20,57.864998
1967-07-21,64.478
1967-07-22,57.363
1967-07-23,58.579998
1967-07-24,53.57
1967-07-25,57.914497
1967-07-26,54.246998
1967-07-27,55.2155
1967-07-28,62.642498
1967-07-29,65.1585
1967-07-30,65.783
1967-07-31,66.312
1967-08-01,65.1195
1967-08-02,62.9225
1967-08-03,67.4295
1967-08-04,59.03
1967-08-05,65.569
1967-08-06,62.218998
1967-08-07,76.1005
1967-08-08,68.592995
1967-08-09,57.948498
1967-08-10,51.8615
1967-08-11,53.408
1967-08-12,69.1645
1967-08-13,61.327
1967-08-14,76.341995
1967-08-15,68.534
1967-08-16,58.831
1967-08-17,57.3325
1967-08-18,64.2545
1967-08-19,62.6465
1967-08-20,65.4745
1967-08-21,60.819
1967-08-22,63.3075
1967-08-23,66.199
1967-08-24,61.4835
1967-08-25,62.5355
1967-08-26,69.6805
1967-08-27,79.577995
1967-08-28,80.725
1967-08-29,71.527
1967-08-30,59.07
1967-08-31,66.966995
1967-09-01,71.239
1967-09-02,71.182495
1967-09-03,63.9235
1967-09-04,47.9515
1967-09-05,59.559
1967-09-06,58.2315
1967-09-07,61.7585
1967-09-08,59.0585
1967-09-09,58.8565
1967-09-10,65.203995
1967-09-11,85.571
1967-09-12,89.288
1967-09-13,84.5185
1967-09-14,73.644
1967-09-15,79.3585
1967-09-16,78.789
1967-09-17,85.58
1967-09-18,85.56
1967-09-19,85.922
1967-09-20,81.737
1967-09-21,73.549995
1967-09-22,71.561
1967-09-23,80.485
1967-09-24,76.6555
1967-09-25,77.621
1967-09-26,74.503494
1967-09-27,75.08
1967-09-28,75.368
1967-09-29,76.3365
1967-09-30,74.015
1967-10-01,81.4895
1967-10-02,76.204
1967-10-03,79.5935
1967-10-04,80.2435
1967-10-05,89.59882
1967-10-06,81.9085
1967-10-07,77.023
1967-10-08,81.651
1967-10-09,79.6285
1967-10-10,93.098335
1967-10-11,93.00923
1967-10-12,83.2995
1967-10-13,73.288
1967-10-14,84.0235
1967-10-15,79.903
1967-10-16,80.7605
1967-10-17,71.446
1967-10-18,71.263
1967-10-19,72.389496
1967-10-20,64.455
1967-10-21,61.542
1967-10-22,64.094
1967-10-23,74.111496
1967-10-24,70.4555
1967-10-25,86.48684
1967-10-26,84.652
1967-10-27,81.213
1967-10-28,77.818
1967-10-29,70.5155
1967-10-30,92.14072
1967-10-31,92.121765
1967-11-01,89.562004
1967-11-02,81.793
1967-11-03,82.3015
1967-11-04,90.8725
1967-11-05,76.175995
1967-11-06,78.2025
1967-11-07,89.805
1967-11-08,84.97
1967-11-09,84.0205
1967-11-10,84.6375
1967-11-11,87.67421
1967-11-12,85.96632
1967-11-13,76.514
1967-11-14,75.526
1967-11-15,78.3035
1967-11-16,80.4425
1967-11-17,76.925
1967-11-18,78.6875
1967-11-19,82.395996
1967-11-20,80.7375
1967-11-21,80.85526
1967-11-22,79.94421
1967-11-23,87.1
1967-11-24,76.3965
1967-11-25,77.9915
1967-11-26,77.6455
1967-11-27,75.116
1967-11-28,85.9135
1967-11-29,89.30111
1967-11-30,90.8525
1967-12-01,88.188126
1967-12-02,87.40353
1967-12-03,89.515335
1967-12-04,84.4155
1967-12-05,84.7355
1967-12-06,78.4615
1967-12-07,79.8915
1967-12-08,81.0105
1967-12-09,88.477
1967-12-10,85.919
1967-12-11,85.1365
1967-12-12,88.59118
1967-12-13,88.05945
1967-12-14,87.19556
1967-12-15,80.911
1967-12-16,84.9345
1967-12-17,89.583
1967-12-18,85.5815
1967-12-19,86.1715
1967-12-20,80.352
1967-12-21,79.042
1967-12-22,83.84737
1967-12-23,84.917496
1967-12-24,81.4525
1967-12-25,83.662
1967-12-26,89.96941
1967-12-27,90.54667
1967-12-28,88.1285
1967-12-29,89.77055
1967-12-30,91.87067
1967-12-31,91.23187
1968-01-01,89.2475
1968-01-02,92.454704
1968-01-03,89.433
1968-01-04,85.94474
1968-01-05,80.7865
1968-01-06,84.8005
1968-01-07,78.673996
1968-01-08,84.546
1968-01-09,83.551
1968-01-10,81.5295
1968-01-11,78.687
1968-01-12,79.685
1968-01-13,78.25
1968-01-14,66.6855
1968-01-15,87.0
1968-01-16,73.3115
1968-01-17,78.4565
1968-01-18,89.66706
1968-01-19,93.608
1968-01-20,90.39333
1968-01-21,85.72
1968-01-22,87.61632
1968-01-23,88.397644
1968-01-24,88.991
1968-01-25,90.655624
1968-01-26,81.4905
1968-01-27,83.03
1968-01-28,81.4675
1968-01-29,85.694
1968-01-30,83.89
1968-01-31,84.0045
1968-02-01,83.434
1968-02-02,83.8795
1968-02-03,86.57684
1968-02-04,83.2205
1968-02-05,83.1015
1968-02-06,79.964
1968-02-07,79.739
1968-02-08,80.194496
1968-02-09,86.666
1968-02-10,90.043526
1968-02-11,87.0605
1968-02-12,87.8915
1968-02-13,90.75412
1968-02-14,89.58385
1968-02-15,87.595
1968-02-16,87.497894
1968-02-17,86.78158
1968-02-18,78.132996
1968-02-19,79.445
1968-02-20,72.4125
1968-02-21,82.262
1968-02-22,78.479
1968-02-23,78.8445
1968-02-24,85.933
1968-02-25,85.185
1968-02-26,82.304
1968-02-27,88.4285
1968-02-28,87.1075
1968-02-29,88.212776
1968-03-01,75.446
1968-03-02,81.138
1968-03-03,83.7945
1968-03-04,82.6445
1968-03-05,77.7895
1968-03-06,87.377
1968-03-07,89.72
1968-03-08,80.877
1968-03-09,74.3785
1968-03-10,83.4405
1968-03-11,76.143
1968-03-12,79.464
1968-03-13,73.7705
1968-03-14,69.101
1968-03-15,65.95
1968-03-16,69.7595
1968-03-17,54.947998
1968-03-18,63.709
1968-03-19,78.541
1968-03-20,58.577
1968-03-21,54.6025
1968-03-22,69.083496
1968-03-23,64.369995
1968-03-24,68.685
1968-03-25,65.296
1968-03-26,64.3085
1968-03-27,75.22
1968-03-28,62.753
1968-03-29,64.2315
1968-03-30,55.795998
1968-03-31,47.958
1968-04-01,46.450497
1968-04-02,49.024998
1968-04-03,56.14
1968-04-04,63.5915
1968-04-05,43.878498
1968-04-06,47.479
1968-04-07,65.7525
1968-04-08,79.499
1968-04-09,84.9345
1968-04-10,73.826996
1968-04-11,57.7685
1968-04-12,58.386997
1968-04-13,68.449
1968-04-14,65.7395
1968-04-15,62.013
1968-04-16,71.132
1968-04-17,68.959496
1968-04-18,56.031498
1968-04-19,51.9315
1968-04-20,48.989998
1968-04-21,50.859
1968-04-22,47.95
1968-04-23,52.276997
1968-04-24,47.161
1968-04-25,54.764
1968-04-26,54.011497
1968-04-27,70.6745
1968-04-28,62.587997
1968-04-29,67.6915
1968-04-30,67.927
1968-05-01,65.3825
1968-05-02,55.987
1968-05-03,69.888
1968-05-04,61.7775
1968-05-05,40.78
1968-05-06,32.5721
1968-05-07,61.4745
1968-05-08,69.984
1968-05-09,62.5495
1968-05-10,50.842
1968-05-11,52.6245
1968-05-12,42.5065
1968-05-13,75.1525
1968-05-14,81.038
1968-05-15,73.96
1968-05-16,67.5635
1968-05-17,69.833
1968-05-18,69.1705
1968-05-19,64.0145
1968-05-20,60.351498
1968-05-21,58.342
1968-05-22,73.209496
1968-05-23,71.491
1968-05-24,71.3135
1968-05-25,76.2185
1968-05-26,75.069496
1968-05-27,66.861
1968-05-28,58.8905
1968-05-29,45.434498
1968-05-30,65.038
1968-05-31,82.3355
1968-06-01,85.468
1968-06-02,69.085495
1968-06-03,75.649
1968-06-04,59.447
1968-06-05,39.934998
1968-06-06,28.897997
1968-06-07,33.061497
1968-06-08,53.236
1968-06-09,55.53
1968-06-10,86.163
1968-06-11,77.0745
1968-06-12,68.449
1968-06-13,70.103
1968-06-14,58.260498
1968-06-15,48.0575
1968-06-16,45.5215
1968-06-17,51.076
1968-06-18,53.346
1968-06-19,53.831997
1968-06-20,47.489998
1968-06-21,72.5525
1968-06-22,64.165
1968-06-23,52.34
1968-06-24,57.239998
1968-06-25,65.819496
1968-06-26,57.289997
1968-06-27,57.4055
1968-06-28,56.733498
1968-06-29,47.281498
1968-06-30,46.4525
1968-07-01,45.602497
1968-07-02,60.965
1968-07-03,67.334
1968-07-04,60.961
1968-07-05,58.2115
1968-07-06,49.6245
1968-07-07,49.862
1968-07-08,51.8495
1968-07-09,55.1965
1968-07-10,51.4185
1968-07-11,48.970497
1968-07-12,53.287
1968-07-13,58.6475
1968-07-14,47.963997
1968-07-15,46.9585
1968-07-16,69.3785
1968-07-17,62.513
1968-07-18,80.141
1968-07-19,77.785995
1968-07-20,69.676994
1968-07-21,73.057495
1968-07-22,83.3735
1968-07-23,71.2025
1968-07-24,68.972
1968-07-25,71.298
1968-07-26,79.6095
1968-07-27,79.4505
1968-07-28,84.4155
1968-07-29,85.2655
1968-07-30,75.506
1968-07-31,66.7495
1968-08-01,63.674
1968-08-02,61.0485
1968-08-03,75.589
1968-08-04,78.704
1968-08-05,69.178
1968-08-06,61.949997
1968-08-07,70.722
1968-08-08,71.475
1968-08-09,80.389496
1968-08-10,83.748
1968-08-11,78.747
1968-08-12,77.2215
1968-08-13,80.457
1968-08-14,65.09
1968-08-15,82.153
1968-08-16,66.3385
1968-08-17,56.6805
1968-08-18,71.383
1968-08-19,88.45105
1968-08-20,73.3875
1968-08-21,71.154495
1968-08-22,69.9525
1968-08-23,81.909
1968-08-24,84.56
1968-08-25,88.787895
1968-08-26,83.7735
1968-08-27,86.6465
1968-08-28,83.2475
1968-08-29,74.2345
1968-08-30,70.562
1968-08-31,78.489
1968-09-01,82.45
1968-09-02,81.2935
1968-09-03,76.45
1968-09-04,75.3055
1968-09-05,80.994
1968-09-06,85.21842
1968-09-07,80.2295
1968-09-08,77.8465
1968-09-09,81.6215
1968-09-10,73.006996
1968-09-11,76.157
1968-09-12,78.057495
1968-09-13,82.601
1968-09-14,73.0485
1968-09-15,77.187
1968-09-16,73.255
1968-09-17,81.7265
1968-09-18,83.0665
1968-09-19,83.329
1968-09-20,80.5485
1968-09-21,67.723
1968-09-22,79.287994
1968-09-23,73.1085
1968-09-24,71.972
1968-09-25,84.514496
1968-09-26,79.433
1968-09-27,72.622
1968-09-28,65.5965
1968-09-29,72.6935
1968-09-30,80.7465
1968-10-01,87.76947
1968-10-02,78.942
1968-10-03,87.644
1968-10-04,81.373
1968-10-05,83.434
1968-10-06,77.467
1968-10-07,78.3425
1968-10-08,76.7965
1968-10-09,67.7805
1968-10-10,87.351
1968-10-11,87.705
1968-10-12,82.219
1968-10-13,80.4975
1968-10-14,78.078
1968-10-15,87.2415
1968-10-16,85.44842
1968-10-17,86.7945
1968-10-18,80.4555
1968-10-19,78.194
1968-10-20,73.85
1968-10-21,73.1665
1968-10-22,69.1145
1968-10-23,66.0935
1968-10-24,76.075
1968-10-25,78.340996
1968-10-26,83.106
1968-10-27,82.325
1968-10-28,83.539
1968-10-29,74.29
1968-10-30,78.2695
1968-10-31,70.073
1968-11-01,67.179
1968-11-02,56.087997
1968-11-03,65.566
1968-11-04,70.3275
1968-11-05,78.8635
1968-11-06,88.79562
1968-11-07,92.99545
1968-11-08,90.765625
1968-11-09,84.7421
1968-11-10,91.048004
1968-11-11,82.694
1968-11-12,86.83842
1968-11-13,89.62722
1968-11-14,89.85
1968-11-15,89.09866
1968-11-16,88.18588
1968-11-17,88.3105
1968-11-18,90.23
1968-11-19,88.57611
1968-11-20,91.28059
1968-11-21,93.432144
1968-11-22,90.42571
1968-11-23,90.30538
1968-11-24,86.43421
1968-11-25,85.7345
1968-11-26,87.988945
1968-11-27,87.3
1968-11-28,88.636665
1968-11-29,86.79316
1968-11-30,92.496
1968-12-01,91.788
1968-12-02,85.54895
1968-12-03,82.32
1968-12-04,85.92
1968-12-05,82.706
1968-12-06,80.319496
1968-12-07,83.005
1968-12-08,87.4955
1968-12-09,90.548004
1968-12-10,80.9945
1968-12-11,78.2425
1968-12-12,72.7255
1968-12-13,80.953
1968-12-14,78.993996
1968-12-15,80.6915
1968-12-16,74.5865
1968-12-17,80.892
1968-12-18,86.93
1968-12-19,87.73389
1968-12-20,91.82
1968-12-21,91.46
1968-12-22,92.48273
1968-12-23,88.9685
1968-12-24,89.70734
1968-12-25,90.656876
1968-12-26,90.42833
1968-12-27,89.15625
1968-12-28,87.958496
1968-12-29,88.80722
1968-12-30,86.4215
1968-12-31,87.8121
1969-01-01,88.1655
1969-01-02,88.62529
1969-01-03,89.046844
1969-01-04,87.83053
1969-01-05,84.372
1969-01-06,83.3065
1969-01-07,78.162
1969-01-08,74.000496
1969-01-09,83.637
1969-01-10,79.072495
1969-01-11,83.1695
1969-01-12,82.3255
1969-01-13,71.556496
1969-01-14,67.945496
1969-01-15,80.1285
1969-01-16,85.2415
1969-01-17,88.09
1969-01-18,89.33056
1969-01-19,90.685
1969-01-20,88.143684
1969-01-21,74.458496
1969-01-22,74.954
1969-01-23,79.88
1969-01-24,90.58294
1969-01-25,85.5545
1969-01-26,78.7255
1969-01-27,79.461
1969-01-28,80.027
1969-01-29,77.931
1969-01-30,90.98563
1969-01-31,82.6845
1969-02-01,77.1105
1969-02-02,79.34263
1969-02-03,82.2995
1969-02-04,86.581
1969-02-05,89.24118
1969-02-06,91.51875
1969-02-07,89.19684
1969-02-08,83.598495
1969-02-09,90.226845
1969-02-10,85.2335
1969-02-11,85.951
1969-02-12,76.505
1969-02-13,86.169
1969-02-14,84.2279
1969-02-15,87.772224
1969-02-16,86.54632
1969-02-17,88.69527
1969-02-18,84.125496
1969-02-19,84.3785
1969-02-20,84.2465
1969-02-21,92.016
1969-02-22,89.58353
1969-02-23,86.00632
1969-02-24,83.8145
1969-02-25,92.93471
1969-02-26,92.95333
1969-02-27,89.755
1969-02-28,87.86632
1969-03-01,81.864
1969-03-02,80.1765
1969-03-03,84.0335
1969-03-04,78.282
1969-03-05,78.97947
1969-03-06,73.848495
1969-03-07,74.792
1969-03-08,82.977
1969-03-09,73.201996
1969-03-10,69.517
1969-03-11,62.94
1969-03-12,80.8695
1969-03-13,78.287
1969-03-14,75.274
1969-03-15,81.3585
1969-03-16,79.9505
1969-03-17,87.393
1969-03-18,84.8025
1969-03-19,79.721
1969-03-20,75.552
1969-03-21,73.7985
1969-03-22,64.0315
1969-03-23,63.7185
1969-03-24,66.7895
1969-03-25,75.6705
1969-03-26,79.089
1969-03-27,89.59947
1969-03-28,89.42111
1969-03-29,87.251
1969-03-30,82.109
1969-03-31,75.169
1969-04-01,69.7915
1969-04-02,67.0605
1969-04-03,74.928
1969-04-04,78.8575
1969-04-05,68.625496
1969-04-06,67.283
1969-04-07,66.6785
1969-04-08,63.565
1969-04-09,62.8345
1969-04-10,63.148
1969-04-11,64.6655
1969-04-12,59.074497
1969-04-13,66.2385
1969-04-14,81.846
1969-04-15,75.69
1969-04-16,73.9385
1969-04-17,77.4305
1969-04-18,68.3155
1969-04-19,62.1535
1969-04-20,66.7615
1969-04-21,59.437
1969-04-22,60.9605
1969-04-23,78.7445
1969-04-24,74.037994
1969-04-25,64.3505
1969-04-26,64.852
1969-04-27,55.678997
1969-04-28,34.269997
1969-04-29,33.302998
1969-04-30,48.753
1969-05-01,53.642998
1969-05-02,62.378498
1969-05-03,61.3465
1969-05-04,52.8285
1969-05-05,42.8765
1969-05-06,51.874496
1969-05-07,55.059498
1969-05-08,68.3455
1969-05-09,77.921
1969-05-10,81.626495
1969-05-11,74.632996
1969-05-12,70.0205
1969-05-13,68.084
1969-05-14,61.7695
1969-05-15,60.7765
1969-05-16,57.3465
1969-05-17,64.1705
1969-05-18,68.882996
1969-05-19,77.126495
1969-05-20,71.992
1969-05-21,72.7585
1969-05-22,75.739494
1969-05-23,71.8455
1969-05-24,62.2735
1969-05-25,50.455498
1969-05-26,55.151997
1969-05-27,75.861
1969-05-28,62.0075
1969-05-29,60.2005
1969-05-30,56.18
1969-05-31,58.2495
1969-06-01,59.726997
1969-06-02,78.031
1969-06-03,74.3035
1969-06-04,80.6635
1969-06-05,71.083
1969-06-06,68.3265
1969-06-07,83.751
1969-06-08,79.184
1969-06-09,67.359
1969-06-10,81.3245
1969-06-11,82.8825
1969-06-12,75.754
1969-06-13,68.844
1969-06-14,79.1475
1969-06-15,83.5085
1969-06-16,82.309
1969-06-17,79.6335
1969-06-18,70.1095
1969-06-19,63.092
1969-06-20,81.724
1969-06-21,87.1915
1969-06-22,88.6725
1969-06-23,74.081
1969-06-24,69.5325
1969-06-25,75.8975
1969-06-26,79.467
1969-06-27,76.227
1969-06-28,66.221
1969-06-29,85.7095
1969-06-30,76.5255
1969-07-01,82.320496
1969-07-02,71.604996
1969-07-03,70.410995
1969-07-04,73.302
1969-07-05,75.0395
1969-07-06,76.0815
1969-07-07,72.5035
1969-07-08,81.403
1969-07-09,78.404495
1969-07-10,78.4945
1969-07-11,84.645996
1969-07-12,71.3745
1969-07-13,69.56
1969-07-14,67.8855
1969-07-15,58.3745
1969-07-16,64.1595
1969-07-17,64.9685
1969-07-18,73.313995
1969-07-19,68.316
1969-07-20,71.673996
1969-07-21,69.659996
1969-07-22,74.6185
1969-07-23,75.532
1969-07-24,69.0855
1969-07-25,69.9555
1969-07-26,60.501
1969-07-27,64.971504
1969-07-28,69.7195
1969-07-29,69.353
1969-07-30,69.8815
1969-07-31,56.902
1969-08-01,63.850502
1969-08-02,62.9295
1969-08-03,64.597
1969-08-04,64.682
1969-08-05,55.657997
1969-08-06,49.295
1969-08-07,52.7715
1969-08-08,65.999
1969-08-09,77.375496
1969-08-10,79.9165
1969-08-11,83.6965
1969-08-12,78.3015
1969-08-13,79.2105
1969-08-14,73.0
1969-08-15,74.1315
1969-08-16,77.9345
1969-08-17,90.34882
1969-08-18,90.92588
1969-08-19,91.65474
1969-08-20,77.28
1969-08-21,79.679
1969-08-22,69.784996
1969-08-23,79.0915
1969-08-24,79.707
1969-08-25,89.908
1969-08-26,82.126495
1969-08-27,69.157
1969-08-28,87.2285
1969-08-29,77.2855
1969-08-30,69.909
1969-08-31,78.5805
1969-09-01,74.3585
1969-09-02,72.361
1969-09-03,74.808
1969-09-04,72.2715
1969-09-05,78.6625
1969-09-06,78.0335
1969-09-07,80.063
1969-09-08,69.9415
1969-09-09,66.288
1969-09-10,66.888
1969-09-11,68.7015
1969-09-12,69.672
1969-09-13,72.1285
1969-09-14,68.367
1969-09-15,70.462
1969-09-16,76.465996
1969-09-17,75.435
1969-09-18,74.1205
1969-09-19,76.518
1969-09-20,75.963
1969-09-21,70.6375
1969-09-22,71.4815
1969-09-23,72.492
1969-09-24,75.64
1969-09-25,71.6375
1969-09-26,73.479996
1969-09-27,69.0635
1969-09-28,69.6935
1969-09-29,65.195496
1969-09-30,68.569496
1969-10-01,77.9895
1969-10-02,70.084496
1969-10-03,72.548996
1969-10-04,75.707
1969-10-05,79.77
1969-10-06,74.377
1969-10-07,74.729
1969-10-08,74.0365
1969-10-09,68.074
1969-10-10,66.022995
1969-10-11,68.7605
1969-10-12,78.2015
1969-10-13,70.4345
1969-10-14,68.1
1969-10-15,71.2155
1969-10-16,80.236496
1969-10-17,85.078
1969-10-18,79.801
1969-10-19,68.8275
1969-10-20,68.8985
1969-10-21,64.660995
1969-10-22,75.0775
1969-10-23,81.743
1969-10-24,83.92167
1969-10-25,83.103
1969-10-26,79.070496
1969-10-27,69.2275
1969-10-28,70.1045
1969-10-29,71.0405
1969-10-30,69.542496
1969-10-31,74.1165
1969-11-01,79.514496
1969-11-02,69.6975
1969-11-03,66.062996
1969-11-04,71.6575
1969-11-05,77.394
1969-11-06,81.685
1969-11-07,80.931
1969-11-08,78.4815
1969-11-09,83.114
1969-11-10,78.7745
1969-11-11,79.117
1969-11-12,82.877495
1969-11-13,87.8125
1969-11-14,79.735
1969-11-15,86.362
1969-11-16,85.076004
1969-11-17,80.005
1969-11-18,88.7065
1969-11-19,79.153
1969-11-20,74.5745
1969-11-21,74.1495
1969-11-22,84.879
1969-11-23,87.80722
1969-11-24,78.806496
1969-11-25,78.832
1969-11-26,75.403
1969-11-27,89.180626
1969-11-28,81.21
1969-11-29,83.3635
1969-11-30,88.316315
1969-12-01,91.746
1969-12-02,90.288124
1969-12-03,84.948
1969-12-04,84.939
1969-12-05,90.86562
1969-12-06,90.38812
1969-12-07,89.20778
1969-12-08,91.856926
1969-12-09,91.32
1969-12-10,92.043335
1969-12-11,91.25643
1969-12-12,89.307365
1969-12-13,88.905
1969-12-14,88.8679
1969-12-15,89.38167
1969-12-16,90.935
1969-12-17,90.89632
1969-12-18,83.5365
1969-12-19,82.61
1969-12-20,87.666504
1969-12-21,78.1275
1969-12-22,77.851
1969-12-23,80.233
1969-12-24,87.7185
1969-12-25,85.95389
1969-12-26,87.8115
1969-12-27,83.4995
1969-12-28,86.4425
1969-12-29,90.773155
1969-12-30,87.185265
1969-12-31,84.251
1970-01-01,88.96
1970-01-02,89.40053
1970-01-03,80.4135
1970-01-04,80.2725
1970-01-05,76.6315
1970-01-06,86.173996
1970-01-07,88.59
1970-01-08,83.3725
1970-01-09,82.14
1970-01-10,76.759995
1970-01-11,74.294
1970-01-12,75.0015
1970-01-13,85.9155
1970-01-14,91.96933
1970-01-15,89.097336
1970-01-16,89.24834
1970-01-17,89.418335
1970-01-18,81.0605
1970-01-19,85.576
1970-01-20,86.257
1970-01-21,84.554
1970-01-22,88.084
1970-01-23,85.731
1970-01-24,86.759476
1970-01-25,87.175
1970-01-26,87.33579
1970-01-27,87.49875
1970-01-28,89.79895
1970-01-29,79.937
1970-01-30,77.6985
1970-01-31,87.4325
1970-02-01,88.295
1970-02-02,84.8715
1970-02-03,87.541664
1970-02-04,74.1595
1970-02-05,83.0335
1970-02-06,81.496
1970-02-07,84.305
1970-02-08,86.5575
1970-02-09,75.6365
1970-02-10,78.8295
1970-02-11,84.595
1970-02-12,83.0825
1970-02-13,79.726
1970-02-14,80.1485
1970-02-15,87.717
1970-02-16,86.097
1970-02-17,79.9535
1970-02-18,74.271996
1970-02-19,90.4185
1970-02-20,81.309
1970-02-21,85.1215
1970-02-22,88.022224
1970-02-23,91.06625
1970-02-24,83.53842
1970-02-25,89.22263
1970-02-26,87.869
1970-02-27,88.8655
1970-02-28,89.985504
1970-03-01,88.14737
1970-03-02,79.458496
1970-03-03,78.451996
1970-03-04,66.853
1970-03-05,72.5375
1970-03-06,71.1845
1970-03-07,89.039
1970-03-08,78.8875
1970-03-09,77.0935
1970-03-10,85.63368
1970-03-11,75.205
1970-03-12,83.374
1970-03-13,83.83
1970-03-14,85.27
1970-03-15,92.31636
1970-03-16,89.14737
1970-03-17,83.905
1970-03-18,79.121
1970-03-19,84.2425
1970-03-20,81.069
1970-03-21,82.5745
1970-03-22,71.5455
1970-03-23,77.0375
1970-03-24,85.126
1970-03-25,81.32
1970-03-26,73.168
1970-03-27,77.878
1970-03-28,83.583496
1970-03-29,77.6555
1970-03-30,71.504
1970-03-31,53.4875
1970-04-01,73.236
1970-04-02,78.5455
1970-04-03,89.57625
1970-04-04,76.7845
1970-04-05,62.3285
1970-04-06,71.3485
1970-04-07,68.8325
1970-04-08,70.807
1970-04-09,75.1345
1970-04-10,57.885998
1970-04-11,57.5745
1970-04-12,77.0375
1970-04-13,59.698997
1970-04-14,80.98
1970-04-15,84.2965
1970-04-16,84.2115
1970-04-17,80.5455
1970-04-18,85.0605
1970-04-19,77.0625
1970-04-20,64.224
1970-04-21,78.4545
1970-04-22,76.486496
1970-04-23,62.0305
1970-04-24,65.7805
1970-04-25,71.8885
1970-04-26,58.583
1970-04-27,70.027
1970-04-28,81.5245
1970-04-29,81.458496
1970-04-30,77.6745
1970-05-01,65.786995
1970-05-02,72.6775
1970-05-03,67.096
1970-05-04,59.0225
1970-05-05,88.33111
1970-05-06,81.4895
1970-05-07,73.154
1970-05-08,66.9715
1970-05-09,73.854996
1970-05-10,77.5185
1970-05-11,73.126495
1970-05-12,66.667496
1970-05-13,73.969
1970-05-14,72.015
1970-05-15,69.0615
1970-05-16,71.292496
1970-05-17,84.344
1970-05-18,85.3955
1970-05-19,83.555
1970-05-20,82.2395
1970-05-21,83.3545
1970-05-22,84.6605
1970-05-23,83.9735
1970-05-24,81.1705
1970-05-25,71.238
1970-05-26,65.358
1970-05-27,82.403
1970-05-28,87.09
1970-05-29,78.6465
1970-05-30,60.1075
1970-05-31,86.4655
1970-06-01,78.124
1970-06-02,75.115
1970-06-03,80.014496
1970-06-04,92.38923
1970-06-05,82.353
1970-06-06,81.437
1970-06-07,85.5735
1970-06-08,70.3045
1970-06-09,67.1495
1970-06-10,74.3695
1970-06-11,83.4965
1970-06-12,75.88
1970-06-13,67.0105
1970-06-14,69.9555
1970-06-15,71.6285
1970-06-16,63.3225
1970-06-17,82.6285
1970-06-18,79.047
1970-06-19,77.77
1970-06-20,76.3005
1970-06-21,65.0115
1970-06-22,66.775
1970-06-23,66.701996
1970-06-24,72.585
1970-06-25,75.548996
1970-06-26,83.3055
1970-06-27,75.932
1970-06-28,64.7135
1970-06-29,73.2045
1970-06-30,75.658
1970-07-01,82.5385
1970-07-02,72.276
1970-07-03,77.5
1970-07-04,70.7275
1970-07-05,90.6865
1970-07-06,84.414
1970-07-07,83.562
1970-07-08,80.2555
1970-07-09,72.7715
1970-07-10,79.067
1970-07-11,72.0085
1970-07-12,74.97
1970-07-13,69.316
1970-07-14,65.4325
1970-07-15,68.967995
1970-07-16,84.447365
1970-07-17,92.05294
1970-07-18,90.27375
1970-07-19,83.25
1970-07-20,67.542
1970-07-21,63.975
1970-07-22,69.6185
1970-07-23,76.3105
1970-07-24,73.375496
1970-07-25,74.348
1970-07-26,78.571495
1970-07-27,70.257
1970-07-28,72.543
1970-07-29,71.959496
1970-07-30,72.6885
1970-07-31,69.155495
1970-08-01,73.3075
1970-08-02,70.657
1970-08-03,72.0235
1970-08-04,74.932
1970-08-05,75.3325
1970-08-06,75.334
1970-08-07,75.2165
1970-08-08,79.613
1970-08-09,77.312996
1970-08-10,85.4705
1970-08-11,89.65312
1970-08-12,72.2245
1970-08-13,72.931496
1970-08-14,67.252495
1970-08-15,71.447
1970-08-16,81.744
1970-08-17,80.5205
1970-08-18,79.3855
1970-08-19,71.2825
1970-08-20,65.3175
1970-08-21,65.936
1970-08-22,85.155266
1970-08-23,82.3415
1970-08-24,82.695496
1970-08-25,86.5625
1970-08-26,83.5115
1970-08-27,78.514496
1970-08-28,80.083
1970-08-29,72.5365
1970-08-30,80.006996
1970-08-31,86.38
1970-09-01,88.167366
1970-09-02,85.8735
1970-09-03,75.485
1970-09-04,87.10895
1970-09-05,80.4205
1970-09-06,76.779
1970-09-07,79.5805
1970-09-08,65.1485
1970-09-09,73.1685
1970-09-10,77.3655
1970-09-11,71.018
1970-09-12,80.0185
1970-09-13,77.9185
1970-09-14,74.6235
1970-09-15,72.093
1970-09-16,64.17
1970-09-17,84.7065
1970-09-18,81.444496
1970-09-19,87.7955
1970-09-20,85.149
1970-09-21,77.533
1970-09-22,79.264496
1970-09-23,76.963
1970-09-24,71.1575
1970-09-25,76.6165
1970-09-26,74.91
1970-09-27,76.1875
1970-09-28,67.095
1970-09-29,69.0305
1970-09-30,70.866
1970-10-01,75.9715
1970-10-02,81.733
1970-10-03,86.18474
1970-10-04,85.0375
1970-10-05,80.778
1970-10-06,83.041
1970-10-07,73.9365
1970-10-08,72.0215
1970-10-09,73.4345
1970-10-10,76.909
1970-10-11,82.7635
1970-10-12,76.438995
1970-10-13,81.368
1970-10-14,81.821495
1970-10-15,70.671
1970-10-16,72.625
1970-10-17,74.2895
1970-10-18,82.522
1970-10-19,67.628
1970-10-20,77.92
1970-10-21,82.2965
1970-10-22,81.195496
1970-10-23,86.409996
1970-10-24,83.4215
1970-10-25,83.187
1970-10-26,77.861496
1970-10-27,75.993996
1970-10-28,69.2425
1970-10-29,65.501495
1970-10-30,69.042496
1970-10-31,72.694496
1970-11-01,67.723495
1970-11-02,69.0725
1970-11-03,78.871
1970-11-04,71.0085
1970-11-05,66.028
1970-11-06,77.4365
1970-11-07,82.8425
1970-11-08,87.29211
1970-11-09,87.48316
1970-11-10,78.7665
1970-11-11,74.5545
1970-11-12,72.1655
1970-11-13,67.806496
1970-11-14,50.9015
1970-11-15,76.389
1970-11-16,89.972
1970-11-17,83.7255
1970-11-18,77.683
1970-11-19,72.6595
1970-11-20,81.416
1970-11-21,76.8865
1970-11-22,85.3
1970-11-23,91.34111
1970-11-24,91.98071
1970-11-25,88.94667
1970-11-26,90.2975
1970-11-27,88.335
1970-11-28,89.89667
1970-11-29,80.324
1970-11-30,84.1715
1970-12-01,87.01473
1970-12-02,88.8905
1970-12-03,79.7825
1970-12-04,81.8435
1970-12-05,83.1065
1970-12-06,92.24133
1970-12-07,86.385
1970-12-08,91.40579
1970-12-09,87.35111
1970-12-10,86.304
1970-12-11,85.513504
1970-12-12,86.97369
1970-12-13,88.33471
1970-12-14,91.9275
1970-12-15,92.24182
1970-12-16,91.10715
1970-12-17,90.74
1970-12-18,87.79737
1970-12-19,90.30778
1970-12-20,88.3105
1970-12-21,88.306
1970-12-22,90.986664
1970-12-23,92.332
1970-12-24,91.8425
1970-12-25,89.16706
1970-12-26,88.92
1970-12-27,87.5985
1970-12-28,85.336845
1970-12-29,84.5745
1970-12-30,84.3935
1970-12-31,82.9655
1971-01-01,84.775
1971-01-02,83.848495
1971-01-03,89.586845
1971-01-04,83.8705
1971-01-05,88.05278
1971-01-06,87.62
1971-01-07,87.4365
1971-01-08,90.43
1971-01-09,89.00875
1971-01-10,89.001335
1971-01-11,86.80688
1971-01-12,87.842224
1971-01-13,91.01909
1971-01-14,85.70105
1971-01-15,82.156
1971-01-16,88.569496
1971-01-17,91.42526
1971-01-18,92.53667
1971-01-19,90.3925
1971-01-20,89.4415
1971-01-21,78.973
1971-01-22,77.8135
1971-01-23,88.0785
1971-01-24,81.8705
1971-01-25,82.8045
1971-01-26,82.5435
1971-01-27,83.274
1971-01-28,83.097
1971-01-29,85.077
1971-01-30,82.19
1971-01-31,75.6445
1971-02-01,72.674995
1971-02-02,83.738
1971-02-03,80.6575
1971-02-04,84.9215
1971-02-05,82.02368
1971-02-06,82.695496
1971-02-07,82.187
1971-02-08,76.621
1971-02-09,73.701
1971-02-10,82.409
1971-02-11,78.7075
1971-02-12,82.9275
1971-02-13,76.3325
1971-02-14,81.2345
1971-02-15,75.413
1971-02-16,72.214
1971-02-17,85.2525
1971-02-18,86.3455
1971-02-19,81.147
1971-02-20,89.54211
1971-02-21,88.4665
1971-02-22,85.1155
1971-02-23,86.59789
1971-02-24,86.7415
1971-02-25,82.1265
1971-02-26,79.3115
1971-02-27,73.2555
1971-02-28,71.598495
1971-03-01,75.3315
1971-03-02,79.912
1971-03-03,77.549995
1971-03-04,80.5555
1971-03-05,78.5395
1971-03-06,86.7455
1971-03-07,85.687996
1971-03-08,82.062996
1971-03-09,84.7475
1971-03-10,83.39
1971-03-11,66.9925
1971-03-12,73.858
1971-03-13,73.9565
1971-03-14,67.7445
1971-03-15,77.618
1971-03-16,78.9565
1971-03-17,77.515
1971-03-18,71.837
1971-03-19,59.141
1971-03-20,58.378
1971-03-21,47.9255
1971-03-22,50.637
1971-03-23,71.2885
1971-03-24,66.9205
1971-03-25,60.231
1971-03-26,67.124
1971-03-27,69.2995
1971-03-28,73.121994
1971-03-29,85.789
1971-03-30,91.007774
1971-03-31,83.6995
1971-04-01,69.8235
1971-04-02,79.3355
1971-04-03,76.094
1971-04-04,67.086
1971-04-05,70.6155
1971-04-06,86.246
1971-04-07,85.186
1971-04-08,78.571495
1971-04-09,70.7595
1971-04-10,68.339
1971-04-11,74.543
1971-04-12,73.0735
1971-04-13,73.139496
1971-04-14,70.703995
1971-04-15,61.2085
1971-04-16,60.1885
1971-04-17,47.179
1971-04-18,67.098
1971-04-19,64.001
1971-04-20,54.414497
1971-04-21,63.5565
1971-04-22,61.613
1971-04-23,48.359
1971-04-24,69.005
1971-04-25,82.3415
1971-04-26,76.162
1971-04-27,75.638
1971-04-28,79.8045
1971-04-29,54.899998
1971-04-30,64.788
1971-05-01,66.5445
1971-05-02,84.2195
1971-05-03,86.086
1971-05-04,87.96
1971-05-05,77.022995
1971-05-06,84.7565
1971-05-07,86.752
1971-05-08,79.2175
1971-05-09,68.7595
1971-05-10,66.0535
1971-05-11,59.002
1971-05-12,60.378498
1971-05-13,53.816998
1971-05-14,62.262497
1971-05-15,62.8835
1971-05-16,64.7965
1971-05-17,58.823997
1971-05-18,59.258
1971-05-19,59.2245
1971-05-20,73.5075
1971-05-21,62.548
1971-05-22,72.815
1971-05-23,76.091995
1971-05-24,71.903
1971-05-25,61.4595
1971-05-26,59.331997
1971-05-27,60.9845
1971-05-28,77.441
1971-05-29,79.7115
1971-05-30,85.231
1971-05-31,78.76369
1971-06-01,79.2145
1971-06-02,73.696495
1971-06-03,69.8665
1971-06-04,70.9055
1971-06-05,69.016
1971-06-06,68.529
1971-06-07,71.015
1971-06-08,80.250496
1971-06-09,86.165
1971-06-10,65.4055
1971-06-11,70.6495
1971-06-12,71.6205
1971-06-13,73.340996
1971-06-14,69.001495
1971-06-15,60.325497
1971-06-16,67.6305
1971-06-17,65.7605
1971-06-18,79.405
1971-06-19,72.8285
1971-06-20,68.1145
1971-06-21,73.362
1971-06-22,73.5385
1971-06-23,70.1895
1971-06-24,65.8525
1971-06-25,68.651
1971-06-26,74.1515
1971-06-27,77.3375
1971-06-28,70.3305
1971-06-29,75.465
1971-06-30,78.553
1971-07-01,70.80299
1971-07-02,81.4345
1971-07-03,78.1415
1971-07-04,79.6735
1971-07-05,74.8565
1971-07-06,66.054
1971-07-07,62.949
1971-07-08,62.858498
1971-07-09,58.6835
1971-07-10,59.2185
1971-07-11,56.0555
1971-07-12,62.4795
1971-07-13,69.0735
1971-07-14,67.968
1971-07-15,73.1665
1971-07-16,61.4935
1971-07-17,67.9825
1971-07-18,74.9255
1971-07-19,83.9495
1971-07-20,76.807
1971-07-21,66.1965
1971-07-22,66.7325
1971-07-23,60.4655
1971-07-24,61.650497
1971-07-25,61.5985
1971-07-26,63.6125
1971-07-27,60.006
1971-07-28,65.555
1971-07-29,70.934
1971-07-30,77.056
1971-07-31,68.298996
1971-08-01,53.240498
1971-08-02,58.4475
1971-08-03,63.7705
1971-08-04,70.657
1971-08-05,74.554
1971-08-06,69.1775
1971-08-07,62.203
1971-08-08,69.973
1971-08-09,70.535995
1971-08-10,68.0635
1971-08-11,62.9235
1971-08-12,74.658
1971-08-13,72.609
1971-08-14,66.7125
1971-08-15,60.5235
1971-08-16,68.0
1971-08-17,73.317
1971-08-18,74.3795
1971-08-19,68.973
1971-08-20,62.6815
1971-08-21,58.468
1971-08-22,51.3055
1971-08-23,72.71
1971-08-24,75.988495
1971-08-25,72.601
1971-08-26,68.454
1971-08-27,76.736
1971-08-28,75.016495
1971-08-29,69.08
1971-08-30,65.410995
1971-08-31,72.3735
1971-09-01,78.44
1971-09-02,76.7805
1971-09-03,70.6935
1971-09-04,69.974
1971-09-05,69.793495
1971-09-06,70.217
1971-09-07,72.772
1971-09-08,78.9155
1971-09-09,73.909996
1971-09-10,66.881
1971-09-11,73.16
1971-09-12,72.2335
1971-09-13,78.241
1971-09-14,72.866
1971-09-15,83.3555
1971-09-16,78.33
1971-09-17,80.222496
1971-09-18,87.156
1971-09-19,75.015
1971-09-20,76.259995
1971-09-21,72.6805
1971-09-22,69.3265
1971-09-23,66.164
1971-09-24,71.697
1971-09-25,76.717
1971-09-26,79.239
1971-09-27,64.221
1971-09-28,68.6165
1971-09-29,84.189476
1971-09-30,89.91944
1971-10-01,83.2625
1971-10-02,81.917
1971-10-03,73.8225
1971-10-04,77.5305
1971-10-05,72.955
1971-10-06,73.9435
1971-10-07,64.1695
1971-10-08,56.536
1971-10-09,55.9165
1971-10-10,65.8445
1971-10-11,73.8415
1971-10-12,73.2475
1971-10-13,66.488
1971-10-14,64.931
1971-10-15,83.20737
1971-10-16,85.6525
1971-10-17,83.67
1971-10-18,80.9915
1971-10-19,75.1235
1971-10-20,73.4375
1971-10-21,71.896996
1971-10-22,70.766
1971-10-23,57.6345
1971-10-24,61.969498
1971-10-25,65.8915
1971-10-26,64.5245
1971-10-27,66.090996
1971-10-28,71.479
1971-10-29,73.097
1971-10-30,77.1275
1971-10-31,84.088
1971-11-01,89.22263
1971-11-02,89.53909
1971-11-03,87.71438
1971-11-04,88.563995
1971-11-05,74.055
1971-11-06,72.4355
1971-11-07,80.317
1971-11-08,82.7245
1971-11-09,74.222496
1971-11-10,73.3745
1971-11-11,85.04211
1971-11-12,87.96737
1971-11-13,90.374
1971-11-14,88.49
1971-11-15,84.18
1971-11-16,86.25632
1971-11-17,76.4125
1971-11-18,73.031
1971-11-19,78.596
1971-11-20,86.238
1971-11-21,82.226
1971-11-22,77.403
1971-11-23,85.467896
1971-11-24,87.481
1971-11-25,90.810524
1971-11-26,88.76688
1971-11-27,84.5095
1971-11-28,76.3095
1971-11-29,78.6785
1971-11-30,86.94737
1971-12-01,91.80538
1971-12-02,90.65714
1971-12-03,90.06944
1971-12-04,91.36667
1971-12-05,90.50083
1971-12-06,90.47706
1971-12-07,85.349
1971-12-08,85.64737
1971-12-09,82.5465
1971-12-10,85.517
1971-12-11,90.72125
1971-12-12,85.093155
1971-12-13,79.7015
1971-12-14,90.343124
1971-12-15,87.49934
1971-12-16,85.5155
1971-12-17,83.292
1971-12-18,87.82267
1971-12-19,85.83389
1971-12-20,89.414734
1971-12-21,90.86882
1971-12-22,90.85353
1971-12-23,88.16611
1971-12-24,79.2385
1971-12-25,86.16778
1971-12-26,90.66615
1971-12-27,92.847
1971-12-28,90.88643
1971-12-29,91.409996
1971-12-30,90.83389
1971-12-31,86.91105
1972-01-01,81.133
1972-01-02,85.509
1972-01-03,82.4715
1972-01-04,79.835
1972-01-05,89.649475
1972-01-06,88.92684
1972-01-07,89.632774
1972-01-08,89.623
1972-01-09,90.01111
1972-01-10,88.111176
1972-01-11,84.6375
1972-01-12,67.576996
1972-01-13,69.975
1972-01-14,64.157
1972-01-15,65.904
1972-01-16,62.526497
1972-01-17,58.2385
1972-01-18,59.4745
1972-01-19,69.11
1972-01-20,76.368996
1972-01-21,73.124
1972-01-22,79.582
1972-01-23,81.0055
1972-01-24,82.767
1972-01-25,81.0635
1972-01-26,78.1895
1972-01-27,72.2945
1972-01-28,72.22
1972-01-29,86.09631
1972-01-30,87.2975
1972-01-31,88.9305
1972-02-01,76.6515
1972-02-02,63.5785
1972-02-03,59.704998
1972-02-04,58.059998
1972-02-05,59.098
1972-02-06,65.225
1972-02-07,67.245
1972-02-08,73.029
1972-02-09,71.946
1972-02-10,83.5925
1972-02-11,76.476
1972-02-12,71.383
1972-02-13,86.958496
1972-02-14,92.05923
1972-02-15,91.098
1972-02-16,85.1925
1972-02-17,77.215
1972-02-18,80.7985
1972-02-19,74.794
1972-02-20,71.0875
1972-02-21,83.4125
1972-02-22,87.661
1972-02-23,87.794
1972-02-24,89.75222
1972-02-25,86.986115
1972-02-26,85.4355
1972-02-27,84.47316
1972-02-28,85.41789
1972-02-29,83.84
1972-03-01,84.9125
1972-03-02,86.85684
1972-03-03,77.297
1972-03-04,80.992
1972-03-05,65.961
1972-03-06,65.771996
1972-03-07,67.4275
1972-03-08,69.319
1972-03-09,73.1865
1972-03-10,73.0245
1972-03-11,72.7625
1972-03-12,62.345997
1972-03-13,56.062
1972-03-14,48.3505
1972-03-15,50.5645
1972-03-16,54.7305
1972-03-17,55.9845
1972-03-18,58.73
1972-03-19,56.559498
1972-03-20,55.5305
1972-03-21,63.35
1972-03-22,62.114
1972-03-23,53.598
1972-03-24,62.4675
1972-03-25,57.726498
1972-03-26,47.128998
1972-03-27,49.7175
1972-03-28,57.0575
1972-03-29,58.464497
1972-03-30,57.2635
1972-03-31,46.8975
1972-04-01,50.6
1972-04-02,57.954998
1972-04-03,70.709496
1972-04-04,52.4905
1972-04-05,48.130997
1972-04-06,73.914
1972-04-07,51.335
1972-04-08,43.4825
1972-04-09,67.234
1972-04-10,62.923
1972-04-11,38.892
1972-04-12,52.25
1972-04-13,70.04
1972-04-14,79.992
1972-04-15,77.0625
1972-04-16,77.0605
1972-04-17,75.774
1972-04-18,73.459496
1972-04-19,77.417
1972-04-20,80.667
1972-04-21,74.5755
1972-04-22,70.868
1972-04-23,77.81421
1972-04-24,65.354996
1972-04-25,81.97053
1972-04-26,82.5495
1972-04-27,78.0535
1972-04-28,66.812996
1972-04-29,58.767998
1972-04-30,54.4195
1972-05-01,60.2515
1972-05-02,62.0965
1972-05-03,86.906
1972-05-04,82.491
1972-05-05,80.4325
1972-05-06,72.821
1972-05-07,74.2835
1972-05-08,73.034996
1972-05-09,73.0535
1972-05-10,76.159996
1972-05-11,85.54889
1972-05-12,90.05527
1972-05-13,72.7215
1972-05-14,74.053
1972-05-15,62.1975
1972-05-16,48.1865
1972-05-17,78.4335
1972-05-18,63.519
1972-05-19,63.1125
1972-05-20,74.172
1972-05-21,68.5735
1972-05-22,76.6425
1972-05-23,66.99
1972-05-24,62.589
1972-05-25,69.1155
1972-05-26,59.887
1972-05-27,66.333496
1972-05-28,75.524
1972-05-29,63.1065
1972-05-30,62.8285
1972-05-31,69.425995
1972-06-01,84.2645
1972-06-02,75.399
1972-06-03,81.71
1972-06-04,78.009
1972-06-05,68.9535
1972-06-06,64.9205
1972-06-07,50.192497
1972-06-08,57.5905
1972-06-09,63.3835
1972-06-10,69.5
1972-06-11,59.251
1972-06-12,54.656
1972-06-13,64.8715
1972-06-14,59.2625
1972-06-15,49.226997
1972-06-16,59.1835
1972-06-17,58.2895
1972-06-18,72.6605
1972-06-19,65.004
1972-06-20,57.1695
1972-06-21,50.5785
1972-06-22,53.155
1972-06-23,60.7405
1972-06-24,82.963
1972-06-25,77.81
1972-06-26,65.157
1972-06-27,78.314
1972-06-28,76.7075
1972-06-29,67.385
1972-06-30,66.8845
1972-07-01,76.254
1972-07-02,66.499
1972-07-03,58.3805
1972-07-04,68.488
1972-07-05,63.107
1972-07-06,54.376
1972-07-07,62.1175
1972-07-08,64.615
1972-07-09,58.695
1972-07-10,60.6745
1972-07-11,70.399
1972-07-12,81.3835
1972-07-13,84.4875
1972-07-14,82.246
1972-07-15,57.452
1972-07-16,43.303997
1972-07-17,58.8945
1972-07-18,73.038
1972-07-19,70.69
1972-07-20,73.008
1972-07-21,78.351
1972-07-22,77.5745
1972-07-23,76.1075
1972-07-24,69.872
1972-07-25,69.234
1972-07-26,81.0225
1972-07-27,88.6485
1972-07-28,78.692
1972-07-29,63.995
1972-07-30,68.862495
1972-07-31,74.3175
1972-08-01,77.043
1972-08-02,73.903496
1972-08-03,85.4545
1972-08-04,82.017
1972-08-05,71.7705
1972-08-06,69.4135
1972-08-07,68.7585
1972-08-08,68.7125
1972-08-09,68.782
1972-08-10,63.114
1972-08-11,65.073
1972-08-12,64.2325
1972-08-13,66.574
1972-08-14,65.19
1972-08-15,60.206997
1972-08-16,52.0205
1972-08-17,71.47
1972-08-18,82.111496
1972-08-19,85.5935
1972-08-20,91.11263
1972-08-21,88.39421
1972-08-22,88.628334
1972-08-23,84.113
1972-08-24,77.0325
1972-08-25,73.251495
1972-08-26,70.06
1972-08-27,74.2315
1972-08-28,73.064995
1972-08-29,77.7385
1972-08-30,75.823
1972-08-31,87.38263
1972-09-01,71.4665
1972-09-02,76.3375
1972-09-03,73.46
1972-09-04,74.106
1972-09-05,71.910995
1972-09-06,67.367
1972-09-07,66.5305
1972-09-08,70.5935
1972-09-09,70.7455
1972-09-10,74.7185
1972-09-11,82.9775
1972-09-12,87.01
1972-09-13,83.205
1972-09-14,77.664
1972-09-15,75.678
1972-09-16,88.03368
1972-09-17,79.9115
1972-09-18,79.4505
1972-09-19,79.746
1972-09-20,81.283
1972-09-21,85.395996
1972-09-22,80.843
1972-09-23,76.809
1972-09-24,80.2835
1972-09-25,83.5135
1972-09-26,80.6145
1972-09-27,86.2315
1972-09-28,74.066
1972-09-29,66.414
1972-09-30,73.2635
1972-10-01,71.1645
1972-10-02,74.9665
1972-10-03,83.272995
1972-10-04,82.8245
1972-10-05,84.5745
1972-10-06,84.406
1972-10-07,84.9755
1972-10-08,87.1195
1972-10-09,90.72929
1972-10-10,86.78316
1972-10-11,77.9005
1972-10-12,73.6715
1972-10-13,67.9685
1972-10-14,72.807
1972-10-15,77.621
1972-10-16,73.0185
1972-10-17,72.687
1972-10-18,72.568
1972-10-19,68.7865
1972-10-20,57.954998
1972-10-21,68.181
1972-10-22,79.33
1972-10-23,77.311
1972-10-24,71.381996
1972-10-25,61.490997
1972-10-26,65.608
1972-10-27,56.14
1972-10-28,47.6975
1972-10-29,64.5125
1972-10-30,82.761
1972-10-31,77.385
1972-11-01,87.7455
1972-11-02,86.98294
1972-11-03,79.61263
1972-11-04,83.577896
1972-11-05,85.6545
1972-11-06,79.2665
1972-11-07,82.306496
1972-11-08,81.023
1972-11-09,85.4675
1972-11-10,88.219
1972-11-11,80.215
1972-11-12,88.81944
1972-11-13,77.2835
1972-11-14,63.808
1972-11-15,87.027
1972-11-16,79.0415
1972-11-17,74.866
1972-11-18,82.371
1972-11-19,83.382996
1972-11-20,76.2565
1972-11-21,86.2315
1972-11-22,87.5965
1972-11-23,86.89421
1972-11-24,91.975
1972-11-25,87.733154
1972-11-26,90.274376
1972-11-27,86.5295
1972-11-28,82.931
1972-11-29,78.5115
1972-11-30,77.766
1972-12-01,70.6195
1972-12-02,72.808
1972-12-03,76.5115
1972-12-04,80.8245
1972-12-05,90.06588
1972-12-06,90.59
1972-12-07,82.371574
1972-12-08,78.973495
1972-12-09,83.187996
1972-12-10,88.14158
1972-12-11,81.339
1972-12-12,84.323
1972-12-13,78.7145
1972-12-14,78.68895
1972-12-15,82.2405
1972-12-16,88.7375
1972-12-17,88.25611
1972-12-18,87.15631
1972-12-19,88.674736
1972-12-20,75.9685
1972-12-21,80.773
1972-12-22,84.5565
1972-12-23,80.088
1972-12-24,82.6455
1972-12-25,85.76316
1972-12-26,86.7005
1972-12-27,77.346
1972-12-28,64.6285
1972-12-29,68.449
1972-12-30,65.1725
1972-12-31,67.6175
1973-01-01,56.0365
1973-01-02,55.9715
1973-01-03,77.763
1973-01-04,82.81105
1973-01-05,90.38846
1973-01-06,91.16111
1973-01-07,90.195625
1973-01-08,89.419
1973-01-09,87.7145
1973-01-10,85.0915
1973-01-11,83.7985
1973-01-12,76.9545
1973-01-13,75.5165
1973-01-14,73.3885
1973-01-15,69.257996
1973-01-16,71.8115
1973-01-17,74.0325
1973-01-18,79.1165
1973-01-19,91.15158
1973-01-20,88.8425
1973-01-21,84.4895
1973-01-22,80.0955
1973-01-23,82.302
1973-01-24,82.723
1973-01-25,76.8725
1973-01-26,71.352
1973-01-27,73.8385
1973-01-28,77.374
1973-01-29,82.24579
1973-01-30,83.427
1973-01-31,85.57579
1973-02-01,86.31824
1973-02-02,89.03526
1973-02-03,88.70895
1973-02-04,87.59778
1973-02-05,89.95333
1973-02-06,85.0985
1973-02-07,77.1435
1973-02-08,75.641
1973-02-09,65.438995
1973-02-10,73.529
1973-02-11,86.807
1973-02-12,74.3985
1973-02-13,64.836
1973-02-14,65.0825
1973-02-15,80.2415
1973-02-16,86.032104
1973-02-17,83.9005
1973-02-18,79.7625
1973-02-19,77.119995
1973-02-20,85.2765
1973-02-21,91.49368
1973-02-22,81.895
1973-02-23,74.377
1973-02-24,78.347
1973-02-25,85.988
1973-02-26,79.274
1973-02-27,79.451
1973-02-28,80.0875
1973-03-01,76.779495
1973-03-02,73.002495
1973-03-03,75.183
1973-03-04,73.8505
1973-03-05,69.208
1973-03-06,67.3265
1973-03-07,72.664
1973-03-08,77.817
1973-03-09,80.4855
1973-03-10,79.217
1973-03-11,77.7305
1973-03-12,67.820496
1973-03-13,63.3535
1973-03-14,78.9025
1973-03-15,75.1555
1973-03-16,72.048996
1973-03-17,57.8155
1973-03-18,71.3425
1973-03-19,77.078995
1973-03-20,61.513
1973-03-21,68.708496
1973-03-22,62.318
1973-03-23,60.0615
1973-03-24,58.447998
1973-03-25,54.289997
1973-03-26,53.5725
1973-03-27,56.4885
1973-03-28,59.927
1973-03-29,50.856
1973-03-30,46.003498
1973-03-31,40.447998
1973-04-01,70.076
1973-04-02,59.954
1973-04-03,56.2135
1973-04-04,81.7615
1973-04-05,86.414
1973-04-06,75.608
1973-04-07,65.278496
1973-04-08,66.2315
1973-04-09,61.214
1973-04-10,28.215996
1973-04-11,66.488
1973-04-12,65.8675
1973-04-13,79.553
1973-04-14,79.9755
1973-04-15,77.8145
1973-04-16,74.918
1973-04-17,68.8715
1973-04-18,73.559
1973-04-19,58.5655
1973-04-20,77.9365
1973-04-21,75.098495
1973-04-22,73.5935
1973-04-23,65.2675
1973-04-24,71.117
1973-04-25,87.45895
1973-04-26,78.4365
1973-04-27,68.2195
1973-04-28,59.7595
1973-04-29,57.9255
1973-04-30,80.098495
1973-05-01,61.283
1973-05-02,53.822998
1973-05-03,58.824497
1973-05-04,66.187996
1973-05-05,53.816498
1973-05-06,64.665
1973-05-07,73.36
1973-05-08,61.772
1973-05-09,67.6505
1973-05-10,80.3445
1973-05-11,81.362495
1973-05-12,68.3255
1973-05-13,68.644
1973-05-14,61.327
1973-05-15,65.5135
1973-05-16,66.8785
1973-05-17,76.280495
1973-05-18,58.637997
1973-05-19,54.8285
1973-05-20,66.992
1973-05-21,66.132996
1973-05-22,65.256
1973-05-23,61.919
1973-05-24,63.659
1973-05-25,65.141495
1973-05-26,75.9825
1973-05-27,83.0215
1973-05-28,77.2455
1973-05-29,64.657
1973-05-30,53.241997
1973-05-31,57.8715
1973-06-01,58.834
1973-06-02,50.667
1973-06-03,71.631
1973-06-04,81.8085
1973-06-05,76.3025
1973-06-06,75.24
1973-06-07,79.923996
1973-06-08,81.0225
1973-06-09,77.7205
1973-06-10,82.209
1973-06-11,75.802
1973-06-12,65.751
1973-06-13,63.837997
1973-06-14,69.514
1973-06-15,69.6985
1973-06-16,63.174
1973-06-17,61.8275
1973-06-18,58.9545
1973-06-19,78.288994
1973-06-20,75.5845
1973-06-21,69.315
1973-06-22,68.0555
1973-06-23,75.423996
1973-06-24,84.02684
1973-06-25,80.185
1973-06-26,67.992
1973-06-27,63.702
1973-06-28,60.136497
1973-06-29,63.054
1973-06-30,87.768
1973-07-01,86.8365
1973-07-02,77.7595
1973-07-03,68.363
1973-07-04,80.6585
1973-07-05,85.566
1973-07-06,81.7065
1973-07-07,73.3815
1973-07-08,76.449
1973-07-09,77.9155
1973-07-10,73.881996
1973-07-11,79.947
1973-07-12,75.3175
1973-07-13,79.0325
1973-07-14,70.793
1973-07-15,64.3535
1973-07-16,60.769
1973-07-17,62.5975
1973-07-18,59.969498
1973-07-19,57.337997
1973-07-20,63.781998
1973-07-21,64.533
1973-07-22,70.873
1973-07-23,70.7745
1973-07-24,75.919
1973-07-25,77.3845
1973-07-26,70.4705
1973-07-27,78.0935
1973-07-28,78.181
1973-07-29,78.6925
1973-07-30,77.462
1973-07-31,71.819
1973-08-01,64.5195
1973-08-02,60.481
1973-08-03,65.138
1973-08-04,66.9345
1973-08-05,69.369
1973-08-06,67.6435
1973-08-07,54.6625
1973-08-08,59.6555
1973-08-09,55.8645
1973-08-10,55.112
1973-08-11,60.368
1973-08-12,60.3305
1973-08-13,68.363
1973-08-14,69.375
1973-08-15,70.1845
1973-08-16,63.5425
1973-08-17,62.7505
1973-08-18,65.621
1973-08-19,66.8995
1973-08-20,70.8655
1973-08-21,66.1725
1973-08-22,61.6905
1973-08-23,64.7855
1973-08-24,64.9805
1973-08-25,67.806
1973-08-26,59.5225
1973-08-27,68.02
1973-08-28,68.3415
1973-08-29,71.964
1973-08-30,77.558
1973-08-31,65.3125
1973-09-01,70.926
1973-09-02,65.7125
1973-09-03,74.375
1973-09-04,71.692
1973-09-05,66.54
1973-09-06,59.156
1973-09-07,62.571
1973-09-08,68.898
1973-09-09,64.089
1973-09-10,57.996
1973-09-11,58.014
1973-09-12,58.1675
1973-09-13,57.6385
1973-09-14,53.829
1973-09-15,57.3535
1973-09-16,56.651997
1973-09-17,65.382996
1973-09-18,66.607
1973-09-19,67.264496
1973-09-20,82.807495
1973-09-21,68.3445
1973-09-22,70.937996
1973-09-23,72.9275
1973-09-24,78.848495
1973-09-25,79.2215
1973-09-26,81.094
1973-09-27,85.18
1973-09-28,90.97945
1973-09-29,74.641
1973-09-30,77.329994
1973-10-01,82.3375
1973-10-02,84.088
1973-10-03,80.548
1973-10-04,74.11
1973-10-05,70.4915
1973-10-06,67.382996
1973-10-07,70.365
1973-10-08,70.6235
1973-10-09,73.837
1973-10-10,75.6775
1973-10-11,68.2075
1973-10-12,76.2405
1973-10-13,69.322
1973-10-14,69.7605
1973-10-15,70.3305
1973-10-16,65.085495
1973-10-17,64.071
1973-10-18,71.356
1973-10-19,52.3695
1973-10-20,60.9885
1973-10-21,67.4025
1973-10-22,77.2205
1973-10-23,70.2535
1973-10-24,74.7975
1973-10-25,75.928
1973-10-26,70.324
1973-10-27,73.8555
1973-10-28,80.9635
1973-10-29,72.9
1973-10-30,71.765
1973-10-31,67.854
1973-11-01,66.115
1973-11-02,69.5605
1973-11-03,65.436
1973-11-04,56.8395
1973-11-05,57.458
1973-11-06,62.7175
1973-11-07,81.596
1973-11-08,82.273
1973-11-09,83.4535
1973-11-10,84.608
1973-11-11,79.560524
1973-11-12,83.3
1973-11-13,79.859
1973-11-14,77.8965
1973-11-15,77.541
1973-11-16,79.953
1973-11-17,70.305
1973-11-18,74.073494
1973-11-19,61.587997
1973-11-20,72.0995
1973-11-21,68.491
1973-11-22,69.3765
1973-11-23,69.602
1973-11-24,70.1965
1973-11-25,60.5885
1973-11-26,73.9005
1973-11-27,82.3575
1973-11-28,83.121
1973-11-29,72.562
1973-11-30,81.4545
1973-12-01,76.333496
1973-12-02,77.136
1973-12-03,76.6495
1973-12-04,73.264
1973-12-05,83.608
1973-12-06,74.37
1973-12-07,78.8075
1973-12-08,80.041
1973-12-09,78.8525
1973-12-10,80.076996
1973-12-11,71.209
1973-12-12,75.537
1973-12-13,76.196495
1973-12-14,80.857
1973-12-15,81.761
1973-12-16,80.6605
1973-12-17,70.826
1973-12-18,77.728
1973-12-19,81.4545
1973-12-20,74.169
1973-12-21,68.6865
1973-12-22,76.696
1973-12-23,81.76632
1973-12-24,76.5115
1973-12-25,76.723495
1973-12-26,85.593155
1973-12-27,84.62316
1973-12-28,88.425
1973-12-29,89.20706
1973-12-30,84.89777
1973-12-31,83.7135
1974-01-01,88.22471
1974-01-02,80.278
1974-01-03,84.2375
1974-01-04,81.9895
1974-01-05,85.1815
1974-01-06,88.54474
1974-01-07,91.1575
1974-01-08,86.236
1974-01-09,77.5605
1974-01-10,75.068
1974-01-11,77.548
1974-01-12,85.924446
1974-01-13,82.5935
1974-01-14,69.478
1974-01-15,71.4835
1974-01-16,79.1745
1974-01-17,85.4155
1974-01-18,85.0585
1974-01-19,87.55
1974-01-20,84.002106
1974-01-21,84.96684
1974-01-22,86.41167
1974-01-23,85.65389
1974-01-24,84.812
1974-01-25,90.50579
1974-01-26,84.9985
1974-01-27,78.1445
1974-01-28,90.18737
1974-01-29,82.808
1974-01-30,81.661
1974-01-31,71.81
1974-02-01,78.889496
1974-02-02,81.270996
1974-02-03,77.885
1974-02-04,83.6755
1974-02-05,87.777
1974-02-06,70.287
1974-02-07,82.3775
1974-02-08,76.101
1974-02-09,74.0365
1974-02-10,68.836
1974-02-11,71.5825
1974-02-12,67.4435
1974-02-13,71.093
1974-02-14,76.2145
1974-02-15,78.043495
1974-02-16,71.8455
1974-02-17,66.7415
1974-02-18,72.3785
1974-02-19,70.181496
1974-02-20,89.44632
1974-02-21,84.618
1974-02-22,84.0185
1974-02-23,84.4855
1974-02-24,77.721054
1974-02-25,78.322
1974-02-26,68.624
1974-02-27,61.8415
1974-02-28,53.677998
1974-03-01,53.593
1974-03-02,51.1955
1974-03-03,65.6415
1974-03-04,56.649498
1974-03-05,64.875496
1974-03-06,77.3985
1974-03-07,87.40053
1974-03-08,78.305
1974-03-09,76.807
1974-03-10,78.6825
1974-03-11,81.624
1974-03-12,70.162994
1974-03-13,59.591
1974-03-14,61.62
1974-03-15,67.506
1974-03-16,65.347496
1974-03-17,64.1335
1974-03-18,62.810997
1974-03-19,50.503
1974-03-20,49.888
1974-03-21,44.981
1974-03-22,52.722
1974-03-23,52.707
1974-03-24,64.078
1974-03-25,59.7855
1974-03-26,58.375
1974-03-27,52.3735
1974-03-28,46.829
1974-03-29,42.871998
1974-03-30,51.3475
1974-03-31,60.4505
1974-04-01,57.5785
1974-04-02,54.0845
1974-04-03,44.1555
1974-04-04,51.4515
1974-04-05,55.495
1974-04-06,49.739998
1974-04-07,58.302498
1974-04-08,58.5605
1974-04-09,60.5365
1974-04-10,54.3645
1974-04-11,42.136997
1974-04-12,50.0495
1974-04-13,61.690998
1974-04-14,60.356
1974-04-15,74.8375
1974-04-16,69.2955
1974-04-17,76.469
1974-04-18,71.796
1974-04-19,59.105
1974-04-20,65.474
1974-04-21,68.6615
1974-04-22,74.8555
1974-04-23,67.747
1974-04-24,57.3815
1974-04-25,73.4425
1974-04-26,82.319
1974-04-27,77.089
1974-04-28,62.399498
1974-04-29,65.437996
1974-04-30,61.642498
1974-05-01,79.877
1974-05-02,89.238335
1974-05-03,80.06
1974-05-04,69.378
1974-05-05,75.005
1974-05-06,72.7
1974-05-07,77.272
1974-05-08,76.317
1974-05-09,68.267
1974-05-10,71.1215
1974-05-11,59.823997
1974-05-12,79.8915
1974-05-13,79.6245
1974-05-14,76.7555
1974-05-15,87.18474
1974-05-16,91.0475
1974-05-17,80.7295
1974-05-18,79.249
1974-05-19,73.508995
1974-05-20,61.5575
1974-05-21,81.2275
1974-05-22,82.4935
1974-05-23,77.1275
1974-05-24,74.0895
1974-05-25,77.9555
1974-05-26,72.808
1974-05-27,73.437996
1974-05-28,65.7845
1974-05-29,72.604996
1974-05-30,78.309
1974-05-31,69.445496
1974-06-01,88.2025
1974-06-02,85.8695
1974-06-03,75.4855
1974-06-04,77.5415
1974-06-05,64.8565
1974-06-06,74.5025
1974-06-07,91.09421
1974-06-08,65.938995
1974-06-09,69.02
1974-06-10,84.5135
1974-06-11,90.57176
1974-06-12,77.19
1974-06-13,85.24
1974-06-14,85.12527
1974-06-15,79.961
1974-06-16,78.8045
1974-06-17,82.4735
1974-06-18,74.979004
1974-06-19,81.779
1974-06-20,76.601
1974-06-21,72.005
1974-06-22,75.932
1974-06-23,68.956
1974-06-24,74.4095
1974-06-25,75.389496
1974-06-26,69.8815
1974-06-27,65.501
1974-06-28,66.2905
1974-06-29,76.1295
1974-06-30,74.517
1974-07-01,67.163
1974-07-02,76.254
1974-07-03,58.1055
1974-07-04,69.426
1974-07-05,63.709
1974-07-06,58.344997
1974-07-07,77.06
1974-07-08,74.293495
1974-07-09,68.546
1974-07-10,78.894
1974-07-11,72.0465
1974-07-12,71.619995
1974-07-13,64.9205
1974-07-14,58.666
1974-07-15,72.433
1974-07-16,68.090996
1974-07-17,65.253
1974-07-18,73.743996
1974-07-19,83.143
1974-07-20,78.7005
1974-07-21,85.297
1974-07-22,86.735
1974-07-23,90.950584
1974-07-24,70.8145
1974-07-25,75.3155
1974-07-26,72.155
1974-07-27,66.0885
1974-07-28,64.1735
1974-07-29,58.116997
1974-07-30,58.8955
1974-07-31,66.1085
1974-08-01,62.158
1974-08-02,69.338
1974-08-03,68.5895
1974-08-04,67.967
1974-08-05,62.4175
1974-08-06,69.074
1974-08-07,68.269
1974-08-08,59.538498
1974-08-09,75.694496
1974-08-10,63.372997
1974-08-11,82.6635
1974-08-12,83.9365
1974-08-13,72.0685
1974-08-14,73.3285
1974-08-15,71.616
1974-08-16,71.327
1974-08-17,73.2065
1974-08-18,64.1185
1974-08-19,64.805
1974-08-20,72.428
1974-08-21,73.5535
1974-08-22,77.4125
1974-08-23,81.125
1974-08-24,77.861496
1974-08-25,73.9565
1974-08-26,68.5685
1974-08-27,69.930504
1974-08-28,64.3695
1974-08-29,60.573498
1974-08-30,72.571
1974-08-31,67.965
1974-09-01,59.976997
1974-09-02,67.664
1974-09-03,67.473
1974-09-04,67.731995
1974-09-05,70.431496
1974-09-06,62.968998
1974-09-07,71.4055
1974-09-08,75.9655
1974-09-09,67.497
1974-09-10,68.812004
1974-09-11,73.498
1974-09-12,73.2895
1974-09-13,69.2375
1974-09-14,77.438995
1974-09-15,81.241
1974-09-16,69.154495
1974-09-17,67.545
1974-09-18,64.1565
1974-09-19,70.9555
1974-09-20,67.259
1974-09-21,78.390495
1974-09-22,79.557495
1974-09-23,88.352
1974-09-24,70.7305
1974-09-25,80.2765
1974-09-26,85.156
1974-09-27,73.0455
1974-09-28,72.284
1974-09-29,65.811
1974-09-30,81.666
1974-10-01,92.531425
1974-10-02,85.044
1974-10-03,85.09579
1974-10-04,79.5575
1974-10-05,87.2465
1974-10-06,93.649
1974-10-07,88.604996
1974-10-08,84.88
1974-10-09,76.9965
1974-10-10,73.0165
1974-10-11,73.5435
1974-10-12,73.67
1974-10-13,92.08353
1974-10-14,94.17
1974-10-15,90.744446
1974-10-16,88.575264
1974-10-17,75.261
1974-10-18,81.756
1974-10-19,73.307
1974-10-20,75.006996
1974-10-21,88.592
1974-10-22,74.473
1974-10-23,81.4505
1974-10-24,83.856
1974-10-25,81.983
1974-10-26,82.08579
1974-10-27,77.9825
1974-10-28,79.973
1974-10-29,92.29833
1974-10-30,91.00714
1974-10-31,79.9115
1974-11-01,82.7455
1974-11-02,77.5215
1974-11-03,84.472
1974-11-04,79.08
1974-11-05,72.7725
1974-11-06,86.40684
1974-11-07,87.96333
1974-11-08,89.37929
1974-11-09,88.7345
1974-11-10,85.71263
1974-11-11,84.3065
1974-11-12,81.84052
1974-11-13,85.5495
1974-11-14,81.989
1974-11-15,78.432495
1974-11-16,73.2745
1974-11-17,84.256
1974-11-18,81.913
1974-11-19,74.8025
1974-11-20,80.574
1974-11-21,84.86
1974-11-22,88.378334
1974-11-23,90.82235
1974-11-24,81.243996
1974-11-25,79.481
1974-11-26,89.26625
1974-11-27,87.3285
1974-11-28,82.099
1974-11-29,80.722496
1974-11-30,85.881
1974-12-01,83.466995
1974-12-02,91.195885
1974-12-03,91.35066
1974-12-04,90.0465
1974-12-05,88.373
1974-12-06,80.996
1974-12-07,89.66263
1974-12-08,91.55692
1974-12-09,85.461
1974-12-10,85.7885
1974-12-11,85.202
1974-12-12,88.32445
1974-12-13,91.20187
1974-12-14,92.29364
1974-12-15,91.37053
1974-12-16,91.211334
1974-12-17,81.881996
1974-12-18,86.3
1974-12-19,86.1635
1974-12-20,85.0095
1974-12-21,82.2575
1974-12-22,86.592
1974-12-23,90.69375
1974-12-24,88.93647
1974-12-25,92.09059
1974-12-26,90.27737
1974-12-27,87.29948
1974-12-28,85.6805
1974-12-29,78.632996
1974-12-30,80.318
1974-12-31,80.6755
1975-01-01,86.45368
1975-01-02,91.86091
1975-01-03,92.85333
1975-01-04,87.82421
1975-01-05,84.692
1975-01-06,76.703
1975-01-07,74.559
1975-01-08,85.7195
1975-01-09,81.5175
1975-01-10,75.965
1975-01-11,79.44
1975-01-12,79.686
1975-01-13,81.864
1975-01-14,85.76
1975-01-15,80.881
1975-01-16,70.3055
1975-01-17,71.9485
1975-01-18,72.82
1975-01-19,67.5475
1975-01-20,89.6879
1975-01-21,91.66929
1975-01-22,87.24263
1975-01-23,82.0585
1975-01-24,83.103
1975-01-25,78.9855
1975-01-26,86.68737
1975-01-27,66.7035
1975-01-28,81.08526
1975-01-29,86.39
1975-01-30,83.6645
1975-01-31,83.752
1975-02-01,83.14
1975-02-02,88.941666
1975-02-03,85.6815
1975-02-04,74.705
1975-02-05,74.574
1975-02-06,80.868
1975-02-07,82.270996
1975-02-08,68.4275
1975-02-09,68.3775
1975-02-10,68.514
1975-02-11,65.811
1975-02-12,71.0725
1975-02-13,74.4825
1975-02-14,73.733
1975-02-15,66.9685
1975-02-16,72.1605
1975-02-17,71.5315
1975-02-18,63.2845
1975-02-19,74.7615
1975-02-20,77.320496
1975-02-21,75.556
1975-02-22,69.7265
1975-02-23,69.5715
1975-02-24,68.8805
1975-02-25,75.409996
1975-02-26,65.773
1975-02-27,59.9885
1975-02-28,58.775997
1975-03-01,61.6455
1975-03-02,62.683
1975-03-03,58.7445
1975-03-04,60.4935
1975-03-05,56.441498
1975-03-06,63.6315
1975-03-07,70.960495
1975-03-08,63.6305
1975-03-09,56.561
1975-03-10,56.17
1975-03-11,69.2245
1975-03-12,66.793
1975-03-13,73.519
1975-03-14,73.857
1975-03-15,76.305
1975-03-16,79.425995
1975-03-17,83.91631
1975-03-18,78.6185
1975-03-19,70.1835
1975-03-20,73.0405
1975-03-21,71.3725
1975-03-22,78.9575
1975-03-23,81.446
1975-03-24,85.4755
1975-03-25,84.355
1975-03-26,67.979
1975-03-27,62.709
1975-03-28,74.014
1975-03-29,77.227
1975-03-30,87.3855
1975-03-31,75.0965
1975-04-01,82.9315
1975-04-02,79.419
1975-04-03,79.481
1975-04-04,62.9115
1975-04-05,47.195
1975-04-06,38.779472
1975-04-07,46.978
1975-04-08,73.903496
1975-04-09,61.7805
1975-04-10,71.9165
1975-04-11,83.352
1975-04-12,68.4955
1975-04-13,66.279495
1975-04-14,66.8395
1975-04-15,69.103
1975-04-16,67.165
1975-04-17,81.141
1975-04-18,72.222496
1975-04-19,68.528496
1975-04-20,62.117
1975-04-21,64.44
1975-04-22,69.965996
1975-04-23,90.44474
1975-04-24,78.196495
1975-04-25,71.5085
1975-04-26,76.025
1975-04-27,79.04
1975-04-28,69.5445
1975-04-29,58.842
1975-04-30,59.2925
1975-05-01,74.468
1975-05-02,90.35842
1975-05-03,88.185265
1975-05-04,82.4555
1975-05-05,70.369995
1975-05-06,59.749
1975-05-07,62.1255
1975-05-08,61.379997
1975-05-09,77.3005
1975-05-10,75.8085
1975-05-11,66.083496
1975-05-12,66.723
1975-05-13,70.3555
1975-05-14,73.0955
1975-05-15,74.68
1975-05-16,69.302
1975-05-17,69.759
1975-05-18,69.897995
1975-05-19,70.104996
1975-05-20,72.7835
1975-05-21,70.138
1975-05-22,74.1715
1975-05-23,82.0615
1975-05-24,86.594734
1975-05-25,85.316315
1975-05-26,81.515
1975-05-27,81.324
1975-05-28,71.5665
1975-05-29,64.1925
1975-05-30,68.541
1975-05-31,76.594
1975-06-01,82.232
1975-06-02,86.5745
1975-06-03,73.229996
1975-06-04,77.934
1975-06-05,60.107
1975-06-06,73.2715
1975-06-07,85.505
1975-06-08,90.87
1975-06-09,83.797
1975-06-10,68.573
1975-06-11,72.436
1975-06-12,65.7685
1975-06-13,70.803
1975-06-14,72.7285
1975-06-15,68.09
1975-06-16,54.7105
1975-06-17,75.3595
1975-06-18,81.5415
1975-06-19,84.4245
1975-06-20,78.881996
1975-06-21,72.8735
1975-06-22,73.270996
1975-06-23,69.876495
1975-06-24,57.8395
1975-06-25,77.184
1975-06-26,69.7125
1975-06-27,64.273
1975-06-28,66.3815
1975-06-29,77.0645
1975-06-30,72.121
1975-07-01,85.736496
1975-07-02,76.848
1975-07-03,71.184
1975-07-04,70.0775
1975-07-05,65.465996
1975-07-06,74.855995
1975-07-07,76.779495
1975-07-08,66.919
1975-07-09,61.806
1975-07-10,58.6025
1975-07-11,62.595997
1975-07-12,72.42
1975-07-13,80.809
1975-07-14,70.47
1975-07-15,67.2525
1975-07-16,69.725
1975-07-17,67.5185
1975-07-18,75.653
1975-07-19,75.520996
1975-07-20,79.385
1975-07-21,80.0495
1975-07-22,75.403
1975-07-23,72.0925
1975-07-24,65.4795
1975-07-25,83.1575
1975-07-26,81.251495
1975-07-27,69.018
1975-07-28,72.1655
1975-07-29,67.662
1975-07-30,74.1105
1975-07-31,76.727
1975-08-01,73.583496
1975-08-02,75.3445
1975-08-03,78.736496
1975-08-04,77.865
1975-08-05,79.3785
1975-08-06,80.501495
1975-08-07,81.28
1975-08-08,77.5595
1975-08-09,73.799995
1975-08-10,71.2145
1975-08-11,71.6465
1975-08-12,70.7005
1975-08-13,74.904
1975-08-14,63.7515
1975-08-15,64.0615
1975-08-16,67.3515
1975-08-17,73.957
1975-08-18,74.3255
1975-08-19,86.889496
1975-08-20,77.326
1975-08-21,72.87
1975-08-22,69.8155
1975-08-23,65.461
1975-08-24,69.952995
1975-08-25,80.03842
1975-08-26,76.194496
1975-08-27,81.89
1975-08-28,78.3495
1975-08-29,77.929
1975-08-30,82.3255
1975-08-31,78.311
1975-09-01,85.5
1975-09-02,81.1605
1975-09-03,75.3805
1975-09-04,76.000496
1975-09-05,80.9365
1975-09-06,86.5505
1975-09-07,80.818
1975-09-08,76.3745
1975-09-09,74.159996
1975-09-10,73.798
1975-09-11,67.2885
1975-09-12,70.847496
1975-09-13,85.338
1975-09-14,73.5215
1975-09-15,68.28
1975-09-16,78.422
1975-09-17,79.442
1975-09-18,71.151
1975-09-19,67.171
1975-09-20,75.1595
1975-09-21,78.951996
1975-09-22,76.6015
1975-09-23,79.298996
1975-09-24,76.3845
1975-09-25,75.0455
1975-09-26,59.4475
1975-09-27,75.6805
1975-09-28,74.7125
1975-09-29,78.5345
1975-09-30,75.050995
1975-10-01,53.4865
1975-10-02,63.685
1975-10-03,74.505
1975-10-04,65.426
1975-10-05,69.838
1975-10-06,81.0565
1975-10-07,78.536
1975-10-08,73.136
1975-10-09,75.6985
1975-10-10,75.4895
1975-10-11,85.196846
1975-10-12,82.375496
1975-10-13,77.394
1975-10-14,85.184
1975-10-15,79.297
1975-10-16,75.2985
1975-10-17,71.126495
1975-10-18,87.1355
1975-10-19,87.166664
1975-10-20,88.7245
1975-10-21,89.555
1975-10-22,89.22611
1975-10-23,89.110504
1975-10-24,79.013
1975-10-25,79.889
1975-10-26,80.39632
1975-10-27,81.557365
1975-10-28,77.657
1975-10-29,87.231766
1975-10-30,82.91
1975-10-31,82.70947
1975-11-01,86.2985
1975-11-02,83.20737
1975-11-03,84.641
1975-11-04,89.655334
1975-11-05,87.996
1975-11-06,83.173
1975-11-07,76.159996
1975-11-08,75.465996
1975-11-09,72.9735
1975-11-10,75.766
1975-11-11,87.0575
1975-11-12,84.38167
1975-11-13,80.0585
1975-11-14,76.059494
1975-11-15,83.797
1975-11-16,83.9915
1975-11-17,77.885
1975-11-18,71.1495
1975-11-19,78.031
1975-11-20,85.826996
1975-11-21,85.111496
1975-11-22,83.7405
1975-11-23,87.36647
1975-11-24,84.303
1975-11-25,79.7395
1975-11-26,77.831
1975-11-27,72.639
1975-11-28,63.415497
1975-11-29,72.411
1975-11-30,75.847
1975-12-01,76.043495
1975-12-02,81.104
1975-12-03,77.6855
1975-12-04,84.2745
1975-12-05,81.559
1975-12-06,80.2455
1975-12-07,85.311
1975-12-08,80.126
1975-12-09,71.5505
1975-12-10,79.5135
1975-12-11,80.4545
1975-12-12,81.3925
1975-12-13,84.677
1975-12-14,88.96764
1975-12-15,85.02842
1975-12-16,83.3865
1975-12-17,89.00588
1975-12-18,88.414444
1975-12-19,79.52526
1975-12-20,79.017
1975-12-21,83.759
1975-12-22,84.084496
1975-12-23,83.699
1975-12-24,83.8445
1975-12-25,88.20789
1975-12-26,87.988
1975-12-27,90.375885
1975-12-28,87.467896
1975-12-29,89.22
1975-12-30,89.58214
1975-12-31,92.33714
1976-01-01,84.701
1976-01-02,80.500496
1976-01-03,73.336
1976-01-04,77.0805
1976-01-05,67.3715
1976-01-06,68.0985
1976-01-07,80.3255
1976-01-08,77.5125
1976-01-09,84.95052
1976-01-10,87.138
1976-01-11,81.3855
1976-01-12,81.952
1976-01-13,77.7295
1976-01-14,78.5165
1976-01-15,75.0085
1976-01-16,71.7405
1976-01-17,82.4115
1976-01-18,82.5215
1976-01-19,80.5635
1976-01-20,76.635
1976-01-21,80.952995
1976-01-22,76.5335
1976-01-23,71.828
1976-01-24,80.229996
1976-01-25,83.4875
1976-01-26,85.198
1976-01-27,88.53263
1976-01-28,86.15
1976-01-29,82.166
1976-01-30,77.894
1976-01-31,78.1725
1976-02-01,80.8565
1976-02-02,79.472
1976-02-03,80.84
1976-02-04,84.78421
1976-02-05,87.33444
1976-02-06,84.0265
1976-02-07,75.701
1976-02-08,67.286995
1976-02-09,67.404
1976-02-10,79.282
1976-02-11,78.0605
1976-02-12,79.821495
1976-02-13,77.0195
1976-02-14,81.139
1976-02-15,80.56
1976-02-16,86.747894
1976-02-17,83.117
1976-02-18,70.2055
1976-02-19,66.4675
1976-02-20,72.9395
1976-02-21,77.3115
1976-02-22,81.7885
1976-02-23,86.5175
1976-02-24,80.293
1976-02-25,71.6055
1976-02-26,84.6045
1976-02-27,80.351
1976-02-28,77.2345
1976-02-29,82.708
1976-03-01,74.270996
1976-03-02,64.4395
1976-03-03,66.6455
1976-03-04,69.075
1976-03-05,77.228
1976-03-06,75.059
1976-03-07,80.15
1976-03-08,72.5075
1976-03-09,78.1585
1976-03-10,83.3425
1976-03-11,78.066
1976-03-12,72.86
1976-03-13,69.327995
1976-03-14,71.8855
1976-03-15,69.2755
1976-03-16,77.4635
1976-03-17,82.0435
1976-03-18,83.4795
1976-03-19,86.04737
1976-03-20,76.008995
1976-03-21,70.2505
1976-03-22,66.709
1976-03-23,69.487
1976-03-24,74.6715
1976-03-25,75.3095
1976-03-26,70.88
1976-03-27,76.4055
1976-03-28,66.684
1976-03-29,67.6535
1976-03-30,43.376
1976-03-31,49.622
1976-04-01,52.711
1976-04-02,51.7995
1976-04-03,41.594997
1976-04-04,43.9465
1976-04-05,41.4645
1976-04-06,45.415497
1976-04-07,54.225
1976-04-08,74.144
1976-04-09,69.3725
1976-04-10,62.886497
1976-04-11,66.959
1976-04-12,80.899
1976-04-13,73.190994
1976-04-14,75.366
1976-04-15,82.0905
1976-04-16,80.2905
1976-04-17,67.417
1976-04-18,61.98
1976-04-19,57.5505
1976-04-20,56.377
1976-04-21,44.129997
1976-04-22,65.571
1976-04-23,72.559
1976-04-24,58.4575
1976-04-25,65.2935
1976-04-26,85.0745
1976-04-27,73.473
1976-04-28,60.371998
1976-04-29,74.1615
1976-04-30,66.819496
1976-05-01,69.3695
1976-05-02,69.8665
1976-05-03,81.267
1976-05-04,74.589
1976-05-05,59.428997
1976-05-06,55.5265
1976-05-07,51.225
1976-05-08,55.739
1976-05-09,50.78
1976-05-10,57.0285
1976-05-11,57.1725
1976-05-12,53.2095
1976-05-13,69.5055
1976-05-14,83.7745
1976-05-15,66.8715
1976-05-16,59.4375
1976-05-17,57.984
1976-05-18,58.511497
1976-05-19,55.035
1976-05-20,60.274998
1976-05-21,65.801
1976-05-22,85.83722
1976-05-23,83.5755
1976-05-24,88.37947
1976-05-25,72.3685
1976-05-26,71.0525
1976-05-27,78.6745
1976-05-28,87.1105
1976-05-29,68.793495
1976-05-30,67.6225
1976-05-31,75.7005
1976-06-01,70.702995
1976-06-02,60.634
1976-06-03,82.8365
1976-06-04,81.281
1976-06-05,70.6595
1976-06-06,75.48
1976-06-07,74.8295
1976-06-08,71.447
1976-06-09,60.489
1976-06-10,57.1675
1976-06-11,52.595497
1976-06-12,59.795998
1976-06-13,65.035995
1976-06-14,73.61
1976-06-15,60.2395
1976-06-16,62.1075
1976-06-17,76.903
1976-06-18,60.376
1976-06-19,61.632496
1976-06-20,54.211998
1976-06-21,57.958
1976-06-22,57.8435
1976-06-23,56.4185
1976-06-24,58.5005
1976-06-25,61.8055
1976-06-26,70.8595
1976-06-27,68.216995
1976-06-28,64.335
1976-06-29,64.5725
1976-06-30,59.565998
1976-07-01,52.7285
1976-07-02,48.7385
1976-07-03,52.850998
1976-07-04,50.463997
1976-07-05,59.897
1976-07-06,54.0515
1976-07-07,55.303497
1976-07-08,68.53
1976-07-09,73.107
1976-07-10,72.992
1976-07-11,68.9785
1976-07-12,60.5435
1976-07-13,62.260998
1976-07-14,68.03
1976-07-15,72.6485
1976-07-16,61.5845
1976-07-17,55.939
1976-07-18,54.993
1976-07-19,49.6695
1976-07-20,54.8355
1976-07-21,59.9375
1976-07-22,74.8985
1976-07-23,81.8155
1976-07-24,79.806496
1976-07-25,70.7775
1976-07-26,65.505
1976-07-27,74.671
1976-07-28,72.0
1976-07-29,61.6895
1976-07-30,60.975998
1976-07-31,55.37
1976-08-01,72.823
1976-08-02,64.2125
1976-08-03,67.974
1976-08-04,74.429
1976-08-05,71.979996
1976-08-06,70.387
1976-08-07,76.218
1976-08-08,76.5655
1976-08-09,67.8695
1976-08-10,61.418
1976-08-11,75.003
1976-08-12,74.696
1976-08-13,71.7715
1976-08-14,70.747
1976-08-15,69.4925
1976-08-16,67.811
1976-08-17,70.446
1976-08-18,72.672
1976-08-19,72.271996
1976-08-20,82.485
1976-08-21,84.4075
1976-08-22,76.8645
1976-08-23,77.2295
1976-08-24,72.782
1976-08-25,72.3325
1976-08-26,69.9675
1976-08-27,63.382
1976-08-28,65.397
1976-08-29,59.89
1976-08-30,62.787
1976-08-31,61.308
1976-09-01,75.552
1976-09-02,83.661
1976-09-03,76.171
1976-09-04,85.951
1976-09-05,89.276
1976-09-06,69.0525
1976-09-07,77.4475
1976-09-08,76.4625
1976-09-09,58.681
1976-09-10,57.468998
1976-09-11,65.4815
1976-09-12,70.8505
1976-09-13,65.5295
1976-09-14,55.613
1976-09-15,81.8175
1976-09-16,73.6985
1976-09-17,87.422
1976-09-18,86.53421
1976-09-19,85.741
1976-09-20,91.835884
1976-09-21,89.314
1976-09-22,84.4015
1976-09-23,84.070496
1976-09-24,81.469
1976-09-25,78.2855
1976-09-26,75.481
1976-09-27,69.6935
1976-09-28,70.1725
1976-09-29,83.1815
1976-09-30,87.9255
1976-10-01,89.6855
1976-10-02,88.1995
1976-10-03,83.669
1976-10-04,79.2875
1976-10-05,79.684
1976-10-06,89.89867
1976-10-07,83.668
1976-10-08,87.467
1976-10-09,86.763
1976-10-10,86.823
1976-10-11,80.1375
1976-10-12,71.145
1976-10-13,68.0365
1976-10-14,81.341995
1976-10-15,90.93737
1976-10-16,92.07733
1976-10-17,87.032
1976-10-18,89.8695
1976-10-19,81.074
1976-10-20,79.897
1976-10-21,84.4735
1976-10-22,86.4175
1976-10-23,86.645
1976-10-24,77.877495
1976-10-25,75.1055
1976-10-26,72.641
1976-10-27,74.404
1976-10-28,85.279
1976-10-29,82.639
1976-10-30,76.9435
1976-10-31,72.485
1976-11-01,85.514496
1976-11-02,87.4365
1976-11-03,85.427
1976-11-04,79.933495
1976-11-05,76.859
1976-11-06,72.493996
1976-11-07,73.502
1976-11-08,73.7415
1976-11-09,83.043526
1976-11-10,81.641
1976-11-11,78.86
1976-11-12,81.0645
1976-11-13,88.115
1976-11-14,91.8625
1976-11-15,93.28166
1976-11-16,91.64733
1976-11-17,88.69647
1976-11-18,90.69572
1976-11-19,90.21
1976-11-20,90.28
1976-11-21,92.61429
1976-11-22,92.57188
1976-11-23,76.7915
1976-11-24,83.61444
1976-11-25,82.582
1976-11-26,80.6785
1976-11-27,83.0205
1976-11-28,83.891
1976-11-29,87.0505
1976-11-30,80.810524
1976-12-01,79.1095
1976-12-02,70.531
1976-12-03,84.8835
1976-12-04,86.2575
1976-12-05,88.8821
1976-12-06,87.59688
1976-12-07,79.1905
1976-12-08,84.7225
1976-12-09,77.8735
1976-12-10,87.64684
1976-12-11,86.5325
1976-12-12,90.0921
1976-12-13,90.68
1976-12-14,87.756996
1976-12-15,86.670525
1976-12-16,87.617
1976-12-17,90.631
1976-12-18,91.40941
1976-12-19,85.028885
1976-12-20,81.21842
1976-12-21,87.343
1976-12-22,86.3045
1976-12-23,88.84556
1976-12-24,84.023
1976-12-25,82.8705
1976-12-26,76.2095
1976-12-27,72.201
1976-12-28,66.4555
1976-12-29,85.265
1976-12-30,91.448
1976-12-31,84.1015
1977-01-01,74.906
1977-01-02,73.7305
1977-01-03,81.086
1977-01-04,70.956
1977-01-05,63.9815
1977-01-06,63.082
1977-01-07,83.074
1977-01-08,82.8235
1977-01-09,82.725
1977-01-10,72.925
1977-01-11,69.248
1977-01-12,77.9705
1977-01-13,91.63267
1977-01-14,89.515884
1977-01-15,85.508
1977-01-16,92.284615
1977-01-17,92.651
1977-01-18,87.126
1977-01-19,80.807495
1977-01-20,76.9355
1977-01-21,90.0775
1977-01-22,89.507225
1977-01-23,87.994736
1977-01-24,90.79923
1977-01-25,91.578
1977-01-26,87.38421
1977-01-27,89.56177
1977-01-28,85.1225
1977-01-29,77.3085
1977-01-30,79.3305
1977-01-31,85.923
1977-02-01,81.8905
1977-02-02,84.8585
1977-02-03,86.44
1977-02-04,82.3185
1977-02-05,85.062996
1977-02-06,87.57278
1977-02-07,86.85611
1977-02-08,87.40737
1977-02-09,87.374214
1977-02-10,84.3115
1977-02-11,86.66421
1977-02-12,83.8435
1977-02-13,86.977
1977-02-14,92.395454
1977-02-15,88.37527
1977-02-16,86.1155
1977-02-17,89.804
1977-02-18,82.9575
1977-02-19,74.249
1977-02-20,69.846
1977-02-21,64.913
1977-02-22,83.991
1977-02-23,82.705
1977-02-24,73.7295
1977-02-25,65.8375
1977-02-26,82.574
1977-02-27,79.5845
1977-02-28,80.751
1977-03-01,82.932495
1977-03-02,78.4375
1977-03-03,88.350525
1977-03-04,82.676
1977-03-05,73.5785
1977-03-06,75.3685
1977-03-07,77.8465
1977-03-08,66.6645
1977-03-09,70.1575
1977-03-10,73.172
1977-03-11,57.2865
1977-03-12,56.479
1977-03-13,80.2125
1977-03-14,88.1765
1977-03-15,85.9065
1977-03-16,81.063995
1977-03-17,72.859
1977-03-18,61.681
1977-03-19,67.2805
1977-03-20,67.334
1977-03-21,71.868
1977-03-22,65.4285
1977-03-23,59.606
1977-03-24,63.7575
1977-03-25,65.4645
1977-03-26,76.390495
1977-03-27,68.7575
1977-03-28,64.3515
1977-03-29,82.50667
1977-03-30,87.5605
1977-03-31,90.922104
1977-04-01,78.6805
1977-04-02,78.6295
1977-04-03,84.8315
1977-04-04,69.7965
1977-04-05,71.0365
1977-04-06,71.2115
1977-04-07,64.0875
1977-04-08,78.874
1977-04-09,84.339
1977-04-10,81.2125
1977-04-11,71.7605
1977-04-12,72.6435
1977-04-13,68.304
1977-04-14,76.316
1977-04-15,85.118
1977-04-16,79.4305
1977-04-17,71.835495
1977-04-18,63.286
1977-04-19,56.609497
1977-04-20,64.452995
1977-04-21,55.8495
1977-04-22,61.667
1977-04-23,69.17
1977-04-24,66.029
1977-04-25,75.3435
1977-04-26,67.6105
1977-04-27,65.8525
1977-04-28,78.069
1977-04-29,58.130997
1977-04-30,53.220997
1977-05-01,45.581497
1977-05-02,45.4055
1977-05-03,51.7995
1977-05-04,49.862
1977-05-05,50.544
1977-05-06,73.497
1977-05-07,79.167496
1977-05-08,74.756
1977-05-09,80.7535
1977-05-10,77.931496
1977-05-11,70.611496
1977-05-12,65.499
1977-05-13,57.286
1977-05-14,66.0495
1977-05-15,84.07
1977-05-16,75.6595
1977-05-17,72.629
1977-05-18,66.126
1977-05-19,61.3565
1977-05-20,53.8635
1977-05-21,52.226498
1977-05-22,72.615
1977-05-23,73.534996
1977-05-24,68.123
1977-05-25,59.1795
1977-05-26,57.8115
1977-05-27,71.057495
1977-05-28,75.22
1977-05-29,70.583
1977-05-30,62.882
1977-05-31,77.869995
1977-06-01,74.4905
1977-06-02,70.417
1977-06-03,74.8585
1977-06-04,62.072
1977-06-05,66.0755
1977-06-06,57.827
1977-06-07,62.3505
1977-06-08,56.033997
1977-06-09,59.781998
1977-06-10,56.621998
1977-06-11,58.1115
1977-06-12,65.767
1977-06-13,60.4755
1977-06-14,63.721
1977-06-15,61.538998
1977-06-16,73.0645
1977-06-17,78.3385
1977-06-18,74.9025
1977-06-19,71.806
1977-06-20,65.4155
1977-06-21,65.559
1977-06-22,64.935
1977-06-23,74.5435
1977-06-24,66.3735
1977-06-25,60.1195
1977-06-26,63.744
1977-06-27,81.25737
1977-06-28,63.969498
1977-06-29,65.4745
1977-06-30,60.55
1977-07-01,86.675
1977-07-02,67.2275
1977-07-03,56.1605
1977-07-04,63.376
1977-07-05,70.4535
1977-07-06,72.256996
1977-07-07,74.9695
1977-07-08,74.096
1977-07-09,71.3215
1977-07-10,72.5905
1977-07-11,75.04
1977-07-12,64.5415
1977-07-13,58.746
1977-07-14,62.852497
1977-07-15,73.1585
1977-07-16,61.1965
1977-07-17,66.657
1977-07-18,62.7075
1977-07-19,64.536995
1977-07-20,64.455
1977-07-21,66.256996
1977-07-22,77.149
1977-07-23,74.2585
1977-07-24,63.4825
1977-07-25,55.0935
1977-07-26,68.5845
1977-07-27,77.8955
1977-07-28,73.5495
1977-07-29,63.651497
1977-07-30,61.61
1977-07-31,74.394
1977-08-01,81.617
1977-08-02,80.3425
1977-08-03,77.139496
1977-08-04,76.819
1977-08-05,73.6355
1977-08-06,73.106995
1977-08-07,71.7525
1977-08-08,68.136
1977-08-09,67.750496
1977-08-10,71.1705
1977-08-11,76.493996
1977-08-12,76.986
1977-08-13,80.8015
1977-08-14,80.0885
1977-08-15,81.0915
1977-08-16,81.5965
1977-08-17,70.7485
1977-08-18,68.5875
1977-08-19,77.9985
1977-08-20,68.29
1977-08-21,81.134
1977-08-22,75.404
1977-08-23,76.678
1977-08-24,84.933
1977-08-25,69.854
1977-08-26,73.264496
1977-08-27,68.475
1977-08-28,70.631996
1977-08-29,72.7125
1977-08-30,69.6605
1977-08-31,63.586
1977-09-01,63.423
1977-09-02,62.6995
1977-09-03,64.958496
1977-09-04,55.333
1977-09-05,70.288
1977-09-06,75.691
1977-09-07,69.407
1977-09-08,77.666
1977-09-09,78.236496
1977-09-10,68.192
1977-09-11,75.564995
1977-09-12,71.979
1977-09-13,67.0465
1977-09-14,67.6775
1977-09-15,54.5885
1977-09-16,60.5185
1977-09-17,69.9965
1977-09-18,87.263504
1977-09-19,83.4305
1977-09-20,87.7775
1977-09-21,86.2815
1977-09-22,75.121
1977-09-23,83.364
1977-09-24,82.756
1977-09-25,78.442
1977-09-26,70.223495
1977-09-27,69.214
1977-09-28,65.160995
1977-09-29,54.9655
1977-09-30,51.1595
1977-10-01,49.676
1977-10-02,72.029
1977-10-03,85.444
1977-10-04,77.126495
1977-10-05,61.851498
1977-10-06,62.122498
1977-10-07,63.7185
1977-10-08,58.6965
1977-10-09,64.8855
1977-10-10,69.4525
1977-10-11,83.526
1977-10-12,85.2115
1977-10-13,82.5465
1977-10-14,83.9915
1977-10-15,77.386
1977-10-16,70.0925
1977-10-17,71.025
1977-10-18,72.783
1977-10-19,69.781
1977-10-20,83.104996
1977-10-21,76.8535
1977-10-22,66.967
1977-10-23,69.188
1977-10-24,79.004
1977-10-25,83.9755
1977-10-26,88.602
1977-10-27,85.221
1977-10-28,80.6185
1977-10-29,87.83421
1977-10-30,89.79176
1977-10-31,88.4805
1977-11-01,90.62625
1977-11-02,93.19091
1977-11-03,86.42764
1977-11-04,81.7745
1977-11-05,82.4095
1977-11-06,82.839
1977-11-07,86.14632
1977-11-08,91.962944
1977-11-09,90.82687
1977-11-10,88.71105
1977-11-11,88.35105
1977-11-12,80.15
1977-11-13,68.2485
1977-11-14,80.2615
1977-11-15,80.916
1977-11-16,85.6215
1977-11-17,85.651
1977-11-18,89.62941
1977-11-19,92.07412
1977-11-20,88.3995
1977-11-21,83.49895
1977-11-22,82.6295
1977-11-23,89.76294
1977-11-24,86.1075
1977-11-25,83.4665
1977-11-26,90.8
1977-11-27,90.82
1977-11-28,87.43
1977-11-29,88.011665
1977-11-30,88.2935
1977-12-01,90.09125
1977-12-02,90.67167
1977-12-03,86.384445
1977-12-04,82.91263
1977-12-05,86.865295
1977-12-06,76.7915
1977-12-07,86.218
1977-12-08,87.17737
1977-12-09,85.7595
1977-12-10,82.229996
1977-12-11,74.7015
1977-12-12,72.5675
1977-12-13,73.685
1977-12-14,85.372
1977-12-15,92.15
1977-12-16,89.52722
1977-12-17,87.66842
1977-12-18,87.299446
1977-12-19,85.99
1977-12-20,92.077644
1977-12-21,89.23308
1977-12-22,86.47316
1977-12-23,85.408
1977-12-24,83.701996
1977-12-25,90.47357
1977-12-26,87.149
1977-12-27,85.074
1977-12-28,83.5495
1977-12-29,87.486496
1977-12-30,84.137
1977-12-31,80.38
1978-01-01,81.701
1978-01-02,77.7835
1978-01-03,79.0805
1978-01-04,77.305
1978-01-05,81.826
1978-01-06,81.3175
1978-01-07,90.0345
1978-01-08,86.14263
1978-01-09,78.372
1978-01-10,79.834496
1978-01-11,78.642494
1978-01-12,63.215
1978-01-13,75.9955
1978-01-14,88.92467
1978-01-15,83.8715
1978-01-16,74.526
1978-01-17,72.44
1978-01-18,74.6915
1978-01-19,86.809
1978-01-20,84.539
1978-01-21,82.117
1978-01-22,85.738
1978-01-23,83.8925
1978-01-24,78.986
1978-01-25,87.901
1978-01-26,78.957
1978-01-27,84.6495
1978-01-28,71.5405
1978-01-29,66.0325
1978-01-30,86.782
1978-01-31,88.007645
1978-02-01,89.95684
1978-02-02,82.7695
1978-02-03,89.1321
1978-02-04,84.904
1978-02-05,82.1145
1978-02-06,88.871
1978-02-07,90.41055
1978-02-08,88.042
1978-02-09,86.4575
1978-02-10,83.4295
1978-02-11,71.3015
1978-02-12,84.678
1978-02-13,87.16789
1978-02-14,91.36222
1978-02-15,81.422
1978-02-16,78.0475
1978-02-17,87.3945
1978-02-18,89.923996
1978-02-19,77.219
1978-02-20,77.877
1978-02-21,64.7075
1978-02-22,62.5785
1978-02-23,77.66684
1978-02-24,70.881996
1978-02-25,75.8875
1978-02-26,70.192
1978-02-27,78.44052
1978-02-28,83.332634
1978-03-01,81.124
1978-03-02,83.2115
1978-03-03,84.967
1978-03-04,77.8285
1978-03-05,74.312
1978-03-06,87.58444
1978-03-07,81.111
1978-03-08,77.2625
1978-03-09,79.9275
1978-03-10,86.885
1978-03-11,83.899
1978-03-12,82.091995
1978-03-13,73.573
1978-03-14,64.724495
1978-03-15,65.571495
1978-03-16,59.588
1978-03-17,63.661
1978-03-18,75.614494
1978-03-19,69.3095
1978-03-20,70.916
1978-03-21,83.485504
1978-03-22,76.732
1978-03-23,56.234497
1978-03-24,81.7075
1978-03-25,85.067
1978-03-26,77.5785
1978-03-27,75.85
1978-03-28,71.7025
1978-03-29,62.509
1978-03-30,55.518497
1978-03-31,58.9355
1978-04-01,62.2655
1978-04-02,78.6825
1978-04-03,71.8625
1978-04-04,79.8835
1978-04-05,80.113495
1978-04-06,64.4945
1978-04-07,59.664997
1978-04-08,75.618
1978-04-09,68.084
1978-04-10,58.6525
1978-04-11,72.8425
1978-04-12,64.9395
1978-04-13,77.2865
1978-04-14,65.472
1978-04-15,62.726997
1978-04-16,87.125
1978-04-17,86.20353
1978-04-18,85.36
1978-04-19,83.8305
1978-04-20,81.019
1978-04-21,66.4925
1978-04-22,76.116
1978-04-23,71.8775
1978-04-24,70.4305
1978-04-25,66.5915
1978-04-26,74.427
1978-04-27,78.5355
1978-04-28,78.6235
1978-04-29,74.7155
1978-04-30,80.3845
1978-05-01,70.986496
1978-05-02,77.2135
1978-05-03,72.959
1978-05-04,59.9735
1978-05-05,61.956997
1978-05-06,64.747
1978-05-07,78.333496
1978-05-08,81.7055
1978-05-09,84.5415
1978-05-10,82.219
1978-05-11,75.919
1978-05-12,70.0125
1978-05-13,57.05
1978-05-14,77.579
1978-05-15,73.547
1978-05-16,80.6535
1978-05-17,75.3245
1978-05-18,79.1705
1978-05-19,60.2385
1978-05-20,62.708
1978-05-21,70.6085
1978-05-22,68.2965
1978-05-23,80.818
1978-05-24,82.1075
1978-05-25,76.1275
1978-05-26,84.5955
1978-05-27,82.768
1978-05-28,82.0735
1978-05-29,86.42
1978-05-30,82.3125
1978-05-31,67.709
1978-06-01,68.9685
1978-06-02,66.7805
1978-06-03,64.6965
1978-06-04,63.4885
1978-06-05,68.984
1978-06-06,76.03
1978-06-07,69.637
1978-06-08,73.8275
1978-06-09,70.8085
1978-06-10,75.35
1978-06-11,70.882
1978-06-12,66.773
1978-06-13,72.3595
1978-06-14,79.364
1978-06-15,81.578
1978-06-16,81.649
1978-06-17,75.362
1978-06-18,71.917
1978-06-19,70.6865
1978-06-20,61.295998
1978-06-21,69.875
1978-06-22,76.8265
1978-06-23,63.4715
1978-06-24,63.775997
1978-06-25,65.203
1978-06-26,80.0
1978-06-27,77.307495
1978-06-28,90.782776
1978-06-29,87.2985
1978-06-30,82.264496
1978-07-01,77.647995
1978-07-02,82.881996
1978-07-03,69.728
1978-07-04,61.9225
1978-07-05,55.7515
1978-07-06,69.278
1978-07-07,84.097496
1978-07-08,76.4105
1978-07-09,71.0045
1978-07-10,81.1495
1978-07-11,68.7165
1978-07-12,76.8185
1978-07-13,80.4635
1978-07-14,75.0455
1978-07-15,83.179
1978-07-16,70.042
1978-07-17,66.639
1978-07-18,71.039
1978-07-19,79.4705
1978-07-20,69.811
1978-07-21,69.8175
1978-07-22,81.6235
1978-07-23,73.3145
1978-07-24,72.154
1978-07-25,71.427
1978-07-26,65.3245
1978-07-27,66.0605
1978-07-28,68.8985
1978-07-29,72.598495
1978-07-30,70.212
1978-07-31,68.296
1978-08-01,64.354
1978-08-02,59.727997
1978-08-03,68.363495
1978-08-04,73.5505
1978-08-05,78.5945
1978-08-06,70.873
1978-08-07,62.736
1978-08-08,41.817997
1978-08-09,70.2305
1978-08-10,69.217
1978-08-11,74.309
1978-08-12,76.137
1978-08-13,76.3085
1978-08-14,71.918495
1978-08-15,66.585495
1978-08-16,60.562
1978-08-17,57.655
1978-08-18,79.6845
1978-08-19,75.576996
1978-08-20,84.181
1978-08-21,80.333
1978-08-22,76.2815
1978-08-23,66.8955
1978-08-24,79.2865
1978-08-25,71.087
1978-08-26,68.696495
1978-08-27,67.513
1978-08-28,69.102
1978-08-29,70.168495
1978-08-30,65.6035
1978-08-31,89.53111
1978-09-01,74.191
1978-09-02,77.236496
1978-09-03,73.3185
1978-09-04,71.537
1978-09-05,68.791
1978-09-06,71.587
1978-09-07,87.1395
1978-09-08,80.7335
1978-09-09,84.5205
1978-09-10,86.145
1978-09-11,77.732
1978-09-12,78.222496
1978-09-13,77.945
1978-09-14,74.4
1978-09-15,80.075
1978-09-16,68.824
1978-09-17,65.5475
1978-09-18,66.6585
1978-09-19,63.719997
1978-09-20,77.881996
1978-09-21,71.9855
1978-09-22,68.243004
1978-09-23,84.228
1978-09-24,84.429
1978-09-25,74.588
1978-09-26,71.094
1978-09-27,78.6365
1978-09-28,88.04948
1978-09-29,75.53
1978-09-30,69.669
1978-10-01,83.037
1978-10-02,84.034996
1978-10-03,70.305
1978-10-04,63.9375
1978-10-05,77.578995
1978-10-06,77.324
1978-10-07,84.0855
1978-10-08,77.4755
1978-10-09,70.9275
1978-10-10,75.1795
1978-10-11,82.4575
1978-10-12,81.8055
1978-10-13,74.8565
1978-10-14,78.259
1978-10-15,77.958
1978-10-16,83.8995
1978-10-17,80.046
1978-10-18,72.0365
1978-10-19,82.406
1978-10-20,86.9005
1978-10-21,78.1035
1978-10-22,62.769
1978-10-23,71.6425
1978-10-24,66.9485
1978-10-25,69.681
1978-10-26,76.6305
1978-10-27,82.5485
1978-10-28,71.0555
1978-10-29,82.0055
1978-10-30,83.4935
1978-10-31,85.8395
1978-11-01,88.82842
1978-11-02,89.861176
1978-11-03,88.39588
1978-11-04,89.73526
1978-11-05,87.20947
1978-11-06,84.124
1978-11-07,86.936874
1978-11-08,89.03368
1978-11-09,88.81563
1978-11-10,89.02067
1978-11-11,91.34722
1978-11-12,89.71333
1978-11-13,86.50611
1978-11-14,88.512
1978-11-15,86.584
1978-11-16,89.04211
1978-11-17,86.611496
1978-11-18,89.91722
1978-11-19,87.56647
1978-11-20,86.9145
1978-11-21,91.37133
1978-11-22,89.825554
1978-11-23,88.816666
1978-11-24,88.04105
1978-11-25,88.70111
1978-11-26,87.14526
1978-11-27,82.97
1978-11-28,91.07692
1978-11-29,91.01929
1978-11-30,89.65
1978-12-01,89.6345
1978-12-02,93.11889
1978-12-03,89.9315
1978-12-04,83.417496
1978-12-05,80.1175
1978-12-06,84.166
1978-12-07,80.092
1978-12-08,82.349
1978-12-09,89.2855
1978-12-10,89.22857
1978-12-11,91.20154
1978-12-12,85.165
1978-12-13,90.665
1978-12-14,87.4705
1978-12-15,85.2075
1978-12-16,78.739
1978-12-17,84.073685
1978-12-18,82.544
1978-12-19,81.284996
1978-12-20,87.6495
1978-12-21,92.23231
1978-12-22,85.51526
1978-12-23,78.997
1978-12-24,86.23647
1978-12-25,88.265
1978-12-26,90.681175
1978-12-27,87.56
1978-12-28,88.92
1978-12-29,78.573
1978-12-30,79.7825
1978-12-31,80.8965
1979-01-01,79.979
1979-01-02,74.6925
1979-01-03,73.453995
1979-01-04,72.229
1979-01-05,83.3525
1979-01-06,77.7825
1979-01-07,78.888
1979-01-08,72.660995
1979-01-09,67.778
1979-01-10,84.1695
1979-01-11,79.7065
1979-01-12,84.5355
1979-01-13,82.734
1979-01-14,83.9455
1979-01-15,84.5035
1979-01-16,92.769165
1979-01-17,88.014496
1979-01-18,90.299446
1979-01-19,87.81
1979-01-20,85.2955
1979-01-21,88.78526
1979-01-22,86.819
1979-01-23,86.17611
1979-01-24,88.392105
1979-01-25,90.846115
1979-01-26,91.81467
1979-01-27,87.77
1979-01-28,73.9545
1979-01-29,89.88389
1979-01-30,83.5535
1979-01-31,84.377
1979-02-01,76.9365
1979-02-02,74.7435
1979-02-03,78.906
1979-02-04,87.438995
1979-02-05,90.47632
1979-02-06,87.10294
1979-02-07,76.649
1979-02-08,77.6055
1979-02-09,75.1295
1979-02-10,85.82632
1979-02-11,81.94611
1979-02-12,84.163155
1979-02-13,88.43444
1979-02-14,88.721664
1979-02-15,86.0665
1979-02-16,84.9365
1979-02-17,83.0175
1979-02-18,80.895996
1979-02-19,69.305
1979-02-20,71.5715
1979-02-21,68.0055
1979-02-22,73.7155
1979-02-23,74.61
1979-02-24,75.2185
1979-02-25,81.2605
1979-02-26,79.4085
1979-02-27,76.6575
1979-02-28,72.1175
1979-03-01,76.7555
1979-03-02,76.0515
1979-03-03,77.3015
1979-03-04,69.7315
1979-03-05,89.41631
1979-03-06,87.08842
1979-03-07,79.1035
1979-03-08,86.0525
1979-03-09,84.111496
1979-03-10,80.7025
1979-03-11,75.631996
1979-03-12,80.4705
1979-03-13,82.874
1979-03-14,84.432495
1979-03-15,79.9135
1979-03-16,72.934
1979-03-17,70.5735
1979-03-18,57.612
1979-03-19,70.2015
1979-03-20,70.375
1979-03-21,63.898
1979-03-22,69.9335
1979-03-23,85.85526
1979-03-24,69.585495
1979-03-25,63.103
1979-03-26,69.589
1979-03-27,85.68
1979-03-28,80.463
1979-03-29,78.202
1979-03-30,63.7735
1979-03-31,72.2965
1979-04-01,65.782
1979-04-02,68.511
1979-04-03,69.76
1979-04-04,58.596
1979-04-05,78.8985
1979-04-06,80.1595
1979-04-07,87.134
1979-04-08,83.3215
1979-04-09,79.994995
1979-04-10,72.388
1979-04-11,71.1835
1979-04-12,64.5335
1979-04-13,63.072
1979-04-14,60.7695
1979-04-15,60.134
1979-04-16,54.658997
1979-04-17,57.941998
1979-04-18,79.139496
1979-04-19,60.678
1979-04-20,60.341
1979-04-21,57.892498
1979-04-22,61.7425
1979-04-23,50.1325
1979-04-24,36.852997
1979-04-25,44.688496
1979-04-26,73.8045
1979-04-27,85.834
1979-04-28,84.6735
1979-04-29,85.005
1979-04-30,65.7705
1979-05-01,77.06
1979-05-02,52.4615
1979-05-03,69.0105
1979-05-04,66.657
1979-05-05,56.956497
1979-05-06,58.469498
1979-05-07,77.2285
1979-05-08,83.2495
1979-05-09,92.08
1979-05-10,84.5135
1979-05-11,78.799995
1979-05-12,75.3395
1979-05-13,59.8625
1979-05-14,64.067
1979-05-15,63.243
1979-05-16,63.2115
1979-05-17,58.5425
1979-05-18,53.6765
1979-05-19,56.544
1979-05-20,56.0925
1979-05-21,53.9685
1979-05-22,63.329998
1979-05-23,62.75
1979-05-24,63.762497
1979-05-25,56.578
1979-05-26,74.77
1979-05-27,65.009
1979-05-28,68.5085
1979-05-29,65.956
1979-05-30,69.4705
1979-05-31,62.297
1979-06-01,51.629997
1979-06-02,60.435997
1979-06-03,60.9395
1979-06-04,55.727997
1979-06-05,53.9875
1979-06-06,56.726997
1979-06-07,66.441
1979-06-08,68.9585
1979-06-09,68.674995
1979-06-10,67.8435
1979-06-11,61.289497
1979-06-12,67.615
1979-06-13,68.783
1979-06-14,74.1235
1979-06-15,75.331
1979-06-16,68.715
1979-06-17,74.2885
1979-06-18,79.1555
1979-06-19,84.94631
1979-06-20,82.7175
1979-06-21,89.152
1979-06-22,89.53
1979-06-23,78.6515
1979-06-24,70.4315
1979-06-25,63.4075
1979-06-26,68.13
1979-06-27,64.134995
1979-06-28,67.0765
1979-06-29,80.0205
1979-06-30,64.8035
1979-07-01,71.138
1979-07-02,72.085
1979-07-03,87.3995
1979-07-04,85.1665
1979-07-05,74.5485
1979-07-06,77.1045
1979-07-07,79.6555
1979-07-08,84.0275
1979-07-09,73.588
1979-07-10,79.4405
1979-07-11,71.8295
1979-07-12,68.573
1979-07-13,69.4515
1979-07-14,73.8115
1979-07-15,73.6775
1979-07-16,83.091995
1979-07-17,78.981995
1979-07-18,72.2435
1979-07-19,63.6205
1979-07-20,67.654
1979-07-21,70.869
1979-07-22,66.4475
1979-07-23,65.020996
1979-07-24,70.5465
1979-07-25,71.028
1979-07-26,76.161995
1979-07-27,74.1665
1979-07-28,78.548996
1979-07-29,70.020996
1979-07-30,68.862495
1979-07-31,68.0325
1979-08-01,62.484497
1979-08-02,63.3205
1979-08-03,65.8525
1979-08-04,79.7145
1979-08-05,70.376495
1979-08-06,66.9535
1979-08-07,61.2765
1979-08-08,57.810497
1979-08-09,65.445496
1979-08-10,77.756996
1979-08-11,84.569
1979-08-12,86.04474
1979-08-13,88.473
1979-08-14,85.292
1979-08-15,76.1305
1979-08-16,72.7435
1979-08-17,72.355995
1979-08-18,79.2185
1979-08-19,81.043495
1979-08-20,83.5265
1979-08-21,76.68
1979-08-22,79.903
1979-08-23,70.766
1979-08-24,59.913998
1979-08-25,83.701996
1979-08-26,71.3875
1979-08-27,81.35
1979-08-28,66.256996
1979-08-29,80.1645
1979-08-30,75.9025
1979-08-31,78.1745
1979-09-01,67.196
1979-09-02,59.183
1979-09-03,66.9435
1979-09-04,70.6655
1979-09-05,81.4545
1979-09-06,77.2135
1979-09-07,78.0075
1979-09-08,76.3725
1979-09-09,69.6855
1979-09-10,81.2435
1979-09-11,73.057
1979-09-12,71.584496
1979-09-13,69.7455
1979-09-14,76.2005
1979-09-15,68.791
1979-09-16,67.186
1979-09-17,60.403
1979-09-18,54.175
1979-09-19,65.746
1979-09-20,62.747498
1979-09-21,55.145
1979-09-22,64.8415
1979-09-23,79.839
1979-09-24,78.5305
1979-09-25,62.6195
1979-09-26,76.6575
1979-09-27,76.125
1979-09-28,78.734
1979-09-29,77.8885
1979-09-30,78.434
1979-10-01,78.1155
1979-10-02,74.487
1979-10-03,69.679
1979-10-04,63.289497
1979-10-05,70.419
1979-10-06,74.5875
1979-10-07,65.6955
1979-10-08,66.779
1979-10-09,66.292
1979-10-10,63.788998
1979-10-11,50.830498
1979-10-12,52.364998
1979-10-13,63.724
1979-10-14,67.4595
1979-10-15,62.994
1979-10-16,64.7975
1979-10-17,66.0135
1979-10-18,82.6325
1979-10-19,76.453995
1979-10-20,81.602
1979-10-21,74.905
1979-10-22,81.4115
1979-10-23,80.224
1979-10-24,72.295
1979-10-25,66.3565
1979-10-26,64.0795
1979-10-27,62.199
1979-10-28,66.956
1979-10-29,82.963
1979-10-30,90.553635
1979-10-31,86.5479
1979-11-01,89.8845
1979-11-02,90.21588
1979-11-03,89.38923
1979-11-04,88.5425
1979-11-05,80.152
1979-11-06,86.3655
1979-11-07,80.517
1979-11-08,80.8145
1979-11-09,77.5715
1979-11-10,87.88
1979-11-11,91.863
1979-11-12,93.485
1979-11-13,89.136
1979-11-14,79.066
1979-11-15,69.8775
1979-11-16,77.673996
1979-11-17,86.73444
1979-11-18,83.725
1979-11-19,88.22945
1979-11-20,92.88
1979-11-21,92.464165
1979-11-22,91.05333
1979-11-23,86.6725
1979-11-24,88.84722
1979-11-25,88.1485
1979-11-26,84.372635
1979-11-27,86.86188
1979-11-28,81.6895
1979-11-29,86.835
1979-11-30,80.28842
1979-12-01,84.1565
1979-12-02,87.817894
1979-12-03,88.540665
1979-12-04,90.29278
1979-12-05,89.49286
1979-12-06,85.9575
1979-12-07,85.225555
1979-12-08,86.9805
1979-12-09,79.944
1979-12-10,72.6685
1979-12-11,78.201
1979-12-12,82.804
1979-12-13,76.1365
1979-12-14,75.9375
1979-12-15,88.432106
1979-12-16,90.00889
1979-12-17,83.0375
1979-12-18,87.166504
1979-12-19,89.03
1979-12-20,83.6725
1979-12-21,91.09563
1979-12-22,83.5365
1979-12-23,85.49421
1979-12-24,89.00471
1979-12-25,89.43632
1979-12-26,91.41286
1979-12-27,85.88722
1979-12-28,75.868996
1979-12-29,86.7975
1979-12-30,92.20231
1979-12-31,92.507
1980-01-01,88.19222
1980-01-02,82.937
1980-01-03,88.7647
1980-01-04,82.5655
1980-01-05,78.279
1980-01-06,82.861496
1980-01-07,88.345
1980-01-08,90.905556
1980-01-09,89.18
1980-01-10,90.6321
1980-01-11,87.7555
1980-01-12,85.9385
1980-01-13,87.763
1980-01-14,85.5485
1980-01-15,81.8275
1980-01-16,83.1085
1980-01-17,87.013
1980-01-18,87.923
1980-01-19,86.0525
1980-01-20,84.9485
1980-01-21,84.6145
1980-01-22,75.6265
1980-01-23,77.771996
1980-01-24,89.383
1980-01-25,90.65467
1980-01-26,87.83947
1980-01-27,80.792496
1980-01-28,75.7875
1980-01-29,79.5235
1980-01-30,79.278
1980-01-31,75.237
1980-02-01,78.445
1980-02-02,65.4135
1980-02-03,79.208496
1980-02-04,90.54625
1980-02-05,87.608
1980-02-06,87.49111
1980-02-07,89.8565
1980-02-08,89.558235
1980-02-09,90.31067
1980-02-10,89.961174
1980-02-11,91.80308
1980-02-12,90.77267
1980-02-13,89.68889
1980-02-14,89.089
1980-02-15,87.3735
1980-02-16,81.172
1980-02-17,90.77812
1980-02-18,88.913574
1980-02-19,82.4355
1980-02-20,85.98263
1980-02-21,85.140526
1980-02-22,85.149
1980-02-23,84.919495
1980-02-24,87.42895
1980-02-25,88.65588
1980-02-26,88.286316
1980-02-27,77.076
1980-02-28,82.2675
1980-02-29,83.174736
1980-03-01,88.564
1980-03-02,72.320496
1980-03-03,73.2035
1980-03-04,77.3255
1980-03-05,66.669
1980-03-06,58.993
1980-03-07,69.6565
1980-03-08,87.43588
1980-03-09,89.76882
1980-03-10,88.6175
1980-03-11,82.42895
1980-03-12,79.9405
1980-03-13,73.828995
1980-03-14,74.713
1980-03-15,68.5355
1980-03-16,77.29
1980-03-17,79.9575
1980-03-18,72.77
1980-03-19,74.54
1980-03-20,76.2375
1980-03-21,78.58
1980-03-22,77.4115
1980-03-23,83.3545
1980-03-24,88.99421
1980-03-25,84.124
1980-03-26,82.647
1980-03-27,76.7465
1980-03-28,70.42
1980-03-29,68.712
1980-03-30,76.7845
1980-03-31,75.986496
1980-04-01,59.939
1980-04-02,67.8955
1980-04-03,73.4005
1980-04-04,90.67375
1980-04-05,87.2005
1980-04-06,89.756
1980-04-07,81.576
1980-04-08,77.4825
1980-04-09,72.695
1980-04-10,77.138
1980-04-11,77.316
1980-04-12,72.7775
1980-04-13,65.219
1980-04-14,54.859497
1980-04-15,49.547497
1980-04-16,49.921497
1980-04-17,56.5375
1980-04-18,59.402
1980-04-19,69.000496
1980-04-20,59.3205
1980-04-21,81.319
1980-04-22,89.8353
1980-04-23,75.133995
1980-04-24,71.487495
1980-04-25,77.884
1980-04-26,82.9105
1980-04-27,77.906
1980-04-28,82.627
1980-04-29,80.965996
1980-04-30,75.125
1980-05-01,65.727
1980-05-02,74.474
1980-05-03,72.069496
1980-05-04,66.9975
1980-05-05,69.5485
1980-05-06,79.5335
1980-05-07,83.1685
1980-05-08,75.943
1980-05-09,70.1235
1980-05-10,87.65294
1980-05-11,70.9995
1980-05-12,61.3625
1980-05-13,57.1
1980-05-14,53.906
1980-05-15,75.876
1980-05-16,72.174995
1980-05-17,71.609
1980-05-18,73.6175
1980-05-19,69.573
1980-05-20,77.195496
1980-05-21,68.477
1980-05-22,75.531
1980-05-23,65.086
1980-05-24,68.8365
1980-05-25,64.604
1980-05-26,59.0435
1980-05-27,56.297997
1980-05-28,63.9425
1980-05-29,68.299995
1980-05-30,62.413998
1980-05-31,85.98
1980-06-01,72.361496
1980-06-02,68.4655
1980-06-03,73.862
1980-06-04,85.1265
1980-06-05,76.6665
1980-06-06,87.96
1980-06-07,89.66778
1980-06-08,76.977
1980-06-09,68.1625
1980-06-10,78.1325
1980-06-11,74.569
1980-06-12,69.238
1980-06-13,70.931496
1980-06-14,65.9235
1980-06-15,60.622498
1980-06-16,66.5015
1980-06-17,69.147995
1980-06-18,74.1645
1980-06-19,88.935
1980-06-20,73.909
1980-06-21,69.13
1980-06-22,69.8695
1980-06-23,70.185
1980-06-24,68.4125
1980-06-25,71.8265
1980-06-26,67.781
1980-06-27,82.0555
1980-06-28,77.4645
1980-06-29,70.6345
1980-06-30,79.965
1980-07-01,68.2535
1980-07-02,77.7445
1980-07-03,74.4905
1980-07-04,83.338
1980-07-05,77.167496
1980-07-06,76.9335
1980-07-07,71.1715
1980-07-08,62.9965
1980-07-09,50.273
1980-07-10,45.578
1980-07-11,62.015
1980-07-12,77.5075
1980-07-13,72.2705
1980-07-14,65.037
1980-07-15,61.293
1980-07-16,70.5115
1980-07-17,69.9925
1980-07-18,71.657
1980-07-19,68.0445
1980-07-20,65.460495
1980-07-21,67.7195
1980-07-22,82.214
1980-07-23,91.93842
1980-07-24,89.0175
1980-07-25,87.4565
1980-07-26,85.04
1980-07-27,79.335
1980-07-28,83.09556
1980-07-29,83.912
1980-07-30,84.41
1980-07-31,84.858
1980-08-01,83.737
1980-08-02,76.091995
1980-08-03,72.323
1980-08-04,68.603
1980-08-05,67.6425
1980-08-06,65.2445
1980-08-07,67.738495
1980-08-08,64.3585
1980-08-09,78.604
1980-08-10,68.6135
1980-08-11,70.165
1980-08-12,68.7975
1980-08-13,87.108
1980-08-14,90.9765
1980-08-15,87.793
1980-08-16,80.066
1980-08-17,77.7285
1980-08-18,76.198
1980-08-19,74.755
1980-08-20,77.103
1980-08-21,71.748
1980-08-22,66.788
1980-08-23,68.462
1980-08-24,79.361
1980-08-25,77.19
1980-08-26,70.5385
1980-08-27,70.798
1980-08-28,68.8245
1980-08-29,74.8315
1980-08-30,72.222496
1980-08-31,79.2885
1980-09-01,79.8645
1980-09-02,87.81
1980-09-03,79.6105
1980-09-04,70.770996
1980-09-05,69.0825
1980-09-06,63.965
1980-09-07,83.227
1980-09-08,76.2065
1980-09-09,71.512
1980-09-10,85.601
1980-09-11,79.3605
1980-09-12,68.308
1980-09-13,70.212
1980-09-14,67.5485
1980-09-15,71.913
1980-09-16,74.8165
1980-09-17,67.915
1980-09-18,72.903
1980-09-19,70.7585
1980-09-20,68.936
1980-09-21,67.606995
1980-09-22,71.6235
1980-09-23,73.4805
1980-09-24,72.1615
1980-09-25,77.2725
1980-09-26,84.4635
1980-09-27,75.576
1980-09-28,81.4705
1980-09-29,79.5745
1980-09-30,74.77
1980-10-01,76.807495
1980-10-02,74.81
1980-10-03,74.13
1980-10-04,74.322
1980-10-05,78.2035
1980-10-06,75.2545
1980-10-07,70.494995
1980-10-08,81.034996
1980-10-09,84.2965
1980-10-10,89.226845
1980-10-11,78.0105
1980-10-12,66.7185
1980-10-13,77.229
1980-10-14,76.7135
1980-10-15,68.6925
1980-10-16,75.143
1980-10-17,67.058
1980-10-18,69.147
1980-10-19,86.86421
1980-10-20,81.698
1980-10-21,83.122
1980-10-22,74.1445
1980-10-23,79.842995
1980-10-24,69.279495
1980-10-25,66.2845
1980-10-26,82.019
1980-10-27,69.47
1980-10-28,70.4075
1980-10-29,73.116
1980-10-30,67.984
1980-10-31,76.276
1980-11-01,78.32
1980-11-02,81.97
1980-11-03,88.409996
1980-11-04,91.06842
1980-11-05,90.815
1980-11-06,90.56214
1980-11-07,89.082855
1980-11-08,84.726
1980-11-09,89.68
1980-11-10,85.51444
1980-11-11,85.2725
1980-11-12,78.3855
1980-11-13,86.226845
1980-11-14,86.98263
1980-11-15,87.32158
1980-11-16,81.8745
1980-11-17,82.2795
1980-11-18,75.6235
1980-11-19,76.075
1980-11-20,78.433
1980-11-21,78.557
1980-11-22,81.7165
1980-11-23,78.6165
1980-11-24,81.132996
1980-11-25,75.7345
1980-11-26,82.5115
1980-11-27,84.8305
1980-11-28,91.43
1980-11-29,89.08
1980-11-30,89.3
1980-12-01,86.36263
1980-12-02,85.957
1980-12-03,83.5805
1980-12-04,83.653496
1980-12-05,83.3515
1980-12-06,77.404
1980-12-07,88.97722
1980-12-08,87.97474
1980-12-09,80.91526
1980-12-10,79.7495
1980-12-11,75.654495
1980-12-12,81.0895
1980-12-13,86.94111
1980-12-14,86.908
1980-12-15,80.7255
1980-12-16,82.20105
1980-12-17,82.687645
1980-12-18,85.73444
1980-12-19,88.817
1980-12-20,87.15947
1980-12-21,89.564445
1980-12-22,91.18769
1980-12-23,83.1605
1980-12-24,78.2005
1980-12-25,88.92579
1980-12-26,92.31625
1980-12-27,90.98091
1980-12-28,88.785
1980-12-29,85.94526
1980-12-30,87.77579
1980-12-31,88.57111
1981-01-01,77.3755
1981-01-02,74.2305
1981-01-03,74.293495
1981-01-04,76.382996
1981-01-05,86.0005
1981-01-06,76.1365
1981-01-07,84.296
1981-01-08,76.229
1981-01-09,77.0955
1981-01-10,73.6685
1981-01-11,76.691
1981-01-12,76.824
1981-01-13,75.381996
1981-01-14,85.217
1981-01-15,75.8915
1981-01-16,83.258
1981-01-17,75.1355
1981-01-18,77.4515
1981-01-19,81.4425
1981-01-20,81.3075
1981-01-21,88.39056
1981-01-22,88.26474
1981-01-23,86.663155
1981-01-24,86.9105
1981-01-25,84.2605
1981-01-26,83.5815
1981-01-27,79.768
1981-01-28,79.300995
1981-01-29,78.084206
1981-01-30,82.466995
1981-01-31,82.34
1981-02-01,79.070496
1981-02-02,75.0045
1981-02-03,72.326
1981-02-04,78.2665
1981-02-05,84.9715
1981-02-06,84.1325
1981-02-07,88.09937
1981-02-08,86.825554
1981-02-09,80.5735
1981-02-10,85.022
1981-02-11,71.192
1981-02-12,79.7005
1981-02-13,82.3315
1981-02-14,82.514496
1981-02-15,81.13
1981-02-16,83.8535
1981-02-17,82.0195
1981-02-18,81.4705
1981-02-19,83.018
1981-02-20,77.117
1981-02-21,77.3395
1981-02-22,78.3565
1981-02-23,75.997
1981-02-24,74.082
1981-02-25,63.44
1981-02-26,63.42
1981-02-27,66.5595
1981-02-28,69.208
1981-03-01,68.834
1981-03-02,77.736
1981-03-03,90.2721
1981-03-04,89.861664
1981-03-05,83.969
1981-03-06,77.154
1981-03-07,74.5775
1981-03-08,65.078995
1981-03-09,78.6995
1981-03-10,75.418
1981-03-11,83.0815
1981-03-12,78.68
1981-03-13,90.32
1981-03-14,81.693
1981-03-15,73.2045
1981-03-16,84.189
1981-03-17,81.0305
1981-03-18,83.011
1981-03-19,91.987144
1981-03-20,79.74
1981-03-21,71.236
1981-03-22,62.2665
1981-03-23,64.3275
1981-03-24,82.103
1981-03-25,78.059
1981-03-26,68.389
1981-03-27,73.5225
1981-03-28,74.8375
1981-03-29,65.3925
1981-03-30,60.0935
1981-03-31,53.051
1981-04-01,54.246
1981-04-02,61.36
1981-04-03,67.2865
1981-04-04,59.3645
1981-04-05,55.663998
1981-04-06,61.889
1981-04-07,57.247
1981-04-08,55.5845
1981-04-09,49.684998
1981-04-10,73.88
1981-04-11,74.757996
1981-04-12,63.990997
1981-04-13,50.698997
1981-04-14,47.531
1981-04-15,39.8775
1981-04-16,50.503998
1981-04-17,69.1035
1981-04-18,84.447
1981-04-19,83.471
1981-04-20,70.254
1981-04-21,57.2715
1981-04-22,51.9325
1981-04-23,66.000496
1981-04-24,65.564
1981-04-25,76.875496
1981-04-26,78.781
1981-04-27,72.284
1981-04-28,60.1025
1981-04-29,62.451
1981-04-30,70.3745
1981-05-01,68.626
1981-05-02,63.752
1981-05-03,61.211
1981-05-04,70.161
1981-05-05,84.56579
1981-05-06,78.2295
1981-05-07,76.6155
1981-05-08,79.5075
1981-05-09,71.6735
1981-05-10,63.2455
1981-05-11,55.739998
1981-05-12,68.5375
1981-05-13,75.084
1981-05-14,75.013
1981-05-15,64.8515
1981-05-16,61.964
1981-05-17,63.5515
1981-05-18,71.861496
1981-05-19,63.7065
1981-05-20,68.931496
1981-05-21,70.8275
1981-05-22,55.6045
1981-05-23,59.3335
1981-05-24,62.044
1981-05-25,44.248
1981-05-26,39.135998
1981-05-27,37.5095
1981-05-28,80.326
1981-05-29,78.9205
1981-05-30,70.2695
1981-05-31,67.542
1981-06-01,67.184
1981-06-02,67.3245
1981-06-03,57.1145
1981-06-04,57.743
1981-06-05,78.823
1981-06-06,76.2445
1981-06-07,83.9755
1981-06-08,78.617
1981-06-09,74.087
1981-06-10,80.033
1981-06-11,85.995
1981-06-12,71.3495
1981-06-13,64.663
1981-06-14,69.001
1981-06-15,76.486
1981-06-16,77.0535
1981-06-17,69.6455
1981-06-18,79.3875
1981-06-19,84.5265
1981-06-20,75.18
1981-06-21,79.889
1981-06-22,76.5655
1981-06-23,86.46579
1981-06-24,81.4165
1981-06-25,74.899
1981-06-26,69.3265
1981-06-27,74.534996
1981-06-28,63.979
1981-06-29,60.107
1981-06-30,59.29
1981-07-01,61.636497
1981-07-02,60.979
1981-07-03,59.7145
1981-07-04,76.667
1981-07-05,67.2895
1981-07-06,68.3275
1981-07-07,66.3845
1981-07-08,66.6935
1981-07-09,71.447
1981-07-10,78.638
1981-07-11,68.719
1981-07-12,65.3445
1981-07-13,72.144
1981-07-14,69.878
1981-07-15,81.156
1981-07-16,74.3505
1981-07-17,62.4605
1981-07-18,48.535
1981-07-19,53.324997
1981-07-20,75.9435
1981-07-21,79.576996
1981-07-22,72.506
1981-07-23,59.77
1981-07-24,50.458
1981-07-25,60.4885
1981-07-26,70.070496
1981-07-27,71.8655
1981-07-28,85.636
1981-07-29,87.145
1981-07-30,79.8575
1981-07-31,72.932
1981-08-01,67.362495
1981-08-02,67.798996
1981-08-03,66.251495
1981-08-04,66.777
1981-08-05,64.903496
1981-08-06,61.6335
1981-08-07,59.470497
1981-08-08,62.6295
1981-08-09,62.583
1981-08-10,67.8145
1981-08-11,76.431496
1981-08-12,77.7865
1981-08-13,74.071495
1981-08-14,73.2745
1981-08-15,73.3365
1981-08-16,64.723
1981-08-17,73.573
1981-08-18,72.7315
1981-08-19,68.837
1981-08-20,52.1695
1981-08-21,66.6595
1981-08-22,80.143
1981-08-23,71.7435
1981-08-24,84.814
1981-08-25,82.142
1981-08-26,72.9765
1981-08-27,76.918
1981-08-28,78.783
1981-08-29,63.8285
1981-08-30,76.297
1981-08-31,72.2005
1981-09-01,77.9255
1981-09-02,79.069
1981-09-03,77.8115
1981-09-04,78.1445
1981-09-05,80.959
1981-09-06,77.5075
1981-09-07,75.3385
1981-09-08,71.888
1981-09-09,74.171
1981-09-10,79.136
1981-09-11,84.39105
1981-09-12,81.727
1981-09-13,75.1485
1981-09-14,85.126
1981-09-15,85.131996
1981-09-16,72.881996
1981-09-17,74.9945
1981-09-18,71.8535
1981-09-19,69.3075
1981-09-20,81.116
1981-09-21,71.4915
1981-09-22,68.5005
1981-09-23,58.3285
1981-09-24,78.425
1981-09-25,83.743996
1981-09-26,74.806
1981-09-27,70.826996
1981-09-28,72.497
1981-09-29,88.4295
1981-09-30,88.05889
1981-10-01,87.0925
1981-10-02,79.708
1981-10-03,78.357
1981-10-04,79.4475
1981-10-05,74.5415
1981-10-06,76.807
1981-10-07,74.9505
1981-10-08,72.89
1981-10-09,74.625
1981-10-10,75.4905
1981-10-11,78.6015
1981-10-12,69.8125
1981-10-13,85.1553
1981-10-14,78.576
1981-10-15,82.8825
1981-10-16,84.7605
1981-10-17,80.1515
1981-10-18,79.4365
1981-10-19,86.75421
1981-10-20,74.904
1981-10-21,77.203995
1981-10-22,73.2845
1981-10-23,77.959
1981-10-24,90.126
1981-10-25,81.918495
1981-10-26,66.906
1981-10-27,73.1645
1981-10-28,83.098
1981-10-29,72.4895
1981-10-30,70.7165
1981-10-31,75.2845
1981-11-01,68.626
1981-11-02,77.1615
1981-11-03,60.717
1981-11-04,73.595
1981-11-05,81.993
1981-11-06,84.74737
1981-11-07,82.1335
1981-11-08,87.971054
1981-11-09,92.19546
1981-11-10,83.28526
1981-11-11,81.231
1981-11-12,85.282
1981-11-13,86.2555
1981-11-14,88.1695
1981-11-15,90.7775
1981-11-16,89.209
1981-11-17,80.682
1981-11-18,82.9665
1981-11-19,83.0975
1981-11-20,87.98294
1981-11-21,87.94294
1981-11-22,83.4025
1981-11-23,80.0215
1981-11-24,79.4125
1981-11-25,65.9975
1981-11-26,75.456
1981-11-27,85.2795
1981-11-28,82.892
1981-11-29,92.87
1981-11-30,86.506
1981-12-01,86.4195
1981-12-02,93.27111
1981-12-03,92.258
1981-12-04,90.49643
1981-12-05,87.41947
1981-12-06,85.175
1981-12-07,86.163
1981-12-08,81.3605
1981-12-09,78.4465
1981-12-10,82.7965
1981-12-11,86.9765
1981-12-12,89.98353
1981-12-13,87.00294
1981-12-14,81.931
1981-12-15,88.4015
1981-12-16,90.82188
1981-12-17,87.286
1981-12-18,82.362
1981-12-19,87.481
1981-12-20,87.50158
1981-12-21,83.8945
1981-12-22,72.2855
1981-12-23,84.4905
1981-12-24,91.391335
1981-12-25,93.285
1981-12-26,92.36286
1981-12-27,92.3675
1981-12-28,87.47667
1981-12-29,84.3425
1981-12-30,89.418465
1981-12-31,76.1085
1982-01-01,87.555786
1982-01-02,88.89923
1982-01-03,88.03333
1982-01-04,79.62684
1982-01-05,81.49
1982-01-06,81.7295
1982-01-07,74.4925
1982-01-08,73.028
1982-01-09,76.7075
1982-01-10,84.46632
1982-01-11,82.7355
1982-01-12,89.134
1982-01-13,87.01842
1982-01-14,88.02333
1982-01-15,88.78412
1982-01-16,85.78333
1982-01-17,87.05944
1982-01-18,87.93421
1982-01-19,86.23688
1982-01-20,89.854706
1982-01-21,89.255714
1982-01-22,91.976
1982-01-23,90.51369
1982-01-24,88.68474
1982-01-25,86.423
1982-01-26,80.252
1982-01-27,79.599495
1982-01-28,89.251335
1982-01-29,87.416664
1982-01-30,89.63789
1982-01-31,81.39684
1982-02-01,80.5055
1982-02-02,84.554
1982-02-03,81.457
1982-02-04,84.395
1982-02-05,79.410995
1982-02-06,78.751
1982-02-07,82.399475
1982-02-08,82.354
1982-02-09,89.539474
1982-02-10,88.226
1982-02-11,82.7995
1982-02-12,78.02631
1982-02-13,88.7375
1982-02-14,74.333496
1982-02-15,72.5915
1982-02-16,73.4485
1982-02-17,75.965
1982-02-18,78.714
1982-02-19,79.395
1982-02-20,78.57
1982-02-21,78.106
1982-02-22,76.616
1982-02-23,83.073
1982-02-24,89.505
1982-02-25,90.95529
1982-02-26,87.226
1982-02-27,89.42625
1982-02-28,82.382
1982-03-01,78.9675
1982-03-02,77.755
1982-03-03,76.645
1982-03-04,74.056
1982-03-05,82.363
1982-03-06,83.889496
1982-03-07,64.263
1982-03-08,62.6465
1982-03-09,67.7615
1982-03-10,66.545
1982-03-11,77.782
1982-03-12,79.51
1982-03-13,78.145996
1982-03-14,87.81
1982-03-15,83.909996
1982-03-16,82.101
1982-03-17,78.0365
1982-03-18,69.996
1982-03-19,83.2915
1982-03-20,91.081665
1982-03-21,75.404495
1982-03-22,74.418495
1982-03-23,69.548
1982-03-24,72.1605
1982-03-25,74.75
1982-03-26,73.414
1982-03-27,72.423996
1982-03-28,59.871
1982-03-29,64.1165
1982-03-30,80.8945
1982-03-31,80.413
1982-04-01,64.6165
1982-04-02,54.4865
1982-04-03,53.6745
1982-04-04,60.4815
1982-04-05,54.746
1982-04-06,45.9365
1982-04-07,45.149998
1982-04-08,52.1065
1982-04-09,65.608
1982-04-10,61.494
1982-04-11,58.5895
1982-04-12,71.7565
1982-04-13,57.541
1982-04-14,73.018
1982-04-15,73.960495
1982-04-16,88.537
1982-04-17,77.847
1982-04-18,68.183
1982-04-19,74.765
1982-04-20,74.9255
1982-04-21,72.8085
1982-04-22,78.576996
1982-04-23,68.9675
1982-04-24,67.0865
1982-04-25,55.5065
1982-04-26,64.366
1982-04-27,75.9475
1982-04-28,86.8445
1982-04-29,79.435
1982-04-30,76.8705
1982-05-01,52.4045
1982-05-02,65.221
1982-05-03,52.624
1982-05-04,42.64
1982-05-05,37.476997
1982-05-06,43.190998
1982-05-07,68.455
1982-05-08,71.121
1982-05-09,72.513
1982-05-10,70.344
1982-05-11,64.6755
1982-05-12,62.754997
1982-05-13,71.197
1982-05-14,73.135
1982-05-15,56.384
1982-05-16,54.3195
1982-05-17,54.207497
1982-05-18,50.7735
1982-05-19,52.816498
1982-05-20,68.6385
1982-05-21,65.7525
1982-05-22,65.65
1982-05-23,64.9345
1982-05-24,73.208
1982-05-25,89.356
1982-05-26,77.475
1982-05-27,71.208
1982-05-28,67.6835
1982-05-29,85.4405
1982-05-30,69.029
1982-05-31,63.6825
1982-06-01,62.2005
1982-06-02,63.214
1982-06-03,65.7145
1982-06-04,60.2575
1982-06-05,64.585495
1982-06-06,61.635
1982-06-07,70.796
1982-06-08,62.0275
1982-06-09,61.420998
1982-06-10,73.9265
1982-06-11,64.898
1982-06-12,68.960495
1982-06-13,70.9945
1982-06-14,74.291
1982-06-15,64.446
1982-06-16,64.145
1982-06-17,76.6025
1982-06-18,69.1555
1982-06-19,80.2165
1982-06-20,73.542496
1982-06-21,72.481995
1982-06-22,77.0245
1982-06-23,81.2565
1982-06-24,67.3955
1982-06-25,68.285995
1982-06-26,69.2495
1982-06-27,71.437996
1982-06-28,75.267
1982-06-29,67.6175
1982-06-30,76.3265
1982-07-01,69.9245
1982-07-02,64.5775
1982-07-03,57.5185
1982-07-04,70.833
1982-07-05,66.62
1982-07-06,62.388
1982-07-07,80.395996
1982-07-08,70.52
1982-07-09,63.545
1982-07-10,75.348
1982-07-11,88.5285
1982-07-12,87.227
1982-07-13,83.594
1982-07-14,80.75
1982-07-15,79.3595
1982-07-16,70.627
1982-07-17,69.2075
1982-07-18,64.748
1982-07-19,68.256996
1982-07-20,67.1905
1982-07-21,66.210495
1982-07-22,70.6905
1982-07-23,71.783
1982-07-24,70.054
1982-07-25,70.296
1982-07-26,81.678
1982-07-27,88.928825
1982-07-28,86.8145
1982-07-29,77.79
1982-07-30,71.546
1982-07-31,69.1485
1982-08-01,79.177
1982-08-02,80.975
1982-08-03,72.3435
1982-08-04,68.8775
1982-08-05,78.756
1982-08-06,76.014496
1982-08-07,70.6285
1982-08-08,73.2775
1982-08-09,74.125
1982-08-10,76.866
1982-08-11,75.998
1982-08-12,72.376
1982-08-13,73.225
1982-08-14,72.873
1982-08-15,71.964
1982-08-16,76.5745
1982-08-17,70.088
1982-08-18,77.847
1982-08-19,73.77
1982-08-20,67.106
1982-08-21,74.2485
1982-08-22,86.1095
1982-08-23,78.1335
1982-08-24,73.002
1982-08-25,74.153496
1982-08-26,73.959496
1982-08-27,64.848495
1982-08-28,72.5725
1982-08-29,83.84
1982-08-30,86.3965
1982-08-31,84.452995
1982-09-01,74.403496
1982-09-02,70.159
1982-09-03,69.1215
1982-09-04,68.4945
1982-09-05,65.733
1982-09-06,56.243
1982-09-07,53.746
1982-09-08,72.814995
1982-09-09,82.286
1982-09-10,79.1445
1982-09-11,80.826
1982-09-12,79.526
1982-09-13,75.5645
1982-09-14,72.5455
1982-09-15,74.7695
1982-09-16,74.3405
1982-09-17,76.626
1982-09-18,71.7945
1982-09-19,70.896996
1982-09-20,68.499
1982-09-21,66.238495
1982-09-22,70.88
1982-09-23,78.3175
1982-09-24,81.712
1982-09-25,76.0065
1982-09-26,68.326
1982-09-27,66.629
1982-09-28,79.001495
1982-09-29,76.472
1982-09-30,78.550995
1982-10-01,80.6495
1982-10-02,79.710495
1982-10-03,82.1195
1982-10-04,87.135
1982-10-05,68.823
1982-10-06,59.9675
1982-10-07,77.376
1982-10-08,81.054
1982-10-09,85.0205
1982-10-10,83.7025
1982-10-11,84.536
1982-10-12,81.2455
1982-10-13,78.507996
1982-10-14,78.898
1982-10-15,83.8185
1982-10-16,88.3135
1982-10-17,79.52
1982-10-18,82.417496
1982-10-19,83.662
1982-10-20,85.698
1982-10-21,83.04
1982-10-22,78.373
1982-10-23,67.5815
1982-10-24,70.6275
1982-10-25,83.69833
1982-10-26,89.12059
1982-10-27,86.64158
1982-10-28,90.26059
1982-10-29,77.034
1982-10-30,80.681
1982-10-31,82.4815
1982-11-01,91.28643
1982-11-02,88.7605
1982-11-03,90.19833
1982-11-04,91.87071
1982-11-05,77.293
1982-11-06,81.5605
1982-11-07,72.9775
1982-11-08,56.731
1982-11-09,47.8285
1982-11-10,45.3145
1982-11-11,59.615498
1982-11-12,68.698
1982-11-13,58.290497
1982-11-14,70.948
1982-11-15,90.50437
1982-11-16,90.253334
1982-11-17,90.13461
1982-11-18,87.14316
1982-11-19,86.6435
1982-11-20,83.7905
1982-11-21,81.821
1982-11-22,77.084
1982-11-23,84.9215
1982-11-24,78.6595
1982-11-25,84.8015
1982-11-26,75.8115
1982-11-27,76.8315
1982-11-28,71.088
1982-11-29,85.4295
1982-11-30,88.884445
1982-12-01,82.119
1982-12-02,83.952225
1982-12-03,88.68072
1982-12-04,85.528946
1982-12-05,88.50235
1982-12-06,85.5505
1982-12-07,86.73842
1982-12-08,82.84
1982-12-09,80.3745
1982-12-10,74.066
1982-12-11,88.2255
1982-12-12,87.10941
1982-12-13,87.28375
1982-12-14,90.23929
1982-12-15,87.51211
1982-12-16,79.414734
1982-12-17,87.595
1982-12-18,71.654
1982-12-19,91.115295
1982-12-20,85.63421
1982-12-21,81.447
1982-12-22,89.151665
1982-12-23,91.365265
1982-12-24,92.1725
1982-12-25,92.88273
1982-12-26,89.20143
1982-12-27,87.167366
1982-12-28,88.1075
1982-12-29,90.49105
1982-12-30,84.51789
1982-12-31,86.088425
1983-01-01,90.59538
1983-01-02,91.805
1983-01-03,90.685555
1983-01-04,90.308
1983-01-05,85.453
1983-01-06,90.76882
1983-01-07,87.225
1983-01-08,84.9575
1983-01-09,88.542
1983-01-10,85.721
1983-01-11,87.0685
1983-01-12,89.969
1983-01-13,90.17857
1983-01-14,86.778
1983-01-15,88.51722
1983-01-16,85.67421
1983-01-17,90.41
1983-01-18,78.7035
1983-01-19,79.8155
1983-01-20,82.432
1983-01-21,87.5195
1983-01-22,90.6485
1983-01-23,89.00166
1983-01-24,88.552666
1983-01-25,90.255
1983-01-26,86.55118
1983-01-27,86.427895
1983-01-28,73.706
1983-01-29,83.7805
1983-01-30,80.05
1983-01-31,76.25
1983-02-01,69.001495
1983-02-02,68.7985
1983-02-03,66.9845
1983-02-04,77.746
1983-02-05,75.4485
1983-02-06,66.17
1983-02-07,78.983
1983-02-08,88.07421
1983-02-09,86.01631
1983-02-10,89.78
1983-02-11,84.248
1983-02-12,78.7965
1983-02-13,75.761
1983-02-14,76.7615
1983-02-15,83.0435
1983-02-16,79.5135
1983-02-17,75.783
1983-02-18,86.356316
1983-02-19,84.9265
1983-02-20,83.2375
1983-02-21,78.4145
1983-02-22,68.6165
1983-02-23,77.6435
1983-02-24,79.733
1983-02-25,75.7155
1983-02-26,65.562
1983-02-27,70.3055
1983-02-28,83.8635
1983-03-01,90.63571
1983-03-02,87.861
1983-03-03,79.436
1983-03-04,83.2655
1983-03-05,76.8295
1983-03-06,75.1795
1983-03-07,67.1595
1983-03-08,76.994995
1983-03-09,59.0685
1983-03-10,65.042
1983-03-11,60.330498
1983-03-12,52.898
1983-03-13,64.92
1983-03-14,54.781998
1983-03-15,43.4425
1983-03-16,44.3325
1983-03-17,61.104
1983-03-18,59.059
1983-03-19,80.8595
1983-03-20,83.586
1983-03-21,72.2935
1983-03-22,57.031
1983-03-23,66.53
1983-03-24,57.019497
1983-03-25,72.867
1983-03-26,89.92389
1983-03-27,89.567894
1983-03-28,72.441
1983-03-29,51.419
1983-03-30,67.2175
1983-03-31,70.098
1983-04-01,74.211
1983-04-02,77.2725
1983-04-03,69.4265
1983-04-04,77.77
1983-04-05,74.317
1983-04-06,73.708
1983-04-07,65.2665
1983-04-08,65.056496
1983-04-09,68.2885
1983-04-10,77.275
1983-04-11,62.150497
1983-04-12,53.684
1983-04-13,87.9195
1983-04-14,80.7175
1983-04-15,86.713684
1983-04-16,71.618996
1983-04-17,66.8135
1983-04-18,56.9105
1983-04-19,60.524498
1983-04-20,69.185
1983-04-21,65.255
1983-04-22,72.7355
1983-04-23,72.4915
1983-04-24,69.35
1983-04-25,66.5865
1983-04-26,58.3975
1983-04-27,63.9665
1983-04-28,68.0595
1983-04-29,75.322495
1983-04-30,81.0235
1983-05-01,64.983
1983-05-02,79.565994
1983-05-03,65.126
1983-05-04,65.4895
1983-05-05,71.587
1983-05-06,74.0545
1983-05-07,68.848495
1983-05-08,71.99
1983-05-09,84.9995
1983-05-10,88.8821
1983-05-11,71.0305
1983-05-12,59.246
1983-05-13,57.0625
1983-05-14,60.760998
1983-05-15,58.9605
1983-05-16,49.519997
1983-05-17,51.332
1983-05-18,58.7275
1983-05-19,63.173
1983-05-20,66.3995
1983-05-21,60.985
1983-05-22,56.552998
1983-05-23,65.473495
1983-05-24,79.0815
1983-05-25,64.452995
1983-05-26,71.07
1983-05-27,74.451
1983-05-28,75.8815
1983-05-29,72.488495
1983-05-30,78.518
1983-05-31,69.6205
1983-06-01,58.2225
1983-06-02,56.276
1983-06-03,64.379
1983-06-04,51.798
1983-06-05,53.7225
1983-06-06,66.127
1983-06-07,63.2295
1983-06-08,56.177498
1983-06-09,55.246
1983-06-10,62.767498
1983-06-11,64.903
1983-06-12,70.7835
1983-06-13,66.7695
1983-06-14,77.178
1983-06-15,76.597
1983-06-16,90.86706
1983-06-17,86.289
1983-06-18,83.5925
1983-06-19,87.444496
1983-06-20,85.054
1983-06-21,72.107
1983-06-22,67.708
1983-06-23,69.904
1983-06-24,64.4385
1983-06-25,55.544
1983-06-26,62.419
1983-06-27,63.272
1983-06-28,79.1785
1983-06-29,75.695496
1983-06-30,74.483
1983-07-01,68.769
1983-07-02,80.1995
1983-07-03,68.896
1983-07-04,68.2345
1983-07-05,61.653
1983-07-06,59.253002
1983-07-07,54.9175
1983-07-08,60.761997
1983-07-09,68.821
1983-07-10,65.572
1983-07-11,74.7625
1983-07-12,79.996
1983-07-13,80.069
1983-07-14,81.247
1983-07-15,67.917496
1983-07-16,68.7035
1983-07-17,71.498
1983-07-18,63.624
1983-07-19,57.065
1983-07-20,69.862495
1983-07-21,68.354
1983-07-22,64.9915
1983-07-23,67.589
1983-07-24,69.2125
1983-07-25,72.015
1983-07-26,66.803
1983-07-27,61.2215
1983-07-28,61.072998
1983-07-29,70.521996
1983-07-30,71.178
1983-07-31,65.834496
1983-08-01,64.4515
1983-08-02,64.9165
1983-08-03,63.738
1983-08-04,83.5895
1983-08-05,77.622
1983-08-06,64.113
1983-08-07,76.1835
1983-08-08,81.429
1983-08-09,76.5925
1983-08-10,75.499
1983-08-11,74.7185
1983-08-12,74.2345
1983-08-13,71.4755
1983-08-14,67.865
1983-08-15,64.340996
1983-08-16,51.2775
1983-08-17,55.9545
1983-08-18,65.4125
1983-08-19,65.674995
1983-08-20,62.383
1983-08-21,66.6615
1983-08-22,63.6745
1983-08-23,65.9845
1983-08-24,63.418
1983-08-25,72.7265
1983-08-26,64.625496
1983-08-27,59.214
1983-08-28,51.442997
1983-08-29,62.1485
1983-08-30,66.147
1983-08-31,65.0455
1983-09-01,62.3355
1983-09-02,56.9995
1983-09-03,45.3695
1983-09-04,89.1455
1983-09-05,81.5405
1983-09-06,73.027
1983-09-07,81.4995
1983-09-08,64.055
1983-09-09,52.0965
1983-09-10,50.904
1983-09-11,44.024998
1983-09-12,76.335495
1983-09-13,78.251
1983-09-14,71.486
1983-09-15,57.5365
1983-09-16,47.753998
1983-09-17,68.127495
1983-09-18,93.036
1983-09-19,88.821175
1983-09-20,80.969
1983-09-21,83.417496
1983-09-22,74.432495
1983-09-23,68.455
1983-09-24,72.0485
1983-09-25,76.926
1983-09-26,79.849
1983-09-27,79.0755
1983-09-28,74.3105
1983-09-29,77.462
1983-09-30,71.7145
1983-10-01,69.187
1983-10-02,69.2495
1983-10-03,69.494995
1983-10-04,77.9565
1983-10-05,74.924995
1983-10-06,76.08473
1983-10-07,57.7765
1983-10-08,62.527
1983-10-09,76.901
1983-10-10,65.1965
1983-10-11,68.5445
1983-10-12,79.755
1983-10-13,72.802
1983-10-14,59.858498
1983-10-15,55.599
1983-10-16,52.4775
1983-10-17,66.3395
1983-10-18,88.422104
1983-10-19,77.22
1983-10-20,74.5925
1983-10-21,75.9675
1983-10-22,78.147995
1983-10-23,78.4035
1983-10-24,71.803
1983-10-25,86.2535
1983-10-26,78.287
1983-10-27,81.7915
1983-10-28,78.851
1983-10-29,83.735504
1983-10-30,84.435265
1983-10-31,77.2105
1983-11-01,89.063
1983-11-02,80.813995
1983-11-03,84.949
1983-11-04,78.35
1983-11-05,86.22474
1983-11-06,87.621765
1983-11-07,86.74
1983-11-08,90.74353
1983-11-09,88.57125
1983-11-10,87.93615
1983-11-11,89.11667
1983-11-12,69.195496
1983-11-13,72.651
1983-11-14,83.622
1983-11-15,79.243
1983-11-16,75.859
1983-11-17,73.4225
1983-11-18,81.6145
1983-11-19,83.5655
1983-11-20,83.245
1983-11-21,87.32687
1983-11-22,76.569496
1983-11-23,76.5485
1983-11-24,77.4695
1983-11-25,73.996
1983-11-26,75.875496
1983-11-27,80.567
1983-11-28,87.29
1983-11-29,86.66947
1983-11-30,86.572
1983-12-01,83.5635
1983-12-02,82.3745
1983-12-03,82.60526
1983-12-04,88.242775
1983-12-05,86.12778
1983-12-06,89.309
1983-12-07,90.25714
1983-12-08,92.13
1983-12-09,91.354164
1983-12-10,89.28941
1983-12-11,90.125626
1983-12-12,86.983154
1983-12-13,82.584
1983-12-14,81.502
1983-12-15,86.00474
1983-12-16,81.7235
1983-12-17,81.92316
1983-12-18,87.85667
1983-12-19,80.024
1983-12-20,79.8515
1983-12-21,86.302
1983-12-22,85.213
1983-12-23,89.848
1983-12-24,90.37666
1983-12-25,85.77684
1983-12-26,83.849
1983-12-27,90.3175
1983-12-28,79.8795
1983-12-29,82.371574
1983-12-30,90.13765
1983-12-31,81.26
1984-01-01,78.881996
1984-01-02,69.486496
1984-01-03,75.5405
1984-01-04,81.188995
1984-01-05,91.808945
1984-01-06,90.022354
1984-01-07,83.7455
1984-01-08,89.54
1984-01-09,92.035835
1984-01-10,91.65077
1984-01-11,89.9105
1984-01-12,88.54316
1984-01-13,91.037895
1984-01-14,84.44369
1984-01-15,88.01611
1984-01-16,89.06834
1984-01-17,80.4935
1984-01-18,89.59937
1984-01-19,88.1075
1984-01-20,89.108574
1984-01-21,88.22632
1984-01-22,86.6645
1984-01-23,88.68445
1984-01-24,89.99125
1984-01-25,91.07429
1984-01-26,91.81571
1984-01-27,88.22316
1984-01-28,86.7145
1984-01-29,89.14778
1984-01-30,93.28625
1984-01-31,87.575264
1984-02-01,84.476845
1984-02-02,83.1905
1984-02-03,86.19158
1984-02-04,86.43316
1984-02-05,83.186844
1984-02-06,86.48053
1984-02-07,79.367
1984-02-08,73.175
1984-02-09,88.0179
1984-02-10,90.84625
1984-02-11,84.1045
1984-02-12,77.2005
1984-02-13,84.2375
1984-02-14,87.992226
1984-02-15,83.212
1984-02-16,78.4955
1984-02-17,80.7715
1984-02-18,84.381996
1984-02-19,84.5505
1984-02-20,85.1535
1984-02-21,88.63052
1984-02-22,80.637
1984-02-23,78.218
1984-02-24,80.956
1984-02-25,82.6095
1984-02-26,77.6625
1984-02-27,84.25
1984-02-28,90.39667
1984-02-29,85.464
1984-03-01,75.083
1984-03-02,86.485
1984-03-03,91.68875
1984-03-04,85.8535
1984-03-05,83.8375
1984-03-06,87.149
1984-03-07,79.631
1984-03-08,72.2315
1984-03-09,71.373
1984-03-10,76.537994
1984-03-11,83.187996
1984-03-12,84.8925
1984-03-13,78.6015
1984-03-14,75.692
1984-03-15,73.212
1984-03-16,72.761
1984-03-17,72.6575
1984-03-18,64.169
1984-03-19,59.6685
1984-03-20,57.9525
1984-03-21,56.2935
1984-03-22,70.8175
1984-03-23,79.6145
1984-03-24,76.318
1984-03-25,57.875
1984-03-26,63.3245
1984-03-27,75.701996
1984-03-28,56.977497
1984-03-29,38.877
1984-03-30,60.441498
1984-03-31,79.098495
1984-04-01,47.712498
1984-04-02,33.912
1984-04-03,52.035
1984-04-04,80.0865
1984-04-05,81.2115
1984-04-06,59.792
1984-04-07,53.8965
1984-04-08,71.968
1984-04-09,80.023
1984-04-10,69.006996
1984-04-11,71.730995
1984-04-12,73.907
1984-04-13,77.249
1984-04-14,71.1645
1984-04-15,60.292
1984-04-16,41.676
1984-04-17,58.8005
1984-04-18,69.64
1984-04-19,51.156998
1984-04-20,45.513496
1984-04-21,55.688
1984-04-22,69.762
1984-04-23,71.1745
1984-04-24,81.1435
1984-04-25,67.458496
1984-04-26,69.0675
1984-04-27,78.177
1984-04-28,63.92
1984-04-29,68.666
1984-04-30,59.289497
1984-05-01,73.594
1984-05-02,74.794
1984-05-03,65.5885
1984-05-04,63.1415
1984-05-05,60.5215
1984-05-06,71.7495
1984-05-07,71.3805
1984-05-08,78.8825
1984-05-09,85.943
1984-05-10,86.01369
1984-05-11,90.40857
1984-05-12,90.060524
1984-05-13,88.66067
1984-05-14,88.378235
1984-05-15,73.7265
1984-05-16,67.526
1984-05-17,66.4105
1984-05-18,65.2455
1984-05-19,58.3755
1984-05-20,58.238
1984-05-21,68.64
1984-05-22,68.914
1984-05-23,83.2775
1984-05-24,76.3835
1984-05-25,74.375
1984-05-26,77.1225
1984-05-27,69.979996
1984-05-28,78.1235
1984-05-29,74.7155
1984-05-30,84.21
1984-05-31,76.101
1984-06-01,77.2825
1984-06-02,68.4365
1984-06-03,62.3975
1984-06-04,70.047
1984-06-05,61.125
1984-06-06,62.4535
1984-06-07,74.1295
1984-06-08,72.168495
1984-06-09,78.252495
1984-06-10,75.465996
1984-06-11,64.0995
1984-06-12,67.087
1984-06-13,56.463497
1984-06-14,65.3665
1984-06-15,73.4925
1984-06-16,74.1245
1984-06-17,73.5245
1984-06-18,68.8775
1984-06-19,64.624
1984-06-20,64.3525
1984-06-21,68.7695
1984-06-22,77.1845
1984-06-23,80.098495
1984-06-24,77.8135
1984-06-25,64.525
1984-06-26,74.1985
1984-06-27,66.626495
1984-06-28,58.636497
1984-06-29,76.2725
1984-06-30,64.986
1984-07-01,66.8165
1984-07-02,73.298996
1984-07-03,73.5455
1984-07-04,82.1525
1984-07-05,76.465996
1984-07-06,79.4145
1984-07-07,84.695496
1984-07-08,78.3045
1984-07-09,66.879
1984-07-10,66.8525
1984-07-11,60.6815
1984-07-12,62.1625
1984-07-13,66.64
1984-07-14,63.1115
1984-07-15,61.351997
1984-07-16,62.7945
1984-07-17,72.0265
1984-07-18,80.6915
1984-07-19,64.548
1984-07-20,78.4895
1984-07-21,73.0035
1984-07-22,64.7715
1984-07-23,60.7695
1984-07-24,61.2005
1984-07-25,64.9075
1984-07-26,69.365
1984-07-27,78.9665
1984-07-28,79.2475
1984-07-29,75.8855
1984-07-30,75.5805
1984-07-31,66.2465
1984-08-01,62.524
1984-08-02,79.6265
1984-08-03,76.437
1984-08-04,69.741
1984-08-05,69.1175
1984-08-06,60.545998
1984-08-07,67.101
1984-08-08,70.876
1984-08-09,65.3645
1984-08-10,61.89
1984-08-11,75.1635
1984-08-12,82.8485
1984-08-13,77.81
1984-08-14,72.645996
1984-08-15,67.775
1984-08-16,77.3815
1984-08-17,75.1555
1984-08-18,70.894
1984-08-19,71.361
1984-08-20,71.5175
1984-08-21,76.166
1984-08-22,73.7545
1984-08-23,69.104
1984-08-24,59.531498
1984-08-25,69.486496
1984-08-26,83.999
1984-08-27,67.694
1984-08-28,69.7425
1984-08-29,65.364
1984-08-30,67.398
1984-08-31,68.3735
1984-09-01,76.2
1984-09-02,74.7975
1984-09-03,70.682495
1984-09-04,61.1445
1984-09-05,54.475
1984-09-06,58.1275
1984-09-07,76.199
1984-09-08,74.432
1984-09-09,70.208
1984-09-10,58.4955
1984-09-11,78.9655
1984-09-12,77.154495
1984-09-13,68.609
1984-09-14,73.831
1984-09-15,70.5265
1984-09-16,83.4365
1984-09-17,83.8865
1984-09-18,82.9955
1984-09-19,77.8015
1984-09-20,74.222496
1984-09-21,86.547
1984-09-22,88.287
1984-09-23,71.390495
1984-09-24,74.446
1984-09-25,85.7565
1984-09-26,84.8655
1984-09-27,88.828
1984-09-28,83.1545
1984-09-29,81.8875
1984-09-30,77.1205
1984-10-01,70.4355
1984-10-02,76.037
1984-10-03,75.529495
1984-10-04,81.475
1984-10-05,66.571
1984-10-06,73.488
1984-10-07,91.20187
1984-10-08,83.412
1984-10-09,73.7895
1984-10-10,79.3125
1984-10-11,77.139
1984-10-12,86.222496
1984-10-13,78.733
1984-10-14,79.5545
1984-10-15,78.222496
1984-10-16,84.225
1984-10-17,81.085
1984-10-18,64.256
1984-10-19,70.529495
1984-10-20,66.451996
1984-10-21,75.657
1984-10-22,73.3685
1984-10-23,76.1655
1984-10-24,81.3575
1984-10-25,80.0125
1984-10-26,74.1845
1984-10-27,85.8825
1984-10-28,86.33
1984-10-29,90.02353
1984-10-30,89.77267
1984-10-31,88.69867
1984-11-01,87.167
1984-11-02,88.89437
1984-11-03,80.751495
1984-11-04,85.0575
1984-11-05,84.3105
1984-11-06,81.589
1984-11-07,80.157
1984-11-08,89.33111
1984-11-09,87.08937
1984-11-10,91.02928
1984-11-11,84.659996
1984-11-12,83.191
1984-11-13,81.300995
1984-11-14,75.919
1984-11-15,72.493996
1984-11-16,83.303
1984-11-17,84.517365
1984-11-18,89.80118
1984-11-19,91.591
1984-11-20,93.79143
1984-11-21,91.735
1984-11-22,89.74353
1984-11-23,77.5485
1984-11-24,62.976498
1984-11-25,72.819
1984-11-26,85.10263
1984-11-27,88.89375
1984-11-28,84.496315
1984-11-29,85.237366
1984-11-30,82.775
1984-12-01,78.71895
1984-12-02,75.481
1984-12-03,79.356995
1984-12-04,82.4685
1984-12-05,80.9905
1984-12-06,91.23769
1984-12-07,90.48118
1984-12-08,88.59143
1984-12-09,89.495
1984-12-10,89.32687
1984-12-11,79.5755
1984-12-12,82.497
1984-12-13,85.65316
1984-12-14,86.2495
1984-12-15,84.39632
1984-12-16,87.421
1984-12-17,88.2685
1984-12-18,86.106316
1984-12-19,82.804
1984-12-20,91.94667
1984-12-21,89.998886
1984-12-22,90.07236
1984-12-23,90.5775
1984-12-24,90.32737
1984-12-25,91.77842
1984-12-26,90.38412
1984-12-27,89.018234
1984-12-28,89.13778
1984-12-29,92.26278
1984-12-30,88.86733
1984-12-31,89.574
1985-01-01,89.132774
1985-01-02,89.06895
1985-01-03,87.676
1985-01-04,85.9215
1985-01-05,86.39684
1985-01-06,84.334
1985-01-07,84.69421
1985-01-08,87.908
1985-01-09,81.277
1985-01-10,85.87737
1985-01-11,88.476
1985-01-12,80.412
1985-01-13,81.844
1985-01-14,79.6365
1985-01-15,76.079
1985-01-16,77.25
1985-01-17,77.5475
1985-01-18,82.988
1985-01-19,85.651
1985-01-20,85.7025
1985-01-21,82.6855
1985-01-22,84.807
1985-01-23,84.461
1985-01-24,82.9675
1985-01-25,77.1205
1985-01-26,73.782
1985-01-27,86.10316
1985-01-28,81.224
1985-01-29,78.3925
1985-01-30,78.905
1985-01-31,85.3785
1985-02-01,83.9135
1985-02-02,79.19368
1985-02-03,73.7685
1985-02-04,71.597
1985-02-05,80.132996
1985-02-06,81.61053
1985-02-07,78.74
1985-02-08,72.1465
1985-02-09,81.50895
1985-02-10,83.912
1985-02-11,82.325
1985-02-12,77.4685
1985-02-13,75.1635
1985-02-14,74.7205
1985-02-15,78.2075
1985-02-16,76.7595
1985-02-17,76.773
1985-02-18,74.506
1985-02-19,75.673
1985-02-20,82.085
1985-02-21,74.177
1985-02-22,78.384
1985-02-23,75.3795
1985-02-24,90.01706
1985-02-25,87.11
1985-02-26,85.403496
1985-02-27,83.3215
1985-02-28,80.499
1985-03-01,83.409
1985-03-02,84.81105
1985-03-03,81.988
1985-03-04,87.44235
1985-03-05,87.032
1985-03-06,81.2155
1985-03-07,83.679
1985-03-08,89.47722
1985-03-09,89.310585
1985-03-10,91.41187
1985-03-11,85.60105
1985-03-12,82.38737
1985-03-13,74.9155
1985-03-14,68.246
1985-03-15,89.71421
1985-03-16,90.541115
1985-03-17,79.225
1985-03-18,81.658
1985-03-19,84.835495
1985-03-20,89.94444
1985-03-21,77.925995
1985-03-22,75.374
1985-03-23,85.6725
1985-03-24,86.272
1985-03-25,88.9
1985-03-26,79.025
1985-03-27,72.055
1985-03-28,82.49947
1985-03-29,67.492
1985-03-30,63.787
1985-03-31,46.407997
1985-04-01,59.151497
1985-04-02,67.569496
1985-04-03,63.8845
1985-04-04,65.5865
1985-04-05,49.343998
1985-04-06,38.784496
1985-04-07,77.948
1985-04-08,60.255
1985-04-09,56.8315
1985-04-10,73.1215
1985-04-11,79.187996
1985-04-12,71.4395
1985-04-13,83.789
1985-04-14,51.241997
1985-04-15,69.809
1985-04-16,81.139
1985-04-17,83.1525
1985-04-18,75.999
1985-04-19,72.8415
1985-04-20,70.783
1985-04-21,57.3545
1985-04-22,59.264
1985-04-23,58.8425
1985-04-24,81.3585
1985-04-25,73.5935
1985-04-26,72.431
1985-04-27,65.3815
1985-04-28,70.9
1985-04-29,83.55053
1985-04-30,70.681
1985-05-01,76.113
1985-05-02,72.314
1985-05-03,81.7665
1985-05-04,73.455
1985-05-05,70.976
1985-05-06,69.2425
1985-05-07,66.7315
1985-05-08,66.443
1985-05-09,76.622
1985-05-10,81.086
1985-05-11,81.82
1985-05-12,76.807
1985-05-13,71.931
1985-05-14,72.951996
1985-05-15,79.101
1985-05-16,77.539
1985-05-17,82.965
1985-05-18,82.6165
1985-05-19,71.861496
1985-05-20,72.9645
1985-05-21,81.033
1985-05-22,85.2925
1985-05-23,73.0055
1985-05-24,75.1925
1985-05-25,69.236496
1985-05-26,69.2025
1985-05-27,60.642
1985-05-28,57.663
1985-05-29,73.053
1985-05-30,78.854
1985-05-31,74.020996
1985-06-01,82.94053
1985-06-02,84.217
1985-06-03,88.23526
1985-06-04,75.875496
1985-06-05,69.284996
1985-06-06,64.0915
1985-06-07,66.697
1985-06-08,72.483
1985-06-09,85.334
1985-06-10,66.4715
1985-06-11,74.501
1985-06-12,61.802498
1985-06-13,64.3155
1985-06-14,57.95
1985-06-15,74.0255
1985-06-16,60.775997
1985-06-17,77.763
1985-06-18,76.394
1985-06-19,70.562996
1985-06-20,67.6785
1985-06-21,88.6265
1985-06-22,74.408
1985-06-23,83.785
1985-06-24,86.392
1985-06-25,82.8205
1985-06-26,75.409996
1985-06-27,73.300995
1985-06-28,76.6835
1985-06-29,73.279495
1985-06-30,75.552
1985-07-01,70.805
1985-07-02,79.3505
1985-07-03,76.965
1985-07-04,69.798996
1985-07-05,62.6515
1985-07-06,60.973
1985-07-07,60.599
1985-07-08,68.9395
1985-07-09,76.3585
1985-07-10,71.7885
1985-07-11,77.3365
1985-07-12,73.167
1985-07-13,70.715
1985-07-14,69.2955
1985-07-15,64.951996
1985-07-16,73.5945
1985-07-17,75.311
1985-07-18,80.723495
1985-07-19,71.686
1985-07-20,70.223
1985-07-21,80.335
1985-07-22,66.432
1985-07-23,60.080997
1985-07-24,59.185497
1985-07-25,70.715
1985-07-26,59.426
1985-07-27,60.917
1985-07-28,62.8985
1985-07-29,65.4095
1985-07-30,64.237495
1985-07-31,74.639496
1985-08-01,69.4475
1985-08-02,78.37
1985-08-03,71.2725
1985-08-04,74.1215
1985-08-05,60.516
1985-08-06,36.492996
1985-08-07,78.589
1985-08-08,82.4985
1985-08-09,82.520996
1985-08-10,74.825
1985-08-11,74.7585
1985-08-12,64.8955
1985-08-13,64.498
1985-08-14,63.803
1985-08-15,62.98
1985-08-16,66.138
1985-08-17,63.3965
1985-08-18,75.5675
1985-08-19,70.1085
1985-08-20,72.03
1985-08-21,61.289497
1985-08-22,66.3655
1985-08-23,71.136
1985-08-24,64.298
1985-08-25,51.327
1985-08-26,50.121998
1985-08-27,92.9675
1985-08-28,89.557
1985-08-29,91.42
1985-08-30,87.8865
1985-08-31,82.541
1985-09-01,75.174995
1985-09-02,78.9975
1985-09-03,68.018
1985-09-04,81.6095
1985-09-05,68.7555
1985-09-06,76.2695
1985-09-07,65.539
1985-09-08,56.357998
1985-09-09,78.129
1985-09-10,81.801
1985-09-11,76.586494
1985-09-12,75.613
1985-09-13,78.4775
1985-09-14,69.2215
1985-09-15,61.9895
1985-09-16,70.883995
1985-09-17,67.951996
1985-09-18,71.4735
1985-09-19,64.3545
1985-09-20,69.391
1985-09-21,72.692
1985-09-22,73.824
1985-09-23,69.236
1985-09-24,72.075
1985-09-25,74.772995
1985-09-26,73.294
1985-09-27,73.302
1985-09-28,73.303
1985-09-29,75.5925
1985-09-30,75.817
1985-10-01,69.747
1985-10-02,62.067497
1985-10-03,68.22
1985-10-04,64.9235
1985-10-05,63.364
1985-10-06,64.685
1985-10-07,71.3395
1985-10-08,75.684
1985-10-09,77.748
1985-10-10,74.8445
1985-10-11,65.0395
1985-10-12,68.2905
1985-10-13,65.901
1985-10-14,72.4055
1985-10-15,86.80947
1985-10-16,85.9635
1985-10-17,78.1615
1985-10-18,76.4685
1985-10-19,82.8575
1985-10-20,83.352
1985-10-21,79.421
1985-10-22,67.660995
1985-10-23,83.99895
1985-10-24,78.94
1985-10-25,83.537
1985-10-26,80.800995
1985-10-27,82.838
1985-10-28,81.5695
1985-10-29,79.02
1985-10-30,67.989
1985-10-31,70.8585
1985-11-01,86.642
1985-11-02,88.95294
1985-11-03,76.291
1985-11-04,78.3315
1985-11-05,75.695
1985-11-06,83.879
1985-11-07,62.8935
1985-11-08,75.3425
1985-11-09,65.716
1985-11-10,67.444
1985-11-11,76.221
1985-11-12,80.26
1985-11-13,88.906
1985-11-14,90.67117
1985-11-15,85.05473
1985-11-16,86.9295
1985-11-17,87.277
1985-11-18,89.50053
1985-11-19,86.0895
1985-11-20,86.1965
1985-11-21,89.60263
1985-11-22,91.166
1985-11-23,91.11072
1985-11-24,93.611534
1985-11-25,90.613846
1985-11-26,90.42389
1985-11-27,90.56467
1985-11-28,86.64222
1985-11-29,80.6795
1985-11-30,84.663
1985-12-01,90.352356
1985-12-02,89.81084
1985-12-03,88.613075
1985-12-04,87.96667
1985-12-05,84.450554
1985-12-06,78.5805
1985-12-07,74.0465
1985-12-08,86.577896
1985-12-09,88.40389
1985-12-10,89.08889
1985-12-11,91.65583
1985-12-12,91.36083
1985-12-13,90.297226
1985-12-14,91.85833
1985-12-15,89.52631
1985-12-16,87.246
1985-12-17,79.487
1985-12-18,81.4305
1985-12-19,88.89526
1985-12-20,86.6875
1985-12-21,89.83059
1985-12-22,88.49357
1985-12-23,85.61158
1985-12-24,87.9915
1985-12-25,84.239
1985-12-26,87.634445
1985-12-27,88.68266
1985-12-28,87.272224
1985-12-29,80.398
1985-12-30,84.820526
1985-12-31,90.75143
1986-01-01,89.25
1986-01-02,88.06563
1986-01-03,89.65
1986-01-04,91.85846
1986-01-05,87.20684
1986-01-06,85.4055
1986-01-07,90.11474
1986-01-08,85.012
1986-01-09,82.006996
1986-01-10,82.611496
1986-01-11,81.515
1986-01-12,91.20294
1986-01-13,87.252
1986-01-14,80.1505
1986-01-15,86.998
1986-01-16,87.69053
1986-01-17,87.9245
1986-01-18,80.607
1986-01-19,77.3505
1986-01-20,79.3805
1986-01-21,78.7705
1986-01-22,76.0775
1986-01-23,76.988495
1986-01-24,78.872
1986-01-25,88.905
1986-01-26,86.9085
1986-01-27,83.393
1986-01-28,83.9905
1986-01-29,84.82579
1986-01-30,84.80889
1986-01-31,83.020996
1986-02-01,74.481
1986-02-02,83.1885
1986-02-03,69.9625
1986-02-04,68.986
1986-02-05,70.6205
1986-02-06,73.4365
1986-02-07,84.007
1986-02-08,81.5885
1986-02-09,86.4655
1986-02-10,80.820496
1986-02-11,80.7015
1986-02-12,81.621
1986-02-13,83.319
1986-02-14,80.236
1986-02-15,83.496
1986-02-16,87.7615
1986-02-17,85.5245
1986-02-18,86.42105
1986-02-19,90.90182
1986-02-20,88.6025
1986-02-21,78.9925
1986-02-22,80.982
1986-02-23,88.759476
1986-02-24,82.015
1986-02-25,82.558
1986-02-26,75.0885
1986-02-27,74.381996
1986-02-28,72.464
1986-03-01,74.47
1986-03-02,91.09
1986-03-03,92.70133
1986-03-04,93.09308
1986-03-05,87.30474
1986-03-06,79.929
1986-03-07,78.137
1986-03-08,88.663
1986-03-09,83.94368
1986-03-10,80.2495
1986-03-11,82.4605
1986-03-12,85.4155
1986-03-13,83.15474
1986-03-14,83.172
1986-03-15,79.5505
1986-03-16,74.648
1986-03-17,75.269
1986-03-18,78.1695
1986-03-19,84.0155
1986-03-20,79.9235
1986-03-21,80.8855
1986-03-22,83.6275
1986-03-23,78.537
1986-03-24,73.796
1986-03-25,76.515
1986-03-26,78.410995
1986-03-27,78.804
1986-03-28,73.7975
1986-03-29,68.338
1986-03-30,68.8115
1986-03-31,62.892498
1986-04-01,57.8845
1986-04-02,65.2045
1986-04-03,56.553497
1986-04-04,48.015
1986-04-05,68.439995
1986-04-06,66.9395
1986-04-07,55.05
1986-04-08,52.545
1986-04-09,45.4105
1986-04-10,68.133
1986-04-11,79.351
1986-04-12,82.0675
1986-04-13,89.622635
1986-04-14,84.888
1986-04-15,69.812996
1986-04-16,57.094997
1986-04-17,63.859497
1986-04-18,62.008
1986-04-19,86.93222
1986-04-20,80.0855
1986-04-21,59.6885
1986-04-22,56.939
1986-04-23,49.260998
1986-04-24,48.1065
1986-04-25,57.449997
1986-04-26,55.641
1986-04-27,66.007996
1986-04-28,71.473
1986-04-29,79.1305
1986-04-30,77.686
1986-05-01,68.3935
1986-05-02,65.2555
1986-05-03,58.343998
1986-05-04,51.203
1986-05-05,42.813
1986-05-06,46.703
1986-05-07,44.6695
1986-05-08,53.371998
1986-05-09,84.0255
1986-05-10,78.949
1986-05-11,67.3845
1986-05-12,72.0625
1986-05-13,68.136
1986-05-14,61.284
1986-05-15,52.235497
1986-05-16,74.0365
1986-05-17,79.8915
1986-05-18,67.569496
1986-05-19,70.6575
1986-05-20,68.156
1986-05-21,71.341995
1986-05-22,74.577995
1986-05-23,66.3795
1986-05-24,68.765
1986-05-25,74.368996
1986-05-26,68.9275
1986-05-27,60.944
1986-05-28,43.479
1986-05-29,74.44
1986-05-30,78.3945
1986-05-31,84.697
1986-06-01,84.277
1986-06-02,78.666
1986-06-03,69.8785
1986-06-04,68.888
1986-06-05,77.1425
1986-06-06,82.062
1986-06-07,68.039
1986-06-08,68.161995
1986-06-09,73.4285
1986-06-10,76.4925
1986-06-11,83.9025
1986-06-12,81.081
1986-06-13,78.9065
1986-06-14,76.391
1986-06-15,67.531
1986-06-16,60.454
1986-06-17,61.7035
1986-06-18,63.227497
1986-06-19,63.587997
1986-06-20,65.2475
1986-06-21,78.6865
1986-06-22,65.574
1986-06-23,64.391495
1986-06-24,60.404
1986-06-25,59.5935
1986-06-26,53.024
1986-06-27,60.0985
1986-06-28,68.116
1986-06-29,77.9325
1986-06-30,82.417496
1986-07-01,76.2595
1986-07-02,74.2945
1986-07-03,70.4045
1986-07-04,66.7875
1986-07-05,63.8015
1986-07-06,59.78
1986-07-07,65.683
1986-07-08,83.9245
1986-07-09,69.232
1986-07-10,66.9095
1986-07-11,66.819
1986-07-12,62.608498
1986-07-13,55.751
1986-07-14,59.885998
1986-07-15,68.747
1986-07-16,67.1925
1986-07-17,69.536995
1986-07-18,76.979
1986-07-19,74.1905
1986-07-20,84.58
1986-07-21,89.2125
1986-07-22,82.125496
1986-07-23,75.3445
1986-07-24,74.1455
1986-07-25,68.1175
1986-07-26,71.4225
1986-07-27,75.225
1986-07-28,67.5315
1986-07-29,69.529
1986-07-30,66.5525
1986-07-31,66.2695
1986-08-01,65.679
1986-08-02,73.978
1986-08-03,71.7095
1986-08-04,58.657997
1986-08-05,63.5735
1986-08-06,79.3965
1986-08-07,76.695
1986-08-08,71.303
1986-08-09,78.708
1986-08-10,71.8405
1986-08-11,66.187996
1986-08-12,56.9055
1986-08-13,74.986
1986-08-14,63.1075
1986-08-15,68.8095
1986-08-16,57.228
1986-08-17,67.9765
1986-08-18,68.118
1986-08-19,66.4485
1986-08-20,65.368996
1986-08-21,63.390495
1986-08-22,59.420998
1986-08-23,41.399
1986-08-24,64.237
1986-08-25,78.289
1986-08-26,67.104
1986-08-27,51.044
1986-08-28,63.3705
1986-08-29,62.7025
1986-08-30,75.5625
1986-08-31,64.806496
1986-09-01,67.25
1986-09-02,56.0575
1986-09-03,54.3055
1986-09-04,52.513
1986-09-05,62.6385
1986-09-06,58.862
1986-09-07,55.794
1986-09-08,61.5645
1986-09-09,72.353
1986-09-10,75.207
1986-09-11,80.5315
1986-09-12,72.161995
1986-09-13,69.381996
1986-09-14,72.0955
1986-09-15,60.441998
1986-09-16,53.597
1986-09-17,72.398
1986-09-18,70.6225
1986-09-19,66.069496
1986-09-20,56.813
1986-09-21,54.8145
1986-09-22,55.2945
1986-09-23,65.8045
1986-09-24,59.153
1986-09-25,54.9955
1986-09-26,62.497498
1986-09-27,69.226494
1986-09-28,74.8885
1986-09-29,67.4455
1986-09-30,59.524498
1986-10-01,65.9705
1986-10-02,56.067997
1986-10-03,67.9615
1986-10-04,57.4965
1986-10-05,58.3975
1986-10-06,58.9495
1986-10-07,61.224
1986-10-08,77.1315
1986-10-09,77.9935
1986-10-10,73.7845
1986-10-11,71.946495
1986-10-12,67.956
1986-10-13,62.865498
1986-10-14,56.267998
1986-10-15,59.879498
1986-10-16,67.875496
1986-10-17,64.866
1986-10-18,67.4255
1986-10-19,55.516
1986-10-20,81.1035
1986-10-21,68.261
1986-10-22,68.043
1986-10-23,68.7655
1986-10-24,74.567
1986-10-25,68.7125
1986-10-26,66.628
1986-10-27,84.508
1986-10-28,80.598495
1986-10-29,80.1515
1986-10-30,89.0425
1986-10-31,85.7715
1986-11-01,85.873
1986-11-02,81.6485
1986-11-03,82.5065
1986-11-04,82.485
1986-11-05,85.2525
1986-11-06,80.7335
1986-11-07,67.6275
1986-11-08,77.522995
1986-11-09,74.506996
1986-11-10,70.584496
1986-11-11,72.2045
1986-11-12,77.882996
1986-11-13,83.2145
1986-11-14,75.49
1986-11-15,70.177
1986-11-16,84.504
1986-11-17,80.819
1986-11-18,85.2
1986-11-19,89.57706
1986-11-20,86.02
1986-11-21,87.317
1986-11-22,68.251
1986-11-23,69.6645
1986-11-24,75.77
1986-11-25,84.616
1986-11-26,85.08737
1986-11-27,90.11
1986-11-28,90.17177
1986-11-29,89.311
1986-11-30,88.94643
1986-12-01,89.63308
1986-12-02,88.357056
1986-12-03,87.97625
1986-12-04,86.02842
1986-12-05,82.83312
1986-12-06,86.52375
1986-12-07,91.46667
1986-12-08,89.82072
1986-12-09,76.163
1986-12-10,84.1805
1986-12-11,88.75235
1986-12-12,90.46167
1986-12-13,87.21445
1986-12-14,86.525
1986-12-15,89.191055
1986-12-16,91.95333
1986-12-17,90.365
1986-12-18,88.2115
1986-12-19,82.2695
1986-12-20,85.8445
1986-12-21,82.992
1986-12-22,85.8985
1986-12-23,83.621
1986-12-24,88.035
1986-12-25,91.682106
1986-12-26,89.960526
1986-12-27,85.309
1986-12-28,88.278
1986-12-29,85.448944
1986-12-30,82.2435
1986-12-31,83.67316
1987-01-01,87.7575
1987-01-02,87.786316
1987-01-03,83.612
1987-01-04,79.958496
1987-01-05,80.925
1987-01-06,88.43562
1987-01-07,80.699
1987-01-08,79.552
1987-01-09,73.623
1987-01-10,76.9605
1987-01-11,81.0755
1987-01-12,78.366
1987-01-13,77.6075
1987-01-14,81.191
1987-01-15,80.66105
1987-01-16,85.677
1987-01-17,89.933685
1987-01-18,85.248
1987-01-19,83.211
1987-01-20,83.80473
1987-01-21,85.096115
1987-01-22,86.929474
1987-01-23,90.55063
1987-01-24,84.5475
1987-01-25,83.1525
1987-01-26,79.8565
1987-01-27,77.798
1987-01-28,80.538
1987-01-29,87.275
1987-01-30,79.572
1987-01-31,77.160995
1987-02-01,70.687996
1987-02-02,73.22
1987-02-03,76.6015
1987-02-04,83.80684
1987-02-05,88.350586
1987-02-06,87.6725
1987-02-07,88.5855
1987-02-08,73.2045
1987-02-09,86.76
1987-02-10,83.002495
1987-02-11,81.19
1987-02-12,75.278
1987-02-13,79.061
1987-02-14,81.747
1987-02-15,80.603
1987-02-16,88.2075
1987-02-17,92.7075
1987-02-18,90.924286
1987-02-19,84.64555
1987-02-20,87.9575
1987-02-21,76.6695
1987-02-22,82.91263
1987-02-23,80.2155
1987-02-24,69.4925
1987-02-25,66.083
1987-02-26,71.516495
1987-02-27,65.1745
1987-02-28,82.26158
1987-03-01,75.9835
1987-03-02,73.235
1987-03-03,64.172
1987-03-04,69.797
1987-03-05,71.767494
1987-03-06,73.164
1987-03-07,83.2835
1987-03-08,79.4675
1987-03-09,82.815
1987-03-10,80.0605
1987-03-11,77.368
1987-03-12,74.224
1987-03-13,64.9095
1987-03-14,73.322495
1987-03-15,71.0485
1987-03-16,67.7015
1987-03-17,78.750496
1987-03-18,66.2145
1987-03-19,64.804
1987-03-20,77.6835
1987-03-21,68.8795
1987-03-22,70.7275
1987-03-23,84.3805
1987-03-24,75.484
1987-03-25,75.639
1987-03-26,67.111
1987-03-27,71.5925
1987-03-28,64.139
1987-03-29,82.819496
1987-03-30,86.15211
1987-03-31,87.0
1987-04-01,91.81177
1987-04-02,81.334
1987-04-03,72.372
1987-04-04,69.228
1987-04-05,64.1565
1987-04-06,60.902496
1987-04-07,63.199497
1987-04-08,52.7385
1987-04-09,72.831
1987-04-10,84.993
1987-04-11,88.28368
1987-04-12,88.487
1987-04-13,73.798
1987-04-14,62.698997
1987-04-15,71.43
1987-04-16,66.1905
1987-04-17,65.579
1987-04-18,56.364998
1987-04-19,45.118
1987-04-20,57.579
1987-04-21,74.1305
1987-04-22,83.3685
1987-04-23,61.987
1987-04-24,64.626495
1987-04-25,61.084
1987-04-26,57.704998
1987-04-27,61.4935
1987-04-28,58.0375
1987-04-29,57.9955
1987-04-30,50.8
1987-05-01,61.126
1987-05-02,59.9665
1987-05-03,62.339
1987-05-04,62.686
1987-05-05,67.121
1987-05-06,88.246315
1987-05-07,81.5655
1987-05-08,69.229996
1987-05-09,65.9245
1987-05-10,56.451
1987-05-11,62.162
1987-05-12,55.3425
1987-05-13,46.8365
1987-05-14,82.936
1987-05-15,77.239
1987-05-16,85.655
1987-05-17,64.562996
1987-05-18,64.166
1987-05-19,79.6975
1987-05-20,84.5
1987-05-21,89.778336
1987-05-22,91.33421
1987-05-23,87.095
1987-05-24,84.3725
1987-05-25,75.5035
1987-05-26,72.2185
1987-05-27,67.498
1987-05-28,78.675995
1987-05-29,70.717
1987-05-30,81.768
1987-05-31,74.2005
1987-06-01,67.056
1987-06-02,70.433
1987-06-03,75.844
1987-06-04,74.2335
1987-06-05,86.103
1987-06-06,67.712
1987-06-07,64.168
1987-06-08,57.179
1987-06-09,63.564
1987-06-10,73.742
1987-06-11,71.121
1987-06-12,62.1455
1987-06-13,56.740498
1987-06-14,66.9135
1987-06-15,63.406998
1987-06-16,60.552
1987-06-17,75.049995
1987-06-18,71.002
1987-06-19,62.119
1987-06-20,66.47
1987-06-21,84.6305
1987-06-22,84.86895
1987-06-23,82.2675
1987-06-24,70.3545
1987-06-25,72.492
1987-06-26,67.4925
1987-06-27,70.847
1987-06-28,76.772
1987-06-29,70.0355
1987-06-30,69.897
1987-07-01,57.341
1987-07-02,72.264
1987-07-03,66.6025
1987-07-04,68.2175
1987-07-05,75.289
1987-07-06,59.854
1987-07-07,57.372498
1987-07-08,49.4525
1987-07-09,62.1465
1987-07-10,63.208
1987-07-11,55.455997
1987-07-12,54.6135
1987-07-13,63.541
1987-07-14,55.6205
1987-07-15,60.175
1987-07-16,58.5335
1987-07-17,62.4045
1987-07-18,60.9375
1987-07-19,59.526497
1987-07-20,56.05
1987-07-21,57.514
1987-07-22,60.575
1987-07-23,61.922
1987-07-24,63.857998
1987-07-25,64.654
1987-07-26,83.176
1987-07-27,63.154
1987-07-28,70.437
1987-07-29,63.448498
1987-07-30,59.7385
1987-07-31,69.616
1987-08-01,68.389496
1987-08-02,71.381996
1987-08-03,64.701
1987-08-04,77.8665
1987-08-05,76.9765
1987-08-06,74.378
1987-08-07,62.977
1987-08-08,66.808
1987-08-09,62.7915
1987-08-10,70.3085
1987-08-11,67.51
1987-08-12,66.5585
1987-08-13,69.684
1987-08-14,66.292
1987-08-15,77.2845
1987-08-16,79.016
1987-08-17,65.0455
1987-08-18,70.745
1987-08-19,83.5175
1987-08-20,84.7155
1987-08-21,74.964
1987-08-22,72.417
1987-08-23,65.462
1987-08-24,62.4395
1987-08-25,51.941498
1987-08-26,67.437996
1987-08-27,71.681
1987-08-28,72.973495
1987-08-29,70.902
1987-08-30,68.8935
1987-08-31,66.4235
1987-09-01,60.6445
1987-09-02,61.041
1987-09-03,65.519
1987-09-04,66.079
1987-09-05,62.9325
1987-09-06,57.5415
1987-09-07,77.666
1987-09-08,78.558
1987-09-09,72.6645
1987-09-10,62.4455
1987-09-11,64.29
1987-09-12,66.326
1987-09-13,63.1605
1987-09-14,53.889
1987-09-15,53.9915
1987-09-16,56.493
1987-09-17,54.812
1987-09-18,70.613
1987-09-19,66.591995
1987-09-20,68.555
1987-09-21,66.1975
1987-09-22,59.6935
1987-09-23,45.689
1987-09-24,51.8565
1987-09-25,70.4935
1987-09-26,77.1515
1987-09-27,80.6135
1987-09-28,73.397995
1987-09-29,79.71
1987-09-30,83.626
1987-10-01,81.64
1987-10-02,72.778
1987-10-03,71.681
1987-10-04,65.456
1987-10-05,59.6135
1987-10-06,37.215
1987-10-07,56.187496
1987-10-08,68.612
1987-10-09,73.2135
1987-10-10,72.545
1987-10-11,64.7395
1987-10-12,69.886
1987-10-13,90.632774
1987-10-14,87.436
1987-10-15,68.874
1987-10-16,65.4165
1987-10-17,73.8705
1987-10-18,82.4645
1987-10-19,85.636
1987-10-20,79.944
1987-10-21,73.350494
1987-10-22,64.576996
1987-10-23,53.5445
1987-10-24,66.872
1987-10-25,81.227
1987-10-26,80.5515
1987-10-27,72.349
1987-10-28,60.8055
1987-10-29,48.400997
1987-10-30,58.4735
1987-10-31,67.676
1987-11-01,73.6545
1987-11-02,79.085
1987-11-03,84.817894
1987-11-04,76.4635
1987-11-05,74.479
1987-11-06,85.07421
1987-11-07,84.1645
1987-11-08,79.817
1987-11-09,80.578
1987-11-10,89.162224
1987-11-11,90.78
1987-11-12,83.1235
1987-11-13,80.6465
1987-11-14,77.8345
1987-11-15,87.547775
1987-11-16,88.345
1987-11-17,88.49105
1987-11-18,91.773
1987-11-19,89.414734
1987-11-20,88.47941
1987-11-21,90.48334
1987-11-22,91.99
1987-11-23,88.7155
1987-11-24,71.959
1987-11-25,69.097496
1987-11-26,75.298996
1987-11-27,86.376495
1987-11-28,85.3025
1987-11-29,90.26312
1987-11-30,87.32
1987-12-01,89.23294
1987-12-02,89.35429
1987-12-03,89.53895
1987-12-04,84.795
1987-12-05,78.8145
1987-12-06,84.553154
1987-12-07,86.8679
1987-12-08,87.4155
1987-12-09,87.2525
1987-12-10,80.8405
1987-12-11,82.3385
1987-12-12,83.546
1987-12-13,86.82421
1987-12-14,78.2985
1987-12-15,89.141
1987-12-16,88.8355
1987-12-17,86.3655
1987-12-18,87.107895
1987-12-19,91.27267
1987-12-20,88.19666
1987-12-21,84.6755
1987-12-22,88.6075
1987-12-23,83.96526
1987-12-24,88.81857
1987-12-25,84.3905
1987-12-26,84.6925
1987-12-27,86.348
1987-12-28,78.945
1987-12-29,83.21421
1987-12-30,78.2285
1987-12-31,78.206
1988-01-01,86.87473
1988-01-02,87.35526
1988-01-03,86.22158
1988-01-04,90.608826
1988-01-05,86.531
1988-01-06,81.528
1988-01-07,84.0025
1988-01-08,84.3355
1988-01-09,91.65235
1988-01-10,91.937775
1988-01-11,93.69857
1988-01-12,89.490555
1988-01-13,84.2579
1988-01-14,88.43222
1988-01-15,83.156
1988-01-16,83.779495
1988-01-17,88.24684
1988-01-18,91.41917
1988-01-19,92.65188
1988-01-20,88.97632
1988-01-21,85.681
1988-01-22,89.51527
1988-01-23,89.85833
1988-01-24,92.36938
1988-01-25,86.9595
1988-01-26,90.278336
1988-01-27,88.9921
1988-01-28,90.61211
1988-01-29,85.9805
1988-01-30,90.74944
1988-01-31,91.05615
1988-02-01,81.669
1988-02-02,72.42
1988-02-03,82.3085
1988-02-04,71.9265
1988-02-05,76.769
1988-02-06,81.353
1988-02-07,79.477
1988-02-08,84.267
1988-02-09,85.87631
1988-02-10,82.804
1988-02-11,80.821
1988-02-12,71.753
1988-02-13,84.395004
1988-02-14,89.817055
1988-02-15,89.05889
1988-02-16,82.2475
1988-02-17,78.2175
1988-02-18,84.990524
1988-02-19,88.667366
1988-02-20,86.84111
1988-02-21,80.236
1988-02-22,86.3975
1988-02-23,77.585495
1988-02-24,81.342
1988-02-25,88.41
1988-02-26,91.913574
1988-02-27,83.509
1988-02-28,90.236664
1988-02-29,81.433
1988-03-01,76.8425
1988-03-02,81.466
1988-03-03,72.8305
1988-03-04,62.8705
1988-03-05,65.0775
1988-03-06,83.7785
1988-03-07,81.975
1988-03-08,87.21105
1988-03-09,91.62615
1988-03-10,86.3535
1988-03-11,81.7175
1988-03-12,78.7705
1988-03-13,78.108
1988-03-14,75.448
1988-03-15,68.598495
1988-03-16,61.886497
1988-03-17,72.417
1988-03-18,57.973
1988-03-19,67.232
1988-03-20,55.811
1988-03-21,77.922
1988-03-22,83.0925
1988-03-23,92.16167
1988-03-24,81.057
1988-03-25,71.520996
1988-03-26,76.144
1988-03-27,83.5115
1988-03-28,80.715
1988-03-29,87.7865
1988-03-30,65.1745
1988-03-31,68.575
1988-04-01,76.049995
1988-04-02,77.6385
1988-04-03,68.139496
1988-04-04,72.201
1988-04-05,64.4845
1988-04-06,63.504498
1988-04-07,68.9655
1988-04-08,78.8555
1988-04-09,75.185
1988-04-10,78.382996
1988-04-11,67.464
1988-04-12,51.5435
1988-04-13,74.889
1988-04-14,74.868996
1988-04-15,66.2215
1988-04-16,73.1055
1988-04-17,68.355995
1988-04-18,73.8595
1988-04-19,67.0075
1988-04-20,67.5905
1988-04-21,73.256
1988-04-22,75.36549
1988-04-23,73.611496
1988-04-24,77.736
1988-04-25,76.6875
1988-04-26,76.434
1988-04-27,74.530495
1988-04-28,60.524
1988-04-29,68.0965
1988-04-30,61.406498
1988-05-01,44.975998
1988-05-02,45.0545
1988-05-03,43.329998
1988-05-04,54.6175
1988-05-05,70.201
1988-05-06,74.0275
1988-05-07,69.014496
1988-05-08,60.581497
1988-05-09,59.481
1988-05-10,62.7875
1988-05-11,82.77
1988-05-12,77.773
1988-05-13,69.052
1988-05-14,58.43
1988-05-15,57.1695
1988-05-16,69.209496
1988-05-17,73.997
1988-05-18,75.2425
1988-05-19,75.147995
1988-05-20,80.7245
1988-05-21,88.96412
1988-05-22,90.62842
1988-05-23,90.717224
1988-05-24,83.6195
1988-05-25,77.171
1988-05-26,79.5935
1988-05-27,77.3685
1988-05-28,79.736496
1988-05-29,77.182
1988-05-30,77.985
1988-05-31,71.205
1988-06-01,84.469
1988-06-02,76.444
1988-06-03,71.127
1988-06-04,66.1175
1988-06-05,62.585
1988-06-06,72.5775
1988-06-07,76.8795
1988-06-08,75.664
1988-06-09,71.663
1988-06-10,69.703995
1988-06-11,69.342
1988-06-12,75.514
1988-06-13,82.962
1988-06-14,70.9165
1988-06-15,65.1425
1988-06-16,63.845997
1988-06-17,71.4225
1988-06-18,60.829
1988-06-19,59.2735
1988-06-20,64.131
1988-06-21,70.135
1988-06-22,61.9435
1988-06-23,73.3515
1988-06-24,72.2075
1988-06-25,78.8375
1988-06-26,73.401
1988-06-27,75.7015
1988-06-28,77.4715
1988-06-29,79.887
1988-06-30,70.0125
1988-07-01,60.7545
1988-07-02,63.5345
1988-07-03,71.0375
1988-07-04,64.822495
1988-07-05,58.698498
1988-07-06,61.7915
1988-07-07,68.3525
1988-07-08,63.9685
1988-07-09,69.998
1988-07-10,64.368
1988-07-11,62.735
1988-07-12,65.357
1988-07-13,72.6105
1988-07-14,58.889
1988-07-15,62.986
1988-07-16,82.101
1988-07-17,73.3455
1988-07-18,68.387
1988-07-19,78.405
1988-07-20,79.9225
1988-07-21,73.144
1988-07-22,66.7095
1988-07-23,63.887
1988-07-24,59.9245
1988-07-25,65.4885
1988-07-26,72.807
1988-07-27,65.1575
1988-07-28,64.4925
1988-07-29,59.2875
1988-07-30,77.158
1988-07-31,67.8265
1988-08-01,61.611
1988-08-02,51.578
1988-08-03,64.2155
1988-08-04,68.594
1988-08-05,78.779
1988-08-06,67.3795
1988-08-07,72.274
1988-08-08,71.475
1988-08-09,70.8675
1988-08-10,63.939
1988-08-11,62.545998
1988-08-12,56.295
1988-08-13,63.2705
1988-08-14,61.041
1988-08-15,61.489
1988-08-16,72.3825
1988-08-17,72.917
1988-08-18,61.559498
1988-08-19,61.5
1988-08-20,54.274
1988-08-21,68.212
1988-08-22,82.6525
1988-08-23,92.33923
1988-08-24,83.6455
1988-08-25,68.085
1988-08-26,82.324
1988-08-27,73.4715
1988-08-28,70.186
1988-08-29,65.3825
1988-08-30,72.410995
1988-08-31,71.951996
1988-09-01,69.473495
1988-09-02,66.479996
1988-09-03,64.512
1988-09-04,71.3125
1988-09-05,65.833
1988-09-06,79.1
1988-09-07,86.707
1988-09-08,77.6855
1988-09-09,74.4705
1988-09-10,75.7635
1988-09-11,66.5505
1988-09-12,70.173996
1988-09-13,75.6275
1988-09-14,83.909996
1988-09-15,89.18533
1988-09-16,85.625786
1988-09-17,87.90895
1988-09-18,88.38947
1988-09-19,74.665
1988-09-20,79.181
1988-09-21,82.5845
1988-09-22,87.9695
1988-09-23,82.270996
1988-09-24,76.7245
1988-09-25,67.243996
1988-09-26,75.679
1988-09-27,80.158
1988-09-28,74.804
1988-09-29,70.5475
1988-09-30,71.177
1988-10-01,82.7275
1988-10-02,77.229996
1988-10-03,75.6825
1988-10-04,79.954
1988-10-05,77.789
1988-10-06,76.771996
1988-10-07,84.61948
1988-10-08,80.5595
1988-10-09,73.4495
1988-10-10,69.566
1988-10-11,75.711
1988-10-12,77.777
1988-10-13,70.891495
1988-10-14,69.5955
1988-10-15,67.7605
1988-10-16,62.4775
1988-10-17,68.445496
1988-10-18,76.3045
1988-10-19,76.7195
1988-10-20,75.0335
1988-10-21,75.4335
1988-10-22,75.155
1988-10-23,75.71
1988-10-24,81.628
1988-10-25,75.806496
1988-10-26,64.042
1988-10-27,53.609497
1988-10-28,49.5
1988-10-29,75.668
1988-10-30,80.6595
1988-10-31,82.5825
1988-11-01,79.5185
1988-11-02,69.33
1988-11-03,83.060524
1988-11-04,76.3425
1988-11-05,79.665
1988-11-06,79.974
1988-11-07,86.1855
1988-11-08,82.333496
1988-11-09,81.50737
1988-11-10,83.30473
1988-11-11,77.724
1988-11-12,80.472496
1988-11-13,76.793495
1988-11-14,82.9205
1988-11-15,85.62947
1988-11-16,79.4835
1988-11-17,82.102
1988-11-18,81.306
1988-11-19,84.055
1988-11-20,80.17
1988-11-21,80.415
1988-11-22,86.774
1988-11-23,82.062996
1988-11-24,78.678
1988-11-25,84.427
1988-11-26,89.124664
1988-11-27,86.88368
1988-11-28,83.1715
1988-11-29,74.5495
1988-11-30,66.222496
1988-12-01,77.972496
1988-12-02,87.055504
1988-12-03,89.91937
1988-12-04,90.2
1988-12-05,89.69889
1988-12-06,86.214
1988-12-07,84.848
1988-12-08,89.83444
1988-12-09,92.496315
1988-12-10,89.313126
1988-12-11,90.80444
1988-12-12,88.06
1988-12-13,88.366
1988-12-14,85.43
1988-12-15,84.2065
1988-12-16,85.7745
1988-12-17,89.62421
1988-12-18,89.58632
1988-12-19,83.933
1988-12-20,88.316
1988-12-21,77.6005
1988-12-22,78.0755
1988-12-23,81.9475
1988-12-24,80.447
1988-12-25,73.7575
1988-12-26,79.6295
1988-12-27,81.5445
1988-12-28,82.279
1988-12-29,86.081055
1988-12-30,88.76556
1988-12-31,90.12215
1989-01-01,85.09684
1989-01-02,82.504
1989-01-03,83.212105
1989-01-04,86.04421
1989-01-05,89.732
1989-01-06,89.18
1989-01-07,87.7135
1989-01-08,87.89176
1989-01-09,93.03571
1989-01-10,91.38133
1989-01-11,90.8405
1989-01-12,90.935
1989-01-13,92.1
1989-01-14,89.918465
1989-01-15,88.5905
1989-01-16,86.91526
1989-01-17,89.14214
1989-01-18,89.774445
1989-01-19,92.28154
1989-01-20,91.10555
1989-01-21,89.52267
1989-01-22,92.24875
1989-01-23,91.11786
1989-01-24,90.121666
1989-01-25,89.979996
1989-01-26,90.49
1989-01-27,91.109
1989-01-28,91.71445
1989-01-29,93.24273
1989-01-30,92.26929
1989-01-31,91.426
1989-02-01,91.60167
1989-02-02,91.59533
1989-02-03,91.51688
1989-02-04,89.472725
1989-02-05,87.44315
1989-02-06,86.748
1989-02-07,90.976875
1989-02-08,88.31588
1989-02-09,88.02062
1989-02-10,85.890526
1989-02-11,72.7385
1989-02-12,75.2595
1989-02-13,90.424446
1989-02-14,89.82166
1989-02-15,84.348
1989-02-16,85.869
1989-02-17,78.4565
1989-02-18,76.154
1989-02-19,82.3715
1989-02-20,83.98444
1989-02-21,75.753
1989-02-22,75.5205
1989-02-23,73.5245
1989-02-24,64.345
1989-02-25,43.896996
1989-02-26,60.946
1989-02-27,69.935
1989-02-28,66.659996
1989-03-01,66.263
1989-03-02,74.753494
1989-03-03,68.9885
1989-03-04,88.10895
1989-03-05,86.189
1989-03-06,79.465
1989-03-07,74.103
1989-03-08,71.982
1989-03-09,74.759995
1989-03-10,79.4265
1989-03-11,81.481
1989-03-12,82.9505
1989-03-13,75.7945
1989-03-14,80.869995
1989-03-15,76.3125
1989-03-16,67.6055
1989-03-17,61.785
1989-03-18,72.5595
1989-03-19,71.814
1989-03-20,67.347
1989-03-21,81.1575
1989-03-22,80.2845
1989-03-23,77.395
1989-03-24,67.395
1989-03-25,66.8235
1989-03-26,56.0995
1989-03-27,53.2355
1989-03-28,50.8205
1989-03-29,51.420498
1989-03-30,62.4775
1989-03-31,53.0845
1989-04-01,66.3745
1989-04-02,70.2255
1989-04-03,63.038
1989-04-04,75.56
1989-04-05,63.4125
1989-04-06,72.3865
1989-04-07,74.2955
1989-04-08,59.392998
1989-04-09,53.420998
1989-04-10,63.6975
1989-04-11,49.667
1989-04-12,48.4535
1989-04-13,38.6665
1989-04-14,79.2265
1989-04-15,79.4265
1989-04-16,80.689
1989-04-17,75.597
1989-04-18,75.2055
1989-04-19,79.336
1989-04-20,66.4395
1989-04-21,56.7035
1989-04-22,72.252
1989-04-23,77.75
1989-04-24,78.7495
1989-04-25,73.852
1989-04-26,56.523
1989-04-27,53.722
1989-04-28,70.458496
1989-04-29,89.0575
1989-04-30,89.47
1989-05-01,89.219284
1989-05-02,92.69937
1989-05-03,78.3725
1989-05-04,80.2605
1989-05-05,70.659
1989-05-06,73.2705
1989-05-07,79.239
1989-05-08,73.2635
1989-05-09,72.5415
1989-05-10,59.834
1989-05-11,65.865
1989-05-12,62.871998
1989-05-13,67.9585
1989-05-14,76.8365
1989-05-15,72.8305
1989-05-16,66.59
1989-05-17,62.907497
1989-05-18,55.764
1989-05-19,67.961
1989-05-20,81.854
1989-05-21,74.2485
1989-05-22,62.4995
1989-05-23,59.5235
1989-05-24,58.9465
1989-05-25,61.257
1989-05-26,65.0405
1989-05-27,63.524498
1989-05-28,57.892
1989-05-29,72.1355
1989-05-30,71.291
1989-05-31,66.005
1989-06-01,80.604
1989-06-02,72.1005
1989-06-03,80.4985
1989-06-04,81.063995
1989-06-05,77.9555
1989-06-06,86.908
1989-06-07,79.627
1989-06-08,64.786
1989-06-09,69.437
1989-06-10,55.066998
1989-06-11,56.1545
1989-06-12,86.10368
1989-06-13,88.95111
1989-06-14,76.502
1989-06-15,65.2485
1989-06-16,63.6275
1989-06-17,76.822495
1989-06-18,70.625
1989-06-19,76.019
1989-06-20,78.551
1989-06-21,81.4565
1989-06-22,73.3365
1989-06-23,78.6265
1989-06-24,81.1545
1989-06-25,76.8055
1989-06-26,72.847496
1989-06-27,76.6345
1989-06-28,77.375496
1989-06-29,86.048004
1989-06-30,66.520996
1989-07-01,69.2135
1989-07-02,64.352
1989-07-03,59.045
1989-07-04,52.0335
1989-07-05,56.2935
1989-07-06,59.6755
1989-07-07,57.742
1989-07-08,58.9825
1989-07-09,49.55
1989-07-10,56.499
1989-07-11,63.619
1989-07-12,68.598
1989-07-13,79.834496
1989-07-14,80.279
1989-07-15,71.245995
1989-07-16,65.958496
1989-07-17,62.984997
1989-07-18,56.917
1989-07-19,76.779
1989-07-20,69.0955
1989-07-21,66.4815
1989-07-22,59.3875
1989-07-23,55.703
1989-07-24,62.0
1989-07-25,67.979
1989-07-26,64.914
1989-07-27,77.55
1989-07-28,70.4785
1989-07-29,79.9095
1989-07-30,73.141495
1989-07-31,74.602
1989-08-01,81.7885
1989-08-02,74.8955
1989-08-03,69.5095
1989-08-04,71.472
1989-08-05,59.627
1989-08-06,61.41
1989-08-07,60.1375
1989-08-08,76.695
1989-08-09,79.4085
1989-08-10,72.421
1989-08-11,71.9245
1989-08-12,72.8445
1989-08-13,78.104996
1989-08-14,69.1055
1989-08-15,63.726
1989-08-16,59.135498
1989-08-17,58.8485
1989-08-18,70.8095
1989-08-19,72.06
1989-08-20,68.814
1989-08-21,71.948
1989-08-22,69.546
1989-08-23,76.824
1989-08-24,71.348495
1989-08-25,59.468
1989-08-26,63.2205
1989-08-27,74.9795
1989-08-28,82.742
1989-08-29,82.54474
1989-08-30,92.774284
1989-08-31,92.31
1989-09-01,78.1935
1989-09-02,70.8865
1989-09-03,82.3885
1989-09-04,82.8275
1989-09-05,87.975555
1989-09-06,73.4955
1989-09-07,71.097
1989-09-08,75.807
1989-09-09,77.732
1989-09-10,84.8155
1989-09-11,76.914
1989-09-12,73.988
1989-09-13,66.908
1989-09-14,70.7315
1989-09-15,76.1875
1989-09-16,74.029495
1989-09-17,75.2765
1989-09-18,73.0205
1989-09-19,68.325
1989-09-20,65.0095
1989-09-21,74.531
1989-09-22,64.7465
1989-09-23,66.492
1989-09-24,66.5255
1989-09-25,69.246
1989-09-26,72.8525
1989-09-27,64.532
1989-09-28,71.236
1989-09-29,88.83842
1989-09-30,76.276
1989-10-01,69.4945
1989-10-02,72.0175
1989-10-03,80.6095
1989-10-04,82.8725
1989-10-05,76.269
1989-10-06,74.695
1989-10-07,71.028
1989-10-08,83.765
1989-10-09,92.147
1989-10-10,91.61429
1989-10-11,73.8705
1989-10-12,73.666
1989-10-13,69.7895
1989-10-14,70.1445
1989-10-15,85.4005
1989-10-16,78.9145
1989-10-17,80.0745
1989-10-18,79.7175
1989-10-19,77.9615
1989-10-20,71.048
1989-10-21,78.270996
1989-10-22,78.1965
1989-10-23,70.0205
1989-10-24,66.685
1989-10-25,78.8535
1989-10-26,79.750496
1989-10-27,83.45421
1989-10-28,73.506
1989-10-29,61.8695
1989-10-30,78.2855
1989-10-31,77.7575
1989-11-01,79.319496
1989-11-02,74.544
1989-11-03,70.849
1989-11-04,65.3315
1989-11-05,65.5655
1989-11-06,78.0055
1989-11-07,87.81895
1989-11-08,89.72706
1989-11-09,87.22211
1989-11-10,86.78066
1989-11-11,88.66625
1989-11-12,88.715
1989-11-13,92.071335
1989-11-14,90.05
1989-11-15,82.34789
1989-11-16,81.166
1989-11-17,76.08
1989-11-18,77.787
1989-11-19,80.479996
1989-11-20,73.1605
1989-11-21,78.364
1989-11-22,78.820496
1989-11-23,82.733
1989-11-24,67.269
1989-11-25,85.473
1989-11-26,75.986496
1989-11-27,76.1415
1989-11-28,78.538
1989-11-29,67.8875
1989-11-30,70.2185
1989-12-01,83.107
1989-12-02,88.99556
1989-12-03,88.072945
1989-12-04,89.30588
1989-12-05,88.70368
1989-12-06,85.752
1989-12-07,81.2765
1989-12-08,70.429
1989-12-09,80.22
1989-12-10,77.451996
1989-12-11,71.7075
1989-12-12,75.345
1989-12-13,78.5225
1989-12-14,74.703
1989-12-15,77.816
1989-12-16,85.228424
1989-12-17,70.3145
1989-12-18,69.628494
1989-12-19,67.969
1989-12-20,80.9
1989-12-21,80.26684
1989-12-22,81.5225
1989-12-23,72.465
1989-12-24,75.982
1989-12-25,86.69
1989-12-26,89.25
1989-12-27,88.1621
1989-12-28,89.54611
1989-12-29,92.765
1989-12-30,92.725
1989-12-31,91.691666
1990-01-01,89.30647
1990-01-02,87.52789
1990-01-03,89.1125
1990-01-04,84.251
1990-01-05,80.8305
1990-01-06,82.9185
1990-01-07,88.49167
1990-01-08,86.6995
1990-01-09,89.566
1990-01-10,88.983
1990-01-11,89.55
1990-01-12,92.2675
1990-01-13,91.103
1990-01-14,92.501816
1990-01-15,90.664
1990-01-16,87.71105
1990-01-17,83.6385
1990-01-18,87.80631
1990-01-19,88.270996
1990-01-20,84.947
1990-01-21,87.92353
1990-01-22,91.48867
1990-01-23,89.705
1990-01-24,83.344
1990-01-25,73.4765
1990-01-26,74.3775
1990-01-27,79.778
1990-01-28,71.7215
1990-01-29,86.861664
1990-01-30,87.3565
1990-01-31,86.75647
1990-02-01,82.145
1990-02-02,85.7075
1990-02-03,87.016
1990-02-04,85.957
1990-02-05,78.3925
1990-02-06,81.48
1990-02-07,73.221
1990-02-08,71.2295
1990-02-09,74.008995
1990-02-10,82.638
1990-02-11,69.821
1990-02-12,75.042
1990-02-13,92.66055
1990-02-14,88.29158
1990-02-15,86.821
1990-02-16,80.7275
1990-02-17,86.0065
1990-02-18,79.649
1990-02-19,86.2735
1990-02-20,81.9725
1990-02-21,81.784996
1990-02-22,77.5185
1990-02-23,75.27631
1990-02-24,69.927
1990-02-25,68.279495
1990-02-26,46.883
1990-02-27,68.259
1990-02-28,74.72
1990-03-01,69.868
1990-03-02,66.8425
1990-03-03,69.746994
1990-03-04,72.3325
1990-03-05,60.394
1990-03-06,57.5485
1990-03-07,61.357
1990-03-08,59.41
1990-03-09,51.531998
1990-03-10,54.135998
1990-03-11,80.4395
1990-03-12,65.726
1990-03-13,54.044
1990-03-14,59.1505
1990-03-15,58.5375
1990-03-16,50.6945
1990-03-17,50.6525
1990-03-18,50.498
1990-03-19,49.512997
1990-03-20,50.07
1990-03-21,57.503998
1990-03-22,51.924
1990-03-23,62.4265
1990-03-24,57.809998
1990-03-25,53.8395
1990-03-26,69.4405
1990-03-27,82.674995
1990-03-28,72.3755
1990-03-29,79.048416
1990-03-30,88.414
1990-03-31,76.571
1990-04-01,65.654
1990-04-02,46.0865
1990-04-03,35.500996
1990-04-04,64.09
1990-04-05,65.114
1990-04-06,71.6515
1990-04-07,85.353
1990-04-08,82.350525
1990-04-09,71.573
1990-04-10,82.4575
1990-04-11,66.736496
1990-04-12,62.899
1990-04-13,57.6585
1990-04-14,60.485
1990-04-15,46.174
1990-04-16,70.6145
1990-04-17,84.246
1990-04-18,79.1695
1990-04-19,68.24
1990-04-20,70.277
1990-04-21,72.154
1990-04-22,74.986
1990-04-23,79.1025
1990-04-24,68.028496
1990-04-25,70.8845
1990-04-26,79.461
1990-04-27,69.731
1990-04-28,71.846
1990-04-29,77.2885
1990-04-30,69.9715
1990-05-01,80.9925
1990-05-02,61.8685
1990-05-03,55.011997
1990-05-04,60.2935
1990-05-05,60.318
1990-05-06,59.1325
1990-05-07,54.8265
1990-05-08,57.6725
1990-05-09,60.446
1990-05-10,64.4265
1990-05-11,61.073997
1990-05-12,68.8545
1990-05-13,77.951
1990-05-14,68.2985
1990-05-15,66.7995
1990-05-16,59.397
1990-05-17,66.198
1990-05-18,69.0775
1990-05-19,73.4375
1990-05-20,57.503
1990-05-21,58.0615
1990-05-22,59.538
1990-05-23,74.229996
1990-05-24,71.195
1990-05-25,75.36
1990-05-26,68.298
1990-05-27,74.764
1990-05-28,61.499496
1990-05-29,64.0645
1990-05-30,69.233
1990-05-31,64.794
1990-06-01,60.956497
1990-06-02,59.101997
1990-06-03,75.409996
1990-06-04,69.0245
1990-06-05,64.5345
1990-06-06,65.488495
1990-06-07,75.5245
1990-06-08,78.088
1990-06-09,81.496
1990-06-10,74.164
1990-06-11,81.1525
1990-06-12,68.5265
1990-06-13,74.751
1990-06-14,71.264
1990-06-15,72.1445
1990-06-16,76.372
1990-06-17,76.0395
1990-06-18,63.943996
1990-06-19,61.182
1990-06-20,64.4235
1990-06-21,59.722
1990-06-22,67.6525
1990-06-23,68.696
1990-06-24,64.6155
1990-06-25,63.970497
1990-06-26,66.175995
1990-06-27,57.441498
1990-06-28,52.872997
1990-06-29,63.4055
1990-06-30,62.726498
1990-07-01,58.4165
1990-07-02,68.0125
1990-07-03,75.8875
1990-07-04,85.0355
1990-07-05,72.588
1990-07-06,72.5345
1990-07-07,74.319
1990-07-08,58.888
1990-07-09,56.045998
1990-07-10,75.5775
1990-07-11,70.919
1990-07-12,64.6345
1990-07-13,64.1705
1990-07-14,62.204
1990-07-15,54.6075
1990-07-16,49.2095
1990-07-17,53.086998
1990-07-18,60.4955
1990-07-19,69.238
1990-07-20,68.6585
1990-07-21,64.1735
1990-07-22,56.799
1990-07-23,51.906498
1990-07-24,57.5075
1990-07-25,74.238
1990-07-26,66.7765
1990-07-27,68.754
1990-07-28,59.257
1990-07-29,54.760498
1990-07-30,56.78
1990-07-31,52.5695
1990-08-01,52.354
1990-08-02,56.2915
1990-08-03,60.467
1990-08-04,55.156
1990-08-05,55.0705
1990-08-06,38.4885
1990-08-07,64.574
1990-08-08,85.5905
1990-08-09,87.777504
1990-08-10,75.614
1990-08-11,81.323
1990-08-12,65.99
1990-08-13,63.46
1990-08-14,60.115997
1990-08-15,46.878
1990-08-16,53.568
1990-08-17,55.651
1990-08-18,78.5485
1990-08-19,63.47
1990-08-20,51.1415
1990-08-21,66.907
1990-08-22,69.651
1990-08-23,65.581
1990-08-24,63.212997
1990-08-25,59.8475
1990-08-26,54.7705
1990-08-27,55.499
1990-08-28,51.329
1990-08-29,56.7445
1990-08-30,57.6805
1990-08-31,52.639
1990-09-01,47.309498
1990-09-02,72.618004
1990-09-03,82.4925
1990-09-04,70.826996
1990-09-05,79.2065
1990-09-06,82.9305
1990-09-07,70.9295
1990-09-08,79.8655
1990-09-09,70.981
1990-09-10,62.8145
1990-09-11,79.6725
1990-09-12,85.551
1990-09-13,75.722496
1990-09-14,77.0095
1990-09-15,70.068
1990-09-16,69.8875
1990-09-17,71.3875
1990-09-18,80.301
1990-09-19,70.7025
1990-09-20,66.857
1990-09-21,68.6065
1990-09-22,59.323997
1990-09-23,71.4195
1990-09-24,79.843
1990-09-25,63.967
1990-09-26,64.262
1990-09-27,68.6725
1990-09-28,74.749
1990-09-29,65.2625
1990-09-30,58.4315
1990-10-01,69.555
1990-10-02,80.2135
1990-10-03,77.356995
1990-10-04,71.6765
1990-10-05,79.528
1990-10-06,77.9665
1990-10-07,75.55
1990-10-08,83.515
1990-10-09,84.2585
1990-10-10,78.969
1990-10-11,75.5175
1990-10-12,73.325
1990-10-13,75.9835
1990-10-14,70.043
1990-10-15,68.036
1990-10-16,63.698498
1990-10-17,68.5865
1990-10-18,64.6305
1990-10-19,67.789
1990-10-20,74.2865
1990-10-21,69.2775
1990-10-22,72.528
1990-10-23,71.083496
1990-10-24,72.840996
1990-10-25,71.638
1990-10-26,62.478
1990-10-27,74.841995
1990-10-28,82.75722
1990-10-29,72.9215
1990-10-30,79.848495
1990-10-31,69.463
1990-11-01,79.6845
1990-11-02,80.9935
1990-11-03,79.479996
1990-11-04,89.55059
1990-11-05,86.5865
1990-11-06,86.439
1990-11-07,89.666664
1990-11-08,88.49177
1990-11-09,89.274445
1990-11-10,83.8395
1990-11-11,85.1015
1990-11-12,88.77263
1990-11-13,90.43285
1990-11-14,86.57579
1990-11-15,87.54316
1990-11-16,90.047775
1990-11-17,88.426315
1990-11-18,85.96737
1990-11-19,79.27684
1990-11-20,80.496315
1990-11-21,74.862495
1990-11-22,80.1835
1990-11-23,77.1845
1990-11-24,89.70722
1990-11-25,84.94353
1990-11-26,81.584
1990-11-27,92.12813
1990-11-28,89.866425
1990-11-29,91.01579
1990-11-30,90.795
1990-12-01,85.8145
1990-12-02,88.621666
1990-12-03,87.7795
1990-12-04,86.9955
1990-12-05,90.9
1990-12-06,91.24
1990-12-07,89.7525
1990-12-08,90.17928
1990-12-09,81.6235
1990-12-10,78.473495
1990-12-11,76.9365
1990-12-12,91.18867
1990-12-13,87.58945
1990-12-14,88.2625
1990-12-15,91.64933
1990-12-16,91.25
1990-12-17,92.005295
1990-12-18,88.597
1990-12-19,88.94222
1990-12-20,85.796
1990-12-21,82.4895
1990-12-22,80.511
1990-12-23,85.18842
1990-12-24,69.945
1990-12-25,69.505
1990-12-26,69.312
1990-12-27,73.5965
1990-12-28,85.801575
1990-12-29,83.97211
1990-12-30,78.41052
1990-12-31,83.6585
1991-01-01,90.86948
1991-01-02,77.659
1991-01-03,77.9685
1991-01-04,77.436
1991-01-05,85.3235
1991-01-06,85.029
1991-01-07,82.5205
1991-01-08,88.0665
1991-01-09,82.826
1991-01-10,79.9685
1991-01-11,81.75421
1991-01-12,78.056
1991-01-13,89.085266
1991-01-14,80.7835
1991-01-15,87.651054
1991-01-16,77.742
1991-01-17,82.8825
1991-01-18,82.8785
1991-01-19,83.7205
1991-01-20,83.99842
1991-01-21,80.117
1991-01-22,85.861496
1991-01-23,83.5015
1991-01-24,89.4095
1991-01-25,82.9645
1991-01-26,82.246
1991-01-27,90.3595
1991-01-28,88.90737
1991-01-29,85.5855
1991-01-30,79.748
1991-01-31,69.5755
1991-02-01,72.273
1991-02-02,70.0955
1991-02-03,69.3325
1991-02-04,75.562996
1991-02-05,76.3565
1991-02-06,83.626
1991-02-07,82.197
1991-02-08,83.7535
1991-02-09,84.25579
1991-02-10,80.476
1991-02-11,83.8635
1991-02-12,90.42588
1991-02-13,88.289
1991-02-14,78.723495
1991-02-15,79.2855
1991-02-16,76.1775
1991-02-17,78.2045
1991-02-18,75.182495
1991-02-19,77.4825
1991-02-20,76.7615
1991-02-21,68.875496
1991-02-22,83.4385
1991-02-23,79.4635
1991-02-24,90.70062
1991-02-25,89.342224
1991-02-26,89.02055
1991-02-27,80.389
1991-02-28,81.783
1991-03-01,72.765
1991-03-02,74.018
1991-03-03,81.6415
1991-03-04,71.164
1991-03-05,72.987495
1991-03-06,73.9945
1991-03-07,77.474
1991-03-08,76.9805
1991-03-09,72.619995
1991-03-10,74.017
1991-03-11,71.2675
1991-03-12,76.112
1991-03-13,75.056496
1991-03-14,72.628
1991-03-15,63.896
1991-03-16,72.117
1991-03-17,84.1215
1991-03-18,87.12444
1991-03-19,75.9705
1991-03-20,85.69945
1991-03-21,71.715996
1991-03-22,50.6265
1991-03-23,62.6065
1991-03-24,66.0895
1991-03-25,75.7535
1991-03-26,74.822
1991-03-27,73.1645
1991-03-28,85.11632
1991-03-29,89.513336
1991-03-30,81.692
1991-03-31,86.048
1991-04-01,78.2565
1991-04-02,67.712
1991-04-03,54.5525
1991-04-04,51.282497
1991-04-05,54.454998
1991-04-06,64.088
1991-04-07,72.57
1991-04-08,79.6525
1991-04-09,70.522995
1991-04-10,66.2125
1991-04-11,74.785995
1991-04-12,63.794
1991-04-13,62.8605
1991-04-14,69.550995
1991-04-15,65.027
1991-04-16,56.48
1991-04-17,58.87
1991-04-18,79.1215
1991-04-19,86.77052
1991-04-20,72.857
1991-04-21,74.779
1991-04-22,64.19
1991-04-23,68.458
1991-04-24,79.4765
1991-04-25,78.057
1991-04-26,70.3365
1991-04-27,70.7605
1991-04-28,81.675995
1991-04-29,78.734
1991-04-30,61.7395
1991-05-01,62.6105
1991-05-02,59.2585
1991-05-03,57.441498
1991-05-04,62.218
1991-05-05,72.797
1991-05-06,70.132996
1991-05-07,73.382996
1991-05-08,86.724
1991-05-09,71.754
1991-05-10,54.6055
1991-05-11,72.738
1991-05-12,66.947
1991-05-13,85.055
1991-05-14,66.071
1991-05-15,77.608
1991-05-16,63.293
1991-05-17,84.45947
1991-05-18,79.963
1991-05-19,86.4785
1991-05-20,84.2125
1991-05-21,69.5965
1991-05-22,66.6855
1991-05-23,61.0755
1991-05-24,73.043495
1991-05-25,72.835495
1991-05-26,67.541
1991-05-27,63.859997
1991-05-28,76.063995
1991-05-29,84.9955
1991-05-30,68.267
1991-05-31,67.395996
1991-06-01,61.6535
1991-06-02,62.135498
1991-06-03,68.3805
1991-06-04,72.5745
1991-06-05,83.8815
1991-06-06,68.139
1991-06-07,80.9485
1991-06-08,88.31941
1991-06-09,76.095
1991-06-10,62.529
1991-06-11,73.5745
1991-06-12,67.0405
1991-06-13,56.8435
1991-06-14,69.543495
1991-06-15,68.0555
1991-06-16,65.201996
1991-06-17,60.697998
1991-06-18,67.498
1991-06-19,77.2455
1991-06-20,76.1645
1991-06-21,78.2075
1991-06-22,68.936
1991-06-23,66.347
1991-06-24,69.54
1991-06-25,65.692
1991-06-26,65.1155
1991-06-27,75.132996
1991-06-28,72.278496
1991-06-29,82.152
1991-06-30,80.665
1991-07-01,81.7695
1991-07-02,88.3985
1991-07-03,83.7835
1991-07-04,82.701996
1991-07-05,79.256
1991-07-06,73.756
1991-07-07,67.417
1991-07-08,64.63
1991-07-09,59.4715
1991-07-10,72.8295
1991-07-11,64.375496
1991-07-12,64.875
1991-07-13,61.2785
1991-07-14,69.8275
1991-07-15,83.6285
1991-07-16,71.514496
1991-07-17,67.39
1991-07-18,87.0915
1991-07-19,70.301
1991-07-20,61.747498
1991-07-21,67.433
1991-07-22,66.644
1991-07-23,61.8535
1991-07-24,55.8675
1991-07-25,69.279
1991-07-26,82.046
1991-07-27,88.624
1991-07-28,84.1615
1991-07-29,79.834496
1991-07-30,84.858
1991-07-31,73.6335
1991-08-01,78.6445
1991-08-02,90.96636
1991-08-03,89.62625
1991-08-04,88.8665
1991-08-05,85.246
1991-08-06,81.988495
1991-08-07,79.804
1991-08-08,63.1405
1991-08-09,67.5625
1991-08-10,66.7425
1991-08-11,66.6895
1991-08-12,75.235
1991-08-13,73.9205
1991-08-14,67.387
1991-08-15,73.96
1991-08-16,73.844
1991-08-17,69.929
1991-08-18,74.116
1991-08-19,75.046
1991-08-20,67.3515
1991-08-21,81.0765
1991-08-22,74.4795
1991-08-23,66.982
1991-08-24,70.444
1991-08-25,73.2885
1991-08-26,72.0355
1991-08-27,79.976
1991-08-28,79.125
1991-08-29,78.0755
1991-08-30,82.819
1991-08-31,78.7605
1991-09-01,77.2035
1991-09-02,73.319
1991-09-03,69.955
1991-09-04,70.824
1991-09-05,68.5595
1991-09-06,63.655
1991-09-07,72.318
1991-09-08,67.267
1991-09-09,59.990498
1991-09-10,63.857998
1991-09-11,58.8485
1991-09-12,72.891
1991-09-13,71.192
1991-09-14,65.659
1991-09-15,74.2865
1991-09-16,78.2475
1991-09-17,74.8395
1991-09-18,85.329
1991-09-19,77.029
1991-09-20,72.8975
1991-09-21,74.567
1991-09-22,70.717
1991-09-23,76.3215
1991-09-24,73.425995
1991-09-25,74.229
1991-09-26,60.6605
1991-09-27,68.038
1991-09-28,76.8985
1991-09-29,72.0925
1991-09-30,54.937
1991-10-01,70.77
1991-10-02,77.6605
1991-10-03,76.9225
1991-10-04,74.952
1991-10-05,74.047
1991-10-06,66.7395
1991-10-07,71.83
1991-10-08,66.926994
1991-10-09,79.306496
1991-10-10,87.3175
1991-10-11,83.0775
1991-10-12,76.6575
1991-10-13,82.214
1991-10-14,76.8125
1991-10-15,74.139496
1991-10-16,87.0195
1991-10-17,77.5335
1991-10-18,74.737495
1991-10-19,72.569
1991-10-20,86.117004
1991-10-21,86.61579
1991-10-22,84.129
1991-10-23,71.518
1991-10-24,80.5
1991-10-25,80.7165
1991-10-26,76.3505
1991-10-27,71.337
1991-10-28,78.4975
1991-10-29,77.774
1991-10-30,75.43
1991-10-31,68.5595
1991-11-01,75.3105
1991-11-02,67.7385
1991-11-03,64.7615
1991-11-04,66.804
1991-11-05,81.2995
1991-11-06,85.0245
1991-11-07,82.819496
1991-11-08,82.496666
1991-11-09,81.2565
1991-11-10,88.0995
1991-11-11,78.846
1991-11-12,79.9285
1991-11-13,74.594734
1991-11-14,63.649998
1991-11-15,73.444496
1991-11-16,78.5615
1991-11-17,86.1105
1991-11-18,86.4885
1991-11-19,82.375
1991-11-20,75.4255
1991-11-21,85.25222
1991-11-22,90.99934
1991-11-23,92.76091
1991-11-24,88.0715
1991-11-25,87.705
1991-11-26,91.666664
1991-11-27,89.79733
1991-11-28,89.29188
1991-11-29,87.994736
1991-11-30,85.727646
1991-12-01,81.36895
1991-12-02,84.74105
1991-12-03,86.74684
1991-12-04,87.005264
1991-12-05,83.8245
1991-12-06,84.4885
1991-12-07,79.291
1991-12-08,76.0395
1991-12-09,75.309
1991-12-10,78.357
1991-12-11,84.215
1991-12-12,81.903
1991-12-13,78.663
1991-12-14,74.609474
1991-12-15,82.18316
1991-12-16,82.72474
1991-12-17,84.8405
1991-12-18,86.088
1991-12-19,88.5585
1991-12-20,84.877495
1991-12-21,89.61895
1991-12-22,87.792
1991-12-23,88.62231
1991-12-24,82.603
1991-12-25,80.8115
1991-12-26,76.748
1991-12-27,86.68889
1991-12-28,88.315
1991-12-29,88.455
1991-12-30,88.453
1991-12-31,78.9015
1992-01-01,74.497
1992-01-02,71.672
1992-01-03,65.468
1992-01-04,64.7535
1992-01-05,80.537
1992-01-06,80.0735
1992-01-07,84.54467
1992-01-08,79.882
1992-01-09,79.334
1992-01-10,81.8485
1992-01-11,80.6785
1992-01-12,84.2855
1992-01-13,81.6415
1992-01-14,78.68105
1992-01-15,88.33945
1992-01-16,81.626
1992-01-17,70.4305
1992-01-18,64.8255
1992-01-19,82.097
1992-01-20,77.1365
1992-01-21,77.472
1992-01-22,76.6245
1992-01-23,77.9675
1992-01-24,83.677
1992-01-25,88.674736
1992-01-26,83.094
1992-01-27,88.08632
1992-01-28,86.63
1992-01-29,87.704666
1992-01-30,80.4475
1992-01-31,87.293686
1992-02-01,73.2
1992-02-02,82.194496
1992-02-03,76.844
1992-02-04,77.707
1992-02-05,81.5195
1992-02-06,74.887
1992-02-07,85.15278
1992-02-08,91.08666
1992-02-09,88.33765
1992-02-10,75.556
1992-02-11,73.1305
1992-02-12,78.017
1992-02-13,72.590996
1992-02-14,81.958496
1992-02-15,65.3405
1992-02-16,74.323
1992-02-17,81.2055
1992-02-18,79.363
1992-02-19,77.892
1992-02-20,78.601
1992-02-21,88.1145
1992-02-22,74.5165
1992-02-23,82.661
1992-02-24,72.2275
1992-02-25,69.7965
1992-02-26,69.2415
1992-02-27,71.0435
1992-02-28,76.897
1992-02-29,71.322
1992-03-01,73.959496
1992-03-02,73.090996
1992-03-03,66.1055
1992-03-04,62.263496
1992-03-05,60.523
1992-03-06,64.384
1992-03-07,63.972
1992-03-08,60.746998
1992-03-09,66.2185
1992-03-10,64.434
1992-03-11,62.303997
1992-03-12,60.9815
1992-03-13,49.371
1992-03-14,64.0495
1992-03-15,68.777
1992-03-16,72.075
1992-03-17,65.827995
1992-03-18,60.245
1992-03-19,77.807495
1992-03-20,80.5065
1992-03-21,66.548996
1992-03-22,72.427
1992-03-23,69.005
1992-03-24,58.504498
1992-03-25,56.579
1992-03-26,71.4285
1992-03-27,52.671497
1992-03-28,56.9465
1992-03-29,75.3155
1992-03-30,57.838497
1992-03-31,51.8425
1992-04-01,44.9645
1992-04-02,66.2335
1992-04-03,55.912
1992-04-04,58.1525
1992-04-05,61.7175
1992-04-06,70.8875
1992-04-07,83.312
1992-04-08,68.7405
1992-04-09,67.178
1992-04-10,72.28
1992-04-11,74.3575
1992-04-12,69.3145
1992-04-13,49.656
1992-04-14,53.9365
1992-04-15,42.495
1992-04-16,51.288498
1992-04-17,62.335
1992-04-18,75.361496
1992-04-19,74.3985
1992-04-20,63.657497
1992-04-21,56.0085
1992-04-22,52.0435
1992-04-23,53.059
1992-04-24,75.909
1992-04-25,62.076
1992-04-26,59.038998
1992-04-27,55.0905
1992-04-28,62.4235
1992-04-29,53.0655
1992-04-30,78.1605
1992-05-01,48.9535
1992-05-02,34.337498
1992-05-03,28.593155
1992-05-04,59.573498
1992-05-05,56.704
1992-05-06,54.697
1992-05-07,49.277
1992-05-08,64.08
1992-05-09,54.219498
1992-05-10,58.4655
1992-05-11,54.757
1992-05-12,58.749496
1992-05-13,55.6445
1992-05-14,56.424
1992-05-15,45.5095
1992-05-16,43.837997
1992-05-17,44.852497
1992-05-18,77.2145
1992-05-19,72.5215
1992-05-20,62.4635
1992-05-21,62.012
1992-05-22,61.1865
1992-05-23,55.87
1992-05-24,48.0725
1992-05-25,47.815
1992-05-26,67.559
1992-05-27,62.3085
1992-05-28,78.1605
1992-05-29,71.2745
1992-05-30,81.2235
1992-05-31,64.4135
1992-06-01,64.403
1992-06-02,56.335
1992-06-03,53.921997
1992-06-04,64.138
1992-06-05,65.34
1992-06-06,74.498
1992-06-07,65.5585
1992-06-08,74.6575
1992-06-09,83.159
1992-06-10,77.433
1992-06-11,65.8785
1992-06-12,68.7945
1992-06-13,73.723
1992-06-14,84.532
1992-06-15,77.575
1992-06-16,69.395996
1992-06-17,75.7845
1992-06-18,86.0205
1992-06-19,72.095
1992-06-20,71.096
1992-06-21,67.9925
1992-06-22,62.150497
1992-06-23,60.526
1992-06-24,53.8105
1992-06-25,66.7005
1992-06-26,71.6915
1992-06-27,68.831
1992-06-28,61.526
1992-06-29,64.403
1992-06-30,64.179
1992-07-01,65.015495
1992-07-02,58.017
1992-07-03,62.7305
1992-07-04,64.9495
1992-07-05,55.990498
1992-07-06,76.3105
1992-07-07,65.6055
1992-07-08,60.1025
1992-07-09,49.760998
1992-07-10,58.3175
1992-07-11,70.565
1992-07-12,74.7685
1992-07-13,84.8645
1992-07-14,75.9885
1992-07-15,77.0545
1992-07-16,64.8985
1992-07-17,56.064
1992-07-18,64.0665
1992-07-19,62.78
1992-07-20,65.371
1992-07-21,62.5305
1992-07-22,61.8205
1992-07-23,62.299
1992-07-24,62.385498
1992-07-25,65.659
1992-07-26,63.5715
1992-07-27,59.603
1992-07-28,47.46
1992-07-29,53.483498
1992-07-30,52.2975
1992-07-31,51.1345
1992-08-01,63.697998
1992-08-02,61.6345
1992-08-03,59.437
1992-08-04,60.129498
1992-08-05,62.9685
1992-08-06,60.4445
1992-08-07,56.321
1992-08-08,54.673
1992-08-09,49.2645
1992-08-10,43.715496
1992-08-11,58.154
1992-08-12,59.8015
1992-08-13,51.7035
1992-08-14,59.901
1992-08-15,67.7
1992-08-16,66.3555
1992-08-17,56.754997
1992-08-18,55.2845
1992-08-19,55.2435
1992-08-20,54.514
1992-08-21,48.8295
1992-08-22,71.906
1992-08-23,63.6225
1992-08-24,64.217
1992-08-25,59.236
1992-08-26,50.038
1992-08-27,46.78
1992-08-28,46.8885
1992-08-29,35.639996
1992-08-30,38.098995
1992-08-31,49.031498
1992-09-01,54.414997
1992-09-02,55.921997
1992-09-03,39.781
1992-09-04,61.2075
1992-09-05,88.568
1992-09-06,64.306
1992-09-07,70.4435
1992-09-08,61.5155
1992-09-09,63.2135
1992-09-10,59.287
1992-09-11,57.914497
1992-09-12,63.617
1992-09-13,64.0735
1992-09-14,53.78
1992-09-15,65.246
1992-09-16,58.2565
1992-09-17,57.808
1992-09-18,60.601498
1992-09-19,65.381996
1992-09-20,66.662994
1992-09-21,66.575
1992-09-22,57.813
1992-09-23,57.9875
1992-09-24,60.717
1992-09-25,58.004498
1992-09-26,55.715
1992-09-27,48.888
1992-09-28,51.9045
1992-09-29,75.671
1992-09-30,77.6175
1992-10-01,72.2745
1992-10-02,70.5765
1992-10-03,66.7575
1992-10-04,74.26
1992-10-05,79.335495
1992-10-06,78.894
1992-10-07,77.6515
1992-10-08,76.1025
1992-10-09,68.5855
1992-10-10,70.7195
1992-10-11,77.8535
1992-10-12,73.658
1992-10-13,77.3665
1992-10-14,66.335
1992-10-15,73.851
1992-10-16,81.0205
1992-10-17,81.3385
1992-10-18,85.514
1992-10-19,73.8745
1992-10-20,74.5615
1992-10-21,83.437996
1992-10-22,79.6555
1992-10-23,72.598
1992-10-24,81.8785
1992-10-25,77.3825
1992-10-26,81.5105
1992-10-27,82.154
1992-10-28,74.0185
1992-10-29,76.6085
1992-10-30,75.918
1992-10-31,85.765
1992-11-01,83.98722
1992-11-02,77.841995
1992-11-03,77.3445
1992-11-04,81.9925
1992-11-05,77.1465
1992-11-06,83.22947
1992-11-07,76.534
1992-11-08,70.025
1992-11-09,70.265495
1992-11-10,57.9745
1992-11-11,61.8985
1992-11-12,88.26
1992-11-13,75.7495
1992-11-14,82.4335
1992-11-15,78.506
1992-11-16,74.8855
1992-11-17,82.12
1992-11-18,83.6435
1992-11-19,75.3145
1992-11-20,76.520996
1992-11-21,67.5685
1992-11-22,87.334
1992-11-23,83.310524
1992-11-24,84.419
1992-11-25,84.201996
1992-11-26,80.989
1992-11-27,72.3965
1992-11-28,71.0335
1992-11-29,83.3121
1992-11-30,83.056496
1992-12-01,69.1785
1992-12-02,64.034996
1992-12-03,66.708
1992-12-04,74.1485
1992-12-05,62.611
1992-12-06,84.0235
1992-12-07,90.12632
1992-12-08,84.2875
1992-12-09,87.035995
1992-12-10,90.15938
1992-12-11,91.61
1992-12-12,90.85529
1992-12-13,80.21263
1992-12-14,83.156
1992-12-15,88.74111
1992-12-16,89.74
1992-12-17,89.077225
1992-12-18,88.08941
1992-12-19,86.75471
1992-12-20,88.19631
1992-12-21,89.60715
1992-12-22,88.283
1992-12-23,72.9255
1992-12-24,75.147995
1992-12-25,80.9955
1992-12-26,82.473495
1992-12-27,86.911
1992-12-28,78.8225
1992-12-29,83.707
1992-12-30,84.628944
1992-12-31,85.2021
1993-01-01,79.1925
1993-01-02,83.73263
1993-01-03,77.635
1993-01-04,73.326
1993-01-05,75.1475
1993-01-06,73.632996
1993-01-07,86.8821
1993-01-08,89.49111
1993-01-09,88.045555
1993-01-10,89.0455
1993-01-11,77.149475
1993-01-12,77.223495
1993-01-13,64.7335
1993-01-14,73.078
1993-01-15,68.667
1993-01-16,76.298996
1993-01-17,79.604996
1993-01-18,83.0395
1993-01-19,80.9955
1993-01-20,90.13941
1993-01-21,83.055
1993-01-22,75.2315
1993-01-23,67.009
1993-01-24,75.75
1993-01-25,72.5825
1993-01-26,73.458496
1993-01-27,75.2065
1993-01-28,79.749
1993-01-29,86.94222
1993-01-30,84.4445
1993-01-31,80.846
1993-02-01,79.92
1993-02-02,79.729996
1993-02-03,74.3105
1993-02-04,83.4305
1993-02-05,75.004
1993-02-06,82.183
1993-02-07,79.868
1993-02-08,73.9705
1993-02-09,70.4905
1993-02-10,80.946
1993-02-11,80.27
1993-02-12,72.888
1993-02-13,77.553
1993-02-14,86.551
1993-02-15,74.7625
1993-02-16,68.881
1993-02-17,73.885
1993-02-18,81.507996
1993-02-19,70.6935
1993-02-20,82.504
1993-02-21,78.0635
1993-02-22,86.265884
1993-02-23,85.449
1993-02-24,85.204735
1993-02-25,84.404
1993-02-26,84.59737
1993-02-27,77.1315
1993-02-28,66.9665
1993-03-01,62.2435
1993-03-02,75.4695
1993-03-03,84.26
1993-03-04,85.1715
1993-03-05,84.264
1993-03-06,76.8495
1993-03-07,72.2815
1993-03-08,78.323
1993-03-09,79.044495
1993-03-10,75.354996
1993-03-11,79.4015
1993-03-12,81.475494
1993-03-13,75.734
1993-03-14,75.842
1993-03-15,74.063
1993-03-16,77.0365
1993-03-17,85.8085
1993-03-18,86.166
1993-03-19,65.8565
1993-03-20,62.2095
1993-03-21,60.6605
1993-03-22,54.3895
1993-03-23,68.708
1993-03-24,65.895
1993-03-25,77.435
1993-03-26,85.7965
1993-03-27,91.67438
1993-03-28,90.85066
1993-03-29,80.826
1993-03-30,75.505
1993-03-31,76.8085
1993-04-01,70.497
1993-04-02,72.0795
1993-04-03,74.7865
1993-04-04,86.9385
1993-04-05,86.42842
1993-04-06,77.99579
1993-04-07,79.3445
1993-04-08,80.1645
1993-04-09,78.6065
1993-04-10,66.95
1993-04-11,69.547
1993-04-12,74.216995
1993-04-13,69.2875
1993-04-14,68.6705
1993-04-15,77.7165
1993-04-16,74.743996
1993-04-17,70.1655
1993-04-18,64.6385
1993-04-19,68.104
1993-04-20,57.8815
1993-04-21,56.3915
1993-04-22,55.296
1993-04-23,56.486
1993-04-24,45.329
1993-04-25,48.7855
1993-04-26,47.751
1993-04-27,48.365997
1993-04-28,54.404
1993-04-29,54.559498
1993-04-30,53.029
1993-05-01,55.483498
1993-05-02,49.229
1993-05-03,54.0155
1993-05-04,73.082
1993-05-05,69.0825
1993-05-06,58.649498
1993-05-07,53.243
1993-05-08,66.875
1993-05-09,53.168
1993-05-10,48.982
1993-05-11,45.5565
1993-05-12,47.1815
1993-05-13,47.042
1993-05-14,52.878998
1993-05-15,62.3125
1993-05-16,77.4195
1993-05-17,67.9785
1993-05-18,66.8385
1993-05-19,58.0795
1993-05-20,57.261997
1993-05-21,63.8135
1993-05-22,70.2875
1993-05-23,75.903496
1993-05-24,69.869995
1993-05-25,62.167
1993-05-26,67.095
1993-05-27,71.2575
1993-05-28,67.75
1993-05-29,64.176994
1993-05-30,60.5445
1993-05-31,75.002
1993-06-01,59.424
1993-06-02,49.080997
1993-06-03,56.4595
1993-06-04,63.7725
1993-06-05,67.483
1993-06-06,61.6105
1993-06-07,57.969498
1993-06-08,56.712997
1993-06-09,55.827
1993-06-10,50.226498
1993-06-11,59.150497
1993-06-12,66.6195
1993-06-13,65.776
1993-06-14,68.9585
1993-06-15,72.512
1993-06-16,56.3605
1993-06-17,60.642998
1993-06-18,72.8985
1993-06-19,63.103
1993-06-20,63.173
1993-06-21,55.928497
1993-06-22,58.864998
1993-06-23,67.2245
1993-06-24,66.486
1993-06-25,46.281498
1993-06-26,57.742
1993-06-27,68.5215
1993-06-28,73.128
1993-06-29,76.6075
1993-06-30,62.5235
1993-07-01,68.196495
1993-07-02,57.9035
1993-07-03,52.596497
1993-07-04,52.973
1993-07-05,58.28
1993-07-06,63.3495
1993-07-07,72.803
1993-07-08,63.9385
1993-07-09,59.4095
1993-07-10,46.427
1993-07-11,42.002
1993-07-12,64.1885
1993-07-13,78.066
1993-07-14,68.0915
1993-07-15,62.2115
1993-07-16,73.0895
1993-07-17,67.6175
1993-07-18,67.3605
1993-07-19,64.633995
1993-07-20,56.198997
1993-07-21,66.943
1993-07-22,86.7755
1993-07-23,75.239494
1993-07-24,72.1035
1993-07-25,55.661
1993-07-26,62.812
1993-07-27,71.3355
1993-07-28,69.526
1993-07-29,61.265
1993-07-30,60.176
1993-07-31,50.5915
1993-08-01,58.9015
1993-08-02,59.3485
1993-08-03,57.2705
1993-08-04,56.473
1993-08-05,47.769997
1993-08-06,60.139
1993-08-07,57.5025
1993-08-08,55.545498
1993-08-09,70.428
1993-08-10,76.364
1993-08-11,68.561
1993-08-12,60.748
1993-08-13,56.676
1993-08-14,56.865498
1993-08-15,51.774
1993-08-16,51.5655
1993-08-17,55.0985
1993-08-18,53.455997
1993-08-19,61.007
1993-08-20,56.322998
1993-08-21,58.316998
1993-08-22,55.060997
1993-08-23,46.517
1993-08-24,64.817
1993-08-25,64.925995
1993-08-26,71.9395
1993-08-27,66.765495
1993-08-28,81.303
1993-08-29,84.8885
1993-08-30,71.4955
1993-08-31,80.064
1993-09-01,87.56263
1993-09-02,85.358
1993-09-03,76.794495
1993-09-04,73.1235
1993-09-05,88.289474
1993-09-06,76.375
1993-09-07,66.517
1993-09-08,68.825
1993-09-09,67.917496
1993-09-10,72.368996
1993-09-11,70.567
1993-09-12,82.6665
1993-09-13,72.3395
1993-09-14,53.385998
1993-09-15,80.7705
1993-09-16,76.5515
1993-09-17,72.9745
1993-09-18,80.356
1993-09-19,77.3835
1993-09-20,67.864494
1993-09-21,63.982
1993-09-22,61.902
1993-09-23,56.456497
1993-09-24,61.192497
1993-09-25,59.2705
1993-09-26,71.915
1993-09-27,79.262
1993-09-28,72.6355
1993-09-29,78.975494
1993-09-30,72.7315
1993-10-01,67.9215
1993-10-02,62.006
1993-10-03,77.496
1993-10-04,90.34556
1993-10-05,88.314735
1993-10-06,77.54
1993-10-07,71.8065
1993-10-08,66.28
1993-10-09,72.4375
1993-10-10,79.2405
1993-10-11,69.611
1993-10-12,58.783497
1993-10-13,60.825
1993-10-14,51.5015
1993-10-15,67.026
1993-10-16,77.601
1993-10-17,76.8305
1993-10-18,71.154
1993-10-19,77.447495
1993-10-20,88.844
1993-10-21,85.90833
1993-10-22,77.025
1993-10-23,75.517
1993-10-24,78.014
1993-10-25,83.5485
1993-10-26,81.4925
1993-10-27,79.3795
1993-10-28,80.291
1993-10-29,80.558
1993-10-30,73.4435
1993-10-31,68.6
1993-11-01,78.031
1993-11-02,66.885
1993-11-03,62.552
1993-11-04,80.5435
1993-11-05,86.133
1993-11-06,89.64333
1993-11-07,83.7055
1993-11-08,80.5665
1993-11-09,89.941
1993-11-10,84.3165
1993-11-11,74.395
1993-11-12,63.7465
1993-11-13,75.963
1993-11-14,83.52
1993-11-15,86.256
1993-11-16,89.48615
1993-11-17,84.341995
1993-11-18,77.647
1993-11-19,76.2025
1993-11-20,81.005
1993-11-21,83.725
1993-11-22,85.3105
1993-11-23,86.8785
1993-11-24,79.463
1993-11-25,77.587
1993-11-26,79.9755
1993-11-27,77.6385
1993-11-28,73.646996
1993-11-29,82.8415
1993-11-30,83.297
1993-12-01,83.20526
1993-12-02,83.22
1993-12-03,87.045555
1993-12-04,90.54714
1993-12-05,91.23625
1993-12-06,93.70133
1993-12-07,88.408
1993-12-08,92.70818
1993-12-09,87.23053
1993-12-10,77.666504
1993-12-11,84.4475
1993-12-12,88.21
1993-12-13,84.8595
1993-12-14,81.4205
1993-12-15,89.876114
1993-12-16,86.078
1993-12-17,86.517
1993-12-18,79.094
1993-12-19,84.252
1993-12-20,83.5221
1993-12-21,82.7565
1993-12-22,80.3475
1993-12-23,77.178
1993-12-24,82.0595
1993-12-25,83.5035
1993-12-26,79.2595
1993-12-27,91.79846
1993-12-28,91.211876
1993-12-29,92.89667
1993-12-30,90.19428
1993-12-31,86.037895
1994-01-01,86.03158
1994-01-02,90.659996
1994-01-03,84.974
1994-01-04,82.57
1994-01-05,84.1625
1994-01-06,79.2975
1994-01-07,62.1275
1994-01-08,74.5045
1994-01-09,87.10778
1994-01-10,91.85
1994-01-11,87.4205
1994-01-12,89.64445
1994-01-13,88.948944
1994-01-14,93.83
1994-01-15,92.125
1994-01-16,86.14895
1994-01-17,90.1995
1994-01-18,85.823
1994-01-19,77.0365
1994-01-20,87.271576
1994-01-21,88.615456
1994-01-22,83.9795
1994-01-23,87.1555
1994-01-24,85.31526
1994-01-25,78.86
1994-01-26,82.016
1994-01-27,75.768
1994-01-28,73.5735
1994-01-29,81.253
1994-01-30,77.9515
1994-01-31,84.464
1994-02-01,79.729
1994-02-02,79.0855
1994-02-03,77.934
1994-02-04,75.3845
1994-02-05,74.009
1994-02-06,79.056
1994-02-07,81.840996
1994-02-08,81.0035
1994-02-09,82.41842
1994-02-10,81.300995
1994-02-11,81.193
1994-02-12,75.1225
1994-02-13,61.391
1994-02-14,60.731
1994-02-15,61.204
1994-02-16,67.68
1994-02-17,73.407
1994-02-18,86.68
1994-02-19,90.40611
1994-02-20,87.257
1994-02-21,89.78316
1994-02-22,85.275
1994-02-23,76.513
1994-02-24,82.054
1994-02-25,88.936844
1994-02-26,80.687996
1994-02-27,71.8145
1994-02-28,58.967
1994-03-01,70.575
1994-03-02,80.7685
1994-03-03,79.423996
1994-03-04,73.0205
1994-03-05,81.4505
1994-03-06,73.962
1994-03-07,67.998
1994-03-08,79.733
1994-03-09,72.5605
1994-03-10,75.19
1994-03-11,64.881
1994-03-12,57.1595
1994-03-13,58.853497
1994-03-14,68.097496
1994-03-15,72.1575
1994-03-16,65.992
1994-03-17,71.3595
1994-03-18,52.872498
1994-03-19,46.821
1994-03-20,58.7145
1994-03-21,72.559
1994-03-22,72.4625
1994-03-23,66.718
1994-03-24,70.5535
1994-03-25,58.692497
1994-03-26,67.946
1994-03-27,77.069496
1994-03-28,70.8155
1994-03-29,53.608498
1994-03-30,68.5
1994-03-31,59.094997
1994-04-01,47.511497
1994-04-02,75.87
1994-04-03,78.428
1994-04-04,68.9955
1994-04-05,82.1105
1994-04-06,92.29727
1994-04-07,81.6625
1994-04-08,64.518
1994-04-09,75.228
1994-04-10,75.3695
1994-04-11,71.84
1994-04-12,72.3545
1994-04-13,61.76
1994-04-14,61.372498
1994-04-15,52.8465
1994-04-16,59.906498
1994-04-17,61.489
1994-04-18,78.1735
1994-04-19,64.9645
1994-04-20,70.8735
1994-04-21,73.267
1994-04-22,77.915
1994-04-23,77.000496
1994-04-24,72.847496
1994-04-25,66.792
1994-04-26,65.721
1994-04-27,74.7415
1994-04-28,86.592
1994-04-29,77.968
1994-04-30,70.362
1994-05-01,71.3425
1994-05-02,63.3175
1994-05-03,60.7795
1994-05-04,58.772
1994-05-05,67.013
1994-05-06,82.39684
1994-05-07,78.6295
1994-05-08,79.561
1994-05-09,67.694
1994-05-10,78.1185
1994-05-11,75.335
1994-05-12,77.4945
1994-05-13,66.552
1994-05-14,63.669
1994-05-15,70.668
1994-05-16,65.957
1994-05-17,55.684998
1994-05-18,54.949497
1994-05-19,49.799
1994-05-20,70.8685
1994-05-21,66.5305
1994-05-22,71.635
1994-05-23,61.485
1994-05-24,66.389
1994-05-25,83.9805
1994-05-26,72.160995
1994-05-27,74.925995
1994-05-28,67.922
1994-05-29,74.64
1994-05-30,78.8705
1994-05-31,64.647995
1994-06-01,58.2925
1994-06-02,53.8755
1994-06-03,50.684998
1994-06-04,73.4085
1994-06-05,86.273155
1994-06-06,79.913
1994-06-07,65.5045
1994-06-08,69.5205
1994-06-09,60.6475
1994-06-10,82.0305
1994-06-11,82.6225
1994-06-12,72.5045
1994-06-13,70.877
1994-06-14,77.669
1994-06-15,68.084
1994-06-16,67.695
1994-06-17,74.1615
1994-06-18,61.587997
1994-06-19,61.032997
1994-06-20,62.702
1994-06-21,65.7945
1994-06-22,61.9625
1994-06-23,56.7995
1994-06-24,51.4525
1994-06-25,48.295998
1994-06-26,54.4325
1994-06-27,55.7505
1994-06-28,58.161
1994-06-29,60.486
1994-06-30,66.839
1994-07-01,59.128498
1994-07-02,60.04
1994-07-03,54.4325
1994-07-04,50.2315
1994-07-05,51.8255
1994-07-06,51.4785
1994-07-07,66.262
1994-07-08,52.0885
1994-07-09,70.786995
1994-07-10,77.63
1994-07-11,82.699
1994-07-12,73.56
1994-07-13,64.0025
1994-07-14,65.1
1994-07-15,67.993
1994-07-16,63.427498
1994-07-17,63.990498
1994-07-18,67.9545
1994-07-19,63.503
1994-07-20,50.052
1994-07-21,60.353
1994-07-22,62.3275
1994-07-23,57.6815
1994-07-24,52.663
1994-07-25,53.378
1994-07-26,48.977997
1994-07-27,48.781498
1994-07-28,50.899
1994-07-29,46.067497
1994-07-30,47.882
1994-07-31,51.797
1994-08-01,53.684998
1994-08-02,51.017998
1994-08-03,58.2035
1994-08-04,65.631
1994-08-05,61.5585
1994-08-06,58.709
1994-08-07,51.656
1994-08-08,55.2425
1994-08-09,65.444496
1994-08-10,58.2385
1994-08-11,57.598
1994-08-12,65.5375
1994-08-13,61.843998
1994-08-14,58.262997
1994-08-15,57.4965
1994-08-16,63.7295
1994-08-17,55.732998
1994-08-18,71.6475
1994-08-19,67.215
1994-08-20,63.9805
1994-08-21,59.552
1994-08-22,64.1205
1994-08-23,70.1915
1994-08-24,64.761
1994-08-25,72.0035
1994-08-26,90.68278
1994-08-27,84.568
1994-08-28,72.908
1994-08-29,71.691
1994-08-30,66.4435
1994-08-31,72.5775
1994-09-01,79.5925
1994-09-02,60.401
1994-09-03,60.0445
1994-09-04,80.2885
1994-09-05,76.4625
1994-09-06,74.9305
1994-09-07,70.6755
1994-09-08,57.2985
1994-09-09,54.1475
1994-09-10,72.3605
1994-09-11,64.571
1994-09-12,61.3645
1994-09-13,57.35
1994-09-14,52.8425
1994-09-15,64.128
1994-09-16,57.774998
1994-09-17,83.555
1994-09-18,74.309
1994-09-19,79.556
1994-09-20,92.27928
1994-09-21,80.6165
1994-09-22,72.279
1994-09-23,72.0915
1994-09-24,71.1795
1994-09-25,73.5745
1994-09-26,76.7755
1994-09-27,80.4825
1994-09-28,71.9535
1994-09-29,73.184
1994-09-30,75.9965
1994-10-01,75.4505
1994-10-02,73.576996
1994-10-03,77.598
1994-10-04,87.14158
1994-10-05,74.7285
1994-10-06,86.28737
1994-10-07,89.30945
1994-10-08,84.593
1994-10-09,87.866844
1994-10-10,75.0615
1994-10-11,79.6245
1994-10-12,80.042496
1994-10-13,82.0445
1994-10-14,80.446
1994-10-15,77.497
1994-10-16,84.210495
1994-10-17,83.514496
1994-10-18,71.390495
1994-10-19,65.47
1994-10-20,61.324497
1994-10-21,68.001495
1994-10-22,60.5025
1994-10-23,67.9805
1994-10-24,76.813995
1994-10-25,88.076996
1994-10-26,72.807
1994-10-27,81.88
1994-10-28,68.913
1994-10-29,84.02947
1994-10-30,85.486
1994-10-31,70.3155
1994-11-01,74.444
1994-11-02,71.322
1994-11-03,81.6175
1994-11-04,74.9245
1994-11-05,70.225494
1994-11-06,62.172
1994-11-07,66.487495
1994-11-08,75.0255
1994-11-09,82.741
1994-11-10,84.8745
1994-11-11,87.86889
1994-11-12,91.189285
1994-11-13,87.12789
1994-11-14,84.329475
1994-11-15,85.0535
1994-11-16,83.9505
1994-11-17,85.4295
1994-11-18,87.16
1994-11-19,85.2335
1994-11-20,81.0555
1994-11-21,81.9035
1994-11-22,83.31
1994-11-23,87.23106
1994-11-24,86.4925
1994-11-25,78.354996
1994-11-26,76.481
1994-11-27,83.0545
1994-11-28,86.511
1994-11-29,77.798996
1994-11-30,77.328
1994-12-01,73.889
1994-12-02,81.455
1994-12-03,81.22158
1994-12-04,78.710495
1994-12-05,81.225
1994-12-06,88.85579
1994-12-07,86.88052
1994-12-08,89.78667
1994-12-09,90.41454
1994-12-10,91.68
1994-12-11,88.09789
1994-12-12,86.61158
1994-12-13,80.424995
1994-12-14,78.366
1994-12-15,85.458496
1994-12-16,85.748
1994-12-17,90.352104
1994-12-18,90.93437
1994-12-19,88.164
1994-12-20,81.691
1994-12-21,80.7135
1994-12-22,87.93263
1994-12-23,89.73813
1994-12-24,86.186844
1994-12-25,90.432304
1994-12-26,92.223335
1994-12-27,88.93316
1994-12-28,85.3465
1994-12-29,82.2665
1994-12-30,81.889496
1994-12-31,81.63263
1995-01-01,87.864
1995-01-02,85.4355
1995-01-03,86.119
1995-01-04,87.475296
1995-01-05,83.0395
1995-01-06,86.319
1995-01-07,90.75
1995-01-08,91.12615
1995-01-09,90.975555
1995-01-10,88.39421
1995-01-11,87.585266
1995-01-12,86.1455
1995-01-13,85.81
1995-01-14,86.86105
1995-01-15,83.38579
1995-01-16,87.47
1995-01-17,87.20895
1995-01-18,83.482
1995-01-19,74.660995
1995-01-20,76.706
1995-01-21,81.454
1995-01-22,84.75
1995-01-23,81.6565
1995-01-24,86.9775
1995-01-25,74.719
1995-01-26,72.2305
1995-01-27,76.284996
1995-01-28,75.097
1995-01-29,83.926
1995-01-30,83.6245
1995-01-31,86.532104
1995-02-01,74.8115
1995-02-02,74.729
1995-02-03,80.634
1995-02-04,75.376495
1995-02-05,85.722496
1995-02-06,83.4335
1995-02-07,86.276
1995-02-08,72.703995
1995-02-09,79.568
1995-02-10,70.109
1995-02-11,69.9575
1995-02-12,76.8885
1995-02-13,78.862
1995-02-14,77.3675
1995-02-15,89.272
1995-02-16,87.313156
1995-02-17,81.9225
1995-02-18,78.4545
1995-02-19,82.7325
1995-02-20,74.277
1995-02-21,65.389496
1995-02-22,72.0945
1995-02-23,75.294
1995-02-24,81.417
1995-02-25,83.391
1995-02-26,78.032
1995-02-27,87.089
1995-02-28,71.706
1995-03-01,56.724
1995-03-02,58.316498
1995-03-03,86.04579
1995-03-04,72.0045
1995-03-05,73.5075
1995-03-06,72.9965
1995-03-07,83.2135
1995-03-08,76.215996
1995-03-09,60.16
1995-03-10,66.6335
1995-03-11,74.2945
1995-03-12,79.724
1995-03-13,78.2595
1995-03-14,72.058
1995-03-15,77.998
1995-03-16,67.558
1995-03-17,73.319
1995-03-18,60.9665
1995-03-19,62.3605
1995-03-20,65.094
1995-03-21,72.2665
1995-03-22,78.6025
1995-03-23,81.798
1995-03-24,86.22211
1995-03-25,66.089
1995-03-26,60.275
1995-03-27,58.245
1995-03-28,61.5265
1995-03-29,66.537
1995-03-30,84.336
1995-03-31,80.7615
1995-04-01,73.194496
1995-04-02,81.9355
1995-04-03,48.547997
1995-04-04,52.8505
1995-04-05,52.476997
1995-04-06,55.149498
1995-04-07,60.41
1995-04-08,67.0675
1995-04-09,78.089
1995-04-10,74.979
1995-04-11,75.339
1995-04-12,80.534996
1995-04-13,82.4495
1995-04-14,83.1565
1995-04-15,64.117
1995-04-16,54.674
1995-04-17,76.466995
1995-04-18,63.7515
1995-04-19,49.544
1995-04-20,42.941998
1995-04-21,51.203
1995-04-22,49.585
1995-04-23,52.9845
1995-04-24,60.085
1995-04-25,69.2865
1995-04-26,83.52842
1995-04-27,80.6315
1995-04-28,72.653496
1995-04-29,69.3515
1995-04-30,58.0195
1995-05-01,62.274498
1995-05-02,61.121
1995-05-03,64.204
1995-05-04,66.448
1995-05-05,69.5615
1995-05-06,70.873
1995-05-07,53.7225
1995-05-08,50.074497
1995-05-09,58.743
1995-05-10,65.24
1995-05-11,74.333
1995-05-12,75.8035
1995-05-13,58.276
1995-05-14,78.618
1995-05-15,68.59
1995-05-16,55.212997
1995-05-17,52.622997
1995-05-18,75.5455
1995-05-19,80.8415
1995-05-20,91.031425
1995-05-21,92.10384
1995-05-22,87.5035
1995-05-23,79.694
1995-05-24,78.3305
1995-05-25,66.461
1995-05-26,57.089
1995-05-27,58.802
1995-05-28,66.3235
1995-05-29,60.2105
1995-05-30,62.457
1995-05-31,55.9645
1995-06-01,71.5175
1995-06-02,75.1595
1995-06-03,83.444496
1995-06-04,74.0725
1995-06-05,62.161
1995-06-06,58.268997
1995-06-07,75.9915
1995-06-08,76.072495
1995-06-09,71.7735
1995-06-10,72.2805
1995-06-11,61.595497
1995-06-12,70.264
1995-06-13,70.798
1995-06-14,78.599
1995-06-15,73.9415
1995-06-16,75.28
1995-06-17,73.5955
1995-06-18,66.6805
1995-06-19,70.556
1995-06-20,67.1075
1995-06-21,62.240498
1995-06-22,76.778496
1995-06-23,70.973
1995-06-24,72.806496
1995-06-25,85.7145
1995-06-26,86.069496
1995-06-27,87.9705
1995-06-28,75.687
1995-06-29,63.418
1995-06-30,63.872498
1995-07-01,60.182
1995-07-02,64.888
1995-07-03,59.929
1995-07-04,73.545
1995-07-05,64.322
1995-07-06,63.8145
1995-07-07,71.477
1995-07-08,63.6755
1995-07-09,66.846
1995-07-10,63.025497
1995-07-11,62.12
1995-07-12,61.237
1995-07-13,59.683
1995-07-14,63.830997
1995-07-15,72.411
1995-07-16,78.575
1995-07-17,67.062
1995-07-18,62.920998
1995-07-19,71.121
1995-07-20,62.481
1995-07-21,61.1375
1995-07-22,51.98
1995-07-23,62.54
1995-07-24,66.951
1995-07-25,63.1965
1995-07-26,57.0055
1995-07-27,52.041
1995-07-28,51.291
1995-07-29,53.9645
1995-07-30,63.678
1995-07-31,64.404
1995-08-01,67.009
1995-08-02,75.145
1995-08-03,76.97
1995-08-04,62.736
1995-08-05,65.665
1995-08-06,63.403
1995-08-07,52.82
1995-08-08,66.2885
1995-08-09,61.143997
1995-08-10,68.3385
1995-08-11,55.158
1995-08-12,50.080997
1995-08-13,49.6315
1995-08-14,49.260998
1995-08-15,68.0955
1995-08-16,81.6105
1995-08-17,70.0965
1995-08-18,61.782497
1995-08-19,57.386497
1995-08-20,65.528
1995-08-21,71.4945
1995-08-22,67.414
1995-08-23,66.159
1995-08-24,60.8505
1995-08-25,62.440998
1995-08-26,84.144
1995-08-27,65.5515
1995-08-28,68.148
1995-08-29,79.87
1995-08-30,72.758
1995-08-31,72.3995
1995-09-01,70.353
1995-09-02,78.2575
1995-09-03,64.231995
1995-09-04,84.611
1995-09-05,73.7865
1995-09-06,80.9415
1995-09-07,70.4295
1995-09-08,67.9335
1995-09-09,83.0705
1995-09-10,73.529
1995-09-11,73.000496
1995-09-12,72.6705
1995-09-13,66.091995
1995-09-14,66.334
1995-09-15,78.1555
1995-09-16,77.877495
1995-09-17,80.869
1995-09-18,84.764
1995-09-19,76.0025
1995-09-20,85.0425
1995-09-21,80.5465
1995-09-22,82.576996
1995-09-23,80.8305
1995-09-24,81.0615
1995-09-25,74.3315
1995-09-26,77.0885
1995-09-27,70.7395
1995-09-28,70.6905
1995-09-29,85.009
1995-09-30,72.1755
1995-10-01,75.4405
1995-10-02,77.978
1995-10-03,75.438995
1995-10-04,65.3535
1995-10-05,70.742
1995-10-06,69.9905
1995-10-07,74.6525
1995-10-08,78.2465
1995-10-09,85.8985
1995-10-10,82.8835
1995-10-11,74.6105
1995-10-12,70.392
1995-10-13,73.0525
1995-10-14,76.2965
1995-10-15,80.4685
1995-10-16,80.34
1995-10-17,74.519
1995-10-18,72.851
1995-10-19,74.147995
1995-10-20,72.0285
1995-10-21,68.488
1995-10-22,75.7985
1995-10-23,65.9905
1995-10-24,60.0075
1995-10-25,61.9255
1995-10-26,71.142
1995-10-27,70.653
1995-10-28,72.9705
1995-10-29,80.7455
1995-10-30,81.941
1995-10-31,83.7185
1995-11-01,84.0205
1995-11-02,85.13
1995-11-03,83.27
1995-11-04,88.51316
1995-11-05,85.995
1995-11-06,88.95294
1995-11-07,84.95765
1995-11-08,75.160995
1995-11-09,76.988
1995-11-10,80.31
1995-11-11,78.3135
1995-11-12,79.87526
1995-11-13,79.771996
1995-11-14,84.004
1995-11-15,88.422104
1995-11-16,79.546
1995-11-17,77.587
1995-11-18,77.3865
1995-11-19,74.695
1995-11-20,84.8095
1995-11-21,82.762
1995-11-22,81.5555
1995-11-23,87.29421
1995-11-24,82.006996
1995-11-25,79.748
1995-11-26,65.375
1995-11-27,63.650497
1995-11-28,78.026
1995-11-29,91.51813
1995-11-30,87.6755
1995-12-01,89.7925
1995-12-02,91.09625
1995-12-03,90.82889
1995-12-04,90.401764
1995-12-05,87.5705
1995-12-06,86.092
1995-12-07,81.9755
1995-12-08,84.451
1995-12-09,85.35684
1995-12-10,89.71222
1995-12-11,90.85812
1995-12-12,89.4335
1995-12-13,87.94526
1995-12-14,88.50389
1995-12-15,90.505264
1995-12-16,91.0925
1995-12-17,83.3995
1995-12-18,87.203156
1995-12-19,92.20438
1995-12-20,88.331665
1995-12-21,80.9455
1995-12-22,79.1145
1995-12-23,81.888336
1995-12-24,81.75722
1995-12-25,88.656845
1995-12-26,88.6975
1995-12-27,87.270004
1995-12-28,81.6695
1995-12-29,85.0025
1995-12-30,81.2075
1995-12-31,84.167496
1996-01-01,89.23526
1996-01-02,91.330765
1996-01-03,87.80421
1996-01-04,88.5175
1996-01-05,87.337
1996-01-06,86.1225
1996-01-07,81.795
1996-01-08,88.70765
1996-01-09,86.10222
1996-01-10,83.708
1996-01-11,82.9095
1996-01-12,77.4135
1996-01-13,79.2415
1996-01-14,89.17647
1996-01-15,83.0505
1996-01-16,86.2555
1996-01-17,84.722
1996-01-18,82.10105
1996-01-19,85.72789
1996-01-20,81.695
1996-01-21,83.3555
1996-01-22,81.429
1996-01-23,75.372
1996-01-24,78.3745
1996-01-25,82.111
1996-01-26,86.441
1996-01-27,89.212944
1996-01-28,87.853
1996-01-29,88.50158
1996-01-30,84.0755
1996-01-31,78.909
1996-02-01,79.3415
1996-02-02,74.381
1996-02-03,79.375
1996-02-04,83.5715
1996-02-05,88.42895
1996-02-06,76.6
1996-02-07,74.887
1996-02-08,79.548996
1996-02-09,82.9935
1996-02-10,81.556496
1996-02-11,79.9195
1996-02-12,81.155
1996-02-13,81.0305
1996-02-14,89.22385
1996-02-15,85.558
1996-02-16,80.9515
1996-02-17,80.6685
1996-02-18,82.3595
1996-02-19,66.85
1996-02-20,80.319496
1996-02-21,86.4
1996-02-22,85.2255
1996-02-23,84.4535
1996-02-24,82.1515
1996-02-25,77.5305
1996-02-26,77.0275
1996-02-27,73.3745
1996-02-28,78.8575
1996-02-29,74.660995
1996-03-01,81.3565
1996-03-02,79.894
1996-03-03,74.485
1996-03-04,81.065
1996-03-05,73.2595
1996-03-06,76.7765
1996-03-07,71.479
1996-03-08,68.8165
1996-03-09,63.4095
1996-03-10,73.2725
1996-03-11,67.266495
1996-03-12,73.521996
1996-03-13,74.8865
1996-03-14,74.61
1996-03-15,74.476
1996-03-16,70.239
1996-03-17,79.985
1996-03-18,68.948
1996-03-19,64.7205
1996-03-20,77.187996
1996-03-21,71.3245
1996-03-22,69.7135
1996-03-23,67.198
1996-03-24,69.393
1996-03-25,81.39667
1996-03-26,69.4435
1996-03-27,82.242
1996-03-28,81.141
1996-03-29,78.437996
1996-03-30,69.2525
1996-03-31,80.806496
1996-04-01,58.6475
1996-04-02,65.462
1996-04-03,78.591
1996-04-04,74.5875
1996-04-05,74.416
1996-04-06,63.170498
1996-04-07,56.0995
1996-04-08,52.4995
1996-04-09,59.134
1996-04-10,62.755997
1996-04-11,52.434
1996-04-12,68.0585
1996-04-13,78.08
1996-04-14,76.8655
1996-04-15,78.3435
1996-04-16,88.6115
1996-04-17,70.5035
1996-04-18,61.561497
1996-04-19,56.09
1996-04-20,55.1585
1996-04-21,52.2775
1996-04-22,49.54
1996-04-23,38.053497
1996-04-24,37.818996
1996-04-25,54.8825
1996-04-26,71.9485
1996-04-27,60.741
1996-04-28,56.539497
1996-04-29,60.035
1996-04-30,64.4355
1996-05-01,63.6135
1996-05-02,65.598495
1996-05-03,57.635998
1996-05-04,59.901497
1996-05-05,62.778
1996-05-06,67.937
1996-05-07,74.5725
1996-05-08,71.496
1996-05-09,63.225998
1996-05-10,72.410995
1996-05-11,75.358
1996-05-12,72.441
1996-05-13,78.011
1996-05-14,83.638
1996-05-15,78.9925
1996-05-16,81.23684
1996-05-17,72.1485
1996-05-18,61.343
1996-05-19,42.7185
1996-05-20,54.2155
1996-05-21,63.872997
1996-05-22,67.18
1996-05-23,62.435497
1996-05-24,57.555
1996-05-25,56.751
1996-05-26,64.411995
1996-05-27,64.712
1996-05-28,84.961
1996-05-29,89.8645
1996-05-30,79.0115
1996-05-31,68.044
1996-06-01,72.38
1996-06-02,60.003998
1996-06-03,58.048
1996-06-04,77.8425
1996-06-05,69.134
1996-06-06,66.7395
1996-06-07,65.9095
1996-06-08,63.378
1996-06-09,57.7315
1996-06-10,57.107
1996-06-11,59.0975
1996-06-12,66.147
1996-06-13,78.5155
1996-06-14,60.822998
1996-06-15,66.501
1996-06-16,70.034
1996-06-17,67.4205
1996-06-18,51.268497
1996-06-19,66.506996
1996-06-20,67.409996
1996-06-21,62.501
1996-06-22,67.6435
1996-06-23,75.207
1996-06-24,75.457
1996-06-25,70.4845
1996-06-26,81.012
1996-06-27,73.318
1996-06-28,81.2295
1996-06-29,62.949
1996-06-30,73.5795
1996-07-01,64.0185
1996-07-02,64.472
1996-07-03,78.6765
1996-07-04,73.665
1996-07-05,66.791
1996-07-06,65.889496
1996-07-07,72.394
1996-07-08,51.330997
1996-07-09,61.0275
1996-07-10,56.2215
1996-07-11,74.8575
1996-07-12,64.047
1996-07-13,64.108
1996-07-14,57.027
1996-07-15,65.621
1996-07-16,59.674
1996-07-17,65.993996
1996-07-18,68.455
1996-07-19,72.429
1996-07-20,76.1225
1996-07-21,64.9635
1996-07-22,66.0445
1996-07-23,60.9685
1996-07-24,59.6255
1996-07-25,75.1165
1996-07-26,84.981
1996-07-27,60.812
1996-07-28,58.8065
1996-07-29,62.128998
1996-07-30,66.9175
1996-07-31,78.867
1996-08-01,68.548996
1996-08-02,59.9455
1996-08-03,69.6185
1996-08-04,84.1385
1996-08-05,84.1495
1996-08-06,74.147
1996-08-07,65.1325
1996-08-08,71.556
1996-08-09,71.916504
1996-08-10,61.344997
1996-08-11,50.5285
1996-08-12,52.221497
1996-08-13,64.973
1996-08-14,72.067
1996-08-15,72.054
1996-08-16,80.7675
1996-08-17,75.5025
1996-08-18,72.892
1996-08-19,68.991
1996-08-20,68.602
1996-08-21,65.708496
1996-08-22,63.493
1996-08-23,77.696495
1996-08-24,76.7635
1996-08-25,66.8425
1996-08-26,74.304
1996-08-27,72.652
1996-08-28,63.8125
1996-08-29,67.2745
1996-08-30,74.335
1996-08-31,83.811
1996-09-01,83.6555
1996-09-02,72.9295
1996-09-03,65.5965
1996-09-04,71.076
1996-09-05,79.79
1996-09-06,81.048996
1996-09-07,81.379
1996-09-08,86.916
1996-09-09,73.7275
1996-09-10,77.4205
1996-09-11,66.802
1996-09-12,80.52
1996-09-13,87.935265
1996-09-14,81.3625
1996-09-15,72.5195
1996-09-16,77.327995
1996-09-17,79.712
1996-09-18,72.749
1996-09-19,75.5495
1996-09-20,81.6155
1996-09-21,81.7385
1996-09-22,81.1225
1996-09-23,83.446
1996-09-24,84.1465
1996-09-25,79.925
1996-09-26,87.47579
1996-09-27,88.322
1996-09-28,84.206
1996-09-29,76.8045
1996-09-30,70.5935
1996-10-01,59.922997
1996-10-02,60.475998
1996-10-03,83.3435
1996-10-04,78.096
1996-10-05,74.95
1996-10-06,69.1625
1996-10-07,76.642
1996-10-08,73.8555
1996-10-09,76.6985
1996-10-10,81.026
1996-10-11,77.4205
1996-10-12,76.6065
1996-10-13,67.4015
1996-10-14,69.342
1996-10-15,54.5495
1996-10-16,59.2035
1996-10-17,71.083
1996-10-18,82.2805
1996-10-19,78.3605
1996-10-20,81.96
1996-10-21,80.5065
1996-10-22,80.4385
1996-10-23,85.47
1996-10-24,80.3095
1996-10-25,82.4475
1996-10-26,82.929
1996-10-27,80.097
1996-10-28,84.61474
1996-10-29,74.4205
1996-10-30,62.400497
1996-10-31,73.722
1996-11-01,81.542
1996-11-02,77.6045
1996-11-03,82.5075
1996-11-04,81.149
1996-11-05,70.6685
1996-11-06,64.798996
1996-11-07,67.359
1996-11-08,77.889
1996-11-09,73.259
1996-11-10,64.3315
1996-11-11,62.6745
1996-11-12,66.5865
1996-11-13,69.2915
1996-11-14,81.8305
1996-11-15,85.46684
1996-11-16,71.285995
1996-11-17,80.099495
1996-11-18,69.618
1996-11-19,75.0345
1996-11-20,67.3485
1996-11-21,80.1485
1996-11-22,83.462
1996-11-23,87.704704
1996-11-24,89.51625
1996-11-25,86.5825
1996-11-26,83.6505
1996-11-27,89.03
1996-11-28,87.0335
1996-11-29,89.37556
1996-11-30,91.20737
1996-12-01,90.87
1996-12-02,90.05944
1996-12-03,89.24
1996-12-04,88.13062
1996-12-05,91.08182
1996-12-06,92.27824
1996-12-07,91.27546
1996-12-08,92.4125
1996-12-09,90.765
1996-12-10,88.329445
1996-12-11,90.178825
1996-12-12,87.6025
1996-12-13,85.3405
1996-12-14,89.397644
1996-12-15,79.0785
1996-12-16,78.622
1996-12-17,83.2
1996-12-18,87.62368
1996-12-19,87.28125
1996-12-20,86.55333
1996-12-21,84.609474
1996-12-22,81.95889
1996-12-23,87.662224
1996-12-24,86.6385
1996-12-25,84.342
1996-12-26,81.6845
1996-12-27,77.608
1996-12-28,78.999
1996-12-29,78.8585
1996-12-30,84.2775
1996-12-31,86.847
1997-01-01,88.5415
1997-01-02,86.49
1997-01-03,87.413155
1997-01-04,87.686844
1997-01-05,90.39562
1997-01-06,87.2655
1997-01-07,85.1055
1997-01-08,89.801
1997-01-09,86.444
1997-01-10,88.3045
1997-01-11,92.288826
1997-01-12,91.32357
1997-01-13,88.6
1997-01-14,89.969
1997-01-15,92.033844
1997-01-16,90.75533
1997-01-17,90.505714
1997-01-18,89.891335
1997-01-19,88.534
1997-01-20,89.87053
1997-01-21,93.664
1997-01-22,89.80111
1997-01-23,87.57611
1997-01-24,90.10333
1997-01-25,82.4525
1997-01-26,85.0855
1997-01-27,82.8635
1997-01-28,82.7435
1997-01-29,83.1035
1997-01-30,82.499
1997-01-31,83.5275
1997-02-01,78.3835
1997-02-02,82.3045
1997-02-03,76.006
1997-02-04,75.269
1997-02-05,79.3035
1997-02-06,86.7575
1997-02-07,84.2765
1997-02-08,86.415
1997-02-09,86.007
1997-02-10,82.7475
1997-02-11,81.06895
1997-02-12,78.253
1997-02-13,77.973495
1997-02-14,84.245
1997-02-15,75.078
1997-02-16,86.569
1997-02-17,76.378
1997-02-18,76.389496
1997-02-19,91.50158
1997-02-20,89.268
1997-02-21,80.238
1997-02-22,75.821
1997-02-23,79.136
1997-02-24,71.287
1997-02-25,76.625
1997-02-26,71.8325
1997-02-27,80.691
1997-02-28,78.024
1997-03-01,69.8185
1997-03-02,65.4095
1997-03-03,61.630997
1997-03-04,61.874
1997-03-05,62.0155
1997-03-06,56.6695
1997-03-07,56.721
1997-03-08,55.271
1997-03-09,67.6855
1997-03-10,66.115
1997-03-11,60.509
1997-03-12,61.792
1997-03-13,53.0655
1997-03-14,60.414497
1997-03-15,66.181
1997-03-16,65.067
1997-03-17,79.362
1997-03-18,64.651
1997-03-19,75.432
1997-03-20,80.8395
1997-03-21,65.836
1997-03-22,73.0375
1997-03-23,76.3595
1997-03-24,52.233498
1997-03-25,61.698498
1997-03-26,64.5535
1997-03-27,66.119995
1997-03-28,57.4655
1997-03-29,64.764
1997-03-30,70.486496
1997-03-31,66.258995
1997-04-01,72.2075
1997-04-02,77.539
1997-04-03,69.1275
1997-04-04,62.5635
1997-04-05,63.142
1997-04-06,77.1735
1997-04-07,66.79
1997-04-08,65.8855
1997-04-09,55.4735
1997-04-10,44.8435
1997-04-11,38.286495
1997-04-12,63.1295
1997-04-13,61.979
1997-04-14,49.810497
1997-04-15,64.3955
1997-04-16,65.6155
1997-04-17,74.125
1997-04-18,59.301
1997-04-19,61.197998
1997-04-20,54.2865
1997-04-21,75.613
1997-04-22,87.0455
1997-04-23,74.174995
1997-04-24,62.610497
1997-04-25,56.2575
1997-04-26,69.6805
1997-04-27,60.248497
1997-04-28,44.3405
1997-04-29,46.251
1997-04-30,65.3375
1997-05-01,79.529495
1997-05-02,70.007996
1997-05-03,58.691998
1997-05-04,59.605
1997-05-05,40.336
1997-05-06,44.7155
1997-05-07,51.134
1997-05-08,73.1885
1997-05-09,70.8695
1997-05-10,59.8355
1997-05-11,58.397
1997-05-12,50.0445
1997-05-13,45.559
1997-05-14,59.147
1997-05-15,54.0415
1997-05-16,54.0375
1997-05-17,63.414997
1997-05-18,59.626
1997-05-19,62.481
1997-05-20,61.7445
1997-05-21,69.3885
1997-05-22,76.002495
1997-05-23,74.6165
1997-05-24,66.848
1997-05-25,73.802
1997-05-26,70.9985
1997-05-27,71.4685
1997-05-28,82.929
1997-05-29,85.844
1997-05-30,85.124504
1997-05-31,82.849
1997-06-01,76.0215
1997-06-02,71.716995
1997-06-03,80.223495
1997-06-04,72.908
1997-06-05,63.5025
1997-06-06,74.5805
1997-06-07,84.726
1997-06-08,76.131996
1997-06-09,72.8095
1997-06-10,67.8635
1997-06-11,64.4765
1997-06-12,64.518
1997-06-13,61.6905
1997-06-14,70.756996
1997-06-15,77.250496
1997-06-16,63.466
1997-06-17,79.2465
1997-06-18,76.111
1997-06-19,69.918
1997-06-20,84.645996
1997-06-21,71.655
1997-06-22,60.767498
1997-06-23,76.0955
1997-06-24,67.624
1997-06-25,73.8695
1997-06-26,63.060997
1997-06-27,59.5555
1997-06-28,59.3325
1997-06-29,57.495
1997-06-30,63.447
1997-07-01,67.2345
1997-07-02,64.278
1997-07-03,57.713497
1997-07-04,62.3845
1997-07-05,72.1165
1997-07-06,76.236496
1997-07-07,84.7945
1997-07-08,89.87688
1997-07-09,88.508
1997-07-10,64.541
1997-07-11,67.5925
1997-07-12,81.1305
1997-07-13,77.859
1997-07-14,72.701996
1997-07-15,79.0465
1997-07-16,72.4995
1997-07-17,67.155
1997-07-18,76.406
1997-07-19,85.4895
1997-07-20,76.908
1997-07-21,80.039
1997-07-22,77.934
1997-07-23,73.551
1997-07-24,70.337
1997-07-25,77.264
1997-07-26,86.7855
1997-07-27,84.296
1997-07-28,74.235
1997-07-29,70.083
1997-07-30,77.9345
1997-07-31,68.9025
1997-08-01,78.5625
1997-08-02,86.096
1997-08-03,83.733
1997-08-04,78.681
1997-08-05,66.694
1997-08-06,63.3965
1997-08-07,71.761
1997-08-08,70.003
1997-08-09,70.9695
1997-08-10,75.3785
1997-08-11,66.454
1997-08-12,63.607998
1997-08-13,64.5375
1997-08-14,58.987
1997-08-15,62.7765
1997-08-16,66.96
1997-08-17,64.518
1997-08-18,54.934
1997-08-19,58.367
1997-08-20,61.034
1997-08-21,59.584
1997-08-22,63.9795
1997-08-23,63.838497
1997-08-24,68.171
1997-08-25,71.8585
1997-08-26,70.1765
1997-08-27,70.911
1997-08-28,66.4205
1997-08-29,79.553
1997-08-30,81.513
1997-08-31,86.0205
1997-09-01,81.284
1997-09-02,75.7705
1997-09-03,71.6145
1997-09-04,75.6785
1997-09-05,75.81
1997-09-06,62.413
1997-09-07,78.227
1997-09-08,69.8525
1997-09-09,60.407997
1997-09-10,57.2585
1997-09-11,65.263
1997-09-12,62.9515
1997-09-13,51.4605
1997-09-14,77.441
1997-09-15,79.426
1997-09-16,77.582
1997-09-17,66.722
1997-09-18,67.1085
1997-09-19,68.9
1997-09-20,69.272
1997-09-21,65.573
1997-09-22,67.1045
1997-09-23,64.368
1997-09-24,66.2855
1997-09-25,72.350494
1997-09-26,70.3745
1997-09-27,70.5365
1997-09-28,69.181
1997-09-29,67.301
1997-09-30,70.4435
1997-10-01,72.4845
1997-10-02,77.8235
1997-10-03,75.0895
1997-10-04,69.06
1997-10-05,65.8855
1997-10-06,75.448494
1997-10-07,60.655
1997-10-08,68.645
1997-10-09,72.295
1997-10-10,62.028
1997-10-11,70.006996
1997-10-12,78.647
1997-10-13,73.715
1997-10-14,80.3475
1997-10-15,81.49
1997-10-16,76.2595
1997-10-17,75.4215
1997-10-18,69.4505
1997-10-19,63.7805
1997-10-20,63.951
1997-10-21,62.68
1997-10-22,68.9565
1997-10-23,71.9525
1997-10-24,72.910995
1997-10-25,62.787
1997-10-26,64.4995
1997-10-27,76.169
1997-10-28,81.403
1997-10-29,75.3685
1997-10-30,70.2755
1997-10-31,75.758995
1997-11-01,86.123
1997-11-02,79.81
1997-11-03,80.533
1997-11-04,77.4025
1997-11-05,60.768497
1997-11-06,58.6345
1997-11-07,57.533497
1997-11-08,62.2485
1997-11-09,69.615
1997-11-10,81.154
1997-11-11,85.284996
1997-11-12,72.9125
1997-11-13,77.2345
1997-11-14,86.45526
1997-11-15,85.588
1997-11-16,83.3725
1997-11-17,87.73579
1997-11-18,84.926
1997-11-19,86.33579
1997-11-20,86.5465
1997-11-21,89.03934
1997-11-22,88.48
1997-11-23,85.362495
1997-11-24,90.273125
1997-11-25,89.03555
1997-11-26,87.7115
1997-11-27,89.95937
1997-11-28,90.74941
1997-11-29,88.070526
1997-11-30,82.917366
1997-12-01,90.15111
1997-12-02,91.45
1997-12-03,91.528
1997-12-04,87.178
1997-12-05,84.34684
1997-12-06,86.321
1997-12-07,87.2655
1997-12-08,85.5675
1997-12-09,84.11579
1997-12-10,83.811
1997-12-11,83.5715
1997-12-12,84.439
1997-12-13,89.608665
1997-12-14,84.2745
1997-12-15,84.0045
1997-12-16,72.437
1997-12-17,62.7175
1997-12-18,63.622498
1997-12-19,67.868
1997-12-20,81.076996
1997-12-21,89.711
1997-12-22,93.064
1997-12-23,91.63941
1997-12-24,88.231766
1997-12-25,85.24263
1997-12-26,79.3425
1997-12-27,80.8535
1997-12-28,91.479996
1997-12-29,89.60895
1997-12-30,82.9085
1997-12-31,78.775
1998-01-01,82.8525
1998-01-02,79.86
1998-01-03,82.4975
1998-01-04,84.409
1998-01-05,78.6365
1998-01-06,79.831
1998-01-07,73.886
1998-01-08,75.4425
1998-01-09,83.845
1998-01-10,86.825
1998-01-11,86.11471
1998-01-12,83.524
1998-01-13,77.9505
1998-01-14,78.7855
1998-01-15,83.4005
1998-01-16,89.12526
1998-01-17,88.33444
1998-01-18,81.28
1998-01-19,82.0055
1998-01-20,88.74647
1998-01-21,90.48286
1998-01-22,87.71445
1998-01-23,78.861
1998-01-24,76.1685
1998-01-25,83.815
1998-01-26,79.3115
1998-01-27,84.03333
1998-01-28,85.350525
1998-01-29,87.31778
1998-01-30,75.9275
1998-01-31,72.905495
1998-02-01,69.766495
1998-02-02,69.960495
1998-02-03,69.286
1998-02-04,78.6735
1998-02-05,74.8295
1998-02-06,75.489
1998-02-07,74.386
1998-02-08,75.9245
1998-02-09,71.750496
1998-02-10,72.7955
1998-02-11,69.537
1998-02-12,67.14
1998-02-13,76.422
1998-02-14,85.673996
1998-02-15,80.0645
1998-02-16,76.7965
1998-02-17,61.3625
1998-02-18,62.987
1998-02-19,62.187
1998-02-20,71.7675
1998-02-21,63.677998
1998-02-22,55.4405
1998-02-23,63.6745
1998-02-24,69.488
1998-02-25,73.5645
1998-02-26,68.629
1998-02-27,57.487
1998-02-28,54.667
1998-03-01,59.163
1998-03-02,62.2185
1998-03-03,63.3565
1998-03-04,51.859497
1998-03-05,53.513
1998-03-06,59.291
1998-03-07,62.6445
1998-03-08,63.135
1998-03-09,79.411995
1998-03-10,61.684498
1998-03-11,66.9945
1998-03-12,50.454
1998-03-13,57.5445
1998-03-14,56.3535
1998-03-15,56.137997
1998-03-16,52.305496
1998-03-17,54.824497
1998-03-18,57.6135
1998-03-19,68.943
1998-03-20,66.3685
1998-03-21,66.8535
1998-03-22,68.9925
1998-03-23,55.45
1998-03-24,56.4535
1998-03-25,57.8295
1998-03-26,64.654495
1998-03-27,58.298
1998-03-28,62.1
1998-03-29,63.7515
1998-03-30,58.5985
1998-03-31,51.753998
1998-04-01,47.695
1998-04-02,53.4965
1998-04-03,56.6255
1998-04-04,45.669
1998-04-05,58.2365
1998-04-06,70.382
1998-04-07,58.073997
1998-04-08,50.415497
1998-04-09,70.8705
1998-04-10,69.9965
1998-04-11,65.752495
1998-04-12,57.6645
1998-04-13,67.1585
1998-04-14,74.7255
1998-04-15,59.452
1998-04-16,58.949997
1998-04-17,67.8775
1998-04-18,77.514496
1998-04-19,82.28579
1998-04-20,84.336
1998-04-21,85.942
1998-04-22,85.101
1998-04-23,69.6955
1998-04-24,63.657497
1998-04-25,71.609
1998-04-26,67.5665
1998-04-27,50.915497
1998-04-28,55.3065
1998-04-29,64.6105
1998-04-30,72.772
1998-05-01,72.8
1998-05-02,78.5495
1998-05-03,79.1035
1998-05-04,78.9775
1998-05-05,76.036995
1998-05-06,64.946
1998-05-07,61.0915
1998-05-08,62.189
1998-05-09,58.379498
1998-05-10,62.493
1998-05-11,63.0885
1998-05-12,60.4495
1998-05-13,61.479
1998-05-14,60.702
1998-05-15,71.209496
1998-05-16,77.696495
1998-05-17,79.865
1998-05-18,78.7635
1998-05-19,85.09789
1998-05-20,81.591
1998-05-21,72.2315
1998-05-22,72.453995
1998-05-23,73.5075
1998-05-24,54.1315
1998-05-25,70.4995
1998-05-26,77.6365
1998-05-27,63.316998
1998-05-28,59.557
1998-05-29,55.8535
1998-05-30,61.747997
1998-05-31,64.2725
1998-06-01,64.1605
1998-06-02,70.403
1998-06-03,69.351
1998-06-04,71.625496
1998-06-05,66.743
1998-06-06,62.567
1998-06-07,63.653
1998-06-08,59.648
1998-06-09,82.384
1998-06-10,77.1585
1998-06-11,58.2175
1998-06-12,64.9815
1998-06-13,78.4775
1998-06-14,88.929474
1998-06-15,68.945
1998-06-16,67.882996
1998-06-17,74.1655
1998-06-18,78.2885
1998-06-19,67.626
1998-06-20,70.1995
1998-06-21,69.8545
1998-06-22,64.594
1998-06-23,63.7765
1998-06-24,75.0045
1998-06-25,75.4695
1998-06-26,67.703
1998-06-27,71.3055
1998-06-28,66.0535
1998-06-29,64.293
1998-06-30,69.278
1998-07-01,68.2115
1998-07-02,68.936
1998-07-03,62.5885
1998-07-04,81.2825
1998-07-05,79.147995
1998-07-06,74.167
1998-07-07,73.345
1998-07-08,86.203156
1998-07-09,86.495
1998-07-10,81.500496
1998-07-11,61.0495
1998-07-12,66.742
1998-07-13,65.5585
1998-07-14,72.061
1998-07-15,76.845
1998-07-16,78.2255
1998-07-17,71.552
1998-07-18,69.702995
1998-07-19,65.538
1998-07-20,63.9175
1998-07-21,64.195
1998-07-22,59.988
1998-07-23,56.895
1998-07-24,66.9495
1998-07-25,67.514496
1998-07-26,78.272
1998-07-27,71.921
1998-07-28,69.8545
1998-07-29,80.856
1998-07-30,68.1515
1998-07-31,67.8285
1998-08-01,80.805
1998-08-02,61.758
1998-08-03,50.912
1998-08-04,70.759
1998-08-05,72.722
1998-08-06,61.184
1998-08-07,62.154
1998-08-08,66.2985
1998-08-09,58.7045
1998-08-10,58.138
1998-08-11,56.494
1998-08-12,64.403
1998-08-13,60.0115
1998-08-14,61.107998
1998-08-15,57.8425
1998-08-16,60.860497
1998-08-17,71.562
1998-08-18,65.354996
1998-08-19,69.676
1998-08-20,72.2625
1998-08-21,78.8645
1998-08-22,79.8355
1998-08-23,78.852
1998-08-24,58.5555
1998-08-25,68.520996
1998-08-26,61.5785
1998-08-27,63.9115
1998-08-28,77.5535
1998-08-29,79.5645
1998-08-30,77.203
1998-08-31,75.7815
1998-09-01,73.7535
1998-09-02,70.136
1998-09-03,69.8805
1998-09-04,80.879
1998-09-05,69.819
1998-09-06,85.35474
1998-09-07,82.7125
1998-09-08,71.951
1998-09-09,74.9985
1998-09-10,73.457
1998-09-11,61.628498
1998-09-12,52.962997
1998-09-13,76.732
1998-09-14,79.8355
1998-09-15,73.443
1998-09-16,72.945
1998-09-17,79.36
1998-09-18,83.182495
1998-09-19,86.4555
1998-09-20,88.952
1998-09-21,82.139
1998-09-22,83.18
1998-09-23,81.410995
1998-09-24,79.4515
1998-09-25,76.7605
1998-09-26,72.347
1998-09-27,78.6035
1998-09-28,86.2485
1998-09-29,86.984
1998-09-30,84.7905
1998-10-01,84.0925
1998-10-02,88.66684
1998-10-03,90.35667
1998-10-04,89.296875
1998-10-05,85.387
1998-10-06,84.7515
1998-10-07,83.6995
1998-10-08,81.8365
1998-10-09,78.831
1998-10-10,80.951
1998-10-11,69.13
1998-10-12,76.76
1998-10-13,79.057
1998-10-14,71.533
1998-10-15,82.1455
1998-10-16,81.5675
1998-10-17,69.959
1998-10-18,75.0605
1998-10-19,78.3565
1998-10-20,84.017365
1998-10-21,73.6
1998-10-22,71.5675
1998-10-23,74.183
1998-10-24,68.0235
1998-10-25,80.7165
1998-10-26,82.5765
1998-10-27,80.819496
1998-10-28,66.29
1998-10-29,71.222
1998-10-30,65.0785
1998-10-31,76.084
1998-11-01,74.908
1998-11-02,77.1795
1998-11-03,73.8675
1998-11-04,75.595
1998-11-05,80.862
1998-11-06,71.8805
1998-11-07,76.331
1998-11-08,81.854
1998-11-09,84.1
1998-11-10,85.4315
1998-11-11,89.866
1998-11-12,88.698944
1998-11-13,90.58
1998-11-14,83.134
1998-11-15,89.524734
1998-11-16,78.167496
1998-11-17,81.8825
1998-11-18,77.956
1998-11-19,77.181496
1998-11-20,84.68
1998-11-21,83.72263
1998-11-22,80.645996
1998-11-23,82.792
1998-11-24,85.285
1998-11-25,87.05684
1998-11-26,90.456665
1998-11-27,88.47211
1998-11-28,87.93111
1998-11-29,85.858
1998-11-30,78.94
1998-12-01,82.403
1998-12-02,81.657
1998-12-03,83.0595
1998-12-04,82.699
1998-12-05,89.38722
1998-12-06,84.886314
1998-12-07,81.73369
1998-12-08,83.33158
1998-12-09,87.204
1998-12-10,85.078
1998-12-11,80.5485
1998-12-12,77.6655
1998-12-13,87.0235
1998-12-14,84.49333
1998-12-15,89.418335
1998-12-16,90.5153
1998-12-17,87.01077
1998-12-18,89.20857
1998-12-19,88.69813
1998-12-20,87.05211
1998-12-21,87.8735
1998-12-22,88.945
1998-12-23,87.2215
1998-12-24,82.3025
1998-12-25,81.9385
1998-12-26,82.567
1998-12-27,84.1585
1998-12-28,78.06
1998-12-29,83.42
1998-12-30,83.99687
1998-12-31,84.63944
1999-01-01,83.3655
1999-01-02,82.74895
1999-01-03,83.107
1999-01-04,92.22437
1999-01-05,92.869995
1999-01-06,89.545715
1999-01-07,89.29833
1999-01-08,89.781
1999-01-09,88.91
1999-01-10,88.682106
1999-01-11,85.4485
1999-01-12,86.8455
1999-01-13,84.35
1999-01-14,82.7845
1999-01-15,86.534
1999-01-16,83.0065
1999-01-17,81.3525
1999-01-18,79.5265
1999-01-19,87.96445
1999-01-20,91.501335
1999-01-21,90.90667
1999-01-22,90.62471
1999-01-23,93.208336
1999-01-24,91.8425
1999-01-25,90.82286
1999-01-26,90.355
1999-01-27,90.72786
1999-01-28,91.26133
1999-01-29,85.3735
1999-01-30,81.545
1999-01-31,74.6165
1999-02-01,82.644
1999-02-02,87.2265
1999-02-03,88.12
1999-02-04,86.53842
1999-02-05,74.61
1999-02-06,80.6905
1999-02-07,77.503
1999-02-08,82.4215
1999-02-09,70.22
1999-02-10,80.875
1999-02-11,87.58474
1999-02-12,88.273155
1999-02-13,89.694
1999-02-14,88.48473
1999-02-15,82.9515
1999-02-16,75.9985
1999-02-17,77.857
1999-02-18,76.3805
1999-02-19,79.7325
1999-02-20,80.96
1999-02-21,82.5055
1999-02-22,79.3725
1999-02-23,78.4015
1999-02-24,73.944
1999-02-25,78.089
1999-02-26,68.3075
1999-02-27,68.409
1999-02-28,67.083
1999-03-01,65.648
1999-03-02,68.5175
1999-03-03,57.127
1999-03-04,55.4815
1999-03-05,63.7045
1999-03-06,61.324497
1999-03-07,73.8985
1999-03-08,73.7545
1999-03-09,71.9775
1999-03-10,74.2625
1999-03-11,65.9055
1999-03-12,70.834
1999-03-13,72.668495
1999-03-14,68.5955
1999-03-15,65.4765
1999-03-16,74.872
1999-03-17,77.804
1999-03-18,74.375
1999-03-19,73.4825
1999-03-20,62.101498
1999-03-21,70.1995
1999-03-22,60.4325
1999-03-23,58.038998
1999-03-24,64.3105
1999-03-25,56.186
1999-03-26,41.875
1999-03-27,45.065
1999-03-28,66.5405
1999-03-29,73.789
1999-03-30,65.0955
1999-03-31,67.163
1999-04-01,63.477
1999-04-02,64.1595
1999-04-03,61.559
1999-04-04,64.028496
1999-04-05,57.5485
1999-04-06,57.049
1999-04-07,58.953
1999-04-08,73.11
1999-04-09,67.9605
1999-04-10,73.325
1999-04-11,73.901
1999-04-12,69.0075
1999-04-13,66.147995
1999-04-14,65.976
1999-04-15,50.7845
1999-04-16,29.424498
1999-04-17,72.019
1999-04-18,74.9975
1999-04-19,77.227
1999-04-20,69.9385
1999-04-21,56.164997
1999-04-22,78.34
1999-04-23,82.3325
1999-04-24,82.8055
1999-04-25,86.882
1999-04-26,85.201
1999-04-27,79.992
1999-04-28,78.5205
1999-04-29,72.7975
1999-04-30,69.847496
1999-05-01,64.0025
1999-05-02,72.210495
1999-05-03,63.986
1999-05-04,57.2445
1999-05-05,68.2835
1999-05-06,61.433
1999-05-07,50.705997
1999-05-08,64.796
1999-05-09,77.9085
1999-05-10,72.848495
1999-05-11,68.1695
1999-05-12,84.095
1999-05-13,80.4185
1999-05-14,78.039474
1999-05-15,81.0785
1999-05-16,76.201996
1999-05-17,66.731995
1999-05-18,64.429
1999-05-19,51.198997
1999-05-20,51.733498
1999-05-21,56.022
1999-05-22,78.78
1999-05-23,87.623
1999-05-24,73.477
1999-05-25,69.416
1999-05-26,68.168
1999-05-27,63.159
1999-05-28,61.274998
1999-05-29,68.3625
1999-05-30,65.846
1999-05-31,70.958496
1999-06-01,74.324
1999-06-02,61.796997
1999-06-03,65.819
1999-06-04,63.594997
1999-06-05,77.596
1999-06-06,65.013
1999-06-07,58.351997
1999-06-08,46.421497
1999-06-09,74.095
1999-06-10,74.871
1999-06-11,55.950996
1999-06-12,68.0245
1999-06-13,80.1895
1999-06-14,74.1185
1999-06-15,74.1205
1999-06-16,73.714
1999-06-17,79.4365
1999-06-18,86.583496
1999-06-19,77.261
1999-06-20,74.2315
1999-06-21,78.114
1999-06-22,89.927055
1999-06-23,86.975
1999-06-24,86.6275
1999-06-25,68.4645
1999-06-26,67.097
1999-06-27,54.753498
1999-06-28,56.822998
1999-06-29,66.1325
1999-06-30,66.56
1999-07-01,71.4935
1999-07-02,72.157
1999-07-03,66.4675
1999-07-04,62.288998
1999-07-05,61.135998
1999-07-06,58.204
1999-07-07,62.385
1999-07-08,74.944
1999-07-09,75.324
1999-07-10,78.2995
1999-07-11,71.642
1999-07-12,75.118
1999-07-13,76.8225
1999-07-14,78.4895
1999-07-15,71.493
1999-07-16,68.0685
1999-07-17,66.832
1999-07-18,63.3395
1999-07-19,64.02
1999-07-20,63.5905
1999-07-21,57.123497
1999-07-22,60.007
1999-07-23,83.9625
1999-07-24,76.403496
1999-07-25,72.7595
1999-07-26,75.96
1999-07-27,83.6835
1999-07-28,77.8255
1999-07-29,71.0
1999-07-30,77.198
1999-07-31,73.844
1999-08-01,76.826996
1999-08-02,83.002
1999-08-03,76.563995
1999-08-04,74.099
1999-08-05,69.3555
1999-08-06,72.1225
1999-08-07,70.4985
1999-08-08,71.061
1999-08-09,70.033
1999-08-10,70.3645
1999-08-11,75.89
1999-08-12,75.6155
1999-08-13,76.9345
1999-08-14,68.623
1999-08-15,63.4365
1999-08-16,72.846
1999-08-17,72.553
1999-08-18,65.3085
1999-08-19,76.446
1999-08-20,76.9395
1999-08-21,70.2455
1999-08-22,74.791
1999-08-23,69.3235
1999-08-24,65.6285
1999-08-25,72.68
1999-08-26,70.304
1999-08-27,65.304
1999-08-28,65.8255
1999-08-29,75.5515
1999-08-30,70.709
1999-08-31,87.6735
1999-09-01,82.709
1999-09-02,82.8775
1999-09-03,74.215996
1999-09-04,73.8235
1999-09-05,64.695496
1999-09-06,64.2585
1999-09-07,68.408
1999-09-08,74.79
1999-09-09,75.618996
1999-09-10,71.1895
1999-09-11,72.207
1999-09-12,70.571
1999-09-13,68.5415
1999-09-14,69.394
1999-09-15,69.653
1999-09-16,71.5265
1999-09-17,74.432
1999-09-18,76.389496
1999-09-19,69.837
1999-09-20,65.163
1999-09-21,62.8455
1999-09-22,72.444496
1999-09-23,69.7275
1999-09-24,68.0765
1999-09-25,70.836
1999-09-26,73.016495
1999-09-27,65.349495
1999-09-28,69.8935
1999-09-29,81.016
1999-09-30,60.156498
1999-10-01,56.183
1999-10-02,73.76
1999-10-03,68.2305
1999-10-04,73.973495
1999-10-05,86.60111
1999-10-06,87.694
1999-10-07,86.025
1999-10-08,76.142
1999-10-09,78.181
1999-10-10,76.5855
1999-10-11,84.270996
1999-10-12,77.131
1999-10-13,71.748
1999-10-14,79.86
1999-10-15,78.4715
1999-10-16,78.520996
1999-10-17,77.257996
1999-10-18,71.679
1999-10-19,84.1065
1999-10-20,79.9505
1999-10-21,76.891
1999-10-22,75.515495
1999-10-23,69.6625
1999-10-24,83.7335
1999-10-25,69.908
1999-10-26,74.613495
1999-10-27,78.628
1999-10-28,77.2865
1999-10-29,79.0775
1999-10-30,76.293
1999-10-31,76.4575
1999-11-01,76.3125
1999-11-02,66.488
1999-11-03,78.4205
1999-11-04,83.658
1999-11-05,75.5885
1999-11-06,67.277
1999-11-07,77.091995
1999-11-08,87.191055
1999-11-09,83.528496
1999-11-10,80.4055
1999-11-11,83.958885
1999-11-12,84.563156
1999-11-13,85.98
1999-11-14,87.5545
1999-11-15,87.796
1999-11-16,83.861496
1999-11-17,87.908
1999-11-18,90.1423
1999-11-19,81.287
1999-11-20,83.917
1999-11-21,85.4405
1999-11-22,90.765625
1999-11-23,86.87842
1999-11-24,88.4615
1999-11-25,85.547
1999-11-26,87.53684
1999-11-27,83.2495
1999-11-28,88.465294
1999-11-29,89.70789
1999-11-30,84.817
1999-12-01,88.711876
1999-12-02,84.759
1999-12-03,73.486496
1999-12-04,76.084496
1999-12-05,85.68105
1999-12-06,89.0525
1999-12-07,83.509
1999-12-08,78.607
1999-12-09,75.3285
1999-12-10,78.381996
1999-12-11,87.7835
1999-12-12,87.93278
1999-12-13,88.39895
1999-12-14,77.92
1999-12-15,86.7375
1999-12-16,88.95177
1999-12-17,86.83
1999-12-18,91.49467
1999-12-19,92.35125
1999-12-20,91.13538
1999-12-21,87.789
1999-12-22,84.15437
1999-12-23,83.879
1999-12-24,80.252
1999-12-25,82.3315
1999-12-26,84.979996
1999-12-27,86.11389
1999-12-28,88.89632
1999-12-29,83.0215
1999-12-30,88.01
1999-12-31,92.512
2000-01-01,91.11353
2000-01-02,86.3145
2000-01-03,86.89421
2000-01-04,90.01278
2000-01-05,89.61823
2000-01-06,88.91882
2000-01-07,86.4405
2000-01-08,87.2435
2000-01-09,88.481575
2000-01-10,91.03353
2000-01-11,89.56895
2000-01-12,86.4785
2000-01-13,81.556496
2000-01-14,79.082
2000-01-15,84.79421
2000-01-16,86.435265
2000-01-17,85.2305
2000-01-18,86.672104
2000-01-19,79.215
2000-01-20,76.464
2000-01-21,76.9795
2000-01-22,60.911
2000-01-23,78.6295
2000-01-24,77.444496
2000-01-25,75.382996
2000-01-26,77.7635
2000-01-27,77.8145
2000-01-28,77.816
2000-01-29,75.493
2000-01-30,72.645996
2000-01-31,76.375
2000-02-01,73.22
2000-02-02,77.6445
2000-02-03,71.7015
2000-02-04,68.539
2000-02-05,82.829
2000-02-06,84.85555
2000-02-07,78.918
2000-02-08,75.125496
2000-02-09,75.6875
2000-02-10,81.8055
2000-02-11,83.348495
2000-02-12,83.965
2000-02-13,79.2205
2000-02-14,81.142
2000-02-15,74.3925
2000-02-16,62.456997
2000-02-17,85.7745
2000-02-18,79.752495
2000-02-19,80.167496
2000-02-20,90.43786
2000-02-21,81.846
2000-02-22,79.144
2000-02-23,73.7125
2000-02-24,75.708496
2000-02-25,76.873
2000-02-26,74.4805
2000-02-27,75.7545
2000-02-28,63.386497
2000-02-29,52.55
2000-03-01,50.7235
2000-03-02,81.2725
2000-03-03,70.1005
2000-03-04,67.978
2000-03-05,77.36
2000-03-06,70.9405
2000-03-07,63.2435
2000-03-08,66.1455
2000-03-09,66.3455
2000-03-10,62.565998
2000-03-11,67.569496
2000-03-12,70.7485
2000-03-13,66.916
2000-03-14,61.169
2000-03-15,70.7115
2000-03-16,73.85
2000-03-17,75.9015
2000-03-18,82.77789
2000-03-19,83.6745
2000-03-20,71.527
2000-03-21,75.546
2000-03-22,72.5585
2000-03-23,68.5745
2000-03-24,62.9545
2000-03-25,62.3905
2000-03-26,70.763
2000-03-27,74.248
2000-03-28,73.0255
2000-03-29,61.753
2000-03-30,69.6035
2000-03-31,59.128498
2000-04-01,60.231
2000-04-02,78.0345
2000-04-03,60.775497
2000-04-04,69.901
2000-04-05,84.67944
2000-04-06,71.992
2000-04-07,60.316498
2000-04-08,74.448
2000-04-09,59.888
2000-04-10,49.0435
2000-04-11,62.765
2000-04-12,59.0815
2000-04-13,62.223
2000-04-14,52.4945
2000-04-15,45.810497
2000-04-16,62.134
2000-04-17,49.53
2000-04-18,49.1765
2000-04-19,52.8555
2000-04-20,60.947998
2000-04-21,57.163498
2000-04-22,54.071
2000-04-23,56.548
2000-04-24,64.139496
2000-04-25,83.349
2000-04-26,82.7355
2000-04-27,71.875496
2000-04-28,60.534
2000-04-29,51.432
2000-04-30,60.2565
2000-05-01,65.49
2000-05-02,53.852997
2000-05-03,47.4785
2000-05-04,46.3975
2000-05-05,47.8985
2000-05-06,49.989
2000-05-07,45.809498
2000-05-08,50.489
2000-05-09,60.892
2000-05-10,66.6715
2000-05-11,61.4375
2000-05-12,54.5375
2000-05-13,54.141
2000-05-14,55.2755
2000-05-15,54.0985
2000-05-16,52.859497
2000-05-17,46.545
2000-05-18,47.1025
2000-05-19,62.4585
2000-05-20,73.61
2000-05-21,69.122
2000-05-22,67.9495
2000-05-23,78.2565
2000-05-24,67.619995
2000-05-25,54.976498
2000-05-26,54.246998
2000-05-27,52.465
2000-05-28,50.0205
2000-05-29,71.744995
2000-05-30,66.723
2000-05-31,69.9475
2000-06-01,72.432
2000-06-02,56.253998
2000-06-03,47.955997
2000-06-04,43.834
2000-06-05,41.157997
2000-06-06,50.496
2000-06-07,69.8235
2000-06-08,49.0845
2000-06-09,43.712997
2000-06-10,50.217
2000-06-11,51.9955
2000-06-12,42.059998
2000-06-13,46.302998
2000-06-14,60.676
2000-06-15,61.470997
2000-06-16,65.653
2000-06-17,60.7735
2000-06-18,59.1875
2000-06-19,52.075497
2000-06-20,51.7245
2000-06-21,44.596
2000-06-22,40.470997
2000-06-23,41.462997
2000-06-24,57.5545
2000-06-25,71.828995
2000-06-26,70.9335
2000-06-27,55.2365
2000-06-28,48.9965
2000-06-29,61.2695
2000-06-30,56.217
2000-07-01,57.067497
2000-07-02,52.52
2000-07-03,54.7425
2000-07-04,48.9895
2000-07-05,45.2105
2000-07-06,52.9615
2000-07-07,54.078
2000-07-08,55.010498
2000-07-09,81.410995
2000-07-10,53.443497
2000-07-11,41.332996
2000-07-12,66.432
2000-07-13,71.999
2000-07-14,56.142998
2000-07-15,71.957
2000-07-16,82.4755
2000-07-17,72.5125
2000-07-18,66.793
2000-07-19,65.053
2000-07-20,70.965
2000-07-21,59.2415
2000-07-22,68.301
2000-07-23,67.7905
2000-07-24,60.5025
2000-07-25,44.996
2000-07-26,51.9045
2000-07-27,66.418
2000-07-28,60.6625
2000-07-29,78.992
2000-07-30,65.613
2000-07-31,70.661995
2000-08-01,64.554
2000-08-02,56.701996
2000-08-03,50.6055
2000-08-04,54.334
2000-08-05,62.391
2000-08-06,63.7845
2000-08-07,72.713
2000-08-08,68.8375
2000-08-09,66.7835
2000-08-10,60.891
2000-08-11,55.51
2000-08-12,57.1755
2000-08-13,56.39
2000-08-14,48.935997
2000-08-15,58.686
2000-08-16,56.5575
2000-08-17,55.4525
2000-08-18,51.316998
2000-08-19,44.387997
2000-08-20,38.2595
2000-08-21,39.414497
2000-08-22,40.8765
2000-08-23,49.2665
2000-08-24,51.9885
2000-08-25,51.7235
2000-08-26,59.753498
2000-08-27,60.842
2000-08-28,52.711998
2000-08-29,60.3665
2000-08-30,65.1295
2000-08-31,62.288998
2000-09-01,77.999
2000-09-02,61.186
2000-09-03,69.469
2000-09-04,75.048
2000-09-05,74.819
2000-09-06,69.5275
2000-09-07,63.177002
2000-09-08,62.228
2000-09-09,52.812
2000-09-10,52.046497
2000-09-11,67.1935
2000-09-12,66.9385
2000-09-13,57.698997
2000-09-14,64.118
2000-09-15,63.344498
2000-09-16,65.4105
2000-09-17,77.6325
2000-09-18,79.47
2000-09-19,79.1055
2000-09-20,73.4075
2000-09-21,66.8835
2000-09-22,84.781
2000-09-23,84.877
2000-09-24,74.481
2000-09-25,76.0565
2000-09-26,71.936
2000-09-27,64.8055
2000-09-28,59.8865
2000-09-29,60.3315
2000-09-30,57.0515
2000-10-01,52.459
2000-10-02,71.6185
2000-10-03,75.1905
2000-10-04,70.8745
2000-10-05,69.214
2000-10-06,67.1195
2000-10-07,74.188995
2000-10-08,68.3405
2000-10-09,62.261497
2000-10-10,71.249
2000-10-11,64.782
2000-10-12,56.855
2000-10-13,58.5215
2000-10-14,64.433
2000-10-15,61.0705
2000-10-16,68.4635
2000-10-17,66.0155
2000-10-18,73.6355
2000-10-19,66.3935
2000-10-20,59.856
2000-10-21,62.965
2000-10-22,66.8495
2000-10-23,64.256
2000-10-24,59.369
2000-10-25,64.566
2000-10-26,62.283
2000-10-27,76.128
2000-10-28,77.6235
2000-10-29,57.726498
2000-10-30,64.029
2000-10-31,54.613
2000-11-01,72.4515
2000-11-02,87.7785
2000-11-03,74.6245
2000-11-04,74.904
2000-11-05,84.51
2000-11-06,75.4355
2000-11-07,77.537
2000-11-08,76.0525
2000-11-09,77.782
2000-11-10,85.734
2000-11-11,85.403
2000-11-12,79.58
2000-11-13,67.7815
2000-11-14,62.7705
2000-11-15,67.708496
2000-11-16,74.5415
2000-11-17,64.831
2000-11-18,78.3795
2000-11-19,87.01631
2000-11-20,77.9565
2000-11-21,74.784996
2000-11-22,76.9535
2000-11-23,79.58369
2000-11-24,78.047
2000-11-25,79.3995
2000-11-26,85.889
2000-11-27,88.490524
2000-11-28,89.40158
2000-11-29,80.459
2000-11-30,81.78316
2000-12-01,83.1475
2000-12-02,79.4575
2000-12-03,83.7815
2000-12-04,91.91167
2000-12-05,92.075
2000-12-06,89.78687
2000-12-07,88.69312
2000-12-08,76.2125
2000-12-09,77.9055
2000-12-10,92.164116
2000-12-11,88.69067
2000-12-12,83.0805
2000-12-13,86.4255
2000-12-14,81.2245
2000-12-15,79.4985
2000-12-16,84.79889
2000-12-17,79.6345
2000-12-18,84.352
2000-12-19,87.18316
2000-12-20,82.743
2000-12-21,80.006
2000-12-22,79.576
2000-12-23,80.366
2000-12-24,74.657
2000-12-25,69.548
2000-12-26,87.595
2000-12-27,89.3
2000-12-28,88.247
2000-12-29,87.534
2000-12-30,91.06533
2000-12-31,77.3945
2001-01-01,79.6495
2001-01-02,78.367
2001-01-03,86.29948
2001-01-04,87.9085
2001-01-05,87.76059
2001-01-06,76.4695
2001-01-07,85.265
2001-01-08,86.3715
2001-01-09,90.935265
2001-01-10,79.147995
2001-01-11,85.794
2001-01-12,86.155
2001-01-13,86.29056
2001-01-14,81.901
2001-01-15,83.252
2001-01-16,81.177
2001-01-17,82.1155
2001-01-18,80.3995
2001-01-19,77.4475
2001-01-20,80.645
2001-01-21,77.8445
2001-01-22,85.2875
2001-01-23,81.7345
2001-01-24,80.476
2001-01-25,78.7385
2001-01-26,81.867
2001-01-27,84.157
2001-01-28,82.9035
2001-01-29,85.487366
2001-01-30,87.93882
2001-01-31,88.7625
2001-02-01,75.160995
2001-02-02,78.8905
2001-02-03,70.8315
2001-02-04,76.4055
2001-02-05,79.946
2001-02-06,74.6485
2001-02-07,73.449
2001-02-08,70.6465
2001-02-09,55.636497
2001-02-10,83.358
2001-02-11,84.2715
2001-02-12,73.0065
2001-02-13,80.419
2001-02-14,78.931
2001-02-15,71.522
2001-02-16,71.0815
2001-02-17,72.1735
2001-02-18,72.8065
2001-02-19,68.4285
2001-02-20,78.084
2001-02-21,75.8545
2001-02-22,66.3315
2001-02-23,74.698
2001-02-24,78.0305
2001-02-25,78.6905
2001-02-26,76.4785
2001-02-27,74.8975
2001-02-28,66.348495
2001-03-01,80.8245
2001-03-02,74.7005
2001-03-03,77.36
2001-03-04,83.5705
2001-03-05,78.101
2001-03-06,75.1655
2001-03-07,63.355
2001-03-08,48.811497
2001-03-09,53.469997
2001-03-10,72.634
2001-03-11,69.001
2001-03-12,65.645
2001-03-13,61.5165
2001-03-14,72.7125
2001-03-15,70.376
2001-03-16,64.9935
2001-03-17,58.6195
2001-03-18,78.875496
2001-03-19,73.551
2001-03-20,62.2255
2001-03-21,75.7965
2001-03-22,87.46263
2001-03-23,87.4545
2001-03-24,84.1625
2001-03-25,77.472
2001-03-26,77.923996
2001-03-27,80.5775
2001-03-28,75.0395
2001-03-29,74.2575
2001-03-30,70.685
2001-03-31,66.809
2001-04-01,62.607998
2001-04-02,55.412
2001-04-03,52.4805
2001-04-04,30.798496
2001-04-05,54.139
2001-04-06,64.592
2001-04-07,50.499496
2001-04-08,45.768997
2001-04-09,88.2855
2001-04-10,90.35133
2001-04-11,83.9735
2001-04-12,75.1925
2001-04-13,61.03
2001-04-14,63.9685
2001-04-15,63.987
2001-04-16,60.0935
2001-04-17,75.005
2001-04-18,72.0135
2001-04-19,63.301
2001-04-20,70.853
2001-04-21,84.0745
2001-04-22,85.26
2001-04-23,84.5515
2001-04-24,80.28
2001-04-25,65.7635
2001-04-26,71.056
2001-04-27,69.223
2001-04-28,66.3805
2001-04-29,65.208
2001-04-30,54.0355
2001-05-01,54.9965
2001-05-02,56.0575
2001-05-03,49.608997
2001-05-04,49.3525
2001-05-05,50.9735
2001-05-06,58.9795
2001-05-07,75.7415
2001-05-08,74.1635
2001-05-09,63.155
2001-05-10,62.765
2001-05-11,64.769
2001-05-12,60.942997
2001-05-13,57.7395
2001-05-14,54.148
2001-05-15,47.130497
2001-05-16,54.8945
2001-05-17,52.859497
2001-05-18,59.7415
2001-05-19,77.685
2001-05-20,59.631
2001-05-21,62.094997
2001-05-22,64.1085
2001-05-23,57.281
2001-05-24,52.87
2001-05-25,52.274998
2001-05-26,57.396
2001-05-27,50.6015
2001-05-28,65.1615
2001-05-29,68.125
2001-05-30,50.9725
2001-05-31,65.18
2001-06-01,75.676
2001-06-02,57.5935
2001-06-03,66.515495
2001-06-04,74.098
2001-06-05,66.6965
2001-06-06,60.8965
2001-06-07,70.2485
2001-06-08,59.359
2001-06-09,69.548996
2001-06-10,74.2115
2001-06-11,73.0345
2001-06-12,60.2185
2001-06-13,64.5065
2001-06-14,74.9975
2001-06-15,67.8675
2001-06-16,60.4605
2001-06-17,70.132996
2001-06-18,80.7825
2001-06-19,88.163
2001-06-20,87.9765
2001-06-21,85.6005
2001-06-22,68.2835
2001-06-23,72.1145
2001-06-24,78.1545
2001-06-25,64.4905
2001-06-26,64.007996
2001-06-27,57.713497
2001-06-28,56.176
2001-06-29,73.2135
2001-06-30,79.340996
2001-07-01,72.7425
2001-07-02,81.222496
2001-07-03,85.376
2001-07-04,77.1095
2001-07-05,76.126
2001-07-06,67.1755
2001-07-07,62.5515
2001-07-08,63.6525
2001-07-09,66.5045
2001-07-10,65.988495
2001-07-11,62.892998
2001-07-12,68.269
2001-07-13,60.665997
2001-07-14,57.5865
2001-07-15,54.4195
2001-07-16,40.775997
2001-07-17,75.0065
2001-07-18,73.679
2001-07-19,60.188
2001-07-20,49.673
2001-07-21,85.251
2001-07-22,91.00842
2001-07-23,90.18421
2001-07-24,83.876
2001-07-25,80.0385
2001-07-26,84.898
2001-07-27,85.3915
2001-07-28,73.2675
2001-07-29,71.0265
2001-07-30,70.981995
2001-07-31,69.646996
2001-08-01,67.4685
2001-08-02,64.9265
2001-08-03,63.9285
2001-08-04,52.0365
2001-08-05,69.345
2001-08-06,57.884
2001-08-07,57.624
2001-08-08,59.3815
2001-08-09,61.691998
2001-08-10,64.8875
2001-08-11,86.202
2001-08-12,75.3845
2001-08-13,61.206497
2001-08-14,70.1915
2001-08-15,67.9945
2001-08-16,62.474
2001-08-17,58.628
2001-08-18,60.831497
2001-08-19,55.295998
2001-08-20,59.176
2001-08-21,66.518
2001-08-22,74.952995
2001-08-23,82.409
2001-08-24,76.722
2001-08-25,72.7785
2001-08-26,72.006
2001-08-27,67.892
2001-08-28,58.253498
2001-08-29,69.9685
2001-08-30,64.268
2001-08-31,58.5725
2001-09-01,74.334
2001-09-02,83.8015
2001-09-03,69.567
2001-09-04,52.3825
2001-09-05,80.966995
2001-09-06,87.45052
2001-09-07,79.9655
2001-09-08,72.881
2001-09-09,75.5765
2001-09-10,74.242
2001-09-11,87.343
2001-09-12,77.5605
2001-09-13,69.4515
2001-09-14,65.0585
2001-09-15,79.585
2001-09-16,78.6435
2001-09-17,87.072
2001-09-18,80.145996
2001-09-19,79.414
2001-09-20,76.0495
2001-09-21,74.417496
2001-09-22,76.4495
2001-09-23,86.3185
2001-09-24,85.45895
2001-09-25,84.664
2001-09-26,83.0495
2001-09-27,84.7915
2001-09-28,81.3375
2001-09-29,75.417496
2001-09-30,79.654
2001-10-01,80.3455
2001-10-02,72.4405
2001-10-03,72.1405
2001-10-04,79.3655
2001-10-05,85.4475
2001-10-06,85.686
2001-10-07,72.377
2001-10-08,68.451996
2001-10-09,79.751
2001-10-10,85.4405
2001-10-11,76.7065
2001-10-12,78.9985
2001-10-13,79.517
2001-10-14,80.6305
2001-10-15,77.642
2001-10-16,82.588
2001-10-17,88.47632
2001-10-18,87.5725
2001-10-19,89.694496
2001-10-20,85.13368
2001-10-21,79.963
2001-10-22,86.8135
2001-10-23,85.978
2001-10-24,75.859
2001-10-25,73.697
2001-10-26,66.923996
2001-10-27,71.033
2001-10-28,81.0885
2001-10-29,86.607
2001-10-30,80.49
2001-10-31,68.907
2001-11-01,61.8765
2001-11-02,70.7425
2001-11-03,75.1415
2001-11-04,70.7035
2001-11-05,63.721
2001-11-06,71.737495
2001-11-07,78.5245
2001-11-08,81.9075
2001-11-09,65.682
2001-11-10,79.18
2001-11-11,79.159
2001-11-12,83.97263
2001-11-13,88.44526
2001-11-14,84.398
2001-11-15,76.796
2001-11-16,72.7495
2001-11-17,70.5485
2001-11-18,76.5805
2001-11-19,85.936844
2001-11-20,82.9475
2001-11-21,79.9515
2001-11-22,72.511
2001-11-23,78.558
2001-11-24,84.832
2001-11-25,81.9845
2001-11-26,83.0315
2001-11-27,84.85526
2001-11-28,87.394615
2001-11-29,92.28687
2001-11-30,88.2305
2001-12-01,85.603
2001-12-02,87.695
2001-12-03,90.004
2001-12-04,86.83722
2001-12-05,86.7679
2001-12-06,89.063
2001-12-07,78.3315
2001-12-08,77.192
2001-12-09,79.62
2001-12-10,84.6555
2001-12-11,82.6185
2001-12-12,86.75737
2001-12-13,79.737
2001-12-14,80.5055
2001-12-15,82.367
2001-12-16,82.1225
2001-12-17,78.079
2001-12-18,85.4515
2001-12-19,80.8795
2001-12-20,78.7475
2001-12-21,70.5505
2001-12-22,82.47
2001-12-23,80.9365
2001-12-24,73.5825
2001-12-25,77.0735
2001-12-26,75.384995
2001-12-27,87.781
2001-12-28,81.667496
2001-12-29,73.0825
2001-12-30,75.554
2001-12-31,86.9885
2002-01-01,74.6795
2002-01-02,80.351
2002-01-03,67.661
2002-01-04,74.895996
2002-01-05,80.7865
2002-01-06,82.549
2002-01-07,82.84
2002-01-08,87.2285
2002-01-09,87.6755
2002-01-10,90.34167
2002-01-11,90.317
2002-01-12,91.653336
2002-01-13,86.8745
2002-01-14,85.809
2002-01-15,87.0755
2002-01-16,91.46941
2002-01-17,90.17
2002-01-18,89.3635
2002-01-19,89.93
2002-01-20,92.066666
2002-01-21,88.98055
2002-01-22,90.625626
2002-01-23,90.51353
2002-01-24,81.9925
2002-01-25,86.231
2002-01-26,86.534996
2002-01-27,85.777
2002-01-28,89.58158
2002-01-29,76.921
2002-01-30,80.613495
2002-01-31,80.693
2002-02-01,88.817
2002-02-02,92.60364
2002-02-03,90.515884
2002-02-04,81.3535
2002-02-05,92.71231
2002-02-06,83.7765
2002-02-07,78.06
2002-02-08,90.135
2002-02-09,90.641
2002-02-10,86.0355
2002-02-11,83.9125
2002-02-12,80.206
2002-02-13,71.516
2002-02-14,62.834
2002-02-15,61.7105
2002-02-16,63.441498
2002-02-17,64.5715
2002-02-18,73.2345
2002-02-19,90.253
2002-02-20,79.282
2002-02-21,86.959
2002-02-22,62.8605
2002-02-23,76.714
2002-02-24,80.832
2002-02-25,74.004
2002-02-26,73.3555
2002-02-27,71.6165
2002-02-28,82.977
2002-03-01,83.798996
2002-03-02,91.91
2002-03-03,80.493996
2002-03-04,68.324
2002-03-05,66.026
2002-03-06,63.815998
2002-03-07,56.9545
2002-03-08,52.19
2002-03-09,54.6275
2002-03-10,61.4945
2002-03-11,58.753
2002-03-12,58.591
2002-03-13,57.7115
2002-03-14,55.391
2002-03-15,55.966
2002-03-16,73.5105
2002-03-17,79.068
2002-03-18,77.056496
2002-03-19,68.736
2002-03-20,77.101
2002-03-21,87.403496
2002-03-22,81.6295
2002-03-23,69.835
2002-03-24,65.807
2002-03-25,67.131996
2002-03-26,57.164497
2002-03-27,60.0505
2002-03-28,58.14
2002-03-29,57.6755
2002-03-30,57.5375
2002-03-31,59.515
2002-04-01,51.5155
2002-04-02,52.117
2002-04-03,56.1665
2002-04-04,55.9335
2002-04-05,55.873497
2002-04-06,57.569
2002-04-07,65.9665
2002-04-08,53.958
2002-04-09,58.5065
2002-04-10,62.3085
2002-04-11,58.4445
2002-04-12,73.7985
2002-04-13,72.499
2002-04-14,77.186
2002-04-15,76.0415
2002-04-16,63.812
2002-04-17,62.39
2002-04-18,74.6225
2002-04-19,76.526
2002-04-20,70.194496
2002-04-21,53.6835
2002-04-22,64.793495
2002-04-23,56.545498
2002-04-24,53.674
2002-04-25,68.2285
2002-04-26,61.8775
2002-04-27,69.675
2002-04-28,64.807
2002-04-29,60.3365
2002-04-30,78.750496
2002-05-01,60.7075
2002-05-02,53.767498
2002-05-03,48.614998
2002-05-04,50.3145
2002-05-05,55.1045
2002-05-06,69.5325
2002-05-07,59.778
2002-05-08,47.444
2002-05-09,44.040497
2002-05-10,60.2745
2002-05-11,70.5045
2002-05-12,70.8905
2002-05-13,73.928
2002-05-14,70.945
2002-05-15,71.041
2002-05-16,59.1605
2002-05-17,58.2115
2002-05-18,54.7795
2002-05-19,50.6825
2002-05-20,58.057
2002-05-21,88.699
2002-05-22,73.4115
2002-05-23,56.3535
2002-05-24,57.768497
2002-05-25,66.3945
2002-05-26,64.519
2002-05-27,67.7435
2002-05-28,71.7385
2002-05-29,91.086845
2002-05-30,77.348
2002-05-31,64.867
2002-06-01,65.9905
2002-06-02,70.399
2002-06-03,90.52
2002-06-04,80.965
2002-06-05,70.9425
2002-06-06,81.942
2002-06-07,66.086
2002-06-08,74.1865
2002-06-09,72.282
2002-06-10,91.08572
2002-06-11,84.631
2002-06-12,65.8595
2002-06-13,69.4495
2002-06-14,65.1065
2002-06-15,62.4095
2002-06-16,73.631
2002-06-17,67.3635
2002-06-18,61.0305
2002-06-19,57.189
2002-06-20,55.6185
2002-06-21,59.6435
2002-06-22,60.8875
2002-06-23,55.5505
2002-06-24,54.433
2002-06-25,54.2665
2002-06-26,53.392998
2002-06-27,53.545
2002-06-28,60.032497
2002-06-29,70.1855
2002-06-30,64.2755
2002-07-01,55.09
2002-07-02,55.127
2002-07-03,47.6275
2002-07-04,61.295
2002-07-05,64.6505
2002-07-06,68.819496
2002-07-07,74.264
2002-07-08,68.4355
2002-07-09,62.396
2002-07-10,58.041
2002-07-11,58.788998
2002-07-12,65.069496
2002-07-13,61.822998
2002-07-14,69.2175
2002-07-15,68.298996
2002-07-16,67.6165
2002-07-17,69.3945
2002-07-18,87.53737
2002-07-19,87.449
2002-07-20,90.723
2002-07-21,76.3645
2002-07-22,79.066
2002-07-23,65.1915
2002-07-24,59.999496
2002-07-25,74.8355
2002-07-26,63.671997
2002-07-27,68.2505
2002-07-28,65.8415
2002-07-29,69.557
2002-07-30,78.689995
2002-07-31,83.774
2002-08-01,83.62
2002-08-02,81.0725
2002-08-03,76.531
2002-08-04,67.2595
2002-08-05,79.8535
2002-08-06,76.7845
2002-08-07,87.0455
2002-08-08,88.094
2002-08-09,90.0655
2002-08-10,80.333496
2002-08-11,80.93
2002-08-12,82.0415
2002-08-13,86.6865
2002-08-14,84.902
2002-08-15,79.9515
2002-08-16,75.9125
2002-08-17,75.500496
2002-08-18,66.986
2002-08-19,70.854996
2002-08-20,76.129
2002-08-21,75.5445
2002-08-22,67.968
2002-08-23,69.575
2002-08-24,68.158
2002-08-25,65.818
2002-08-26,64.162
2002-08-27,68.0205
2002-08-28,62.1035
2002-08-29,61.114
2002-08-30,65.3395
2002-08-31,62.5965
2002-09-01,54.6935
2002-09-02,67.8225
2002-09-03,63.6145
2002-09-04,65.335
2002-09-05,60.908
2002-09-06,60.5585
2002-09-07,65.8675
2002-09-08,64.1925
2002-09-09,62.6035
2002-09-10,64.6815
2002-09-11,65.32
2002-09-12,50.2295
2002-09-13,69.8865
2002-09-14,70.821495
2002-09-15,84.556
2002-09-16,85.7035
2002-09-17,82.61
2002-09-18,75.6045
2002-09-19,74.36549
2002-09-20,88.079
2002-09-21,87.6455
2002-09-22,93.45125
2002-09-23,91.81167
2002-09-24,93.22875
2002-09-25,92.952225
2002-09-26,92.672356
2002-09-27,81.6445
2002-09-28,88.7375
2002-09-29,82.987
2002-09-30,77.682495
2002-10-01,77.5815
2002-10-02,77.889496
2002-10-03,80.201996
2002-10-04,84.154
2002-10-05,80.774
2002-10-06,80.3275
2002-10-07,80.2695
2002-10-08,78.454
2002-10-09,76.159996
2002-10-10,83.204
2002-10-11,92.74231
2002-10-12,94.205
2002-10-13,92.5
2002-10-14,90.76053
2002-10-15,93.44583
2002-10-16,89.00278
2002-10-17,74.806496
2002-10-18,81.5205
2002-10-19,80.418
2002-10-20,80.123
2002-10-21,71.8585
2002-10-22,71.9235
2002-10-23,82.2245
2002-10-24,91.18562
2002-10-25,89.267
2002-10-26,77.455
2002-10-27,70.4415
2002-10-28,53.308
2002-10-29,61.9535
2002-10-30,83.4795
2002-10-31,82.263504
2002-11-01,91.23389
2002-11-02,92.92714
2002-11-03,77.094
2002-11-04,92.222664
2002-11-05,90.02143
2002-11-06,87.2535
2002-11-07,93.55455
2002-11-08,92.25
2002-11-09,89.8945
2002-11-10,83.197
2002-11-11,90.635
2002-11-12,86.17
2002-11-13,89.888824
2002-11-14,80.5135
2002-11-15,62.603
2002-11-16,60.474
2002-11-17,63.9115
2002-11-18,71.897995
2002-11-19,70.478
2002-11-20,81.394
2002-11-21,86.041504
2002-11-22,85.157
2002-11-23,85.20052
2002-11-24,82.586
2002-11-25,75.163
2002-11-26,78.975
2002-11-27,88.356
2002-11-28,93.044
2002-11-29,92.067505
2002-11-30,
2002-12-01,93.75
2002-12-02,94.38333
2002-12-03,90.88105
2002-12-04,90.84556
2002-12-05,90.91882
2002-12-06,91.00105
2002-12-07,80.683
2002-12-08,72.6335
2002-12-09,70.876
2002-12-10,81.392
2002-12-11,80.121
2002-12-12,78.2745
2002-12-13,70.057495
2002-12-14,73.019
2002-12-15,88.393684
2002-12-16,87.918
2002-12-17,93.5
2002-12-18,93.89333
2002-12-19,80.956
2002-12-20,83.2275
2002-12-21,90.194214
2002-12-22,92.17846
2002-12-23,93.2
2002-12-24,72.0865
2002-12-25,83.119
2002-12-26,89.0305
2002-12-27,90.139496
2002-12-28,88.2965
2002-12-29,94.935
2002-12-30,91.108
2002-12-31,85.59
2003-01-01,71.4025
2003-01-02,88.494
2003-01-03,84.694496
2003-01-04,90.667
2003-01-05,85.764496
2003-01-06,89.71737
2003-01-07,93.20231
2003-01-08,87.0153
2003-01-09,90.31833
2003-01-10,93.03889
2003-01-11,85.31947
2003-01-12,80.8975
2003-01-13,84.2485
2003-01-14,83.81947
2003-01-15,91.02842
2003-01-16,93.3475
2003-01-17,93.698
2003-01-18,93.37334
2003-01-19,92.863335
2003-01-20,92.254
2003-01-21,90.14158
2003-01-22,84.9355
2003-01-23,93.57333
2003-01-24,
2003-01-25,
2003-01-26,
2003-01-27,
2003-01-28,94.7
2003-01-29,91.69
2003-01-30,94.935
2003-01-31,93.538574
2003-02-01,79.428
2003-02-02,77.036995
2003-02-03,78.183
2003-02-04,86.6965
2003-02-05,94.71
2003-02-06,93.403336
2003-02-07,85.599
2003-02-08,87.65632
2003-02-09,89.53
2003-02-10,89.495
2003-02-11,85.831
2003-02-12,75.0405
2003-02-13,85.916504
2003-02-14,85.134
2003-02-15,84.19
2003-02-16,80.595
2003-02-17,76.4615
2003-02-18,80.083496
2003-02-19,87.806
2003-02-20,84.5005
2003-02-21,79.765495
2003-02-22,78.365
2003-02-23,84.6015
2003-02-24,88.0825
2003-02-25,90.649
2003-02-26,88.42368
2003-02-27,79.969
2003-02-28,77.4365
2003-03-01,87.58211
2003-03-02,83.38
2003-03-03,85.5455
2003-03-04,84.74
2003-03-05,78.937996
2003-03-06,77.185
2003-03-07,77.815
2003-03-08,84.943
2003-03-09,85.638504
2003-03-10,93.583336
2003-03-11,
2003-03-12,89.122635
2003-03-13,71.994995
2003-03-14,75.5215
2003-03-15,70.779
2003-03-16,71.9615
2003-03-17,72.891
2003-03-18,71.1195
2003-03-19,70.4375
2003-03-20,64.549995
2003-03-21,45.023
2003-03-22,43.3635
2003-03-23,46.741997
2003-03-24,50.9785
2003-03-25,47.778
2003-03-26,49.232998
2003-03-27,53.920998
2003-03-28,54.9795
2003-03-29,52.169
2003-03-30,60.6435
2003-03-31,70.9235
2003-04-01,50.046497
2003-04-02,42.656
2003-04-03,49.4825
2003-04-04,64.698
2003-04-05,67.1385
2003-04-06,57.801
2003-04-07,58.204998
2003-04-08,77.6225
2003-04-09,55.7495
2003-04-10,47.934998
2003-04-11,74.819
2003-04-12,56.224
2003-04-13,62.8685
2003-04-14,57.373497
2003-04-15,49.2785
2003-04-16,65.9065
2003-04-17,54.6755
2003-04-18,54.041496
2003-04-19,54.643497
2003-04-20,43.4895
2003-04-21,40.8915
2003-04-22,45.2175
2003-04-23,69.9225
2003-04-24,89.532
2003-04-25,75.3965
2003-04-26,64.153
2003-04-27,74.4815
2003-04-28,70.858
2003-04-29,59.309998
2003-04-30,52.925
2003-05-01,52.111
2003-05-02,63.262997
2003-05-03,57.501
2003-05-04,55.8125
2003-05-05,48.975998
2003-05-06,48.939
2003-05-07,50.016
2003-05-08,47.7945
2003-05-09,47.124496
2003-05-10,55.5575
2003-05-11,58.291
2003-05-12,59.69
2003-05-13,48.3625
2003-05-14,65.8935
2003-05-15,89.113686
2003-05-16,69.851
2003-05-17,59.538498
2003-05-18,71.067
2003-05-19,67.762
2003-05-20,57.5585
2003-05-21,90.431
2003-05-22,90.37684
2003-05-23,75.7875
2003-05-24,70.933
2003-05-25,65.5085
2003-05-26,61.546
2003-05-27,58.4755
2003-05-28,64.4685
2003-05-29,66.1755
2003-05-30,58.572
2003-05-31,64.3315
2003-06-01,63.298
2003-06-02,73.054
2003-06-03,69.68
2003-06-04,59.8655
2003-06-05,60.656998
2003-06-06,59.503
2003-06-07,66.537994
2003-06-08,59.3715
2003-06-09,69.948
2003-06-10,62.519997
2003-06-11,59.9955
2003-06-12,60.288998
2003-06-13,58.260498
2003-06-14,53.555
2003-06-15,62.0275
2003-06-16,67.7295
2003-06-17,58.267
2003-06-18,56.498997
2003-06-19,82.365
2003-06-20,68.5115
2003-06-21,56.5585
2003-06-22,54.32
2003-06-23,58.1505
2003-06-24,68.3965
2003-06-25,62.722
2003-06-26,57.699497
2003-06-27,61.555
2003-06-28,57.394997
2003-06-29,51.810997
2003-06-30,53.745
2003-07-01,55.753498
2003-07-02,53.177
2003-07-03,62.190998
2003-07-04,71.804
2003-07-05,86.116
2003-07-06,74.7165
2003-07-07,80.464
2003-07-08,65.242
2003-07-09,60.052498
2003-07-10,73.895
2003-07-11,74.354004
2003-07-12,68.3845
2003-07-13,76.3245
2003-07-14,76.9145
2003-07-15,72.8025
2003-07-16,66.93
2003-07-17,63.547497
2003-07-18,72.8605
2003-07-19,77.8455
2003-07-20,71.0795
2003-07-21,70.6315
2003-07-22,73.2605
2003-07-23,73.5335
2003-07-24,74.890495
2003-07-25,86.9425
2003-07-26,80.6975
2003-07-27,69.7405
2003-07-28,68.2145
2003-07-29,85.893
2003-07-30,87.885
2003-07-31,82.2385
2003-08-01,73.253
2003-08-02,69.081
2003-08-03,66.9635
2003-08-04,61.8635
2003-08-05,59.0765
2003-08-06,59.065
2003-08-07,51.260998
2003-08-08,54.762
2003-08-09,56.1455
2003-08-10,53.266
2003-08-11,49.8905
2003-08-12,56.283
2003-08-13,56.15
2003-08-14,53.7935
2003-08-15,76.349
2003-08-16,64.0415
2003-08-17,60.604
2003-08-18,53.3335
2003-08-19,54.992
2003-08-20,69.0655
2003-08-21,60.73
2003-08-22,55.62
2003-08-23,48.1525
2003-08-24,47.384
2003-08-25,57.477997
2003-08-26,56.1945
2003-08-27,46.657497
2003-08-28,45.801
2003-08-29,40.0865
2003-08-30,46.880497
2003-08-31,72.0745
2003-09-01,72.255
2003-09-02,74.640495
2003-09-03,71.5945
2003-09-04,71.1245
2003-09-05,69.2115
2003-09-06,64.9475
2003-09-07,58.247498
2003-09-08,54.941998
2003-09-09,52.524998
2003-09-10,78.1145
2003-09-11,94.695
2003-09-12,94.24
2003-09-13,84.343
2003-09-14,65.5115
2003-09-15,64.003
2003-09-16,70.8905
2003-09-17,67.4285
2003-09-18,71.638
2003-09-19,71.256
2003-09-20,70.751495
2003-09-21,68.232
2003-09-22,63.681
2003-09-23,59.940998
2003-09-24,78.338
2003-09-25,76.4395
2003-09-26,78.734
2003-09-27,82.3295
2003-09-28,74.3705
2003-09-29,66.7145
2003-09-30,89.253
2003-10-01,82.1175
2003-10-02,72.37
2003-10-03,74.9915
2003-10-04,81.7755
2003-10-05,90.63529
2003-10-06,92.13625
2003-10-07,78.1
2003-10-08,92.939995
2003-10-09,88.96737
2003-10-10,84.153
2003-10-11,82.722
2003-10-12,75.108
2003-10-13,74.178
2003-10-14,75.489
2003-10-15,78.524
2003-10-16,76.019
2003-10-17,77.710495
2003-10-18,81.6985
2003-10-19,85.326996
2003-10-20,83.9425
2003-10-21,91.55235
2003-10-22,88.4535
2003-10-23,80.3975
2003-10-24,88.5905
2003-10-25,77.1355
2003-10-26,81.5225
2003-10-27,79.659996
2003-10-28,71.754
2003-10-29,78.085
2003-10-30,85.7135
2003-10-31,79.333496
2003-11-01,64.808
2003-11-02,90.60722
2003-11-03,89.89
2003-11-04,93.090836
2003-11-05,86.143
2003-11-06,82.9855
2003-11-07,89.555
2003-11-08,88.917496
2003-11-09,89.81389
2003-11-10,78.434
2003-11-11,70.2865
2003-11-12,73.1825
2003-11-13,81.166
2003-11-14,81.6315
2003-11-15,93.156876
2003-11-16,93.827774
2003-11-17,88.8115
2003-11-18,88.07474
2003-11-19,90.28421
2003-11-20,88.4265
2003-11-21,89.75444
2003-11-22,89.74778
2003-11-23,90.89105
2003-11-24,83.097496
2003-11-25,84.008
2003-11-26,78.593
2003-11-27,70.174995
2003-11-28,77.5765
2003-11-29,90.98385
2003-11-30,93.24571
2003-12-01,92.19833
2003-12-02,94.71
2003-12-03,91.0
2003-12-04,92.36
2003-12-05,92.30334
2003-12-06,91.73055
2003-12-07,75.9055
2003-12-08,81.5915
2003-12-09,88.4255
2003-12-10,88.579
2003-12-11,87.6745
2003-12-12,91.75938
2003-12-13,94.455
2003-12-14,93.09857
2003-12-15,84.6235
2003-12-16,91.197365
2003-12-17,83.208
2003-12-18,89.8075
2003-12-19,90.227776
2003-12-20,93.57167
2003-12-21,88.69889
2003-12-22,91.86266
2003-12-23,72.431
2003-12-24,59.0425
2003-12-25,78.103
2003-12-26,79.4135
2003-12-27,88.747
2003-12-28,83.770996
2003-12-29,78.256996
2003-12-30,80.249
2003-12-31,84.606
2004-01-01,91.67812
2004-01-02,87.72632
2004-01-03,76.143
2004-01-04,82.528496
2004-01-05,83.979
2004-01-06,74.745
2004-01-07,86.525
2004-01-08,88.0745
2004-01-09,83.181
2004-01-10,90.90134
2004-01-11,93.07733
2004-01-12,89.08737
2004-01-13,91.44929
2004-01-14,83.2355
2004-01-15,91.24263
2004-01-16,85.624
2004-01-17,79.555
2004-01-18,91.714615
2004-01-19,91.44778
2004-01-20,92.67
2004-01-21,81.638
2004-01-22,70.625496
2004-01-23,72.3715
2004-01-24,77.016
2004-01-25,84.0465
2004-01-26,85.8415
2004-01-27,82.6215
2004-01-28,86.958496
2004-01-29,89.715004
2004-01-30,90.05842
2004-01-31,82.9095
2004-02-01,79.229996
2004-02-02,88.016
2004-02-03,92.50857
2004-02-04,92.619995
2004-02-05,86.9225
2004-02-06,83.3815
2004-02-07,79.153496
2004-02-08,76.7545
2004-02-09,74.6315
2004-02-10,65.381996
2004-02-11,84.1895
2004-02-12,62.3115
2004-02-13,66.2565
2004-02-14,81.648
2004-02-15,88.5885
2004-02-16,84.4045
2004-02-17,79.006996
2004-02-18,87.4505
2004-02-19,79.264496
2004-02-20,55.328
2004-02-21,54.77
2004-02-22,76.1445
2004-02-23,87.422
2004-02-24,92.237366
2004-02-25,88.4225
2004-02-26,84.335
2004-02-27,93.294
2004-02-28,91.506004
2004-02-29,87.753685
2004-03-01,80.0715
2004-03-02,75.1775
2004-03-03,85.4225
2004-03-04,68.46
2004-03-05,65.602
2004-03-06,58.174
2004-03-07,61.243
2004-03-08,63.739998
2004-03-09,88.58611
2004-03-10,91.248886
2004-03-11,74.743
2004-03-12,63.551
2004-03-13,65.918495
2004-03-14,68.568
2004-03-15,75.6375
2004-03-16,71.256996
2004-03-17,73.441
2004-03-18,69.8775
2004-03-19,61.442
2004-03-20,62.2325
2004-03-21,61.143497
2004-03-22,67.3525
2004-03-23,67.2665
2004-03-24,81.06105
2004-03-25,92.32883
2004-03-26,91.323685
2004-03-27,88.5425
2004-03-28,87.96
2004-03-29,78.545
2004-03-30,67.999
2004-03-31,65.112495
2004-04-01,57.095497
2004-04-02,48.944
2004-04-03,52.665
2004-04-04,64.986
2004-04-05,73.5805
2004-04-06,73.02
2004-04-07,81.3955
2004-04-08,69.317
2004-04-09,62.246
2004-04-10,87.5955
2004-04-11,93.85333
2004-04-12,78.126
2004-04-13,84.502
2004-04-14,83.485
2004-04-15,65.6555
2004-04-16,60.379498
2004-04-17,79.859
2004-04-18,78.331
2004-04-19,66.134
2004-04-20,58.3495
2004-04-21,64.389496
2004-04-22,63.917
2004-04-23,59.915
2004-04-24,72.394
2004-04-25,85.4125
2004-04-26,63.998497
2004-04-27,65.1325
2004-04-28,68.8555
2004-04-29,65.7075
2004-04-30,60.386
2004-05-01,61.798
2004-05-02,63.0885
2004-05-03,61.497498
2004-05-04,60.942
2004-05-05,69.261
2004-05-06,80.2135
2004-05-07,90.395
2004-05-08,86.4465
2004-05-09,78.2015
2004-05-10,78.627
2004-05-11,78.1135
2004-05-12,73.9065
2004-05-13,76.1215
2004-05-14,69.585
2004-05-15,63.793
2004-05-16,78.735
2004-05-17,56.922
2004-05-18,57.732998
2004-05-19,61.7155
2004-05-20,51.0975
2004-05-21,60.5095
2004-05-22,71.4725
2004-05-23,60.545
2004-05-24,66.149
2004-05-25,60.8145
2004-05-26,58.8075
2004-05-27,59.077
2004-05-28,64.988
2004-05-29,75.273994
2004-05-30,68.424995
2004-05-31,63.4585
2004-06-01,63.5335
2004-06-02,75.069
2004-06-03,84.022
2004-06-04,70.4155
2004-06-05,77.736
2004-06-06,81.0255
2004-06-07,74.5895
2004-06-08,65.3235
2004-06-09,70.764496
2004-06-10,63.364998
2004-06-11,71.283
2004-06-12,75.287
2004-06-13,76.3985
2004-06-14,59.6315
2004-06-15,62.2255
2004-06-16,70.5335
2004-06-17,55.387
2004-06-18,62.03
2004-06-19,57.0425
2004-06-20,62.373497
2004-06-21,75.9705
2004-06-22,64.766495
2004-06-23,58.1065
2004-06-24,66.8685
2004-06-25,68.181
2004-06-26,69.288
2004-06-27,63.9815
2004-06-28,60.9375
2004-06-29,60.892998
2004-06-30,60.8665
2004-07-01,57.9865
2004-07-02,79.686
2004-07-03,66.678
2004-07-04,55.3195
2004-07-05,54.165
2004-07-06,62.1515
2004-07-07,65.3545
2004-07-08,63.6895
2004-07-09,56.2875
2004-07-10,67.312996
2004-07-11,60.461
2004-07-12,57.7655
2004-07-13,61.9925
2004-07-14,64.147
2004-07-15,58.856
2004-07-16,69.503
2004-07-17,73.683
2004-07-18,58.865498
2004-07-19,56.524
2004-07-20,62.7595
2004-07-21,63.62
2004-07-22,62.6475
2004-07-23,68.0475
2004-07-24,64.798
2004-07-25,61.9275
2004-07-26,78.173
2004-07-27,93.003334
2004-07-28,93.925
2004-07-29,88.484505
2004-07-30,86.16
2004-07-31,76.955
2004-08-01,75.097496
2004-08-02,76.224
2004-08-03,74.1105
2004-08-04,76.2065
2004-08-05,76.152
2004-08-06,79.7045
2004-08-07,76.587
2004-08-08,76.2765
2004-08-09,75.929
2004-08-10,72.201996
2004-08-11,68.1185
2004-08-12,69.291
2004-08-13,72.829
2004-08-14,73.854
2004-08-15,72.585
2004-08-16,67.1465
2004-08-17,67.373
2004-08-18,59.171497
2004-08-19,62.1275
2004-08-20,63.561497
2004-08-21,74.382996
2004-08-22,91.560555
2004-08-23,74.111496
2004-08-24,72.895996
2004-08-25,72.5545
2004-08-26,82.3265
2004-08-27,90.97945
2004-08-28,78.137
2004-08-29,76.692
2004-08-30,76.7265
2004-08-31,76.801
2004-09-01,80.813995
2004-09-02,70.4485
2004-09-03,70.9835
2004-09-04,72.451
2004-09-05,70.539
2004-09-06,68.9705
2004-09-07,69.405
2004-09-08,71.4195
2004-09-09,58.809998
2004-09-10,64.4795
2004-09-11,62.747997
2004-09-12,63.354
2004-09-13,75.7595
2004-09-14,75.711
2004-09-15,71.2225
2004-09-16,85.7115
2004-09-17,69.236
2004-09-18,80.9185
2004-09-19,80.375496
2004-09-20,81.570496
2004-09-21,71.505
2004-09-22,60.7115
2004-09-23,82.093
2004-09-24,89.73
2004-09-25,90.83733
2004-09-26,89.2395
2004-09-27,92.83077
2004-09-28,88.884
2004-09-29,84.297
2004-09-30,81.8655
2004-10-01,80.511
2004-10-02,80.7355
2004-10-03,85.4995
2004-10-04,83.087
2004-10-05,77.8725
2004-10-06,72.0405
2004-10-07,74.7815
2004-10-08,78.51
2004-10-09,84.509
2004-10-10,88.737
2004-10-11,73.235
2004-10-12,68.908
2004-10-13,62.8135
2004-10-14,70.5825
2004-10-15,79.3705
2004-10-16,84.156
2004-10-17,91.20765
2004-10-18,82.581
2004-10-19,81.6345
2004-10-20,84.615
2004-10-21,93.45438
2004-10-22,92.57714
2004-10-23,91.932495
2004-10-24,90.596
2004-10-25,86.669
2004-10-26,85.847496
2004-10-27,77.2325
2004-10-28,79.8085
2004-10-29,73.7325
2004-10-30,74.3435
2004-10-31,76.625
2004-11-01,85.1895
2004-11-02,86.139496
2004-11-03,85.8105
2004-11-04,87.700584
2004-11-05,93.155556
2004-11-06,93.557495
2004-11-07,94.136665
2004-11-08,92.18625
2004-11-09,90.081055
2004-11-10,92.10111
2004-11-11,85.1615
2004-11-12,91.0115
2004-11-13,91.64923
2004-11-14,90.78647
2004-11-15,89.993996
2004-11-16,88.64737
2004-11-17,91.27937
2004-11-18,84.466
2004-11-19,82.681
2004-11-20,77.107
2004-11-21,83.06
2004-11-22,86.7445
2004-11-23,90.727646
2004-11-24,84.4905
2004-11-25,86.625786
2004-11-26,86.4235
2004-11-27,89.94842
2004-11-28,91.939
2004-11-29,89.884445
2004-11-30,89.54266
2004-12-01,89.514496
2004-12-02,91.153336
2004-12-03,91.69071
2004-12-04,89.645294
2004-12-05,88.563156
2004-12-06,93.97125
2004-12-07,92.94667
2004-12-08,92.17
2004-12-09,91.18875
2004-12-10,90.809
2004-12-11,90.85941
2004-12-12,89.63357
2004-12-13,92.24067
2004-12-14,90.68
2004-12-15,87.07632
2004-12-16,85.6755
2004-12-17,86.5905
2004-12-18,91.30182
2004-12-19,90.252106
2004-12-20,90.0179
2004-12-21,88.5635
2004-12-22,87.912
2004-12-23,89.2775
2004-12-24,87.067
2004-12-25,81.298996
2004-12-26,72.5935
2004-12-27,76.772
2004-12-28,87.7135
2004-12-29,91.14313
2004-12-30,83.0075
2004-12-31,87.5265
2005-01-01,93.01556
2005-01-02,93.85333
2005-01-03,87.978424
2005-01-04,91.34167
2005-01-05,84.56526
2005-01-06,91.0265
2005-01-07,90.05944
2005-01-08,86.2265
2005-01-09,84.0265
2005-01-10,90.76
2005-01-11,91.86923
2005-01-12,93.05666
2005-01-13,
2005-01-14,92.30666
2005-01-15,91.620766
2005-01-16,91.46687
2005-01-17,93.26
2005-01-18,92.56715
2005-01-19,92.163155
2005-01-20,92.39562
2005-01-21,89.545
2005-01-22,86.6625
2005-01-23,85.090996
2005-01-24,87.72316
2005-01-25,89.16
2005-01-26,93.24909
2005-01-27,87.026
2005-01-28,87.89
2005-01-29,84.7275
2005-01-30,83.6885
2005-01-31,91.392105
2005-02-01,92.16647
2005-02-02,92.05125
2005-02-03,91.497
2005-02-04,84.358
2005-02-05,85.898
2005-02-06,83.5275
2005-02-07,81.1915
2005-02-08,84.0605
2005-02-09,81.491
2005-02-10,85.1625
2005-02-11,87.356
2005-02-12,90.742355
2005-02-13,94.138336
2005-02-14,94.475
2005-02-15,94.475
2005-02-16,94.225
2005-02-17,92.566154
2005-02-18,94.03375
2005-02-19,92.91499
2005-02-20,93.49067
2005-02-21,92.10333
2005-02-22,92.214
2005-02-23,93.51
2005-02-24,92.77077
2005-02-25,93.44
2005-02-26,91.43429
2005-02-27,89.1375
2005-02-28,79.3825
2005-03-01,81.772995
2005-03-02,69.570496
2005-03-03,71.821495
2005-03-04,85.90737
2005-03-05,93.91818
2005-03-06,92.478
2005-03-07,90.85778
2005-03-08,87.9215
2005-03-09,80.569
2005-03-10,72.709
2005-03-11,74.8135
2005-03-12,78.4835
2005-03-13,83.407
2005-03-14,79.6845
2005-03-15,75.8695
2005-03-16,74.206
2005-03-17,73.391
2005-03-18,67.789
2005-03-19,66.4095
2005-03-20,60.2795
2005-03-21,57.974
2005-03-22,63.9255
2005-03-23,58.5925
2005-03-24,54.3255
2005-03-25,54.747997
2005-03-26,79.6865
2005-03-27,78.283
2005-03-28,71.815
2005-03-29,69.449
2005-03-30,66.292
2005-03-31,54.162
2005-04-01,49.949497
2005-04-02,48.169
2005-04-03,47.586
2005-04-04,44.202
2005-04-05,49.3085
2005-04-06,45.2645
2005-04-07,41.196
2005-04-08,39.8115
2005-04-09,46.676
2005-04-10,69.182495
2005-04-11,81.718
2005-04-12,69.055
2005-04-13,70.947495
2005-04-14,75.59
2005-04-15,74.3175
2005-04-16,72.1365
2005-04-17,66.655
2005-04-18,89.4105
2005-04-19,86.513
2005-04-20,84.1165
2005-04-21,82.735
2005-04-22,64.0195
2005-04-23,66.4685
2005-04-24,55.098
2005-04-25,74.773
2005-04-26,91.90474
2005-04-27,76.321
2005-04-28,76.473495
2005-04-29,69.0935
2005-04-30,59.423
2005-05-01,60.8015
2005-05-02,60.173
2005-05-03,59.83
2005-05-04,71.705
2005-05-05,71.774
2005-05-06,67.0875
2005-05-07,66.0465
2005-05-08,69.589
2005-05-09,66.405
2005-05-10,61.897
2005-05-11,78.2315
2005-05-12,66.195496
2005-05-13,56.964
2005-05-14,51.791
2005-05-15,78.4775
2005-05-16,72.538
2005-05-17,70.364
2005-05-18,81.274
2005-05-19,85.841995
2005-05-20,71.603
2005-05-21,70.4485
2005-05-22,71.8235
2005-05-23,67.4685
2005-05-24,72.172
2005-05-25,73.685
2005-05-26,63.0835
2005-05-27,64.147
2005-05-28,60.9815
2005-05-29,59.845497
2005-05-30,60.8355
2005-05-31,68.6875
2005-06-01,52.429
2005-06-02,52.323498
2005-06-03,52.7355
2005-06-04,55.368
2005-06-05,76.073
2005-06-06,67.459
2005-06-07,66.6485
2005-06-08,74.684
2005-06-09,86.6445
2005-06-10,86.4525
2005-06-11,81.108
2005-06-12,75.0685
2005-06-13,67.581
2005-06-14,63.739
2005-06-15,64.1795
2005-06-16,62.327
2005-06-17,67.764
2005-06-18,66.352
2005-06-19,59.17
2005-06-20,59.7835
2005-06-21,57.5655
2005-06-22,60.128498
2005-06-23,63.0085
2005-06-24,57.782997
2005-06-25,60.465
2005-06-26,60.4445
2005-06-27,58.594498
2005-06-28,52.7705
2005-06-29,54.7455
2005-06-30,68.5925
2005-07-01,66.909996
2005-07-02,90.445
2005-07-03,80.472
2005-07-04,67.7555
2005-07-05,68.795
2005-07-06,77.034996
2005-07-07,74.7315
2005-07-08,66.638
2005-07-09,80.1635
2005-07-10,85.3155
2005-07-11,83.6385
2005-07-12,86.8675
2005-07-13,75.2235
2005-07-14,73.498
2005-07-15,70.1895
2005-07-16,71.250496
2005-07-17,80.3245
2005-07-18,69.184
2005-07-19,72.6535
2005-07-20,69.0715
2005-07-21,71.924995
2005-07-22,65.475
2005-07-23,77.5085
2005-07-24,78.0045
2005-07-25,69.3715
2005-07-26,67.941
2005-07-27,71.9775
2005-07-28,69.938995
2005-07-29,69.5915
2005-07-30,69.347496
2005-07-31,63.764
2005-08-01,75.195
2005-08-02,70.9125
2005-08-03,68.853
2005-08-04,86.638
2005-08-05,80.891
2005-08-06,78.947
2005-08-07,80.393
2005-08-08,88.3655
2005-08-09,72.5405
2005-08-10,63.3235
2005-08-11,70.584496
2005-08-12,73.282
2005-08-13,71.779
2005-08-14,69.669
2005-08-15,77.812996
2005-08-16,88.514496
2005-08-17,85.441
2005-08-18,81.445
2005-08-19,80.4935
2005-08-20,70.1975
2005-08-21,68.885
2005-08-22,83.083
2005-08-23,85.7295
2005-08-24,90.403
2005-08-25,87.445
2005-08-26,83.597496
2005-08-27,78.014
2005-08-28,85.469
2005-08-29,83.2205
2005-08-30,79.9415
2005-08-31,80.97
2005-09-01,71.349
2005-09-02,66.5
2005-09-03,68.7885
2005-09-04,67.076
2005-09-05,72.431
2005-09-06,70.3455
2005-09-07,69.7965
2005-09-08,69.7335
2005-09-09,68.552
2005-09-10,66.2745
2005-09-11,83.6335
2005-09-12,77.201
2005-09-13,76.9375
2005-09-14,81.458
2005-09-15,81.027
2005-09-16,81.422
2005-09-17,76.787994
2005-09-18,78.919
2005-09-19,85.219
2005-09-20,91.347336
2005-09-21,83.219
2005-09-22,73.5135
2005-09-23,77.568
2005-09-24,80.0265
2005-09-25,80.8285
2005-09-26,80.721
2005-09-27,79.0275
2005-09-28,80.5995
2005-09-29,85.3515
2005-09-30,87.93263
2005-10-01,89.833496
2005-10-02,90.702225
2005-10-03,88.77421
2005-10-04,78.876495
2005-10-05,68.0935
2005-10-06,69.1855
2005-10-07,71.4745
2005-10-08,71.7265
2005-10-09,70.061
2005-10-10,74.1575
2005-10-11,70.4955
2005-10-12,72.765
2005-10-13,76.783
2005-10-14,81.938
2005-10-15,81.09
2005-10-16,68.6645
2005-10-17,72.4565
2005-10-18,73.2725
2005-10-19,72.2135
2005-10-20,75.4075
2005-10-21,80.587
2005-10-22,81.0015
2005-10-23,83.219
2005-10-24,82.313995
2005-10-25,71.889
2005-10-26,74.821
2005-10-27,76.8815
2005-10-28,65.651
2005-10-29,70.462
2005-10-30,76.962
2005-10-31,77.5675
2005-11-01,72.1135
2005-11-02,71.628
2005-11-03,77.6785
2005-11-04,78.453995
2005-11-05,75.683495
2005-11-06,77.598
2005-11-07,77.466
2005-11-08,77.74
2005-11-09,80.678
2005-11-10,86.5545
2005-11-11,91.982
2005-11-12,88.7065
2005-11-13,89.9305
2005-11-14,89.43833
2005-11-15,84.4265
2005-11-16,86.21421
2005-11-17,76.929
2005-11-18,85.0575
2005-11-19,77.335
2005-11-20,70.5745
2005-11-21,85.8945
2005-11-22,87.66263
2005-11-23,77.0505
2005-11-24,81.007996
2005-11-25,90.496
2005-11-26,65.250496
2005-11-27,58.692497
2005-11-28,87.52
2005-11-29,86.104
2005-11-30,84.36
2005-12-01,83.9095
2005-12-02,91.67786
2005-12-03,81.759
2005-12-04,89.856
2005-12-05,81.3035
2005-12-06,81.9845
2005-12-07,83.3155
2005-12-08,85.2895
2005-12-09,86.7745
2005-12-10,77.7675
2005-12-11,78.477
2005-12-12,89.94429
2005-12-13,89.01789
2005-12-14,90.33611
2005-12-15,91.28267
2005-12-16,87.5995
2005-12-17,74.529
2005-12-18,81.429
2005-12-19,82.142
2005-12-20,88.6795
2005-12-21,80.764496
2005-12-22,84.5325
2005-12-23,89.95368
2005-12-24,91.74067
2005-12-25,88.962105
2005-12-26,85.9615
2005-12-27,88.4745
2005-12-28,90.119446
2005-12-29,88.569
2005-12-30,83.614
2005-12-31,76.3845
2006-01-01,73.46
2006-01-02,84.225266
2006-01-03,89.10222
2006-01-04,88.351
2006-01-05,83.971
2006-01-06,82.3265
2006-01-07,74.632996
2006-01-08,68.26
2006-01-09,76.986496
2006-01-10,76.359
2006-01-11,88.8305
2006-01-12,87.289
2006-01-13,82.873
2006-01-14,81.332
2006-01-15,83.564
2006-01-16,84.397
2006-01-17,84.957
2006-01-18,89.17158
2006-01-19,74.631996
2006-01-20,71.9405
2006-01-21,86.4895
2006-01-22,74.075
2006-01-23,60.565
2006-01-24,70.2175
2006-01-25,77.0125
2006-01-26,70.531
2006-01-27,68.821495
2006-01-28,64.9915
2006-01-29,69.93
2006-01-30,75.0065
2006-01-31,86.836
2006-02-01,88.08222
2006-02-02,87.40369
2006-02-03,84.274
2006-02-04,80.7805
2006-02-05,69.3235
2006-02-06,66.7915
2006-02-07,66.5555
2006-02-08,85.303
2006-02-09,90.94765
2006-02-10,91.523155
2006-02-11,83.075
2006-02-12,83.1855
2006-02-13,85.463
2006-02-14,84.7735
2006-02-15,83.146996
2006-02-16,90.53067
2006-02-17,92.70375
2006-02-18,85.318
2006-02-19,76.538
2006-02-20,70.352
2006-02-21,82.252
2006-02-22,89.369
2006-02-23,82.716995
2006-02-24,73.277
2006-02-25,82.128
2006-02-26,91.79471
2006-02-27,86.5985
2006-02-28,85.11
2006-03-01,82.248
2006-03-02,72.453995
2006-03-03,74.8985
2006-03-04,79.2675
2006-03-05,92.18471
2006-03-06,81.544
2006-03-07,69.1995
2006-03-08,63.2925
2006-03-09,78.6555
2006-03-10,83.9465
2006-03-11,88.527504
2006-03-12,72.681496
2006-03-13,81.494
2006-03-14,73.1405
2006-03-15,80.2175
2006-03-16,81.272995
2006-03-17,86.025
2006-03-18,81.4545
2006-03-19,77.8245
2006-03-20,71.172
2006-03-21,72.5495
2006-03-22,90.116
2006-03-23,71.507996
2006-03-24,64.312
2006-03-25,68.92
2006-03-26,73.286995
2006-03-27,81.123
2006-03-28,70.841995
2006-03-29,86.625
2006-03-30,71.2845
2006-03-31,79.6985
2006-04-01,73.081
2006-04-02,73.5525
2006-04-03,78.992
2006-04-04,88.1845
2006-04-05,68.8045
2006-04-06,84.67
2006-04-07,76.1545
2006-04-08,68.38
2006-04-09,62.113
2006-04-10,54.871998
2006-04-11,77.1065
2006-04-12,81.6205
2006-04-13,90.20611
2006-04-14,82.297
2006-04-15,68.376
2006-04-16,82.038
2006-04-17,78.85
2006-04-18,75.5
2006-04-19,71.7245
2006-04-20,83.091995
2006-04-21,86.291
2006-04-22,74.47
2006-04-23,69.133995
2006-04-24,60.462997
2006-04-25,63.010498
2006-04-26,61.991997
2006-04-27,68.5515
2006-04-28,76.388
2006-04-29,71.4145
2006-04-30,56.6395
2006-05-01,66.0445
2006-05-02,77.5955
2006-05-03,80.4395
2006-05-04,56.4355
2006-05-05,50.502
2006-05-06,63.8715
2006-05-07,69.171
2006-05-08,72.0045
2006-05-09,69.847
2006-05-10,62.4915
2006-05-11,67.354996
2006-05-12,62.3895
2006-05-13,58.452
2006-05-14,58.5955
2006-05-15,70.9255
2006-05-16,62.139
2006-05-17,79.0595
2006-05-18,67.9705
2006-05-19,75.1245
2006-05-20,72.129
2006-05-21,64.807
2006-05-22,62.961998
2006-05-23,57.8355
2006-05-24,73.267
2006-05-25,66.075
2006-05-26,67.659996
2006-05-27,78.0115
2006-05-28,85.986496
2006-05-29,64.996
2006-05-30,85.824
2006-05-31,84.0445
2006-06-01,69.140495
2006-06-02,86.7895
2006-06-03,86.1655
2006-06-04,89.75474
2006-06-05,80.043
2006-06-06,73.268
2006-06-07,78.868
2006-06-08,69.9285
2006-06-09,60.375
2006-06-10,87.513
2006-06-11,72.015495
2006-06-12,60.2855
2006-06-13,58.269497
2006-06-14,63.062
2006-06-15,69.2705
2006-06-16,62.081997
2006-06-17,63.7225
2006-06-18,70.1225
2006-06-19,73.663
2006-06-20,76.884
2006-06-21,73.168
2006-06-22,66.794
2006-06-23,76.338
2006-06-24,77.4745
2006-06-25,71.94
2006-06-26,67.275
2006-06-27,68.2535
2006-06-28,72.814995
2006-06-29,71.9455
2006-06-30,80.5255
2006-07-01,82.625496
2006-07-02,78.6035
2006-07-03,63.3685
2006-07-04,65.832
2006-07-05,60.388
2006-07-06,61.004997
2006-07-07,60.025497
2006-07-08,62.0155
2006-07-09,68.01
2006-07-10,64.864
2006-07-11,63.7555
2006-07-12,62.594
2006-07-13,66.531
2006-07-14,61.832
2006-07-15,53.96
2006-07-16,65.49
2006-07-17,54.2305
2006-07-18,55.6035
2006-07-19,56.843998
2006-07-20,58.6175
2006-07-21,61.3755
2006-07-22,71.9275
2006-07-23,72.6635
2006-07-24,68.2275
2006-07-25,65.0795
2006-07-26,60.9715
2006-07-27,60.8795
2006-07-28,58.851498
2006-07-29,60.531498
2006-07-30,82.489
2006-07-31,71.498
2006-08-01,68.2105
2006-08-02,80.3525
2006-08-03,78.931496
2006-08-04,89.111
2006-08-05,89.3765
2006-08-06,83.6175
2006-08-07,85.611496
2006-08-08,87.249
2006-08-09,86.399
2006-08-10,82.708496
2006-08-11,88.29
2006-08-12,82.832
2006-08-13,85.1695
2006-08-14,83.214
2006-08-15,77.6935
2006-08-16,74.5455
2006-08-17,69.812996
2006-08-18,71.406
2006-08-19,72.515
2006-08-20,72.704
2006-08-21,77.4945
2006-08-22,72.3435
2006-08-23,77.442
2006-08-24,71.4415
2006-08-25,74.0625
2006-08-26,77.6705
2006-08-27,72.089
2006-08-28,91.861176
2006-08-29,87.47
2006-08-30,86.6
2006-08-31,89.68053
2006-09-01,77.739494
2006-09-02,82.9345
2006-09-03,78.53
2006-09-04,68.3465
2006-09-05,66.0455
2006-09-06,67.323
2006-09-07,73.902
2006-09-08,80.004
2006-09-09,72.631
2006-09-10,68.1475
2006-09-11,69.876495
2006-09-12,69.9705
2006-09-13,69.5125
2006-09-14,67.0485
2006-09-15,64.2715
2006-09-16,61.4445
2006-09-17,64.8085
2006-09-18,81.867
2006-09-19,89.42316
2006-09-20,91.3755
2006-09-21,77.0805
2006-09-22,65.086
2006-09-23,74.3255
2006-09-24,73.7305
2006-09-25,72.658
2006-09-26,63.5285
2006-09-27,66.243996
2006-09-28,75.9545
2006-09-29,78.805
2006-09-30,77.3245
2006-10-01,73.544495
2006-10-02,76.0205
2006-10-03,67.867
2006-10-04,70.1105
2006-10-05,92.83666
2006-10-06,91.81722
2006-10-07,80.812
2006-10-08,80.283
2006-10-09,75.778496
2006-10-10,77.091995
2006-10-11,80.302
2006-10-12,79.071
2006-10-13,78.9365
2006-10-14,81.5875
2006-10-15,79.607
2006-10-16,68.388
2006-10-17,68.4125
2006-10-18,71.734
2006-10-19,69.8995
2006-10-20,67.4995
2006-10-21,62.927498
2006-10-22,79.270996
2006-10-23,74.3925
2006-10-24,70.5355
2006-10-25,78.2025
2006-10-26,75.215
2006-10-27,70.2735
2006-10-28,77.529495
2006-10-29,92.075264
2006-10-30,66.1515
2006-10-31,72.2275
2006-11-01,90.06368
2006-11-02,82.288
2006-11-03,75.133
2006-11-04,78.6225
2006-11-05,90.679474
2006-11-06,83.6675
2006-11-07,89.416115
2006-11-08,84.8885
2006-11-09,87.452
2006-11-10,73.2125
2006-11-11,82.6375
2006-11-12,88.002
2006-11-13,81.593
2006-11-14,81.7195
2006-11-15,81.6355
2006-11-16,77.622
2006-11-17,69.871
2006-11-18,70.503
2006-11-19,81.61
2006-11-20,86.5795
2006-11-21,91.60214
2006-11-22,83.9455
2006-11-23,91.57684
2006-11-24,89.6255
2006-11-25,85.1405
2006-11-26,83.645
2006-11-27,87.46684
2006-11-28,89.971664
2006-11-29,
2006-11-30,93.90666
2006-12-01,92.496
2006-12-02,83.547
2006-12-03,91.73647
2006-12-04,85.201
2006-12-05,90.91882
2006-12-06,81.404
2006-12-07,78.209496
2006-12-08,70.3435
2006-12-09,63.322998
2006-12-10,88.5475
2006-12-11,91.86154
2006-12-12,92.865
2006-12-13,94.70333
2006-12-14,
2006-12-15,89.652
2006-12-16,88.583336
2006-12-17,94.228
2006-12-18,91.54875
2006-12-19,84.635
2006-12-20,75.1175
2006-12-21,89.5645
2006-12-22,83.134
2006-12-23,93.02286
2006-12-24,90.64692
2006-12-25,83.445
2006-12-26,65.988
2006-12-27,80.088
2006-12-28,83.1155
2006-12-29,92.91067
2006-12-30,88.52421
2006-12-31,90.49412
2007-01-01,88.0225
2007-01-02,89.502
2007-01-03,85.709
2007-01-04,89.7645
2007-01-05,89.963
2007-01-06,92.58466
2007-01-07,86.871
2007-01-08,88.992004
2007-01-09,89.1975
2007-01-10,85.832
2007-01-11,86.1635
2007-01-12,78.0745
2007-01-13,80.5655
2007-01-14,82.5475
2007-01-15,78.6135
2007-01-16,76.7475
2007-01-17,84.409
2007-01-18,76.919
2007-01-19,73.626
2007-01-20,79.1475
2007-01-21,85.6615
2007-01-22,75.6095
2007-01-23,92.972496
2007-01-24,86.7755
2007-01-25,84.454
2007-01-26,79.118
2007-01-27,85.781
2007-01-28,79.27699
2007-01-29,68.485
2007-01-30,76.9875
2007-01-31,82.599
2007-02-01,73.8525
2007-02-02,68.2605
2007-02-03,91.47125
2007-02-04,75.4235
2007-02-05,82.0115
2007-02-06,84.218
2007-02-07,89.223
2007-02-08,85.3775
2007-02-09,89.9379
2007-02-10,85.2815
2007-02-11,93.937996
2007-02-12,92.62187
2007-02-13,92.23647
2007-02-14,82.693
2007-02-15,80.435
2007-02-16,87.40474
2007-02-17,82.223
2007-02-18,84.4855
2007-02-19,88.4565
2007-02-20,84.159
2007-02-21,74.736
2007-02-22,92.236115
2007-02-23,83.929504
2007-02-24,81.5345
2007-02-25,71.7635
2007-02-26,82.83
2007-02-27,93.78125
2007-02-28,90.027504
2007-03-01,82.4205
2007-03-02,87.8425
2007-03-03,79.279
2007-03-04,72.3535
2007-03-05,67.607
2007-03-06,68.6215
2007-03-07,57.8305
2007-03-08,63.336998
2007-03-09,72.770996
2007-03-10,82.7375
2007-03-11,70.737
2007-03-12,66.426
2007-03-13,66.0015
2007-03-14,65.5345
2007-03-15,57.552998
2007-03-16,64.8865
2007-03-17,60.608498
2007-03-18,60.207
2007-03-19,50.517998
2007-03-20,63.3945
2007-03-21,85.975
2007-03-22,74.712
2007-03-23,75.765
2007-03-24,77.817
2007-03-25,63.737
2007-03-26,50.1695
2007-03-27,48.2235
2007-03-28,48.6975
2007-03-29,49.614998
2007-03-30,49.9675
2007-03-31,52.424
2007-04-01,55.446
2007-04-02,46.011497
2007-04-03,47.617
2007-04-04,57.4615
2007-04-05,45.5085
2007-04-06,45.3625
2007-04-07,55.1055
2007-04-08,48.266
2007-04-09,50.830498
2007-04-10,53.0765
2007-04-11,58.477997
2007-04-12,55.764
2007-04-13,42.928997
2007-04-14,33.642994
2007-04-15,39.722996
2007-04-16,43.882
2007-04-17,44.840996
2007-04-18,56.681
2007-04-19,54.871998
2007-04-20,45.889
2007-04-21,39.663
2007-04-22,35.4895
2007-04-23,38.7735
2007-04-24,49.893997
2007-04-25,64.487495
2007-04-26,57.586998
2007-04-27,53.629997
2007-04-28,46.5465
2007-04-29,53.6475
2007-04-30,46.9965
2007-05-01,39.3765
2007-05-02,43.378498
2007-05-03,37.461998
2007-05-04,44.161
2007-05-05,74.0895
2007-05-06,83.5575
2007-05-07,88.5465
2007-05-08,73.3225
2007-05-09,76.8225
2007-05-10,72.5675
2007-05-11,57.8685
2007-05-12,62.5495
2007-05-13,62.552
2007-05-14,51.690998
2007-05-15,46.767
2007-05-16,70.239
2007-05-17,59.1835
2007-05-18,73.572
2007-05-19,76.5085
2007-05-20,78.8225
2007-05-21,59.743
2007-05-22,58.185497
2007-05-23,60.6955
2007-05-24,54.85
2007-05-25,61.9185
2007-05-26,66.7115
2007-05-27,71.743
2007-05-28,65.778
2007-05-29,61.926
2007-05-30,69.7865
2007-05-31,80.352
2007-06-01,86.15
2007-06-02,88.7435
2007-06-03,73.4335
2007-06-04,63.349
2007-06-05,68.541
2007-06-06,65.9475
2007-06-07,54.281998
2007-06-08,48.542
2007-06-09,53.167
2007-06-10,58.9935
2007-06-11,69.716995
2007-06-12,65.6845
2007-06-13,63.631
2007-06-14,58.8965
2007-06-15,57.136
2007-06-16,67.7065
2007-06-17,61.941998
2007-06-18,64.348
2007-06-19,62.0075
2007-06-20,59.498997
2007-06-21,52.124
2007-06-22,62.5825
2007-06-23,62.747997
2007-06-24,49.415497
2007-06-25,53.778
2007-06-26,46.225998
2007-06-27,47.471
2007-06-28,42.864
2007-06-29,47.4185
2007-06-30,61.764
2007-07-01,57.0355
2007-07-02,50.37
2007-07-03,55.1595
2007-07-04,70.3455
2007-07-05,70.936
2007-07-06,59.796497
2007-07-07,48.136497
2007-07-08,56.2835
2007-07-09,54.0925
2007-07-10,70.005
2007-07-11,79.390495
2007-07-12,71.0805
2007-07-13,68.0205
2007-07-14,60.551
2007-07-15,56.705498
2007-07-16,56.2505
2007-07-17,49.3065
2007-07-18,48.086998
2007-07-19,47.493
2007-07-20,43.6075
2007-07-21,44.4525
2007-07-22,40.87
2007-07-23,47.746998
2007-07-24,43.565998
2007-07-25,51.932
2007-07-26,48.184498
2007-07-27,46.7795
2007-07-28,45.737
2007-07-29,50.198997
2007-07-30,70.4145
2007-07-31,64.3255
2007-08-01,57.852997
2007-08-02,53.702
2007-08-03,49.274498
2007-08-04,74.2345
2007-08-05,67.08
2007-08-06,64.5295
2007-08-07,61.893497
2007-08-08,62.795
2007-08-09,56.347
2007-08-10,62.6325
2007-08-11,75.391
2007-08-12,76.8995
2007-08-13,84.3155
2007-08-14,69.895
2007-08-15,61.929
2007-08-16,55.546497
2007-08-17,54.2865
2007-08-18,72.4075
2007-08-19,68.4795
2007-08-20,69.684
2007-08-21,69.181
2007-08-22,62.4735
2007-08-23,55.6865
2007-08-24,55.163498
2007-08-25,60.349
2007-08-26,51.2515
2007-08-27,56.736
2007-08-28,61.185
2007-08-29,69.377
2007-08-30,78.442
2007-08-31,66.6215
2007-09-01,64.828995
2007-09-02,58.8875
2007-09-03,59.0695
2007-09-04,72.2845
2007-09-05,88.9805
2007-09-06,73.81
2007-09-07,79.182
2007-09-08,78.5765
2007-09-09,73.722496
2007-09-10,71.0465
2007-09-11,85.365
2007-09-12,82.1285
2007-09-13,69.445
2007-09-14,72.7115
2007-09-15,67.0795
2007-09-16,58.259
2007-09-17,60.1935
2007-09-18,72.2205
2007-09-19,68.6775
2007-09-20,66.47
2007-09-21,69.591
2007-09-22,68.284
2007-09-23,68.6595
2007-09-24,68.4985
2007-09-25,68.2305
2007-09-26,76.502
2007-09-27,74.636
2007-09-28,82.397
2007-09-29,71.681496
2007-09-30,70.8595
2007-10-01,69.2775
2007-10-02,73.194
2007-10-03,68.3135
2007-10-04,74.757996
2007-10-05,82.3945
2007-10-06,75.7515
2007-10-07,76.275
2007-10-08,72.929
2007-10-09,72.4235
2007-10-10,74.751495
2007-10-11,73.286
2007-10-12,79.1745
2007-10-13,66.2255
2007-10-14,64.3045
2007-10-15,67.678
2007-10-16,63.2385
2007-10-17,64.112495
2007-10-18,69.423996
2007-10-19,84.2035
2007-10-20,75.473495
2007-10-21,77.085
2007-10-22,72.6025
2007-10-23,86.01
2007-10-24,89.289
2007-10-25,90.757
2007-10-26,87.05789
2007-10-27,80.4965
2007-10-28,84.2655
2007-10-29,90.74353
2007-10-30,84.6505
2007-10-31,87.94765
2007-11-01,73.660995
2007-11-02,82.2115
2007-11-03,80.2995
2007-11-04,90.054
2007-11-05,76.4365
2007-11-06,81.3875
2007-11-07,86.4245
2007-11-08,82.0745
2007-11-09,88.6365
2007-11-10,78.181
2007-11-11,80.899
2007-11-12,80.084496
2007-11-13,78.493
2007-11-14,69.199
2007-11-15,84.155
2007-11-16,86.548
2007-11-17,87.12631
2007-11-18,80.972496
2007-11-19,88.263504
2007-11-20,81.58
2007-11-21,78.5945
2007-11-22,73.770996
2007-11-23,69.635
2007-11-24,72.573
2007-11-25,86.539
2007-11-26,80.159
2007-11-27,72.6905
2007-11-28,76.644
2007-11-29,69.189995
2007-11-30,83.9945
2007-12-01,88.516846
2007-12-02,86.4305
2007-12-03,84.395996
2007-12-04,83.492
2007-12-05,80.502
2007-12-06,82.222496
2007-12-07,81.522
2007-12-08,91.53895
2007-12-09,92.435295
2007-12-10,89.4425
2007-12-11,90.71471
2007-12-12,89.616
2007-12-13,67.209
2007-12-14,69.3385
2007-12-15,71.8945
2007-12-16,81.363
2007-12-17,78.622
2007-12-18,79.2595
2007-12-19,84.9025
2007-12-20,83.3115
2007-12-21,83.8535
2007-12-22,84.61389
2007-12-23,87.96158
2007-12-24,88.6025
2007-12-25,83.2885
2007-12-26,87.64895
2007-12-27,90.064
2007-12-28,87.621056
2007-12-29,88.773155
2007-12-30,86.8045
2007-12-31,88.138
2008-01-01,82.767
2008-01-02,84.771996
2008-01-03,81.405
2008-01-04,85.724
2008-01-05,74.095505
2008-01-06,88.7795
2008-01-07,92.88529
2008-01-08,93.65692
2008-01-09,93.116
2008-01-10,89.40588
2008-01-11,80.61
2008-01-12,69.9595
2008-01-13,76.3255
2008-01-14,81.47
2008-01-15,83.9645
2008-01-16,76.417
2008-01-17,76.323
2008-01-18,83.0145
2008-01-19,92.09571
2008-01-20,89.655
2008-01-21,83.084496
2008-01-22,83.6085
2008-01-23,69.6295
2008-01-24,75.392
2008-01-25,81.8685
2008-01-26,84.047
2008-01-27,77.965
2008-01-28,63.621
2008-01-29,75.910995
2008-01-30,73.2585
2008-01-31,85.527504
2008-02-01,77.902
2008-02-02,76.0115
2008-02-03,79.9415
2008-02-04,77.6605
2008-02-05,75.6785
2008-02-06,91.543686
2008-02-07,81.9975
2008-02-08,69.5955
2008-02-09,78.112
2008-02-10,79.822
2008-02-11,85.1055
2008-02-12,81.8865
2008-02-13,83.875
2008-02-14,83.285995
2008-02-15,70.2875
2008-02-16,65.1185
2008-02-17,53.7785
2008-02-18,56.128998
2008-02-19,67.0745
2008-02-20,72.885
2008-02-21,70.511
2008-02-22,71.903
2008-02-23,66.3765
2008-02-24,67.890495
2008-02-25,59.819
2008-02-26,66.4335
2008-02-27,61.656498
2008-02-28,53.0095
2008-02-29,67.988
2008-03-01,74.8045
2008-03-02,69.334
2008-03-03,73.222496
2008-03-04,71.3435
2008-03-05,66.987495
2008-03-06,57.233498
2008-03-07,65.63
2008-03-08,85.5235
2008-03-09,86.7755
2008-03-10,76.9155
2008-03-11,66.114
2008-03-12,81.065
2008-03-13,60.708
2008-03-14,66.419495
2008-03-15,57.4155
2008-03-16,65.5585
2008-03-17,73.241
2008-03-18,58.246998
2008-03-19,57.874
2008-03-20,56.5095
2008-03-21,59.529
2008-03-22,78.126495
2008-03-23,82.989
2008-03-24,70.873
2008-03-25,69.1575
2008-03-26,68.3965
2008-03-27,58.859
2008-03-28,55.8735
2008-03-29,51.510498
2008-03-30,59.4915
2008-03-31,57.704
2008-04-01,65.1935
2008-04-02,70.461
2008-04-03,64.8465
2008-04-04,68.431
2008-04-05,83.7115
2008-04-06,86.2205
2008-04-07,74.3805
2008-04-08,69.3015
2008-04-09,71.4965
2008-04-10,76.1575
2008-04-11,66.657
2008-04-12,86.0305
2008-04-13,72.2035
2008-04-14,63.405
2008-04-15,78.528
2008-04-16,77.099495
2008-04-17,70.0075
2008-04-18,69.2685
2008-04-19,75.7355
2008-04-20,66.894
2008-04-21,58.625
2008-04-22,71.7165
2008-04-23,70.1685
2008-04-24,57.9085
2008-04-25,56.851997
2008-04-26,54.541
2008-04-27,43.817997
2008-04-28,44.229
2008-04-29,59.1005
2008-04-30,70.923
2008-05-01,70.7295
2008-05-02,79.327
2008-05-03,69.4765
2008-05-04,77.621994
2008-05-05,81.8265
2008-05-06,71.3285
2008-05-07,55.1185
2008-05-08,61.9675
2008-05-09,63.4595
2008-05-10,58.1615
2008-05-11,62.166
2008-05-12,67.500496
2008-05-13,62.007
2008-05-14,61.097
2008-05-15,62.604
2008-05-16,65.0135
2008-05-17,66.159996
2008-05-18,62.1715
2008-05-19,69.4565
2008-05-20,81.294
2008-05-21,71.623
2008-05-22,85.74
2008-05-23,76.4805
2008-05-24,74.8015
2008-05-25,74.7815
2008-05-26,63.489998
2008-05-27,67.5635
2008-05-28,62.863
2008-05-29,48.8115
2008-05-30,61.419
2008-05-31,62.7475
2008-06-01,61.409
2008-06-02,53.546497
2008-06-03,56.27
2008-06-04,59.740997
2008-06-05,76.4505
2008-06-06,87.797
2008-06-07,81.5355
2008-06-08,76.1135
2008-06-09,70.272995
2008-06-10,71.724
2008-06-11,71.262
2008-06-12,85.3635
2008-06-13,93.279335
2008-06-14,75.524
2008-06-15,81.231
2008-06-16,78.1365
2008-06-17,73.638
2008-06-18,91.0145
2008-06-19,76.466995
2008-06-20,69.7515
2008-06-21,67.4705
2008-06-22,71.1295
2008-06-23,68.991
2008-06-24,71.259
2008-06-25,65.56
2008-06-26,67.9285
2008-06-27,74.8775
2008-06-28,64.5225
2008-06-29,62.581
2008-06-30,79.493996
2008-07-01,76.5065
2008-07-02,61.7315
2008-07-03,63.116497
2008-07-04,72.201996
2008-07-05,70.042496
2008-07-06,64.4015
2008-07-07,69.07
2008-07-08,72.9645
2008-07-09,65.655
2008-07-10,62.845
2008-07-11,66.6265
2008-07-12,63.6085
2008-07-13,54.6485
2008-07-14,69.197
2008-07-15,92.445786
2008-07-16,78.259995
2008-07-17,71.1155
2008-07-18,81.069
2008-07-19,73.8265
2008-07-20,62.793
2008-07-21,69.6755
2008-07-22,88.721504
2008-07-23,87.754
2008-07-24,91.207
2008-07-25,89.115265
2008-07-26,83.9285
2008-07-27,76.7735
2008-07-28,67.641
2008-07-29,72.0925
2008-07-30,69.534
2008-07-31,71.43
2008-08-01,71.3855
2008-08-02,69.8945
2008-08-03,73.149994
2008-08-04,68.264496
2008-08-05,72.315
2008-08-06,65.6125
2008-08-07,67.859
2008-08-08,68.856995
2008-08-09,85.8015
2008-08-10,71.3305
2008-08-11,69.024
2008-08-12,65.977
2008-08-13,63.150497
2008-08-14,70.2945
2008-08-15,58.307
2008-08-16,69.837
2008-08-17,74.461
2008-08-18,71.2185
2008-08-19,67.4245
2008-08-20,60.572998
2008-08-21,64.412
2008-08-22,60.344997
2008-08-23,63.405
2008-08-24,88.6445
2008-08-25,74.12
2008-08-26,68.125
2008-08-27,67.340996
2008-08-28,67.354
2008-08-29,77.6505
2008-08-30,63.964
2008-08-31,68.1095
2008-09-01,64.553
2008-09-02,63.4535
2008-09-03,59.656998
2008-09-04,54.3045
2008-09-05,55.907497
2008-09-06,50.298
2008-09-07,45.354
2008-09-08,77.474
2008-09-09,72.524
2008-09-10,65.5815
2008-09-11,65.643
2008-09-12,73.976
2008-09-13,64.649
2008-09-14,67.084
2008-09-15,93.0725
2008-09-16,89.7105
2008-09-17,91.791176
2008-09-18,85.233
2008-09-19,88.653
2008-09-20,91.0445
2008-09-21,87.212
2008-09-22,81.765
2008-09-23,82.3625
2008-09-24,78.708
2008-09-25,79.147
2008-09-26,68.222496
2008-09-27,69.2005
2008-09-28,73.093
2008-09-29,73.9205
2008-09-30,71.223
2008-10-01,70.173996
2008-10-02,73.13
2008-10-03,88.9845
2008-10-04,92.91857
2008-10-05,80.9615
2008-10-06,75.766
2008-10-07,82.8985
2008-10-08,87.47579
2008-10-09,83.399
2008-10-10,80.812
2008-10-11,80.069496
2008-10-12,78.681
2008-10-13,85.1495
2008-10-14,82.9665
2008-10-15,86.1605
2008-10-16,77.468
2008-10-17,87.2375
2008-10-18,81.4055
2008-10-19,80.947
2008-10-20,83.262
2008-10-21,78.043
2008-10-22,75.0045
2008-10-23,83.731
2008-10-24,87.9985
2008-10-25,88.523
2008-10-26,88.425
2008-10-27,81.4105
2008-10-28,79.8695
2008-10-29,71.4675
2008-10-30,68.0515
2008-10-31,78.907
2008-11-01,73.433
2008-11-02,85.157
2008-11-03,87.6025
2008-11-04,84.818
2008-11-05,81.423
2008-11-06,82.868996
2008-11-07,76.729
2008-11-08,79.013
2008-11-09,79.0555
2008-11-10,75.5175
2008-11-11,78.737
2008-11-12,76.087
2008-11-13,72.433
2008-11-14,77.6295
2008-11-15,83.28
2008-11-16,86.823
2008-11-17,78.7435
2008-11-18,73.19
2008-11-19,83.502
2008-11-20,65.3795
2008-11-21,84.493
2008-11-22,77.1725
2008-11-23,77.334
2008-11-24,61.739998
2008-11-25,92.67714
2008-11-26,85.719
2008-11-27,87.7725
2008-11-28,80.9825
2008-11-29,89.1185
2008-11-30,77.1615
2008-12-01,69.842995
2008-12-02,82.215996
2008-12-03,92.53
2008-12-04,94.326
2008-12-05,81.1005
2008-12-06,88.496315
2008-12-07,86.444
2008-12-08,78.548
2008-12-09,92.049995
2008-12-10,82.514
2008-12-11,74.431
2008-12-12,74.991
2008-12-13,76.4625
2008-12-14,79.6325
2008-12-15,81.0065
2008-12-16,81.9845
2008-12-17,82.18
2008-12-18,93.12143
2008-12-19,93.723335
2008-12-20,90.76
2008-12-21,89.94813
2008-12-22,91.96333
2008-12-23,83.264
2008-12-24,72.1155
2008-12-25,85.432
2008-12-26,77.733
2008-12-27,86.182
2008-12-28,90.172775
2008-12-29,90.41071
2008-12-30,91.19091
2008-12-31,89.09177
2009-01-01,91.119446
2009-01-02,88.532
2009-01-03,87.451
2009-01-04,90.69316
2009-01-05,90.469444
2009-01-06,86.5415
2009-01-07,88.02789
2009-01-08,81.224
2009-01-09,82.4515
2009-01-10,85.336
2009-01-11,83.1625
2009-01-12,85.32105
2009-01-13,90.956665
2009-01-14,81.520996
2009-01-15,92.166
2009-01-16,91.273636
2009-01-17,83.945
2009-01-18,88.701004
2009-01-19,90.797646
2009-01-20,83.287
2009-01-21,86.012634
2009-01-22,91.82267
2009-01-23,
2009-01-24,92.52
2009-01-25,89.94
2009-01-26,89.13294
2009-01-27,92.883995
2009-01-28,90.762
2009-01-29,84.049
2009-01-30,75.2855
2009-01-31,85.07316
2009-02-01,91.35765
2009-02-02,80.936
2009-02-03,88.82421
2009-02-04,85.653
2009-02-05,87.19294
2009-02-06,80.634
2009-02-07,66.292
2009-02-08,79.3825
2009-02-09,89.278
2009-02-10,87.2845
2009-02-11,85.056
2009-02-12,84.135
2009-02-13,95.16
2009-02-14,93.808334
2009-02-15,82.2315
2009-02-16,84.406
2009-02-17,93.40875
2009-02-18,82.625496
2009-02-19,78.864
2009-02-20,76.779495
2009-02-21,85.3415
2009-02-22,80.896996
2009-02-23,86.095
2009-02-24,81.667
2009-02-25,85.146
2009-02-26,89.49421
2009-02-27,91.21
2009-02-28,92.13571
2009-03-01,86.73444
2009-03-02,80.1355
2009-03-03,88.136314
2009-03-04,84.3925
2009-03-05,81.92
2009-03-06,81.3655
2009-03-07,87.642
2009-03-08,85.816
2009-03-09,90.513504
2009-03-10,77.6615
2009-03-11,79.9095
2009-03-12,79.4105
2009-03-13,93.309166
2009-03-14,77.015
2009-03-15,74.9245
2009-03-16,85.9515
2009-03-17,71.6
2009-03-18,72.267
2009-03-19,68.457
2009-03-20,81.1605
2009-03-21,68.7855
2009-03-22,64.24
2009-03-23,71.3055
2009-03-24,70.4145
2009-03-25,65.834
2009-03-26,63.892998
2009-03-27,62.331
2009-03-28,53.045498
2009-03-29,60.3435
2009-03-30,77.972
2009-03-31,72.326
2009-04-01,67.0805
2009-04-02,56.141
2009-04-03,59.698498
2009-04-04,56.690998
2009-04-05,51.546997
2009-04-06,51.0465
2009-04-07,56.9045
2009-04-08,48.178497
2009-04-09,52.545998
2009-04-10,52.972
2009-04-11,55.834
2009-04-12,56.845
2009-04-13,58.339
2009-04-14,66.3825
2009-04-15,60.7275
2009-04-16,52.510498
2009-04-17,65.722
2009-04-18,68.4525
2009-04-19,56.803
2009-04-20,56.557
2009-04-21,45.065
2009-04-22,57.9545
2009-04-23,66.492
2009-04-24,53.7565
2009-04-25,43.1405
2009-04-26,46.060497
2009-04-27,46.676
2009-04-28,41.789997
2009-04-29,43.018497
2009-04-30,52.0925
2009-05-01,48.1125
2009-05-02,57.559498
2009-05-03,56.13
2009-05-04,59.0885
2009-05-05,55.802498
2009-05-06,56.393497
2009-05-07,50.9605
2009-05-08,47.607
2009-05-09,55.2815
2009-05-10,59.0545
2009-05-11,56.156498
2009-05-12,59.6445
2009-05-13,53.2465
2009-05-14,65.965
2009-05-15,59.8725
2009-05-16,60.399
2009-05-17,53.947998
2009-05-18,47.2285
2009-05-19,57.201
2009-05-20,58.732998
2009-05-21,52.1765
2009-05-22,54.038
2009-05-23,51.612
2009-05-24,50.479
2009-05-25,51.101997
2009-05-26,46.564
2009-05-27,59.5975
2009-05-28,77.4275
2009-05-29,74.493
2009-05-30,71.513
2009-05-31,81.9965
2009-06-01,83.0015
2009-06-02,82.2035
2009-06-03,67.278
2009-06-04,58.7245
2009-06-05,66.733
2009-06-06,71.1095
2009-06-07,60.5915
2009-06-08,68.708
2009-06-09,56.8355
2009-06-10,58.997997
2009-06-11,76.404
2009-06-12,69.5755
2009-06-13,55.6125
2009-06-14,51.0645
2009-06-15,57.1105
2009-06-16,54.914997
2009-06-17,58.285
2009-06-18,56.578
2009-06-19,53.6465
2009-06-20,72.6615
2009-06-21,89.209
2009-06-22,90.3
2009-06-23,80.7765
2009-06-24,74.385
2009-06-25,78.284
2009-06-26,81.876495
2009-06-27,81.205
2009-06-28,79.0125
2009-06-29,74.1075
2009-06-30,75.3685
2009-07-01,65.943
2009-07-02,69.14
2009-07-03,71.921
2009-07-04,76.4745
2009-07-05,77.097496
2009-07-06,71.6125
2009-07-07,75.3285
2009-07-08,71.967
2009-07-09,61.726498
2009-07-10,61.055
2009-07-11,64.7735
2009-07-12,57.9175
2009-07-13,61.957
2009-07-14,62.543
2009-07-15,60.9235
2009-07-16,68.9695
2009-07-17,70.5645
2009-07-18,66.5175
2009-07-19,77.14
2009-07-20,65.5385
2009-07-21,60.058
2009-07-22,54.885
2009-07-23,52.92
2009-07-24,52.116997
2009-07-25,68.028
2009-07-26,64.79
2009-07-27,58.309998
2009-07-28,55.3505
2009-07-29,60.778
2009-07-30,58.64
2009-07-31,57.141
2009-08-01,56.5865
2009-08-02,58.041
2009-08-03,55.822998
2009-08-04,64.3085
2009-08-05,81.417
2009-08-06,80.705
2009-08-07,70.451996
2009-08-08,63.125
2009-08-09,58.081997
2009-08-10,66.8505
2009-08-11,72.694
2009-08-12,73.94
2009-08-13,73.814
2009-08-14,84.256
2009-08-15,68.336
2009-08-16,61.225
2009-08-17,60.675
2009-08-18,66.707
2009-08-19,56.9535
2009-08-20,59.387
2009-08-21,62.310997
2009-08-22,58.59
2009-08-23,83.958496
2009-08-24,78.015495
2009-08-25,67.1585
2009-08-26,58.644
2009-08-27,54.274998
2009-08-28,63.4615
2009-08-29,64.5785
2009-08-30,70.4345
2009-08-31,60.01
2009-09-01,58.212498
2009-09-02,56.845497
2009-09-03,54.97
2009-09-04,61.3075
2009-09-05,74.8705
2009-09-06,68.537
2009-09-07,64.828
2009-09-08,61.6075
2009-09-09,56.7805
2009-09-10,50.583
2009-09-11,49.9505
2009-09-12,54.429
2009-09-13,68.431
2009-09-14,68.731
2009-09-15,58.0645
2009-09-16,60.9845
2009-09-17,77.035995
2009-09-18,76.375496
2009-09-19,62.2105
2009-09-20,68.903496
2009-09-21,63.630497
2009-09-22,66.182
2009-09-23,62.083
2009-09-24,63.248497
2009-09-25,63.323997
2009-09-26,64.256996
2009-09-27,66.423
2009-09-28,65.7075
2009-09-29,62.584
2009-09-30,67.101
2009-10-01,67.209
2009-10-02,63.3895
2009-10-03,62.469498
2009-10-04,60.212498
2009-10-05,63.239998
2009-10-06,63.55
2009-10-07,68.1235
2009-10-08,64.1055
2009-10-09,68.716
2009-10-10,68.214
2009-10-11,87.9655
2009-10-12,82.683
2009-10-13,89.235
2009-10-14,87.583496
2009-10-15,86.2015
2009-10-16,81.409996
2009-10-17,81.659996
2009-10-18,83.885
2009-10-19,89.1055
2009-10-20,89.364
2009-10-21,74.7135
2009-10-22,65.6995
2009-10-23,82.5345
2009-10-24,83.0795
2009-10-25,91.106316
2009-10-26,86.5735
2009-10-27,87.758
2009-10-28,89.786316
2009-10-29,80.845
2009-10-30,74.2545
2009-10-31,75.168
2009-11-01,77.1915
2009-11-02,77.4805
2009-11-03,73.958496
2009-11-04,84.9275
2009-11-05,91.1325
2009-11-06,90.6485
2009-11-07,89.98526
2009-11-08,92.709335
2009-11-09,89.59
2009-11-10,91.44769
2009-11-11,90.692726
2009-11-12,89.471664
2009-11-13,83.4795
2009-11-14,79.118996
2009-11-15,87.30631
2009-11-16,92.19231
2009-11-17,91.08294
2009-11-18,89.312775
2009-11-19,87.616
2009-11-20,91.89625
2009-11-21,91.7653
2009-11-22,91.16611
2009-11-23,92.31467
2009-11-24,91.293335
2009-11-25,86.904
2009-11-26,86.84
2009-11-27,82.973495
2009-11-28,85.2195
2009-11-29,87.2095
2009-11-30,66.2155
2009-12-01,60.0005
2009-12-02,88.0479
2009-12-03,91.24734
2009-12-04,90.51786
2009-12-05,83.7735
2009-12-06,85.75632
2009-12-07,87.095
2009-12-08,86.317894
2009-12-09,86.814
2009-12-10,88.9195
2009-12-11,90.34647
2009-12-12,75.6315
2009-12-13,73.25
2009-12-14,72.409
2009-12-15,69.9005
2009-12-16,90.713
2009-12-17,89.2795
2009-12-18,87.956
2009-12-19,85.5825
2009-12-20,85.9705
2009-12-21,75.3665
2009-12-22,73.1835
2009-12-23,82.5215
2009-12-24,75.4845
2009-12-25,83.621
2009-12-26,79.4905
2009-12-27,86.42316
2009-12-28,85.7345
2009-12-29,79.28
2009-12-30,87.88684
2009-12-31,91.776665
2010-01-01,92.25833
2010-01-02,82.0275
2010-01-03,86.37842
2010-01-04,80.8725
2010-01-05,77.816
2010-01-06,91.98118
2010-01-07,92.39066
2010-01-08,90.424446
2010-01-09,81.3465
2010-01-10,91.261055
2010-01-11,88.05
2010-01-12,90.306
2010-01-13,90.863686
2010-01-14,88.79588
2010-01-15,91.608574
2010-01-16,91.06857
2010-01-17,92.36278
2010-01-18,89.946
2010-01-19,91.559235
2010-01-20,87.471664
2010-01-21,88.807365
2010-01-22,80.768
2010-01-23,79.8015
2010-01-24,85.2185
2010-01-25,81.404495
2010-01-26,75.0765
2010-01-27,68.2615
2010-01-28,84.7095
2010-01-29,84.305
2010-01-30,71.910995
2010-01-31,91.58894
2010-02-01,83.0135
2010-02-02,84.654
2010-02-03,84.1725
2010-02-04,88.6425
2010-02-05,82.047
2010-02-06,80.770996
2010-02-07,88.947
2010-02-08,82.46
2010-02-09,80.218
2010-02-10,79.101
2010-02-11,86.423996
2010-02-12,91.54063
2010-02-13,91.2255
2010-02-14,89.1855
2010-02-15,84.064
2010-02-16,86.8965
2010-02-17,81.292496
2010-02-18,88.4095
2010-02-19,79.2355
2010-02-20,89.45421
2010-02-21,84.908
2010-02-22,71.9205
2010-02-23,69.341995
2010-02-24,90.576996
2010-02-25,91.03263
2010-02-26,81.047
2010-02-27,91.25445
2010-02-28,83.864
2010-03-01,67.511
2010-03-02,70.3995
2010-03-03,73.32
2010-03-04,74.101
2010-03-05,64.715996
2010-03-06,65.6435
2010-03-07,82.143
2010-03-08,66.819
2010-03-09,59.737
2010-03-10,60.4175
2010-03-11,87.055
2010-03-12,90.454
2010-03-13,86.128
2010-03-14,75.8215
2010-03-15,73.019
2010-03-16,80.3665
2010-03-17,69.1195
2010-03-18,69.5665
2010-03-19,60.9995
2010-03-20,58.7215
2010-03-21,63.920998
2010-03-22,67.723495
2010-03-23,68.0245
2010-03-24,61.98
2010-03-25,58.9615
2010-03-26,59.954998
2010-03-27,73.78
2010-03-28,71.30299
2010-03-29,62.787
2010-03-30,53.080997
2010-03-31,73.8025
2010-04-01,72.465
2010-04-02,71.25
2010-04-03,65.986
2010-04-04,52.959
2010-04-05,75.2195
2010-04-06,85.0775
2010-04-07,73.9895
2010-04-08,69.22
2010-04-09,66.764
2010-04-10,76.2735
2010-04-11,74.984
2010-04-12,74.082
2010-04-13,74.1485
2010-04-14,88.5425
2010-04-15,87.364
2010-04-16,84.123
2010-04-17,71.3795
2010-04-18,63.156
2010-04-19,88.965
2010-04-20,70.070496
2010-04-21,66.945496
2010-04-22,59.6135
2010-04-23,61.2965
2010-04-24,61.221
2010-04-25,56.184498
2010-04-26,68.907
2010-04-27,63.822998
2010-04-28,71.189
2010-04-29,61.2145
2010-04-30,60.8685
2010-05-01,60.7835
2010-05-02,65.9495
2010-05-03,63.482
2010-05-04,64.9765
2010-05-05,66.0475
2010-05-06,85.8295
2010-05-07,82.2245
2010-05-08,75.524994
2010-05-09,85.518
2010-05-10,82.3675
2010-05-11,72.6165
2010-05-12,83.061
2010-05-13,81.9885
2010-05-14,75.493
2010-05-15,85.140495
2010-05-16,89.748
2010-05-17,87.6605
2010-05-18,87.898
2010-05-19,90.1365
2010-05-20,87.3345
2010-05-21,83.005
2010-05-22,71.121
2010-05-23,70.1605
2010-05-24,75.4615
2010-05-25,73.774
2010-05-26,79.763
2010-05-27,69.372
2010-05-28,77.634
2010-05-29,87.343
2010-05-30,79.6085
2010-05-31,90.2715
2010-06-01,83.927
2010-06-02,82.531
2010-06-03,82.4795
2010-06-04,93.3825
2010-06-05,71.861
2010-06-06,69.6615
2010-06-07,70.7545
2010-06-08,68.4415
2010-06-09,69.891495
2010-06-10,66.514
2010-06-11,68.679
2010-06-12,67.563995
2010-06-13,73.7255
2010-06-14,79.531
2010-06-15,81.7605
2010-06-16,83.2335
2010-06-17,71.8315
2010-06-18,82.5645
2010-06-19,80.058
2010-06-20,86.229004
2010-06-21,91.90789
2010-06-22,81.6555
2010-06-23,62.098
2010-06-24,68.589
2010-06-25,74.8305
2010-06-26,93.895996
2010-06-27,83.8075
2010-06-28,75.4615
2010-06-29,74.349
2010-06-30,73.257996
2010-07-01,70.883995
2010-07-02,68.623
2010-07-03,75.1865
2010-07-04,65.709
2010-07-05,76.499
2010-07-06,75.604
2010-07-07,92.045
2010-07-08,72.9325
2010-07-09,69.2045
2010-07-10,69.9415
2010-07-11,74.11
2010-07-12,75.3425
2010-07-13,81.3855
2010-07-14,79.4635
2010-07-15,76.111496
2010-07-16,71.0255
2010-07-17,80.3645
2010-07-18,78.89
2010-07-19,79.208
2010-07-20,75.9295
2010-07-21,77.082
2010-07-22,76.5935
2010-07-23,71.922
2010-07-24,81.9535
2010-07-25,94.148
2010-07-26,89.464
2010-07-27,90.7015
2010-07-28,90.42421
2010-07-29,77.637
2010-07-30,71.762
2010-07-31,77.2725
2010-08-01,78.8665
2010-08-02,75.3295
2010-08-03,73.9905
2010-08-04,83.6565
2010-08-05,80.3145
2010-08-06,84.3875
2010-08-07,84.548996
2010-08-08,81.326996
2010-08-09,79.105995
2010-08-10,74.95
2010-08-11,71.5815
2010-08-12,74.851
2010-08-13,79.8235
2010-08-14,71.0075
2010-08-15,75.892
2010-08-16,82.4105
2010-08-17,77.96
2010-08-18,69.089
2010-08-19,70.4125
2010-08-20,68.091995
2010-08-21,71.488
2010-08-22,70.5085
2010-08-23,72.1505
2010-08-24,70.584
2010-08-25,74.1555
2010-08-26,67.3465
2010-08-27,60.6115
2010-08-28,90.104
2010-08-29,78.996
2010-08-30,77.0315
2010-08-31,83.7615
2010-09-01,89.84579
2010-09-02,73.7325
2010-09-03,81.3815
2010-09-04,78.3005
2010-09-05,85.9145
2010-09-06,85.7805
2010-09-07,82.826996
2010-09-08,87.083496
2010-09-09,88.482
2010-09-10,94.266365
2010-09-11,91.0595
2010-09-12,85.634
2010-09-13,85.7745
2010-09-14,80.607
2010-09-15,83.2685
2010-09-16,83.442
2010-09-17,91.901535
2010-09-18,90.98684
2010-09-19,93.47833
2010-09-20,77.097496
2010-09-21,79.405
2010-09-22,77.2525
2010-09-23,78.6495
2010-09-24,74.171
2010-09-25,73.907
2010-09-26,91.17737
2010-09-27,84.2345
2010-09-28,79.595
2010-09-29,84.1065
2010-09-30,85.403
2010-10-01,81.4375
2010-10-02,86.4265
2010-10-03,79.6565
2010-10-04,77.298996
2010-10-05,92.77923
2010-10-06,80.4975
2010-10-07,88.7515
2010-10-08,78.6795
2010-10-09,76.3445
2010-10-10,78.659
2010-10-11,80.7525
2010-10-12,78.1165
2010-10-13,77.7695
2010-10-14,79.9995
2010-10-15,85.8045
2010-10-16,91.9435
2010-10-17,89.35
2010-10-18,84.792
2010-10-19,90.691765
2010-10-20,93.365555
2010-10-21,78.297
2010-10-22,70.965
2010-10-23,69.037
2010-10-24,70.5455
2010-10-25,73.8095
2010-10-26,84.003
2010-10-27,74.254
2010-10-28,81.555
2010-10-29,82.631
2010-10-30,78.9435
2010-10-31,67.3695
2010-11-01,65.4345
2010-11-02,69.369995
2010-11-03,76.5955
2010-11-04,83.0375
2010-11-05,81.736496
2010-11-06,84.384
2010-11-07,84.6035
2010-11-08,78.1985
2010-11-09,83.9185
2010-11-10,92.87059
2010-11-11,88.88263
2010-11-12,84.797
2010-11-13,76.551994
2010-11-14,79.949
2010-11-15,77.486
2010-11-16,76.863495
2010-11-17,82.0415
2010-11-18,92.91182
2010-11-19,83.993
2010-11-20,92.51666
2010-11-21,84.726
2010-11-22,83.642
2010-11-23,86.91789
2010-11-24,79.7825
2010-11-25,84.3505
2010-11-26,89.668945
2010-11-27,88.7635
2010-11-28,86.511
2010-11-29,88.222
2010-11-30,75.783
2010-12-01,91.617226
2010-12-02,93.435
2010-12-03,93.83
2010-12-04,89.55473
2010-12-05,84.768
2010-12-06,82.2335
2010-12-07,86.643
2010-12-08,90.33667
2010-12-09,90.45526
2010-12-10,82.4135
2010-12-11,85.722
2010-12-12,93.3025
2010-12-13,92.54077
2010-12-14,88.208496
2010-12-15,90.671
2010-12-16,89.8825
2010-12-17,91.706314
2010-12-18,89.75421
2010-12-19,83.2675
2010-12-20,76.8735
2010-12-21,92.235
2010-12-22,87.17389
2010-12-23,85.270996
2010-12-24,85.3245
2010-12-25,92.27637
2010-12-26,91.977776
2010-12-27,90.051765
2010-12-28,91.73389
2010-12-29,90.24333
2010-12-30,91.389336
2010-12-31,92.84143
2011-01-01,91.94769
2011-01-02,93.75
2011-01-03,92.762856
2011-01-04,84.798996
2011-01-05,86.5605
2011-01-06,80.071
2011-01-07,81.412
2011-01-08,85.4195
2011-01-09,90.81687
2011-01-10,87.41
2011-01-11,92.7525
2011-01-12,94.205
2011-01-13,93.621666
2011-01-14,93.55333
2011-01-15,93.229
2011-01-16,88.43316
2011-01-17,90.02461
2011-01-18,93.75
2011-01-19,
2011-01-20,93.08466
2011-01-21,78.532
2011-01-22,83.325
2011-01-23,79.505
2011-01-24,86.1985
2011-01-25,90.99167
2011-01-26,86.1755
2011-01-27,90.59277
2011-01-28,88.294
2011-01-29,91.06214
2011-01-30,90.47474
2011-01-31,91.5475
2011-02-01,92.16929
2011-02-02,91.71455
2011-02-03,92.77545
2011-02-04,93.568
2011-02-05,88.39333
2011-02-06,88.426315
2011-02-07,85.4305
2011-02-08,90.19
2011-02-09,
2011-02-10,87.338
2011-02-11,89.2979
2011-02-12,72.9355
2011-02-13,71.006996
2011-02-14,65.2635
2011-02-15,70.319
2011-02-16,69.5915
2011-02-17,89.2355
2011-02-18,87.886
2011-02-19,90.20278
2011-02-20,84.6175
2011-02-21,76.1215
2011-02-22,76.414
2011-02-23,81.7325
2011-02-24,91.77611
2011-02-25,89.7895
2011-02-26,79.688995
2011-02-27,88.93
2011-02-28,87.7405
2011-03-01,81.381996
2011-03-02,76.6065
2011-03-03,90.29
2011-03-04,90.97579
2011-03-05,83.317
2011-03-06,76.000496
2011-03-07,66.249
2011-03-08,65.3185
2011-03-09,70.945
2011-03-10,70.826
2011-03-11,65.9695
2011-03-12,64.955
2011-03-13,56.0765
2011-03-14,72.025
2011-03-15,70.33
2011-03-16,67.572
2011-03-17,82.9175
2011-03-18,83.701
2011-03-19,92.360664
2011-03-20,88.3115
2011-03-21,71.3185
2011-03-22,67.366
2011-03-23,66.406
2011-03-24,62.3205
2011-03-25,63.8365
2011-03-26,64.656494
2011-03-27,64.6515
2011-03-28,87.759
2011-03-29,78.8825
2011-03-30,63.549
2011-03-31,63.4655
2011-04-01,73.361
2011-04-02,66.5455
2011-04-03,58.9945
2011-04-04,53.986
2011-04-05,79.324
2011-04-06,65.0925
2011-04-07,67.281
2011-04-08,47.0845
2011-04-09,49.3765
2011-04-10,47.612
2011-04-11,49.1195
2011-04-12,78.288
2011-04-13,76.2905
2011-04-14,81.937
2011-04-15,73.6075
2011-04-16,59.1
2011-04-17,61.0445
2011-04-18,52.6715
2011-04-19,59.184
2011-04-20,50.253498
2011-04-21,58.1435
2011-04-22,53.024998
2011-04-23,56.624
2011-04-24,55.2915
2011-04-25,55.666
2011-04-26,43.711
2011-04-27,48.642
2011-04-28,54.226997
2011-04-29,55.4055
2011-04-30,63.106
2011-05-01,81.817
2011-05-02,76.9055
2011-05-03,69.9215
2011-05-04,63.7155
2011-05-05,53.400997
2011-05-06,51.087498
2011-05-07,65.419
2011-05-08,65.2045
2011-05-09,56.281998
2011-05-10,57.2455
2011-05-11,43.689
2011-05-12,47.049995
2011-05-13,65.451996
2011-05-14,58.343
2011-05-15,63.1385
2011-05-16,90.0875
2011-05-17,75.895996
2011-05-18,74.752495
2011-05-19,71.476
2011-05-20,65.181
2011-05-21,61.3815
2011-05-22,62.79
2011-05-23,72.005
2011-05-24,68.576996
2011-05-25,62.4465
2011-05-26,50.736
2011-05-27,62.9085
2011-05-28,64.4135
2011-05-29,76.5935
2011-05-30,65.167
2011-05-31,60.922997
2011-06-01,60.0515
2011-06-02,63.8695
2011-06-03,65.6155
2011-06-04,62.206497
2011-06-05,63.6115
2011-06-06,59.798
2011-06-07,61.875
2011-06-08,69.626495
2011-06-09,77.4745
2011-06-10,77.578995
2011-06-11,67.431
2011-06-12,60.038998
2011-06-13,54.791
2011-06-14,54.920498
2011-06-15,55.4465
2011-06-16,54.418
2011-06-17,57.823498
2011-06-18,58.3745
2011-06-19,82.371
2011-06-20,67.82
2011-06-21,65.912
2011-06-22,54.4125
2011-06-23,59.8195
2011-06-24,73.8655
2011-06-25,66.331
2011-06-26,58.456497
2011-06-27,51.621998
2011-06-28,75.597
2011-06-29,71.0925
2011-06-30,73.516
2011-07-01,86.648
2011-07-02,83.293
2011-07-03,75.499
2011-07-04,79.464
2011-07-05,74.377
2011-07-06,77.505
2011-07-07,64.7565
2011-07-08,63.653
2011-07-09,64.482
2011-07-10,56.475
2011-07-11,60.864998
2011-07-12,73.501
2011-07-13,61.9905
2011-07-14,61.431
2011-07-15,57.907997
2011-07-16,72.748
2011-07-17,64.8595
2011-07-18,66.701996
2011-07-19,62.195
2011-07-20,72.438
2011-07-21,83.1975
2011-07-22,74.05
2011-07-23,75.8375
2011-07-24,85.014496
2011-07-25,85.4335
2011-07-26,90.4075
2011-07-27,84.02
2011-07-28,77.659996
2011-07-29,87.449
2011-07-30,92.64333
2011-07-31,86.899
2011-08-01,84.6575
2011-08-02,78.966995
2011-08-03,72.8545
2011-08-04,72.253
2011-08-05,71.276
2011-08-06,74.6275
2011-08-07,73.218
2011-08-08,71.636
2011-08-09,81.9785
2011-08-10,72.569
2011-08-11,69.2955
2011-08-12,71.243996
2011-08-13,72.469
2011-08-14,74.334496
2011-08-15,73.178
2011-08-16,77.801
2011-08-17,70.169495
2011-08-18,67.114
2011-08-19,65.3245
2011-08-20,63.044
2011-08-21,58.393997
2011-08-22,65.7135
2011-08-23,66.429
2011-08-24,66.6255
2011-08-25,63.0535
2011-08-26,66.5535
2011-08-27,62.6405
2011-08-28,62.2305
2011-08-29,62.863
2011-08-30,66.8585
2011-08-31,60.848
2011-09-01,64.297
2011-09-02,81.062
2011-09-03,71.6615
2011-09-04,63.991
2011-09-05,62.3215
2011-09-06,81.4575
2011-09-07,73.571
2011-09-08,76.929
2011-09-09,62.3175
2011-09-10,72.7455
2011-09-11,66.0885
2011-09-12,64.489
2011-09-13,63.560997
2011-09-14,62.091
2011-09-15,66.9565
2011-09-16,66.3435
2011-09-17,67.042496
2011-09-18,61.914
2011-09-19,52.566998
2011-09-20,70.8165
2011-09-21,71.2145
2011-09-22,77.5095
2011-09-23,72.1145
2011-09-24,63.0605
2011-09-25,62.999
2011-09-26,62.733
2011-09-27,61.6645
2011-09-28,64.0545
2011-09-29,59.1585
2011-09-30,67.013
2011-10-01,65.612495
2011-10-02,64.1405
2011-10-03,65.4435
2011-10-04,66.3215
2011-10-05,65.7995
2011-10-06,69.5535
2011-10-07,69.4295
2011-10-08,81.736
2011-10-09,78.779495
2011-10-10,73.651
2011-10-11,90.460556
2011-10-12,78.446
2011-10-13,69.5565
2011-10-14,77.9345
2011-10-15,76.99
2011-10-16,65.3405
2011-10-17,62.648
2011-10-18,60.512
2011-10-19,51.950497
2011-10-20,75.446
2011-10-21,88.598
2011-10-22,90.096
2011-10-23,91.552
2011-10-24,82.631
2011-10-25,76.621
2011-10-26,70.908
2011-10-27,72.9005
2011-10-28,75.542
2011-10-29,77.1695
2011-10-30,78.589
2011-10-31,76.8425
2011-11-01,76.467
2011-11-02,79.983
2011-11-03,78.5325
2011-11-04,78.554
2011-11-05,65.037
2011-11-06,64.552
2011-11-07,68.539
2011-11-08,69.797
2011-11-09,75.464
2011-11-10,71.1835
2011-11-11,69.276
2011-11-12,71.917496
2011-11-13,76.2845
2011-11-14,75.3975
2011-11-15,78.572
2011-11-16,82.778
2011-11-17,85.625
2011-11-18,89.6879
2011-11-19,88.39684
2011-11-20,84.163
2011-11-21,85.3905
2011-11-22,85.449
2011-11-23,90.075264
2011-11-24,92.66923
2011-11-25,92.46667
2011-11-26,93.75
2011-11-27,91.68667
2011-11-28,93.153336
2011-11-29,90.07353
2011-11-30,89.20895
2011-12-01,92.16
2011-12-02,92.56084
2011-12-03,89.927055
2011-12-04,90.067894
2011-12-05,81.836
2011-12-06,79.0635
2011-12-07,87.783
2011-12-08,80.748
2011-12-09,80.5265
2011-12-10,81.586
2011-12-11,87.1525
2011-12-12,86.5845
2011-12-13,90.93143
2011-12-14,90.94334
2011-12-15,92.641
2011-12-16,85.90579
2011-12-17,90.98684
2011-12-18,87.697
2011-12-19,87.27684
2011-12-20,92.25471
2011-12-21,86.246
2011-12-22,90.151
2011-12-23,92.10714
2011-12-24,90.11278
2011-12-25,93.6025
2011-12-26,93.75
2011-12-27,94.71
2011-12-28,
2011-12-29,92.12143
2011-12-30,93.025
2011-12-31,94.567505
2012-01-01,89.1655
2012-01-02,75.3305
2012-01-03,87.2845
2012-01-04,90.298416
2012-01-05,87.4945
2012-01-06,87.8375
2012-01-07,74.7455
2012-01-08,94.05333
2012-01-09,94.935
2012-01-10,94.69
2012-01-11,93.01143
2012-01-12,92.28625
2012-01-13,81.088
2012-01-14,78.2695
2012-01-15,77.037994
2012-01-16,74.5515
2012-01-17,87.9215
2012-01-18,86.522
2012-01-19,90.4875
2012-01-20,91.21562
2012-01-21,84.8965
2012-01-22,87.3985
2012-01-23,83.662
2012-01-24,90.9695
2012-01-25,76.2785
2012-01-26,76.583496
2012-01-27,79.3245
2012-01-28,82.6605
2012-01-29,75.083
2012-01-30,69.206
2012-01-31,68.891
2012-02-01,65.152
2012-02-02,62.028
2012-02-03,75.3855
2012-02-04,88.948
2012-02-05,81.169
2012-02-06,76.391
2012-02-07,73.843
2012-02-08,80.459496
2012-02-09,80.8335
2012-02-10,81.034996
2012-02-11,74.224495
2012-02-12,73.3575
2012-02-13,87.3385
2012-02-14,85.429504
2012-02-15,88.5
2012-02-16,79.152
2012-02-17,88.003
2012-02-18,92.1425
2012-02-19,78.993996
2012-02-20,91.113686
2012-02-21,75.2115
2012-02-22,83.817
2012-02-23,92.55294
2012-02-24,92.435715
2012-02-25,80.986
2012-02-26,79.201
2012-02-27,62.631496
2012-02-28,73.774
2012-02-29,82.1165
2012-03-01,72.7065
2012-03-02,87.640526
2012-03-03,51.609997
2012-03-04,59.428
2012-03-05,65.0555
2012-03-06,59.694
2012-03-07,60.896
2012-03-08,62.2505
2012-03-09,60.677
2012-03-10,62.9115
2012-03-11,82.6165
2012-03-12,58.604
2012-03-13,78.996
2012-03-14,73.212
2012-03-15,51.5205
2012-03-16,58.394997
2012-03-17,50.490498
2012-03-18,42.450497
2012-03-19,56.813
2012-03-20,47.092
2012-03-21,50.102497
2012-03-22,56.316498
2012-03-23,55.71
2012-03-24,55.313
2012-03-25,48.972
2012-03-26,42.8915
2012-03-27,45.093
2012-03-28,43.024
2012-03-29,49.877
2012-03-30,60.739998
2012-03-31,58.656
2012-04-01,61.489998
2012-04-02,45.0555
2012-04-03,45.9165
2012-04-04,57.4655
2012-04-05,62.475
2012-04-06,73.0335
2012-04-07,73.753
2012-04-08,69.694
2012-04-09,53.016
2012-04-10,55.518997
2012-04-11,50.981
2012-04-12,66.6935
2012-04-13,62.0915
2012-04-14,89.978424
2012-04-15,89.203
2012-04-16,82.458
2012-04-17,84.54
2012-04-18,89.2855
2012-04-19,82.213
2012-04-20,70.336
2012-04-21,85.881996
2012-04-22,75.3675
2012-04-23,73.223
2012-04-24,75.056
2012-04-25,75.905
2012-04-26,65.4495
2012-04-27,57.169
2012-04-28,52.732
2012-04-29,51.4645
2012-04-30,48.5635
2012-05-01,50.225998
2012-05-02,53.809498
2012-05-03,53.0835
2012-05-04,74.862495
2012-05-05,65.577
2012-05-06,58.1885
2012-05-07,77.684
2012-05-08,90.50684
2012-05-09,74.5965
2012-05-10,64.8805
2012-05-11,56.9225
2012-05-12,54.253
2012-05-13,76.7725
2012-05-14,84.011
2012-05-15,85.9355
2012-05-16,90.6725
2012-05-17,81.708
2012-05-18,74.2185
2012-05-19,72.185
2012-05-20,70.352
2012-05-21,66.7845
2012-05-22,72.9615
2012-05-23,77.8815
2012-05-24,72.542496
2012-05-25,56.517498
2012-05-26,73.3685
2012-05-27,73.4375
2012-05-28,71.6635
2012-05-29,78.6845
2012-05-30,68.488495
2012-05-31,66.8185
2012-06-01,80.2145
2012-06-02,72.156
2012-06-03,69.645
2012-06-04,69.194
2012-06-05,83.654
2012-06-06,79.639
2012-06-07,72.822
2012-06-08,68.243
2012-06-09,62.664997
2012-06-10,80.362
2012-06-11,87.483
2012-06-12,89.856
2012-06-13,75.6985
2012-06-14,77.58
2012-06-15,73.0745
2012-06-16,69.015495
2012-06-17,67.4275
2012-06-18,69.338
2012-06-19,68.401
2012-06-20,66.2165
2012-06-21,61.195
2012-06-22,71.8245
2012-06-23,58.737
2012-06-24,55.842
2012-06-25,75.687
2012-06-26,67.6865
2012-06-27,60.213497
2012-06-28,74.2595
2012-06-29,72.159996
2012-06-30,65.21
2012-07-01,64.3845
2012-07-02,63.317497
2012-07-03,61.123497
2012-07-04,56.2695
2012-07-05,57.764
2012-07-06,55.9195
2012-07-07,57.865997
2012-07-08,59.1615
2012-07-09,61.325
2012-07-10,65.654
2012-07-11,61.247498
2012-07-12,78.530495
2012-07-13,59.4815
2012-07-14,63.0775
2012-07-15,75.168
2012-07-16,75.601
2012-07-17,67.266
2012-07-18,63.004498
2012-07-19,54.664
2012-07-20,58.202
2012-07-21,63.233997
2012-07-22,80.395
2012-07-23,66.583
2012-07-24,65.6895
2012-07-25,77.4955
2012-07-26,81.916
2012-07-27,81.7775
2012-07-28,70.311
2012-07-29,66.1235
2012-07-30,80.3145
2012-07-31,72.9705
2012-08-01,71.2195
2012-08-02,67.904
2012-08-03,59.3845
2012-08-04,59.5495
2012-08-05,58.920998
2012-08-06,55.547497
2012-08-07,52.578
2012-08-08,50.317997
2012-08-09,48.6275
2012-08-10,51.697998
2012-08-11,59.580997
2012-08-12,78.6365
2012-08-13,69.722
2012-08-14,65.7745
2012-08-15,60.098
2012-08-16,62.3425
2012-08-17,58.4105
2012-08-18,56.0145
2012-08-19,52.031
2012-08-20,51.9895
2012-08-21,47.150997
2012-08-22,48.286
2012-08-23,49.385498
2012-08-24,48.657497
2012-08-25,46.8765
2012-08-26,49.670998
2012-08-27,70.381
2012-08-28,51.968998
2012-08-29,54.0995
2012-08-30,53.0
2012-08-31,44.6245
2012-09-01,38.495
2012-09-02,53.265
2012-09-03,52.8345
2012-09-04,59.8075
2012-09-05,58.2015
2012-09-06,64.768
2012-09-07,54.144497
2012-09-08,56.989
2012-09-09,60.591
2012-09-10,56.1955
2012-09-11,52.879498
2012-09-12,50.2655
2012-09-13,50.7385
2012-09-14,62.503498
2012-09-15,81.778496
2012-09-16,62.5345
2012-09-17,61.379997
2012-09-18,63.072
2012-09-19,66.2475
2012-09-20,92.5645
2012-09-21,75.511
2012-09-22,76.7985
2012-09-23,70.8705
2012-09-24,68.0685
2012-09-25,77.714
2012-09-26,65.949
2012-09-27,56.232998
2012-09-28,76.201
2012-09-29,74.862495
2012-09-30,70.931
2012-10-01,72.0235
2012-10-02,86.9995
2012-10-03,87.0515
2012-10-04,78.298996
2012-10-05,72.382996
2012-10-06,65.385
2012-10-07,76.9615
2012-10-08,74.167496
2012-10-09,69.6665
2012-10-10,65.124
2012-10-11,76.124
2012-10-12,71.1625
2012-10-13,75.4635
2012-10-14,89.636665
2012-10-15,86.0105
2012-10-16,79.168
2012-10-17,79.71
2012-10-18,72.250496
2012-10-19,72.825
2012-10-20,71.179
2012-10-21,74.1175
2012-10-22,83.056
2012-10-23,83.0555
2012-10-24,83.954
2012-10-25,90.1225
2012-10-26,78.0375
2012-10-27,76.612
2012-10-28,90.165
2012-10-29,89.76462
2012-10-30,84.8845
2012-10-31,74.335
2012-11-01,84.959496
2012-11-02,86.3375
2012-11-03,86.545265
2012-11-04,79.831
2012-11-05,72.673996
2012-11-06,76.4545
2012-11-07,77.308
2012-11-08,83.832
2012-11-09,88.47895
2012-11-10,91.678665
2012-11-11,78.59
2012-11-12,75.1155
2012-11-13,86.847496
2012-11-14,81.2135
2012-11-15,89.73353
2012-11-16,90.45941
2012-11-17,87.48211
2012-11-18,84.828
2012-11-19,86.12211
2012-11-20,92.60889
2012-11-21,93.07833
2012-11-22,93.718575
2012-11-23,93.87333
2012-11-24,92.09
2012-11-25,89.648
2012-11-26,88.121
2012-11-27,77.2975
2012-11-28,76.077995
2012-11-29,79.1305
2012-11-30,92.75636
2012-12-01,90.62375
2012-12-02,92.696
2012-12-03,88.6385
2012-12-04,80.813995
2012-12-05,92.152855
2012-12-06,90.0621
2012-12-07,84.807
2012-12-08,83.99
2012-12-09,90.2175
2012-12-10,87.23579
2012-12-11,90.0475
2012-12-12,91.31167
2012-12-13,81.8645
2012-12-14,72.0325
2012-12-15,80.0235
2012-12-16,91.0
2012-12-17,93.409996
2012-12-18,91.82857
2012-12-19,90.69334
2012-12-20,85.5185
2012-12-21,90.155
2012-12-22,90.613
2012-12-23,84.2755
2012-12-24,91.012665
2012-12-25,85.7025
2012-12-26,87.367226
2012-12-27,93.716
2012-12-28,88.23055
2012-12-29,80.2995
2012-12-30,90.50235
2012-12-31,92.806366
2013-01-01,92.37125
2013-01-02,91.47667
2013-01-03,93.37778
2013-01-04,92.095
2013-01-05,87.87722
2013-01-06,78.6035
2013-01-07,70.5465
2013-01-08,73.2865
2013-01-09,88.19211
2013-01-10,90.7675
2013-01-11,92.16
2013-01-12,86.3735
2013-01-13,81.983
2013-01-14,77.947495
2013-01-15,90.988235
2013-01-16,93.35714
2013-01-17,88.61632
2013-01-18,89.74947
2013-01-19,90.05875
2013-01-20,91.085
2013-01-21,84.289
2013-01-22,88.87
2013-01-23,90.81625
2013-01-24,91.39389
2013-01-25,78.957
2013-01-26,76.9765
2013-01-27,85.1815
2013-01-28,92.45416
2013-01-29,91.707275
2013-01-30,93.113335
2013-01-31,83.705
2013-02-01,76.9925
2013-02-02,87.167366
2013-02-03,93.57333
2013-02-04,91.23118
2013-02-05,82.1675
2013-02-06,77.5955
2013-02-07,90.35778
2013-02-08,79.1495
2013-02-09,90.97
2013-02-10,90.39
2013-02-11,82.9625
2013-02-12,75.3125
2013-02-13,71.1245
2013-02-14,86.2995
2013-02-15,88.5685
2013-02-16,86.623
2013-02-17,77.4945
2013-02-18,77.3815
2013-02-19,73.097496
2013-02-20,80.699
2013-02-21,85.591
2013-02-22,92.556
2013-02-23,81.8845
2013-02-24,75.325
2013-02-25,83.93
2013-02-26,79.972
2013-02-27,81.4355
2013-02-28,82.0875
2013-03-01,89.8925
2013-03-02,66.322495
2013-03-03,70.3605
2013-03-04,58.1735
2013-03-05,57.9225
2013-03-06,53.5505
2013-03-07,69.597496
2013-03-08,86.20158
2013-03-09,90.457504
2013-03-10,93.546
2013-03-11,86.48526
2013-03-12,82.4895
2013-03-13,88.775
2013-03-14,93.40909
2013-03-15,91.54143
2013-03-16,78.181496
2013-03-17,70.8495
2013-03-18,68.7555
2013-03-19,80.849
2013-03-20,72.85
2013-03-21,82.204
2013-03-22,89.37842
2013-03-23,63.714
2013-03-24,45.892
2013-03-25,65.5235
2013-03-26,92.854
2013-03-27,92.36111
2013-03-28,85.292
2013-03-29,86.8875
2013-03-30,91.66882
2013-03-31,90.2075
2013-04-01,84.062996
2013-04-02,85.354996
2013-04-03,92.168335
2013-04-04,92.4325
2013-04-05,87.09737
2013-04-06,81.4795
2013-04-07,73.679
2013-04-08,68.626
2013-04-09,83.7705
2013-04-10,88.2975
2013-04-11,76.0085
2013-04-12,75.5395
2013-04-13,75.582
2013-04-14,67.82
2013-04-15,66.2855
2013-04-16,58.285
2013-04-17,57.55
2013-04-18,53.906998
2013-04-19,48.5415
2013-04-20,56.0975
2013-04-21,54.184
2013-04-22,60.6535
2013-04-23,65.376
2013-04-24,58.4895
2013-04-25,54.9545
2013-04-26,56.163498
2013-04-27,53.857998
2013-04-28,57.492
2013-04-29,60.420498
2013-04-30,53.773
2013-05-01,54.695
2013-05-02,60.024
2013-05-03,63.453
2013-05-04,64.288
2013-05-05,58.724
2013-05-06,59.3155
2013-05-07,68.989
2013-05-08,66.308
2013-05-09,63.195
2013-05-10,51.667
2013-05-11,42.1445
2013-05-12,70.638
2013-05-13,72.590996
2013-05-14,84.303
2013-05-15,82.094
2013-05-16,66.891495
2013-05-17,79.7625
2013-05-18,66.731
2013-05-19,58.8955
2013-05-20,56.296497
2013-05-21,62.585
2013-05-22,91.225555
2013-05-23,86.48
2013-05-24,79.895
2013-05-25,75.959496
2013-05-26,86.589
2013-05-27,84.881
2013-05-28,81.9225
2013-05-29,68.5615
2013-05-30,87.9445
2013-05-31,68.7595
2013-06-01,78.786995
2013-06-02,79.826
2013-06-03,86.575
2013-06-04,87.5935
2013-06-05,78.415
2013-06-06,85.688
2013-06-07,78.5915
2013-06-08,71.3045
2013-06-09,74.609
2013-06-10,78.96
2013-06-11,75.626495
2013-06-12,79.5365
2013-06-13,70.6655
2013-06-14,67.332
2013-06-15,69.942
2013-06-16,64.721
2013-06-17,63.64
2013-06-18,65.587
2013-06-19,67.655
2013-06-20,69.5255
2013-06-21,67.189995
2013-06-22,75.97
2013-06-23,75.778
2013-06-24,78.763
2013-06-25,86.5495
2013-06-26,78.118
2013-06-27,81.9675
2013-06-28,74.770996
2013-06-29,77.1515
2013-06-30,69.0265
2013-07-01,59.5195
2013-07-02,63.5775
2013-07-03,62.8265
2013-07-04,62.7865
2013-07-05,71.559
2013-07-06,67.6995
2013-07-07,61.4175
2013-07-08,64.5555
2013-07-09,64.547
2013-07-10,75.8365
2013-07-11,76.695
2013-07-12,68.0915
2013-07-13,69.0785
2013-07-14,67.9295
2013-07-15,75.6015
2013-07-16,68.266
2013-07-17,62.5565
2013-07-18,64.058
2013-07-19,62.9165
2013-07-20,62.0415
2013-07-21,52.1975
2013-07-22,57.879997
2013-07-23,58.553
2013-07-24,52.2935
2013-07-25,61.912
2013-07-26,61.442
2013-07-27,60.4845
2013-07-28,57.440998
2013-07-29,55.0835
2013-07-30,69.423
2013-07-31,63.688
2013-08-01,61.122
2013-08-02,57.242
2013-08-03,58.9845
2013-08-04,51.6905
2013-08-05,56.497498
2013-08-06,58.232998
2013-08-07,59.203
2013-08-08,53.012497
2013-08-09,50.6335
2013-08-10,66.099
2013-08-11,64.5445
2013-08-12,60.2065
2013-08-13,51.687
2013-08-14,61.054
2013-08-15,55.6515
2013-08-16,53.2905
2013-08-17,56.1075
2013-08-18,55.1555
2013-08-19,52.081497
2013-08-20,51.9055
2013-08-21,72.517
2013-08-22,63.305
2013-08-23,58.4465
2013-08-24,56.605
2013-08-25,67.741
2013-08-26,86.39
2013-08-27,83.0085
2013-08-28,88.128
2013-08-29,83.022
2013-08-30,71.38
2013-08-31,70.1585
2013-09-01,71.754
2013-09-02,60.406498
2013-09-03,62.538
2013-09-04,58.839
2013-09-05,62.726498
2013-09-06,59.035
2013-09-07,55.9955
2013-09-08,59.1885
2013-09-09,77.0395
2013-09-10,83.4755
2013-09-11,89.5665
2013-09-12,79.165
2013-09-13,74.923996
2013-09-14,90.53445
2013-09-15,85.04158
2013-09-16,75.948
2013-09-17,80.918495
2013-09-18,74.696
2013-09-19,81.8825
2013-09-20,74.1655
2013-09-21,76.231995
2013-09-22,69.499
2013-09-23,75.957
2013-09-24,76.253
2013-09-25,63.7445
2013-09-26,74.4945
2013-09-27,65.623
2013-09-28,66.8765
2013-09-29,62.299
2013-09-30,64.895
2013-10-01,84.1925
2013-10-02,67.123
2013-10-03,57.737
2013-10-04,66.2995
2013-10-05,64.2495
2013-10-06,64.7835
2013-10-07,57.958
2013-10-08,63.381
2013-10-09,74.9005
2013-10-10,92.34857
2013-10-11,73.5185
2013-10-12,68.0205
2013-10-13,84.529495
2013-10-14,80.1365
2013-10-15,92.494705
2013-10-16,94.455
2013-10-17,84.511
2013-10-18,82.024
2013-10-19,69.5655
2013-10-20,68.208496
2013-10-21,76.647
2013-10-22,83.074
2013-10-23,66.45
2013-10-24,72.090996
2013-10-25,72.931496
2013-10-26,77.5055
2013-10-27,69.5755
2013-10-28,70.957
2013-10-29,72.188995
2013-10-30,77.788
2013-10-31,67.1065
2013-11-01,86.2155
2013-11-02,80.298
2013-11-03,80.9015
2013-11-04,84.768
2013-11-05,83.657
2013-11-06,82.6545
2013-11-07,86.472496
2013-11-08,75.6835
2013-11-09,73.131
2013-11-10,87.86632
2013-11-11,80.2745
2013-11-12,78.21
2013-11-13,86.1225
2013-11-14,75.039
2013-11-15,85.7585
2013-11-16,84.918
2013-11-17,91.323845
2013-11-18,92.181114
2013-11-19,86.520004
2013-11-20,70.8955
2013-11-21,86.258
2013-11-22,88.0
2013-11-23,90.7175
2013-11-24,90.5025
2013-11-25,77.8305
2013-11-26,62.6445
2013-11-27,73.209
2013-11-28,85.506996
2013-11-29,87.86
2013-11-30,80.5485
2013-12-01,84.5555
2013-12-02,80.896996
2013-12-03,75.124
2013-12-04,86.07842
2013-12-05,89.52824
2013-12-06,75.425995
2013-12-07,60.788498
2013-12-08,74.7195
2013-12-09,80.347496
2013-12-10,65.3645
2013-12-11,76.99
2013-12-12,77.1465
2013-12-13,83.719
2013-12-14,86.59
2013-12-15,90.082634
2013-12-16,88.97111
2013-12-17,85.0275
2013-12-18,87.712105
2013-12-19,89.9695
2013-12-20,86.435
2013-12-21,91.10222
2013-12-22,89.95706
2013-12-23,77.385
2013-12-24,83.397896
2013-12-25,71.515
2013-12-26,63.942497
2013-12-27,77.995
2013-12-28,87.87778
2013-12-29,83.344
2013-12-30,85.874
2013-12-31,90.70357
2014-01-01,87.22882
2014-01-02,82.622
2014-01-03,84.992
2014-01-04,85.826996
2014-01-05,79.803
2014-01-06,87.177895
2014-01-07,93.67571
2014-01-08,92.979996
2014-01-09,91.185
2014-01-10,88.90611
2014-01-11,85.992
2014-01-12,79.0095
2014-01-13,71.802
2014-01-14,67.7195
2014-01-15,87.71684
2014-01-16,88.39158
2014-01-17,77.8245
2014-01-18,88.463684
2014-01-19,80.4095
2014-01-20,87.115
2014-01-21,90.32823
2014-01-22,87.50684
2014-01-23,82.743
2014-01-24,80.7555
2014-01-25,87.7415
2014-01-26,85.93737
2014-01-27,84.175
2014-01-28,87.293
2014-01-29,88.133
2014-01-30,87.034
2014-01-31,79.251
2014-02-01,79.075
2014-02-02,76.9275
2014-02-03,79.8655
2014-02-04,79.1095
2014-02-05,73.705
2014-02-06,79.293
2014-02-07,83.239
2014-02-08,86.5385
2014-02-09,81.644
2014-02-10,78.428
2014-02-11,76.178
2014-02-12,81.2245
2014-02-13,82.566
2014-02-14,84.742
2014-02-15,82.4345
2014-02-16,71.023
2014-02-17,87.95
2014-02-18,83.974
2014-02-19,79.8705
2014-02-20,82.182495
2014-02-21,89.58737
2014-02-22,93.37417
2014-02-23,86.6925
2014-02-24,86.5065
2014-02-25,86.8395
2014-02-26,80.951996
2014-02-27,81.2565
2014-02-28,75.520996
2014-03-01,72.5895
2014-03-02,74.7125
2014-03-03,76.868996
2014-03-04,85.26
2014-03-05,85.569496
2014-03-06,75.833
2014-03-07,74.7475
2014-03-08,74.431
2014-03-09,64.3855
2014-03-10,48.925
2014-03-11,41.07
2014-03-12,43.5645
2014-03-13,44.377
2014-03-14,52.9615
2014-03-15,60.076
2014-03-16,72.733
2014-03-17,63.312
2014-03-18,57.6935
2014-03-19,65.0115
2014-03-20,63.421497
2014-03-21,58.604
2014-03-22,48.371998
2014-03-23,52.4525
2014-03-24,74.292
2014-03-25,78.6765
2014-03-26,69.5085
2014-03-27,64.755
2014-03-28,58.861
2014-03-29,46.762997
2014-03-30,51.691498
2014-03-31,57.4105
2014-04-01,53.024498
2014-04-02,50.623497
2014-04-03,59.803497
2014-04-04,65.6715
2014-04-05,71.8715
2014-04-06,87.457
2014-04-07,75.709
2014-04-08,67.354996
2014-04-09,84.9685
2014-04-10,78.4095
2014-04-11,78.511
2014-04-12,77.085
2014-04-13,74.0495
2014-04-14,77.625496
2014-04-15,75.003
2014-04-16,69.2725
2014-04-17,62.1245
2014-04-18,62.974
2014-04-19,58.3835
2014-04-20,72.7735
2014-04-21,66.84
2014-04-22,82.8475
2014-04-23,77.934
2014-04-24,78.160995
2014-04-25,82.2775
2014-04-26,79.418
2014-04-27,68.8025
2014-04-28,63.740997
2014-04-29,77.6425
2014-04-30,77.4665
2014-05-01,78.1005
2014-05-02,77.5355
2014-05-03,74.59
2014-05-04,72.0365
2014-05-05,51.983997
2014-05-06,58.357
2014-05-07,56.97
2014-05-08,78.778
2014-05-09,66.4335
2014-05-10,62.4025
2014-05-11,63.116497
2014-05-12,79.471
2014-05-13,69.702995
2014-05-14,84.4275
2014-05-15,87.7945
2014-05-16,81.821495
2014-05-17,91.817894
2014-05-18,81.5085
2014-05-19,73.936
2014-05-20,67.0545
2014-05-21,62.3405
2014-05-22,59.129997
2014-05-23,57.6465
2014-05-24,59.774998
2014-05-25,74.0735
2014-05-26,74.9845
2014-05-27,81.067
2014-05-28,66.367
2014-05-29,70.0895
2014-05-30,70.162
2014-05-31,69.9075
2014-06-01,71.8505
2014-06-02,76.109
2014-06-03,65.9935
2014-06-04,61.2755
2014-06-05,56.263
2014-06-06,55.406498
2014-06-07,57.4735
2014-06-08,54.5585
2014-06-09,53.802
2014-06-10,47.0975
2014-06-11,48.611
2014-06-12,45.939
2014-06-13,48.517
2014-06-14,54.5085
2014-06-15,55.906998
2014-06-16,53.8565
2014-06-17,57.108997
2014-06-18,51.8155
2014-06-19,52.9735
2014-06-20,62.6535
2014-06-21,60.733498
2014-06-22,51.0145
2014-06-23,51.8285
2014-06-24,79.26
2014-06-25,86.529495
2014-06-26,69.4355
2014-06-27,59.961
2014-06-28,53.0515
2014-06-29,55.170498
2014-06-30,69.0965
2014-07-01,74.7955
2014-07-02,62.241
2014-07-03,77.147995
2014-07-04,61.165
2014-07-05,58.389
2014-07-06,61.8035
2014-07-07,59.925
2014-07-08,73.029495
2014-07-09,87.2435
2014-07-10,76.819496
2014-07-11,92.950905
2014-07-12,86.9105
2014-07-13,71.8565
2014-07-14,76.073
2014-07-15,72.091995
2014-07-16,66.639496
2014-07-17,72.270996
2014-07-18,78.606995
2014-07-19,69.254
2014-07-20,63.9665
2014-07-21,62.3495
2014-07-22,89.1425
2014-07-23,91.841
2014-07-24,83.2815
2014-07-25,73.939
2014-07-26,73.5625
2014-07-27,77.878
2014-07-28,76.657
2014-07-29,82.1225
2014-07-30,74.7605
2014-07-31,77.406494
2014-08-01,69.6245
2014-08-02,65.562
2014-08-03,67.2405
2014-08-04,73.1055
2014-08-05,70.9975
2014-08-06,77.2225
2014-08-07,83.1535
2014-08-08,90.177895
2014-08-09,77.838
2014-08-10,69.556
2014-08-11,72.619995
2014-08-12,80.9775
2014-08-13,74.047
2014-08-14,73.3835
2014-08-15,80.528496
2014-08-16,72.167
2014-08-17,71.1095
2014-08-18,66.93
2014-08-19,63.5415
2014-08-20,73.6275
2014-08-21,87.654
2014-08-22,71.312996
2014-08-23,69.8115
2014-08-24,80.3325
2014-08-25,66.1665
2014-08-26,72.6695
2014-08-27,77.6075
2014-08-28,68.7555
2014-08-29,67.292496
2014-08-30,66.945
2014-08-31,66.5625
2014-09-01,63.895
2014-09-02,62.096
2014-09-03,64.92
2014-09-04,60.212498
2014-09-05,66.4675
2014-09-06,72.079
2014-09-07,73.4655
2014-09-08,75.451
2014-09-09,70.1495
2014-09-10,83.146996
2014-09-11,83.042
2014-09-12,81.9915
2014-09-13,91.34105
2014-09-14,91.172226
2014-09-15,84.928
2014-09-16,84.408
2014-09-17,82.2415
2014-09-18,71.894
2014-09-19,65.9175
2014-09-20,78.8575
2014-09-21,92.32389
2014-09-22,88.3765
2014-09-23,78.1975
2014-09-24,73.0395
2014-09-25,74.7185
2014-09-26,83.595
2014-09-27,75.281
2014-09-28,71.019
2014-09-29,77.0555
2014-09-30,74.3675
2014-10-01,81.132996
2014-10-02,90.105
2014-10-03,94.7
2014-10-04,90.98722
2014-10-05,89.702
2014-10-06,79.157
2014-10-07,80.7195
2014-10-08,80.428
2014-10-09,79.2245
2014-10-10,78.293
2014-10-11,78.1295
2014-10-12,79.1155
2014-10-13,77.538
2014-10-14,73.639
2014-10-15,93.86667
2014-10-16,92.01466
2014-10-17,93.542496
2014-10-18,90.148
2014-10-19,87.404
2014-10-20,85.648
2014-10-21,90.55789
2014-10-22,94.04
2014-10-23,93.46
2014-10-24,91.68154
2014-10-25,89.755264
2014-10-26,82.595
2014-10-27,82.22
2014-10-28,84.181
2014-10-29,86.006
2014-10-30,84.8895
2014-10-31,88.478
2014-11-01,79.904495
2014-11-02,84.5275
2014-11-03,83.8
2014-11-04,76.077995
2014-11-05,68.6225
2014-11-06,71.388
2014-11-07,70.8885
2014-11-08,82.1725
2014-11-09,91.180504
2014-11-10,91.43833
2014-11-11,87.11737
2014-11-12,84.272
2014-11-13,85.74
2014-11-14,88.51947
2014-11-15,91.876366
2014-11-16,89.09278
2014-11-17,93.74333
2014-11-18,92.23444
2014-11-19,92.08134
2014-11-20,85.798
2014-11-21,81.38
2014-11-22,84.1825
2014-11-23,83.7305
2014-11-24,91.0675
2014-11-25,93.798
2014-11-26,
2014-11-27,91.0
2014-11-28,93.22429
2014-11-29,93.51444
2014-11-30,91.482
2014-12-01,90.579414
2014-12-02,92.70375
2014-12-03,89.96526
2014-12-04,89.787056
2014-12-05,91.655624
2014-12-06,91.868
2014-12-07,93.35
2014-12-08,93.80333
2014-12-09,91.289375
2014-12-10,90.103
2014-12-11,91.45563
2014-12-12,92.18
2014-12-13,76.7115
2014-12-14,79.749
2014-12-15,81.2495
2014-12-16,83.4925
2014-12-17,92.04143
2014-12-18,91.69
2014-12-19,90.842224
2014-12-20,81.0075
2014-12-21,81.541
2014-12-22,85.94473
2014-12-23,83.9385
2014-12-24,85.194496
2014-12-25,85.7215
2014-12-26,87.66052
2014-12-27,79.563995
2014-12-28,85.126
2014-12-29,70.528
2014-12-30,62.608498
2014-12-31,73.375
2015-01-01,73.854
2015-01-02,84.191
2015-01-03,92.32
2015-01-04,93.013336
2015-01-05,83.8265
2015-01-06,74.2675
2015-01-07,79.0225
2015-01-08,76.719
2015-01-09,82.707
2015-01-10,90.262726
2015-01-11,87.2875
2015-01-12,83.7815
2015-01-13,82.8015
2015-01-14,79.909996
2015-01-15,89.00895
2015-01-16,80.3875
2015-01-17,66.2985
2015-01-18,89.10177
2015-01-19,94.24
2015-01-20,93.9425
2015-01-21,92.026665
2015-01-22,93.237854
2015-01-23,93.17857
2015-01-24,89.823074
2015-01-25,94.365715
2015-01-26,87.288
2015-01-27,93.55857
2015-01-28,91.312
2015-01-29,91.39125
2015-01-30,75.6975
2015-01-31,81.085
2015-02-01,86.184
2015-02-02,
2015-02-03,91.58833
2015-02-04,89.443
2015-02-05,88.257225
2015-02-06,71.3685
2015-02-07,74.672
2015-02-08,86.16
2015-02-09,74.696
2015-02-10,89.17158
2015-02-11,88.74368
2015-02-12,82.26
2015-02-13,77.925
2015-02-14,77.181
2015-02-15,78.4945
2015-02-16,81.1505
2015-02-17,57.052998
2015-02-18,62.531
2015-02-19,79.734
2015-02-20,76.9005
2015-02-21,73.0355
2015-02-22,72.58
2015-02-23,91.91866
2015-02-24,81.4935
2015-02-25,92.225
2015-02-26,93.06688
2015-02-27,88.457504
2015-02-28,85.265
2015-03-01,93.168
2015-03-02,86.374
2015-03-03,74.603
2015-03-04,66.9965
2015-03-05,68.936
2015-03-06,68.571
2015-03-07,61.1635
2015-03-08,59.616
2015-03-09,62.515
2015-03-10,64.2475
2015-03-11,66.9345
2015-03-12,82.0405
2015-03-13,83.3595
2015-03-14,84.6485
2015-03-15,81.169
2015-03-16,61.031498
2015-03-17,52.036
2015-03-18,45.52
2015-03-19,62.4805
2015-03-20,63.2845
2015-03-21,56.941998
2015-03-22,59.608498
2015-03-23,54.4115
2015-03-24,56.1945
2015-03-25,55.71
2015-03-26,56.8805
2015-03-27,62.6485
2015-03-28,73.403
2015-03-29,64.4505
2015-03-30,74.7725
2015-03-31,76.667496
2015-04-01,58.9545
2015-04-02,63.6585
2015-04-03,65.912
2015-04-04,62.5565
2015-04-05,57.8275
2015-04-06,63.404
2015-04-07,50.909
2015-04-08,68.2185
2015-04-09,43.149998
2015-04-10,40.4725
2015-04-11,47.181
2015-04-12,51.3745
2015-04-13,53.485
2015-04-14,40.206497
2015-04-15,51.2795
2015-04-16,43.112
2015-04-17,60.220997
2015-04-18,64.581
2015-04-19,59.827
2015-04-20,58.3475
2015-04-21,51.184
2015-04-22,50.475998
2015-04-23,49.075497
2015-04-24,48.881
2015-04-25,56.8635
2015-04-26,60.281
2015-04-27,55.361
2015-04-28,65.881
2015-04-29,68.1285
2015-04-30,59.331497
2015-05-01,62.516
2015-05-02,90.223
2015-05-03,67.494995
2015-05-04,77.477
2015-05-05,75.5305
2015-05-06,66.874
2015-05-07,70.756
2015-05-08,55.7835
2015-05-09,57.68
2015-05-10,70.06
2015-05-11,64.4805
2015-05-12,58.654
2015-05-13,56.8575
2015-05-14,79.722
2015-05-15,65.222
2015-05-16,64.6245
2015-05-17,62.666
2015-05-18,55.046997
2015-05-19,53.547497
2015-05-20,67.3905
2015-05-21,67.5845
2015-05-22,87.7105
2015-05-23,87.9875
2015-05-24,81.417496
2015-05-25,83.7455
2015-05-26,77.3995
2015-05-27,79.371
2015-05-28,67.962
2015-05-29,62.9585
2015-05-30,60.378498
2015-05-31,62.794
2015-06-01,62.569
2015-06-02,60.171497
2015-06-03,59.917
2015-06-04,62.542
2015-06-05,56.716
2015-06-06,60.168
2015-06-07,56.961
2015-06-08,59.4665
2015-06-09,65.2805
2015-06-10,65.9485
2015-06-11,70.5405
2015-06-12,63.785
2015-06-13,57.303
2015-06-14,55.6685
2015-06-15,73.807
2015-06-16,83.0005
2015-06-17,67.912
2015-06-18,68.6175
2015-06-19,72.232
2015-06-20,76.0215
2015-06-21,65.6585
2015-06-22,62.1265
2015-06-23,62.9665
2015-06-24,84.6935
2015-06-25,90.7275
2015-06-26,73.192
2015-06-27,66.097
2015-06-28,68.156
2015-06-29,73.223
2015-06-30,70.6615
2015-07-01,61.900997
2015-07-02,54.171497
2015-07-03,55.4765
2015-07-04,58.5615
2015-07-05,58.2865
2015-07-06,57.633
2015-07-07,56.1745
2015-07-08,51.453
2015-07-09,81.354996
2015-07-10,52.7875
2015-07-11,52.6415
2015-07-12,53.421497
2015-07-13,74.0155
2015-07-14,69.284
2015-07-15,65.892
2015-07-16,58.2515
2015-07-17,58.073997
2015-07-18,65.375
2015-07-19,65.9375
2015-07-20,62.607998
2015-07-21,58.898
2015-07-22,50.852497
2015-07-23,58.387
2015-07-24,64.3115
2015-07-25,57.118
2015-07-26,74.3895
2015-07-27,77.493996
2015-07-28,75.826
2015-07-29,70.3605
2015-07-30,75.89
2015-07-31,62.434498
2015-08-01,56.2585
2015-08-02,60.547
2015-08-03,61.518497
2015-08-04,74.8495
2015-08-05,68.75
2015-08-06,60.084
2015-08-07,61.057
2015-08-08,54.689
2015-08-09,47.2315
2015-08-10,47.6065
2015-08-11,43.006
2015-08-12,47.0705
2015-08-13,49.5705
2015-08-14,52.0685
2015-08-15,51.088497
2015-08-16,56.5485
2015-08-17,81.2065
2015-08-18,86.6745
2015-08-19,87.679
2015-08-20,88.55421
2015-08-21,93.715
2015-08-22,90.63052
2015-08-23,75.6295
2015-08-24,69.2385
2015-08-25,66.6025
2015-08-26,73.8995
2015-08-27,72.063995
2015-08-28,61.684
2015-08-29,64.431496
2015-08-30,64.549
2015-08-31,57.746998
2015-09-01,56.462997
2015-09-02,56.697
2015-09-03,67.023
2015-09-04,70.4495
2015-09-05,86.211
2015-09-06,70.791
2015-09-07,63.059498
2015-09-08,65.223495
2015-09-09,63.506
2015-09-10,83.779
2015-09-11,88.5035
2015-09-12,84.7705
2015-09-13,76.0385
2015-09-14,67.17
2015-09-15,59.136497
2015-09-16,61.9215
2015-09-17,56.569
2015-09-18,59.010998
2015-09-19,65.2865
2015-09-20,87.739
2015-09-21,69.859
2015-09-22,77.718994
2015-09-23,70.555
2015-09-24,72.9075
2015-09-25,89.9975
2015-09-26,92.356
2015-09-27,76.6795
2015-09-28,81.0775
2015-09-29,76.22
2015-09-30,66.371
2015-10-01,73.7815
2015-10-02,79.384
2015-10-03,77.3735
2015-10-04,78.1705
2015-10-05,93.09538
2015-10-06,92.51111
2015-10-07,82.2605
2015-10-08,90.191666
2015-10-09,90.6895
2015-10-10,90.3245
2015-10-11,91.12947
2015-10-12,93.595
2015-10-13,89.35158
2015-10-14,83.2305
2015-10-15,80.392
2015-10-16,85.131
2015-10-17,92.91499
2015-10-18,93.40154
2015-10-19,93.584
2015-10-20,92.293335
2015-10-21,89.708
2015-10-22,88.672
2015-10-23,86.5345
2015-10-24,82.839
2015-10-25,82.9555
2015-10-26,80.917496
2015-10-27,80.143684
2015-10-28,87.925
2015-10-29,80.704
2015-10-30,85.6985
2015-10-31,84.0935
2015-11-01,85.831055
2015-11-02,86.05105
2015-11-03,81.79
2015-11-04,82.803
2015-11-05,81.736496
2015-11-06,92.86083
2015-11-07,
2015-11-08,94.935
2015-11-09,
2015-11-10,88.507
2015-11-11,88.2175
2015-11-12,91.9325
2015-11-13,93.19727
2015-11-14,78.4975
2015-11-15,83.4755
2015-11-16,86.252
2015-11-17,85.1025
2015-11-18,75.099
2015-11-19,77.7075
2015-11-20,82.391
2015-11-21,89.53263
2015-11-22,91.826996
2015-11-23,90.94333
2015-11-24,90.375626
2015-11-25,92.07867
2015-11-26,91.84333
2015-11-27,90.818825
2015-11-28,92.69454
2015-11-29,88.0715
2015-11-30,89.285
2015-12-01,80.497
2015-12-02,88.62842
2015-12-03,92.39
2015-12-04,91.424545
2015-12-05,93.52
2015-12-06,93.54666
2015-12-07,92.3275
2015-12-08,91.39625
2015-12-09,91.21375
2015-12-10,91.275
2015-12-11,90.8625
2015-12-12,89.51611
2015-12-13,92.00539
2015-12-14,92.13
2015-12-15,93.87334
2015-12-16,92.962
2015-12-17,92.075714
2015-12-18,92.402855
2015-12-19,91.434166
2015-12-20,91.84143
2015-12-21,
2015-12-22,94.71
2015-12-23,88.819
2015-12-24,94.71
2015-12-25,91.59
2015-12-26,95.16
2015-12-27,94.314
2015-12-28,
2015-12-29,89.36412
2015-12-30,65.8465
2015-12-31,67.6465
2016-01-01,81.087
2016-01-02,76.459
2016-01-03,71.2195
2016-01-04,81.145
2016-01-05,91.78263
2016-01-06,89.71474
2016-01-07,93.925385
2016-01-08,93.162
2016-01-09,92.886665
2016-01-10,93.00857
2016-01-11,88.2365
2016-01-12,88.085266
2016-01-13,85.5485
2016-01-14,88.45368
2016-01-15,92.06167
2016-01-16,90.20706
2016-01-17,72.298996
2016-01-18,70.1245
2016-01-19,80.509
2016-01-20,84.21
2016-01-21,92.35722
2016-01-22,91.68158
2016-01-23,90.08611
2016-01-24,88.1325
2016-01-25,90.83667
2016-01-26,93.24
2016-01-27,
2016-01-28,92.795555
2016-01-29,
2016-01-30,93.69
2016-01-31,82.6225
2016-02-01,91.96625
2016-02-02,91.14555
2016-02-03,90.00222
2016-02-04,83.098495
2016-02-05,87.852
2016-02-06,88.04895
2016-02-07,80.405
2016-02-08,75.947
2016-02-09,82.4225
2016-02-10,85.8925
2016-02-11,83.888
2016-02-12,76.753
2016-02-13,87.6905
2016-02-14,87.311
2016-02-15,92.82176
2016-02-16,91.96286
2016-02-17,87.9185
2016-02-18,87.6985
2016-02-19,91.88937
2016-02-20,83.955
2016-02-21,90.835
2016-02-22,79.936
2016-02-23,88.344
2016-02-24,79.737495
2016-02-25,79.091995
2016-02-26,86.312
2016-02-27,75.7265
2016-02-28,80.6465
2016-02-29,84.9255
2016-03-01,89.292496
2016-03-02,87.0405
2016-03-03,79.750496
2016-03-04,82.334
2016-03-05,87.93611
2016-03-06,88.541
2016-03-07,93.653336
2016-03-08,91.24529
2016-03-09,86.4775
2016-03-10,85.304
2016-03-11,72.6095
2016-03-12,79.8935
2016-03-13,69.7585
2016-03-14,63.614998
2016-03-15,87.068
2016-03-16,73.5
2016-03-17,69.0375
2016-03-18,71.655
2016-03-19,59.064
2016-03-20,63.539997
2016-03-21,68.506996
2016-03-22,69.5745
2016-03-23,86.954
2016-03-24,60.670998
2016-03-25,55.476498
2016-03-26,81.0865
2016-03-27,84.625
2016-03-28,79.0795
2016-03-29,82.236
2016-03-30,80.665
2016-03-31,69.992
2016-04-01,63.091
2016-04-02,55.797
2016-04-03,62.41
2016-04-04,62.901497
2016-04-05,57.9245
2016-04-06,62.8135
2016-04-07,70.2475
2016-04-08,76.539
2016-04-09,90.852104
2016-04-10,90.1205
2016-04-11,80.101
2016-04-12,76.3265
2016-04-13,70.775
2016-04-14,75.27
2016-04-15,73.926
2016-04-16,56.037
2016-04-17,54.021
2016-04-18,62.996998
2016-04-19,61.7465
2016-04-20,47.497498
2016-04-21,55.664997
2016-04-22,50.92
2016-04-23,51.263
2016-04-24,76.4625
2016-04-25,81.41
2016-04-26,58.0415
2016-04-27,55.914497
2016-04-28,63.7845
2016-04-29,85.691055
2016-04-30,75.5225
2016-05-01,69.651
2016-05-02,56.8795
2016-05-03,60.022
2016-05-04,53.6625
2016-05-05,58.9935
2016-05-06,56.1035
2016-05-07,52.653
2016-05-08,63.1535
2016-05-09,64.7015
2016-05-10,55.434498
2016-05-11,69.965
2016-05-12,71.236
2016-05-13,74.307
2016-05-14,80.7775
2016-05-15,85.9675
2016-05-16,72.4065
2016-05-17,66.0045
2016-05-18,71.4715
2016-05-19,68.798
2016-05-20,57.619
2016-05-21,55.3395
2016-05-22,56.656998
2016-05-23,55.7595
2016-05-24,71.296
2016-05-25,72.863
2016-05-26,61.1815
2016-05-27,60.904
2016-05-28,58.5345
2016-05-29,59.777
2016-05-30,68.353
2016-05-31,59.0445
2016-06-01,75.114
2016-06-02,88.1845
2016-06-03,85.6565
2016-06-04,79.1655
2016-06-05,83.811
2016-06-06,62.1315
2016-06-07,53.2865
2016-06-08,55.9155
2016-06-09,60.578
2016-06-10,71.6375
2016-06-11,78.389496
2016-06-12,91.43056
2016-06-13,92.7075
2016-06-14,86.4155
2016-06-15,83.811
2016-06-16,73.266
2016-06-17,66.192
2016-06-18,70.5755
2016-06-19,74.6885
2016-06-20,85.922
2016-06-21,86.8665
2016-06-22,75.486496
2016-06-23,73.472496
2016-06-24,75.337
2016-06-25,68.5525
2016-06-26,73.2255
2016-06-27,78.937996
2016-06-28,77.1365
2016-06-29,66.4615
2016-06-30,66.028496
2016-07-01,67.094
2016-07-02,71.5595
2016-07-03,81.542496
2016-07-04,64.9945
2016-07-05,62.1475
2016-07-06,66.88
2016-07-07,55.1035
2016-07-08,59.7095
2016-07-09,66.708
2016-07-10,63.357998
2016-07-11,64.7215
2016-07-12,62.482
2016-07-13,61.253
2016-07-14,82.347496
2016-07-15,70.077995
2016-07-16,91.0385
2016-07-17,91.4695
2016-07-18,76.059
2016-07-19,74.7895
2016-07-20,72.6075
2016-07-21,70.539
2016-07-22,75.0605
2016-07-23,78.1205
2016-07-24,70.5795
2016-07-25,69.6665
2016-07-26,84.069
2016-07-27,78.0175
2016-07-28,82.24
2016-07-29,82.050995
2016-07-30,73.132996
2016-07-31,70.692
2016-08-01,73.131996
2016-08-02,77.062996
2016-08-03,70.9255
2016-08-04,71.695496
2016-08-05,65.9215
2016-08-06,72.849
2016-08-07,61.828
2016-08-08,63.2515
2016-08-09,64.307
2016-08-10,71.546
2016-08-11,80.8295
2016-08-12,64.225494
2016-08-13,66.493996
2016-08-14,67.486496
2016-08-15,72.985
2016-08-16,67.66
2016-08-17,83.932495
2016-08-18,73.004
2016-08-19,66.238
2016-08-20,70.066
2016-08-21,69.2985
2016-08-22,89.673004
2016-08-23,77.1645
2016-08-24,66.908
2016-08-25,63.888
2016-08-26,62.714
2016-08-27,64.3465
2016-08-28,67.3515
2016-08-29,64.848
2016-08-30,66.946
2016-08-31,59.0495
2016-09-01,68.0355
2016-09-02,64.1975
2016-09-03,62.647
2016-09-04,61.711998
2016-09-05,83.7245
2016-09-06,86.453
2016-09-07,70.1535
2016-09-08,66.9115
2016-09-09,69.0905
2016-09-10,67.558
2016-09-11,71.0865
2016-09-12,69.184
2016-09-13,80.042
2016-09-14,76.7875
2016-09-15,72.775
2016-09-16,69.3725
2016-09-17,74.765
2016-09-18,78.576
2016-09-19,91.240524
2016-09-20,73.1025
2016-09-21,70.616
2016-09-22,74.516495
2016-09-23,72.579
2016-09-24,72.465
2016-09-25,74.1055
2016-09-26,70.419
2016-09-27,73.8885
2016-09-28,67.0375
2016-09-29,66.358
2016-09-30,67.573
2016-10-01,69.218
2016-10-02,66.852
2016-10-03,91.433685
2016-10-04,91.11235
2016-10-05,71.737
2016-10-06,91.17333
2016-10-07,86.336
2016-10-08,79.837
2016-10-09,79.348
2016-10-10,77.3775
2016-10-11,87.4255
2016-10-12,90.0115
2016-10-13,84.6365
2016-10-14,80.237495
2016-10-15,78.395996
2016-10-16,92.692856
2016-10-17,92.28875
2016-10-18,86.976
2016-10-19,83.8885
2016-10-20,82.1385
2016-10-21,92.653885
2016-10-22,88.0615
2016-10-23,85.4255
2016-10-24,83.9575
2016-10-25,78.9125
2016-10-26,83.458
2016-10-27,72.0245
2016-10-28,77.5355
2016-10-29,85.9055
2016-10-30,78.0925
2016-10-31,71.3105
2016-11-01,73.8645
2016-11-02,71.817
2016-11-03,76.4255
2016-11-04,77.977
2016-11-05,78.7895
2016-11-06,83.276
2016-11-07,87.937996
2016-11-08,89.47611
2016-11-09,91.889336
2016-11-10,90.0655
2016-11-11,75.446
2016-11-12,88.92526
2016-11-13,79.9655
2016-11-14,82.2635
2016-11-15,85.736
2016-11-16,84.6995
2016-11-17,91.41579
2016-11-18,75.9635
2016-11-19,67.5685
2016-11-20,77.0805
2016-11-21,84.869
2016-11-22,86.7035
2016-11-23,88.65923
2016-11-24,91.1
2016-11-25,88.22789
2016-11-26,90.35647
2016-11-27,89.40611
2016-11-28,84.338
2016-11-29,70.292
2016-11-30,82.7255
2016-12-01,91.48
2016-12-02,77.312996
2016-12-03,82.489
2016-12-04,84.889
2016-12-05,86.6945
2016-12-06,90.814
2016-12-07,92.99416
2016-12-08,84.92895
2016-12-09,90.23688
2016-12-10,86.316315
2016-12-11,82.4655
2016-12-12,81.471
2016-12-13,73.152
2016-12-14,83.1155
2016-12-15,90.72143
2016-12-16,91.086
2016-12-17,92.40857
2016-12-18,91.56929
2016-12-19,89.12684
2016-12-20,91.577774
2016-12-21,91.984
2016-12-22,91.9275
2016-12-23,93.235
2016-12-24,92.96
2016-12-25,92.79
2016-12-26,93.57
2016-12-27,81.826
2016-12-28,74.806
2016-12-29,78.022
2016-12-30,77.205
2016-12-31,84.037224
2017-01-01,85.1965
2017-01-02,83.533
2017-01-03,89.84765
2017-01-04,88.2175
2017-01-05,77.057495
2017-01-06,60.0975
2017-01-07,58.767998
2017-01-08,61.2015
2017-01-09,64.2585
2017-01-10,73.5645
2017-01-11,73.5665
2017-01-12,81.756996
2017-01-13,85.4575
2017-01-14,90.95167
2017-01-15,91.13158
2017-01-16,91.57938
2017-01-17,79.8005
2017-01-18,76.816
2017-01-19,78.692
2017-01-20,85.744
2017-01-21,87.5925
2017-01-22,87.773155
2017-01-23,86.306114
2017-01-24,90.3855
2017-01-25,91.90353
2017-01-26,89.52353
2017-01-27,89.6235
2017-01-28,88.77125
2017-01-29,88.85737
2017-01-30,86.887505
2017-01-31,84.03684
2017-02-01,84.362
2017-02-02,84.0455
2017-02-03,84.3595
2017-02-04,89.15833
2017-02-05,92.27625
2017-02-06,88.29211
2017-02-07,91.85125
2017-02-08,89.206314
2017-02-09,85.4315
2017-02-10,87.6675
2017-02-11,92.035
2017-02-12,93.615005
2017-02-13,92.36875
2017-02-14,90.51471
2017-02-15,89.073
2017-02-16,88.7415
2017-02-17,93.27167
2017-02-18,92.83125
2017-02-19,92.0875
2017-02-20,92.315
2017-02-21,92.175
2017-02-22,84.916
2017-02-23,80.0555
2017-02-24,66.931
2017-02-25,62.9925
2017-02-26,65.7555
2017-02-27,70.615
2017-02-28,65.7025
2017-03-01,84.7065
2017-03-02,77.1025
2017-03-03,55.3555
2017-03-04,53.746
2017-03-05,56.744
2017-03-06,79.651
2017-03-07,80.86
2017-03-08,73.808
2017-03-09,82.0225
2017-03-10,79.7185
2017-03-11,59.508
2017-03-12,66.397
2017-03-13,67.871
2017-03-14,69.474
2017-03-15,68.106
2017-03-16,58.2485
2017-03-17,49.708
2017-03-18,82.812
2017-03-19,60.7385
2017-03-20,79.2775
2017-03-21,73.1045
2017-03-22,63.252
2017-03-23,63.809498
2017-03-24,60.080498
2017-03-25,49.3345
2017-03-26,55.302498
2017-03-27,48.396
2017-03-28,48.3315
2017-03-29,48.081497
2017-03-30,53.918
2017-03-31,58.3065
2017-04-01,52.2765
2017-04-02,50.2395
2017-04-03,49.6445
2017-04-04,58.3075
2017-04-05,72.844
2017-04-06,89.347
2017-04-07,75.9545
2017-04-08,74.129
2017-04-09,59.4045
2017-04-10,61.1965
2017-04-11,62.9465
2017-04-12,50.067497
2017-04-13,63.163998
2017-04-14,63.642498
2017-04-15,61.6215
2017-04-16,61.775997
2017-04-17,58.698997
2017-04-18,65.646996
2017-04-19,85.986
2017-04-20,81.271996
2017-04-21,54.574
2017-04-22,72.000496
2017-04-23,74.522995
2017-04-24,64.410995
2017-04-25,52.4805
2017-04-26,48.672497
2017-04-27,55.1305
2017-04-28,58.684
2017-04-29,82.0475
2017-04-30,74.888
2017-05-01,72.0815
2017-05-02,72.7695
2017-05-03,67.897
2017-05-04,89.93889
2017-05-05,87.687
2017-05-06,85.1725
2017-05-07,82.737
2017-05-08,76.269
2017-05-09,59.278
2017-05-10,51.934
2017-05-11,56.656
2017-05-12,71.7135
2017-05-13,91.102104
2017-05-14,76.9265
2017-05-15,62.2305
2017-05-16,63.330498
2017-05-17,59.957
2017-05-18,58.217
2017-05-19,56.862
2017-05-20,57.818
2017-05-21,61.7725
2017-05-22,58.913
2017-05-23,55.3685
2017-05-24,79.0055
2017-05-25,67.495
2017-05-26,60.4385
2017-05-27,58.955997
2017-05-28,53.789497
2017-05-29,58.709
2017-05-30,54.615498
2017-05-31,61.725998
2017-06-01,60.378
2017-06-02,46.5425
2017-06-03,55.799
2017-06-04,57.7215
2017-06-05,73.636
2017-06-06,74.6195
2017-06-07,81.8685
2017-06-08,75.9755
2017-06-09,65.307
2017-06-10,63.128
2017-06-11,70.4095
2017-06-12,66.0615
2017-06-13,56.7645
2017-06-14,58.857
2017-06-15,59.8
2017-06-16,68.877
2017-06-17,84.502
2017-06-18,75.254
2017-06-19,65.0595
2017-06-20,67.1045
2017-06-21,70.155
2017-06-22,64.706
2017-06-23,64.798996
2017-06-24,63.4645
2017-06-25,66.229
2017-06-26,80.582
2017-06-27,68.408
2017-06-28,62.533
2017-06-29,67.1825
2017-06-30,57.346
2017-07-01,78.269
2017-07-02,64.9405
2017-07-03,60.4035
2017-07-04,56.8455
2017-07-05,58.243
2017-07-06,67.695
2017-07-07,67.553
2017-07-08,75.8115
2017-07-09,67.942
2017-07-10,65.2295
2017-07-11,62.2475
2017-07-12,70.6905
2017-07-13,62.6175
2017-07-14,59.991
2017-07-15,69.2575
2017-07-16,63.345497
2017-07-17,58.068
2017-07-18,53.6865
2017-07-19,55.6235
2017-07-20,53.6615
2017-07-21,56.677498
2017-07-22,67.416
2017-07-23,59.790497
2017-07-24,72.4905
2017-07-25,83.0185
2017-07-26,71.4015
2017-07-27,71.5095
2017-07-28,69.6355
2017-07-29,64.8805
2017-07-30,63.392498
2017-07-31,59.281998
2017-08-01,60.4595
2017-08-02,58.378498
2017-08-03,55.6
2017-08-04,56.507
2017-08-05,62.547497
2017-08-06,66.395
2017-08-07,86.768
2017-08-08,78.2175
2017-08-09,70.897995
2017-08-10,66.52
2017-08-11,57.899498
2017-08-12,68.547
2017-08-13,80.410995
2017-08-14,70.859
2017-08-15,70.415
2017-08-16,65.904
2017-08-17,65.266
2017-08-18,67.5085
2017-08-19,58.633
2017-08-20,84.8395
2017-08-21,67.4795
2017-08-22,66.488495
2017-08-23,69.318
2017-08-24,61.433
2017-08-25,54.843
2017-08-26,55.045498
2017-08-27,52.690998
2017-08-28,59.216
2017-08-29,62.725998
2017-08-30,60.8055
2017-08-31,57.9335
2017-09-01,50.503498
2017-09-02,64.0035
2017-09-03,90.9055
2017-09-04,85.7855
2017-09-05,73.6365
2017-09-06,69.1635
2017-09-07,71.3965
2017-09-08,67.016495
2017-09-09,74.6745
2017-09-10,69.006
2017-09-11,57.862
2017-09-12,84.279
2017-09-13,68.915
2017-09-14,52.409
2017-09-15,55.997498
2017-09-16,63.0925
2017-09-17,82.473
2017-09-18,74.477
2017-09-19,75.476
2017-09-20,87.947
2017-09-21,93.725555
2017-09-22,84.859
2017-09-23,90.11948
2017-09-24,88.3365
2017-09-25,81.419
2017-09-26,73.791
2017-09-27,70.625496
2017-09-28,71.856
2017-09-29,73.5735
2017-09-30,71.0025
2017-10-01,70.171
2017-10-02,71.000496
2017-10-03,68.9805
2017-10-04,74.386
2017-10-05,69.5005
2017-10-06,64.6275
2017-10-07,78.294
2017-10-08,80.6355
2017-10-09,68.988
2017-10-10,68.212
2017-10-11,69.057
2017-10-12,67.7835
2017-10-13,70.7875
2017-10-14,74.983
2017-10-15,78.9805
2017-10-16,77.9465
2017-10-17,75.974
2017-10-18,72.085495
2017-10-19,61.703
2017-10-20,75.861
2017-10-21,81.0395
2017-10-22,92.73333
2017-10-23,91.80143
2017-10-24,81.735
2017-10-25,81.877
2017-10-26,82.877
2017-10-27,88.49421
2017-10-28,79.289
2017-10-29,75.840996
2017-10-30,69.608
2017-10-31,74.731
2017-11-01,83.9855
2017-11-02,70.151
2017-11-03,83.6685
2017-11-04,82.236496
2017-11-05,79.4155
2017-11-06,78.456
2017-11-07,78.853
2017-11-08,87.9105
2017-11-09,93.16
2017-11-10,91.346664
2017-11-11,78.463
2017-11-12,81.7675
2017-11-13,90.0805
2017-11-14,79.397
2017-11-15,82.79
2017-11-16,88.97889
2017-11-17,92.085556
2017-11-18,90.895294
2017-11-19,84.675
2017-11-20,84.825
2017-11-21,91.69692
2017-11-22,91.4
2017-11-23,90.59857
2017-11-24,86.996315
2017-11-25,90.089
2017-11-26,91.312355
2017-11-27,79.749
2017-11-28,84.491
2017-11-29,85.2485
2017-11-30,88.8705
2017-12-01,88.2615
2017-12-02,85.732
2017-12-03,91.26278
2017-12-04,87.65056
2017-12-05,93.0125
2017-12-06,85.718
2017-12-07,87.1335
2017-12-08,80.0765
2017-12-09,92.26444
2017-12-10,81.891
2017-12-11,73.403
2017-12-12,67.0525
2017-12-13,91.132
2017-12-14,91.03316
2017-12-15,91.88062
2017-12-16,92.07
2017-12-17,87.2505
2017-12-18,81.0365
2017-12-19,80.535995
2017-12-20,85.196
2017-12-21,88.1435
2017-12-22,92.708
2017-12-23,93.72
2017-12-24,91.31625
2017-12-25,91.16263
2017-12-26,85.0479
2017-12-27,78.6065
2017-12-28,67.854996
2017-12-29,88.554
2017-12-30,85.1195
2017-12-31,83.75895
2018-01-01,87.0515
2018-01-02,93.44
2018-01-03,88.5535
2018-01-04,89.99833
2018-01-05,87.57
2018-01-06,81.834
2018-01-07,77.5175
2018-01-08,88.481766
2018-01-09,88.6321
2018-01-10,88.66
2018-01-11,88.76882
2018-01-12,91.73167
2018-01-13,91.94454
2018-01-14,81.672
2018-01-15,83.6615
2018-01-16,90.97895
2018-01-17,93.355
2018-01-18,80.701996
2018-01-19,84.493
2018-01-20,90.22278
2018-01-21,91.905624
2018-01-22,85.565
2018-01-23,89.9615
2018-01-24,87.1275
2018-01-25,78.2305
2018-01-26,80.02
2018-01-27,72.265
2018-01-28,91.37812
2018-01-29,93.394615
2018-01-30,76.0815
2018-01-31,82.257996
2018-02-01,69.07
2018-02-02,76.337
2018-02-03,93.18
2018-02-04,86.779
2018-02-05,88.528336
2018-02-06,88.6385
2018-02-07,81.182495
2018-02-08,92.71307
2018-02-09,92.048
2018-02-10,88.3685
2018-02-11,83.436
2018-02-12,76.8985
2018-02-13,86.121
2018-02-14,92.22818
2018-02-15,89.39158
2018-02-16,87.7825
2018-02-17,88.27737
2018-02-18,83.96684
2018-02-19,72.719
2018-02-20,86.961
2018-02-21,90.042
2018-02-22,77.818
2018-02-23,86.798996
2018-02-24,61.086
2018-02-25,57.954502
2018-02-26,59.545
2018-02-27,85.653
2018-02-28,70.756996
2018-03-01,63.613
2018-03-02,86.3155
2018-03-03,84.571
2018-03-04,67.542496
2018-03-05,74.6005
2018-03-06,88.377
2018-03-07,94.054
2018-03-08,93.11714
2018-03-09,84.60316
2018-03-10,78.534996
2018-03-11,75.34
2018-03-12,72.802
2018-03-13,80.3115
2018-03-14,75.981
2018-03-15,83.2175
2018-03-16,88.843
2018-03-17,91.75444
2018-03-18,90.34055
2018-03-19,91.92105
2018-03-20,91.18
2018-03-21,71.194
2018-03-22,69.5355
2018-03-23,86.353
2018-03-24,82.2195
2018-03-25,70.946495
2018-03-26,76.2915
2018-03-27,85.2815
2018-03-28,79.264
2018-03-29,79.008995
2018-03-30,83.43
2018-03-31,69.875
2018-04-01,88.424
2018-04-02,66.889496
2018-04-03,59.127
2018-04-04,55.791
2018-04-05,62.6605
2018-04-06,81.344
2018-04-07,75.058
2018-04-08,68.985
2018-04-09,62.716
2018-04-10,65.7905
2018-04-11,62.231
2018-04-12,58.5795
2018-04-13,70.844
2018-04-14,59.4915
2018-04-15,62.351498
2018-04-16,65.048
2018-04-17,72.211
2018-04-18,58.373497
2018-04-19,50.602497
2018-04-20,47.892498
2018-04-21,51.826
2018-04-22,55.778
2018-04-23,57.4545
2018-04-24,76.3775
2018-04-25,66.8515
2018-04-26,63.080997
2018-04-27,56.067997
2018-04-28,55.197
2018-04-29,58.0155
2018-04-30,56.6
2018-05-01,54.392
2018-05-02,57.0825
2018-05-03,47.994
2018-05-04,46.879498
2018-05-05,57.128
2018-05-06,46.562496
2018-05-07,41.736496
2018-05-08,59.809998
2018-05-09,64.863
2018-05-10,65.0955
2018-05-11,60.169
2018-05-12,47.953
2018-05-13,47.170498
2018-05-14,49.8155
2018-05-15,82.8025
2018-05-16,89.804504
2018-05-17,79.515495
2018-05-18,78.6575
2018-05-19,73.5945
2018-05-20,64.784996
2018-05-21,71.0305
2018-05-22,72.129
2018-05-23,67.486
2018-05-24,76.13
2018-05-25,75.1865
2018-05-26,76.676
2018-05-27,76.2285
2018-05-28,75.5265
2018-05-29,59.23
2018-05-30,58.1755
2018-05-31,59.051
2018-06-01,57.787
2018-06-02,74.2345
2018-06-03,82.376
2018-06-04,77.2295
2018-06-05,71.5585
2018-06-06,70.8145
2018-06-07,67.7005
2018-06-08,74.155
2018-06-09,73.037
2018-06-10,74.804
2018-06-11,74.54
2018-06-12,67.8805
2018-06-13,84.066
2018-06-14,86.5875
2018-06-15,76.367
2018-06-16,76.550995
2018-06-17,73.494995
2018-06-18,83.4755
2018-06-19,73.8545
2018-06-20,66.3785
2018-06-21,71.1515
2018-06-22,74.8025
2018-06-23,73.33
2018-06-24,66.848
2018-06-25,65.8065
2018-06-26,59.9825
2018-06-27,88.024
2018-06-28,85.8875
2018-06-29,76.943
2018-06-30,62.838997
2018-07-01,66.0685
2018-07-02,61.825
2018-07-03,57.846
2018-07-04,60.5095
2018-07-05,63.8205
2018-07-06,60.247997
2018-07-07,73.7135
2018-07-08,73.659
2018-07-09,86.144
2018-07-10,79.4355
2018-07-11,79.235
2018-07-12,69.969
2018-07-13,61.2565
2018-07-14,65.9245
2018-07-15,70.5495
2018-07-16,69.501
2018-07-17,71.293495
2018-07-18,79.031
2018-07-19,85.056496
2018-07-20,81.1415
2018-07-21,73.1755
2018-07-22,82.858
2018-07-23,81.9475
2018-07-24,67.2295
2018-07-25,67.160995
2018-07-26,70.776
2018-07-27,71.8065
2018-07-28,86.0805
2018-07-29,81.6225
2018-07-30,69.4715
2018-07-31,74.9575
2018-08-01,75.139496
2018-08-02,80.193
2018-08-03,67.859
2018-08-04,61.1205
2018-08-05,60.782997
2018-08-06,62.6125
2018-08-07,62.4845
2018-08-08,61.977497
2018-08-09,68.51
2018-08-10,63.575
2018-08-11,61.3475
2018-08-12,61.2595
2018-08-13,60.447
2018-08-14,54.3345
2018-08-15,76.22
2018-08-16,74.628
2018-08-17,66.7985
2018-08-18,61.709
2018-08-19,57.529
2018-08-20,57.316998
2018-08-21,57.786
2018-08-22,56.872997
2018-08-23,65.3565
2018-08-24,63.531
2018-08-25,70.188
2018-08-26,91.00053
2018-08-27,75.948
2018-08-28,67.9525
2018-08-29,64.4775
2018-08-30,63.203
2018-08-31,63.372997
2018-09-01,59.3465
2018-09-02,57.0765
2018-09-03,69.8485
2018-09-04,88.154
2018-09-05,81.7705
2018-09-06,80.903
2018-09-07,74.2265
2018-09-08,71.264
2018-09-09,69.089
2018-09-10,67.0925
2018-09-11,66.6355
2018-09-12,61.8
2018-09-13,61.9695
2018-09-14,60.4345
2018-09-15,69.710495
2018-09-16,63.611
2018-09-17,60.64
2018-09-18,60.0615
2018-09-19,62.206497
2018-09-20,61.1515
2018-09-21,57.6025
2018-09-22,77.15
2018-09-23,71.1775
2018-09-24,79.4405
2018-09-25,71.862
2018-09-26,64.2465
2018-09-27,61.846497
2018-09-28,65.2375
2018-09-29,67.243996
2018-09-30,72.2905
2018-10-01,84.050995
2018-10-02,83.866
2018-10-03,74.003
2018-10-04,72.0775
2018-10-05,66.1435
2018-10-06,65.3425
2018-10-07,61.4535
2018-10-08,72.57
2018-10-09,72.501
2018-10-10,73.9685
2018-10-11,72.805
2018-10-12,69.339
2018-10-13,67.527
2018-10-14,63.2005
2018-10-15,57.976997
2018-10-16,60.292
2018-10-17,57.354
2018-10-18,65.658
2018-10-19,83.0
2018-10-20,81.803
2018-10-21,82.817
2018-10-22,84.2975
2018-10-23,74.3535
2018-10-24,58.4775
2018-10-25,80.3725
2018-10-26,75.194
2018-10-27,67.7465
2018-10-28,50.790497
2018-10-29,64.85
2018-10-30,70.302
2018-10-31,72.5475
2018-11-01,71.216995
2018-11-02,72.1915
2018-11-03,76.1615
2018-11-04,83.2675
2018-11-05,93.01
2018-11-06,93.488
2018-11-07,85.366
2018-11-08,83.4295
2018-11-09,84.6355
2018-11-10,88.469475
2018-11-11,74.783
2018-11-12,66.8455
2018-11-13,70.763504
2018-11-14,65.1005
2018-11-15,73.561
2018-11-16,66.8945
2018-11-17,53.511497
2018-11-18,70.6055
2018-11-19,91.79579
2018-11-20,91.380585
2018-11-21,93.24
2018-11-22,91.8325
2018-11-23,90.472664
2018-11-24,88.429
2018-11-25,90.80421
2018-11-26,
2018-11-27,92.546364
2018-11-28,66.7215
2018-11-29,77.893
2018-11-30,81.7215
2018-12-01,80.5055
2018-12-02,75.659996
2018-12-03,79.111
2018-12-04,92.639
2018-12-05,70.474
2018-12-06,80.8655
2018-12-07,81.7655
2018-12-08,92.009285
2018-12-09,90.06105
2018-12-10,89.056496
2018-12-11,90.861664
2018-12-12,91.72
2018-12-13,92.71818
2018-12-14,90.30375
2018-12-15,94.208
2018-12-16,
2018-12-17,92.63417
2018-12-18,92.19417
2018-12-19,92.63
2018-12-20,93.975
2018-12-21,92.19091
2018-12-22,88.05789
2018-12-23,87.2615
2018-12-24,86.866844
2018-12-25,82.354
2018-12-26,89.479
2018-12-27,89.51125
2018-12-28,91.901665
2018-12-29,91.11
2018-12-30,92.43
2018-12-31,90.031425
2019-01-01,90.7345
2019-01-02,86.15579
2019-01-03,72.8215
2019-01-04,83.435
2019-01-05,91.375336
2019-01-06,79.5085
2019-01-07,77.1925
2019-01-08,90.09842
2019-01-09,94.2
2019-01-10,92.456314
2019-01-11,85.083496
2019-01-12,92.18
2019-01-13,93.880005
2019-01-14,86.872
2019-01-15,77.578995
2019-01-16,83.805
2019-01-17,76.958
2019-01-18,89.28316
2019-01-19,90.75579
2019-01-20,93.975
2019-01-21,86.9335
2019-01-22,92.91583
2019-01-23,91.854996
2019-01-24,92.43727
2019-01-25,92.535
2019-01-26,81.185
2019-01-27,88.904
2019-01-28,83.221
2019-01-29,92.42308
2019-01-30,94.475
2019-01-31,92.23334
2019-02-01,85.2845
2019-02-02,72.089
2019-02-03,74.4825
2019-02-04,84.829
2019-02-05,87.298
2019-02-06,77.300995
2019-02-07,84.034996
2019-02-08,82.9805
2019-02-09,71.621994
2019-02-10,76.8875
2019-02-11,81.8045
2019-02-12,67.7535
2019-02-13,66.6215
2019-02-14,81.1345
2019-02-15,69.171
2019-02-16,79.683
2019-02-17,80.084496
2019-02-18,78.3185
2019-02-19,76.713
2019-02-20,74.36
2019-02-21,66.193
2019-02-22,73.5065
2019-02-23,48.823997
2019-02-24,59.9815
2019-02-25,55.4025
2019-02-26,63.7155
2019-02-27,60.302498
2019-02-28,51.501
2019-03-01,59.103497
2019-03-02,52.876
2019-03-03,62.697998
2019-03-04,50.671497
2019-03-05,45.715
2019-03-06,65.0265
2019-03-07,48.510998
2019-03-08,57.359497
2019-03-09,58.5135
2019-03-10,59.269
2019-03-11,45.8985
2019-03-12,57.628998
2019-03-13,47.754997
2019-03-14,54.719498
2019-03-15,60.451
2019-03-16,69.0125
2019-03-17,59.8405
2019-03-18,57.468998
2019-03-19,53.032497
2019-03-20,46.322
2019-03-21,44.6685
2019-03-22,56.531498
2019-03-23,53.007
2019-03-24,48.581997
2019-03-25,52.962997
2019-03-26,48.77
2019-03-27,40.753498
2019-03-28,40.9385
2019-03-29,51.7275
2019-03-30,56.469997
2019-03-31,48.882
2019-04-01,45.510998
2019-04-02,42.740498
2019-04-03,44.274998
2019-04-04,40.753998
2019-04-05,43.276997
2019-04-06,80.2165
2019-04-07,65.216995
2019-04-08,56.703
2019-04-09,55.441
2019-04-10,66.3565
2019-04-11,59.3225
2019-04-12,72.5775
2019-04-13,87.189
2019-04-14,68.5465
2019-04-15,41.380997
2019-04-16,41.8835
2019-04-17,65.9085
2019-04-18,58.9085
2019-04-19,44.8255
2019-04-20,37.347
2019-04-21,41.831497
2019-04-22,54.975
2019-04-23,64.496
2019-04-24,63.601997
2019-04-25,52.114
2019-04-26,50.857998
2019-04-27,81.5475
2019-04-28,93.37
2019-04-29,85.0125
2019-04-30,90.64167
2019-05-01,75.2395
2019-05-02,75.3965
2019-05-03,66.3595
2019-05-04,81.238
2019-05-05,93.56715
2019-05-06,93.40143
2019-05-07,74.2595
2019-05-08,70.206
2019-05-09,87.483
2019-05-10,85.5005
2019-05-11,71.38
2019-05-12,65.388
2019-05-13,65.7465
2019-05-14,87.735
2019-05-15,90.307
2019-05-16,76.4895
2019-05-17,75.2275
2019-05-18,73.072
2019-05-19,73.379
2019-05-20,81.902
2019-05-21,75.554
2019-05-22,86.51053
2019-05-23,88.667
2019-05-24,89.95368
2019-05-25,76.909
2019-05-26,69.909
2019-05-27,82.6935
2019-05-28,92.41368
2019-05-29,85.282
2019-05-30,89.503
2019-05-31,79.662994
2019-06-01,72.136
2019-06-02,77.1855
2019-06-03,77.017
2019-06-04,77.456
2019-06-05,82.347496
2019-06-06,77.419
2019-06-07,73.049995
2019-06-08,70.5395
2019-06-09,70.0205
2019-06-10,66.8275
2019-06-11,67.1735
2019-06-12,65.6925
2019-06-13,62.399
2019-06-14,68.8705
2019-06-15,70.5965
2019-06-16,69.195
2019-06-17,79.9155
2019-06-18,77.7855
2019-06-19,84.366
2019-06-20,86.2445
2019-06-21,90.041
2019-06-22,81.057
2019-06-23,79.919
2019-06-24,81.5785
2019-06-25,71.949
2019-06-26,70.875
2019-06-27,82.3395
2019-06-28,67.063995
2019-06-29,67.7715
2019-06-30,67.5505
2019-07-01,67.6905
2019-07-02,67.75
2019-07-03,57.681
2019-07-04,59.052998
2019-07-05,58.322
2019-07-06,56.603
2019-07-07,69.266495
2019-07-08,54.974
2019-07-09,66.153
2019-07-10,65.1505
2019-07-11,75.3595
2019-07-12,73.274
2019-07-13,89.7805
2019-07-14,85.072
2019-07-15,66.883995
2019-07-16,64.048
2019-07-17,66.4105
2019-07-18,69.645
2019-07-19,70.108
2019-07-20,72.623
2019-07-21,65.875
2019-07-22,70.911
2019-07-23,75.8245
2019-07-24,70.501
2019-07-25,68.2905
2019-07-26,72.9765
2019-07-27,78.4065
2019-07-28,83.364
2019-07-29,85.026
2019-07-30,81.6975
2019-07-31,84.087
2019-08-01,83.4715
2019-08-02,80.6075
2019-08-03,82.1585
2019-08-04,71.874
2019-08-05,69.516
2019-08-06,69.574
2019-08-07,66.387
2019-08-08,74.8875
2019-08-09,68.006996
2019-08-10,66.0975
2019-08-11,68.3775
2019-08-12,67.2495
2019-08-13,65.102
2019-08-14,87.0725
2019-08-15,77.194496
2019-08-16,70.6245
2019-08-17,71.3325
2019-08-18,66.3765
2019-08-19,61.920998
2019-08-20,61.568
2019-08-21,62.031498
2019-08-22,65.6545
2019-08-23,67.067
2019-08-24,64.4385
2019-08-25,68.9155
2019-08-26,74.85
2019-08-27,72.6305
2019-08-28,63.38
2019-08-29,61.026497
2019-08-30,61.6245
2019-08-31,58.487
2019-09-01,56.503998
2019-09-02,55.572998
2019-09-03,80.506
2019-09-04,68.884
2019-09-05,63.9495
2019-09-06,59.5445
2019-09-07,59.941998
2019-09-08,76.124
2019-09-09,74.4255
2019-09-10,82.0045
2019-09-11,68.669
2019-09-12,67.309
2019-09-13,67.486496
2019-09-14,59.671497
2019-09-15,61.624
2019-09-16,60.542
2019-09-17,73.9685
2019-09-18,53.906998
2019-09-19,64.701996
2019-09-20,63.788498
2019-09-21,63.0325
2019-09-22,53.627
2019-09-23,70.0655
2019-09-24,65.013
2019-09-25,94.71
2019-09-26,94.19556
2019-09-27,85.8545
2019-09-28,80.5235
2019-09-29,77.160995
2019-09-30,70.773
2019-10-01,68.644
2019-10-02,66.782
2019-10-03,88.23211
2019-10-04,76.952995
2019-10-05,85.1825
2019-10-06,82.113
2019-10-07,69.5605
2019-10-08,64.2215
2019-10-09,57.535
2019-10-10,70.576996
2019-10-11,75.211
2019-10-12,70.3655
2019-10-13,72.438995
2019-10-14,74.6775
2019-10-15,69.730995
2019-10-16,67.2025
2019-10-17,72.9425
2019-10-18,72.722
2019-10-19,73.0115
2019-10-20,72.2135
2019-10-21,68.6055
2019-10-22,71.766495
2019-10-23,74.2145
2019-10-24,66.006
2019-10-25,72.4115
2019-10-26,77.583
2019-10-27,79.7915
2019-10-28,80.585495
2019-10-29,66.8815
2019-10-30,70.461
2019-10-31,77.4105
2019-11-01,81.2445
2019-11-02,91.06
2019-11-03,87.3285
2019-11-04,79.8825
2019-11-05,72.727
2019-11-06,90.9475
2019-11-07,94.14714
2019-11-08,
2019-11-09,84.808
2019-11-10,89.52167
2019-11-11,89.270996
2019-11-12,79.2465
2019-11-13,67.921
2019-11-14,91.25632
2019-11-15,93.498
2019-11-16,76.776
2019-11-17,81.3815
2019-11-18,82.4835
2019-11-19,84.907
2019-11-20,87.4975
2019-11-21,81.5885
2019-11-22,86.4185
2019-11-23,82.621
2019-11-24,85.767
2019-11-25,87.4121
2019-11-26,90.26
2019-11-27,91.784996
2019-11-28,92.11923
2019-11-29,93.75
2019-11-30,79.552
2019-12-01,82.823
2019-12-02,90.715
2019-12-03,93.74
2019-12-04,94.71
2019-12-05,93.935
2019-12-06,94.71
2019-12-07,
2019-12-08,
2019-12-09,89.7965
2019-12-10,85.9195
2019-12-11,84.076996
2019-12-12,94.003334
2019-12-13,90.70889
2019-12-14,92.9375
2019-12-15,89.2785
2019-12-16,68.673996
2019-12-17,65.526
2019-12-18,78.5745
2019-12-19,87.837776
2019-12-20,80.58833
2019-12-21,78.076996
2019-12-22,84.44
2019-12-23,91.40059
2019-12-24,91.782
2019-12-25,92.76091
2019-12-26,90.28737
2019-12-27,91.652725
2019-12-28,73.819
2019-12-29,75.3735
2019-12-30,84.8685
2019-12-31,88.50316
2020-01-01,91.44867
2020-01-02,94.71
2020-01-03,
2020-01-04,
2020-01-05,86.206
2020-01-06,79.923996
2020-01-07,84.936
2020-01-08,89.022354
2020-01-09,92.09818
2020-01-10,82.807
2020-01-11,
2020-01-12,
2020-01-13,
2020-01-14,
2020-01-15,
2020-01-16,
2020-01-17,94.24
2020-01-18,
2020-01-19,
2020-01-20,94.54
2020-01-21,
2020-01-22,89.00471
2020-01-23,88.581665
2020-01-24,87.62055
2020-01-25,94.24
2020-01-26,92.748
2020-01-27,93.26889
2020-01-28,94.38333
2020-01-29,90.454
2020-01-30,86.1175
2020-01-31,86.0195
2020-02-01,84.03
2020-02-02,76.1705
2020-02-03,79.9805
2020-02-04,89.419
2020-02-05,68.334
2020-02-06,64.3425
2020-02-07,72.071
2020-02-08,62.908497
2020-02-09,66.949
2020-02-10,63.176
2020-02-11,74.752
2020-02-12,66.866
2020-02-13,74.4355
2020-02-14,85.2895
2020-02-15,87.648
2020-02-16,80.3555
2020-02-17,71.858
2020-02-18,74.673996
2020-02-19,68.852
2020-02-20,80.6935
2020-02-21,89.797
2020-02-22,76.8
2020-02-23,68.363
2020-02-24,53.685497
2020-02-25,57.565998
2020-02-26,87.1115
2020-02-27,73.323
2020-02-28,91.7675
2020-02-29,80.4075
2020-03-01,58.8115
2020-03-02,76.573
2020-03-03,79.21
2020-03-04,93.038574
2020-03-05,81.7705
2020-03-06,86.8705
2020-03-07,91.852104
2020-03-08,80.255
2020-03-09,80.1055
2020-03-10,69.1175
2020-03-11,88.2721
2020-03-12,72.6365
2020-03-13,76.722
2020-03-14,60.2565
2020-03-15,40.901497
2020-03-16,63.580997
2020-03-17,54.248
2020-03-18,58.323997
2020-03-19,59.153
2020-03-20,61.298496
2020-03-21,73.1575
2020-03-22,51.556
2020-03-23,83.819496
2020-03-24,46.446
2020-03-25,46.839
2020-03-26,43.459
2020-03-27,48.632
2020-03-28,51.798
2020-03-29,57.8645
2020-03-30,55.417
2020-03-31,38.7255
2020-04-01,35.115498
2020-04-02,40.746
2020-04-03,47.343
2020-04-04,38.503998
2020-04-05,35.246998
2020-04-06,32.809494
2020-04-07,38.5855
2020-04-08,39.144497
2020-04-09,37.635998
2020-04-10,38.589996
2020-04-11,32.3415
2020-04-12,40.154
2020-04-13,41.567997
2020-04-14,65.0065
2020-04-15,53.5095
2020-04-16,50.193
2020-04-17,48.1935
2020-04-18,44.569996
2020-04-19,50.4675
2020-04-20,32.493496
2020-04-21,37.512497
2020-04-22,41.851498
2020-04-23,43.893997
2020-04-24,45.933
2020-04-25,47.5745
2020-04-26,50.6825
2020-04-27,46.456997
2020-04-28,55.8215
2020-04-29,70.13
2020-04-30,80.58
2020-05-01,84.181
2020-05-02,73.7855
2020-05-03,64.9645
2020-05-04,68.7025
2020-05-05,72.157
2020-05-06,66.461
2020-05-07,50.642998
2020-05-08,54.232998
2020-05-09,46.565
2020-05-10,47.7515
2020-05-11,42.024
2020-05-12,64.9575
2020-05-13,66.0405
2020-05-14,60.553997
2020-05-15,58.698498
2020-05-16,54.9685
2020-05-17,83.617
2020-05-18,66.322
2020-05-19,59.568497
2020-05-20,63.588
2020-05-21,39.424496
2020-05-22,38.71
2020-05-23,34.315998
2020-05-24,75.7745
2020-05-25,76.363
2020-05-26,72.308
2020-05-27,72.8055
2020-05-28,67.627
2020-05-29,66.502
2020-05-30,59.864998
2020-05-31,80.3295
2020-06-01,74.682495
2020-06-02,60.373997
2020-06-03,69.3585
2020-06-04,69.622
2020-06-05,65.052
2020-06-06,72.873
2020-06-07,70.3325
2020-06-08,66.905
2020-06-09,75.9075
2020-06-10,82.2355
2020-06-11,86.782
2020-06-12,83.078
2020-06-13,77.139496
2020-06-14,78.0115
2020-06-15,91.163
2020-06-16,89.916504
2020-06-17,92.60909
2020-06-18,86.5195
2020-06-19,82.0245
2020-06-20,86.6175
2020-06-21,92.78125
2020-06-22,88.7035
2020-06-23,75.727
2020-06-24,72.767
2020-06-25,78.378
2020-06-26,73.197
2020-06-27,69.2585
2020-06-28,70.8275
2020-06-29,74.613
2020-06-30,70.6635
2020-07-01,68.2375
2020-07-02,73.5575
2020-07-03,84.812
2020-07-04,79.847
2020-07-05,73.696
2020-07-06,68.9995
2020-07-07,78.2905
2020-07-08,70.025
2020-07-09,69.062996
2020-07-10,65.658
2020-07-11,67.5905
2020-07-12,80.131996
2020-07-13,68.928
2020-07-14,66.059
2020-07-15,68.068
2020-07-16,69.2125
2020-07-17,81.275
2020-07-18,91.45684
2020-07-19,89.659004
2020-07-20,82.6365
2020-07-21,75.458496
2020-07-22,78.832
2020-07-23,82.459
2020-07-24,72.3725
2020-07-25,89.927895
2020-07-26,87.079
2020-07-27,86.01
2020-07-28,75.8725
2020-07-29,73.2895
2020-07-30,74.8535
2020-07-31,67.3105
2020-08-01,62.3505
2020-08-02,65.5915
2020-08-03,62.554497
2020-08-04,65.9605
2020-08-05,81.631996
2020-08-06,70.0225
2020-08-07,63.3465
2020-08-08,64.643
2020-08-09,68.2035
2020-08-10,75.037
2020-08-11,69.278496
2020-08-12,64.6215
2020-08-13,63.383
2020-08-14,66.757996
2020-08-15,77.908
2020-08-16,79.163
2020-08-17,67.89
2020-08-18,78.6235
2020-08-19,94.32
2020-08-20,78.1325
2020-08-21,75.854
2020-08-22,74.889
2020-08-23,81.4815
2020-08-24,73.1245
2020-08-25,84.326
2020-08-26,68.987
2020-08-27,60.428497
2020-08-28,68.794
2020-08-29,63.719997
2020-08-30,57.273
2020-08-31,58.4955
2020-09-01,81.389
2020-09-02,82.0685
2020-09-03,79.798
2020-09-04,70.38
2020-09-05,69.577995
2020-09-06,70.989
2020-09-07,73.621
2020-09-08,60.642998
2020-09-09,68.1805
2020-09-10,67.145
2020-09-11,68.0135
2020-09-12,68.975
2020-09-13,65.621
2020-09-14,65.361
2020-09-15,65.6455
2020-09-16,65.9375
2020-09-17,68.0385
2020-09-18,51.5145
2020-09-19,59.6795
2020-09-20,67.6315
2020-09-21,67.205
2020-09-22,65.850494
2020-09-23,62.5655
2020-09-24,71.192
2020-09-25,69.973
2020-09-26,84.4675
2020-09-27,74.352
2020-09-28,78.9335
2020-09-29,90.07316
2020-09-30,93.385
2020-10-01,92.21214
2020-10-02,79.554
2020-10-03,69.9005
2020-10-04,69.0745
2020-10-05,82.32
2020-10-06,88.27052
2020-10-07,86.879
2020-10-08,86.4365
2020-10-09,80.9635
2020-10-10,86.265
2020-10-11,88.4595
2020-10-12,90.991
2020-10-13,92.949
2020-10-14,82.2545
2020-10-15,84.974
2020-10-16,90.752106
2020-10-17,90.1465
2020-10-18,91.8065
2020-10-19,82.2465
2020-10-20,79.143
2020-10-21,75.422
2020-10-22,76.256
2020-10-23,76.082
2020-10-24,84.4275
2020-10-25,93.915
2020-10-26,91.1965
2020-10-27,82.29
2020-10-28,89.353
2020-10-29,93.55333
2020-10-30,84.9155
2020-10-31,86.7535
2020-11-01,80.0915
2020-11-02,92.904
2020-11-03,93.76572
2020-11-04,93.491425
2020-11-05,89.91
2020-11-06,79.0745
2020-11-07,88.4985
2020-11-08,90.886
2020-11-09,93.314445
2020-11-10,94.22
2020-11-11,93.41182
2020-11-12,92.086
2020-11-13,93.32
2020-11-14,90.74294
2020-11-15,88.785
2020-11-16,90.375
2020-11-17,92.30857
2020-11-18,94.24
2020-11-19,91.91278
2020-11-20,81.29
2020-11-21,74.145
2020-11-22,88.46333
2020-11-23,91.670586
2020-11-24,91.507645
2020-11-25,91.80375
2020-11-26,92.93625
2020-11-27,91.77
2020-11-28,92.111664
2020-11-29,89.19
2020-11-30,89.00222
2020-12-01,91.36647
2020-12-02,85.4675
2020-12-03,80.557
2020-12-04,81.151
2020-12-05,79.9795
2020-12-06,83.992
2020-12-07,86.704735
2020-12-08,92.01889
2020-12-09,87.54895
2020-12-10,90.488
2020-12-11,93.24
2020-12-12,94.106
2020-12-13,
2020-12-14,92.16778
2020-12-15,89.721115
2020-12-16,90.23643
2020-12-17,92.79938
2020-12-18,93.723335
2020-12-19,93.5475
2020-12-20,90.51778
2020-12-21,85.320526
2020-12-22,87.102104
2020-12-23,90.882225
2020-12-24,85.699
2020-12-25,90.46833
2020-12-26,78.897995
2020-12-27,88.43579
2020-12-28,78.361
2020-12-29,72.8295
2020-12-30,88.521576
2020-12-31,94.3525
2021-01-01,87.6875
2021-01-02,79.003
2021-01-03,89.49105
2021-01-04,93.24714
2021-01-05,92.19067
2021-01-06,91.197334
2021-01-07,89.40389
2021-01-08,92.62
2021-01-09,93.234
2021-01-10,93.34
2021-01-11,92.30538
2021-01-12,92.721
2021-01-13,90.670586
2021-01-14,92.73167
2021-01-15,87.23333
2021-01-16,77.1885
2021-01-17,86.098
2021-01-18,88.019
2021-01-19,88.761
2021-01-20,86.77263
2021-01-21,78.359
2021-01-22,75.3795
2021-01-23,74.6485
2021-01-24,86.289474
2021-01-25,92.02588
2021-01-26,88.454
2021-01-27,87.91842
2021-01-28,80.918495
2021-01-29,92.602
2021-01-30,85.2235
2021-01-31,78.932
2021-02-01,90.22706
2021-02-02,93.77125
2021-02-03,87.95895
2021-02-04,78.9975
2021-02-05,91.719444
2021-02-06,92.15
2021-02-07,92.91571
2021-02-08,93.057274
2021-02-09,91.52778
2021-02-10,93.203636
2021-02-11,88.7535
2021-02-12,66.712
2021-02-13,67.4475
2021-02-14,73.392
2021-02-15,74.993
2021-02-16,71.826
2021-02-17,76.4925
2021-02-18,93.164444
2021-02-19,89.671
2021-02-20,92.475
2021-02-21,87.2025
2021-02-22,82.1475
2021-02-23,82.659
2021-02-24,83.361
2021-02-25,82.71
2021-02-26,80.089
2021-02-27,73.222
2021-02-28,67.1745
2021-03-01,71.518
2021-03-02,78.1875
2021-03-03,71.0485
2021-03-04,70.688995
2021-03-05,75.7565
2021-03-06,58.232
2021-03-07,58.115498
2021-03-08,59.89
2021-03-09,49.93
2021-03-10,58.728
2021-03-11,55.8005
2021-03-12,68.585
2021-03-13,69.572495
2021-03-14,80.0755
2021-03-15,86.819
2021-03-16,70.3485
2021-03-17,67.3855
2021-03-18,66.5455
2021-03-19,57.490997
2021-03-20,57.835
2021-03-21,56.068
2021-03-22,62.326
2021-03-23,58.6265
2021-03-24,49.502
2021-03-25,52.057
2021-03-26,57.121998
2021-03-27,49.7355
2021-03-28,58.91
2021-03-29,55.975998
2021-03-30,59.233498
2021-03-31,71.1595
2021-04-01,69.071495
2021-04-02,69.8515
2021-04-03,64.422
2021-04-04,64.2955
2021-04-05,55.827
2021-04-06,73.9165
2021-04-07,68.0955
2021-04-08,75.8365
2021-04-09,60.559498
2021-04-10,45.6895
2021-04-11,45.6405
2021-04-12,44.891
2021-04-13,85.598
2021-04-14,84.8035
2021-04-15,84.0395
2021-04-16,77.6325
2021-04-17,71.1995
2021-04-18,87.4365
2021-04-19,86.945
2021-04-20,85.7115
2021-04-21,77.507996
2021-04-22,69.7985
2021-04-23,58.569
2021-04-24,57.8295
2021-04-25,63.0225
2021-04-26,46.170498
2021-04-27,48.3275
2021-04-28,66.757996
2021-04-29,70.705
2021-04-30,73.7695
2021-05-01,78.654
2021-05-02,69.8105
2021-05-03,56.943
2021-05-04,51.8915
2021-05-05,54.9245
2021-05-06,53.7075
2021-05-07,81.83
2021-05-08,59.167
2021-05-09,50.834
2021-05-10,48.383
2021-05-11,55.692497
2021-05-12,59.101997
2021-05-13,88.39842
2021-05-14,78.307495
2021-05-15,72.1715
2021-05-16,91.308
2021-05-17,83.69
2021-05-18,94.21333
2021-05-19,78.3985
2021-05-20,81.878494
2021-05-21,64.275
2021-05-22,68.885
2021-05-23,83.87
2021-05-24,79.694496
2021-05-25,70.795
2021-05-26,57.7025
2021-05-27,56.199997
2021-05-28,64.597496
2021-05-29,74.84
2021-05-30,77.4525
2021-05-31,81.563995
2021-06-01,63.8125
2021-06-02,57.8065
2021-06-03,57.143497
2021-06-04,54.944
2021-06-05,66.7
2021-06-06,67.3585
2021-06-07,61.8055
2021-06-08,56.4735
2021-06-09,56.2865
2021-06-10,58.922
2021-06-11,58.3535
2021-06-12,58.4655
2021-06-13,62.316998
2021-06-14,65.499
2021-06-15,67.3595
2021-06-16,57.4395
2021-06-17,58.332
2021-06-18,55.5715
2021-06-19,59.9915
2021-06-20,64.792
2021-06-21,63.51
2021-06-22,64.613
2021-06-23,60.238
2021-06-24,56.715
2021-06-25,57.7395
2021-06-26,75.5305
2021-06-27,64.318
2021-06-28,62.6815
2021-06-29,55.37
2021-06-30,55.611
2021-07-01,69.302
2021-07-02,78.006
2021-07-03,84.838
2021-07-04,74.730995
2021-07-05,69.79
2021-07-06,65.8515
2021-07-07,61.915497
2021-07-08,63.53
2021-07-09,58.7135
2021-07-10,67.826
2021-07-11,73.0355
2021-07-12,60.864998
2021-07-13,55.055
2021-07-14,56.927
2021-07-15,69.7665
2021-07-16,76.3675
2021-07-17,77.882996
2021-07-18,67.278
2021-07-19,83.1515
2021-07-20,80.894
2021-07-21,75.4055
2021-07-22,65.0525
2021-07-23,64.835495
2021-07-24,62.662
2021-07-25,59.857
2021-07-26,57.8945
2021-07-27,55.2785
2021-07-28,59.708
2021-07-29,63.505
2021-07-30,60.988
2021-07-31,72.154495
2021-08-01,71.747
2021-08-02,70.3345
2021-08-03,65.2315
2021-08-04,61.672
2021-08-05,77.1775
2021-08-06,73.0775
2021-08-07,66.4255
2021-08-08,58.015
2021-08-09,75.195496
2021-08-10,69.294
2021-08-11,62.914997
2021-08-12,63.155
2021-08-13,60.9605
2021-08-14,55.857998
2021-08-15,60.693
2021-08-16,57.9535
2021-08-17,78.654495
2021-08-18,73.645
2021-08-19,67.589
2021-08-20,61.834
2021-08-21,66.708496
2021-08-22,65.311
2021-08-23,62.260498
2021-08-24,80.573
2021-08-25,76.031
2021-08-26,69.812
2021-08-27,91.10222
2021-08-28,82.264496
2021-08-29,79.0265
2021-08-30,83.642
2021-08-31,81.3095
2021-09-01,80.722
2021-09-02,74.561
2021-09-03,71.788
2021-09-04,69.372
2021-09-05,65.3685
2021-09-06,65.531
2021-09-07,63.643497
2021-09-08,63.512
2021-09-09,66.386
2021-09-10,63.951
2021-09-11,63.1695
2021-09-12,61.602497
2021-09-13,63.511997
2021-09-14,67.6315
2021-09-15,66.2695
2021-09-16,64.3035
2021-09-17,78.451996
2021-09-18,76.554
2021-09-19,79.7995
2021-09-20,72.2145
2021-09-21,64.262
2021-09-22,78.837
2021-09-23,71.715
2021-09-24,67.792
2021-09-25,72.8415
2021-09-26,70.3385
2021-09-27,75.1995
2021-09-28,82.5475
2021-09-29,91.86389
2021-09-30,94.01429
2021-10-01,93.87556
2021-10-02,84.8135
2021-10-03,69.3265
2021-10-04,63.667
2021-10-05,60.1555
2021-10-06,67.300995
2021-10-07,62.372498
2021-10-08,57.4185
2021-10-09,59.098
2021-10-10,57.202
2021-10-11,72.948
2021-10-12,90.408
2021-10-13,90.3455
2021-10-14,87.135
2021-10-15,79.5345
2021-10-16,73.5385
2021-10-17,77.3875
2021-10-18,82.486496
2021-10-19,75.894
2021-10-20,72.626
2021-10-21,59.962997
2021-10-22,63.723
2021-10-23,62.165
2021-10-24,70.2685
2021-10-25,68.804
2021-10-26,68.1225
2021-10-27,76.1375
2021-10-28,73.725494
2021-10-29,68.194
2021-10-30,67.751495
2021-10-31,76.5665
2021-11-01,73.2385
2021-11-02,86.168
2021-11-03,80.3605
2021-11-04,80.875496
2021-11-05,94.01857
2021-11-06,89.286
2021-11-07,
2021-11-08,95.16
2021-11-09,93.581665
2021-11-10,90.53438
2021-11-11,89.80353
2021-11-12,86.584496
2021-11-13,
2021-11-14,90.020996
2021-11-15,90.70294
2021-11-16,86.691
2021-11-17,91.255
2021-11-18,
2021-11-19,94.70333
2021-11-20,92.65625
2021-11-21,92.47833
2021-11-22,91.27278
2021-11-23,77.565
2021-11-24,87.5045
2021-11-25,88.616
2021-11-26,84.274
2021-11-27,94.05
2021-11-28,91.44833
2021-11-29,90.994995
2021-11-30,87.0435
2021-12-01,81.871
2021-12-02,85.584
2021-12-03,88.40833
2021-12-04,92.92667
2021-12-05,93.637
2021-12-06,
2021-12-07,91.7215
2021-12-08,90.16842
2021-12-09,93.01857
2021-12-10,
2021-12-11,94.71
2021-12-12,92.149994
2021-12-13,90.39
2021-12-14,89.385
2021-12-15,93.35375
2021-12-16,94.71
2021-12-17,90.19789
2021-12-18,81.571
2021-12-19,93.994995
2021-12-20,82.0655
2021-12-21,73.844
2021-12-22,80.2415
2021-12-23,73.126495
2021-12-24,92.57214
2021-12-25,
2021-12-26,78.2255
2021-12-27,92.77454
2021-12-28,
2021-12-29,
2021-12-30,
2021-12-31,
2022-01-01,93.35
2022-01-02,
2022-01-03,92.777
2022-01-04,87.012
2022-01-05,78.649
2022-01-06,85.1085
2022-01-07,78.182
2022-01-08,93.04363
2022-01-09,
2022-01-10,93.024445
2022-01-11,82.4275
2022-01-12,79.741
2022-01-13,86.0325
2022-01-14,94.39667
2022-01-15,94.03667
2022-01-16,
2022-01-17,92.12647
2022-01-18,76.533
2022-01-19,88.6155
2022-01-20,93.175
2022-01-21,80.141495
2022-01-22,82.539
2022-01-23,69.095
2022-01-24,72.750496
2022-01-25,84.2145
2022-01-26,89.617645
2022-01-27,94.48857
2022-01-28,79.942
2022-01-29,78.641
2022-01-30,75.987
2022-01-31,72.428
2022-02-01,87.518
2022-02-02,
2022-02-03,82.751495
2022-02-04,77.788
2022-02-05,75.808
2022-02-06,75.5685
2022-02-07,85.8525
2022-02-08,74.1935
2022-02-09,85.6105
2022-02-10,87.53
2022-02-11,81.414
2022-02-12,66.7835
2022-02-13,76.2025
2022-02-14,74.902
2022-02-15,80.467995
2022-02-16,89.1625
2022-02-17,81.668
2022-02-18,62.9945
2022-02-19,54.379997
2022-02-20,67.381
2022-02-21,85.8495
2022-02-22,80.958
2022-02-23,90.79158
2022-02-24,81.572
2022-02-25,73.187
2022-02-26,72.599495
2022-02-27,61.562
2022-02-28,63.3715
2022-03-01,56.108997
2022-03-02,64.792
2022-03-03,59.5745
2022-03-04,55.8475
2022-03-05,67.136
2022-03-06,58.0425
2022-03-07,55.072998
2022-03-08,60.698997
2022-03-09,72.4405
2022-03-10,47.136997
2022-03-11,39.9265
2022-03-12,46.865997
2022-03-13,42.862
2022-03-14,43.718998
2022-03-15,45.171497
2022-03-16,87.0115
2022-03-17,78.4855
2022-03-18,73.304
2022-03-19,49.6215
2022-03-20,44.109497
2022-03-21,41.559498
2022-03-22,35.632
2022-03-23,37.456997
2022-03-24,38.128998
2022-03-25,45.8895
2022-03-26,42.4755
2022-03-27,31.652996
2022-03-28,37.696
2022-03-29,37.066498
2022-03-30,49.364
2022-03-31,76.772995
2022-04-01,88.74556
2022-04-02,90.127365
2022-04-03,81.885
2022-04-04,66.6885
2022-04-05,64.2985
2022-04-06,63.718998
2022-04-07,85.8045
2022-04-08,68.514
2022-04-09,88.951004
2022-04-10,63.885
2022-04-11,64.3675
2022-04-12,58.5485
2022-04-13,46.7375
2022-04-14,44.6555
2022-04-15,54.7725
2022-04-16,76.078995
2022-04-17,50.3985
2022-04-18,56.831997
2022-04-19,61.461
2022-04-20,60.919
2022-04-21,62.060997
2022-04-22,70.072
2022-04-23,93.67375
2022-04-24,78.249
2022-04-25,77.3705
2022-04-26,68.300995
2022-04-27,78.570496
2022-04-28,93.6025
2022-04-29,69.4145
2022-04-30,62.5765
2022-05-01,65.873
2022-05-02,61.4195
2022-05-03,69.3435
2022-05-04,73.467
2022-05-05,68.1665
2022-05-06,65.127
2022-05-07,68.362
2022-05-08,67.445
2022-05-09,63.768997
2022-05-10,65.4515
2022-05-11,58.416
2022-05-12,52.679
2022-05-13,62.919
2022-05-14,61.5785
2022-05-15,54.91
2022-05-16,51.943
2022-05-17,79.125496
2022-05-18,51.8125
2022-05-19,47.8005
2022-05-20,46.898
2022-05-21,46.517998
2022-05-22,50.824997
2022-05-23,55.682
2022-05-24,70.937
2022-05-25,68.6385
2022-05-26,53.4815
2022-05-27,55.8635
2022-05-28,65.6645
2022-05-29,77.973495
2022-05-30,63.218998
2022-05-31,70.6365
2022-06-01,74.139
2022-06-02,63.1165
2022-06-03,58.254498
2022-06-04,84.1905
2022-06-05,71.864
2022-06-06,61.795498
2022-06-07,61.758
2022-06-08,59.885998
2022-06-09,78.897995
2022-06-10,73.381996
2022-06-11,70.4345
2022-06-12,61.4295
2022-06-13,56.5275
2022-06-14,55.5
2022-06-15,55.177498
2022-06-16,51.7655
2022-06-17,54.4825
2022-06-18,53.2785
2022-06-19,52.7845
2022-06-20,49.617
2022-06-21,42.7525
2022-06-22,47.942497
2022-06-23,49.600998
2022-06-24,49.3575
2022-06-25,51.0235
2022-06-26,64.0745
2022-06-27,59.1485
2022-06-28,53.848
2022-06-29,53.501
2022-06-30,46.2045
2022-07-01,53.597
2022-07-02,61.517498
2022-07-03,60.7325
2022-07-04,47.845497
2022-07-05,50.379498
2022-07-06,71.6
2022-07-07,52.98
2022-07-08,49.921497
2022-07-09,54.712997
2022-07-10,63.5785
2022-07-11,61.257
2022-07-12,59.742
2022-07-13,48.7155
2022-07-14,41.037
2022-07-15,56.188
2022-07-16,47.494
2022-07-17,46.434498
2022-07-18,44.056
2022-07-19,44.5475
2022-07-20,39.926
2022-07-21,42.6025
2022-07-22,36.229996
2022-07-23,42.5715
2022-07-24,58.166
2022-07-25,46.969997
2022-07-26,52.382
2022-07-27,55.236
2022-07-28,53.515
2022-07-29,59.510998
2022-07-30,77.0415
2022-07-31,86.6005
2022-08-01,75.115
2022-08-02,64.958496
2022-08-03,58.701
2022-08-04,49.757
2022-08-05,51.552
2022-08-06,52.284
2022-08-07,53.864998
2022-08-08,51.032997
2022-08-09,61.756
2022-08-10,52.0095
2022-08-11,50.219498
2022-08-12,52.122498
2022-08-13,58.107998
2022-08-14,58.435497
2022-08-15,66.6365
2022-08-16,70.7435
2022-08-17,69.3095
2022-08-18,65.4275
2022-08-19,58.753998
2022-08-20,64.6695
2022-08-21,86.805504
2022-08-22,88.9235
2022-08-23,81.935
2022-08-24,81.222
2022-08-25,62.6035
2022-08-26,55.420498
2022-08-27,54.805
2022-08-28,56.054
2022-08-29,78.8795
2022-08-30,67.68
2022-08-31,56.4605
2022-09-01,63.462997
2022-09-02,86.3395
2022-09-03,81.5105
2022-09-04,78.159
2022-09-05,72.231
2022-09-06,72.660995
2022-09-07,74.348
2022-09-08,66.453
2022-09-09,86.685
2022-09-10,90.3285
2022-09-11,80.591995
2022-09-12,70.0875
2022-09-13,66.7455
2022-09-14,70.182
2022-09-15,77.3735
2022-09-16,80.216995
2022-09-17,90.36
2022-09-18,78.239
2022-09-19,86.185
2022-09-20,86.9065
2022-09-21,85.213
2022-09-22,82.543
2022-09-23,82.8975
2022-09-24,75.682
2022-09-25,75.073
2022-09-26,91.948944
2022-09-27,90.90895
2022-09-28,77.044
2022-09-29,87.2015
2022-09-30,87.948
2022-10-01,89.877365
2022-10-02,75.4845
2022-10-03,76.8275
2022-10-04,81.114
2022-10-05,80.114
2022-10-06,75.222496
2022-10-07,80.803
2022-10-08,77.886
2022-10-09,78.2325
2022-10-10,79.2635
2022-10-11,84.6285
2022-10-12,76.8165
2022-10-13,75.458496
2022-10-14,85.1955
2022-10-15,82.001495
2022-10-16,76.958
2022-10-17,80.4005
2022-10-18,81.432
2022-10-19,79.958
2022-10-20,74.410995
2022-10-21,71.968
2022-10-22,71.103
2022-10-23,92.67
2022-10-24,83.7905
2022-10-25,93.597694
2022-10-26,93.14777
2022-10-27,90.45333
2022-10-28,94.01666
2022-10-29,94.22
2022-10-30,92.555
2022-10-31,92.82625
2022-11-01,89.45158
2022-11-02,92.443634
2022-11-03,92.98111
2022-11-04,84.612
2022-11-05,89.74737
2022-11-06,92.34765
2022-11-07,
2022-11-08,
2022-11-09,94.01
2022-11-10,90.96562
2022-11-11,91.534996
2022-11-12,86.1665
2022-11-13,88.648
2022-11-14,89.47111
2022-11-15,89.876114
2022-11-16,
2022-11-17,94.455
2022-11-18,92.918
2022-11-19,88.19316
2022-11-20,93.20571
2022-11-21,93.61
2022-11-22,88.530525
2022-11-23,91.024734
2022-11-24,94.128334
2022-11-25,88.733
2022-11-26,92.422
2022-11-27,91.68636
2022-11-28,91.87889
2022-11-29,93.75
2022-11-30,90.655
2022-12-01,90.90369
2022-12-02,92.14647
2022-12-03,92.99357
2022-12-04,91.262856
2022-12-05,92.83133
2022-12-06,92.55786
2022-12-07,93.30133
2022-12-08,93.04
2022-12-09,93.215
2022-12-10,93.045715
2022-12-11,92.10625
2022-12-12,85.4705
2022-12-13,88.57316
2022-12-14,89.1675
2022-12-15,92.70571
2022-12-16,93.66
2022-12-17,92.594444
2022-12-18,90.0095
2022-12-19,89.142
2022-12-20,87.062
2022-12-21,83.6555
2022-12-22,91.87556
2022-12-23,92.59143
2022-12-24,92.61445
2022-12-25,94.24
2022-12-26,88.44833
2022-12-27,85.087
2022-12-28,87.8945
2022-12-29,85.32222
2022-12-30,92.774994
2022-12-31,89.16722
2023-01-01,84.031
2023-01-02,90.73625
2023-01-03,88.44
2023-01-04,94.23333
2023-01-05,91.95857
2023-01-06,87.3855
2023-01-07,90.72474
2023-01-08,88.4779
2023-01-09,78.958
2023-01-10,92.60571
2023-01-11,91.22471
2023-01-12,93.33428
2023-01-13,93.16182
2023-01-14,94.24
2023-01-15,85.6805
2023-01-16,85.815
2023-01-17,88.9779
2023-01-18,85.546
2023-01-19,90.31647
2023-01-20,93.88
2023-01-21,91.585
2023-01-22,89.74316
2023-01-23,87.5955
2023-01-24,91.835335
2023-01-25,91.253685
2023-01-26,86.3395
2023-01-27,87.4315
2023-01-28,88.3135
2023-01-29,81.479996
2023-01-30,84.515
2023-01-31,87.5185
2023-02-01,88.379
2023-02-02,80.371
2023-02-03,91.105
2023-02-04,86.4315
2023-02-05,74.2485
2023-02-06,73.394
2023-02-07,76.6925
2023-02-08,79.0
2023-02-09,80.8715
2023-02-10,79.458
2023-02-11,80.923
2023-02-12,79.597496
2023-02-13,85.6705
2023-02-14,85.326996
2023-02-15,84.7815
2023-02-16,88.993996
2023-02-17,89.88333
2023-02-18,81.229996
2023-02-19,81.201996
2023-02-20,74.192
2023-02-21,70.9075
2023-02-22,75.83
2023-02-23,77.1705
2023-02-24,89.2575
2023-02-25,86.272
2023-02-26,86.9365
2023-02-27,76.9975
2023-02-28,88.458496
2023-03-01,75.5505
2023-03-02,80.7025
2023-03-03,78.876
2023-03-04,74.915
2023-03-05,75.0265
2023-03-06,72.121
2023-03-07,83.891
2023-03-08,71.0345
2023-03-09,76.3275
2023-03-10,83.365
2023-03-11,72.3395
2023-03-12,61.853996
2023-03-13,62.9245
2023-03-14,52.564
2023-03-15,79.8305
2023-03-16,68.6965
2023-03-17,61.1055
2023-03-18,60.562
2023-03-19,58.748497
2023-03-20,67.5225
2023-03-21,72.395996
2023-03-22,68.0915
2023-03-23,69.201
2023-03-24,59.9125
2023-03-25,74.8425
2023-03-26,64.094
2023-03-27,86.067
2023-03-28,74.3145
2023-03-29,60.824
2023-03-30,62.6625
2023-03-31,81.012
2023-04-01,81.626495
2023-04-02,83.891495
2023-04-03,71.951996
2023-04-04,73.619995
2023-04-05,55.173
2023-04-06,89.858
2023-04-07,92.995
2023-04-08,85.9265
2023-04-09,74.6515
2023-04-10,87.1575
2023-04-11,82.057
2023-04-12,79.987495
2023-04-13,68.665
2023-04-14,77.505
2023-04-15,73.396996
2023-04-16,62.339
2023-04-17,75.65
2023-04-18,63.0345
2023-04-19,60.415
2023-04-20,66.4165
2023-04-21,54.947998
2023-04-22,51.522
2023-04-23,54.9825
2023-04-24,81.675
2023-04-25,93.12
2023-04-26,72.2415
2023-04-27,58.593
2023-04-28,58.8635
2023-04-29,60.118
2023-04-30,65.266
2023-05-01,58.1135
2023-05-02,51.323997
2023-05-03,56.080498
2023-05-04,68.208
2023-05-05,69.869995
2023-05-06,63.6315
2023-05-07,76.374
2023-05-08,66.727
2023-05-09,64.335
2023-05-10,61.0275
2023-05-11,52.381
2023-05-12,72.8365
2023-05-13,82.223495
2023-05-14,80.0105
2023-05-15,91.3845
2023-05-16,93.19071
2023-05-17,89.320526
2023-05-18,90.52737
2023-05-19,81.5105
2023-05-20,66.312996
2023-05-21,61.386997
2023-05-22,69.4375
2023-05-23,69.084
2023-05-24,86.128
2023-05-25,74.966995
2023-05-26,68.7175
2023-05-27,65.1735
2023-05-28,67.4675
2023-05-29,73.098495
2023-05-30,73.3655
2023-05-31,66.024
2023-06-01,64.696495
2023-06-02,65.292
2023-06-03,55.7455
2023-06-04,51.258
2023-06-05,58.7095
2023-06-06,92.585335
2023-06-07,87.1185
2023-06-08,78.368
2023-06-09,87.8785
2023-06-10,80.915
2023-06-11,76.881
2023-06-12,64.3155
2023-06-13,75.039
2023-06-14,70.4225
2023-06-15,67.4535
2023-06-16,89.7245
2023-06-17,79.501
2023-06-18,70.984
2023-06-19,66.1595
2023-06-20,64.3385
2023-06-21,64.776
2023-06-22,75.7765
2023-06-23,69.2765
2023-06-24,80.354996
2023-06-25,75.145996
2023-06-26,69.672
2023-06-27,77.9945
2023-06-28,76.259
2023-06-29,73.2015
2023-06-30,66.6645
2023-07-01,63.3745
2023-07-02,74.92
2023-07-03,67.5415
2023-07-04,74.687996
2023-07-05,70.783
2023-07-06,79.312
2023-07-07,70.621
2023-07-08,62.181
2023-07-09,60.940998
2023-07-10,62.675
2023-07-11,66.566
2023-07-12,75.4055
2023-07-13,83.2215
2023-07-14,68.2895
2023-07-15,63.496
2023-07-16,61.314
2023-07-17,69.9795
2023-07-18,68.1385
2023-07-19,63.021
2023-07-20,67.809
2023-07-21,69.986
2023-07-22,72.25
2023-07-23,62.923
2023-07-24,63.079998
2023-07-25,68.171
2023-07-26,83.695
2023-07-27,66.8975
2023-07-28,64.909996
2023-07-29,67.53
2023-07-30,79.0415
2023-07-31,75.0305
2023-08-01,65.7735
2023-08-02,72.716995
2023-08-03,71.082
2023-08-04,72.698
2023-08-05,78.418
2023-08-06,88.3315
2023-08-07,70.958496
2023-08-08,71.977
2023-08-09,65.5885
2023-08-10,72.75
2023-08-11,73.536
2023-08-12,64.4025
2023-08-13,64.948
2023-08-14,65.1635
2023-08-15,70.3315
2023-08-16,76.408
2023-08-17,81.518
2023-08-18,75.771996
2023-08-19,74.600494
2023-08-20,68.4005
2023-08-21,69.0335
2023-08-22,68.0405
2023-08-23,77.5095
2023-08-24,73.528
2023-08-25,66.322
2023-08-26,59.539497
2023-08-27,58.281498
2023-08-28,55.461998
2023-08-29,62.882
2023-08-30,85.3125
2023-08-31,78.874
2023-09-01,65.932
2023-09-02,64.985
2023-09-03,88.1895
2023-09-04,66.4095
2023-09-05,62.792
2023-09-06,62.915
2023-09-07,63.990498
2023-09-08,60.4555
2023-09-09,65.6685
2023-09-10,69.0795
2023-09-11,67.4305
2023-09-12,62.1405
2023-09-13,60.295
2023-09-14,71.681
2023-09-15,80.5615
2023-09-16,80.1925
2023-09-17,79.045
2023-09-18,69.4045
2023-09-19,71.224
2023-09-20,74.235
2023-09-21,70.47
2023-09-22,64.72
2023-09-23,73.243
2023-09-24,91.96611
2023-09-25,81.354
2023-09-26,65.646996
2023-09-27,62.100998
2023-09-28,61.514
2023-09-29,65.8845
2023-09-30,63.747
2023-10-01,63.886497
2023-10-02,69.64
2023-10-03,65.6195
2023-10-04,64.606
2023-10-05,65.5955
2023-10-06,73.409
2023-10-07,64.895996
2023-10-08,56.5425
2023-10-09,72.989
2023-10-10,63.3985
2023-10-11,73.843
2023-10-12,64.1275
2023-10-13,69.4525
2023-10-14,64.9
2023-10-15,85.8175
2023-10-16,78.502
2023-10-17,75.0625
2023-10-18,73.685
2023-10-19,82.8315
2023-10-20,57.861
2023-10-21,49.8685
2023-10-22,64.066
2023-10-23,74.7705
2023-10-24,67.924995
2023-10-25,81.7695
2023-10-26,82.53
2023-10-27,90.1625
2023-10-28,86.24842
2023-10-29,78.0
2023-10-30,67.0845
2023-10-31,65.0605
2023-11-01,79.5055
2023-11-02,77.0755
2023-11-03,75.701
2023-11-04,91.79444
2023-11-05,89.241
2023-11-06,80.964
2023-11-07,84.201
2023-11-08,88.7885
2023-11-09,81.397995
2023-11-10,75.144
2023-11-11,93.595
2023-11-12,85.229996
2023-11-13,87.0345
2023-11-14,87.4185
2023-11-15,86.782
2023-11-16,84.3345
2023-11-17,88.455
2023-11-18,83.444
2023-11-19,87.723
2023-11-20,89.753685
2023-11-21,90.41053
2023-11-22,85.962
2023-11-23,87.209
2023-11-24,87.7421
2023-11-25,84.446
2023-11-26,79.325
2023-11-27,89.6745
2023-11-28,90.721054
2023-11-29,84.687
2023-11-30,89.49579
2023-12-01,94.215
2023-12-02,91.736115
2023-12-03,84.165
2023-12-04,85.585
2023-12-05,85.064
2023-12-06,84.325
2023-12-07,93.187996
2023-12-08,91.201996
2023-12-09,88.542496
2023-12-10,90.78111
2023-12-11,89.259415
2023-12-12,90.30666
2023-12-13,92.69625
2023-12-14,93.586
2023-12-15,83.78
2023-12-16,84.9645
2023-12-17,90.61
2023-12-18,84.50647
2023-12-19,91.405
2023-12-20,94.21
2023-12-21,88.1695
2023-12-22,76.022995
2023-12-23,83.673
2023-12-24,89.7
2023-12-25,81.638
2023-12-26,85.08316
2023-12-27,80.242
2023-12-28,83.361496
2023-12-29,84.7585
2023-12-30,88.0815
2023-12-31,83.3685
2024-01-01,83.1895
2024-01-02,88.128
2024-01-03,88.2115
2024-01-04,79.669495
2024-01-05,78.048
2024-01-06,87.24222
2024-01-07,87.3285
2024-01-08,69.84
2024-01-09,59.546997
2024-01-10,88.76945
2024-01-11,91.98923
2024-01-12,81.5645
2024-01-13,86.596
2024-01-14,84.8165
2024-01-15,85.236496
2024-01-16,73.028496
2024-01-17,82.0575
2024-01-18,90.039
2024-01-19,88.30889
2024-01-20,80.3635
2024-01-21,89.81526
2024-01-22,93.66778
2024-01-23,90.50737
2024-01-24,93.55461
2024-01-25,76.5775
2024-01-26,77.0415
2024-01-27,79.9915
2024-01-28,74.4545
2024-01-29,85.72421
2024-01-30,86.243
2024-01-31,89.113
2024-02-01,90.0645
2024-02-02,92.5225
2024-02-03,88.58737
2024-02-04,78.478
2024-02-05,72.255
2024-02-06,66.1175
2024-02-07,76.238
2024-02-08,77.3395
2024-02-09,71.993996
2024-02-10,76.353
2024-02-11,64.0045
2024-02-12,84.444496
2024-02-13,68.942
2024-02-14,65.0085
2024-02-15,74.2755
2024-02-16,72.585
2024-02-17,66.971
2024-02-18,71.295
2024-02-19,75.4615
2024-02-20,86.991
2024-02-21,85.9355
2024-02-22,70.9935
2024-02-23,62.6605
2024-02-24,73.562996
2024-02-25,85.3485
2024-02-26,72.068
2024-02-27,60.294
2024-02-28,61.8225
2024-02-29,76.009
2024-03-01,77.057495
2024-03-02,74.751
2024-03-03,72.8695
2024-03-04,67.427
2024-03-05,71.0955
2024-03-06,79.5045
2024-03-07,89.5395
2024-03-08,86.017
2024-03-09,76.893
2024-03-10,71.5105
2024-03-11,69.823
2024-03-12,71.729996
2024-03-13,85.7775
2024-03-14,75.4795
2024-03-15,72.373
2024-03-16,76.296
2024-03-17,84.5395
2024-03-18,69.0265
2024-03-19,55.8545
2024-03-20,60.4185
2024-03-21,57.9635
2024-03-22,63.396
2024-03-23,58.052498
2024-03-24,64.097
2024-03-25,69.744995
2024-03-26,58.135
2024-03-27,52.791
2024-03-28,68.7195
2024-03-29,62.495
2024-03-30,54.658497
2024-03-31,40.9325
2024-04-01,37.441498
2024-04-02,70.1495
2024-04-03,62.612
2024-04-04,65.941
2024-04-05,69.0995
2024-04-06,70.001495
2024-04-07,65.236
2024-04-08,56.4505
2024-04-09,59.1485
2024-04-10,59.242
2024-04-11,64.3635
2024-04-12,60.255497
2024-04-13,58.743
2024-04-14,59.5375
2024-04-15,54.3775
2024-04-16,83.348
2024-04-17,79.563995
2024-04-18,76.388
2024-04-19,69.4985
2024-04-20,59.243
2024-04-21,67.276
2024-04-22,85.6685
2024-04-23,80.043
2024-04-24,89.55842
2024-04-25,77.944
2024-04-26,68.0965
2024-04-27,61.3595
2024-04-28,60.524
2024-04-29,58.510498
2024-04-30,52.1595
2024-05-01,52.281998
2024-05-02,49.0055
2024-05-03,63.7095
2024-05-04,63.968
2024-05-05,68.8515
2024-05-06,61.2285
2024-05-07,70.0355
2024-05-08,81.620995
2024-05-09,78.4355
2024-05-10,62.925
2024-05-11,58.813
2024-05-12,48.774
2024-05-13,52.604
2024-05-14,51.023
2024-05-15,70.1535
2024-05-16,58.8625
2024-05-17,74.139496
2024-05-18,79.418
2024-05-19,75.973
2024-05-20,78.256996
2024-05-21,69.0965
2024-05-22,81.218
2024-05-23,83.282
2024-05-24,81.862
2024-05-25,66.053
2024-05-26,57.6675
2024-05-27,53.8555
2024-05-28,57.9575
2024-05-29,65.378
2024-05-30,79.9395
2024-05-31,76.1665
2024-06-01,78.681
2024-06-02,72.3495
2024-06-03,79.026
2024-06-04,84.3465
2024-06-05,76.614
2024-06-06,68.783
2024-06-07,72.4685
2024-06-08,64.254
2024-06-09,77.7935
2024-06-10,87.648
2024-06-11,88.1945
2024-06-12,80.1725
2024-06-13,78.236496
2024-06-14,71.7535
2024-06-15,65.8185
2024-06-16,66.3425
2024-06-17,72.3685
2024-06-18,61.064
2024-06-19,56.279
2024-06-20,63.5895
2024-06-21,61.43
2024-06-22,67.2565
2024-06-23,80.6315
2024-06-24,56.302
2024-06-25,66.648
2024-06-26,76.54
2024-06-27,78.922
2024-06-28,86.94
2024-06-29,75.654495
2024-06-30,70.6465
2024-07-01,66.3825
2024-07-02,87.1915
2024-07-03,72.2335
2024-07-04,67.325
2024-07-05,60.758
2024-07-06,59.6765
2024-07-07,58.796997
2024-07-08,66.946
2024-07-09,66.5655
2024-07-10,58.6895
2024-07-11,56.729
2024-07-12,57.211998
2024-07-13,49.525997
2024-07-14,54.996
2024-07-15,61.489998
2024-07-16,53.864998
2024-07-17,59.921497
2024-07-18,67.8685
2024-07-19,59.839497
2024-07-20,63.8005
2024-07-21,75.7055
2024-07-22,67.382996
2024-07-23,66.5605
2024-07-24,65.5465
2024-07-25,65.8245
2024-07-26,57.565998
2024-07-27,52.607
2024-07-28,48.199997
2024-07-29,47.3635
2024-07-30,50.223
2024-07-31,54.240498
2024-08-01,46.113
2024-08-02,58.082
2024-08-03,79.847496
2024-08-04,68.7825
2024-08-05,71.2975
2024-08-06,71.6725
2024-08-07,66.2715
2024-08-08,55.303497
2024-08-09,65.497
2024-08-10,61.6375
2024-08-11,57.369
2024-08-12,55.918
2024-08-13,49.105
2024-08-14,48.554497
2024-08-15,49.498997
2024-08-16,59.3945
2024-08-17,64.453995
2024-08-18,66.3025
2024-08-19,53.8075
2024-08-20,54.8345
2024-08-21,64.989
2024-08-22,59.095497
2024-08-23,58.7805
2024-08-24,56.003
2024-08-25,51.8745
2024-08-26,54.146
2024-08-27,72.181496
2024-08-28,62.527
2024-08-29,53.005497
2024-08-30,52.122498
2024-08-31,51.593
2024-09-01,41.7115
2024-09-02,49.8705
2024-09-03,46.204998
2024-09-04,39.8825
2024-09-05,38.478497
2024-09-06,44.268497
2024-09-07,50.982998
2024-09-08,40.267998
2024-09-09,46.117996
2024-09-10,92.83444
2024-09-11,91.907646
2024-09-12,75.904495
2024-09-13,85.993004
2024-09-14,92.30941
2024-09-15,90.48167
2024-09-16,91.935265
2024-09-17,86.752
2024-09-18,71.6535
2024-09-19,63.687
2024-09-20,54.0835
2024-09-21,56.869
2024-09-22,63.0355
2024-09-23,64.303
2024-09-24,59.746
2024-09-25,81.195
2024-09-26,66.971
2024-09-27,59.3195
2024-09-28,78.071
2024-09-29,80.045
2024-09-30,68.812996
2024-10-01,72.5965
2024-10-02,77.4665
2024-10-03,92.91125
2024-10-04,
2024-10-05,92.3
2024-10-06,93.816666
2024-10-07,86.4035
2024-10-08,76.004
2024-10-09,82.225
2024-10-10,67.572
2024-10-11,85.113
2024-10-12,74.639
2024-10-13,81.4725
2024-10-14,66.152
2024-10-15,83.377
2024-10-16,77.7185
2024-10-17,79.636
2024-10-18,72.3345
2024-10-19,70.0295
2024-10-20,75.876
2024-10-21,74.3445
2024-10-22,78.0905
2024-10-23,77.3495
2024-10-24,75.6985
2024-10-25,80.537
2024-10-26,77.7995
2024-10-27,68.376495
2024-10-28,80.323
2024-10-29,85.802
2024-10-30,85.76947
2024-10-31,89.87187
2024-11-01,89.00632
2024-11-02,80.805
2024-11-03,64.278496
2024-11-04,72.0505
2024-11-05,77.69526
2024-11-06,75.574
2024-11-07,72.961
2024-11-08,74.9495
2024-11-09,83.5235
2024-11-10,94.326
2024-11-11,93.05
2024-11-12,94.07
2024-11-13,90.227
2024-11-14,86.736664
2024-11-15,84.8905
2024-11-16,91.77
2024-11-17,93.78571
2024-11-18,91.74
2024-11-19,79.2555
2024-11-20,83.3505
2024-11-21,77.4015
2024-11-22,87.59556
2024-11-23,86.4485
2024-11-24,81.24895
2024-11-25,78.18263
2024-11-26,83.8685
2024-11-27,89.996155
2024-11-28,94.06333
2024-11-29,89.80529
2024-11-30,85.32632
2024-12-01,81.876
2024-12-02,93.064285
2024-12-03,89.92267
2024-12-04,93.315834
2024-12-05,92.00421
2024-12-06,93.707146
2024-12-07,93.75125
2024-12-08,90.19118
2024-12-09,91.87182
2024-12-10,92.26875
2024-12-11,88.84842
2024-12-12,90.88154
2024-12-13,81.9905
2024-12-14,88.21158
2024-12-15,83.867
2024-12-16,84.602
2024-12-17,86.073685
2024-12-18,92.729996
2024-12-19,93.47143
2024-12-20,91.50353
2024-12-21,68.6695
2024-12-22,85.107
2024-12-23,90.144
2024-12-24,75.7865
2024-12-25,75.033
2024-12-26,71.567
2024-12-27,85.51369
2024-12-28,88.9425
2024-12-29,93.75
2024-12-30,94.71
2024-12-31,94.24
