time,hu
1960-01-01,89.37666
1960-01-02,93.00091
1960-01-03,92.932
1960-01-04,92.8
1960-01-05,91.444115
1960-01-06,88.98278
1960-01-07,87.943
1960-01-08,86.189
1960-01-09,92.259
1960-01-10,78.958
1960-01-11,82.958
1960-01-12,91.0079
1960-01-13,84.48053
1960-01-14,83.465996
1960-01-15,87.8195
1960-01-16,86.1205
1960-01-17,90.600525
1960-01-18,84.694496
1960-01-19,81.2335
1960-01-20,83.115
1960-01-21,83.894
1960-01-22,83.1265
1960-01-23,84.9795
1960-01-24,86.79737
1960-01-25,88.920525
1960-01-26,90.055336
1960-01-27,87.477646
1960-01-28,86.9405
1960-01-29,83.7755
1960-01-30,86.061
1960-01-31,81.9005
1960-02-01,68.5795
1960-02-02,74.069496
1960-02-03,82.8715
1960-02-04,80.265495
1960-02-05,77.886
1960-02-06,73.1565
1960-02-07,82.347496
1960-02-08,76.1685
1960-02-09,72.2355
1960-02-10,81.133995
1960-02-11,87.88579
1960-02-12,80.861
1960-02-13,81.575
1960-02-14,88.58421
1960-02-15,91.96429
1960-02-16,92.39777
1960-02-17,91.90111
1960-02-18,
1960-02-19,91.761536
1960-02-20,92.43533
1960-02-21,91.13917
1960-02-22,88.967896
1960-02-23,90.342354
1960-02-24,77.8935
1960-02-25,84.4875
1960-02-26,88.01
1960-02-27,82.824
1960-02-28,84.684
1960-02-29,82.8285
1960-03-01,92.558
1960-03-02,89.852356
1960-03-03,88.3
1960-03-04,86.311
1960-03-05,82.16631
1960-03-06,82.0915
1960-03-07,76.028
1960-03-08,81.137
1960-03-09,75.8955
1960-03-10,77.341995
1960-03-11,79.9835
1960-03-12,88.73526
1960-03-13,83.806
1960-03-14,80.0505
1960-03-15,75.1725
1960-03-16,71.645
1960-03-17,89.2425
1960-03-18,77.7975
1960-03-19,79.97
1960-03-20,88.555
1960-03-21,84.2345
1960-03-22,74.0775
1960-03-23,71.0585
1960-03-24,72.139496
1960-03-25,71.278
1960-03-26,75.07
1960-03-27,80.8965
1960-03-28,80.041
1960-03-29,87.03684
1960-03-30,85.531
1960-03-31,86.7365
1960-04-01,86.62842
1960-04-02,83.4795
1960-04-03,80.3375
1960-04-04,78.0795
1960-04-05,76.6645
1960-04-06,74.0
1960-04-07,72.1765
1960-04-08,75.513
1960-04-09,77.986
1960-04-10,83.052
1960-04-11,78.7125
1960-04-12,70.9915
1960-04-13,73.011
1960-04-14,77.479996
1960-04-15,74.645996
1960-04-16,79.284996
1960-04-17,80.0255
1960-04-18,72.498
1960-04-19,69.5235
1960-04-20,84.562
1960-04-21,79.449
1960-04-22,65.7445
1960-04-23,74.687
1960-04-24,73.047
1960-04-25,81.6815
1960-04-26,75.0935
1960-04-27,69.592
1960-04-28,84.548996
1960-04-29,86.313
1960-04-30,84.9275
1960-05-01,85.3205
1960-05-02,80.6565
1960-05-03,69.207
1960-05-04,67.960495
1960-05-05,84.8715
1960-05-06,86.759476
1960-05-07,84.693
1960-05-08,93.69333
1960-05-09,90.399
1960-05-10,82.1805
1960-05-11,74.6165
1960-05-12,71.182
1960-05-13,67.6935
1960-05-14,88.46895
1960-05-15,82.0685
1960-05-16,66.4845
1960-05-17,68.6465
1960-05-18,66.9705
1960-05-19,56.940998
1960-05-20,76.27
1960-05-21,68.93
1960-05-22,72.3235
1960-05-23,77.53
1960-05-24,66.7655
1960-05-25,69.7855
1960-05-26,58.2355
1960-05-27,71.3025
1960-05-28,77.7255
1960-05-29,72.477
1960-05-30,92.97846
1960-05-31,87.6875
1960-06-01,74.357
1960-06-02,68.7075
1960-06-03,77.206
1960-06-04,72.3455
1960-06-05,66.655495
1960-06-06,69.3375
1960-06-07,67.807
1960-06-08,80.7755
1960-06-09,68.6065
1960-06-10,66.909
1960-06-11,66.9925
1960-06-12,66.909
1960-06-13,65.3265
1960-06-14,65.3605
1960-06-15,74.1355
1960-06-16,67.524
1960-06-17,60.6245
1960-06-18,66.305
1960-06-19,64.545
1960-06-20,67.227
1960-06-21,66.4825
1960-06-22,62.565
1960-06-23,59.393997
1960-06-24,59.823498
1960-06-25,62.9495
1960-06-26,80.159996
1960-06-27,80.4995
1960-06-28,70.918
1960-06-29,83.4305
1960-06-30,79.957
1960-07-01,82.935
1960-07-02,75.704
1960-07-03,74.697
1960-07-04,67.084496
1960-07-05,61.211998
1960-07-06,68.712494
1960-07-07,71.899
1960-07-08,70.513
1960-07-09,85.9515
1960-07-10,72.838
1960-07-11,65.756996
1960-07-12,73.7025
1960-07-13,79.896996
1960-07-14,74.139
1960-07-15,73.6485
1960-07-16,70.918
1960-07-17,80.3645
1960-07-18,72.0805
1960-07-19,67.379
1960-07-20,68.376495
1960-07-21,84.0695
1960-07-22,73.2515
1960-07-23,85.43158
1960-07-24,80.6805
1960-07-25,89.403
1960-07-26,80.604
1960-07-27,78.2485
1960-07-28,88.50158
1960-07-29,81.486496
1960-07-30,75.2305
1960-07-31,79.412994
1960-08-01,77.349
1960-08-02,78.5835
1960-08-03,74.529
1960-08-04,77.4835
1960-08-05,75.6465
1960-08-06,79.921
1960-08-07,74.3155
1960-08-08,77.9095
1960-08-09,85.033
1960-08-10,75.3215
1960-08-11,74.3305
1960-08-12,66.414
1960-08-13,75.605995
1960-08-14,78.1305
1960-08-15,74.5495
1960-08-16,75.8675
1960-08-17,73.4505
1960-08-18,67.914
1960-08-19,77.0505
1960-08-20,66.307495
1960-08-21,76.6525
1960-08-22,77.241
1960-08-23,75.923
1960-08-24,80.01
1960-08-25,79.3185
1960-08-26,79.022
1960-08-27,76.4275
1960-08-28,75.068
1960-08-29,75.3585
1960-08-30,78.507996
1960-08-31,78.779495
1960-09-01,76.9985
1960-09-02,80.0795
1960-09-03,70.9565
1960-09-04,67.96
1960-09-05,81.326
1960-09-06,89.681335
1960-09-07,78.182
1960-09-08,79.4105
1960-09-09,80.6005
1960-09-10,76.6355
1960-09-11,78.4905
1960-09-12,79.4645
1960-09-13,79.215
1960-09-14,75.376
1960-09-15,76.701
1960-09-16,70.19
1960-09-17,69.3595
1960-09-18,71.6145
1960-09-19,67.7345
1960-09-20,80.571
1960-09-21,79.616
1960-09-22,93.49353
1960-09-23,88.511
1960-09-24,78.5795
1960-09-25,78.093
1960-09-26,80.2195
1960-09-27,81.5395
1960-09-28,93.166
1960-09-29,84.037
1960-09-30,85.4705
1960-10-01,88.214
1960-10-02,85.525
1960-10-03,84.965
1960-10-04,84.0875
1960-10-05,85.2205
1960-10-06,82.304
1960-10-07,88.521
1960-10-08,83.3625
1960-10-09,80.472
1960-10-10,87.125496
1960-10-11,90.316246
1960-10-12,91.25125
1960-10-13,89.6245
1960-10-14,81.625496
1960-10-15,84.442
1960-10-16,88.848236
1960-10-17,86.8915
1960-10-18,82.565994
1960-10-19,80.917496
1960-10-20,82.2575
1960-10-21,87.449
1960-10-22,81.083496
1960-10-23,78.746
1960-10-24,82.109
1960-10-25,87.74526
1960-10-26,86.2835
1960-10-27,78.786995
1960-10-28,86.33158
1960-10-29,72.0205
1960-10-30,75.519
1960-10-31,81.477
1960-11-01,86.3675
1960-11-02,88.71526
1960-11-03,91.987274
1960-11-04,86.17
1960-11-05,75.675995
1960-11-06,92.153076
1960-11-07,88.89421
1960-11-08,86.958885
1960-11-09,91.34133
1960-11-10,91.77
1960-11-11,93.17
1960-11-12,92.91
1960-11-13,92.59353
1960-11-14,93.80778
1960-11-15,91.37546
1960-11-16,90.483
1960-11-17,85.711
1960-11-18,90.07056
1960-11-19,92.2575
1960-11-20,81.020996
1960-11-21,85.61895
1960-11-22,84.505264
1960-11-23,88.69579
1960-11-24,93.292496
1960-11-25,95.16
1960-11-26,91.41
1960-11-27,90.99
1960-11-28,91.79722
1960-11-29,87.282
1960-11-30,84.1855
1960-12-01,87.90737
1960-12-02,87.02368
1960-12-03,91.97
1960-12-04,85.68632
1960-12-05,82.179
1960-12-06,77.917
1960-12-07,72.732
1960-12-08,91.6525
1960-12-09,92.332146
1960-12-10,86.12
1960-12-11,90.117
1960-12-12,88.95947
1960-12-13,94.01
1960-12-14,93.498
1960-12-15,90.975334
1960-12-16,92.538185
1960-12-17,94.37
1960-12-18,90.85429
1960-12-19,90.1405
1960-12-20,88.688
1960-12-21,84.364
1960-12-22,92.13937
1960-12-23,88.745
1960-12-24,89.35
1960-12-25,88.54278
1960-12-26,89.384735
1960-12-27,93.655
1960-12-28,93.47444
1960-12-29,92.544
1960-12-30,90.61437
1960-12-31,93.10875
1961-01-01,92.29857
1961-01-02,92.297775
1961-01-03,85.0965
1961-01-04,84.4485
1961-01-05,88.19059
1961-01-06,88.84579
1961-01-07,92.82562
1961-01-08,92.182144
1961-01-09,92.79
1961-01-10,88.638664
1961-01-11,89.62889
1961-01-12,90.03737
1961-01-13,82.8385
1961-01-14,84.435
1961-01-15,90.05
1961-01-16,89.266365
1961-01-17,89.18222
1961-01-18,68.819
1961-01-19,74.8085
1961-01-20,79.187996
1961-01-21,80.1795
1961-01-22,80.746
1961-01-23,83.804
1961-01-24,92.807144
1961-01-25,89.873634
1961-01-26,80.617
1961-01-27,77.0415
1961-01-28,79.714
1961-01-29,85.2525
1961-01-30,86.185265
1961-01-31,81.551
1961-02-01,89.42177
1961-02-02,75.1135
1961-02-03,81.835
1961-02-04,80.3235
1961-02-05,87.7905
1961-02-06,83.8855
1961-02-07,87.61692
1961-02-08,86.9945
1961-02-09,89.92263
1961-02-10,82.268
1961-02-11,82.666504
1961-02-12,84.07222
1961-02-13,82.724495
1961-02-14,81.057495
1961-02-15,84.46684
1961-02-16,86.649
1961-02-17,84.43263
1961-02-18,89.562225
1961-02-19,87.5605
1961-02-20,90.39066
1961-02-21,85.197
1961-02-22,84.8265
1961-02-23,79.9225
1961-02-24,82.3705
1961-02-25,80.2435
1961-02-26,82.1185
1961-02-27,76.7105
1961-02-28,70.0625
1961-03-01,80.371
1961-03-02,78.1595
1961-03-03,75.7335
1961-03-04,78.682495
1961-03-05,76.1755
1961-03-06,76.3865
1961-03-07,72.020996
1961-03-08,70.4905
1961-03-09,61.509
1961-03-10,62.046997
1961-03-11,63.350998
1961-03-12,69.827995
1961-03-13,73.49
1961-03-14,84.282
1961-03-15,67.962
1961-03-16,67.6745
1961-03-17,62.1315
1961-03-18,59.0365
1961-03-19,82.675
1961-03-20,76.1535
1961-03-21,66.429
1961-03-22,70.118
1961-03-23,71.7055
1961-03-24,66.635
1961-03-25,65.4605
1961-03-26,63.992
1961-03-27,64.4575
1961-03-28,59.169
1961-03-29,61.253
1961-03-30,63.4185
1961-03-31,75.5485
1961-04-01,66.1675
1961-04-02,68.375
1961-04-03,75.5385
1961-04-04,68.0765
1961-04-05,64.8455
1961-04-06,63.4955
1961-04-07,62.0015
1961-04-08,55.965
1961-04-09,68.1925
1961-04-10,64.267
1961-04-11,69.5765
1961-04-12,66.984
1961-04-13,59.919
1961-04-14,57.0015
1961-04-15,53.947998
1961-04-16,60.8365
1961-04-17,77.437
1961-04-18,79.9165
1961-04-19,89.471176
1961-04-20,79.500496
1961-04-21,73.308
1961-04-22,76.27
1961-04-23,78.079
1961-04-24,86.878944
1961-04-25,84.534
1961-04-26,83.282
1961-04-27,84.6195
1961-04-28,76.597496
1961-04-29,82.8255
1961-04-30,88.47667
1961-05-01,85.3285
1961-05-02,82.0075
1961-05-03,76.791
1961-05-04,77.8425
1961-05-05,76.0475
1961-05-06,69.431496
1961-05-07,79.7895
1961-05-08,82.291
1961-05-09,75.3695
1961-05-10,75.6225
1961-05-11,77.538
1961-05-12,77.533
1961-05-13,83.757
1961-05-14,77.778496
1961-05-15,87.56
1961-05-16,92.40722
1961-05-17,87.7405
1961-05-18,78.0195
1961-05-19,72.972
1961-05-20,81.91052
1961-05-21,84.055
1961-05-22,89.83235
1961-05-23,82.834
1961-05-24,81.020996
1961-05-25,75.593
1961-05-26,72.209
1961-05-27,72.976
1961-05-28,75.163
1961-05-29,82.92
1961-05-30,74.132996
1961-05-31,70.9255
1961-06-01,67.4055
1961-06-02,80.5345
1961-06-03,87.98
1961-06-04,79.052
1961-06-05,83.4275
1961-06-06,82.337
1961-06-07,88.5745
1961-06-08,85.058
1961-06-09,85.622
1961-06-10,82.8775
1961-06-11,89.8365
1961-06-12,78.7
1961-06-13,75.743996
1961-06-14,78.281
1961-06-15,71.732
1961-06-16,67.8925
1961-06-17,66.5635
1961-06-18,69.3155
1961-06-19,68.9665
1961-06-20,65.8735
1961-06-21,65.1445
1961-06-22,72.4785
1961-06-23,71.409
1961-06-24,68.395996
1961-06-25,65.964
1961-06-26,68.4285
1961-06-27,64.8145
1961-06-28,72.9755
1961-06-29,62.135
1961-06-30,66.249
1961-07-01,66.138
1961-07-02,65.3745
1961-07-03,65.237495
1961-07-04,63.0365
1961-07-05,69.4125
1961-07-06,62.978
1961-07-07,62.4785
1961-07-08,66.702995
1961-07-09,69.5865
1961-07-10,66.0085
1961-07-11,66.468
1961-07-12,76.8005
1961-07-13,72.4995
1961-07-14,74.5595
1961-07-15,67.445496
1961-07-16,73.423996
1961-07-17,75.2075
1961-07-18,70.0325
1961-07-19,69.500496
1961-07-20,84.95737
1961-07-21,72.7975
1961-07-22,73.3045
1961-07-23,82.863495
1961-07-24,74.3815
1961-07-25,69.739
1961-07-26,70.4485
1961-07-27,67.619995
1961-07-28,65.2155
1961-07-29,85.183
1961-07-30,82.3585
1961-07-31,76.941
1961-08-01,72.3975
1961-08-02,68.270996
1961-08-03,70.1805
1961-08-04,68.455
1961-08-05,64.496
1961-08-06,66.724
1961-08-07,63.1555
1961-08-08,69.5785
1961-08-09,65.716995
1961-08-10,63.5565
1961-08-11,58.9655
1961-08-12,73.2825
1961-08-13,82.965996
1961-08-14,74.4515
1961-08-15,69.991
1961-08-16,78.251
1961-08-17,76.566
1961-08-18,76.215996
1961-08-19,67.428
1961-08-20,77.9745
1961-08-21,72.0185
1961-08-22,71.3715
1961-08-23,75.173996
1961-08-24,73.764
1961-08-25,75.682495
1961-08-26,69.265
1961-08-27,68.473495
1961-08-28,67.738
1961-08-29,68.644
1961-08-30,66.2945
1961-08-31,66.8005
1961-09-01,65.2755
1961-09-02,62.985
1961-09-03,55.8745
1961-09-04,65.418
1961-09-05,59.908
1961-09-06,69.225
1961-09-07,65.368
1961-09-08,71.268
1961-09-09,79.6625
1961-09-10,69.196
1961-09-11,73.545
1961-09-12,71.068
1961-09-13,69.659996
1961-09-14,68.173004
1961-09-15,64.433
1961-09-16,67.1785
1961-09-17,65.359
1961-09-18,58.376
1961-09-19,66.5435
1961-09-20,63.566498
1961-09-21,63.971
1961-09-22,64.695
1961-09-23,60.434998
1961-09-24,56.288002
1961-09-25,62.732
1961-09-26,64.5595
1961-09-27,68.5465
1961-09-28,74.6065
1961-09-29,72.354
1961-09-30,69.6055
1961-10-01,68.127
1961-10-02,74.04
1961-10-03,80.917496
1961-10-04,70.943
1961-10-05,70.39
1961-10-06,65.7555
1961-10-07,70.1845
1961-10-08,78.6445
1961-10-09,75.294
1961-10-10,75.44
1961-10-11,77.698
1961-10-12,72.1155
1961-10-13,72.1635
1961-10-14,68.6095
1961-10-15,77.889
1961-10-16,73.646996
1961-10-17,69.337
1961-10-18,64.9675
1961-10-19,81.9295
1961-10-20,88.0075
1961-10-21,76.679
1961-10-22,85.0785
1961-10-23,85.4715
1961-10-24,81.211
1961-10-25,74.562
1961-10-26,77.4605
1961-10-27,69.766
1961-10-28,76.644
1961-10-29,89.3545
1961-10-30,92.325
1961-10-31,87.11
1961-11-01,82.8075
1961-11-02,86.35474
1961-11-03,90.57
1961-11-04,89.60529
1961-11-05,90.05
1961-11-06,94.24
1961-11-07,93.74182
1961-11-08,91.5225
1961-11-09,88.07111
1961-11-10,87.43632
1961-11-11,92.715
1961-11-12,91.479996
1961-11-13,90.93188
1961-11-14,89.882225
1961-11-15,91.27545
1961-11-16,91.16333
1961-11-17,85.398
1961-11-18,86.528
1961-11-19,80.570496
1961-11-20,85.745
1961-11-21,82.4815
1961-11-22,89.36579
1961-11-23,84.479996
1961-11-24,86.19526
1961-11-25,
1961-11-26,92.044
1961-11-27,87.85294
1961-11-28,92.31545
1961-11-29,95.16
1961-11-30,91.78667
1961-12-01,90.469376
1961-12-02,87.9345
1961-12-03,88.27
1961-12-04,84.289474
1961-12-05,89.39
1961-12-06,90.13555
1961-12-07,91.69737
1961-12-08,90.89706
1961-12-09,88.71105
1961-12-10,88.91867
1961-12-11,91.94833
1961-12-12,90.55143
1961-12-13,87.494446
1961-12-14,73.535995
1961-12-15,73.057
1961-12-16,77.050995
1961-12-17,74.0465
1961-12-18,82.1455
1961-12-19,83.3695
1961-12-20,86.5545
1961-12-21,82.949
1961-12-22,81.394
1961-12-23,84.456
1961-12-24,85.13579
1961-12-25,88.363495
1961-12-26,89.08
1961-12-27,93.6975
1961-12-28,93.59
1961-12-29,
1961-12-30,93.86
1961-12-31,90.735
1962-01-01,92.56154
1962-01-02,92.4225
1962-01-03,90.636665
1962-01-04,91.37454
1962-01-05,89.761665
1962-01-06,92.635
1962-01-07,89.36176
1962-01-08,90.54667
1962-01-09,92.25143
1962-01-10,93.45111
1962-01-11,92.46091
1962-01-12,
1962-01-13,92.729996
1962-01-14,89.64933
1962-01-15,93.229996
1962-01-16,92.65
1962-01-17,93.09
1962-01-18,94.01
1962-01-19,93.41
1962-01-20,94.39
1962-01-21,93.825554
1962-01-22,94.71
1962-01-23,87.465
1962-01-24,87.9135
1962-01-25,85.154
1962-01-26,87.7605
1962-01-27,80.6895
1962-01-28,82.495
1962-01-29,78.463
1962-01-30,90.04071
1962-01-31,81.5645
1962-02-01,90.282
1962-02-02,88.10474
1962-02-03,89.202774
1962-02-04,84.0125
1962-02-05,86.517
1962-02-06,74.586
1962-02-07,82.612
1962-02-08,88.70722
1962-02-09,92.8875
1962-02-10,89.22133
1962-02-11,88.624
1962-02-12,78.6275
1962-02-13,85.988
1962-02-14,83.943504
1962-02-15,72.694496
1962-02-16,73.9935
1962-02-17,75.997
1962-02-18,68.3265
1962-02-19,84.897
1962-02-20,78.931
1962-02-21,69.2415
1962-02-22,84.272
1962-02-23,76.9405
1962-02-24,83.773
1962-02-25,83.963
1962-02-26,80.5745
1962-02-27,89.8605
1962-02-28,92.88
1962-03-01,92.702
1962-03-02,92.62
1962-03-03,89.976845
1962-03-04,87.26947
1962-03-05,80.546
1962-03-06,88.172104
1962-03-07,87.78778
1962-03-08,78.0485
1962-03-09,76.513
1962-03-10,84.5335
1962-03-11,93.795
1962-03-12,91.35333
1962-03-13,77.4615
1962-03-14,81.891
1962-03-15,87.7345
1962-03-16,88.68
1962-03-17,81.329
1962-03-18,84.234
1962-03-19,79.1555
1962-03-20,83.304
1962-03-21,92.77375
1962-03-22,93.49333
1962-03-23,92.09538
1962-03-24,91.28307
1962-03-25,92.11389
1962-03-26,85.648
1962-03-27,82.0865
1962-03-28,89.6925
1962-03-29,79.906
1962-03-30,81.2435
1962-03-31,87.70526
1962-04-01,75.793495
1962-04-02,78.323
1962-04-03,69.8315
1962-04-04,67.779
1962-04-05,81.645996
1962-04-06,76.160995
1962-04-07,57.485
1962-04-08,59.915
1962-04-09,69.922
1962-04-10,83.243
1962-04-11,91.754
1962-04-12,90.279335
1962-04-13,82.639496
1962-04-14,81.099
1962-04-15,78.026
1962-04-16,66.083
1962-04-17,69.736
1962-04-18,69.1895
1962-04-19,57.8615
1962-04-20,54.904
1962-04-21,54.2415
1962-04-22,45.761997
1962-04-23,52.875
1962-04-24,57.6955
1962-04-25,57.5165
1962-04-26,59.7625
1962-04-27,71.354996
1962-04-28,72.782
1962-04-29,66.4075
1962-04-30,75.5255
1962-05-01,67.174995
1962-05-02,56.9335
1962-05-03,69.0675
1962-05-04,65.187
1962-05-05,66.34
1962-05-06,60.559
1962-05-07,67.501
1962-05-08,62.279
1962-05-09,65.0335
1962-05-10,65.1965
1962-05-11,76.022995
1962-05-12,80.042
1962-05-13,77.2435
1962-05-14,64.155
1962-05-15,73.6755
1962-05-16,67.8585
1962-05-17,63.164497
1962-05-18,63.349
1962-05-19,55.397
1962-05-20,80.13
1962-05-21,78.442
1962-05-22,62.3985
1962-05-23,59.977
1962-05-24,66.376
1962-05-25,77.17
1962-05-26,74.895996
1962-05-27,77.0335
1962-05-28,71.014
1962-05-29,65.6135
1962-05-30,70.129
1962-05-31,64.491
1962-06-01,71.2775
1962-06-02,77.461
1962-06-03,78.5905
1962-06-04,61.150497
1962-06-05,58.5005
1962-06-06,53.8475
1962-06-07,66.1275
1962-06-08,77.0915
1962-06-09,74.4095
1962-06-10,71.0415
1962-06-11,70.889496
1962-06-12,71.174995
1962-06-13,67.585495
1962-06-14,68.357
1962-06-15,66.556
1962-06-16,62.649
1962-06-17,80.541
1962-06-18,80.3385
1962-06-19,83.934
1962-06-20,71.5745
1962-06-21,73.361
1962-06-22,71.598495
1962-06-23,66.6175
1962-06-24,65.714
1962-06-25,64.3415
1962-06-26,69.32
1962-06-27,76.0215
1962-06-28,63.732
1962-06-29,63.7635
1962-06-30,75.8195
1962-07-01,67.8155
1962-07-02,71.056
1962-07-03,79.6825
1962-07-04,92.08833
1962-07-05,90.65466
1962-07-06,87.23
1962-07-07,80.561
1962-07-08,73.785995
1962-07-09,71.1225
1962-07-10,70.2075
1962-07-11,70.22
1962-07-12,73.7045
1962-07-13,78.033
1962-07-14,70.6355
1962-07-15,80.217
1962-07-16,85.9675
1962-07-17,90.32474
1962-07-18,77.102
1962-07-19,77.397
1962-07-20,72.6085
1962-07-21,73.076
1962-07-22,73.0505
1962-07-23,76.19
1962-07-24,66.1245
1962-07-25,71.682
1962-07-26,68.835
1962-07-27,71.25
1962-07-28,73.0655
1962-07-29,84.5805
1962-07-30,80.6195
1962-07-31,76.2205
1962-08-01,68.561
1962-08-02,69.964
1962-08-03,69.9335
1962-08-04,72.0305
1962-08-05,74.803
1962-08-06,71.722496
1962-08-07,60.818
1962-08-08,63.301
1962-08-09,66.013
1962-08-10,73.371
1962-08-11,71.26
1962-08-12,70.661
1962-08-13,67.701
1962-08-14,67.611496
1962-08-15,63.310497
1962-08-16,76.448
1962-08-17,77.2875
1962-08-18,83.442
1962-08-19,66.167
1962-08-20,70.1165
1962-08-21,75.234
1962-08-22,75.4675
1962-08-23,68.303
1962-08-24,65.5945
1962-08-25,70.886
1962-08-26,70.841995
1962-08-27,71.987495
1962-08-28,63.43
1962-08-29,66.098495
1962-08-30,72.8285
1962-08-31,66.0355
1962-09-01,69.55
1962-09-02,71.592
1962-09-03,70.848
1962-09-04,67.2545
1962-09-05,73.697
1962-09-06,80.022995
1962-09-07,74.265
1962-09-08,89.106
1962-09-09,77.291
1962-09-10,71.824
1962-09-11,73.251495
1962-09-12,65.078
1962-09-13,73.901
1962-09-14,74.949
1962-09-15,74.7505
1962-09-16,69.8535
1962-09-17,89.46842
1962-09-18,91.73529
1962-09-19,88.5645
1962-09-20,87.764
1962-09-21,84.892
1962-09-22,84.0785
1962-09-23,79.998
1962-09-24,88.9079
1962-09-25,83.1855
1962-09-26,77.379
1962-09-27,84.1435
1962-09-28,88.405
1962-09-29,86.9925
1962-09-30,86.534
1962-10-01,83.9675
1962-10-02,77.836
1962-10-03,80.214
1962-10-04,79.783
1962-10-05,79.7775
1962-10-06,79.63
1962-10-07,79.571495
1962-10-08,78.1245
1962-10-09,72.967
1962-10-10,76.3395
1962-10-11,73.089
1962-10-12,79.624
1962-10-13,73.285995
1962-10-14,88.255
1962-10-15,80.807
1962-10-16,84.347
1962-10-17,76.5015
1962-10-18,80.791
1962-10-19,78.2585
1962-10-20,71.403
1962-10-21,68.868
1962-10-22,75.516
1962-10-23,75.6875
1962-10-24,76.985
1962-10-25,78.529
1962-10-26,79.875496
1962-10-27,78.708496
1962-10-28,81.551
1962-10-29,87.04706
1962-10-30,85.8225
1962-10-31,93.183334
1962-11-01,91.83933
1962-11-02,
1962-11-03,92.80333
1962-11-04,92.299995
1962-11-05,88.26833
1962-11-06,86.72125
1962-11-07,85.48789
1962-11-08,87.64222
1962-11-09,92.0
1962-11-10,91.78667
1962-11-11,91.488
1962-11-12,93.14
1962-11-13,94.128334
1962-11-14,92.37615
1962-11-15,90.685
1962-11-16,84.38
1962-11-17,86.292
1962-11-18,90.369446
1962-11-19,90.494
1962-11-20,92.80688
1962-11-21,91.03125
1962-11-22,90.591576
1962-11-23,91.03533
1962-11-24,94.54
1962-11-25,93.543335
1962-11-26,92.0
1962-11-27,92.28
1962-11-28,92.17333
1962-11-29,89.01941
1962-11-30,92.52385
1962-12-01,82.1995
1962-12-02,79.1065
1962-12-03,86.05722
1962-12-04,84.055786
1962-12-05,77.126
1962-12-06,90.02461
1962-12-07,91.98286
1962-12-08,92.6275
1962-12-09,93.455
1962-12-10,90.72091
1962-12-11,87.15632
1962-12-12,85.50632
1962-12-13,81.9765
1962-12-14,90.043686
1962-12-15,83.422
1962-12-16,85.931
1962-12-17,78.008
1962-12-18,87.8595
1962-12-19,92.07714
1962-12-20,86.601
1962-12-21,85.376
1962-12-22,75.691
1962-12-23,76.993996
1962-12-24,87.085
1962-12-25,89.17526
1962-12-26,90.92529
1962-12-27,88.954735
1962-12-28,89.807
1962-12-29,90.4495
1962-12-30,90.39
1962-12-31,91.54091
1963-01-01,94.24
1963-01-02,92.73308
1963-01-03,94.37
1963-01-04,93.4025
1963-01-05,90.741
1963-01-06,92.97143
1963-01-07,
1963-01-08,95.01
1963-01-09,91.48706
1963-01-10,92.477
1963-01-11,91.734
1963-01-12,91.24421
1963-01-13,86.941
1963-01-14,80.654495
1963-01-15,77.64
1963-01-16,78.0455
1963-01-17,79.614
1963-01-18,86.278
1963-01-19,88.548
1963-01-20,89.44722
1963-01-21,74.223495
1963-01-22,79.9835
1963-01-23,80.846
1963-01-24,82.3635
1963-01-25,86.02947
1963-01-26,87.52
1963-01-27,86.738945
1963-01-28,87.731
1963-01-29,92.26316
1963-01-30,90.3875
1963-01-31,87.755
1963-02-01,85.616
1963-02-02,85.164
1963-02-03,90.75166
1963-02-04,85.3755
1963-02-05,92.261665
1963-02-06,88.998
1963-02-07,90.36714
1963-02-08,91.7725
1963-02-09,92.113335
1963-02-10,92.424286
1963-02-11,91.89
1963-02-12,92.51933
1963-02-13,92.416664
1963-02-14,88.405
1963-02-15,89.98278
1963-02-16,92.322
1963-02-17,93.588
1963-02-18,93.67667
1963-02-19,92.824165
1963-02-20,91.79647
1963-02-21,84.805
1963-02-22,82.01
1963-02-23,84.5185
1963-02-24,82.579
1963-02-25,79.7845
1963-02-26,82.751
1963-02-27,70.86
1963-02-28,75.4485
1963-03-01,76.0505
1963-03-02,73.751
1963-03-03,66.660995
1963-03-04,73.635
1963-03-05,82.711
1963-03-06,79.0135
1963-03-07,76.662
1963-03-08,72.548996
1963-03-09,78.694496
1963-03-10,91.08
1963-03-11,81.162
1963-03-12,83.207
1963-03-13,70.289
1963-03-14,71.6885
1963-03-15,74.7635
1963-03-16,72.4505
1963-03-17,70.695
1963-03-18,78.056
1963-03-19,90.00421
1963-03-20,86.1705
1963-03-21,90.932144
1963-03-22,87.6535
1963-03-23,85.2525
1963-03-24,74.5035
1963-03-25,69.716995
1963-03-26,65.2135
1963-03-27,69.0855
1963-03-28,85.35895
1963-03-29,82.826996
1963-03-30,78.826
1963-03-31,79.502
1963-04-01,87.1595
1963-04-02,88.93412
1963-04-03,82.45052
1963-04-04,78.153496
1963-04-05,74.6235
1963-04-06,66.223495
1963-04-07,82.512
1963-04-08,87.1325
1963-04-09,78.6215
1963-04-10,75.557
1963-04-11,72.9105
1963-04-12,84.9335
1963-04-13,75.288
1963-04-14,82.765
1963-04-15,74.3845
1963-04-16,66.529
1963-04-17,61.709
1963-04-18,64.959496
1963-04-19,76.3725
1963-04-20,71.5045
1963-04-21,70.5485
1963-04-22,69.38
1963-04-23,68.871
1963-04-24,74.1845
1963-04-25,81.237
1963-04-26,76.8355
1963-04-27,75.733
1963-04-28,77.001
1963-04-29,74.8655
1963-04-30,74.0135
1963-05-01,69.6105
1963-05-02,62.0745
1963-05-03,70.9165
1963-05-04,81.0485
1963-05-05,80.8445
1963-05-06,77.1525
1963-05-07,73.3105
1963-05-08,75.3245
1963-05-09,71.1
1963-05-10,66.2995
1963-05-11,65.4865
1963-05-12,64.9245
1963-05-13,61.8535
1963-05-14,56.976997
1963-05-15,60.947
1963-05-16,56.112
1963-05-17,66.9915
1963-05-18,69.1125
1963-05-19,73.472496
1963-05-20,84.054
1963-05-21,78.9385
1963-05-22,71.65
1963-05-23,78.598
1963-05-24,80.0655
1963-05-25,75.0915
1963-05-26,74.5625
1963-05-27,73.676
1963-05-28,72.722496
1963-05-29,82.311
1963-05-30,73.547
1963-05-31,72.8395
1963-06-01,81.461
1963-06-02,71.702995
1963-06-03,71.7895
1963-06-04,68.8175
1963-06-05,69.143
1963-06-06,73.535995
1963-06-07,76.224
1963-06-08,78.6975
1963-06-09,80.371
1963-06-10,80.2595
1963-06-11,81.419495
1963-06-12,76.0395
1963-06-13,70.494995
1963-06-14,69.637
1963-06-15,78.331
1963-06-16,70.548
1963-06-17,66.108
1963-06-18,63.554
1963-06-19,84.335
1963-06-20,88.81833
1963-06-21,80.4805
1963-06-22,69.292
1963-06-23,72.601
1963-06-24,78.3375
1963-06-25,78.437996
1963-06-26,69.5765
1963-06-27,66.9525
1963-06-28,65.465996
1963-06-29,69.494
1963-06-30,74.9095
1963-07-01,67.6015
1963-07-02,71.09
1963-07-03,73.4385
1963-07-04,67.028496
1963-07-05,64.544
1963-07-06,66.461
1963-07-07,64.723495
1963-07-08,72.719
1963-07-09,71.723
1963-07-10,65.2175
1963-07-11,75.4705
1963-07-12,81.796
1963-07-13,74.6105
1963-07-14,79.3715
1963-07-15,70.134
1963-07-16,65.5335
1963-07-17,65.3025
1963-07-18,66.99
1963-07-19,67.002
1963-07-20,68.8995
1963-07-21,69.757996
1963-07-22,66.331
1963-07-23,68.1755
1963-07-24,65.582
1963-07-25,60.215
1963-07-26,52.944
1963-07-27,67.8655
1963-07-28,74.572495
1963-07-29,84.291
1963-07-30,79.839
1963-07-31,74.423
1963-08-01,75.355995
1963-08-02,79.7215
1963-08-03,77.778
1963-08-04,63.914997
1963-08-05,79.7555
1963-08-06,72.485
1963-08-07,63.522
1963-08-08,79.118996
1963-08-09,84.156
1963-08-10,79.633995
1963-08-11,73.087
1963-08-12,70.973495
1963-08-13,79.257996
1963-08-14,83.6625
1963-08-15,76.0185
1963-08-16,80.822
1963-08-17,77.448
1963-08-18,83.7825
1963-08-19,76.337
1963-08-20,72.5345
1963-08-21,79.983
1963-08-22,81.2595
1963-08-23,77.1855
1963-08-24,73.4605
1963-08-25,73.0865
1963-08-26,79.7055
1963-08-27,60.668
1963-08-28,76.2395
1963-08-29,87.634735
1963-08-30,92.99728
1963-08-31,90.90316
1963-09-01,85.4755
1963-09-02,79.935
1963-09-03,80.1645
1963-09-04,83.349
1963-09-05,80.406
1963-09-06,82.4135
1963-09-07,89.551
1963-09-08,89.802
1963-09-09,92.774
1963-09-10,82.3145
1963-09-11,83.5585
1963-09-12,82.014
1963-09-13,85.552
1963-09-14,84.16
1963-09-15,82.205
1963-09-16,81.5005
1963-09-17,77.0295
1963-09-18,77.6865
1963-09-19,76.424995
1963-09-20,80.8325
1963-09-21,78.792
1963-09-22,75.511
1963-09-23,72.811
1963-09-24,68.416
1963-09-25,85.13947
1963-09-26,81.22
1963-09-27,80.0095
1963-09-28,80.3495
1963-09-29,75.8115
1963-09-30,79.534996
1963-10-01,79.432
1963-10-02,80.2015
1963-10-03,82.81
1963-10-04,92.704666
1963-10-05,92.35111
1963-10-06,75.194496
1963-10-07,77.1335
1963-10-08,89.318
1963-10-09,88.581
1963-10-10,88.2335
1963-10-11,81.8825
1963-10-12,82.9805
1963-10-13,78.89
1963-10-14,69.441
1963-10-15,71.128
1963-10-16,77.5485
1963-10-17,80.5405
1963-10-18,84.1245
1963-10-19,82.337
1963-10-20,86.4745
1963-10-21,82.011
1963-10-22,83.418
1963-10-23,77.5205
1963-10-24,81.365
1963-10-25,83.173
1963-10-26,86.32842
1963-10-27,83.7695
1963-10-28,85.2545
1963-10-29,81.315
1963-10-30,86.51631
1963-10-31,80.177
1963-11-01,80.6185
1963-11-02,81.1685
1963-11-03,79.2415
1963-11-04,74.677
1963-11-05,77.456
1963-11-06,79.05
1963-11-07,78.173996
1963-11-08,81.99842
1963-11-09,76.618
1963-11-10,85.2945
1963-11-11,76.1525
1963-11-12,79.0365
1963-11-13,83.111496
1963-11-14,83.3375
1963-11-15,84.704
1963-11-16,77.1365
1963-11-17,87.42842
1963-11-18,87.916
1963-11-19,80.715996
1963-11-20,80.805
1963-11-21,66.937
1963-11-22,73.4385
1963-11-23,73.9715
1963-11-24,80.486
1963-11-25,87.9935
1963-11-26,84.127
1963-11-27,85.61474
1963-11-28,88.87666
1963-11-29,84.69944
1963-11-30,84.2465
1963-12-01,83.319496
1963-12-02,83.50158
1963-12-03,87.84052
1963-12-04,91.59
1963-12-05,91.273636
1963-12-06,83.723495
1963-12-07,85.6905
1963-12-08,86.738
1963-12-09,86.7021
1963-12-10,91.42
1963-12-11,92.538574
1963-12-12,91.503334
1963-12-13,86.1545
1963-12-14,86.9885
1963-12-15,91.97882
1963-12-16,93.2975
1963-12-17,82.8655
1963-12-18,90.07166
1963-12-19,90.99267
1963-12-20,92.85364
1963-12-21,91.19
1963-12-22,88.596
1963-12-23,87.49684
1963-12-24,88.3115
1963-12-25,89.6795
1963-12-26,90.59071
1963-12-27,94.05
1963-12-28,94.71
1963-12-29,93.454
1963-12-30,93.66
1963-12-31,93.3325
1964-01-01,94.475
1964-01-02,92.327
1964-01-03,90.652504
1964-01-04,89.65111
1964-01-05,94.02
1964-01-06,93.137146
1964-01-07,92.41637
1964-01-08,91.63052
1964-01-09,90.16929
1964-01-10,91.881996
1964-01-11,91.96231
1964-01-12,92.04154
1964-01-13,92.82
1964-01-14,92.08538
1964-01-15,84.384
1964-01-16,79.2695
1964-01-17,79.31
1964-01-18,88.1605
1964-01-19,92.512665
1964-01-20,88.00625
1964-01-21,88.27294
1964-01-22,81.1765
1964-01-23,87.4955
1964-01-24,89.23444
1964-01-25,81.897
1964-01-26,83.792496
1964-01-27,82.21105
1964-01-28,82.289
1964-01-29,86.3305
1964-01-30,90.2
1964-01-31,91.0965
1964-02-01,86.72389
1964-02-02,80.912
1964-02-03,89.13
1964-02-04,83.6235
1964-02-05,80.735
1964-02-06,71.506996
1964-02-07,70.241
1964-02-08,73.3
1964-02-09,82.765495
1964-02-10,84.958
1964-02-11,86.75632
1964-02-12,86.1595
1964-02-13,79.7525
1964-02-14,81.298
1964-02-15,81.669
1964-02-16,88.121
1964-02-17,91.372
1964-02-18,91.255
1964-02-19,95.16
1964-02-20,73.744995
1964-02-21,73.803
1964-02-22,80.51
1964-02-23,78.0765
1964-02-24,81.7775
1964-02-25,82.126
1964-02-26,89.339
1964-02-27,90.098
1964-02-28,92.90667
1964-02-29,93.33375
1964-03-01,85.25
1964-03-02,87.784
1964-03-03,86.91631
1964-03-04,87.015
1964-03-05,85.861
1964-03-06,92.74077
1964-03-07,89.73556
1964-03-08,87.178
1964-03-09,88.494
1964-03-10,90.958664
1964-03-11,91.736
1964-03-12,89.17526
1964-03-13,93.02917
1964-03-14,93.375
1964-03-15,92.71
1964-03-16,93.206665
1964-03-17,79.5125
1964-03-18,89.547775
1964-03-19,85.0305
1964-03-20,88.47
1964-03-21,93.485
1964-03-22,92.60667
1964-03-23,85.265
1964-03-24,84.423996
1964-03-25,84.0385
1964-03-26,75.9945
1964-03-27,84.709
1964-03-28,90.72056
1964-03-29,86.847
1964-03-30,77.923
1964-03-31,83.056
1964-04-01,82.353
1964-04-02,69.493004
1964-04-03,67.1515
1964-04-04,88.17687
1964-04-05,93.68083
1964-04-06,86.98368
1964-04-07,84.0155
1964-04-08,83.2405
1964-04-09,76.5235
1964-04-10,79.169
1964-04-11,78.242
1964-04-12,76.8325
1964-04-13,69.446
1964-04-14,80.9515
1964-04-15,72.575
1964-04-16,71.062996
1964-04-17,63.5795
1964-04-18,58.8815
1964-04-19,61.882
1964-04-20,55.9125
1964-04-21,62.356
1964-04-22,75.4225
1964-04-23,71.526
1964-04-24,84.298996
1964-04-25,93.955
1964-04-26,71.283
1964-04-27,77.705
1964-04-28,71.2685
1964-04-29,74.634
1964-04-30,89.28167
1964-05-01,77.649
1964-05-02,76.482
1964-05-03,82.1655
1964-05-04,77.3105
1964-05-05,92.51727
1964-05-06,72.5665
1964-05-07,72.29
1964-05-08,69.747
1964-05-09,82.4575
1964-05-10,85.8325
1964-05-11,74.0225
1964-05-12,70.1705
1964-05-13,68.778496
1964-05-14,73.948
1964-05-15,75.555
1964-05-16,68.1215
1964-05-17,68.8665
1964-05-18,68.768
1964-05-19,75.6885
1964-05-20,75.391495
1964-05-21,90.836
1964-05-22,82.6005
1964-05-23,78.0645
1964-05-24,72.048996
1964-05-25,67.0915
1964-05-26,88.6175
1964-05-27,83.7705
1964-05-28,79.639496
1964-05-29,76.819
1964-05-30,78.1745
1964-05-31,77.872
1964-06-01,69.169495
1964-06-02,64.2695
1964-06-03,62.137497
1964-06-04,68.015
1964-06-05,67.4875
1964-06-06,62.7115
1964-06-07,70.6105
1964-06-08,77.712
1964-06-09,83.325
1964-06-10,80.476
1964-06-11,78.042496
1964-06-12,73.0535
1964-06-13,69.4565
1964-06-14,72.126
1964-06-15,69.876495
1964-06-16,77.723
1964-06-17,82.541
1964-06-18,82.449
1964-06-19,80.097
1964-06-20,78.594
1964-06-21,73.0825
1964-06-22,75.674995
1964-06-23,79.132996
1964-06-24,81.7865
1964-06-25,84.5955
1964-06-26,83.2565
1964-06-27,77.890495
1964-06-28,75.6455
1964-06-29,83.1915
1964-06-30,70.2195
1964-07-01,71.472
1964-07-02,74.5235
1964-07-03,71.7205
1964-07-04,67.497
1964-07-05,84.842
1964-07-06,83.749
1964-07-07,70.7165
1964-07-08,70.5725
1964-07-09,67.835495
1964-07-10,81.416
1964-07-11,87.25842
1964-07-12,86.3705
1964-07-13,82.0335
1964-07-14,78.9275
1964-07-15,74.2205
1964-07-16,70.0925
1964-07-17,74.763
1964-07-18,72.7025
1964-07-19,74.7265
1964-07-20,72.811
1964-07-21,72.12
1964-07-22,69.111
1964-07-23,78.568
1964-07-24,80.7475
1964-07-25,75.172
1964-07-26,74.022995
1964-07-27,75.964
1964-07-28,72.221
1964-07-29,82.4755
1964-07-30,72.4785
1964-07-31,70.7825
1964-08-01,72.335
1964-08-02,86.8605
1964-08-03,72.607
1964-08-04,73.979996
1964-08-05,69.931
1964-08-06,73.2775
1964-08-07,69.226
1964-08-08,71.259995
1964-08-09,91.82833
1964-08-10,80.578
1964-08-11,80.8345
1964-08-12,84.029
1964-08-13,78.745
1964-08-14,85.727
1964-08-15,82.603
1964-08-16,76.6045
1964-08-17,71.999
1964-08-18,66.769
1964-08-19,83.8065
1964-08-20,74.1585
1964-08-21,73.9345
1964-08-22,79.861496
1964-08-23,81.191
1964-08-24,75.585
1964-08-25,75.307495
1964-08-26,76.4225
1964-08-27,79.0495
1964-08-28,75.822
1964-08-29,67.669
1964-08-30,72.203
1964-08-31,73.4615
1964-09-01,87.9
1964-09-02,86.11
1964-09-03,80.884
1964-09-04,74.757996
1964-09-05,73.697
1964-09-06,80.2275
1964-09-07,91.61948
1964-09-08,78.365
1964-09-09,77.4255
1964-09-10,79.9655
1964-09-11,77.187
1964-09-12,77.6195
1964-09-13,72.9045
1964-09-14,71.8395
1964-09-15,74.0675
1964-09-16,72.724
1964-09-17,80.531
1964-09-18,81.7395
1964-09-19,72.4665
1964-09-20,72.906
1964-09-21,81.92
1964-09-22,73.534996
1964-09-23,74.123
1964-09-24,74.874
1964-09-25,78.3775
1964-09-26,82.4035
1964-09-27,80.8575
1964-09-28,83.2385
1964-09-29,84.4295
1964-09-30,81.489
1964-10-01,77.456
1964-10-02,74.039
1964-10-03,78.306496
1964-10-04,69.4285
1964-10-05,75.719
1964-10-06,80.35
1964-10-07,70.009
1964-10-08,76.213
1964-10-09,86.4985
1964-10-10,82.298996
1964-10-11,91.30357
1964-10-12,85.852
1964-10-13,86.433
1964-10-14,89.206665
1964-10-15,83.2665
1964-10-16,82.094
1964-10-17,84.406
1964-10-18,84.162
1964-10-19,92.65667
1964-10-20,90.16154
1964-10-21,91.4875
1964-10-22,92.34857
1964-10-23,86.644
1964-10-24,84.358
1964-10-25,90.0355
1964-10-26,92.68
1964-10-27,93.277275
1964-10-28,89.369
1964-10-29,86.27421
1964-10-30,85.0895
1964-10-31,85.1035
1964-11-01,88.66187
1964-11-02,93.855
1964-11-03,91.29857
1964-11-04,93.170906
1964-11-05,
1964-11-06,92.507996
1964-11-07,86.342224
1964-11-08,84.63706
1964-11-09,93.36
1964-11-10,91.252144
1964-11-11,92.36615
1964-11-12,93.049995
1964-11-13,87.736
1964-11-14,83.6455
1964-11-15,79.4505
1964-11-16,80.4305
1964-11-17,79.9385
1964-11-18,86.0715
1964-11-19,67.647
1964-11-20,84.086
1964-11-21,84.0935
1964-11-22,80.243996
1964-11-23,83.4435
1964-11-24,80.606995
1964-11-25,78.817
1964-11-26,76.512
1964-11-27,86.3155
1964-11-28,90.262
1964-11-29,74.848
1964-11-30,87.04
1964-12-01,93.12556
1964-12-02,89.17267
1964-12-03,93.0325
1964-12-04,91.932304
1964-12-05,88.12527
1964-12-06,87.2875
1964-12-07,93.0625
1964-12-08,
1964-12-09,
1964-12-10,94.24
1964-12-11,94.71
1964-12-12,92.28333
1964-12-13,90.635
1964-12-14,93.75
1964-12-15,89.028
1964-12-16,92.886154
1964-12-17,93.723335
1964-12-18,93.2
1964-12-19,94.71
1964-12-20,94.71
1964-12-21,93.27167
1964-12-22,94.455
1964-12-23,91.66286
1964-12-24,94.196
1964-12-25,
1964-12-26,93.19333
1964-12-27,92.30909
1964-12-28,92.64687
1964-12-29,90.93579
1964-12-30,93.20375
1964-12-31,89.196846
1965-01-01,92.27333
1965-01-02,93.583336
1965-01-03,94.71
1965-01-04,90.3625
1965-01-05,86.1835
1965-01-06,86.2985
1965-01-07,84.033
1965-01-08,89.06526
1965-01-09,90.50375
1965-01-10,86.55722
1965-01-11,84.076
1965-01-12,86.54
1965-01-13,91.78928
1965-01-14,91.94
1965-01-15,91.472145
1965-01-16,92.46
1965-01-17,92.2
1965-01-18,93.43875
1965-01-19,92.95
1965-01-20,91.79
1965-01-21,90.062225
1965-01-22,91.827644
1965-01-23,94.104996
1965-01-24,90.29316
1965-01-25,90.2985
1965-01-26,92.786
1965-01-27,93.196
1965-01-28,90.636665
1965-01-29,92.42308
1965-01-30,93.32
1965-01-31,88.29889
1965-02-01,88.17555
1965-02-02,80.923
1965-02-03,80.307
1965-02-04,86.402
1965-02-05,88.9115
1965-02-06,73.138
1965-02-07,83.6415
1965-02-08,77.501
1965-02-09,78.208
1965-02-10,77.249
1965-02-11,85.1455
1965-02-12,80.108
1965-02-13,77.766
1965-02-14,83.252106
1965-02-15,87.018
1965-02-16,81.515495
1965-02-17,79.0385
1965-02-18,89.98428
1965-02-19,89.516846
1965-02-20,88.7435
1965-02-21,86.8825
1965-02-22,80.7825
1965-02-23,85.4845
1965-02-24,84.765495
1965-02-25,81.895
1965-02-26,70.446
1965-02-27,82.3215
1965-02-28,65.5355
1965-03-01,80.58
1965-03-02,89.5853
1965-03-03,76.331
1965-03-04,85.946
1965-03-05,79.548
1965-03-06,88.289
1965-03-07,90.384
1965-03-08,79.4145
1965-03-09,81.778
1965-03-10,82.1935
1965-03-11,80.8855
1965-03-12,80.89
1965-03-13,82.451996
1965-03-14,78.1615
1965-03-15,82.279
1965-03-16,74.514496
1965-03-17,85.34263
1965-03-18,77.0635
1965-03-19,73.4505
1965-03-20,74.787
1965-03-21,71.917
1965-03-22,86.8455
1965-03-23,80.285995
1965-03-24,90.95923
1965-03-25,74.633
1965-03-26,76.288
1965-03-27,80.347496
1965-03-28,74.0925
1965-03-29,77.3085
1965-03-30,81.5905
1965-03-31,67.926
1965-04-01,72.195
1965-04-02,70.3485
1965-04-03,62.721497
1965-04-04,59.385998
1965-04-05,65.6045
1965-04-06,67.686
1965-04-07,71.744
1965-04-08,78.3545
1965-04-09,92.96364
1965-04-10,90.2595
1965-04-11,90.58316
1965-04-12,92.518
1965-04-13,88.80334
1965-04-14,93.03571
1965-04-15,85.402
1965-04-16,88.63
1965-04-17,84.8035
1965-04-18,84.751495
1965-04-19,93.093
1965-04-20,89.994286
1965-04-21,88.12421
1965-04-22,87.884735
1965-04-23,85.138
1965-04-24,83.4085
1965-04-25,81.868996
1965-04-26,82.736
1965-04-27,78.181
1965-04-28,79.716995
1965-04-29,85.4565
1965-04-30,74.8485
1965-05-01,72.7435
1965-05-02,65.456
1965-05-03,64.8295
1965-05-04,59.923
1965-05-05,87.89421
1965-05-06,88.1415
1965-05-07,75.131996
1965-05-08,74.224
1965-05-09,73.9755
1965-05-10,81.7835
1965-05-11,78.735
1965-05-12,76.038
1965-05-13,78.674995
1965-05-14,72.8405
1965-05-15,79.012
1965-05-16,79.3325
1965-05-17,69.31
1965-05-18,60.4965
1965-05-19,59.955498
1965-05-20,75.410995
1965-05-21,81.557
1965-05-22,92.11
1965-05-23,89.4925
1965-05-24,81.027
1965-05-25,74.615
1965-05-26,75.7445
1965-05-27,79.071
1965-05-28,88.18188
1965-05-29,81.9835
1965-05-30,75.592995
1965-05-31,84.349
1965-06-01,62.469498
1965-06-02,69.308
1965-06-03,74.718
1965-06-04,78.9625
1965-06-05,91.335
1965-06-06,91.90929
1965-06-07,81.069
1965-06-08,79.4305
1965-06-09,86.8
1965-06-10,88.9925
1965-06-11,85.89737
1965-06-12,76.6595
1965-06-13,76.5485
1965-06-14,84.5595
1965-06-15,78.546
1965-06-16,75.751
1965-06-17,87.6495
1965-06-18,78.32
1965-06-19,73.8705
1965-06-20,73.088
1965-06-21,81.07
1965-06-22,82.696
1965-06-23,72.971
1965-06-24,77.8245
1965-06-25,72.0195
1965-06-26,71.67799
1965-06-27,74.953995
1965-06-28,85.494
1965-06-29,70.082
1965-06-30,70.542
1965-07-01,72.33
1965-07-02,77.0945
1965-07-03,85.5205
1965-07-04,90.7421
1965-07-05,85.9725
1965-07-06,65.841995
1965-07-07,68.2265
1965-07-08,71.653
1965-07-09,73.347
1965-07-10,80.791
1965-07-11,73.667
1965-07-12,72.0355
1965-07-13,73.382
1965-07-14,71.6875
1965-07-15,72.582
1965-07-16,68.74
1965-07-17,82.9215
1965-07-18,77.368
1965-07-19,78.9895
1965-07-20,77.1055
1965-07-21,75.9615
1965-07-22,70.805
1965-07-23,74.517
1965-07-24,75.0095
1965-07-25,78.1915
1965-07-26,79.249
1965-07-27,74.712
1965-07-28,71.631
1965-07-29,68.757996
1965-07-30,74.044495
1965-07-31,73.5795
1965-08-01,82.897
1965-08-02,73.588
1965-08-03,72.2305
1965-08-04,69.606
1965-08-05,68.2425
1965-08-06,69.9895
1965-08-07,57.18
1965-08-08,57.6255
1965-08-09,62.5865
1965-08-10,81.7955
1965-08-11,75.6355
1965-08-12,71.681496
1965-08-13,70.9405
1965-08-14,68.9785
1965-08-15,79.7475
1965-08-16,73.427
1965-08-17,73.0365
1965-08-18,72.7725
1965-08-19,73.8535
1965-08-20,73.0965
1965-08-21,64.9345
1965-08-22,64.8495
1965-08-23,68.369
1965-08-24,86.574
1965-08-25,81.8445
1965-08-26,68.9685
1965-08-27,74.637
1965-08-28,82.8515
1965-08-29,77.4765
1965-08-30,79.5765
1965-08-31,80.986
1965-09-01,78.525
1965-09-02,63.1905
1965-09-03,70.162
1965-09-04,82.7065
1965-09-05,77.775
1965-09-06,85.9205
1965-09-07,79.4485
1965-09-08,78.761
1965-09-09,80.462
1965-09-10,74.515
1965-09-11,83.5125
1965-09-12,84.0725
1965-09-13,87.6885
1965-09-14,83.5575
1965-09-15,83.247
1965-09-16,82.169
1965-09-17,78.381
1965-09-18,79.1845
1965-09-19,86.2665
1965-09-20,85.232
1965-09-21,84.336
1965-09-22,86.146
1965-09-23,82.1235
1965-09-24,79.44
1965-09-25,87.77368
1965-09-26,79.22
1965-09-27,77.3325
1965-09-28,74.487
1965-09-29,83.2425
1965-09-30,79.103
1965-10-01,77.057
1965-10-02,79.404
1965-10-03,84.3925
1965-10-04,86.049
1965-10-05,88.467
1965-10-06,85.0565
1965-10-07,81.068
1965-10-08,82.8695
1965-10-09,82.298996
1965-10-10,76.5155
1965-10-11,79.0405
1965-10-12,73.6755
1965-10-13,78.381996
1965-10-14,68.419
1965-10-15,75.708496
1965-10-16,74.2205
1965-10-17,78.6025
1965-10-18,81.067
1965-10-19,83.334
1965-10-20,79.7395
1965-10-21,76.654
1965-10-22,74.4715
1965-10-23,74.4995
1965-10-24,79.807495
1965-10-25,82.5015
1965-10-26,80.219
1965-10-27,79.77631
1965-10-28,77.197495
1965-10-29,77.85
1965-10-30,80.7315
1965-10-31,81.280525
1965-11-01,83.235
1965-11-02,79.068
1965-11-03,86.3115
1965-11-04,90.68643
1965-11-05,92.08
1965-11-06,83.43
1965-11-07,86.6
1965-11-08,92.665
1965-11-09,91.37125
1965-11-10,
1965-11-11,93.375
1965-11-12,93.263336
1965-11-13,94.455
1965-11-14,94.935
1965-11-15,93.30286
1965-11-16,87.9295
1965-11-17,90.14389
1965-11-18,94.71
1965-11-19,
1965-11-20,93.473335
1965-11-21,89.51882
1965-11-22,93.657776
1965-11-23,91.92133
1965-11-24,91.565834
1965-11-25,90.241
1965-11-26,90.93882
1965-11-27,92.41866
1965-11-28,92.538666
1965-11-29,90.08667
1965-11-30,88.36
1965-12-01,90.16263
1965-12-02,93.201
1965-12-03,93.24
1965-12-04,93.725
1965-12-05,93.78833
1965-12-06,87.153496
1965-12-07,92.38308
1965-12-08,93.3525
1965-12-09,92.955
1965-12-10,91.24571
1965-12-11,86.856316
1965-12-12,80.178
1965-12-13,89.219
1965-12-14,83.687996
1965-12-15,87.16684
1965-12-16,91.13461
1965-12-17,91.95375
1965-12-18,92.56556
1965-12-19,89.18445
1965-12-20,92.36643
1965-12-21,93.55333
1965-12-22,90.30933
1965-12-23,91.13538
1965-12-24,93.975
1965-12-25,94.71
1965-12-26,91.81
1965-12-27,90.95789
1965-12-28,89.64222
1965-12-29,91.25778
1965-12-30,92.46143
1965-12-31,92.695
1966-01-01,93.828
1966-01-02,92.496155
1966-01-03,92.28727
1966-01-04,80.097496
1966-01-05,74.048996
1966-01-06,68.6325
1966-01-07,77.4705
1966-01-08,83.3905
1966-01-09,90.755554
1966-01-10,92.195335
1966-01-11,92.62666
1966-01-12,92.636665
1966-01-13,88.58667
1966-01-14,85.282
1966-01-15,87.602
1966-01-16,91.763336
1966-01-17,92.025
1966-01-18,90.72611
1966-01-19,91.78647
1966-01-20,90.95105
1966-01-21,90.345
1966-01-22,90.89737
1966-01-23,
1966-01-24,92.950714
1966-01-25,91.03267
1966-01-26,91.59534
1966-01-27,90.72722
1966-01-28,92.20412
1966-01-29,91.68539
1966-01-30,93.12909
1966-01-31,92.635
1966-02-01,89.22353
1966-02-02,89.817856
1966-02-03,94.71
1966-02-04,87.0005
1966-02-05,87.8655
1966-02-06,84.4355
1966-02-07,82.2505
1966-02-08,84.3215
1966-02-09,80.993
1966-02-10,89.53474
1966-02-11,91.69294
1966-02-12,90.295265
1966-02-13,81.47263
1966-02-14,85.170525
1966-02-15,87.8265
1966-02-16,86.88368
1966-02-17,84.969
1966-02-18,85.665
1966-02-19,83.1515
1966-02-20,77.2355
1966-02-21,71.298996
1966-02-22,64.069
1966-02-23,87.377365
1966-02-24,69.7605
1966-02-25,70.816
1966-02-26,70.6705
1966-02-27,76.7475
1966-02-28,72.651
1966-03-01,81.256
1966-03-02,77.4415
1966-03-03,85.027
1966-03-04,84.195496
1966-03-05,83.5945
1966-03-06,82.2315
1966-03-07,76.688995
1966-03-08,79.7015
1966-03-09,75.625
1966-03-10,81.331
1966-03-11,78.0935
1966-03-12,87.707
1966-03-13,84.296
1966-03-14,74.3135
1966-03-15,72.3045
1966-03-16,82.1485
1966-03-17,81.6375
1966-03-18,87.631
1966-03-19,78.7825
1966-03-20,66.791
1966-03-21,65.263504
1966-03-22,66.8495
1966-03-23,72.303
1966-03-24,69.212
1966-03-25,85.015
1966-03-26,67.862
1966-03-27,67.9295
1966-03-28,75.487
1966-03-29,91.873886
1966-03-30,75.1075
1966-03-31,67.0325
1966-04-01,71.5765
1966-04-02,78.890495
1966-04-03,80.501495
1966-04-04,77.045
1966-04-05,74.629
1966-04-06,71.006
1966-04-07,65.0515
1966-04-08,66.125496
1966-04-09,71.729996
1966-04-10,89.386
1966-04-11,88.425
1966-04-12,78.919
1966-04-13,80.708496
1966-04-14,69.907
1966-04-15,74.8295
1966-04-16,77.3925
1966-04-17,89.79842
1966-04-18,74.83
1966-04-19,65.062
1966-04-20,70.5915
1966-04-21,83.962
1966-04-22,75.502
1966-04-23,74.415
1966-04-24,76.0755
1966-04-25,74.454
1966-04-26,78.6285
1966-04-27,79.636
1966-04-28,80.889
1966-04-29,83.201
1966-04-30,68.189
1966-05-01,66.691
1966-05-02,63.201
1966-05-03,60.066498
1966-05-04,61.169
1966-05-05,58.977997
1966-05-06,62.940998
1966-05-07,61.956
1966-05-08,86.3685
1966-05-09,83.7979
1966-05-10,84.0435
1966-05-11,90.31526
1966-05-12,79.3975
1966-05-13,72.465996
1966-05-14,71.062
1966-05-15,68.184
1966-05-16,69.7185
1966-05-17,60.621
1966-05-18,59.2575
1966-05-19,63.7565
1966-05-20,70.2025
1966-05-21,71.562996
1966-05-22,62.004997
1966-05-23,63.577
1966-05-24,76.1375
1966-05-25,70.958496
1966-05-26,79.2345
1966-05-27,85.7195
1966-05-28,75.713
1966-05-29,69.4395
1966-05-30,76.031
1966-05-31,60.372498
1966-06-01,65.6315
1966-06-02,73.4375
1966-06-03,67.7955
1966-06-04,65.255
1966-06-05,69.3095
1966-06-06,65.991
1966-06-07,70.088
1966-06-08,71.421
1966-06-09,84.509
1966-06-10,74.5385
1966-06-11,73.9465
1966-06-12,68.347496
1966-06-13,70.944
1966-06-14,81.801
1966-06-15,81.9705
1966-06-16,87.602
1966-06-17,82.678
1966-06-18,76.697
1966-06-19,77.1225
1966-06-20,82.21
1966-06-21,80.782
1966-06-22,68.366
1966-06-23,71.5445
1966-06-24,75.7415
1966-06-25,80.574
1966-06-26,64.354
1966-06-27,74.938995
1966-06-28,77.770996
1966-06-29,88.393684
1966-06-30,80.877
1966-07-01,77.319496
1966-07-02,74.2125
1966-07-03,72.465996
1966-07-04,67.404495
1966-07-05,63.656998
1966-07-06,76.833
1966-07-07,69.556
1966-07-08,77.6785
1966-07-09,70.122
1966-07-10,71.081
1966-07-11,66.566
1966-07-12,75.278
1966-07-13,71.956
1966-07-14,74.781
1966-07-15,86.1345
1966-07-16,75.2805
1966-07-17,73.639
1966-07-18,80.426
1966-07-19,75.4165
1966-07-20,75.6365
1966-07-21,78.4805
1966-07-22,84.79632
1966-07-23,92.82692
1966-07-24,90.689415
1966-07-25,85.1735
1966-07-26,79.3605
1966-07-27,80.4525
1966-07-28,88.2925
1966-07-29,86.833
1966-07-30,75.333496
1966-07-31,79.3005
1966-08-01,79.1355
1966-08-02,82.675
1966-08-03,82.213
1966-08-04,78.2995
1966-08-05,84.223495
1966-08-06,80.7845
1966-08-07,76.943
1966-08-08,75.3695
1966-08-09,85.303
1966-08-10,74.0065
1966-08-11,74.2745
1966-08-12,76.7715
1966-08-13,80.2285
1966-08-14,76.921
1966-08-15,79.959496
1966-08-16,81.6195
1966-08-17,83.2015
1966-08-18,79.445
1966-08-19,86.691
1966-08-20,86.2775
1966-08-21,83.4335
1966-08-22,79.0255
1966-08-23,81.667496
1966-08-24,78.9085
1966-08-25,87.79316
1966-08-26,86.948944
1966-08-27,82.8165
1966-08-28,80.4425
1966-08-29,80.6685
1966-08-30,75.8805
1966-08-31,89.051765
1966-09-01,81.3395
1966-09-02,79.338
1966-09-03,79.761
1966-09-04,82.9105
1966-09-05,80.9035
1966-09-06,75.472496
1966-09-07,83.125496
1966-09-08,80.6995
1966-09-09,83.634
1966-09-10,81.65
1966-09-11,81.257996
1966-09-12,77.0305
1966-09-13,75.2045
1966-09-14,79.5085
1966-09-15,76.994
1966-09-16,81.614
1966-09-17,80.532
1966-09-18,81.958
1966-09-19,73.755
1966-09-20,78.807
1966-09-21,80.0955
1966-09-22,76.778496
1966-09-23,76.5585
1966-09-24,77.2045
1966-09-25,80.1585
1966-09-26,81.5605
1966-09-27,80.568
1966-09-28,81.4845
1966-09-29,80.409996
1966-09-30,79.95
1966-10-01,86.4425
1966-10-02,82.978
1966-10-03,80.7395
1966-10-04,78.806
1966-10-05,77.101
1966-10-06,78.437
1966-10-07,77.1875
1966-10-08,69.5405
1966-10-09,70.140495
1966-10-10,80.378
1966-10-11,79.322
1966-10-12,76.247
1966-10-13,82.262
1966-10-14,87.3755
1966-10-15,82.441
1966-10-16,78.4255
1966-10-17,78.639
1966-10-18,86.16579
1966-10-19,83.701
1966-10-20,80.732
1966-10-21,83.39526
1966-10-22,79.4915
1966-10-23,78.3045
1966-10-24,72.907
1966-10-25,85.88
1966-10-26,82.216
1966-10-27,85.5835
1966-10-28,85.354
1966-10-29,91.091
1966-10-30,86.76118
1966-10-31,87.03
1966-11-01,89.162224
1966-11-02,89.998825
1966-11-03,89.07471
1966-11-04,76.3325
1966-11-05,74.588
1966-11-06,89.718124
1966-11-07,90.62643
1966-11-08,90.06
1966-11-09,79.6515
1966-11-10,85.37
1966-11-11,90.18294
1966-11-12,92.815
1966-11-13,92.4675
1966-11-14,90.687996
1966-11-15,86.5285
1966-11-16,89.04316
1966-11-17,93.02534
1966-11-18,94.24
1966-11-19,94.423996
1966-11-20,93.48857
1966-11-21,93.975
1966-11-22,93.14625
1966-11-23,92.145996
1966-11-24,92.7075
1966-11-25,85.7945
1966-11-26,89.84
1966-11-27,90.99571
1966-11-28,92.49
1966-11-29,92.516
1966-11-30,90.03368
1966-12-01,86.95105
1966-12-02,86.9665
1966-12-03,91.524
1966-12-04,84.135
1966-12-05,90.922356
1966-12-06,93.86
1966-12-07,95.16
1966-12-08,93.34556
1966-12-09,94.24
1966-12-10,94.38333
1966-12-11,92.523
1966-12-12,89.5905
1966-12-13,93.46875
1966-12-14,92.777504
1966-12-15,73.5325
1966-12-16,85.7445
1966-12-17,89.09421
1966-12-18,91.48273
1966-12-19,88.821
1966-12-20,91.8975
1966-12-21,83.0095
1966-12-22,88.28529
1966-12-23,89.03667
1966-12-24,91.65727
1966-12-25,87.2565
1966-12-26,89.05111
1966-12-27,87.829
1966-12-28,90.70438
1966-12-29,91.97714
1966-12-30,92.305
1966-12-31,89.632774
1967-01-01,93.83
1967-01-02,91.496
1967-01-03,90.407646
1967-01-04,88.47316
1967-01-05,87.2565
1967-01-06,91.415
1967-01-07,91.68625
1967-01-08,92.311874
1967-01-09,90.1935
1967-01-10,82.9465
1967-01-11,84.97895
1967-01-12,84.7095
1967-01-13,87.0435
1967-01-14,79.2065
1967-01-15,81.998
1967-01-16,77.6885
1967-01-17,81.0705
1967-01-18,83.961
1967-01-19,81.4775
1967-01-20,83.22158
1967-01-21,82.639
1967-01-22,87.141
1967-01-23,94.53333
1967-01-24,94.71
1967-01-25,92.85667
1967-01-26,90.721115
1967-01-27,83.68
1967-01-28,76.2655
1967-01-29,88.16235
1967-01-30,90.386246
1967-01-31,90.35
1967-02-01,93.42333
1967-02-02,90.25647
1967-02-03,87.80167
1967-02-04,83.0795
1967-02-05,82.5465
1967-02-06,85.13368
1967-02-07,90.703995
1967-02-08,90.00125
1967-02-09,78.362495
1967-02-10,74.193
1967-02-11,75.224
1967-02-12,72.6525
1967-02-13,74.468
1967-02-14,77.622
1967-02-15,81.3055
1967-02-16,76.813995
1967-02-17,71.5085
1967-02-18,86.2721
1967-02-19,92.56533
1967-02-20,92.3325
1967-02-21,88.7955
1967-02-22,69.506
1967-02-23,74.075
1967-02-24,70.576
1967-02-25,75.042
1967-02-26,74.895
1967-02-27,77.3795
1967-02-28,84.8995
1967-03-01,77.816
1967-03-02,85.9915
1967-03-03,73.0355
1967-03-04,68.9345
1967-03-05,79.424995
1967-03-06,80.6635
1967-03-07,79.1235
1967-03-08,78.476
1967-03-09,72.8225
1967-03-10,67.581
1967-03-11,70.298996
1967-03-12,78.459
1967-03-13,86.9995
1967-03-14,75.4605
1967-03-15,74.8165
1967-03-16,74.1435
1967-03-17,73.056496
1967-03-18,75.897995
1967-03-19,77.635
1967-03-20,80.0415
1967-03-21,68.142
1967-03-22,81.479
1967-03-23,77.7275
1967-03-24,72.851
1967-03-25,64.629
1967-03-26,68.506996
1967-03-27,79.038
1967-03-28,68.3495
1967-03-29,88.95947
1967-03-30,86.3915
1967-03-31,81.3805
1967-04-01,75.8245
1967-04-02,72.556496
1967-04-03,71.694
1967-04-04,82.567
1967-04-05,83.4505
1967-04-06,80.7065
1967-04-07,89.081764
1967-04-08,88.3395
1967-04-09,66.895
1967-04-10,67.1515
1967-04-11,70.39
1967-04-12,72.4385
1967-04-13,79.056
1967-04-14,87.177895
1967-04-15,88.85526
1967-04-16,81.166
1967-04-17,67.778496
1967-04-18,68.437
1967-04-19,67.1865
1967-04-20,59.919
1967-04-21,63.6155
1967-04-22,88.960526
1967-04-23,78.008
1967-04-24,73.8205
1967-04-25,70.056496
1967-04-26,84.4215
1967-04-27,88.47737
1967-04-28,91.27611
1967-04-29,86.789
1967-04-30,69.8625
1967-05-01,66.56
1967-05-02,82.7225
1967-05-03,72.7555
1967-05-04,81.631
1967-05-05,71.333
1967-05-06,65.245
1967-05-07,69.5935
1967-05-08,69.2595
1967-05-09,68.4835
1967-05-10,71.3385
1967-05-11,63.469997
1967-05-12,65.4115
1967-05-13,62.454998
1967-05-14,55.253498
1967-05-15,51.462997
1967-05-16,72.806496
1967-05-17,77.9055
1967-05-18,74.816
1967-05-19,84.7765
1967-05-20,71.654495
1967-05-21,74.5085
1967-05-22,84.6745
1967-05-23,75.947
1967-05-24,83.7335
1967-05-25,75.6765
1967-05-26,83.8925
1967-05-27,67.142
1967-05-28,67.8315
1967-05-29,66.552
1967-05-30,70.9305
1967-05-31,89.09722
1967-06-01,86.18389
1967-06-02,71.3015
1967-06-03,74.264
1967-06-04,74.643
1967-06-05,72.036995
1967-06-06,76.659
1967-06-07,68.608
1967-06-08,68.631996
1967-06-09,87.31105
1967-06-10,88.37053
1967-06-11,77.2455
1967-06-12,71.6845
1967-06-13,80.1195
1967-06-14,77.7455
1967-06-15,74.1445
1967-06-16,71.2435
1967-06-17,72.514
1967-06-18,78.133995
1967-06-19,82.3355
1967-06-20,80.9005
1967-06-21,70.4915
1967-06-22,66.922
1967-06-23,68.926
1967-06-24,61.366497
1967-06-25,66.304
1967-06-26,65.377
1967-06-27,60.726997
1967-06-28,66.8635
1967-06-29,72.825
1967-06-30,68.5045
1967-07-01,69.3385
1967-07-02,69.1275
1967-07-03,70.820496
1967-07-04,77.0615
1967-07-05,79.6505
1967-07-06,67.1215
1967-07-07,69.7775
1967-07-08,70.905
1967-07-09,90.4835
1967-07-10,89.116
1967-07-11,79.481
1967-07-12,76.985
1967-07-13,73.856995
1967-07-14,69.3315
1967-07-15,67.2175
1967-07-16,70.3985
1967-07-17,79.865
1967-07-18,76.0185
1967-07-19,71.9075
1967-07-20,73.533
1967-07-21,70.878
1967-07-22,67.493
1967-07-23,67.699
1967-07-24,63.8955
1967-07-25,66.423
1967-07-26,73.068
1967-07-27,67.613
1967-07-28,68.791
1967-07-29,65.4075
1967-07-30,68.5125
1967-07-31,68.09
1967-08-01,67.162
1967-08-02,69.8585
1967-08-03,69.3655
1967-08-04,66.4785
1967-08-05,66.001
1967-08-06,69.355995
1967-08-07,80.511
1967-08-08,74.469
1967-08-09,74.193
1967-08-10,64.47
1967-08-11,62.8485
1967-08-12,66.8595
1967-08-13,75.2535
1967-08-14,78.556
1967-08-15,72.4695
1967-08-16,65.139
1967-08-17,67.138
1967-08-18,68.406
1967-08-19,64.54
1967-08-20,66.141
1967-08-21,61.086
1967-08-22,66.5695
1967-08-23,68.0845
1967-08-24,71.4325
1967-08-25,81.5315
1967-08-26,82.46
1967-08-27,81.8925
1967-08-28,77.405
1967-08-29,72.464
1967-08-30,69.139
1967-08-31,71.664
1967-09-01,72.185
1967-09-02,69.756
1967-09-03,67.115
1967-09-04,60.3485
1967-09-05,65.787994
1967-09-06,68.804
1967-09-07,66.3335
1967-09-08,69.127495
1967-09-09,76.8425
1967-09-10,85.077896
1967-09-11,82.015
1967-09-12,89.15158
1967-09-13,77.302
1967-09-14,81.3935
1967-09-15,88.11263
1967-09-16,88.31944
1967-09-17,85.2965
1967-09-18,85.38
1967-09-19,86.6375
1967-09-20,82.259
1967-09-21,79.265495
1967-09-22,80.8595
1967-09-23,83.232
1967-09-24,79.881
1967-09-25,78.334
1967-09-26,78.1005
1967-09-27,75.9495
1967-09-28,79.915
1967-09-29,75.2175
1967-09-30,75.909
1967-10-01,78.767
1967-10-02,77.868
1967-10-03,84.7695
1967-10-04,83.265495
1967-10-05,86.6755
1967-10-06,75.8535
1967-10-07,77.108
1967-10-08,75.2155
1967-10-09,77.7355
1967-10-10,81.8545
1967-10-11,80.4495
1967-10-12,79.2465
1967-10-13,75.978
1967-10-14,81.0445
1967-10-15,78.909996
1967-10-16,79.312996
1967-10-17,76.3255
1967-10-18,74.2725
1967-10-19,69.0085
1967-10-20,67.434
1967-10-21,68.376495
1967-10-22,72.4365
1967-10-23,76.3225
1967-10-24,78.031
1967-10-25,84.63
1967-10-26,83.769
1967-10-27,82.278496
1967-10-28,86.3435
1967-10-29,81.3645
1967-10-30,89.47
1967-10-31,82.5135
1967-11-01,92.188126
1967-11-02,89.905
1967-11-03,91.55765
1967-11-04,89.79562
1967-11-05,80.213
1967-11-06,85.667
1967-11-07,93.772224
1967-11-08,91.96125
1967-11-09,91.259445
1967-11-10,84.7855
1967-11-11,77.952
1967-11-12,85.47
1967-11-13,82.9245
1967-11-14,86.806
1967-11-15,81.446
1967-11-16,84.2205
1967-11-17,85.107
1967-11-18,87.42
1967-11-19,88.12789
1967-11-20,84.311
1967-11-21,81.233
1967-11-22,76.372
1967-11-23,80.51527
1967-11-24,85.1335
1967-11-25,78.9385
1967-11-26,83.9925
1967-11-27,84.437
1967-11-28,92.6825
1967-11-29,92.956665
1967-11-30,94.3225
1967-12-01,87.405334
1967-12-02,88.77421
1967-12-03,85.924446
1967-12-04,80.2355
1967-12-05,82.391
1967-12-06,86.186
1967-12-07,89.34
1967-12-08,88.717224
1967-12-09,89.148
1967-12-10,89.826004
1967-12-11,92.40182
1967-12-12,91.275
1967-12-13,88.39684
1967-12-14,88.50474
1967-12-15,91.97188
1967-12-16,91.75625
1967-12-17,88.182106
1967-12-18,87.6125
1967-12-19,85.745
1967-12-20,79.0355
1967-12-21,75.382996
1967-12-22,83.96421
1967-12-23,85.419
1967-12-24,83.94684
1967-12-25,90.25
1967-12-26,92.96
1967-12-27,89.71437
1967-12-28,88.34
1967-12-29,90.337776
1967-12-30,94.54667
1967-12-31,94.035995
1968-01-01,93.776
1968-01-02,92.488
1968-01-03,87.86263
1968-01-04,86.2875
1968-01-05,80.963
1968-01-06,84.654
1968-01-07,84.5745
1968-01-08,78.6295
1968-01-09,84.2705
1968-01-10,85.64316
1968-01-11,85.495
1968-01-12,81.099495
1968-01-13,71.3525
1968-01-14,75.542
1968-01-15,85.336
1968-01-16,84.899
1968-01-17,86.95526
1968-01-18,91.759
1968-01-19,90.37222
1968-01-20,90.315
1968-01-21,89.65053
1968-01-22,90.08833
1968-01-23,88.12053
1968-01-24,88.033
1968-01-25,87.86053
1968-01-26,82.1215
1968-01-27,76.979
1968-01-28,83.925
1968-01-29,88.00053
1968-01-30,82.9945
1968-01-31,82.001495
1968-02-01,87.926
1968-02-02,90.87222
1968-02-03,92.71
1968-02-04,93.425
1968-02-05,91.50143
1968-02-06,91.600716
1968-02-07,90.83667
1968-02-08,91.59706
1968-02-09,85.969
1968-02-10,91.742355
1968-02-11,89.26684
1968-02-12,91.104614
1968-02-13,91.6225
1968-02-14,
1968-02-15,91.59
1968-02-16,90.94211
1968-02-17,80.824
1968-02-18,73.9825
1968-02-19,73.7115
1968-02-20,75.7035
1968-02-21,86.406
1968-02-22,81.864
1968-02-23,79.4465
1968-02-24,86.293686
1968-02-25,82.0955
1968-02-26,85.6645
1968-02-27,80.209
1968-02-28,79.3815
1968-02-29,85.070526
1968-03-01,72.122
1968-03-02,74.64
1968-03-03,77.7485
1968-03-04,78.859
1968-03-05,81.513504
1968-03-06,84.336
1968-03-07,89.323
1968-03-08,81.7055
1968-03-09,74.7225
1968-03-10,75.1
1968-03-11,77.014496
1968-03-12,69.72
1968-03-13,62.172497
1968-03-14,67.7635
1968-03-15,67.960495
1968-03-16,73.889
1968-03-17,75.654
1968-03-18,65.771996
1968-03-19,80.654
1968-03-20,67.227
1968-03-21,73.0465
1968-03-22,80.1505
1968-03-23,62.738
1968-03-24,64.569
1968-03-25,70.26
1968-03-26,60.9935
1968-03-27,70.488495
1968-03-28,61.7995
1968-03-29,64.725494
1968-03-30,54.0515
1968-03-31,51.822998
1968-04-01,58.394497
1968-04-02,55.751
1968-04-03,70.819
1968-04-04,72.1865
1968-04-05,64.377495
1968-04-06,54.325497
1968-04-07,56.0295
1968-04-08,89.483154
1968-04-09,76.5765
1968-04-10,66.4265
1968-04-11,63.955997
1968-04-12,62.228
1968-04-13,60.0675
1968-04-14,60.6155
1968-04-15,62.435497
1968-04-16,77.488
1968-04-17,77.587
1968-04-18,69.437996
1968-04-19,56.84
1968-04-20,54.2225
1968-04-21,50.225
1968-04-22,51.6875
1968-04-23,55.275997
1968-04-24,53.106
1968-04-25,56.987
1968-04-26,60.735
1968-04-27,61.6995
1968-04-28,67.037
1968-04-29,73.514
1968-04-30,73.798996
1968-05-01,62.371
1968-05-02,64.1315
1968-05-03,71.1855
1968-05-04,61.7785
1968-05-05,52.016
1968-05-06,52.2245
1968-05-07,71.6695
1968-05-08,68.0365
1968-05-09,60.784
1968-05-10,53.635998
1968-05-11,60.1735
1968-05-12,41.079998
1968-05-13,79.302
1968-05-14,84.7705
1968-05-15,68.749
1968-05-16,69.4515
1968-05-17,77.8685
1968-05-18,72.4555
1968-05-19,80.438
1968-05-20,76.891495
1968-05-21,78.8995
1968-05-22,73.3665
1968-05-23,75.5125
1968-05-24,78.6185
1968-05-25,78.7985
1968-05-26,81.454
1968-05-27,74.2935
1968-05-28,65.2265
1968-05-29,62.5265
1968-05-30,78.74
1968-05-31,87.973335
1968-06-01,80.356
1968-06-02,78.767
1968-06-03,77.1225
1968-06-04,73.736496
1968-06-05,58.678997
1968-06-06,55.235
1968-06-07,60.575
1968-06-08,66.007996
1968-06-09,79.238
1968-06-10,82.6905
1968-06-11,75.391495
1968-06-12,69.0435
1968-06-13,73.027
1968-06-14,74.649
1968-06-15,67.313995
1968-06-16,63.764
1968-06-17,63.62
1968-06-18,67.972
1968-06-19,64.7585
1968-06-20,73.009995
1968-06-21,78.3315
1968-06-22,61.0705
1968-06-23,56.0925
1968-06-24,64.3245
1968-06-25,60.738
1968-06-26,57.2845
1968-06-27,62.1165
1968-06-28,65.823
1968-06-29,59.5365
1968-06-30,52.0845
1968-07-01,46.7555
1968-07-02,54.416
1968-07-03,61.879498
1968-07-04,54.709
1968-07-05,55.7565
1968-07-06,47.91
1968-07-07,55.609
1968-07-08,55.267
1968-07-09,57.7435
1968-07-10,61.545998
1968-07-11,55.9585
1968-07-12,64.6185
1968-07-13,57.5955
1968-07-14,56.227997
1968-07-15,65.0685
1968-07-16,67.6585
1968-07-17,76.948
1968-07-18,84.6025
1968-07-19,74.4005
1968-07-20,69.0765
1968-07-21,76.92
1968-07-22,83.477
1968-07-23,69.915
1968-07-24,71.5545
1968-07-25,75.78
1968-07-26,77.6845
1968-07-27,75.528
1968-07-28,75.832
1968-07-29,73.2735
1968-07-30,71.287
1968-07-31,70.001
1968-08-01,67.117
1968-08-02,65.043495
1968-08-03,90.2345
1968-08-04,81.077
1968-08-05,75.9505
1968-08-06,68.2545
1968-08-07,85.5135
1968-08-08,83.519
1968-08-09,83.3905
1968-08-10,84.042
1968-08-11,79.183
1968-08-12,79.122
1968-08-13,75.160995
1968-08-14,74.602
1968-08-15,74.941
1968-08-16,70.1665
1968-08-17,65.629
1968-08-18,79.1215
1968-08-19,75.2965
1968-08-20,64.172
1968-08-21,68.324
1968-08-22,78.9615
1968-08-23,76.501
1968-08-24,79.9715
1968-08-25,84.77
1968-08-26,84.675
1968-08-27,90.965
1968-08-28,83.8095
1968-08-29,79.9025
1968-08-30,88.6775
1968-08-31,83.80263
1968-09-01,80.9685
1968-09-02,81.805
1968-09-03,81.4635
1968-09-04,80.3965
1968-09-05,88.633156
1968-09-06,92.97455
1968-09-07,83.9705
1968-09-08,84.383
1968-09-09,84.5615
1968-09-10,86.5195
1968-09-11,87.810524
1968-09-12,92.34111
1968-09-13,85.9875
1968-09-14,89.1579
1968-09-15,83.882996
1968-09-16,76.278
1968-09-17,88.94353
1968-09-18,92.94357
1968-09-19,85.444
1968-09-20,82.1585
1968-09-21,80.798996
1968-09-22,88.239
1968-09-23,80.0235
1968-09-24,89.68588
1968-09-25,81.1
1968-09-26,77.167496
1968-09-27,81.893
1968-09-28,83.569496
1968-09-29,83.4555
1968-09-30,88.27631
1968-10-01,81.004
1968-10-02,82.099
1968-10-03,91.58667
1968-10-04,83.1915
1968-10-05,87.059
1968-10-06,81.4415
1968-10-07,79.159996
1968-10-08,79.126
1968-10-09,77.8605
1968-10-10,84.704
1968-10-11,80.459496
1968-10-12,80.046
1968-10-13,81.654495
1968-10-14,82.681
1968-10-15,79.315
1968-10-16,82.45
1968-10-17,77.9765
1968-10-18,78.229
1968-10-19,70.168
1968-10-20,73.9905
1968-10-21,75.5785
1968-10-22,75.222496
1968-10-23,80.4685
1968-10-24,79.410995
1968-10-25,84.4545
1968-10-26,85.256
1968-10-27,83.407
1968-10-28,83.782104
1968-10-29,83.5795
1968-10-30,80.373
1968-10-31,80.2125
1968-11-01,78.46
1968-11-02,76.421
1968-11-03,80.211
1968-11-04,84.779
1968-11-05,89.142
1968-11-06,91.27286
1968-11-07,92.42
1968-11-08,90.44055
1968-11-09,90.12
1968-11-10,91.278
1968-11-11,88.006996
1968-11-12,84.318
1968-11-13,90.774284
1968-11-14,91.10764
1968-11-15,93.71571
1968-11-16,92.77818
1968-11-17,91.832306
1968-11-18,90.868
1968-11-19,92.25616
1968-11-20,93.12572
1968-11-21,93.69
1968-11-22,92.131424
1968-11-23,92.26444
1968-11-24,92.082855
1968-11-25,84.4615
1968-11-26,91.85812
1968-11-27,89.19214
1968-11-28,89.93125
1968-11-29,92.875
1968-11-30,93.567505
1968-12-01,90.5875
1968-12-02,93.1475
1968-12-03,89.67158
1968-12-04,87.906845
1968-12-05,89.7647
1968-12-06,89.57278
1968-12-07,91.61823
1968-12-08,93.285995
1968-12-09,93.39333
1968-12-10,86.95
1968-12-11,83.663
1968-12-12,80.2435
1968-12-13,85.603
1968-12-14,85.893684
1968-12-15,87.44684
1968-12-16,89.3755
1968-12-17,90.29722
1968-12-18,91.681335
1968-12-19,90.39
1968-12-20,93.854996
1968-12-21,91.80125
1968-12-22,89.48882
1968-12-23,91.04211
1968-12-24,89.18316
1968-12-25,86.503
1968-12-26,90.075554
1968-12-27,87.1885
1968-12-28,88.05333
1968-12-29,91.92687
1968-12-30,90.045
1968-12-31,87.28105
1969-01-01,84.4925
1969-01-02,88.308945
1969-01-03,91.56734
1969-01-04,92.02643
1969-01-05,89.29833
1969-01-06,90.06421
1969-01-07,87.94666
1969-01-08,88.86474
1969-01-09,88.69631
1969-01-10,90.795296
1969-01-11,89.96684
1969-01-12,88.30842
1969-01-13,90.30473
1969-01-14,89.694115
1969-01-15,93.097694
1969-01-16,92.215
1969-01-17,92.568
1969-01-18,94.24
1969-01-19,93.824
1969-01-20,92.87
1969-01-21,89.37222
1969-01-22,84.0545
1969-01-23,86.489
1969-01-24,89.676
1969-01-25,88.64667
1969-01-26,84.936844
1969-01-27,89.778496
1969-01-28,88.77941
1969-01-29,92.94
1969-01-30,93.33222
1969-01-31,81.21737
1969-02-01,82.72789
1969-02-02,87.996475
1969-02-03,90.674706
1969-02-04,93.306
1969-02-05,90.862
1969-02-06,93.47875
1969-02-07,92.18846
1969-02-08,91.934616
1969-02-09,86.147995
1969-02-10,84.942
1969-02-11,85.755
1969-02-12,81.665
1969-02-13,94.33
1969-02-14,92.01889
1969-02-15,92.921425
1969-02-16,89.657
1969-02-17,89.8915
1969-02-18,86.035995
1969-02-19,89.6705
1969-02-20,92.63214
1969-02-21,
1969-02-22,91.91
1969-02-23,91.00375
1969-02-24,93.0525
1969-02-25,94.229996
1969-02-26,
1969-02-27,
1969-02-28,91.55071
1969-03-01,91.664734
1969-03-02,89.8175
1969-03-03,90.721176
1969-03-04,89.98111
1969-03-05,81.832
1969-03-06,82.1025
1969-03-07,80.8125
1969-03-08,85.483
1969-03-09,77.8145
1969-03-10,74.927
1969-03-11,75.6655
1969-03-12,74.4355
1969-03-13,74.4795
1969-03-14,77.9515
1969-03-15,92.47875
1969-03-16,91.56308
1969-03-17,92.65375
1969-03-18,90.395
1969-03-19,92.52143
1969-03-20,91.83077
1969-03-21,91.13052
1969-03-22,78.306
1969-03-23,79.531
1969-03-24,86.069496
1969-03-25,91.34909
1969-03-26,90.841
1969-03-27,87.62947
1969-03-28,81.659996
1969-03-29,88.217
1969-03-30,83.1625
1969-03-31,70.993996
1969-04-01,64.1845
1969-04-02,81.731
1969-04-03,76.9575
1969-04-04,90.113
1969-04-05,78.8975
1969-04-06,74.5175
1969-04-07,69.519
1969-04-08,62.448498
1969-04-09,61.906498
1969-04-10,54.9505
1969-04-11,58.556
1969-04-12,58.497997
1969-04-13,80.963
1969-04-14,92.028336
1969-04-15,66.7035
1969-04-16,66.372
1969-04-17,77.324
1969-04-18,74.337
1969-04-19,70.7945
1969-04-20,68.1705
1969-04-21,63.9445
1969-04-22,67.7775
1969-04-23,87.06
1969-04-24,79.432
1969-04-25,72.9425
1969-04-26,64.589
1969-04-27,60.7715
1969-04-28,56.671497
1969-04-29,56.2565
1969-04-30,62.6185
1969-05-01,64.3375
1969-05-02,66.821
1969-05-03,65.986
1969-05-04,58.4895
1969-05-05,53.545
1969-05-06,66.361496
1969-05-07,78.275
1969-05-08,85.545
1969-05-09,86.2235
1969-05-10,86.20789
1969-05-11,70.9755
1969-05-12,73.097
1969-05-13,69.037
1969-05-14,65.006996
1969-05-15,63.420498
1969-05-16,63.809998
1969-05-17,66.823
1969-05-18,76.3465
1969-05-19,82.9665
1969-05-20,89.733154
1969-05-21,89.746
1969-05-22,74.3705
1969-05-23,70.486496
1969-05-24,70.1215
1969-05-25,64.547
1969-05-26,71.2195
1969-05-27,74.3545
1969-05-28,70.454
1969-05-29,66.6605
1969-05-30,65.345
1969-05-31,62.575
1969-06-01,64.2195
1969-06-02,87.854996
1969-06-03,79.7635
1969-06-04,84.5655
1969-06-05,86.91
1969-06-06,92.085266
1969-06-07,87.354004
1969-06-08,87.915
1969-06-09,68.672
1969-06-10,71.4135
1969-06-11,73.154495
1969-06-12,74.2845
1969-06-13,83.881
1969-06-14,86.5685
1969-06-15,86.962
1969-06-16,79.9845
1969-06-17,81.998
1969-06-18,80.9955
1969-06-19,78.111496
1969-06-20,90.262634
1969-06-21,88.451996
1969-06-22,85.207
1969-06-23,80.7985
1969-06-24,80.306496
1969-06-25,83.5615
1969-06-26,90.99133
1969-06-27,69.7705
1969-06-28,74.570496
1969-06-29,85.563
1969-06-30,83.568
1969-07-01,81.383995
1969-07-02,73.157
1969-07-03,71.1425
1969-07-04,77.999
1969-07-05,80.3085
1969-07-06,81.817
1969-07-07,75.3085
1969-07-08,84.0445
1969-07-09,77.5775
1969-07-10,89.895294
1969-07-11,79.847
1969-07-12,74.5065
1969-07-13,66.676
1969-07-14,67.298996
1969-07-15,66.5535
1969-07-16,66.056
1969-07-17,69.303
1969-07-18,78.155
1969-07-19,75.313995
1969-07-20,68.7155
1969-07-21,71.7765
1969-07-22,72.7775
1969-07-23,73.654
1969-07-24,71.5235
1969-07-25,66.871
1969-07-26,69.136
1969-07-27,64.698
1969-07-28,69.672
1969-07-29,73.9535
1969-07-30,81.8995
1969-07-31,74.571
1969-08-01,74.249
1969-08-02,72.7725
1969-08-03,71.5535
1969-08-04,74.366
1969-08-05,69.1475
1969-08-06,70.432
1969-08-07,71.466995
1969-08-08,87.8265
1969-08-09,84.305
1969-08-10,78.1345
1969-08-11,83.847
1969-08-12,80.782
1969-08-13,79.736496
1969-08-14,75.252
1969-08-15,76.7405
1969-08-16,85.017
1969-08-17,85.6265
1969-08-18,82.366
1969-08-19,92.0
1969-08-20,77.715996
1969-08-21,83.354996
1969-08-22,82.801
1969-08-23,90.462105
1969-08-24,90.806
1969-08-25,93.902
1969-08-26,87.82056
1969-08-27,87.96105
1969-08-28,91.22615
1969-08-29,84.094
1969-08-30,89.1495
1969-08-31,85.263504
1969-09-01,83.6995
1969-09-02,83.072
1969-09-03,82.072
1969-09-04,85.01
1969-09-05,88.4305
1969-09-06,83.804
1969-09-07,85.159996
1969-09-08,83.0455
1969-09-09,76.809494
1969-09-10,80.5995
1969-09-11,85.397
1969-09-12,82.338
1969-09-13,81.2765
1969-09-14,79.364
1969-09-15,91.09563
1969-09-16,86.731575
1969-09-17,90.6425
1969-09-18,86.367
1969-09-19,88.8355
1969-09-20,86.293
1969-09-21,79.9
1969-09-22,76.312996
1969-09-23,80.3665
1969-09-24,78.4835
1969-09-25,81.478
1969-09-26,81.5175
1969-09-27,81.8175
1969-09-28,78.778
1969-09-29,78.9005
1969-09-30,83.89
1969-10-01,83.597
1969-10-02,80.738
1969-10-03,77.8165
1969-10-04,81.0255
1969-10-05,84.5575
1969-10-06,81.408
1969-10-07,79.965996
1969-10-08,82.642
1969-10-09,80.188995
1969-10-10,74.351
1969-10-11,75.743
1969-10-12,79.7685
1969-10-13,80.6805
1969-10-14,79.0485
1969-10-15,83.389496
1969-10-16,82.725
1969-10-17,80.9355
1969-10-18,79.7915
1969-10-19,83.326
1969-10-20,78.4465
1969-10-21,80.143
1969-10-22,83.5585
1969-10-23,90.789375
1969-10-24,88.399445
1969-10-25,87.1005
1969-10-26,82.972
1969-10-27,76.791
1969-10-28,78.69
1969-10-29,81.708
1969-10-30,76.3825
1969-10-31,75.7665
1969-11-01,74.78
1969-11-02,72.996
1969-11-03,78.7905
1969-11-04,78.559
1969-11-05,79.472
1969-11-06,75.4265
1969-11-07,78.715
1969-11-08,93.5475
1969-11-09,90.991875
1969-11-10,82.968
1969-11-11,87.3185
1969-11-12,83.4815
1969-11-13,82.1335
1969-11-14,84.1275
1969-11-15,91.185
1969-11-16,86.502
1969-11-17,81.784
1969-11-18,88.8945
1969-11-19,80.8705
1969-11-20,80.2495
1969-11-21,86.503
1969-11-22,89.75421
1969-11-23,89.44187
1969-11-24,86.021
1969-11-25,78.0755
1969-11-26,80.717
1969-11-27,85.385
1969-11-28,77.2205
1969-11-29,85.21
1969-11-30,91.1647
1969-12-01,92.56214
1969-12-02,88.38
1969-12-03,88.037895
1969-12-04,91.37625
1969-12-05,94.71
1969-12-06,92.71
1969-12-07,92.98545
1969-12-08,91.316
1969-12-09,93.3
1969-12-10,
1969-12-11,93.75
1969-12-12,93.89
1969-12-13,94.376
1969-12-14,92.98333
1969-12-15,94.475
1969-12-16,
1969-12-17,89.712944
1969-12-18,92.53214
1969-12-19,93.706665
1969-12-20,91.64072
1969-12-21,85.6905
1969-12-22,85.468
1969-12-23,89.82
1969-12-24,91.90813
1969-12-25,92.52143
1969-12-26,94.604004
1969-12-27,92.71
1969-12-28,93.25222
1969-12-29,93.97
1969-12-30,93.80167
1969-12-31,93.19334
1970-01-01,92.557144
1970-01-02,89.31812
1970-01-03,89.41937
1970-01-04,90.100555
1970-01-05,88.884445
1970-01-06,90.45333
1970-01-07,93.903336
1970-01-08,88.03526
1970-01-09,90.657646
1970-01-10,90.87938
1970-01-11,91.06286
1970-01-12,90.523636
1970-01-13,91.89429
1970-01-14,93.165
1970-01-15,92.51889
1970-01-16,94.70333
1970-01-17,88.367775
1970-01-18,80.326
1970-01-19,89.443886
1970-01-20,86.414734
1970-01-21,88.93632
1970-01-22,89.814735
1970-01-23,89.31117
1970-01-24,91.03647
1970-01-25,92.19125
1970-01-26,94.71
1970-01-27,92.825836
1970-01-28,92.735
1970-01-29,84.817894
1970-01-30,89.05
1970-01-31,92.43818
1970-02-01,93.11917
1970-02-02,89.51666
1970-02-03,89.89765
1970-02-04,88.78737
1970-02-05,88.641
1970-02-06,85.684
1970-02-07,93.49143
1970-02-08,91.91133
1970-02-09,79.5275
1970-02-10,92.497
1970-02-11,93.53333
1970-02-12,85.8545
1970-02-13,91.03263
1970-02-14,88.4575
1970-02-15,90.79143
1970-02-16,89.49834
1970-02-17,80.0925
1970-02-18,87.438
1970-02-19,91.001114
1970-02-20,88.68
1970-02-21,90.51813
1970-02-22,91.30389
1970-02-23,92.49384
1970-02-24,85.421
1970-02-25,88.3225
1970-02-26,90.081055
1970-02-27,88.28389
1970-02-28,89.318
1970-03-01,86.0945
1970-03-02,84.935
1970-03-03,90.235
1970-03-04,84.142
1970-03-05,87.1565
1970-03-06,86.991
1970-03-07,90.36
1970-03-08,84.320496
1970-03-09,89.42313
1970-03-10,87.51894
1970-03-11,88.60895
1970-03-12,91.598335
1970-03-13,87.233
1970-03-14,93.732
1970-03-15,94.70333
1970-03-16,86.1135
1970-03-17,85.9435
1970-03-18,80.4075
1970-03-19,84.582
1970-03-20,71.419
1970-03-21,73.3955
1970-03-22,76.3835
1970-03-23,81.97
1970-03-24,80.9795
1970-03-25,81.142
1970-03-26,89.79053
1970-03-27,92.14222
1970-03-28,81.831
1970-03-29,75.29
1970-03-30,67.791
1970-03-31,67.946
1970-04-01,87.8745
1970-04-02,89.399376
1970-04-03,85.0265
1970-04-04,72.152
1970-04-05,76.5365
1970-04-06,78.089
1970-04-07,75.8525
1970-04-08,90.50562
1970-04-09,84.107
1970-04-10,69.6715
1970-04-11,87.76369
1970-04-12,75.144
1970-04-13,70.9255
1970-04-14,82.181
1970-04-15,71.127
1970-04-16,75.266
1970-04-17,74.947
1970-04-18,73.972496
1970-04-19,69.758995
1970-04-20,65.9705
1970-04-21,83.7615
1970-04-22,81.632996
1970-04-23,69.050995
1970-04-24,72.5035
1970-04-25,75.862495
1970-04-26,66.1155
1970-04-27,76.801
1970-04-28,89.21412
1970-04-29,83.981
1970-04-30,76.1055
1970-05-01,79.72
1970-05-02,78.7875
1970-05-03,74.1155
1970-05-04,57.4475
1970-05-05,91.01737
1970-05-06,86.8625
1970-05-07,80.9635
1970-05-08,68.895996
1970-05-09,71.363
1970-05-10,77.0455
1970-05-11,69.1105
1970-05-12,72.461
1970-05-13,73.651
1970-05-14,71.0635
1970-05-15,68.7865
1970-05-16,78.6655
1970-05-17,89.00353
1970-05-18,74.917496
1970-05-19,79.233
1970-05-20,85.163
1970-05-21,82.58
1970-05-22,90.43
1970-05-23,68.802
1970-05-24,73.3965
1970-05-25,70.452995
1970-05-26,73.404
1970-05-27,86.1075
1970-05-28,85.3815
1970-05-29,76.527
1970-05-30,71.7395
1970-05-31,82.447
1970-06-01,69.445
1970-06-02,67.528
1970-06-03,77.3845
1970-06-04,80.069496
1970-06-05,75.3945
1970-06-06,77.3165
1970-06-07,83.885
1970-06-08,81.236
1970-06-09,81.648
1970-06-10,81.593
1970-06-11,87.837
1970-06-12,71.332
1970-06-13,69.5795
1970-06-14,71.453995
1970-06-15,72.0865
1970-06-16,73.564995
1970-06-17,73.95
1970-06-18,88.168
1970-06-19,87.815
1970-06-20,75.316
1970-06-21,67.4995
1970-06-22,69.74
1970-06-23,67.053
1970-06-24,73.448
1970-06-25,82.71
1970-06-26,81.241
1970-06-27,79.488
1970-06-28,73.277
1970-06-29,79.6485
1970-06-30,80.715
1970-07-01,88.0805
1970-07-02,79.445
1970-07-03,80.726
1970-07-04,82.7235
1970-07-05,81.864
1970-07-06,79.483
1970-07-07,79.8885
1970-07-08,83.599
1970-07-09,80.5055
1970-07-10,73.5495
1970-07-11,70.9255
1970-07-12,69.691
1970-07-13,65.668
1970-07-14,71.601
1970-07-15,77.071
1970-07-16,91.917336
1970-07-17,93.80154
1970-07-18,82.091995
1970-07-19,72.2095
1970-07-20,70.0865
1970-07-21,75.695
1970-07-22,74.03
1970-07-23,75.8235
1970-07-24,73.474
1970-07-25,82.362
1970-07-26,75.887
1970-07-27,74.947
1970-07-28,76.458
1970-07-29,74.196495
1970-07-30,74.0935
1970-07-31,74.624
1970-08-01,77.5465
1970-08-02,81.366
1970-08-03,83.0845
1970-08-04,82.328
1970-08-05,80.519
1970-08-06,80.7205
1970-08-07,78.951996
1970-08-08,82.6765
1970-08-09,90.0315
1970-08-10,87.202
1970-08-11,83.5335
1970-08-12,76.398
1970-08-13,77.376
1970-08-14,82.901
1970-08-15,81.257996
1970-08-16,86.1925
1970-08-17,84.6275
1970-08-18,75.4875
1970-08-19,76.6605
1970-08-20,77.188995
1970-08-21,80.159996
1970-08-22,87.60611
1970-08-23,80.3875
1970-08-24,92.95167
1970-08-25,83.2465
1970-08-26,82.2185
1970-08-27,79.776
1970-08-28,83.288
1970-08-29,81.2635
1970-08-30,87.889496
1970-08-31,89.04263
1970-09-01,86.499
1970-09-02,85.547
1970-09-03,84.0155
1970-09-04,90.5945
1970-09-05,80.887
1970-09-06,86.178
1970-09-07,88.222
1970-09-08,82.445
1970-09-09,79.435
1970-09-10,80.522995
1970-09-11,72.5545
1970-09-12,81.6845
1970-09-13,82.1165
1970-09-14,78.361
1970-09-15,84.3635
1970-09-16,77.2775
1970-09-17,86.0895
1970-09-18,87.15
1970-09-19,85.544
1970-09-20,84.1175
1970-09-21,81.3625
1970-09-22,77.505
1970-09-23,75.005
1970-09-24,78.0225
1970-09-25,76.043
1970-09-26,86.611496
1970-09-27,83.271996
1970-09-28,69.141495
1970-09-29,79.7715
1970-09-30,72.7435
1970-10-01,89.1321
1970-10-02,82.5375
1970-10-03,90.90667
1970-10-04,81.257996
1970-10-05,86.3105
1970-10-06,81.6425
1970-10-07,78.980995
1970-10-08,84.1685
1970-10-09,82.6315
1970-10-10,83.277
1970-10-11,84.5765
1970-10-12,88.820526
1970-10-13,90.72
1970-10-14,89.782104
1970-10-15,75.8955
1970-10-16,76.144
1970-10-17,81.0925
1970-10-18,84.25
1970-10-19,85.1755
1970-10-20,83.0465
1970-10-21,91.27143
1970-10-22,90.36948
1970-10-23,83.2545
1970-10-24,80.6275
1970-10-25,82.486
1970-10-26,81.1825
1970-10-27,85.15
1970-10-28,82.108
1970-10-29,78.6985
1970-10-30,82.316
1970-10-31,75.7145
1970-11-01,77.131996
1970-11-02,79.9205
1970-11-03,77.5085
1970-11-04,74.4475
1970-11-05,78.813995
1970-11-06,82.27
1970-11-07,83.116
1970-11-08,93.47923
1970-11-09,92.74222
1970-11-10,82.054
1970-11-11,81.5465
1970-11-12,76.822495
1970-11-13,76.4255
1970-11-14,75.972
1970-11-15,86.59842
1970-11-16,90.609474
1970-11-17,83.24
1970-11-18,84.8265
1970-11-19,84.91263
1970-11-20,91.4285
1970-11-21,92.24
1970-11-22,89.18158
1970-11-23,85.516
1970-11-24,89.89909
1970-11-25,93.11
1970-11-26,90.972725
1970-11-27,91.020004
1970-11-28,91.1425
1970-11-29,91.58
1970-11-30,88.353
1970-12-01,92.365
1970-12-02,92.04733
1970-12-03,91.02631
1970-12-04,73.6925
1970-12-05,87.607
1970-12-06,91.76556
1970-12-07,92.865
1970-12-08,92.365
1970-12-09,89.17158
1970-12-10,92.19875
1970-12-11,92.615555
1970-12-12,92.9925
1970-12-13,
1970-12-14,
1970-12-15,93.935
1970-12-16,91.04733
1970-12-17,91.53824
1970-12-18,90.56438
1970-12-19,92.870834
1970-12-20,92.345
1970-12-21,93.428
1970-12-22,93.234
1970-12-23,93.53778
1970-12-24,91.96077
1970-12-25,92.36818
1970-12-26,92.06
1970-12-27,91.985
1970-12-28,91.54727
1970-12-29,92.86857
1970-12-30,89.908
1970-12-31,88.763
1971-01-01,80.158
1971-01-02,90.988235
1971-01-03,87.32579
1971-01-04,86.1645
1971-01-05,91.83722
1971-01-06,86.367645
1971-01-07,89.687775
1971-01-08,91.74308
1971-01-09,93.03636
1971-01-10,86.94428
1971-01-11,89.58077
1971-01-12,88.05722
1971-01-13,90.46072
1971-01-14,89.903076
1971-01-15,91.87546
1971-01-16,91.35571
1971-01-17,94.70333
1971-01-18,94.229996
1971-01-19,94.3375
1971-01-20,91.225624
1971-01-21,89.9475
1971-01-22,86.917
1971-01-23,90.92384
1971-01-24,91.40312
1971-01-25,90.86278
1971-01-26,91.77929
1971-01-27,91.66572
1971-01-28,82.803
1971-01-29,90.74117
1971-01-30,89.34421
1971-01-31,87.22188
1971-02-01,80.171
1971-02-02,75.923
1971-02-03,69.7115
1971-02-04,83.8905
1971-02-05,80.1325
1971-02-06,85.363
1971-02-07,86.92105
1971-02-08,77.3595
1971-02-09,78.8225
1971-02-10,85.014
1971-02-11,83.4565
1971-02-12,83.2195
1971-02-13,77.0025
1971-02-14,77.9825
1971-02-15,86.72737
1971-02-16,80.843
1971-02-17,85.773
1971-02-18,83.3965
1971-02-19,81.7355
1971-02-20,85.97948
1971-02-21,85.55789
1971-02-22,81.524
1971-02-23,82.5455
1971-02-24,78.0995
1971-02-25,78.648
1971-02-26,83.647896
1971-02-27,70.287
1971-02-28,70.889496
1971-03-01,82.205
1971-03-02,84.8555
1971-03-03,82.0885
1971-03-04,81.5945
1971-03-05,82.3635
1971-03-06,90.86053
1971-03-07,88.76353
1971-03-08,84.198
1971-03-09,91.746666
1971-03-10,85.865
1971-03-11,73.961
1971-03-12,64.782
1971-03-13,77.891
1971-03-14,79.637
1971-03-15,92.808
1971-03-16,89.057365
1971-03-17,91.74
1971-03-18,82.092
1971-03-19,69.326
1971-03-20,72.702995
1971-03-21,61.6805
1971-03-22,84.579
1971-03-23,78.314995
1971-03-24,75.8535
1971-03-25,72.5035
1971-03-26,87.46579
1971-03-27,80.555
1971-03-28,77.2235
1971-03-29,84.754
1971-03-30,93.74273
1971-03-31,91.05
1971-04-01,85.5505
1971-04-02,85.393
1971-04-03,88.0355
1971-04-04,74.5945
1971-04-05,79.0245
1971-04-06,82.127
1971-04-07,77.863
1971-04-08,73.49
1971-04-09,72.771996
1971-04-10,75.833496
1971-04-11,69.7255
1971-04-12,73.4165
1971-04-13,70.1215
1971-04-14,65.618996
1971-04-15,65.1275
1971-04-16,62.400497
1971-04-17,64.695
1971-04-18,67.514496
1971-04-19,65.975
1971-04-20,59.107998
1971-04-21,69.321
1971-04-22,62.878998
1971-04-23,58.024498
1971-04-24,79.401
1971-04-25,87.17684
1971-04-26,86.5605
1971-04-27,80.929
1971-04-28,85.1345
1971-04-29,75.6425
1971-04-30,91.49167
1971-05-01,90.20842
1971-05-02,90.26813
1971-05-03,91.994995
1971-05-04,82.9265
1971-05-05,88.445
1971-05-06,85.7815
1971-05-07,86.9565
1971-05-08,81.839
1971-05-09,72.2035
1971-05-10,70.437
1971-05-11,69.6085
1971-05-12,68.879
1971-05-13,57.914497
1971-05-14,57.9055
1971-05-15,64.237
1971-05-16,65.364
1971-05-17,65.339
1971-05-18,66.154
1971-05-19,64.577995
1971-05-20,64.172
1971-05-21,64.6575
1971-05-22,63.8085
1971-05-23,77.831
1971-05-24,71.734
1971-05-25,64.644
1971-05-26,60.025997
1971-05-27,70.487
1971-05-28,82.480995
1971-05-29,74.724495
1971-05-30,86.17684
1971-05-31,88.857
1971-06-01,86.89158
1971-06-02,84.824
1971-06-03,78.222
1971-06-04,71.1225
1971-06-05,74.9055
1971-06-06,67.957
1971-06-07,76.5995
1971-06-08,81.747
1971-06-09,80.3235
1971-06-10,74.364
1971-06-11,76.21
1971-06-12,80.6435
1971-06-13,76.646996
1971-06-14,71.191
1971-06-15,67.8585
1971-06-16,68.365
1971-06-17,68.8475
1971-06-18,78.822
1971-06-19,70.553
1971-06-20,71.769
1971-06-21,71.601
1971-06-22,75.833
1971-06-23,69.798
1971-06-24,65.775
1971-06-25,79.8555
1971-06-26,83.759
1971-06-27,79.4505
1971-06-28,71.366
1971-06-29,80.699
1971-06-30,75.072
1971-07-01,72.12
1971-07-02,74.349
1971-07-03,71.544
1971-07-04,76.377
1971-07-05,72.5775
1971-07-06,76.165
1971-07-07,63.5565
1971-07-08,59.1865
1971-07-09,66.132996
1971-07-10,64.733
1971-07-11,64.7155
1971-07-12,65.4025
1971-07-13,74.695
1971-07-14,85.542
1971-07-15,76.597496
1971-07-16,64.5725
1971-07-17,73.149
1971-07-18,80.6125
1971-07-19,84.2785
1971-07-20,67.374
1971-07-21,67.144
1971-07-22,66.1025
1971-07-23,66.9845
1971-07-24,64.069
1971-07-25,62.468
1971-07-26,61.781498
1971-07-27,64.316
1971-07-28,73.238495
1971-07-29,87.4325
1971-07-30,85.5105
1971-07-31,87.2255
1971-08-01,80.903
1971-08-02,74.486
1971-08-03,72.882996
1971-08-04,71.4975
1971-08-05,73.223
1971-08-06,69.9705
1971-08-07,65.3925
1971-08-08,70.361
1971-08-09,72.5325
1971-08-10,67.1505
1971-08-11,66.554
1971-08-12,79.6465
1971-08-13,74.675995
1971-08-14,68.206
1971-08-15,62.8765
1971-08-16,67.1445
1971-08-17,77.657
1971-08-18,72.74
1971-08-19,74.4835
1971-08-20,67.448
1971-08-21,62.788
1971-08-22,71.089
1971-08-23,73.348
1971-08-24,85.383156
1971-08-25,77.757996
1971-08-26,75.098495
1971-08-27,85.53
1971-08-28,74.6645
1971-08-29,72.270996
1971-08-30,70.57
1971-08-31,83.677
1971-09-01,87.89
1971-09-02,82.2825
1971-09-03,76.136
1971-09-04,76.833
1971-09-05,77.159996
1971-09-06,76.5815
1971-09-07,67.931
1971-09-08,77.86549
1971-09-09,77.417496
1971-09-10,78.986496
1971-09-11,89.65722
1971-09-12,85.892
1971-09-13,87.323
1971-09-14,83.2685
1971-09-15,88.019
1971-09-16,88.8895
1971-09-17,80.5135
1971-09-18,79.6645
1971-09-19,79.623
1971-09-20,79.7185
1971-09-21,79.451996
1971-09-22,76.349
1971-09-23,72.4145
1971-09-24,78.270996
1971-09-25,85.8435
1971-09-26,83.0905
1971-09-27,83.181
1971-09-28,78.317
1971-09-29,91.49231
1971-09-30,92.46083
1971-10-01,85.64833
1971-10-02,87.466
1971-10-03,85.768
1971-10-04,86.095
1971-10-05,75.3295
1971-10-06,80.3575
1971-10-07,76.9535
1971-10-08,76.041
1971-10-09,75.241
1971-10-10,78.0685
1971-10-11,80.823
1971-10-12,82.9695
1971-10-13,79.045
1971-10-14,79.223495
1971-10-15,91.86
1971-10-16,83.3325
1971-10-17,87.2215
1971-10-18,87.0085
1971-10-19,79.756
1971-10-20,81.083496
1971-10-21,78.822
1971-10-22,71.8115
1971-10-23,59.285
1971-10-24,75.6045
1971-10-25,73.109
1971-10-26,74.0795
1971-10-27,77.143
1971-10-28,78.138
1971-10-29,78.656
1971-10-30,78.9815
1971-10-31,82.8375
1971-11-01,81.7425
1971-11-02,92.40615
1971-11-03,90.99
1971-11-04,87.52944
1971-11-05,76.9555
1971-11-06,75.139496
1971-11-07,83.153496
1971-11-08,81.006996
1971-11-09,82.9355
1971-11-10,80.7245
1971-11-11,86.88706
1971-11-12,88.92118
1971-11-13,91.65938
1971-11-14,89.420525
1971-11-15,86.3265
1971-11-16,83.1445
1971-11-17,83.350525
1971-11-18,83.4235
1971-11-19,84.4025
1971-11-20,90.465294
1971-11-21,78.6325
1971-11-22,91.00471
1971-11-23,91.403336
1971-11-24,90.304115
1971-11-25,91.76182
1971-11-26,89.195
1971-11-27,90.4705
1971-11-28,88.03889
1971-11-29,91.29733
1971-11-30,94.22667
1971-12-01,93.21333
1971-12-02,93.494995
1971-12-03,91.6075
1971-12-04,92.976
1971-12-05,92.24133
1971-12-06,90.474
1971-12-07,92.53769
1971-12-08,87.895
1971-12-09,77.4295
1971-12-10,80.56
1971-12-11,88.62059
1971-12-12,88.148
1971-12-13,84.7965
1971-12-14,89.66556
1971-12-15,87.525
1971-12-16,86.7145
1971-12-17,84.021996
1971-12-18,91.39214
1971-12-19,90.994995
1971-12-20,93.1525
1971-12-21,93.18455
1971-12-22,88.33889
1971-12-23,89.97471
1971-12-24,85.4055
1971-12-25,91.63143
1971-12-26,91.66333
1971-12-27,91.49
1971-12-28,
1971-12-29,93.985
1971-12-30,92.716995
1971-12-31,92.28333
1972-01-01,94.514
1972-01-02,93.435
1972-01-03,92.645
1972-01-04,93.212
1972-01-05,93.99715
1972-01-06,94.24
1972-01-07,93.02
1972-01-08,93.101425
1972-01-09,92.119995
1972-01-10,94.44833
1972-01-11,92.58625
1972-01-12,86.844
1972-01-13,87.621
1972-01-14,78.672
1972-01-15,82.312996
1972-01-16,79.095
1972-01-17,81.551
1972-01-18,83.8065
1972-01-19,85.6305
1972-01-20,86.5055
1972-01-21,84.576996
1972-01-22,80.5645
1972-01-23,85.812
1972-01-24,89.664
1972-01-25,90.945
1972-01-26,88.02737
1972-01-27,84.7395
1972-01-28,89.999
1972-01-29,91.9675
1972-01-30,93.50875
1972-01-31,94.19334
1972-02-01,92.167694
1972-02-02,87.7215
1972-02-03,83.501
1972-02-04,82.1435
1972-02-05,82.427
1972-02-06,85.71684
1972-02-07,85.13579
1972-02-08,88.890526
1972-02-09,88.920555
1972-02-10,92.67286
1972-02-11,90.58611
1972-02-12,86.8105
1972-02-13,91.199165
1972-02-14,89.77214
1972-02-15,91.41534
1972-02-16,86.427
1972-02-17,87.82
1972-02-18,81.191
1972-02-19,87.075
1972-02-20,87.511
1972-02-21,90.66692
1972-02-22,91.08615
1972-02-23,93.70333
1972-02-24,90.368
1972-02-25,91.18647
1972-02-26,89.94833
1972-02-27,92.755
1972-02-28,86.189445
1972-02-29,91.62
1972-03-01,94.21778
1972-03-02,89.6595
1972-03-03,90.79266
1972-03-04,87.6515
1972-03-05,83.7545
1972-03-06,83.782
1972-03-07,81.4195
1972-03-08,70.4355
1972-03-09,71.514496
1972-03-10,76.9345
1972-03-11,85.0775
1972-03-12,77.705
1972-03-13,68.5585
1972-03-14,63.788498
1972-03-15,59.732
1972-03-16,64.4135
1972-03-17,61.281498
1972-03-18,64.117
1972-03-19,63.4755
1972-03-20,65.5215
1972-03-21,62.8005
1972-03-22,64.8225
1972-03-23,60.2165
1972-03-24,57.3525
1972-03-25,56.652
1972-03-26,55.51
1972-03-27,68.459
1972-03-28,68.876495
1972-03-29,77.658
1972-03-30,70.6175
1972-03-31,64.4835
1972-04-01,72.349
1972-04-02,70.559
1972-04-03,69.1025
1972-04-04,73.4565
1972-04-05,76.409996
1972-04-06,81.245
1972-04-07,66.274
1972-04-08,58.3125
1972-04-09,75.101
1972-04-10,74.436
1972-04-11,68.3705
1972-04-12,80.711
1972-04-13,92.526
1972-04-14,90.82562
1972-04-15,90.43846
1972-04-16,90.738945
1972-04-17,88.134
1972-04-18,88.57889
1972-04-19,83.616
1972-04-20,92.33714
1972-04-21,88.89412
1972-04-22,86.791504
1972-04-23,82.2135
1972-04-24,86.729
1972-04-25,88.01889
1972-04-26,80.987
1972-04-27,77.4945
1972-04-28,75.682
1972-04-29,68.7575
1972-04-30,68.43
1972-05-01,66.3185
1972-05-02,72.0735
1972-05-03,89.85737
1972-05-04,86.226
1972-05-05,85.62
1972-05-06,86.505
1972-05-07,85.4395
1972-05-08,85.651
1972-05-09,86.067
1972-05-10,79.5485
1972-05-11,91.29312
1972-05-12,78.7835
1972-05-13,86.163
1972-05-14,83.055
1972-05-15,79.803
1972-05-16,80.7305
1972-05-17,74.9085
1972-05-18,79.486
1972-05-19,81.7495
1972-05-20,78.15
1972-05-21,77.1305
1972-05-22,80.2755
1972-05-23,73.570496
1972-05-24,68.3795
1972-05-25,71.5915
1972-05-26,65.1135
1972-05-27,78.0085
1972-05-28,84.0775
1972-05-29,70.4765
1972-05-30,67.1795
1972-05-31,76.576
1972-06-01,89.44118
1972-06-02,88.7905
1972-06-03,85.5425
1972-06-04,82.0075
1972-06-05,79.083
1972-06-06,70.9275
1972-06-07,69.6515
1972-06-08,68.468
1972-06-09,75.845
1972-06-10,78.7465
1972-06-11,67.4255
1972-06-12,66.115
1972-06-13,71.7845
1972-06-14,73.735
1972-06-15,72.686
1972-06-16,63.5845
1972-06-17,70.8965
1972-06-18,83.337
1972-06-19,69.5125
1972-06-20,64.236
1972-06-21,65.487
1972-06-22,65.2175
1972-06-23,67.625496
1972-06-24,82.039
1972-06-25,66.147
1972-06-26,71.3395
1972-06-27,76.1185
1972-06-28,77.953
1972-06-29,75.475
1972-06-30,81.4525
1972-07-01,70.4435
1972-07-02,65.590996
1972-07-03,69.9325
1972-07-04,72.934
1972-07-05,72.075
1972-07-06,71.8855
1972-07-07,78.854996
1972-07-08,70.294
1972-07-09,69.038
1972-07-10,67.701
1972-07-11,84.548996
1972-07-12,91.56833
1972-07-13,91.465454
1972-07-14,91.818886
1972-07-15,87.1105
1972-07-16,72.446
1972-07-17,73.6225
1972-07-18,82.387
1972-07-19,86.538
1972-07-20,86.7905
1972-07-21,87.481
1972-07-22,87.478424
1972-07-23,87.528
1972-07-24,82.074
1972-07-25,85.5435
1972-07-26,92.7575
1972-07-27,86.2255
1972-07-28,86.8365
1972-07-29,85.355
1972-07-30,79.006
1972-07-31,88.35
1972-08-01,87.3775
1972-08-02,80.2205
1972-08-03,92.134
1972-08-04,87.0095
1972-08-05,80.32
1972-08-06,76.39
1972-08-07,79.1485
1972-08-08,79.79
1972-08-09,80.6285
1972-08-10,82.312996
1972-08-11,82.4905
1972-08-12,81.1185
1972-08-13,80.9945
1972-08-14,82.5365
1972-08-15,78.958
1972-08-16,79.3405
1972-08-17,86.0305
1972-08-18,84.4015
1972-08-19,91.43588
1972-08-20,90.363335
1972-08-21,93.15091
1972-08-22,84.7705
1972-08-23,82.7825
1972-08-24,84.3365
1972-08-25,82.704
1972-08-26,83.8265
1972-08-27,82.613
1972-08-28,85.8255
1972-08-29,86.1735
1972-08-30,89.725
1972-08-31,84.807
1972-09-01,80.5805
1972-09-02,80.62
1972-09-03,87.689
1972-09-04,85.2325
1972-09-05,84.93
1972-09-06,84.4125
1972-09-07,80.259
1972-09-08,82.5915
1972-09-09,92.51556
1972-09-10,88.689415
1972-09-11,86.71
1972-09-12,85.992
1972-09-13,85.632996
1972-09-14,81.6185
1972-09-15,87.7515
1972-09-16,92.49636
1972-09-17,87.606
1972-09-18,88.796
1972-09-19,90.839
1972-09-20,87.325
1972-09-21,87.36
1972-09-22,83.905
1972-09-23,84.7935
1972-09-24,87.12
1972-09-25,83.031
1972-09-26,82.25
1972-09-27,86.6895
1972-09-28,78.362495
1972-09-29,81.547
1972-09-30,81.665
1972-10-01,81.391
1972-10-02,91.55278
1972-10-03,90.70368
1972-10-04,86.003
1972-10-05,89.063156
1972-10-06,92.79053
1972-10-07,92.80769
1972-10-08,92.42857
1972-10-09,90.676155
1972-10-10,94.138336
1972-10-11,87.8125
1972-10-12,83.022
1972-10-13,81.966995
1972-10-14,81.117
1972-10-15,80.8025
1972-10-16,77.7445
1972-10-17,81.8655
1972-10-18,79.268
1972-10-19,74.509
1972-10-20,70.204
1972-10-21,89.65625
1972-10-22,76.747
1972-10-23,88.15421
1972-10-24,83.063995
1972-10-25,83.1595
1972-10-26,83.43
1972-10-27,77.195
1972-10-28,78.6345
1972-10-29,84.8505
1972-10-30,88.4305
1972-10-31,86.600525
1972-11-01,90.57471
1972-11-02,90.660835
1972-11-03,86.1065
1972-11-04,86.128
1972-11-05,86.8855
1972-11-06,81.971
1972-11-07,83.8635
1972-11-08,87.418
1972-11-09,88.82235
1972-11-10,93.37666
1972-11-11,86.096
1972-11-12,84.6995
1972-11-13,81.622
1972-11-14,89.24737
1972-11-15,89.19684
1972-11-16,79.986496
1972-11-17,79.7
1972-11-18,83.83894
1972-11-19,86.2185
1972-11-20,87.04
1972-11-21,89.19945
1972-11-22,93.113846
1972-11-23,91.95286
1972-11-24,93.65769
1972-11-25,81.296
1972-11-26,82.12
1972-11-27,80.6045
1972-11-28,82.3645
1972-11-29,82.583496
1972-11-30,87.844
1972-12-01,90.68056
1972-12-02,90.83077
1972-12-03,88.99176
1972-12-04,90.24556
1972-12-05,90.51632
1972-12-06,87.95734
1972-12-07,90.524704
1972-12-08,91.218
1972-12-09,88.265
1972-12-10,87.725
1972-12-11,91.98937
1972-12-12,92.24625
1972-12-13,91.37
1972-12-14,85.8835
1972-12-15,87.581
1972-12-16,88.145294
1972-12-17,90.255005
1972-12-18,88.50278
1972-12-19,90.50667
1972-12-20,80.0445
1972-12-21,84.2955
1972-12-22,88.455
1972-12-23,90.18833
1972-12-24,93.1675
1972-12-25,93.012
1972-12-26,92.097496
1972-12-27,92.09615
1972-12-28,83.37
1972-12-29,75.104996
1972-12-30,76.8725
1972-12-31,73.837
1973-01-01,73.538
1973-01-02,74.017
1973-01-03,87.759476
1973-01-04,92.326996
1973-01-05,90.97667
1973-01-06,92.34
1973-01-07,94.118
1973-01-08,94.71
1973-01-09,93.285
1973-01-10,92.5
1973-01-11,87.5921
1973-01-12,90.66263
1973-01-13,88.0285
1973-01-14,86.093
1973-01-15,87.09167
1973-01-16,91.1879
1973-01-17,90.27389
1973-01-18,92.86
1973-01-19,94.42715
1973-01-20,93.24
1973-01-21,93.24
1973-01-22,92.34154
1973-01-23,91.88923
1973-01-24,92.15727
1973-01-25,87.478
1973-01-26,84.997
1973-01-27,88.315
1973-01-28,86.26474
1973-01-29,83.4395
1973-01-30,89.69526
1973-01-31,90.7
1973-02-01,94.21714
1973-02-02,91.445
1973-02-03,89.69389
1973-02-04,90.05308
1973-02-05,88.58
1973-02-06,86.7705
1973-02-07,83.0275
1973-02-08,81.341995
1973-02-09,82.3545
1973-02-10,86.945
1973-02-11,88.1965
1973-02-12,75.946495
1973-02-13,76.611
1973-02-14,82.573
1973-02-15,92.49
1973-02-16,92.84
1973-02-17,82.097
1973-02-18,79.0475
1973-02-19,72.484
1973-02-20,82.4775
1973-02-21,88.014
1973-02-22,88.409
1973-02-23,84.6375
1973-02-24,82.673
1973-02-25,80.26
1973-02-26,71.119995
1973-02-27,74.986496
1973-02-28,71.453
1973-03-01,72.764
1973-03-02,70.3035
1973-03-03,78.428
1973-03-04,84.607895
1973-03-05,80.7245
1973-03-06,82.283
1973-03-07,83.2445
1973-03-08,84.223
1973-03-09,83.377
1973-03-10,76.8845
1973-03-11,79.6095
1973-03-12,69.4225
1973-03-13,81.46
1973-03-14,91.659
1973-03-15,89.048996
1973-03-16,85.582634
1973-03-17,72.7885
1973-03-18,75.7705
1973-03-19,75.014
1973-03-20,69.190994
1973-03-21,68.8405
1973-03-22,68.3125
1973-03-23,69.9975
1973-03-24,64.5455
1973-03-25,63.868
1973-03-26,73.906
1973-03-27,66.875
1973-03-28,67.06
1973-03-29,66.6625
1973-03-30,58.815
1973-03-31,63.477997
1973-04-01,73.8745
1973-04-02,63.5985
1973-04-03,74.526
1973-04-04,89.2035
1973-04-05,65.6735
1973-04-06,67.015
1973-04-07,69.21
1973-04-08,73.9225
1973-04-09,77.4055
1973-04-10,64.409996
1973-04-11,82.403
1973-04-12,80.027
1973-04-13,90.139336
1973-04-14,91.46933
1973-04-15,84.5965
1973-04-16,80.0315
1973-04-17,70.5295
1973-04-18,82.8905
1973-04-19,77.904495
1973-04-20,91.656876
1973-04-21,85.8835
1973-04-22,77.391
1973-04-23,69.768
1973-04-24,86.771
1973-04-25,91.67929
1973-04-26,78.3355
1973-04-27,69.8805
1973-04-28,67.6655
1973-04-29,72.04
1973-04-30,72.3155
1973-05-01,62.8745
1973-05-02,62.7925
1973-05-03,64.8315
1973-05-04,67.2105
1973-05-05,64.715
1973-05-06,65.181496
1973-05-07,68.648
1973-05-08,67.203995
1973-05-09,69.548996
1973-05-10,76.264496
1973-05-11,68.001
1973-05-12,71.4755
1973-05-13,64.1665
1973-05-14,65.743996
1973-05-15,68.679
1973-05-16,78.3735
1973-05-17,69.073
1973-05-18,66.557
1973-05-19,61.072998
1973-05-20,64.409
1973-05-21,56.8265
1973-05-22,59.518997
1973-05-23,61.0625
1973-05-24,63.7245
1973-05-25,64.505
1973-05-26,69.847
1973-05-27,69.691
1973-05-28,70.1455
1973-05-29,65.1865
1973-05-30,67.445
1973-05-31,66.444496
1973-06-01,60.753998
1973-06-02,49.1185
1973-06-03,70.819
1973-06-04,86.7645
1973-06-05,78.528
1973-06-06,86.515
1973-06-07,85.021
1973-06-08,81.214
1973-06-09,78.0095
1973-06-10,75.7155
1973-06-11,74.6925
1973-06-12,68.349
1973-06-13,71.2975
1973-06-14,77.6075
1973-06-15,62.923
1973-06-16,62.9885
1973-06-17,61.662
1973-06-18,70.389
1973-06-19,67.478
1973-06-20,62.5915
1973-06-21,82.393
1973-06-22,88.54823
1973-06-23,84.0815
1973-06-24,87.736496
1973-06-25,87.024
1973-06-26,74.746
1973-06-27,68.3105
1973-06-28,66.8285
1973-06-29,68.6655
1973-06-30,81.236496
1973-07-01,84.086
1973-07-02,77.1215
1973-07-03,71.7765
1973-07-04,72.512
1973-07-05,80.78
1973-07-06,74.7775
1973-07-07,80.0065
1973-07-08,75.113
1973-07-09,74.907
1973-07-10,70.2125
1973-07-11,67.54
1973-07-12,67.1315
1973-07-13,81.962
1973-07-14,71.651
1973-07-15,64.9235
1973-07-16,65.6935
1973-07-17,58.2285
1973-07-18,61.6695
1973-07-19,67.7215
1973-07-20,73.6485
1973-07-21,66.372
1973-07-22,80.256
1973-07-23,75.1745
1973-07-24,83.609
1973-07-25,76.251
1973-07-26,68.048
1973-07-27,71.2625
1973-07-28,70.9675
1973-07-29,74.546
1973-07-30,78.0345
1973-07-31,76.090996
1973-08-01,69.29
1973-08-02,71.7445
1973-08-03,80.0125
1973-08-04,81.132996
1973-08-05,77.2715
1973-08-06,73.2075
1973-08-07,71.159
1973-08-08,65.354
1973-08-09,61.789997
1973-08-10,64.529
1973-08-11,62.1105
1973-08-12,66.211
1973-08-13,68.668495
1973-08-14,64.5475
1973-08-15,66.3955
1973-08-16,66.369
1973-08-17,67.7465
1973-08-18,63.726997
1973-08-19,66.9025
1973-08-20,64.618
1973-08-21,72.125496
1973-08-22,75.423
1973-08-23,67.634
1973-08-24,70.6655
1973-08-25,74.694496
1973-08-26,67.5155
1973-08-27,75.1685
1973-08-28,84.962
1973-08-29,92.670715
1973-08-30,89.5245
1973-08-31,80.937
1973-09-01,73.364
1973-09-02,75.055
1973-09-03,72.1355
1973-09-04,68.468994
1973-09-05,71.0675
1973-09-06,69.993
1973-09-07,70.479996
1973-09-08,70.43
1973-09-09,68.946
1973-09-10,78.018
1973-09-11,64.735
1973-09-12,67.1295
1973-09-13,69.5455
1973-09-14,71.493
1973-09-15,74.066
1973-09-16,77.169
1973-09-17,80.34
1973-09-18,74.7965
1973-09-19,89.1845
1973-09-20,86.4945
1973-09-21,74.347496
1973-09-22,90.3215
1973-09-23,82.94
1973-09-24,84.471
1973-09-25,85.92
1973-09-26,86.9295
1973-09-27,92.998886
1973-09-28,90.36278
1973-09-29,87.1675
1973-09-30,86.7535
1973-10-01,88.4795
1973-10-02,86.943886
1973-10-03,86.566
1973-10-04,81.58
1973-10-05,77.19
1973-10-06,80.281
1973-10-07,75.96
1973-10-08,80.304
1973-10-09,82.0795
1973-10-10,80.628
1973-10-11,77.986496
1973-10-12,85.5775
1973-10-13,77.4895
1973-10-14,80.0645
1973-10-15,82.7145
1973-10-16,77.1905
1973-10-17,81.5855
1973-10-18,87.606316
1973-10-19,72.377
1973-10-20,82.141
1973-10-21,85.505
1973-10-22,78.834496
1973-10-23,80.401
1973-10-24,85.6775
1973-10-25,78.005
1973-10-26,81.159
1973-10-27,77.662
1973-10-28,82.2185
1973-10-29,81.058
1973-10-30,82.5095
1973-10-31,71.1125
1973-11-01,69.7865
1973-11-02,69.1755
1973-11-03,70.5925
1973-11-04,67.361
1973-11-05,68.389
1973-11-06,79.8045
1973-11-07,89.75263
1973-11-08,88.2845
1973-11-09,85.560555
1973-11-10,89.02421
1973-11-11,90.98923
1973-11-12,85.104996
1973-11-13,87.9485
1973-11-14,92.2
1973-11-15,88.54842
1973-11-16,88.9275
1973-11-17,80.8385
1973-11-18,81.8155
1973-11-19,82.884
1973-11-20,72.153
1973-11-21,67.673996
1973-11-22,78.426
1973-11-23,82.7435
1973-11-24,81.1085
1973-11-25,79.1335
1973-11-26,91.081
1973-11-27,88.81526
1973-11-28,89.08444
1973-11-29,86.325
1973-11-30,74.9785
1973-12-01,77.9165
1973-12-02,81.453
1973-12-03,82.822
1973-12-04,82.6965
1973-12-05,82.757996
1973-12-06,85.172
1973-12-07,86.06611
1973-12-08,88.708
1973-12-09,81.819
1973-12-10,79.494995
1973-12-11,81.629
1973-12-12,89.36948
1973-12-13,89.15316
1973-12-14,81.593
1973-12-15,81.1755
1973-12-16,75.9505
1973-12-17,80.553
1973-12-18,92.40143
1973-12-19,92.52286
1973-12-20,87.26667
1973-12-21,81.65632
1973-12-22,92.278336
1973-12-23,88.57687
1973-12-24,88.221054
1973-12-25,85.722496
1973-12-26,91.23055
1973-12-27,89.34167
1973-12-28,92.5475
1973-12-29,91.11625
1973-12-30,91.4225
1973-12-31,92.09067
1974-01-01,89.38571
1974-01-02,91.59563
1974-01-03,92.25667
1974-01-04,92.816154
1974-01-05,92.166
1974-01-06,93.5125
1974-01-07,93.0475
1974-01-08,93.37
1974-01-09,90.35737
1974-01-10,88.516
1974-01-11,88.603
1974-01-12,89.273125
1974-01-13,93.922
1974-01-14,85.111496
1974-01-15,85.4355
1974-01-16,92.55
1974-01-17,91.433075
1974-01-18,81.573
1974-01-19,89.280556
1974-01-20,74.4145
1974-01-21,80.3665
1974-01-22,88.64474
1974-01-23,89.64278
1974-01-24,91.79063
1974-01-25,91.975
1974-01-26,90.49177
1974-01-27,92.90385
1974-01-28,91.41
1974-01-29,91.816666
1974-01-30,89.879
1974-01-31,89.08947
1974-02-01,85.3575
1974-02-02,89.70177
1974-02-03,83.9055
1974-02-04,89.94941
1974-02-05,90.49158
1974-02-06,80.171
1974-02-07,83.3755
1974-02-08,75.5565
1974-02-09,73.9345
1974-02-10,71.381
1974-02-11,77.576
1974-02-12,73.9415
1974-02-13,81.372
1974-02-14,88.684
1974-02-15,88.49941
1974-02-16,87.70167
1974-02-17,79.820496
1974-02-18,79.638
1974-02-19,80.377
1974-02-20,85.923996
1974-02-21,86.433
1974-02-22,82.3875
1974-02-23,91.95
1974-02-24,83.5615
1974-02-25,81.5575
1974-02-26,79.6745
1974-02-27,79.3095
1974-02-28,71.6415
1974-03-01,67.826
1974-03-02,74.309
1974-03-03,76.4555
1974-03-04,75.7455
1974-03-05,86.701
1974-03-06,88.37211
1974-03-07,90.69055
1974-03-08,89.51647
1974-03-09,89.099
1974-03-10,89.825264
1974-03-11,87.71
1974-03-12,80.975494
1974-03-13,74.074
1974-03-14,72.35
1974-03-15,73.572
1974-03-16,72.205
1974-03-17,67.1365
1974-03-18,65.7985
1974-03-19,64.3005
1974-03-20,68.301
1974-03-21,57.2425
1974-03-22,55.6585
1974-03-23,65.06
1974-03-24,68.871
1974-03-25,70.2005
1974-03-26,71.9025
1974-03-27,65.8555
1974-03-28,65.987
1974-03-29,58.552498
1974-03-30,61.2035
1974-03-31,74.074
1974-04-01,78.531
1974-04-02,62.7305
1974-04-03,62.6955
1974-04-04,58.8
1974-04-05,54.9325
1974-04-06,57.937
1974-04-07,61.878
1974-04-08,63.514
1974-04-09,56.600998
1974-04-10,55.445
1974-04-11,63.91
1974-04-12,74.776
1974-04-13,78.4685
1974-04-14,66.8965
1974-04-15,62.057
1974-04-16,71.848495
1974-04-17,82.1995
1974-04-18,79.9295
1974-04-19,59.0985
1974-04-20,59.9325
1974-04-21,72.7475
1974-04-22,72.7195
1974-04-23,63.3965
1974-04-24,63.5855
1974-04-25,83.9785
1974-04-26,89.35222
1974-04-27,73.491
1974-04-28,72.903
1974-04-29,77.719
1974-04-30,74.042
1974-05-01,81.281
1974-05-02,83.6625
1974-05-03,77.6445
1974-05-04,84.499
1974-05-05,84.4875
1974-05-06,84.82579
1974-05-07,81.92
1974-05-08,80.256
1974-05-09,71.6545
1974-05-10,65.643
1974-05-11,69.458
1974-05-12,81.992
1974-05-13,77.707
1974-05-14,76.237495
1974-05-15,82.2555
1974-05-16,84.366
1974-05-17,86.759
1974-05-18,85.9555
1974-05-19,69.2845
1974-05-20,64.3725
1974-05-21,75.11
1974-05-22,81.9135
1974-05-23,73.581
1974-05-24,77.695496
1974-05-25,82.158
1974-05-26,67.115
1974-05-27,69.007996
1974-05-28,64.4645
1974-05-29,78.363495
1974-05-30,75.468
1974-05-31,68.4805
1974-06-01,82.022
1974-06-02,80.395996
1974-06-03,68.866
1974-06-04,72.6195
1974-06-05,70.823
1974-06-06,77.581
1974-06-07,82.193
1974-06-08,65.7775
1974-06-09,70.318
1974-06-10,90.27125
1974-06-11,84.747
1974-06-12,67.249
1974-06-13,83.251
1974-06-14,86.8125
1974-06-15,79.4495
1974-06-16,78.683
1974-06-17,77.955
1974-06-18,72.08
1974-06-19,79.1975
1974-06-20,73.3645
1974-06-21,72.102
1974-06-22,80.4295
1974-06-23,70.8835
1974-06-24,85.6775
1974-06-25,77.0475
1974-06-26,67.6065
1974-06-27,71.7795
1974-06-28,69.7735
1974-06-29,88.05789
1974-06-30,76.2985
1974-07-01,75.7285
1974-07-02,68.9695
1974-07-03,65.765
1974-07-04,71.249
1974-07-05,70.546
1974-07-06,69.912
1974-07-07,75.9925
1974-07-08,68.194
1974-07-09,72.2865
1974-07-10,70.807
1974-07-11,76.306496
1974-07-12,75.238
1974-07-13,69.3365
1974-07-14,57.962997
1974-07-15,69.2415
1974-07-16,70.4195
1974-07-17,67.014496
1974-07-18,84.2075
1974-07-19,83.9695
1974-07-20,78.793
1974-07-21,82.1695
1974-07-22,74.949
1974-07-23,81.97
1974-07-24,71.798
1974-07-25,80.0345
1974-07-26,72.6445
1974-07-27,68.8785
1974-07-28,70.391
1974-07-29,69.781
1974-07-30,68.381
1974-07-31,70.0925
1974-08-01,75.1735
1974-08-02,75.6315
1974-08-03,75.833496
1974-08-04,67.193
1974-08-05,65.5115
1974-08-06,76.013
1974-08-07,74.2395
1974-08-08,67.77
1974-08-09,83.057
1974-08-10,71.133995
1974-08-11,90.62125
1974-08-12,78.1565
1974-08-13,73.0545
1974-08-14,75.895996
1974-08-15,76.796
1974-08-16,78.1895
1974-08-17,71.822495
1974-08-18,72.08
1974-08-19,74.8545
1974-08-20,76.333496
1974-08-21,76.5715
1974-08-22,86.067
1974-08-23,85.59
1974-08-24,84.877
1974-08-25,82.232
1974-08-26,87.9995
1974-08-27,86.7645
1974-08-28,81.201
1974-08-29,76.628
1974-08-30,78.637
1974-08-31,74.9855
1974-09-01,86.83947
1974-09-02,82.1235
1974-09-03,78.0385
1974-09-04,85.553
1974-09-05,79.622
1974-09-06,77.4905
1974-09-07,84.268
1974-09-08,81.9525
1974-09-09,79.421
1974-09-10,78.6655
1974-09-11,80.616
1974-09-12,82.421
1974-09-13,82.134
1974-09-14,79.9845
1974-09-15,84.088
1974-09-16,78.042
1974-09-17,75.126495
1974-09-18,81.016
1974-09-19,80.0345
1974-09-20,78.8115
1974-09-21,90.289444
1974-09-22,87.4675
1974-09-23,89.990555
1974-09-24,83.872
1974-09-25,93.46909
1974-09-26,91.222664
1974-09-27,76.631
1974-09-28,77.481995
1974-09-29,82.3955
1974-09-30,94.14429
1974-10-01,90.28611
1974-10-02,92.90211
1974-10-03,82.3695
1974-10-04,87.239
1974-10-05,93.925995
1974-10-06,92.40437
1974-10-07,89.721
1974-10-08,93.2475
1974-10-09,90.62842
1974-10-10,83.493
1974-10-11,88.1775
1974-10-12,88.16947
1974-10-13,93.975
1974-10-14,92.07714
1974-10-15,92.52154
1974-10-16,90.97616
1974-10-17,83.1525
1974-10-18,83.375496
1974-10-19,81.879
1974-10-20,88.3925
1974-10-21,92.986664
1974-10-22,82.7865
1974-10-23,90.70177
1974-10-24,86.224
1974-10-25,83.729996
1974-10-26,89.229996
1974-10-27,82.1945
1974-10-28,90.978424
1974-10-29,90.51947
1974-10-30,90.26
1974-10-31,90.43167
1974-11-01,78.513
1974-11-02,72.146996
1974-11-03,77.8985
1974-11-04,84.904
1974-11-05,89.2855
1974-11-06,89.765
1974-11-07,87.162
1974-11-08,88.837776
1974-11-09,87.61737
1974-11-10,90.422
1974-11-11,90.850555
1974-11-12,90.83125
1974-11-13,88.5165
1974-11-14,82.1185
1974-11-15,84.155
1974-11-16,81.597
1974-11-17,85.513
1974-11-18,85.2875
1974-11-19,82.9005
1974-11-20,84.4595
1974-11-21,91.741875
1974-11-22,93.19889
1974-11-23,93.3925
1974-11-24,90.946
1974-11-25,89.333336
1974-11-26,86.68
1974-11-27,90.28286
1974-11-28,90.35923
1974-11-29,86.7005
1974-11-30,85.99158
1974-12-01,86.569
1974-12-02,91.88267
1974-12-03,90.63611
1974-12-04,92.585335
1974-12-05,92.51312
1974-12-06,86.577
1974-12-07,92.0225
1974-12-08,88.92895
1974-12-09,92.66917
1974-12-10,93.0
1974-12-11,93.0475
1974-12-12,91.19
1974-12-13,91.41
1974-12-14,85.7745
1974-12-15,85.273
1974-12-16,88.8395
1974-12-17,88.529
1974-12-18,90.72222
1974-12-19,86.26158
1974-12-20,86.691
1974-12-21,82.70895
1974-12-22,89.433685
1974-12-23,92.83417
1974-12-24,91.5075
1974-12-25,93.56375
1974-12-26,92.69643
1974-12-27,88.197365
1974-12-28,86.041
1974-12-29,80.0995
1974-12-30,75.675995
1974-12-31,84.014496
1975-01-01,86.125786
1975-01-02,89.73947
1975-01-03,90.713684
1975-01-04,92.531
1975-01-05,87.474
1975-01-06,78.2805
1975-01-07,81.306
1975-01-08,89.55235
1975-01-09,78.6035
1975-01-10,82.433
1975-01-11,84.598
1975-01-12,85.17105
1975-01-13,90.378
1975-01-14,89.079285
1975-01-15,87.958336
1975-01-16,82.51
1975-01-17,84.853
1975-01-18,83.689
1975-01-19,80.031
1975-01-20,86.70368
1975-01-21,92.99
1975-01-22,92.14
1975-01-23,92.11125
1975-01-24,89.067894
1975-01-25,88.155
1975-01-26,80.2295
1975-01-27,80.764496
1975-01-28,91.23067
1975-01-29,89.17158
1975-01-30,84.915
1975-01-31,87.816315
1975-02-01,88.72882
1975-02-02,90.879166
1975-02-03,89.54389
1975-02-04,84.3695
1975-02-05,84.876
1975-02-06,87.46895
1975-02-07,77.8315
1975-02-08,72.9395
1975-02-09,78.877
1975-02-10,77.9195
1975-02-11,78.7165
1975-02-12,83.0035
1975-02-13,78.2415
1975-02-14,83.5275
1975-02-15,83.1195
1975-02-16,76.971
1975-02-17,73.184
1975-02-18,70.028496
1975-02-19,75.726
1975-02-20,84.7495
1975-02-21,85.472496
1975-02-22,76.932
1975-02-23,74.9475
1975-02-24,77.363
1975-02-25,73.591
1975-02-26,65.073
1975-02-27,62.4515
1975-02-28,62.368
1975-03-01,58.128
1975-03-02,66.89
1975-03-03,69.76
1975-03-04,71.6275
1975-03-05,69.2105
1975-03-06,69.9505
1975-03-07,76.655
1975-03-08,67.0625
1975-03-09,65.3255
1975-03-10,69.9195
1975-03-11,75.4775
1975-03-12,78.1185
1975-03-13,70.103
1975-03-14,88.25842
1975-03-15,85.926
1975-03-16,82.2555
1975-03-17,88.315
1975-03-18,86.50895
1975-03-19,77.0595
1975-03-20,79.0135
1975-03-21,65.086
1975-03-22,74.4185
1975-03-23,90.494995
1975-03-24,86.547
1975-03-25,76.5765
1975-03-26,60.565
1975-03-27,64.4765
1975-03-28,69.5235
1975-03-29,84.3375
1975-03-30,81.7115
1975-03-31,85.55167
1975-04-01,89.920525
1975-04-02,88.353
1975-04-03,86.091
1975-04-04,66.8165
1975-04-05,60.6875
1975-04-06,56.878498
1975-04-07,65.889496
1975-04-08,85.851
1975-04-09,70.813995
1975-04-10,90.69631
1975-04-11,74.5535
1975-04-12,78.378494
1975-04-13,76.265
1975-04-14,78.616
1975-04-15,72.52
1975-04-16,84.7215
1975-04-17,73.723495
1975-04-18,74.2955
1975-04-19,70.1485
1975-04-20,64.857
1975-04-21,66.6605
1975-04-22,71.7535
1975-04-23,79.177
1975-04-24,73.65
1975-04-25,62.5555
1975-04-26,74.735
1975-04-27,67.6845
1975-04-28,63.654
1975-04-29,64.1835
1975-04-30,60.017
1975-05-01,64.1
1975-05-02,69.77
1975-05-03,74.230995
1975-05-04,75.577
1975-05-05,77.002
1975-05-06,73.862495
1975-05-07,70.769
1975-05-08,82.532
1975-05-09,76.1925
1975-05-10,74.1835
1975-05-11,67.086
1975-05-12,65.547
1975-05-13,71.618
1975-05-14,79.473
1975-05-15,81.1795
1975-05-16,75.784
1975-05-17,71.715996
1975-05-18,71.249
1975-05-19,72.278
1975-05-20,74.489
1975-05-21,76.088
1975-05-22,77.6485
1975-05-23,83.949
1975-05-24,86.8805
1975-05-25,88.35105
1975-05-26,86.75
1975-05-27,92.877
1975-05-28,85.201
1975-05-29,74.9965
1975-05-30,75.709
1975-05-31,73.0295
1975-06-01,80.4955
1975-06-02,90.00611
1975-06-03,80.103
1975-06-04,70.434
1975-06-05,67.4885
1975-06-06,63.3715
1975-06-07,73.9275
1975-06-08,92.3625
1975-06-09,82.9015
1975-06-10,81.868
1975-06-11,81.627
1975-06-12,79.365
1975-06-13,79.4205
1975-06-14,76.256
1975-06-15,68.5615
1975-06-16,74.5135
1975-06-17,85.214
1975-06-18,85.594
1975-06-19,84.139496
1975-06-20,90.89158
1975-06-21,89.21421
1975-06-22,80.9475
1975-06-23,82.748
1975-06-24,81.011
1975-06-25,85.6475
1975-06-26,74.581
1975-06-27,70.1795
1975-06-28,77.2295
1975-06-29,80.244995
1975-06-30,88.097
1975-07-01,91.86445
1975-07-02,91.29
1975-07-03,74.4125
1975-07-04,74.7605
1975-07-05,87.0755
1975-07-06,87.084
1975-07-07,78.4465
1975-07-08,76.915
1975-07-09,71.6635
1975-07-10,76.305
1975-07-11,82.44
1975-07-12,88.8985
1975-07-13,84.4555
1975-07-14,78.854
1975-07-15,79.877
1975-07-16,76.6095
1975-07-17,75.502
1975-07-18,76.844
1975-07-19,80.28
1975-07-20,73.7455
1975-07-21,76.2875
1975-07-22,76.991
1975-07-23,74.750496
1975-07-24,72.978
1975-07-25,85.8415
1975-07-26,73.1885
1975-07-27,70.1925
1975-07-28,72.982
1975-07-29,75.177
1975-07-30,76.0125
1975-07-31,77.576996
1975-08-01,77.432
1975-08-02,79.8715
1975-08-03,78.751
1975-08-04,84.3565
1975-08-05,82.8575
1975-08-06,82.644
1975-08-07,87.031
1975-08-08,85.0385
1975-08-09,83.171
1975-08-10,79.4135
1975-08-11,79.9965
1975-08-12,82.8745
1975-08-13,90.08421
1975-08-14,77.6565
1975-08-15,80.531
1975-08-16,81.9385
1975-08-17,79.999
1975-08-18,84.3365
1975-08-19,81.9915
1975-08-20,80.098
1975-08-21,75.928
1975-08-22,79.0105
1975-08-23,78.941
1975-08-24,84.0645
1975-08-25,91.354
1975-08-26,87.72706
1975-08-27,91.100586
1975-08-28,91.28889
1975-08-29,93.222855
1975-08-30,89.94611
1975-08-31,88.05474
1975-09-01,84.87
1975-09-02,86.718
1975-09-03,85.2305
1975-09-04,81.9955
1975-09-05,85.4645
1975-09-06,84.225
1975-09-07,88.7595
1975-09-08,84.123
1975-09-09,78.2045
1975-09-10,77.7065
1975-09-11,75.1505
1975-09-12,88.165
1975-09-13,83.7405
1975-09-14,81.64
1975-09-15,77.947495
1975-09-16,82.525
1975-09-17,84.0995
1975-09-18,78.106
1975-09-19,69.128
1975-09-20,74.1775
1975-09-21,77.3315
1975-09-22,81.7665
1975-09-23,84.294
1975-09-24,80.384
1975-09-25,77.653496
1975-09-26,70.728
1975-09-27,80.158
1975-09-28,78.826996
1975-09-29,81.518
1975-09-30,82.813995
1975-10-01,80.5225
1975-10-02,83.516
1975-10-03,83.683
1975-10-04,79.645
1975-10-05,72.9695
1975-10-06,83.4215
1975-10-07,83.065
1975-10-08,72.729
1975-10-09,79.781
1975-10-10,84.785995
1975-10-11,85.109
1975-10-12,88.38737
1975-10-13,89.962
1975-10-14,92.89429
1975-10-15,88.838425
1975-10-16,89.023
1975-10-17,91.062775
1975-10-18,92.26466
1975-10-19,92.639
1975-10-20,92.5
1975-10-21,92.37647
1975-10-22,89.58235
1975-10-23,91.431335
1975-10-24,87.84789
1975-10-25,83.712
1975-10-26,83.66944
1975-10-27,80.87947
1975-10-28,81.289474
1975-10-29,86.94211
1975-10-30,93.35
1975-10-31,91.20273
1975-11-01,91.46333
1975-11-02,89.17368
1975-11-03,92.12125
1975-11-04,93.49143
1975-11-05,89.8535
1975-11-06,84.70167
1975-11-07,89.0515
1975-11-08,81.046
1975-11-09,84.201
1975-11-10,91.03333
1975-11-11,91.95857
1975-11-12,92.36077
1975-11-13,88.585556
1975-11-14,90.12666
1975-11-15,90.79692
1975-11-16,92.711815
1975-11-17,91.46177
1975-11-18,87.80722
1975-11-19,86.0035
1975-11-20,87.25722
1975-11-21,76.8715
1975-11-22,75.9795
1975-11-23,82.1285
1975-11-24,74.8135
1975-11-25,77.2285
1975-11-26,81.361496
1975-11-27,81.7675
1975-11-28,86.76368
1975-11-29,87.227776
1975-11-30,90.25823
1975-12-01,87.84556
1975-12-02,89.137
1975-12-03,92.19333
1975-12-04,91.601425
1975-12-05,86.215
1975-12-06,87.50278
1975-12-07,79.7955
1975-12-08,81.583
1975-12-09,80.666
1975-12-10,90.044
1975-12-11,89.51647
1975-12-12,91.11278
1975-12-13,93.6725
1975-12-14,90.32667
1975-12-15,88.994705
1975-12-16,91.05857
1975-12-17,90.721664
1975-12-18,85.062996
1975-12-19,74.4305
1975-12-20,78.034
1975-12-21,86.381996
1975-12-22,82.202
1975-12-23,85.445
1975-12-24,90.020004
1975-12-25,89.41062
1975-12-26,86.8235
1975-12-27,89.395996
1975-12-28,88.348236
1975-12-29,90.81125
1975-12-30,94.475
1975-12-31,
1976-01-01,
1976-01-02,85.982
1976-01-03,85.1865
1976-01-04,71.067
1976-01-05,73.861
1976-01-06,76.2765
1976-01-07,83.814
1976-01-08,87.24
1976-01-09,88.54235
1976-01-10,90.545296
1976-01-11,84.2125
1976-01-12,82.1415
1976-01-13,81.353
1976-01-14,83.6965
1976-01-15,80.887
1976-01-16,75.02
1976-01-17,86.736496
1976-01-18,83.938
1976-01-19,86.75
1976-01-20,79.7205
1976-01-21,84.715996
1976-01-22,79.6245
1976-01-23,75.1465
1976-01-24,91.76556
1976-01-25,88.74737
1976-01-26,89.81722
1976-01-27,90.073685
1976-01-28,87.7995
1976-01-29,84.4155
1976-01-30,86.38526
1976-01-31,91.63389
1976-02-01,90.051056
1976-02-02,89.39833
1976-02-03,86.67105
1976-02-04,91.56687
1976-02-05,92.58572
1976-02-06,89.121
1976-02-07,80.9
1976-02-08,77.867
1976-02-09,74.5895
1976-02-10,88.2305
1976-02-11,89.68471
1976-02-12,92.3075
1976-02-13,90.59105
1976-02-14,87.635
1976-02-15,90.64684
1976-02-16,89.34177
1976-02-17,87.8575
1976-02-18,83.4985
1976-02-19,84.33
1976-02-20,87.80111
1976-02-21,85.913155
1976-02-22,85.29842
1976-02-23,86.7075
1976-02-24,87.515
1976-02-25,83.661
1976-02-26,82.585
1976-02-27,80.735
1976-02-28,78.729996
1976-02-29,82.469475
1976-03-01,67.807
1976-03-02,60.727997
1976-03-03,64.9525
1976-03-04,64.735
1976-03-05,70.421
1976-03-06,74.144
1976-03-07,88.5479
1976-03-08,87.383
1976-03-09,91.608826
1976-03-10,84.7695
1976-03-11,82.7475
1976-03-12,75.603
1976-03-13,81.422
1976-03-14,83.605995
1976-03-15,85.1115
1976-03-16,88.880005
1976-03-17,86.29
1976-03-18,86.0385
1976-03-19,74.3705
1976-03-20,68.295
1976-03-21,62.542
1976-03-22,63.0745
1976-03-23,85.1575
1976-03-24,92.67384
1976-03-25,74.6575
1976-03-26,73.9125
1976-03-27,72.0095
1976-03-28,63.2795
1976-03-29,65.048996
1976-03-30,61.7185
1976-03-31,62.4795
1976-04-01,60.729
1976-04-02,55.1745
1976-04-03,53.999
1976-04-04,57.659
1976-04-05,57.859
1976-04-06,55.965
1976-04-07,78.6485
1976-04-08,81.792496
1976-04-09,77.051994
1976-04-10,60.8095
1976-04-11,61.0565
1976-04-12,68.584496
1976-04-13,71.724
1976-04-14,67.986
1976-04-15,72.2195
1976-04-16,82.979996
1976-04-17,73.6745
1976-04-18,70.5215
1976-04-19,67.642494
1976-04-20,62.28
1976-04-21,55.6735
1976-04-22,75.264
1976-04-23,86.77579
1976-04-24,86.36056
1976-04-25,80.072
1976-04-26,90.884285
1976-04-27,81.7985
1976-04-28,91.20842
1976-04-29,82.591995
1976-04-30,70.774
1976-05-01,68.6775
1976-05-02,82.666
1976-05-03,87.73631
1976-05-04,79.6705
1976-05-05,68.819496
1976-05-06,64.329
1976-05-07,61.3685
1976-05-08,58.2335
1976-05-09,58.369
1976-05-10,60.694
1976-05-11,67.087
1976-05-12,64.6215
1976-05-13,67.029
1976-05-14,82.072
1976-05-15,68.5905
1976-05-16,58.900497
1976-05-17,59.457
1976-05-18,63.52
1976-05-19,64.9425
1976-05-20,63.8755
1976-05-21,76.241
1976-05-22,72.965996
1976-05-23,84.217
1976-05-24,89.803
1976-05-25,74.921
1976-05-26,66.6325
1976-05-27,82.715004
1976-05-28,79.534996
1976-05-29,70.598
1976-05-30,68.144
1976-05-31,87.2685
1976-06-01,74.714
1976-06-02,81.0645
1976-06-03,85.5115
1976-06-04,77.7735
1976-06-05,79.7
1976-06-06,80.0865
1976-06-07,87.8615
1976-06-08,76.9825
1976-06-09,70.279
1976-06-10,58.8915
1976-06-11,65.1315
1976-06-12,65.977
1976-06-13,74.0525
1976-06-14,74.621
1976-06-15,64.885
1976-06-16,78.8
1976-06-17,78.8005
1976-06-18,62.942997
1976-06-19,62.906498
1976-06-20,62.9475
1976-06-21,65.931
1976-06-22,70.267
1976-06-23,68.1755
1976-06-24,62.768997
1976-06-25,63.024998
1976-06-26,73.5815
1976-06-27,73.7825
1976-06-28,69.284
1976-06-29,64.933
1976-06-30,60.444
1976-07-01,49.9545
1976-07-02,50.6275
1976-07-03,49.719997
1976-07-04,51.709
1976-07-05,55.718
1976-07-06,53.0315
1976-07-07,55.8985
1976-07-08,61.795
1976-07-09,62.948997
1976-07-10,61.8345
1976-07-11,55.1555
1976-07-12,62.226498
1976-07-13,59.351498
1976-07-14,70.916
1976-07-15,66.3745
1976-07-16,62.173
1976-07-17,55.4255
1976-07-18,51.664997
1976-07-19,47.378998
1976-07-20,54.294
1976-07-21,68.9425
1976-07-22,78.631
1976-07-23,84.1215
1976-07-24,80.715996
1976-07-25,77.0785
1976-07-26,74.3465
1976-07-27,78.743
1976-07-28,73.2515
1976-07-29,57.1835
1976-07-30,56.1435
1976-07-31,64.155
1976-08-01,82.675
1976-08-02,64.639
1976-08-03,64.6095
1976-08-04,73.586
1976-08-05,72.666
1976-08-06,64.375496
1976-08-07,68.1245
1976-08-08,68.7575
1976-08-09,67.117
1976-08-10,68.213
1976-08-11,81.209
1976-08-12,78.243
1976-08-13,76.714
1976-08-14,77.772995
1976-08-15,75.513
1976-08-16,82.1145
1976-08-17,81.020996
1976-08-18,72.5525
1976-08-19,72.266
1976-08-20,75.1325
1976-08-21,84.0455
1976-08-22,85.928
1976-08-23,76.3885
1976-08-24,75.518
1976-08-25,74.0855
1976-08-26,73.333
1976-08-27,71.042
1976-08-28,71.4805
1976-08-29,67.056496
1976-08-30,80.4965
1976-08-31,80.0255
1976-09-01,84.218
1976-09-02,83.89
1976-09-03,79.71
1976-09-04,91.697334
1976-09-05,85.04
1976-09-06,71.7445
1976-09-07,78.4925
1976-09-08,76.451996
1976-09-09,72.3695
1976-09-10,73.753
1976-09-11,80.628494
1976-09-12,78.363
1976-09-13,74.171
1976-09-14,73.0865
1976-09-15,91.640526
1976-09-16,87.977
1976-09-17,80.149
1976-09-18,90.088
1976-09-19,81.0965
1976-09-20,87.952
1976-09-21,89.313156
1976-09-22,90.39316
1976-09-23,87.513504
1976-09-24,83.948
1976-09-25,79.754
1976-09-26,85.8185
1976-09-27,82.786
1976-09-28,79.972
1976-09-29,73.3525
1976-09-30,88.7725
1976-10-01,88.323
1976-10-02,81.9905
1976-10-03,77.4975
1976-10-04,84.819496
1976-10-05,83.3885
1976-10-06,87.098
1976-10-07,80.925995
1976-10-08,81.637
1976-10-09,82.396996
1976-10-10,82.922
1976-10-11,82.188995
1976-10-12,74.581
1976-10-13,70.2605
1976-10-14,83.931496
1976-10-15,86.253
1976-10-16,91.95941
1976-10-17,90.111
1976-10-18,87.186
1976-10-19,79.423996
1976-10-20,82.366
1976-10-21,84.832634
1976-10-22,82.473495
1976-10-23,81.777
1976-10-24,84.9695
1976-10-25,83.677
1976-10-26,83.4245
1976-10-27,87.9805
1976-10-28,89.62789
1976-10-29,83.6845
1976-10-30,88.78611
1976-10-31,73.715
1976-11-01,90.164116
1976-11-02,91.954666
1976-11-03,87.12368
1976-11-04,84.46842
1976-11-05,79.9375
1976-11-06,84.883
1976-11-07,82.5965
1976-11-08,78.518
1976-11-09,79.4435
1976-11-10,78.8605
1976-11-11,83.542
1976-11-12,91.18737
1976-11-13,91.22667
1976-11-14,91.62666
1976-11-15,90.89571
1976-11-16,84.098495
1976-11-17,87.4455
1976-11-18,83.2535
1976-11-19,87.237366
1976-11-20,91.01833
1976-11-21,89.95375
1976-11-22,90.52
1976-11-23,78.388504
1976-11-24,76.0365
1976-11-25,77.32
1976-11-26,85.41
1976-11-27,89.51945
1976-11-28,87.73278
1976-11-29,89.992
1976-11-30,89.17111
1976-12-01,83.2045
1976-12-02,82.862495
1976-12-03,87.395004
1976-12-04,93.06077
1976-12-05,90.67313
1976-12-06,91.86583
1976-12-07,89.07895
1976-12-08,87.5655
1976-12-09,82.5455
1976-12-10,92.524666
1976-12-11,81.3135
1976-12-12,83.2725
1976-12-13,89.5575
1976-12-14,87.06389
1976-12-15,90.72667
1976-12-16,92.89636
1976-12-17,92.057
1976-12-18,92.69923
1976-12-19,91.75083
1976-12-20,87.845
1976-12-21,92.498
1976-12-22,91.96909
1976-12-23,90.49214
1976-12-24,87.646996
1976-12-25,79.085495
1976-12-26,73.288
1976-12-27,65.0045
1976-12-28,68.111496
1976-12-29,85.835495
1976-12-30,85.407
1976-12-31,84.66684
1977-01-01,83.978
1977-01-02,81.251495
1977-01-03,89.187
1977-01-04,83.979
1977-01-05,72.6545
1977-01-06,80.4105
1977-01-07,89.53222
1977-01-08,83.1245
1977-01-09,79.2995
1977-01-10,80.3435
1977-01-11,79.5575
1977-01-12,80.953995
1977-01-13,90.59118
1977-01-14,82.7915
1977-01-15,91.25421
1977-01-16,91.89533
1977-01-17,89.6985
1977-01-18,86.212
1977-01-19,90.4505
1977-01-20,90.36467
1977-01-21,93.975
1977-01-22,91.543335
1977-01-23,88.34177
1977-01-24,92.504
1977-01-25,92.14111
1977-01-26,86.323
1977-01-27,90.56533
1977-01-28,86.5915
1977-01-29,87.0605
1977-01-30,71.211
1977-01-31,86.736
1977-02-01,89.83059
1977-02-02,88.84
1977-02-03,87.366844
1977-02-04,88.38052
1977-02-05,86.099
1977-02-06,92.065
1977-02-07,88.891
1977-02-08,79.566
1977-02-09,86.935
1977-02-10,83.176
1977-02-11,80.533
1977-02-12,84.0265
1977-02-13,78.899
1977-02-14,91.40363
1977-02-15,87.556
1977-02-16,84.755
1977-02-17,87.5525
1977-02-18,78.6485
1977-02-19,77.6475
1977-02-20,69.399
1977-02-21,74.7475
1977-02-22,87.606
1977-02-23,67.666
1977-02-24,73.382996
1977-02-25,71.153496
1977-02-26,74.3115
1977-02-27,80.754
1977-02-28,65.147
1977-03-01,68.615
1977-03-02,66.083496
1977-03-03,83.256
1977-03-04,81.697
1977-03-05,59.399998
1977-03-06,64.254
1977-03-07,74.236
1977-03-08,67.3055
1977-03-09,68.3095
1977-03-10,74.807495
1977-03-11,64.7435
1977-03-12,78.9015
1977-03-13,87.86842
1977-03-14,74.862
1977-03-15,68.391
1977-03-16,69.5175
1977-03-17,67.1525
1977-03-18,64.817
1977-03-19,62.8535
1977-03-20,74.9095
1977-03-21,74.473
1977-03-22,70.153496
1977-03-23,56.714
1977-03-24,56.277
1977-03-25,63.3755
1977-03-26,70.019
1977-03-27,61.615498
1977-03-28,65.33
1977-03-29,83.8125
1977-03-30,92.62929
1977-03-31,83.4965
1977-04-01,85.189
1977-04-02,89.103
1977-04-03,92.04579
1977-04-04,75.403
1977-04-05,84.861
1977-04-06,69.7895
1977-04-07,69.597496
1977-04-08,76.64
1977-04-09,87.90737
1977-04-10,76.1835
1977-04-11,69.2745
1977-04-12,68.896996
1977-04-13,77.778
1977-04-14,72.6835
1977-04-15,79.208
1977-04-16,67.873
1977-04-17,58.373
1977-04-18,61.4755
1977-04-19,62.587498
1977-04-20,61.6135
1977-04-21,56.037
1977-04-22,54.073997
1977-04-23,60.767
1977-04-24,72.908
1977-04-25,63.213497
1977-04-26,68.0415
1977-04-27,62.247
1977-04-28,77.4635
1977-04-29,51.998497
1977-04-30,54.088997
1977-05-01,49.782497
1977-05-02,59.8145
1977-05-03,57.059
1977-05-04,48.3295
1977-05-05,66.113495
1977-05-06,83.4255
1977-05-07,79.3155
1977-05-08,75.910995
1977-05-09,76.2295
1977-05-10,76.5375
1977-05-11,67.913
1977-05-12,63.7925
1977-05-13,60.3965
1977-05-14,81.0
1977-05-15,83.056
1977-05-16,85.441
1977-05-17,75.2805
1977-05-18,75.1155
1977-05-19,69.61
1977-05-20,58.529
1977-05-21,59.072998
1977-05-22,67.243
1977-05-23,73.0225
1977-05-24,63.598
1977-05-25,54.6485
1977-05-26,53.066498
1977-05-27,63.7385
1977-05-28,62.137
1977-05-29,61.187
1977-05-30,58.6245
1977-05-31,69.894
1977-06-01,69.069
1977-06-02,52.115498
1977-06-03,58.719498
1977-06-04,60.8525
1977-06-05,63.7685
1977-06-06,62.8695
1977-06-07,64.8575
1977-06-08,58.5555
1977-06-09,58.2655
1977-06-10,57.5795
1977-06-11,56.691998
1977-06-12,62.9405
1977-06-13,65.5665
1977-06-14,60.0835
1977-06-15,61.069
1977-06-16,78.409996
1977-06-17,78.2215
1977-06-18,69.2805
1977-06-19,61.649998
1977-06-20,59.8845
1977-06-21,72.275
1977-06-22,79.289
1977-06-23,71.8095
1977-06-24,66.038
1977-06-25,68.871
1977-06-26,75.185
1977-06-27,79.5815
1977-06-28,62.0495
1977-06-29,62.684998
1977-06-30,82.347
1977-07-01,77.835495
1977-07-02,61.681
1977-07-03,60.666
1977-07-04,56.580498
1977-07-05,74.389
1977-07-06,70.3455
1977-07-07,65.121
1977-07-08,66.031
1977-07-09,64.4375
1977-07-10,70.352
1977-07-11,61.788998
1977-07-12,59.011
1977-07-13,61.073997
1977-07-14,65.533
1977-07-15,84.5575
1977-07-16,64.7845
1977-07-17,68.770996
1977-07-18,61.817997
1977-07-19,74.827995
1977-07-20,64.279
1977-07-21,74.097
1977-07-22,76.86
1977-07-23,70.287
1977-07-24,64.487495
1977-07-25,63.2875
1977-07-26,83.977
1977-07-27,76.452995
1977-07-28,73.6995
1977-07-29,70.4115
1977-07-30,71.7615
1977-07-31,61.8505
1977-08-01,75.1485
1977-08-02,75.903
1977-08-03,71.462
1977-08-04,64.2615
1977-08-05,70.701
1977-08-06,70.390495
1977-08-07,68.4375
1977-08-08,66.383995
1977-08-09,71.9895
1977-08-10,72.944
1977-08-11,75.5925
1977-08-12,76.345
1977-08-13,83.408
1977-08-14,77.062996
1977-08-15,68.7545
1977-08-16,72.112
1977-08-17,72.01
1977-08-18,68.264
1977-08-19,74.0525
1977-08-20,67.187996
1977-08-21,80.118996
1977-08-22,80.444
1977-08-23,72.347
1977-08-24,74.325
1977-08-25,70.4945
1977-08-26,72.677
1977-08-27,68.905
1977-08-28,74.294
1977-08-29,76.4795
1977-08-30,66.882996
1977-08-31,67.9665
1977-09-01,64.0215
1977-09-02,66.1105
1977-09-03,57.9595
1977-09-04,64.4065
1977-09-05,67.612
1977-09-06,69.8865
1977-09-07,68.214
1977-09-08,69.713
1977-09-09,78.554
1977-09-10,65.1345
1977-09-11,70.735
1977-09-12,70.392
1977-09-13,68.955
1977-09-14,63.744
1977-09-15,62.947
1977-09-16,66.8995
1977-09-17,82.413
1977-09-18,91.07778
1977-09-19,83.0245
1977-09-20,89.97188
1977-09-21,86.4405
1977-09-22,80.05
1977-09-23,79.53
1977-09-24,79.744995
1977-09-25,78.996
1977-09-26,76.488495
1977-09-27,75.368996
1977-09-28,70.0595
1977-09-29,63.056
1977-09-30,65.2395
1977-10-01,62.170498
1977-10-02,86.0905
1977-10-03,75.502495
1977-10-04,67.6085
1977-10-05,69.936
1977-10-06,68.1185
1977-10-07,67.5645
1977-10-08,68.492
1977-10-09,68.0365
1977-10-10,83.7295
1977-10-11,88.223335
1977-10-12,85.9655
1977-10-13,85.6825
1977-10-14,83.3715
1977-10-15,80.362495
1977-10-16,76.0075
1977-10-17,71.475
1977-10-18,73.071
1977-10-19,73.405
1977-10-20,80.737495
1977-10-21,84.1685
1977-10-22,77.821495
1977-10-23,79.9125
1977-10-24,83.556496
1977-10-25,82.586
1977-10-26,83.9245
1977-10-27,86.672
1977-10-28,88.814445
1977-10-29,88.418945
1977-10-30,89.694
1977-10-31,89.07667
1977-11-01,90.26666
1977-11-02,89.8445
1977-11-03,84.3055
1977-11-04,77.473495
1977-11-05,90.124115
1977-11-06,88.365295
1977-11-07,92.00643
1977-11-08,92.39923
1977-11-09,89.38611
1977-11-10,82.776
1977-11-11,81.7175
1977-11-12,79.8355
1977-11-13,83.496
1977-11-14,89.2285
1977-11-15,86.67
1977-11-16,90.96267
1977-11-17,79.9895
1977-11-18,85.522
1977-11-19,85.0805
1977-11-20,88.0475
1977-11-21,84.531
1977-11-22,87.3525
1977-11-23,91.02556
1977-11-24,84.832
1977-11-25,85.5475
1977-11-26,92.362854
1977-11-27,90.615555
1977-11-28,81.254
1977-11-29,84.1025
1977-11-30,89.395386
1977-12-01,88.6275
1977-12-02,86.40579
1977-12-03,78.8575
1977-12-04,76.484
1977-12-05,81.5055
1977-12-06,85.263
1977-12-07,89.79467
1977-12-08,91.23428
1977-12-09,90.63875
1977-12-10,89.865
1977-12-11,81.487
1977-12-12,73.5585
1977-12-13,79.158
1977-12-14,86.484
1977-12-15,89.899376
1977-12-16,89.293335
1977-12-17,88.1455
1977-12-18,87.07889
1977-12-19,89.935
1977-12-20,91.28636
1977-12-21,88.76722
1977-12-22,86.972
1977-12-23,90.276665
1977-12-24,87.3005
1977-12-25,84.8375
1977-12-26,77.066
1977-12-27,81.19
1977-12-28,88.8915
1977-12-29,90.845
1977-12-30,88.2021
1977-12-31,68.6435
1978-01-01,75.659996
1978-01-02,75.4165
1978-01-03,77.927
1978-01-04,79.7
1978-01-05,67.713
1978-01-06,61.7425
1978-01-07,86.45
1978-01-08,83.7555
1978-01-09,86.74
1978-01-10,88.433
1978-01-11,89.45722
1978-01-12,79.187996
1978-01-13,86.602
1978-01-14,92.13909
1978-01-15,90.05333
1978-01-16,85.2795
1978-01-17,84.892
1978-01-18,84.328
1978-01-19,86.2955
1978-01-20,85.142
1978-01-21,82.616
1978-01-22,85.9495
1978-01-23,86.392
1978-01-24,83.9185
1978-01-25,80.443
1978-01-26,79.2255
1978-01-27,84.613
1978-01-28,81.041
1978-01-29,74.2955
1978-01-30,88.89579
1978-01-31,79.617
1978-02-01,87.79474
1978-02-02,86.9265
1978-02-03,89.11154
1978-02-04,86.6845
1978-02-05,85.850555
1978-02-06,87.809
1978-02-07,84.946
1978-02-08,87.80421
1978-02-09,86.741
1978-02-10,88.8745
1978-02-11,87.696
1978-02-12,88.79611
1978-02-13,92.21
1978-02-14,81.6215
1978-02-15,64.0655
1978-02-16,74.816
1978-02-17,87.1705
1978-02-18,81.837
1978-02-19,86.768
1978-02-20,75.472
1978-02-21,74.614
1978-02-22,74.4575
1978-02-23,80.637
1978-02-24,82.465
1978-02-25,80.669
1978-02-26,87.955
1978-02-27,89.69667
1978-02-28,82.443
1978-03-01,86.13158
1978-03-02,81.2275
1978-03-03,79.185
1978-03-04,79.1445
1978-03-05,82.465
1978-03-06,82.81158
1978-03-07,84.47
1978-03-08,71.944496
1978-03-09,74.746
1978-03-10,70.95
1978-03-11,70.772995
1978-03-12,63.0775
1978-03-13,74.1655
1978-03-14,67.6855
1978-03-15,78.401
1978-03-16,66.7655
1978-03-17,75.5735
1978-03-18,87.2155
1978-03-19,65.9155
1978-03-20,69.557
1978-03-21,77.1485
1978-03-22,67.7765
1978-03-23,68.451996
1978-03-24,89.70944
1978-03-25,79.1375
1978-03-26,72.1095
1978-03-27,65.65
1978-03-28,66.1925
1978-03-29,63.941
1978-03-30,57.767498
1978-03-31,55.25
1978-04-01,62.064
1978-04-02,71.729004
1978-04-03,71.6735
1978-04-04,70.9405
1978-04-05,78.3405
1978-04-06,60.074497
1978-04-07,55.163498
1978-04-08,75.742
1978-04-09,65.752
1978-04-10,72.972
1978-04-11,63.578
1978-04-12,68.988495
1978-04-13,84.0615
1978-04-14,83.062
1978-04-15,78.389496
1978-04-16,83.5135
1978-04-17,83.3505
1978-04-18,69.8845
1978-04-19,72.9785
1978-04-20,83.2045
1978-04-21,75.99
1978-04-22,69.5515
1978-04-23,71.8715
1978-04-24,71.401
1978-04-25,73.484
1978-04-26,78.025
1978-04-27,80.269
1978-04-28,74.8085
1978-04-29,70.205
1978-04-30,66.039
1978-05-01,71.2825
1978-05-02,90.39056
1978-05-03,72.462
1978-05-04,72.2405
1978-05-05,68.4275
1978-05-06,76.79948
1978-05-07,85.275
1978-05-08,75.5355
1978-05-09,75.210495
1978-05-10,68.678
1978-05-11,64.086
1978-05-12,62.4315
1978-05-13,78.9235
1978-05-14,88.5125
1978-05-15,74.478
1978-05-16,72.8725
1978-05-17,72.969
1978-05-18,78.8645
1978-05-19,72.296
1978-05-20,78.383995
1978-05-21,80.101
1978-05-22,84.6005
1978-05-23,75.0185
1978-05-24,78.534996
1978-05-25,75.762
1978-05-26,71.9115
1978-05-27,75.044495
1978-05-28,78.2715
1978-05-29,76.440994
1978-05-30,78.389
1978-05-31,72.871
1978-06-01,62.954998
1978-06-02,57.6665
1978-06-03,56.885
1978-06-04,63.2935
1978-06-05,69.965
1978-06-06,77.833
1978-06-07,65.771996
1978-06-08,67.04
1978-06-09,64.3235
1978-06-10,63.042
1978-06-11,84.8585
1978-06-12,81.764496
1978-06-13,84.73
1978-06-14,81.75
1978-06-15,76.3805
1978-06-16,72.821
1978-06-17,78.2805
1978-06-18,65.592995
1978-06-19,69.931
1978-06-20,61.2565
1978-06-21,72.049995
1978-06-22,64.942
1978-06-23,64.307
1978-06-24,64.3555
1978-06-25,73.31
1978-06-26,63.081
1978-06-27,71.11
1978-06-28,84.3815
1978-06-29,61.3035
1978-06-30,63.866
1978-07-01,64.573
1978-07-02,82.0345
1978-07-03,69.2605
1978-07-04,61.2355
1978-07-05,73.844
1978-07-06,72.224
1978-07-07,81.9645
1978-07-08,73.489
1978-07-09,70.8585
1978-07-10,82.3295
1978-07-11,76.026
1978-07-12,71.5085
1978-07-13,70.974495
1978-07-14,71.139
1978-07-15,80.916
1978-07-16,63.425
1978-07-17,70.3265
1978-07-18,71.3735
1978-07-19,81.395004
1978-07-20,65.8095
1978-07-21,79.337
1978-07-22,68.407
1978-07-23,63.814
1978-07-24,68.443
1978-07-25,66.575
1978-07-26,67.854
1978-07-27,63.9265
1978-07-28,64.505
1978-07-29,66.69
1978-07-30,76.4665
1978-07-31,67.0995
1978-08-01,62.349
1978-08-02,65.0615
1978-08-03,71.5855
1978-08-04,77.76
1978-08-05,70.236
1978-08-06,68.373
1978-08-07,60.102497
1978-08-08,49.802498
1978-08-09,61.065
1978-08-10,74.1725
1978-08-11,73.048
1978-08-12,69.094
1978-08-13,69.5945
1978-08-14,69.748
1978-08-15,68.1325
1978-08-16,63.2
1978-08-17,59.299
1978-08-18,72.975
1978-08-19,66.08
1978-08-20,64.837
1978-08-21,70.737495
1978-08-22,68.7305
1978-08-23,64.5475
1978-08-24,71.557495
1978-08-25,69.9195
1978-08-26,77.768
1978-08-27,66.84
1978-08-28,71.1605
1978-08-29,65.8465
1978-08-30,75.3085
1978-08-31,78.979
1978-09-01,72.7665
1978-09-02,73.358
1978-09-03,72.921
1978-09-04,69.984
1978-09-05,74.636
1978-09-06,79.947
1978-09-07,83.7025
1978-09-08,68.3675
1978-09-09,70.9945
1978-09-10,77.661995
1978-09-11,62.477997
1978-09-12,80.852
1978-09-13,65.9195
1978-09-14,68.6015
1978-09-15,75.2025
1978-09-16,66.237495
1978-09-17,69.9765
1978-09-18,71.279
1978-09-19,80.803
1978-09-20,69.679
1978-09-21,66.3795
1978-09-22,74.308
1978-09-23,83.764
1978-09-24,79.8585
1978-09-25,72.7525
1978-09-26,73.33
1978-09-27,82.3785
1978-09-28,87.3705
1978-09-29,74.2835
1978-09-30,80.2375
1978-10-01,85.562
1978-10-02,88.24105
1978-10-03,80.693
1978-10-04,73.386
1978-10-05,73.266
1978-10-06,70.1105
1978-10-07,78.197
1978-10-08,76.219
1978-10-09,73.837
1978-10-10,75.722
1978-10-11,78.2215
1978-10-12,80.0685
1978-10-13,75.363
1978-10-14,81.5165
1978-10-15,77.94315
1978-10-16,82.7665
1978-10-17,84.134
1978-10-18,84.891
1978-10-19,86.4925
1978-10-20,86.768
1978-10-21,69.8855
1978-10-22,64.5535
1978-10-23,69.8525
1978-10-24,73.4685
1978-10-25,73.968
1978-10-26,75.211
1978-10-27,69.348495
1978-10-28,69.394
1978-10-29,72.886
1978-10-30,76.391
1978-10-31,78.8965
1978-11-01,81.587
1978-11-02,90.29667
1978-11-03,87.393
1978-11-04,83.377
1978-11-05,83.24
1978-11-06,80.2715
1978-11-07,79.945496
1978-11-08,86.347
1978-11-09,86.491
1978-11-10,89.011055
1978-11-11,85.422
1978-11-12,88.87882
1978-11-13,87.95895
1978-11-14,86.7545
1978-11-15,88.69316
1978-11-16,92.74928
1978-11-17,88.9285
1978-11-18,89.30444
1978-11-19,89.790665
1978-11-20,91.22
1978-11-21,92.095
1978-11-22,88.29
1978-11-23,91.37
1978-11-24,90.10786
1978-11-25,93.56625
1978-11-26,92.08
1978-11-27,91.83667
1978-11-28,86.744
1978-11-29,85.146996
1978-11-30,77.27
1978-12-01,77.1345
1978-12-02,87.18737
1978-12-03,89.91421
1978-12-04,88.94666
1978-12-05,72.1405
1978-12-06,79.932495
1978-12-07,77.765
1978-12-08,75.651
1978-12-09,91.23334
1978-12-10,89.524734
1978-12-11,88.217224
1978-12-12,88.4765
1978-12-13,87.99158
1978-12-14,89.123886
1978-12-15,83.1695
1978-12-16,81.487
1978-12-17,85.7435
1978-12-18,77.939995
1978-12-19,83.5335
1978-12-20,91.36667
1978-12-21,92.33375
1978-12-22,91.81062
1978-12-23,88.390526
1978-12-24,90.604996
1978-12-25,92.405
1978-12-26,90.54059
1978-12-27,90.44688
1978-12-28,88.72263
1978-12-29,77.805
1978-12-30,81.037
1978-12-31,83.9235
1979-01-01,78.313995
1979-01-02,63.7295
1979-01-03,57.682
1979-01-04,76.153
1979-01-05,73.066
1979-01-06,78.8845
1979-01-07,79.88
1979-01-08,79.49
1979-01-09,81.0815
1979-01-10,92.123634
1979-01-11,90.323685
1979-01-12,86.8665
1979-01-13,80.656845
1979-01-14,71.7585
1979-01-15,78.8945
1979-01-16,87.38737
1979-01-17,85.4655
1979-01-18,85.587
1979-01-19,85.057365
1979-01-20,83.252495
1979-01-21,88.334
1979-01-22,91.91706
1979-01-23,91.89693
1979-01-24,92.518
1979-01-25,89.3825
1979-01-26,88.1735
1979-01-27,89.88611
1979-01-28,77.8735
1979-01-29,90.39445
1979-01-30,82.166
1979-01-31,84.29421
1979-02-01,72.2195
1979-02-02,69.458496
1979-02-03,83.0215
1979-02-04,89.40833
1979-02-05,88.115
1979-02-06,79.092
1979-02-07,72.38
1979-02-08,79.838
1979-02-09,73.7305
1979-02-10,90.5925
1979-02-11,82.39526
1979-02-12,88.62526
1979-02-13,90.04895
1979-02-14,90.095
1979-02-15,87.95
1979-02-16,89.70294
1979-02-17,85.3235
1979-02-18,84.4505
1979-02-19,74.276
1979-02-20,67.7425
1979-02-21,68.343
1979-02-22,65.701
1979-02-23,69.0285
1979-02-24,70.1215
1979-02-25,77.5735
1979-02-26,80.3075
1979-02-27,72.9225
1979-02-28,82.8925
1979-03-01,68.3795
1979-03-02,79.153
1979-03-03,72.52
1979-03-04,66.989
1979-03-05,75.3545
1979-03-06,79.163
1979-03-07,72.515
1979-03-08,86.293686
1979-03-09,66.5545
1979-03-10,72.205
1979-03-11,65.381
1979-03-12,79.4055
1979-03-13,82.646996
1979-03-14,67.201
1979-03-15,64.458
1979-03-16,69.8765
1979-03-17,67.363
1979-03-18,64.4245
1979-03-19,68.536
1979-03-20,65.1
1979-03-21,70.336
1979-03-22,78.407
1979-03-23,70.9565
1979-03-24,65.057495
1979-03-25,68.011
1979-03-26,63.602
1979-03-27,84.466
1979-03-28,72.5495
1979-03-29,73.84
1979-03-30,72.7615
1979-03-31,69.2615
1979-04-01,71.9275
1979-04-02,67.153
1979-04-03,63.157997
1979-04-04,70.51
1979-04-05,76.389496
1979-04-06,80.608
1979-04-07,77.657
1979-04-08,75.622
1979-04-09,71.448
1979-04-10,72.198
1979-04-11,64.4005
1979-04-12,62.552
1979-04-13,60.3755
1979-04-14,61.026
1979-04-15,56.357
1979-04-16,62.1765
1979-04-17,69.823
1979-04-18,75.52
1979-04-19,54.707497
1979-04-20,55.335
1979-04-21,61.512997
1979-04-22,62.0155
1979-04-23,48.977997
1979-04-24,46.448498
1979-04-25,79.6505
1979-04-26,72.7155
1979-04-27,77.1635
1979-04-28,88.439
1979-04-29,72.0525
1979-04-30,65.4785
1979-05-01,71.4985
1979-05-02,62.085
1979-05-03,79.722
1979-05-04,62.561
1979-05-05,74.925995
1979-05-06,55.6835
1979-05-07,66.4465
1979-05-08,79.6765
1979-05-09,76.757996
1979-05-10,65.3695
1979-05-11,57.8045
1979-05-12,65.4165
1979-05-13,45.364
1979-05-14,48.934998
1979-05-15,53.792
1979-05-16,55.586
1979-05-17,58.1815
1979-05-18,49.6415
1979-05-19,45.5755
1979-05-20,49.4515
1979-05-21,51.899
1979-05-22,58.9395
1979-05-23,59.5355
1979-05-24,54.080997
1979-05-25,48.419
1979-05-26,54.871998
1979-05-27,50.357998
1979-05-28,55.2005
1979-05-29,53.146
1979-05-30,51.016
1979-05-31,60.665
1979-06-01,49.48
1979-06-02,48.2455
1979-06-03,55.447998
1979-06-04,56.6995
1979-06-05,51.2235
1979-06-06,49.0235
1979-06-07,52.0565
1979-06-08,62.11
1979-06-09,67.806496
1979-06-10,59.734
1979-06-11,60.123
1979-06-12,71.3315
1979-06-13,63.6315
1979-06-14,72.194
1979-06-15,73.0775
1979-06-16,65.8325
1979-06-17,75.9405
1979-06-18,83.58
1979-06-19,78.2805
1979-06-20,81.588
1979-06-21,87.423
1979-06-22,85.2785
1979-06-23,85.1055
1979-06-24,73.823
1979-06-25,65.304
1979-06-26,69.2205
1979-06-27,68.588
1979-06-28,68.7295
1979-06-29,71.9895
1979-06-30,62.309
1979-07-01,71.877
1979-07-02,85.805786
1979-07-03,92.3675
1979-07-04,78.779
1979-07-05,64.825
1979-07-06,64.148
1979-07-07,64.959
1979-07-08,81.9705
1979-07-09,67.065
1979-07-10,70.4545
1979-07-11,65.843
1979-07-12,74.0315
1979-07-13,74.184
1979-07-14,81.941
1979-07-15,73.013
1979-07-16,73.081
1979-07-17,80.9535
1979-07-18,70.6345
1979-07-19,64.157
1979-07-20,70.3375
1979-07-21,71.787
1979-07-22,78.395996
1979-07-23,65.0085
1979-07-24,63.4385
1979-07-25,63.312
1979-07-26,66.4115
1979-07-27,71.195496
1979-07-28,75.5665
1979-07-29,73.335
1979-07-30,63.336998
1979-07-31,67.128
1979-08-01,61.9945
1979-08-02,61.2995
1979-08-03,63.73
1979-08-04,74.912
1979-08-05,67.898994
1979-08-06,65.8565
1979-08-07,66.5125
1979-08-08,63.1605
1979-08-09,73.239494
1979-08-10,77.545
1979-08-11,78.141
1979-08-12,64.600494
1979-08-13,62.929
1979-08-14,70.843
1979-08-15,72.068
1979-08-16,67.4415
1979-08-17,69.913
1979-08-18,78.28
1979-08-19,85.0945
1979-08-20,76.583496
1979-08-21,75.6485
1979-08-22,75.151
1979-08-23,65.1445
1979-08-24,64.2945
1979-08-25,84.348
1979-08-26,74.344
1979-08-27,72.414
1979-08-28,72.0655
1979-08-29,67.8575
1979-08-30,72.7455
1979-08-31,72.9765
1979-09-01,71.824
1979-09-02,65.5635
1979-09-03,65.4245
1979-09-04,78.6525
1979-09-05,79.812
1979-09-06,78.559
1979-09-07,75.459496
1979-09-08,76.208
1979-09-09,75.437
1979-09-10,78.091995
1979-09-11,74.967
1979-09-12,72.3395
1979-09-13,73.785995
1979-09-14,71.7415
1979-09-15,74.246
1979-09-16,61.615997
1979-09-17,66.0235
1979-09-18,62.23
1979-09-19,66.006
1979-09-20,70.834
1979-09-21,63.2455
1979-09-22,72.7665
1979-09-23,82.5805
1979-09-24,80.041
1979-09-25,75.7875
1979-09-26,76.9375
1979-09-27,76.696
1979-09-28,82.946
1979-09-29,89.4475
1979-09-30,80.478
1979-10-01,75.4345
1979-10-02,65.412
1979-10-03,59.5355
1979-10-04,72.059
1979-10-05,74.957
1979-10-06,89.2
1979-10-07,77.401
1979-10-08,75.334496
1979-10-09,75.845
1979-10-10,80.307495
1979-10-11,73.491
1979-10-12,68.358
1979-10-13,78.437
1979-10-14,70.4235
1979-10-15,74.118996
1979-10-16,65.018
1979-10-17,68.9345
1979-10-18,72.381996
1979-10-19,75.385994
1979-10-20,72.485
1979-10-21,73.243
1979-10-22,71.8445
1979-10-23,77.8255
1979-10-24,70.985
1979-10-25,57.045
1979-10-26,65.266
1979-10-27,65.4295
1979-10-28,66.328
1979-10-29,90.46875
1979-10-30,92.08
1979-10-31,86.968
1979-11-01,86.1675
1979-11-02,85.4605
1979-11-03,88.39579
1979-11-04,81.3185
1979-11-05,88.85158
1979-11-06,83.4545
1979-11-07,82.249
1979-11-08,76.31
1979-11-09,75.281
1979-11-10,86.719475
1979-11-11,88.191055
1979-11-12,91.342224
1979-11-13,79.368
1979-11-14,85.8915
1979-11-15,85.263
1979-11-16,84.5025
1979-11-17,92.30454
1979-11-18,91.44071
1979-11-19,90.81167
1979-11-20,91.884
1979-11-21,87.33895
1979-11-22,88.1555
1979-11-23,83.056
1979-11-24,86.8679
1979-11-25,84.0465
1979-11-26,87.99222
1979-11-27,88.85944
1979-11-28,86.536
1979-11-29,90.45
1979-11-30,75.4145
1979-12-01,69.9285
1979-12-02,78.5775
1979-12-03,88.600555
1979-12-04,85.065
1979-12-05,88.998
1979-12-06,88.08948
1979-12-07,80.988
1979-12-08,76.8585
1979-12-09,82.1845
1979-12-10,78.9435
1979-12-11,78.5415
1979-12-12,73.472
1979-12-13,69.9625
1979-12-14,79.5775
1979-12-15,91.05
1979-12-16,83.509
1979-12-17,75.5375
1979-12-18,84.1635
1979-12-19,87.08842
1979-12-20,87.89555
1979-12-21,93.64667
1979-12-22,84.91071
1979-12-23,89.827644
1979-12-24,90.848335
1979-12-25,88.655556
1979-12-26,89.04647
1979-12-27,86.62211
1979-12-28,90.33722
1979-12-29,91.37308
1979-12-30,91.62375
1979-12-31,90.206924
1980-01-01,79.511
1980-01-02,78.2155
1980-01-03,79.3965
1980-01-04,71.196495
1980-01-05,85.7245
1980-01-06,90.59263
1980-01-07,90.81
1980-01-08,88.122635
1980-01-09,91.47263
1980-01-10,91.85167
1980-01-11,89.28737
1980-01-12,86.244
1980-01-13,86.3965
1980-01-14,90.21
1980-01-15,88.66052
1980-01-16,86.30474
1980-01-17,86.65474
1980-01-18,88.1455
1980-01-19,90.43412
1980-01-20,90.54562
1980-01-21,87.61056
1980-01-22,88.569496
1980-01-23,87.44444
1980-01-24,91.89083
1980-01-25,91.332726
1980-01-26,92.386246
1980-01-27,82.727
1980-01-28,69.201996
1980-01-29,78.811
1980-01-30,78.788
1980-01-31,75.194
1980-02-01,85.993996
1980-02-02,69.375
1980-02-03,86.077225
1980-02-04,86.34368
1980-02-05,85.5735
1980-02-06,83.985
1980-02-07,86.33053
1980-02-08,84.49
1980-02-09,90.00846
1980-02-10,92.195
1980-02-11,89.45687
1980-02-12,79.7055
1980-02-13,83.7695
1980-02-14,89.0645
1980-02-15,86.403336
1980-02-16,90.69278
1980-02-17,90.36539
1980-02-18,87.87842
1980-02-19,85.4965
1980-02-20,84.1315
1980-02-21,81.47737
1980-02-22,84.155
1980-02-23,87.683685
1980-02-24,79.6845
1980-02-25,82.3945
1980-02-26,82.3465
1980-02-27,87.403885
1980-02-28,82.9615
1980-02-29,86.6225
1980-03-01,80.643
1980-03-02,70.035995
1980-03-03,75.441
1980-03-04,72.089
1980-03-05,64.0195
1980-03-06,61.1485
1980-03-07,86.137
1980-03-08,90.9853
1980-03-09,89.79357
1980-03-10,79.302
1980-03-11,76.4665
1980-03-12,78.6465
1980-03-13,74.531
1980-03-14,73.0475
1980-03-15,76.3555
1980-03-16,80.6625
1980-03-17,77.414
1980-03-18,67.611
1980-03-19,70.008995
1980-03-20,81.7205
1980-03-21,87.655
1980-03-22,86.546
1980-03-23,88.125496
1980-03-24,90.44526
1980-03-25,84.81
1980-03-26,79.873
1980-03-27,75.431
1980-03-28,69.3215
1980-03-29,60.954
1980-03-30,66.414
1980-03-31,63.852
1980-04-01,66.4395
1980-04-02,68.5325
1980-04-03,72.4505
1980-04-04,86.92105
1980-04-05,83.555
1980-04-06,86.8185
1980-04-07,86.8305
1980-04-08,78.4145
1980-04-09,74.316
1980-04-10,72.081
1980-04-11,68.896996
1980-04-12,68.333
1980-04-13,60.9385
1980-04-14,55.786
1980-04-15,52.344997
1980-04-16,50.197
1980-04-17,55.5515
1980-04-18,67.4365
1980-04-19,77.222
1980-04-20,87.454735
1980-04-21,88.062225
1980-04-22,88.37889
1980-04-23,79.07
1980-04-24,81.555
1980-04-25,85.7935
1980-04-26,81.122
1980-04-27,81.38722
1980-04-28,76.599
1980-04-29,83.8975
1980-04-30,78.0955
1980-05-01,64.3215
1980-05-02,63.4755
1980-05-03,71.7415
1980-05-04,75.253
1980-05-05,84.704
1980-05-06,86.1075
1980-05-07,79.2115
1980-05-08,76.4645
1980-05-09,76.414
1980-05-10,90.192
1980-05-11,71.801
1980-05-12,57.643497
1980-05-13,52.61
1980-05-14,48.919
1980-05-15,69.0445
1980-05-16,79.594
1980-05-17,71.137
1980-05-18,74.944496
1980-05-19,82.57
1980-05-20,73.6525
1980-05-21,65.681
1980-05-22,79.0905
1980-05-23,71.034
1980-05-24,76.2495
1980-05-25,63.885498
1980-05-26,63.003998
1980-05-27,60.5205
1980-05-28,75.015
1980-05-29,71.7875
1980-05-30,73.2965
1980-05-31,86.368
1980-06-01,75.747
1980-06-02,50.8675
1980-06-03,50.9565
1980-06-04,63.6585
1980-06-05,71.2955
1980-06-06,78.0645
1980-06-07,77.657
1980-06-08,74.8725
1980-06-09,76.246
1980-06-10,71.762
1980-06-11,73.9545
1980-06-12,62.158
1980-06-13,60.5965
1980-06-14,59.4435
1980-06-15,60.4245
1980-06-16,58.7495
1980-06-17,63.5085
1980-06-18,76.032
1980-06-19,80.281
1980-06-20,67.838
1980-06-21,72.698
1980-06-22,70.109
1980-06-23,62.762497
1980-06-24,68.0815
1980-06-25,71.625
1980-06-26,79.167
1980-06-27,81.9055
1980-06-28,63.756
1980-06-29,68.257996
1980-06-30,74.973495
1980-07-01,67.4005
1980-07-02,80.0775
1980-07-03,70.0125
1980-07-04,71.3
1980-07-05,67.723
1980-07-06,66.4545
1980-07-07,74.709
1980-07-08,66.531
1980-07-09,60.145
1980-07-10,62.169
1980-07-11,78.5725
1980-07-12,71.6905
1980-07-13,64.800995
1980-07-14,68.5385
1980-07-15,62.7845
1980-07-16,67.1385
1980-07-17,71.3
1980-07-18,73.225
1980-07-19,69.778
1980-07-20,63.642498
1980-07-21,76.2295
1980-07-22,73.8595
1980-07-23,76.2155
1980-07-24,70.441
1980-07-25,66.9155
1980-07-26,70.1565
1980-07-27,78.292496
1980-07-28,80.259
1980-07-29,75.983
1980-07-30,79.07
1980-07-31,72.441
1980-08-01,72.178
1980-08-02,71.2585
1980-08-03,69.725
1980-08-04,73.107
1980-08-05,70.406
1980-08-06,68.298996
1980-08-07,63.811
1980-08-08,66.449
1980-08-09,75.0535
1980-08-10,71.1085
1980-08-11,70.506
1980-08-12,71.534996
1980-08-13,70.9535
1980-08-14,81.807
1980-08-15,76.7755
1980-08-16,74.157
1980-08-17,76.222
1980-08-18,66.354
1980-08-19,68.783
1980-08-20,76.037
1980-08-21,66.5905
1980-08-22,76.9625
1980-08-23,75.3725
1980-08-24,80.0215
1980-08-25,66.435
1980-08-26,69.602
1980-08-27,71.896996
1980-08-28,66.836
1980-08-29,75.660995
1980-08-30,77.266495
1980-08-31,86.43474
1980-09-01,77.2725
1980-09-02,74.6865
1980-09-03,74.596
1980-09-04,71.716995
1980-09-05,73.174995
1980-09-06,67.6925
1980-09-07,72.256996
1980-09-08,81.792496
1980-09-09,81.9685
1980-09-10,89.407646
1980-09-11,78.5085
1980-09-12,70.339
1980-09-13,74.158
1980-09-14,79.3625
1980-09-15,72.6425
1980-09-16,76.6165
1980-09-17,71.7775
1980-09-18,73.157
1980-09-19,76.449
1980-09-20,72.792496
1980-09-21,75.1285
1980-09-22,78.0545
1980-09-23,76.806496
1980-09-24,74.9225
1980-09-25,79.413
1980-09-26,83.2295
1980-09-27,78.227
1980-09-28,74.6005
1980-09-29,74.3475
1980-09-30,78.085495
1980-10-01,68.752
1980-10-02,74.437
1980-10-03,68.401
1980-10-04,73.541
1980-10-05,82.291
1980-10-06,85.0125
1980-10-07,79.781
1980-10-08,75.097
1980-10-09,90.884445
1980-10-10,92.39
1980-10-11,79.713
1980-10-12,86.976845
1980-10-13,84.7365
1980-10-14,81.6095
1980-10-15,80.422
1980-10-16,78.853
1980-10-17,78.534996
1980-10-18,75.7145
1980-10-19,86.2485
1980-10-20,71.5285
1980-10-21,74.049
1980-10-22,76.558495
1980-10-23,86.9365
1980-10-24,76.4075
1980-10-25,80.988
1980-10-26,74.8605
1980-10-27,75.144
1980-10-28,75.983
1980-10-29,77.1095
1980-10-30,65.334496
1980-10-31,67.4185
1980-11-01,72.4945
1980-11-02,88.9095
1980-11-03,90.69211
1980-11-04,93.42166
1980-11-05,92.16
1980-11-06,93.537
1980-11-07,88.168884
1980-11-08,89.31125
1980-11-09,91.49
1980-11-10,82.615
1980-11-11,76.389496
1980-11-12,83.2055
1980-11-13,92.07533
1980-11-14,88.7075
1980-11-15,87.39555
1980-11-16,80.684
1980-11-17,79.7325
1980-11-18,87.72263
1980-11-19,72.214
1980-11-20,85.0435
1980-11-21,85.725555
1980-11-22,88.700554
1980-11-23,84.08894
1980-11-24,83.154
1980-11-25,84.0565
1980-11-26,86.028
1980-11-27,89.03895
1980-11-28,93.06
1980-11-29,90.952354
1980-11-30,91.93643
1980-12-01,84.78737
1980-12-02,77.664
1980-12-03,89.404
1980-12-04,78.677
1980-12-05,79.718
1980-12-06,79.239
1980-12-07,84.811
1980-12-08,72.2265
1980-12-09,74.595
1980-12-10,70.672
1980-12-11,63.854
1980-12-12,72.5225
1980-12-13,86.92684
1980-12-14,84.2695
1980-12-15,85.76
1980-12-16,90.024445
1980-12-17,88.807
1980-12-18,91.028
1980-12-19,92.20857
1980-12-20,93.564285
1980-12-21,93.69333
1980-12-22,86.04421
1980-12-23,78.118
1980-12-24,86.705
1980-12-25,90.43467
1980-12-26,92.925
1980-12-27,89.83867
1980-12-28,84.787224
1980-12-29,85.0795
1980-12-30,83.064
1980-12-31,88.975296
1981-01-01,87.298
1981-01-02,75.3045
1981-01-03,73.714
1981-01-04,83.31
1981-01-05,73.987495
1981-01-06,73.953995
1981-01-07,78.9635
1981-01-08,72.3955
1981-01-09,70.0935
1981-01-10,73.593
1981-01-11,72.8215
1981-01-12,74.7245
1981-01-13,89.50889
1981-01-14,87.3555
1981-01-15,87.481575
1981-01-16,83.484
1981-01-17,78.153496
1981-01-18,81.8875
1981-01-19,82.7945
1981-01-20,86.965
1981-01-21,83.03684
1981-01-22,78.445496
1981-01-23,81.62
1981-01-24,81.5825
1981-01-25,81.3965
1981-01-26,74.0815
1981-01-27,70.0715
1981-01-28,66.2625
1981-01-29,74.756
1981-01-30,74.055
1981-01-31,73.955
1981-02-01,68.376495
1981-02-02,71.777
1981-02-03,74.858
1981-02-04,79.0615
1981-02-05,80.344
1981-02-06,75.6365
1981-02-07,84.833
1981-02-08,74.695496
1981-02-09,76.22
1981-02-10,80.927
1981-02-11,83.5535
1981-02-12,79.733
1981-02-13,73.333
1981-02-14,75.294
1981-02-15,70.6765
1981-02-16,75.2805
1981-02-17,80.1465
1981-02-18,80.7065
1981-02-19,81.656
1981-02-20,78.6955
1981-02-21,79.608
1981-02-22,90.67263
1981-02-23,83.7145
1981-02-24,82.735
1981-02-25,79.7495
1981-02-26,66.1505
1981-02-27,73.225
1981-02-28,73.2955
1981-03-01,71.2955
1981-03-02,88.42
1981-03-03,93.317
1981-03-04,91.98572
1981-03-05,76.927
1981-03-06,74.021996
1981-03-07,70.331
1981-03-08,67.6565
1981-03-09,74.7735
1981-03-10,70.8465
1981-03-11,76.496
1981-03-12,61.358997
1981-03-13,87.233
1981-03-14,68.2275
1981-03-15,72.3165
1981-03-16,77.2995
1981-03-17,69.594
1981-03-18,86.12684
1981-03-19,73.274
1981-03-20,63.434998
1981-03-21,66.306
1981-03-22,64.3315
1981-03-23,67.0615
1981-03-24,79.404495
1981-03-25,68.8165
1981-03-26,60.656
1981-03-27,57.0845
1981-03-28,60.356
1981-03-29,61.9745
1981-03-30,67.999
1981-03-31,61.675
1981-04-01,60.4915
1981-04-02,64.129
1981-04-03,62.815
1981-04-04,57.842
1981-04-05,60.097
1981-04-06,59.4935
1981-04-07,56.2505
1981-04-08,53.6385
1981-04-09,58.538998
1981-04-10,58.7975
1981-04-11,64.172
1981-04-12,60.746002
1981-04-13,54.996998
1981-04-14,49.975998
1981-04-15,45.679
1981-04-16,51.833
1981-04-17,59.702
1981-04-18,72.136
1981-04-19,71.778496
1981-04-20,60.015
1981-04-21,57.173
1981-04-22,52.0855
1981-04-23,64.6645
1981-04-24,85.292
1981-04-25,84.1885
1981-04-26,70.5505
1981-04-27,65.8155
1981-04-28,65.746
1981-04-29,63.095997
1981-04-30,60.717
1981-05-01,61.753998
1981-05-02,84.4305
1981-05-03,74.4665
1981-05-04,89.40894
1981-05-05,76.099495
1981-05-06,54.651
1981-05-07,59.9575
1981-05-08,59.93
1981-05-09,62.637497
1981-05-10,62.809498
1981-05-11,61.761
1981-05-12,84.586
1981-05-13,75.288
1981-05-14,76.1225
1981-05-15,71.4055
1981-05-16,73.5315
1981-05-17,63.2185
1981-05-18,64.326
1981-05-19,59.6135
1981-05-20,64.2585
1981-05-21,63.1845
1981-05-22,56.708
1981-05-23,78.1855
1981-05-24,67.6795
1981-05-25,69.566
1981-05-26,52.172
1981-05-27,46.7165
1981-05-28,80.499
1981-05-29,65.394
1981-05-30,56.946
1981-05-31,57.44
1981-06-01,63.355
1981-06-02,58.6975
1981-06-03,59.37
1981-06-04,55.836998
1981-06-05,80.214
1981-06-06,84.192
1981-06-07,84.527
1981-06-08,78.946
1981-06-09,76.3255
1981-06-10,83.279495
1981-06-11,77.958496
1981-06-12,69.362
1981-06-13,60.3015
1981-06-14,53.823498
1981-06-15,66.4665
1981-06-16,75.2665
1981-06-17,76.9745
1981-06-18,90.778
1981-06-19,79.1995
1981-06-20,70.177
1981-06-21,68.179
1981-06-22,74.193
1981-06-23,82.9785
1981-06-24,81.7345
1981-06-25,72.835
1981-06-26,85.9525
1981-06-27,72.481995
1981-06-28,65.78
1981-06-29,56.629498
1981-06-30,56.303997
1981-07-01,61.901497
1981-07-02,62.8085
1981-07-03,60.7755
1981-07-04,66.792
1981-07-05,62.853
1981-07-06,63.865498
1981-07-07,62.203
1981-07-08,64.797
1981-07-09,67.2965
1981-07-10,75.654
1981-07-11,68.182495
1981-07-12,65.888
1981-07-13,77.486
1981-07-14,75.6435
1981-07-15,72.072495
1981-07-16,66.1785
1981-07-17,64.993
1981-07-18,51.4755
1981-07-19,73.823
1981-07-20,68.6485
1981-07-21,68.8015
1981-07-22,66.754
1981-07-23,57.933
1981-07-24,56.4025
1981-07-25,72.285995
1981-07-26,69.4495
1981-07-27,64.61
1981-07-28,65.925
1981-07-29,70.2305
1981-07-30,70.1915
1981-07-31,68.487
1981-08-01,67.270996
1981-08-02,61.567
1981-08-03,61.8355
1981-08-04,65.4905
1981-08-05,66.124
1981-08-06,64.292496
1981-08-07,64.141495
1981-08-08,68.4255
1981-08-09,65.208
1981-08-10,73.4005
1981-08-11,74.661995
1981-08-12,72.479996
1981-08-13,72.6595
1981-08-14,71.694496
1981-08-15,68.797
1981-08-16,65.248
1981-08-17,72.399
1981-08-18,66.6595
1981-08-19,66.101
1981-08-20,61.771
1981-08-21,81.222496
1981-08-22,70.736
1981-08-23,77.7045
1981-08-24,75.6645
1981-08-25,67.0835
1981-08-26,70.947495
1981-08-27,75.4665
1981-08-28,84.8245
1981-08-29,70.379
1981-08-30,73.159996
1981-08-31,74.6465
1981-09-01,83.5445
1981-09-02,81.512
1981-09-03,74.9475
1981-09-04,75.182
1981-09-05,84.5615
1981-09-06,80.4805
1981-09-07,78.389496
1981-09-08,77.053
1981-09-09,76.463
1981-09-10,87.5
1981-09-11,92.043686
1981-09-12,82.572
1981-09-13,74.085
1981-09-14,85.3995
1981-09-15,78.743996
1981-09-16,75.346
1981-09-17,86.9955
1981-09-18,81.671
1981-09-19,85.19
1981-09-20,84.4425
1981-09-21,79.778496
1981-09-22,74.912
1981-09-23,72.3785
1981-09-24,79.5475
1981-09-25,81.8275
1981-09-26,75.1045
1981-09-27,70.4635
1981-09-28,81.1165
1981-09-29,86.3025
1981-09-30,91.363
1981-10-01,90.33294
1981-10-02,81.8515
1981-10-03,82.744995
1981-10-04,80.270996
1981-10-05,75.8425
1981-10-06,78.8505
1981-10-07,73.1505
1981-10-08,73.7945
1981-10-09,77.9225
1981-10-10,79.919
1981-10-11,76.5115
1981-10-12,71.554
1981-10-13,81.514496
1981-10-14,68.4875
1981-10-15,83.1035
1981-10-16,76.3665
1981-10-17,82.476
1981-10-18,81.903496
1981-10-19,84.1775
1981-10-20,80.800995
1981-10-21,76.2745
1981-10-22,83.278
1981-10-23,81.233
1981-10-24,86.85368
1981-10-25,75.9135
1981-10-26,73.2675
1981-10-27,87.287
1981-10-28,82.978
1981-10-29,79.46
1981-10-30,75.764496
1981-10-31,75.555
1981-11-01,77.8795
1981-11-02,77.2205
1981-11-03,63.2775
1981-11-04,76.3825
1981-11-05,81.9125
1981-11-06,85.978
1981-11-07,78.9915
1981-11-08,78.701
1981-11-09,83.8705
1981-11-10,77.4605
1981-11-11,68.5795
1981-11-12,77.943
1981-11-13,81.5225
1981-11-14,85.023
1981-11-15,83.482
1981-11-16,82.56158
1981-11-17,81.7395
1981-11-18,85.923
1981-11-19,86.27611
1981-11-20,86.445
1981-11-21,81.0965
1981-11-22,83.0975
1981-11-23,81.304
1981-11-24,79.8005
1981-11-25,87.64562
1981-11-26,82.932495
1981-11-27,87.139
1981-11-28,91.44909
1981-11-29,90.64684
1981-11-30,81.5925
1981-12-01,86.772
1981-12-02,88.399445
1981-12-03,89.59368
1981-12-04,86.0175
1981-12-05,85.442635
1981-12-06,82.561
1981-12-07,90.33945
1981-12-08,80.9275
1981-12-09,85.5535
1981-12-10,86.63368
1981-12-11,92.615
1981-12-12,90.57176
1981-12-13,84.194496
1981-12-14,83.4875
1981-12-15,87.64632
1981-12-16,92.205
1981-12-17,81.36
1981-12-18,89.234
1981-12-19,89.36611
1981-12-20,79.332
1981-12-21,83.9055
1981-12-22,83.429
1981-12-23,91.11643
1981-12-24,92.62
1981-12-25,94.396
1981-12-26,90.90444
1981-12-27,91.80059
1981-12-28,90.4425
1981-12-29,87.81895
1981-12-30,88.903336
1981-12-31,77.3785
1982-01-01,90.96625
1982-01-02,86.35368
1982-01-03,82.3465
1982-01-04,78.481
1982-01-05,86.826996
1982-01-06,80.985
1982-01-07,51.089
1982-01-08,57.3695
1982-01-09,71.951996
1982-01-10,89.58632
1982-01-11,89.592354
1982-01-12,91.179
1982-01-13,84.60842
1982-01-14,89.99934
1982-01-15,90.77154
1982-01-16,90.74167
1982-01-17,92.823074
1982-01-18,93.91889
1982-01-19,91.77818
1982-01-20,92.27111
1982-01-21,91.399284
1982-01-22,90.848335
1982-01-23,90.687225
1982-01-24,88.401054
1982-01-25,86.007996
1982-01-26,84.64158
1982-01-27,87.65
1982-01-28,88.3215
1982-01-29,86.002
1982-01-30,82.8025
1982-01-31,71.7915
1982-02-01,59.184
1982-02-02,73.233
1982-02-03,79.2585
1982-02-04,84.4145
1982-02-05,83.946
1982-02-06,83.9675
1982-02-07,81.9915
1982-02-08,79.383
1982-02-09,76.867
1982-02-10,81.568
1982-02-11,83.769
1982-02-12,86.1179
1982-02-13,92.299995
1982-02-14,82.9765
1982-02-15,89.167366
1982-02-16,83.455
1982-02-17,82.4825
1982-02-18,80.9275
1982-02-19,77.6365
1982-02-20,62.538998
1982-02-21,74.375
1982-02-22,88.308
1982-02-23,87.1905
1982-02-24,88.6435
1982-02-25,92.325
1982-02-26,87.86579
1982-02-27,79.216995
1982-02-28,75.686
1982-03-01,74.548996
1982-03-02,85.645996
1982-03-03,68.581
1982-03-04,71.8695
1982-03-05,78.31
1982-03-06,77.994995
1982-03-07,81.692
1982-03-08,78.8675
1982-03-09,77.7865
1982-03-10,76.0385
1982-03-11,78.4135
1982-03-12,63.097
1982-03-13,78.7435
1982-03-14,77.353
1982-03-15,74.4295
1982-03-16,76.961
1982-03-17,68.412
1982-03-18,74.492
1982-03-19,86.079
1982-03-20,84.951996
1982-03-21,80.528
1982-03-22,71.923
1982-03-23,66.474
1982-03-24,62.075
1982-03-25,60.724
1982-03-26,60.887
1982-03-27,62.955498
1982-03-28,53.3185
1982-03-29,65.0545
1982-03-30,91.73118
1982-03-31,88.944115
1982-04-01,80.744995
1982-04-02,75.087
1982-04-03,66.0195
1982-04-04,66.6505
1982-04-05,64.8855
1982-04-06,57.850998
1982-04-07,60.7435
1982-04-08,63.217
1982-04-09,72.5785
1982-04-10,85.1235
1982-04-11,79.208
1982-04-12,84.483
1982-04-13,78.2285
1982-04-14,89.9315
1982-04-15,75.068
1982-04-16,85.778496
1982-04-17,78.5345
1982-04-18,72.4765
1982-04-19,81.882996
1982-04-20,67.653496
1982-04-21,59.792
1982-04-22,73.826
1982-04-23,73.848495
1982-04-24,64.5075
1982-04-25,57.1195
1982-04-26,56.5855
1982-04-27,64.149
1982-04-28,82.5345
1982-04-29,80.3505
1982-04-30,64.346
1982-05-01,53.524998
1982-05-02,59.3825
1982-05-03,53.204
1982-05-04,51.7985
1982-05-05,43.5645
1982-05-06,51.948498
1982-05-07,59.6925
1982-05-08,88.863686
1982-05-09,84.41789
1982-05-10,84.2115
1982-05-11,74.8995
1982-05-12,64.2285
1982-05-13,61.327
1982-05-14,61.078
1982-05-15,57.074497
1982-05-16,54.9245
1982-05-17,55.3605
1982-05-18,56.3605
1982-05-19,68.2905
1982-05-20,68.9005
1982-05-21,78.478
1982-05-22,70.327
1982-05-23,72.987
1982-05-24,81.256996
1982-05-25,78.555
1982-05-26,74.14
1982-05-27,72.062
1982-05-28,66.0605
1982-05-29,75.506996
1982-05-30,69.7065
1982-05-31,63.66
1982-06-01,59.991
1982-06-02,55.3155
1982-06-03,60.690998
1982-06-04,61.427
1982-06-05,61.4985
1982-06-06,62.2215
1982-06-07,63.166
1982-06-08,62.675
1982-06-09,61.628998
1982-06-10,74.0725
1982-06-11,69.479
1982-06-12,73.729
1982-06-13,82.0735
1982-06-14,70.892
1982-06-15,62.1035
1982-06-16,68.0195
1982-06-17,68.932495
1982-06-18,67.980995
1982-06-19,83.1275
1982-06-20,66.520996
1982-06-21,69.445
1982-06-22,73.3485
1982-06-23,69.0205
1982-06-24,59.5655
1982-06-25,65.473495
1982-06-26,65.389496
1982-06-27,78.7375
1982-06-28,68.4285
1982-06-29,69.5035
1982-06-30,68.0255
1982-07-01,59.2245
1982-07-02,63.71
1982-07-03,65.506996
1982-07-04,68.448
1982-07-05,57.8555
1982-07-06,60.8155
1982-07-07,64.6885
1982-07-08,60.5965
1982-07-09,55.894497
1982-07-10,58.695
1982-07-11,79.017
1982-07-12,91.164734
1982-07-13,81.7815
1982-07-14,75.9915
1982-07-15,77.4215
1982-07-16,74.163
1982-07-17,69.326
1982-07-18,72.2585
1982-07-19,72.9805
1982-07-20,69.2255
1982-07-21,67.84
1982-07-22,73.306496
1982-07-23,78.4385
1982-07-24,76.125496
1982-07-25,89.5055
1982-07-26,89.0635
1982-07-27,86.157
1982-07-28,80.374
1982-07-29,76.805
1982-07-30,72.6445
1982-07-31,69.4245
1982-08-01,71.298
1982-08-02,70.9945
1982-08-03,72.7855
1982-08-04,78.14
1982-08-05,80.5075
1982-08-06,81.8215
1982-08-07,80.532
1982-08-08,83.9325
1982-08-09,83.6715
1982-08-10,79.293
1982-08-11,71.879
1982-08-12,72.849495
1982-08-13,69.7565
1982-08-14,70.525
1982-08-15,70.205
1982-08-16,69.6515
1982-08-17,78.0945
1982-08-18,74.5045
1982-08-19,73.3235
1982-08-20,67.256
1982-08-21,82.645
1982-08-22,81.117
1982-08-23,72.3265
1982-08-24,74.2115
1982-08-25,70.972496
1982-08-26,70.7835
1982-08-27,65.772995
1982-08-28,76.2845
1982-08-29,84.6705
1982-08-30,90.0105
1982-08-31,82.724
1982-09-01,76.542496
1982-09-02,75.0085
1982-09-03,71.682
1982-09-04,73.0655
1982-09-05,71.512
1982-09-06,65.274
1982-09-07,63.628
1982-09-08,76.2965
1982-09-09,80.111
1982-09-10,80.637
1982-09-11,80.854
1982-09-12,74.1065
1982-09-13,72.8955
1982-09-14,71.561
1982-09-15,74.723
1982-09-16,76.098495
1982-09-17,74.2325
1982-09-18,69.5715
1982-09-19,72.753
1982-09-20,75.1125
1982-09-21,70.4745
1982-09-22,75.3445
1982-09-23,82.377
1982-09-24,75.6125
1982-09-25,82.78684
1982-09-26,71.0195
1982-09-27,72.8105
1982-09-28,80.600494
1982-09-29,79.231995
1982-09-30,81.479996
1982-10-01,86.559
1982-10-02,86.5555
1982-10-03,78.2825
1982-10-04,88.8785
1982-10-05,81.838
1982-10-06,78.309
1982-10-07,78.831
1982-10-08,85.7575
1982-10-09,90.76316
1982-10-10,80.4785
1982-10-11,77.06
1982-10-12,87.45368
1982-10-13,77.273
1982-10-14,79.7715
1982-10-15,82.278
1982-10-16,76.766
1982-10-17,77.64
1982-10-18,79.923
1982-10-19,84.77
1982-10-20,86.8365
1982-10-21,90.94312
1982-10-22,88.6221
1982-10-23,78.9905
1982-10-24,81.1405
1982-10-25,85.4435
1982-10-26,89.689
1982-10-27,86.194
1982-10-28,84.08
1982-10-29,82.17895
1982-10-30,77.707
1982-10-31,85.2515
1982-11-01,92.216
1982-11-02,89.00684
1982-11-03,90.63846
1982-11-04,91.064285
1982-11-05,85.1875
1982-11-06,68.4555
1982-11-07,70.858
1982-11-08,71.314995
1982-11-09,64.5335
1982-11-10,68.921
1982-11-11,74.3055
1982-11-12,75.373
1982-11-13,76.706
1982-11-14,86.486496
1982-11-15,89.37842
1982-11-16,91.155716
1982-11-17,91.057365
1982-11-18,74.7725
1982-11-19,78.167496
1982-11-20,77.7875
1982-11-21,85.0735
1982-11-22,85.6185
1982-11-23,83.93611
1982-11-24,83.165
1982-11-25,83.516
1982-11-26,78.891
1982-11-27,80.272995
1982-11-28,80.029495
1982-11-29,81.0665
1982-11-30,84.706314
1982-12-01,87.876
1982-12-02,86.04444
1982-12-03,88.589165
1982-12-04,90.558464
1982-12-05,92.99917
1982-12-06,93.109375
1982-12-07,91.804665
1982-12-08,87.5105
1982-12-09,81.405
1982-12-10,85.0115
1982-12-11,89.53117
1982-12-12,91.74308
1982-12-13,91.22091
1982-12-14,92.05143
1982-12-15,91.44722
1982-12-16,81.0715
1982-12-17,85.168
1982-12-18,82.1075
1982-12-19,90.57389
1982-12-20,83.8325
1982-12-21,89.40471
1982-12-22,94.22
1982-12-23,91.57
1982-12-24,91.32833
1982-12-25,89.46895
1982-12-26,85.75579
1982-12-27,85.8755
1982-12-28,87.012
1982-12-29,80.211
1982-12-30,71.641
1982-12-31,79.8655
1983-01-01,83.723
1983-01-02,84.336
1983-01-03,85.9779
1983-01-04,87.4095
1983-01-05,89.71778
1983-01-06,90.63294
1983-01-07,90.98882
1983-01-08,86.877
1983-01-09,81.543
1983-01-10,78.777
1983-01-11,79.598
1983-01-12,83.953
1983-01-13,90.36421
1983-01-14,84.8245
1983-01-15,88.567
1983-01-16,83.352
1983-01-17,82.8435
1983-01-18,69.123
1983-01-19,78.292496
1983-01-20,64.373
1983-01-21,74.808
1983-01-22,71.941
1983-01-23,76.4695
1983-01-24,83.1525
1983-01-25,85.070526
1983-01-26,86.0445
1983-01-27,72.764496
1983-01-28,70.858
1983-01-29,79.397995
1983-01-30,86.297
1983-01-31,64.7155
1983-02-01,66.0555
1983-02-02,80.0685
1983-02-03,69.718
1983-02-04,73.1275
1983-02-05,70.3125
1983-02-06,86.59842
1983-02-07,92.67077
1983-02-08,92.44
1983-02-09,92.97
1983-02-10,93.51625
1983-02-11,92.11533
1983-02-12,87.5065
1983-02-13,87.2105
1983-02-14,92.02267
1983-02-15,85.761
1983-02-16,68.982
1983-02-17,70.820496
1983-02-18,76.4555
1983-02-19,82.868
1983-02-20,79.3605
1983-02-21,73.5865
1983-02-22,70.126495
1983-02-23,70.6615
1983-02-24,74.6595
1983-02-25,68.578995
1983-02-26,74.231
1983-02-27,75.7895
1983-02-28,88.9521
1983-03-01,88.9495
1983-03-02,89.577896
1983-03-03,76.687996
1983-03-04,82.645
1983-03-05,74.0545
1983-03-06,67.332
1983-03-07,62.413498
1983-03-08,67.524
1983-03-09,61.1405
1983-03-10,60.754498
1983-03-11,58.647
1983-03-12,51.409
1983-03-13,49.9095
1983-03-14,55.5065
1983-03-15,53.382
1983-03-16,44.750496
1983-03-17,57.9815
1983-03-18,60.637997
1983-03-19,65.817
1983-03-20,78.772995
1983-03-21,63.7355
1983-03-22,72.827995
1983-03-23,83.8305
1983-03-24,70.1665
1983-03-25,78.267
1983-03-26,90.500626
1983-03-27,80.6025
1983-03-28,68.7825
1983-03-29,73.197
1983-03-30,77.6605
1983-03-31,77.744995
1983-04-01,88.4485
1983-04-02,77.9235
1983-04-03,78.492
1983-04-04,77.9335
1983-04-05,81.613
1983-04-06,67.9105
1983-04-07,73.654495
1983-04-08,65.499
1983-04-09,62.0195
1983-04-10,72.8005
1983-04-11,61.3555
1983-04-12,60.7425
1983-04-13,76.0055
1983-04-14,70.7035
1983-04-15,71.883995
1983-04-16,75.626
1983-04-17,64.486496
1983-04-18,60.471
1983-04-19,63.227497
1983-04-20,60.656
1983-04-21,57.2565
1983-04-22,80.1605
1983-04-23,74.989
1983-04-24,55.135998
1983-04-25,51.5535
1983-04-26,48.566498
1983-04-27,54.6795
1983-04-28,60.962997
1983-04-29,59.112
1983-04-30,64.6775
1983-05-01,56.855
1983-05-02,64.812
1983-05-03,61.203
1983-05-04,64.242
1983-05-05,64.8885
1983-05-06,70.739
1983-05-07,66.038
1983-05-08,88.11
1983-05-09,87.76278
1983-05-10,77.927
1983-05-11,68.1575
1983-05-12,61.690998
1983-05-13,57.4075
1983-05-14,56.857998
1983-05-15,51.8915
1983-05-16,49.185997
1983-05-17,48.0515
1983-05-18,48.791496
1983-05-19,49.079
1983-05-20,57.817497
1983-05-21,50.865498
1983-05-22,52.929497
1983-05-23,78.0645
1983-05-24,86.9
1983-05-25,73.776
1983-05-26,75.081
1983-05-27,79.19
1983-05-28,70.0655
1983-05-29,71.131996
1983-05-30,70.025
1983-05-31,66.089
1983-06-01,63.295998
1983-06-02,61.068
1983-06-03,62.833
1983-06-04,56.088997
1983-06-05,54.260998
1983-06-06,70.269
1983-06-07,54.3965
1983-06-08,52.633
1983-06-09,54.421497
1983-06-10,67.014496
1983-06-11,78.979
1983-06-12,70.58
1983-06-13,70.909
1983-06-14,71.804
1983-06-15,67.3325
1983-06-16,82.004
1983-06-17,81.7675
1983-06-18,73.493996
1983-06-19,83.597
1983-06-20,89.435
1983-06-21,78.663
1983-06-22,82.2095
1983-06-23,75.316
1983-06-24,67.805
1983-06-25,63.495
1983-06-26,62.9815
1983-06-27,63.1595
1983-06-28,83.3055
1983-06-29,69.947
1983-06-30,61.7795
1983-07-01,66.987495
1983-07-02,69.5055
1983-07-03,64.3915
1983-07-04,65.631
1983-07-05,61.299
1983-07-06,64.835
1983-07-07,69.352
1983-07-08,71.034
1983-07-09,56.121
1983-07-10,57.5565
1983-07-11,67.868
1983-07-12,72.726
1983-07-13,65.734
1983-07-14,73.960495
1983-07-15,75.5035
1983-07-16,68.991
1983-07-17,65.9575
1983-07-18,55.826
1983-07-19,61.1125
1983-07-20,70.1355
1983-07-21,72.218
1983-07-22,64.3835
1983-07-23,58.295
1983-07-24,66.4105
1983-07-25,67.915
1983-07-26,65.0005
1983-07-27,60.0915
1983-07-28,60.589
1983-07-29,70.533
1983-07-30,62.486
1983-07-31,60.596
1983-08-01,59.5985
1983-08-02,70.0995
1983-08-03,78.776
1983-08-04,73.513
1983-08-05,69.319
1983-08-06,70.9435
1983-08-07,75.058
1983-08-08,79.673
1983-08-09,73.955
1983-08-10,71.411
1983-08-11,70.621
1983-08-12,70.6665
1983-08-13,70.2825
1983-08-14,62.78
1983-08-15,62.6325
1983-08-16,58.815998
1983-08-17,68.633995
1983-08-18,67.9845
1983-08-19,68.1215
1983-08-20,66.0655
1983-08-21,60.810997
1983-08-22,65.393
1983-08-23,67.837
1983-08-24,69.911995
1983-08-25,82.057
1983-08-26,73.842995
1983-08-27,65.8595
1983-08-28,59.919
1983-08-29,67.1035
1983-08-30,77.67
1983-08-31,73.359
1983-09-01,60.5785
1983-09-02,58.1175
1983-09-03,63.7795
1983-09-04,77.7265
1983-09-05,69.2405
1983-09-06,67.64
1983-09-07,84.2555
1983-09-08,69.4695
1983-09-09,64.4785
1983-09-10,60.865997
1983-09-11,72.721
1983-09-12,88.7335
1983-09-13,72.459
1983-09-14,69.3155
1983-09-15,62.763
1983-09-16,54.9405
1983-09-17,87.102
1983-09-18,82.1835
1983-09-19,77.118996
1983-09-20,75.944496
1983-09-21,76.0045
1983-09-22,71.8125
1983-09-23,69.79
1983-09-24,73.0645
1983-09-25,68.6855
1983-09-26,70.464
1983-09-27,75.800995
1983-09-28,78.3595
1983-09-29,76.1575
1983-09-30,72.3675
1983-10-01,68.733
1983-10-02,63.484997
1983-10-03,67.457
1983-10-04,72.272995
1983-10-05,71.809
1983-10-06,72.604
1983-10-07,64.034
1983-10-08,70.081
1983-10-09,76.2685
1983-10-10,72.348
1983-10-11,83.1195
1983-10-12,73.2855
1983-10-13,73.6945
1983-10-14,70.3545
1983-10-15,66.928
1983-10-16,70.0515
1983-10-17,82.233
1983-10-18,80.2495
1983-10-19,78.112
1983-10-20,78.865
1983-10-21,79.052
1983-10-22,69.408
1983-10-23,79.096
1983-10-24,73.593994
1983-10-25,77.230995
1983-10-26,71.466995
1983-10-27,73.8045
1983-10-28,82.2075
1983-10-29,80.915
1983-10-30,86.132996
1983-10-31,89.42611
1983-11-01,74.103
1983-11-02,80.665
1983-11-03,83.84
1983-11-04,83.867
1983-11-05,88.91579
1983-11-06,89.73375
1983-11-07,90.52
1983-11-08,90.9725
1983-11-09,91.401665
1983-11-10,87.457146
1983-11-11,91.93823
1983-11-12,59.560497
1983-11-13,65.298
1983-11-14,67.9535
1983-11-15,74.8095
1983-11-16,68.918
1983-11-17,76.5475
1983-11-18,77.722496
1983-11-19,83.695
1983-11-20,85.64389
1983-11-21,89.34333
1983-11-22,76.9635
1983-11-23,76.193
1983-11-24,80.09
1983-11-25,88.38
1983-11-26,85.934
1983-11-27,83.028496
1983-11-28,89.15692
1983-11-29,82.807495
1983-11-30,82.0315
1983-12-01,73.0
1983-12-02,67.9265
1983-12-03,79.16263
1983-12-04,80.0585
1983-12-05,83.4515
1983-12-06,88.17812
1983-12-07,84.4495
1983-12-08,81.3585
1983-12-09,87.2635
1983-12-10,91.25562
1983-12-11,83.38
1983-12-12,85.19842
1983-12-13,86.94842
1983-12-14,87.24105
1983-12-15,84.722
1983-12-16,88.25733
1983-12-17,89.48882
1983-12-18,89.29867
1983-12-19,81.7495
1983-12-20,91.15437
1983-12-21,88.65
1983-12-22,89.3135
1983-12-23,91.44572
1983-12-24,89.657
1983-12-25,84.01944
1983-12-26,76.7735
1983-12-27,69.752
1983-12-28,69.7555
1983-12-29,80.3185
1983-12-30,93.00889
1983-12-31,81.3965
1984-01-01,79.0085
1984-01-02,74.4775
1984-01-03,83.042496
1984-01-04,88.86235
1984-01-05,89.59
1984-01-06,86.5495
1984-01-07,86.671
1984-01-08,91.25692
1984-01-09,92.42333
1984-01-10,89.25158
1984-01-11,85.61667
1984-01-12,91.523125
1984-01-13,90.831764
1984-01-14,86.82
1984-01-15,89.79158
1984-01-16,90.97437
1984-01-17,89.39
1984-01-18,89.579414
1984-01-19,91.95167
1984-01-20,92.36429
1984-01-21,88.1505
1984-01-22,92.42636
1984-01-23,93.426
1984-01-24,92.93833
1984-01-25,75.6775
1984-01-26,76.506
1984-01-27,82.410995
1984-01-28,90.46333
1984-01-29,94.07
1984-01-30,92.632
1984-01-31,92.306
1984-02-01,91.87333
1984-02-02,92.54375
1984-02-03,93.897995
1984-02-04,92.580666
1984-02-05,87.7595
1984-02-06,91.80583
1984-02-07,82.441
1984-02-08,78.096
1984-02-09,82.044
1984-02-10,83.3635
1984-02-11,73.916
1984-02-12,65.95
1984-02-13,75.0245
1984-02-14,82.395
1984-02-15,86.523
1984-02-16,85.725
1984-02-17,84.328
1984-02-18,86.461
1984-02-19,90.98929
1984-02-20,88.76158
1984-02-21,91.471176
1984-02-22,91.23778
1984-02-23,93.592224
1984-02-24,91.94
1984-02-25,90.596
1984-02-26,83.757774
1984-02-27,91.09133
1984-02-28,93.46
1984-02-29,88.41947
1984-03-01,84.0885
1984-03-02,90.43625
1984-03-03,90.90643
1984-03-04,82.0625
1984-03-05,84.735
1984-03-06,74.9065
1984-03-07,68.498
1984-03-08,73.1935
1984-03-09,78.1315
1984-03-10,59.545998
1984-03-11,68.7185
1984-03-12,81.3925
1984-03-13,80.055
1984-03-14,80.1
1984-03-15,71.359
1984-03-16,73.070496
1984-03-17,67.696495
1984-03-18,67.536995
1984-03-19,53.682
1984-03-20,51.376
1984-03-21,68.163
1984-03-22,69.112
1984-03-23,70.74
1984-03-24,59.809498
1984-03-25,58.699997
1984-03-26,72.05
1984-03-27,63.265
1984-03-28,53.1185
1984-03-29,51.759
1984-03-30,75.888
1984-03-31,62.4885
1984-04-01,56.3775
1984-04-02,64.6955
1984-04-03,76.9335
1984-04-04,86.543
1984-04-05,83.34
1984-04-06,71.8825
1984-04-07,62.5355
1984-04-08,63.739998
1984-04-09,84.395
1984-04-10,84.1635
1984-04-11,83.386
1984-04-12,86.91647
1984-04-13,88.287
1984-04-14,70.764496
1984-04-15,59.76
1984-04-16,51.1865
1984-04-17,67.635
1984-04-18,58.28
1984-04-19,47.681
1984-04-20,46.002
1984-04-21,55.947
1984-04-22,62.033
1984-04-23,70.1785
1984-04-24,76.8035
1984-04-25,63.658
1984-04-26,55.12
1984-04-27,49.435997
1984-04-28,63.3845
1984-04-29,60.3395
1984-04-30,71.057
1984-05-01,87.18579
1984-05-02,81.7345
1984-05-03,70.844
1984-05-04,59.9035
1984-05-05,66.772995
1984-05-06,70.8295
1984-05-07,70.0685
1984-05-08,78.1645
1984-05-09,87.1325
1984-05-10,91.766426
1984-05-11,91.98417
1984-05-12,89.773155
1984-05-13,90.02929
1984-05-14,82.4665
1984-05-15,64.3875
1984-05-16,73.986496
1984-05-17,75.988
1984-05-18,65.1625
1984-05-19,58.6745
1984-05-20,57.8225
1984-05-21,65.5195
1984-05-22,66.961
1984-05-23,80.8095
1984-05-24,75.7265
1984-05-25,71.941
1984-05-26,73.980995
1984-05-27,70.7125
1984-05-28,76.9485
1984-05-29,75.515495
1984-05-30,88.789474
1984-05-31,71.733
1984-06-01,77.9175
1984-06-02,67.5485
1984-06-03,60.426
1984-06-04,69.7005
1984-06-05,58.6955
1984-06-06,66.562
1984-06-07,85.328995
1984-06-08,76.7585
1984-06-09,73.015
1984-06-10,66.9665
1984-06-11,70.354
1984-06-12,64.4195
1984-06-13,53.822998
1984-06-14,59.522
1984-06-15,81.1895
1984-06-16,66.191
1984-06-17,67.831
1984-06-18,66.279495
1984-06-19,66.739
1984-06-20,61.8205
1984-06-21,69.001
1984-06-22,80.0765
1984-06-23,75.404495
1984-06-24,88.903
1984-06-25,66.403496
1984-06-26,71.958496
1984-06-27,66.792
1984-06-28,61.5755
1984-06-29,76.983
1984-06-30,75.028
1984-07-01,69.714
1984-07-02,76.6505
1984-07-03,78.085495
1984-07-04,72.163
1984-07-05,68.308
1984-07-06,79.451996
1984-07-07,77.480995
1984-07-08,71.788
1984-07-09,67.936
1984-07-10,65.9775
1984-07-11,67.6565
1984-07-12,62.873
1984-07-13,65.7825
1984-07-14,58.909
1984-07-15,67.3575
1984-07-16,75.7895
1984-07-17,81.819
1984-07-18,77.3085
1984-07-19,68.7755
1984-07-20,76.651
1984-07-21,67.25
1984-07-22,64.2485
1984-07-23,64.8605
1984-07-24,66.237495
1984-07-25,69.869995
1984-07-26,83.079
1984-07-27,65.169
1984-07-28,78.5625
1984-07-29,76.112495
1984-07-30,68.129
1984-07-31,69.318
1984-08-01,59.993
1984-08-02,69.9335
1984-08-03,64.099
1984-08-04,65.031
1984-08-05,59.4875
1984-08-06,70.175995
1984-08-07,80.112495
1984-08-08,84.8925
1984-08-09,74.486496
1984-08-10,72.0685
1984-08-11,77.2965
1984-08-12,70.020996
1984-08-13,80.33
1984-08-14,70.7175
1984-08-15,67.0925
1984-08-16,72.746
1984-08-17,73.9895
1984-08-18,65.3455
1984-08-19,69.744
1984-08-20,62.259
1984-08-21,61.309498
1984-08-22,65.931
1984-08-23,64.015495
1984-08-24,62.9465
1984-08-25,78.9605
1984-08-26,81.9535
1984-08-27,61.085
1984-08-28,65.4125
1984-08-29,72.1365
1984-08-30,68.6435
1984-08-31,68.405
1984-09-01,67.806
1984-09-02,61.73
1984-09-03,64.963
1984-09-04,66.520996
1984-09-05,58.6605
1984-09-06,68.492
1984-09-07,69.987495
1984-09-08,67.057
1984-09-09,75.5025
1984-09-10,73.6855
1984-09-11,74.197
1984-09-12,73.175995
1984-09-13,72.684
1984-09-14,76.7565
1984-09-15,69.08
1984-09-16,90.827896
1984-09-17,85.5975
1984-09-18,78.34
1984-09-19,79.1925
1984-09-20,75.435
1984-09-21,91.47867
1984-09-22,86.722
1984-09-23,74.570496
1984-09-24,73.8435
1984-09-25,90.1755
1984-09-26,76.181496
1984-09-27,83.8795
1984-09-28,80.284
1984-09-29,86.852
1984-09-30,80.1915
1984-10-01,79.616
1984-10-02,81.5245
1984-10-03,77.5185
1984-10-04,76.1295
1984-10-05,74.8785
1984-10-06,84.188
1984-10-07,90.3625
1984-10-08,80.318
1984-10-09,71.253
1984-10-10,79.292496
1984-10-11,78.557495
1984-10-12,87.94
1984-10-13,74.8775
1984-10-14,82.436
1984-10-15,70.4135
1984-10-16,70.43
1984-10-17,70.812996
1984-10-18,71.407
1984-10-19,73.215996
1984-10-20,74.081
1984-10-21,82.6705
1984-10-22,80.168495
1984-10-23,78.5135
1984-10-24,78.6585
1984-10-25,81.565994
1984-10-26,77.824
1984-10-27,82.172
1984-10-28,88.066315
1984-10-29,87.846466
1984-10-30,85.55473
1984-10-31,90.1
1984-11-01,89.226875
1984-11-02,86.78158
1984-11-03,84.703156
1984-11-04,91.34353
1984-11-05,90.456665
1984-11-06,89.767365
1984-11-07,81.611
1984-11-08,85.103
1984-11-09,83.808
1984-11-10,86.99
1984-11-11,85.9375
1984-11-12,83.131996
1984-11-13,82.25
1984-11-14,82.9945
1984-11-15,88.036
1984-11-16,91.26143
1984-11-17,91.838
1984-11-18,91.54
1984-11-19,92.362854
1984-11-20,92.56143
1984-11-21,89.14158
1984-11-22,82.73368
1984-11-23,77.5485
1984-11-24,71.863
1984-11-25,80.7165
1984-11-26,86.829475
1984-11-27,83.60611
1984-11-28,83.600525
1984-11-29,91.41637
1984-11-30,91.138
1984-12-01,91.119995
1984-12-02,85.45947
1984-12-03,90.29211
1984-12-04,88.167
1984-12-05,88.030556
1984-12-06,91.35
1984-12-07,91.90411
1984-12-08,93.18429
1984-12-09,93.994995
1984-12-10,91.37846
1984-12-11,81.14316
1984-12-12,75.37
1984-12-13,86.45
1984-12-14,91.47889
1984-12-15,84.676315
1984-12-16,92.11882
1984-12-17,89.73215
1984-12-18,94.201996
1984-12-19,90.4595
1984-12-20,91.2
1984-12-21,93.505
1984-12-22,81.4895
1984-12-23,86.81421
1984-12-24,92.09923
1984-12-25,90.892
1984-12-26,93.299286
1984-12-27,91.986115
1984-12-28,90.87866
1984-12-29,90.5
1984-12-30,91.55572
1984-12-31,86.48684
1985-01-01,87.7815
1985-01-02,91.223335
1985-01-03,87.008
1985-01-04,82.881
1985-01-05,84.271576
1985-01-06,83.756996
1985-01-07,83.9305
1985-01-08,84.9025
1985-01-09,81.1645
1985-01-10,78.922
1985-01-11,79.4635
1985-01-12,80.947
1985-01-13,84.287
1985-01-14,78.181
1985-01-15,84.187
1985-01-16,83.109
1985-01-17,70.783
1985-01-18,80.33
1985-01-19,85.765
1985-01-20,85.193
1985-01-21,88.647644
1985-01-22,88.117226
1985-01-23,82.770996
1985-01-24,87.621
1985-01-25,82.2825
1985-01-26,79.881
1985-01-27,89.6665
1985-01-28,74.628
1985-01-29,79.7875
1985-01-30,91.058
1985-01-31,83.74
1985-02-01,77.944496
1985-02-02,74.6645
1985-02-03,64.683
1985-02-04,51.169
1985-02-05,60.018997
1985-02-06,78.009
1985-02-07,84.33737
1985-02-08,66.4395
1985-02-09,91.841
1985-02-10,90.431114
1985-02-11,82.589
1985-02-12,76.492
1985-02-13,75.822495
1985-02-14,76.8875
1985-02-15,81.581
1985-02-16,68.782
1985-02-17,72.376
1985-02-18,68.1265
1985-02-19,68.166
1985-02-20,72.4835
1985-02-21,69.6795
1985-02-22,73.936
1985-02-23,79.0875
1985-02-24,86.65
1985-02-25,86.13052
1985-02-26,91.19357
1985-02-27,87.77928
1985-02-28,87.542496
1985-03-01,93.28445
1985-03-02,93.19667
1985-03-03,92.46444
1985-03-04,91.741875
1985-03-05,88.966
1985-03-06,86.1995
1985-03-07,88.229
1985-03-08,88.808
1985-03-09,88.72063
1985-03-10,90.42294
1985-03-11,92.505714
1985-03-12,85.1335
1985-03-13,79.0455
1985-03-14,84.59
1985-03-15,90.18235
1985-03-16,91.07889
1985-03-17,86.7705
1985-03-18,77.922
1985-03-19,90.53687
1985-03-20,90.87846
1985-03-21,88.902
1985-03-22,87.475266
1985-03-23,92.69643
1985-03-24,90.296
1985-03-25,84.9615
1985-03-26,70.7185
1985-03-27,68.381
1985-03-28,70.947
1985-03-29,60.9705
1985-03-30,54.074497
1985-03-31,55.548
1985-04-01,55.0485
1985-04-02,55.186996
1985-04-03,64.243
1985-04-04,59.721
1985-04-05,50.256
1985-04-06,57.9115
1985-04-07,73.966995
1985-04-08,64.596
1985-04-09,59.794
1985-04-10,76.075
1985-04-11,67.9905
1985-04-12,76.4075
1985-04-13,57.931
1985-04-14,66.13
1985-04-15,74.513
1985-04-16,68.658
1985-04-17,79.941
1985-04-18,82.78
1985-04-19,71.5605
1985-04-20,71.023
1985-04-21,61.916
1985-04-22,58.447998
1985-04-23,56.138
1985-04-24,78.3535
1985-04-25,59.678497
1985-04-26,77.485
1985-04-27,78.2315
1985-04-28,83.302
1985-04-29,70.554
1985-04-30,58.756
1985-05-01,66.554
1985-05-02,79.192
1985-05-03,85.863
1985-05-04,67.823
1985-05-05,80.564995
1985-05-06,81.7435
1985-05-07,80.256
1985-05-08,61.504997
1985-05-09,68.458
1985-05-10,68.7735
1985-05-11,84.361
1985-05-12,72.0035
1985-05-13,65.4655
1985-05-14,67.144
1985-05-15,67.8145
1985-05-16,78.751495
1985-05-17,86.912
1985-05-18,70.9795
1985-05-19,71.906
1985-05-20,78.15
1985-05-21,75.0945
1985-05-22,79.9615
1985-05-23,67.8825
1985-05-24,70.186
1985-05-25,67.888
1985-05-26,64.528
1985-05-27,61.232
1985-05-28,59.1975
1985-05-29,68.8815
1985-05-30,77.46
1985-05-31,77.6485
1985-06-01,81.301
1985-06-02,75.951
1985-06-03,85.654
1985-06-04,79.743
1985-06-05,71.7615
1985-06-06,67.538
1985-06-07,65.9845
1985-06-08,77.611
1985-06-09,77.2395
1985-06-10,70.2135
1985-06-11,76.7485
1985-06-12,62.587498
1985-06-13,74.230995
1985-06-14,76.1525
1985-06-15,76.665
1985-06-16,62.6485
1985-06-17,89.826004
1985-06-18,66.3985
1985-06-19,66.022
1985-06-20,83.742
1985-06-21,81.6465
1985-06-22,67.947
1985-06-23,87.59105
1985-06-24,75.1165
1985-06-25,61.878998
1985-06-26,64.2325
1985-06-27,83.3995
1985-06-28,80.8865
1985-06-29,70.487
1985-06-30,67.473
1985-07-01,72.1095
1985-07-02,81.14
1985-07-03,69.2525
1985-07-04,61.1415
1985-07-05,61.289997
1985-07-06,62.011997
1985-07-07,62.457
1985-07-08,66.3585
1985-07-09,69.243996
1985-07-10,74.9495
1985-07-11,74.706
1985-07-12,71.099495
1985-07-13,67.488495
1985-07-14,66.5395
1985-07-15,65.648
1985-07-16,65.012
1985-07-17,75.945
1985-07-18,80.989
1985-07-19,72.605995
1985-07-20,69.057
1985-07-21,77.876
1985-07-22,57.284
1985-07-23,56.997498
1985-07-24,61.4355
1985-07-25,68.569
1985-07-26,63.252
1985-07-27,59.0045
1985-07-28,63.5985
1985-07-29,56.385498
1985-07-30,59.945
1985-07-31,73.541
1985-08-01,67.938995
1985-08-02,79.769
1985-08-03,69.585
1985-08-04,70.8285
1985-08-05,59.1265
1985-08-06,51.8365
1985-08-07,85.681
1985-08-08,70.389496
1985-08-09,83.7285
1985-08-10,75.7605
1985-08-11,72.736496
1985-08-12,69.957
1985-08-13,63.6125
1985-08-14,65.09
1985-08-15,65.3015
1985-08-16,61.603
1985-08-17,55.462498
1985-08-18,79.408
1985-08-19,69.923996
1985-08-20,68.8805
1985-08-21,63.998
1985-08-22,66.9895
1985-08-23,69.142
1985-08-24,67.53
1985-08-25,59.319
1985-08-26,70.67
1985-08-27,83.7915
1985-08-28,79.9885
1985-08-29,84.2855
1985-08-30,80.1995
1985-08-31,75.884
1985-09-01,75.501
1985-09-02,78.056
1985-09-03,75.362
1985-09-04,80.068
1985-09-05,70.465996
1985-09-06,70.6355
1985-09-07,61.948498
1985-09-08,70.964
1985-09-09,84.51
1985-09-10,73.671
1985-09-11,70.061
1985-09-12,68.854
1985-09-13,69.263
1985-09-14,69.2555
1985-09-15,66.9775
1985-09-16,71.585
1985-09-17,72.545
1985-09-18,72.993
1985-09-19,69.2075
1985-09-20,70.6325
1985-09-21,68.7865
1985-09-22,67.0045
1985-09-23,68.2675
1985-09-24,73.2685
1985-09-25,73.976
1985-09-26,74.0615
1985-09-27,74.764496
1985-09-28,72.404
1985-09-29,69.1745
1985-09-30,73.194
1985-10-01,69.296
1985-10-02,70.2175
1985-10-03,70.3945
1985-10-04,72.3465
1985-10-05,71.429
1985-10-06,71.991
1985-10-07,76.128
1985-10-08,74.289
1985-10-09,69.172
1985-10-10,78.537
1985-10-11,66.7835
1985-10-12,78.769
1985-10-13,59.7805
1985-10-14,62.0765
1985-10-15,83.2025
1985-10-16,74.8395
1985-10-17,75.5665
1985-10-18,76.4505
1985-10-19,80.6915
1985-10-20,79.9805
1985-10-21,81.2765
1985-10-22,79.823
1985-10-23,82.6665
1985-10-24,75.272
1985-10-25,79.194496
1985-10-26,83.564
1985-10-27,91.009285
1985-10-28,92.41
1985-10-29,92.20154
1985-10-30,85.920525
1985-10-31,90.204704
1985-11-01,93.86429
1985-11-02,88.57938
1985-11-03,81.2105
1985-11-04,80.46632
1985-11-05,83.793
1985-11-06,75.9985
1985-11-07,67.3275
1985-11-08,75.6255
1985-11-09,74.589
1985-11-10,75.363
1985-11-11,91.90615
1985-11-12,92.120834
1985-11-13,92.53111
1985-11-14,88.117226
1985-11-15,79.264496
1985-11-16,86.7885
1985-11-17,84.2721
1985-11-18,91.50857
1985-11-19,92.75467
1985-11-20,90.795334
1985-11-21,91.98529
1985-11-22,92.834
1985-11-23,92.051
1985-11-24,92.525
1985-11-25,91.688
1985-11-26,89.075
1985-11-27,90.92263
1985-11-28,90.11882
1985-11-29,76.403
1985-11-30,86.2355
1985-12-01,86.82611
1985-12-02,88.343575
1985-12-03,81.72474
1985-12-04,83.9635
1985-12-05,85.94789
1985-12-06,81.8
1985-12-07,81.958496
1985-12-08,84.16
1985-12-09,88.055
1985-12-10,85.728
1985-12-11,91.54867
1985-12-12,93.14167
1985-12-13,89.08882
1985-12-14,87.8105
1985-12-15,85.2155
1985-12-16,74.815
1985-12-17,72.909996
1985-12-18,87.5205
1985-12-19,85.3415
1985-12-20,77.6435
1985-12-21,85.22737
1985-12-22,87.71091
1985-12-23,85.97158
1985-12-24,92.23572
1985-12-25,85.00053
1985-12-26,90.98534
1985-12-27,87.34842
1985-12-28,87.22474
1985-12-29,72.2295
1985-12-30,82.775
1985-12-31,92.66846
1986-01-01,91.674614
1986-01-02,91.89273
1986-01-03,92.38308
1986-01-04,92.07
1986-01-05,82.2155
1986-01-06,87.57895
1986-01-07,88.632
1986-01-08,85.743
1986-01-09,88.6
1986-01-10,82.7765
1986-01-11,84.5095
1986-01-12,90.416115
1986-01-13,84.586
1986-01-14,77.034996
1986-01-15,85.5065
1986-01-16,82.7205
1986-01-17,70.545
1986-01-18,70.585
1986-01-19,74.2025
1986-01-20,72.3775
1986-01-21,77.634
1986-01-22,83.5335
1986-01-23,81.3535
1986-01-24,83.433685
1986-01-25,73.602
1986-01-26,73.058
1986-01-27,72.6455
1986-01-28,80.099
1986-01-29,86.555885
1986-01-30,86.998
1986-01-31,87.211
1986-02-01,88.807365
1986-02-02,91.19222
1986-02-03,82.7685
1986-02-04,76.36
1986-02-05,74.965996
1986-02-06,79.3085
1986-02-07,87.252
1986-02-08,86.67421
1986-02-09,90.36063
1986-02-10,89.74421
1986-02-11,88.357895
1986-02-12,87.771996
1986-02-13,83.8885
1986-02-14,85.5085
1986-02-15,88.38778
1986-02-16,93.10286
1986-02-17,89.60111
1986-02-18,91.562355
1986-02-19,93.67
1986-02-20,87.657776
1986-02-21,78.138
1986-02-22,85.9075
1986-02-23,86.64111
1986-02-24,87.705
1986-02-25,73.586
1986-02-26,69.993996
1986-02-27,76.6075
1986-02-28,78.6615
1986-03-01,86.4235
1986-03-02,92.685
1986-03-03,92.46875
1986-03-04,91.187996
1986-03-05,82.762
1986-03-06,84.3505
1986-03-07,86.99556
1986-03-08,87.46737
1986-03-09,90.10941
1986-03-10,86.772
1986-03-11,86.6695
1986-03-12,91.55947
1986-03-13,90.76666
1986-03-14,90.44722
1986-03-15,89.2475
1986-03-16,78.7405
1986-03-17,69.1335
1986-03-18,73.7135
1986-03-19,78.486
1986-03-20,80.6065
1986-03-21,82.872
1986-03-22,73.312996
1986-03-23,76.2315
1986-03-24,68.731
1986-03-25,88.46579
1986-03-26,88.47579
1986-03-27,80.854
1986-03-28,77.038
1986-03-29,69.62
1986-03-30,80.255
1986-03-31,64.176
1986-04-01,61.693
1986-04-02,57.67
1986-04-03,57.5895
1986-04-04,50.977997
1986-04-05,62.8195
1986-04-06,59.5855
1986-04-07,54.259
1986-04-08,43.776997
1986-04-09,49.638
1986-04-10,61.6625
1986-04-11,69.7075
1986-04-12,88.66882
1986-04-13,87.91625
1986-04-14,69.752495
1986-04-15,65.7485
1986-04-16,74.5605
1986-04-17,66.472
1986-04-18,72.8055
1986-04-19,84.47
1986-04-20,74.59
1986-04-21,63.9805
1986-04-22,60.117
1986-04-23,58.164997
1986-04-24,52.311497
1986-04-25,49.788998
1986-04-26,48.845997
1986-04-27,49.5515
1986-04-28,66.622
1986-04-29,84.644
1986-04-30,70.6165
1986-05-01,66.041
1986-05-02,65.402
1986-05-03,64.805
1986-05-04,62.539497
1986-05-05,54.721
1986-05-06,61.717
1986-05-07,59.7805
1986-05-08,64.7305
1986-05-09,65.563
1986-05-10,57.121998
1986-05-11,64.406
1986-05-12,66.5815
1986-05-13,64.901
1986-05-14,50.76
1986-05-15,54.4385
1986-05-16,76.72
1986-05-17,79.392
1986-05-18,76.521996
1986-05-19,72.666
1986-05-20,82.517
1986-05-21,75.591995
1986-05-22,67.917496
1986-05-23,66.694
1986-05-24,75.8405
1986-05-25,62.352
1986-05-26,63.0275
1986-05-27,59.111
1986-05-28,55.5235
1986-05-29,76.0995
1986-05-30,83.38684
1986-05-31,73.198
1986-06-01,83.9565
1986-06-02,69.012
1986-06-03,75.5715
1986-06-04,70.134995
1986-06-05,79.745
1986-06-06,81.6835
1986-06-07,73.6985
1986-06-08,65.5885
1986-06-09,63.883
1986-06-10,70.7805
1986-06-11,67.8465
1986-06-12,82.988
1986-06-13,86.7995
1986-06-14,81.2315
1986-06-15,75.8005
1986-06-16,73.520996
1986-06-17,73.718
1986-06-18,73.153
1986-06-19,80.2325
1986-06-20,72.9955
1986-06-21,69.88
1986-06-22,69.0075
1986-06-23,68.5085
1986-06-24,60.218998
1986-06-25,62.0515
1986-06-26,55.6655
1986-06-27,53.434498
1986-06-28,58.1375
1986-06-29,73.654
1986-06-30,78.279495
1986-07-01,71.543
1986-07-02,68.293
1986-07-03,68.4825
1986-07-04,65.8165
1986-07-05,62.177498
1986-07-06,55.642998
1986-07-07,80.214
1986-07-08,66.0175
1986-07-09,69.076004
1986-07-10,62.1195
1986-07-11,70.069
1986-07-12,70.1305
1986-07-13,73.475
1986-07-14,71.687
1986-07-15,70.1725
1986-07-16,65.9405
1986-07-17,73.831
1986-07-18,77.126
1986-07-19,78.354
1986-07-20,88.387
1986-07-21,87.861
1986-07-22,74.6385
1986-07-23,71.609
1986-07-24,71.4935
1986-07-25,62.628998
1986-07-26,63.762
1986-07-27,66.3455
1986-07-28,65.644
1986-07-29,66.645996
1986-07-30,64.762
1986-07-31,63.774998
1986-08-01,65.168
1986-08-02,70.665
1986-08-03,67.5235
1986-08-04,65.7565
1986-08-05,67.171
1986-08-06,68.993
1986-08-07,72.8715
1986-08-08,66.6425
1986-08-09,71.4835
1986-08-10,67.298
1986-08-11,67.4145
1986-08-12,64.383995
1986-08-13,64.2425
1986-08-14,65.9755
1986-08-15,62.150997
1986-08-16,61.136497
1986-08-17,61.1885
1986-08-18,56.4885
1986-08-19,68.795
1986-08-20,68.8985
1986-08-21,67.7305
1986-08-22,61.077
1986-08-23,62.1795
1986-08-24,77.593
1986-08-25,73.576
1986-08-26,70.585
1986-08-27,68.4825
1986-08-28,77.958496
1986-08-29,79.9785
1986-08-30,77.218
1986-08-31,66.3865
1986-09-01,65.1905
1986-09-02,64.2125
1986-09-03,59.971
1986-09-04,66.7415
1986-09-05,67.834496
1986-09-06,69.264496
1986-09-07,67.709
1986-09-08,68.388
1986-09-09,66.3455
1986-09-10,85.3715
1986-09-11,76.4155
1986-09-12,78.671
1986-09-13,71.6615
1986-09-14,73.076
1986-09-15,71.653496
1986-09-16,65.6045
1986-09-17,71.5795
1986-09-18,74.9525
1986-09-19,66.363
1986-09-20,68.0355
1986-09-21,62.396
1986-09-22,61.718
1986-09-23,63.0985
1986-09-24,66.585
1986-09-25,60.698498
1986-09-26,73.158
1986-09-27,76.713
1986-09-28,79.287
1986-09-29,74.4975
1986-09-30,70.7485
1986-10-01,63.1475
1986-10-02,68.0195
1986-10-03,73.1755
1986-10-04,71.612
1986-10-05,69.146996
1986-10-06,65.868004
1986-10-07,69.531494
1986-10-08,73.239
1986-10-09,76.95
1986-10-10,74.752
1986-10-11,75.9115
1986-10-12,75.733
1986-10-13,70.447
1986-10-14,67.403
1986-10-15,63.7985
1986-10-16,68.2145
1986-10-17,64.471
1986-10-18,67.7895
1986-10-19,71.223495
1986-10-20,84.946
1986-10-21,72.351
1986-10-22,72.923
1986-10-23,76.63
1986-10-24,77.704
1986-10-25,76.998
1986-10-26,84.728
1986-10-27,89.365295
1986-10-28,87.167
1986-10-29,86.625
1986-10-30,86.247
1986-10-31,85.0745
1986-11-01,81.2655
1986-11-02,86.24842
1986-11-03,72.479996
1986-11-04,75.4125
1986-11-05,74.919
1986-11-06,76.4745
1986-11-07,64.222496
1986-11-08,78.552
1986-11-09,77.8965
1986-11-10,78.2185
1986-11-11,83.8185
1986-11-12,82.806
1986-11-13,88.19812
1986-11-14,83.42778
1986-11-15,78.6295
1986-11-16,85.261
1986-11-17,92.02214
1986-11-18,92.965454
1986-11-19,90.42231
1986-11-20,89.46588
1986-11-21,92.20384
1986-11-22,88.487495
1986-11-23,81.4095
1986-11-24,87.81294
1986-11-25,83.69421
1986-11-26,92.12133
1986-11-27,90.68533
1986-11-28,84.2725
1986-11-29,90.21923
1986-11-30,89.09
1986-12-01,91.034004
1986-12-02,89.26
1986-12-03,91.80071
1986-12-04,89.34545
1986-12-05,90.805
1986-12-06,91.72455
1986-12-07,93.3475
1986-12-08,91.778
1986-12-09,86.49526
1986-12-10,89.32316
1986-12-11,88.73944
1986-12-12,88.34167
1986-12-13,86.7745
1986-12-14,88.0075
1986-12-15,91.469376
1986-12-16,92.32
1986-12-17,86.33
1986-12-18,85.0795
1986-12-19,76.302
1986-12-20,68.9015
1986-12-21,74.3855
1986-12-22,81.433
1986-12-23,75.324
1986-12-24,77.3715
1986-12-25,81.982
1986-12-26,82.9115
1986-12-27,78.996
1986-12-28,74.101
1986-12-29,75.131
1986-12-30,76.936
1986-12-31,83.35
1987-01-01,82.369
1987-01-02,88.185295
1987-01-03,73.059
1987-01-04,67.5045
1987-01-05,72.704
1987-01-06,85.158
1987-01-07,73.283
1987-01-08,67.237
1987-01-09,66.7165
1987-01-10,87.2315
1987-01-11,87.93316
1987-01-12,77.233
1987-01-13,83.2745
1987-01-14,87.363
1987-01-15,87.420525
1987-01-16,90.37937
1987-01-17,91.06182
1987-01-18,88.10588
1987-01-19,87.5605
1987-01-20,88.89
1987-01-21,87.87789
1987-01-22,89.335266
1987-01-23,89.067894
1987-01-24,85.01
1987-01-25,78.2855
1987-01-26,84.25
1987-01-27,73.4515
1987-01-28,82.506
1987-01-29,83.226
1987-01-30,71.9375
1987-01-31,74.628
1987-02-01,77.044
1987-02-02,75.824
1987-02-03,79.3425
1987-02-04,83.8695
1987-02-05,87.427895
1987-02-06,89.715294
1987-02-07,86.893
1987-02-08,65.815
1987-02-09,77.67
1987-02-10,81.446
1987-02-11,82.0365
1987-02-12,80.22
1987-02-13,86.929
1987-02-14,87.20842
1987-02-15,88.30473
1987-02-16,91.00667
1987-02-17,93.066666
1987-02-18,93.69889
1987-02-19,88.54211
1987-02-20,88.566315
1987-02-21,73.2665
1987-02-22,84.656
1987-02-23,71.731
1987-02-24,58.0165
1987-02-25,63.537
1987-02-26,66.555
1987-02-27,65.4205
1987-02-28,84.0105
1987-03-01,85.226
1987-03-02,89.64632
1987-03-03,65.0015
1987-03-04,65.288
1987-03-05,70.559
1987-03-06,68.695
1987-03-07,78.3145
1987-03-08,77.9755
1987-03-09,82.1025
1987-03-10,82.1175
1987-03-11,75.9095
1987-03-12,74.2765
1987-03-13,68.4555
1987-03-14,74.532
1987-03-15,72.617
1987-03-16,79.7
1987-03-17,70.7605
1987-03-18,70.923
1987-03-19,80.804
1987-03-20,91.11
1987-03-21,72.625496
1987-03-22,71.334
1987-03-23,73.6985
1987-03-24,66.7155
1987-03-25,63.434
1987-03-26,67.7675
1987-03-27,74.159996
1987-03-28,68.267
1987-03-29,83.7595
1987-03-30,82.8925
1987-03-31,90.325
1987-04-01,90.62
1987-04-02,91.362854
1987-04-03,76.291
1987-04-04,61.566498
1987-04-05,51.698498
1987-04-06,61.4885
1987-04-07,63.9265
1987-04-08,62.165
1987-04-09,86.01421
1987-04-10,85.1795
1987-04-11,84.6725
1987-04-12,82.6305
1987-04-13,83.2395
1987-04-14,61.753498
1987-04-15,62.4315
1987-04-16,71.027
1987-04-17,68.1755
1987-04-18,55.766
1987-04-19,59.9055
1987-04-20,64.918
1987-04-21,81.3085
1987-04-22,77.9115
1987-04-23,64.4025
1987-04-24,64.831
1987-04-25,53.9895
1987-04-26,59.560497
1987-04-27,52.7035
1987-04-28,54.586
1987-04-29,52.802998
1987-04-30,49.545998
1987-05-01,49.997997
1987-05-02,61.366497
1987-05-03,64.2755
1987-05-04,78.8225
1987-05-05,78.017
1987-05-06,92.00584
1987-05-07,81.5085
1987-05-08,58.16
1987-05-09,60.9825
1987-05-10,59.046997
1987-05-11,73.915
1987-05-12,71.612495
1987-05-13,75.058
1987-05-14,82.048
1987-05-15,77.623
1987-05-16,83.519
1987-05-17,73.7185
1987-05-18,81.122
1987-05-19,75.02
1987-05-20,76.852
1987-05-21,86.283
1987-05-22,81.6735
1987-05-23,83.058
1987-05-24,77.763
1987-05-25,71.843
1987-05-26,71.568
1987-05-27,67.308
1987-05-28,75.0485
1987-05-29,75.731995
1987-05-30,79.354
1987-05-31,66.8515
1987-06-01,72.0185
1987-06-02,68.123
1987-06-03,70.0075
1987-06-04,74.3455
1987-06-05,83.9745
1987-06-06,64.164
1987-06-07,64.536995
1987-06-08,52.3975
1987-06-09,73.077995
1987-06-10,68.9405
1987-06-11,65.513
1987-06-12,67.8395
1987-06-13,64.692
1987-06-14,66.2415
1987-06-15,60.636997
1987-06-16,70.3725
1987-06-17,73.9345
1987-06-18,66.0655
1987-06-19,68.777
1987-06-20,80.1295
1987-06-21,90.29941
1987-06-22,89.9147
1987-06-23,74.3235
1987-06-24,71.3435
1987-06-25,80.5515
1987-06-26,70.0105
1987-06-27,82.2365
1987-06-28,74.773
1987-06-29,70.809
1987-06-30,72.6325
1987-07-01,69.216
1987-07-02,71.364
1987-07-03,76.445
1987-07-04,72.773
1987-07-05,65.6715
1987-07-06,60.366497
1987-07-07,59.878998
1987-07-08,57.7295
1987-07-09,73.6665
1987-07-10,66.68
1987-07-11,59.5615
1987-07-12,59.8975
1987-07-13,67.6595
1987-07-14,66.542
1987-07-15,66.6215
1987-07-16,68.6495
1987-07-17,61.608997
1987-07-18,58.253498
1987-07-19,50.8115
1987-07-20,58.024
1987-07-21,52.3125
1987-07-22,59.165497
1987-07-23,55.344498
1987-07-24,59.139
1987-07-25,74.547
1987-07-26,85.971
1987-07-27,60.5975
1987-07-28,72.5615
1987-07-29,67.2975
1987-07-30,58.6275
1987-07-31,78.7335
1987-08-01,69.9915
1987-08-02,79.3095
1987-08-03,72.1245
1987-08-04,83.1255
1987-08-05,88.33833
1987-08-06,67.803
1987-08-07,73.395
1987-08-08,76.178
1987-08-09,68.7765
1987-08-10,76.213
1987-08-11,74.0405
1987-08-12,73.271996
1987-08-13,74.95
1987-08-14,75.7195
1987-08-15,80.4315
1987-08-16,67.9615
1987-08-17,76.82
1987-08-18,71.675995
1987-08-19,77.312996
1987-08-20,76.886
1987-08-21,73.5255
1987-08-22,68.048
1987-08-23,67.5225
1987-08-24,63.2025
1987-08-25,61.0095
1987-08-26,74.076996
1987-08-27,68.7385
1987-08-28,69.394
1987-08-29,73.367
1987-08-30,73.8305
1987-08-31,73.1505
1987-09-01,67.9065
1987-09-02,67.11
1987-09-03,72.437
1987-09-04,68.0015
1987-09-05,68.205
1987-09-06,77.528
1987-09-07,72.778
1987-09-08,77.7975
1987-09-09,73.5035
1987-09-10,70.3325
1987-09-11,68.462
1987-09-12,72.923
1987-09-13,67.1095
1987-09-14,67.2745
1987-09-15,66.548
1987-09-16,63.3555
1987-09-17,69.4715
1987-09-18,70.9065
1987-09-19,72.183495
1987-09-20,63.637
1987-09-21,66.6245
1987-09-22,68.0
1987-09-23,62.097
1987-09-24,63.3605
1987-09-25,83.1805
1987-09-26,70.951996
1987-09-27,82.6365
1987-09-28,77.9715
1987-09-29,73.7415
1987-09-30,73.3415
1987-10-01,67.438995
1987-10-02,69.9055
1987-10-03,64.048996
1987-10-04,62.195
1987-10-05,65.0415
1987-10-06,55.6445
1987-10-07,69.6165
1987-10-08,73.914
1987-10-09,72.612
1987-10-10,73.6745
1987-10-11,64.352
1987-10-12,76.049995
1987-10-13,85.6505
1987-10-14,77.484
1987-10-15,68.417
1987-10-16,67.271996
1987-10-17,77.1975
1987-10-18,88.2605
1987-10-19,84.065
1987-10-20,84.3545
1987-10-21,87.116
1987-10-22,81.162
1987-10-23,71.319496
1987-10-24,82.849
1987-10-25,86.8685
1987-10-26,87.082504
1987-10-27,73.992
1987-10-28,69.741
1987-10-29,64.6455
1987-10-30,61.864998
1987-10-31,67.28
1987-11-01,74.7215
1987-11-02,89.49737
1987-11-03,89.52
1987-11-04,70.391
1987-11-05,76.2965
1987-11-06,82.99944
1987-11-07,83.77
1987-11-08,90.31333
1987-11-09,90.064285
1987-11-10,94.06
1987-11-11,92.74286
1987-11-12,90.3025
1987-11-13,80.618996
1987-11-14,84.1585
1987-11-15,92.80692
1987-11-16,89.60429
1987-11-17,92.228
1987-11-18,81.2355
1987-11-19,85.092
1987-11-20,88.69
1987-11-21,88.26833
1987-11-22,86.296
1987-11-23,84.19
1987-11-24,85.744446
1987-11-25,81.6565
1987-11-26,88.525
1987-11-27,90.99438
1987-11-28,91.267334
1987-11-29,90.270004
1987-11-30,91.042854
1987-12-01,83.63737
1987-12-02,86.932106
1987-12-03,87.82
1987-12-04,87.384735
1987-12-05,85.56158
1987-12-06,89.79692
1987-12-07,88.016
1987-12-08,83.831
1987-12-09,74.8835
1987-12-10,77.156
1987-12-11,79.0805
1987-12-12,84.02
1987-12-13,88.435
1987-12-14,88.319336
1987-12-15,92.305885
1987-12-16,90.7825
1987-12-17,92.153336
1987-12-18,91.15462
1987-12-19,90.3675
1987-12-20,79.363495
1987-12-21,77.531
1987-12-22,83.251
1987-12-23,75.584
1987-12-24,84.92105
1987-12-25,91.679
1987-12-26,91.48167
1987-12-27,88.55647
1987-12-28,76.542
1987-12-29,73.3745
1987-12-30,79.3515
1987-12-31,86.138
1988-01-01,93.04769
1988-01-02,92.326004
1988-01-03,87.42158
1988-01-04,90.81357
1988-01-05,86.714
1988-01-06,82.494736
1988-01-07,83.94
1988-01-08,75.606
1988-01-09,83.9935
1988-01-10,91.66273
1988-01-11,91.77714
1988-01-12,82.2895
1988-01-13,87.77631
1988-01-14,92.82917
1988-01-15,90.73529
1988-01-16,92.62666
1988-01-17,93.7375
1988-01-18,91.89933
1988-01-19,90.816
1988-01-20,93.212
1988-01-21,89.95944
1988-01-22,91.71421
1988-01-23,87.944214
1988-01-24,83.8545
1988-01-25,83.9805
1988-01-26,92.293846
1988-01-27,80.089
1988-01-28,87.84
1988-01-29,83.22211
1988-01-30,87.994
1988-01-31,76.5255
1988-02-01,74.3285
1988-02-02,84.106
1988-02-03,79.5475
1988-02-04,76.0885
1988-02-05,87.47211
1988-02-06,76.660995
1988-02-07,71.6745
1988-02-08,84.749
1988-02-09,75.695
1988-02-10,85.316
1988-02-11,84.1435
1988-02-12,84.81579
1988-02-13,80.715
1988-02-14,87.094734
1988-02-15,88.359
1988-02-16,78.963
1988-02-17,84.69
1988-02-18,77.798996
1988-02-19,79.14
1988-02-20,77.386
1988-02-21,71.267
1988-02-22,76.3005
1988-02-23,68.3385
1988-02-24,82.711
1988-02-25,89.77263
1988-02-26,87.37444
1988-02-27,89.94647
1988-02-28,84.846
1988-02-29,87.733
1988-03-01,78.666
1988-03-02,71.9905
1988-03-03,72.474
1988-03-04,70.926
1988-03-05,80.767
1988-03-06,77.3735
1988-03-07,83.80842
1988-03-08,70.561
1988-03-09,82.250496
1988-03-10,73.9785
1988-03-11,74.511
1988-03-12,72.8805
1988-03-13,85.098
1988-03-14,86.57263
1988-03-15,80.751
1988-03-16,68.2555
1988-03-17,72.7635
1988-03-18,65.029495
1988-03-19,62.8775
1988-03-20,67.661
1988-03-21,71.752495
1988-03-22,89.42728
1988-03-23,85.1195
1988-03-24,76.1795
1988-03-25,71.407
1988-03-26,67.226
1988-03-27,77.5085
1988-03-28,66.289
1988-03-29,66.059
1988-03-30,56.920998
1988-03-31,72.1005
1988-04-01,79.619995
1988-04-02,70.164
1988-04-03,72.4155
1988-04-04,72.3115
1988-04-05,82.126495
1988-04-06,76.4735
1988-04-07,77.7765
1988-04-08,73.317
1988-04-09,71.538
1988-04-10,78.8605
1988-04-11,66.34
1988-04-12,55.671997
1988-04-13,83.843
1988-04-14,47.149498
1988-04-15,51.041
1988-04-16,59.892498
1988-04-17,61.1815
1988-04-18,52.1695
1988-04-19,58.243
1988-04-20,59.12
1988-04-21,65.902
1988-04-22,68.421
1988-04-23,69.807495
1988-04-24,84.7415
1988-04-25,76.054
1988-04-26,80.549995
1988-04-27,69.998
1988-04-28,76.0105
1988-04-29,78.4775
1988-04-30,76.1515
1988-05-01,64.4845
1988-05-02,61.84
1988-05-03,60.7735
1988-05-04,61.406998
1988-05-05,71.6745
1988-05-06,79.935
1988-05-07,65.9195
1988-05-08,61.7
1988-05-09,60.330498
1988-05-10,48.945
1988-05-11,60.0845
1988-05-12,62.086998
1988-05-13,72.445
1988-05-14,66.1915
1988-05-15,68.944
1988-05-16,75.795
1988-05-17,73.7915
1988-05-18,66.83
1988-05-19,69.0935
1988-05-20,80.6565
1988-05-21,77.635
1988-05-22,78.747
1988-05-23,78.6655
1988-05-24,74.9925
1988-05-25,70.837
1988-05-26,74.9995
1988-05-27,76.726
1988-05-28,70.4995
1988-05-29,67.514496
1988-05-30,64.199
1988-05-31,59.677998
1988-06-01,87.03824
1988-06-02,61.1595
1988-06-03,61.2775
1988-06-04,58.4475
1988-06-05,73.169
1988-06-06,77.188
1988-06-07,67.086
1988-06-08,64.0265
1988-06-09,61.447
1988-06-10,58.577
1988-06-11,68.502
1988-06-12,72.229
1988-06-13,79.353
1988-06-14,60.684498
1988-06-15,63.5285
1988-06-16,71.988
1988-06-17,65.237
1988-06-18,58.916
1988-06-19,66.2155
1988-06-20,66.390495
1988-06-21,60.8625
1988-06-22,57.329998
1988-06-23,69.374
1988-06-24,66.561
1988-06-25,71.498
1988-06-26,73.702995
1988-06-27,71.867
1988-06-28,74.4435
1988-06-29,74.077995
1988-06-30,65.9655
1988-07-01,69.97
1988-07-02,70.894
1988-07-03,60.017498
1988-07-04,62.807
1988-07-05,55.755997
1988-07-06,52.939
1988-07-07,57.984497
1988-07-08,59.9815
1988-07-09,64.594
1988-07-10,51.821
1988-07-11,58.658497
1988-07-12,63.6595
1988-07-13,64.5935
1988-07-14,70.6705
1988-07-15,81.6245
1988-07-16,81.695496
1988-07-17,63.7765
1988-07-18,68.4715
1988-07-19,68.4035
1988-07-20,65.5945
1988-07-21,62.375
1988-07-22,61.899498
1988-07-23,61.7245
1988-07-24,54.538998
1988-07-25,54.475998
1988-07-26,58.5515
1988-07-27,54.89
1988-07-28,53.834
1988-07-29,56.2465
1988-07-30,67.4695
1988-07-31,59.851498
1988-08-01,59.428497
1988-08-02,55.0505
1988-08-03,58.0585
1988-08-04,76.22
1988-08-05,76.668495
1988-08-06,60.124
1988-08-07,67.018
1988-08-08,63.822
1988-08-09,62.9515
1988-08-10,62.2355
1988-08-11,60.939
1988-08-12,55.7175
1988-08-13,58.243
1988-08-14,60.7415
1988-08-15,58.841
1988-08-16,63.592
1988-08-17,66.522
1988-08-18,59.712498
1988-08-19,56.767498
1988-08-20,47.551
1988-08-21,76.456
1988-08-22,90.87556
1988-08-23,85.68895
1988-08-24,73.219
1988-08-25,76.4745
1988-08-26,68.552
1988-08-27,68.2455
1988-08-28,68.937
1988-08-29,65.646996
1988-08-30,67.5195
1988-08-31,71.929
1988-09-01,72.721
1988-09-02,73.819
1988-09-03,66.585
1988-09-04,67.4425
1988-09-05,74.292496
1988-09-06,70.0455
1988-09-07,70.0255
1988-09-08,69.3165
1988-09-09,72.5305
1988-09-10,71.991
1988-09-11,70.6485
1988-09-12,71.2425
1988-09-13,87.945
1988-09-14,90.98294
1988-09-15,93.14733
1988-09-16,83.506
1988-09-17,88.62842
1988-09-18,78.326996
1988-09-19,77.9715
1988-09-20,83.2745
1988-09-21,81.361
1988-09-22,88.615
1988-09-23,84.447
1988-09-24,78.4245
1988-09-25,74.9165
1988-09-26,74.3275
1988-09-27,77.926994
1988-09-28,77.7495
1988-09-29,73.254
1988-09-30,73.2545
1988-10-01,77.835495
1988-10-02,80.587
1988-10-03,74.222496
1988-10-04,70.5675
1988-10-05,76.265
1988-10-06,91.6575
1988-10-07,86.224
1988-10-08,81.65
1988-10-09,69.0375
1988-10-10,72.9355
1988-10-11,77.7045
1988-10-12,78.5325
1988-10-13,79.1475
1988-10-14,75.217
1988-10-15,70.7705
1988-10-16,69.0245
1988-10-17,68.070496
1988-10-18,76.507996
1988-10-19,80.594
1988-10-20,82.8175
1988-10-21,83.5685
1988-10-22,77.751495
1988-10-23,82.2325
1988-10-24,82.81
1988-10-25,85.256
1988-10-26,65.751
1988-10-27,69.625
1988-10-28,73.1895
1988-10-29,80.723495
1988-10-30,79.9605
1988-10-31,71.948
1988-11-01,70.876495
1988-11-02,65.6005
1988-11-03,79.1485
1988-11-04,68.1095
1988-11-05,76.52
1988-11-06,81.8875
1988-11-07,78.6405
1988-11-08,81.8075
1988-11-09,84.71316
1988-11-10,86.18105
1988-11-11,87.221
1988-11-12,89.50285
1988-11-13,89.82687
1988-11-14,78.2875
1988-11-15,75.112495
1988-11-16,77.6465
1988-11-17,80.340996
1988-11-18,85.686
1988-11-19,75.626
1988-11-20,70.5665
1988-11-21,90.79471
1988-11-22,79.9415
1988-11-23,78.2575
1988-11-24,82.083
1988-11-25,85.467
1988-11-26,91.172104
1988-11-27,87.9155
1988-11-28,83.437004
1988-11-29,75.751
1988-11-30,77.2935
1988-12-01,89.9975
1988-12-02,93.38
1988-12-03,90.24333
1988-12-04,87.7305
1988-12-05,82.5575
1988-12-06,81.589
1988-12-07,76.9785
1988-12-08,81.0175
1988-12-09,82.826
1988-12-10,82.061
1988-12-11,77.7095
1988-12-12,80.9845
1988-12-13,80.2015
1988-12-14,75.347
1988-12-15,63.834
1988-12-16,74.4165
1988-12-17,74.935
1988-12-18,77.6295
1988-12-19,72.779
1988-12-20,79.831
1988-12-21,71.315
1988-12-22,76.227
1988-12-23,79.3785
1988-12-24,75.7725
1988-12-25,69.358
1988-12-26,78.3735
1988-12-27,84.236496
1988-12-28,83.1155
1988-12-29,87.621056
1988-12-30,88.454
1988-12-31,86.83667
1989-01-01,78.8015
1989-01-02,79.9785
1989-01-03,84.6325
1989-01-04,88.31824
1989-01-05,90.75647
1989-01-06,90.58667
1989-01-07,90.5005
1989-01-08,87.0725
1989-01-09,89.82687
1989-01-10,92.452225
1989-01-11,90.892944
1989-01-12,93.8275
1989-01-13,92.33
1989-01-14,91.45778
1989-01-15,86.83789
1989-01-16,84.9225
1989-01-17,89.80778
1989-01-18,91.37789
1989-01-19,89.443886
1989-01-20,89.61667
1989-01-21,92.78
1989-01-22,92.744545
1989-01-23,89.55684
1989-01-24,84.94632
1989-01-25,84.379
1989-01-26,83.5775
1989-01-27,89.38333
1989-01-28,91.663574
1989-01-29,89.66688
1989-01-30,86.156
1989-01-31,83.77278
1989-02-01,91.17467
1989-02-02,91.40909
1989-02-03,90.03267
1989-02-04,93.04
1989-02-05,88.36588
1989-02-06,86.4235
1989-02-07,86.7415
1989-02-08,88.917854
1989-02-09,88.80789
1989-02-10,82.493
1989-02-11,75.3875
1989-02-12,85.0335
1989-02-13,77.094
1989-02-14,74.796
1989-02-15,69.911995
1989-02-16,69.055
1989-02-17,63.540497
1989-02-18,70.5065
1989-02-19,78.0765
1989-02-20,67.282
1989-02-21,81.6615
1989-02-22,84.9305
1989-02-23,82.014
1989-02-24,63.9735
1989-02-25,61.6335
1989-02-26,77.567
1989-02-27,83.187
1989-02-28,70.3415
1989-03-01,68.1235
1989-03-02,69.038
1989-03-03,81.8555
1989-03-04,86.266
1989-03-05,68.918
1989-03-06,67.074
1989-03-07,64.4765
1989-03-08,68.131
1989-03-09,69.381996
1989-03-10,69.826996
1989-03-11,71.0985
1989-03-12,73.2715
1989-03-13,80.292
1989-03-14,75.548
1989-03-15,70.5985
1989-03-16,65.75
1989-03-17,58.3645
1989-03-18,72.859
1989-03-19,81.377
1989-03-20,85.0325
1989-03-21,91.776474
1989-03-22,64.509
1989-03-23,67.922
1989-03-24,58.7365
1989-03-25,55.163
1989-03-26,59.467
1989-03-27,58.479
1989-03-28,56.8435
1989-03-29,55.859497
1989-03-30,66.4275
1989-03-31,53.177
1989-04-01,52.826
1989-04-02,87.8815
1989-04-03,81.6895
1989-04-04,68.157
1989-04-05,54.6885
1989-04-06,71.264
1989-04-07,69.333
1989-04-08,65.2055
1989-04-09,62.946
1989-04-10,59.267998
1989-04-11,55.156498
1989-04-12,56.823997
1989-04-13,63.3835
1989-04-14,87.94579
1989-04-15,84.34052
1989-04-16,74.476
1989-04-17,74.014
1989-04-18,80.3965
1989-04-19,77.3605
1989-04-20,64.4495
1989-04-21,63.178497
1989-04-22,61.760498
1989-04-23,78.850494
1989-04-24,72.768
1989-04-25,70.61
1989-04-26,63.513496
1989-04-27,79.199
1989-04-28,86.4235
1989-04-29,79.485
1989-04-30,91.38052
1989-05-01,91.91929
1989-05-02,88.583
1989-05-03,80.0675
1989-05-04,74.1325
1989-05-05,66.046
1989-05-06,73.526
1989-05-07,64.369
1989-05-08,57.6375
1989-05-09,68.1295
1989-05-10,62.6555
1989-05-11,60.7085
1989-05-12,56.4925
1989-05-13,65.789
1989-05-14,79.7445
1989-05-15,86.649
1989-05-16,88.77368
1989-05-17,84.714
1989-05-18,82.1275
1989-05-19,82.7335
1989-05-20,82.589
1989-05-21,79.93
1989-05-22,61.603
1989-05-23,57.251
1989-05-24,60.2995
1989-05-25,61.077
1989-05-26,60.447998
1989-05-27,60.8505
1989-05-28,65.9
1989-05-29,75.795
1989-05-30,69.5505
1989-05-31,72.652
1989-06-01,86.4255
1989-06-02,86.585266
1989-06-03,79.775
1989-06-04,84.584
1989-06-05,68.465
1989-06-06,80.659
1989-06-07,61.5425
1989-06-08,74.766
1989-06-09,62.5305
1989-06-10,54.510998
1989-06-11,50.575497
1989-06-12,63.9675
1989-06-13,81.92
1989-06-14,80.1495
1989-06-15,58.7025
1989-06-16,71.5115
1989-06-17,74.715
1989-06-18,81.6615
1989-06-19,71.7215
1989-06-20,81.319496
1989-06-21,76.8305
1989-06-22,72.099
1989-06-23,86.2255
1989-06-24,77.577995
1989-06-25,78.5055
1989-06-26,79.326996
1989-06-27,77.8735
1989-06-28,77.2765
1989-06-29,65.7775
1989-06-30,62.709
1989-07-01,61.115997
1989-07-02,61.277
1989-07-03,66.067
1989-07-04,59.8565
1989-07-05,68.082
1989-07-06,59.621
1989-07-07,61.09
1989-07-08,61.476498
1989-07-09,56.231
1989-07-10,67.8215
1989-07-11,68.5595
1989-07-12,75.3715
1989-07-13,77.1155
1989-07-14,72.066
1989-07-15,68.091
1989-07-16,62.543
1989-07-17,59.428497
1989-07-18,60.072
1989-07-19,68.972496
1989-07-20,56.558
1989-07-21,56.511497
1989-07-22,53.6435
1989-07-23,53.8835
1989-07-24,58.744
1989-07-25,70.06
1989-07-26,80.8935
1989-07-27,65.7445
1989-07-28,75.161
1989-07-29,75.750496
1989-07-30,69.1875
1989-07-31,75.7725
1989-08-01,86.218
1989-08-02,70.1055
1989-08-03,71.104
1989-08-04,72.8335
1989-08-05,68.5065
1989-08-06,66.219
1989-08-07,71.2285
1989-08-08,72.5535
1989-08-09,88.90158
1989-08-10,72.7535
1989-08-11,76.7995
1989-08-12,69.728
1989-08-13,75.15
1989-08-14,71.4115
1989-08-15,70.51
1989-08-16,68.7755
1989-08-17,60.725
1989-08-18,68.209
1989-08-19,79.2985
1989-08-20,78.1445
1989-08-21,76.18
1989-08-22,81.048996
1989-08-23,75.42
1989-08-24,75.3915
1989-08-25,73.3405
1989-08-26,84.649
1989-08-27,84.906
1989-08-28,87.85333
1989-08-29,74.3985
1989-08-30,84.15
1989-08-31,81.7865
1989-09-01,72.974
1989-09-02,73.159996
1989-09-03,88.44526
1989-09-04,87.3495
1989-09-05,81.972
1989-09-06,75.684
1989-09-07,69.878
1989-09-08,74.1975
1989-09-09,81.672
1989-09-10,83.843
1989-09-11,75.825
1989-09-12,84.8285
1989-09-13,71.596
1989-09-14,83.9705
1989-09-15,74.687
1989-09-16,73.129
1989-09-17,73.9705
1989-09-18,78.3025
1989-09-19,70.448
1989-09-20,72.9245
1989-09-21,74.485
1989-09-22,69.481
1989-09-23,72.0665
1989-09-24,69.371
1989-09-25,75.183
1989-09-26,75.8395
1989-09-27,77.5355
1989-09-28,82.43421
1989-09-29,85.143
1989-09-30,67.041
1989-10-01,68.171
1989-10-02,68.7155
1989-10-03,77.113
1989-10-04,73.3675
1989-10-05,74.882996
1989-10-06,77.11
1989-10-07,83.1505
1989-10-08,91.3225
1989-10-09,87.44473
1989-10-10,87.0475
1989-10-11,70.669
1989-10-12,72.9305
1989-10-13,74.0175
1989-10-14,76.3935
1989-10-15,77.4155
1989-10-16,65.951996
1989-10-17,72.581
1989-10-18,74.793495
1989-10-19,77.907
1989-10-20,79.1415
1989-10-21,78.764496
1989-10-22,78.223
1989-10-23,72.437
1989-10-24,73.6445
1989-10-25,77.485
1989-10-26,78.0325
1989-10-27,78.8225
1989-10-28,74.764
1989-10-29,70.165
1989-10-30,82.713
1989-10-31,77.766495
1989-11-01,77.0755
1989-11-02,74.8775
1989-11-03,74.889
1989-11-04,72.044
1989-11-05,73.693
1989-11-06,84.447
1989-11-07,83.026
1989-11-08,85.495
1989-11-09,85.99263
1989-11-10,83.81
1989-11-11,85.58158
1989-11-12,88.865
1989-11-13,89.38944
1989-11-14,87.56117
1989-11-15,76.545
1989-11-16,72.1635
1989-11-17,74.514496
1989-11-18,71.8115
1989-11-19,79.849
1989-11-20,79.9775
1989-11-21,87.05278
1989-11-22,82.3405
1989-11-23,74.2465
1989-11-24,66.571
1989-11-25,77.526
1989-11-26,64.138
1989-11-27,74.5675
1989-11-28,66.2415
1989-11-29,58.323498
1989-11-30,74.1295
1989-12-01,72.9145
1989-12-02,74.5865
1989-12-03,81.502
1989-12-04,85.63052
1989-12-05,87.43166
1989-12-06,88.0995
1989-12-07,84.122
1989-12-08,77.6215
1989-12-09,77.62
1989-12-10,60.554
1989-12-11,66.146996
1989-12-12,71.7205
1989-12-13,74.7355
1989-12-14,68.248
1989-12-15,67.835
1989-12-16,73.218
1989-12-17,61.8465
1989-12-18,81.3575
1989-12-19,63.0905
1989-12-20,78.391
1989-12-21,78.7305
1989-12-22,79.0495
1989-12-23,71.458496
1989-12-24,80.0955
1989-12-25,88.0275
1989-12-26,89.45
1989-12-27,89.817856
1989-12-28,90.24555
1989-12-29,91.19529
1989-12-30,91.46077
1989-12-31,92.91
1990-01-01,88.77353
1990-01-02,80.15263
1990-01-03,85.5705
1990-01-04,79.747
1990-01-05,80.48
1990-01-06,76.837
1990-01-07,85.2185
1990-01-08,84.836
1990-01-09,84.5685
1990-01-10,80.59
1990-01-11,88.72158
1990-01-12,88.51211
1990-01-13,90.69846
1990-01-14,90.351875
1990-01-15,89.68125
1990-01-16,80.9775
1990-01-17,71.525
1990-01-18,82.4825
1990-01-19,67.854996
1990-01-20,69.912
1990-01-21,71.1505
1990-01-22,74.4725
1990-01-23,80.421
1990-01-24,74.193
1990-01-25,72.3565
1990-01-26,75.138
1990-01-27,82.458496
1990-01-28,76.897
1990-01-29,84.422
1990-01-30,86.49158
1990-01-31,87.63812
1990-02-01,80.939
1990-02-02,81.3975
1990-02-03,76.408
1990-02-04,68.9135
1990-02-05,74.4155
1990-02-06,71.608
1990-02-07,72.97
1990-02-08,75.306496
1990-02-09,61.3325
1990-02-10,72.6125
1990-02-11,76.175995
1990-02-12,88.40211
1990-02-13,79.716995
1990-02-14,81.1655
1990-02-15,75.1825
1990-02-16,62.357
1990-02-17,63.1995
1990-02-18,68.2165
1990-02-19,72.798996
1990-02-20,78.6055
1990-02-21,75.9475
1990-02-22,71.4255
1990-02-23,71.524
1990-02-24,65.124
1990-02-25,61.275997
1990-02-26,54.672997
1990-02-27,74.7755
1990-02-28,60.531
1990-03-01,56.797997
1990-03-02,71.805
1990-03-03,54.3845
1990-03-04,64.793
1990-03-05,62.6205
1990-03-06,52.204
1990-03-07,53.212997
1990-03-08,53.969498
1990-03-09,56.961998
1990-03-10,60.4685
1990-03-11,65.49
1990-03-12,57.5645
1990-03-13,53.121998
1990-03-14,58.9165
1990-03-15,62.879498
1990-03-16,55.0415
1990-03-17,53.795
1990-03-18,52.0
1990-03-19,49.726498
1990-03-20,51.038498
1990-03-21,52.8335
1990-03-22,52.2995
1990-03-23,67.631
1990-03-24,64.5305
1990-03-25,78.364
1990-03-26,81.54
1990-03-27,89.226845
1990-03-28,82.279
1990-03-29,86.111
1990-03-30,85.78737
1990-03-31,70.034996
1990-04-01,71.1185
1990-04-02,61.2855
1990-04-03,55.318
1990-04-04,75.644
1990-04-05,68.937
1990-04-06,74.0475
1990-04-07,86.569
1990-04-08,82.1745
1990-04-09,65.667
1990-04-10,78.1535
1990-04-11,57.971
1990-04-12,64.8675
1990-04-13,64.072
1990-04-14,62.595497
1990-04-15,57.304996
1990-04-16,68.9835
1990-04-17,79.312996
1990-04-18,79.338
1990-04-19,75.109
1990-04-20,81.849495
1990-04-21,87.73579
1990-04-22,70.613495
1990-04-23,87.3679
1990-04-24,65.056496
1990-04-25,65.479
1990-04-26,72.188995
1990-04-27,62.1255
1990-04-28,65.498
1990-04-29,56.2185
1990-04-30,59.989
1990-05-01,75.6145
1990-05-02,59.656
1990-05-03,42.474
1990-05-04,58.316998
1990-05-05,57.2795
1990-05-06,60.348
1990-05-07,62.302
1990-05-08,64.39
1990-05-09,64.6435
1990-05-10,63.9455
1990-05-11,57.726498
1990-05-12,74.9975
1990-05-13,69.917
1990-05-14,68.7435
1990-05-15,65.612
1990-05-16,66.8695
1990-05-17,66.311
1990-05-18,68.941
1990-05-19,62.794
1990-05-20,52.874
1990-05-21,60.455498
1990-05-22,71.3735
1990-05-23,72.0955
1990-05-24,63.777
1990-05-25,67.46
1990-05-26,62.534
1990-05-27,65.234
1990-05-28,55.066998
1990-05-29,52.275497
1990-05-30,50.0195
1990-05-31,53.169
1990-06-01,55.594498
1990-06-02,54.8905
1990-06-03,80.0865
1990-06-04,63.711998
1990-06-05,81.888504
1990-06-06,76.004
1990-06-07,81.4475
1990-06-08,83.314
1990-06-09,67.13
1990-06-10,85.738
1990-06-11,69.6165
1990-06-12,73.9715
1990-06-13,90.388885
1990-06-14,78.9475
1990-06-15,77.6625
1990-06-16,74.716995
1990-06-17,72.1535
1990-06-18,69.407
1990-06-19,69.0095
1990-06-20,64.673
1990-06-21,74.097496
1990-06-22,67.5355
1990-06-23,75.052
1990-06-24,61.317997
1990-06-25,57.76
1990-06-26,58.8125
1990-06-27,61.086
1990-06-28,57.1945
1990-06-29,61.142
1990-06-30,57.4505
1990-07-01,59.501
1990-07-02,75.354
1990-07-03,75.3185
1990-07-04,85.075
1990-07-05,60.150497
1990-07-06,76.8515
1990-07-07,57.7005
1990-07-08,57.9945
1990-07-09,63.8845
1990-07-10,72.9245
1990-07-11,70.276
1990-07-12,59.893997
1990-07-13,63.2275
1990-07-14,58.7365
1990-07-15,54.834
1990-07-16,52.9715
1990-07-17,54.761997
1990-07-18,75.578995
1990-07-19,63.351997
1990-07-20,60.1075
1990-07-21,56.3835
1990-07-22,53.6675
1990-07-23,54.159
1990-07-24,60.052998
1990-07-25,79.744995
1990-07-26,62.262
1990-07-27,62.010998
1990-07-28,53.765
1990-07-29,56.2245
1990-07-30,56.011497
1990-07-31,53.4935
1990-08-01,52.7395
1990-08-02,50.307
1990-08-03,49.6605
1990-08-04,50.027
1990-08-05,49.154
1990-08-06,45.006
1990-08-07,71.2445
1990-08-08,80.2915
1990-08-09,69.8595
1990-08-10,64.0095
1990-08-11,68.0125
1990-08-12,60.784
1990-08-13,58.926
1990-08-14,53.671
1990-08-15,54.8495
1990-08-16,66.1325
1990-08-17,62.392498
1990-08-18,70.666
1990-08-19,61.7275
1990-08-20,53.206497
1990-08-21,72.8995
1990-08-22,67.215
1990-08-23,59.574997
1990-08-24,65.043
1990-08-25,64.9685
1990-08-26,58.1385
1990-08-27,55.7455
1990-08-28,57.065
1990-08-29,56.440998
1990-08-30,58.1745
1990-08-31,57.594498
1990-09-01,65.792496
1990-09-02,71.739
1990-09-03,66.681496
1990-09-04,67.34
1990-09-05,78.999
1990-09-06,68.762
1990-09-07,68.4495
1990-09-08,71.762
1990-09-09,68.321
1990-09-10,71.313
1990-09-11,76.846
1990-09-12,72.2585
1990-09-13,70.1315
1990-09-14,73.008
1990-09-15,66.5685
1990-09-16,77.7425
1990-09-17,70.3725
1990-09-18,78.207
1990-09-19,69.1765
1990-09-20,68.473495
1990-09-21,83.0315
1990-09-22,71.1055
1990-09-23,73.149
1990-09-24,86.85526
1990-09-25,75.542496
1990-09-26,86.6105
1990-09-27,75.5465
1990-09-28,74.8455
1990-09-29,73.6485
1990-09-30,66.8705
1990-10-01,70.087
1990-10-02,83.43
1990-10-03,71.9705
1990-10-04,78.086494
1990-10-05,81.7765
1990-10-06,75.937
1990-10-07,80.54
1990-10-08,81.195
1990-10-09,75.77
1990-10-10,73.467995
1990-10-11,80.027
1990-10-12,73.4075
1990-10-13,69.746
1990-10-14,74.238
1990-10-15,71.786
1990-10-16,69.7255
1990-10-17,69.919495
1990-10-18,71.247
1990-10-19,76.7005
1990-10-20,83.54316
1990-10-21,64.8355
1990-10-22,65.789
1990-10-23,69.931
1990-10-24,71.3965
1990-10-25,70.819496
1990-10-26,72.9075
1990-10-27,79.9575
1990-10-28,86.934
1990-10-29,83.6425
1990-10-30,81.256996
1990-10-31,77.6565
1990-11-01,86.994446
1990-11-02,88.82632
1990-11-03,88.039474
1990-11-04,91.24529
1990-11-05,79.955
1990-11-06,81.055
1990-11-07,82.727
1990-11-08,78.1335
1990-11-09,85.168
1990-11-10,84.34882
1990-11-11,92.882
1990-11-12,89.772
1990-11-13,87.40945
1990-11-14,87.18
1990-11-15,91.79625
1990-11-16,89.248
1990-11-17,87.37158
1990-11-18,85.0215
1990-11-19,84.177
1990-11-20,88.95052
1990-11-21,79.085
1990-11-22,84.6555
1990-11-23,84.0875
1990-11-24,89.56722
1990-11-25,83.5965
1990-11-26,78.1885
1990-11-27,91.19
1990-11-28,91.96429
1990-11-29,85.75579
1990-11-30,84.91789
1990-12-01,73.918495
1990-12-02,83.63
1990-12-03,83.835
1990-12-04,84.7465
1990-12-05,86.03684
1990-12-06,82.002106
1990-12-07,89.52533
1990-12-08,91.43455
1990-12-09,90.08667
1990-12-10,89.284996
1990-12-11,87.89842
1990-12-12,92.977
1990-12-13,87.1545
1990-12-14,84.46
1990-12-15,89.538826
1990-12-16,90.0947
1990-12-17,91.21158
1990-12-18,92.675835
1990-12-19,91.57072
1990-12-20,89.171
1990-12-21,88.737
1990-12-22,87.041
1990-12-23,91.816666
1990-12-24,79.056496
1990-12-25,78.449
1990-12-26,85.3435
1990-12-27,89.569336
1990-12-28,88.5435
1990-12-29,90.4575
1990-12-30,83.8145
1990-12-31,90.28117
1991-01-01,91.21687
1991-01-02,73.9975
1991-01-03,76.6045
1991-01-04,79.996
1991-01-05,86.0655
1991-01-06,87.055
1991-01-07,82.96632
1991-01-08,89.14066
1991-01-09,88.86588
1991-01-10,81.3785
1991-01-11,78.3845
1991-01-12,80.6545
1991-01-13,87.30789
1991-01-14,72.585
1991-01-15,65.636
1991-01-16,76.682
1991-01-17,78.7835
1991-01-18,77.287
1991-01-19,77.111
1991-01-20,83.22737
1991-01-21,84.502
1991-01-22,85.881996
1991-01-23,76.564995
1991-01-24,77.2805
1991-01-25,77.3825
1991-01-26,87.73842
1991-01-27,86.61632
1991-01-28,79.7065
1991-01-29,74.2835
1991-01-30,70.3205
1991-01-31,58.558
1991-02-01,67.8225
1991-02-02,67.9195
1991-02-03,65.45
1991-02-04,66.5445
1991-02-05,78.099
1991-02-06,83.197
1991-02-07,89.13111
1991-02-08,92.38267
1991-02-09,90.221664
1991-02-10,82.7875
1991-02-11,87.79948
1991-02-12,92.06
1991-02-13,80.5345
1991-02-14,80.506
1991-02-15,75.4105
1991-02-16,79.194496
1991-02-17,76.719
1991-02-18,78.8515
1991-02-19,83.992
1991-02-20,87.2795
1991-02-21,81.6635
1991-02-22,83.958496
1991-02-23,72.7035
1991-02-24,85.655
1991-02-25,87.64692
1991-02-26,89.79105
1991-02-27,78.034
1991-02-28,87.186844
1991-03-01,78.5765
1991-03-02,82.562
1991-03-03,91.21437
1991-03-04,84.139496
1991-03-05,75.9385
1991-03-06,75.5665
1991-03-07,83.35579
1991-03-08,77.097496
1991-03-09,75.753
1991-03-10,78.356
1991-03-11,82.944496
1991-03-12,76.362
1991-03-13,68.931
1991-03-14,68.5235
1991-03-15,60.711
1991-03-16,65.687
1991-03-17,71.167496
1991-03-18,79.893684
1991-03-19,80.227
1991-03-20,77.8175
1991-03-21,60.1625
1991-03-22,48.8915
1991-03-23,62.490498
1991-03-24,61.899998
1991-03-25,68.807495
1991-03-26,77.251
1991-03-27,84.61579
1991-03-28,81.1865
1991-03-29,91.476425
1991-03-30,91.45231
1991-03-31,85.751
1991-04-01,70.4935
1991-04-02,71.458
1991-04-03,65.943
1991-04-04,67.3725
1991-04-05,69.39
1991-04-06,68.4425
1991-04-07,76.3545
1991-04-08,60.388496
1991-04-09,62.4335
1991-04-10,63.688
1991-04-11,77.320496
1991-04-12,74.2575
1991-04-13,73.812996
1991-04-14,74.0365
1991-04-15,70.3725
1991-04-16,60.802
1991-04-17,78.079
1991-04-18,93.79429
1991-04-19,82.1745
1991-04-20,77.691
1991-04-21,72.7695
1991-04-22,64.055
1991-04-23,60.7795
1991-04-24,84.757996
1991-04-25,86.5355
1991-04-26,70.493996
1991-04-27,83.0875
1991-04-28,82.971
1991-04-29,70.685
1991-04-30,68.6015
1991-05-01,64.7325
1991-05-02,75.382996
1991-05-03,84.795
1991-05-04,78.105
1991-05-05,69.614
1991-05-06,80.113
1991-05-07,83.594
1991-05-08,72.205
1991-05-09,67.250496
1991-05-10,78.0135
1991-05-11,73.9355
1991-05-12,71.645
1991-05-13,81.423
1991-05-14,67.573
1991-05-15,70.409996
1991-05-16,79.794
1991-05-17,90.2445
1991-05-18,85.434
1991-05-19,84.668
1991-05-20,67.219
1991-05-21,64.33
1991-05-22,66.8305
1991-05-23,70.2755
1991-05-24,64.2295
1991-05-25,62.9475
1991-05-26,72.8225
1991-05-27,64.455
1991-05-28,75.6585
1991-05-29,74.692
1991-05-30,65.1345
1991-05-31,60.420498
1991-06-01,56.4245
1991-06-02,59.204
1991-06-03,61.628998
1991-06-04,76.2945
1991-06-05,75.363
1991-06-06,71.2405
1991-06-07,81.8465
1991-06-08,83.60389
1991-06-09,62.9445
1991-06-10,63.586
1991-06-11,67.3785
1991-06-12,56.6535
1991-06-13,58.073997
1991-06-14,70.090996
1991-06-15,67.570496
1991-06-16,55.53
1991-06-17,47.89
1991-06-18,63.251
1991-06-19,74.964
1991-06-20,56.5435
1991-06-21,62.213497
1991-06-22,59.0215
1991-06-23,57.6535
1991-06-24,62.936
1991-06-25,67.375
1991-06-26,67.1985
1991-06-27,63.711
1991-06-28,65.4425
1991-06-29,66.506
1991-06-30,58.6765
1991-07-01,61.671497
1991-07-02,79.612495
1991-07-03,79.9895
1991-07-04,82.539
1991-07-05,79.1335
1991-07-06,64.9315
1991-07-07,62.206497
1991-07-08,62.283
1991-07-09,54.795
1991-07-10,64.784996
1991-07-11,64.4115
1991-07-12,67.328
1991-07-13,66.61
1991-07-14,70.4965
1991-07-15,77.381
1991-07-16,63.753998
1991-07-17,68.713
1991-07-18,79.2205
1991-07-19,63.0545
1991-07-20,66.616
1991-07-21,69.5905
1991-07-22,68.004
1991-07-23,63.867
1991-07-24,69.442
1991-07-25,77.4495
1991-07-26,79.4285
1991-07-27,81.609
1991-07-28,90.89733
1991-07-29,79.192
1991-07-30,76.1195
1991-07-31,72.818
1991-08-01,76.7555
1991-08-02,88.053
1991-08-03,86.83889
1991-08-04,77.3775
1991-08-05,80.0875
1991-08-06,79.7415
1991-08-07,73.8035
1991-08-08,70.458
1991-08-09,69.502
1991-08-10,73.729
1991-08-11,70.7965
1991-08-12,72.0215
1991-08-13,76.1655
1991-08-14,71.95
1991-08-15,83.476
1991-08-16,72.315
1991-08-17,73.151
1991-08-18,79.964
1991-08-19,84.006996
1991-08-20,69.592
1991-08-21,79.7325
1991-08-22,74.9015
1991-08-23,74.909996
1991-08-24,74.224
1991-08-25,73.606995
1991-08-26,71.070496
1991-08-27,74.759
1991-08-28,72.5975
1991-08-29,80.109
1991-08-30,75.818
1991-08-31,75.058
1991-09-01,70.16
1991-09-02,70.7445
1991-09-03,68.7605
1991-09-04,70.213
1991-09-05,71.2745
1991-09-06,70.903
1991-09-07,63.827
1991-09-08,63.0365
1991-09-09,67.2215
1991-09-10,66.6575
1991-09-11,69.297
1991-09-12,73.5785
1991-09-13,82.804
1991-09-14,81.583
1991-09-15,83.757996
1991-09-16,86.339
1991-09-17,83.666
1991-09-18,75.1325
1991-09-19,72.264496
1991-09-20,70.705
1991-09-21,79.085495
1991-09-22,77.556
1991-09-23,83.543
1991-09-24,71.487495
1991-09-25,78.4325
1991-09-26,67.915
1991-09-27,70.071
1991-09-28,72.3885
1991-09-29,68.1385
1991-09-30,62.725
1991-10-01,82.9305
1991-10-02,86.669
1991-10-03,68.348
1991-10-04,74.6585
1991-10-05,77.9985
1991-10-06,74.4125
1991-10-07,74.2205
1991-10-08,82.77947
1991-10-09,90.142105
1991-10-10,88.3275
1991-10-11,91.25
1991-10-12,80.137
1991-10-13,81.074
1991-10-14,80.362
1991-10-15,82.077
1991-10-16,87.8125
1991-10-17,80.109
1991-10-18,82.572
1991-10-19,90.1705
1991-10-20,86.202774
1991-10-21,79.709
1991-10-22,81.6205
1991-10-23,75.3295
1991-10-24,84.5395
1991-10-25,80.5235
1991-10-26,73.707
1991-10-27,71.357
1991-10-28,74.65
1991-10-29,78.101
1991-10-30,75.912
1991-10-31,79.368
1991-11-01,73.896996
1991-11-02,71.616
1991-11-03,72.885
1991-11-04,80.8265
1991-11-05,87.7625
1991-11-06,82.061
1991-11-07,74.503
1991-11-08,75.246
1991-11-09,82.14421
1991-11-10,84.5725
1991-11-11,78.7905
1991-11-12,78.3975
1991-11-13,79.2415
1991-11-14,76.407
1991-11-15,80.228
1991-11-16,91.32066
1991-11-17,85.075
1991-11-18,78.346
1991-11-19,85.8295
1991-11-20,85.081
1991-11-21,90.37273
1991-11-22,91.0525
1991-11-23,90.279335
1991-11-24,88.325386
1991-11-25,91.93857
1991-11-26,89.67636
1991-11-27,89.42294
1991-11-28,86.128944
1991-11-29,86.80684
1991-11-30,89.282
1991-12-01,89.922
1991-12-02,77.7605
1991-12-03,86.582634
1991-12-04,90.746155
1991-12-05,84.111
1991-12-06,76.365
1991-12-07,80.9925
1991-12-08,77.463
1991-12-09,69.4075
1991-12-10,74.2025
1991-12-11,79.601
1991-12-12,85.953156
1991-12-13,82.9395
1991-12-14,74.54579
1991-12-15,82.394
1991-12-16,90.73944
1991-12-17,91.72428
1991-12-18,90.47389
1991-12-19,76.7675
1991-12-20,86.8775
1991-12-21,82.194496
1991-12-22,90.296
1991-12-23,90.74273
1991-12-24,81.8575
1991-12-25,74.542496
1991-12-26,76.5115
1991-12-27,86.57421
1991-12-28,79.712
1991-12-29,79.7405
1991-12-30,80.7505
1991-12-31,77.5105
1992-01-01,80.076
1992-01-02,65.807
1992-01-03,76.6735
1992-01-04,84.2555
1992-01-05,81.90632
1992-01-06,75.458496
1992-01-07,78.06526
1992-01-08,85.77824
1992-01-09,82.0435
1992-01-10,87.1405
1992-01-11,90.65437
1992-01-12,91.0925
1992-01-13,83.282
1992-01-14,79.5625
1992-01-15,82.498
1992-01-16,81.868996
1992-01-17,72.143
1992-01-18,76.208496
1992-01-19,75.6775
1992-01-20,85.5765
1992-01-21,82.6825
1992-01-22,84.751
1992-01-23,86.322
1992-01-24,86.46895
1992-01-25,89.981
1992-01-26,88.6515
1992-01-27,84.827
1992-01-28,80.472
1992-01-29,82.3185
1992-01-30,79.833496
1992-01-31,79.604996
1992-02-01,78.167
1992-02-02,81.7245
1992-02-03,79.4845
1992-02-04,69.53
1992-02-05,75.195496
1992-02-06,84.589
1992-02-07,84.639
1992-02-08,83.48631
1992-02-09,84.41055
1992-02-10,82.394
1992-02-11,73.6815
1992-02-12,74.819
1992-02-13,74.659996
1992-02-14,81.748
1992-02-15,71.7955
1992-02-16,82.626495
1992-02-17,79.455
1992-02-18,63.7785
1992-02-19,67.2265
1992-02-20,75.7565
1992-02-21,81.05526
1992-02-22,85.056
1992-02-23,76.938995
1992-02-24,62.9185
1992-02-25,69.3125
1992-02-26,65.6685
1992-02-27,70.519
1992-02-28,69.9455
1992-02-29,71.6875
1992-03-01,72.299995
1992-03-02,66.291
1992-03-03,59.309998
1992-03-04,52.214
1992-03-05,66.432
1992-03-06,63.9725
1992-03-07,77.1095
1992-03-08,65.298
1992-03-09,62.521
1992-03-10,62.5205
1992-03-11,65.0485
1992-03-12,57.295
1992-03-13,54.522
1992-03-14,73.8625
1992-03-15,73.3445
1992-03-16,69.833
1992-03-17,59.622997
1992-03-18,56.1075
1992-03-19,57.1865
1992-03-20,76.7165
1992-03-21,88.33053
1992-03-22,78.4015
1992-03-23,85.3305
1992-03-24,66.246
1992-03-25,82.7595
1992-03-26,84.6015
1992-03-27,68.171
1992-03-28,77.991
1992-03-29,72.5115
1992-03-30,60.3135
1992-03-31,58.806
1992-04-01,65.545
1992-04-02,70.8435
1992-04-03,67.631996
1992-04-04,57.114998
1992-04-05,68.518
1992-04-06,75.3775
1992-04-07,81.931
1992-04-08,72.2485
1992-04-09,58.583
1992-04-10,59.304
1992-04-11,61.669
1992-04-12,60.123497
1992-04-13,57.6135
1992-04-14,57.539497
1992-04-15,53.572
1992-04-16,69.456
1992-04-17,63.6465
1992-04-18,73.2695
1992-04-19,67.295
1992-04-20,43.559998
1992-04-21,49.9435
1992-04-22,51.191998
1992-04-23,71.3715
1992-04-24,68.9005
1992-04-25,58.2255
1992-04-26,56.323997
1992-04-27,58.429497
1992-04-28,61.4385
1992-04-29,62.7115
1992-04-30,80.868
1992-05-01,65.034
1992-05-02,53.736
1992-05-03,44.4175
1992-05-04,60.343998
1992-05-05,57.268997
1992-05-06,47.7515
1992-05-07,49.187
1992-05-08,60.504498
1992-05-09,58.622498
1992-05-10,69.517
1992-05-11,63.6175
1992-05-12,57.899498
1992-05-13,52.4895
1992-05-14,54.6815
1992-05-15,53.57
1992-05-16,47.9735
1992-05-17,45.0215
1992-05-18,61.3705
1992-05-19,74.64
1992-05-20,76.5875
1992-05-21,72.766
1992-05-22,70.2
1992-05-23,76.673996
1992-05-24,60.111
1992-05-25,49.429497
1992-05-26,53.142
1992-05-27,49.679497
1992-05-28,66.8545
1992-05-29,72.1235
1992-05-30,66.694496
1992-05-31,60.4325
1992-06-01,71.6835
1992-06-02,61.8045
1992-06-03,67.522995
1992-06-04,75.9535
1992-06-05,79.4925
1992-06-06,76.984
1992-06-07,69.8785
1992-06-08,82.903496
1992-06-09,87.727
1992-06-10,72.2215
1992-06-11,74.568
1992-06-12,82.171
1992-06-13,83.167
1992-06-14,81.89
1992-06-15,66.534
1992-06-16,66.8025
1992-06-17,71.993
1992-06-18,75.723
1992-06-19,79.1305
1992-06-20,74.6485
1992-06-21,68.1015
1992-06-22,66.4635
1992-06-23,65.13
1992-06-24,66.1445
1992-06-25,77.633
1992-06-26,58.1115
1992-06-27,61.193
1992-06-28,60.8495
1992-06-29,59.7275
1992-06-30,58.736
1992-07-01,61.9525
1992-07-02,58.5275
1992-07-03,68.4985
1992-07-04,62.1265
1992-07-05,70.675
1992-07-06,74.595
1992-07-07,73.149
1992-07-08,67.6725
1992-07-09,59.739
1992-07-10,79.4265
1992-07-11,71.254
1992-07-12,85.00158
1992-07-13,83.3095
1992-07-14,76.877
1992-07-15,74.513
1992-07-16,68.858
1992-07-17,66.5415
1992-07-18,68.0205
1992-07-19,62.506
1992-07-20,62.095
1992-07-21,65.962
1992-07-22,61.2645
1992-07-23,60.755497
1992-07-24,58.386497
1992-07-25,59.143497
1992-07-26,55.433
1992-07-27,59.227997
1992-07-28,51.4465
1992-07-29,51.086998
1992-07-30,56.305
1992-07-31,60.27
1992-08-01,60.1265
1992-08-02,63.753
1992-08-03,58.3285
1992-08-04,60.165
1992-08-05,63.899498
1992-08-06,61.301
1992-08-07,56.378
1992-08-08,55.634
1992-08-09,56.663
1992-08-10,56.503998
1992-08-11,58.100998
1992-08-12,62.9655
1992-08-13,63.7165
1992-08-14,64.5605
1992-08-15,68.127
1992-08-16,59.171997
1992-08-17,54.607998
1992-08-18,54.472
1992-08-19,47.346497
1992-08-20,49.080498
1992-08-21,52.7355
1992-08-22,61.3755
1992-08-23,72.623
1992-08-24,63.441998
1992-08-25,56.2185
1992-08-26,54.6075
1992-08-27,53.071
1992-08-28,50.189
1992-08-29,43.825497
1992-08-30,56.4365
1992-08-31,64.076
1992-09-01,75.185
1992-09-02,60.135998
1992-09-03,50.703
1992-09-04,73.264
1992-09-05,70.331
1992-09-06,61.6675
1992-09-07,56.907497
1992-09-08,57.629498
1992-09-09,65.1295
1992-09-10,62.8135
1992-09-11,64.378
1992-09-12,64.9165
1992-09-13,66.160995
1992-09-14,63.0565
1992-09-15,67.317
1992-09-16,62.244
1992-09-17,62.9805
1992-09-18,63.4675
1992-09-19,61.833
1992-09-20,62.4055
1992-09-21,62.0845
1992-09-22,65.601
1992-09-23,63.3695
1992-09-24,56.645
1992-09-25,53.977497
1992-09-26,60.804
1992-09-27,63.697998
1992-09-28,62.415
1992-09-29,78.4565
1992-09-30,80.3925
1992-10-01,71.6375
1992-10-02,67.9815
1992-10-03,73.158
1992-10-04,86.5965
1992-10-05,84.0895
1992-10-06,87.359
1992-10-07,78.7165
1992-10-08,80.9095
1992-10-09,80.8865
1992-10-10,88.29611
1992-10-11,91.44059
1992-10-12,75.1855
1992-10-13,66.2695
1992-10-14,75.3935
1992-10-15,83.024
1992-10-16,92.33857
1992-10-17,87.24824
1992-10-18,90.69556
1992-10-19,77.993
1992-10-20,89.27389
1992-10-21,92.4
1992-10-22,83.1315
1992-10-23,81.376
1992-10-24,79.297
1992-10-25,72.458496
1992-10-26,82.352
1992-10-27,79.4535
1992-10-28,77.734
1992-10-29,88.52947
1992-10-30,92.68692
1992-10-31,91.69
1992-11-01,90.0925
1992-11-02,89.852356
1992-11-03,86.391
1992-11-04,85.4495
1992-11-05,79.5015
1992-11-06,78.286
1992-11-07,82.979
1992-11-08,75.905
1992-11-09,69.7355
1992-11-10,76.7305
1992-11-11,89.126
1992-11-12,89.87556
1992-11-13,77.3385
1992-11-14,77.529495
1992-11-15,76.7245
1992-11-16,81.852
1992-11-17,87.32286
1992-11-18,83.575
1992-11-19,79.6105
1992-11-20,73.973
1992-11-21,73.544
1992-11-22,90.755714
1992-11-23,91.66929
1992-11-24,92.77857
1992-11-25,92.89286
1992-11-26,84.924736
1992-11-27,75.3125
1992-11-28,83.933
1992-11-29,88.999
1992-11-30,87.29
1992-12-01,82.9075
1992-12-02,79.776
1992-12-03,76.5675
1992-12-04,81.24833
1992-12-05,76.9145
1992-12-06,87.6655
1992-12-07,87.5095
1992-12-08,90.28
1992-12-09,91.65875
1992-12-10,92.41167
1992-12-11,92.592
1992-12-12,90.45059
1992-12-13,82.0675
1992-12-14,85.9975
1992-12-15,89.621056
1992-12-16,93.168335
1992-12-17,93.026924
1992-12-18,91.82125
1992-12-19,91.8525
1992-12-20,90.97143
1992-12-21,92.37889
1992-12-22,93.31
1992-12-23,84.6375
1992-12-24,80.845
1992-12-25,75.6225
1992-12-26,86.035995
1992-12-27,81.01369
1992-12-28,76.4365
1992-12-29,75.284996
1992-12-30,83.321
1992-12-31,90.02177
1993-01-01,79.717995
1993-01-02,73.6195
1993-01-03,81.222496
1993-01-04,76.365
1993-01-05,75.7685
1993-01-06,79.755
1993-01-07,84.4821
1993-01-08,92.036
1993-01-09,88.922775
1993-01-10,92.38583
1993-01-11,84.63778
1993-01-12,78.196
1993-01-13,77.653
1993-01-14,79.048996
1993-01-15,76.4925
1993-01-16,80.916
1993-01-17,85.0355
1993-01-18,86.78158
1993-01-19,87.1635
1993-01-20,89.858826
1993-01-21,78.2945
1993-01-22,74.8155
1993-01-23,72.3805
1993-01-24,72.6985
1993-01-25,74.828
1993-01-26,62.8965
1993-01-27,60.952
1993-01-28,75.8535
1993-01-29,90.03117
1993-01-30,80.62526
1993-01-31,79.820526
1993-02-01,83.362
1993-02-02,82.8565
1993-02-03,82.486
1993-02-04,86.82
1993-02-05,87.740555
1993-02-06,80.542496
1993-02-07,83.175995
1993-02-08,77.152
1993-02-09,78.9665
1993-02-10,78.542496
1993-02-11,86.858
1993-02-12,83.284
1993-02-13,81.7955
1993-02-14,87.54823
1993-02-15,84.74526
1993-02-16,71.7325
1993-02-17,76.6805
1993-02-18,80.663
1993-02-19,76.499
1993-02-20,67.7275
1993-02-21,76.446
1993-02-22,70.56
1993-02-23,62.495
1993-02-24,83.778946
1993-02-25,84.486496
1993-02-26,83.85421
1993-02-27,74.385
1993-02-28,71.869
1993-03-01,70.612495
1993-03-02,85.56941
1993-03-03,91.47588
1993-03-04,82.0135
1993-03-05,73.8395
1993-03-06,76.042496
1993-03-07,77.676
1993-03-08,65.5505
1993-03-09,74.5535
1993-03-10,76.53
1993-03-11,77.045
1993-03-12,84.3725
1993-03-13,75.972
1993-03-14,74.3665
1993-03-15,73.807
1993-03-16,70.831
1993-03-17,81.6415
1993-03-18,66.8175
1993-03-19,62.3945
1993-03-20,63.017
1993-03-21,57.886
1993-03-22,56.5135
1993-03-23,66.9095
1993-03-24,83.514
1993-03-25,88.43
1993-03-26,79.9955
1993-03-27,78.6155
1993-03-28,88.38105
1993-03-29,66.1325
1993-03-30,65.316
1993-03-31,64.316
1993-04-01,67.0945
1993-04-02,69.362495
1993-04-03,74.9305
1993-04-04,82.3715
1993-04-05,72.877
1993-04-06,62.84
1993-04-07,76.2155
1993-04-08,66.1755
1993-04-09,63.3575
1993-04-10,64.1035
1993-04-11,88.643
1993-04-12,84.6405
1993-04-13,77.503
1993-04-14,70.21
1993-04-15,89.41
1993-04-16,73.001
1993-04-17,60.734997
1993-04-18,58.1545
1993-04-19,60.904
1993-04-20,74.7175
1993-04-21,63.573997
1993-04-22,56.832
1993-04-23,61.723
1993-04-24,59.1055
1993-04-25,48.6885
1993-04-26,45.8505
1993-04-27,50.1755
1993-04-28,50.0055
1993-04-29,63.454998
1993-04-30,59.3635
1993-05-01,59.155
1993-05-02,61.8565
1993-05-03,59.781
1993-05-04,64.408
1993-05-05,82.139
1993-05-06,74.519
1993-05-07,71.954
1993-05-08,63.286
1993-05-09,69.534
1993-05-10,60.332
1993-05-11,49.343
1993-05-12,43.544
1993-05-13,48.7295
1993-05-14,63.3345
1993-05-15,69.2205
1993-05-16,73.9755
1993-05-17,63.417
1993-05-18,55.612
1993-05-19,53.2185
1993-05-20,57.170498
1993-05-21,51.149498
1993-05-22,53.024998
1993-05-23,64.825
1993-05-24,64.2815
1993-05-25,55.898
1993-05-26,56.966
1993-05-27,55.931
1993-05-28,60.874496
1993-05-29,55.507
1993-05-30,53.186
1993-05-31,65.7315
1993-06-01,55.568
1993-06-02,47.786
1993-06-03,79.1205
1993-06-04,77.722
1993-06-05,73.816
1993-06-06,61.2385
1993-06-07,64.173996
1993-06-08,65.0255
1993-06-09,53.109997
1993-06-10,52.995
1993-06-11,59.4215
1993-06-12,66.2485
1993-06-13,65.46
1993-06-14,65.5
1993-06-15,69.5015
1993-06-16,58.810997
1993-06-17,78.697
1993-06-18,65.092
1993-06-19,58.421
1993-06-20,64.3855
1993-06-21,67.983
1993-06-22,68.194496
1993-06-23,59.98
1993-06-24,77.931496
1993-06-25,55.614
1993-06-26,73.006
1993-06-27,64.5445
1993-06-28,85.3235
1993-06-29,70.086
1993-06-30,60.4545
1993-07-01,57.3905
1993-07-02,57.229
1993-07-03,56.6295
1993-07-04,54.821
1993-07-05,63.4965
1993-07-06,72.282
1993-07-07,62.36
1993-07-08,57.0765
1993-07-09,59.420498
1993-07-10,55.113
1993-07-11,59.8475
1993-07-12,69.7725
1993-07-13,67.7455
1993-07-14,58.8685
1993-07-15,67.86
1993-07-16,69.0095
1993-07-17,65.694
1993-07-18,67.251
1993-07-19,69.511
1993-07-20,72.4275
1993-07-21,72.349
1993-07-22,75.1305
1993-07-23,63.295
1993-07-24,62.035
1993-07-25,53.683
1993-07-26,73.4435
1993-07-27,65.181
1993-07-28,68.3575
1993-07-29,65.5845
1993-07-30,59.9335
1993-07-31,49.788498
1993-08-01,58.767498
1993-08-02,59.653
1993-08-03,63.9455
1993-08-04,58.7145
1993-08-05,59.194
1993-08-06,65.093
1993-08-07,58.6655
1993-08-08,57.7635
1993-08-09,78.6655
1993-08-10,70.888
1993-08-11,63.0705
1993-08-12,57.6015
1993-08-13,57.6075
1993-08-14,54.609
1993-08-15,48.830997
1993-08-16,49.953
1993-08-17,53.3905
1993-08-18,60.4435
1993-08-19,56.7535
1993-08-20,60.0235
1993-08-21,58.470497
1993-08-22,51.038998
1993-08-23,42.5515
1993-08-24,59.705498
1993-08-25,82.210495
1993-08-26,88.954
1993-08-27,80.688
1993-08-28,83.2475
1993-08-29,81.292496
1993-08-30,68.034996
1993-08-31,81.62
1993-09-01,76.3215
1993-09-02,74.81
1993-09-03,72.3985
1993-09-04,78.129
1993-09-05,75.239
1993-09-06,71.4095
1993-09-07,69.041
1993-09-08,70.811
1993-09-09,74.0105
1993-09-10,76.5305
1993-09-11,78.348495
1993-09-12,80.6665
1993-09-13,66.8565
1993-09-14,62.8425
1993-09-15,72.7325
1993-09-16,69.365
1993-09-17,73.5765
1993-09-18,87.7235
1993-09-19,82.676
1993-09-20,77.302
1993-09-21,72.027
1993-09-22,71.697
1993-09-23,67.2305
1993-09-24,67.5625
1993-09-25,80.3975
1993-09-26,82.1735
1993-09-27,80.201996
1993-09-28,76.3315
1993-09-29,93.419334
1993-09-30,84.801
1993-10-01,74.3105
1993-10-02,79.505
1993-10-03,87.665
1993-10-04,89.52
1993-10-05,79.8395
1993-10-06,74.242
1993-10-07,75.794
1993-10-08,73.437996
1993-10-09,76.22
1993-10-10,75.6415
1993-10-11,74.8535
1993-10-12,65.7475
1993-10-13,68.847
1993-10-14,62.902
1993-10-15,78.595
1993-10-16,76.306
1993-10-17,75.6455
1993-10-18,86.603
1993-10-19,88.1095
1993-10-20,90.3525
1993-10-21,89.6805
1993-10-22,86.604004
1993-10-23,84.9045
1993-10-24,72.126
1993-10-25,83.7415
1993-10-26,74.934
1993-10-27,77.7465
1993-10-28,81.486496
1993-10-29,81.696
1993-10-30,85.70333
1993-10-31,80.73
1993-11-01,88.72369
1993-11-02,89.528824
1993-11-03,88.13556
1993-11-04,88.57154
1993-11-05,92.34077
1993-11-06,92.912
1993-11-07,86.658
1993-11-08,87.927055
1993-11-09,87.988
1993-11-10,86.463
1993-11-11,85.04
1993-11-12,89.12529
1993-11-13,92.79625
1993-11-14,91.96273
1993-11-15,93.85
1993-11-16,88.44222
1993-11-17,87.96158
1993-11-18,79.2295
1993-11-19,80.889
1993-11-20,90.395
1993-11-21,88.198746
1993-11-22,90.8
1993-11-23,92.57625
1993-11-24,90.87143
1993-11-25,89.0775
1993-11-26,84.84737
1993-11-27,85.2545
1993-11-28,90.920555
1993-11-29,90.14
1993-11-30,89.85625
1993-12-01,84.0135
1993-12-02,88.75445
1993-12-03,87.62778
1993-12-04,89.95636
1993-12-05,92.094284
1993-12-06,89.30462
1993-12-07,92.522
1993-12-08,90.79266
1993-12-09,86.89445
1993-12-10,88.113
1993-12-11,88.8421
1993-12-12,83.8555
1993-12-13,76.7735
1993-12-14,85.05684
1993-12-15,93.835
1993-12-16,89.60263
1993-12-17,85.2945
1993-12-18,83.012
1993-12-19,87.22706
1993-12-20,78.4265
1993-12-21,81.1165
1993-12-22,80.5915
1993-12-23,78.1045
1993-12-24,88.528336
1993-12-25,91.18158
1993-12-26,90.16889
1993-12-27,90.433
1993-12-28,92.23389
1993-12-29,91.80308
1993-12-30,93.30889
1993-12-31,89.64188
1994-01-01,90.33923
1994-01-02,85.762
1994-01-03,82.585
1994-01-04,85.937
1994-01-05,87.3435
1994-01-06,80.0
1994-01-07,76.2995
1994-01-08,85.1815
1994-01-09,91.204445
1994-01-10,94.23333
1994-01-11,88.64166
1994-01-12,90.81687
1994-01-13,93.05385
1994-01-14,92.86375
1994-01-15,90.172104
1994-01-16,91.44222
1994-01-17,88.51474
1994-01-18,86.273
1994-01-19,83.60526
1994-01-20,92.42
1994-01-21,87.9655
1994-01-22,85.8555
1994-01-23,88.3605
1994-01-24,81.9045
1994-01-25,82.340996
1994-01-26,88.9985
1994-01-27,68.471
1994-01-28,73.739
1994-01-29,66.112
1994-01-30,68.7015
1994-01-31,72.2485
1994-02-01,71.779
1994-02-02,80.1475
1994-02-03,73.451
1994-02-04,81.2765
1994-02-05,75.177
1994-02-06,83.5475
1994-02-07,87.048
1994-02-08,84.681
1994-02-09,87.80167
1994-02-10,88.166
1994-02-11,84.4075
1994-02-12,87.95737
1994-02-13,85.831
1994-02-14,76.925995
1994-02-15,73.498
1994-02-16,78.8775
1994-02-17,88.321
1994-02-18,92.699234
1994-02-19,89.225296
1994-02-20,83.49
1994-02-21,87.53
1994-02-22,89.371
1994-02-23,85.82263
1994-02-24,87.83722
1994-02-25,89.1045
1994-02-26,80.2305
1994-02-27,68.854
1994-02-28,71.567
1994-03-01,70.795
1994-03-02,85.972
1994-03-03,77.4335
1994-03-04,78.431496
1994-03-05,78.277
1994-03-06,73.417496
1994-03-07,72.5875
1994-03-08,79.090996
1994-03-09,84.897
1994-03-10,76.39
1994-03-11,65.07
1994-03-12,70.604
1994-03-13,71.5955
1994-03-14,75.8215
1994-03-15,66.673996
1994-03-16,78.33894
1994-03-17,78.006
1994-03-18,55.635498
1994-03-19,57.997498
1994-03-20,74.315
1994-03-21,81.4415
1994-03-22,89.956314
1994-03-23,85.245
1994-03-24,68.2895
1994-03-25,74.564995
1994-03-26,77.436
1994-03-27,74.766
1994-03-28,64.6935
1994-03-29,65.937
1994-03-30,65.8985
1994-03-31,59.632
1994-04-01,53.297
1994-04-02,88.089
1994-04-03,70.774
1994-04-04,72.6335
1994-04-05,77.9745
1994-04-06,86.603
1994-04-07,65.769
1994-04-08,69.6665
1994-04-09,74.3975
1994-04-10,89.917
1994-04-11,78.686
1994-04-12,91.361176
1994-04-13,72.910995
1994-04-14,69.7225
1994-04-15,64.439
1994-04-16,72.111
1994-04-17,84.0185
1994-04-18,84.099
1994-04-19,72.4665
1994-04-20,75.1165
1994-04-21,78.728
1994-04-22,77.1455
1994-04-23,77.340996
1994-04-24,70.902
1994-04-25,64.281
1994-04-26,64.093
1994-04-27,65.5
1994-04-28,71.074
1994-04-29,67.387
1994-04-30,65.2875
1994-05-01,67.4245
1994-05-02,63.7475
1994-05-03,57.9215
1994-05-04,56.9865
1994-05-05,74.72789
1994-05-06,82.861496
1994-05-07,67.8115
1994-05-08,74.045
1994-05-09,67.193
1994-05-10,77.912
1994-05-11,78.5195
1994-05-12,76.8875
1994-05-13,71.13
1994-05-14,69.1965
1994-05-15,64.29
1994-05-16,56.407497
1994-05-17,51.128998
1994-05-18,59.817
1994-05-19,73.1125
1994-05-20,77.8505
1994-05-21,66.7915
1994-05-22,62.681
1994-05-23,62.812
1994-05-24,68.9225
1994-05-25,80.4345
1994-05-26,64.131996
1994-05-27,76.643
1994-05-28,62.394497
1994-05-29,73.7405
1994-05-30,83.701996
1994-05-31,61.634
1994-06-01,52.918
1994-06-02,60.491997
1994-06-03,49.586998
1994-06-04,63.199497
1994-06-05,78.0275
1994-06-06,53.669
1994-06-07,57.078
1994-06-08,63.582497
1994-06-09,67.5825
1994-06-10,79.139
1994-06-11,82.722
1994-06-12,89.1975
1994-06-13,88.873
1994-06-14,83.409
1994-06-15,74.214
1994-06-16,76.341995
1994-06-17,83.64
1994-06-18,76.067
1994-06-19,64.1145
1994-06-20,65.3015
1994-06-21,70.7105
1994-06-22,63.579
1994-06-23,66.725
1994-06-24,57.9405
1994-06-25,61.2655
1994-06-26,62.031498
1994-06-27,60.527
1994-06-28,63.489998
1994-06-29,72.774
1994-06-30,70.62
1994-07-01,64.4685
1994-07-02,59.566498
1994-07-03,56.817497
1994-07-04,55.081497
1994-07-05,64.3465
1994-07-06,67.4015
1994-07-07,72.283
1994-07-08,62.0505
1994-07-09,67.001
1994-07-10,75.79
1994-07-11,73.043
1994-07-12,72.590996
1994-07-13,66.649
1994-07-14,64.2775
1994-07-15,68.5945
1994-07-16,66.576
1994-07-17,61.0225
1994-07-18,64.322
1994-07-19,79.375496
1994-07-20,78.2255
1994-07-21,68.5435
1994-07-22,66.519
1994-07-23,57.225998
1994-07-24,57.579
1994-07-25,57.775
1994-07-26,55.378998
1994-07-27,59.6465
1994-07-28,58.2365
1994-07-29,59.5755
1994-07-30,53.4615
1994-07-31,54.4525
1994-08-01,60.989998
1994-08-02,59.491
1994-08-03,65.8225
1994-08-04,66.602
1994-08-05,62.073997
1994-08-06,61.86
1994-08-07,60.5765
1994-08-08,57.3685
1994-08-09,67.3215
1994-08-10,57.459
1994-08-11,52.309498
1994-08-12,65.4825
1994-08-13,66.652
1994-08-14,74.5755
1994-08-15,65.504
1994-08-16,63.0485
1994-08-17,59.8435
1994-08-18,83.78
1994-08-19,60.532997
1994-08-20,64.691
1994-08-21,68.578
1994-08-22,69.273
1994-08-23,79.0445
1994-08-24,82.237
1994-08-25,90.67786
1994-08-26,84.485
1994-08-27,70.8605
1994-08-28,71.131996
1994-08-29,79.118
1994-08-30,79.9915
1994-08-31,79.9
1994-09-01,74.863
1994-09-02,59.5895
1994-09-03,86.3175
1994-09-04,84.9825
1994-09-05,76.4385
1994-09-06,74.764496
1994-09-07,74.340996
1994-09-08,71.5715
1994-09-09,78.9155
1994-09-10,78.8225
1994-09-11,74.287
1994-09-12,73.2285
1994-09-13,69.6895
1994-09-14,65.597
1994-09-15,76.223495
1994-09-16,70.375496
1994-09-17,88.956314
1994-09-18,80.9505
1994-09-19,75.749
1994-09-20,92.229996
1994-09-21,79.058
1994-09-22,80.0045
1994-09-23,83.255
1994-09-24,77.437
1994-09-25,78.5665
1994-09-26,83.023
1994-09-27,76.8845
1994-09-28,82.0345
1994-09-29,82.05
1994-09-30,83.014
1994-10-01,80.756996
1994-10-02,79.576
1994-10-03,80.992
1994-10-04,82.06
1994-10-05,73.228
1994-10-06,73.177
1994-10-07,90.91588
1994-10-08,86.635
1994-10-09,78.9155
1994-10-10,77.0735
1994-10-11,79.434
1994-10-12,78.8165
1994-10-13,80.645996
1994-10-14,84.02
1994-10-15,85.5935
1994-10-16,90.5
1994-10-17,83.044
1994-10-18,72.614
1994-10-19,73.238495
1994-10-20,76.6345
1994-10-21,79.593
1994-10-22,75.943
1994-10-23,77.999
1994-10-24,89.509476
1994-10-25,82.0925
1994-10-26,81.873
1994-10-27,77.52
1994-10-28,81.9505
1994-10-29,91.679
1994-10-30,87.6045
1994-10-31,75.4505
1994-11-01,77.7195
1994-11-02,77.443
1994-11-03,83.638
1994-11-04,79.491
1994-11-05,78.5365
1994-11-06,74.252
1994-11-07,85.9395
1994-11-08,88.829
1994-11-09,92.64642
1994-11-10,86.054
1994-11-11,88.41789
1994-11-12,91.40632
1994-11-13,89.6
1994-11-14,87.56778
1994-11-15,82.174995
1994-11-16,84.60105
1994-11-17,88.2195
1994-11-18,87.679474
1994-11-19,80.4745
1994-11-20,84.891
1994-11-21,83.58
1994-11-22,82.2275
1994-11-23,89.37357
1994-11-24,90.66294
1994-11-25,81.448
1994-11-26,77.604996
1994-11-27,88.98
1994-11-28,88.13
1994-11-29,82.395
1994-11-30,78.0935
1994-12-01,75.1845
1994-12-02,78.715
1994-12-03,84.38789
1994-12-04,83.513885
1994-12-05,80.718
1994-12-06,91.666664
1994-12-07,83.675
1994-12-08,90.347336
1994-12-09,92.579285
1994-12-10,92.863
1994-12-11,87.2945
1994-12-12,77.8055
1994-12-13,77.5555
1994-12-14,69.908
1994-12-15,63.6585
1994-12-16,74.9705
1994-12-17,73.6865
1994-12-18,81.9965
1994-12-19,85.85
1994-12-20,84.46
1994-12-21,89.06158
1994-12-22,89.25611
1994-12-23,88.477
1994-12-24,88.509476
1994-12-25,90.48231
1994-12-26,92.3725
1994-12-27,90.559166
1994-12-28,88.86778
1994-12-29,85.569
1994-12-30,83.2105
1994-12-31,90.4475
1995-01-01,91.32
1995-01-02,77.5665
1995-01-03,83.275
1995-01-04,77.426
1995-01-05,86.16105
1995-01-06,85.317
1995-01-07,89.3025
1995-01-08,87.2485
1995-01-09,88.71263
1995-01-10,81.2335
1995-01-11,86.9935
1995-01-12,72.7355
1995-01-13,76.753
1995-01-14,76.889496
1995-01-15,76.9205
1995-01-16,79.050995
1995-01-17,82.495
1995-01-18,87.71562
1995-01-19,90.5375
1995-01-20,88.48263
1995-01-21,86.378944
1995-01-22,90.52125
1995-01-23,75.735
1995-01-24,87.63579
1995-01-25,76.7805
1995-01-26,72.332
1995-01-27,71.64
1995-01-28,65.368
1995-01-29,84.997894
1995-01-30,82.0825
1995-01-31,71.1635
1995-02-01,66.0595
1995-02-02,69.084496
1995-02-03,70.058
1995-02-04,71.794
1995-02-05,72.828995
1995-02-06,69.767
1995-02-07,62.409
1995-02-08,69.801
1995-02-09,75.2345
1995-02-10,65.9835
1995-02-11,74.5615
1995-02-12,75.5365
1995-02-13,76.951
1995-02-14,87.562
1995-02-15,80.793
1995-02-16,87.0165
1995-02-17,71.574
1995-02-18,85.819
1995-02-19,66.22
1995-02-20,61.885
1995-02-21,66.937996
1995-02-22,68.723495
1995-02-23,72.514496
1995-02-24,85.6655
1995-02-25,77.64
1995-02-26,78.9835
1995-02-27,72.1735
1995-02-28,63.759
1995-03-01,62.079
1995-03-02,78.0515
1995-03-03,91.935295
1995-03-04,85.39632
1995-03-05,84.218
1995-03-06,83.323
1995-03-07,75.4005
1995-03-08,69.3975
1995-03-09,69.289
1995-03-10,70.8455
1995-03-11,69.5735
1995-03-12,70.321
1995-03-13,77.694
1995-03-14,79.453995
1995-03-15,83.121
1995-03-16,87.954704
1995-03-17,77.744995
1995-03-18,64.5765
1995-03-19,67.324
1995-03-20,86.1115
1995-03-21,72.535995
1995-03-22,75.479996
1995-03-23,84.778
1995-03-24,82.1035
1995-03-25,65.849
1995-03-26,86.2065
1995-03-27,71.7345
1995-03-28,61.657497
1995-03-29,65.695496
1995-03-30,76.0205
1995-03-31,63.808
1995-04-01,75.1805
1995-04-02,83.55
1995-04-03,42.5295
1995-04-04,47.1575
1995-04-05,61.634
1995-04-06,61.9665
1995-04-07,64.067
1995-04-08,59.144
1995-04-09,61.427998
1995-04-10,62.775497
1995-04-11,80.6865
1995-04-12,65.4935
1995-04-13,68.354
1995-04-14,78.2095
1995-04-15,69.933
1995-04-16,72.0225
1995-04-17,59.7345
1995-04-18,58.138
1995-04-19,54.6835
1995-04-20,53.618
1995-04-21,50.78
1995-04-22,47.37
1995-04-23,49.604
1995-04-24,69.7475
1995-04-25,76.692
1995-04-26,81.97474
1995-04-27,73.7325
1995-04-28,72.987495
1995-04-29,75.3545
1995-04-30,65.2815
1995-05-01,65.104
1995-05-02,67.348495
1995-05-03,57.503998
1995-05-04,56.091
1995-05-05,61.3975
1995-05-06,57.165497
1995-05-07,56.3215
1995-05-08,53.642998
1995-05-09,59.740498
1995-05-10,73.978
1995-05-11,82.165
1995-05-12,83.688
1995-05-13,71.8265
1995-05-14,77.5575
1995-05-15,65.0415
1995-05-16,62.0515
1995-05-17,83.204
1995-05-18,76.084
1995-05-19,87.293526
1995-05-20,81.968
1995-05-21,87.7735
1995-05-22,83.5235
1995-05-23,72.9565
1995-05-24,65.8865
1995-05-25,56.086998
1995-05-26,60.080498
1995-05-27,58.999
1995-05-28,73.125496
1995-05-29,72.2035
1995-05-30,67.604
1995-05-31,75.668
1995-06-01,82.147
1995-06-02,80.6625
1995-06-03,69.356995
1995-06-04,72.4635
1995-06-05,76.4555
1995-06-06,77.8815
1995-06-07,83.245
1995-06-08,78.143
1995-06-09,66.6695
1995-06-10,75.335
1995-06-11,73.0415
1995-06-12,80.416504
1995-06-13,83.387
1995-06-14,74.7335
1995-06-15,73.759995
1995-06-16,70.063
1995-06-17,65.5505
1995-06-18,66.663
1995-06-19,68.1275
1995-06-20,65.9525
1995-06-21,65.7025
1995-06-22,85.28684
1995-06-23,81.142
1995-06-24,88.634
1995-06-25,89.556
1995-06-26,81.356995
1995-06-27,78.7405
1995-06-28,68.1655
1995-06-29,63.0555
1995-06-30,64.2435
1995-07-01,58.8455
1995-07-02,63.647
1995-07-03,57.0825
1995-07-04,72.4505
1995-07-05,65.773
1995-07-06,69.491
1995-07-07,69.2705
1995-07-08,65.4165
1995-07-09,60.260498
1995-07-10,53.956497
1995-07-11,54.891
1995-07-12,54.653
1995-07-13,64.034
1995-07-14,67.226
1995-07-15,72.445496
1995-07-16,68.3255
1995-07-17,65.6465
1995-07-18,59.2235
1995-07-19,58.3195
1995-07-20,61.3555
1995-07-21,61.5895
1995-07-22,61.5125
1995-07-23,62.477497
1995-07-24,60.4075
1995-07-25,54.9305
1995-07-26,56.586
1995-07-27,54.4935
1995-07-28,58.522
1995-07-29,72.8305
1995-07-30,67.6145
1995-07-31,64.925995
1995-08-01,63.912
1995-08-02,69.7055
1995-08-03,60.7155
1995-08-04,60.3015
1995-08-05,61.878
1995-08-06,64.0125
1995-08-07,68.6625
1995-08-08,64.698
1995-08-09,81.392
1995-08-10,67.7005
1995-08-11,56.739
1995-08-12,53.389
1995-08-13,54.688
1995-08-14,54.927998
1995-08-15,71.295
1995-08-16,67.3125
1995-08-17,73.83
1995-08-18,72.1385
1995-08-19,79.503
1995-08-20,84.4955
1995-08-21,82.787
1995-08-22,77.4005
1995-08-23,76.1495
1995-08-24,73.281494
1995-08-25,73.4495
1995-08-26,77.854
1995-08-27,70.1615
1995-08-28,86.556114
1995-08-29,73.776
1995-08-30,74.3395
1995-08-31,64.181496
1995-09-01,78.187
1995-09-02,83.24684
1995-09-03,81.396996
1995-09-04,90.147224
1995-09-05,73.337
1995-09-06,79.8395
1995-09-07,75.923996
1995-09-08,81.9985
1995-09-09,84.3375
1995-09-10,73.527
1995-09-11,74.5615
1995-09-12,74.293495
1995-09-13,78.3595
1995-09-14,87.359
1995-09-15,90.69375
1995-09-16,81.2935
1995-09-17,83.028
1995-09-18,89.15111
1995-09-19,83.1085
1995-09-20,88.418
1995-09-21,78.2065
1995-09-22,86.465996
1995-09-23,82.3125
1995-09-24,76.6525
1995-09-25,80.7835
1995-09-26,76.1005
1995-09-27,70.852
1995-09-28,82.62315
1995-09-29,79.847496
1995-09-30,69.696
1995-10-01,76.572
1995-10-02,79.0765
1995-10-03,82.766
1995-10-04,80.151
1995-10-05,77.8775
1995-10-06,79.098
1995-10-07,76.362
1995-10-08,78.758
1995-10-09,81.007996
1995-10-10,81.2875
1995-10-11,80.972
1995-10-12,77.071495
1995-10-13,76.892
1995-10-14,81.4485
1995-10-15,87.49263
1995-10-16,87.8045
1995-10-17,77.6025
1995-10-18,76.9105
1995-10-19,82.8725
1995-10-20,79.3685
1995-10-21,69.2575
1995-10-22,67.3015
1995-10-23,64.662
1995-10-24,69.519
1995-10-25,71.2535
1995-10-26,76.7005
1995-10-27,74.971
1995-10-28,79.656
1995-10-29,81.566
1995-10-30,85.4055
1995-10-31,88.92389
1995-11-01,85.751
1995-11-02,85.9885
1995-11-03,75.6735
1995-11-04,71.487
1995-11-05,83.923996
1995-11-06,81.0075
1995-11-07,76.701996
1995-11-08,77.2715
1995-11-09,80.2025
1995-11-10,87.59353
1995-11-11,87.04632
1995-11-12,87.81421
1995-11-13,89.97278
1995-11-14,91.71846
1995-11-15,92.04
1995-11-16,83.505
1995-11-17,83.96
1995-11-18,72.877
1995-11-19,71.4785
1995-11-20,78.0465
1995-11-21,75.9235
1995-11-22,81.19
1995-11-23,91.73071
1995-11-24,89.414
1995-11-25,93.3325
1995-11-26,88.40546
1995-11-27,90.17944
1995-11-28,89.70286
1995-11-29,92.98125
1995-11-30,92.405
1995-12-01,92.30091
1995-12-02,90.94769
1995-12-03,90.27944
1995-12-04,92.91538
1995-12-05,93.504166
1995-12-06,93.38583
1995-12-07,92.04667
1995-12-08,91.244
1995-12-09,90.69428
1995-12-10,91.23545
1995-12-11,92.11455
1995-12-12,91.5925
1995-12-13,93.39429
1995-12-14,92.66077
1995-12-15,93.442
1995-12-16,92.795
1995-12-17,91.5025
1995-12-18,94.14833
1995-12-19,90.381
1995-12-20,92.924164
1995-12-21,77.147
1995-12-22,86.95895
1995-12-23,82.096
1995-12-24,77.4695
1995-12-25,91.124664
1995-12-26,92.26857
1995-12-27,90.76556
1995-12-28,82.561
1995-12-29,83.9355
1995-12-30,85.995
1995-12-31,90.345
1996-01-01,92.988
1996-01-02,91.6525
1996-01-03,87.375
1996-01-04,86.571
1996-01-05,87.5535
1996-01-06,91.50883
1996-01-07,92.96923
1996-01-08,92.9225
1996-01-09,90.263336
1996-01-10,90.41765
1996-01-11,85.46579
1996-01-12,85.063156
1996-01-13,82.1515
1996-01-14,89.27944
1996-01-15,84.8775
1996-01-16,89.12778
1996-01-17,89.87071
1996-01-18,86.94077
1996-01-19,88.17529
1996-01-20,87.695496
1996-01-21,89.39833
1996-01-22,91.18278
1996-01-23,83.165
1996-01-24,91.19765
1996-01-25,91.32733
1996-01-26,94.38333
1996-01-27,92.5225
1996-01-28,90.92643
1996-01-29,92.435
1996-01-30,81.898
1996-01-31,77.466
1996-02-01,82.798
1996-02-02,85.4485
1996-02-03,89.22889
1996-02-04,91.13117
1996-02-05,87.3885
1996-02-06,81.3575
1996-02-07,81.742
1996-02-08,90.29105
1996-02-09,83.4195
1996-02-10,84.457
1996-02-11,86.085
1996-02-12,87.874
1996-02-13,89.629166
1996-02-14,89.65083
1996-02-15,82.0405
1996-02-16,71.2285
1996-02-17,83.0015
1996-02-18,70.5745
1996-02-19,79.4815
1996-02-20,89.161
1996-02-21,86.6595
1996-02-22,77.0585
1996-02-23,74.3815
1996-02-24,74.729996
1996-02-25,76.312
1996-02-26,78.138
1996-02-27,77.5655
1996-02-28,78.828
1996-02-29,78.0375
1996-03-01,81.7755
1996-03-02,72.7105
1996-03-03,73.8735
1996-03-04,73.9135
1996-03-05,67.3775
1996-03-06,73.408
1996-03-07,74.179
1996-03-08,67.2165
1996-03-09,71.694
1996-03-10,66.924995
1996-03-11,71.31
1996-03-12,86.1865
1996-03-13,87.268
1996-03-14,78.7885
1996-03-15,78.166
1996-03-16,85.5525
1996-03-17,85.2725
1996-03-18,82.138
1996-03-19,69.251
1996-03-20,65.6785
1996-03-21,64.2205
1996-03-22,70.696
1996-03-23,67.843
1996-03-24,67.6295
1996-03-25,73.8125
1996-03-26,68.7615
1996-03-27,85.1295
1996-03-28,70.5905
1996-03-29,62.8775
1996-03-30,71.003
1996-03-31,65.74
1996-04-01,68.016
1996-04-02,87.24
1996-04-03,91.49353
1996-04-04,90.45
1996-04-05,88.41308
1996-04-06,81.2535
1996-04-07,67.583496
1996-04-08,57.9455
1996-04-09,68.475
1996-04-10,64.000496
1996-04-11,54.583
1996-04-12,67.676
1996-04-13,90.74934
1996-04-14,79.461
1996-04-15,79.916
1996-04-16,82.03
1996-04-17,70.069
1996-04-18,63.23
1996-04-19,54.743
1996-04-20,55.282997
1996-04-21,53.830997
1996-04-22,48.270496
1996-04-23,49.203
1996-04-24,66.1905
1996-04-25,74.409996
1996-04-26,72.8885
1996-04-27,85.809
1996-04-28,75.259995
1996-04-29,70.6095
1996-04-30,80.5855
1996-05-01,76.423996
1996-05-02,65.528
1996-05-03,67.109
1996-05-04,66.814
1996-05-05,63.6625
1996-05-06,75.481
1996-05-07,70.4935
1996-05-08,73.908
1996-05-09,74.4225
1996-05-10,78.939
1996-05-11,82.5265
1996-05-12,86.9155
1996-05-13,79.754
1996-05-14,87.62053
1996-05-15,82.838
1996-05-16,80.842995
1996-05-17,73.972
1996-05-18,57.892998
1996-05-19,48.162
1996-05-20,75.83
1996-05-21,62.5365
1996-05-22,72.5915
1996-05-23,53.799
1996-05-24,55.874
1996-05-25,54.7575
1996-05-26,74.5605
1996-05-27,77.648
1996-05-28,73.6075
1996-05-29,71.583
1996-05-30,70.403
1996-05-31,71.341995
1996-06-01,64.6435
1996-06-02,63.455498
1996-06-03,60.011497
1996-06-04,68.8165
1996-06-05,65.878
1996-06-06,64.661995
1996-06-07,66.692
1996-06-08,61.8345
1996-06-09,59.9515
1996-06-10,56.888
1996-06-11,62.401497
1996-06-12,61.8735
1996-06-13,66.303
1996-06-14,46.561497
1996-06-15,52.003498
1996-06-16,54.574497
1996-06-17,54.405
1996-06-18,51.736
1996-06-19,58.8315
1996-06-20,70.4655
1996-06-21,72.993996
1996-06-22,71.449
1996-06-23,82.8885
1996-06-24,63.781998
1996-06-25,78.478
1996-06-26,78.469
1996-06-27,67.9355
1996-06-28,68.988
1996-06-29,57.685497
1996-06-30,74.474
1996-07-01,82.6225
1996-07-02,80.1335
1996-07-03,83.296
1996-07-04,80.6215
1996-07-05,75.5595
1996-07-06,65.3585
1996-07-07,72.3125
1996-07-08,63.458
1996-07-09,67.321
1996-07-10,60.149
1996-07-11,72.3305
1996-07-12,70.6555
1996-07-13,68.442
1996-07-14,64.4505
1996-07-15,65.7595
1996-07-16,68.0855
1996-07-17,57.7165
1996-07-18,57.727497
1996-07-19,59.576
1996-07-20,63.057
1996-07-21,58.959
1996-07-22,56.6815
1996-07-23,56.8945
1996-07-24,65.258995
1996-07-25,82.8565
1996-07-26,74.292496
1996-07-27,66.72
1996-07-28,69.38
1996-07-29,70.445496
1996-07-30,71.5045
1996-07-31,76.706
1996-08-01,69.4345
1996-08-02,70.1655
1996-08-03,78.3665
1996-08-04,79.872
1996-08-05,76.19
1996-08-06,70.8885
1996-08-07,70.8915
1996-08-08,87.0925
1996-08-09,70.7695
1996-08-10,67.803
1996-08-11,57.1415
1996-08-12,74.95
1996-08-13,80.312996
1996-08-14,72.5895
1996-08-15,77.7105
1996-08-16,76.294
1996-08-17,74.789
1996-08-18,82.2775
1996-08-19,75.2825
1996-08-20,70.349495
1996-08-21,68.8685
1996-08-22,70.0555
1996-08-23,73.715996
1996-08-24,70.7155
1996-08-25,80.779
1996-08-26,73.9395
1996-08-27,76.1465
1996-08-28,73.947
1996-08-29,79.3275
1996-08-30,80.894
1996-08-31,82.22
1996-09-01,87.83369
1996-09-02,90.41688
1996-09-03,88.178
1996-09-04,84.4415
1996-09-05,82.834
1996-09-06,77.684
1996-09-07,74.895996
1996-09-08,72.254
1996-09-09,78.673
1996-09-10,76.613
1996-09-11,71.6065
1996-09-12,83.363
1996-09-13,86.7535
1996-09-14,79.457
1996-09-15,73.343
1996-09-16,75.699
1996-09-17,74.388
1996-09-18,81.4425
1996-09-19,83.3005
1996-09-20,92.2225
1996-09-21,91.7725
1996-09-22,91.71643
1996-09-23,92.0375
1996-09-24,86.67167
1996-09-25,85.048
1996-09-26,85.8
1996-09-27,81.5085
1996-09-28,87.367
1996-09-29,77.1695
1996-09-30,72.2625
1996-10-01,63.4945
1996-10-02,73.953995
1996-10-03,89.74316
1996-10-04,80.6105
1996-10-05,89.94778
1996-10-06,85.0515
1996-10-07,86.11105
1996-10-08,80.6215
1996-10-09,84.8505
1996-10-10,83.2295
1996-10-11,81.8985
1996-10-12,80.0605
1996-10-13,81.576
1996-10-14,77.079
1996-10-15,76.378
1996-10-16,80.6605
1996-10-17,80.2955
1996-10-18,86.825
1996-10-19,78.381
1996-10-20,72.237
1996-10-21,86.48473
1996-10-22,82.7745
1996-10-23,88.03421
1996-10-24,83.127
1996-10-25,79.8555
1996-10-26,76.3705
1996-10-27,78.155
1996-10-28,84.73052
1996-10-29,78.199
1996-10-30,74.389496
1996-10-31,70.9045
1996-11-01,81.034
1996-11-02,75.0955
1996-11-03,75.9205
1996-11-04,78.26849
1996-11-05,74.8975
1996-11-06,75.539
1996-11-07,73.5925
1996-11-08,80.9195
1996-11-09,77.781
1996-11-10,80.272995
1996-11-11,74.414
1996-11-12,66.1365
1996-11-13,69.0375
1996-11-14,78.921
1996-11-15,85.2265
1996-11-16,88.34778
1996-11-17,87.21632
1996-11-18,83.5765
1996-11-19,86.50842
1996-11-20,80.431
1996-11-21,84.57895
1996-11-22,91.32167
1996-11-23,90.73235
1996-11-24,88.468
1996-11-25,76.7595
1996-11-26,92.042305
1996-11-27,91.15714
1996-11-28,93.025
1996-11-29,88.617775
1996-11-30,90.478424
1996-12-01,82.945786
1996-12-02,85.58647
1996-12-03,84.6075
1996-12-04,86.763885
1996-12-05,92.683334
1996-12-06,92.03
1996-12-07,93.49555
1996-12-08,91.76833
1996-12-09,91.753075
1996-12-10,94.27857
1996-12-11,92.317276
1996-12-12,94.02333
1996-12-13,92.005714
1996-12-14,92.823746
1996-12-15,84.445786
1996-12-16,88.08
1996-12-17,90.64889
1996-12-18,90.69375
1996-12-19,88.36882
1996-12-20,91.21267
1996-12-21,90.64611
1996-12-22,90.19231
1996-12-23,92.19222
1996-12-24,88.695
1996-12-25,88.0465
1996-12-26,69.446
1996-12-27,73.646996
1996-12-28,80.0885
1996-12-29,85.2605
1996-12-30,86.9115
1996-12-31,90.41611
1997-01-01,92.057335
1997-01-02,91.63765
1997-01-03,92.19
1997-01-04,92.31533
1997-01-05,93.64445
1997-01-06,90.97938
1997-01-07,90.67111
1997-01-08,92.734
1997-01-09,90.931816
1997-01-10,92.24333
1997-01-11,90.026665
1997-01-12,92.233
1997-01-13,89.706665
1997-01-14,90.917145
1997-01-15,92.7
1997-01-16,94.475
1997-01-17,92.113335
1997-01-18,92.41125
1997-01-19,94.229996
1997-01-20,91.69556
1997-01-21,93.149994
1997-01-22,
1997-01-23,93.37
1997-01-24,93.994995
1997-01-25,92.74
1997-01-26,82.767
1997-01-27,80.983
1997-01-28,84.4975
1997-01-29,82.401054
1997-01-30,86.85368
1997-01-31,82.325
1997-02-01,73.7485
1997-02-02,73.2995
1997-02-03,74.1765
1997-02-04,76.546
1997-02-05,81.586
1997-02-06,77.8795
1997-02-07,76.943
1997-02-08,81.588
1997-02-09,80.56
1997-02-10,75.879
1997-02-11,76.0325
1997-02-12,77.74
1997-02-13,81.805
1997-02-14,71.520004
1997-02-15,79.277
1997-02-16,75.701996
1997-02-17,74.618996
1997-02-18,68.344
1997-02-19,75.2675
1997-02-20,67.0545
1997-02-21,66.698
1997-02-22,69.8795
1997-02-23,74.401
1997-02-24,73.6225
1997-02-25,66.818
1997-02-26,73.7855
1997-02-27,73.938995
1997-02-28,69.063
1997-03-01,59.2395
1997-03-02,63.815998
1997-03-03,65.753
1997-03-04,74.923996
1997-03-05,72.279
1997-03-06,63.821
1997-03-07,65.969
1997-03-08,56.0005
1997-03-09,66.345
1997-03-10,65.776
1997-03-11,56.212498
1997-03-12,60.693497
1997-03-13,56.3085
1997-03-14,70.927
1997-03-15,60.1675
1997-03-16,64.946
1997-03-17,86.6575
1997-03-18,62.3605
1997-03-19,88.17
1997-03-20,83.284996
1997-03-21,68.9165
1997-03-22,75.913
1997-03-23,73.596
1997-03-24,68.378
1997-03-25,65.437
1997-03-26,60.75
1997-03-27,61.622498
1997-03-28,61.917
1997-03-29,60.663
1997-03-30,60.4965
1997-03-31,59.6205
1997-04-01,74.555
1997-04-02,72.0105
1997-04-03,67.255
1997-04-04,62.537
1997-04-05,55.067997
1997-04-06,56.534
1997-04-07,53.8625
1997-04-08,52.052498
1997-04-09,49.899498
1997-04-10,48.339
1997-04-11,45.364998
1997-04-12,58.466
1997-04-13,59.872498
1997-04-14,52.873
1997-04-15,73.21
1997-04-16,73.811
1997-04-17,66.797
1997-04-18,53.528
1997-04-19,58.273
1997-04-20,73.5
1997-04-21,84.2525
1997-04-22,84.5065
1997-04-23,70.678
1997-04-24,63.3905
1997-04-25,62.315
1997-04-26,66.91
1997-04-27,66.1475
1997-04-28,78.996
1997-04-29,81.331
1997-04-30,67.459496
1997-05-01,70.7855
1997-05-02,66.5515
1997-05-03,52.712997
1997-05-04,48.312
1997-05-05,46.142498
1997-05-06,50.26
1997-05-07,63.268497
1997-05-08,79.229996
1997-05-09,64.3925
1997-05-10,56.565998
1997-05-11,51.727997
1997-05-12,51.272
1997-05-13,42.519497
1997-05-14,47.095
1997-05-15,48.0575
1997-05-16,49.3765
1997-05-17,62.1055
1997-05-18,58.5145
1997-05-19,52.986
1997-05-20,47.78
1997-05-21,59.740498
1997-05-22,85.414734
1997-05-23,62.158997
1997-05-24,70.858
1997-05-25,61.837498
1997-05-26,68.847496
1997-05-27,66.7175
1997-05-28,77.121
1997-05-29,65.9515
1997-05-30,64.7415
1997-05-31,63.968
1997-06-01,57.267998
1997-06-02,74.418
1997-06-03,75.973
1997-06-04,69.550995
1997-06-05,66.2345
1997-06-06,83.5085
1997-06-07,76.2695
1997-06-08,69.416504
1997-06-09,63.725998
1997-06-10,61.8805
1997-06-11,56.241997
1997-06-12,58.2645
1997-06-13,73.253
1997-06-14,68.56
1997-06-15,64.2825
1997-06-16,61.782497
1997-06-17,69.491
1997-06-18,81.5265
1997-06-19,75.505
1997-06-20,74.34
1997-06-21,65.6045
1997-06-22,56.5335
1997-06-23,77.555
1997-06-24,62.3045
1997-06-25,64.161
1997-06-26,60.704
1997-06-27,54.365498
1997-06-28,49.7105
1997-06-29,56.98
1997-06-30,68.0115
1997-07-01,62.7245
1997-07-02,58.419
1997-07-03,64.31
1997-07-04,58.2475
1997-07-05,73.802
1997-07-06,80.875496
1997-07-07,81.472496
1997-07-08,86.291504
1997-07-09,71.835
1997-07-10,68.254
1997-07-11,75.288
1997-07-12,79.1915
1997-07-13,69.9895
1997-07-14,68.81
1997-07-15,80.0235
1997-07-16,73.1985
1997-07-17,70.3575
1997-07-18,89.5935
1997-07-19,80.229996
1997-07-20,67.672
1997-07-21,73.9785
1997-07-22,78.784996
1997-07-23,69.595
1997-07-24,70.3405
1997-07-25,77.347496
1997-07-26,66.4685
1997-07-27,62.992
1997-07-28,65.8
1997-07-29,76.5255
1997-07-30,68.190994
1997-07-31,64.2605
1997-08-01,81.5395
1997-08-02,73.727
1997-08-03,71.605995
1997-08-04,70.156494
1997-08-05,65.9575
1997-08-06,79.8125
1997-08-07,69.4575
1997-08-08,68.0575
1997-08-09,78.609
1997-08-10,82.44
1997-08-11,64.37
1997-08-12,62.963497
1997-08-13,60.6745
1997-08-14,57.4195
1997-08-15,66.168
1997-08-16,71.8965
1997-08-17,69.3855
1997-08-18,69.221
1997-08-19,70.072495
1997-08-20,68.586
1997-08-21,66.2615
1997-08-22,60.359
1997-08-23,59.9045
1997-08-24,63.7025
1997-08-25,67.798996
1997-08-26,68.4375
1997-08-27,70.474
1997-08-28,69.1225
1997-08-29,85.423
1997-08-30,61.7575
1997-08-31,67.0655
1997-09-01,69.0535
1997-09-02,70.9085
1997-09-03,69.167496
1997-09-04,72.616
1997-09-05,73.1165
1997-09-06,64.917
1997-09-07,73.776
1997-09-08,71.0935
1997-09-09,66.0125
1997-09-10,52.177
1997-09-11,64.345
1997-09-12,64.394
1997-09-13,66.0495
1997-09-14,84.454
1997-09-15,69.5555
1997-09-16,72.947495
1997-09-17,74.324
1997-09-18,71.769
1997-09-19,71.865
1997-09-20,66.9765
1997-09-21,63.905
1997-09-22,71.016
1997-09-23,70.5785
1997-09-24,69.667
1997-09-25,68.236496
1997-09-26,66.73
1997-09-27,65.399
1997-09-28,70.634
1997-09-29,69.3375
1997-09-30,72.826
1997-10-01,87.132
1997-10-02,82.186
1997-10-03,61.178497
1997-10-04,70.775
1997-10-05,73.0115
1997-10-06,75.1445
1997-10-07,69.7425
1997-10-08,81.408
1997-10-09,75.7965
1997-10-10,73.4535
1997-10-11,75.907
1997-10-12,91.31
1997-10-13,72.697
1997-10-14,82.7895
1997-10-15,71.160995
1997-10-16,70.7195
1997-10-17,75.575
1997-10-18,75.326
1997-10-19,73.233
1997-10-20,76.6235
1997-10-21,73.6505
1997-10-22,71.6325
1997-10-23,82.436
1997-10-24,69.209
1997-10-25,57.2995
1997-10-26,66.53
1997-10-27,77.1075
1997-10-28,67.2565
1997-10-29,64.7575
1997-10-30,66.862
1997-10-31,61.135
1997-11-01,75.981
1997-11-02,84.914
1997-11-03,75.846
1997-11-04,68.056
1997-11-05,76.1355
1997-11-06,69.576996
1997-11-07,74.7695
1997-11-08,80.775
1997-11-09,76.233
1997-11-10,89.09263
1997-11-11,84.792496
1997-11-12,75.6795
1997-11-13,87.4985
1997-11-14,83.89684
1997-11-15,77.1325
1997-11-16,86.733
1997-11-17,87.9675
1997-11-18,86.14684
1997-11-19,81.8225
1997-11-20,83.956
1997-11-21,88.551765
1997-11-22,92.19143
1997-11-23,92.14455
1997-11-24,93.479996
1997-11-25,92.64
1997-11-26,92.167694
1997-11-27,91.74364
1997-11-28,92.95
1997-11-29,92.025
1997-11-30,88.861176
1997-12-01,89.52368
1997-12-02,90.514
1997-12-03,92.06333
1997-12-04,77.9985
1997-12-05,80.4785
1997-12-06,83.481575
1997-12-07,84.395
1997-12-08,88.88
1997-12-09,90.34882
1997-12-10,91.12231
1997-12-11,86.84053
1997-12-12,87.17941
1997-12-13,83.0335
1997-12-14,76.919
1997-12-15,82.7775
1997-12-16,82.5405
1997-12-17,74.91
1997-12-18,75.604996
1997-12-19,85.3815
1997-12-20,90.529
1997-12-21,94.104
1997-12-22,93.09167
1997-12-23,92.25
1997-12-24,91.37375
1997-12-25,88.346664
1997-12-26,86.2225
1997-12-27,88.15143
1997-12-28,89.685555
1997-12-29,80.159996
1997-12-30,82.041
1997-12-31,85.4635
1998-01-01,90.03286
1998-01-02,87.1815
1998-01-03,89.065
1998-01-04,84.4085
1998-01-05,87.423
1998-01-06,74.569496
1998-01-07,81.257
1998-01-08,78.369995
1998-01-09,78.1565
1998-01-10,83.80684
1998-01-11,86.0975
1998-01-12,88.39429
1998-01-13,89.075386
1998-01-14,88.49294
1998-01-15,89.357895
1998-01-16,91.78353
1998-01-17,86.608
1998-01-18,77.597496
1998-01-19,88.450584
1998-01-20,89.94789
1998-01-21,88.76471
1998-01-22,89.57167
1998-01-23,88.51895
1998-01-24,85.9985
1998-01-25,84.98947
1998-01-26,80.2975
1998-01-27,88.76611
1998-01-28,84.18053
1998-01-29,86.502
1998-01-30,79.8
1998-01-31,78.657
1998-02-01,61.3255
1998-02-02,74.438995
1998-02-03,74.8745
1998-02-04,69.7905
1998-02-05,70.556
1998-02-06,69.3975
1998-02-07,72.881
1998-02-08,66.7965
1998-02-09,65.1645
1998-02-10,62.559498
1998-02-11,61.611
1998-02-12,57.330997
1998-02-13,57.586998
1998-02-14,73.454
1998-02-15,61.418
1998-02-16,55.727997
1998-02-17,54.927498
1998-02-18,63.1165
1998-02-19,62.01
1998-02-20,69.621
1998-02-21,64.403496
1998-02-22,60.3795
1998-02-23,67.621
1998-02-24,68.793
1998-02-25,78.1185
1998-02-26,62.401497
1998-02-27,61.077
1998-02-28,61.0715
1998-03-01,84.659
1998-03-02,74.073
1998-03-03,66.1335
1998-03-04,55.217
1998-03-05,61.9445
1998-03-06,52.1955
1998-03-07,50.402
1998-03-08,71.3925
1998-03-09,63.3105
1998-03-10,53.784
1998-03-11,50.5685
1998-03-12,46.691998
1998-03-13,57.545498
1998-03-14,60.6105
1998-03-15,50.961
1998-03-16,55.646
1998-03-17,75.4495
1998-03-18,69.4815
1998-03-19,65.4255
1998-03-20,63.5955
1998-03-21,71.1
1998-03-22,67.981
1998-03-23,59.631
1998-03-24,47.264
1998-03-25,54.447
1998-03-26,55.927498
1998-03-27,54.8405
1998-03-28,61.4255
1998-03-29,62.2925
1998-03-30,52.947998
1998-03-31,57.538998
1998-04-01,55.4615
1998-04-02,63.371
1998-04-03,60.8755
1998-04-04,51.484
1998-04-05,56.841
1998-04-06,83.313
1998-04-07,65.1605
1998-04-08,67.239
1998-04-09,91.2675
1998-04-10,73.696
1998-04-11,66.9335
1998-04-12,69.4145
1998-04-13,73.7015
1998-04-14,81.4425
1998-04-15,65.7135
1998-04-16,80.631996
1998-04-17,77.8805
1998-04-18,85.23278
1998-04-19,74.623
1998-04-20,65.673
1998-04-21,62.012497
1998-04-22,82.9895
1998-04-23,77.8675
1998-04-24,67.8495
1998-04-25,72.249
1998-04-26,67.5935
1998-04-27,53.378498
1998-04-28,52.8015
1998-04-29,81.1335
1998-04-30,75.956
1998-05-01,69.8375
1998-05-02,69.1145
1998-05-03,78.772
1998-05-04,88.2945
1998-05-05,60.4895
1998-05-06,60.6375
1998-05-07,63.2045
1998-05-08,58.232998
1998-05-09,57.9325
1998-05-10,58.455498
1998-05-11,61.066498
1998-05-12,61.288498
1998-05-13,67.529
1998-05-14,55.8575
1998-05-15,64.0765
1998-05-16,76.1745
1998-05-17,80.415
1998-05-18,82.811
1998-05-19,90.39823
1998-05-20,76.0305
1998-05-21,72.7205
1998-05-22,69.088
1998-05-23,60.906
1998-05-24,60.0225
1998-05-25,87.446
1998-05-26,76.322
1998-05-27,68.6035
1998-05-28,61.1465
1998-05-29,65.9325
1998-05-30,72.418
1998-05-31,67.2
1998-06-01,68.983
1998-06-02,66.981
1998-06-03,59.9675
1998-06-04,70.7895
1998-06-05,63.466
1998-06-06,58.204998
1998-06-07,53.4145
1998-06-08,66.291504
1998-06-09,78.646996
1998-06-10,69.595
1998-06-11,72.6225
1998-06-12,78.265
1998-06-13,81.213
1998-06-14,73.7665
1998-06-15,65.707
1998-06-16,79.8835
1998-06-17,80.387
1998-06-18,61.598
1998-06-19,68.222496
1998-06-20,68.729
1998-06-21,63.7325
1998-06-22,66.653496
1998-06-23,75.7875
1998-06-24,73.531
1998-06-25,71.128
1998-06-26,61.585
1998-06-27,69.386
1998-06-28,64.753
1998-06-29,70.769
1998-06-30,61.907497
1998-07-01,61.9955
1998-07-02,75.5515
1998-07-03,73.9485
1998-07-04,66.5465
1998-07-05,72.182495
1998-07-06,63.977497
1998-07-07,69.1845
1998-07-08,70.332
1998-07-09,70.6815
1998-07-10,71.8
1998-07-11,67.9465
1998-07-12,86.088
1998-07-13,69.7575
1998-07-14,79.2455
1998-07-15,77.915
1998-07-16,64.165
1998-07-17,65.1835
1998-07-18,64.402
1998-07-19,64.8725
1998-07-20,60.977997
1998-07-21,59.218998
1998-07-22,54.498497
1998-07-23,59.767498
1998-07-24,60.005
1998-07-25,69.051
1998-07-26,74.2345
1998-07-27,74.1635
1998-07-28,78.36
1998-07-29,72.8055
1998-07-30,66.2425
1998-07-31,63.6485
1998-08-01,71.554
1998-08-02,60.1055
1998-08-03,58.6625
1998-08-04,65.725
1998-08-05,68.3575
1998-08-06,58.7145
1998-08-07,62.7795
1998-08-08,58.8265
1998-08-09,56.815
1998-08-10,50.1475
1998-08-11,53.3955
1998-08-12,55.6255
1998-08-13,50.654
1998-08-14,57.364
1998-08-15,61.134
1998-08-16,59.406998
1998-08-17,66.34
1998-08-18,62.968
1998-08-19,69.5595
1998-08-20,75.4275
1998-08-21,76.7705
1998-08-22,85.07
1998-08-23,76.5635
1998-08-24,68.0085
1998-08-25,69.429
1998-08-26,63.9755
1998-08-27,61.4175
1998-08-28,74.4285
1998-08-29,73.289
1998-08-30,68.612495
1998-08-31,69.485
1998-09-01,69.6015
1998-09-02,71.8225
1998-09-03,74.7065
1998-09-04,87.9205
1998-09-05,86.14
1998-09-06,81.724
1998-09-07,78.979996
1998-09-08,76.56
1998-09-09,79.5625
1998-09-10,81.786
1998-09-11,77.0885
1998-09-12,78.8875
1998-09-13,83.3315
1998-09-14,83.90842
1998-09-15,72.207
1998-09-16,73.194
1998-09-17,85.9245
1998-09-18,79.243996
1998-09-19,77.252
1998-09-20,84.506
1998-09-21,71.473495
1998-09-22,76.3175
1998-09-23,77.645
1998-09-24,76.6035
1998-09-25,75.3765
1998-09-26,73.904
1998-09-27,85.4065
1998-09-28,86.887
1998-09-29,77.281
1998-09-30,74.5335
1998-10-01,80.961
1998-10-02,91.237366
1998-10-03,89.78
1998-10-04,79.0205
1998-10-05,82.8075
1998-10-06,82.0935
1998-10-07,82.7185
1998-10-08,90.76579
1998-10-09,83.7745
1998-10-10,75.6465
1998-10-11,67.965996
1998-10-12,83.258
1998-10-13,67.5275
1998-10-14,70.166
1998-10-15,78.3225
1998-10-16,78.681
1998-10-17,75.052
1998-10-18,75.072
1998-10-19,84.1455
1998-10-20,87.9695
1998-10-21,76.872
1998-10-22,74.0875
1998-10-23,76.753
1998-10-24,83.26579
1998-10-25,90.91684
1998-10-26,77.725
1998-10-27,69.438
1998-10-28,65.308
1998-10-29,72.0355
1998-10-30,66.4235
1998-10-31,63.9965
1998-11-01,72.363
1998-11-02,74.3025
1998-11-03,78.182495
1998-11-04,80.478
1998-11-05,90.93875
1998-11-06,85.416
1998-11-07,77.2625
1998-11-08,76.9295
1998-11-09,87.8085
1998-11-10,86.378
1998-11-11,79.3575
1998-11-12,85.174995
1998-11-13,83.460495
1998-11-14,81.890495
1998-11-15,88.90632
1998-11-16,76.0205
1998-11-17,76.112
1998-11-18,69.9255
1998-11-19,73.9135
1998-11-20,76.485
1998-11-21,79.041
1998-11-22,88.97294
1998-11-23,88.775
1998-11-24,91.03353
1998-11-25,90.91
1998-11-26,91.58083
1998-11-27,92.05
1998-11-28,90.915
1998-11-29,88.56706
1998-11-30,86.08055
1998-12-01,90.50105
1998-12-02,87.394
1998-12-03,89.460556
1998-12-04,92.35308
1998-12-05,90.486664
1998-12-06,88.625
1998-12-07,81.07684
1998-12-08,83.0115
1998-12-09,83.2425
1998-12-10,84.243
1998-12-11,85.557
1998-12-12,85.391
1998-12-13,88.945885
1998-12-14,82.019
1998-12-15,92.98333
1998-12-16,91.02231
1998-12-17,84.08421
1998-12-18,92.13875
1998-12-19,92.93
1998-12-20,92.088745
1998-12-21,88.911
1998-12-22,82.381996
1998-12-23,87.79176
1998-12-24,89.84118
1998-12-25,90.24105
1998-12-26,90.304
1998-12-27,85.92944
1998-12-28,84.097496
1998-12-29,90.538826
1998-12-30,92.920906
1998-12-31,86.79769
1999-01-01,90.30333
1999-01-02,90.70538
1999-01-03,91.05933
1999-01-04,91.40063
1999-01-05,89.41389
1999-01-06,86.35286
1999-01-07,89.348946
1999-01-08,91.35928
1999-01-09,89.55666
1999-01-10,91.134285
1999-01-11,87.612305
1999-01-12,86.422
1999-01-13,86.9475
1999-01-14,77.5195
1999-01-15,86.85421
1999-01-16,78.978
1999-01-17,82.534
1999-01-18,87.5345
1999-01-19,91.40583
1999-01-20,91.235
1999-01-21,92.82286
1999-01-22,90.39
1999-01-23,89.31333
1999-01-24,92.19667
1999-01-25,91.599
1999-01-26,92.15833
1999-01-27,93.333
1999-01-28,83.209496
1999-01-29,83.029
1999-01-30,54.8295
1999-01-31,56.101498
1999-02-01,69.9975
1999-02-02,86.96
1999-02-03,85.913
1999-02-04,85.85222
1999-02-05,77.6485
1999-02-06,71.3785
1999-02-07,69.478
1999-02-08,78.792496
1999-02-09,75.2275
1999-02-10,89.45267
1999-02-11,89.17333
1999-02-12,81.3695
1999-02-13,89.073
1999-02-14,85.787895
1999-02-15,85.2
1999-02-16,78.8635
1999-02-17,79.9835
1999-02-18,63.284
1999-02-19,73.22
1999-02-20,80.195
1999-02-21,90.600525
1999-02-22,88.452225
1999-02-23,69.386
1999-02-24,65.031
1999-02-25,68.7975
1999-02-26,63.3565
1999-02-27,64.673996
1999-02-28,62.477997
1999-03-01,66.978
1999-03-02,67.6625
1999-03-03,63.835
1999-03-04,57.9495
1999-03-05,68.278
1999-03-06,80.820496
1999-03-07,78.4405
1999-03-08,70.259
1999-03-09,65.0645
1999-03-10,61.732998
1999-03-11,69.2345
1999-03-12,67.608
1999-03-13,66.5075
1999-03-14,66.113495
1999-03-15,71.5265
1999-03-16,78.209
1999-03-17,76.3595
1999-03-18,60.781
1999-03-19,66.192
1999-03-20,58.1055
1999-03-21,64.725
1999-03-22,60.5225
1999-03-23,72.7195
1999-03-24,63.3015
1999-03-25,51.225
1999-03-26,56.670998
1999-03-27,63.6165
1999-03-28,83.76421
1999-03-29,85.3815
1999-03-30,82.000496
1999-03-31,66.974
1999-04-01,63.9715
1999-04-02,63.4615
1999-04-03,53.389
1999-04-04,49.695
1999-04-05,55.0715
1999-04-06,55.694
1999-04-07,58.897
1999-04-08,72.2345
1999-04-09,71.898
1999-04-10,72.0795
1999-04-11,84.8905
1999-04-12,72.756
1999-04-13,83.250496
1999-04-14,63.5545
1999-04-15,52.8615
1999-04-16,63.492496
1999-04-17,73.8835
1999-04-18,83.4555
1999-04-19,66.4405
1999-04-20,64.1585
1999-04-21,72.5165
1999-04-22,79.633
1999-04-23,90.84
1999-04-24,85.313
1999-04-25,86.0305
1999-04-26,81.5485
1999-04-27,74.417496
1999-04-28,72.4535
1999-04-29,63.9935
1999-04-30,68.3975
1999-05-01,66.603
1999-05-02,67.8145
1999-05-03,65.249
1999-05-04,72.6415
1999-05-05,87.134
1999-05-06,71.4785
1999-05-07,70.5435
1999-05-08,61.5095
1999-05-09,80.798
1999-05-10,68.9485
1999-05-11,64.923
1999-05-12,80.547
1999-05-13,70.482
1999-05-14,77.2075
1999-05-15,80.3925
1999-05-16,72.5245
1999-05-17,67.879
1999-05-18,75.4135
1999-05-19,58.055
1999-05-20,74.07
1999-05-21,69.256996
1999-05-22,71.711
1999-05-23,68.617
1999-05-24,63.6735
1999-05-25,61.373497
1999-05-26,63.746998
1999-05-27,62.592
1999-05-28,62.240498
1999-05-29,61.625
1999-05-30,61.732
1999-05-31,62.9325
1999-06-01,74.035995
1999-06-02,62.981
1999-06-03,59.373
1999-06-04,70.7275
1999-06-05,67.9475
1999-06-06,64.103
1999-06-07,57.2735
1999-06-08,70.723
1999-06-09,68.837
1999-06-10,69.266495
1999-06-11,70.3845
1999-06-12,81.4155
1999-06-13,83.445
1999-06-14,76.668
1999-06-15,78.769
1999-06-16,80.788
1999-06-17,82.206
1999-06-18,78.89
1999-06-19,70.090996
1999-06-20,63.6325
1999-06-21,84.4085
1999-06-22,83.368004
1999-06-23,62.77
1999-06-24,63.384
1999-06-25,60.925
1999-06-26,62.3465
1999-06-27,59.002
1999-06-28,61.7705
1999-06-29,66.867
1999-06-30,64.3185
1999-07-01,66.222
1999-07-02,62.2585
1999-07-03,64.232
1999-07-04,59.454998
1999-07-05,60.531
1999-07-06,53.2305
1999-07-07,74.134
1999-07-08,73.3505
1999-07-09,84.1695
1999-07-10,88.6285
1999-07-11,79.4345
1999-07-12,79.3535
1999-07-13,73.708496
1999-07-14,77.1795
1999-07-15,60.63
1999-07-16,62.5725
1999-07-17,65.099
1999-07-18,63.8805
1999-07-19,63.62
1999-07-20,61.1745
1999-07-21,63.004997
1999-07-22,73.9645
1999-07-23,78.6475
1999-07-24,79.54
1999-07-25,76.7195
1999-07-26,85.0445
1999-07-27,81.6005
1999-07-28,70.767
1999-07-29,67.763
1999-07-30,67.917496
1999-07-31,69.300995
1999-08-01,68.2635
1999-08-02,74.8215
1999-08-03,69.6765
1999-08-04,71.323
1999-08-05,73.822
1999-08-06,75.0525
1999-08-07,70.908
1999-08-08,71.4355
1999-08-09,62.5785
1999-08-10,65.2875
1999-08-11,74.525
1999-08-12,66.6215
1999-08-13,80.459
1999-08-14,65.2725
1999-08-15,68.3125
1999-08-16,71.557
1999-08-17,76.4005
1999-08-18,77.576
1999-08-19,69.423
1999-08-20,73.599495
1999-08-21,69.929
1999-08-22,63.467
1999-08-23,63.958
1999-08-24,64.066
1999-08-25,69.6525
1999-08-26,62.138
1999-08-27,74.0545
1999-08-28,64.6435
1999-08-29,76.19
1999-08-30,84.763
1999-08-31,85.642
1999-09-01,68.944496
1999-09-02,80.154
1999-09-03,88.211
1999-09-04,80.872
1999-09-05,81.0155
1999-09-06,71.7995
1999-09-07,72.771996
1999-09-08,72.0765
1999-09-09,71.182495
1999-09-10,68.4415
1999-09-11,67.960495
1999-09-12,70.813995
1999-09-13,69.7615
1999-09-14,72.691
1999-09-15,70.293
1999-09-16,69.9045
1999-09-17,67.973
1999-09-18,73.517
1999-09-19,74.1405
1999-09-20,64.024
1999-09-21,78.2705
1999-09-22,75.7445
1999-09-23,73.682495
1999-09-24,72.404
1999-09-25,68.488
1999-09-26,64.505
1999-09-27,76.3045
1999-09-28,77.909996
1999-09-29,65.5555
1999-09-30,65.959
1999-10-01,68.085
1999-10-02,71.3655
1999-10-03,67.423996
1999-10-04,81.55
1999-10-05,82.49389
1999-10-06,81.0
1999-10-07,74.6055
1999-10-08,72.5205
1999-10-09,70.261
1999-10-10,69.847496
1999-10-11,74.0795
1999-10-12,75.7305
1999-10-13,72.451996
1999-10-14,67.887
1999-10-15,66.809
1999-10-16,68.7745
1999-10-17,66.0385
1999-10-18,67.104996
1999-10-19,80.9055
1999-10-20,81.944
1999-10-21,79.187
1999-10-22,82.7295
1999-10-23,80.0455
1999-10-24,79.766495
1999-10-25,63.239
1999-10-26,78.743
1999-10-27,78.36
1999-10-28,79.9525
1999-10-29,78.9855
1999-10-30,86.6465
1999-10-31,80.7845
1999-11-01,74.1555
1999-11-02,81.905
1999-11-03,78.985
1999-11-04,79.319496
1999-11-05,82.289
1999-11-06,76.774
1999-11-07,76.319
1999-11-08,86.60421
1999-11-09,92.03375
1999-11-10,91.56267
1999-11-11,89.52684
1999-11-12,85.18053
1999-11-13,89.758125
1999-11-14,89.08875
1999-11-15,85.778824
1999-11-16,84.0375
1999-11-17,91.56588
1999-11-18,88.29579
1999-11-19,92.94625
1999-11-20,86.6595
1999-11-21,91.04266
1999-11-22,91.50923
1999-11-23,85.273
1999-11-24,89.880585
1999-11-25,88.58278
1999-11-26,89.44769
1999-11-27,93.25091
1999-11-28,93.723335
1999-11-29,92.729996
1999-11-30,92.90222
1999-12-01,92.575714
1999-12-02,84.933
1999-12-03,74.93
1999-12-04,80.22948
1999-12-05,86.45
1999-12-06,75.408
1999-12-07,77.664
1999-12-08,76.6585
1999-12-09,79.4705
1999-12-10,83.7085
1999-12-11,92.10077
1999-12-12,92.01134
1999-12-13,90.11278
1999-12-14,80.3085
1999-12-15,90.01222
1999-12-16,89.66421
1999-12-17,88.80778
1999-12-18,89.715294
1999-12-19,89.38588
1999-12-20,88.45706
1999-12-21,80.24
1999-12-22,84.8915
1999-12-23,87.124214
1999-12-24,91.56308
1999-12-25,90.45368
1999-12-26,90.19688
1999-12-27,87.422775
1999-12-28,88.84177
1999-12-29,79.182
1999-12-30,84.384
1999-12-31,87.24722
2000-01-01,88.977
2000-01-02,91.74
2000-01-03,90.972145
2000-01-04,90.509285
2000-01-05,92.07154
2000-01-06,92.24728
2000-01-07,91.996
2000-01-08,92.28
2000-01-09,89.03166
2000-01-10,90.68294
2000-01-11,86.398125
2000-01-12,88.814445
2000-01-13,90.44842
2000-01-14,85.093155
2000-01-15,92.127144
2000-01-16,80.95
2000-01-17,77.2785
2000-01-18,85.32
2000-01-19,70.7605
2000-01-20,66.691
2000-01-21,70.975
2000-01-22,69.5275
2000-01-23,83.131
2000-01-24,68.5775
2000-01-25,75.321495
2000-01-26,69.7455
2000-01-27,67.04
2000-01-28,75.622
2000-01-29,76.446
2000-01-30,77.6865
2000-01-31,75.016
2000-02-01,79.6385
2000-02-02,76.2215
2000-02-03,67.4405
2000-02-04,67.3495
2000-02-05,66.649
2000-02-06,74.229
2000-02-07,77.7105
2000-02-08,73.471
2000-02-09,77.738495
2000-02-10,74.221
2000-02-11,78.5515
2000-02-12,80.5205
2000-02-13,79.862
2000-02-14,66.382996
2000-02-15,68.869995
2000-02-16,73.006
2000-02-17,76.403496
2000-02-18,64.9575
2000-02-19,75.317
2000-02-20,82.818
2000-02-21,74.779
2000-02-22,70.977
2000-02-23,73.264496
2000-02-24,77.248
2000-02-25,64.721
2000-02-26,64.048996
2000-02-27,72.3725
2000-02-28,64.391
2000-02-29,56.253498
2000-03-01,65.5605
2000-03-02,76.237
2000-03-03,62.5785
2000-03-04,71.306496
2000-03-05,68.823
2000-03-06,65.592
2000-03-07,60.1465
2000-03-08,63.622498
2000-03-09,60.1195
2000-03-10,59.649498
2000-03-11,69.305
2000-03-12,69.4955
2000-03-13,68.233
2000-03-14,66.6
2000-03-15,69.4015
2000-03-16,73.483
2000-03-17,84.7315
2000-03-18,78.7725
2000-03-19,78.8585
2000-03-20,70.2175
2000-03-21,73.0525
2000-03-22,70.004
2000-03-23,60.3125
2000-03-24,61.913998
2000-03-25,73.239
2000-03-26,77.433
2000-03-27,80.7715
2000-03-28,70.583
2000-03-29,76.8245
2000-03-30,58.059498
2000-03-31,60.505497
2000-04-01,82.967
2000-04-02,75.306
2000-04-03,71.223
2000-04-04,68.673996
2000-04-05,86.2995
2000-04-06,52.707
2000-04-07,54.5225
2000-04-08,61.474
2000-04-09,59.1965
2000-04-10,53.4315
2000-04-11,69.3575
2000-04-12,66.2405
2000-04-13,56.375
2000-04-14,56.2805
2000-04-15,62.002
2000-04-16,61.0625
2000-04-17,53.211
2000-04-18,54.77
2000-04-19,55.989998
2000-04-20,59.7875
2000-04-21,55.278
2000-04-22,55.034
2000-04-23,54.16
2000-04-24,62.0775
2000-04-25,83.177
2000-04-26,75.337
2000-04-27,69.5415
2000-04-28,61.7835
2000-04-29,66.8385
2000-04-30,68.122
2000-05-01,78.0235
2000-05-02,62.5135
2000-05-03,48.9875
2000-05-04,52.425
2000-05-05,49.6115
2000-05-06,51.420998
2000-05-07,51.538998
2000-05-08,64.6135
2000-05-09,69.714
2000-05-10,60.329
2000-05-11,55.917
2000-05-12,64.977
2000-05-13,56.5415
2000-05-14,49.594498
2000-05-15,49.4615
2000-05-16,51.319
2000-05-17,48.8
2000-05-18,45.350998
2000-05-19,70.2945
2000-05-20,78.2175
2000-05-21,59.060497
2000-05-22,77.833496
2000-05-23,68.489
2000-05-24,57.858498
2000-05-25,49.726498
2000-05-26,50.1465
2000-05-27,46.3215
2000-05-28,47.984997
2000-05-29,81.9175
2000-05-30,57.510498
2000-05-31,73.604
2000-06-01,56.4885
2000-06-02,54.028
2000-06-03,47.35
2000-06-04,47.067997
2000-06-05,49.265
2000-06-06,56.993
2000-06-07,61.868496
2000-06-08,50.247997
2000-06-09,50.462997
2000-06-10,49.6815
2000-06-11,54.746998
2000-06-12,50.8345
2000-06-13,55.2735
2000-06-14,56.16
2000-06-15,61.862
2000-06-16,53.4035
2000-06-17,43.509
2000-06-18,44.788498
2000-06-19,47.774998
2000-06-20,49.0515
2000-06-21,46.044
2000-06-22,39.989998
2000-06-23,45.086998
2000-06-24,57.508
2000-06-25,80.6925
2000-06-26,62.2975
2000-06-27,52.524998
2000-06-28,49.8885
2000-06-29,49.3565
2000-06-30,55.830997
2000-07-01,54.651497
2000-07-02,52.8555
2000-07-03,52.585
2000-07-04,43.116497
2000-07-05,52.064
2000-07-06,48.217
2000-07-07,53.2375
2000-07-08,58.461
2000-07-09,74.158
2000-07-10,51.812
2000-07-11,69.431
2000-07-12,66.7915
2000-07-13,62.704
2000-07-14,57.013
2000-07-15,86.3835
2000-07-16,80.439
2000-07-17,59.044
2000-07-18,67.515495
2000-07-19,64.3295
2000-07-20,73.3745
2000-07-21,62.260998
2000-07-22,63.921
2000-07-23,63.898
2000-07-24,56.795998
2000-07-25,50.9665
2000-07-26,55.968998
2000-07-27,57.065998
2000-07-28,69.7985
2000-07-29,63.247997
2000-07-30,65.57
2000-07-31,64.139496
2000-08-01,58.1925
2000-08-02,52.486
2000-08-03,53.3425
2000-08-04,58.7175
2000-08-05,68.8305
2000-08-06,69.781
2000-08-07,71.7355
2000-08-08,62.559
2000-08-09,60.504997
2000-08-10,55.585
2000-08-11,55.238
2000-08-12,54.6735
2000-08-13,56.5645
2000-08-14,57.359
2000-08-15,62.829998
2000-08-16,56.0785
2000-08-17,54.629498
2000-08-18,49.667
2000-08-19,40.0565
2000-08-20,45.079
2000-08-21,47.617496
2000-08-22,47.623497
2000-08-23,54.080498
2000-08-24,50.032497
2000-08-25,48.205498
2000-08-26,54.017498
2000-08-27,54.458
2000-08-28,62.107
2000-08-29,63.5015
2000-08-30,55.9685
2000-08-31,62.1665
2000-09-01,80.685
2000-09-02,74.736496
2000-09-03,69.05
2000-09-04,72.31
2000-09-05,60.532497
2000-09-06,66.8515
2000-09-07,83.8105
2000-09-08,69.821
2000-09-09,63.337498
2000-09-10,57.866997
2000-09-11,61.183
2000-09-12,63.2035
2000-09-13,58.2105
2000-09-14,61.4185
2000-09-15,67.9855
2000-09-16,63.4675
2000-09-17,74.752
2000-09-18,76.447
2000-09-19,77.925995
2000-09-20,70.78249
2000-09-21,77.169
2000-09-22,79.4365
2000-09-23,83.2635
2000-09-24,83.7625
2000-09-25,77.474495
2000-09-26,73.6045
2000-09-27,67.024
2000-09-28,64.556
2000-09-29,59.6615
2000-09-30,66.568
2000-10-01,69.724
2000-10-02,84.143
2000-10-03,78.9675
2000-10-04,72.193
2000-10-05,73.937
2000-10-06,75.486
2000-10-07,79.7885
2000-10-08,72.3575
2000-10-09,78.5825
2000-10-10,81.7555
2000-10-11,68.5055
2000-10-12,62.802998
2000-10-13,57.7095
2000-10-14,69.2875
2000-10-15,70.275
2000-10-16,69.2315
2000-10-17,68.401
2000-10-18,81.795
2000-10-19,83.221
2000-10-20,70.306
2000-10-21,68.423
2000-10-22,71.819496
2000-10-23,65.853
2000-10-24,67.6455
2000-10-25,73.0945
2000-10-26,70.3725
2000-10-27,82.5795
2000-10-28,78.131996
2000-10-29,75.2335
2000-10-30,73.677
2000-10-31,62.323498
2000-11-01,88.3665
2000-11-02,91.03167
2000-11-03,73.65
2000-11-04,80.912
2000-11-05,83.1075
2000-11-06,71.575
2000-11-07,78.5345
2000-11-08,72.646996
2000-11-09,74.177
2000-11-10,80.5915
2000-11-11,85.2055
2000-11-12,80.287
2000-11-13,75.39
2000-11-14,63.835
2000-11-15,74.282
2000-11-16,77.106
2000-11-17,68.8985
2000-11-18,85.956
2000-11-19,90.3575
2000-11-20,83.0795
2000-11-21,73.634
2000-11-22,82.667496
2000-11-23,79.048996
2000-11-24,77.836
2000-11-25,86.215
2000-11-26,85.4545
2000-11-27,74.2145
2000-11-28,81.234
2000-11-29,77.1195
2000-11-30,91.33118
2000-12-01,91.01583
2000-12-02,88.23882
2000-12-03,84.7215
2000-12-04,94.57285
2000-12-05,93.01
2000-12-06,92.85333
2000-12-07,94.205
2000-12-08,87.9395
2000-12-09,82.216995
2000-12-10,91.851875
2000-12-11,88.97421
2000-12-12,84.59263
2000-12-13,82.903
2000-12-14,86.77278
2000-12-15,86.413155
2000-12-16,82.2345
2000-12-17,80.9185
2000-12-18,86.845
2000-12-19,92.108
2000-12-20,82.476
2000-12-21,78.024
2000-12-22,70.134
2000-12-23,79.457
2000-12-24,84.2215
2000-12-25,81.1865
2000-12-26,91.61923
2000-12-27,91.76444
2000-12-28,90.79474
2000-12-29,88.8015
2000-12-30,89.460556
2000-12-31,83.2005
2001-01-01,83.904
2001-01-02,82.3525
2001-01-03,89.03545
2001-01-04,91.674706
2001-01-05,91.566
2001-01-06,79.976
2001-01-07,79.5745
2001-01-08,87.921
2001-01-09,80.4995
2001-01-10,81.1765
2001-01-11,82.12053
2001-01-12,77.003
2001-01-13,71.045
2001-01-14,79.070496
2001-01-15,78.098495
2001-01-16,78.759
2001-01-17,83.5225
2001-01-18,82.11
2001-01-19,86.185265
2001-01-20,86.2385
2001-01-21,85.0655
2001-01-22,91.36562
2001-01-23,92.69067
2001-01-24,89.66071
2001-01-25,88.0085
2001-01-26,91.11471
2001-01-27,79.1275
2001-01-28,87.20778
2001-01-29,90.87375
2001-01-30,87.81529
2001-01-31,86.712776
2001-02-01,70.751495
2001-02-02,65.9965
2001-02-03,68.2165
2001-02-04,72.2385
2001-02-05,73.7215
2001-02-06,71.254
2001-02-07,67.864
2001-02-08,64.909996
2001-02-09,65.198
2001-02-10,73.484
2001-02-11,74.012
2001-02-12,74.5715
2001-02-13,77.211
2001-02-14,69.6025
2001-02-15,65.769
2001-02-16,66.591995
2001-02-17,68.3655
2001-02-18,61.135998
2001-02-19,49.3205
2001-02-20,65.8805
2001-02-21,63.774498
2001-02-22,57.536
2001-02-23,75.417496
2001-02-24,72.327995
2001-02-25,70.076
2001-02-26,75.6725
2001-02-27,71.6215
2001-02-28,73.1065
2001-03-01,90.39895
2001-03-02,71.4715
2001-03-03,72.9525
2001-03-04,64.9795
2001-03-05,74.948
2001-03-06,70.340996
2001-03-07,67.047
2001-03-08,60.854
2001-03-09,71.24
2001-03-10,72.1335
2001-03-11,68.432
2001-03-12,65.629
2001-03-13,73.8145
2001-03-14,67.7625
2001-03-15,66.9495
2001-03-16,65.611496
2001-03-17,61.959
2001-03-18,67.141
2001-03-19,65.8145
2001-03-20,80.903496
2001-03-21,85.5195
2001-03-22,91.736664
2001-03-23,72.979
2001-03-24,70.597
2001-03-25,69.2485
2001-03-26,70.229
2001-03-27,87.621666
2001-03-28,76.282
2001-03-29,83.6875
2001-03-30,76.192
2001-03-31,65.305
2001-04-01,61.4865
2001-04-02,57.59
2001-04-03,56.5655
2001-04-04,50.272
2001-04-05,67.649
2001-04-06,58.0615
2001-04-07,56.5755
2001-04-08,80.7025
2001-04-09,80.8425
2001-04-10,82.479
2001-04-11,85.194
2001-04-12,67.854996
2001-04-13,49.746
2001-04-14,58.9665
2001-04-15,52.094997
2001-04-16,67.405
2001-04-17,81.307
2001-04-18,63.569
2001-04-19,69.32
2001-04-20,85.15
2001-04-21,86.901054
2001-04-22,80.0435
2001-04-23,70.881
2001-04-24,53.2735
2001-04-25,56.438
2001-04-26,69.416
2001-04-27,58.285
2001-04-28,60.961998
2001-04-29,56.8845
2001-04-30,61.12
2001-05-01,55.593
2001-05-02,55.7005
2001-05-03,56.145
2001-05-04,56.1965
2001-05-05,60.417
2001-05-06,69.446495
2001-05-07,84.5625
2001-05-08,80.020996
2001-05-09,66.155
2001-05-10,55.1075
2001-05-11,64.9005
2001-05-12,53.045998
2001-05-13,51.1205
2001-05-14,54.622498
2001-05-15,54.3575
2001-05-16,60.173
2001-05-17,52.130497
2001-05-18,55.445
2001-05-19,63.591
2001-05-20,58.159
2001-05-21,64.1915
2001-05-22,70.475
2001-05-23,50.5
2001-05-24,49.28
2001-05-25,59.211
2001-05-26,47.205498
2001-05-27,49.598
2001-05-28,54.073498
2001-05-29,54.664497
2001-05-30,50.623
2001-05-31,71.5765
2001-06-01,65.5035
2001-06-02,53.609497
2001-06-03,81.812
2001-06-04,65.5675
2001-06-05,61.0365
2001-06-06,65.4185
2001-06-07,70.573
2001-06-08,57.286
2001-06-09,61.956497
2001-06-10,63.309998
2001-06-11,76.083
2001-06-12,61.9295
2001-06-13,64.992
2001-06-14,81.914
2001-06-15,62.470497
2001-06-16,61.391
2001-06-17,74.2545
2001-06-18,80.5615
2001-06-19,75.39
2001-06-20,82.3785
2001-06-21,74.1885
2001-06-22,63.6065
2001-06-23,76.972496
2001-06-24,63.416
2001-06-25,59.7435
2001-06-26,53.5565
2001-06-27,55.4525
2001-06-28,65.8915
2001-06-29,78.303
2001-06-30,69.2395
2001-07-01,73.624
2001-07-02,75.26
2001-07-03,74.6595
2001-07-04,72.36
2001-07-05,73.1555
2001-07-06,62.4515
2001-07-07,54.310497
2001-07-08,56.4305
2001-07-09,65.456
2001-07-10,65.071
2001-07-11,62.316998
2001-07-12,65.7385
2001-07-13,63.139
2001-07-14,64.0465
2001-07-15,56.740997
2001-07-16,54.8665
2001-07-17,83.0515
2001-07-18,65.3175
2001-07-19,61.419
2001-07-20,68.691
2001-07-21,81.3895
2001-07-22,82.697
2001-07-23,85.81
2001-07-24,84.673
2001-07-25,77.633995
2001-07-26,76.2625
2001-07-27,68.211
2001-07-28,65.6105
2001-07-29,60.6075
2001-07-30,66.001
2001-07-31,64.5
2001-08-01,59.565
2001-08-02,62.3325
2001-08-03,56.602
2001-08-04,58.595997
2001-08-05,61.6855
2001-08-06,57.148
2001-08-07,54.7975
2001-08-08,56.8555
2001-08-09,61.593
2001-08-10,58.62
2001-08-11,82.711
2001-08-12,62.1275
2001-08-13,58.526497
2001-08-14,57.982
2001-08-15,58.152
2001-08-16,59.735
2001-08-17,52.753498
2001-08-18,53.5235
2001-08-19,61.511997
2001-08-20,60.206497
2001-08-21,70.9355
2001-08-22,74.5165
2001-08-23,77.953
2001-08-24,79.188995
2001-08-25,71.256
2001-08-26,66.447495
2001-08-27,64.638
2001-08-28,58.8845
2001-08-29,57.475
2001-08-30,56.771
2001-08-31,73.11
2001-09-01,73.724
2001-09-02,80.136
2001-09-03,65.111496
2001-09-04,66.4375
2001-09-05,90.524376
2001-09-06,90.578125
2001-09-07,69.0125
2001-09-08,76.736
2001-09-09,86.8985
2001-09-10,80.499
2001-09-11,85.1355
2001-09-12,73.586
2001-09-13,68.588
2001-09-14,71.8085
2001-09-15,90.19
2001-09-16,82.309
2001-09-17,91.41
2001-09-18,80.3715
2001-09-19,79.863
2001-09-20,69.3785
2001-09-21,73.856
2001-09-22,77.993996
2001-09-23,88.936
2001-09-24,78.586
2001-09-25,81.552
2001-09-26,83.977
2001-09-27,78.1485
2001-09-28,74.533
2001-09-29,76.781
2001-09-30,81.7035
2001-10-01,78.687
2001-10-02,72.18
2001-10-03,74.7895
2001-10-04,69.1515
2001-10-05,79.2175
2001-10-06,78.743
2001-10-07,69.5155
2001-10-08,73.556496
2001-10-09,77.006
2001-10-10,79.137
2001-10-11,68.1165
2001-10-12,71.63
2001-10-13,77.103
2001-10-14,78.7
2001-10-15,74.463
2001-10-16,77.199
2001-10-17,80.813995
2001-10-18,86.801
2001-10-19,91.030556
2001-10-20,85.892
2001-10-21,69.047
2001-10-22,76.0455
2001-10-23,75.484
2001-10-24,77.5355
2001-10-25,80.1145
2001-10-26,71.0785
2001-10-27,74.844
2001-10-28,77.7605
2001-10-29,80.195496
2001-10-30,73.414
2001-10-31,62.7945
2001-11-01,61.8245
2001-11-02,67.501
2001-11-03,75.9055
2001-11-04,66.688995
2001-11-05,67.851
2001-11-06,81.166
2001-11-07,88.028
2001-11-08,77.573
2001-11-09,81.407
2001-11-10,70.718
2001-11-11,83.517
2001-11-12,90.449165
2001-11-13,91.94111
2001-11-14,75.4155
2001-11-15,76.160995
2001-11-16,79.629
2001-11-17,83.1525
2001-11-18,90.418465
2001-11-19,92.23556
2001-11-20,73.104
2001-11-21,71.7685
2001-11-22,74.8725
2001-11-23,75.844
2001-11-24,71.0825
2001-11-25,68.79
2001-11-26,83.929
2001-11-27,92.77572
2001-11-28,93.42667
2001-11-29,87.52611
2001-11-30,88.84277
2001-12-01,82.375
2001-12-02,89.5921
2001-12-03,92.835
2001-12-04,91.251
2001-12-05,91.96733
2001-12-06,91.26909
2001-12-07,87.124
2001-12-08,80.868
2001-12-09,78.593994
2001-12-10,80.849
2001-12-11,86.9535
2001-12-12,92.58647
2001-12-13,82.337
2001-12-14,77.9555
2001-12-15,79.2275
2001-12-16,80.361
2001-12-17,78.4935
2001-12-18,83.127
2001-12-19,84.2405
2001-12-20,79.3395
2001-12-21,79.797
2001-12-22,82.9235
2001-12-23,83.6375
2001-12-24,76.489
2001-12-25,75.044
2001-12-26,86.0065
2001-12-27,83.52
2001-12-28,81.9005
2001-12-29,68.8695
2001-12-30,76.65421
2001-12-31,83.0845
2002-01-01,71.4625
2002-01-02,61.953
2002-01-03,66.698
2002-01-04,75.529
2002-01-05,69.9945
2002-01-06,55.689
2002-01-07,75.8365
2002-01-08,92.478424
2002-01-09,90.826996
2002-01-10,93.81167
2002-01-11,94.475
2002-01-12,94.935
2002-01-13,94.585556
2002-01-14,93.111115
2002-01-15,91.7021
2002-01-16,93.72584
2002-01-17,92.836876
2002-01-18,93.0395
2002-01-19,93.33579
2002-01-20,81.819496
2002-01-21,78.7965
2002-01-22,77.04
2002-01-23,73.5205
2002-01-24,81.49
2002-01-25,82.514496
2002-01-26,83.4025
2002-01-27,80.056
2002-01-28,75.9065
2002-01-29,68.340996
2002-01-30,62.447
2002-01-31,69.4975
2002-02-01,79.613
2002-02-02,77.0175
2002-02-03,92.604996
2002-02-04,88.45
2002-02-05,94.475
2002-02-06,82.523
2002-02-07,78.889496
2002-02-08,88.5375
2002-02-09,86.9945
2002-02-10,85.2995
2002-02-11,73.878
2002-02-12,54.393997
2002-02-13,69.466995
2002-02-14,76.266
2002-02-15,55.4095
2002-02-16,67.8075
2002-02-17,75.1285
2002-02-18,94.19385
2002-02-19,82.972496
2002-02-20,67.051
2002-02-21,85.688
2002-02-22,60.775497
2002-02-23,65.899
2002-02-24,60.9495
2002-02-25,57.3615
2002-02-26,59.399498
2002-02-27,66.605995
2002-02-28,82.2815
2002-03-01,91.46
2002-03-02,84.853
2002-03-03,65.443
2002-03-04,60.948498
2002-03-05,62.1715
2002-03-06,59.982
2002-03-07,55.052998
2002-03-08,50.902
2002-03-09,54.219997
2002-03-10,47.4085
2002-03-11,42.8415
2002-03-12,56.544
2002-03-13,49.573498
2002-03-14,41.684
2002-03-15,52.329
2002-03-16,69.3165
2002-03-17,68.2405
2002-03-18,64.7065
2002-03-19,59.226997
2002-03-20,71.4975
2002-03-21,79.2705
2002-03-22,78.3515
2002-03-23,73.529495
2002-03-24,67.1355
2002-03-25,73.999
2002-03-26,70.4705
2002-03-27,58.234997
2002-03-28,53.234497
2002-03-29,49.249
2002-03-30,44.504498
2002-03-31,38.372498
2002-04-01,39.810497
2002-04-02,38.427998
2002-04-03,46.791
2002-04-04,60.184
2002-04-05,57.345497
2002-04-06,43.809998
2002-04-07,43.635998
2002-04-08,37.53
2002-04-09,42.984497
2002-04-10,93.966156
2002-04-11,92.20052
2002-04-12,88.516
2002-04-13,90.139
2002-04-14,87.3785
2002-04-15,77.4905
2002-04-16,63.7455
2002-04-17,81.018
2002-04-18,86.515
2002-04-19,77.698
2002-04-20,80.377
2002-04-21,71.527
2002-04-22,71.801
2002-04-23,68.587
2002-04-24,82.2255
2002-04-25,72.5925
2002-04-26,62.5325
2002-04-27,76.843
2002-04-28,67.1325
2002-04-29,57.7635
2002-04-30,54.071
2002-05-01,53.4515
2002-05-02,47.6
2002-05-03,44.987
2002-05-04,52.702
2002-05-05,92.14842
2002-05-06,86.587
2002-05-07,66.866
2002-05-08,56.295498
2002-05-09,64.7165
2002-05-10,79.270996
2002-05-11,78.86
2002-05-12,71.013
2002-05-13,74.6785
2002-05-14,68.548
2002-05-15,60.6685
2002-05-16,56.275497
2002-05-17,60.353
2002-05-18,52.409
2002-05-19,58.1075
2002-05-20,74.0925
2002-05-21,79.758995
2002-05-22,73.5475
2002-05-23,68.804
2002-05-24,63.3775
2002-05-25,71.357
2002-05-26,75.208
2002-05-27,84.688
2002-05-28,80.756996
2002-05-29,82.265
2002-05-30,61.2655
2002-05-31,58.394497
2002-06-01,56.774
2002-06-02,64.487
2002-06-03,68.033
2002-06-04,63.885498
2002-06-05,78.3415
2002-06-06,82.574
2002-06-07,58.4865
2002-06-08,66.0445
2002-06-09,70.7065
2002-06-10,93.53667
2002-06-11,60.157497
2002-06-12,58.996
2002-06-13,59.5705
2002-06-14,62.997498
2002-06-15,62.7385
2002-06-16,66.2395
2002-06-17,65.5515
2002-06-18,60.146
2002-06-19,56.25
2002-06-20,55.693
2002-06-21,53.920498
2002-06-22,56.9865
2002-06-23,48.7165
2002-06-24,52.8745
2002-06-25,78.955
2002-06-26,58.475
2002-06-27,49.8765
2002-06-28,68.2405
2002-06-29,62.7445
2002-06-30,53.7345
2002-07-01,54.644
2002-07-02,59.032997
2002-07-03,59.836998
2002-07-04,79.6785
2002-07-05,63.654
2002-07-06,56.238
2002-07-07,81.381
2002-07-08,66.696495
2002-07-09,61.671497
2002-07-10,59.648
2002-07-11,60.69
2002-07-12,64.314
2002-07-13,68.998
2002-07-14,73.1215
2002-07-15,76.2525
2002-07-16,70.3685
2002-07-17,69.688995
2002-07-18,85.913
2002-07-19,85.4695
2002-07-20,65.7445
2002-07-21,60.632
2002-07-22,70.962
2002-07-23,65.2905
2002-07-24,56.816498
2002-07-25,71.3845
2002-07-26,59.881
2002-07-27,56.392998
2002-07-28,64.528
2002-07-29,72.046
2002-07-30,80.4905
2002-07-31,86.4985
2002-08-01,80.293
2002-08-02,72.141
2002-08-03,72.234
2002-08-04,83.3385
2002-08-05,78.884995
2002-08-06,75.3735
2002-08-07,89.634
2002-08-08,94.24
2002-08-09,86.5135
2002-08-10,78.9705
2002-08-11,91.704735
2002-08-12,88.4765
2002-08-13,80.0365
2002-08-14,74.1935
2002-08-15,79.426
2002-08-16,80.124
2002-08-17,77.777
2002-08-18,73.6055
2002-08-19,66.2465
2002-08-20,75.5915
2002-08-21,73.822
2002-08-22,74.7435
2002-08-23,73.0525
2002-08-24,68.8435
2002-08-25,64.9225
2002-08-26,60.850998
2002-08-27,86.53
2002-08-28,79.8395
2002-08-29,73.9095
2002-08-30,63.584
2002-08-31,67.638
2002-09-01,60.0775
2002-09-02,73.057
2002-09-03,66.4165
2002-09-04,66.111496
2002-09-05,72.0085
2002-09-06,84.959
2002-09-07,72.9765
2002-09-08,67.7195
2002-09-09,57.946
2002-09-10,78.2585
2002-09-11,79.7635
2002-09-12,50.3285
2002-09-13,69.929
2002-09-14,64.7075
2002-09-15,81.135
2002-09-16,76.6655
2002-09-17,67.1285
2002-09-18,69.347
2002-09-19,75.4915
2002-09-20,82.236496
2002-09-21,86.0195
2002-09-22,92.97875
2002-09-23,94.235
2002-09-24,94.935
2002-09-25,94.1875
2002-09-26,77.726
2002-09-27,82.8965
2002-09-28,86.794
2002-09-29,82.9985
2002-09-30,73.3385
2002-10-01,72.4525
2002-10-02,74.1445
2002-10-03,72.6505
2002-10-04,79.6745
2002-10-05,78.784
2002-10-06,75.988
2002-10-07,72.558
2002-10-08,65.204
2002-10-09,78.264496
2002-10-10,87.7125
2002-10-11,
2002-10-12,
2002-10-13,92.63526
2002-10-14,88.4525
2002-10-15,90.8705
2002-10-16,77.436
2002-10-17,61.171497
2002-10-18,84.7565
2002-10-19,90.26
2002-10-20,75.0895
2002-10-21,69.588
2002-10-22,71.373
2002-10-23,70.5845
2002-10-24,78.817
2002-10-25,84.991
2002-10-26,72.9955
2002-10-27,69.681496
2002-10-28,49.8275
2002-10-29,55.697
2002-10-30,64.125
2002-10-31,86.539
2002-11-01,91.506
2002-11-02,88.221
2002-11-03,86.0225
2002-11-04,94.702
2002-11-05,89.4545
2002-11-06,93.494995
2002-11-07,93.645
2002-11-08,89.0375
2002-11-09,84.3005
2002-11-10,73.4095
2002-11-11,78.494995
2002-11-12,77.486496
2002-11-13,89.1415
2002-11-14,71.6345
2002-11-15,62.934
2002-11-16,64.602
2002-11-17,74.4665
2002-11-18,74.001495
2002-11-19,65.3155
2002-11-20,79.0815
2002-11-21,83.833
2002-11-22,88.1595
2002-11-23,83.3925
2002-11-24,75.881
2002-11-25,81.340996
2002-11-26,84.692
2002-11-27,90.3695
2002-11-28,93.62375
2002-11-29,94.25
2002-11-30,93.49728
2002-12-01,92.37222
2002-12-02,93.25467
2002-12-03,93.19611
2002-12-04,93.58818
2002-12-05,
2002-12-06,94.54
2002-12-07,
2002-12-08,
2002-12-09,84.951
2002-12-10,82.436
2002-12-11,86.215
2002-12-12,89.407
2002-12-13,87.443
2002-12-14,87.173
2002-12-15,93.615295
2002-12-16,
2002-12-17,
2002-12-18,
2002-12-19,86.1515
2002-12-20,88.616
2002-12-21,87.097496
2002-12-22,90.927
2002-12-23,93.494995
2002-12-24,74.3325
2002-12-25,86.395
2002-12-26,89.7175
2002-12-27,93.75272
2002-12-28,89.708
2002-12-29,93.13467
2002-12-30,73.5235
2002-12-31,85.4975
2003-01-01,68.139496
2003-01-02,88.636
2003-01-03,77.0635
2003-01-04,85.706
2003-01-05,
2003-01-06,88.761
2003-01-07,93.58222
2003-01-08,80.751495
2003-01-09,90.502
2003-01-10,91.99647
2003-01-11,91.715
2003-01-12,77.6885
2003-01-13,77.597496
2003-01-14,66.4685
2003-01-15,61.0785
2003-01-16,77.799995
2003-01-17,79.7725
2003-01-18,
2003-01-19,
2003-01-20,
2003-01-21,
2003-01-22,
2003-01-23,94.71
2003-01-24,
2003-01-25,
2003-01-26,
2003-01-27,92.7653
2003-01-28,88.001
2003-01-29,82.352
2003-01-30,
2003-01-31,
2003-02-01,90.9525
2003-02-02,71.098495
2003-02-03,78.986496
2003-02-04,91.3105
2003-02-05,94.3525
2003-02-06,81.501495
2003-02-07,76.3445
2003-02-08,79.6985
2003-02-09,85.185
2003-02-10,88.758
2003-02-11,92.93667
2003-02-12,85.8275
2003-02-13,79.251495
2003-02-14,77.708496
2003-02-15,75.4995
2003-02-16,86.702
2003-02-17,77.514496
2003-02-18,71.421
2003-02-19,84.1875
2003-02-20,86.229004
2003-02-21,86.1205
2003-02-22,87.7655
2003-02-23,91.1935
2003-02-24,77.5965
2003-02-25,84.759
2003-02-26,94.24
2003-02-27,91.448944
2003-02-28,76.9275
2003-03-01,65.784
2003-03-02,68.855995
2003-03-03,94.19334
2003-03-04,88.862
2003-03-05,79.619995
2003-03-06,85.3
2003-03-07,68.1335
2003-03-08,63.659
2003-03-09,56.6975
2003-03-10,80.0945
2003-03-11,84.387
2003-03-12,53.0765
2003-03-13,55.854
2003-03-14,78.237
2003-03-15,68.868996
2003-03-16,61.5905
2003-03-17,59.1555
2003-03-18,61.735
2003-03-19,60.524
2003-03-20,58.0955
2003-03-21,44.678
2003-03-22,39.756496
2003-03-23,32.001995
2003-03-24,26.984999
2003-03-25,23.145998
2003-03-26,21.442999
2003-03-27,32.304493
2003-03-28,38.3415
2003-03-29,42.7115
2003-03-30,44.990997
2003-03-31,52.835
2003-04-01,36.728996
2003-04-02,36.941498
2003-04-03,66.959
2003-04-04,45.900997
2003-04-05,51.5795
2003-04-06,54.878998
2003-04-07,60.1805
2003-04-08,59.981
2003-04-09,46.330997
2003-04-10,54.836998
2003-04-11,72.582
2003-04-12,55.5655
2003-04-13,49.8625
2003-04-14,53.0995
2003-04-15,57.905
2003-04-16,57.885498
2003-04-17,64.543
2003-04-18,46.5365
2003-04-19,58.3885
2003-04-20,49.4595
2003-04-21,38.719498
2003-04-22,48.7165
2003-04-23,52.327
2003-04-24,70.235
2003-04-25,55.03
2003-04-26,43.089
2003-04-27,78.6245
2003-04-28,63.804
2003-04-29,53.4945
2003-04-30,46.156
2003-05-01,46.907997
2003-05-02,51.5495
2003-05-03,47.084
2003-05-04,42.2705
2003-05-05,38.154
2003-05-06,38.895996
2003-05-07,36.4745
2003-05-08,38.461998
2003-05-09,36.804497
2003-05-10,51.136497
2003-05-11,60.6
2003-05-12,53.0865
2003-05-13,55.698997
2003-05-14,69.7975
2003-05-15,52.233498
2003-05-16,49.089
2003-05-17,41.100998
2003-05-18,38.547497
2003-05-19,43.542
2003-05-20,61.399
2003-05-21,85.5155
2003-05-22,84.1265
2003-05-23,68.578
2003-05-24,61.731
2003-05-25,64.7285
2003-05-26,76.708496
2003-05-27,66.4785
2003-05-28,69.128
2003-05-29,66.8685
2003-05-30,53.293
2003-05-31,48.268997
2003-06-01,67.1325
2003-06-02,69.962
2003-06-03,75.659
2003-06-04,64.775
2003-06-05,59.722
2003-06-06,53.543
2003-06-07,64.303
2003-06-08,59.760498
2003-06-09,67.131
2003-06-10,59.11
2003-06-11,51.032997
2003-06-12,49.650997
2003-06-13,50.9855
2003-06-14,59.1595
2003-06-15,70.3975
2003-06-16,68.78
2003-06-17,53.5135
2003-06-18,56.4255
2003-06-19,68.5445
2003-06-20,63.4895
2003-06-21,54.622997
2003-06-22,47.674
2003-06-23,49.178497
2003-06-24,52.5435
2003-06-25,66.9125
2003-06-26,48.11
2003-06-27,47.363
2003-06-28,45.767
2003-06-29,58.079
2003-06-30,61.378
2003-07-01,53.255
2003-07-02,54.7005
2003-07-03,53.477497
2003-07-04,75.4525
2003-07-05,61.0495
2003-07-06,56.6955
2003-07-07,53.0715
2003-07-08,48.7355
2003-07-09,49.124
2003-07-10,54.5825
2003-07-11,57.8885
2003-07-12,53.45
2003-07-13,81.592
2003-07-14,58.892
2003-07-15,54.002
2003-07-16,49.257
2003-07-17,52.9125
2003-07-18,82.124
2003-07-19,71.2635
2003-07-20,67.9515
2003-07-21,57.497498
2003-07-22,56.8605
2003-07-23,69.264
2003-07-24,62.3065
2003-07-25,74.824
2003-07-26,59.204998
2003-07-27,53.879498
2003-07-28,56.281498
2003-07-29,76.32
2003-07-30,86.015
2003-07-31,91.6785
2003-08-01,87.2795
2003-08-02,66.76
2003-08-03,60.017998
2003-08-04,57.434
2003-08-05,54.0425
2003-08-06,54.776
2003-08-07,48.1865
2003-08-08,49.671997
2003-08-09,47.3135
2003-08-10,43.1745
2003-08-11,38.473
2003-08-12,41.8215
2003-08-13,42.116497
2003-08-14,47.175
2003-08-15,64.5435
2003-08-16,82.315
2003-08-17,61.842
2003-08-18,48.984497
2003-08-19,48.799
2003-08-20,52.5015
2003-08-21,46.464996
2003-08-22,43.392998
2003-08-23,43.218998
2003-08-24,45.6885
2003-08-25,58.2505
2003-08-26,46.807
2003-08-27,43.404
2003-08-28,43.375
2003-08-29,39.959496
2003-08-30,66.2175
2003-08-31,85.03
2003-09-01,67.083496
2003-09-02,64.8715
2003-09-03,55.2515
2003-09-04,50.5065
2003-09-05,52.304
2003-09-06,47.834
2003-09-07,38.212498
2003-09-08,38.607
2003-09-09,52.4655
2003-09-10,91.4385
2003-09-11,66.3415
2003-09-12,81.784
2003-09-13,84.2695
2003-09-14,60.4595
2003-09-15,51.174
2003-09-16,51.4365
2003-09-17,56.239998
2003-09-18,55.455997
2003-09-19,52.882
2003-09-20,51.234
2003-09-21,48.7415
2003-09-22,47.2645
2003-09-23,45.8205
2003-09-24,80.473
2003-09-25,62.703
2003-09-26,53.190998
2003-09-27,61.1845
2003-09-28,58.479
2003-09-29,81.0605
2003-09-30,66.1145
2003-10-01,59.8745
2003-10-02,66.362
2003-10-03,66.7125
2003-10-04,84.7115
2003-10-05,80.892
2003-10-06,70.600494
2003-10-07,68.448
2003-10-08,82.665
2003-10-09,65.3045
2003-10-10,66.97
2003-10-11,67.722496
2003-10-12,68.037
2003-10-13,55.709
2003-10-14,54.634
2003-10-15,59.8795
2003-10-16,73.21
2003-10-17,69.993996
2003-10-18,81.776
2003-10-19,85.9205
2003-10-20,90.705
2003-10-21,76.769
2003-10-22,78.854
2003-10-23,93.11632
2003-10-24,90.7745
2003-10-25,64.847
2003-10-26,60.384
2003-10-27,70.957
2003-10-28,76.5275
2003-10-29,92.19444
2003-10-30,90.2335
2003-10-31,77.059
2003-11-01,73.300995
2003-11-02,91.6
2003-11-03,85.3715
2003-11-04,78.305
2003-11-05,73.833
2003-11-06,77.821495
2003-11-07,86.275
2003-11-08,81.6665
2003-11-09,85.303
2003-11-10,92.710526
2003-11-11,74.605
2003-11-12,70.851
2003-11-13,68.266
2003-11-14,78.998
2003-11-15,84.662
2003-11-16,85.936
2003-11-17,79.723
2003-11-18,74.5885
2003-11-19,67.692
2003-11-20,72.412
2003-11-21,80.759
2003-11-22,87.414
2003-11-23,76.0345
2003-11-24,75.863
2003-11-25,77.9645
2003-11-26,82.1315
2003-11-27,72.3125
2003-11-28,87.5405
2003-11-29,92.928825
2003-11-30,95.16
2003-12-01,
2003-12-02,
2003-12-03,
2003-12-04,
2003-12-05,95.0475
2003-12-06,87.7835
2003-12-07,66.857
2003-12-08,77.1055
2003-12-09,77.963
2003-12-10,82.657
2003-12-11,85.944
2003-12-12,85.015
2003-12-13,92.42667
2003-12-14,
2003-12-15,80.3035
2003-12-16,82.5625
2003-12-17,71.1345
2003-12-18,70.419495
2003-12-19,76.556496
2003-12-20,82.839
2003-12-21,79.9125
2003-12-22,93.5625
2003-12-23,71.168
2003-12-24,61.0195
2003-12-25,63.337498
2003-12-26,70.0405
2003-12-27,93.30091
2003-12-28,82.753
2003-12-29,79.069
2003-12-30,80.306496
2003-12-31,94.212
2004-01-01,95.16
2004-01-02,91.2
2004-01-03,76.6375
2004-01-04,77.631996
2004-01-05,78.918
2004-01-06,72.451996
2004-01-07,73.766
2004-01-08,90.2325
2004-01-09,95.01
2004-01-10,
2004-01-11,
2004-01-12,89.9435
2004-01-13,80.673
2004-01-14,81.4935
2004-01-15,91.5385
2004-01-16,70.0085
2004-01-17,74.1095
2004-01-18,93.54941
2004-01-19,
2004-01-20,91.331
2004-01-21,70.3775
2004-01-22,62.739
2004-01-23,72.877
2004-01-24,75.1635
2004-01-25,68.7
2004-01-26,75.4925
2004-01-27,87.0625
2004-01-28,92.1375
2004-01-29,78.893
2004-01-30,73.718
2004-01-31,68.014496
2004-02-01,72.367
2004-02-02,73.2725
2004-02-03,93.85923
2004-02-04,73.7825
2004-02-05,51.704
2004-02-06,42.783497
2004-02-07,69.6035
2004-02-08,85.427
2004-02-09,65.493
2004-02-10,71.2205
2004-02-11,66.473495
2004-02-12,56.9365
2004-02-13,86.2725
2004-02-14,92.82
2004-02-15,77.025
2004-02-16,90.136
2004-02-17,81.822
2004-02-18,70.318
2004-02-19,78.938995
2004-02-20,55.281
2004-02-21,63.914
2004-02-22,92.46842
2004-02-23,95.16
2004-02-24,90.1205
2004-02-25,84.889496
2004-02-26,94.518
2004-02-27,
2004-02-28,
2004-02-29,92.24842
2004-03-01,87.0315
2004-03-02,71.2185
2004-03-03,70.27
2004-03-04,65.135
2004-03-05,72.519
2004-03-06,65.152
2004-03-07,69.465
2004-03-08,94.71
2004-03-09,
2004-03-10,92.03737
2004-03-11,89.346
2004-03-12,83.255
2004-03-13,84.959
2004-03-14,77.042
2004-03-15,71.752
2004-03-16,67.112
2004-03-17,59.4875
2004-03-18,49.506
2004-03-19,39.802
2004-03-20,52.169
2004-03-21,57.0915
2004-03-22,87.683
2004-03-23,93.17
2004-03-24,92.48889
2004-03-25,88.759
2004-03-26,84.557
2004-03-27,93.265
2004-03-28,79.392
2004-03-29,64.556
2004-03-30,67.418
2004-03-31,71.4935
2004-04-01,68.028496
2004-04-02,51.1895
2004-04-03,52.5445
2004-04-04,50.934998
2004-04-05,81.345
2004-04-06,87.8105
2004-04-07,89.1365
2004-04-08,66.389
2004-04-09,80.466995
2004-04-10,93.46445
2004-04-11,88.316
2004-04-12,84.535995
2004-04-13,91.9325
2004-04-14,94.42714
2004-04-15,86.8515
2004-04-16,75.131996
2004-04-17,93.05067
2004-04-18,85.086
2004-04-19,79.3435
2004-04-20,83.605995
2004-04-21,64.6775
2004-04-22,59.1245
2004-04-23,50.927
2004-04-24,77.256996
2004-04-25,80.0065
2004-04-26,78.175995
2004-04-27,57.105
2004-04-28,64.546
2004-04-29,55.2515
2004-04-30,62.8055
2004-05-01,67.8165
2004-05-02,59.0055
2004-05-03,53.2245
2004-05-04,63.815998
2004-05-05,70.2435
2004-05-06,78.403496
2004-05-07,76.5615
2004-05-08,85.42
2004-05-09,70.794
2004-05-10,79.157
2004-05-11,68.531
2004-05-12,60.446
2004-05-13,78.370995
2004-05-14,64.9385
2004-05-15,57.8745
2004-05-16,77.5365
2004-05-17,63.949
2004-05-18,60.519
2004-05-19,56.655
2004-05-20,54.1545
2004-05-21,60.2265
2004-05-22,62.538498
2004-05-23,83.2475
2004-05-24,62.600998
2004-05-25,51.2985
2004-05-26,51.9885
2004-05-27,48.4435
2004-05-28,69.547
2004-05-29,94.608
2004-05-30,78.1615
2004-05-31,66.9265
2004-06-01,76.272
2004-06-02,87.9475
2004-06-03,94.11562
2004-06-04,86.4755
2004-06-05,89.7005
2004-06-06,86.568
2004-06-07,70.854
2004-06-08,57.6055
2004-06-09,62.237
2004-06-10,68.424
2004-06-11,72.856
2004-06-12,77.132996
2004-06-13,92.582634
2004-06-14,78.221
2004-06-15,62.0825
2004-06-16,71.696
2004-06-17,58.019497
2004-06-18,61.5205
2004-06-19,67.160995
2004-06-20,83.726
2004-06-21,76.703
2004-06-22,68.2695
2004-06-23,69.072495
2004-06-24,64.742
2004-06-25,76.9285
2004-06-26,69.6995
2004-06-27,60.485
2004-06-28,67.709496
2004-06-29,83.6595
2004-06-30,71.5725
2004-07-01,63.816
2004-07-02,90.1205
2004-07-03,70.0905
2004-07-04,60.7075
2004-07-05,64.9285
2004-07-06,65.7525
2004-07-07,71.44
2004-07-08,64.305
2004-07-09,59.1665
2004-07-10,58.94
2004-07-11,66.316
2004-07-12,63.4785
2004-07-13,62.321
2004-07-14,63.06
2004-07-15,70.7895
2004-07-16,70.7165
2004-07-17,61.232
2004-07-18,51.454
2004-07-19,51.903
2004-07-20,62.0355
2004-07-21,59.9195
2004-07-22,50.09
2004-07-23,57.697
2004-07-24,64.171
2004-07-25,71.293
2004-07-26,85.5485
2004-07-27,78.8225
2004-07-28,77.324
2004-07-29,94.2175
2004-07-30,89.2665
2004-07-31,72.979
2004-08-01,63.8565
2004-08-02,67.115
2004-08-03,69.6195
2004-08-04,63.714
2004-08-05,65.848
2004-08-06,68.876
2004-08-07,77.5765
2004-08-08,82.26
2004-08-09,78.2635
2004-08-10,68.767
2004-08-11,65.227
2004-08-12,67.9805
2004-08-13,71.32
2004-08-14,79.637
2004-08-15,61.6555
2004-08-16,58.274998
2004-08-17,65.9065
2004-08-18,57.885498
2004-08-19,58.55
2004-08-20,59.202
2004-08-21,79.056
2004-08-22,76.577995
2004-08-23,67.985
2004-08-24,67.8105
2004-08-25,68.007996
2004-08-26,89.023
2004-08-27,73.9615
2004-08-28,60.4075
2004-08-29,63.0205
2004-08-30,64.182
2004-08-31,68.917
2004-09-01,76.363
2004-09-02,73.167496
2004-09-03,72.99
2004-09-04,72.2125
2004-09-05,65.7905
2004-09-06,66.8165
2004-09-07,54.7165
2004-09-08,53.5875
2004-09-09,53.2115
2004-09-10,52.732
2004-09-11,52.3505
2004-09-12,55.833
2004-09-13,71.9355
2004-09-14,69.8355
2004-09-15,70.535995
2004-09-16,79.5
2004-09-17,60.5505
2004-09-18,62.443
2004-09-19,87.733
2004-09-20,75.988
2004-09-21,70.1855
2004-09-22,81.3135
2004-09-23,76.301
2004-09-24,91.363
2004-09-25,90.76579
2004-09-26,84.16
2004-09-27,83.375
2004-09-28,78.3525
2004-09-29,75.801
2004-09-30,79.1915
2004-10-01,81.498
2004-10-02,86.598
2004-10-03,77.1605
2004-10-04,70.865
2004-10-05,72.5385
2004-10-06,69.1185
2004-10-07,79.0865
2004-10-08,72.2315
2004-10-09,90.253685
2004-10-10,
2004-10-11,78.613495
2004-10-12,76.688995
2004-10-13,80.5105
2004-10-14,92.26842
2004-10-15,95.16
2004-10-16,94.77167
2004-10-17,93.32867
2004-10-18,75.812
2004-10-19,77.514
2004-10-20,83.1595
2004-10-21,86.947
2004-10-22,
2004-10-23,
2004-10-24,93.8
2004-10-25,86.4915
2004-10-26,83.078
2004-10-27,82.9965
2004-10-28,76.187996
2004-10-29,72.1755
2004-10-30,74.724
2004-10-31,85.6575
2004-11-01,92.44
2004-11-02,93.08722
2004-11-03,
2004-11-04,84.6635
2004-11-05,81.5935
2004-11-06,67.061
2004-11-07,65.7625
2004-11-08,88.777
2004-11-09,94.455
2004-11-10,83.958496
2004-11-11,87.2285
2004-11-12,93.985
2004-11-13,93.98637
2004-11-14,92.03
2004-11-15,94.39
2004-11-16,86.6125
2004-11-17,71.266
2004-11-18,62.4115
2004-11-19,69.1315
2004-11-20,65.155
2004-11-21,56.185997
2004-11-22,66.800995
2004-11-23,69.3845
2004-11-24,55.691998
2004-11-25,67.033
2004-11-26,60.082
2004-11-27,77.628
2004-11-28,76.4245
2004-11-29,73.984
2004-11-30,94.475
2004-12-01,94.46
2004-12-02,92.25611
2004-12-03,92.3435
2004-12-04,89.7435
2004-12-05,94.935
2004-12-06,92.611
2004-12-07,94.24
2004-12-08,
2004-12-09,93.88
2004-12-10,91.1095
2004-12-11,89.807
2004-12-12,94.704285
2004-12-13,94.12625
2004-12-14,92.691536
2004-12-15,92.60353
2004-12-16,93.83222
2004-12-17,
2004-12-18,85.8245
2004-12-19,77.061
2004-12-20,78.327995
2004-12-21,70.2695
2004-12-22,78.657
2004-12-23,80.9535
2004-12-24,52.836998
2004-12-25,67.792496
2004-12-26,74.898
2004-12-27,90.564
2004-12-28,89.805504
2004-12-29,84.396996
2004-12-30,76.594
2004-12-31,79.562
2005-01-01,77.6835
2005-01-02,71.92
2005-01-03,71.8815
2005-01-04,65.5955
2005-01-05,57.182
2005-01-06,70.3725
2005-01-07,67.493996
2005-01-08,52.8695
2005-01-09,74.261
2005-01-10,81.618
2005-01-11,83.2335
2005-01-12,86.383
2005-01-13,93.68154
2005-01-14,79.640495
2005-01-15,72.6375
2005-01-16,67.606995
2005-01-17,78.025
2005-01-18,93.917496
2005-01-19,90.272
2005-01-20,74.186
2005-01-21,63.918
2005-01-22,60.559
2005-01-23,66.08
2005-01-24,73.370995
2005-01-25,82.5815
2005-01-26,92.884705
2005-01-27,86.526
2005-01-28,74.0775
2005-01-29,73.35
2005-01-30,72.2295
2005-01-31,75.45
2005-02-01,76.0865
2005-02-02,83.236496
2005-02-03,92.68056
2005-02-04,81.9965
2005-02-05,75.928
2005-02-06,83.229
2005-02-07,77.616
2005-02-08,58.0865
2005-02-09,57.503
2005-02-10,63.677498
2005-02-11,54.82
2005-02-12,67.1965
2005-02-13,89.9005
2005-02-14,79.3325
2005-02-15,84.143
2005-02-16,87.1625
2005-02-17,92.63947
2005-02-18,77.576
2005-02-19,70.756
2005-02-20,69.657
2005-02-21,88.4435
2005-02-22,
2005-02-23,
2005-02-24,94.7
2005-02-25,92.76765
2005-02-26,82.999
2005-02-27,81.0745
2005-02-28,63.8605
2005-03-01,64.67
2005-03-02,68.528496
2005-03-03,74.862495
2005-03-04,93.756996
2005-03-05,92.67267
2005-03-06,69.0265
2005-03-07,61.5685
2005-03-08,82.834
2005-03-09,71.958496
2005-03-10,63.165
2005-03-11,58.3845
2005-03-12,65.5515
2005-03-13,80.007996
2005-03-14,75.148
2005-03-15,65.607
2005-03-16,61.953
2005-03-17,45.8735
2005-03-18,55.715
2005-03-19,59.424
2005-03-20,48.386497
2005-03-21,57.858498
2005-03-22,52.834
2005-03-23,46.171997
2005-03-24,56.7185
2005-03-25,78.833496
2005-03-26,80.4235
2005-03-27,87.4565
2005-03-28,84.9995
2005-03-29,68.905
2005-03-30,78.671
2005-03-31,50.743
2005-04-01,60.586998
2005-04-02,52.4945
2005-04-03,40.662
2005-04-04,38.89
2005-04-05,43.5785
2005-04-06,34.514
2005-04-07,34.306
2005-04-08,33.989
2005-04-09,63.585
2005-04-10,91.81
2005-04-11,90.8075
2005-04-12,82.872
2005-04-13,91.766
2005-04-14,89.076004
2005-04-15,60.4245
2005-04-16,54.385998
2005-04-17,67.0125
2005-04-18,72.744995
2005-04-19,89.636
2005-04-20,85.232
2005-04-21,79.6995
2005-04-22,50.16
2005-04-23,45.937
2005-04-24,54.592
2005-04-25,79.256
2005-04-26,79.332
2005-04-27,64.8455
2005-04-28,62.4115
2005-04-29,53.797
2005-04-30,56.8125
2005-05-01,51.1545
2005-05-02,50.07
2005-05-03,48.6875
2005-05-04,70.207
2005-05-05,75.596
2005-05-06,65.8815
2005-05-07,53.374
2005-05-08,81.625
2005-05-09,80.7695
2005-05-10,84.992
2005-05-11,79.9925
2005-05-12,55.3815
2005-05-13,52.7415
2005-05-14,56.75
2005-05-15,73.6905
2005-05-16,71.721
2005-05-17,77.7635
2005-05-18,91.785
2005-05-19,93.85769
2005-05-20,71.480995
2005-05-21,62.471
2005-05-22,63.108498
2005-05-23,65.1595
2005-05-24,72.5365
2005-05-25,69.910995
2005-05-26,59.624
2005-05-27,60.5515
2005-05-28,57.7575
2005-05-29,51.906
2005-05-30,49.3325
2005-05-31,61.231
2005-06-01,51.639
2005-06-02,48.178497
2005-06-03,44.294
2005-06-04,49.689
2005-06-05,86.339
2005-06-06,69.5885
2005-06-07,59.971
2005-06-08,71.7285
2005-06-09,91.2965
2005-06-10,92.0675
2005-06-11,68.336
2005-06-12,59.5625
2005-06-13,58.170998
2005-06-14,60.493
2005-06-15,67.888
2005-06-16,78.4
2005-06-17,61.634
2005-06-18,61.1625
2005-06-19,59.9315
2005-06-20,57.179996
2005-06-21,53.954
2005-06-22,54.614998
2005-06-23,56.5765
2005-06-24,51.302498
2005-06-25,52.6545
2005-06-26,64.783
2005-06-27,70.089
2005-06-28,62.082
2005-06-29,61.714
2005-06-30,72.363
2005-07-01,73.4495
2005-07-02,89.9785
2005-07-03,67.1195
2005-07-04,61.5775
2005-07-05,75.9655
2005-07-06,65.4125
2005-07-07,56.863
2005-07-08,73.715
2005-07-09,88.5305
2005-07-10,76.6665
2005-07-11,87.913
2005-07-12,93.2
2005-07-13,76.182495
2005-07-14,68.587
2005-07-15,65.5465
2005-07-16,65.354996
2005-07-17,66.085
2005-07-18,63.471
2005-07-19,72.5255
2005-07-20,58.2785
2005-07-21,70.0325
2005-07-22,61.116
2005-07-23,88.517
2005-07-24,73.942
2005-07-25,70.4665
2005-07-26,67.9535
2005-07-27,68.6195
2005-07-28,71.043495
2005-07-29,68.6295
2005-07-30,65.71
2005-07-31,72.4085
2005-08-01,61.382
2005-08-02,58.260498
2005-08-03,80.6315
2005-08-04,89.5925
2005-08-05,90.3205
2005-08-06,71.508995
2005-08-07,78.577995
2005-08-08,68.1485
2005-08-09,60.5345
2005-08-10,61.276
2005-08-11,79.100494
2005-08-12,88.17
2005-08-13,69.2885
2005-08-14,67.0595
2005-08-15,89.438
2005-08-16,85.3875
2005-08-17,83.1595
2005-08-18,79.89
2005-08-19,81.792
2005-08-20,82.659
2005-08-21,85.2145
2005-08-22,89.399
2005-08-23,88.7035
2005-08-24,81.6725
2005-08-25,71.289
2005-08-26,81.653
2005-08-27,82.481
2005-08-28,90.4535
2005-08-29,84.2445
2005-08-30,77.9765
2005-08-31,76.0785
2005-09-01,77.753
2005-09-02,70.071495
2005-09-03,61.133
2005-09-04,63.2805
2005-09-05,62.6815
2005-09-06,65.484
2005-09-07,74.101
2005-09-08,70.446
2005-09-09,71.322
2005-09-10,88.464005
2005-09-11,81.847
2005-09-12,66.5535
2005-09-13,68.7195
2005-09-14,78.0185
2005-09-15,73.806
2005-09-16,70.1645
2005-09-17,79.1615
2005-09-18,90.445
2005-09-19,93.35
2005-09-20,93.605385
2005-09-21,93.352776
2005-09-22,87.502
2005-09-23,86.0585
2005-09-24,77.068
2005-09-25,80.7185
2005-09-26,81.366
2005-09-27,77.7835
2005-09-28,86.716
2005-09-29,86.25
2005-09-30,78.315
2005-10-01,78.853
2005-10-02,82.856
2005-10-03,90.5805
2005-10-04,82.4605
2005-10-05,69.9015
2005-10-06,65.0365
2005-10-07,66.033
2005-10-08,59.8915
2005-10-09,68.8505
2005-10-10,67.0275
2005-10-11,70.203995
2005-10-12,68.4805
2005-10-13,75.129
2005-10-14,80.865
2005-10-15,76.522995
2005-10-16,72.434
2005-10-17,70.8035
2005-10-18,75.7895
2005-10-19,77.5535
2005-10-20,77.402
2005-10-21,88.039
2005-10-22,91.902
2005-10-23,76.061
2005-10-24,76.213
2005-10-25,80.1065
2005-10-26,70.0465
2005-10-27,74.2735
2005-10-28,68.0965
2005-10-29,67.2755
2005-10-30,81.3655
2005-10-31,80.4285
2005-11-01,74.4995
2005-11-02,79.9405
2005-11-03,79.85
2005-11-04,68.638
2005-11-05,73.4145
2005-11-06,78.587
2005-11-07,76.516
2005-11-08,76.374
2005-11-09,85.4195
2005-11-10,91.5475
2005-11-11,93.594
2005-11-12,92.67111
2005-11-13,90.38789
2005-11-14,89.387
2005-11-15,85.692
2005-11-16,79.511
2005-11-17,62.7645
2005-11-18,67.386
2005-11-19,74.474
2005-11-20,72.781
2005-11-21,92.179
2005-11-22,90.403
2005-11-23,83.331
2005-11-24,92.6105
2005-11-25,92.12842
2005-11-26,76.359
2005-11-27,85.0575
2005-11-28,92.063156
2005-11-29,81.747
2005-11-30,90.903
2005-12-01,85.3865
2005-12-02,93.98222
2005-12-03,79.9495
2005-12-04,85.208
2005-12-05,86.1515
2005-12-06,93.48563
2005-12-07,89.88
2005-12-08,82.329
2005-12-09,80.502495
2005-12-10,82.1805
2005-12-11,77.1505
2005-12-12,80.072
2005-12-13,89.1195
2005-12-14,92.50647
2005-12-15,92.62333
2005-12-16,76.3605
2005-12-17,69.2335
2005-12-18,72.103
2005-12-19,64.3625
2005-12-20,66.2695
2005-12-21,75.091995
2005-12-22,82.0005
2005-12-23,77.292496
2005-12-24,74.552
2005-12-25,72.9465
2005-12-26,84.16
2005-12-27,94.211426
2005-12-28,94.49
2005-12-29,92.49167
2005-12-30,90.0585
2005-12-31,87.5905
2006-01-01,91.2965
2006-01-02,94.50875
2006-01-03,91.13789
2006-01-04,88.7145
2006-01-05,94.291664
2006-01-06,90.389
2006-01-07,93.56333
2006-01-08,86.508
2006-01-09,77.828995
2006-01-10,82.835495
2006-01-11,83.8305
2006-01-12,90.360504
2006-01-13,87.4845
2006-01-14,88.3395
2006-01-15,86.662
2006-01-16,80.7725
2006-01-17,92.357056
2006-01-18,88.2125
2006-01-19,73.6445
2006-01-20,80.576
2006-01-21,75.15
2006-01-22,74.953
2006-01-23,68.6435
2006-01-24,70.9025
2006-01-25,76.2685
2006-01-26,70.0335
2006-01-27,69.0175
2006-01-28,68.6245
2006-01-29,69.878
2006-01-30,82.274
2006-01-31,90.3795
2006-02-01,92.426254
2006-02-02,92.71562
2006-02-03,91.72412
2006-02-04,90.106
2006-02-05,75.233
2006-02-06,72.1895
2006-02-07,61.874
2006-02-08,69.986496
2006-02-09,81.581
2006-02-10,82.6085
2006-02-11,85.847496
2006-02-12,74.009
2006-02-13,80.792496
2006-02-14,77.258995
2006-02-15,75.431496
2006-02-16,83.827
2006-02-17,90.178
2006-02-18,70.5325
2006-02-19,63.379997
2006-02-20,67.4525
2006-02-21,78.052
2006-02-22,86.0335
2006-02-23,80.697495
2006-02-24,89.423004
2006-02-25,94.44222
2006-02-26,91.8835
2006-02-27,68.667
2006-02-28,72.992
2006-03-01,76.17
2006-03-02,87.328
2006-03-03,77.3865
2006-03-04,59.627
2006-03-05,90.1025
2006-03-06,74.0645
2006-03-07,70.259995
2006-03-08,68.184
2006-03-09,71.944
2006-03-10,85.243
2006-03-11,80.0895
2006-03-12,77.9915
2006-03-13,75.1895
2006-03-14,87.3575
2006-03-15,77.0395
2006-03-16,81.8945
2006-03-17,87.0075
2006-03-18,78.2655
2006-03-19,73.654495
2006-03-20,59.913498
2006-03-21,66.173996
2006-03-22,82.374
2006-03-23,66.604
2006-03-24,52.3825
2006-03-25,66.052
2006-03-26,54.6875
2006-03-27,59.597
2006-03-28,60.1585
2006-03-29,73.9805
2006-03-30,49.5895
2006-03-31,72.687
2006-04-01,61.593998
2006-04-02,66.759
2006-04-03,57.046497
2006-04-04,64.5875
2006-04-05,67.651
2006-04-06,81.584
2006-04-07,70.188995
2006-04-08,57.4665
2006-04-09,55.607
2006-04-10,49.8835
2006-04-11,92.005
2006-04-12,72.341995
2006-04-13,65.5625
2006-04-14,56.135498
2006-04-15,65.1495
2006-04-16,67.2955
2006-04-17,66.5605
2006-04-18,58.68
2006-04-19,68.923996
2006-04-20,81.6445
2006-04-21,77.382996
2006-04-22,66.602
2006-04-23,55.4805
2006-04-24,57.0555
2006-04-25,53.6375
2006-04-26,53.569
2006-04-27,79.0315
2006-04-28,85.518
2006-04-29,73.8535
2006-04-30,84.6325
2006-05-01,91.803154
2006-05-02,82.975
2006-05-03,73.422
2006-05-04,59.713
2006-05-05,51.5255
2006-05-06,61.392
2006-05-07,76.7575
2006-05-08,81.0665
2006-05-09,68.6125
2006-05-10,68.069496
2006-05-11,68.456
2006-05-12,52.325
2006-05-13,49.802
2006-05-14,64.4555
2006-05-15,68.8535
2006-05-16,57.9395
2006-05-17,70.641
2006-05-18,63.305
2006-05-19,69.667
2006-05-20,76.265495
2006-05-21,66.6985
2006-05-22,60.400497
2006-05-23,51.842
2006-05-24,70.834496
2006-05-25,63.9805
2006-05-26,60.1545
2006-05-27,64.2325
2006-05-28,69.3645
2006-05-29,91.803
2006-05-30,93.48187
2006-05-31,68.2415
2006-06-01,63.796497
2006-06-02,92.2965
2006-06-03,89.786
2006-06-04,79.146996
2006-06-05,62.996
2006-06-06,79.639496
2006-06-07,86.084
2006-06-08,63.9015
2006-06-09,70.9365
2006-06-10,85.7045
2006-06-11,79.069
2006-06-12,67.555
2006-06-13,70.907
2006-06-14,71.4715
2006-06-15,62.3745
2006-06-16,60.26
2006-06-17,63.6615
2006-06-18,68.9635
2006-06-19,58.4045
2006-06-20,64.761
2006-06-21,69.1865
2006-06-22,71.425
2006-06-23,75.345
2006-06-24,74.421
2006-06-25,68.909996
2006-06-26,71.3555
2006-06-27,63.486
2006-06-28,64.556
2006-06-29,78.5635
2006-06-30,84.1665
2006-07-01,85.781
2006-07-02,90.3645
2006-07-03,86.978
2006-07-04,68.595
2006-07-05,62.017998
2006-07-06,60.6865
2006-07-07,61.379
2006-07-08,64.8305
2006-07-09,69.27
2006-07-10,69.986496
2006-07-11,63.494
2006-07-12,62.806
2006-07-13,63.149498
2006-07-14,63.481
2006-07-15,55.838997
2006-07-16,50.545
2006-07-17,52.996998
2006-07-18,51.420498
2006-07-19,53.988
2006-07-20,52.177
2006-07-21,55.3765
2006-07-22,55.721
2006-07-23,67.2995
2006-07-24,67.5125
2006-07-25,65.504
2006-07-26,66.738
2006-07-27,61.8225
2006-07-28,59.7005
2006-07-29,62.427498
2006-07-30,69.483
2006-07-31,61.0605
2006-08-01,63.6785
2006-08-02,80.5115
2006-08-03,85.3825
2006-08-04,92.81778
2006-08-05,78.29
2006-08-06,72.918
2006-08-07,88.334
2006-08-08,84.4035
2006-08-09,67.801
2006-08-10,61.154
2006-08-11,64.182
2006-08-12,89.637
2006-08-13,90.299
2006-08-14,79.753
2006-08-15,71.7965
2006-08-16,69.846
2006-08-17,63.2725
2006-08-18,64.259
2006-08-19,66.4985
2006-08-20,64.7035
2006-08-21,78.0105
2006-08-22,71.537994
2006-08-23,79.0885
2006-08-24,66.2275
2006-08-25,85.034
2006-08-26,77.7285
2006-08-27,83.4825
2006-08-28,83.117
2006-08-29,83.1135
2006-08-30,93.17579
2006-08-31,75.9765
2006-09-01,66.141495
2006-09-02,67.9895
2006-09-03,74.3385
2006-09-04,72.158
2006-09-05,70.2815
2006-09-06,69.4205
2006-09-07,75.388504
2006-09-08,73.836
2006-09-09,64.2395
2006-09-10,62.7365
2006-09-11,66.976
2006-09-12,62.1625
2006-09-13,66.9435
2006-09-14,71.1185
2006-09-15,63.7325
2006-09-16,73.1585
2006-09-17,77.7155
2006-09-18,90.9255
2006-09-19,93.292496
2006-09-20,85.854004
2006-09-21,78.86
2006-09-22,69.483
2006-09-23,71.3525
2006-09-24,74.109
2006-09-25,73.816
2006-09-26,67.9255
2006-09-27,81.250496
2006-09-28,82.11
2006-09-29,76.611
2006-09-30,71.9045
2006-10-01,70.9375
2006-10-02,79.834
2006-10-03,67.993
2006-10-04,77.9645
2006-10-05,84.179
2006-10-06,67.673
2006-10-07,70.854
2006-10-08,72.912
2006-10-09,72.8155
2006-10-10,75.4845
2006-10-11,74.033
2006-10-12,78.1595
2006-10-13,77.0125
2006-10-14,72.6215
2006-10-15,71.6345
2006-10-16,73.458496
2006-10-17,68.3145
2006-10-18,69.2775
2006-10-19,74.99
2006-10-20,68.0555
2006-10-21,71.312
2006-10-22,84.8395
2006-10-23,74.9975
2006-10-24,72.043
2006-10-25,79.216995
2006-10-26,72.4155
2006-10-27,77.118
2006-10-28,82.1805
2006-10-29,87.004
2006-10-30,60.246
2006-10-31,66.2095
2006-11-01,85.1275
2006-11-02,69.2495
2006-11-03,81.446
2006-11-04,84.045
2006-11-05,66.8345
2006-11-06,68.3325
2006-11-07,68.763
2006-11-08,70.7995
2006-11-09,75.4745
2006-11-10,66.2245
2006-11-11,65.795
2006-11-12,79.942
2006-11-13,69.554
2006-11-14,62.858997
2006-11-15,72.7055
2006-11-16,71.4075
2006-11-17,67.132996
2006-11-18,72.779495
2006-11-19,80.366
2006-11-20,87.354004
2006-11-21,
2006-11-22,93.35077
2006-11-23,93.935
2006-11-24,93.225555
2006-11-25,93.73334
2006-11-26,90.488945
2006-11-27,94.115005
2006-11-28,94.71
2006-11-29,
2006-11-30,93.22
2006-12-01,93.08706
2006-12-02,86.429
2006-12-03,87.048
2006-12-04,79.617
2006-12-05,88.927
2006-12-06,86.6375
2006-12-07,80.4965
2006-12-08,77.0935
2006-12-09,71.361496
2006-12-10,85.0745
2006-12-11,80.584
2006-12-12,87.175
2006-12-13,94.702
2006-12-14,93.025
2006-12-15,93.31846
2006-12-16,93.31588
2006-12-17,93.35
2006-12-18,93.308334
2006-12-19,90.53117
2006-12-20,82.658
2006-12-21,87.2245
2006-12-22,87.5085
2006-12-23,91.455
2006-12-24,92.65737
2006-12-25,92.17222
2006-12-26,84.4235
2006-12-27,85.4855
2006-12-28,92.76647
2006-12-29,92.24062
2006-12-30,93.18285
2006-12-31,89.735504
2007-01-01,81.6605
2007-01-02,91.186844
2007-01-03,72.862
2007-01-04,67.581
2007-01-05,83.9755
2007-01-06,73.9815
2007-01-07,74.533
2007-01-08,84.083
2007-01-09,75.881996
2007-01-10,73.3385
2007-01-11,77.9915
2007-01-12,64.7925
2007-01-13,57.126
2007-01-14,62.6665
2007-01-15,67.8145
2007-01-16,63.7945
2007-01-17,72.548
2007-01-18,72.321
2007-01-19,79.969
2007-01-20,81.9945
2007-01-21,79.7165
2007-01-22,76.924995
2007-01-23,84.8075
2007-01-24,82.6635
2007-01-25,79.4255
2007-01-26,78.849495
2007-01-27,79.6615
2007-01-28,71.3695
2007-01-29,67.051
2007-01-30,70.8835
2007-01-31,66.6495
2007-02-01,62.823997
2007-02-02,65.881996
2007-02-03,63.3575
2007-02-04,66.0715
2007-02-05,64.742
2007-02-06,56.958
2007-02-07,77.905
2007-02-08,73.140495
2007-02-09,81.977
2007-02-10,83.7945
2007-02-11,93.00842
2007-02-12,74.039
2007-02-13,81.6575
2007-02-14,65.7465
2007-02-15,80.187
2007-02-16,88.638
2007-02-17,91.127365
2007-02-18,86.991
2007-02-19,85.445496
2007-02-20,83.345
2007-02-21,88.925
2007-02-22,79.239494
2007-02-23,68.531494
2007-02-24,76.535995
2007-02-25,72.3855
2007-02-26,90.2905
2007-02-27,78.4355
2007-02-28,66.4575
2007-03-01,71.444496
2007-03-02,82.016
2007-03-03,84.4975
2007-03-04,71.5485
2007-03-05,69.208
2007-03-06,61.7495
2007-03-07,64.155
2007-03-08,78.483
2007-03-09,90.6045
2007-03-10,91.111
2007-03-11,75.0325
2007-03-12,63.171997
2007-03-13,60.603
2007-03-14,59.362
2007-03-15,54.9705
2007-03-16,56.9645
2007-03-17,47.927998
2007-03-18,51.059
2007-03-19,65.1745
2007-03-20,82.8005
2007-03-21,71.927
2007-03-22,70.623
2007-03-23,79.6565
2007-03-24,93.1715
2007-03-25,70.016
2007-03-26,71.409996
2007-03-27,59.449997
2007-03-28,66.976
2007-03-29,72.69
2007-03-30,69.0735
2007-03-31,61.289497
2007-04-01,56.271
2007-04-02,45.8685
2007-04-03,44.9515
2007-04-04,54.1465
2007-04-05,49.073997
2007-04-06,48.951
2007-04-07,52.538498
2007-04-08,48.939
2007-04-09,47.2935
2007-04-10,47.005497
2007-04-11,53.036
2007-04-12,50.252
2007-04-13,53.0835
2007-04-14,41.950497
2007-04-15,45.302998
2007-04-16,44.277
2007-04-17,43.436497
2007-04-18,48.0355
2007-04-19,47.7395
2007-04-20,48.6125
2007-04-21,43.998997
2007-04-22,39.086998
2007-04-23,32.7785
2007-04-24,45.843
2007-04-25,65.834
2007-04-26,57.2425
2007-04-27,47.781998
2007-04-28,40.647
2007-04-29,46.7165
2007-04-30,56.7045
2007-05-01,41.332497
2007-05-02,39.3225
2007-05-03,52.503498
2007-05-04,78.196
2007-05-05,87.19
2007-05-06,85.63
2007-05-07,66.141
2007-05-08,60.614
2007-05-09,79.156
2007-05-10,67.108
2007-05-11,51.749
2007-05-12,59.003
2007-05-13,54.854
2007-05-14,49.957
2007-05-15,63.094498
2007-05-16,72.9365
2007-05-17,69.5515
2007-05-18,62.46
2007-05-19,76.8435
2007-05-20,82.313995
2007-05-21,71.02
2007-05-22,73.251495
2007-05-23,74.7205
2007-05-24,68.641495
2007-05-25,69.908
2007-05-26,71.022995
2007-05-27,67.3505
2007-05-28,79.298996
2007-05-29,72.4015
2007-05-30,77.686
2007-05-31,67.698
2007-06-01,61.0525
2007-06-02,74.0205
2007-06-03,72.26
2007-06-04,88.2115
2007-06-05,82.6145
2007-06-06,80.849
2007-06-07,76.978
2007-06-08,73.2585
2007-06-09,75.752
2007-06-10,65.33
2007-06-11,73.520996
2007-06-12,77.203995
2007-06-13,69.764496
2007-06-14,67.854996
2007-06-15,61.762
2007-06-16,69.3975
2007-06-17,72.278
2007-06-18,65.291
2007-06-19,66.0475
2007-06-20,59.899498
2007-06-21,54.4365
2007-06-22,52.873997
2007-06-23,66.4175
2007-06-24,57.184998
2007-06-25,58.211
2007-06-26,56.8545
2007-06-27,60.723
2007-06-28,67.555
2007-06-29,56.272
2007-06-30,61.2155
2007-07-01,59.339
2007-07-02,55.317997
2007-07-03,66.4905
2007-07-04,77.7175
2007-07-05,68.546
2007-07-06,60.238
2007-07-07,58.1465
2007-07-08,49.675
2007-07-09,51.8405
2007-07-10,81.014
2007-07-11,66.286995
2007-07-12,60.733997
2007-07-13,54.239998
2007-07-14,49.523
2007-07-15,50.388
2007-07-16,46.782997
2007-07-17,40.3965
2007-07-18,39.126
2007-07-19,43.954
2007-07-20,37.639496
2007-07-21,41.878998
2007-07-22,37.4525
2007-07-23,42.195
2007-07-24,47.94
2007-07-25,57.1175
2007-07-26,43.829
2007-07-27,38.16
2007-07-28,43.6205
2007-07-29,50.4315
2007-07-30,73.8905
2007-07-31,58.532497
2007-08-01,47.685997
2007-08-02,43.077
2007-08-03,60.574497
2007-08-04,57.675
2007-08-05,63.0275
2007-08-06,60.0625
2007-08-07,55.025997
2007-08-08,53.3295
2007-08-09,56.315998
2007-08-10,76.250496
2007-08-11,83.88
2007-08-12,90.483
2007-08-13,66.2405
2007-08-14,57.7285
2007-08-15,55.1315
2007-08-16,51.1855
2007-08-17,57.2825
2007-08-18,68.8605
2007-08-19,66.879
2007-08-20,76.3775
2007-08-21,69.234
2007-08-22,64.643
2007-08-23,61.6325
2007-08-24,65.375
2007-08-25,60.002
2007-08-26,53.705997
2007-08-27,53.9155
2007-08-28,67.671
2007-08-29,77.939995
2007-08-30,85.8375
2007-08-31,73.0685
2007-09-01,64.413
2007-09-02,62.267
2007-09-03,53.156998
2007-09-04,82.4435
2007-09-05,79.2915
2007-09-06,90.4155
2007-09-07,91.008
2007-09-08,79.636
2007-09-09,70.323
2007-09-10,62.971
2007-09-11,75.1185
2007-09-12,71.754
2007-09-13,69.1965
2007-09-14,63.9825
2007-09-15,65.826
2007-09-16,60.357
2007-09-17,61.566498
2007-09-18,67.8075
2007-09-19,67.057495
2007-09-20,62.829
2007-09-21,54.6945
2007-09-22,57.253
2007-09-23,54.970497
2007-09-24,57.7095
2007-09-25,56.171497
2007-09-26,83.573
2007-09-27,88.986496
2007-09-28,74.284996
2007-09-29,53.880497
2007-09-30,60.795498
2007-10-01,59.584
2007-10-02,65.1865
2007-10-03,59.0205
2007-10-04,80.2005
2007-10-05,87.459
2007-10-06,85.1625
2007-10-07,73.1055
2007-10-08,65.918
2007-10-09,66.0185
2007-10-10,66.4135
2007-10-11,87.7
2007-10-12,82.4375
2007-10-13,64.997
2007-10-14,60.7225
2007-10-15,60.985
2007-10-16,56.052
2007-10-17,54.093998
2007-10-18,65.8775
2007-10-19,62.3645
2007-10-20,66.095
2007-10-21,70.969
2007-10-22,87.3165
2007-10-23,91.6915
2007-10-24,91.182
2007-10-25,86.843
2007-10-26,89.895
2007-10-27,93.94937
2007-10-28,94.423996
2007-10-29,93.2875
2007-10-30,92.599
2007-10-31,92.03
2007-11-01,79.001495
2007-11-02,80.851
2007-11-03,81.3875
2007-11-04,78.479996
2007-11-05,76.4825
2007-11-06,85.938
2007-11-07,68.0875
2007-11-08,76.694
2007-11-09,79.4505
2007-11-10,61.211
2007-11-11,71.726
2007-11-12,68.899
2007-11-13,72.3145
2007-11-14,73.639496
2007-11-15,91.2215
2007-11-16,87.7475
2007-11-17,90.174
2007-11-18,93.16
2007-11-19,93.026665
2007-11-20,93.12
2007-11-21,93.05286
2007-11-22,80.111496
2007-11-23,70.431
2007-11-24,74.8385
2007-11-25,87.1305
2007-11-26,90.4395
2007-11-27,76.932495
2007-11-28,65.963
2007-11-29,77.802
2007-11-30,83.927
2007-12-01,82.294
2007-12-02,83.895
2007-12-03,81.792496
2007-12-04,73.579
2007-12-05,77.1915
2007-12-06,78.119995
2007-12-07,73.1295
2007-12-08,90.151
2007-12-09,91.7321
2007-12-10,92.46588
2007-12-11,90.14421
2007-12-12,93.16375
2007-12-13,74.463
2007-12-14,82.1585
2007-12-15,84.79
2007-12-16,87.46
2007-12-17,85.203
2007-12-18,78.569
2007-12-19,84.9145
2007-12-20,88.3705
2007-12-21,90.672
2007-12-22,92.16538
2007-12-23,92.411766
2007-12-24,91.72211
2007-12-25,91.856316
2007-12-26,91.95
2007-12-27,91.9115
2007-12-28,91.7965
2007-12-29,91.86737
2007-12-30,91.694214
2007-12-31,92.31
2008-01-01,91.5935
2008-01-02,91.8
2008-01-03,92.317
2008-01-04,88.459
2008-01-05,88.4065
2008-01-06,93.77461
2008-01-07,88.657
2008-01-08,80.1605
2008-01-09,90.1495
2008-01-10,91.0335
2008-01-11,87.824
2008-01-12,82.277
2008-01-13,83.2655
2008-01-14,93.777145
2008-01-15,93.66333
2008-01-16,92.19
2008-01-17,86.4425
2008-01-18,88.305504
2008-01-19,86.0475
2008-01-20,78.4995
2008-01-21,68.0455
2008-01-22,79.175995
2008-01-23,63.788
2008-01-24,67.5925
2008-01-25,72.976
2008-01-26,66.2425
2008-01-27,58.8735
2008-01-28,53.7105
2008-01-29,57.781
2008-01-30,70.163
2008-01-31,77.475
2008-02-01,81.455
2008-02-02,70.2145
2008-02-03,71.868
2008-02-04,80.166
2008-02-05,81.34
2008-02-06,83.2965
2008-02-07,67.663
2008-02-08,69.1865
2008-02-09,69.9275
2008-02-10,71.5815
2008-02-11,71.228
2008-02-12,70.9805
2008-02-13,69.570496
2008-02-14,78.237
2008-02-15,62.869
2008-02-16,46.618
2008-02-17,40.823498
2008-02-18,36.857
2008-02-19,52.02
2008-02-20,63.1185
2008-02-21,58.329998
2008-02-22,53.212997
2008-02-23,57.187
2008-02-24,55.2185
2008-02-25,48.275497
2008-02-26,51.1235
2008-02-27,54.302498
2008-02-28,60.725
2008-02-29,61.069
2008-03-01,65.11
2008-03-02,55.138
2008-03-03,68.916
2008-03-04,64.013504
2008-03-05,59.001
2008-03-06,52.5135
2008-03-07,75.6715
2008-03-08,89.995
2008-03-09,75.216995
2008-03-10,61.368
2008-03-11,71.9295
2008-03-12,76.3695
2008-03-13,55.439
2008-03-14,56.911
2008-03-15,58.866997
2008-03-16,65.109
2008-03-17,71.829
2008-03-18,81.028496
2008-03-19,70.403496
2008-03-20,62.491
2008-03-21,51.1535
2008-03-22,83.2245
2008-03-23,87.022
2008-03-24,79.3945
2008-03-25,64.0935
2008-03-26,46.830498
2008-03-27,52.979
2008-03-28,52.719997
2008-03-29,59.304497
2008-03-30,52.76
2008-03-31,49.812
2008-04-01,47.809998
2008-04-02,71.9645
2008-04-03,66.932495
2008-04-04,59.832
2008-04-05,64.3415
2008-04-06,57.033997
2008-04-07,57.886497
2008-04-08,55.607998
2008-04-09,62.6275
2008-04-10,68.9075
2008-04-11,66.1205
2008-04-12,81.066
2008-04-13,66.8235
2008-04-14,67.9315
2008-04-15,70.9765
2008-04-16,66.5895
2008-04-17,67.331
2008-04-18,75.029
2008-04-19,65.8845
2008-04-20,53.941998
2008-04-21,62.469
2008-04-22,64.8415
2008-04-23,78.069496
2008-04-24,69.687996
2008-04-25,54.7075
2008-04-26,65.093
2008-04-27,51.456497
2008-04-28,43.226997
2008-04-29,55.642498
2008-04-30,71.017
2008-05-01,66.3055
2008-05-02,61.607998
2008-05-03,58.018497
2008-05-04,59.743
2008-05-05,66.1985
2008-05-06,76.3595
2008-05-07,54.435497
2008-05-08,47.657997
2008-05-09,53.559998
2008-05-10,53.7175
2008-05-11,50.4585
2008-05-12,47.8615
2008-05-13,43.514
2008-05-14,53.7395
2008-05-15,50.5435
2008-05-16,55.1175
2008-05-17,60.339
2008-05-18,61.763
2008-05-19,61.448498
2008-05-20,88.514
2008-05-21,89.487
2008-05-22,76.9595
2008-05-23,68.909
2008-05-24,66.917496
2008-05-25,64.6095
2008-05-26,69.323
2008-05-27,56.625
2008-05-28,52.049
2008-05-29,51.663498
2008-05-30,65.131
2008-05-31,61.6715
2008-06-01,61.861
2008-06-02,59.0155
2008-06-03,67.0445
2008-06-04,80.6935
2008-06-05,90.155
2008-06-06,93.682144
2008-06-07,84.8195
2008-06-08,85.8175
2008-06-09,71.178
2008-06-10,62.927998
2008-06-11,67.111
2008-06-12,73.024
2008-06-13,76.69
2008-06-14,69.469
2008-06-15,71.652
2008-06-16,70.794
2008-06-17,74.053
2008-06-18,85.293
2008-06-19,70.155
2008-06-20,58.7865
2008-06-21,59.607998
2008-06-22,60.9165
2008-06-23,56.649
2008-06-24,64.9425
2008-06-25,66.768
2008-06-26,62.060497
2008-06-27,76.4565
2008-06-28,65.1645
2008-06-29,59.211
2008-06-30,67.5085
2008-07-01,70.099495
2008-07-02,63.066998
2008-07-03,57.704
2008-07-04,61.188
2008-07-05,58.481
2008-07-06,51.5505
2008-07-07,55.911
2008-07-08,68.793
2008-07-09,59.6675
2008-07-10,61.403
2008-07-11,57.696
2008-07-12,51.779
2008-07-13,51.763
2008-07-14,75.92
2008-07-15,71.973
2008-07-16,63.604
2008-07-17,52.4945
2008-07-18,81.1475
2008-07-19,68.554
2008-07-20,58.2865
2008-07-21,66.252
2008-07-22,78.6485
2008-07-23,91.3495
2008-07-24,94.05071
2008-07-25,89.936
2008-07-26,81.0755
2008-07-27,72.121
2008-07-28,62.5615
2008-07-29,57.095497
2008-07-30,61.857
2008-07-31,63.3215
2008-08-01,61.9015
2008-08-02,65.72
2008-08-03,66.868996
2008-08-04,64.5
2008-08-05,71.558
2008-08-06,55.7785
2008-08-07,57.2495
2008-08-08,67.069
2008-08-09,79.1375
2008-08-10,66.091
2008-08-11,64.326
2008-08-12,59.604
2008-08-13,53.1935
2008-08-14,65.687
2008-08-15,60.0475
2008-08-16,72.998
2008-08-17,63.116
2008-08-18,60.7035
2008-08-19,56.441498
2008-08-20,52.2695
2008-08-21,55.5375
2008-08-22,56.588497
2008-08-23,61.621998
2008-08-24,76.501
2008-08-25,63.7845
2008-08-26,57.7825
2008-08-27,55.589
2008-08-28,55.580997
2008-08-29,63.100998
2008-08-30,53.9125
2008-08-31,53.68
2008-09-01,50.401997
2008-09-02,49.4615
2008-09-03,55.294
2008-09-04,52.75
2008-09-05,52.8325
2008-09-06,51.607
2008-09-07,50.958
2008-09-08,80.722
2008-09-09,59.3705
2008-09-10,53.552
2008-09-11,52.274498
2008-09-12,60.1955
2008-09-13,72.346
2008-09-14,69.981995
2008-09-15,93.65411
2008-09-16,92.473
2008-09-17,81.270996
2008-09-18,78.031
2008-09-19,71.819
2008-09-20,78.215
2008-09-21,87.790504
2008-09-22,85.0895
2008-09-23,75.1645
2008-09-24,80.277
2008-09-25,82.403496
2008-09-26,83.1695
2008-09-27,76.861
2008-09-28,70.7215
2008-09-29,69.944496
2008-09-30,69.548996
2008-10-01,63.8755
2008-10-02,66.529
2008-10-03,75.0675
2008-10-04,84.8815
2008-10-05,65.723
2008-10-06,66.6745
2008-10-07,72.6695
2008-10-08,74.5775
2008-10-09,71.4655
2008-10-10,79.7195
2008-10-11,80.2745
2008-10-12,73.073
2008-10-13,73.9525
2008-10-14,73.8535
2008-10-15,68.354
2008-10-16,67.538
2008-10-17,87.8895
2008-10-18,76.7885
2008-10-19,75.5575
2008-10-20,79.3925
2008-10-21,80.086
2008-10-22,79.472496
2008-10-23,81.177
2008-10-24,91.139
2008-10-25,85.21
2008-10-26,77.83
2008-10-27,91.406
2008-10-28,82.93
2008-10-29,79.168495
2008-10-30,77.437996
2008-10-31,72.2855
2008-11-01,80.081
2008-11-02,82.806496
2008-11-03,81.292
2008-11-04,84.6725
2008-11-05,74.5385
2008-11-06,77.5125
2008-11-07,81.2595
2008-11-08,90.6515
2008-11-09,93.78667
2008-11-10,80.8165
2008-11-11,87.8225
2008-11-12,90.090004
2008-11-13,82.8165
2008-11-14,73.7215
2008-11-15,83.2455
2008-11-16,89.4595
2008-11-17,75.96
2008-11-18,77.394
2008-11-19,78.396996
2008-11-20,57.423
2008-11-21,79.370995
2008-11-22,67.3135
2008-11-23,56.040497
2008-11-24,61.4955
2008-11-25,91.90158
2008-11-26,70.326996
2008-11-27,67.086
2008-11-28,80.379
2008-11-29,93.444664
2008-11-30,89.258
2008-12-01,74.619995
2008-12-02,73.186
2008-12-03,90.567
2008-12-04,94.71
2008-12-05,77.2855
2008-12-06,82.713
2008-12-07,83.1275
2008-12-08,79.844
2008-12-09,76.519
2008-12-10,79.341995
2008-12-11,80.384995
2008-12-12,80.5495
2008-12-13,92.517
2008-12-14,92.45737
2008-12-15,88.958885
2008-12-16,93.06375
2008-12-17,93.48222
2008-12-18,93.961
2008-12-19,91.5705
2008-12-20,75.021996
2008-12-21,70.9615
2008-12-22,79.7045
2008-12-23,58.698498
2008-12-24,71.653
2008-12-25,82.2895
2008-12-26,80.4525
2008-12-27,82.585
2008-12-28,83.143
2008-12-29,88.18421
2008-12-30,86.36
2008-12-31,88.563
2009-01-01,90.169
2009-01-02,86.432
2009-01-03,85.067
2009-01-04,81.6865
2009-01-05,83.4185
2009-01-06,89.3345
2009-01-07,88.718
2009-01-08,71.4235
2009-01-09,82.3035
2009-01-10,84.608
2009-01-11,87.144
2009-01-12,88.1145
2009-01-13,92.361
2009-01-14,91.11421
2009-01-15,93.93616
2009-01-16,92.93916
2009-01-17,92.79437
2009-01-18,92.24895
2009-01-19,87.792496
2009-01-20,82.407
2009-01-21,90.2835
2009-01-22,93.78083
2009-01-23,94.796
2009-01-24,89.2705
2009-01-25,85.246
2009-01-26,79.94
2009-01-27,92.413124
2009-01-28,93.46166
2009-01-29,93.665
2009-01-30,90.4155
2009-01-31,90.602
2009-02-01,93.08
2009-02-02,92.92579
2009-02-03,94.35714
2009-02-04,93.735
2009-02-05,74.881996
2009-02-06,74.386
2009-02-07,81.812
2009-02-08,89.2695
2009-02-09,78.553
2009-02-10,78.001495
2009-02-11,82.929
2009-02-12,64.942
2009-02-13,63.935
2009-02-14,81.9825
2009-02-15,70.877
2009-02-16,64.045
2009-02-17,70.9305
2009-02-18,72.9205
2009-02-19,65.907
2009-02-20,67.658
2009-02-21,80.1655
2009-02-22,76.173
2009-02-23,83.118996
2009-02-24,91.696
2009-02-25,78.467995
2009-02-26,71.0205
2009-02-27,69.186
2009-02-28,82.8505
2009-03-01,70.8125
2009-03-02,76.736496
2009-03-03,86.844
2009-03-04,86.7965
2009-03-05,90.4485
2009-03-06,75.085
2009-03-07,80.729996
2009-03-08,58.197
2009-03-09,57.8825
2009-03-10,49.5885
2009-03-11,63.5215
2009-03-12,71.219
2009-03-13,69.3175
2009-03-14,70.222
2009-03-15,72.673996
2009-03-16,70.229996
2009-03-17,70.5845
2009-03-18,58.309998
2009-03-19,72.343
2009-03-20,75.34
2009-03-21,57.03
2009-03-22,49.39
2009-03-23,41.2005
2009-03-24,59.449997
2009-03-25,47.1655
2009-03-26,52.8295
2009-03-27,55.7775
2009-03-28,46.448997
2009-03-29,72.95
2009-03-30,90.1695
2009-03-31,87.3835
2009-04-01,83.3235
2009-04-02,55.322998
2009-04-03,71.31
2009-04-04,55.6
2009-04-05,51.4285
2009-04-06,41.3285
2009-04-07,42.9805
2009-04-08,44.796497
2009-04-09,45.712997
2009-04-10,40.323997
2009-04-11,45.025997
2009-04-12,53.116
2009-04-13,55.854
2009-04-14,72.254
2009-04-15,55.85
2009-04-16,44.7915
2009-04-17,59.179
2009-04-18,58.810997
2009-04-19,64.083
2009-04-20,69.613495
2009-04-21,59.7445
2009-04-22,65.783
2009-04-23,67.653
2009-04-24,57.275997
2009-04-25,49.9915
2009-04-26,52.9315
2009-04-27,49.508
2009-04-28,61.0635
2009-04-29,73.902
2009-04-30,81.893
2009-05-01,66.0055
2009-05-02,62.023
2009-05-03,72.5335
2009-05-04,62.009
2009-05-05,60.3295
2009-05-06,55.5335
2009-05-07,60.478
2009-05-08,56.912
2009-05-09,56.470497
2009-05-10,56.4585
2009-05-11,52.201
2009-05-12,64.2415
2009-05-13,83.174995
2009-05-14,78.203995
2009-05-15,75.146996
2009-05-16,62.6605
2009-05-17,63.830498
2009-05-18,51.767
2009-05-19,62.295998
2009-05-20,58.311
2009-05-21,48.719498
2009-05-22,62.241997
2009-05-23,68.106
2009-05-24,63.3925
2009-05-25,62.804497
2009-05-26,52.962498
2009-05-27,76.7295
2009-05-28,71.596
2009-05-29,67.29
2009-05-30,79.8235
2009-05-31,74.22
2009-06-01,70.363
2009-06-02,64.6855
2009-06-03,62.0615
2009-06-04,71.332
2009-06-05,90.3005
2009-06-06,67.09
2009-06-07,64.7205
2009-06-08,70.343
2009-06-09,53.5165
2009-06-10,58.6415
2009-06-11,74.436
2009-06-12,66.7305
2009-06-13,56.802
2009-06-14,54.302498
2009-06-15,54.215
2009-06-16,56.4575
2009-06-17,67.7895
2009-06-18,52.6105
2009-06-19,51.4235
2009-06-20,73.996
2009-06-21,75.0005
2009-06-22,92.123
2009-06-23,84.0465
2009-06-24,79.713
2009-06-25,85.726
2009-06-26,88.028
2009-06-27,82.9315
2009-06-28,85.211
2009-06-29,82.021996
2009-06-30,82.048
2009-07-01,82.269
2009-07-02,84.02
2009-07-03,74.2725
2009-07-04,74.6775
2009-07-05,69.322
2009-07-06,69.7155
2009-07-07,76.006
2009-07-08,79.329
2009-07-09,65.840996
2009-07-10,77.1145
2009-07-11,69.083
2009-07-12,57.918
2009-07-13,58.729
2009-07-14,62.086
2009-07-15,62.968998
2009-07-16,64.0125
2009-07-17,61.507
2009-07-18,78.397995
2009-07-19,64.894
2009-07-20,56.344
2009-07-21,51.222
2009-07-22,49.733498
2009-07-23,38.401497
2009-07-24,51.0235
2009-07-25,56.774
2009-07-26,53.695
2009-07-27,52.862
2009-07-28,49.3215
2009-07-29,56.4515
2009-07-30,51.195
2009-07-31,48.778
2009-08-01,53.834
2009-08-02,50.7435
2009-08-03,50.399498
2009-08-04,71.0475
2009-08-05,88.912
2009-08-06,81.005
2009-08-07,70.377495
2009-08-08,56.5215
2009-08-09,48.547497
2009-08-10,51.934998
2009-08-11,76.034996
2009-08-12,62.5575
2009-08-13,59.225
2009-08-14,82.154
2009-08-15,61.728
2009-08-16,55.578
2009-08-17,50.865498
2009-08-18,55.021
2009-08-19,52.863
2009-08-20,47.104
2009-08-21,43.084
2009-08-22,49.179497
2009-08-23,75.443
2009-08-24,65.4125
2009-08-25,60.612
2009-08-26,54.524
2009-08-27,54.344997
2009-08-28,53.928497
2009-08-29,63.023
2009-08-30,61.027
2009-08-31,50.913998
2009-09-01,48.8965
2009-09-02,51.782997
2009-09-03,53.139
2009-09-04,59.62
2009-09-05,67.7295
2009-09-06,56.5665
2009-09-07,58.722
2009-09-08,55.516
2009-09-09,58.077
2009-09-10,56.104
2009-09-11,59.6815
2009-09-12,62.601997
2009-09-13,70.428
2009-09-14,77.1345
2009-09-15,69.089
2009-09-16,60.359
2009-09-17,72.506996
2009-09-18,89.6185
2009-09-19,70.955
2009-09-20,64.4
2009-09-21,59.32
2009-09-22,52.873
2009-09-23,52.393497
2009-09-24,51.07
2009-09-25,60.990997
2009-09-26,53.552998
2009-09-27,53.908497
2009-09-28,53.774498
2009-09-29,59.152
2009-09-30,58.549
2009-10-01,60.498
2009-10-02,76.431496
2009-10-03,61.329
2009-10-04,53.966
2009-10-05,60.5475
2009-10-06,61.5855
2009-10-07,64.487
2009-10-08,63.4675
2009-10-09,68.7375
2009-10-10,69.447
2009-10-11,82.899
2009-10-12,86.3865
2009-10-13,62.117
2009-10-14,63.916
2009-10-15,54.2675
2009-10-16,64.3885
2009-10-17,70.3795
2009-10-18,76.1425
2009-10-19,86.918
2009-10-20,84.7305
2009-10-21,72.955
2009-10-22,73.2105
2009-10-23,87.969
2009-10-24,93.27647
2009-10-25,89.154
2009-10-26,89.913
2009-10-27,74.589
2009-10-28,72.1095
2009-10-29,79.042496
2009-10-30,69.233
2009-10-31,72.309
2009-11-01,79.636
2009-11-02,78.886
2009-11-03,85.9105
2009-11-04,90.41631
2009-11-05,92.57
2009-11-06,94.38333
2009-11-07,94.13625
2009-11-08,
2009-11-09,90.39263
2009-11-10,91.93
2009-11-11,89.4665
2009-11-12,71.5175
2009-11-13,72.730995
2009-11-14,73.8715
2009-11-15,79.022995
2009-11-16,81.095
2009-11-17,73.6555
2009-11-18,74.221
2009-11-19,81.218
2009-11-20,87.755
2009-11-21,93.89364
2009-11-22,95.16
2009-11-23,92.75072
2009-11-24,79.846
2009-11-25,73.8115
2009-11-26,75.117
2009-11-27,75.645
2009-11-28,87.4565
2009-11-29,86.7595
2009-11-30,76.668
2009-12-01,85.6755
2009-12-02,83.788
2009-12-03,93.8675
2009-12-04,91.46316
2009-12-05,86.8375
2009-12-06,85.8435
2009-12-07,93.46909
2009-12-08,94.465
2009-12-09,90.785
2009-12-10,82.9975
2009-12-11,92.77625
2009-12-12,85.9185
2009-12-13,79.395
2009-12-14,88.496
2009-12-15,81.764496
2009-12-16,89.577
2009-12-17,83.7215
2009-12-18,79.9785
2009-12-19,89.0275
2009-12-20,81.3135
2009-12-21,72.0405
2009-12-22,73.993996
2009-12-23,86.389
2009-12-24,80.7975
2009-12-25,74.586
2009-12-26,86.6115
2009-12-27,87.17
2009-12-28,83.6885
2009-12-29,79.1805
2009-12-30,88.78
2009-12-31,86.8265
2010-01-01,93.715
2010-01-02,78.8295
2010-01-03,69.9905
2010-01-04,75.447
2010-01-05,92.638664
2010-01-06,94.33
2010-01-07,94.34334
2010-01-08,94.86
2010-01-09,94.24
2010-01-10,94.71
2010-01-11,81.020996
2010-01-12,83.58
2010-01-13,88.092
2010-01-14,84.2785
2010-01-15,87.0375
2010-01-16,93.877335
2010-01-17,93.057274
2010-01-18,93.858574
2010-01-19,92.25166
2010-01-20,93.41889
2010-01-21,87.956
2010-01-22,89.3265
2010-01-23,84.568
2010-01-24,81.209496
2010-01-25,81.098
2010-01-26,75.9355
2010-01-27,80.102
2010-01-28,88.4525
2010-01-29,77.5675
2010-01-30,84.677
2010-01-31,86.3895
2010-02-01,71.1885
2010-02-02,75.0525
2010-02-03,68.5805
2010-02-04,77.729
2010-02-05,82.611
2010-02-06,93.57445
2010-02-07,89.401
2010-02-08,74.032
2010-02-09,74.6305
2010-02-10,89.403
2010-02-11,94.28143
2010-02-12,92.0785
2010-02-13,78.159
2010-02-14,75.514496
2010-02-15,82.448
2010-02-16,85.809
2010-02-17,85.351
2010-02-18,93.026
2010-02-19,82.691
2010-02-20,88.9635
2010-02-21,74.0615
2010-02-22,73.141495
2010-02-23,82.534
2010-02-24,94.435715
2010-02-25,88.815
2010-02-26,94.132225
2010-02-27,62.163
2010-02-28,60.614
2010-03-01,81.603
2010-03-02,68.8515
2010-03-03,70.862
2010-03-04,77.852
2010-03-05,52.857
2010-03-06,51.8485
2010-03-07,63.447
2010-03-08,65.584
2010-03-09,62.2705
2010-03-10,83.431
2010-03-11,91.607895
2010-03-12,76.82
2010-03-13,70.314995
2010-03-14,58.283497
2010-03-15,51.067997
2010-03-16,61.0655
2010-03-17,62.958
2010-03-18,61.974
2010-03-19,53.313
2010-03-20,56.2835
2010-03-21,59.986
2010-03-22,81.509
2010-03-23,88.2505
2010-03-24,79.861496
2010-03-25,76.005
2010-03-26,64.0005
2010-03-27,78.509995
2010-03-28,60.015
2010-03-29,52.9655
2010-03-30,51.791
2010-03-31,79.7695
2010-04-01,70.752
2010-04-02,72.018
2010-04-03,62.7785
2010-04-04,57.195
2010-04-05,84.671
2010-04-06,71.7815
2010-04-07,68.705
2010-04-08,66.42
2010-04-09,63.233
2010-04-10,55.1105
2010-04-11,80.4365
2010-04-12,94.21455
2010-04-13,91.425
2010-04-14,87.447
2010-04-15,87.8635
2010-04-16,78.8955
2010-04-17,64.4835
2010-04-18,62.011497
2010-04-19,82.289
2010-04-20,57.219498
2010-04-21,57.7725
2010-04-22,70.144
2010-04-23,68.5065
2010-04-24,72.1145
2010-04-25,59.491
2010-04-26,60.9365
2010-04-27,58.643497
2010-04-28,64.996
2010-04-29,57.415997
2010-04-30,54.751
2010-05-01,50.5655
2010-05-02,59.5155
2010-05-03,71.469
2010-05-04,68.2875
2010-05-05,70.445
2010-05-06,62.968998
2010-05-07,58.3695
2010-05-08,69.7675
2010-05-09,74.1905
2010-05-10,68.2695
2010-05-11,72.7965
2010-05-12,83.3625
2010-05-13,87.3205
2010-05-14,67.944496
2010-05-15,91.4425
2010-05-16,94.28571
2010-05-17,90.4835
2010-05-18,75.0915
2010-05-19,66.294
2010-05-20,83.409
2010-05-21,88.4895
2010-05-22,77.647
2010-05-23,77.585
2010-05-24,71.237
2010-05-25,64.271
2010-05-26,55.372498
2010-05-27,58.846
2010-05-28,74.046
2010-05-29,81.3245
2010-05-30,81.796
2010-05-31,92.4215
2010-06-01,93.58111
2010-06-02,93.892
2010-06-03,84.902
2010-06-04,91.654
2010-06-05,73.5685
2010-06-06,64.0105
2010-06-07,70.251
2010-06-08,68.751
2010-06-09,64.815
2010-06-10,63.2045
2010-06-11,57.944
2010-06-12,56.989998
2010-06-13,66.3525
2010-06-14,67.975
2010-06-15,63.8955
2010-06-16,81.0635
2010-06-17,73.7615
2010-06-18,79.519
2010-06-19,74.2765
2010-06-20,83.8845
2010-06-21,93.61437
2010-06-22,91.5075
2010-06-23,66.879
2010-06-24,63.1895
2010-06-25,64.771996
2010-06-26,86.977
2010-06-27,82.097496
2010-06-28,75.7955
2010-06-29,65.3235
2010-06-30,63.3935
2010-07-01,63.7625
2010-07-02,62.5
2010-07-03,66.2575
2010-07-04,63.0425
2010-07-05,67.142
2010-07-06,75.7525
2010-07-07,64.4785
2010-07-08,61.004997
2010-07-09,56.7975
2010-07-10,57.041
2010-07-11,59.4035
2010-07-12,65.874
2010-07-13,66.993996
2010-07-14,64.447
2010-07-15,64.1515
2010-07-16,61.0855
2010-07-17,61.956497
2010-07-18,71.8965
2010-07-19,73.3815
2010-07-20,74.552
2010-07-21,69.234
2010-07-22,65.6645
2010-07-23,61.643997
2010-07-24,70.9205
2010-07-25,82.430504
2010-07-26,88.234
2010-07-27,80.503
2010-07-28,70.4145
2010-07-29,65.5435
2010-07-30,87.673004
2010-07-31,94.2275
2010-08-01,77.25
2010-08-02,75.8765
2010-08-03,75.93
2010-08-04,77.278
2010-08-05,71.8955
2010-08-06,84.752
2010-08-07,80.0775
2010-08-08,75.292496
2010-08-09,75.56
2010-08-10,67.695
2010-08-11,63.548
2010-08-12,64.7075
2010-08-13,69.99
2010-08-14,68.8145
2010-08-15,77.113
2010-08-16,72.597
2010-08-17,66.429
2010-08-18,67.847496
2010-08-19,75.9395
2010-08-20,60.5615
2010-08-21,59.5625
2010-08-22,58.217
2010-08-23,60.624
2010-08-24,66.861
2010-08-25,69.463
2010-08-26,67.777
2010-08-27,61.0345
2010-08-28,84.565
2010-08-29,68.5325
2010-08-30,76.67
2010-08-31,86.806
2010-09-01,67.672
2010-09-02,67.2715
2010-09-03,71.216995
2010-09-04,73.118996
2010-09-05,75.1775
2010-09-06,90.1055
2010-09-07,
2010-09-08,92.96421
2010-09-09,89.652
2010-09-10,93.746315
2010-09-11,94.29
2010-09-12,93.17
2010-09-13,86.1245
2010-09-14,85.0875
2010-09-15,82.298
2010-09-16,77.381
2010-09-17,93.19368
2010-09-18,94.22889
2010-09-19,91.284
2010-09-20,75.509
2010-09-21,73.417
2010-09-22,72.473
2010-09-23,71.4385
2010-09-24,70.5165
2010-09-25,78.912
2010-09-26,94.24
2010-09-27,92.118004
2010-09-28,82.6425
2010-09-29,73.9885
2010-09-30,83.614
2010-10-01,76.87
2010-10-02,74.943
2010-10-03,71.974495
2010-10-04,85.8085
2010-10-05,93.27421
2010-10-06,92.602
2010-10-07,80.061
2010-10-08,84.3505
2010-10-09,79.541
2010-10-10,78.0875
2010-10-11,76.9155
2010-10-12,77.8245
2010-10-13,70.194
2010-10-14,70.153
2010-10-15,75.486496
2010-10-16,86.852
2010-10-17,91.931
2010-10-18,94.71
2010-10-19,87.2385
2010-10-20,93.147644
2010-10-21,79.4615
2010-10-22,67.1375
2010-10-23,67.8375
2010-10-24,75.0705
2010-10-25,86.899
2010-10-26,86.9955
2010-10-27,73.5805
2010-10-28,70.3785
2010-10-29,73.0365
2010-10-30,78.2465
2010-10-31,71.046
2010-11-01,75.0495
2010-11-02,75.3595
2010-11-03,83.910995
2010-11-04,85.275
2010-11-05,67.835495
2010-11-06,75.6295
2010-11-07,78.463
2010-11-08,87.267
2010-11-09,90.5955
2010-11-10,91.322
2010-11-11,74.363495
2010-11-12,74.7445
2010-11-13,75.879
2010-11-14,71.1935
2010-11-15,68.7155
2010-11-16,76.0785
2010-11-17,93.49421
2010-11-18,94.7
2010-11-19,93.12546
2010-11-20,94.224
2010-11-21,94.351
2010-11-22,93.71154
2010-11-23,89.4255
2010-11-24,81.319496
2010-11-25,83.281
2010-11-26,94.13
2010-11-27,86.839
2010-11-28,93.24824
2010-11-29,87.8925
2010-11-30,83.3665
2010-12-01,93.48917
2010-12-02,
2010-12-03,
2010-12-04,83.0855
2010-12-05,90.193
2010-12-06,78.062
2010-12-07,77.2765
2010-12-08,77.1505
2010-12-09,82.079
2010-12-10,76.718
2010-12-11,80.9925
2010-12-12,79.409
2010-12-13,70.689995
2010-12-14,82.372
2010-12-15,82.382996
2010-12-16,86.108
2010-12-17,87.518
2010-12-18,90.552
2010-12-19,81.6685
2010-12-20,77.6075
2010-12-21,87.9605
2010-12-22,88.6245
2010-12-23,83.0595
2010-12-24,78.543
2010-12-25,87.877
2010-12-26,75.473
2010-12-27,76.138
2010-12-28,79.3875
2010-12-29,84.0795
2010-12-30,94.23111
2010-12-31,94.204445
2011-01-01,94.229996
2011-01-02,
2011-01-03,88.182
2011-01-04,93.942856
2011-01-05,88.717
2011-01-06,85.6685
2011-01-07,73.058
2011-01-08,78.291
2011-01-09,76.906
2011-01-10,79.4555
2011-01-11,95.16
2011-01-12,93.561424
2011-01-13,93.64895
2011-01-14,76.4545
2011-01-15,73.488
2011-01-16,78.4245
2011-01-17,80.381
2011-01-18,
2011-01-19,
2011-01-20,90.767
2011-01-21,85.427
2011-01-22,78.386
2011-01-23,74.214
2011-01-24,81.162994
2011-01-25,73.196
2011-01-26,86.7795
2011-01-27,94.455
2011-01-28,85.432
2011-01-29,84.71
2011-01-30,84.1435
2011-01-31,83.4685
2011-02-01,87.6375
2011-02-02,85.0265
2011-02-03,87.0885
2011-02-04,85.9075
2011-02-05,69.801
2011-02-06,66.751495
2011-02-07,61.494
2011-02-08,56.190998
2011-02-09,64.8035
2011-02-10,67.085
2011-02-11,66.7795
2011-02-12,59.3575
2011-02-13,67.613
2011-02-14,75.406
2011-02-15,71.356995
2011-02-16,84.7875
2011-02-17,93.524
2011-02-18,
2011-02-19,83.862
2011-02-20,76.9985
2011-02-21,87.5275
2011-02-22,76.293
2011-02-23,67.044
2011-02-24,68.895
2011-02-25,83.2525
2011-02-26,82.6945
2011-02-27,87.129
2011-02-28,82.6625
2011-03-01,85.1485
2011-03-02,86.5915
2011-03-03,88.328
2011-03-04,87.2475
2011-03-05,84.641
2011-03-06,64.4515
2011-03-07,53.199497
2011-03-08,51.784
2011-03-09,58.183
2011-03-10,59.256
2011-03-11,49.106
2011-03-12,50.651
2011-03-13,49.2875
2011-03-14,55.628498
2011-03-15,61.5295
2011-03-16,76.346
2011-03-17,80.904
2011-03-18,76.081
2011-03-19,89.034
2011-03-20,89.1405
2011-03-21,78.154
2011-03-22,64.786
2011-03-23,61.1435
2011-03-24,50.027
2011-03-25,42.156
2011-03-26,49.205997
2011-03-27,85.015
2011-03-28,88.023
2011-03-29,71.4885
2011-03-30,56.1695
2011-03-31,51.3005
2011-04-01,66.199
2011-04-02,62.477
2011-04-03,51.4595
2011-04-04,53.0845
2011-04-05,64.752
2011-04-06,57.299
2011-04-07,60.126
2011-04-08,45.546497
2011-04-09,42.358997
2011-04-10,42.021
2011-04-11,49.5935
2011-04-12,62.5555
2011-04-13,55.9085
2011-04-14,80.015495
2011-04-15,75.5735
2011-04-16,54.9885
2011-04-17,51.524998
2011-04-18,48.602497
2011-04-19,48.69
2011-04-20,43.202
2011-04-21,42.1175
2011-04-22,46.8975
2011-04-23,46.6055
2011-04-24,54.990997
2011-04-25,54.414497
2011-04-26,47.673
2011-04-27,46.475998
2011-04-28,74.2915
2011-04-29,72.8295
2011-04-30,73.96
2011-05-01,91.2205
2011-05-02,75.011
2011-05-03,77.3325
2011-05-04,65.014
2011-05-05,49.815
2011-05-06,43.238
2011-05-07,45.6975
2011-05-08,81.796
2011-05-09,67.1785
2011-05-10,57.8645
2011-05-11,51.8405
2011-05-12,44.6815
2011-05-13,52.6695
2011-05-14,51.8505
2011-05-15,75.0805
2011-05-16,77.9855
2011-05-17,56.013
2011-05-18,62.9245
2011-05-19,63.111
2011-05-20,53.433
2011-05-21,64.9535
2011-05-22,65.015
2011-05-23,68.917
2011-05-24,67.362
2011-05-25,54.258
2011-05-26,51.108997
2011-05-27,65.7635
2011-05-28,81.4985
2011-05-29,59.138
2011-05-30,54.906998
2011-05-31,60.378
2011-06-01,69.1875
2011-06-02,77.3255
2011-06-03,82.2605
2011-06-04,80.04
2011-06-05,69.3675
2011-06-06,73.01
2011-06-07,70.0415
2011-06-08,71.6825
2011-06-09,76.029
2011-06-10,61.516
2011-06-11,61.745
2011-06-12,64.7215
2011-06-13,58.717
2011-06-14,77.724495
2011-06-15,73.2885
2011-06-16,61.887
2011-06-17,64.977
2011-06-18,59.228
2011-06-19,84.0525
2011-06-20,64.8525
2011-06-21,51.861
2011-06-22,54.246998
2011-06-23,54.9855
2011-06-24,68.9965
2011-06-25,54.246998
2011-06-26,67.463
2011-06-27,60.388
2011-06-28,50.8465
2011-06-29,64.8415
2011-06-30,72.100494
2011-07-01,54.102
2011-07-02,62.848
2011-07-03,56.52
2011-07-04,65.9035
2011-07-05,64.037
2011-07-06,60.375
2011-07-07,54.111
2011-07-08,49.259
2011-07-09,46.35
2011-07-10,43.937496
2011-07-11,52.2865
2011-07-12,48.3155
2011-07-13,49.253
2011-07-14,44.593
2011-07-15,54.8775
2011-07-16,50.7365
2011-07-17,49.104
2011-07-18,52.9535
2011-07-19,72.1065
2011-07-20,85.351
2011-07-21,77.866
2011-07-22,73.7805
2011-07-23,87.677
2011-07-24,86.842
2011-07-25,93.28579
2011-07-26,81.5895
2011-07-27,70.335
2011-07-28,84.201996
2011-07-29,92.179
2011-07-30,75.3015
2011-07-31,74.5785
2011-08-01,75.0475
2011-08-02,78.789
2011-08-03,68.274
2011-08-04,87.1175
2011-08-05,70.881
2011-08-06,79.4305
2011-08-07,72.173
2011-08-08,69.437
2011-08-09,74.0945
2011-08-10,62.7825
2011-08-11,61.507
2011-08-12,63.1395
2011-08-13,65.592
2011-08-14,63.0415
2011-08-15,59.0405
2011-08-16,71.32
2011-08-17,61.2775
2011-08-18,58.5305
2011-08-19,61.003
2011-08-20,70.5255
2011-08-21,64.4995
2011-08-22,59.749
2011-08-23,48.841
2011-08-24,48.514
2011-08-25,51.9865
2011-08-26,53.04
2011-08-27,50.9935
2011-08-28,55.421997
2011-08-29,55.5275
2011-08-30,53.247498
2011-08-31,49.7145
2011-09-01,58.992996
2011-09-02,70.3975
2011-09-03,62.6535
2011-09-04,48.531998
2011-09-05,53.456497
2011-09-06,48.587498
2011-09-07,51.082
2011-09-08,58.796497
2011-09-09,72.339
2011-09-10,55.5425
2011-09-11,50.37
2011-09-12,53.7585
2011-09-13,54.9965
2011-09-14,51.458
2011-09-15,47.526
2011-09-16,51.100998
2011-09-17,50.7295
2011-09-18,43.151497
2011-09-19,68.9655
2011-09-20,93.525
2011-09-21,82.270996
2011-09-22,80.8405
2011-09-23,62.123
2011-09-24,58.222
2011-09-25,51.831497
2011-09-26,54.219997
2011-09-27,55.256496
2011-09-28,56.8395
2011-09-29,45.884
2011-09-30,60.028
2011-10-01,58.423
2011-10-02,59.989
2011-10-03,64.9715
2011-10-04,60.5225
2011-10-05,59.264
2011-10-06,58.4235
2011-10-07,77.3295
2011-10-08,78.7295
2011-10-09,82.7895
2011-10-10,66.5805
2011-10-11,71.201
2011-10-12,76.418495
2011-10-13,73.991
2011-10-14,67.103
2011-10-15,65.1645
2011-10-16,53.544
2011-10-17,51.657497
2011-10-18,45.149998
2011-10-19,59.245
2011-10-20,82.4525
2011-10-21,91.86474
2011-10-22,79.237
2011-10-23,93.69462
2011-10-24,
2011-10-25,91.30473
2011-10-26,80.6485
2011-10-27,76.6235
2011-10-28,71.2055
2011-10-29,72.127
2011-10-30,76.0765
2011-10-31,84.4955
2011-11-01,90.0255
2011-11-02,94.71
2011-11-03,
2011-11-04,92.201996
2011-11-05,72.022
2011-11-06,74.081
2011-11-07,84.4695
2011-11-08,82.6855
2011-11-09,86.6075
2011-11-10,90.319
2011-11-11,77.343
2011-11-12,76.191
2011-11-13,74.002
2011-11-14,74.285995
2011-11-15,71.0245
2011-11-16,77.9675
2011-11-17,84.2935
2011-11-18,94.935
2011-11-19,
2011-11-20,
2011-11-21,92.71
2011-11-22,95.16
2011-11-23,
2011-11-24,
2011-11-25,94.86
2011-11-26,94.2
2011-11-27,
2011-11-28,88.7015
2011-11-29,94.85333
2011-11-30,
2011-12-01,
2011-12-02,
2011-12-03,87.3555
2011-12-04,75.5415
2011-12-05,75.0875
2011-12-06,73.436
2011-12-07,89.2775
2011-12-08,53.828
2011-12-09,63.93
2011-12-10,76.4195
2011-12-11,69.419
2011-12-12,86.1195
2011-12-13,90.443
2011-12-14,91.374
2011-12-15,91.6865
2011-12-16,81.4255
2011-12-17,91.8635
2011-12-18,81.704
2011-12-19,90.1255
2011-12-20,86.1435
2011-12-21,83.841995
2011-12-22,88.606
2011-12-23,94.3475
2011-12-24,84.743
2011-12-25,71.246
2011-12-26,88.7445
2011-12-27,92.835
2011-12-28,88.8095
2011-12-29,92.93611
2011-12-30,92.793
2011-12-31,89.436
2012-01-01,74.1655
2012-01-02,73.556
2012-01-03,81.6085
2012-01-04,81.2745
2012-01-05,73.4675
2012-01-06,64.284
2012-01-07,64.262
2012-01-08,80.284
2012-01-09,80.1525
2012-01-10,85.5325
2012-01-11,74.785995
2012-01-12,74.267
2012-01-13,70.932495
2012-01-14,66.759
2012-01-15,64.182
2012-01-16,66.6235
2012-01-17,78.582
2012-01-18,86.17
2012-01-19,65.189
2012-01-20,78.767
2012-01-21,72.2455
2012-01-22,67.0185
2012-01-23,67.3535
2012-01-24,90.7735
2012-01-25,74.308
2012-01-26,75.3895
2012-01-27,71.582
2012-01-28,81.498
2012-01-29,79.032
2012-01-30,75.7485
2012-01-31,66.0795
2012-02-01,59.1405
2012-02-02,57.403
2012-02-03,76.4525
2012-02-04,86.39
2012-02-05,80.668
2012-02-06,83.621
2012-02-07,79.844
2012-02-08,76.124
2012-02-09,74.12
2012-02-10,75.889
2012-02-11,81.893
2012-02-12,88.1295
2012-02-13,75.729
2012-02-14,72.5325
2012-02-15,68.800995
2012-02-16,71.468
2012-02-17,73.337
2012-02-18,68.238
2012-02-19,75.315
2012-02-20,77.0245
2012-02-21,64.651
2012-02-22,66.0145
2012-02-23,70.887
2012-02-24,64.9275
2012-02-25,63.5005
2012-02-26,69.017
2012-02-27,52.5025
2012-02-28,84.225
2012-02-29,72.836
2012-03-01,71.2355
2012-03-02,73.5035
2012-03-03,61.5185
2012-03-04,55.6555
2012-03-05,48.242996
2012-03-06,48.948997
2012-03-07,48.601498
2012-03-08,47.4445
2012-03-09,68.563995
2012-03-10,60.4595
2012-03-11,62.995
2012-03-12,64.6205
2012-03-13,75.3805
2012-03-14,69.882996
2012-03-15,59.637
2012-03-16,54.2855
2012-03-17,30.703997
2012-03-18,43.7725
2012-03-19,56.1815
2012-03-20,52.142498
2012-03-21,45.022
2012-03-22,39.274
2012-03-23,36.948498
2012-03-24,38.296997
2012-03-25,40.275497
2012-03-26,38.177
2012-03-27,33.785496
2012-03-28,47.7355
2012-03-29,46.1455
2012-03-30,68.358
2012-03-31,54.1455
2012-04-01,45.631996
2012-04-02,35.5355
2012-04-03,53.7425
2012-04-04,57.67
2012-04-05,58.985
2012-04-06,82.7655
2012-04-07,88.8345
2012-04-08,55.522
2012-04-09,45.771
2012-04-10,42.509
2012-04-11,46.772
2012-04-12,71.958
2012-04-13,61.711
2012-04-14,81.116
2012-04-15,74.833
2012-04-16,72.2295
2012-04-17,84.279495
2012-04-18,73.119995
2012-04-19,76.5225
2012-04-20,62.204998
2012-04-21,65.7565
2012-04-22,72.0635
2012-04-23,90.071
2012-04-24,78.3605
2012-04-25,76.6885
2012-04-26,52.122498
2012-04-27,45.753
2012-04-28,46.217
2012-04-29,41.3125
2012-04-30,44.600998
2012-05-01,43.993
2012-05-02,40.388496
2012-05-03,66.3645
2012-05-04,72.5215
2012-05-05,51.3085
2012-05-06,56.2875
2012-05-07,90.0545
2012-05-08,68.475
2012-05-09,54.928997
2012-05-10,54.655
2012-05-11,51.6675
2012-05-12,56.067497
2012-05-13,81.774
2012-05-14,79.2155
2012-05-15,85.043
2012-05-16,66.1345
2012-05-17,48.361
2012-05-18,54.661
2012-05-19,60.76
2012-05-20,58.330997
2012-05-21,67.3305
2012-05-22,
2012-05-23,86.321
2012-05-24,75.4825
2012-05-25,60.238
2012-05-26,48.545
2012-05-27,59.871
2012-05-28,66.9095
2012-05-29,76.423
2012-05-30,64.394
2012-05-31,67.1615
2012-06-01,80.7675
2012-06-02,79.3685
2012-06-03,68.363
2012-06-04,73.303
2012-06-05,74.627
2012-06-06,66.8255
2012-06-07,66.9155
2012-06-08,60.1965
2012-06-09,66.649
2012-06-10,79.840996
2012-06-11,82.6125
2012-06-12,93.43833
2012-06-13,78.5525
2012-06-14,71.0355
2012-06-15,62.5275
2012-06-16,61.4505
2012-06-17,61.1875
2012-06-18,58.5445
2012-06-19,57.958
2012-06-20,56.637997
2012-06-21,61.3065
2012-06-22,68.7485
2012-06-23,57.0845
2012-06-24,56.4195
2012-06-25,68.148
2012-06-26,66.433
2012-06-27,55.336998
2012-06-28,54.998497
2012-06-29,54.5765
2012-06-30,57.454
2012-07-01,47.503
2012-07-02,47.509
2012-07-03,41.6455
2012-07-04,39.226997
2012-07-05,51.007
2012-07-06,50.1415
2012-07-07,53.0855
2012-07-08,51.253
2012-07-09,49.369
2012-07-10,45.926
2012-07-11,51.503
2012-07-12,61.3155
2012-07-13,54.0305
2012-07-14,54.7175
2012-07-15,61.3265
2012-07-16,57.2705
2012-07-17,50.785
2012-07-18,50.0195
2012-07-19,39.106
2012-07-20,48.37
2012-07-21,61.027
2012-07-22,80.068
2012-07-23,58.5275
2012-07-24,75.1925
2012-07-25,80.69
2012-07-26,82.58
2012-07-27,74.6125
2012-07-28,62.4395
2012-07-29,61.1905
2012-07-30,62.7705
2012-07-31,50.258
2012-08-01,49.469498
2012-08-02,50.649
2012-08-03,49.961
2012-08-04,54.4605
2012-08-05,46.366997
2012-08-06,35.9955
2012-08-07,43.4875
2012-08-08,40.815998
2012-08-09,44.4005
2012-08-10,43.4645
2012-08-11,52.445
2012-08-12,59.614
2012-08-13,48.1935
2012-08-14,40.914497
2012-08-15,40.908497
2012-08-16,35.114998
2012-08-17,51.7085
2012-08-18,45.7005
2012-08-19,41.574997
2012-08-20,38.687496
2012-08-21,37.365997
2012-08-22,39.9605
2012-08-23,44.817497
2012-08-24,39.173496
2012-08-25,36.7895
2012-08-26,57.399998
2012-08-27,66.4895
2012-08-28,53.022
2012-08-29,43.4245
2012-08-30,37.070995
2012-08-31,44.009
2012-09-01,72.2285
2012-09-02,67.3925
2012-09-03,44.869
2012-09-04,44.705997
2012-09-05,56.8535
2012-09-06,62.1815
2012-09-07,45.4165
2012-09-08,48.827
2012-09-09,46.232
2012-09-10,41.9255
2012-09-11,44.8125
2012-09-12,43.6145
2012-09-13,91.3695
2012-09-14,91.298996
2012-09-15,82.2725
2012-09-16,62.4115
2012-09-17,72.378
2012-09-18,67.0275
2012-09-19,69.881996
2012-09-20,70.576
2012-09-21,60.477997
2012-09-22,58.751
2012-09-23,70.34
2012-09-24,64.637
2012-09-25,68.943
2012-09-26,57.6105
2012-09-27,50.540497
2012-09-28,86.679
2012-09-29,76.2605
2012-09-30,70.451
2012-10-01,76.3595
2012-10-02,93.127365
2012-10-03,81.275
2012-10-04,74.2705
2012-10-05,63.591
2012-10-06,63.577
2012-10-07,73.7455
2012-10-08,62.0845
2012-10-09,66.9435
2012-10-10,75.8675
2012-10-11,83.043
2012-10-12,80.392
2012-10-13,86.52
2012-10-14,94.045
2012-10-15,89.94
2012-10-16,91.0365
2012-10-17,82.4245
2012-10-18,77.038
2012-10-19,75.0475
2012-10-20,72.968
2012-10-21,72.4705
2012-10-22,73.596
2012-10-23,88.2415
2012-10-24,
2012-10-25,91.206
2012-10-26,88.3735
2012-10-27,89.0715
2012-10-28,92.267365
2012-10-29,93.134705
2012-10-30,82.256
2012-10-31,79.039
2012-11-01,88.5395
2012-11-02,90.476
2012-11-03,88.4915
2012-11-04,74.0395
2012-11-05,85.118
2012-11-06,84.79
2012-11-07,75.0875
2012-11-08,75.293495
2012-11-09,76.0885
2012-11-10,91.765
2012-11-11,76.154495
2012-11-12,76.5045
2012-11-13,93.975555
2012-11-14,73.293
2012-11-15,90.76894
2012-11-16,91.808945
2012-11-17,92.9025
2012-11-18,87.6735
2012-11-19,87.946
2012-11-20,86.6885
2012-11-21,87.0705
2012-11-22,94.8075
2012-11-23,
2012-11-24,94.27875
2012-11-25,94.455
2012-11-26,86.668
2012-11-27,75.063995
2012-11-28,74.725
2012-11-29,81.6345
2012-11-30,87.148
2012-12-01,72.7615
2012-12-02,93.346466
2012-12-03,81.197
2012-12-04,91.109474
2012-12-05,93.486
2012-12-06,93.22588
2012-12-07,68.7185
2012-12-08,86.872
2012-12-09,66.019
2012-12-10,66.142
2012-12-11,77.7455
2012-12-12,67.6385
2012-12-13,70.2325
2012-12-14,69.194496
2012-12-15,90.826004
2012-12-16,93.02937
2012-12-17,95.16
2012-12-18,92.84714
2012-12-19,92.950836
2012-12-20,90.7685
2012-12-21,93.71769
2012-12-22,90.0785
2012-12-23,89.30631
2012-12-24,81.5185
2012-12-25,73.562
2012-12-26,81.61
2012-12-27,87.4285
2012-12-28,85.901
2012-12-29,72.6775
2012-12-30,75.195
2012-12-31,87.6955
2013-01-01,94.71
2013-01-02,94.521996
2013-01-03,84.049995
2013-01-04,77.7465
2013-01-05,80.168495
2013-01-06,78.6865
2013-01-07,80.7685
2013-01-08,83.519
2013-01-09,93.58
2013-01-10,93.93429
2013-01-11,85.715
2013-01-12,67.779
2013-01-13,86.038
2013-01-14,92.06
2013-01-15,
2013-01-16,94.40875
2013-01-17,92.5125
2013-01-18,92.94
2013-01-19,86.6575
2013-01-20,89.9215
2013-01-21,83.2105
2013-01-22,90.1685
2013-01-23,91.4265
2013-01-24,89.1035
2013-01-25,82.2265
2013-01-26,80.348
2013-01-27,85.3175
2013-01-28,89.3505
2013-01-29,85.503
2013-01-30,62.7975
2013-01-31,62.436
2013-02-01,64.9995
2013-02-02,81.2185
2013-02-03,86.897
2013-02-04,74.187996
2013-02-05,63.809
2013-02-06,86.034
2013-02-07,75.1995
2013-02-08,70.6485
2013-02-09,81.362495
2013-02-10,91.346
2013-02-11,84.5175
2013-02-12,85.1735
2013-02-13,92.865
2013-02-14,93.47467
2013-02-15,
2013-02-16,85.57
2013-02-17,82.5815
2013-02-18,82.649
2013-02-19,80.005
2013-02-20,77.981995
2013-02-21,78.8845
2013-02-22,88.914
2013-02-23,93.50222
2013-02-24,90.988
2013-02-25,93.555
2013-02-26,94.14778
2013-02-27,93.6975
2013-02-28,93.3125
2013-03-01,88.674
2013-03-02,67.554
2013-03-03,62.135498
2013-03-04,62.721497
2013-03-05,53.132
2013-03-06,67.776
2013-03-07,75.0
2013-03-08,78.8955
2013-03-09,84.976
2013-03-10,90.802
2013-03-11,89.1025
2013-03-12,86.289
2013-03-13,87.602
2013-03-14,93.678
2013-03-15,78.229996
2013-03-16,64.298
2013-03-17,65.246
2013-03-18,82.6995
2013-03-19,76.215996
2013-03-20,61.256
2013-03-21,78.3185
2013-03-22,59.616
2013-03-23,71.2275
2013-03-24,76.092995
2013-03-25,80.8365
2013-03-26,91.1165
2013-03-27,84.0515
2013-03-28,81.0515
2013-03-29,91.1535
2013-03-30,95.16
2013-03-31,90.804
2013-04-01,70.3845
2013-04-02,90.4565
2013-04-03,93.75706
2013-04-04,76.583
2013-04-05,92.249
2013-04-06,83.8245
2013-04-07,75.008995
2013-04-08,69.9825
2013-04-09,87.2795
2013-04-10,77.0415
2013-04-11,67.215996
2013-04-12,62.897
2013-04-13,73.833
2013-04-14,50.515
2013-04-15,51.4475
2013-04-16,50.3215
2013-04-17,47.588497
2013-04-18,46.1465
2013-04-19,42.357998
2013-04-20,50.7095
2013-04-21,54.902
2013-04-22,63.4925
2013-04-23,63.487
2013-04-24,53.567997
2013-04-25,45.406498
2013-04-26,46.352997
2013-04-27,50.4435
2013-04-28,59.739
2013-04-29,56.2515
2013-04-30,53.1905
2013-05-01,52.8125
2013-05-02,59.3135
2013-05-03,70.701
2013-05-04,70.325
2013-05-05,67.8785
2013-05-06,77.5815
2013-05-07,83.1615
2013-05-08,75.4025
2013-05-09,60.4675
2013-05-10,61.5335
2013-05-11,92.39105
2013-05-12,83.692
2013-05-13,55.954998
2013-05-14,66.9245
2013-05-15,66.7485
2013-05-16,69.1225
2013-05-17,83.573
2013-05-18,64.686
2013-05-19,61.3815
2013-05-20,54.5715
2013-05-21,57.181
2013-05-22,87.8135
2013-05-23,61.344997
2013-05-24,69.2915
2013-05-25,81.063995
2013-05-26,93.492
2013-05-27,87.973
2013-05-28,78.9265
2013-05-29,65.6385
2013-05-30,93.868126
2013-05-31,86.6025
2013-06-01,88.5685
2013-06-02,82.9945
2013-06-03,74.9785
2013-06-04,93.875
2013-06-05,89.883156
2013-06-06,87.4725
2013-06-07,81.163994
2013-06-08,79.2015
2013-06-09,70.9295
2013-06-10,83.1925
2013-06-11,83.5055
2013-06-12,70.526
2013-06-13,64.3025
2013-06-14,63.6345
2013-06-15,73.439
2013-06-16,59.899498
2013-06-17,62.468
2013-06-18,58.503498
2013-06-19,58.2325
2013-06-20,61.732
2013-06-21,58.969997
2013-06-22,55.399498
2013-06-23,72.704
2013-06-24,87.6335
2013-06-25,78.399
2013-06-26,65.522
2013-06-27,67.082
2013-06-28,63.7495
2013-06-29,59.367
2013-06-30,58.954998
2013-07-01,54.2865
2013-07-02,56.509
2013-07-03,55.887497
2013-07-04,48.7215
2013-07-05,58.976997
2013-07-06,73.819
2013-07-07,77.494995
2013-07-08,64.315
2013-07-09,59.956
2013-07-10,67.54
2013-07-11,66.5405
2013-07-12,56.5795
2013-07-13,58.964
2013-07-14,57.440998
2013-07-15,66.549995
2013-07-16,59.1885
2013-07-17,56.11
2013-07-18,55.61
2013-07-19,54.510998
2013-07-20,53.7785
2013-07-21,48.156498
2013-07-22,51.2655
2013-07-23,51.143497
2013-07-24,46.9875
2013-07-25,58.2805
2013-07-26,59.336
2013-07-27,57.689
2013-07-28,45.766
2013-07-29,40.656998
2013-07-30,61.689
2013-07-31,51.6945
2013-08-01,50.94
2013-08-02,49.787
2013-08-03,49.235
2013-08-04,47.4435
2013-08-05,51.9585
2013-08-06,46.8365
2013-08-07,38.308
2013-08-08,38.222496
2013-08-09,40.289497
2013-08-10,66.86
2013-08-11,46.2875
2013-08-12,43.093
2013-08-13,41.875
2013-08-14,55.8
2013-08-15,42.1055
2013-08-16,36.9185
2013-08-17,35.792
2013-08-18,38.796997
2013-08-19,42.2525
2013-08-20,62.687
2013-08-21,71.946
2013-08-22,56.1825
2013-08-23,51.523
2013-08-24,70.577995
2013-08-25,89.116
2013-08-26,89.7705
2013-08-27,83.624
2013-08-28,88.53
2013-08-29,74.2385
2013-08-30,74.6595
2013-08-31,56.776997
2013-09-01,64.347496
2013-09-02,57.6325
2013-09-03,68.5395
2013-09-04,69.5475
2013-09-05,54.749
2013-09-06,49.888496
2013-09-07,47.490997
2013-09-08,36.4965
2013-09-09,70.131996
2013-09-10,78.1185
2013-09-11,85.798
2013-09-12,93.58055
2013-09-13,73.833496
2013-09-14,69.575
2013-09-15,68.726
2013-09-16,70.932495
2013-09-17,90.430504
2013-09-18,74.071495
2013-09-19,71.8765
2013-09-20,65.062
2013-09-21,68.5055
2013-09-22,68.229
2013-09-23,69.784
2013-09-24,65.493
2013-09-25,77.878494
2013-09-26,68.6305
2013-09-27,80.048996
2013-09-28,86.659
2013-09-29,94.64445
2013-09-30,94.69
2013-10-01,84.3015
2013-10-02,74.645996
2013-10-03,57.347
2013-10-04,57.6805
2013-10-05,61.4155
2013-10-06,68.014496
2013-10-07,57.125
2013-10-08,59.788498
2013-10-09,92.164
2013-10-10,93.27177
2013-10-11,79.611496
2013-10-12,80.2975
2013-10-13,88.5645
2013-10-14,86.177
2013-10-15,80.7145
2013-10-16,87.3655
2013-10-17,77.1325
2013-10-18,70.1245
2013-10-19,70.882996
2013-10-20,70.393
2013-10-21,74.113
2013-10-22,83.835495
2013-10-23,74.7605
2013-10-24,71.548
2013-10-25,73.7845
2013-10-26,75.631996
2013-10-27,76.892
2013-10-28,73.081
2013-10-29,71.0915
2013-10-30,68.082
2013-10-31,63.6205
2013-11-01,77.336
2013-11-02,85.500496
2013-11-03,78.5305
2013-11-04,93.919334
2013-11-05,89.7415
2013-11-06,85.2245
2013-11-07,73.894
2013-11-08,81.223
2013-11-09,77.395996
2013-11-10,94.22857
2013-11-11,91.7835
2013-11-12,85.3645
2013-11-13,92.44211
2013-11-14,84.365
2013-11-15,84.913
2013-11-16,82.8955
2013-11-17,89.4905
2013-11-18,92.9447
2013-11-19,86.793
2013-11-20,92.3665
2013-11-21,
2013-11-22,94.47
2013-11-23,91.123
2013-11-24,
2013-11-25,84.173996
2013-11-26,82.264
2013-11-27,73.391
2013-11-28,79.948
2013-11-29,75.1695
2013-11-30,73.883995
2013-12-01,74.414
2013-12-02,79.672
2013-12-03,68.873
2013-12-04,94.295
2013-12-05,90.341
2013-12-06,81.1245
2013-12-07,70.9775
2013-12-08,71.059
2013-12-09,75.854
2013-12-10,72.2605
2013-12-11,69.3445
2013-12-12,67.1645
2013-12-13,80.054
2013-12-14,
2013-12-15,94.7
2013-12-16,
2013-12-17,
2013-12-18,
2013-12-19,
2013-12-20,94.317696
2013-12-21,85.6975
2013-12-22,91.4145
2013-12-23,81.934
2013-12-24,83.988
2013-12-25,70.7065
2013-12-26,78.5965
2013-12-27,86.7845
2013-12-28,94.05
2013-12-29,85.6025
2013-12-30,76.1575
2013-12-31,91.198
2014-01-01,88.965004
2014-01-02,93.942856
2014-01-03,89.261
2014-01-04,86.252
2014-01-05,78.194496
2014-01-06,86.767
2014-01-07,
2014-01-08,
2014-01-09,
2014-01-10,86.302
2014-01-11,85.296
2014-01-12,70.451996
2014-01-13,72.195496
2014-01-14,78.89
2014-01-15,88.302
2014-01-16,86.4745
2014-01-17,73.04
2014-01-18,75.0075
2014-01-19,74.565
2014-01-20,86.94
2014-01-21,92.421875
2014-01-22,83.6595
2014-01-23,83.4085
2014-01-24,94.55333
2014-01-25,80.0785
2014-01-26,77.249
2014-01-27,87.185
2014-01-28,87.6305
2014-01-29,90.691
2014-01-30,87.032
2014-01-31,82.8115
2014-02-01,85.029
2014-02-02,88.57
2014-02-03,83.9735
2014-02-04,86.393
2014-02-05,84.0495
2014-02-06,94.60167
2014-02-07,
2014-02-08,93.54667
2014-02-09,76.691
2014-02-10,81.6345
2014-02-11,86.583
2014-02-12,91.248
2014-02-13,75.2625
2014-02-14,76.895996
2014-02-15,77.2265
2014-02-16,62.067
2014-02-17,88.54
2014-02-18,93.9
2014-02-19,90.4305
2014-02-20,87.203
2014-02-21,94.7
2014-02-22,94.386665
2014-02-23,93.169334
2014-02-24,80.2725
2014-02-25,91.0525
2014-02-26,79.0635
2014-02-27,76.6455
2014-02-28,84.9
2014-03-01,73.9435
2014-03-02,81.537994
2014-03-03,93.32706
2014-03-04,81.741
2014-03-05,82.067
2014-03-06,82.349495
2014-03-07,85.158
2014-03-08,79.890495
2014-03-09,64.5865
2014-03-10,64.2045
2014-03-11,47.218
2014-03-12,44.673
2014-03-13,41.6205
2014-03-14,44.885
2014-03-15,53.585
2014-03-16,53.4175
2014-03-17,51.203
2014-03-18,60.078
2014-03-19,63.431
2014-03-20,64.2285
2014-03-21,55.3625
2014-03-22,51.34
2014-03-23,60.5645
2014-03-24,83.7355
2014-03-25,66.1885
2014-03-26,56.5785
2014-03-27,61.812
2014-03-28,61.830498
2014-03-29,52.335
2014-03-30,48.879498
2014-03-31,50.4095
2014-04-01,48.9815
2014-04-02,50.214996
2014-04-03,57.0985
2014-04-04,50.352
2014-04-05,66.151
2014-04-06,78.6195
2014-04-07,65.345
2014-04-08,60.566498
2014-04-09,60.328
2014-04-10,74.122
2014-04-11,69.279495
2014-04-12,62.565
2014-04-13,62.9255
2014-04-14,68.127
2014-04-15,67.1525
2014-04-16,75.812996
2014-04-17,81.868
2014-04-18,66.8365
2014-04-19,68.69
2014-04-20,83.698
2014-04-21,71.093
2014-04-22,80.1835
2014-04-23,87.3945
2014-04-24,89.9135
2014-04-25,91.148
2014-04-26,72.779
2014-04-27,61.912
2014-04-28,69.048996
2014-04-29,82.118
2014-04-30,84.398
2014-05-01,73.0505
2014-05-02,80.003
2014-05-03,89.427
2014-05-04,82.609
2014-05-05,62.843
2014-05-06,65.1765
2014-05-07,60.4665
2014-05-08,78.7335
2014-05-09,61.392
2014-05-10,58.7855
2014-05-11,73.547
2014-05-12,78.1175
2014-05-13,90.418
2014-05-14,89.4105
2014-05-15,94.394615
2014-05-16,
2014-05-17,94.41
2014-05-18,82.2255
2014-05-19,68.2635
2014-05-20,64.3505
2014-05-21,65.256996
2014-05-22,61.75
2014-05-23,62.1165
2014-05-24,70.792
2014-05-25,75.7895
2014-05-26,75.3715
2014-05-27,74.84
2014-05-28,72.4065
2014-05-29,73.0685
2014-05-30,68.784996
2014-05-31,72.8195
2014-06-01,81.1325
2014-06-02,65.3815
2014-06-03,60.7975
2014-06-04,63.3985
2014-06-05,57.539997
2014-06-06,62.2925
2014-06-07,54.427498
2014-06-08,51.8425
2014-06-09,51.025497
2014-06-10,48.785
2014-06-11,57.869
2014-06-12,59.514
2014-06-13,72.3325
2014-06-14,62.238
2014-06-15,53.0505
2014-06-16,67.833496
2014-06-17,91.4345
2014-06-18,63.917
2014-06-19,42.816998
2014-06-20,62.828
2014-06-21,59.4365
2014-06-22,54.097
2014-06-23,65.4635
2014-06-24,85.17
2014-06-25,
2014-06-26,67.907
2014-06-27,58.603
2014-06-28,55.976997
2014-06-29,56.63
2014-06-30,87.7255
2014-07-01,63.5995
2014-07-02,57.4875
2014-07-03,65.955
2014-07-04,56.0555
2014-07-05,53.295998
2014-07-06,61.264
2014-07-07,59.622997
2014-07-08,73.637
2014-07-09,87.7375
2014-07-10,77.748
2014-07-11,93.402
2014-07-12,69.792
2014-07-13,77.9835
2014-07-14,75.3965
2014-07-15,76.0775
2014-07-16,60.609
2014-07-17,65.9775
2014-07-18,70.35
2014-07-19,64.9595
2014-07-20,61.207
2014-07-21,61.6965
2014-07-22,83.712
2014-07-23,89.3415
2014-07-24,73.729
2014-07-25,67.6335
2014-07-26,64.753
2014-07-27,77.071
2014-07-28,86.534
2014-07-29,81.9275
2014-07-30,78.451996
2014-07-31,82.4255
2014-08-01,74.9635
2014-08-02,68.4785
2014-08-03,80.8975
2014-08-04,74.813995
2014-08-05,78.147995
2014-08-06,90.903
2014-08-07,87.319496
2014-08-08,71.875496
2014-08-09,67.996
2014-08-10,73.236
2014-08-11,70.772995
2014-08-12,61.309498
2014-08-13,64.76
2014-08-14,79.0235
2014-08-15,76.659
2014-08-16,66.4425
2014-08-17,62.6895
2014-08-18,60.303497
2014-08-19,57.2495
2014-08-20,68.123
2014-08-21,82.5085
2014-08-22,74.6925
2014-08-23,79.508995
2014-08-24,66.965
2014-08-25,57.808
2014-08-26,67.071495
2014-08-27,88.2315
2014-08-28,68.784
2014-08-29,62.591
2014-08-30,60.878
2014-08-31,69.1805
2014-09-01,93.608
2014-09-02,91.451
2014-09-03,89.5125
2014-09-04,79.6895
2014-09-05,83.935
2014-09-06,83.301
2014-09-07,79.996994
2014-09-08,75.139
2014-09-09,74.7945
2014-09-10,93.1315
2014-09-11,94.167
2014-09-12,88.5805
2014-09-13,84.877
2014-09-14,92.0205
2014-09-15,87.2235
2014-09-16,80.3785
2014-09-17,71.618
2014-09-18,68.619995
2014-09-19,76.1715
2014-09-20,81.515
2014-09-21,80.778496
2014-09-22,83.182
2014-09-23,71.333496
2014-09-24,69.8175
2014-09-25,76.679
2014-09-26,82.8925
2014-09-27,85.425
2014-09-28,80.7165
2014-09-29,73.188
2014-09-30,78.416
2014-10-01,80.6015
2014-10-02,82.723
2014-10-03,87.4085
2014-10-04,84.451
2014-10-05,73.165
2014-10-06,71.245
2014-10-07,82.4155
2014-10-08,81.244995
2014-10-09,78.069496
2014-10-10,72.78
2014-10-11,76.805
2014-10-12,80.034
2014-10-13,73.905
2014-10-14,70.994995
2014-10-15,92.575264
2014-10-16,93.67611
2014-10-17,84.3455
2014-10-18,78.7745
2014-10-19,79.425995
2014-10-20,80.185
2014-10-21,85.608
2014-10-22,91.8815
2014-10-23,91.99526
2014-10-24,94.09071
2014-10-25,91.692
2014-10-26,84.783
2014-10-27,82.7325
2014-10-28,86.4195
2014-10-29,79.8135
2014-10-30,78.625496
2014-10-31,85.8445
2014-11-01,90.2855
2014-11-02,90.9955
2014-11-03,86.04
2014-11-04,73.316
2014-11-05,67.8645
2014-11-06,72.888
2014-11-07,78.9835
2014-11-08,83.554
2014-11-09,90.552
2014-11-10,91.23684
2014-11-11,86.744
2014-11-12,86.833
2014-11-13,87.8585
2014-11-14,90.9975
2014-11-15,93.53445
2014-11-16,94.6725
2014-11-17,94.24
2014-11-18,91.2665
2014-11-19,89.373
2014-11-20,80.72
2014-11-21,84.4075
2014-11-22,82.1305
2014-11-23,76.321495
2014-11-24,78.811
2014-11-25,84.467
2014-11-26,87.0295
2014-11-27,86.3225
2014-11-28,93.228
2014-11-29,95.16
2014-11-30,
2014-12-01,93.24
2014-12-02,93.75
2014-12-03,85.5855
2014-12-04,84.748
2014-12-05,93.168236
2014-12-06,94.08
2014-12-07,
2014-12-08,90.847
2014-12-09,88.294
2014-12-10,81.5305
2014-12-11,78.728
2014-12-12,86.771
2014-12-13,78.6605
2014-12-14,70.731
2014-12-15,79.2555
2014-12-16,85.291
2014-12-17,89.022
2014-12-18,90.25
2014-12-19,70.7685
2014-12-20,75.5015
2014-12-21,62.9795
2014-12-22,60.43
2014-12-23,62.497498
2014-12-24,75.514496
2014-12-25,77.231995
2014-12-26,62.943
2014-12-27,69.537994
2014-12-28,89.645
2014-12-29,75.2715
2014-12-30,77.8875
2014-12-31,69.849
2015-01-01,80.028496
2015-01-02,90.69211
2015-01-03,77.7115
2015-01-04,69.9545
2015-01-05,81.768
2015-01-06,69.3675
2015-01-07,68.084
2015-01-08,74.82
2015-01-09,79.94
2015-01-10,70.522995
2015-01-11,79.837
2015-01-12,77.778496
2015-01-13,57.022
2015-01-14,64.934
2015-01-15,80.461
2015-01-16,75.3965
2015-01-17,69.9395
2015-01-18,93.19
2015-01-19,95.16
2015-01-20,93.723335
2015-01-21,94.71
2015-01-22,94.935
2015-01-23,94.606
2015-01-24,92.828125
2015-01-25,90.09
2015-01-26,85.356
2015-01-27,90.6535
2015-01-28,86.4635
2015-01-29,94.171875
2015-01-30,88.2575
2015-01-31,82.9935
2015-02-01,84.264496
2015-02-02,90.881
2015-02-03,79.7195
2015-02-04,82.3995
2015-02-05,84.7155
2015-02-06,89.4465
2015-02-07,80.9295
2015-02-08,72.5815
2015-02-09,81.7015
2015-02-10,88.736496
2015-02-11,84.9145
2015-02-12,81.826996
2015-02-13,70.3095
2015-02-14,79.687996
2015-02-15,81.043
2015-02-16,67.3715
2015-02-17,79.959
2015-02-18,65.9125
2015-02-19,72.1895
2015-02-20,59.846
2015-02-21,60.8575
2015-02-22,79.009995
2015-02-23,95.16
2015-02-24,94.514
2015-02-25,87.3555
2015-02-26,86.5115
2015-02-27,87.291504
2015-02-28,90.5055
2015-03-01,87.639
2015-03-02,75.938995
2015-03-03,50.482998
2015-03-04,54.9415
2015-03-05,56.957497
2015-03-06,57.2185
2015-03-07,55.443
2015-03-08,66.284
2015-03-09,61.229
2015-03-10,56.1725
2015-03-11,66.9255
2015-03-12,87.892
2015-03-13,88.1155
2015-03-14,84.468
2015-03-15,83.9065
2015-03-16,76.2935
2015-03-17,61.385498
2015-03-18,59.475
2015-03-19,44.871998
2015-03-20,53.8745
2015-03-21,46.8475
2015-03-22,56.261997
2015-03-23,57.4805
2015-03-24,65.5235
2015-03-25,71.002
2015-03-26,61.969498
2015-03-27,72.034
2015-03-28,55.7735
2015-03-29,60.125
2015-03-30,62.175
2015-03-31,59.2715
2015-04-01,49.747498
2015-04-02,55.025997
2015-04-03,49.8525
2015-04-04,54.484
2015-04-05,52.274498
2015-04-06,49.970997
2015-04-07,49.5885
2015-04-08,74.6905
2015-04-09,62.077
2015-04-10,46.949997
2015-04-11,46.2935
2015-04-12,50.8845
2015-04-13,50.093
2015-04-14,42.329
2015-04-15,49.093
2015-04-16,41.0335
2015-04-17,59.3905
2015-04-18,67.5705
2015-04-19,53.032997
2015-04-20,50.507
2015-04-21,44.068497
2015-04-22,42.043
2015-04-23,37.6125
2015-04-24,50.377
2015-04-25,61.0445
2015-04-26,56.613
2015-04-27,57.0705
2015-04-28,62.6515
2015-04-29,49.4515
2015-04-30,57.747498
2015-05-01,67.742
2015-05-02,78.957
2015-05-03,74.708
2015-05-04,68.3695
2015-05-05,62.843
2015-05-06,67.679
2015-05-07,57.308
2015-05-08,51.080997
2015-05-09,49.071
2015-05-10,51.905
2015-05-11,54.844498
2015-05-12,53.080498
2015-05-13,60.0615
2015-05-14,78.444496
2015-05-15,82.9975
2015-05-16,81.462
2015-05-17,69.1845
2015-05-18,58.716
2015-05-19,53.016
2015-05-20,58.776497
2015-05-21,91.94158
2015-05-22,93.47312
2015-05-23,84.958496
2015-05-24,79.872
2015-05-25,94.44
2015-05-26,92.844734
2015-05-27,69.3735
2015-05-28,64.318
2015-05-29,62.631
2015-05-30,58.241497
2015-05-31,69.67
2015-06-01,64.308
2015-06-02,58.170498
2015-06-03,53.702
2015-06-04,60.209
2015-06-05,55.957
2015-06-06,56.629997
2015-06-07,53.886497
2015-06-08,51.921997
2015-06-09,71.4765
2015-06-10,65.589
2015-06-11,61.628
2015-06-12,60.609997
2015-06-13,54.1695
2015-06-14,55.525497
2015-06-15,61.6485
2015-06-16,66.459496
2015-06-17,59.107998
2015-06-18,53.016
2015-06-19,71.1555
2015-06-20,68.3925
2015-06-21,59.275497
2015-06-22,52.057
2015-06-23,68.021996
2015-06-24,84.044
2015-06-25,61.267498
2015-06-26,60.509
2015-06-27,60.255997
2015-06-28,77.113
2015-06-29,63.697
2015-06-30,55.182
2015-07-01,51.934998
2015-07-02,51.970497
2015-07-03,44.712997
2015-07-04,46.5335
2015-07-05,49.409
2015-07-06,50.602497
2015-07-07,54.358997
2015-07-08,56.739
2015-07-09,80.461
2015-07-10,51.713497
2015-07-11,51.977497
2015-07-12,52.779
2015-07-13,69.071495
2015-07-14,60.9365
2015-07-15,58.0295
2015-07-16,52.2665
2015-07-17,54.4475
2015-07-18,70.4835
2015-07-19,63.845
2015-07-20,56.0545
2015-07-21,52.482998
2015-07-22,47.608997
2015-07-23,58.473
2015-07-24,63.8555
2015-07-25,56.714996
2015-07-26,58.156498
2015-07-27,83.3385
2015-07-28,73.1485
2015-07-29,66.2445
2015-07-30,75.115
2015-07-31,69.332
2015-08-01,55.055
2015-08-02,68.2775
2015-08-03,74.429
2015-08-04,66.494
2015-08-05,58.330997
2015-08-06,59.757
2015-08-07,53.299
2015-08-08,45.153
2015-08-09,42.435997
2015-08-10,40.8745
2015-08-11,37.754498
2015-08-12,34.749496
2015-08-13,39.885
2015-08-14,42.4045
2015-08-15,45.115498
2015-08-16,64.2055
2015-08-17,91.7315
2015-08-18,71.966995
2015-08-19,70.458
2015-08-20,88.4995
2015-08-21,70.7465
2015-08-22,89.6615
2015-08-23,77.106995
2015-08-24,63.933
2015-08-25,73.301
2015-08-26,74.943
2015-08-27,74.543
2015-08-28,63.031498
2015-08-29,56.6945
2015-08-30,51.381
2015-08-31,49.975998
2015-09-01,43.913498
2015-09-02,52.1075
2015-09-03,60.8055
2015-09-04,65.0615
2015-09-05,91.99526
2015-09-06,73.1525
2015-09-07,58.421497
2015-09-08,60.2875
2015-09-09,57.569
2015-09-10,79.95
2015-09-11,92.542496
2015-09-12,75.344
2015-09-13,65.453
2015-09-14,61.337498
2015-09-15,63.53
2015-09-16,65.6285
2015-09-17,51.553497
2015-09-18,51.0275
2015-09-19,59.006
2015-09-20,72.7025
2015-09-21,59.475998
2015-09-22,60.358498
2015-09-23,64.7055
2015-09-24,73.631
2015-09-25,93.6525
2015-09-26,92.3415
2015-09-27,83.7065
2015-09-28,72.785995
2015-09-29,75.1595
2015-09-30,60.9165
2015-10-01,63.184498
2015-10-02,59.28
2015-10-03,74.431
2015-10-04,75.4395
2015-10-05,83.341995
2015-10-06,83.5615
2015-10-07,86.1805
2015-10-08,90.423996
2015-10-09,86.653
2015-10-10,90.0755
2015-10-11,93.46438
2015-10-12,78.681
2015-10-13,85.096
2015-10-14,94.57285
2015-10-15,93.74
2015-10-16,93.543335
2015-10-17,92.57667
2015-10-18,92.52263
2015-10-19,93.36667
2015-10-20,89.2675
2015-10-21,86.531
2015-10-22,83.034
2015-10-23,87.028
2015-10-24,81.1995
2015-10-25,81.714
2015-10-26,84.016
2015-10-27,79.22
2015-10-28,93.04611
2015-10-29,78.576
2015-10-30,70.1435
2015-10-31,71.194
2015-11-01,53.607
2015-11-02,67.205
2015-11-03,74.073
2015-11-04,70.942
2015-11-05,76.3385
2015-11-06,80.837
2015-11-07,77.266
2015-11-08,70.095
2015-11-09,71.3395
2015-11-10,71.949
2015-11-11,70.203995
2015-11-12,72.2955
2015-11-13,78.784
2015-11-14,66.042496
2015-11-15,64.318
2015-11-16,63.4755
2015-11-17,55.8635
2015-11-18,68.15
2015-11-19,76.419495
2015-11-20,69.544
2015-11-21,83.9415
2015-11-22,87.144
2015-11-23,68.3305
2015-11-24,70.148
2015-11-25,79.3885
2015-11-26,76.1345
2015-11-27,87.3965
2015-11-28,92.88333
2015-11-29,71.921
2015-11-30,62.6125
2015-12-01,71.833
2015-12-02,82.1785
2015-12-03,82.437
2015-12-04,89.3645
2015-12-05,94.634285
2015-12-06,
2015-12-07,
2015-12-08,94.71
2015-12-09,93.695625
2015-12-10,92.067
2015-12-11,93.456665
2015-12-12,92.79722
2015-12-13,90.938
2015-12-14,91.28
2015-12-15,
2015-12-16,94.71
2015-12-17,93.33546
2015-12-18,94.5925
2015-12-19,93.43786
2015-12-20,
2015-12-21,93.70333
2015-12-22,88.715004
2015-12-23,79.197
2015-12-24,87.7095
2015-12-25,93.36
2015-12-26,91.93611
2015-12-27,93.48583
2015-12-28,94.850006
2015-12-29,94.412
2015-12-30,65.7105
2015-12-31,78.140495
2016-01-01,86.5325
2016-01-02,88.8295
2016-01-03,76.025
2016-01-04,85.6095
2016-01-05,88.6925
2016-01-06,94.634285
2016-01-07,94.24
2016-01-08,92.536316
2016-01-09,92.403336
2016-01-10,93.20583
2016-01-11,71.4685
2016-01-12,85.355
2016-01-13,81.469
2016-01-14,74.8325
2016-01-15,84.483
2016-01-16,81.996
2016-01-17,69.9895
2016-01-18,66.266
2016-01-19,72.941
2016-01-20,66.7735
2016-01-21,63.407997
2016-01-22,65.52
2016-01-23,72.246
2016-01-24,84.7185
2016-01-25,90.117
2016-01-26,77.485
2016-01-27,82.03
2016-01-28,70.8845
2016-01-29,84.0275
2016-01-30,83.274
2016-01-31,83.1105
2016-02-01,90.246
2016-02-02,77.6995
2016-02-03,86.5645
2016-02-04,69.739
2016-02-05,71.0355
2016-02-06,69.374
2016-02-07,78.4215
2016-02-08,67.066
2016-02-09,62.0895
2016-02-10,81.958
2016-02-11,66.6075
2016-02-12,74.1615
2016-02-13,91.26
2016-02-14,83.147
2016-02-15,91.6115
2016-02-16,91.0615
2016-02-17,92.335
2016-02-18,92.2515
2016-02-19,89.860504
2016-02-20,68.804
2016-02-21,62.1555
2016-02-22,65.177
2016-02-23,73.9465
2016-02-24,64.289
2016-02-25,79.912994
2016-02-26,60.368
2016-02-27,76.2265
2016-02-28,85.059
2016-02-29,85.8285
2016-03-01,77.43
2016-03-02,71.264
2016-03-03,78.350494
2016-03-04,87.5825
2016-03-05,76.0485
2016-03-06,83.222
2016-03-07,93.484375
2016-03-08,81.606
2016-03-09,70.7005
2016-03-10,80.6705
2016-03-11,79.766
2016-03-12,74.8965
2016-03-13,71.541
2016-03-14,57.1955
2016-03-15,84.354004
2016-03-16,72.049995
2016-03-17,63.919
2016-03-18,58.435997
2016-03-19,57.186
2016-03-20,58.734497
2016-03-21,62.246
2016-03-22,65.723
2016-03-23,78.8035
2016-03-24,62.185
2016-03-25,53.7515
2016-03-26,78.443
2016-03-27,70.8085
2016-03-28,76.228
2016-03-29,66.389
2016-03-30,65.6615
2016-03-31,54.385
2016-04-01,52.184
2016-04-02,45.378498
2016-04-03,48.8505
2016-04-04,50.7175
2016-04-05,41.830997
2016-04-06,52.8335
2016-04-07,56.968
2016-04-08,76.8455
2016-04-09,86.037
2016-04-10,74.6765
2016-04-11,68.847496
2016-04-12,53.835
2016-04-13,54.7135
2016-04-14,61.957
2016-04-15,60.735
2016-04-16,41.852997
2016-04-17,46.619
2016-04-18,57.0765
2016-04-19,73.4605
2016-04-20,46.8505
2016-04-21,46.069
2016-04-22,49.3425
2016-04-23,57.553997
2016-04-24,67.736
2016-04-25,57.006
2016-04-26,51.0195
2016-04-27,71.332
2016-04-28,78.397995
2016-04-29,81.464
2016-04-30,74.228
2016-05-01,86.145996
2016-05-02,87.7815
2016-05-03,79.154
2016-05-04,82.375
2016-05-05,73.3505
2016-05-06,66.738
2016-05-07,66.073
2016-05-08,64.524
2016-05-09,58.1205
2016-05-10,86.4145
2016-05-11,87.601
2016-05-12,93.955
2016-05-13,71.2745
2016-05-14,87.7225
2016-05-15,85.517
2016-05-16,63.6395
2016-05-17,63.5785
2016-05-18,64.2255
2016-05-19,61.208
2016-05-20,59.422497
2016-05-21,59.848
2016-05-22,51.059
2016-05-23,54.387
2016-05-24,78.104996
2016-05-25,68.0885
2016-05-26,64.434
2016-05-27,61.995
2016-05-28,53.158497
2016-05-29,58.650997
2016-05-30,65.1455
2016-05-31,53.0745
2016-06-01,66.695496
2016-06-02,81.5365
2016-06-03,75.3885
2016-06-04,76.3705
2016-06-05,83.392
2016-06-06,80.3425
2016-06-07,51.645
2016-06-08,53.568
2016-06-09,52.7995
2016-06-10,70.904495
2016-06-11,73.595
2016-06-12,87.125
2016-06-13,88.562
2016-06-14,69.7485
2016-06-15,77.8815
2016-06-16,63.1405
2016-06-17,52.2725
2016-06-18,57.4485
2016-06-19,75.698
2016-06-20,77.749
2016-06-21,70.855995
2016-06-22,62.859
2016-06-23,57.1125
2016-06-24,60.4535
2016-06-25,63.227
2016-06-26,69.0785
2016-06-27,86.38
2016-06-28,66.209
2016-06-29,59.9335
2016-06-30,59.892998
2016-07-01,61.9445
2016-07-02,60.963497
2016-07-03,62.920498
2016-07-04,52.122498
2016-07-05,50.0555
2016-07-06,55.745
2016-07-07,49.3255
2016-07-08,51.348
2016-07-09,52.868
2016-07-10,54.9965
2016-07-11,51.658
2016-07-12,51.7035
2016-07-13,65.835
2016-07-14,78.3555
2016-07-15,66.4685
2016-07-16,92.3925
2016-07-17,84.214
2016-07-18,67.2685
2016-07-19,63.5275
2016-07-20,65.8905
2016-07-21,63.2565
2016-07-22,65.226
2016-07-23,66.6065
2016-07-24,75.26
2016-07-25,84.191
2016-07-26,82.2605
2016-07-27,74.7865
2016-07-28,87.0275
2016-07-29,73.0315
2016-07-30,67.7065
2016-07-31,64.0755
2016-08-01,69.647995
2016-08-02,59.64
2016-08-03,62.103
2016-08-04,66.5935
2016-08-05,66.909
2016-08-06,75.5775
2016-08-07,57.6325
2016-08-08,58.0495
2016-08-09,62.475
2016-08-10,76.778496
2016-08-11,83.582504
2016-08-12,59.054497
2016-08-13,69.933
2016-08-14,68.5535
2016-08-15,66.662
2016-08-16,71.0615
2016-08-17,88.772
2016-08-18,74.6705
2016-08-19,80.517
2016-08-20,75.242
2016-08-21,78.32
2016-08-22,90.6135
2016-08-23,72.159
2016-08-24,64.8485
2016-08-25,59.593998
2016-08-26,59.619
2016-08-27,61.413498
2016-08-28,57.221497
2016-08-29,57.039
2016-08-30,61.517
2016-08-31,53.3665
2016-09-01,55.2185
2016-09-02,59.392998
2016-09-03,60.9245
2016-09-04,57.6305
2016-09-05,87.605
2016-09-06,79.7155
2016-09-07,71.817
2016-09-08,57.879498
2016-09-09,54.594498
2016-09-10,54.573498
2016-09-11,55.0975
2016-09-12,65.8515
2016-09-13,71.08
2016-09-14,77.3455
2016-09-15,70.569
2016-09-16,66.493
2016-09-17,69.6525
2016-09-18,73.906
2016-09-19,90.0515
2016-09-20,74.8585
2016-09-21,68.1625
2016-09-22,71.0455
2016-09-23,64.142
2016-09-24,65.009
2016-09-25,69.320496
2016-09-26,59.0495
2016-09-27,56.5295
2016-09-28,58.254498
2016-09-29,62.1735
2016-09-30,63.9955
2016-10-01,65.437996
2016-10-02,80.42
2016-10-03,86.026
2016-10-04,87.996
2016-10-05,69.8805
2016-10-06,71.077995
2016-10-07,82.868
2016-10-08,80.485
2016-10-09,71.991
2016-10-10,79.2915
2016-10-11,91.2575
2016-10-12,89.8775
2016-10-13,76.771996
2016-10-14,72.1195
2016-10-15,86.3675
2016-10-16,90.89
2016-10-17,92.73789
2016-10-18,81.986496
2016-10-19,89.8475
2016-10-20,91.905
2016-10-21,94.743004
2016-10-22,82.9855
2016-10-23,94.625
2016-10-24,85.75
2016-10-25,80.392
2016-10-26,83.5875
2016-10-27,74.861496
2016-10-28,75.153496
2016-10-29,75.956
2016-10-30,65.7285
2016-10-31,69.003
2016-11-01,71.182
2016-11-02,69.9545
2016-11-03,75.055
2016-11-04,76.2405
2016-11-05,79.057
2016-11-06,82.7395
2016-11-07,81.86
2016-11-08,90.485
2016-11-09,79.819
2016-11-10,83.206
2016-11-11,82.2535
2016-11-12,92.91625
2016-11-13,77.628494
2016-11-14,79.438995
2016-11-15,80.987495
2016-11-16,84.8645
2016-11-17,78.889496
2016-11-18,68.5925
2016-11-19,73.319496
2016-11-20,77.7715
2016-11-21,78.0385
2016-11-22,80.453
2016-11-23,81.8425
2016-11-24,84.770996
2016-11-25,82.7765
2016-11-26,83.473495
2016-11-27,90.29105
2016-11-28,70.484
2016-11-29,70.184
2016-11-30,70.742
2016-12-01,58.711998
2016-12-02,64.6495
2016-12-03,74.481995
2016-12-04,77.501495
2016-12-05,83.099
2016-12-06,86.4735
2016-12-07,91.64
2016-12-08,
2016-12-09,91.223495
2016-12-10,75.153
2016-12-11,62.010498
2016-12-12,71.0625
2016-12-13,64.894
2016-12-14,70.506
2016-12-15,87.1895
2016-12-16,83.3235
2016-12-17,94.082504
2016-12-18,
2016-12-19,
2016-12-20,94.520004
2016-12-21,93.60333
2016-12-22,92.80375
2016-12-23,92.85529
2016-12-24,
2016-12-25,93.8675
2016-12-26,75.4485
2016-12-27,56.331497
2016-12-28,56.622997
2016-12-29,64.8325
2016-12-30,71.7555
2016-12-31,77.215
2017-01-01,65.899
2017-01-02,65.0375
2017-01-03,68.896996
2017-01-04,76.933
2017-01-05,70.1175
2017-01-06,52.5075
2017-01-07,48.102997
2017-01-08,69.349
2017-01-09,58.2215
2017-01-10,71.541
2017-01-11,76.693
2017-01-12,70.847496
2017-01-13,86.1465
2017-01-14,91.886
2017-01-15,79.911995
2017-01-16,80.99
2017-01-17,78.751
2017-01-18,76.4345
2017-01-19,79.069
2017-01-20,82.029
2017-01-21,78.607
2017-01-22,83.1815
2017-01-23,93.788185
2017-01-24,93.34688
2017-01-25,87.7
2017-01-26,87.6545
2017-01-27,87.7445
2017-01-28,94.17643
2017-01-29,93.36059
2017-01-30,93.37067
2017-01-31,92.65294
2017-02-01,
2017-02-02,82.743
2017-02-03,67.807
2017-02-04,78.3155
2017-02-05,83.2275
2017-02-06,85.3125
2017-02-07,92.571
2017-02-08,89.9375
2017-02-09,90.428
2017-02-10,75.336
2017-02-11,77.095
2017-02-12,78.113
2017-02-13,78.6835
2017-02-14,87.252
2017-02-15,76.372
2017-02-16,93.122665
2017-02-17,93.914
2017-02-18,90.0395
2017-02-19,89.6635
2017-02-20,85.1585
2017-02-21,63.2295
2017-02-22,70.952995
2017-02-23,62.1165
2017-02-24,74.54
2017-02-25,56.378998
2017-02-26,62.3745
2017-02-27,71.2425
2017-02-28,62.4075
2017-03-01,79.487
2017-03-02,67.528
2017-03-03,60.049
2017-03-04,51.0075
2017-03-05,75.419
2017-03-06,86.9125
2017-03-07,86.4315
2017-03-08,65.6355
2017-03-09,61.376
2017-03-10,74.616
2017-03-11,64.9
2017-03-12,65.804
2017-03-13,61.6535
2017-03-14,54.5845
2017-03-15,64.0175
2017-03-16,56.923
2017-03-17,51.6675
2017-03-18,61.010998
2017-03-19,73.6455
2017-03-20,63.6075
2017-03-21,59.3835
2017-03-22,53.424
2017-03-23,59.7315
2017-03-24,61.7795
2017-03-25,60.080997
2017-03-26,53.246
2017-03-27,48.502
2017-03-28,42.461998
2017-03-29,41.810497
2017-03-30,53.6115
2017-03-31,55.4885
2017-04-01,52.731
2017-04-02,39.982998
2017-04-03,36.142498
2017-04-04,61.514
2017-04-05,82.9805
2017-04-06,58.571
2017-04-07,72.6385
2017-04-08,73.222
2017-04-09,63.5915
2017-04-10,55.993
2017-04-11,54.4455
2017-04-12,53.345497
2017-04-13,48.5135
2017-04-14,48.1755
2017-04-15,64.189
2017-04-16,59.276497
2017-04-17,52.190998
2017-04-18,65.343
2017-04-19,88.9875
2017-04-20,91.2315
2017-04-21,59.501
2017-04-22,55.6395
2017-04-23,59.5305
2017-04-24,54.649998
2017-04-25,55.295
2017-04-26,47.389
2017-04-27,67.164
2017-04-28,74.5865
2017-04-29,71.358
2017-04-30,66.708496
2017-05-01,64.422
2017-05-02,56.435497
2017-05-03,80.763
2017-05-04,71.6655
2017-05-05,89.043
2017-05-06,75.8975
2017-05-07,87.8675
2017-05-08,66.3495
2017-05-09,69.542496
2017-05-10,58.562
2017-05-11,60.123
2017-05-12,60.476997
2017-05-13,67.998
2017-05-14,63.359
2017-05-15,73.5795
2017-05-16,71.2685
2017-05-17,54.4455
2017-05-18,53.6475
2017-05-19,48.753498
2017-05-20,61.628998
2017-05-21,68.085495
2017-05-22,62.354
2017-05-23,67.6225
2017-05-24,68.1895
2017-05-25,62.4035
2017-05-26,56.2985
2017-05-27,52.603
2017-05-28,47.5995
2017-05-29,47.829
2017-05-30,47.448498
2017-05-31,57.7705
2017-06-01,76.783
2017-06-02,56.058
2017-06-03,63.1515
2017-06-04,59.282497
2017-06-05,63.938
2017-06-06,66.3645
2017-06-07,56.36
2017-06-08,46.0005
2017-06-09,48.184498
2017-06-10,62.4265
2017-06-11,59.0515
2017-06-12,52.9195
2017-06-13,54.632
2017-06-14,50.330498
2017-06-15,47.7415
2017-06-16,60.122997
2017-06-17,55.181
2017-06-18,60.515
2017-06-19,55.373497
2017-06-20,50.246
2017-06-21,56.126
2017-06-22,52.984997
2017-06-23,62.144
2017-06-24,59.246
2017-06-25,73.937
2017-06-26,70.264496
2017-06-27,61.4545
2017-06-28,65.1685
2017-06-29,60.8035
2017-06-30,62.835
2017-07-01,68.6455
2017-07-02,62.867
2017-07-03,59.498
2017-07-04,52.461998
2017-07-05,49.525
2017-07-06,48.826
2017-07-07,55.577
2017-07-08,62.3065
2017-07-09,53.0885
2017-07-10,48.101997
2017-07-11,50.522
2017-07-12,70.0355
2017-07-13,54.3085
2017-07-14,54.9915
2017-07-15,62.5285
2017-07-16,55.441998
2017-07-17,47.9035
2017-07-18,41.3215
2017-07-19,41.151497
2017-07-20,46.0835
2017-07-21,54.92
2017-07-22,52.747498
2017-07-23,54.830498
2017-07-24,67.3975
2017-07-25,64.199
2017-07-26,70.751
2017-07-27,80.485
2017-07-28,58.674
2017-07-29,52.724
2017-07-30,60.725
2017-07-31,59.996
2017-08-01,57.27
2017-08-02,53.510498
2017-08-03,55.365498
2017-08-04,50.37
2017-08-05,52.768497
2017-08-06,57.318
2017-08-07,80.361496
2017-08-08,75.265495
2017-08-09,63.188
2017-08-10,49.372997
2017-08-11,46.9955
2017-08-12,66.625
2017-08-13,56.7335
2017-08-14,54.734497
2017-08-15,49.7245
2017-08-16,48.1345
2017-08-17,56.345497
2017-08-18,47.247997
2017-08-19,51.2625
2017-08-20,84.8355
2017-08-21,59.941498
2017-08-22,54.7155
2017-08-23,52.942497
2017-08-24,54.23
2017-08-25,52.874
2017-08-26,44.759
2017-08-27,51.1405
2017-08-28,63.207
2017-08-29,49.98
2017-08-30,47.2795
2017-08-31,45.622997
2017-09-01,68.167496
2017-09-02,84.9925
2017-09-03,90.2585
2017-09-04,62.8735
2017-09-05,54.0
2017-09-06,59.6555
2017-09-07,74.887
2017-09-08,73.0775
2017-09-09,74.237
2017-09-10,66.625496
2017-09-11,68.0785
2017-09-12,71.013
2017-09-13,62.6
2017-09-14,55.6605
2017-09-15,64.6055
2017-09-16,65.929
2017-09-17,89.304
2017-09-18,75.271996
2017-09-19,82.094
2017-09-20,91.713
2017-09-21,84.6025
2017-09-22,73.9565
2017-09-23,65.839
2017-09-24,78.767
2017-09-25,81.544
2017-09-26,69.945496
2017-09-27,70.0605
2017-09-28,63.338997
2017-09-29,61.5545
2017-09-30,54.765
2017-10-01,56.255997
2017-10-02,59.809498
2017-10-03,76.488
2017-10-04,70.095
2017-10-05,70.145
2017-10-06,78.1495
2017-10-07,69.3915
2017-10-08,72.705
2017-10-09,71.534
2017-10-10,80.2575
2017-10-11,77.6225
2017-10-12,74.8815
2017-10-13,71.2575
2017-10-14,72.480995
2017-10-15,75.5535
2017-10-16,73.2615
2017-10-17,71.750496
2017-10-18,67.756996
2017-10-19,55.849
2017-10-20,59.457
2017-10-21,72.47
2017-10-22,84.8775
2017-10-23,91.6195
2017-10-24,71.533
2017-10-25,74.0795
2017-10-26,76.6305
2017-10-27,79.988
2017-10-28,72.750496
2017-10-29,65.7495
2017-10-30,64.013
2017-10-31,71.2635
2017-11-01,61.001
2017-11-02,63.36
2017-11-03,74.242
2017-11-04,82.7965
2017-11-05,85.0435
2017-11-06,75.744
2017-11-07,72.8365
2017-11-08,85.6385
2017-11-09,82.8855
2017-11-10,82.983
2017-11-11,84.4525
2017-11-12,75.987
2017-11-13,83.169
2017-11-14,77.341995
2017-11-15,74.6325
2017-11-16,91.599
2017-11-17,93.1775
2017-11-18,90.0655
2017-11-19,87.6275
2017-11-20,78.166
2017-11-21,70.890495
2017-11-22,71.848495
2017-11-23,69.2845
2017-11-24,81.2725
2017-11-25,88.3325
2017-11-26,76.544495
2017-11-27,66.4145
2017-11-28,69.8695
2017-11-29,75.495995
2017-11-30,85.6525
2017-12-01,75.474
2017-12-02,84.2325
2017-12-03,81.5755
2017-12-04,71.9115
2017-12-05,81.018
2017-12-06,74.416
2017-12-07,81.3525
2017-12-08,74.032
2017-12-09,79.354
2017-12-10,71.462
2017-12-11,64.525
2017-12-12,64.1705
2017-12-13,92.3465
2017-12-14,89.814
2017-12-15,87.1555
2017-12-16,91.713
2017-12-17,83.9285
2017-12-18,82.402
2017-12-19,73.602
2017-12-20,75.1035
2017-12-21,87.9785
2017-12-22,83.3455
2017-12-23,74.677
2017-12-24,66.4555
2017-12-25,71.625
2017-12-26,67.049995
2017-12-27,68.905
2017-12-28,75.3275
2017-12-29,66.069496
2017-12-30,66.4695
2017-12-31,69.447495
2018-01-01,77.27
2018-01-02,85.235
2018-01-03,80.104
2018-01-04,80.7895
2018-01-05,76.6465
2018-01-06,71.013
2018-01-07,76.735
2018-01-08,78.3975
2018-01-09,86.6825
2018-01-10,89.271
2018-01-11,91.2515
2018-01-12,92.51579
2018-01-13,85.408
2018-01-14,76.624
2018-01-15,89.0185
2018-01-16,87.812
2018-01-17,84.394
2018-01-18,55.955997
2018-01-19,72.3025
2018-01-20,83.902
2018-01-21,84.0245
2018-01-22,71.599495
2018-01-23,79.288
2018-01-24,81.5465
2018-01-25,79.5465
2018-01-26,81.2315
2018-01-27,85.221
2018-01-28,91.704
2018-01-29,79.9545
2018-01-30,67.5515
2018-01-31,68.761
2018-02-01,58.4035
2018-02-02,87.175
2018-02-03,92.505
2018-02-04,83.7945
2018-02-05,87.6495
2018-02-06,88.9365
2018-02-07,83.779
2018-02-08,92.222
2018-02-09,77.376495
2018-02-10,80.772995
2018-02-11,70.4785
2018-02-12,82.4885
2018-02-13,91.8255
2018-02-14,90.1265
2018-02-15,78.576996
2018-02-16,81.9625
2018-02-17,85.362
2018-02-18,87.1315
2018-02-19,71.515
2018-02-20,93.47714
2018-02-21,92.75421
2018-02-22,91.9265
2018-02-23,89.847
2018-02-24,77.567
2018-02-25,60.121
2018-02-26,72.9495
2018-02-27,79.581
2018-02-28,71.7855
2018-03-01,80.3685
2018-03-02,91.131
2018-03-03,87.425
2018-03-04,84.3755
2018-03-05,76.6215
2018-03-06,90.148
2018-03-07,84.1755
2018-03-08,87.42
2018-03-09,65.7235
2018-03-10,62.106
2018-03-11,61.363
2018-03-12,65.5865
2018-03-13,65.2095
2018-03-14,81.349
2018-03-15,74.283
2018-03-16,87.8345
2018-03-17,88.7035
2018-03-18,85.883
2018-03-19,85.8005
2018-03-20,71.348495
2018-03-21,66.786
2018-03-22,57.138
2018-03-23,61.5505
2018-03-24,79.6765
2018-03-25,76.7455
2018-03-26,82.138
2018-03-27,67.464
2018-03-28,60.440998
2018-03-29,69.9535
2018-03-30,64.5995
2018-03-31,80.626495
2018-04-01,68.442
2018-04-02,50.589497
2018-04-03,46.115498
2018-04-04,42.135998
2018-04-05,66.8995
2018-04-06,52.427998
2018-04-07,78.6075
2018-04-08,66.944
2018-04-09,63.215
2018-04-10,70.469
2018-04-11,54.204998
2018-04-12,53.192497
2018-04-13,58.4095
2018-04-14,52.809
2018-04-15,61.6685
2018-04-16,65.593
2018-04-17,75.87
2018-04-18,61.3765
2018-04-19,49.5995
2018-04-20,46.778
2018-04-21,45.2515
2018-04-22,45.752
2018-04-23,52.315
2018-04-24,61.3135
2018-04-25,58.6625
2018-04-26,54.803997
2018-04-27,67.321
2018-04-28,54.658997
2018-04-29,53.957
2018-04-30,55.6805
2018-05-01,49.409
2018-05-02,54.6725
2018-05-03,47.568497
2018-05-04,54.208
2018-05-05,65.455
2018-05-06,54.52
2018-05-07,40.4185
2018-05-08,47.975998
2018-05-09,64.3655
2018-05-10,77.663
2018-05-11,63.1445
2018-05-12,62.843998
2018-05-13,65.927
2018-05-14,78.221
2018-05-15,70.9285
2018-05-16,71.097496
2018-05-17,65.6745
2018-05-18,65.561
2018-05-19,68.910995
2018-05-20,56.9615
2018-05-21,56.3155
2018-05-22,69.562
2018-05-23,70.3455
2018-05-24,78.6995
2018-05-25,79.861
2018-05-26,71.7945
2018-05-27,68.576996
2018-05-28,62.9245
2018-05-29,57.3565
2018-05-30,49.129498
2018-05-31,45.852497
2018-06-01,47.8765
2018-06-02,64.782
2018-06-03,62.1795
2018-06-04,57.7485
2018-06-05,66.944496
2018-06-06,69.515495
2018-06-07,72.514496
2018-06-08,73.839
2018-06-09,82.3425
2018-06-10,82.6705
2018-06-11,72.246
2018-06-12,67.435
2018-06-13,82.79
2018-06-14,86.8045
2018-06-15,77.194
2018-06-16,70.169495
2018-06-17,76.3725
2018-06-18,67.341995
2018-06-19,64.0065
2018-06-20,62.3295
2018-06-21,64.423
2018-06-22,80.641
2018-06-23,62.2975
2018-06-24,57.937
2018-06-25,63.3895
2018-06-26,55.351997
2018-06-27,70.6165
2018-06-28,84.9925
2018-06-29,88.1575
2018-06-30,62.8185
2018-07-01,52.698997
2018-07-02,51.559498
2018-07-03,58.198997
2018-07-04,70.887
2018-07-05,61.1675
2018-07-06,78.274
2018-07-07,79.140495
2018-07-08,55.725998
2018-07-09,76.619995
2018-07-10,73.32
2018-07-11,80.057
2018-07-12,71.6055
2018-07-13,63.5145
2018-07-14,59.885
2018-07-15,59.568497
2018-07-16,60.999
2018-07-17,67.465
2018-07-18,59.6975
2018-07-19,59.6545
2018-07-20,52.988
2018-07-21,60.376
2018-07-22,79.437996
2018-07-23,89.174
2018-07-24,59.434498
2018-07-25,59.75
2018-07-26,62.743
2018-07-27,80.919
2018-07-28,80.5415
2018-07-29,68.459
2018-07-30,64.496
2018-07-31,64.52
2018-08-01,72.501
2018-08-02,82.121
2018-08-03,78.9745
2018-08-04,58.8545
2018-08-05,58.585
2018-08-06,59.099
2018-08-07,56.242
2018-08-08,55.873497
2018-08-09,59.824497
2018-08-10,59.37
2018-08-11,72.809
2018-08-12,58.4085
2018-08-13,56.990498
2018-08-14,70.642
2018-08-15,66.668
2018-08-16,59.7845
2018-08-17,58.823997
2018-08-18,62.72
2018-08-19,63.8685
2018-08-20,58.3715
2018-08-21,58.5225
2018-08-22,56.496998
2018-08-23,55.8055
2018-08-24,59.363
2018-08-25,67.461
2018-08-26,86.7215
2018-08-27,72.708
2018-08-28,59.267998
2018-08-29,53.7445
2018-08-30,55.963
2018-08-31,57.038998
2018-09-01,65.854
2018-09-02,78.103
2018-09-03,86.4185
2018-09-04,90.1775
2018-09-05,78.4565
2018-09-06,70.57
2018-09-07,67.1275
2018-09-08,68.5065
2018-09-09,62.1535
2018-09-10,60.240997
2018-09-11,59.4235
2018-09-12,56.793
2018-09-13,56.071
2018-09-14,58.1325
2018-09-15,65.837
2018-09-16,58.981
2018-09-17,53.457497
2018-09-18,52.05
2018-09-19,54.4525
2018-09-20,59.6535
2018-09-21,56.3125
2018-09-22,63.089
2018-09-23,64.886
2018-09-24,69.806
2018-09-25,56.6755
2018-09-26,58.4195
2018-09-27,56.0345
2018-09-28,43.5855
2018-09-29,61.862
2018-09-30,56.52
2018-10-01,70.159
2018-10-02,73.821
2018-10-03,61.132
2018-10-04,56.5765
2018-10-05,52.732998
2018-10-06,56.919
2018-10-07,70.1935
2018-10-08,73.021
2018-10-09,69.1725
2018-10-10,63.0095
2018-10-11,62.16
2018-10-12,59.760498
2018-10-13,57.527
2018-10-14,40.876495
2018-10-15,47.6945
2018-10-16,56.353
2018-10-17,50.947
2018-10-18,54.862
2018-10-19,75.9715
2018-10-20,79.986496
2018-10-21,65.9915
2018-10-22,73.922
2018-10-23,66.113
2018-10-24,70.965996
2018-10-25,66.249
2018-10-26,64.34
2018-10-27,55.0905
2018-10-28,57.8905
2018-10-29,68.747
2018-10-30,54.827
2018-10-31,55.6175
2018-11-01,60.061
2018-11-02,76.993
2018-11-03,76.459496
2018-11-04,92.60944
2018-11-05,72.13
2018-11-06,70.586
2018-11-07,70.783
2018-11-08,76.4845
2018-11-09,73.8535
2018-11-10,77.0795
2018-11-11,69.692
2018-11-12,64.72
2018-11-13,68.1585
2018-11-14,64.083496
2018-11-15,63.639
2018-11-16,62.4045
2018-11-17,58.449997
2018-11-18,73.784
2018-11-19,89.2345
2018-11-20,92.98684
2018-11-21,
2018-11-22,93.812
2018-11-23,86.756
2018-11-24,94.796
2018-11-25,92.47833
2018-11-26,
2018-11-27,91.9025
2018-11-28,78.7575
2018-11-29,75.9435
2018-11-30,74.4895
2018-12-01,79.7965
2018-12-02,76.6355
2018-12-03,88.6005
2018-12-04,86.6745
2018-12-05,67.621
2018-12-06,80.623
2018-12-07,72.464
2018-12-08,74.935
2018-12-09,77.797
2018-12-10,67.0135
2018-12-11,74.0735
2018-12-12,73.9945
2018-12-13,87.475
2018-12-14,85.509
2018-12-15,88.789
2018-12-16,82.3565
2018-12-17,86.63
2018-12-18,90.704
2018-12-19,91.8405
2018-12-20,91.586
2018-12-21,89.037
2018-12-22,72.86
2018-12-23,73.748
2018-12-24,70.1245
2018-12-25,76.236
2018-12-26,72.7825
2018-12-27,72.282
2018-12-28,73.565994
2018-12-29,71.2895
2018-12-30,77.4835
2018-12-31,70.4375
2019-01-01,74.811
2019-01-02,67.4815
2019-01-03,60.6655
2019-01-04,67.777
2019-01-05,90.1575
2019-01-06,71.318
2019-01-07,67.9315
2019-01-08,87.2655
2019-01-09,87.1315
2019-01-10,85.047
2019-01-11,67.079994
2019-01-12,66.408
2019-01-13,63.8465
2019-01-14,58.1325
2019-01-15,53.841
2019-01-16,53.5995
2019-01-17,58.7445
2019-01-18,76.492
2019-01-19,76.9355
2019-01-20,87.1635
2019-01-21,80.1345
2019-01-22,88.218
2019-01-23,90.5395
2019-01-24,85.4175
2019-01-25,69.014
2019-01-26,62.533
2019-01-27,71.265495
2019-01-28,83.4805
2019-01-29,80.542
2019-01-30,89.536
2019-01-31,89.171
2019-02-01,81.098495
2019-02-02,71.576996
2019-02-03,81.3495
2019-02-04,66.931496
2019-02-05,86.5565
2019-02-06,71.9525
2019-02-07,78.0875
2019-02-08,89.004
2019-02-09,94.50285
2019-02-10,78.851
2019-02-11,78.694496
2019-02-12,62.5055
2019-02-13,67.0365
2019-02-14,68.1935
2019-02-15,69.0715
2019-02-16,70.292
2019-02-17,64.5475
2019-02-18,57.906998
2019-02-19,57.887
2019-02-20,57.961998
2019-02-21,60.823498
2019-02-22,70.483
2019-02-23,38.739
2019-02-24,43.351997
2019-02-25,45.2435
2019-02-26,44.956997
2019-02-27,56.0365
2019-02-28,40.946
2019-03-01,45.189
2019-03-02,64.7385
2019-03-03,59.9385
2019-03-04,41.025497
2019-03-05,67.434
2019-03-06,55.201
2019-03-07,46.621
2019-03-08,56.4455
2019-03-09,56.5895
2019-03-10,50.1305
2019-03-11,60.495
2019-03-12,58.48
2019-03-13,44.985996
2019-03-14,56.242
2019-03-15,42.288998
2019-03-16,54.9805
2019-03-17,52.6445
2019-03-18,54.944
2019-03-19,54.4145
2019-03-20,39.243
2019-03-21,40.0715
2019-03-22,37.6005
2019-03-23,50.177498
2019-03-24,50.085
2019-03-25,62.6315
2019-03-26,51.303497
2019-03-27,50.105
2019-03-28,46.485996
2019-03-29,44.721996
2019-03-30,43.734497
2019-03-31,36.170498
2019-04-01,40.798
2019-04-02,38.5065
2019-04-03,42.204
2019-04-04,50.522
2019-04-05,75.1485
2019-04-06,75.5425
2019-04-07,61.748
2019-04-08,70.8345
2019-04-09,71.8945
2019-04-10,68.4095
2019-04-11,84.8455
2019-04-12,84.948
2019-04-13,88.1575
2019-04-14,90.8975
2019-04-15,50.733498
2019-04-16,43.166496
2019-04-17,53.146
2019-04-18,58.986
2019-04-19,48.965
2019-04-20,33.072998
2019-04-21,32.476498
2019-04-22,37.218998
2019-04-23,73.462
2019-04-24,70.415
2019-04-25,64.2215
2019-04-26,56.2105
2019-04-27,80.493
2019-04-28,63.524
2019-04-29,81.353
2019-04-30,79.153496
2019-05-01,60.864998
2019-05-02,50.2765
2019-05-03,61.635
2019-05-04,80.5465
2019-05-05,93.43611
2019-05-06,93.344376
2019-05-07,62.316498
2019-05-08,57.3755
2019-05-09,88.591
2019-05-10,72.992
2019-05-11,64.9425
2019-05-12,76.84
2019-05-13,88.4335
2019-05-14,92.859
2019-05-15,
2019-05-16,90.167
2019-05-17,79.3115
2019-05-18,78.710495
2019-05-19,80.282
2019-05-20,82.875
2019-05-21,71.895996
2019-05-22,75.238
2019-05-23,71.597496
2019-05-24,65.94
2019-05-25,55.3605
2019-05-26,53.557
2019-05-27,82.500496
2019-05-28,77.7025
2019-05-29,91.1545
2019-05-30,93.72667
2019-05-31,89.6695
2019-06-01,74.891
2019-06-02,79.5615
2019-06-03,70.562996
2019-06-04,75.8735
2019-06-05,81.3855
2019-06-06,82.182495
2019-06-07,62.958
2019-06-08,59.6655
2019-06-09,58.347
2019-06-10,65.811
2019-06-11,64.5785
2019-06-12,63.7795
2019-06-13,62.4145
2019-06-14,54.0495
2019-06-15,59.0795
2019-06-16,70.6365
2019-06-17,77.96
2019-06-18,79.748
2019-06-19,77.45
2019-06-20,76.319
2019-06-21,73.0815
2019-06-22,71.626
2019-06-23,89.827
2019-06-24,82.1895
2019-06-25,74.953
2019-06-26,66.21
2019-06-27,68.112
2019-06-28,43.697998
2019-06-29,55.394497
2019-06-30,56.619
2019-07-01,60.0725
2019-07-02,58.1395
2019-07-03,55.1185
2019-07-04,80.821495
2019-07-05,66.3885
2019-07-06,57.3715
2019-07-07,71.694496
2019-07-08,73.628
2019-07-09,78.101
2019-07-10,54.917
2019-07-11,52.9335
2019-07-12,70.436
2019-07-13,81.145996
2019-07-14,69.047
2019-07-15,62.09
2019-07-16,47.7425
2019-07-17,49.113
2019-07-18,65.027
2019-07-19,66.9215
2019-07-20,56.8395
2019-07-21,51.4225
2019-07-22,49.522
2019-07-23,50.968998
2019-07-24,60.247997
2019-07-25,52.891
2019-07-26,64.2425
2019-07-27,73.0
2019-07-28,86.235
2019-07-29,85.628
2019-07-30,73.298996
2019-07-31,65.128
2019-08-01,69.8645
2019-08-02,78.58
2019-08-03,81.282
2019-08-04,63.9745
2019-08-05,61.0
2019-08-06,63.3705
2019-08-07,61.2945
2019-08-08,66.436
2019-08-09,71.8965
2019-08-10,65.4155
2019-08-11,59.9035
2019-08-12,61.8235
2019-08-13,63.0015
2019-08-14,77.707
2019-08-15,64.892
2019-08-16,69.8395
2019-08-17,65.363
2019-08-18,57.5005
2019-08-19,51.768997
2019-08-20,51.665497
2019-08-21,59.559498
2019-08-22,65.812996
2019-08-23,62.447
2019-08-24,55.0765
2019-08-25,69.208496
2019-08-26,70.338
2019-08-27,62.1815
2019-08-28,53.5075
2019-08-29,43.6145
2019-08-30,48.1945
2019-08-31,54.0165
2019-09-01,50.383
2019-09-02,44.595997
2019-09-03,59.864998
2019-09-04,63.199997
2019-09-05,51.1245
2019-09-06,52.5235
2019-09-07,86.092
2019-09-08,82.39
2019-09-09,90.2425
2019-09-10,70.59
2019-09-11,62.425
2019-09-12,62.0695
2019-09-13,59.479
2019-09-14,59.1745
2019-09-15,55.565998
2019-09-16,58.797497
2019-09-17,65.569
2019-09-18,62.364998
2019-09-19,46.503998
2019-09-20,50.0225
2019-09-21,50.100998
2019-09-22,46.4055
2019-09-23,76.28
2019-09-24,85.576996
2019-09-25,80.6785
2019-09-26,83.764
2019-09-27,70.175
2019-09-28,73.233
2019-09-29,81.243996
2019-09-30,61.833
2019-10-01,52.599
2019-10-02,67.762
2019-10-03,71.227
2019-10-04,68.3545
2019-10-05,71.8555
2019-10-06,65.5455
2019-10-07,75.1735
2019-10-08,61.8195
2019-10-09,59.989
2019-10-10,94.333336
2019-10-11,81.8965
2019-10-12,75.034
2019-10-13,74.429
2019-10-14,74.789
2019-10-15,67.261
2019-10-16,71.8785
2019-10-17,83.791
2019-10-18,73.625
2019-10-19,62.447
2019-10-20,63.103
2019-10-21,65.736496
2019-10-22,65.138
2019-10-23,64.14
2019-10-24,67.5025
2019-10-25,70.3135
2019-10-26,77.775
2019-10-27,76.397
2019-10-28,76.416
2019-10-29,89.061
2019-10-30,85.5625
2019-10-31,77.323
2019-11-01,83.788
2019-11-02,90.3345
2019-11-03,86.2035
2019-11-04,90.663
2019-11-05,76.7455
2019-11-06,93.356
2019-11-07,93.212776
2019-11-08,92.72
2019-11-09,91.3225
2019-11-10,94.86
2019-11-11,91.07105
2019-11-12,91.5495
2019-11-13,78.722496
2019-11-14,84.424995
2019-11-15,93.53778
2019-11-16,81.644
2019-11-17,82.210495
2019-11-18,74.3735
2019-11-19,82.3645
2019-11-20,
2019-11-21,87.354004
2019-11-22,91.128
2019-11-23,83.896996
2019-11-24,84.6565
2019-11-25,90.69947
2019-11-26,92.28263
2019-11-27,93.555
2019-11-28,92.490524
2019-11-29,94.10182
2019-11-30,62.3665
2019-12-01,73.8355
2019-12-02,88.0915
2019-12-03,80.1515
2019-12-04,94.71
2019-12-05,
2019-12-06,94.71
2019-12-07,92.252106
2019-12-08,
2019-12-09,93.045296
2019-12-10,77.695
2019-12-11,74.806
2019-12-12,
2019-12-13,94.24
2019-12-14,90.374
2019-12-15,80.77
2019-12-16,70.6365
2019-12-17,72.915
2019-12-18,70.1165
2019-12-19,78.2855
2019-12-20,79.4665
2019-12-21,83.2935
2019-12-22,89.1065
2019-12-23,83.6125
2019-12-24,64.8125
2019-12-25,77.3105
2019-12-26,76.7005
2019-12-27,79.3505
2019-12-28,68.634
2019-12-29,70.413
2019-12-30,80.836
2019-12-31,73.864
2020-01-01,77.723
2020-01-02,83.977
2020-01-03,91.946
2020-01-04,89.849
2020-01-05,61.3605
2020-01-06,65.0605
2020-01-07,67.1775
2020-01-08,80.0415
2020-01-09,84.646996
2020-01-10,73.4075
2020-01-11,72.505
2020-01-12,88.1435
2020-01-13,
2020-01-14,
2020-01-15,
2020-01-16,
2020-01-17,
2020-01-18,
2020-01-19,
2020-01-20,
2020-01-21,92.12235
2020-01-22,89.35842
2020-01-23,95.16
2020-01-24,90.5715
2020-01-25,93.087776
2020-01-26,88.814
2020-01-27,94.47616
2020-01-28,92.25105
2020-01-29,93.296
2020-01-30,74.039
2020-01-31,59.9105
2020-02-01,72.12299
2020-02-02,69.7975
2020-02-03,70.498
2020-02-04,71.5485
2020-02-05,61.5855
2020-02-06,58.0085
2020-02-07,66.1365
2020-02-08,50.503
2020-02-09,58.4875
2020-02-10,67.766
2020-02-11,80.8005
2020-02-12,68.456
2020-02-13,72.897995
2020-02-14,83.172
2020-02-15,72.1095
2020-02-16,78.431496
2020-02-17,66.451996
2020-02-18,61.231
2020-02-19,53.508
2020-02-20,59.2945
2020-02-21,53.6335
2020-02-22,55.5235
2020-02-23,46.913
2020-02-24,50.239998
2020-02-25,59.03
2020-02-26,84.985
2020-02-27,69.983
2020-02-28,60.1935
2020-02-29,52.875
2020-03-01,60.3005
2020-03-02,79.474495
2020-03-03,77.0905
2020-03-04,69.037
2020-03-05,59.3055
2020-03-06,90.0625
2020-03-07,68.339
2020-03-08,66.859
2020-03-09,61.7775
2020-03-10,61.5305
2020-03-11,56.9435
2020-03-12,51.249
2020-03-13,70.781
2020-03-14,54.211
2020-03-15,36.862995
2020-03-16,54.447998
2020-03-17,51.942497
2020-03-18,56.114
2020-03-19,46.413498
2020-03-20,42.629997
2020-03-21,60.507
2020-03-22,65.8735
2020-03-23,79.489
2020-03-24,94.10364
2020-03-25,
2020-03-26,63.684998
2020-03-27,51.895
2020-03-28,50.331497
2020-03-29,46.799
2020-03-30,50.79
2020-03-31,41.673
2020-04-01,32.666996
2020-04-02,50.666
2020-04-03,45.784
2020-04-04,41.254997
2020-04-05,39.678497
2020-04-06,31.401497
2020-04-07,27.539999
2020-04-08,28.847996
2020-04-09,30.375998
2020-04-10,34.025997
2020-04-11,42.629498
2020-04-12,40.7525
2020-04-13,33.351997
2020-04-14,59.1605
2020-04-15,43.9255
2020-04-16,43.9115
2020-04-17,39.426
2020-04-18,40.934998
2020-04-19,54.1855
2020-04-20,38.533997
2020-04-21,40.8685
2020-04-22,48.5765
2020-04-23,40.880497
2020-04-24,39.112
2020-04-25,40.4325
2020-04-26,54.4675
2020-04-27,54.2975
2020-04-28,52.9235
2020-04-29,76.87
2020-04-30,72.566
2020-05-01,78.2035
2020-05-02,65.106
2020-05-03,62.231
2020-05-04,53.991997
2020-05-05,73.513
2020-05-06,62.0425
2020-05-07,46.524998
2020-05-08,48.8845
2020-05-09,48.4515
2020-05-10,49.372997
2020-05-11,51.025997
2020-05-12,71.8125
2020-05-13,64.2265
2020-05-14,65.116
2020-05-15,67.8155
2020-05-16,68.328995
2020-05-17,74.8955
2020-05-18,56.962498
2020-05-19,64.8285
2020-05-20,85.214
2020-05-21,49.391
2020-05-22,45.197998
2020-05-23,66.0755
2020-05-24,64.151
2020-05-25,70.8435
2020-05-26,74.432
2020-05-27,78.127
2020-05-28,64.7215
2020-05-29,72.377
2020-05-30,59.861
2020-05-31,76.730995
2020-06-01,72.569496
2020-06-02,53.975
2020-06-03,70.724495
2020-06-04,71.583
2020-06-05,78.8235
2020-06-06,73.585495
2020-06-07,63.947998
2020-06-08,68.1555
2020-06-09,76.994995
2020-06-10,79.4715
2020-06-11,62.7935
2020-06-12,61.1995
2020-06-13,57.3765
2020-06-14,64.026
2020-06-15,81.4915
2020-06-16,92.97
2020-06-17,92.81647
2020-06-18,84.5475
2020-06-19,72.279
2020-06-20,79.1045
2020-06-21,92.962
2020-06-22,72.6915
2020-06-23,54.183
2020-06-24,50.6045
2020-06-25,59.3895
2020-06-26,61.5225
2020-06-27,56.738
2020-06-28,54.6745
2020-06-29,66.2185
2020-06-30,61.763
2020-07-01,51.5865
2020-07-02,63.472
2020-07-03,77.5265
2020-07-04,57.306
2020-07-05,44.913998
2020-07-06,48.107
2020-07-07,61.866
2020-07-08,49.7365
2020-07-09,46.66
2020-07-10,48.69
2020-07-11,56.4355
2020-07-12,67.7315
2020-07-13,59.789497
2020-07-14,50.9605
2020-07-15,46.515
2020-07-16,58.6755
2020-07-17,86.3755
2020-07-18,72.8395
2020-07-19,84.314
2020-07-20,70.181496
2020-07-21,57.6145
2020-07-22,64.5815
2020-07-23,80.2395
2020-07-24,75.4595
2020-07-25,88.989
2020-07-26,72.879
2020-07-27,61.746998
2020-07-28,54.442497
2020-07-29,54.9935
2020-07-30,59.489998
2020-07-31,47.801
2020-08-01,47.543
2020-08-02,48.392
2020-08-03,51.4385
2020-08-04,84.738
2020-08-05,92.30842
2020-08-06,82.791
2020-08-07,57.294
2020-08-08,65.6435
2020-08-09,60.7625
2020-08-10,62.337997
2020-08-11,68.347
2020-08-12,70.131996
2020-08-13,55.2475
2020-08-14,76.515
2020-08-15,79.7635
2020-08-16,70.241
2020-08-17,73.4405
2020-08-18,79.480995
2020-08-19,72.319496
2020-08-20,62.5475
2020-08-21,59.44
2020-08-22,58.6345
2020-08-23,65.579
2020-08-24,56.5615
2020-08-25,63.576
2020-08-26,57.571
2020-08-27,46.443497
2020-08-28,48.915497
2020-08-29,52.497498
2020-08-30,48.683
2020-08-31,71.6635
2020-09-01,77.666
2020-09-02,62.231
2020-09-03,65.816
2020-09-04,60.093998
2020-09-05,60.0295
2020-09-06,57.1075
2020-09-07,65.951996
2020-09-08,56.7935
2020-09-09,55.07
2020-09-10,55.182
2020-09-11,55.68
2020-09-12,52.2435
2020-09-13,54.601997
2020-09-14,50.5195
2020-09-15,52.204
2020-09-16,49.877
2020-09-17,51.8535
2020-09-18,56.5895
2020-09-19,44.885
2020-09-20,51.759
2020-09-21,43.7185
2020-09-22,51.1035
2020-09-23,67.429
2020-09-24,66.7875
2020-09-25,80.631996
2020-09-26,81.3785
2020-09-27,70.555
2020-09-28,84.6155
2020-09-29,78.973495
2020-09-30,73.5465
2020-10-01,74.9035
2020-10-02,69.3945
2020-10-03,62.91
2020-10-04,63.5025
2020-10-05,65.119995
2020-10-06,72.037
2020-10-07,87.6445
2020-10-08,69.021996
2020-10-09,72.885
2020-10-10,71.851
2020-10-11,81.404
2020-10-12,93.42333
2020-10-13,92.86083
2020-10-14,78.953995
2020-10-15,91.2345
2020-10-16,88.882
2020-10-17,80.544
2020-10-18,72.8455
2020-10-19,71.710495
2020-10-20,69.6565
2020-10-21,70.5655
2020-10-22,67.1695
2020-10-23,74.0645
2020-10-24,85.2535
2020-10-25,
2020-10-26,85.09
2020-10-27,76.453995
2020-10-28,94.03786
2020-10-29,94.608
2020-10-30,88.1155
2020-10-31,82.299995
2020-11-01,74.8245
2020-11-02,77.699
2020-11-03,80.8305
2020-11-04,93.86667
2020-11-05,94.018
2020-11-06,85.561
2020-11-07,83.6045
2020-11-08,93.12067
2020-11-09,95.16
2020-11-10,93.83583
2020-11-11,94.465
2020-11-12,91.119
2020-11-13,92.674736
2020-11-14,94.71
2020-11-15,91.282
2020-11-16,89.191
2020-11-17,88.547
2020-11-18,90.394
2020-11-19,94.042496
2020-11-20,82.826996
2020-11-21,64.768
2020-11-22,89.579
2020-11-23,85.591
2020-11-24,92.87556
2020-11-25,89.9865
2020-11-26,91.79833
2020-11-27,
2020-11-28,94.695
2020-11-29,87.7495
2020-11-30,82.683
2020-12-01,94.86
2020-12-02,90.886
2020-12-03,93.97455
2020-12-04,92.59412
2020-12-05,82.597
2020-12-06,82.729
2020-12-07,87.881
2020-12-08,92.112495
2020-12-09,90.6355
2020-12-10,94.475
2020-12-11,
2020-12-12,
2020-12-13,92.427895
2020-12-14,90.2325
2020-12-15,92.36056
2020-12-16,92.35733
2020-12-17,
2020-12-18,94.55333
2020-12-19,
2020-12-20,94.25727
2020-12-21,
2020-12-22,94.38
2020-12-23,80.502
2020-12-24,83.736496
2020-12-25,94.05666
2020-12-26,77.3145
2020-12-27,86.001
2020-12-28,87.4095
2020-12-29,74.506996
2020-12-30,94.204
2020-12-31,95.16
2021-01-01,86.709
2021-01-02,80.342
2021-01-03,86.165
2021-01-04,89.360504
2021-01-05,93.89333
2021-01-06,90.8425
2021-01-07,92.1579
2021-01-08,91.115
2021-01-09,78.542
2021-01-10,88.9885
2021-01-11,91.2045
2021-01-12,90.6265
2021-01-13,74.0645
2021-01-14,75.097
2021-01-15,76.719
2021-01-16,80.458496
2021-01-17,89.5845
2021-01-18,83.8615
2021-01-19,67.871
2021-01-20,67.8245
2021-01-21,63.997498
2021-01-22,68.944
2021-01-23,76.8395
2021-01-24,80.370995
2021-01-25,86.999504
2021-01-26,70.308
2021-01-27,76.8395
2021-01-28,76.357
2021-01-29,85.127
2021-01-30,84.8065
2021-01-31,89.5245
2021-02-01,87.0255
2021-02-02,
2021-02-03,85.6595
2021-02-04,68.0635
2021-02-05,70.3705
2021-02-06,78.421
2021-02-07,88.076996
2021-02-08,92.78
2021-02-09,94.455
2021-02-10,94.7
2021-02-11,68.901
2021-02-12,58.135
2021-02-13,60.5765
2021-02-14,69.3265
2021-02-15,54.2925
2021-02-16,57.829998
2021-02-17,74.3545
2021-02-18,78.0515
2021-02-19,75.4705
2021-02-20,84.8745
2021-02-21,91.1275
2021-02-22,71.7555
2021-02-23,69.5605
2021-02-24,72.4915
2021-02-25,63.8355
2021-02-26,59.089
2021-02-27,61.795
2021-02-28,62.482
2021-03-01,61.871998
2021-03-02,60.4015
2021-03-03,48.496
2021-03-04,45.003998
2021-03-05,53.6525
2021-03-06,47.341
2021-03-07,48.457497
2021-03-08,49.083
2021-03-09,46.567497
2021-03-10,40.205498
2021-03-11,43.966
2021-03-12,75.625496
2021-03-13,72.986
2021-03-14,71.113
2021-03-15,59.184998
2021-03-16,60.623997
2021-03-17,59.1605
2021-03-18,73.535995
2021-03-19,68.756
2021-03-20,75.862495
2021-03-21,42.962997
2021-03-22,58.137497
2021-03-23,52.1185
2021-03-24,58.077
2021-03-25,58.6875
2021-03-26,55.9055
2021-03-27,50.668
2021-03-28,46.8885
2021-03-29,48.8715
2021-03-30,54.5765
2021-03-31,56.5565
2021-04-01,50.8415
2021-04-02,52.1215
2021-04-03,61.657497
2021-04-04,56.636997
2021-04-05,44.898
2021-04-06,52.2305
2021-04-07,63.3705
2021-04-08,54.52
2021-04-09,45.746998
2021-04-10,44.3255
2021-04-11,53.477497
2021-04-12,54.489998
2021-04-13,85.1525
2021-04-14,84.638
2021-04-15,62.232998
2021-04-16,57.7875
2021-04-17,65.3265
2021-04-18,90.1475
2021-04-19,87.885
2021-04-20,81.251495
2021-04-21,60.877
2021-04-22,58.6605
2021-04-23,50.026497
2021-04-24,46.359997
2021-04-25,38.893497
2021-04-26,56.942497
2021-04-27,80.4525
2021-04-28,82.936
2021-04-29,75.9005
2021-04-30,58.219997
2021-05-01,57.470497
2021-05-02,59.4915
2021-05-03,57.1065
2021-05-04,50.304497
2021-05-05,50.171497
2021-05-06,60.0615
2021-05-07,84.6385
2021-05-08,53.664497
2021-05-09,43.347
2021-05-10,46.5825
2021-05-11,49.740498
2021-05-12,70.999
2021-05-13,79.479
2021-05-14,77.312
2021-05-15,75.493
2021-05-16,71.461
2021-05-17,85.591
2021-05-18,61.7095
2021-05-19,87.259
2021-05-20,88.124
2021-05-21,60.7225
2021-05-22,62.177498
2021-05-23,70.2075
2021-05-24,74.826996
2021-05-25,66.0175
2021-05-26,52.311
2021-05-27,50.7485
2021-05-28,63.713
2021-05-29,56.857
2021-05-30,61.478
2021-05-31,69.5935
2021-06-01,55.551
2021-06-02,48.149498
2021-06-03,46.799
2021-06-04,45.414497
2021-06-05,45.34
2021-06-06,74.4895
2021-06-07,57.836
2021-06-08,57.163
2021-06-09,48.346
2021-06-10,55.022
2021-06-11,56.2445
2021-06-12,56.5855
2021-06-13,52.605
2021-06-14,50.928997
2021-06-15,49.25
2021-06-16,45.816498
2021-06-17,48.186497
2021-06-18,50.282497
2021-06-19,47.788998
2021-06-20,50.53
2021-06-21,51.763
2021-06-22,46.6955
2021-06-23,46.336
2021-06-24,46.207
2021-06-25,59.760998
2021-06-26,60.7905
2021-06-27,53.587997
2021-06-28,48.374
2021-06-29,42.184998
2021-06-30,47.536
2021-07-01,54.935997
2021-07-02,60.4475
2021-07-03,57.038998
2021-07-04,51.7115
2021-07-05,56.4645
2021-07-06,52.692497
2021-07-07,46.666
2021-07-08,41.432
2021-07-09,54.244
2021-07-10,44.810497
2021-07-11,56.2115
2021-07-12,60.117
2021-07-13,49.4445
2021-07-14,49.753498
2021-07-15,42.468998
2021-07-16,59.032497
2021-07-17,86.53
2021-07-18,78.6205
2021-07-19,92.7345
2021-07-20,65.9845
2021-07-21,55.2735
2021-07-22,53.522
2021-07-23,53.837997
2021-07-24,53.3555
2021-07-25,59.1475
2021-07-26,56.76
2021-07-27,52.803497
2021-07-28,49.6185
2021-07-29,53.8835
2021-07-30,51.859497
2021-07-31,57.852497
2021-08-01,60.4095
2021-08-02,58.1465
2021-08-03,64.747
2021-08-04,63.446
2021-08-05,75.718
2021-08-06,65.82
2021-08-07,55.453
2021-08-08,51.5645
2021-08-09,58.979
2021-08-10,54.003
2021-08-11,47.4755
2021-08-12,47.976498
2021-08-13,49.3295
2021-08-14,46.061996
2021-08-15,44.385498
2021-08-16,49.183
2021-08-17,72.054
2021-08-18,59.0435
2021-08-19,54.8115
2021-08-20,48.1625
2021-08-21,51.628
2021-08-22,48.350998
2021-08-23,72.232
2021-08-24,72.173996
2021-08-25,70.072495
2021-08-26,61.329998
2021-08-27,86.4385
2021-08-28,87.42
2021-08-29,86.196
2021-08-30,71.951996
2021-08-31,71.766
2021-09-01,61.6625
2021-09-02,61.861
2021-09-03,58.0915
2021-09-04,52.8215
2021-09-05,49.253
2021-09-06,46.333
2021-09-07,48.303497
2021-09-08,45.1865
2021-09-09,45.841
2021-09-10,50.464
2021-09-11,45.547497
2021-09-12,40.774998
2021-09-13,52.2465
2021-09-14,53.8635
2021-09-15,47.6185
2021-09-16,50.5225
2021-09-17,77.377
2021-09-18,67.0765
2021-09-19,60.383
2021-09-20,89.7435
2021-09-21,71.961
2021-09-22,80.6295
2021-09-23,74.326004
2021-09-24,63.3935
2021-09-25,66.9535
2021-09-26,70.5755
2021-09-27,74.653
2021-09-28,84.3055
2021-09-29,85.8375
2021-09-30,89.3255
2021-10-01,78.1525
2021-10-02,64.1145
2021-10-03,62.850998
2021-10-04,61.5825
2021-10-05,54.636997
2021-10-06,85.867
2021-10-07,88.3645
2021-10-08,80.145
2021-10-09,81.415
2021-10-10,92.54158
2021-10-11,90.99
2021-10-12,74.121
2021-10-13,77.0275
2021-10-14,79.318
2021-10-15,75.0645
2021-10-16,71.750496
2021-10-17,69.6165
2021-10-18,70.3885
2021-10-19,71.487
2021-10-20,67.6205
2021-10-21,58.969997
2021-10-22,92.58353
2021-10-23,65.234
2021-10-24,61.701
2021-10-25,65.029
2021-10-26,76.419
2021-10-27,73.795
2021-10-28,70.213
2021-10-29,69.882996
2021-10-30,72.8675
2021-10-31,73.7745
2021-11-01,71.953
2021-11-02,92.102104
2021-11-03,87.372
2021-11-04,87.078
2021-11-05,66.7045
2021-11-06,69.0585
2021-11-07,86.292
2021-11-08,87.9965
2021-11-09,78.161
2021-11-10,90.855
2021-11-11,92.15235
2021-11-12,93.37818
2021-11-13,94.71
2021-11-14,84.820496
2021-11-15,91.263
2021-11-16,74.604
2021-11-17,82.2155
2021-11-18,74.5655
2021-11-19,77.208
2021-11-20,79.5825
2021-11-21,85.3425
2021-11-22,93.66534
2021-11-23,78.4075
2021-11-24,83.3115
2021-11-25,90.9685
2021-11-26,93.492355
2021-11-27,93.61474
2021-11-28,94.24
2021-11-29,80.3655
2021-11-30,65.0725
2021-12-01,57.4735
2021-12-02,80.556
2021-12-03,70.3355
2021-12-04,76.624
2021-12-05,94.0975
2021-12-06,87.5335
2021-12-07,76.408
2021-12-08,81.9165
2021-12-09,94.383575
2021-12-10,94.54
2021-12-11,92.45158
2021-12-12,68.1315
2021-12-13,78.3595
2021-12-14,93.29823
2021-12-15,93.052666
2021-12-16,86.0885
2021-12-17,73.7455
2021-12-18,68.9055
2021-12-19,72.001
2021-12-20,63.7425
2021-12-21,60.996
2021-12-22,66.4705
2021-12-23,79.6745
2021-12-24,69.101
2021-12-25,79.9605
2021-12-26,88.5445
2021-12-27,93.97134
2021-12-28,93.24
2021-12-29,
2021-12-30,94.24
2021-12-31,86.921
2022-01-01,76.320496
2022-01-02,79.687
2022-01-03,68.751495
2022-01-04,73.876495
2022-01-05,68.4155
2022-01-06,77.538
2022-01-07,63.6405
2022-01-08,68.8385
2022-01-09,83.3225
2022-01-10,81.4675
2022-01-11,69.439995
2022-01-12,69.7615
2022-01-13,80.1275
2022-01-14,62.391
2022-01-15,69.106995
2022-01-16,78.8565
2022-01-17,71.9685
2022-01-18,59.5415
2022-01-19,73.0105
2022-01-20,70.927
2022-01-21,53.0215
2022-01-22,70.4765
2022-01-23,64.3445
2022-01-24,59.732998
2022-01-25,76.4195
2022-01-26,79.0505
2022-01-27,72.549995
2022-01-28,57.4965
2022-01-29,59.974
2022-01-30,41.562
2022-01-31,64.4155
2022-02-01,71.0635
2022-02-02,65.9705
2022-02-03,58.2425
2022-02-04,61.5715
2022-02-05,64.668
2022-02-06,56.231
2022-02-07,65.6135
2022-02-08,53.7585
2022-02-09,53.3755
2022-02-10,60.8965
2022-02-11,61.663498
2022-02-12,52.936
2022-02-13,56.8475
2022-02-14,75.878
2022-02-15,61.2985
2022-02-16,81.770996
2022-02-17,60.2975
2022-02-18,53.1945
2022-02-19,74.34
2022-02-20,81.6785
2022-02-21,88.46
2022-02-22,65.4195
2022-02-23,57.170998
2022-02-24,56.213997
2022-02-25,52.5025
2022-02-26,48.927998
2022-02-27,69.969
2022-02-28,69.8605
2022-03-01,60.138
2022-03-02,53.9155
2022-03-03,46.378998
2022-03-04,55.5965
2022-03-05,57.907497
2022-03-06,53.038998
2022-03-07,54.941998
2022-03-08,46.1335
2022-03-09,50.998497
2022-03-10,44.3575
2022-03-11,36.678997
2022-03-12,30.116499
2022-03-13,27.917498
2022-03-14,28.794495
2022-03-15,37.563496
2022-03-16,60.958
2022-03-17,69.24
2022-03-18,63.899
2022-03-19,47.094997
2022-03-20,35.692497
2022-03-21,28.051497
2022-03-22,27.230495
2022-03-23,29.223997
2022-03-24,27.952496
2022-03-25,34.5645
2022-03-26,31.467997
2022-03-27,43.761497
2022-03-28,36.987495
2022-03-29,34.941998
2022-03-30,53.7115
2022-03-31,90.09368
2022-04-01,90.901505
2022-04-02,86.4635
2022-04-03,74.2005
2022-04-04,57.628498
2022-04-05,57.4515
2022-04-06,49.260998
2022-04-07,60.258
2022-04-08,57.427
2022-04-09,68.2815
2022-04-10,54.794
2022-04-11,51.782997
2022-04-12,47.365997
2022-04-13,38.9895
2022-04-14,36.175495
2022-04-15,47.135498
2022-04-16,65.6505
2022-04-17,42.201
2022-04-18,51.2695
2022-04-19,84.2155
2022-04-20,66.9305
2022-04-21,57.3495
2022-04-22,82.808
2022-04-23,81.477
2022-04-24,71.201996
2022-04-25,65.335
2022-04-26,68.5035
2022-04-27,85.886
2022-04-28,68.9785
2022-04-29,46.9895
2022-04-30,52.197
2022-05-01,56.0165
2022-05-02,46.401497
2022-05-03,54.943497
2022-05-04,52.052
2022-05-05,50.925
2022-05-06,60.8715
2022-05-07,69.6225
2022-05-08,47.142498
2022-05-09,63.8465
2022-05-10,63.335
2022-05-11,53.399998
2022-05-12,48.7395
2022-05-13,55.664497
2022-05-14,52.691998
2022-05-15,48.953
2022-05-16,47.297497
2022-05-17,72.001495
2022-05-18,49.0375
2022-05-19,35.201496
2022-05-20,43.984997
2022-05-21,58.893497
2022-05-22,53.1895
2022-05-23,48.2995
2022-05-24,50.955997
2022-05-25,67.429
2022-05-26,61.858997
2022-05-27,55.5095
2022-05-28,83.43
2022-05-29,82.9945
2022-05-30,87.131996
2022-05-31,83.855995
2022-06-01,72.375
2022-06-02,68.159996
2022-06-03,59.0515
2022-06-04,67.534996
2022-06-05,62.0275
2022-06-06,59.5565
2022-06-07,59.296997
2022-06-08,79.6465
2022-06-09,83.685
2022-06-10,78.524
2022-06-11,62.854
2022-06-12,56.8345
2022-06-13,58.1185
2022-06-14,53.1515
2022-06-15,56.4435
2022-06-16,52.9095
2022-06-17,59.865997
2022-06-18,49.1695
2022-06-19,48.706997
2022-06-20,46.734497
2022-06-21,56.607998
2022-06-22,46.8285
2022-06-23,71.2605
2022-06-24,56.4595
2022-06-25,59.625
2022-06-26,59.499
2022-06-27,51.060997
2022-06-28,48.1805
2022-06-29,46.4545
2022-06-30,52.0965
2022-07-01,52.1115
2022-07-02,53.438
2022-07-03,49.382
2022-07-04,45.768997
2022-07-05,69.609
2022-07-06,53.714
2022-07-07,57.024998
2022-07-08,71.139496
2022-07-09,51.716
2022-07-10,53.711
2022-07-11,49.1815
2022-07-12,51.4515
2022-07-13,42.838497
2022-07-14,42.2665
2022-07-15,44.308
2022-07-16,60.969498
2022-07-17,36.323498
2022-07-18,35.319996
2022-07-19,33.449497
2022-07-20,35.485996
2022-07-21,35.8745
2022-07-22,32.834
2022-07-23,36.581997
2022-07-24,47.894497
2022-07-25,38.3985
2022-07-26,57.690998
2022-07-27,48.7375
2022-07-28,48.1975
2022-07-29,41.0335
2022-07-30,70.8445
2022-07-31,56.7985
2022-08-01,49.1805
2022-08-02,55.7765
2022-08-03,41.4635
2022-08-04,37.9095
2022-08-05,35.1905
2022-08-06,46.574497
2022-08-07,54.243
2022-08-08,51.897
2022-08-09,80.7215
2022-08-10,45.008
2022-08-11,38.253498
2022-08-12,42.611
2022-08-13,78.9395
2022-08-14,66.307
2022-08-15,48.985
2022-08-16,49.127
2022-08-17,46.771
2022-08-18,42.917
2022-08-19,48.7485
2022-08-20,75.632996
2022-08-21,79.417
2022-08-22,89.3725
2022-08-23,82.8025
2022-08-24,81.166
2022-08-25,71.8015
2022-08-26,54.608498
2022-08-27,52.731
2022-08-28,64.572
2022-08-29,71.8995
2022-08-30,73.1585
2022-08-31,56.657997
2022-09-01,82.708
2022-09-02,68.232
2022-09-03,64.535995
2022-09-04,68.3835
2022-09-05,61.0715
2022-09-06,55.6545
2022-09-07,54.7175
2022-09-08,61.732
2022-09-09,67.656
2022-09-10,66.8115
2022-09-11,67.971
2022-09-12,65.2115
2022-09-13,61.112
2022-09-14,57.178997
2022-09-15,68.776
2022-09-16,92.21684
2022-09-17,89.8415
2022-09-18,71.987495
2022-09-19,83.511
2022-09-20,75.1645
2022-09-21,72.1085
2022-09-22,69.917
2022-09-23,65.1705
2022-09-24,61.9265
2022-09-25,63.9795
2022-09-26,92.702774
2022-09-27,89.2755
2022-09-28,79.0255
2022-09-29,88.76
2022-09-30,83.526
2022-10-01,88.34
2022-10-02,75.349
2022-10-03,68.859
2022-10-04,72.1985
2022-10-05,72.4145
2022-10-06,72.590996
2022-10-07,75.7405
2022-10-08,75.54
2022-10-09,67.319
2022-10-10,70.6065
2022-10-11,83.9245
2022-10-12,78.438995
2022-10-13,77.366
2022-10-14,73.5405
2022-10-15,70.403496
2022-10-16,67.647995
2022-10-17,62.228
2022-10-18,62.731
2022-10-19,69.856
2022-10-20,64.129
2022-10-21,63.517498
2022-10-22,66.2915
2022-10-23,94.068184
2022-10-24,79.925995
2022-10-25,90.9995
2022-10-26,84.0385
2022-10-27,83.757996
2022-10-28,94.3375
2022-10-29,
2022-10-30,
2022-10-31,
2022-11-01,93.59167
2022-11-02,89.587
2022-11-03,74.585495
2022-11-04,92.03737
2022-11-05,86.564
2022-11-06,92.82474
2022-11-07,93.64294
2022-11-08,92.33941
2022-11-09,91.8245
2022-11-10,82.9565
2022-11-11,86.3
2022-11-12,92.3025
2022-11-13,80.3715
2022-11-14,87.8
2022-11-15,93.687996
2022-11-16,94.224
2022-11-17,91.5305
2022-11-18,95.16
2022-11-19,91.164734
2022-11-20,93.10625
2022-11-21,93.55461
2022-11-22,91.65369
2022-11-23,93.82166
2022-11-24,84.978
2022-11-25,86.6975
2022-11-26,89.987
2022-11-27,86.7275
2022-11-28,90.638504
2022-11-29,85.059
2022-11-30,86.825
2022-12-01,83.4825
2022-12-02,90.544
2022-12-03,91.266
2022-12-04,90.4845
2022-12-05,89.561
2022-12-06,89.404
2022-12-07,83.006996
2022-12-08,82.9635
2022-12-09,94.06167
2022-12-10,93.59214
2022-12-11,83.2135
2022-12-12,79.8525
2022-12-13,78.514496
2022-12-14,83.2475
2022-12-15,94.365555
2022-12-16,93.49389
2022-12-17,78.1075
2022-12-18,84.671
2022-12-19,92.63611
2022-12-20,93.25235
2022-12-21,94.410835
2022-12-22,91.0465
2022-12-23,91.89474
2022-12-24,84.409
2022-12-25,77.8245
2022-12-26,80.584496
2022-12-27,65.916
2022-12-28,68.1175
2022-12-29,83.5715
2022-12-30,80.287
2022-12-31,76.673996
2023-01-01,77.8655
2023-01-02,79.955
2023-01-03,76.7435
2023-01-04,80.2695
2023-01-05,80.984
2023-01-06,79.4015
2023-01-07,88.51
2023-01-08,78.2325
2023-01-09,85.264496
2023-01-10,86.212
2023-01-11,71.4675
2023-01-12,88.9305
2023-01-13,89.7875
2023-01-14,78.6095
2023-01-15,83.306496
2023-01-16,91.043
2023-01-17,89.7995
2023-01-18,88.267
2023-01-19,93.10529
2023-01-20,90.24
2023-01-21,92.33632
2023-01-22,94.31556
2023-01-23,93.09947
2023-01-24,89.38
2023-01-25,90.24737
2023-01-26,81.8975
2023-01-27,89.33
2023-01-28,88.188
2023-01-29,77.839
2023-01-30,74.4905
2023-01-31,68.9
2023-02-01,67.765495
2023-02-02,71.4335
2023-02-03,75.8295
2023-02-04,59.517498
2023-02-05,63.772
2023-02-06,63.544
2023-02-07,71.0475
2023-02-08,67.112495
2023-02-09,64.3435
2023-02-10,61.045998
2023-02-11,59.349
2023-02-12,68.908
2023-02-13,72.1875
2023-02-14,75.303
2023-02-15,78.974495
2023-02-16,74.6665
2023-02-17,66.0195
2023-02-18,62.334
2023-02-19,66.378
2023-02-20,62.822
2023-02-21,60.6895
2023-02-22,64.8245
2023-02-23,66.5825
2023-02-24,67.7335
2023-02-25,86.3485
2023-02-26,92.401054
2023-02-27,82.1485
2023-02-28,84.271996
2023-03-01,83.0135
2023-03-02,87.071
2023-03-03,89.528
2023-03-04,76.722
2023-03-05,64.7265
2023-03-06,78.7495
2023-03-07,90.3675
2023-03-08,69.6145
2023-03-09,69.6365
2023-03-10,84.247
2023-03-11,69.0385
2023-03-12,55.6675
2023-03-13,58.149498
2023-03-14,51.593998
2023-03-15,57.174
2023-03-16,51.904
2023-03-17,44.4725
2023-03-18,49.0145
2023-03-19,53.827
2023-03-20,64.382996
2023-03-21,58.179
2023-03-22,54.356
2023-03-23,50.664997
2023-03-24,47.924
2023-03-25,80.8185
2023-03-26,69.1605
2023-03-27,76.0445
2023-03-28,59.1615
2023-03-29,58.202
2023-03-30,61.006
2023-03-31,68.875
2023-04-01,87.163
2023-04-02,70.5855
2023-04-03,58.319
2023-04-04,49.092
2023-04-05,50.499
2023-04-06,46.1525
2023-04-07,68.568
2023-04-08,87.384
2023-04-09,82.1665
2023-04-10,62.368
2023-04-11,58.3675
2023-04-12,51.1515
2023-04-13,52.348
2023-04-14,86.3515
2023-04-15,86.455
2023-04-16,78.6365
2023-04-17,76.5815
2023-04-18,90.5725
2023-04-19,69.043
2023-04-20,70.7075
2023-04-21,55.035
2023-04-22,49.927
2023-04-23,44.558
2023-04-24,79.142
2023-04-25,64.6935
2023-04-26,55.220497
2023-04-27,49.4505
2023-04-28,54.3115
2023-04-29,61.4105
2023-04-30,63.0205
2023-05-01,56.142998
2023-05-02,69.917
2023-05-03,79.9815
2023-05-04,78.865
2023-05-05,64.393
2023-05-06,56.925
2023-05-07,66.763
2023-05-08,67.8495
2023-05-09,61.4855
2023-05-10,65.071
2023-05-11,76.628494
2023-05-12,87.5565
2023-05-13,81.3105
2023-05-14,94.52333
2023-05-15,92.45167
2023-05-16,89.7695
2023-05-17,90.271
2023-05-18,93.00895
2023-05-19,82.723
2023-05-20,66.0745
2023-05-21,59.8695
2023-05-22,61.6595
2023-05-23,60.295498
2023-05-24,64.865
2023-05-25,69.9545
2023-05-26,69.259995
2023-05-27,68.816
2023-05-28,57.518997
2023-05-29,78.026
2023-05-30,83.618996
2023-05-31,80.49
2023-06-01,72.894
2023-06-02,73.808
2023-06-03,58.524498
2023-06-04,52.817497
2023-06-05,75.691
2023-06-06,89.0575
2023-06-07,84.158
2023-06-08,79.772995
2023-06-09,79.116
2023-06-10,77.849495
2023-06-11,86.0795
2023-06-12,66.644
2023-06-13,60.740997
2023-06-14,53.7795
2023-06-15,53.988
2023-06-16,62.0785
2023-06-17,60.595997
2023-06-18,56.2015
2023-06-19,57.573997
2023-06-20,60.131996
2023-06-21,64.621
2023-06-22,69.4165
2023-06-23,66.773
2023-06-24,74.9875
2023-06-25,78.0555
2023-06-26,64.5925
2023-06-27,76.347496
2023-06-28,73.9795
2023-06-29,60.767
2023-06-30,55.469997
2023-07-01,62.372997
2023-07-02,63.9685
2023-07-03,59.031498
2023-07-04,79.8235
2023-07-05,71.3815
2023-07-06,59.44
2023-07-07,55.829998
2023-07-08,50.954
2023-07-09,53.424
2023-07-10,55.767498
2023-07-11,60.5655
2023-07-12,59.5695
2023-07-13,67.99
2023-07-14,70.678
2023-07-15,63.965
2023-07-16,59.8105
2023-07-17,60.1795
2023-07-18,56.376
2023-07-19,69.048
2023-07-20,58.7915
2023-07-21,65.1805
2023-07-22,74.2765
2023-07-23,74.013504
2023-07-24,64.635
2023-07-25,74.3775
2023-07-26,74.9
2023-07-27,60.083
2023-07-28,62.441498
2023-07-29,64.4565
2023-07-30,80.7895
2023-07-31,64.19
2023-08-01,68.0
2023-08-02,69.743996
2023-08-03,69.698
2023-08-04,76.7425
2023-08-05,88.703
2023-08-06,88.4925
2023-08-07,70.9275
2023-08-08,61.591
2023-08-09,62.986
2023-08-10,63.592
2023-08-11,57.183
2023-08-12,55.065998
2023-08-13,55.7845
2023-08-14,52.843
2023-08-15,54.539
2023-08-16,66.1355
2023-08-17,72.917
2023-08-18,82.469
2023-08-19,77.6555
2023-08-20,71.098
2023-08-21,63.1395
2023-08-22,58.876
2023-08-23,61.864
2023-08-24,64.9385
2023-08-25,60.851997
2023-08-26,53.4685
2023-08-27,51.789997
2023-08-28,60.89
2023-08-29,72.9385
2023-08-30,77.743
2023-08-31,80.9915
2023-09-01,67.5095
2023-09-02,60.23
2023-09-03,72.031
2023-09-04,56.343998
2023-09-05,54.3085
2023-09-06,49.203
2023-09-07,47.224
2023-09-08,48.404
2023-09-09,50.4055
2023-09-10,50.387997
2023-09-11,49.243
2023-09-12,49.916
2023-09-13,55.76
2023-09-14,70.5235
2023-09-15,62.913498
2023-09-16,70.363
2023-09-17,65.4415
2023-09-18,67.63
2023-09-19,68.252
2023-09-20,62.188
2023-09-21,63.0165
2023-09-22,60.5155
2023-09-23,91.2655
2023-09-24,91.408
2023-09-25,84.8245
2023-09-26,67.8495
2023-09-27,53.635498
2023-09-28,53.57
2023-09-29,57.202
2023-09-30,66.53
2023-10-01,60.551
2023-10-02,66.8125
2023-10-03,67.3465
2023-10-04,56.911
2023-10-05,60.357998
2023-10-06,60.654
2023-10-07,61.1835
2023-10-08,60.5555
2023-10-09,61.350998
2023-10-10,79.531494
2023-10-11,76.5555
2023-10-12,68.362495
2023-10-13,72.529495
2023-10-14,66.2775
2023-10-15,79.016
2023-10-16,68.972
2023-10-17,62.216
2023-10-18,59.598
2023-10-19,65.855995
2023-10-20,54.8145
2023-10-21,86.1475
2023-10-22,83.5105
2023-10-23,78.9525
2023-10-24,72.1975
2023-10-25,79.188995
2023-10-26,78.809
2023-10-27,89.011
2023-10-28,87.1145
2023-10-29,70.4075
2023-10-30,58.836
2023-10-31,68.695496
2023-11-01,79.3595
2023-11-02,70.4825
2023-11-03,80.1165
2023-11-04,89.662
2023-11-05,77.086494
2023-11-06,79.046
2023-11-07,84.752
2023-11-08,78.501495
2023-11-09,78.508995
2023-11-10,89.5455
2023-11-11,93.98461
2023-11-12,79.016
2023-11-13,83.5865
2023-11-14,86.1995
2023-11-15,81.3295
2023-11-16,73.2525
2023-11-17,78.859
2023-11-18,64.042496
2023-11-19,78.304
2023-11-20,78.1285
2023-11-21,88.6895
2023-11-22,85.4225
2023-11-23,81.445
2023-11-24,82.9655
2023-11-25,76.5545
2023-11-26,74.2005
2023-11-27,70.3455
2023-11-28,89.0215
2023-11-29,69.4665
2023-11-30,86.19
2023-12-01,93.21312
2023-12-02,92.88737
2023-12-03,70.21
2023-12-04,76.1785
2023-12-05,81.2065
2023-12-06,94.22546
2023-12-07,91.0555
2023-12-08,89.49
2023-12-09,93.348335
2023-12-10,
2023-12-11,85.726
2023-12-12,93.91937
2023-12-13,
2023-12-14,90.092
2023-12-15,79.6865
2023-12-16,77.9905
2023-12-17,86.6915
2023-12-18,72.8905
2023-12-19,75.264
2023-12-20,92.88556
2023-12-21,75.6505
2023-12-22,75.261
2023-12-23,86.186
2023-12-24,80.074
2023-12-25,69.194
2023-12-26,75.389496
2023-12-27,78.085
2023-12-28,75.2175
2023-12-29,72.917496
2023-12-30,80.725
2023-12-31,81.2845
2024-01-01,82.5135
2024-01-02,85.733
2024-01-03,76.187
2024-01-04,71.5325
2024-01-05,72.65
2024-01-06,83.9775
2024-01-07,90.717896
2024-01-08,84.874
2024-01-09,71.7475
2024-01-10,75.7465
2024-01-11,78.9125
2024-01-12,76.406
2024-01-13,79.293
2024-01-14,79.8315
2024-01-15,87.0145
2024-01-16,93.58071
2024-01-17,89.586
2024-01-18,82.6265
2024-01-19,83.973
2024-01-20,71.097496
2024-01-21,78.958496
2024-01-22,77.2155
2024-01-23,82.2495
2024-01-24,74.5555
2024-01-25,64.404495
2024-01-26,67.188995
2024-01-27,58.2445
2024-01-28,72.3645
2024-01-29,79.625
2024-01-30,80.0055
2024-01-31,73.3325
2024-02-01,73.201996
2024-02-02,73.6705
2024-02-03,65.197
2024-02-04,67.59
2024-02-05,63.427498
2024-02-06,67.0075
2024-02-07,66.368996
2024-02-08,65.7735
2024-02-09,60.6135
2024-02-10,64.172
2024-02-11,84.503
2024-02-12,88.3705
2024-02-13,73.3805
2024-02-14,69.9625
2024-02-15,63.4435
2024-02-16,61.941498
2024-02-17,67.526
2024-02-18,73.8735
2024-02-19,71.2845
2024-02-20,70.294495
2024-02-21,63.1145
2024-02-22,58.684498
2024-02-23,69.8935
2024-02-24,72.875
2024-02-25,92.9
2024-02-26,82.3955
2024-02-27,74.8805
2024-02-28,72.497
2024-02-29,75.06
2024-03-01,73.4405
2024-03-02,81.738
2024-03-03,69.6145
2024-03-04,63.801
2024-03-05,70.8115
2024-03-06,69.089
2024-03-07,77.093994
2024-03-08,84.7245
2024-03-09,81.685
2024-03-10,70.833
2024-03-11,71.6225
2024-03-12,93.45294
2024-03-13,70.723495
2024-03-14,70.7095
2024-03-15,63.003498
2024-03-16,78.99
2024-03-17,64.1045
2024-03-18,62.468
2024-03-19,57.6005
2024-03-20,50.933
2024-03-21,50.35
2024-03-22,62.1615
2024-03-23,61.3105
2024-03-24,80.1895
2024-03-25,63.7455
2024-03-26,49.364
2024-03-27,68.559
2024-03-28,60.0295
2024-03-29,67.7425
2024-03-30,46.347
2024-03-31,32.4195
2024-04-01,43.6075
2024-04-02,78.422
2024-04-03,61.134
2024-04-04,57.318
2024-04-05,61.4325
2024-04-06,59.304
2024-04-07,57.7635
2024-04-08,49.3135
2024-04-09,52.861
2024-04-10,63.3335
2024-04-11,66.3825
2024-04-12,58.229
2024-04-13,55.176
2024-04-14,53.4545
2024-04-15,38.798996
2024-04-16,77.7625
2024-04-17,85.0475
2024-04-18,67.4345
2024-04-19,56.649998
2024-04-20,56.6435
2024-04-21,65.3215
2024-04-22,70.455
2024-04-23,75.9765
2024-04-24,92.333496
2024-04-25,72.099
2024-04-26,60.4285
2024-04-27,60.719997
2024-04-28,50.64
2024-04-29,44.855
2024-04-30,47.962997
2024-05-01,55.896
2024-05-02,66.1135
2024-05-03,92.059
2024-05-04,79.848
2024-05-05,70.209
2024-05-06,58.84
2024-05-07,69.4795
2024-05-08,88.849
2024-05-09,68.9775
2024-05-10,61.7905
2024-05-11,58.658497
2024-05-12,59.77
2024-05-13,42.386497
2024-05-14,53.311
2024-05-15,62.114998
2024-05-16,69.568
2024-05-17,66.5635
2024-05-18,57.2255
2024-05-19,57.5075
2024-05-20,64.893
2024-05-21,79.9955
2024-05-22,76.037
2024-05-23,75.2045
2024-05-24,74.2075
2024-05-25,61.156998
2024-05-26,69.5275
2024-05-27,58.5275
2024-05-28,60.0025
2024-05-29,64.9165
2024-05-30,60.907497
2024-05-31,81.3825
2024-06-01,75.3985
2024-06-02,64.552
2024-06-03,87.554
2024-06-04,85.4035
2024-06-05,71.0245
2024-06-06,64.301
2024-06-07,60.6895
2024-06-08,58.202
2024-06-09,74.0635
2024-06-10,75.7775
2024-06-11,79.4265
2024-06-12,77.75
2024-06-13,84.5485
2024-06-14,67.006
2024-06-15,62.239998
2024-06-16,66.892
2024-06-17,65.7585
2024-06-18,62.5515
2024-06-19,59.1755
2024-06-20,65.4115
2024-06-21,67.158
2024-06-22,69.6005
2024-06-23,68.9575
2024-06-24,56.802998
2024-06-25,58.696
2024-06-26,71.1715
2024-06-27,81.465
2024-06-28,74.463
2024-06-29,64.2135
2024-06-30,63.801
2024-07-01,63.2585
2024-07-02,69.2045
2024-07-03,58.9125
2024-07-04,60.392998
2024-07-05,55.722
2024-07-06,51.346
2024-07-07,53.0725
2024-07-08,54.580498
2024-07-09,58.454998
2024-07-10,52.347
2024-07-11,45.524498
2024-07-12,49.1965
2024-07-13,54.9805
2024-07-14,58.091
2024-07-15,57.4045
2024-07-16,56.2045
2024-07-17,50.8395
2024-07-18,55.163
2024-07-19,51.754997
2024-07-20,79.351
2024-07-21,72.7325
2024-07-22,61.64
2024-07-23,60.3125
2024-07-24,50.68
2024-07-25,50.7315
2024-07-26,45.927998
2024-07-27,42.928997
2024-07-28,43.1875
2024-07-29,44.824497
2024-07-30,41.2095
2024-07-31,38.918
2024-08-01,36.270996
2024-08-02,69.041
2024-08-03,61.891
2024-08-04,65.7605
2024-08-05,69.2295
2024-08-06,57.191998
2024-08-07,47.879498
2024-08-08,60.580498
2024-08-09,58.6805
2024-08-10,50.254997
2024-08-11,51.8255
2024-08-12,44.871998
2024-08-13,40.882496
2024-08-14,42.373497
2024-08-15,52.069
2024-08-16,48.7795
2024-08-17,46.1745
2024-08-18,57.177498
2024-08-19,63.0295
2024-08-20,58.853
2024-08-21,52.3965
2024-08-22,50.371998
2024-08-23,45.358498
2024-08-24,38.724495
2024-08-25,39.719997
2024-08-26,51.8435
2024-08-27,56.204998
2024-08-28,53.988
2024-08-29,42.0985
2024-08-30,38.936996
2024-08-31,38.880497
2024-09-01,37.085495
2024-09-02,36.3505
2024-09-03,30.818499
2024-09-04,32.009
2024-09-05,35.221497
2024-09-06,58.193
2024-09-07,60.178497
2024-09-08,55.179
2024-09-09,69.108
2024-09-10,70.775
2024-09-11,58.525497
2024-09-12,68.2895
2024-09-13,92.109
2024-09-14,95.16
2024-09-15,94.7
2024-09-16,
2024-09-17,85.104996
2024-09-18,73.938
2024-09-19,59.144497
2024-09-20,66.2005
2024-09-21,54.209
2024-09-22,47.332
2024-09-23,50.516
2024-09-24,69.5125
2024-09-25,81.270996
2024-09-26,65.783
2024-09-27,56.066498
2024-09-28,85.858
2024-09-29,72.7415
2024-09-30,68.4295
2024-10-01,74.1715
2024-10-02,81.491
2024-10-03,89.3025
2024-10-04,88.79
2024-10-05,85.12473
2024-10-06,88.87369
2024-10-07,85.23
2024-10-08,76.076004
2024-10-09,79.927
2024-10-10,69.911995
2024-10-11,79.654495
2024-10-12,82.499
2024-10-13,86.19
2024-10-14,72.597496
2024-10-15,81.392
2024-10-16,73.6
2024-10-17,78.015
2024-10-18,72.2275
2024-10-19,76.9425
2024-10-20,79.137
2024-10-21,81.094
2024-10-22,78.505
2024-10-23,79.073
2024-10-24,77.734
2024-10-25,83.096
2024-10-26,82.808
2024-10-27,79.695496
2024-10-28,87.04611
2024-10-29,85.5455
2024-10-30,86.6585
2024-10-31,82.951996
2024-11-01,89.13555
2024-11-02,86.4245
2024-11-03,70.223
2024-11-04,77.76
2024-11-05,80.2995
2024-11-06,80.035995
2024-11-07,79.7015
2024-11-08,80.876495
2024-11-09,83.29894
2024-11-10,92.01111
2024-11-11,88.20357
2024-11-12,82.38052
2024-11-13,84.963
2024-11-14,83.6235
2024-11-15,84.54105
2024-11-16,89.445
2024-11-17,94.24125
2024-11-18,93.015
2024-11-19,90.04588
2024-11-20,83.42895
2024-11-21,75.041
2024-11-22,87.59053
2024-11-23,79.353
2024-11-24,72.495
2024-11-25,78.179
2024-11-26,83.9495
2024-11-27,92.15154
2024-11-28,91.44546
2024-11-29,86.975
2024-11-30,82.307
2024-12-01,85.80526
2024-12-02,88.62055
2024-12-03,89.51278
2024-12-04,88.39687
2024-12-05,87.575
2024-12-06,91.8275
2024-12-07,89.34882
2024-12-08,87.90211
2024-12-09,89.07867
2024-12-10,90.68375
2024-12-11,89.73059
2024-12-12,82.966
2024-12-13,85.8075
2024-12-14,87.441055
2024-12-15,85.158
2024-12-16,80.89263
2024-12-17,87.84333
2024-12-18,87.64059
2024-12-19,86.36
2024-12-20,82.9355
2024-12-21,75.0385
2024-12-22,82.167
2024-12-23,91.99923
2024-12-24,82.3045
2024-12-25,73.548
2024-12-26,79.3585
2024-12-27,75.8555
2024-12-28,85.59277
2024-12-29,90.00471
2024-12-30,92.03222
2024-12-31,94.412
