time,qq
1960-01-01,64.0
1960-01-02,23.0
1960-01-03,29.0
1960-01-04,26.0
1960-01-05,54.0
1960-01-06,27.0
1960-01-07,29.0
1960-01-08,34.0
1960-01-09,36.0
1960-01-10,53.0
1960-01-11,42.0
1960-01-12,27.0
1960-01-13,29.0
1960-01-14,19.0
1960-01-15,39.0
1960-01-16,27.0
1960-01-17,39.0
1960-01-18,42.0
1960-01-19,99.0
1960-01-20,53.0
1960-01-21,52.0
1960-01-22,87.0
1960-01-23,42.0
1960-01-24,42.0
1960-01-25,43.0
1960-01-26,68.0
1960-01-27,46.0
1960-01-28,44.0
1960-01-29,36.0
1960-01-30,73.0
1960-01-31,94.0
1960-02-01,101.0
1960-02-02,105.0
1960-02-03,112.0
1960-02-04,115.0
1960-02-05,133.0
1960-02-06,118.0
1960-02-07,108.0
1960-02-08,87.0
1960-02-09,120.0
1960-02-10,66.0
1960-02-11,77.0
1960-02-12,37.0
1960-02-13,115.0
1960-02-14,46.0
1960-02-15,73.0
1960-02-16,56.0
1960-02-17,32.0
1960-02-18,48.0
1960-02-19,40.0
1960-02-20,85.0
1960-02-21,73.0
1960-02-22,63.0
1960-02-23,41.0
1960-02-24,73.0
1960-02-25,90.0
1960-02-26,102.0
1960-02-27,121.0
1960-02-28,43.0
1960-02-29,53.0
1960-03-01,46.0
1960-03-02,31.0
1960-03-03,109.0
1960-03-04,84.0
1960-03-05,116.0
1960-03-06,127.0
1960-03-07,163.0
1960-03-08,143.0
1960-03-09,187.0
1960-03-10,188.0
1960-03-11,173.0
1960-03-12,121.0
1960-03-13,100.0
1960-03-14,115.0
1960-03-15,120.0
1960-03-16,72.0
1960-03-17,78.0
1960-03-18,101.0
1960-03-19,63.0
1960-03-20,86.0
1960-03-21,143.0
1960-03-22,229.0
1960-03-23,167.0
1960-03-24,156.0
1960-03-25,194.0
1960-03-26,141.0
1960-03-27,62.0
1960-03-28,166.0
1960-03-29,66.0
1960-03-30,150.0
1960-03-31,180.0
1960-04-01,194.0
1960-04-02,200.0
1960-04-03,162.0
1960-04-04,148.0
1960-04-05,156.0
1960-04-06,162.0
1960-04-07,159.0
1960-04-08,47.0
1960-04-09,68.0
1960-04-10,121.0
1960-04-11,200.0
1960-04-12,225.0
1960-04-13,201.0
1960-04-14,195.0
1960-04-15,159.0
1960-04-16,141.0
1960-04-17,294.0
1960-04-18,234.0
1960-04-19,269.0
1960-04-20,155.0
1960-04-21,246.0
1960-04-22,263.0
1960-04-23,144.0
1960-04-24,249.0
1960-04-25,193.0
1960-04-26,258.0
1960-04-27,211.0
1960-04-28,159.0
1960-04-29,102.0
1960-04-30,203.0
1960-05-01,150.0
1960-05-02,197.0
1960-05-03,284.0
1960-05-04,248.0
1960-05-05,232.0
1960-05-06,132.0
1960-05-07,156.0
1960-05-08,88.0
1960-05-09,156.0
1960-05-10,190.0
1960-05-11,269.0
1960-05-12,310.0
1960-05-13,294.0
1960-05-14,256.0
1960-05-15,285.0
1960-05-16,306.0
1960-05-17,288.0
1960-05-18,234.0
1960-05-19,270.0
1960-05-20,142.0
1960-05-21,228.0
1960-05-22,270.0
1960-05-23,205.0
1960-05-24,282.0
1960-05-25,243.0
1960-05-26,248.0
1960-05-27,209.0
1960-05-28,61.0
1960-05-29,49.0
1960-05-30,117.0
1960-05-31,244.0
1960-06-01,258.0
1960-06-02,293.0
1960-06-03,292.0
1960-06-04,248.0
1960-06-05,272.0
1960-06-06,262.0
1960-06-07,235.0
1960-06-08,251.0
1960-06-09,274.0
1960-06-10,300.0
1960-06-11,120.0
1960-06-12,306.0
1960-06-13,287.0
1960-06-14,270.0
1960-06-15,293.0
1960-06-16,271.0
1960-06-17,282.0
1960-06-18,202.0
1960-06-19,331.0
1960-06-20,205.0
1960-06-21,272.0
1960-06-22,203.0
1960-06-23,294.0
1960-06-24,224.0
1960-06-25,208.0
1960-06-26,195.0
1960-06-27,137.0
1960-06-28,272.0
1960-06-29,150.0
1960-06-30,184.0
1960-07-01,249.0
1960-07-02,238.0
1960-07-03,204.0
1960-07-04,218.0
1960-07-05,287.0
1960-07-06,233.0
1960-07-07,245.0
1960-07-08,273.0
1960-07-09,191.0
1960-07-10,227.0
1960-07-11,309.0
1960-07-12,389.0
1960-07-13,125.0
1960-07-14,228.0
1960-07-15,309.0
1960-07-16,227.0
1960-07-17,247.0
1960-07-18,304.0
1960-07-19,304.0
1960-07-20,377.0
1960-07-21,170.0
1960-07-22,247.0
1960-07-23,275.0
1960-07-24,120.0
1960-07-25,109.0
1960-07-26,258.0
1960-07-27,110.0
1960-07-28,196.0
1960-07-29,297.0
1960-07-30,279.0
1960-07-31,283.0
1960-08-01,325.0
1960-08-02,252.0
1960-08-03,260.0
1960-08-04,206.0
1960-08-05,299.0
1960-08-06,229.0
1960-08-07,259.0
1960-08-08,282.0
1960-08-09,77.0
1960-08-10,264.0
1960-08-11,231.0
1960-08-12,244.0
1960-08-13,227.0
1960-08-14,246.0
1960-08-15,232.0
1960-08-16,237.0
1960-08-17,254.0
1960-08-18,264.0
1960-08-19,232.0
1960-08-20,234.0
1960-08-21,197.0
1960-08-22,232.0
1960-08-23,245.0
1960-08-24,205.0
1960-08-25,234.0
1960-08-26,253.0
1960-08-27,233.0
1960-08-28,225.0
1960-08-29,164.0
1960-08-30,213.0
1960-08-31,130.0
1960-09-01,189.0
1960-09-02,188.0
1960-09-03,237.0
1960-09-04,226.0
1960-09-05,207.0
1960-09-06,75.0
1960-09-07,176.0
1960-09-08,132.0
1960-09-09,167.0
1960-09-10,196.0
1960-09-11,155.0
1960-09-12,191.0
1960-09-13,223.0
1960-09-14,184.0
1960-09-15,151.0
1960-09-16,137.0
1960-09-17,161.0
1960-09-18,172.0
1960-09-19,177.0
1960-09-20,192.0
1960-09-21,237.0
1960-09-22,127.0
1960-09-23,110.0
1960-09-24,178.0
1960-09-25,181.0
1960-09-26,160.0
1960-09-27,141.0
1960-09-28,13.0
1960-09-29,135.0
1960-09-30,93.0
1960-10-01,57.0
1960-10-02,116.0
1960-10-03,174.0
1960-10-04,178.0
1960-10-05,171.0
1960-10-06,150.0
1960-10-07,141.0
1960-10-08,124.0
1960-10-09,153.0
1960-10-10,54.0
1960-10-11,42.0
1960-10-12,40.0
1960-10-13,44.0
1960-10-14,125.0
1960-10-15,76.0
1960-10-16,61.0
1960-10-17,117.0
1960-10-18,108.0
1960-10-19,84.0
1960-10-20,97.0
1960-10-21,43.0
1960-10-22,74.0
1960-10-23,95.0
1960-10-24,110.0
1960-10-25,63.0
1960-10-26,31.0
1960-10-27,90.0
1960-10-28,87.0
1960-10-29,98.0
1960-10-30,94.0
1960-10-31,99.0
1960-11-01,97.0
1960-11-02,36.0
1960-11-03,18.0
1960-11-04,67.0
1960-11-05,59.0
1960-11-06,48.0
1960-11-07,23.0
1960-11-08,63.0
1960-11-09,27.0
1960-11-10,53.0
1960-11-11,46.0
1960-11-12,40.0
1960-11-13,20.0
1960-11-14,27.0
1960-11-15,0.0
1960-11-16,54.0
1960-11-17,49.0
1960-11-18,38.0
1960-11-19,39.0
1960-11-20,46.0
1960-11-21,77.0
1960-11-22,47.0
1960-11-23,62.0
1960-11-24,30.0
1960-11-25,27.0
1960-11-26,22.0
1960-11-27,26.0
1960-11-28,35.0
1960-11-29,26.0
1960-11-30,64.0
1960-12-01,60.0
1960-12-02,74.0
1960-12-03,42.0
1960-12-04,27.0
1960-12-05,60.0
1960-12-06,25.0
1960-12-07,50.0
1960-12-08,25.0
1960-12-09,36.0
1960-12-10,19.0
1960-12-11,26.0
1960-12-12,23.0
1960-12-13,18.0
1960-12-14,24.0
1960-12-15,41.0
1960-12-16,35.0
1960-12-17,14.0
1960-12-18,23.0
1960-12-19,48.0
1960-12-20,39.0
1960-12-21,55.0
1960-12-22,29.0
1960-12-23,25.0
1960-12-24,35.0
1960-12-25,64.0
1960-12-26,65.0
1960-12-27,47.0
1960-12-28,53.0
1960-12-29,20.0
1960-12-30,29.0
1960-12-31,35.0
1961-01-01,12.0
1961-01-02,28.0
1961-01-03,50.0
1961-01-04,48.0
1961-01-05,52.0
1961-01-06,41.0
1961-01-07,30.0
1961-01-08,32.0
1961-01-09,25.0
1961-01-10,16.0
1961-01-11,49.0
1961-01-12,19.0
1961-01-13,73.0
1961-01-14,52.0
1961-01-15,50.0
1961-01-16,56.0
1961-01-17,68.0
1961-01-18,91.0
1961-01-19,42.0
1961-01-20,64.0
1961-01-21,93.0
1961-01-22,62.0
1961-01-23,55.0
1961-01-24,48.0
1961-01-25,39.0
1961-01-26,92.0
1961-01-27,73.0
1961-01-28,89.0
1961-01-29,87.0
1961-01-30,81.0
1961-01-31,42.0
1961-02-01,40.0
1961-02-02,73.0
1961-02-03,60.0
1961-02-04,83.0
1961-02-05,48.0
1961-02-06,119.0
1961-02-07,51.0
1961-02-08,48.0
1961-02-09,53.0
1961-02-10,48.0
1961-02-11,73.0
1961-02-12,45.0
1961-02-13,96.0
1961-02-14,139.0
1961-02-15,86.0
1961-02-16,46.0
1961-02-17,78.0
1961-02-18,92.0
1961-02-19,83.0
1961-02-20,25.0
1961-02-21,57.0
1961-02-22,101.0
1961-02-23,70.0
1961-02-24,62.0
1961-02-25,52.0
1961-02-26,89.0
1961-02-27,125.0
1961-02-28,154.0
1961-03-01,110.0
1961-03-02,124.0
1961-03-03,123.0
1961-03-04,140.0
1961-03-05,115.0
1961-03-06,156.0
1961-03-07,135.0
1961-03-08,174.0
1961-03-09,157.0
1961-03-10,173.0
1961-03-11,158.0
1961-03-12,127.0
1961-03-13,101.0
1961-03-14,74.0
1961-03-15,135.0
1961-03-16,173.0
1961-03-17,184.0
1961-03-18,190.0
1961-03-19,90.0
1961-03-20,184.0
1961-03-21,109.0
1961-03-22,150.0
1961-03-23,134.0
1961-03-24,104.0
1961-03-25,131.0
1961-03-26,121.0
1961-03-27,117.0
1961-03-28,161.0
1961-03-29,171.0
1961-03-30,176.0
1961-03-31,102.0
1961-04-01,201.0
1961-04-02,153.0
1961-04-03,172.0
1961-04-04,201.0
1961-04-05,226.0
1961-04-06,223.0
1961-04-07,207.0
1961-04-08,245.0
1961-04-09,233.0
1961-04-10,174.0
1961-04-11,201.0
1961-04-12,242.0
1961-04-13,257.0
1961-04-14,271.0
1961-04-15,239.0
1961-04-16,258.0
1961-04-17,187.0
1961-04-18,123.0
1961-04-19,166.0
1961-04-20,124.0
1961-04-21,290.0
1961-04-22,228.0
1961-04-23,257.0
1961-04-24,253.0
1961-04-25,156.0
1961-04-26,138.0
1961-04-27,213.0
1961-04-28,187.0
1961-04-29,190.0
1961-04-30,96.0
1961-05-01,99.0
1961-05-02,210.0
1961-05-03,248.0
1961-05-04,249.0
1961-05-05,259.0
1961-05-06,297.0
1961-05-07,164.0
1961-05-08,194.0
1961-05-09,246.0
1961-05-10,228.0
1961-05-11,193.0
1961-05-12,267.0
1961-05-13,319.0
1961-05-14,217.0
1961-05-15,217.0
1961-05-16,119.0
1961-05-17,172.0
1961-05-18,217.0
1961-05-19,298.0
1961-05-20,214.0
1961-05-21,132.0
1961-05-22,208.0
1961-05-23,323.0
1961-05-24,198.0
1961-05-25,222.0
1961-05-26,245.0
1961-05-27,226.0
1961-05-28,267.0
1961-05-29,208.0
1961-05-30,277.0
1961-05-31,324.0
1961-06-01,311.0
1961-06-02,243.0
1961-06-03,283.0
1961-06-04,234.0
1961-06-05,186.0
1961-06-06,211.0
1961-06-07,144.0
1961-06-08,303.0
1961-06-09,241.0
1961-06-10,292.0
1961-06-11,210.0
1961-06-12,122.0
1961-06-13,326.0
1961-06-14,203.0
1961-06-15,246.0
1961-06-16,334.0
1961-06-17,331.0
1961-06-18,327.0
1961-06-19,348.0
1961-06-20,332.0
1961-06-21,329.0
1961-06-22,314.0
1961-06-23,248.0
1961-06-24,286.0
1961-06-25,336.0
1961-06-26,307.0
1961-06-27,315.0
1961-06-28,239.0
1961-06-29,308.0
1961-06-30,315.0
1961-07-01,331.0
1961-07-02,318.0
1961-07-03,317.0
1961-07-04,301.0
1961-07-05,222.0
1961-07-06,335.0
1961-07-07,281.0
1961-07-08,317.0
1961-07-09,263.0
1961-07-10,324.0
1961-07-11,261.0
1961-07-12,239.0
1961-07-13,282.0
1961-07-14,241.0
1961-07-15,311.0
1961-07-16,349.0
1961-07-17,301.0
1961-07-18,326.0
1961-07-19,276.0
1961-07-20,153.0
1961-07-21,232.0
1961-07-22,275.0
1961-07-23,264.0
1961-07-24,180.0
1961-07-25,250.0
1961-07-26,290.0
1961-07-27,292.0
1961-07-28,311.0
1961-07-29,152.0
1961-07-30,115.0
1961-07-31,234.0
1961-08-01,297.0
1961-08-02,284.0
1961-08-03,262.0
1961-08-04,248.0
1961-08-05,270.0
1961-08-06,302.0
1961-08-07,298.0
1961-08-08,257.0
1961-08-09,330.0
1961-08-10,254.0
1961-08-11,309.0
1961-08-12,280.0
1961-08-13,139.0
1961-08-14,290.0
1961-08-15,302.0
1961-08-16,179.0
1961-08-17,212.0
1961-08-18,215.0
1961-08-19,232.0
1961-08-20,168.0
1961-08-21,241.0
1961-08-22,286.0
1961-08-23,201.0
1961-08-24,226.0
1961-08-25,178.0
1961-08-26,226.0
1961-08-27,236.0
1961-08-28,212.0
1961-08-29,237.0
1961-08-30,247.0
1961-08-31,244.0
1961-09-01,238.0
1961-09-02,217.0
1961-09-03,234.0
1961-09-04,168.0
1961-09-05,226.0
1961-09-06,231.0
1961-09-07,221.0
1961-09-08,181.0
1961-09-09,129.0
1961-09-10,93.0
1961-09-11,111.0
1961-09-12,216.0
1961-09-13,176.0
1961-09-14,203.0
1961-09-15,192.0
1961-09-16,206.0
1961-09-17,212.0
1961-09-18,204.0
1961-09-19,181.0
1961-09-20,206.0
1961-09-21,203.0
1961-09-22,207.0
1961-09-23,196.0
1961-09-24,190.0
1961-09-25,177.0
1961-09-26,145.0
1961-09-27,149.0
1961-09-28,154.0
1961-09-29,165.0
1961-09-30,85.0
1961-10-01,135.0
1961-10-02,120.0
1961-10-03,143.0
1961-10-04,149.0
1961-10-05,149.0
1961-10-06,135.0
1961-10-07,150.0
1961-10-08,182.0
1961-10-09,105.0
1961-10-10,141.0
1961-10-11,140.0
1961-10-12,126.0
1961-10-13,103.0
1961-10-14,64.0
1961-10-15,75.0
1961-10-16,139.0
1961-10-17,126.0
1961-10-18,68.0
1961-10-19,79.0
1961-10-20,106.0
1961-10-21,121.0
1961-10-22,79.0
1961-10-23,62.0
1961-10-24,131.0
1961-10-25,124.0
1961-10-26,109.0
1961-10-27,131.0
1961-10-28,144.0
1961-10-29,85.0
1961-10-30,67.0
1961-10-31,96.0
1961-11-01,96.0
1961-11-02,102.0
1961-11-03,115.0
1961-11-04,61.0
1961-11-05,37.0
1961-11-06,35.0
1961-11-07,39.0
1961-11-08,27.0
1961-11-09,51.0
1961-11-10,40.0
1961-11-11,34.0
1961-11-12,55.0
1961-11-13,30.0
1961-11-14,60.0
1961-11-15,49.0
1961-11-16,27.0
1961-11-17,34.0
1961-11-18,23.0
1961-11-19,66.0
1961-11-20,52.0
1961-11-21,69.0
1961-11-22,65.0
1961-11-23,92.0
1961-11-24,86.0
1961-11-25,16.0
1961-11-26,28.0
1961-11-27,43.0
1961-11-28,27.0
1961-11-29,34.0
1961-11-30,37.0
1961-12-01,40.0
1961-12-02,71.0
1961-12-03,29.0
1961-12-04,65.0
1961-12-05,49.0
1961-12-06,33.0
1961-12-07,27.0
1961-12-08,26.0
1961-12-09,70.0
1961-12-10,25.0
1961-12-11,19.0
1961-12-12,31.0
1961-12-13,37.0
1961-12-14,71.0
1961-12-15,36.0
1961-12-16,47.0
1961-12-17,72.0
1961-12-18,35.0
1961-12-19,31.0
1961-12-20,42.0
1961-12-21,40.0
1961-12-22,55.0
1961-12-23,45.0
1961-12-24,39.0
1961-12-25,43.0
1961-12-26,56.0
1961-12-27,17.0
1961-12-28,23.0
1961-12-29,28.0
1961-12-30,46.0
1961-12-31,34.0
1962-01-01,18.0
1962-01-02,22.0
1962-01-03,58.0
1962-01-04,35.0
1962-01-05,40.0
1962-01-06,24.0
1962-01-07,36.0
1962-01-08,50.0
1962-01-09,35.0
1962-01-10,38.0
1962-01-11,56.0
1962-01-12,22.0
1962-01-13,23.0
1962-01-14,34.0
1962-01-15,44.0
1962-01-16,55.0
1962-01-17,50.0
1962-01-18,27.0
1962-01-19,43.0
1962-01-20,38.0
1962-01-21,44.0
1962-01-22,71.0
1962-01-23,59.0
1962-01-24,93.0
1962-01-25,58.0
1962-01-26,53.0
1962-01-27,46.0
1962-01-28,77.0
1962-01-29,68.0
1962-01-30,42.0
1962-01-31,42.0
1962-02-01,52.0
1962-02-02,45.0
1962-02-03,45.0
1962-02-04,76.0
1962-02-05,62.0
1962-02-06,85.0
1962-02-07,85.0
1962-02-08,45.0
1962-02-09,45.0
1962-02-10,57.0
1962-02-11,30.0
1962-02-12,63.0
1962-02-13,43.0
1962-02-14,36.0
1962-02-15,84.0
1962-02-16,81.0
1962-02-17,86.0
1962-02-18,104.0
1962-02-19,47.0
1962-02-20,82.0
1962-02-21,99.0
1962-02-22,108.0
1962-02-23,113.0
1962-02-24,71.0
1962-02-25,94.0
1962-02-26,146.0
1962-02-27,118.0
1962-02-28,58.0
1962-03-01,82.0
1962-03-02,43.0
1962-03-03,99.0
1962-03-04,59.0
1962-03-05,56.0
1962-03-06,86.0
1962-03-07,29.0
1962-03-08,105.0
1962-03-09,166.0
1962-03-10,75.0
1962-03-11,59.0
1962-03-12,56.0
1962-03-13,92.0
1962-03-14,75.0
1962-03-15,44.0
1962-03-16,78.0
1962-03-17,68.0
1962-03-18,91.0
1962-03-19,164.0
1962-03-20,156.0
1962-03-21,109.0
1962-03-22,0.0
1962-03-23,55.0
1962-03-24,34.0
1962-03-25,114.0
1962-03-26,125.0
1962-03-27,177.0
1962-03-28,110.0
1962-03-29,199.0
1962-03-30,110.0
1962-03-31,64.0
1962-04-01,126.0
1962-04-02,160.0
1962-04-03,252.0
1962-04-04,210.0
1962-04-05,105.0
1962-04-06,54.0
1962-04-07,158.0
1962-04-08,146.0
1962-04-09,247.0
1962-04-10,167.0
1962-04-11,112.0
1962-04-12,121.0
1962-04-13,160.0
1962-04-14,156.0
1962-04-15,117.0
1962-04-16,183.0
1962-04-17,179.0
1962-04-18,173.0
1962-04-19,287.0
1962-04-20,243.0
1962-04-21,253.0
1962-04-22,263.0
1962-04-23,262.0
1962-04-24,237.0
1962-04-25,255.0
1962-04-26,285.0
1962-04-27,223.0
1962-04-28,208.0
1962-04-29,209.0
1962-04-30,229.0
1962-05-01,237.0
1962-05-02,242.0
1962-05-03,244.0
1962-05-04,215.0
1962-05-05,239.0
1962-05-06,284.0
1962-05-07,151.0
1962-05-08,262.0
1962-05-09,263.0
1962-05-10,172.0
1962-05-11,143.0
1962-05-12,247.0
1962-05-13,234.0
1962-05-14,217.0
1962-05-15,240.0
1962-05-16,236.0
1962-05-17,270.0
1962-05-18,256.0
1962-05-19,219.0
1962-05-20,200.0
1962-05-21,75.0
1962-05-22,307.0
1962-05-23,299.0
1962-05-24,346.0
1962-05-25,282.0
1962-05-26,267.0
1962-05-27,222.0
1962-05-28,267.0
1962-05-29,263.0
1962-05-30,199.0
1962-05-31,295.0
1962-06-01,177.0
1962-06-02,169.0
1962-06-03,98.0
1962-06-04,223.0
1962-06-05,209.0
1962-06-06,101.0
1962-06-07,159.0
1962-06-08,157.0
1962-06-09,210.0
1962-06-10,251.0
1962-06-11,211.0
1962-06-12,191.0
1962-06-13,245.0
1962-06-14,276.0
1962-06-15,289.0
1962-06-16,305.0
1962-06-17,183.0
1962-06-18,202.0
1962-06-19,316.0
1962-06-20,304.0
1962-06-21,232.0
1962-06-22,304.0
1962-06-23,314.0
1962-06-24,313.0
1962-06-25,296.0
1962-06-26,161.0
1962-06-27,180.0
1962-06-28,245.0
1962-06-29,282.0
1962-06-30,246.0
1962-07-01,241.0
1962-07-02,263.0
1962-07-03,152.0
1962-07-04,144.0
1962-07-05,183.0
1962-07-06,221.0
1962-07-07,270.0
1962-07-08,227.0
1962-07-09,285.0
1962-07-10,260.0
1962-07-11,297.0
1962-07-12,277.0
1962-07-13,253.0
1962-07-14,244.0
1962-07-15,174.0
1962-07-16,256.0
1962-07-17,216.0
1962-07-18,209.0
1962-07-19,57.0
1962-07-20,292.0
1962-07-21,305.0
1962-07-22,330.0
1962-07-23,243.0
1962-07-24,238.0
1962-07-25,315.0
1962-07-26,312.0
1962-07-27,317.0
1962-07-28,293.0
1962-07-29,263.0
1962-07-30,200.0
1962-07-31,287.0
1962-08-01,297.0
1962-08-02,281.0
1962-08-03,239.0
1962-08-04,285.0
1962-08-05,267.0
1962-08-06,275.0
1962-08-07,314.0
1962-08-08,275.0
1962-08-09,205.0
1962-08-10,254.0
1962-08-11,268.0
1962-08-12,264.0
1962-08-13,242.0
1962-08-14,272.0
1962-08-15,248.0
1962-08-16,158.0
1962-08-17,256.0
1962-08-18,217.0
1962-08-19,229.0
1962-08-20,160.0
1962-08-21,222.0
1962-08-22,206.0
1962-08-23,235.0
1962-08-24,162.0
1962-08-25,194.0
1962-08-26,275.0
1962-08-27,264.0
1962-08-28,219.0
1962-08-29,233.0
1962-08-30,183.0
1962-08-31,211.0
1962-09-01,179.0
1962-09-02,248.0
1962-09-03,260.0
1962-09-04,221.0
1962-09-05,215.0
1962-09-06,182.0
1962-09-07,194.0
1962-09-08,85.0
1962-09-09,171.0
1962-09-10,235.0
1962-09-11,234.0
1962-09-12,217.0
1962-09-13,190.0
1962-09-14,181.0
1962-09-15,217.0
1962-09-16,171.0
1962-09-17,187.0
1962-09-18,77.0
1962-09-19,157.0
1962-09-20,163.0
1962-09-21,149.0
1962-09-22,133.0
1962-09-23,119.0
1962-09-24,113.0
1962-09-25,165.0
1962-09-26,150.0
1962-09-27,126.0
1962-09-28,76.0
1962-09-29,136.0
1962-09-30,128.0
1962-10-01,162.0
1962-10-02,181.0
1962-10-03,169.0
1962-10-04,165.0
1962-10-05,142.0
1962-10-06,124.0
1962-10-07,133.0
1962-10-08,182.0
1962-10-09,151.0
1962-10-10,127.0
1962-10-11,142.0
1962-10-12,150.0
1962-10-13,136.0
1962-10-14,67.0
1962-10-15,103.0
1962-10-16,86.0
1962-10-17,158.0
1962-10-18,132.0
1962-10-19,113.0
1962-10-20,128.0
1962-10-21,129.0
1962-10-22,125.0
1962-10-23,138.0
1962-10-24,140.0
1962-10-25,155.0
1962-10-26,109.0
1962-10-27,137.0
1962-10-28,129.0
1962-10-29,66.0
1962-10-30,63.0
1962-10-31,53.0
1962-11-01,53.0
1962-11-02,81.0
1962-11-03,102.0
1962-11-04,70.0
1962-11-05,73.0
1962-11-06,56.0
1962-11-07,101.0
1962-11-08,101.0
1962-11-09,44.0
1962-11-10,57.0
1962-11-11,44.0
1962-11-12,39.0
1962-11-13,51.0
1962-11-14,45.0
1962-11-15,35.0
1962-11-16,22.0
1962-11-17,77.0
1962-11-18,51.0
1962-11-19,67.0
1962-11-20,17.0
1962-11-21,10.0
1962-11-22,59.0
1962-11-23,20.0
1962-11-24,21.0
1962-11-25,24.0
1962-11-26,32.0
1962-11-27,30.0
1962-11-28,29.0
1962-11-29,22.0
1962-11-30,31.0
1962-12-01,59.0
1962-12-02,69.0
1962-12-03,53.0
1962-12-04,74.0
1962-12-05,41.0
1962-12-06,29.0
1962-12-07,29.0
1962-12-08,25.0
1962-12-09,30.0
1962-12-10,20.0
1962-12-11,31.0
1962-12-12,24.0
1962-12-13,34.0
1962-12-14,24.0
1962-12-15,58.0
1962-12-16,21.0
1962-12-17,40.0
1962-12-18,50.0
1962-12-19,42.0
1962-12-20,46.0
1962-12-21,44.0
1962-12-22,47.0
1962-12-23,55.0
1962-12-24,18.0
1962-12-25,17.0
1962-12-26,23.0
1962-12-27,23.0
1962-12-28,35.0
1962-12-29,32.0
1962-12-30,26.0
1962-12-31,43.0
1963-01-01,28.0
1963-01-02,22.0
1963-01-03,24.0
1963-01-04,46.0
1963-01-05,46.0
1963-01-06,22.0
1963-01-07,32.0
1963-01-08,25.0
1963-01-09,31.0
1963-01-10,23.0
1963-01-11,24.0
1963-01-12,37.0
1963-01-13,22.0
1963-01-14,59.0
1963-01-15,59.0
1963-01-16,32.0
1963-01-17,79.0
1963-01-18,62.0
1963-01-19,53.0
1963-01-20,58.0
1963-01-21,86.0
1963-01-22,90.0
1963-01-23,61.0
1963-01-24,71.0
1963-01-25,33.0
1963-01-26,61.0
1963-01-27,62.0
1963-01-28,60.0
1963-01-29,78.0
1963-01-30,50.0
1963-01-31,26.0
1963-02-01,44.0
1963-02-02,56.0
1963-02-03,37.0
1963-02-04,65.0
1963-02-05,17.0
1963-02-06,61.0
1963-02-07,66.0
1963-02-08,95.0
1963-02-09,104.0
1963-02-10,82.0
1963-02-11,68.0
1963-02-12,69.0
1963-02-13,37.0
1963-02-14,78.0
1963-02-15,79.0
1963-02-16,46.0
1963-02-17,29.0
1963-02-18,70.0
1963-02-19,39.0
1963-02-20,46.0
1963-02-21,93.0
1963-02-22,101.0
1963-02-23,101.0
1963-02-24,148.0
1963-02-25,137.0
1963-02-26,113.0
1963-02-27,144.0
1963-02-28,139.0
1963-03-01,142.0
1963-03-02,151.0
1963-03-03,130.0
1963-03-04,143.0
1963-03-05,140.0
1963-03-06,141.0
1963-03-07,135.0
1963-03-08,161.0
1963-03-09,112.0
1963-03-10,89.0
1963-03-11,120.0
1963-03-12,93.0
1963-03-13,151.0
1963-03-14,157.0
1963-03-15,237.0
1963-03-16,236.0
1963-03-17,232.0
1963-03-18,162.0
1963-03-19,50.0
1963-03-20,108.0
1963-03-21,82.0
1963-03-22,93.0
1963-03-23,88.0
1963-03-24,178.0
1963-03-25,197.0
1963-03-26,210.0
1963-03-27,169.0
1963-03-28,139.0
1963-03-29,137.0
1963-03-30,152.0
1963-03-31,141.0
1963-04-01,83.0
1963-04-02,81.0
1963-04-03,182.0
1963-04-04,189.0
1963-04-05,225.0
1963-04-06,253.0
1963-04-07,217.0
1963-04-08,166.0
1963-04-09,207.0
1963-04-10,110.0
1963-04-11,162.0
1963-04-12,38.0
1963-04-13,175.0
1963-04-14,166.0
1963-04-15,231.0
1963-04-16,260.0
1963-04-17,161.0
1963-04-18,209.0
1963-04-19,236.0
1963-04-20,231.0
1963-04-21,233.0
1963-04-22,292.0
1963-04-23,250.0
1963-04-24,259.0
1963-04-25,161.0
1963-04-26,294.0
1963-04-27,212.0
1963-04-28,85.0
1963-04-29,224.0
1963-04-30,263.0
1963-05-01,204.0
1963-05-02,281.0
1963-05-03,310.0
1963-05-04,202.0
1963-05-05,215.0
1963-05-06,150.0
1963-05-07,209.0
1963-05-08,328.0
1963-05-09,294.0
1963-05-10,334.0
1963-05-11,293.0
1963-05-12,325.0
1963-05-13,326.0
1963-05-14,356.0
1963-05-15,272.0
1963-05-16,278.0
1963-05-17,274.0
1963-05-18,318.0
1963-05-19,284.0
1963-05-20,248.0
1963-05-21,65.0
1963-05-22,158.0
1963-05-23,157.0
1963-05-24,193.0
1963-05-25,333.0
1963-05-26,276.0
1963-05-27,292.0
1963-05-28,215.0
1963-05-29,293.0
1963-05-30,322.0
1963-05-31,304.0
1963-06-01,244.0
1963-06-02,273.0
1963-06-03,262.0
1963-06-04,273.0
1963-06-05,291.0
1963-06-06,247.0
1963-06-07,201.0
1963-06-08,149.0
1963-06-09,180.0
1963-06-10,210.0
1963-06-11,233.0
1963-06-12,212.0
1963-06-13,295.0
1963-06-14,304.0
1963-06-15,200.0
1963-06-16,187.0
1963-06-17,298.0
1963-06-18,341.0
1963-06-19,131.0
1963-06-20,160.0
1963-06-21,168.0
1963-06-22,308.0
1963-06-23,289.0
1963-06-24,297.0
1963-06-25,203.0
1963-06-26,319.0
1963-06-27,326.0
1963-06-28,328.0
1963-06-29,332.0
1963-06-30,253.0
1963-07-01,250.0
1963-07-02,302.0
1963-07-03,264.0
1963-07-04,307.0
1963-07-05,320.0
1963-07-06,307.0
1963-07-07,317.0
1963-07-08,322.0
1963-07-09,291.0
1963-07-10,301.0
1963-07-11,275.0
1963-07-12,165.0
1963-07-13,263.0
1963-07-14,258.0
1963-07-15,312.0
1963-07-16,331.0
1963-07-17,267.0
1963-07-18,327.0
1963-07-19,294.0
1963-07-20,313.0
1963-07-21,237.0
1963-07-22,296.0
1963-07-23,319.0
1963-07-24,322.0
1963-07-25,309.0
1963-07-26,343.0
1963-07-27,176.0
1963-07-28,204.0
1963-07-29,168.0
1963-07-30,160.0
1963-07-31,270.0
1963-08-01,263.0
1963-08-02,225.0
1963-08-03,272.0
1963-08-04,296.0
1963-08-05,248.0
1963-08-06,297.0
1963-08-07,302.0
1963-08-08,240.0
1963-08-09,221.0
1963-08-10,115.0
1963-08-11,275.0
1963-08-12,282.0
1963-08-13,221.0
1963-08-14,111.0
1963-08-15,129.0
1963-08-16,158.0
1963-08-17,237.0
1963-08-18,230.0
1963-08-19,257.0
1963-08-20,299.0
1963-08-21,298.0
1963-08-22,86.0
1963-08-23,229.0
1963-08-24,240.0
1963-08-25,250.0
1963-08-26,249.0
1963-08-27,251.0
1963-08-28,265.0
1963-08-29,178.0
1963-08-30,121.0
1963-08-31,95.0
1963-09-01,151.0
1963-09-02,223.0
1963-09-03,241.0
1963-09-04,166.0
1963-09-05,158.0
1963-09-06,194.0
1963-09-07,76.0
1963-09-08,144.0
1963-09-09,138.0
1963-09-10,76.0
1963-09-11,136.0
1963-09-12,170.0
1963-09-13,186.0
1963-09-14,201.0
1963-09-15,216.0
1963-09-16,210.0
1963-09-17,208.0
1963-09-18,223.0
1963-09-19,197.0
1963-09-20,184.0
1963-09-21,159.0
1963-09-22,187.0
1963-09-23,180.0
1963-09-24,179.0
1963-09-25,159.0
1963-09-26,49.0
1963-09-27,80.0
1963-09-28,146.0
1963-09-29,165.0
1963-09-30,112.0
1963-10-01,108.0
1963-10-02,109.0
1963-10-03,135.0
1963-10-04,66.0
1963-10-05,53.0
1963-10-06,168.0
1963-10-07,165.0
1963-10-08,62.0
1963-10-09,74.0
1963-10-10,149.0
1963-10-11,111.0
1963-10-12,148.0
1963-10-13,144.0
1963-10-14,120.0
1963-10-15,107.0
1963-10-16,137.0
1963-10-17,152.0
1963-10-18,90.0
1963-10-19,69.0
1963-10-20,127.0
1963-10-21,123.0
1963-10-22,116.0
1963-10-23,74.0
1963-10-24,105.0
1963-10-25,110.0
1963-10-26,42.0
1963-10-27,104.0
1963-10-28,104.0
1963-10-29,95.0
1963-10-30,80.0
1963-10-31,128.0
1963-11-01,63.0
1963-11-02,61.0
1963-11-03,43.0
1963-11-04,105.0
1963-11-05,76.0
1963-11-06,53.0
1963-11-07,117.0
1963-11-08,97.0
1963-11-09,57.0
1963-11-10,73.0
1963-11-11,57.0
1963-11-12,55.0
1963-11-13,64.0
1963-11-14,54.0
1963-11-15,76.0
1963-11-16,49.0
1963-11-17,62.0
1963-11-18,89.0
1963-11-19,68.0
1963-11-20,33.0
1963-11-21,73.0
1963-11-22,43.0
1963-11-23,74.0
1963-11-24,92.0
1963-11-25,58.0
1963-11-26,49.0
1963-11-27,25.0
1963-11-28,34.0
1963-11-29,59.0
1963-11-30,75.0
1963-12-01,77.0
1963-12-02,72.0
1963-12-03,75.0
1963-12-04,22.0
1963-12-05,32.0
1963-12-06,53.0
1963-12-07,27.0
1963-12-08,44.0
1963-12-09,47.0
1963-12-10,51.0
1963-12-11,25.0
1963-12-12,24.0
1963-12-13,18.0
1963-12-14,51.0
1963-12-15,18.0
1963-12-16,21.0
1963-12-17,24.0
1963-12-18,45.0
1963-12-19,29.0
1963-12-20,18.0
1963-12-21,14.0
1963-12-22,28.0
1963-12-23,36.0
1963-12-24,58.0
1963-12-25,16.0
1963-12-26,19.0
1963-12-27,25.0
1963-12-28,16.0
1963-12-29,15.0
1963-12-30,18.0
1963-12-31,20.0
1964-01-01,33.0
1964-01-02,17.0
1964-01-03,56.0
1964-01-04,66.0
1964-01-05,38.0
1964-01-06,41.0
1964-01-07,27.0
1964-01-08,17.0
1964-01-09,28.0
1964-01-10,49.0
1964-01-11,53.0
1964-01-12,37.0
1964-01-13,53.0
1964-01-14,29.0
1964-01-15,58.0
1964-01-16,59.0
1964-01-17,66.0
1964-01-18,59.0
1964-01-19,51.0
1964-01-20,45.0
1964-01-21,51.0
1964-01-22,44.0
1964-01-23,48.0
1964-01-24,40.0
1964-01-25,41.0
1964-01-26,55.0
1964-01-27,38.0
1964-01-28,99.0
1964-01-29,73.0
1964-01-30,65.0
1964-01-31,42.0
1964-02-01,72.0
1964-02-02,63.0
1964-02-03,117.0
1964-02-04,28.0
1964-02-05,76.0
1964-02-06,115.0
1964-02-07,89.0
1964-02-08,76.0
1964-02-09,57.0
1964-02-10,81.0
1964-02-11,59.0
1964-02-12,93.0
1964-02-13,99.0
1964-02-14,125.0
1964-02-15,138.0
1964-02-16,75.0
1964-02-17,69.0
1964-02-18,55.0
1964-02-19,47.0
1964-02-20,116.0
1964-02-21,121.0
1964-02-22,140.0
1964-02-23,146.0
1964-02-24,136.0
1964-02-25,83.0
1964-02-26,73.0
1964-02-27,59.0
1964-02-28,46.0
1964-02-29,134.0
1964-03-01,159.0
1964-03-02,139.0
1964-03-03,91.0
1964-03-04,81.0
1964-03-05,148.0
1964-03-06,132.0
1964-03-07,69.0
1964-03-08,91.0
1964-03-09,130.0
1964-03-10,138.0
1964-03-11,74.0
1964-03-12,105.0
1964-03-13,132.0
1964-03-14,78.0
1964-03-15,72.0
1964-03-16,95.0
1964-03-17,122.0
1964-03-18,143.0
1964-03-19,160.0
1964-03-20,56.0
1964-03-21,84.0
1964-03-22,62.0
1964-03-23,53.0
1964-03-24,85.0
1964-03-25,130.0
1964-03-26,139.0
1964-03-27,157.0
1964-03-28,54.0
1964-03-29,69.0
1964-03-30,163.0
1964-03-31,151.0
1964-04-01,134.0
1964-04-02,172.0
1964-04-03,143.0
1964-04-04,119.0
1964-04-05,56.0
1964-04-06,56.0
1964-04-07,129.0
1964-04-08,119.0
1964-04-09,219.0
1964-04-10,169.0
1964-04-11,236.0
1964-04-12,241.0
1964-04-13,176.0
1964-04-14,146.0
1964-04-15,219.0
1964-04-16,249.0
1964-04-17,280.0
1964-04-18,282.0
1964-04-19,271.0
1964-04-20,274.0
1964-04-21,247.0
1964-04-22,207.0
1964-04-23,233.0
1964-04-24,211.0
1964-04-25,84.0
1964-04-26,241.0
1964-04-27,304.0
1964-04-28,292.0
1964-04-29,249.0
1964-04-30,109.0
1964-05-01,218.0
1964-05-02,239.0
1964-05-03,190.0
1964-05-04,144.0
1964-05-05,160.0
1964-05-06,186.0
1964-05-07,275.0
1964-05-08,311.0
1964-05-09,255.0
1964-05-10,134.0
1964-05-11,276.0
1964-05-12,287.0
1964-05-13,287.0
1964-05-14,287.0
1964-05-15,75.0
1964-05-16,214.0
1964-05-17,287.0
1964-05-18,287.0
1964-05-19,280.0
1964-05-20,372.0
1964-05-21,154.0
1964-05-22,114.0
1964-05-23,227.0
1964-05-24,287.0
1964-05-25,301.0
1964-05-26,248.0
1964-05-27,284.0
1964-05-28,278.0
1964-05-29,339.0
1964-05-30,269.0
1964-05-31,253.0
1964-06-01,296.0
1964-06-02,284.0
1964-06-03,285.0
1964-06-04,253.0
1964-06-05,327.0
1964-06-06,348.0
1964-06-07,272.0
1964-06-08,295.0
1964-06-09,211.0
1964-06-10,278.0
1964-06-11,289.0
1964-06-12,299.0
1964-06-13,294.0
1964-06-14,293.0
1964-06-15,336.0
1964-06-16,287.0
1964-06-17,274.0
1964-06-18,266.0
1964-06-19,309.0
1964-06-20,266.0
1964-06-21,269.0
1964-06-22,260.0
1964-06-23,238.0
1964-06-24,290.0
1964-06-25,282.0
1964-06-26,277.0
1964-06-27,280.0
1964-06-28,280.0
1964-06-29,241.0
1964-06-30,94.0
1964-07-01,269.0
1964-07-02,218.0
1964-07-03,250.0
1964-07-04,297.0
1964-07-05,176.0
1964-07-06,185.0
1964-07-07,299.0
1964-07-08,299.0
1964-07-09,327.0
1964-07-10,364.0
1964-07-11,186.0
1964-07-12,266.0
1964-07-13,218.0
1964-07-14,274.0
1964-07-15,305.0
1964-07-16,285.0
1964-07-17,255.0
1964-07-18,281.0
1964-07-19,266.0
1964-07-20,305.0
1964-07-21,282.0
1964-07-22,301.0
1964-07-23,294.0
1964-07-24,198.0
1964-07-25,150.0
1964-07-26,235.0
1964-07-27,238.0
1964-07-28,267.0
1964-07-29,278.0
1964-07-30,208.0
1964-07-31,302.0
1964-08-01,272.0
1964-08-02,136.0
1964-08-03,209.0
1964-08-04,202.0
1964-08-05,273.0
1964-08-06,274.0
1964-08-07,249.0
1964-08-08,296.0
1964-08-09,221.0
1964-08-10,117.0
1964-08-11,89.0
1964-08-12,164.0
1964-08-13,202.0
1964-08-14,214.0
1964-08-15,231.0
1964-08-16,223.0
1964-08-17,232.0
1964-08-18,236.0
1964-08-19,97.0
1964-08-20,246.0
1964-08-21,247.0
1964-08-22,190.0
1964-08-23,38.0
1964-08-24,235.0
1964-08-25,206.0
1964-08-26,170.0
1964-08-27,236.0
1964-08-28,247.0
1964-08-29,236.0
1964-08-30,259.0
1964-08-31,120.0
1964-09-01,130.0
1964-09-02,132.0
1964-09-03,181.0
1964-09-04,203.0
1964-09-05,219.0
1964-09-06,200.0
1964-09-07,111.0
1964-09-08,64.0
1964-09-09,137.0
1964-09-10,116.0
1964-09-11,166.0
1964-09-12,200.0
1964-09-13,202.0
1964-09-14,191.0
1964-09-15,209.0
1964-09-16,191.0
1964-09-17,173.0
1964-09-18,156.0
1964-09-19,180.0
1964-09-20,151.0
1964-09-21,30.0
1964-09-22,129.0
1964-09-23,26.0
1964-09-24,117.0
1964-09-25,153.0
1964-09-26,171.0
1964-09-27,178.0
1964-09-28,157.0
1964-09-29,147.0
1964-09-30,148.0
1964-10-01,143.0
1964-10-02,173.0
1964-10-03,51.0
1964-10-04,173.0
1964-10-05,168.0
1964-10-06,169.0
1964-10-07,163.0
1964-10-08,146.0
1964-10-09,59.0
1964-10-10,75.0
1964-10-11,38.0
1964-10-12,87.0
1964-10-13,60.0
1964-10-14,114.0
1964-10-15,98.0
1964-10-16,111.0
1964-10-17,89.0
1964-10-18,85.0
1964-10-19,13.0
1964-10-20,35.0
1964-10-21,65.0
1964-10-22,72.0
1964-10-23,28.0
1964-10-24,102.0
1964-10-25,58.0
1964-10-26,49.0
1964-10-27,67.0
1964-10-28,83.0
1964-10-29,70.0
1964-10-30,75.0
1964-10-31,86.0
1964-11-01,88.0
1964-11-02,43.0
1964-11-03,22.0
1964-11-04,29.0
1964-11-05,39.0
1964-11-06,32.0
1964-11-07,48.0
1964-11-08,76.0
1964-11-09,24.0
1964-11-10,28.0
1964-11-11,36.0
1964-11-12,29.0
1964-11-13,41.0
1964-11-14,75.0
1964-11-15,68.0
1964-11-16,81.0
1964-11-17,63.0
1964-11-18,49.0
1964-11-19,55.0
1964-11-20,28.0
1964-11-21,22.0
1964-11-22,49.0
1964-11-23,52.0
1964-11-24,29.0
1964-11-25,44.0
1964-11-26,80.0
1964-11-27,63.0
1964-11-28,22.0
1964-11-29,52.0
1964-11-30,42.0
1964-12-01,14.0
1964-12-02,31.0
1964-12-03,22.0
1964-12-04,15.0
1964-12-05,36.0
1964-12-06,38.0
1964-12-07,41.0
1964-12-08,45.0
1964-12-09,25.0
1964-12-10,32.0
1964-12-11,26.0
1964-12-12,19.0
1964-12-13,10.0
1964-12-14,21.0
1964-12-15,50.0
1964-12-16,45.0
1964-12-17,29.0
1964-12-18,21.0
1964-12-19,25.0
1964-12-20,24.0
1964-12-21,18.0
1964-12-22,19.0
1964-12-23,53.0
1964-12-24,20.0
1964-12-25,30.0
1964-12-26,19.0
1964-12-27,16.0
1964-12-28,29.0
1964-12-29,25.0
1964-12-30,19.0
1964-12-31,45.0
1965-01-01,55.0
1965-01-02,25.0
1965-01-03,26.0
1965-01-04,10.0
1965-01-05,62.0
1965-01-06,59.0
1965-01-07,74.0
1965-01-08,25.0
1965-01-09,34.0
1965-01-10,23.0
1965-01-11,72.0
1965-01-12,63.0
1965-01-13,75.0
1965-01-14,62.0
1965-01-15,70.0
1965-01-16,79.0
1965-01-17,51.0
1965-01-18,16.0
1965-01-19,40.0
1965-01-20,23.0
1965-01-21,61.0
1965-01-22,51.0
1965-01-23,35.0
1965-01-24,33.0
1965-01-25,7.0
1965-01-26,59.0
1965-01-27,60.0
1965-01-28,62.0
1965-01-29,48.0
1965-01-30,47.0
1965-01-31,50.0
1965-02-01,40.0
1965-02-02,80.0
1965-02-03,96.0
1965-02-04,73.0
1965-02-05,101.0
1965-02-06,96.0
1965-02-07,119.0
1965-02-08,48.0
1965-02-09,88.0
1965-02-10,124.0
1965-02-11,94.0
1965-02-12,98.0
1965-02-13,83.0
1965-02-14,101.0
1965-02-15,76.0
1965-02-16,63.0
1965-02-17,61.0
1965-02-18,69.0
1965-02-19,73.0
1965-02-20,100.0
1965-02-21,125.0
1965-02-22,64.0
1965-02-23,95.0
1965-02-24,133.0
1965-02-25,107.0
1965-02-26,151.0
1965-02-27,99.0
1965-02-28,173.0
1965-03-01,107.0
1965-03-02,52.0
1965-03-03,151.0
1965-03-04,132.0
1965-03-05,105.0
1965-03-06,73.0
1965-03-07,44.0
1965-03-08,55.0
1965-03-09,104.0
1965-03-10,150.0
1965-03-11,174.0
1965-03-12,183.0
1965-03-13,175.0
1965-03-14,137.0
1965-03-15,181.0
1965-03-16,171.0
1965-03-17,87.0
1965-03-18,138.0
1965-03-19,183.0
1965-03-20,132.0
1965-03-21,159.0
1965-03-22,106.0
1965-03-23,215.0
1965-03-24,54.0
1965-03-25,177.0
1965-03-26,194.0
1965-03-27,133.0
1965-03-28,217.0
1965-03-29,214.0
1965-03-30,133.0
1965-03-31,181.0
1965-04-01,204.0
1965-04-02,202.0
1965-04-03,213.0
1965-04-04,222.0
1965-04-05,215.0
1965-04-06,229.0
1965-04-07,205.0
1965-04-08,157.0
1965-04-09,60.0
1965-04-10,47.0
1965-04-11,24.0
1965-04-12,84.0
1965-04-13,60.0
1965-04-14,140.0
1965-04-15,166.0
1965-04-16,132.0
1965-04-17,145.0
1965-04-18,195.0
1965-04-19,175.0
1965-04-20,135.0
1965-04-21,110.0
1965-04-22,164.0
1965-04-23,171.0
1965-04-24,198.0
1965-04-25,237.0
1965-04-26,191.0
1965-04-27,280.0
1965-04-28,145.0
1965-04-29,162.0
1965-04-30,189.0
1965-05-01,210.0
1965-05-02,294.0
1965-05-03,300.0
1965-05-04,332.0
1965-05-05,120.0
1965-05-06,89.0
1965-05-07,200.0
1965-05-08,268.0
1965-05-09,240.0
1965-05-10,244.0
1965-05-11,156.0
1965-05-12,172.0
1965-05-13,214.0
1965-05-14,282.0
1965-05-15,266.0
1965-05-16,183.0
1965-05-17,279.0
1965-05-18,269.0
1965-05-19,221.0
1965-05-20,236.0
1965-05-21,219.0
1965-05-22,158.0
1965-05-23,134.0
1965-05-24,214.0
1965-05-25,274.0
1965-05-26,270.0
1965-05-27,283.0
1965-05-28,211.0
1965-05-29,231.0
1965-05-30,201.0
1965-05-31,162.0
1965-06-01,270.0
1965-06-02,346.0
1965-06-03,311.0
1965-06-04,224.0
1965-06-05,122.0
1965-06-06,106.0
1965-06-07,177.0
1965-06-08,251.0
1965-06-09,197.0
1965-06-10,142.0
1965-06-11,111.0
1965-06-12,179.0
1965-06-13,286.0
1965-06-14,200.0
1965-06-15,256.0
1965-06-16,330.0
1965-06-17,322.0
1965-06-18,224.0
1965-06-19,266.0
1965-06-20,325.0
1965-06-21,302.0
1965-06-22,251.0
1965-06-23,276.0
1965-06-24,318.0
1965-06-25,321.0
1965-06-26,329.0
1965-06-27,274.0
1965-06-28,123.0
1965-06-29,244.0
1965-06-30,325.0
1965-07-01,337.0
1965-07-02,189.0
1965-07-03,307.0
1965-07-04,271.0
1965-07-05,155.0
1965-07-06,307.0
1965-07-07,303.0
1965-07-08,351.0
1965-07-09,306.0
1965-07-10,185.0
1965-07-11,272.0
1965-07-12,315.0
1965-07-13,229.0
1965-07-14,306.0
1965-07-15,315.0
1965-07-16,288.0
1965-07-17,237.0
1965-07-18,195.0
1965-07-19,240.0
1965-07-20,245.0
1965-07-21,251.0
1965-07-22,291.0
1965-07-23,239.0
1965-07-24,311.0
1965-07-25,296.0
1965-07-26,277.0
1965-07-27,220.0
1965-07-28,285.0
1965-07-29,303.0
1965-07-30,208.0
1965-07-31,230.0
1965-08-01,266.0
1965-08-02,149.0
1965-08-03,257.0
1965-08-04,264.0
1965-08-05,252.0
1965-08-06,295.0
1965-08-07,296.0
1965-08-08,286.0
1965-08-09,297.0
1965-08-10,260.0
1965-08-11,53.0
1965-08-12,166.0
1965-08-13,222.0
1965-08-14,251.0
1965-08-15,223.0
1965-08-16,256.0
1965-08-17,239.0
1965-08-18,271.0
1965-08-19,250.0
1965-08-20,234.0
1965-08-21,247.0
1965-08-22,254.0
1965-08-23,244.0
1965-08-24,161.0
1965-08-25,91.0
1965-08-26,42.0
1965-08-27,99.0
1965-08-28,192.0
1965-08-29,196.0
1965-08-30,146.0
1965-08-31,230.0
1965-09-01,153.0
1965-09-02,195.0
1965-09-03,248.0
1965-09-04,105.0
1965-09-05,212.0
1965-09-06,92.0
1965-09-07,212.0
1965-09-08,211.0
1965-09-09,206.0
1965-09-10,185.0
1965-09-11,162.0
1965-09-12,134.0
1965-09-13,150.0
1965-09-14,129.0
1965-09-15,147.0
1965-09-16,210.0
1965-09-17,207.0
1965-09-18,206.0
1965-09-19,189.0
1965-09-20,159.0
1965-09-21,181.0
1965-09-22,196.0
1965-09-23,193.0
1965-09-24,204.0
1965-09-25,172.0
1965-09-26,171.0
1965-09-27,137.0
1965-09-28,153.0
1965-09-29,110.0
1965-09-30,170.0
1965-10-01,173.0
1965-10-02,172.0
1965-10-03,154.0
1965-10-04,128.0
1965-10-05,107.0
1965-10-06,149.0
1965-10-07,156.0
1965-10-08,162.0
1965-10-09,63.0
1965-10-10,75.0
1965-10-11,153.0
1965-10-12,135.0
1965-10-13,146.0
1965-10-14,145.0
1965-10-15,143.0
1965-10-16,143.0
1965-10-17,107.0
1965-10-18,132.0
1965-10-19,121.0
1965-10-20,122.0
1965-10-21,128.0
1965-10-22,129.0
1965-10-23,108.0
1965-10-24,114.0
1965-10-25,123.0
1965-10-26,115.0
1965-10-27,116.0
1965-10-28,103.0
1965-10-29,95.0
1965-10-30,78.0
1965-10-31,68.0
1965-11-01,51.0
1965-11-02,41.0
1965-11-03,61.0
1965-11-04,49.0
1965-11-05,38.0
1965-11-06,91.0
1965-11-07,82.0
1965-11-08,68.0
1965-11-09,35.0
1965-11-10,42.0
1965-11-11,21.0
1965-11-12,40.0
1965-11-13,18.0
1965-11-14,27.0
1965-11-15,59.0
1965-11-16,46.0
1965-11-17,77.0
1965-11-18,30.0
1965-11-19,29.0
1965-11-20,21.0
1965-11-21,33.0
1965-11-22,67.0
1965-11-23,19.0
1965-11-24,50.0
1965-11-25,65.0
1965-11-26,23.0
1965-11-27,29.0
1965-11-28,39.0
1965-11-29,66.0
1965-11-30,20.0
1965-12-01,49.0
1965-12-02,25.0
1965-12-03,20.0
1965-12-04,22.0
1965-12-05,23.0
1965-12-06,19.0
1965-12-07,21.0
1965-12-08,18.0
1965-12-09,26.0
1965-12-10,33.0
1965-12-11,13.0
1965-12-12,17.0
1965-12-13,56.0
1965-12-14,18.0
1965-12-15,44.0
1965-12-16,23.0
1965-12-17,28.0
1965-12-18,20.0
1965-12-19,30.0
1965-12-20,44.0
1965-12-21,22.0
1965-12-22,10.0
1965-12-23,21.0
1965-12-24,23.0
1965-12-25,39.0
1965-12-26,22.0
1965-12-27,47.0
1965-12-28,29.0
1965-12-29,33.0
1965-12-30,57.0
1965-12-31,24.0
1966-01-01,38.0
1966-01-02,33.0
1966-01-03,39.0
1966-01-04,36.0
1966-01-05,38.0
1966-01-06,60.0
1966-01-07,40.0
1966-01-08,25.0
1966-01-09,35.0
1966-01-10,32.0
1966-01-11,47.0
1966-01-12,25.0
1966-01-13,24.0
1966-01-14,32.0
1966-01-15,48.0
1966-01-16,36.0
1966-01-17,18.0
1966-01-18,23.0
1966-01-19,19.0
1966-01-20,21.0
1966-01-21,44.0
1966-01-22,55.0
1966-01-23,36.0
1966-01-24,30.0
1966-01-25,51.0
1966-01-26,79.0
1966-01-27,47.0
1966-01-28,92.0
1966-01-29,70.0
1966-01-30,57.0
1966-01-31,61.0
1966-02-01,38.0
1966-02-02,38.0
1966-02-03,39.0
1966-02-04,53.0
1966-02-05,57.0
1966-02-06,51.0
1966-02-07,43.0
1966-02-08,79.0
1966-02-09,52.0
1966-02-10,57.0
1966-02-11,54.0
1966-02-12,67.0
1966-02-13,75.0
1966-02-14,76.0
1966-02-15,66.0
1966-02-16,92.0
1966-02-17,66.0
1966-02-18,71.0
1966-02-19,88.0
1966-02-20,57.0
1966-02-21,95.0
1966-02-22,91.0
1966-02-23,47.0
1966-02-24,18.0
1966-02-25,129.0
1966-02-26,83.0
1966-02-27,136.0
1966-02-28,134.0
1966-03-01,79.0
1966-03-02,130.0
1966-03-03,160.0
1966-03-04,155.0
1966-03-05,147.0
1966-03-06,125.0
1966-03-07,148.0
1966-03-08,74.0
1966-03-09,139.0
1966-03-10,84.0
1966-03-11,83.0
1966-03-12,59.0
1966-03-13,61.0
1966-03-14,110.0
1966-03-15,129.0
1966-03-16,114.0
1966-03-17,198.0
1966-03-18,64.0
1966-03-19,96.0
1966-03-20,211.0
1966-03-21,206.0
1966-03-22,182.0
1966-03-23,149.0
1966-03-24,136.0
1966-03-25,131.0
1966-03-26,136.0
1966-03-27,171.0
1966-03-28,78.0
1966-03-29,124.0
1966-03-30,170.0
1966-03-31,201.0
1966-04-01,148.0
1966-04-02,85.0
1966-04-03,71.0
1966-04-04,209.0
1966-04-05,176.0
1966-04-06,128.0
1966-04-07,251.0
1966-04-08,223.0
1966-04-09,123.0
1966-04-10,143.0
1966-04-11,134.0
1966-04-12,145.0
1966-04-13,166.0
1966-04-14,223.0
1966-04-15,207.0
1966-04-16,186.0
1966-04-17,144.0
1966-04-18,171.0
1966-04-19,249.0
1966-04-20,270.0
1966-04-21,135.0
1966-04-22,91.0
1966-04-23,207.0
1966-04-24,254.0
1966-04-25,248.0
1966-04-26,203.0
1966-04-27,246.0
1966-04-28,211.0
1966-04-29,235.0
1966-04-30,219.0
1966-05-01,323.0
1966-05-02,301.0
1966-05-03,317.0
1966-05-04,305.0
1966-05-05,288.0
1966-05-06,254.0
1966-05-07,328.0
1966-05-08,313.0
1966-05-09,155.0
1966-05-10,246.0
1966-05-11,141.0
1966-05-12,201.0
1966-05-13,283.0
1966-05-14,289.0
1966-05-15,291.0
1966-05-16,304.0
1966-05-17,325.0
1966-05-18,325.0
1966-05-19,244.0
1966-05-20,233.0
1966-05-21,207.0
1966-05-22,305.0
1966-05-23,327.0
1966-05-24,186.0
1966-05-25,311.0
1966-05-26,182.0
1966-05-27,126.0
1966-05-28,139.0
1966-05-29,57.0
1966-05-30,90.0
1966-05-31,212.0
1966-06-01,295.0
1966-06-02,316.0
1966-06-03,239.0
1966-06-04,329.0
1966-06-05,300.0
1966-06-06,207.0
1966-06-07,260.0
1966-06-08,278.0
1966-06-09,278.0
1966-06-10,254.0
1966-06-11,307.0
1966-06-12,347.0
1966-06-13,291.0
1966-06-14,270.0
1966-06-15,375.0
1966-06-16,286.0
1966-06-17,300.0
1966-06-18,328.0
1966-06-19,156.0
1966-06-20,133.0
1966-06-21,126.0
1966-06-22,222.0
1966-06-23,299.0
1966-06-24,301.0
1966-06-25,135.0
1966-06-26,210.0
1966-06-27,191.0
1966-06-28,183.0
1966-06-29,131.0
1966-06-30,160.0
1966-07-01,223.0
1966-07-02,326.0
1966-07-03,309.0
1966-07-04,337.0
1966-07-05,327.0
1966-07-06,233.0
1966-07-07,270.0
1966-07-08,180.0
1966-07-09,196.0
1966-07-10,306.0
1966-07-11,311.0
1966-07-12,260.0
1966-07-13,358.0
1966-07-14,328.0
1966-07-15,258.0
1966-07-16,252.0
1966-07-17,348.0
1966-07-18,272.0
1966-07-19,276.0
1966-07-20,249.0
1966-07-21,256.0
1966-07-22,152.0
1966-07-23,130.0
1966-07-24,221.0
1966-07-25,166.0
1966-07-26,262.0
1966-07-27,273.0
1966-07-28,270.0
1966-07-29,95.0
1966-07-30,284.0
1966-07-31,286.0
1966-08-01,280.0
1966-08-02,240.0
1966-08-03,165.0
1966-08-04,265.0
1966-08-05,319.0
1966-08-06,166.0
1966-08-07,294.0
1966-08-08,250.0
1966-08-09,179.0
1966-08-10,205.0
1966-08-11,268.0
1966-08-12,234.0
1966-08-13,276.0
1966-08-14,296.0
1966-08-15,249.0
1966-08-16,286.0
1966-08-17,278.0
1966-08-18,281.0
1966-08-19,261.0
1966-08-20,170.0
1966-08-21,148.0
1966-08-22,180.0
1966-08-23,161.0
1966-08-24,249.0
1966-08-25,94.0
1966-08-26,134.0
1966-08-27,146.0
1966-08-28,227.0
1966-08-29,247.0
1966-08-30,259.0
1966-08-31,109.0
1966-09-01,84.0
1966-09-02,190.0
1966-09-03,183.0
1966-09-04,190.0
1966-09-05,201.0
1966-09-06,178.0
1966-09-07,188.0
1966-09-08,202.0
1966-09-09,127.0
1966-09-10,197.0
1966-09-11,185.0
1966-09-12,205.0
1966-09-13,207.0
1966-09-14,123.0
1966-09-15,191.0
1966-09-16,191.0
1966-09-17,156.0
1966-09-18,110.0
1966-09-19,210.0
1966-09-20,183.0
1966-09-21,199.0
1966-09-22,188.0
1966-09-23,116.0
1966-09-24,146.0
1966-09-25,103.0
1966-09-26,118.0
1966-09-27,152.0
1966-09-28,143.0
1966-09-29,98.0
1966-09-30,126.0
1966-10-01,79.0
1966-10-02,138.0
1966-10-03,144.0
1966-10-04,161.0
1966-10-05,177.0
1966-10-06,152.0
1966-10-07,170.0
1966-10-08,145.0
1966-10-09,139.0
1966-10-10,140.0
1966-10-11,160.0
1966-10-12,119.0
1966-10-13,96.0
1966-10-14,66.0
1966-10-15,82.0
1966-10-16,142.0
1966-10-17,157.0
1966-10-18,141.0
1966-10-19,125.0
1966-10-20,105.0
1966-10-21,64.0
1966-10-22,101.0
1966-10-23,96.0
1966-10-24,94.0
1966-10-25,79.0
1966-10-26,93.0
1966-10-27,82.0
1966-10-28,77.0
1966-10-29,53.0
1966-10-30,6.0
1966-10-31,20.0
1966-11-01,36.0
1966-11-02,44.0
1966-11-03,78.0
1966-11-04,117.0
1966-11-05,39.0
1966-11-06,39.0
1966-11-07,53.0
1966-11-08,53.0
1966-11-09,90.0
1966-11-10,76.0
1966-11-11,27.0
1966-11-12,16.0
1966-11-13,21.0
1966-11-14,14.0
1966-11-15,37.0
1966-11-16,45.0
1966-11-17,70.0
1966-11-18,44.0
1966-11-19,23.0
1966-11-20,25.0
1966-11-21,29.0
1966-11-22,45.0
1966-11-23,48.0
1966-11-24,20.0
1966-11-25,23.0
1966-11-26,58.0
1966-11-27,44.0
1966-11-28,50.0
1966-11-29,25.0
1966-11-30,21.0
1966-12-01,49.0
1966-12-02,30.0
1966-12-03,21.0
1966-12-04,38.0
1966-12-05,55.0
1966-12-06,27.0
1966-12-07,24.0
1966-12-08,48.0
1966-12-09,23.0
1966-12-10,24.0
1966-12-11,19.0
1966-12-12,50.0
1966-12-13,15.0
1966-12-14,25.0
1966-12-15,29.0
1966-12-16,25.0
1966-12-17,31.0
1966-12-18,23.0
1966-12-19,32.0
1966-12-20,19.0
1966-12-21,38.0
1966-12-22,45.0
1966-12-23,52.0
1966-12-24,28.0
1966-12-25,20.0
1966-12-26,47.0
1966-12-27,32.0
1966-12-28,28.0
1966-12-29,44.0
1966-12-30,41.0
1966-12-31,29.0
1967-01-01,26.0
1967-01-02,42.0
1967-01-03,25.0
1967-01-04,51.0
1967-01-05,48.0
1967-01-06,21.0
1967-01-07,31.0
1967-01-08,25.0
1967-01-09,35.0
1967-01-10,56.0
1967-01-11,57.0
1967-01-12,45.0
1967-01-13,32.0
1967-01-14,53.0
1967-01-15,63.0
1967-01-16,78.0
1967-01-17,77.0
1967-01-18,62.0
1967-01-19,80.0
1967-01-20,73.0
1967-01-21,59.0
1967-01-22,50.0
1967-01-23,39.0
1967-01-24,33.0
1967-01-25,35.0
1967-01-26,34.0
1967-01-27,66.0
1967-01-28,101.0
1967-01-29,32.0
1967-01-30,49.0
1967-01-31,89.0
1967-02-01,38.0
1967-02-02,30.0
1967-02-03,30.0
1967-02-04,41.0
1967-02-05,45.0
1967-02-06,64.0
1967-02-07,43.0
1967-02-08,47.0
1967-02-09,82.0
1967-02-10,100.0
1967-02-11,102.0
1967-02-12,112.0
1967-02-13,109.0
1967-02-14,124.0
1967-02-15,119.0
1967-02-16,122.0
1967-02-17,136.0
1967-02-18,55.0
1967-02-19,80.0
1967-02-20,62.0
1967-02-21,44.0
1967-02-22,112.0
1967-02-23,107.0
1967-02-24,95.0
1967-02-25,148.0
1967-02-26,138.0
1967-02-27,99.0
1967-02-28,65.0
1967-03-01,124.0
1967-03-02,138.0
1967-03-03,126.0
1967-03-04,58.0
1967-03-05,117.0
1967-03-06,118.0
1967-03-07,146.0
1967-03-08,129.0
1967-03-09,73.0
1967-03-10,110.0
1967-03-11,134.0
1967-03-12,131.0
1967-03-13,62.0
1967-03-14,123.0
1967-03-15,127.0
1967-03-16,92.0
1967-03-17,127.0
1967-03-18,85.0
1967-03-19,105.0
1967-03-20,115.0
1967-03-21,189.0
1967-03-22,117.0
1967-03-23,109.0
1967-03-24,160.0
1967-03-25,119.0
1967-03-26,198.0
1967-03-27,154.0
1967-03-28,142.0
1967-03-29,82.0
1967-03-30,67.0
1967-03-31,98.0
1967-04-01,115.0
1967-04-02,220.0
1967-04-03,208.0
1967-04-04,100.0
1967-04-05,160.0
1967-04-06,127.0
1967-04-07,55.0
1967-04-08,89.0
1967-04-09,169.0
1967-04-10,147.0
1967-04-11,150.0
1967-04-12,140.0
1967-04-13,196.0
1967-04-14,153.0
1967-04-15,104.0
1967-04-16,177.0
1967-04-17,225.0
1967-04-18,210.0
1967-04-19,194.0
1967-04-20,248.0
1967-04-21,254.0
1967-04-22,113.0
1967-04-23,75.0
1967-04-24,176.0
1967-04-25,137.0
1967-04-26,157.0
1967-04-27,186.0
1967-04-28,215.0
1967-04-29,238.0
1967-04-30,260.0
1967-05-01,297.0
1967-05-02,128.0
1967-05-03,217.0
1967-05-04,99.0
1967-05-05,146.0
1967-05-06,219.0
1967-05-07,285.0
1967-05-08,282.0
1967-05-09,268.0
1967-05-10,298.0
1967-05-11,305.0
1967-05-12,312.0
1967-05-13,323.0
1967-05-14,327.0
1967-05-15,261.0
1967-05-16,178.0
1967-05-17,187.0
1967-05-18,294.0
1967-05-19,55.0
1967-05-20,173.0
1967-05-21,263.0
1967-05-22,69.0
1967-05-23,75.0
1967-05-24,156.0
1967-05-25,198.0
1967-05-26,127.0
1967-05-27,288.0
1967-05-28,222.0
1967-05-29,260.0
1967-05-30,341.0
1967-05-31,242.0
1967-06-01,200.0
1967-06-02,262.0
1967-06-03,327.0
1967-06-04,302.0
1967-06-05,295.0
1967-06-06,324.0
1967-06-07,331.0
1967-06-08,288.0
1967-06-09,148.0
1967-06-10,171.0
1967-06-11,76.0
1967-06-12,235.0
1967-06-13,251.0
1967-06-14,101.0
1967-06-15,238.0
1967-06-16,181.0
1967-06-17,267.0
1967-06-18,290.0
1967-06-19,297.0
1967-06-20,316.0
1967-06-21,301.0
1967-06-22,290.0
1967-06-23,338.0
1967-06-24,355.0
1967-06-25,350.0
1967-06-26,320.0
1967-06-27,329.0
1967-06-28,301.0
1967-06-29,245.0
1967-06-30,323.0
1967-07-01,303.0
1967-07-02,307.0
1967-07-03,264.0
1967-07-04,226.0
1967-07-05,105.0
1967-07-06,268.0
1967-07-07,296.0
1967-07-08,309.0
1967-07-09,265.0
1967-07-10,287.0
1967-07-11,285.0
1967-07-12,298.0
1967-07-13,303.0
1967-07-14,303.0
1967-07-15,307.0
1967-07-16,257.0
1967-07-17,248.0
1967-07-18,172.0
1967-07-19,309.0
1967-07-20,323.0
1967-07-21,227.0
1967-07-22,310.0
1967-07-23,305.0
1967-07-24,312.0
1967-07-25,320.0
1967-07-26,333.0
1967-07-27,328.0
1967-07-28,296.0
1967-07-29,299.0
1967-07-30,310.0
1967-07-31,258.0
1967-08-01,288.0
1967-08-02,237.0
1967-08-03,174.0
1967-08-04,265.0
1967-08-05,281.0
1967-08-06,256.0
1967-08-07,127.0
1967-08-08,182.0
1967-08-09,241.0
1967-08-10,266.0
1967-08-11,208.0
1967-08-12,243.0
1967-08-13,255.0
1967-08-14,199.0
1967-08-15,206.0
1967-08-16,272.0
1967-08-17,292.0
1967-08-18,240.0
1967-08-19,266.0
1967-08-20,242.0
1967-08-21,235.0
1967-08-22,208.0
1967-08-23,194.0
1967-08-24,270.0
1967-08-25,237.0
1967-08-26,165.0
1967-08-27,105.0
1967-08-28,128.0
1967-08-29,217.0
1967-08-30,221.0
1967-08-31,214.0
1967-09-01,214.0
1967-09-02,150.0
1967-09-03,218.0
1967-09-04,227.0
1967-09-05,212.0
1967-09-06,205.0
1967-09-07,208.0
1967-09-08,216.0
1967-09-09,203.0
1967-09-10,134.0
1967-09-11,94.0
1967-09-12,100.0
1967-09-13,63.0
1967-09-14,170.0
1967-09-15,127.0
1967-09-16,84.0
1967-09-17,108.0
1967-09-18,115.0
1967-09-19,92.0
1967-09-20,146.0
1967-09-21,131.0
1967-09-22,166.0
1967-09-23,155.0
1967-09-24,183.0
1967-09-25,178.0
1967-09-26,157.0
1967-09-27,143.0
1967-09-28,101.0
1967-09-29,177.0
1967-09-30,168.0
1967-10-01,98.0
1967-10-02,165.0
1967-10-03,144.0
1967-10-04,114.0
1967-10-05,58.0
1967-10-06,115.0
1967-10-07,164.0
1967-10-08,102.0
1967-10-09,117.0
1967-10-10,51.0
1967-10-11,81.0
1967-10-12,127.0
1967-10-13,133.0
1967-10-14,119.0
1967-10-15,106.0
1967-10-16,86.0
1967-10-17,125.0
1967-10-18,53.0
1967-10-19,136.0
1967-10-20,140.0
1967-10-21,135.0
1967-10-22,126.0
1967-10-23,118.0
1967-10-24,121.0
1967-10-25,81.0
1967-10-26,97.0
1967-10-27,114.0
1967-10-28,81.0
1967-10-29,87.0
1967-10-30,23.0
1967-10-31,23.0
1967-11-01,85.0
1967-11-02,81.0
1967-11-03,78.0
1967-11-04,35.0
1967-11-05,85.0
1967-11-06,56.0
1967-11-07,60.0
1967-11-08,58.0
1967-11-09,50.0
1967-11-10,41.0
1967-11-11,39.0
1967-11-12,44.0
1967-11-13,70.0
1967-11-14,81.0
1967-11-15,88.0
1967-11-16,66.0
1967-11-17,26.0
1967-11-18,69.0
1967-11-19,50.0
1967-11-20,70.0
1967-11-21,75.0
1967-11-22,50.0
1967-11-23,28.0
1967-11-24,70.0
1967-11-25,83.0
1967-11-26,68.0
1967-11-27,38.0
1967-11-28,37.0
1967-11-29,23.0
1967-11-30,29.0
1967-12-01,38.0
1967-12-02,48.0
1967-12-03,25.0
1967-12-04,35.0
1967-12-05,26.0
1967-12-06,30.0
1967-12-07,20.0
1967-12-08,57.0
1967-12-09,33.0
1967-12-10,37.0
1967-12-11,18.0
1967-12-12,33.0
1967-12-13,35.0
1967-12-14,48.0
1967-12-15,32.0
1967-12-16,26.0
1967-12-17,35.0
1967-12-18,54.0
1967-12-19,42.0
1967-12-20,49.0
1967-12-21,50.0
1967-12-22,24.0
1967-12-23,23.0
1967-12-24,22.0
1967-12-25,20.0
1967-12-26,22.0
1967-12-27,20.0
1967-12-28,41.0
1967-12-29,44.0
1967-12-30,18.0
1967-12-31,18.0
1968-01-01,27.0
1968-01-02,23.0
1968-01-03,22.0
1968-01-04,53.0
1968-01-05,46.0
1968-01-06,19.0
1968-01-07,54.0
1968-01-08,23.0
1968-01-09,46.0
1968-01-10,57.0
1968-01-11,52.0
1968-01-12,38.0
1968-01-13,47.0
1968-01-14,81.0
1968-01-15,22.0
1968-01-16,51.0
1968-01-17,37.0
1968-01-18,18.0
1968-01-19,37.0
1968-01-20,58.0
1968-01-21,42.0
1968-01-22,25.0
1968-01-23,26.0
1968-01-24,33.0
1968-01-25,51.0
1968-01-26,42.0
1968-01-27,67.0
1968-01-28,37.0
1968-01-29,46.0
1968-01-30,62.0
1968-01-31,49.0
1968-02-01,66.0
1968-02-02,72.0
1968-02-03,63.0
1968-02-04,62.0
1968-02-05,95.0
1968-02-06,80.0
1968-02-07,76.0
1968-02-08,66.0
1968-02-09,36.0
1968-02-10,25.0
1968-02-11,65.0
1968-02-12,65.0
1968-02-13,79.0
1968-02-14,48.0
1968-02-15,39.0
1968-02-16,29.0
1968-02-17,51.0
1968-02-18,90.0
1968-02-19,105.0
1968-02-20,119.0
1968-02-21,45.0
1968-02-22,48.0
1968-02-23,57.0
1968-02-24,64.0
1968-02-25,63.0
1968-02-26,56.0
1968-02-27,108.0
1968-02-28,93.0
1968-02-29,66.0
1968-03-01,144.0
1968-03-02,117.0
1968-03-03,71.0
1968-03-04,128.0
1968-03-05,93.0
1968-03-06,65.0
1968-03-07,66.0
1968-03-08,109.0
1968-03-09,106.0
1968-03-10,88.0
1968-03-11,114.0
1968-03-12,147.0
1968-03-13,137.0
1968-03-14,164.0
1968-03-15,155.0
1968-03-16,108.0
1968-03-17,146.0
1968-03-18,128.0
1968-03-19,134.0
1968-03-20,195.0
1968-03-21,152.0
1968-03-22,139.0
1968-03-23,205.0
1968-03-24,187.0
1968-03-25,198.0
1968-03-26,217.0
1968-03-27,183.0
1968-03-28,203.0
1968-03-29,208.0
1968-03-30,214.0
1968-03-31,219.0
1968-04-01,209.0
1968-04-02,132.0
1968-04-03,188.0
1968-04-04,194.0
1968-04-05,155.0
1968-04-06,202.0
1968-04-07,195.0
1968-04-08,88.0
1968-04-09,25.0
1968-04-10,174.0
1968-04-11,234.0
1968-04-12,239.0
1968-04-13,229.0
1968-04-14,226.0
1968-04-15,234.0
1968-04-16,153.0
1968-04-17,148.0
1968-04-18,245.0
1968-04-19,256.0
1968-04-20,253.0
1968-04-21,261.0
1968-04-22,266.0
1968-04-23,264.0
1968-04-24,248.0
1968-04-25,269.0
1968-04-26,210.0
1968-04-27,200.0
1968-04-28,198.0
1968-04-29,150.0
1968-04-30,233.0
1968-05-01,234.0
1968-05-02,213.0
1968-05-03,205.0
1968-05-04,194.0
1968-05-05,249.0
1968-05-06,269.0
1968-05-07,177.0
1968-05-08,260.0
1968-05-09,295.0
1968-05-10,311.0
1968-05-11,301.0
1968-05-12,266.0
1968-05-13,191.0
1968-05-14,74.0
1968-05-15,236.0
1968-05-16,248.0
1968-05-17,215.0
1968-05-18,181.0
1968-05-19,266.0
1968-05-20,296.0
1968-05-21,186.0
1968-05-22,228.0
1968-05-23,290.0
1968-05-24,254.0
1968-05-25,131.0
1968-05-26,277.0
1968-05-27,208.0
1968-05-28,290.0
1968-05-29,217.0
1968-05-30,208.0
1968-05-31,102.0
1968-06-01,131.0
1968-06-02,259.0
1968-06-03,271.0
1968-06-04,295.0
1968-06-05,365.0
1968-06-06,362.0
1968-06-07,351.0
1968-06-08,351.0
1968-06-09,322.0
1968-06-10,135.0
1968-06-11,134.0
1968-06-12,237.0
1968-06-13,239.0
1968-06-14,347.0
1968-06-15,350.0
1968-06-16,333.0
1968-06-17,321.0
1968-06-18,329.0
1968-06-19,277.0
1968-06-20,228.0
1968-06-21,210.0
1968-06-22,267.0
1968-06-23,300.0
1968-06-24,316.0
1968-06-25,291.0
1968-06-26,318.0
1968-06-27,296.0
1968-06-28,291.0
1968-06-29,228.0
1968-06-30,322.0
1968-07-01,332.0
1968-07-02,203.0
1968-07-03,200.0
1968-07-04,300.0
1968-07-05,322.0
1968-07-06,319.0
1968-07-07,274.0
1968-07-08,323.0
1968-07-09,269.0
1968-07-10,293.0
1968-07-11,311.0
1968-07-12,241.0
1968-07-13,320.0
1968-07-14,296.0
1968-07-15,277.0
1968-07-16,226.0
1968-07-17,258.0
1968-07-18,157.0
1968-07-19,126.0
1968-07-20,240.0
1968-07-21,201.0
1968-07-22,176.0
1968-07-23,273.0
1968-07-24,258.0
1968-07-25,203.0
1968-07-26,183.0
1968-07-27,219.0
1968-07-28,170.0
1968-07-29,149.0
1968-07-30,226.0
1968-07-31,251.0
1968-08-01,292.0
1968-08-02,270.0
1968-08-03,174.0
1968-08-04,223.0
1968-08-05,267.0
1968-08-06,294.0
1968-08-07,219.0
1968-08-08,159.0
1968-08-09,180.0
1968-08-10,142.0
1968-08-11,158.0
1968-08-12,245.0
1968-08-13,207.0
1968-08-14,228.0
1968-08-15,167.0
1968-08-16,266.0
1968-08-17,234.0
1968-08-18,145.0
1968-08-19,67.0
1968-08-20,125.0
1968-08-21,294.0
1968-08-22,237.0
1968-08-23,212.0
1968-08-24,152.0
1968-08-25,160.0
1968-08-26,177.0
1968-08-27,150.0
1968-08-28,149.0
1968-08-29,190.0
1968-08-30,228.0
1968-08-31,164.0
1968-09-01,104.0
1968-09-02,131.0
1968-09-03,212.0
1968-09-04,209.0
1968-09-05,158.0
1968-09-06,140.0
1968-09-07,192.0
1968-09-08,185.0
1968-09-09,178.0
1968-09-10,182.0
1968-09-11,138.0
1968-09-12,150.0
1968-09-13,146.0
1968-09-14,157.0
1968-09-15,158.0
1968-09-16,130.0
1968-09-17,121.0
1968-09-18,76.0
1968-09-19,75.0
1968-09-20,167.0
1968-09-21,151.0
1968-09-22,40.0
1968-09-23,162.0
1968-09-24,74.0
1968-09-25,94.0
1968-09-26,130.0
1968-09-27,178.0
1968-09-28,187.0
1968-09-29,187.0
1968-09-30,122.0
1968-10-01,91.0
1968-10-02,104.0
1968-10-03,154.0
1968-10-04,138.0
1968-10-05,125.0
1968-10-06,142.0
1968-10-07,115.0
1968-10-08,115.0
1968-10-09,144.0
1968-10-10,101.0
1968-10-11,98.0
1968-10-12,89.0
1968-10-13,99.0
1968-10-14,108.0
1968-10-15,104.0
1968-10-16,101.0
1968-10-17,123.0
1968-10-18,97.0
1968-10-19,101.0
1968-10-20,113.0
1968-10-21,134.0
1968-10-22,136.0
1968-10-23,133.0
1968-10-24,132.0
1968-10-25,90.0
1968-10-26,88.0
1968-10-27,90.0
1968-10-28,81.0
1968-10-29,96.0
1968-10-30,84.0
1968-10-31,102.0
1968-11-01,98.0
1968-11-02,108.0
1968-11-03,65.0
1968-11-04,59.0
1968-11-05,93.0
1968-11-06,62.0
1968-11-07,33.0
1968-11-08,28.0
1968-11-09,52.0
1968-11-10,31.0
1968-11-11,70.0
1968-11-12,59.0
1968-11-13,33.0
1968-11-14,23.0
1968-11-15,27.0
1968-11-16,24.0
1968-11-17,19.0
1968-11-18,27.0
1968-11-19,61.0
1968-11-20,34.0
1968-11-21,38.0
1968-11-22,48.0
1968-11-23,47.0
1968-11-24,26.0
1968-11-25,38.0
1968-11-26,62.0
1968-11-27,69.0
1968-11-28,32.0
1968-11-29,43.0
1968-11-30,15.0
1968-12-01,17.0
1968-12-02,25.0
1968-12-03,37.0
1968-12-04,25.0
1968-12-05,15.0
1968-12-06,23.0
1968-12-07,16.0
1968-12-08,15.0
1968-12-09,28.0
1968-12-10,45.0
1968-12-11,59.0
1968-12-12,55.0
1968-12-13,45.0
1968-12-14,47.0
1968-12-15,42.0
1968-12-16,50.0
1968-12-17,31.0
1968-12-18,28.0
1968-12-19,22.0
1968-12-20,22.0
1968-12-21,43.0
1968-12-22,18.0
1968-12-23,20.0
1968-12-24,23.0
1968-12-25,41.0
1968-12-26,20.0
1968-12-27,41.0
1968-12-28,29.0
1968-12-29,27.0
1968-12-30,31.0
1968-12-31,25.0
1969-01-01,65.0
1969-01-02,23.0
1969-01-03,29.0
1969-01-04,35.0
1969-01-05,28.0
1969-01-06,34.0
1969-01-07,69.0
1969-01-08,74.0
1969-01-09,68.0
1969-01-10,53.0
1969-01-11,51.0
1969-01-12,48.0
1969-01-13,50.0
1969-01-14,63.0
1969-01-15,31.0
1969-01-16,58.0
1969-01-17,66.0
1969-01-18,44.0
1969-01-19,24.0
1969-01-20,40.0
1969-01-21,83.0
1969-01-22,76.0
1969-01-23,32.0
1969-01-24,30.0
1969-01-25,58.0
1969-01-26,67.0
1969-01-27,85.0
1969-01-28,61.0
1969-01-29,20.0
1969-01-30,22.0
1969-01-31,52.0
1969-02-01,101.0
1969-02-02,68.0
1969-02-03,45.0
1969-02-04,38.0
1969-02-05,49.0
1969-02-06,36.0
1969-02-07,31.0
1969-02-08,91.0
1969-02-09,27.0
1969-02-10,89.0
1969-02-11,78.0
1969-02-12,116.0
1969-02-13,27.0
1969-02-14,61.0
1969-02-15,54.0
1969-02-16,97.0
1969-02-17,77.0
1969-02-18,44.0
1969-02-19,76.0
1969-02-20,52.0
1969-02-21,35.0
1969-02-22,32.0
1969-02-23,84.0
1969-02-24,117.0
1969-02-25,43.0
1969-02-26,38.0
1969-02-27,39.0
1969-02-28,43.0
1969-03-01,121.0
1969-03-02,66.0
1969-03-03,57.0
1969-03-04,125.0
1969-03-05,141.0
1969-03-06,144.0
1969-03-07,129.0
1969-03-08,122.0
1969-03-09,153.0
1969-03-10,149.0
1969-03-11,138.0
1969-03-12,111.0
1969-03-13,97.0
1969-03-14,103.0
1969-03-15,79.0
1969-03-16,63.0
1969-03-17,71.0
1969-03-18,48.0
1969-03-19,59.0
1969-03-20,139.0
1969-03-21,156.0
1969-03-22,167.0
1969-03-23,160.0
1969-03-24,132.0
1969-03-25,178.0
1969-03-26,89.0
1969-03-27,48.0
1969-03-28,64.0
1969-03-29,103.0
1969-03-30,135.0
1969-03-31,105.0
1969-04-01,116.0
1969-04-02,135.0
1969-04-03,128.0
1969-04-04,144.0
1969-04-05,192.0
1969-04-06,218.0
1969-04-07,221.0
1969-04-08,226.0
1969-04-09,240.0
1969-04-10,249.0
1969-04-11,212.0
1969-04-12,160.0
1969-04-13,146.0
1969-04-14,54.0
1969-04-15,119.0
1969-04-16,147.0
1969-04-17,139.0
1969-04-18,201.0
1969-04-19,247.0
1969-04-20,190.0
1969-04-21,195.0
1969-04-22,186.0
1969-04-23,73.0
1969-04-24,232.0
1969-04-25,202.0
1969-04-26,255.0
1969-04-27,262.0
1969-04-28,311.0
1969-04-29,265.0
1969-04-30,253.0
1969-05-01,224.0
1969-05-02,241.0
1969-05-03,264.0
1969-05-04,266.0
1969-05-05,271.0
1969-05-06,243.0
1969-05-07,251.0
1969-05-08,180.0
1969-05-09,172.0
1969-05-10,191.0
1969-05-11,251.0
1969-05-12,256.0
1969-05-13,261.0
1969-05-14,295.0
1969-05-15,294.0
1969-05-16,272.0
1969-05-17,297.0
1969-05-18,150.0
1969-05-19,158.0
1969-05-20,92.0
1969-05-21,154.0
1969-05-22,256.0
1969-05-23,237.0
1969-05-24,304.0
1969-05-25,312.0
1969-05-26,252.0
1969-05-27,221.0
1969-05-28,305.0
1969-05-29,248.0
1969-05-30,301.0
1969-05-31,306.0
1969-06-01,279.0
1969-06-02,74.0
1969-06-03,224.0
1969-06-04,218.0
1969-06-05,226.0
1969-06-06,215.0
1969-06-07,151.0
1969-06-08,109.0
1969-06-09,125.0
1969-06-10,180.0
1969-06-11,178.0
1969-06-12,201.0
1969-06-13,271.0
1969-06-14,229.0
1969-06-15,114.0
1969-06-16,197.0
1969-06-17,282.0
1969-06-18,280.0
1969-06-19,298.0
1969-06-20,117.0
1969-06-21,71.0
1969-06-22,163.0
1969-06-23,257.0
1969-06-24,233.0
1969-06-25,240.0
1969-06-26,121.0
1969-06-27,274.0
1969-06-28,302.0
1969-06-29,173.0
1969-06-30,185.0
1969-07-01,128.0
1969-07-02,282.0
1969-07-03,277.0
1969-07-04,245.0
1969-07-05,242.0
1969-07-06,222.0
1969-07-07,266.0
1969-07-08,237.0
1969-07-09,242.0
1969-07-10,223.0
1969-07-11,165.0
1969-07-12,189.0
1969-07-13,179.0
1969-07-14,275.0
1969-07-15,317.0
1969-07-16,325.0
1969-07-17,326.0
1969-07-18,260.0
1969-07-19,250.0
1969-07-20,283.0
1969-07-21,198.0
1969-07-22,220.0
1969-07-23,241.0
1969-07-24,292.0
1969-07-25,280.0
1969-07-26,305.0
1969-07-27,293.0
1969-07-28,257.0
1969-07-29,272.0
1969-07-30,230.0
1969-07-31,270.0
1969-08-01,286.0
1969-08-02,265.0
1969-08-03,268.0
1969-08-04,294.0
1969-08-05,318.0
1969-08-06,306.0
1969-08-07,304.0
1969-08-08,200.0
1969-08-09,162.0
1969-08-10,117.0
1969-08-11,212.0
1969-08-12,214.0
1969-08-13,174.0
1969-08-14,233.0
1969-08-15,164.0
1969-08-16,201.0
1969-08-17,123.0
1969-08-18,134.0
1969-08-19,100.0
1969-08-20,220.0
1969-08-21,235.0
1969-08-22,171.0
1969-08-23,194.0
1969-08-24,191.0
1969-08-25,138.0
1969-08-26,149.0
1969-08-27,230.0
1969-08-28,96.0
1969-08-29,205.0
1969-08-30,177.0
1969-08-31,245.0
1969-09-01,232.0
1969-09-02,211.0
1969-09-03,176.0
1969-09-04,142.0
1969-09-05,142.0
1969-09-06,201.0
1969-09-07,177.0
1969-09-08,228.0
1969-09-09,238.0
1969-09-10,236.0
1969-09-11,168.0
1969-09-12,173.0
1969-09-13,179.0
1969-09-14,202.0
1969-09-15,159.0
1969-09-16,178.0
1969-09-17,171.0
1969-09-18,101.0
1969-09-19,144.0
1969-09-20,156.0
1969-09-21,175.0
1969-09-22,155.0
1969-09-23,192.0
1969-09-24,201.0
1969-09-25,194.0
1969-09-26,156.0
1969-09-27,152.0
1969-09-28,173.0
1969-09-29,163.0
1969-09-30,180.0
1969-10-01,95.0
1969-10-02,151.0
1969-10-03,126.0
1969-10-04,96.0
1969-10-05,119.0
1969-10-06,165.0
1969-10-07,163.0
1969-10-08,158.0
1969-10-09,165.0
1969-10-10,142.0
1969-10-11,138.0
1969-10-12,141.0
1969-10-13,138.0
1969-10-14,133.0
1969-10-15,104.0
1969-10-16,134.0
1969-10-17,131.0
1969-10-18,127.0
1969-10-19,121.0
1969-10-20,135.0
1969-10-21,129.0
1969-10-22,130.0
1969-10-23,80.0
1969-10-24,20.0
1969-10-25,47.0
1969-10-26,74.0
1969-10-27,127.0
1969-10-28,110.0
1969-10-29,97.0
1969-10-30,71.0
1969-10-31,109.0
1969-11-01,92.0
1969-11-02,107.0
1969-11-03,104.0
1969-11-04,104.0
1969-11-05,68.0
1969-11-06,96.0
1969-11-07,112.0
1969-11-08,34.0
1969-11-09,64.0
1969-11-10,46.0
1969-11-11,80.0
1969-11-12,49.0
1969-11-13,48.0
1969-11-14,63.0
1969-11-15,30.0
1969-11-16,81.0
1969-11-17,80.0
1969-11-18,25.0
1969-11-19,47.0
1969-11-20,58.0
1969-11-21,72.0
1969-11-22,32.0
1969-11-23,60.0
1969-11-24,41.0
1969-11-25,59.0
1969-11-26,51.0
1969-11-27,16.0
1969-11-28,46.0
1969-11-29,27.0
1969-11-30,29.0
1969-12-01,14.0
1969-12-02,8.0
1969-12-03,44.0
1969-12-04,41.0
1969-12-05,25.0
1969-12-06,21.0
1969-12-07,18.0
1969-12-08,22.0
1969-12-09,35.0
1969-12-10,32.0
1969-12-11,39.0
1969-12-12,35.0
1969-12-13,15.0
1969-12-14,20.0
1969-12-15,20.0
1969-12-16,24.0
1969-12-17,32.0
1969-12-18,36.0
1969-12-19,33.0
1969-12-20,23.0
1969-12-21,27.0
1969-12-22,32.0
1969-12-23,19.0
1969-12-24,24.0
1969-12-25,30.0
1969-12-26,19.0
1969-12-27,30.0
1969-12-28,51.0
1969-12-29,18.0
1969-12-30,18.0
1969-12-31,26.0
1970-01-01,18.0
1970-01-02,31.0
1970-01-03,58.0
1970-01-04,40.0
1970-01-05,24.0
1970-01-06,33.0
1970-01-07,18.0
1970-01-08,33.0
1970-01-09,56.0
1970-01-10,36.0
1970-01-11,39.0
1970-01-12,42.0
1970-01-13,50.0
1970-01-14,29.0
1970-01-15,45.0
1970-01-16,29.0
1970-01-17,15.0
1970-01-18,31.0
1970-01-19,25.0
1970-01-20,39.0
1970-01-21,31.0
1970-01-22,47.0
1970-01-23,49.0
1970-01-24,38.0
1970-01-25,43.0
1970-01-26,40.0
1970-01-27,26.0
1970-01-28,46.0
1970-01-29,60.0
1970-01-30,94.0
1970-01-31,49.0
1970-02-01,51.0
1970-02-02,62.0
1970-02-03,30.0
1970-02-04,107.0
1970-02-05,39.0
1970-02-06,94.0
1970-02-07,95.0
1970-02-08,45.0
1970-02-09,68.0
1970-02-10,40.0
1970-02-11,78.0
1970-02-12,109.0
1970-02-13,41.0
1970-02-14,108.0
1970-02-15,45.0
1970-02-16,74.0
1970-02-17,111.0
1970-02-18,96.0
1970-02-19,68.0
1970-02-20,86.0
1970-02-21,69.0
1970-02-22,44.0
1970-02-23,33.0
1970-02-24,81.0
1970-02-25,90.0
1970-02-26,52.0
1970-02-27,101.0
1970-02-28,94.0
1970-03-01,85.0
1970-03-02,122.0
1970-03-03,81.0
1970-03-04,104.0
1970-03-05,109.0
1970-03-06,103.0
1970-03-07,38.0
1970-03-08,146.0
1970-03-09,140.0
1970-03-10,59.0
1970-03-11,170.0
1970-03-12,162.0
1970-03-13,70.0
1970-03-14,150.0
1970-03-15,32.0
1970-03-16,94.0
1970-03-17,187.0
1970-03-18,92.0
1970-03-19,66.0
1970-03-20,150.0
1970-03-21,139.0
1970-03-22,165.0
1970-03-23,143.0
1970-03-24,76.0
1970-03-25,158.0
1970-03-26,137.0
1970-03-27,70.0
1970-03-28,101.0
1970-03-29,190.0
1970-03-30,190.0
1970-03-31,180.0
1970-04-01,154.0
1970-04-02,220.0
1970-04-03,63.0
1970-04-04,178.0
1970-04-05,226.0
1970-04-06,220.0
1970-04-07,155.0
1970-04-08,111.0
1970-04-09,105.0
1970-04-10,237.0
1970-04-11,198.0
1970-04-12,117.0
1970-04-13,232.0
1970-04-14,121.0
1970-04-15,136.0
1970-04-16,216.0
1970-04-17,214.0
1970-04-18,136.0
1970-04-19,211.0
1970-04-20,232.0
1970-04-21,109.0
1970-04-22,230.0
1970-04-23,234.0
1970-04-24,216.0
1970-04-25,269.0
1970-04-26,234.0
1970-04-27,156.0
1970-04-28,200.0
1970-04-29,117.0
1970-04-30,209.0
1970-05-01,243.0
1970-05-02,207.0
1970-05-03,282.0
1970-05-04,231.0
1970-05-05,164.0
1970-05-06,146.0
1970-05-07,216.0
1970-05-08,238.0
1970-05-09,245.0
1970-05-10,170.0
1970-05-11,252.0
1970-05-12,154.0
1970-05-13,193.0
1970-05-14,215.0
1970-05-15,260.0
1970-05-16,260.0
1970-05-17,189.0
1970-05-18,166.0
1970-05-19,208.0
1970-05-20,233.0
1970-05-21,250.0
1970-05-22,211.0
1970-05-23,118.0
1970-05-24,142.0
1970-05-25,328.0
1970-05-26,358.0
1970-05-27,192.0
1970-05-28,142.0
1970-05-29,237.0
1970-05-30,305.0
1970-05-31,181.0
1970-06-01,241.0
1970-06-02,225.0
1970-06-03,235.0
1970-06-04,80.0
1970-06-05,125.0
1970-06-06,191.0
1970-06-07,234.0
1970-06-08,299.0
1970-06-09,265.0
1970-06-10,250.0
1970-06-11,177.0
1970-06-12,239.0
1970-06-13,300.0
1970-06-14,305.0
1970-06-15,328.0
1970-06-16,285.0
1970-06-17,167.0
1970-06-18,232.0
1970-06-19,270.0
1970-06-20,329.0
1970-06-21,347.0
1970-06-22,324.0
1970-06-23,263.0
1970-06-24,247.0
1970-06-25,256.0
1970-06-26,189.0
1970-06-27,271.0
1970-06-28,294.0
1970-06-29,273.0
1970-06-30,306.0
1970-07-01,223.0
1970-07-02,319.0
1970-07-03,214.0
1970-07-04,249.0
1970-07-05,102.0
1970-07-06,193.0
1970-07-07,245.0
1970-07-08,266.0
1970-07-09,248.0
1970-07-10,263.0
1970-07-11,277.0
1970-07-12,257.0
1970-07-13,299.0
1970-07-14,309.0
1970-07-15,301.0
1970-07-16,79.0
1970-07-17,128.0
1970-07-18,99.0
1970-07-19,96.0
1970-07-20,264.0
1970-07-21,248.0
1970-07-22,271.0
1970-07-23,281.0
1970-07-24,262.0
1970-07-25,271.0
1970-07-26,223.0
1970-07-27,269.0
1970-07-28,244.0
1970-07-29,318.0
1970-07-30,285.0
1970-07-31,247.0
1970-08-01,238.0
1970-08-02,278.0
1970-08-03,262.0
1970-08-04,236.0
1970-08-05,265.0
1970-08-06,225.0
1970-08-07,256.0
1970-08-08,208.0
1970-08-09,244.0
1970-08-10,204.0
1970-08-11,109.0
1970-08-12,205.0
1970-08-13,242.0
1970-08-14,276.0
1970-08-15,275.0
1970-08-16,191.0
1970-08-17,188.0
1970-08-18,216.0
1970-08-19,268.0
1970-08-20,304.0
1970-08-21,277.0
1970-08-22,147.0
1970-08-23,176.0
1970-08-24,160.0
1970-08-25,146.0
1970-08-26,161.0
1970-08-27,225.0
1970-08-28,229.0
1970-08-29,228.0
1970-08-30,112.0
1970-08-31,105.0
1970-09-01,172.0
1970-09-02,109.0
1970-09-03,181.0
1970-09-04,116.0
1970-09-05,131.0
1970-09-06,142.0
1970-09-07,211.0
1970-09-08,217.0
1970-09-09,191.0
1970-09-10,194.0
1970-09-11,217.0
1970-09-12,164.0
1970-09-13,133.0
1970-09-14,205.0
1970-09-15,184.0
1970-09-16,182.0
1970-09-17,85.0
1970-09-18,143.0
1970-09-19,96.0
1970-09-20,105.0
1970-09-21,170.0
1970-09-22,137.0
1970-09-23,169.0
1970-09-24,164.0
1970-09-25,161.0
1970-09-26,83.0
1970-09-27,184.0
1970-09-28,169.0
1970-09-29,185.0
1970-09-30,132.0
1970-10-01,64.0
1970-10-02,91.0
1970-10-03,75.0
1970-10-04,104.0
1970-10-05,102.0
1970-10-06,121.0
1970-10-07,169.0
1970-10-08,157.0
1970-10-09,162.0
1970-10-10,153.0
1970-10-11,122.0
1970-10-12,133.0
1970-10-13,116.0
1970-10-14,43.0
1970-10-15,70.0
1970-10-16,148.0
1970-10-17,143.0
1970-10-18,106.0
1970-10-19,118.0
1970-10-20,120.0
1970-10-21,40.0
1970-10-22,59.0
1970-10-23,71.0
1970-10-24,70.0
1970-10-25,43.0
1970-10-26,74.0
1970-10-27,98.0
1970-10-28,92.0
1970-10-29,60.0
1970-10-30,66.0
1970-10-31,75.0
1970-11-01,77.0
1970-11-02,79.0
1970-11-03,44.0
1970-11-04,82.0
1970-11-05,66.0
1970-11-06,50.0
1970-11-07,77.0
1970-11-08,41.0
1970-11-09,45.0
1970-11-10,71.0
1970-11-11,85.0
1970-11-12,81.0
1970-11-13,97.0
1970-11-14,84.0
1970-11-15,42.0
1970-11-16,27.0
1970-11-17,47.0
1970-11-18,68.0
1970-11-19,45.0
1970-11-20,46.0
1970-11-21,56.0
1970-11-22,35.0
1970-11-23,27.0
1970-11-24,33.0
1970-11-25,45.0
1970-11-26,21.0
1970-11-27,15.0
1970-11-28,15.0
1970-11-29,26.0
1970-11-30,26.0
1970-12-01,31.0
1970-12-02,34.0
1970-12-03,51.0
1970-12-04,41.0
1970-12-05,69.0
1970-12-06,24.0
1970-12-07,55.0
1970-12-08,21.0
1970-12-09,30.0
1970-12-10,32.0
1970-12-11,32.0
1970-12-12,22.0
1970-12-13,12.0
1970-12-14,8.0
1970-12-15,15.0
1970-12-16,28.0
1970-12-17,24.0
1970-12-18,28.0
1970-12-19,19.0
1970-12-20,18.0
1970-12-21,27.0
1970-12-22,17.0
1970-12-23,19.0
1970-12-24,24.0
1970-12-25,29.0
1970-12-26,17.0
1970-12-27,24.0
1970-12-28,19.0
1970-12-29,27.0
1970-12-30,19.0
1970-12-31,46.0
1971-01-01,17.0
1971-01-02,30.0
1971-01-03,22.0
1971-01-04,41.0
1971-01-05,30.0
1971-01-06,28.0
1971-01-07,36.0
1971-01-08,40.0
1971-01-09,51.0
1971-01-10,39.0
1971-01-11,47.0
1971-01-12,51.0
1971-01-13,45.0
1971-01-14,59.0
1971-01-15,66.0
1971-01-16,42.0
1971-01-17,41.0
1971-01-18,41.0
1971-01-19,41.0
1971-01-20,44.0
1971-01-21,48.0
1971-01-22,32.0
1971-01-23,40.0
1971-01-24,50.0
1971-01-25,83.0
1971-01-26,48.0
1971-01-27,40.0
1971-01-28,57.0
1971-01-29,60.0
1971-01-30,49.0
1971-01-31,65.0
1971-02-01,48.0
1971-02-02,34.0
1971-02-03,70.0
1971-02-04,82.0
1971-02-05,91.0
1971-02-06,83.0
1971-02-07,51.0
1971-02-08,42.0
1971-02-09,51.0
1971-02-10,59.0
1971-02-11,114.0
1971-02-12,77.0
1971-02-13,63.0
1971-02-14,66.0
1971-02-15,62.0
1971-02-16,83.0
1971-02-17,72.0
1971-02-18,61.0
1971-02-19,63.0
1971-02-20,66.0
1971-02-21,87.0
1971-02-22,95.0
1971-02-23,91.0
1971-02-24,96.0
1971-02-25,67.0
1971-02-26,89.0
1971-02-27,98.0
1971-02-28,68.0
1971-03-01,112.0
1971-03-02,118.0
1971-03-03,114.0
1971-03-04,91.0
1971-03-05,72.0
1971-03-06,68.0
1971-03-07,65.0
1971-03-08,158.0
1971-03-09,80.0
1971-03-10,72.0
1971-03-11,119.0
1971-03-12,155.0
1971-03-13,96.0
1971-03-14,173.0
1971-03-15,54.0
1971-03-16,111.0
1971-03-17,138.0
1971-03-18,146.0
1971-03-19,148.0
1971-03-20,121.0
1971-03-21,170.0
1971-03-22,70.0
1971-03-23,59.0
1971-03-24,154.0
1971-03-25,203.0
1971-03-26,178.0
1971-03-27,174.0
1971-03-28,173.0
1971-03-29,159.0
1971-03-30,87.0
1971-03-31,184.0
1971-04-01,152.0
1971-04-02,87.0
1971-04-03,206.0
1971-04-04,172.0
1971-04-05,126.0
1971-04-06,90.0
1971-04-07,134.0
1971-04-08,169.0
1971-04-09,215.0
1971-04-10,216.0
1971-04-11,218.0
1971-04-12,223.0
1971-04-13,161.0
1971-04-14,229.0
1971-04-15,243.0
1971-04-16,254.0
1971-04-17,283.0
1971-04-18,217.0
1971-04-19,266.0
1971-04-20,279.0
1971-04-21,220.0
1971-04-22,237.0
1971-04-23,233.0
1971-04-24,92.0
1971-04-25,88.0
1971-04-26,179.0
1971-04-27,122.0
1971-04-28,119.0
1971-04-29,277.0
1971-04-30,240.0
1971-05-01,156.0
1971-05-02,122.0
1971-05-03,157.0
1971-05-04,144.0
1971-05-05,174.0
1971-05-06,206.0
1971-05-07,104.0
1971-05-08,152.0
1971-05-09,255.0
1971-05-10,295.0
1971-05-11,301.0
1971-05-12,281.0
1971-05-13,312.0
1971-05-14,295.0
1971-05-15,285.0
1971-05-16,271.0
1971-05-17,281.0
1971-05-18,275.0
1971-05-19,285.0
1971-05-20,223.0
1971-05-21,281.0
1971-05-22,294.0
1971-05-23,244.0
1971-05-24,270.0
1971-05-25,325.0
1971-05-26,283.0
1971-05-27,293.0
1971-05-28,155.0
1971-05-29,250.0
1971-05-30,205.0
1971-05-31,200.0
1971-06-01,277.0
1971-06-02,273.0
1971-06-03,281.0
1971-06-04,270.0
1971-06-05,276.0
1971-06-06,278.0
1971-06-07,218.0
1971-06-08,267.0
1971-06-09,166.0
1971-06-10,263.0
1971-06-11,275.0
1971-06-12,233.0
1971-06-13,237.0
1971-06-14,294.0
1971-06-15,309.0
1971-06-16,280.0
1971-06-17,319.0
1971-06-18,206.0
1971-06-19,270.0
1971-06-20,224.0
1971-06-21,173.0
1971-06-22,235.0
1971-06-23,297.0
1971-06-24,310.0
1971-06-25,223.0
1971-06-26,201.0
1971-06-27,277.0
1971-06-28,259.0
1971-06-29,113.0
1971-06-30,201.0
1971-07-01,303.0
1971-07-02,141.0
1971-07-03,167.0
1971-07-04,155.0
1971-07-05,197.0
1971-07-06,307.0
1971-07-07,333.0
1971-07-08,310.0
1971-07-09,321.0
1971-07-10,318.0
1971-07-11,305.0
1971-07-12,302.0
1971-07-13,224.0
1971-07-14,178.0
1971-07-15,243.0
1971-07-16,307.0
1971-07-17,239.0
1971-07-18,198.0
1971-07-19,85.0
1971-07-20,177.0
1971-07-21,284.0
1971-07-22,248.0
1971-07-23,249.0
1971-07-24,270.0
1971-07-25,295.0
1971-07-26,285.0
1971-07-27,314.0
1971-07-28,273.0
1971-07-29,226.0
1971-07-30,173.0
1971-07-31,256.0
1971-08-01,274.0
1971-08-02,281.0
1971-08-03,247.0
1971-08-04,203.0
1971-08-05,245.0
1971-08-06,234.0
1971-08-07,263.0
1971-08-08,228.0
1971-08-09,200.0
1971-08-10,302.0
1971-08-11,288.0
1971-08-12,240.0
1971-08-13,228.0
1971-08-14,260.0
1971-08-15,281.0
1971-08-16,220.0
1971-08-17,170.0
1971-08-18,251.0
1971-08-19,258.0
1971-08-20,269.0
1971-08-21,267.0
1971-08-22,279.0
1971-08-23,212.0
1971-08-24,140.0
1971-08-25,192.0
1971-08-26,225.0
1971-08-27,147.0
1971-08-28,161.0
1971-08-29,234.0
1971-08-30,228.0
1971-08-31,200.0
1971-09-01,128.0
1971-09-02,175.0
1971-09-03,211.0
1971-09-04,209.0
1971-09-05,132.0
1971-09-06,122.0
1971-09-07,130.0
1971-09-08,150.0
1971-09-09,140.0
1971-09-10,146.0
1971-09-11,139.0
1971-09-12,169.0
1971-09-13,121.0
1971-09-14,126.0
1971-09-15,132.0
1971-09-16,101.0
1971-09-17,107.0
1971-09-18,153.0
1971-09-19,89.0
1971-09-20,105.0
1971-09-21,145.0
1971-09-22,189.0
1971-09-23,187.0
1971-09-24,196.0
1971-09-25,171.0
1971-09-26,130.0
1971-09-27,153.0
1971-09-28,145.0
1971-09-29,49.0
1971-09-30,65.0
1971-10-01,143.0
1971-10-02,162.0
1971-10-03,160.0
1971-10-04,153.0
1971-10-05,149.0
1971-10-06,122.0
1971-10-07,95.0
1971-10-08,147.0
1971-10-09,157.0
1971-10-10,155.0
1971-10-11,152.0
1971-10-12,143.0
1971-10-13,127.0
1971-10-14,105.0
1971-10-15,54.0
1971-10-16,55.0
1971-10-17,66.0
1971-10-18,71.0
1971-10-19,88.0
1971-10-20,132.0
1971-10-21,80.0
1971-10-22,64.0
1971-10-23,107.0
1971-10-24,116.0
1971-10-25,120.0
1971-10-26,103.0
1971-10-27,76.0
1971-10-28,114.0
1971-10-29,73.0
1971-10-30,64.0
1971-10-31,68.0
1971-11-01,35.0
1971-11-02,52.0
1971-11-03,29.0
1971-11-04,26.0
1971-11-05,80.0
1971-11-06,91.0
1971-11-07,76.0
1971-11-08,18.0
1971-11-09,68.0
1971-11-10,49.0
1971-11-11,60.0
1971-11-12,28.0
1971-11-13,39.0
1971-11-14,54.0
1971-11-15,75.0
1971-11-16,33.0
1971-11-17,47.0
1971-11-18,41.0
1971-11-19,25.0
1971-11-20,20.0
1971-11-21,67.0
1971-11-22,46.0
1971-11-23,34.0
1971-11-24,60.0
1971-11-25,63.0
1971-11-26,43.0
1971-11-27,37.0
1971-11-28,74.0
1971-11-29,19.0
1971-11-30,33.0
1971-12-01,31.0
1971-12-02,33.0
1971-12-03,27.0
1971-12-04,30.0
1971-12-05,19.0
1971-12-06,19.0
1971-12-07,49.0
1971-12-08,19.0
1971-12-09,56.0
1971-12-10,47.0
1971-12-11,23.0
1971-12-12,38.0
1971-12-13,58.0
1971-12-14,20.0
1971-12-15,39.0
1971-12-16,26.0
1971-12-17,42.0
1971-12-18,17.0
1971-12-19,15.0
1971-12-20,17.0
1971-12-21,22.0
1971-12-22,26.0
1971-12-23,33.0
1971-12-24,56.0
1971-12-25,20.0
1971-12-26,26.0
1971-12-27,25.0
1971-12-28,15.0
1971-12-29,14.0
1971-12-30,46.0
1971-12-31,51.0
1972-01-01,53.0
1972-01-02,31.0
1972-01-03,40.0
1972-01-04,42.0
1972-01-05,26.0
1972-01-06,24.0
1972-01-07,25.0
1972-01-08,35.0
1972-01-09,17.0
1972-01-10,21.0
1972-01-11,35.0
1972-01-12,67.0
1972-01-13,79.0
1972-01-14,78.0
1972-01-15,72.0
1972-01-16,71.0
1972-01-17,71.0
1972-01-18,42.0
1972-01-19,71.0
1972-01-20,64.0
1972-01-21,85.0
1972-01-22,63.0
1972-01-23,62.0
1972-01-24,53.0
1972-01-25,51.0
1972-01-26,64.0
1972-01-27,50.0
1972-01-28,35.0
1972-01-29,43.0
1972-01-30,32.0
1972-01-31,38.0
1972-02-01,41.0
1972-02-02,105.0
1972-02-03,112.0
1972-02-04,118.0
1972-02-05,110.0
1972-02-06,94.0
1972-02-07,46.0
1972-02-08,67.0
1972-02-09,63.0
1972-02-10,64.0
1972-02-11,80.0
1972-02-12,74.0
1972-02-13,65.0
1972-02-14,39.0
1972-02-15,55.0
1972-02-16,85.0
1972-02-17,109.0
1972-02-18,106.0
1972-02-19,137.0
1972-02-20,104.0
1972-02-21,55.0
1972-02-22,37.0
1972-02-23,45.0
1972-02-24,64.0
1972-02-25,75.0
1972-02-26,61.0
1972-02-27,85.0
1972-02-28,90.0
1972-02-29,87.0
1972-03-01,67.0
1972-03-02,83.0
1972-03-03,88.0
1972-03-04,85.0
1972-03-05,122.0
1972-03-06,127.0
1972-03-07,63.0
1972-03-08,105.0
1972-03-09,101.0
1972-03-10,124.0
1972-03-11,45.0
1972-03-12,140.0
1972-03-13,191.0
1972-03-14,186.0
1972-03-15,191.0
1972-03-16,184.0
1972-03-17,183.0
1972-03-18,199.0
1972-03-19,187.0
1972-03-20,186.0
1972-03-21,158.0
1972-03-22,154.0
1972-03-23,156.0
1972-03-24,124.0
1972-03-25,192.0
1972-03-26,206.0
1972-03-27,138.0
1972-03-28,151.0
1972-03-29,169.0
1972-03-30,152.0
1972-03-31,212.0
1972-04-01,119.0
1972-04-02,219.0
1972-04-03,88.0
1972-04-04,198.0
1972-04-05,191.0
1972-04-06,151.0
1972-04-07,246.0
1972-04-08,235.0
1972-04-09,177.0
1972-04-10,180.0
1972-04-11,207.0
1972-04-12,181.0
1972-04-13,147.0
1972-04-14,167.0
1972-04-15,150.0
1972-04-16,149.0
1972-04-17,157.0
1972-04-18,140.0
1972-04-19,157.0
1972-04-20,163.0
1972-04-21,206.0
1972-04-22,128.0
1972-04-23,158.0
1972-04-24,166.0
1972-04-25,92.0
1972-04-26,77.0
1972-04-27,146.0
1972-04-28,220.0
1972-04-29,267.0
1972-04-30,269.0
1972-05-01,261.0
1972-05-02,168.0
1972-05-03,89.0
1972-05-04,238.0
1972-05-05,214.0
1972-05-06,235.0
1972-05-07,234.0
1972-05-08,250.0
1972-05-09,189.0
1972-05-10,246.0
1972-05-11,113.0
1972-05-12,39.0
1972-05-13,213.0
1972-05-14,131.0
1972-05-15,117.0
1972-05-16,219.0
1972-05-17,101.0
1972-05-18,270.0
1972-05-19,191.0
1972-05-20,227.0
1972-05-21,271.0
1972-05-22,207.0
1972-05-23,288.0
1972-05-24,292.0
1972-05-25,247.0
1972-05-26,281.0
1972-05-27,211.0
1972-05-28,166.0
1972-05-29,292.0
1972-05-30,317.0
1972-05-31,264.0
1972-06-01,119.0
1972-06-02,198.0
1972-06-03,199.0
1972-06-04,284.0
1972-06-05,289.0
1972-06-06,300.0
1972-06-07,293.0
1972-06-08,335.0
1972-06-09,288.0
1972-06-10,213.0
1972-06-11,280.0
1972-06-12,302.0
1972-06-13,181.0
1972-06-14,231.0
1972-06-15,290.0
1972-06-16,293.0
1972-06-17,316.0
1972-06-18,194.0
1972-06-19,308.0
1972-06-20,266.0
1972-06-21,326.0
1972-06-22,317.0
1972-06-23,300.0
1972-06-24,134.0
1972-06-25,210.0
1972-06-26,133.0
1972-06-27,143.0
1972-06-28,217.0
1972-06-29,244.0
1972-06-30,295.0
1972-07-01,190.0
1972-07-02,263.0
1972-07-03,178.0
1972-07-04,202.0
1972-07-05,236.0
1972-07-06,261.0
1972-07-07,258.0
1972-07-08,263.0
1972-07-09,257.0
1972-07-10,312.0
1972-07-11,281.0
1972-07-12,224.0
1972-07-13,165.0
1972-07-14,295.0
1972-07-15,263.0
1972-07-16,319.0
1972-07-17,260.0
1972-07-18,220.0
1972-07-19,217.0
1972-07-20,257.0
1972-07-21,225.0
1972-07-22,250.0
1972-07-23,250.0
1972-07-24,249.0
1972-07-25,274.0
1972-07-26,213.0
1972-07-27,136.0
1972-07-28,207.0
1972-07-29,242.0
1972-07-30,258.0
1972-07-31,162.0
1972-08-01,211.0
1972-08-02,223.0
1972-08-03,91.0
1972-08-04,169.0
1972-08-05,258.0
1972-08-06,228.0
1972-08-07,188.0
1972-08-08,243.0
1972-08-09,247.0
1972-08-10,268.0
1972-08-11,260.0
1972-08-12,233.0
1972-08-13,225.0
1972-08-14,262.0
1972-08-15,264.0
1972-08-16,241.0
1972-08-17,223.0
1972-08-18,136.0
1972-08-19,129.0
1972-08-20,87.0
1972-08-21,70.0
1972-08-22,74.0
1972-08-23,91.0
1972-08-24,156.0
1972-08-25,191.0
1972-08-26,207.0
1972-08-27,185.0
1972-08-28,197.0
1972-08-29,146.0
1972-08-30,147.0
1972-08-31,91.0
1972-09-01,167.0
1972-09-02,225.0
1972-09-03,196.0
1972-09-04,214.0
1972-09-05,207.0
1972-09-06,206.0
1972-09-07,222.0
1972-09-08,156.0
1972-09-09,186.0
1972-09-10,100.0
1972-09-11,68.0
1972-09-12,46.0
1972-09-13,89.0
1972-09-14,141.0
1972-09-15,199.0
1972-09-16,77.0
1972-09-17,168.0
1972-09-18,144.0
1972-09-19,133.0
1972-09-20,139.0
1972-09-21,111.0
1972-09-22,153.0
1972-09-23,101.0
1972-09-24,106.0
1972-09-25,118.0
1972-09-26,157.0
1972-09-27,100.0
1972-09-28,153.0
1972-09-29,161.0
1972-09-30,119.0
1972-10-01,128.0
1972-10-02,107.0
1972-10-03,116.0
1972-10-04,61.0
1972-10-05,90.0
1972-10-06,114.0
1972-10-07,100.0
1972-10-08,74.0
1972-10-09,36.0
1972-10-10,63.0
1972-10-11,76.0
1972-10-12,100.0
1972-10-13,81.0
1972-10-14,116.0
1972-10-15,106.0
1972-10-16,62.0
1972-10-17,126.0
1972-10-18,139.0
1972-10-19,83.0
1972-10-20,122.0
1972-10-21,45.0
1972-10-22,59.0
1972-10-23,53.0
1972-10-24,89.0
1972-10-25,113.0
1972-10-26,103.0
1972-10-27,127.0
1972-10-28,107.0
1972-10-29,72.0
1972-10-30,65.0
1972-10-31,99.0
1972-11-01,66.0
1972-11-02,53.0
1972-11-03,85.0
1972-11-04,75.0
1972-11-05,71.0
1972-11-06,50.0
1972-11-07,69.0
1972-11-08,79.0
1972-11-09,64.0
1972-11-10,47.0
1972-11-11,66.0
1972-11-12,42.0
1972-11-13,59.0
1972-11-14,30.0
1972-11-15,21.0
1972-11-16,78.0
1972-11-17,35.0
1972-11-18,38.0
1972-11-19,66.0
1972-11-20,39.0
1972-11-21,31.0
1972-11-22,39.0
1972-11-23,24.0
1972-11-24,19.0
1972-11-25,46.0
1972-11-26,42.0
1972-11-27,61.0
1972-11-28,55.0
1972-11-29,71.0
1972-11-30,69.0
1972-12-01,34.0
1972-12-02,38.0
1972-12-03,45.0
1972-12-04,43.0
1972-12-05,40.0
1972-12-06,36.0
1972-12-07,34.0
1972-12-08,43.0
1972-12-09,29.0
1972-12-10,51.0
1972-12-11,25.0
1972-12-12,29.0
1972-12-13,25.0
1972-12-14,31.0
1972-12-15,21.0
1972-12-16,21.0
1972-12-17,16.0
1972-12-18,10.0
1972-12-19,23.0
1972-12-20,48.0
1972-12-21,60.0
1972-12-22,40.0
1972-12-23,41.0
1972-12-24,51.0
1972-12-25,50.0
1972-12-26,33.0
1972-12-27,65.0
1972-12-28,69.0
1972-12-29,62.0
1972-12-30,67.0
1972-12-31,66.0
1973-01-01,68.0
1973-01-02,48.0
1973-01-03,29.0
1973-01-04,22.0
1973-01-05,30.0
1973-01-06,31.0
1973-01-07,17.0
1973-01-08,19.0
1973-01-09,19.0
1973-01-10,21.0
1973-01-11,38.0
1973-01-12,52.0
1973-01-13,61.0
1973-01-14,81.0
1973-01-15,76.0
1973-01-16,50.0
1973-01-17,32.0
1973-01-18,32.0
1973-01-19,24.0
1973-01-20,27.0
1973-01-21,32.0
1973-01-22,55.0
1973-01-23,38.0
1973-01-24,28.0
1973-01-25,56.0
1973-01-26,56.0
1973-01-27,41.0
1973-01-28,49.0
1973-01-29,62.0
1973-01-30,35.0
1973-01-31,59.0
1973-02-01,46.0
1973-02-02,67.0
1973-02-03,88.0
1973-02-04,37.0
1973-02-05,49.0
1973-02-06,50.0
1973-02-07,54.0
1973-02-08,59.0
1973-02-09,95.0
1973-02-10,42.0
1973-02-11,54.0
1973-02-12,91.0
1973-02-13,100.0
1973-02-14,63.0
1973-02-15,38.0
1973-02-16,38.0
1973-02-17,32.0
1973-02-18,54.0
1973-02-19,71.0
1973-02-20,47.0
1973-02-21,49.0
1973-02-22,72.0
1973-02-23,102.0
1973-02-24,121.0
1973-02-25,72.0
1973-02-26,92.0
1973-02-27,91.0
1973-02-28,107.0
1973-03-01,94.0
1973-03-02,105.0
1973-03-03,48.0
1973-03-04,132.0
1973-03-05,145.0
1973-03-06,148.0
1973-03-07,80.0
1973-03-08,99.0
1973-03-09,96.0
1973-03-10,73.0
1973-03-11,102.0
1973-03-12,151.0
1973-03-13,97.0
1973-03-14,81.0
1973-03-15,99.0
1973-03-16,136.0
1973-03-17,199.0
1973-03-18,146.0
1973-03-19,117.0
1973-03-20,166.0
1973-03-21,105.0
1973-03-22,137.0
1973-03-23,198.0
1973-03-24,204.0
1973-03-25,227.0
1973-03-26,174.0
1973-03-27,157.0
1973-03-28,206.0
1973-03-29,150.0
1973-03-30,217.0
1973-03-31,209.0
1973-04-01,154.0
1973-04-02,154.0
1973-04-03,143.0
1973-04-04,83.0
1973-04-05,191.0
1973-04-06,197.0
1973-04-07,184.0
1973-04-08,164.0
1973-04-09,131.0
1973-04-10,141.0
1973-04-11,177.0
1973-04-12,182.0
1973-04-13,95.0
1973-04-14,127.0
1973-04-15,44.0
1973-04-16,199.0
1973-04-17,252.0
1973-04-18,175.0
1973-04-19,242.0
1973-04-20,123.0
1973-04-21,174.0
1973-04-22,172.0
1973-04-23,251.0
1973-04-24,143.0
1973-04-25,145.0
1973-04-26,184.0
1973-04-27,233.0
1973-04-28,204.0
1973-04-29,119.0
1973-04-30,204.0
1973-05-01,281.0
1973-05-02,265.0
1973-05-03,255.0
1973-05-04,272.0
1973-05-05,280.0
1973-05-06,258.0
1973-05-07,236.0
1973-05-08,274.0
1973-05-09,200.0
1973-05-10,92.0
1973-05-11,109.0
1973-05-12,214.0
1973-05-13,278.0
1973-05-14,317.0
1973-05-15,268.0
1973-05-16,255.0
1973-05-17,229.0
1973-05-18,265.0
1973-05-19,267.0
1973-05-20,222.0
1973-05-21,281.0
1973-05-22,272.0
1973-05-23,287.0
1973-05-24,264.0
1973-05-25,249.0
1973-05-26,155.0
1973-05-27,108.0
1973-05-28,192.0
1973-05-29,310.0
1973-05-30,308.0
1973-05-31,332.0
1973-06-01,301.0
1973-06-02,288.0
1973-06-03,198.0
1973-06-04,100.0
1973-06-05,156.0
1973-06-06,198.0
1973-06-07,230.0
1973-06-08,189.0
1973-06-09,245.0
1973-06-10,196.0
1973-06-11,255.0
1973-06-12,314.0
1973-06-13,326.0
1973-06-14,276.0
1973-06-15,238.0
1973-06-16,276.0
1973-06-17,250.0
1973-06-18,254.0
1973-06-19,172.0
1973-06-20,267.0
1973-06-21,172.0
1973-06-22,226.0
1973-06-23,155.0
1973-06-24,157.0
1973-06-25,175.0
1973-06-26,318.0
1973-06-27,285.0
1973-06-28,309.0
1973-06-29,313.0
1973-06-30,122.0
1973-07-01,128.0
1973-07-02,211.0
1973-07-03,292.0
1973-07-04,256.0
1973-07-05,225.0
1973-07-06,227.0
1973-07-07,247.0
1973-07-08,214.0
1973-07-09,240.0
1973-07-10,302.0
1973-07-11,276.0
1973-07-12,230.0
1973-07-13,196.0
1973-07-14,254.0
1973-07-15,229.0
1973-07-16,275.0
1973-07-17,293.0
1973-07-18,296.0
1973-07-19,311.0
1973-07-20,274.0
1973-07-21,304.0
1973-07-22,216.0
1973-07-23,238.0
1973-07-24,233.0
1973-07-25,193.0
1973-07-26,255.0
1973-07-27,169.0
1973-07-28,137.0
1973-07-29,180.0
1973-07-30,223.0
1973-07-31,269.0
1973-08-01,287.0
1973-08-02,282.0
1973-08-03,242.0
1973-08-04,262.0
1973-08-05,253.0
1973-08-06,278.0
1973-08-07,247.0
1973-08-08,225.0
1973-08-09,280.0
1973-08-10,299.0
1973-08-11,288.0
1973-08-12,241.0
1973-08-13,202.0
1973-08-14,227.0
1973-08-15,210.0
1973-08-16,225.0
1973-08-17,212.0
1973-08-18,259.0
1973-08-19,266.0
1973-08-20,231.0
1973-08-21,223.0
1973-08-22,248.0
1973-08-23,263.0
1973-08-24,164.0
1973-08-25,181.0
1973-08-26,229.0
1973-08-27,220.0
1973-08-28,215.0
1973-08-29,137.0
1973-08-30,80.0
1973-08-31,180.0
1973-09-01,163.0
1973-09-02,185.0
1973-09-03,200.0
1973-09-04,190.0
1973-09-05,224.0
1973-09-06,216.0
1973-09-07,210.0
1973-09-08,194.0
1973-09-09,199.0
1973-09-10,177.0
1973-09-11,213.0
1973-09-12,198.0
1973-09-13,155.0
1973-09-14,220.0
1973-09-15,222.0
1973-09-16,203.0
1973-09-17,171.0
1973-09-18,183.0
1973-09-19,162.0
1973-09-20,61.0
1973-09-21,154.0
1973-09-22,144.0
1973-09-23,152.0
1973-09-24,121.0
1973-09-25,102.0
1973-09-26,102.0
1973-09-27,97.0
1973-09-28,63.0
1973-09-29,119.0
1973-09-30,123.0
1973-10-01,167.0
1973-10-02,128.0
1973-10-03,73.0
1973-10-04,165.0
1973-10-05,168.0
1973-10-06,160.0
1973-10-07,173.0
1973-10-08,155.0
1973-10-09,150.0
1973-10-10,146.0
1973-10-11,153.0
1973-10-12,90.0
1973-10-13,125.0
1973-10-14,110.0
1973-10-15,68.0
1973-10-16,110.0
1973-10-17,89.0
1973-10-18,40.0
1973-10-19,135.0
1973-10-20,85.0
1973-10-21,75.0
1973-10-22,66.0
1973-10-23,116.0
1973-10-24,56.0
1973-10-25,127.0
1973-10-26,120.0
1973-10-27,111.0
1973-10-28,118.0
1973-10-29,108.0
1973-10-30,43.0
1973-10-31,76.0
1973-11-01,97.0
1973-11-02,104.0
1973-11-03,93.0
1973-11-04,105.0
1973-11-05,62.0
1973-11-06,51.0
1973-11-07,34.0
1973-11-08,52.0
1973-11-09,69.0
1973-11-10,56.0
1973-11-11,93.0
1973-11-12,68.0
1973-11-13,30.0
1973-11-14,55.0
1973-11-15,56.0
1973-11-16,70.0
1973-11-17,78.0
1973-11-18,62.0
1973-11-19,72.0
1973-11-20,64.0
1973-11-21,72.0
1973-11-22,64.0
1973-11-23,81.0
1973-11-24,36.0
1973-11-25,43.0
1973-11-26,33.0
1973-11-27,64.0
1973-11-28,50.0
1973-11-29,40.0
1973-11-30,35.0
1973-12-01,52.0
1973-12-02,59.0
1973-12-03,73.0
1973-12-04,25.0
1973-12-05,36.0
1973-12-06,50.0
1973-12-07,36.0
1973-12-08,33.0
1973-12-09,33.0
1973-12-10,66.0
1973-12-11,60.0
1973-12-12,42.0
1973-12-13,34.0
1973-12-14,37.0
1973-12-15,26.0
1973-12-16,53.0
1973-12-17,35.0
1973-12-18,48.0
1973-12-19,50.0
1973-12-20,42.0
1973-12-21,41.0
1973-12-22,27.0
1973-12-23,50.0
1973-12-24,46.0
1973-12-25,25.0
1973-12-26,17.0
1973-12-27,40.0
1973-12-28,22.0
1973-12-29,12.0
1973-12-30,32.0
1973-12-31,40.0
1974-01-01,20.0
1974-01-02,33.0
1974-01-03,19.0
1974-01-04,29.0
1974-01-05,35.0
1974-01-06,39.0
1974-01-07,26.0
1974-01-08,28.0
1974-01-09,38.0
1974-01-10,61.0
1974-01-11,44.0
1974-01-12,34.0
1974-01-13,59.0
1974-01-14,72.0
1974-01-15,66.0
1974-01-16,34.0
1974-01-17,24.0
1974-01-18,49.0
1974-01-19,43.0
1974-01-20,31.0
1974-01-21,43.0
1974-01-22,61.0
1974-01-23,28.0
1974-01-24,39.0
1974-01-25,38.0
1974-01-26,45.0
1974-01-27,52.0
1974-01-28,34.0
1974-01-29,47.0
1974-01-30,61.0
1974-01-31,71.0
1974-02-01,51.0
1974-02-02,27.0
1974-02-03,65.0
1974-02-04,43.0
1974-02-05,35.0
1974-02-06,62.0
1974-02-07,47.0
1974-02-08,83.0
1974-02-09,51.0
1974-02-10,97.0
1974-02-11,114.0
1974-02-12,85.0
1974-02-13,92.0
1974-02-14,75.0
1974-02-15,74.0
1974-02-16,109.0
1974-02-17,116.0
1974-02-18,43.0
1974-02-19,53.0
1974-02-20,70.0
1974-02-21,71.0
1974-02-22,86.0
1974-02-23,70.0
1974-02-24,108.0
1974-02-25,70.0
1974-02-26,90.0
1974-02-27,135.0
1974-02-28,139.0
1974-03-01,148.0
1974-03-02,154.0
1974-03-03,133.0
1974-03-04,155.0
1974-03-05,150.0
1974-03-06,103.0
1974-03-07,67.0
1974-03-08,102.0
1974-03-09,111.0
1974-03-10,92.0
1974-03-11,74.0
1974-03-12,141.0
1974-03-13,169.0
1974-03-14,173.0
1974-03-15,139.0
1974-03-16,154.0
1974-03-17,142.0
1974-03-18,125.0
1974-03-19,161.0
1974-03-20,167.0
1974-03-21,194.0
1974-03-22,192.0
1974-03-23,168.0
1974-03-24,158.0
1974-03-25,175.0
1974-03-26,172.0
1974-03-27,191.0
1974-03-28,190.0
1974-03-29,197.0
1974-03-30,132.0
1974-03-31,125.0
1974-04-01,161.0
1974-04-02,214.0
1974-04-03,218.0
1974-04-04,223.0
1974-04-05,210.0
1974-04-06,207.0
1974-04-07,126.0
1974-04-08,209.0
1974-04-09,186.0
1974-04-10,207.0
1974-04-11,231.0
1974-04-12,181.0
1974-04-13,107.0
1974-04-14,233.0
1974-04-15,128.0
1974-04-16,158.0
1974-04-17,158.0
1974-04-18,132.0
1974-04-19,227.0
1974-04-20,150.0
1974-04-21,212.0
1974-04-22,217.0
1974-04-23,220.0
1974-04-24,219.0
1974-04-25,178.0
1974-04-26,75.0
1974-04-27,152.0
1974-04-28,195.0
1974-04-29,103.0
1974-04-30,216.0
1974-05-01,107.0
1974-05-02,105.0
1974-05-03,210.0
1974-05-04,156.0
1974-05-05,189.0
1974-05-06,144.0
1974-05-07,133.0
1974-05-08,208.0
1974-05-09,279.0
1974-05-10,286.0
1974-05-11,255.0
1974-05-12,117.0
1974-05-13,169.0
1974-05-14,230.0
1974-05-15,144.0
1974-05-16,70.0
1974-05-17,138.0
1974-05-18,191.0
1974-05-19,324.0
1974-05-20,287.0
1974-05-21,206.0
1974-05-22,101.0
1974-05-23,188.0
1974-05-24,244.0
1974-05-25,165.0
1974-05-26,251.0
1974-05-27,267.0
1974-05-28,281.0
1974-05-29,287.0
1974-05-30,259.0
1974-05-31,243.0
1974-06-01,162.0
1974-06-02,160.0
1974-06-03,299.0
1974-06-04,259.0
1974-06-05,289.0
1974-06-06,254.0
1974-06-07,100.0
1974-06-08,300.0
1974-06-09,277.0
1974-06-10,120.0
1974-06-11,100.0
1974-06-12,154.0
1974-06-13,107.0
1974-06-14,113.0
1974-06-15,199.0
1974-06-16,281.0
1974-06-17,246.0
1974-06-18,287.0
1974-06-19,229.0
1974-06-20,293.0
1974-06-21,254.0
1974-06-22,236.0
1974-06-23,278.0
1974-06-24,165.0
1974-06-25,203.0
1974-06-26,311.0
1974-06-27,197.0
1974-06-28,245.0
1974-06-29,200.0
1974-06-30,165.0
1974-07-01,256.0
1974-07-02,243.0
1974-07-03,302.0
1974-07-04,311.0
1974-07-05,321.0
1974-07-06,326.0
1974-07-07,170.0
1974-07-08,188.0
1974-07-09,296.0
1974-07-10,129.0
1974-07-11,189.0
1974-07-12,183.0
1974-07-13,256.0
1974-07-14,322.0
1974-07-15,259.0
1974-07-16,305.0
1974-07-17,235.0
1974-07-18,244.0
1974-07-19,150.0
1974-07-20,126.0
1974-07-21,164.0
1974-07-22,81.0
1974-07-23,187.0
1974-07-24,244.0
1974-07-25,156.0
1974-07-26,278.0
1974-07-27,287.0
1974-07-28,301.0
1974-07-29,309.0
1974-07-30,299.0
1974-07-31,283.0
1974-08-01,269.0
1974-08-02,252.0
1974-08-03,241.0
1974-08-04,281.0
1974-08-05,295.0
1974-08-06,197.0
1974-08-07,280.0
1974-08-08,289.0
1974-08-09,134.0
1974-08-10,262.0
1974-08-11,98.0
1974-08-12,61.0
1974-08-13,242.0
1974-08-14,259.0
1974-08-15,254.0
1974-08-16,262.0
1974-08-17,263.0
1974-08-18,235.0
1974-08-19,230.0
1974-08-20,220.0
1974-08-21,204.0
1974-08-22,162.0
1974-08-23,148.0
1974-08-24,182.0
1974-08-25,220.0
1974-08-26,233.0
1974-08-27,185.0
1974-08-28,217.0
1974-08-29,222.0
1974-08-30,184.0
1974-08-31,217.0
1974-09-01,175.0
1974-09-02,150.0
1974-09-03,179.0
1974-09-04,170.0
1974-09-05,224.0
1974-09-06,214.0
1974-09-07,218.0
1974-09-08,201.0
1974-09-09,214.0
1974-09-10,212.0
1974-09-11,187.0
1974-09-12,195.0
1974-09-13,185.0
1974-09-14,165.0
1974-09-15,133.0
1974-09-16,214.0
1974-09-17,198.0
1974-09-18,191.0
1974-09-19,140.0
1974-09-20,182.0
1974-09-21,47.0
1974-09-22,96.0
1974-09-23,73.0
1974-09-24,127.0
1974-09-25,55.0
1974-09-26,96.0
1974-09-27,113.0
1974-09-28,165.0
1974-09-29,156.0
1974-09-30,99.0
1974-10-01,51.0
1974-10-02,56.0
1974-10-03,73.0
1974-10-04,69.0
1974-10-05,42.0
1974-10-06,32.0
1974-10-07,49.0
1974-10-08,61.0
1974-10-09,125.0
1974-10-10,111.0
1974-10-11,142.0
1974-10-12,117.0
1974-10-13,31.0
1974-10-14,26.0
1974-10-15,40.0
1974-10-16,59.0
1974-10-17,72.0
1974-10-18,120.0
1974-10-19,124.0
1974-10-20,61.0
1974-10-21,36.0
1974-10-22,78.0
1974-10-23,33.0
1974-10-24,67.0
1974-10-25,60.0
1974-10-26,52.0
1974-10-27,114.0
1974-10-28,43.0
1974-10-29,27.0
1974-10-30,25.0
1974-10-31,92.0
1974-11-01,34.0
1974-11-02,69.0
1974-11-03,51.0
1974-11-04,84.0
1974-11-05,64.0
1974-11-06,62.0
1974-11-07,59.0
1974-11-08,53.0
1974-11-09,75.0
1974-11-10,46.0
1974-11-11,52.0
1974-11-12,72.0
1974-11-13,64.0
1974-11-14,68.0
1974-11-15,81.0
1974-11-16,85.0
1974-11-17,67.0
1974-11-18,64.0
1974-11-19,48.0
1974-11-20,68.0
1974-11-21,45.0
1974-11-22,49.0
1974-11-23,37.0
1974-11-24,60.0
1974-11-25,31.0
1974-11-26,35.0
1974-11-27,39.0
1974-11-28,24.0
1974-11-29,53.0
1974-11-30,50.0
1974-12-01,34.0
1974-12-02,18.0
1974-12-03,25.0
1974-12-04,40.0
1974-12-05,34.0
1974-12-06,63.0
1974-12-07,20.0
1974-12-08,18.0
1974-12-09,39.0
1974-12-10,32.0
1974-12-11,21.0
1974-12-12,18.0
1974-12-13,18.0
1974-12-14,25.0
1974-12-15,44.0
1974-12-16,31.0
1974-12-17,29.0
1974-12-18,29.0
1974-12-19,43.0
1974-12-20,35.0
1974-12-21,35.0
1974-12-22,38.0
1974-12-23,27.0
1974-12-24,33.0
1974-12-25,19.0
1974-12-26,22.0
1974-12-27,44.0
1974-12-28,47.0
1974-12-29,34.0
1974-12-30,34.0
1974-12-31,68.0
1975-01-01,25.0
1975-01-02,34.0
1975-01-03,29.0
1975-01-04,33.0
1975-01-05,49.0
1975-01-06,61.0
1975-01-07,47.0
1975-01-08,45.0
1975-01-09,57.0
1975-01-10,51.0
1975-01-11,71.0
1975-01-12,31.0
1975-01-13,41.0
1975-01-14,55.0
1975-01-15,69.0
1975-01-16,77.0
1975-01-17,86.0
1975-01-18,67.0
1975-01-19,86.0
1975-01-20,45.0
1975-01-21,37.0
1975-01-22,28.0
1975-01-23,41.0
1975-01-24,52.0
1975-01-25,58.0
1975-01-26,38.0
1975-01-27,86.0
1975-01-28,37.0
1975-01-29,25.0
1975-01-30,61.0
1975-01-31,82.0
1975-02-01,60.0
1975-02-02,27.0
1975-02-03,61.0
1975-02-04,86.0
1975-02-05,105.0
1975-02-06,88.0
1975-02-07,53.0
1975-02-08,97.0
1975-02-09,100.0
1975-02-10,108.0
1975-02-11,104.0
1975-02-12,48.0
1975-02-13,126.0
1975-02-14,82.0
1975-02-15,88.0
1975-02-16,80.0
1975-02-17,125.0
1975-02-18,110.0
1975-02-19,52.0
1975-02-20,63.0
1975-02-21,116.0
1975-02-22,128.0
1975-02-23,133.0
1975-02-24,137.0
1975-02-25,85.0
1975-02-26,131.0
1975-02-27,133.0
1975-02-28,109.0
1975-03-01,154.0
1975-03-02,156.0
1975-03-03,137.0
1975-03-04,148.0
1975-03-05,168.0
1975-03-06,134.0
1975-03-07,96.0
1975-03-08,151.0
1975-03-09,156.0
1975-03-10,156.0
1975-03-11,138.0
1975-03-12,106.0
1975-03-13,123.0
1975-03-14,99.0
1975-03-15,91.0
1975-03-16,130.0
1975-03-17,116.0
1975-03-18,95.0
1975-03-19,141.0
1975-03-20,149.0
1975-03-21,138.0
1975-03-22,133.0
1975-03-23,80.0
1975-03-24,73.0
1975-03-25,133.0
1975-03-26,148.0
1975-03-27,128.0
1975-03-28,82.0
1975-03-29,131.0
1975-03-30,126.0
1975-03-31,172.0
1975-04-01,72.0
1975-04-02,108.0
1975-04-03,41.0
1975-04-04,165.0
1975-04-05,203.0
1975-04-06,133.0
1975-04-07,88.0
1975-04-08,131.0
1975-04-09,228.0
1975-04-10,124.0
1975-04-11,67.0
1975-04-12,201.0
1975-04-13,148.0
1975-04-14,188.0
1975-04-15,183.0
1975-04-16,145.0
1975-04-17,160.0
1975-04-18,194.0
1975-04-19,141.0
1975-04-20,203.0
1975-04-21,187.0
1975-04-22,168.0
1975-04-23,92.0
1975-04-24,195.0
1975-04-25,180.0
1975-04-26,221.0
1975-04-27,226.0
1975-04-28,289.0
1975-04-29,271.0
1975-04-30,268.0
1975-05-01,210.0
1975-05-02,84.0
1975-05-03,116.0
1975-05-04,184.0
1975-05-05,232.0
1975-05-06,276.0
1975-05-07,271.0
1975-05-08,262.0
1975-05-09,216.0
1975-05-10,171.0
1975-05-11,295.0
1975-05-12,299.0
1975-05-13,271.0
1975-05-14,256.0
1975-05-15,255.0
1975-05-16,235.0
1975-05-17,238.0
1975-05-18,242.0
1975-05-19,251.0
1975-05-20,190.0
1975-05-21,278.0
1975-05-22,271.0
1975-05-23,209.0
1975-05-24,175.0
1975-05-25,117.0
1975-05-26,231.0
1975-05-27,154.0
1975-05-28,230.0
1975-05-29,302.0
1975-05-30,214.0
1975-05-31,281.0
1975-06-01,211.0
1975-06-02,134.0
1975-06-03,235.0
1975-06-04,134.0
1975-06-05,194.0
1975-06-06,184.0
1975-06-07,159.0
1975-06-08,152.0
1975-06-09,133.0
1975-06-10,232.0
1975-06-11,258.0
1975-06-12,273.0
1975-06-13,290.0
1975-06-14,285.0
1975-06-15,273.0
1975-06-16,257.0
1975-06-17,215.0
1975-06-18,152.0
1975-06-19,176.0
1975-06-20,272.0
1975-06-21,254.0
1975-06-22,268.0
1975-06-23,297.0
1975-06-24,312.0
1975-06-25,233.0
1975-06-26,305.0
1975-06-27,330.0
1975-06-28,295.0
1975-06-29,203.0
1975-06-30,169.0
1975-07-01,106.0
1975-07-02,209.0
1975-07-03,262.0
1975-07-04,257.0
1975-07-05,256.0
1975-07-06,261.0
1975-07-07,280.0
1975-07-08,295.0
1975-07-09,317.0
1975-07-10,337.0
1975-07-11,245.0
1975-07-12,281.0
1975-07-13,212.0
1975-07-14,275.0
1975-07-15,305.0
1975-07-16,220.0
1975-07-17,263.0
1975-07-18,274.0
1975-07-19,194.0
1975-07-20,243.0
1975-07-21,226.0
1975-07-22,230.0
1975-07-23,285.0
1975-07-24,288.0
1975-07-25,175.0
1975-07-26,206.0
1975-07-27,257.0
1975-07-28,163.0
1975-07-29,272.0
1975-07-30,234.0
1975-07-31,254.0
1975-08-01,236.0
1975-08-02,239.0
1975-08-03,167.0
1975-08-04,207.0
1975-08-05,242.0
1975-08-06,218.0
1975-08-07,158.0
1975-08-08,268.0
1975-08-09,270.0
1975-08-10,256.0
1975-08-11,264.0
1975-08-12,261.0
1975-08-13,204.0
1975-08-14,282.0
1975-08-15,282.0
1975-08-16,234.0
1975-08-17,191.0
1975-08-18,223.0
1975-08-19,62.0
1975-08-20,97.0
1975-08-21,279.0
1975-08-22,252.0
1975-08-23,255.0
1975-08-24,231.0
1975-08-25,156.0
1975-08-26,181.0
1975-08-27,139.0
1975-08-28,191.0
1975-08-29,148.0
1975-08-30,172.0
1975-08-31,172.0
1975-09-01,162.0
1975-09-02,215.0
1975-09-03,214.0
1975-09-04,176.0
1975-09-05,178.0
1975-09-06,138.0
1975-09-07,176.0
1975-09-08,144.0
1975-09-09,238.0
1975-09-10,227.0
1975-09-11,216.0
1975-09-12,111.0
1975-09-13,92.0
1975-09-14,194.0
1975-09-15,200.0
1975-09-16,191.0
1975-09-17,199.0
1975-09-18,198.0
1975-09-19,219.0
1975-09-20,190.0
1975-09-21,199.0
1975-09-22,151.0
1975-09-23,177.0
1975-09-24,182.0
1975-09-25,150.0
1975-09-26,176.0
1975-09-27,184.0
1975-09-28,151.0
1975-09-29,125.0
1975-09-30,189.0
1975-10-01,144.0
1975-10-02,138.0
1975-10-03,125.0
1975-10-04,134.0
1975-10-05,145.0
1975-10-06,120.0
1975-10-07,76.0
1975-10-08,136.0
1975-10-09,91.0
1975-10-10,90.0
1975-10-11,81.0
1975-10-12,94.0
1975-10-13,47.0
1975-10-14,39.0
1975-10-15,77.0
1975-10-16,142.0
1975-10-17,59.0
1975-10-18,94.0
1975-10-19,53.0
1975-10-20,44.0
1975-10-21,51.0
1975-10-22,77.0
1975-10-23,93.0
1975-10-24,137.0
1975-10-25,113.0
1975-10-26,116.0
1975-10-27,105.0
1975-10-28,103.0
1975-10-29,94.0
1975-10-30,66.0
1975-10-31,40.0
1975-11-01,69.0
1975-11-02,80.0
1975-11-03,72.0
1975-11-04,55.0
1975-11-05,37.0
1975-11-06,65.0
1975-11-07,31.0
1975-11-08,52.0
1975-11-09,70.0
1975-11-10,56.0
1975-11-11,56.0
1975-11-12,32.0
1975-11-13,67.0
1975-11-14,74.0
1975-11-15,43.0
1975-11-16,41.0
1975-11-17,33.0
1975-11-18,30.0
1975-11-19,52.0
1975-11-20,31.0
1975-11-21,50.0
1975-11-22,52.0
1975-11-23,55.0
1975-11-24,56.0
1975-11-25,59.0
1975-11-26,63.0
1975-11-27,69.0
1975-11-28,44.0
1975-11-29,54.0
1975-11-30,38.0
1975-12-01,49.0
1975-12-02,56.0
1975-12-03,45.0
1975-12-04,33.0
1975-12-05,50.0
1975-12-06,28.0
1975-12-07,58.0
1975-12-08,31.0
1975-12-09,59.0
1975-12-10,47.0
1975-12-11,43.0
1975-12-12,54.0
1975-12-13,16.0
1975-12-14,22.0
1975-12-15,48.0
1975-12-16,50.0
1975-12-17,19.0
1975-12-18,15.0
1975-12-19,56.0
1975-12-20,50.0
1975-12-21,45.0
1975-12-22,29.0
1975-12-23,29.0
1975-12-24,32.0
1975-12-25,41.0
1975-12-26,38.0
1975-12-27,30.0
1975-12-28,40.0
1975-12-29,30.0
1975-12-30,20.0
1975-12-31,19.0
1976-01-01,18.0
1976-01-02,24.0
1976-01-03,32.0
1976-01-04,31.0
1976-01-05,68.0
1976-01-06,33.0
1976-01-07,71.0
1976-01-08,29.0
1976-01-09,44.0
1976-01-10,37.0
1976-01-11,20.0
1976-01-12,40.0
1976-01-13,21.0
1976-01-14,41.0
1976-01-15,40.0
1976-01-16,83.0
1976-01-17,34.0
1976-01-18,71.0
1976-01-19,27.0
1976-01-20,54.0
1976-01-21,50.0
1976-01-22,45.0
1976-01-23,35.0
1976-01-24,31.0
1976-01-25,51.0
1976-01-26,53.0
1976-01-27,47.0
1976-01-28,23.0
1976-01-29,32.0
1976-01-30,50.0
1976-01-31,70.0
1976-02-01,55.0
1976-02-02,71.0
1976-02-03,65.0
1976-02-04,44.0
1976-02-05,52.0
1976-02-06,75.0
1976-02-07,83.0
1976-02-08,106.0
1976-02-09,101.0
1976-02-10,59.0
1976-02-11,85.0
1976-02-12,62.0
1976-02-13,58.0
1976-02-14,83.0
1976-02-15,109.0
1976-02-16,100.0
1976-02-17,103.0
1976-02-18,124.0
1976-02-19,124.0
1976-02-20,147.0
1976-02-21,134.0
1976-02-22,111.0
1976-02-23,97.0
1976-02-24,94.0
1976-02-25,89.0
1976-02-26,74.0
1976-02-27,110.0
1976-02-28,123.0
1976-02-29,135.0
1976-03-01,112.0
1976-03-02,122.0
1976-03-03,124.0
1976-03-04,126.0
1976-03-05,120.0
1976-03-06,122.0
1976-03-07,101.0
1976-03-08,144.0
1976-03-09,73.0
1976-03-10,57.0
1976-03-11,99.0
1976-03-12,162.0
1976-03-13,158.0
1976-03-14,168.0
1976-03-15,135.0
1976-03-16,105.0
1976-03-17,98.0
1976-03-18,103.0
1976-03-19,91.0
1976-03-20,119.0
1976-03-21,136.0
1976-03-22,161.0
1976-03-23,167.0
1976-03-24,79.0
1976-03-25,136.0
1976-03-26,121.0
1976-03-27,118.0
1976-03-28,231.0
1976-03-29,213.0
1976-03-30,224.0
1976-03-31,221.0
1976-04-01,222.0
1976-04-02,240.0
1976-04-03,220.0
1976-04-04,231.0
1976-04-05,243.0
1976-04-06,229.0
1976-04-07,138.0
1976-04-08,108.0
1976-04-09,164.0
1976-04-10,181.0
1976-04-11,184.0
1976-04-12,203.0
1976-04-13,176.0
1976-04-14,143.0
1976-04-15,151.0
1976-04-16,168.0
1976-04-17,197.0
1976-04-18,245.0
1976-04-19,236.0
1976-04-20,223.0
1976-04-21,289.0
1976-04-22,160.0
1976-04-23,178.0
1976-04-24,134.0
1976-04-25,177.0
1976-04-26,161.0
1976-04-27,61.0
1976-04-28,177.0
1976-04-29,142.0
1976-04-30,289.0
1976-05-01,263.0
1976-05-02,221.0
1976-05-03,116.0
1976-05-04,242.0
1976-05-05,287.0
1976-05-06,296.0
1976-05-07,286.0
1976-05-08,298.0
1976-05-09,303.0
1976-05-10,316.0
1976-05-11,304.0
1976-05-12,313.0
1976-05-13,230.0
1976-05-14,107.0
1976-05-15,262.0
1976-05-16,305.0
1976-05-17,267.0
1976-05-18,256.0
1976-05-19,273.0
1976-05-20,250.0
1976-05-21,208.0
1976-05-22,86.0
1976-05-23,174.0
1976-05-24,62.0
1976-05-25,218.0
1976-05-26,241.0
1976-05-27,188.0
1976-05-28,166.0
1976-05-29,292.0
1976-05-30,285.0
1976-05-31,155.0
1976-06-01,201.0
1976-06-02,234.0
1976-06-03,73.0
1976-06-04,91.0
1976-06-05,273.0
1976-06-06,295.0
1976-06-07,316.0
1976-06-08,262.0
1976-06-09,300.0
1976-06-10,334.0
1976-06-11,314.0
1976-06-12,284.0
1976-06-13,235.0
1976-06-14,245.0
1976-06-15,294.0
1976-06-16,141.0
1976-06-17,219.0
1976-06-18,290.0
1976-06-19,335.0
1976-06-20,342.0
1976-06-21,297.0
1976-06-22,305.0
1976-06-23,312.0
1976-06-24,303.0
1976-06-25,302.0
1976-06-26,284.0
1976-06-27,306.0
1976-06-28,331.0
1976-06-29,278.0
1976-06-30,326.0
1976-07-01,335.0
1976-07-02,346.0
1976-07-03,338.0
1976-07-04,331.0
1976-07-05,264.0
1976-07-06,312.0
1976-07-07,292.0
1976-07-08,195.0
1976-07-09,244.0
1976-07-10,256.0
1976-07-11,146.0
1976-07-12,271.0
1976-07-13,247.0
1976-07-14,223.0
1976-07-15,216.0
1976-07-16,301.0
1976-07-17,289.0
1976-07-18,288.0
1976-07-19,310.0
1976-07-20,263.0
1976-07-21,246.0
1976-07-22,182.0
1976-07-23,165.0
1976-07-24,191.0
1976-07-25,285.0
1976-07-26,231.0
1976-07-27,250.0
1976-07-28,193.0
1976-07-29,195.0
1976-07-30,275.0
1976-07-31,281.0
1976-08-01,152.0
1976-08-02,215.0
1976-08-03,236.0
1976-08-04,218.0
1976-08-05,112.0
1976-08-06,209.0
1976-08-07,222.0
1976-08-08,146.0
1976-08-09,263.0
1976-08-10,277.0
1976-08-11,192.0
1976-08-12,212.0
1976-08-13,240.0
1976-08-14,226.0
1976-08-15,208.0
1976-08-16,231.0
1976-08-17,129.0
1976-08-18,213.0
1976-08-19,232.0
1976-08-20,222.0
1976-08-21,155.0
1976-08-22,123.0
1976-08-23,239.0
1976-08-24,229.0
1976-08-25,232.0
1976-08-26,227.0
1976-08-27,232.0
1976-08-28,230.0
1976-08-29,241.0
1976-08-30,253.0
1976-08-31,192.0
1976-09-01,142.0
1976-09-02,89.0
1976-09-03,210.0
1976-09-04,89.0
1976-09-05,41.0
1976-09-06,156.0
1976-09-07,158.0
1976-09-08,156.0
1976-09-09,213.0
1976-09-10,211.0
1976-09-11,160.0
1976-09-12,193.0
1976-09-13,223.0
1976-09-14,213.0
1976-09-15,134.0
1976-09-16,116.0
1976-09-17,89.0
1976-09-18,56.0
1976-09-19,119.0
1976-09-20,95.0
1976-09-21,54.0
1976-09-22,99.0
1976-09-23,125.0
1976-09-24,157.0
1976-09-25,128.0
1976-09-26,172.0
1976-09-27,152.0
1976-09-28,113.0
1976-09-29,124.0
1976-09-30,68.0
1976-10-01,96.0
1976-10-02,61.0
1976-10-03,133.0
1976-10-04,80.0
1976-10-05,116.0
1976-10-06,48.0
1976-10-07,89.0
1976-10-08,135.0
1976-10-09,141.0
1976-10-10,120.0
1976-10-11,135.0
1976-10-12,147.0
1976-10-13,149.0
1976-10-14,117.0
1976-10-15,33.0
1976-10-16,45.0
1976-10-17,25.0
1976-10-18,33.0
1976-10-19,96.0
1976-10-20,91.0
1976-10-21,90.0
1976-10-22,92.0
1976-10-23,89.0
1976-10-24,132.0
1976-10-25,113.0
1976-10-26,117.0
1976-10-27,114.0
1976-10-28,99.0
1976-10-29,96.0
1976-10-30,59.0
1976-10-31,75.0
1976-11-01,65.0
1976-11-02,58.0
1976-11-03,62.0
1976-11-04,60.0
1976-11-05,81.0
1976-11-06,69.0
1976-11-07,71.0
1976-11-08,85.0
1976-11-09,54.0
1976-11-10,86.0
1976-11-11,70.0
1976-11-12,68.0
1976-11-13,31.0
1976-11-14,34.0
1976-11-15,30.0
1976-11-16,28.0
1976-11-17,26.0
1976-11-18,28.0
1976-11-19,32.0
1976-11-20,38.0
1976-11-21,33.0
1976-11-22,23.0
1976-11-23,64.0
1976-11-24,56.0
1976-11-25,66.0
1976-11-26,38.0
1976-11-27,40.0
1976-11-28,46.0
1976-11-29,38.0
1976-11-30,48.0
1976-12-01,31.0
1976-12-02,36.0
1976-12-03,26.0
1976-12-04,28.0
1976-12-05,32.0
1976-12-06,30.0
1976-12-07,23.0
1976-12-08,56.0
1976-12-09,43.0
1976-12-10,23.0
1976-12-11,51.0
1976-12-12,55.0
1976-12-13,29.0
1976-12-14,29.0
1976-12-15,32.0
1976-12-16,31.0
1976-12-17,30.0
1976-12-18,30.0
1976-12-19,40.0
1976-12-20,42.0
1976-12-21,54.0
1976-12-22,49.0
1976-12-23,31.0
1976-12-24,22.0
1976-12-25,42.0
1976-12-26,39.0
1976-12-27,63.0
1976-12-28,75.0
1976-12-29,21.0
1976-12-30,20.0
1976-12-31,50.0
1977-01-01,37.0
1977-01-02,38.0
1977-01-03,28.0
1977-01-04,42.0
1977-01-05,67.0
1977-01-06,35.0
1977-01-07,22.0
1977-01-08,57.0
1977-01-09,67.0
1977-01-10,47.0
1977-01-11,33.0
1977-01-12,37.0
1977-01-13,30.0
1977-01-14,36.0
1977-01-15,73.0
1977-01-16,22.0
1977-01-17,27.0
1977-01-18,77.0
1977-01-19,67.0
1977-01-20,43.0
1977-01-21,28.0
1977-01-22,45.0
1977-01-23,67.0
1977-01-24,38.0
1977-01-25,53.0
1977-01-26,34.0
1977-01-27,24.0
1977-01-28,63.0
1977-01-29,42.0
1977-01-30,52.0
1977-01-31,66.0
1977-02-01,37.0
1977-02-02,58.0
1977-02-03,58.0
1977-02-04,93.0
1977-02-05,62.0
1977-02-06,43.0
1977-02-07,61.0
1977-02-08,49.0
1977-02-09,73.0
1977-02-10,66.0
1977-02-11,64.0
1977-02-12,42.0
1977-02-13,75.0
1977-02-14,45.0
1977-02-15,53.0
1977-02-16,83.0
1977-02-17,94.0
1977-02-18,97.0
1977-02-19,77.0
1977-02-20,110.0
1977-02-21,57.0
1977-02-22,78.0
1977-02-23,76.0
1977-02-24,98.0
1977-02-25,56.0
1977-02-26,104.0
1977-02-27,117.0
1977-02-28,134.0
1977-03-01,89.0
1977-03-02,142.0
1977-03-03,51.0
1977-03-04,65.0
1977-03-05,124.0
1977-03-06,127.0
1977-03-07,132.0
1977-03-08,187.0
1977-03-09,146.0
1977-03-10,165.0
1977-03-11,187.0
1977-03-12,108.0
1977-03-13,50.0
1977-03-14,91.0
1977-03-15,82.0
1977-03-16,176.0
1977-03-17,195.0
1977-03-18,192.0
1977-03-19,186.0
1977-03-20,125.0
1977-03-21,110.0
1977-03-22,118.0
1977-03-23,184.0
1977-03-24,184.0
1977-03-25,195.0
1977-03-26,168.0
1977-03-27,154.0
1977-03-28,156.0
1977-03-29,70.0
1977-03-30,61.0
1977-03-31,81.0
1977-04-01,160.0
1977-04-02,83.0
1977-04-03,97.0
1977-04-04,211.0
1977-04-05,83.0
1977-04-06,188.0
1977-04-07,201.0
1977-04-08,146.0
1977-04-09,137.0
1977-04-10,137.0
1977-04-11,199.0
1977-04-12,141.0
1977-04-13,185.0
1977-04-14,176.0
1977-04-15,118.0
1977-04-16,45.0
1977-04-17,164.0
1977-04-18,235.0
1977-04-19,235.0
1977-04-20,247.0
1977-04-21,271.0
1977-04-22,157.0
1977-04-23,181.0
1977-04-24,188.0
1977-04-25,207.0
1977-04-26,254.0
1977-04-27,269.0
1977-04-28,157.0
1977-04-29,258.0
1977-04-30,301.0
1977-05-01,262.0
1977-05-02,251.0
1977-05-03,287.0
1977-05-04,283.0
1977-05-05,266.0
1977-05-06,201.0
1977-05-07,203.0
1977-05-08,198.0
1977-05-09,142.0
1977-05-10,135.0
1977-05-11,249.0
1977-05-12,257.0
1977-05-13,262.0
1977-05-14,162.0
1977-05-15,174.0
1977-05-16,218.0
1977-05-17,193.0
1977-05-18,286.0
1977-05-19,249.0
1977-05-20,215.0
1977-05-21,271.0
1977-05-22,238.0
1977-05-23,252.0
1977-05-24,174.0
1977-05-25,234.0
1977-05-26,297.0
1977-05-27,252.0
1977-05-28,205.0
1977-05-29,214.0
1977-05-30,290.0
1977-05-31,232.0
1977-06-01,207.0
1977-06-02,290.0
1977-06-03,206.0
1977-06-04,277.0
1977-06-05,216.0
1977-06-06,210.0
1977-06-07,275.0
1977-06-08,288.0
1977-06-09,307.0
1977-06-10,300.0
1977-06-11,308.0
1977-06-12,262.0
1977-06-13,309.0
1977-06-14,296.0
1977-06-15,301.0
1977-06-16,252.0
1977-06-17,226.0
1977-06-18,207.0
1977-06-19,257.0
1977-06-20,261.0
1977-06-21,225.0
1977-06-22,233.0
1977-06-23,250.0
1977-06-24,302.0
1977-06-25,318.0
1977-06-26,232.0
1977-06-27,160.0
1977-06-28,278.0
1977-06-29,263.0
1977-06-30,245.0
1977-07-01,160.0
1977-07-02,310.0
1977-07-03,310.0
1977-07-04,253.0
1977-07-05,212.0
1977-07-06,259.0
1977-07-07,197.0
1977-07-08,201.0
1977-07-09,202.0
1977-07-10,273.0
1977-07-11,181.0
1977-07-12,301.0
1977-07-13,351.0
1977-07-14,243.0
1977-07-15,149.0
1977-07-16,302.0
1977-07-17,237.0
1977-07-18,271.0
1977-07-19,216.0
1977-07-20,317.0
1977-07-21,267.0
1977-07-22,232.0
1977-07-23,256.0
1977-07-24,304.0
1977-07-25,274.0
1977-07-26,198.0
1977-07-27,200.0
1977-07-28,274.0
1977-07-29,242.0
1977-07-30,221.0
1977-07-31,208.0
1977-08-01,118.0
1977-08-02,57.0
1977-08-03,88.0
1977-08-04,185.0
1977-08-05,265.0
1977-08-06,252.0
1977-08-07,290.0
1977-08-08,284.0
1977-08-09,247.0
1977-08-10,244.0
1977-08-11,202.0
1977-08-12,201.0
1977-08-13,204.0
1977-08-14,188.0
1977-08-15,148.0
1977-08-16,193.0
1977-08-17,230.0
1977-08-18,186.0
1977-08-19,110.0
1977-08-20,204.0
1977-08-21,84.0
1977-08-22,205.0
1977-08-23,195.0
1977-08-24,98.0
1977-08-25,173.0
1977-08-26,249.0
1977-08-27,232.0
1977-08-28,173.0
1977-08-29,208.0
1977-08-30,280.0
1977-08-31,254.0
1977-09-01,222.0
1977-09-02,219.0
1977-09-03,218.0
1977-09-04,231.0
1977-09-05,214.0
1977-09-06,226.0
1977-09-07,210.0
1977-09-08,174.0
1977-09-09,147.0
1977-09-10,186.0
1977-09-11,85.0
1977-09-12,202.0
1977-09-13,165.0
1977-09-14,217.0
1977-09-15,148.0
1977-09-16,159.0
1977-09-17,126.0
1977-09-18,45.0
1977-09-19,59.0
1977-09-20,47.0
1977-09-21,73.0
1977-09-22,138.0
1977-09-23,133.0
1977-09-24,151.0
1977-09-25,151.0
1977-09-26,140.0
1977-09-27,165.0
1977-09-28,189.0
1977-09-29,187.0
1977-09-30,136.0
1977-10-01,162.0
1977-10-02,96.0
1977-10-03,111.0
1977-10-04,146.0
1977-10-05,180.0
1977-10-06,139.0
1977-10-07,159.0
1977-10-08,154.0
1977-10-09,156.0
1977-10-10,123.0
1977-10-11,63.0
1977-10-12,113.0
1977-10-13,140.0
1977-10-14,104.0
1977-10-15,96.0
1977-10-16,133.0
1977-10-17,131.0
1977-10-18,132.0
1977-10-19,142.0
1977-10-20,120.0
1977-10-21,123.0
1977-10-22,126.0
1977-10-23,117.0
1977-10-24,118.0
1977-10-25,83.0
1977-10-26,72.0
1977-10-27,86.0
1977-10-28,105.0
1977-10-29,52.0
1977-10-30,46.0
1977-10-31,32.0
1977-11-01,53.0
1977-11-02,34.0
1977-11-03,30.0
1977-11-04,85.0
1977-11-05,73.0
1977-11-06,69.0
1977-11-07,82.0
1977-11-08,50.0
1977-11-09,36.0
1977-11-10,28.0
1977-11-11,65.0
1977-11-12,65.0
1977-11-13,29.0
1977-11-14,69.0
1977-11-15,37.0
1977-11-16,25.0
1977-11-17,63.0
1977-11-18,65.0
1977-11-19,67.0
1977-11-20,72.0
1977-11-21,67.0
1977-11-22,32.0
1977-11-23,17.0
1977-11-24,42.0
1977-11-25,66.0
1977-11-26,19.0
1977-11-27,25.0
1977-11-28,34.0
1977-11-29,53.0
1977-11-30,42.0
1977-12-01,39.0
1977-12-02,27.0
1977-12-03,34.0
1977-12-04,60.0
1977-12-05,56.0
1977-12-06,70.0
1977-12-07,25.0
1977-12-08,47.0
1977-12-09,22.0
1977-12-10,52.0
1977-12-11,60.0
1977-12-12,72.0
1977-12-13,64.0
1977-12-14,26.0
1977-12-15,21.0
1977-12-16,21.0
1977-12-17,44.0
1977-12-18,23.0
1977-12-19,27.0
1977-12-20,17.0
1977-12-21,10.0
1977-12-22,34.0
1977-12-23,17.0
1977-12-24,22.0
1977-12-25,38.0
1977-12-26,39.0
1977-12-27,43.0
1977-12-28,25.0
1977-12-29,30.0
1977-12-30,32.0
1977-12-31,41.0
1978-01-01,57.0
1978-01-02,36.0
1978-01-03,48.0
1978-01-04,42.0
1978-01-05,52.0
1978-01-06,53.0
1978-01-07,42.0
1978-01-08,58.0
1978-01-09,34.0
1978-01-10,43.0
1978-01-11,46.0
1978-01-12,56.0
1978-01-13,46.0
1978-01-14,53.0
1978-01-15,65.0
1978-01-16,66.0
1978-01-17,57.0
1978-01-18,35.0
1978-01-19,57.0
1978-01-20,59.0
1978-01-21,74.0
1978-01-22,50.0
1978-01-23,39.0
1978-01-24,55.0
1978-01-25,31.0
1978-01-26,67.0
1978-01-27,49.0
1978-01-28,77.0
1978-01-29,39.0
1978-01-30,18.0
1978-01-31,39.0
1978-02-01,30.0
1978-02-02,65.0
1978-02-03,70.0
1978-02-04,42.0
1978-02-05,53.0
1978-02-06,66.0
1978-02-07,39.0
1978-02-08,57.0
1978-02-09,72.0
1978-02-10,69.0
1978-02-11,61.0
1978-02-12,55.0
1978-02-13,54.0
1978-02-14,28.0
1978-02-15,68.0
1978-02-16,89.0
1978-02-17,75.0
1978-02-18,88.0
1978-02-19,91.0
1978-02-20,106.0
1978-02-21,131.0
1978-02-22,124.0
1978-02-23,110.0
1978-02-24,86.0
1978-02-25,104.0
1978-02-26,90.0
1978-02-27,46.0
1978-02-28,88.0
1978-03-01,118.0
1978-03-02,68.0
1978-03-03,130.0
1978-03-04,155.0
1978-03-05,133.0
1978-03-06,80.0
1978-03-07,59.0
1978-03-08,117.0
1978-03-09,55.0
1978-03-10,94.0
1978-03-11,97.0
1978-03-12,131.0
1978-03-13,172.0
1978-03-14,137.0
1978-03-15,96.0
1978-03-16,166.0
1978-03-17,63.0
1978-03-18,75.0
1978-03-19,166.0
1978-03-20,125.0
1978-03-21,107.0
1978-03-22,151.0
1978-03-23,209.0
1978-03-24,67.0
1978-03-25,123.0
1978-03-26,160.0
1978-03-27,127.0
1978-03-28,161.0
1978-03-29,206.0
1978-03-30,228.0
1978-03-31,188.0
1978-04-01,193.0
1978-04-02,80.0
1978-04-03,145.0
1978-04-04,138.0
1978-04-05,109.0
1978-04-06,206.0
1978-04-07,254.0
1978-04-08,162.0
1978-04-09,248.0
1978-04-10,238.0
1978-04-11,75.0
1978-04-12,141.0
1978-04-13,167.0
1978-04-14,209.0
1978-04-15,215.0
1978-04-16,88.0
1978-04-17,109.0
1978-04-18,102.0
1978-04-19,42.0
1978-04-20,91.0
1978-04-21,208.0
1978-04-22,242.0
1978-04-23,207.0
1978-04-24,228.0
1978-04-25,175.0
1978-04-26,187.0
1978-04-27,162.0
1978-04-28,181.0
1978-04-29,218.0
1978-04-30,86.0
1978-05-01,157.0
1978-05-02,99.0
1978-05-03,140.0
1978-05-04,275.0
1978-05-05,289.0
1978-05-06,141.0
1978-05-07,85.0
1978-05-08,109.0
1978-05-09,118.0
1978-05-10,138.0
1978-05-11,222.0
1978-05-12,244.0
1978-05-13,262.0
1978-05-14,121.0
1978-05-15,190.0
1978-05-16,168.0
1978-05-17,230.0
1978-05-18,198.0
1978-05-19,289.0
1978-05-20,212.0
1978-05-21,227.0
1978-05-22,139.0
1978-05-23,121.0
1978-05-24,104.0
1978-05-25,188.0
1978-05-26,227.0
1978-05-27,205.0
1978-05-28,239.0
1978-05-29,215.0
1978-05-30,243.0
1978-05-31,319.0
1978-06-01,321.0
1978-06-02,322.0
1978-06-03,296.0
1978-06-04,325.0
1978-06-05,233.0
1978-06-06,260.0
1978-06-07,246.0
1978-06-08,233.0
1978-06-09,251.0
1978-06-10,220.0
1978-06-11,206.0
1978-06-12,283.0
1978-06-13,179.0
1978-06-14,130.0
1978-06-15,259.0
1978-06-16,247.0
1978-06-17,135.0
1978-06-18,168.0
1978-06-19,335.0
1978-06-20,305.0
1978-06-21,284.0
1978-06-22,245.0
1978-06-23,274.0
1978-06-24,271.0
1978-06-25,294.0
1978-06-26,232.0
1978-06-27,247.0
1978-06-28,64.0
1978-06-29,143.0
1978-06-30,207.0
1978-07-01,266.0
1978-07-02,174.0
1978-07-03,254.0
1978-07-04,297.0
1978-07-05,320.0
1978-07-06,331.0
1978-07-07,99.0
1978-07-08,233.0
1978-07-09,279.0
1978-07-10,212.0
1978-07-11,284.0
1978-07-12,225.0
1978-07-13,197.0
1978-07-14,297.0
1978-07-15,210.0
1978-07-16,262.0
1978-07-17,236.0
1978-07-18,237.0
1978-07-19,181.0
1978-07-20,245.0
1978-07-21,179.0
1978-07-22,202.0
1978-07-23,243.0
1978-07-24,283.0
1978-07-25,281.0
1978-07-26,279.0
1978-07-27,300.0
1978-07-28,273.0
1978-07-29,220.0
1978-07-30,243.0
1978-07-31,278.0
1978-08-01,251.0
1978-08-02,303.0
1978-08-03,197.0
1978-08-04,253.0
1978-08-05,154.0
1978-08-06,251.0
1978-08-07,247.0
1978-08-08,201.0
1978-08-09,166.0
1978-08-10,241.0
1978-08-11,255.0
1978-08-12,191.0
1978-08-13,210.0
1978-08-14,201.0
1978-08-15,230.0
1978-08-16,261.0
1978-08-17,259.0
1978-08-18,158.0
1978-08-19,205.0
1978-08-20,90.0
1978-08-21,190.0
1978-08-22,258.0
1978-08-23,250.0
1978-08-24,165.0
1978-08-25,255.0
1978-08-26,161.0
1978-08-27,211.0
1978-08-28,233.0
1978-08-29,233.0
1978-08-30,143.0
1978-08-31,73.0
1978-09-01,150.0
1978-09-02,178.0
1978-09-03,175.0
1978-09-04,173.0
1978-09-05,203.0
1978-09-06,177.0
1978-09-07,122.0
1978-09-08,105.0
1978-09-09,118.0
1978-09-10,79.0
1978-09-11,147.0
1978-09-12,63.0
1978-09-13,178.0
1978-09-14,230.0
1978-09-15,141.0
1978-09-16,150.0
1978-09-17,196.0
1978-09-18,182.0
1978-09-19,120.0
1978-09-20,119.0
1978-09-21,164.0
1978-09-22,146.0
1978-09-23,68.0
1978-09-24,116.0
1978-09-25,177.0
1978-09-26,168.0
1978-09-27,82.0
1978-09-28,54.0
1978-09-29,133.0
1978-09-30,117.0
1978-10-01,95.0
1978-10-02,122.0
1978-10-03,123.0
1978-10-04,109.0
1978-10-05,82.0
1978-10-06,85.0
1978-10-07,113.0
1978-10-08,154.0
1978-10-09,160.0
1978-10-10,161.0
1978-10-11,141.0
1978-10-12,131.0
1978-10-13,132.0
1978-10-14,115.0
1978-10-15,145.0
1978-10-16,103.0
1978-10-17,68.0
1978-10-18,116.0
1978-10-19,99.0
1978-10-20,60.0
1978-10-21,75.0
1978-10-22,108.0
1978-10-23,71.0
1978-10-24,108.0
1978-10-25,88.0
1978-10-26,83.0
1978-10-27,96.0
1978-10-28,125.0
1978-10-29,70.0
1978-10-30,50.0
1978-10-31,31.0
1978-11-01,41.0
1978-11-02,69.0
1978-11-03,66.0
1978-11-04,48.0
1978-11-05,30.0
1978-11-06,31.0
1978-11-07,35.0
1978-11-08,42.0
1978-11-09,28.0
1978-11-10,30.0
1978-11-11,31.0
1978-11-12,28.0
1978-11-13,38.0
1978-11-14,46.0
1978-11-15,37.0
1978-11-16,26.0
1978-11-17,27.0
1978-11-18,30.0
1978-11-19,32.0
1978-11-20,32.0
1978-11-21,34.0
1978-11-22,22.0
1978-11-23,22.0
1978-11-24,45.0
1978-11-25,40.0
1978-11-26,30.0
1978-11-27,30.0
1978-11-28,19.0
1978-11-29,27.0
1978-11-30,25.0
1978-12-01,15.0
1978-12-02,29.0
1978-12-03,15.0
1978-12-04,43.0
1978-12-05,77.0
1978-12-06,51.0
1978-12-07,56.0
1978-12-08,50.0
1978-12-09,19.0
1978-12-10,23.0
1978-12-11,25.0
1978-12-12,33.0
1978-12-13,15.0
1978-12-14,23.0
1978-12-15,41.0
1978-12-16,34.0
1978-12-17,35.0
1978-12-18,32.0
1978-12-19,40.0
1978-12-20,14.0
1978-12-21,20.0
1978-12-22,45.0
1978-12-23,31.0
1978-12-24,38.0
1978-12-25,20.0
1978-12-26,35.0
1978-12-27,23.0
1978-12-28,18.0
1978-12-29,39.0
1978-12-30,20.0
1978-12-31,18.0
1979-01-01,31.0
1979-01-02,28.0
1979-01-03,48.0
1979-01-04,57.0
1979-01-05,62.0
1979-01-06,54.0
1979-01-07,55.0
1979-01-08,54.0
1979-01-09,32.0
1979-01-10,25.0
1979-01-11,38.0
1979-01-12,49.0
1979-01-13,55.0
1979-01-14,19.0
1979-01-15,31.0
1979-01-16,37.0
1979-01-17,62.0
1979-01-18,28.0
1979-01-19,32.0
1979-01-20,55.0
1979-01-21,29.0
1979-01-22,29.0
1979-01-23,25.0
1979-01-24,24.0
1979-01-25,22.0
1979-01-26,28.0
1979-01-27,39.0
1979-01-28,22.0
1979-01-29,41.0
1979-01-30,55.0
1979-01-31,51.0
1979-02-01,79.0
1979-02-02,37.0
1979-02-03,58.0
1979-02-04,61.0
1979-02-05,28.0
1979-02-06,47.0
1979-02-07,102.0
1979-02-08,49.0
1979-02-09,107.0
1979-02-10,35.0
1979-02-11,68.0
1979-02-12,37.0
1979-02-13,43.0
1979-02-14,60.0
1979-02-15,84.0
1979-02-16,43.0
1979-02-17,34.0
1979-02-18,52.0
1979-02-19,53.0
1979-02-20,130.0
1979-02-21,130.0
1979-02-22,127.0
1979-02-23,141.0
1979-02-24,129.0
1979-02-25,89.0
1979-02-26,123.0
1979-02-27,140.0
1979-02-28,90.0
1979-03-01,115.0
1979-03-02,134.0
1979-03-03,155.0
1979-03-04,112.0
1979-03-05,63.0
1979-03-06,63.0
1979-03-07,115.0
1979-03-08,66.0
1979-03-09,109.0
1979-03-10,48.0
1979-03-11,156.0
1979-03-12,37.0
1979-03-13,87.0
1979-03-14,100.0
1979-03-15,80.0
1979-03-16,78.0
1979-03-17,85.0
1979-03-18,173.0
1979-03-19,129.0
1979-03-20,155.0
1979-03-21,181.0
1979-03-22,189.0
1979-03-23,106.0
1979-03-24,150.0
1979-03-25,211.0
1979-03-26,68.0
1979-03-27,61.0
1979-03-28,122.0
1979-03-29,119.0
1979-03-30,138.0
1979-03-31,110.0
1979-04-01,173.0
1979-04-02,178.0
1979-04-03,197.0
1979-04-04,211.0
1979-04-05,151.0
1979-04-06,93.0
1979-04-07,144.0
1979-04-08,118.0
1979-04-09,190.0
1979-04-10,147.0
1979-04-11,168.0
1979-04-12,235.0
1979-04-13,255.0
1979-04-14,226.0
1979-04-15,182.0
1979-04-16,260.0
1979-04-17,184.0
1979-04-18,118.0
1979-04-19,278.0
1979-04-20,215.0
1979-04-21,203.0
1979-04-22,197.0
1979-04-23,226.0
1979-04-24,203.0
1979-04-25,142.0
1979-04-26,152.0
1979-04-27,128.0
1979-04-28,135.0
1979-04-29,87.0
1979-04-30,219.0
1979-05-01,149.0
1979-05-02,231.0
1979-05-03,194.0
1979-05-04,244.0
1979-05-05,233.0
1979-05-06,249.0
1979-05-07,138.0
1979-05-08,126.0
1979-05-09,79.0
1979-05-10,220.0
1979-05-11,200.0
1979-05-12,158.0
1979-05-13,332.0
1979-05-14,298.0
1979-05-15,309.0
1979-05-16,302.0
1979-05-17,283.0
1979-05-18,286.0
1979-05-19,304.0
1979-05-20,284.0
1979-05-21,324.0
1979-05-22,189.0
1979-05-23,253.0
1979-05-24,284.0
1979-05-25,328.0
1979-05-26,259.0
1979-05-27,277.0
1979-05-28,250.0
1979-05-29,310.0
1979-05-30,331.0
1979-05-31,266.0
1979-06-01,269.0
1979-06-02,304.0
1979-06-03,305.0
1979-06-04,324.0
1979-06-05,303.0
1979-06-06,271.0
1979-06-07,237.0
1979-06-08,261.0
1979-06-09,281.0
1979-06-10,223.0
1979-06-11,303.0
1979-06-12,192.0
1979-06-13,262.0
1979-06-14,220.0
1979-06-15,201.0
1979-06-16,243.0
1979-06-17,206.0
1979-06-18,189.0
1979-06-19,210.0
1979-06-20,183.0
1979-06-21,116.0
1979-06-22,114.0
1979-06-23,269.0
1979-06-24,292.0
1979-06-25,322.0
1979-06-26,306.0
1979-06-27,302.0
1979-06-28,314.0
1979-06-29,209.0
1979-06-30,301.0
1979-07-01,240.0
1979-07-02,190.0
1979-07-03,62.0
1979-07-04,54.0
1979-07-05,244.0
1979-07-06,246.0
1979-07-07,208.0
1979-07-08,136.0
1979-07-09,252.0
1979-07-10,168.0
1979-07-11,238.0
1979-07-12,240.0
1979-07-13,208.0
1979-07-14,223.0
1979-07-15,228.0
1979-07-16,201.0
1979-07-17,184.0
1979-07-18,267.0
1979-07-19,286.0
1979-07-20,299.0
1979-07-21,256.0
1979-07-22,144.0
1979-07-23,271.0
1979-07-24,285.0
1979-07-25,245.0
1979-07-26,205.0
1979-07-27,214.0
1979-07-28,249.0
1979-07-29,292.0
1979-07-30,223.0
1979-07-31,267.0
1979-08-01,283.0
1979-08-02,273.0
1979-08-03,282.0
1979-08-04,227.0
1979-08-05,260.0
1979-08-06,252.0
1979-08-07,267.0
1979-08-08,300.0
1979-08-09,204.0
1979-08-10,108.0
1979-08-11,102.0
1979-08-12,144.0
1979-08-13,51.0
1979-08-14,173.0
1979-08-15,232.0
1979-08-16,235.0
1979-08-17,252.0
1979-08-18,130.0
1979-08-19,159.0
1979-08-20,158.0
1979-08-21,196.0
1979-08-22,256.0
1979-08-23,261.0
1979-08-24,258.0
1979-08-25,127.0
1979-08-26,259.0
1979-08-27,132.0
1979-08-28,229.0
1979-08-29,184.0
1979-08-30,204.0
1979-08-31,232.0
1979-09-01,228.0
1979-09-02,243.0
1979-09-03,232.0
1979-09-04,153.0
1979-09-05,146.0
1979-09-06,191.0
1979-09-07,177.0
1979-09-08,188.0
1979-09-09,187.0
1979-09-10,153.0
1979-09-11,210.0
1979-09-12,195.0
1979-09-13,210.0
1979-09-14,168.0
1979-09-15,128.0
1979-09-16,175.0
1979-09-17,148.0
1979-09-18,190.0
1979-09-19,173.0
1979-09-20,186.0
1979-09-21,201.0
1979-09-22,189.0
1979-09-23,98.0
1979-09-24,102.0
1979-09-25,190.0
1979-09-26,161.0
1979-09-27,178.0
1979-09-28,134.0
1979-09-29,48.0
1979-09-30,161.0
1979-10-01,159.0
1979-10-02,152.0
1979-10-03,177.0
1979-10-04,159.0
1979-10-05,156.0
1979-10-06,136.0
1979-10-07,136.0
1979-10-08,162.0
1979-10-09,168.0
1979-10-10,165.0
1979-10-11,166.0
1979-10-12,167.0
1979-10-13,127.0
1979-10-14,88.0
1979-10-15,114.0
1979-10-16,129.0
1979-10-17,110.0
1979-10-18,75.0
1979-10-19,65.0
1979-10-20,127.0
1979-10-21,129.0
1979-10-22,79.0
1979-10-23,21.0
1979-10-24,101.0
1979-10-25,124.0
1979-10-26,116.0
1979-10-27,132.0
1979-10-28,121.0
1979-10-29,36.0
1979-10-30,24.0
1979-10-31,31.0
1979-11-01,49.0
1979-11-02,29.0
1979-11-03,32.0
1979-11-04,82.0
1979-11-05,49.0
1979-11-06,51.0
1979-11-07,65.0
1979-11-08,37.0
1979-11-09,34.0
1979-11-10,40.0
1979-11-11,39.0
1979-11-12,27.0
1979-11-13,53.0
1979-11-14,48.0
1979-11-15,67.0
1979-11-16,55.0
1979-11-17,32.0
1979-11-18,33.0
1979-11-19,15.0
1979-11-20,25.0
1979-11-21,19.0
1979-11-22,26.0
1979-11-23,36.0
1979-11-24,36.0
1979-11-25,44.0
1979-11-26,71.0
1979-11-27,21.0
1979-11-28,39.0
1979-11-29,16.0
1979-11-30,40.0
1979-12-01,44.0
1979-12-02,51.0
1979-12-03,40.0
1979-12-04,26.0
1979-12-05,34.0
1979-12-06,26.0
1979-12-07,36.0
1979-12-08,39.0
1979-12-09,52.0
1979-12-10,48.0
1979-12-11,18.0
1979-12-12,37.0
1979-12-13,76.0
1979-12-14,24.0
1979-12-15,38.0
1979-12-16,22.0
1979-12-17,61.0
1979-12-18,36.0
1979-12-19,49.0
1979-12-20,29.0
1979-12-21,22.0
1979-12-22,70.0
1979-12-23,21.0
1979-12-24,36.0
1979-12-25,32.0
1979-12-26,24.0
1979-12-27,23.0
1979-12-28,63.0
1979-12-29,25.0
1979-12-30,35.0
1979-12-31,34.0
1980-01-01,24.0
1980-01-02,51.0
1980-01-03,36.0
1980-01-04,47.0
1980-01-05,74.0
1980-01-06,48.0
1980-01-07,28.0
1980-01-08,31.0
1980-01-09,17.0
1980-01-10,23.0
1980-01-11,30.0
1980-01-12,78.0
1980-01-13,56.0
1980-01-14,45.0
1980-01-15,52.0
1980-01-16,36.0
1980-01-17,40.0
1980-01-18,49.0
1980-01-19,58.0
1980-01-20,54.0
1980-01-21,60.0
1980-01-22,69.0
1980-01-23,40.0
1980-01-24,37.0
1980-01-25,46.0
1980-01-26,56.0
1980-01-27,69.0
1980-01-28,94.0
1980-01-29,78.0
1980-01-30,38.0
1980-01-31,68.0
1980-02-01,35.0
1980-02-02,91.0
1980-02-03,40.0
1980-02-04,30.0
1980-02-05,41.0
1980-02-06,50.0
1980-02-07,77.0
1980-02-08,63.0
1980-02-09,45.0
1980-02-10,75.0
1980-02-11,35.0
1980-02-12,89.0
1980-02-13,81.0
1980-02-14,117.0
1980-02-15,110.0
1980-02-16,73.0
1980-02-17,48.0
1980-02-18,86.0
1980-02-19,113.0
1980-02-20,120.0
1980-02-21,99.0
1980-02-22,88.0
1980-02-23,83.0
1980-02-24,73.0
1980-02-25,68.0
1980-02-26,76.0
1980-02-27,89.0
1980-02-28,119.0
1980-02-29,71.0
1980-03-01,85.0
1980-03-02,148.0
1980-03-03,90.0
1980-03-04,91.0
1980-03-05,155.0
1980-03-06,164.0
1980-03-07,55.0
1980-03-08,92.0
1980-03-09,102.0
1980-03-10,77.0
1980-03-11,83.0
1980-03-12,119.0
1980-03-13,138.0
1980-03-14,142.0
1980-03-15,163.0
1980-03-16,159.0
1980-03-17,150.0
1980-03-18,121.0
1980-03-19,95.0
1980-03-20,75.0
1980-03-21,72.0
1980-03-22,116.0
1980-03-23,150.0
1980-03-24,85.0
1980-03-25,83.0
1980-03-26,114.0
1980-03-27,169.0
1980-03-28,120.0
1980-03-29,200.0
1980-03-30,117.0
1980-03-31,188.0
1980-04-01,195.0
1980-04-02,135.0
1980-04-03,111.0
1980-04-04,65.0
1980-04-05,112.0
1980-04-06,78.0
1980-04-07,158.0
1980-04-08,154.0
1980-04-09,175.0
1980-04-10,158.0
1980-04-11,225.0
1980-04-12,199.0
1980-04-13,256.0
1980-04-14,234.0
1980-04-15,265.0
1980-04-16,273.0
1980-04-17,261.0
1980-04-18,222.0
1980-04-19,100.0
1980-04-20,134.0
1980-04-21,65.0
1980-04-22,101.0
1980-04-23,91.0
1980-04-24,153.0
1980-04-25,149.0
1980-04-26,138.0
1980-04-27,171.0
1980-04-28,205.0
1980-04-29,175.0
1980-04-30,249.0
1980-05-01,256.0
1980-05-02,207.0
1980-05-03,195.0
1980-05-04,122.0
1980-05-05,171.0
1980-05-06,161.0
1980-05-07,154.0
1980-05-08,234.0
1980-05-09,231.0
1980-05-10,124.0
1980-05-11,244.0
1980-05-12,306.0
1980-05-13,263.0
1980-05-14,300.0
1980-05-15,254.0
1980-05-16,165.0
1980-05-17,182.0
1980-05-18,175.0
1980-05-19,193.0
1980-05-20,265.0
1980-05-21,326.0
1980-05-22,189.0
1980-05-23,291.0
1980-05-24,188.0
1980-05-25,262.0
1980-05-26,273.0
1980-05-27,316.0
1980-05-28,196.0
1980-05-29,236.0
1980-05-30,246.0
1980-05-31,169.0
1980-06-01,157.0
1980-06-02,194.0
1980-06-03,157.0
1980-06-04,123.0
1980-06-05,283.0
1980-06-06,175.0
1980-06-07,188.0
1980-06-08,288.0
1980-06-09,343.0
1980-06-10,183.0
1980-06-11,229.0
1980-06-12,303.0
1980-06-13,277.0
1980-06-14,337.0
1980-06-15,314.0
1980-06-16,209.0
1980-06-17,264.0
1980-06-18,267.0
1980-06-19,85.0
1980-06-20,226.0
1980-06-21,287.0
1980-06-22,203.0
1980-06-23,250.0
1980-06-24,230.0
1980-06-25,237.0
1980-06-26,213.0
1980-06-27,131.0
1980-06-28,208.0
1980-06-29,182.0
1980-06-30,151.0
1980-07-01,273.0
1980-07-02,126.0
1980-07-03,265.0
1980-07-04,138.0
1980-07-05,265.0
1980-07-06,275.0
1980-07-07,150.0
1980-07-08,262.0
1980-07-09,284.0
1980-07-10,244.0
1980-07-11,230.0
1980-07-12,205.0
1980-07-13,266.0
1980-07-14,288.0
1980-07-15,284.0
1980-07-16,316.0
1980-07-17,200.0
1980-07-18,205.0
1980-07-19,231.0
1980-07-20,280.0
1980-07-21,217.0
1980-07-22,74.0
1980-07-23,94.0
1980-07-24,101.0
1980-07-25,180.0
1980-07-26,212.0
1980-07-27,200.0
1980-07-28,238.0
1980-07-29,151.0
1980-07-30,189.0
1980-07-31,196.0
1980-08-01,196.0
1980-08-02,277.0
1980-08-03,286.0
1980-08-04,224.0
1980-08-05,272.0
1980-08-06,230.0
1980-08-07,295.0
1980-08-08,280.0
1980-08-09,188.0
1980-08-10,266.0
1980-08-11,258.0
1980-08-12,234.0
1980-08-13,146.0
1980-08-14,133.0
1980-08-15,117.0
1980-08-16,234.0
1980-08-17,239.0
1980-08-18,265.0
1980-08-19,254.0
1980-08-20,182.0
1980-08-21,212.0
1980-08-22,185.0
1980-08-23,195.0
1980-08-24,166.0
1980-08-25,232.0
1980-08-26,260.0
1980-08-27,227.0
1980-08-28,260.0
1980-08-29,187.0
1980-08-30,158.0
1980-08-31,92.0
1980-09-01,156.0
1980-09-02,115.0
1980-09-03,238.0
1980-09-04,246.0
1980-09-05,236.0
1980-09-06,236.0
1980-09-07,153.0
1980-09-08,164.0
1980-09-09,185.0
1980-09-10,85.0
1980-09-11,125.0
1980-09-12,208.0
1980-09-13,189.0
1980-09-14,158.0
1980-09-15,122.0
1980-09-16,213.0
1980-09-17,195.0
1980-09-18,116.0
1980-09-19,188.0
1980-09-20,203.0
1980-09-21,199.0
1980-09-22,175.0
1980-09-23,190.0
1980-09-24,187.0
1980-09-25,170.0
1980-09-26,118.0
1980-09-27,176.0
1980-09-28,158.0
1980-09-29,139.0
1980-09-30,137.0
1980-10-01,138.0
1980-10-02,126.0
1980-10-03,132.0
1980-10-04,144.0
1980-10-05,100.0
1980-10-06,145.0
1980-10-07,112.0
1980-10-08,102.0
1980-10-09,72.0
1980-10-10,36.0
1980-10-11,72.0
1980-10-12,78.0
1980-10-13,79.0
1980-10-14,117.0
1980-10-15,119.0
1980-10-16,118.0
1980-10-17,143.0
1980-10-18,89.0
1980-10-19,41.0
1980-10-20,96.0
1980-10-21,115.0
1980-10-22,96.0
1980-10-23,103.0
1980-10-24,84.0
1980-10-25,86.0
1980-10-26,47.0
1980-10-27,98.0
1980-10-28,70.0
1980-10-29,107.0
1980-10-30,82.0
1980-10-31,90.0
1980-11-01,80.0
1980-11-02,91.0
1980-11-03,25.0
1980-11-04,31.0
1980-11-05,21.0
1980-11-06,21.0
1980-11-07,28.0
1980-11-08,53.0
1980-11-09,44.0
1980-11-10,40.0
1980-11-11,75.0
1980-11-12,66.0
1980-11-13,30.0
1980-11-14,81.0
1980-11-15,28.0
1980-11-16,40.0
1980-11-17,78.0
1980-11-18,75.0
1980-11-19,61.0
1980-11-20,78.0
1980-11-21,72.0
1980-11-22,59.0
1980-11-23,59.0
1980-11-24,55.0
1980-11-25,45.0
1980-11-26,79.0
1980-11-27,24.0
1980-11-28,19.0
1980-11-29,23.0
1980-11-30,26.0
1980-12-01,12.0
1980-12-02,21.0
1980-12-03,49.0
1980-12-04,36.0
1980-12-05,43.0
1980-12-06,27.0
1980-12-07,38.0
1980-12-08,40.0
1980-12-09,57.0
1980-12-10,37.0
1980-12-11,29.0
1980-12-12,63.0
1980-12-13,60.0
1980-12-14,41.0
1980-12-15,45.0
1980-12-16,26.0
1980-12-17,43.0
1980-12-18,22.0
1980-12-19,45.0
1980-12-20,22.0
1980-12-21,52.0
1980-12-22,42.0
1980-12-23,56.0
1980-12-24,41.0
1980-12-25,25.0
1980-12-26,19.0
1980-12-27,18.0
1980-12-28,27.0
1980-12-29,50.0
1980-12-30,41.0
1980-12-31,32.0
1981-01-01,32.0
1981-01-02,58.0
1981-01-03,18.0
1981-01-04,53.0
1981-01-05,37.0
1981-01-06,66.0
1981-01-07,42.0
1981-01-08,71.0
1981-01-09,71.0
1981-01-10,76.0
1981-01-11,50.0
1981-01-12,34.0
1981-01-13,43.0
1981-01-14,33.0
1981-01-15,37.0
1981-01-16,55.0
1981-01-17,61.0
1981-01-18,57.0
1981-01-19,58.0
1981-01-20,57.0
1981-01-21,50.0
1981-01-22,49.0
1981-01-23,78.0
1981-01-24,73.0
1981-01-25,57.0
1981-01-26,58.0
1981-01-27,76.0
1981-01-28,90.0
1981-01-29,70.0
1981-01-30,94.0
1981-01-31,57.0
1981-02-01,82.0
1981-02-02,91.0
1981-02-03,86.0
1981-02-04,38.0
1981-02-05,32.0
1981-02-06,89.0
1981-02-07,35.0
1981-02-08,56.0
1981-02-09,98.0
1981-02-10,77.0
1981-02-11,94.0
1981-02-12,96.0
1981-02-13,87.0
1981-02-14,99.0
1981-02-15,91.0
1981-02-16,79.0
1981-02-17,102.0
1981-02-18,56.0
1981-02-19,54.0
1981-02-20,68.0
1981-02-21,96.0
1981-02-22,51.0
1981-02-23,105.0
1981-02-24,111.0
1981-02-25,149.0
1981-02-26,144.0
1981-02-27,123.0
1981-02-28,148.0
1981-03-01,162.0
1981-03-02,63.0
1981-03-03,29.0
1981-03-04,60.0
1981-03-05,101.0
1981-03-06,137.0
1981-03-07,155.0
1981-03-08,137.0
1981-03-09,102.0
1981-03-10,78.0
1981-03-11,37.0
1981-03-12,84.0
1981-03-13,63.0
1981-03-14,156.0
1981-03-15,161.0
1981-03-16,115.0
1981-03-17,115.0
1981-03-18,66.0
1981-03-19,28.0
1981-03-20,172.0
1981-03-21,211.0
1981-03-22,199.0
1981-03-23,197.0
1981-03-24,78.0
1981-03-25,119.0
1981-03-26,179.0
1981-03-27,185.0
1981-03-28,146.0
1981-03-29,245.0
1981-03-30,211.0
1981-03-31,194.0
1981-04-01,130.0
1981-04-02,205.0
1981-04-03,177.0
1981-04-04,217.0
1981-04-05,191.0
1981-04-06,173.0
1981-04-07,227.0
1981-04-08,242.0
1981-04-09,216.0
1981-04-10,140.0
1981-04-11,203.0
1981-04-12,247.0
1981-04-13,259.0
1981-04-14,247.0
1981-04-15,262.0
1981-04-16,200.0
1981-04-17,220.0
1981-04-18,92.0
1981-04-19,114.0
1981-04-20,198.0
1981-04-21,218.0
1981-04-22,257.0
1981-04-23,193.0
1981-04-24,185.0
1981-04-25,140.0
1981-04-26,142.0
1981-04-27,105.0
1981-04-28,235.0
1981-04-29,201.0
1981-04-30,127.0
1981-05-01,172.0
1981-05-02,167.0
1981-05-03,169.0
1981-05-04,197.0
1981-05-05,103.0
1981-05-06,123.0
1981-05-07,157.0
1981-05-08,264.0
1981-05-09,262.0
1981-05-10,276.0
1981-05-11,278.0
1981-05-12,278.0
1981-05-13,205.0
1981-05-14,186.0
1981-05-15,279.0
1981-05-16,255.0
1981-05-17,293.0
1981-05-18,237.0
1981-05-19,297.0
1981-05-20,225.0
1981-05-21,276.0
1981-05-22,314.0
1981-05-23,289.0
1981-05-24,263.0
1981-05-25,239.0
1981-05-26,279.0
1981-05-27,268.0
1981-05-28,135.0
1981-05-29,178.0
1981-05-30,286.0
1981-05-31,296.0
1981-06-01,314.0
1981-06-02,312.0
1981-06-03,324.0
1981-06-04,327.0
1981-06-05,239.0
1981-06-06,243.0
1981-06-07,253.0
1981-06-08,252.0
1981-06-09,292.0
1981-06-10,281.0
1981-06-11,254.0
1981-06-12,305.0
1981-06-13,289.0
1981-06-14,214.0
1981-06-15,276.0
1981-06-16,254.0
1981-06-17,241.0
1981-06-18,117.0
1981-06-19,120.0
1981-06-20,270.0
1981-06-21,285.0
1981-06-22,189.0
1981-06-23,231.0
1981-06-24,240.0
1981-06-25,292.0
1981-06-26,223.0
1981-06-27,249.0
1981-06-28,345.0
1981-06-29,306.0
1981-06-30,312.0
1981-07-01,297.0
1981-07-02,357.0
1981-07-03,265.0
1981-07-04,144.0
1981-07-05,279.0
1981-07-06,299.0
1981-07-07,310.0
1981-07-08,302.0
1981-07-09,175.0
1981-07-10,152.0
1981-07-11,338.0
1981-07-12,342.0
1981-07-13,314.0
1981-07-14,322.0
1981-07-15,150.0
1981-07-16,242.0
1981-07-17,309.0
1981-07-18,326.0
1981-07-19,264.0
1981-07-20,231.0
1981-07-21,129.0
1981-07-22,243.0
1981-07-23,321.0
1981-07-24,312.0
1981-07-25,257.0
1981-07-26,264.0
1981-07-27,280.0
1981-07-28,159.0
1981-07-29,106.0
1981-07-30,193.0
1981-07-31,263.0
1981-08-01,294.0
1981-08-02,290.0
1981-08-03,267.0
1981-08-04,283.0
1981-08-05,306.0
1981-08-06,304.0
1981-08-07,304.0
1981-08-08,273.0
1981-08-09,205.0
1981-08-10,223.0
1981-08-11,203.0
1981-08-12,218.0
1981-08-13,244.0
1981-08-14,253.0
1981-08-15,241.0
1981-08-16,277.0
1981-08-17,198.0
1981-08-18,236.0
1981-08-19,289.0
1981-08-20,254.0
1981-08-21,238.0
1981-08-22,185.0
1981-08-23,150.0
1981-08-24,165.0
1981-08-25,182.0
1981-08-26,219.0
1981-08-27,145.0
1981-08-28,174.0
1981-08-29,186.0
1981-08-30,174.0
1981-08-31,237.0
1981-09-01,143.0
1981-09-02,171.0
1981-09-03,223.0
1981-09-04,226.0
1981-09-05,147.0
1981-09-06,225.0
1981-09-07,211.0
1981-09-08,222.0
1981-09-09,232.0
1981-09-10,113.0
1981-09-11,125.0
1981-09-12,139.0
1981-09-13,225.0
1981-09-14,71.0
1981-09-15,148.0
1981-09-16,176.0
1981-09-17,118.0
1981-09-18,181.0
1981-09-19,162.0
1981-09-20,82.0
1981-09-21,157.0
1981-09-22,187.0
1981-09-23,213.0
1981-09-24,136.0
1981-09-25,73.0
1981-09-26,177.0
1981-09-27,175.0
1981-09-28,177.0
1981-09-29,74.0
1981-09-30,145.0
1981-10-01,110.0
1981-10-02,92.0
1981-10-03,97.0
1981-10-04,135.0
1981-10-05,138.0
1981-10-06,155.0
1981-10-07,158.0
1981-10-08,173.0
1981-10-09,162.0
1981-10-10,140.0
1981-10-11,50.0
1981-10-12,152.0
1981-10-13,74.0
1981-10-14,117.0
1981-10-15,34.0
1981-10-16,94.0
1981-10-17,84.0
1981-10-18,107.0
1981-10-19,68.0
1981-10-20,103.0
1981-10-21,109.0
1981-10-22,66.0
1981-10-23,77.0
1981-10-24,21.0
1981-10-25,69.0
1981-10-26,112.0
1981-10-27,53.0
1981-10-28,72.0
1981-10-29,89.0
1981-10-30,74.0
1981-10-31,77.0
1981-11-01,91.0
1981-11-02,56.0
1981-11-03,91.0
1981-11-04,107.0
1981-11-05,64.0
1981-11-06,80.0
1981-11-07,70.0
1981-11-08,64.0
1981-11-09,55.0
1981-11-10,29.0
1981-11-11,40.0
1981-11-12,25.0
1981-11-13,41.0
1981-11-14,31.0
1981-11-15,35.0
1981-11-16,65.0
1981-11-17,92.0
1981-11-18,70.0
1981-11-19,37.0
1981-11-20,49.0
1981-11-21,38.0
1981-11-22,31.0
1981-11-23,60.0
1981-11-24,51.0
1981-11-25,46.0
1981-11-26,65.0
1981-11-27,28.0
1981-11-28,37.0
1981-11-29,20.0
1981-11-30,31.0
1981-12-01,25.0
1981-12-02,14.0
1981-12-03,21.0
1981-12-04,43.0
1981-12-05,47.0
1981-12-06,54.0
1981-12-07,23.0
1981-12-08,41.0
1981-12-09,23.0
1981-12-10,35.0
1981-12-11,24.0
1981-12-12,19.0
1981-12-13,13.0
1981-12-14,57.0
1981-12-15,38.0
1981-12-16,27.0
1981-12-17,32.0
1981-12-18,48.0
1981-12-19,23.0
1981-12-20,37.0
1981-12-21,60.0
1981-12-22,47.0
1981-12-23,29.0
1981-12-24,28.0
1981-12-25,15.0
1981-12-26,16.0
1981-12-27,39.0
1981-12-28,40.0
1981-12-29,33.0
1981-12-30,17.0
1981-12-31,32.0
1982-01-01,37.0
1982-01-02,19.0
1982-01-03,43.0
1982-01-04,49.0
1982-01-05,40.0
1982-01-06,36.0
1982-01-07,51.0
1982-01-08,66.0
1982-01-09,30.0
1982-01-10,45.0
1982-01-11,25.0
1982-01-12,14.0
1982-01-13,64.0
1982-01-14,52.0
1982-01-15,59.0
1982-01-16,55.0
1982-01-17,44.0
1982-01-18,51.0
1982-01-19,50.0
1982-01-20,44.0
1982-01-21,53.0
1982-01-22,51.0
1982-01-23,53.0
1982-01-24,37.0
1982-01-25,68.0
1982-01-26,65.0
1982-01-27,54.0
1982-01-28,45.0
1982-01-29,29.0
1982-01-30,41.0
1982-01-31,70.0
1982-02-01,55.0
1982-02-02,83.0
1982-02-03,103.0
1982-02-04,105.0
1982-02-05,112.0
1982-02-06,87.0
1982-02-07,35.0
1982-02-08,67.0
1982-02-09,42.0
1982-02-10,98.0
1982-02-11,98.0
1982-02-12,118.0
1982-02-13,59.0
1982-02-14,110.0
1982-02-15,100.0
1982-02-16,122.0
1982-02-17,124.0
1982-02-18,103.0
1982-02-19,114.0
1982-02-20,94.0
1982-02-21,132.0
1982-02-22,121.0
1982-02-23,46.0
1982-02-24,43.0
1982-02-25,90.0
1982-02-26,24.0
1982-02-27,61.0
1982-02-28,116.0
1982-03-01,60.0
1982-03-02,65.0
1982-03-03,157.0
1982-03-04,122.0
1982-03-05,73.0
1982-03-06,130.0
1982-03-07,175.0
1982-03-08,179.0
1982-03-09,191.0
1982-03-10,170.0
1982-03-11,51.0
1982-03-12,109.0
1982-03-13,110.0
1982-03-14,120.0
1982-03-15,156.0
1982-03-16,167.0
1982-03-17,169.0
1982-03-18,139.0
1982-03-19,52.0
1982-03-20,48.0
1982-03-21,133.0
1982-03-22,210.0
1982-03-23,206.0
1982-03-24,196.0
1982-03-25,165.0
1982-03-26,139.0
1982-03-27,195.0
1982-03-28,202.0
1982-03-29,158.0
1982-03-30,114.0
1982-03-31,103.0
1982-04-01,241.0
1982-04-02,220.0
1982-04-03,222.0
1982-04-04,141.0
1982-04-05,228.0
1982-04-06,250.0
1982-04-07,178.0
1982-04-08,175.0
1982-04-09,165.0
1982-04-10,146.0
1982-04-11,193.0
1982-04-12,163.0
1982-04-13,187.0
1982-04-14,55.0
1982-04-15,50.0
1982-04-16,89.0
1982-04-17,221.0
1982-04-18,164.0
1982-04-19,191.0
1982-04-20,230.0
1982-04-21,239.0
1982-04-22,217.0
1982-04-23,223.0
1982-04-24,223.0
1982-04-25,121.0
1982-04-26,168.0
1982-04-27,195.0
1982-04-28,106.0
1982-04-29,266.0
1982-04-30,167.0
1982-05-01,251.0
1982-05-02,179.0
1982-05-03,295.0
1982-05-04,297.0
1982-05-05,270.0
1982-05-06,201.0
1982-05-07,161.0
1982-05-08,87.0
1982-05-09,88.0
1982-05-10,106.0
1982-05-11,207.0
1982-05-12,305.0
1982-05-13,317.0
1982-05-14,272.0
1982-05-15,324.0
1982-05-16,339.0
1982-05-17,327.0
1982-05-18,317.0
1982-05-19,287.0
1982-05-20,285.0
1982-05-21,288.0
1982-05-22,276.0
1982-05-23,234.0
1982-05-24,216.0
1982-05-25,128.0
1982-05-26,305.0
1982-05-27,308.0
1982-05-28,282.0
1982-05-29,201.0
1982-05-30,312.0
1982-05-31,331.0
1982-06-01,334.0
1982-06-02,312.0
1982-06-03,330.0
1982-06-04,298.0
1982-06-05,320.0
1982-06-06,274.0
1982-06-07,210.0
1982-06-08,314.0
1982-06-09,336.0
1982-06-10,234.0
1982-06-11,293.0
1982-06-12,198.0
1982-06-13,241.0
1982-06-14,87.0
1982-06-15,284.0
1982-06-16,292.0
1982-06-17,168.0
1982-06-18,257.0
1982-06-19,195.0
1982-06-20,320.0
1982-06-21,288.0
1982-06-22,278.0
1982-06-23,281.0
1982-06-24,308.0
1982-06-25,332.0
1982-06-26,271.0
1982-06-27,319.0
1982-06-28,216.0
1982-06-29,289.0
1982-06-30,233.0
1982-07-01,227.0
1982-07-02,280.0
1982-07-03,329.0
1982-07-04,250.0
1982-07-05,278.0
1982-07-06,254.0
1982-07-07,191.0
1982-07-08,260.0
1982-07-09,281.0
1982-07-10,151.0
1982-07-11,137.0
1982-07-12,150.0
1982-07-13,144.0
1982-07-14,251.0
1982-07-15,224.0
1982-07-16,325.0
1982-07-17,346.0
1982-07-18,343.0
1982-07-19,308.0
1982-07-20,297.0
1982-07-21,282.0
1982-07-22,276.0
1982-07-23,243.0
1982-07-24,288.0
1982-07-25,235.0
1982-07-26,123.0
1982-07-27,138.0
1982-07-28,143.0
1982-07-29,225.0
1982-07-30,278.0
1982-07-31,291.0
1982-08-01,262.0
1982-08-02,274.0
1982-08-03,265.0
1982-08-04,234.0
1982-08-05,224.0
1982-08-06,246.0
1982-08-07,250.0
1982-08-08,248.0
1982-08-09,267.0
1982-08-10,256.0
1982-08-11,250.0
1982-08-12,295.0
1982-08-13,282.0
1982-08-14,261.0
1982-08-15,272.0
1982-08-16,217.0
1982-08-17,255.0
1982-08-18,197.0
1982-08-19,276.0
1982-08-20,278.0
1982-08-21,118.0
1982-08-22,116.0
1982-08-23,214.0
1982-08-24,228.0
1982-08-25,258.0
1982-08-26,236.0
1982-08-27,258.0
1982-08-28,232.0
1982-08-29,120.0
1982-08-30,43.0
1982-08-31,142.0
1982-09-01,190.0
1982-09-02,210.0
1982-09-03,211.0
1982-09-04,234.0
1982-09-05,229.0
1982-09-06,242.0
1982-09-07,258.0
1982-09-08,210.0
1982-09-09,170.0
1982-09-10,179.0
1982-09-11,198.0
1982-09-12,212.0
1982-09-13,204.0
1982-09-14,215.0
1982-09-15,210.0
1982-09-16,204.0
1982-09-17,204.0
1982-09-18,196.0
1982-09-19,192.0
1982-09-20,177.0
1982-09-21,198.0
1982-09-22,83.0
1982-09-23,120.0
1982-09-24,88.0
1982-09-25,161.0
1982-09-26,183.0
1982-09-27,179.0
1982-09-28,133.0
1982-09-29,116.0
1982-09-30,160.0
1982-10-01,130.0
1982-10-02,170.0
1982-10-03,144.0
1982-10-04,75.0
1982-10-05,171.0
1982-10-06,159.0
1982-10-07,56.0
1982-10-08,77.0
1982-10-09,139.0
1982-10-10,141.0
1982-10-11,107.0
1982-10-12,96.0
1982-10-13,85.0
1982-10-14,54.0
1982-10-15,73.0
1982-10-16,97.0
1982-10-17,134.0
1982-10-18,90.0
1982-10-19,112.0
1982-10-20,127.0
1982-10-21,111.0
1982-10-22,108.0
1982-10-23,105.0
1982-10-24,66.0
1982-10-25,108.0
1982-10-26,90.0
1982-10-27,84.0
1982-10-28,104.0
1982-10-29,68.0
1982-10-30,105.0
1982-10-31,76.0
1982-11-01,47.0
1982-11-02,31.0
1982-11-03,34.0
1982-11-04,21.0
1982-11-05,60.0
1982-11-06,98.0
1982-11-07,105.0
1982-11-08,109.0
1982-11-09,70.0
1982-11-10,72.0
1982-11-11,87.0
1982-11-12,98.0
1982-11-13,58.0
1982-11-14,31.0
1982-11-15,45.0
1982-11-16,66.0
1982-11-17,19.0
1982-11-18,67.0
1982-11-19,39.0
1982-11-20,44.0
1982-11-21,67.0
1982-11-22,78.0
1982-11-23,61.0
1982-11-24,69.0
1982-11-25,46.0
1982-11-26,63.0
1982-11-27,81.0
1982-11-28,65.0
1982-11-29,44.0
1982-11-30,23.0
1982-12-01,51.0
1982-12-02,81.0
1982-12-03,54.0
1982-12-04,39.0
1982-12-05,31.0
1982-12-06,23.0
1982-12-07,18.0
1982-12-08,20.0
1982-12-09,20.0
1982-12-10,47.0
1982-12-11,21.0
1982-12-12,46.0
1982-12-13,27.0
1982-12-14,33.0
1982-12-15,23.0
1982-12-16,24.0
1982-12-17,21.0
1982-12-18,33.0
1982-12-19,29.0
1982-12-20,39.0
1982-12-21,32.0
1982-12-22,20.0
1982-12-23,18.0
1982-12-24,25.0
1982-12-25,20.0
1982-12-26,25.0
1982-12-27,47.0
1982-12-28,26.0
1982-12-29,45.0
1982-12-30,44.0
1982-12-31,37.0
1983-01-01,25.0
1983-01-02,22.0
1983-01-03,47.0
1983-01-04,19.0
1983-01-05,46.0
1983-01-06,24.0
1983-01-07,41.0
1983-01-08,57.0
1983-01-09,46.0
1983-01-10,51.0
1983-01-11,27.0
1983-01-12,51.0
1983-01-13,43.0
1983-01-14,37.0
1983-01-15,34.0
1983-01-16,49.0
1983-01-17,30.0
1983-01-18,80.0
1983-01-19,40.0
1983-01-20,64.0
1983-01-21,39.0
1983-01-22,47.0
1983-01-23,44.0
1983-01-24,51.0
1983-01-25,68.0
1983-01-26,41.0
1983-01-27,39.0
1983-01-28,53.0
1983-01-29,38.0
1983-01-30,24.0
1983-01-31,56.0
1983-02-01,64.0
1983-02-02,51.0
1983-02-03,108.0
1983-02-04,58.0
1983-02-05,93.0
1983-02-06,61.0
1983-02-07,28.0
1983-02-08,41.0
1983-02-09,51.0
1983-02-10,54.0
1983-02-11,70.0
1983-02-12,75.0
1983-02-13,83.0
1983-02-14,74.0
1983-02-15,87.0
1983-02-16,113.0
1983-02-17,110.0
1983-02-18,56.0
1983-02-19,66.0
1983-02-20,79.0
1983-02-21,53.0
1983-02-22,117.0
1983-02-23,94.0
1983-02-24,105.0
1983-02-25,128.0
1983-02-26,148.0
1983-02-27,58.0
1983-02-28,52.0
1983-03-01,29.0
1983-03-02,76.0
1983-03-03,111.0
1983-03-04,104.0
1983-03-05,93.0
1983-03-06,77.0
1983-03-07,80.0
1983-03-08,86.0
1983-03-09,160.0
1983-03-10,137.0
1983-03-11,124.0
1983-03-12,166.0
1983-03-13,182.0
1983-03-14,189.0
1983-03-15,162.0
1983-03-16,165.0
1983-03-17,159.0
1983-03-18,169.0
1983-03-19,118.0
1983-03-20,101.0
1983-03-21,158.0
1983-03-22,72.0
1983-03-23,129.0
1983-03-24,167.0
1983-03-25,99.0
1983-03-26,59.0
1983-03-27,42.0
1983-03-28,167.0
1983-03-29,144.0
1983-03-30,143.0
1983-03-31,87.0
1983-04-01,66.0
1983-04-02,118.0
1983-04-03,159.0
1983-04-04,172.0
1983-04-05,146.0
1983-04-06,191.0
1983-04-07,123.0
1983-04-08,187.0
1983-04-09,170.0
1983-04-10,140.0
1983-04-11,208.0
1983-04-12,218.0
1983-04-13,63.0
1983-04-14,176.0
1983-04-15,173.0
1983-04-16,211.0
1983-04-17,244.0
1983-04-18,245.0
1983-04-19,170.0
1983-04-20,225.0
1983-04-21,266.0
1983-04-22,89.0
1983-04-23,98.0
1983-04-24,244.0
1983-04-25,239.0
1983-04-26,282.0
1983-04-27,196.0
1983-04-28,241.0
1983-04-29,200.0
1983-04-30,228.0
1983-05-01,238.0
1983-05-02,126.0
1983-05-03,241.0
1983-05-04,260.0
1983-05-05,212.0
1983-05-06,189.0
1983-05-07,245.0
1983-05-08,212.0
1983-05-09,106.0
1983-05-10,128.0
1983-05-11,240.0
1983-05-12,276.0
1983-05-13,284.0
1983-05-14,299.0
1983-05-15,306.0
1983-05-16,320.0
1983-05-17,314.0
1983-05-18,314.0
1983-05-19,329.0
1983-05-20,282.0
1983-05-21,303.0
1983-05-22,296.0
1983-05-23,245.0
1983-05-24,229.0
1983-05-25,222.0
1983-05-26,272.0
1983-05-27,263.0
1983-05-28,282.0
1983-05-29,262.0
1983-05-30,280.0
1983-05-31,302.0
1983-06-01,299.0
1983-06-02,328.0
1983-06-03,250.0
1983-06-04,288.0
1983-06-05,283.0
1983-06-06,224.0
1983-06-07,297.0
1983-06-08,352.0
1983-06-09,353.0
1983-06-10,223.0
1983-06-11,185.0
1983-06-12,262.0
1983-06-13,266.0
1983-06-14,155.0
1983-06-15,188.0
1983-06-16,90.0
1983-06-17,89.0
1983-06-18,121.0
1983-06-19,128.0
1983-06-20,192.0
1983-06-21,245.0
1983-06-22,276.0
1983-06-23,272.0
1983-06-24,316.0
1983-06-25,351.0
1983-06-26,256.0
1983-06-27,246.0
1983-06-28,187.0
1983-06-29,159.0
1983-06-30,293.0
1983-07-01,267.0
1983-07-02,262.0
1983-07-03,276.0
1983-07-04,295.0
1983-07-05,297.0
1983-07-06,300.0
1983-07-07,301.0
1983-07-08,322.0
1983-07-09,316.0
1983-07-10,295.0
1983-07-11,212.0
1983-07-12,190.0
1983-07-13,185.0
1983-07-14,145.0
1983-07-15,197.0
1983-07-16,292.0
1983-07-17,262.0
1983-07-18,301.0
1983-07-19,305.0
1983-07-20,265.0
1983-07-21,233.0
1983-07-22,183.0
1983-07-23,222.0
1983-07-24,273.0
1983-07-25,214.0
1983-07-26,261.0
1983-07-27,304.0
1983-07-28,219.0
1983-07-29,177.0
1983-07-30,188.0
1983-07-31,299.0
1983-08-01,301.0
1983-08-02,265.0
1983-08-03,189.0
1983-08-04,94.0
1983-08-05,149.0
1983-08-06,197.0
1983-08-07,161.0
1983-08-08,154.0
1983-08-09,230.0
1983-08-10,257.0
1983-08-11,197.0
1983-08-12,222.0
1983-08-13,167.0
1983-08-14,238.0
1983-08-15,266.0
1983-08-16,287.0
1983-08-17,277.0
1983-08-18,233.0
1983-08-19,258.0
1983-08-20,246.0
1983-08-21,248.0
1983-08-22,204.0
1983-08-23,211.0
1983-08-24,223.0
1983-08-25,141.0
1983-08-26,220.0
1983-08-27,249.0
1983-08-28,243.0
1983-08-29,205.0
1983-08-30,156.0
1983-08-31,226.0
1983-09-01,221.0
1983-09-02,257.0
1983-09-03,254.0
1983-09-04,50.0
1983-09-05,162.0
1983-09-06,199.0
1983-09-07,86.0
1983-09-08,173.0
1983-09-09,204.0
1983-09-10,206.0
1983-09-11,227.0
1983-09-12,50.0
1983-09-13,136.0
1983-09-14,184.0
1983-09-15,193.0
1983-09-16,186.0
1983-09-17,49.0
1983-09-18,38.0
1983-09-19,139.0
1983-09-20,176.0
1983-09-21,180.0
1983-09-22,138.0
1983-09-23,176.0
1983-09-24,192.0
1983-09-25,61.0
1983-09-26,190.0
1983-09-27,190.0
1983-09-28,183.0
1983-09-29,168.0
1983-09-30,171.0
1983-10-01,113.0
1983-10-02,184.0
1983-10-03,77.0
1983-10-04,73.0
1983-10-05,150.0
1983-10-06,124.0
1983-10-07,156.0
1983-10-08,156.0
1983-10-09,86.0
1983-10-10,144.0
1983-10-11,79.0
1983-10-12,58.0
1983-10-13,147.0
1983-10-14,138.0
1983-10-15,154.0
1983-10-16,130.0
1983-10-17,118.0
1983-10-18,55.0
1983-10-19,130.0
1983-10-20,92.0
1983-10-21,65.0
1983-10-22,109.0
1983-10-23,111.0
1983-10-24,131.0
1983-10-25,92.0
1983-10-26,76.0
1983-10-27,87.0
1983-10-28,81.0
1983-10-29,42.0
1983-10-30,50.0
1983-10-31,45.0
1983-11-01,78.0
1983-11-02,97.0
1983-11-03,89.0
1983-11-04,60.0
1983-11-05,71.0
1983-11-06,67.0
1983-11-07,55.0
1983-11-08,51.0
1983-11-09,35.0
1983-11-10,37.0
1983-11-11,19.0
1983-11-12,86.0
1983-11-13,81.0
1983-11-14,67.0
1983-11-15,99.0
1983-11-16,47.0
1983-11-17,60.0
1983-11-18,61.0
1983-11-19,64.0
1983-11-20,44.0
1983-11-21,25.0
1983-11-22,61.0
1983-11-23,56.0
1983-11-24,66.0
1983-11-25,60.0
1983-11-26,37.0
1983-11-27,22.0
1983-11-28,29.0
1983-11-29,36.0
1983-11-30,30.0
1983-12-01,41.0
1983-12-02,55.0
1983-12-03,37.0
1983-12-04,49.0
1983-12-05,61.0
1983-12-06,40.0
1983-12-07,24.0
1983-12-08,47.0
1983-12-09,28.0
1983-12-10,23.0
1983-12-11,33.0
1983-12-12,61.0
1983-12-13,43.0
1983-12-14,51.0
1983-12-15,53.0
1983-12-16,39.0
1983-12-17,52.0
1983-12-18,43.0
1983-12-19,43.0
1983-12-20,23.0
1983-12-21,45.0
1983-12-22,33.0
1983-12-23,37.0
1983-12-24,30.0
1983-12-25,44.0
1983-12-26,37.0
1983-12-27,27.0
1983-12-28,33.0
1983-12-29,56.0
1983-12-30,33.0
1983-12-31,31.0
1984-01-01,48.0
1984-01-02,43.0
1984-01-03,41.0
1984-01-04,29.0
1984-01-05,39.0
1984-01-06,53.0
1984-01-07,58.0
1984-01-08,33.0
1984-01-09,23.0
1984-01-10,34.0
1984-01-11,68.0
1984-01-12,38.0
1984-01-13,33.0
1984-01-14,46.0
1984-01-15,27.0
1984-01-16,51.0
1984-01-17,33.0
1984-01-18,42.0
1984-01-19,65.0
1984-01-20,23.0
1984-01-21,53.0
1984-01-22,36.0
1984-01-23,23.0
1984-01-24,32.0
1984-01-25,26.0
1984-01-26,42.0
1984-01-27,60.0
1984-01-28,70.0
1984-01-29,30.0
1984-01-30,28.0
1984-01-31,43.0
1984-02-01,69.0
1984-02-02,29.0
1984-02-03,34.0
1984-02-04,32.0
1984-02-05,52.0
1984-02-06,33.0
1984-02-07,46.0
1984-02-08,95.0
1984-02-09,69.0
1984-02-10,23.0
1984-02-11,57.0
1984-02-12,84.0
1984-02-13,60.0
1984-02-14,67.0
1984-02-15,84.0
1984-02-16,105.0
1984-02-17,101.0
1984-02-18,96.0
1984-02-19,66.0
1984-02-20,48.0
1984-02-21,47.0
1984-02-22,105.0
1984-02-23,116.0
1984-02-24,52.0
1984-02-25,59.0
1984-02-26,133.0
1984-02-27,34.0
1984-02-28,49.0
1984-02-29,109.0
1984-03-01,117.0
1984-03-02,53.0
1984-03-03,37.0
1984-03-04,68.0
1984-03-05,93.0
1984-03-06,86.0
1984-03-07,148.0
1984-03-08,121.0
1984-03-09,118.0
1984-03-10,127.0
1984-03-11,73.0
1984-03-12,80.0
1984-03-13,91.0
1984-03-14,145.0
1984-03-15,156.0
1984-03-16,109.0
1984-03-17,122.0
1984-03-18,112.0
1984-03-19,195.0
1984-03-20,202.0
1984-03-21,176.0
1984-03-22,155.0
1984-03-23,149.0
1984-03-24,151.0
1984-03-25,173.0
1984-03-26,107.0
1984-03-27,131.0
1984-03-28,177.0
1984-03-29,186.0
1984-03-30,79.0
1984-03-31,85.0
1984-04-01,172.0
1984-04-02,87.0
1984-04-03,135.0
1984-04-04,72.0
1984-04-05,119.0
1984-04-06,219.0
1984-04-07,243.0
1984-04-08,154.0
1984-04-09,92.0
1984-04-10,130.0
1984-04-11,126.0
1984-04-12,144.0
1984-04-13,179.0
1984-04-14,237.0
1984-04-15,250.0
1984-04-16,257.0
1984-04-17,207.0
1984-04-18,152.0
1984-04-19,226.0
1984-04-20,267.0
1984-04-21,146.0
1984-04-22,228.0
1984-04-23,144.0
1984-04-24,148.0
1984-04-25,153.0
1984-04-26,198.0
1984-04-27,174.0
1984-04-28,213.0
1984-04-29,197.0
1984-04-30,193.0
1984-05-01,98.0
1984-05-02,137.0
1984-05-03,228.0
1984-05-04,289.0
1984-05-05,219.0
1984-05-06,252.0
1984-05-07,211.0
1984-05-08,141.0
1984-05-09,113.0
1984-05-10,110.0
1984-05-11,107.0
1984-05-12,104.0
1984-05-13,79.0
1984-05-14,128.0
1984-05-15,244.0
1984-05-16,215.0
1984-05-17,259.0
1984-05-18,325.0
1984-05-19,308.0
1984-05-20,312.0
1984-05-21,194.0
1984-05-22,239.0
1984-05-23,118.0
1984-05-24,217.0
1984-05-25,264.0
1984-05-26,230.0
1984-05-27,262.0
1984-05-28,118.0
1984-05-29,271.0
1984-05-30,189.0
1984-05-31,247.0
1984-06-01,204.0
1984-06-02,291.0
1984-06-03,323.0
1984-06-04,269.0
1984-06-05,275.0
1984-06-06,192.0
1984-06-07,149.0
1984-06-08,232.0
1984-06-09,207.0
1984-06-10,203.0
1984-06-11,221.0
1984-06-12,301.0
1984-06-13,349.0
1984-06-14,236.0
1984-06-15,175.0
1984-06-16,268.0
1984-06-17,267.0
1984-06-18,318.0
1984-06-19,283.0
1984-06-20,278.0
1984-06-21,262.0
1984-06-22,233.0
1984-06-23,255.0
1984-06-24,169.0
1984-06-25,258.0
1984-06-26,197.0
1984-06-27,281.0
1984-06-28,301.0
1984-06-29,210.0
1984-06-30,295.0
1984-07-01,296.0
1984-07-02,192.0
1984-07-03,190.0
1984-07-04,211.0
1984-07-05,115.0
1984-07-06,150.0
1984-07-07,159.0
1984-07-08,274.0
1984-07-09,286.0
1984-07-10,316.0
1984-07-11,318.0
1984-07-12,317.0
1984-07-13,328.0
1984-07-14,268.0
1984-07-15,315.0
1984-07-16,222.0
1984-07-17,145.0
1984-07-18,189.0
1984-07-19,234.0
1984-07-20,163.0
1984-07-21,233.0
1984-07-22,287.0
1984-07-23,250.0
1984-07-24,237.0
1984-07-25,250.0
1984-07-26,195.0
1984-07-27,192.0
1984-07-28,197.0
1984-07-29,265.0
1984-07-30,277.0
1984-07-31,286.0
1984-08-01,293.0
1984-08-02,178.0
1984-08-03,243.0
1984-08-04,281.0
1984-08-05,312.0
1984-08-06,294.0
1984-08-07,230.0
1984-08-08,163.0
1984-08-09,209.0
1984-08-10,126.0
1984-08-11,208.0
1984-08-12,131.0
1984-08-13,179.0
1984-08-14,279.0
1984-08-15,221.0
1984-08-16,198.0
1984-08-17,200.0
1984-08-18,247.0
1984-08-19,197.0
1984-08-20,261.0
1984-08-21,223.0
1984-08-22,168.0
1984-08-23,241.0
1984-08-24,250.0
1984-08-25,215.0
1984-08-26,146.0
1984-08-27,228.0
1984-08-28,257.0
1984-08-29,257.0
1984-08-30,232.0
1984-08-31,218.0
1984-09-01,223.0
1984-09-02,171.0
1984-09-03,235.0
1984-09-04,221.0
1984-09-05,219.0
1984-09-06,224.0
1984-09-07,164.0
1984-09-08,186.0
1984-09-09,193.0
1984-09-10,208.0
1984-09-11,144.0
1984-09-12,124.0
1984-09-13,171.0
1984-09-14,185.0
1984-09-15,176.0
1984-09-16,98.0
1984-09-17,127.0
1984-09-18,108.0
1984-09-19,134.0
1984-09-20,184.0
1984-09-21,86.0
1984-09-22,83.0
1984-09-23,174.0
1984-09-24,82.0
1984-09-25,47.0
1984-09-26,51.0
1984-09-27,74.0
1984-09-28,119.0
1984-09-29,75.0
1984-09-30,137.0
1984-10-01,146.0
1984-10-02,116.0
1984-10-03,138.0
1984-10-04,97.0
1984-10-05,114.0
1984-10-06,56.0
1984-10-07,22.0
1984-10-08,98.0
1984-10-09,143.0
1984-10-10,87.0
1984-10-11,122.0
1984-10-12,69.0
1984-10-13,121.0
1984-10-14,131.0
1984-10-15,99.0
1984-10-16,76.0
1984-10-17,137.0
1984-10-18,141.0
1984-10-19,127.0
1984-10-20,119.0
1984-10-21,69.0
1984-10-22,118.0
1984-10-23,103.0
1984-10-24,85.0
1984-10-25,101.0
1984-10-26,95.0
1984-10-27,61.0
1984-10-28,33.0
1984-10-29,61.0
1984-10-30,68.0
1984-10-31,74.0
1984-11-01,63.0
1984-11-02,40.0
1984-11-03,87.0
1984-11-04,82.0
1984-11-05,63.0
1984-11-06,71.0
1984-11-07,85.0
1984-11-08,87.0
1984-11-09,81.0
1984-11-10,55.0
1984-11-11,77.0
1984-11-12,89.0
1984-11-13,83.0
1984-11-14,91.0
1984-11-15,62.0
1984-11-16,23.0
1984-11-17,35.0
1984-11-18,28.0
1984-11-19,33.0
1984-11-20,17.0
1984-11-21,12.0
1984-11-22,32.0
1984-11-23,27.0
1984-11-24,44.0
1984-11-25,59.0
1984-11-26,32.0
1984-11-27,24.0
1984-11-28,68.0
1984-11-29,69.0
1984-11-30,67.0
1984-12-01,60.0
1984-12-02,70.0
1984-12-03,67.0
1984-12-04,62.0
1984-12-05,50.0
1984-12-06,24.0
1984-12-07,8.0
1984-12-08,24.0
1984-12-09,30.0
1984-12-10,19.0
1984-12-11,31.0
1984-12-12,49.0
1984-12-13,54.0
1984-12-14,63.0
1984-12-15,47.0
1984-12-16,26.0
1984-12-17,12.0
1984-12-18,39.0
1984-12-19,48.0
1984-12-20,28.0
1984-12-21,25.0
1984-12-22,29.0
1984-12-23,47.0
1984-12-24,55.0
1984-12-25,35.0
1984-12-26,28.0
1984-12-27,43.0
1984-12-28,43.0
1984-12-29,28.0
1984-12-30,24.0
1984-12-31,33.0
1985-01-01,34.0
1985-01-02,31.0
1985-01-03,34.0
1985-01-04,36.0
1985-01-05,27.0
1985-01-06,21.0
1985-01-07,46.0
1985-01-08,45.0
1985-01-09,57.0
1985-01-10,27.0
1985-01-11,35.0
1985-01-12,44.0
1985-01-13,76.0
1985-01-14,69.0
1985-01-15,52.0
1985-01-16,84.0
1985-01-17,82.0
1985-01-18,37.0
1985-01-19,42.0
1985-01-20,53.0
1985-01-21,38.0
1985-01-22,29.0
1985-01-23,33.0
1985-01-24,29.0
1985-01-25,92.0
1985-01-26,70.0
1985-01-27,31.0
1985-01-28,67.0
1985-01-29,99.0
1985-01-30,71.0
1985-01-31,46.0
1985-02-01,54.0
1985-02-02,52.0
1985-02-03,74.0
1985-02-04,93.0
1985-02-05,47.0
1985-02-06,57.0
1985-02-07,66.0
1985-02-08,110.0
1985-02-09,42.0
1985-02-10,49.0
1985-02-11,59.0
1985-02-12,90.0
1985-02-13,77.0
1985-02-14,113.0
1985-02-15,62.0
1985-02-16,126.0
1985-02-17,93.0
1985-02-18,88.0
1985-02-19,93.0
1985-02-20,91.0
1985-02-21,110.0
1985-02-22,85.0
1985-02-23,114.0
1985-02-24,60.0
1985-02-25,53.0
1985-02-26,106.0
1985-02-27,105.0
1985-02-28,92.0
1985-03-01,62.0
1985-03-02,72.0
1985-03-03,83.0
1985-03-04,82.0
1985-03-05,134.0
1985-03-06,160.0
1985-03-07,144.0
1985-03-08,78.0
1985-03-09,53.0
1985-03-10,53.0
1985-03-11,105.0
1985-03-12,135.0
1985-03-13,146.0
1985-03-14,141.0
1985-03-15,48.0
1985-03-16,38.0
1985-03-17,86.0
1985-03-18,85.0
1985-03-19,136.0
1985-03-20,107.0
1985-03-21,120.0
1985-03-22,187.0
1985-03-23,137.0
1985-03-24,69.0
1985-03-25,117.0
1985-03-26,183.0
1985-03-27,180.0
1985-03-28,102.0
1985-03-29,212.0
1985-03-30,214.0
1985-03-31,202.0
1985-04-01,177.0
1985-04-02,142.0
1985-04-03,219.0
1985-04-04,235.0
1985-04-05,243.0
1985-04-06,223.0
1985-04-07,134.0
1985-04-08,171.0
1985-04-09,189.0
1985-04-10,77.0
1985-04-11,162.0
1985-04-12,164.0
1985-04-13,119.0
1985-04-14,216.0
1985-04-15,159.0
1985-04-16,104.0
1985-04-17,127.0
1985-04-18,120.0
1985-04-19,172.0
1985-04-20,259.0
1985-04-21,235.0
1985-04-22,259.0
1985-04-23,253.0
1985-04-24,121.0
1985-04-25,197.0
1985-04-26,149.0
1985-04-27,169.0
1985-04-28,112.0
1985-04-29,161.0
1985-04-30,158.0
1985-05-01,175.0
1985-05-02,117.0
1985-05-03,118.0
1985-05-04,280.0
1985-05-05,212.0
1985-05-06,220.0
1985-05-07,234.0
1985-05-08,274.0
1985-05-09,167.0
1985-05-10,255.0
1985-05-11,226.0
1985-05-12,218.0
1985-05-13,279.0
1985-05-14,265.0
1985-05-15,213.0
1985-05-16,232.0
1985-05-17,227.0
1985-05-18,127.0
1985-05-19,155.0
1985-05-20,217.0
1985-05-21,172.0
1985-05-22,132.0
1985-05-23,281.0
1985-05-24,172.0
1985-05-25,315.0
1985-05-26,336.0
1985-05-27,320.0
1985-05-28,313.0
1985-05-29,295.0
1985-05-30,205.0
1985-05-31,226.0
1985-06-01,117.0
1985-06-02,150.0
1985-06-03,142.0
1985-06-04,287.0
1985-06-05,333.0
1985-06-06,287.0
1985-06-07,277.0
1985-06-08,242.0
1985-06-09,125.0
1985-06-10,283.0
1985-06-11,174.0
1985-06-12,272.0
1985-06-13,126.0
1985-06-14,293.0
1985-06-15,132.0
1985-06-16,266.0
1985-06-17,129.0
1985-06-18,202.0
1985-06-19,198.0
1985-06-20,192.0
1985-06-21,108.0
1985-06-22,245.0
1985-06-23,108.0
1985-06-24,80.0
1985-06-25,124.0
1985-06-26,215.0
1985-06-27,154.0
1985-06-28,206.0
1985-06-29,292.0
1985-06-30,232.0
1985-07-01,283.0
1985-07-02,161.0
1985-07-03,256.0
1985-07-04,292.0
1985-07-05,280.0
1985-07-06,251.0
1985-07-07,314.0
1985-07-08,250.0
1985-07-09,235.0
1985-07-10,175.0
1985-07-11,251.0
1985-07-12,271.0
1985-07-13,238.0
1985-07-14,272.0
1985-07-15,295.0
1985-07-16,225.0
1985-07-17,251.0
1985-07-18,116.0
1985-07-19,278.0
1985-07-20,270.0
1985-07-21,169.0
1985-07-22,305.0
1985-07-23,260.0
1985-07-24,276.0
1985-07-25,249.0
1985-07-26,282.0
1985-07-27,243.0
1985-07-28,272.0
1985-07-29,251.0
1985-07-30,300.0
1985-07-31,184.0
1985-08-01,262.0
1985-08-02,190.0
1985-08-03,252.0
1985-08-04,207.0
1985-08-05,280.0
1985-08-06,306.0
1985-08-07,118.0
1985-08-08,64.0
1985-08-09,139.0
1985-08-10,199.0
1985-08-11,241.0
1985-08-12,268.0
1985-08-13,250.0
1985-08-14,275.0
1985-08-15,264.0
1985-08-16,254.0
1985-08-17,230.0
1985-08-18,198.0
1985-08-19,235.0
1985-08-20,155.0
1985-08-21,237.0
1985-08-22,256.0
1985-08-23,242.0
1985-08-24,245.0
1985-08-25,227.0
1985-08-26,270.0
1985-08-27,65.0
1985-08-28,144.0
1985-08-29,139.0
1985-08-30,171.0
1985-08-31,213.0
1985-09-01,214.0
1985-09-02,138.0
1985-09-03,209.0
1985-09-04,122.0
1985-09-05,201.0
1985-09-06,124.0
1985-09-07,219.0
1985-09-08,155.0
1985-09-09,128.0
1985-09-10,167.0
1985-09-11,175.0
1985-09-12,110.0
1985-09-13,186.0
1985-09-14,188.0
1985-09-15,206.0
1985-09-16,219.0
1985-09-17,151.0
1985-09-18,182.0
1985-09-19,195.0
1985-09-20,197.0
1985-09-21,190.0
1985-09-22,168.0
1985-09-23,156.0
1985-09-24,139.0
1985-09-25,145.0
1985-09-26,135.0
1985-09-27,171.0
1985-09-28,106.0
1985-09-29,123.0
1985-09-30,117.0
1985-10-01,152.0
1985-10-02,173.0
1985-10-03,158.0
1985-10-04,159.0
1985-10-05,157.0
1985-10-06,158.0
1985-10-07,154.0
1985-10-08,133.0
1985-10-09,67.0
1985-10-10,73.0
1985-10-11,101.0
1985-10-12,126.0
1985-10-13,95.0
1985-10-14,87.0
1985-10-15,53.0
1985-10-16,109.0
1985-10-17,88.0
1985-10-18,97.0
1985-10-19,31.0
1985-10-20,93.0
1985-10-21,117.0
1985-10-22,119.0
1985-10-23,77.0
1985-10-24,116.0
1985-10-25,92.0
1985-10-26,91.0
1985-10-27,94.0
1985-10-28,30.0
1985-10-29,28.0
1985-10-30,67.0
1985-10-31,84.0
1985-11-01,55.0
1985-11-02,30.0
1985-11-03,101.0
1985-11-04,94.0
1985-11-05,44.0
1985-11-06,23.0
1985-11-07,94.0
1985-11-08,85.0
1985-11-09,94.0
1985-11-10,45.0
1985-11-11,30.0
1985-11-12,31.0
1985-11-13,42.0
1985-11-14,26.0
1985-11-15,51.0
1985-11-16,79.0
1985-11-17,65.0
1985-11-18,41.0
1985-11-19,21.0
1985-11-20,35.0
1985-11-21,54.0
1985-11-22,45.0
1985-11-23,33.0
1985-11-24,27.0
1985-11-25,23.0
1985-11-26,12.0
1985-11-27,31.0
1985-11-28,48.0
1985-11-29,54.0
1985-11-30,38.0
1985-12-01,28.0
1985-12-02,26.0
1985-12-03,29.0
1985-12-04,37.0
1985-12-05,38.0
1985-12-06,50.0
1985-12-07,39.0
1985-12-08,33.0
1985-12-09,33.0
1985-12-10,27.0
1985-12-11,19.0
1985-12-12,29.0
1985-12-13,29.0
1985-12-14,17.0
1985-12-15,18.0
1985-12-16,38.0
1985-12-17,27.0
1985-12-18,36.0
1985-12-19,18.0
1985-12-20,40.0
1985-12-21,34.0
1985-12-22,35.0
1985-12-23,55.0
1985-12-24,42.0
1985-12-25,32.0
1985-12-26,17.0
1985-12-27,34.0
1985-12-28,34.0
1985-12-29,29.0
1985-12-30,23.0
1985-12-31,20.0
1986-01-01,36.0
1986-01-02,40.0
1986-01-03,37.0
1986-01-04,22.0
1986-01-05,66.0
1986-01-06,67.0
1986-01-07,47.0
1986-01-08,58.0
1986-01-09,40.0
1986-01-10,64.0
1986-01-11,22.0
1986-01-12,34.0
1986-01-13,40.0
1986-01-14,35.0
1986-01-15,38.0
1986-01-16,66.0
1986-01-17,48.0
1986-01-18,67.0
1986-01-19,43.0
1986-01-20,58.0
1986-01-21,89.0
1986-01-22,52.0
1986-01-23,50.0
1986-01-24,31.0
1986-01-25,48.0
1986-01-26,66.0
1986-01-27,55.0
1986-01-28,57.0
1986-01-29,87.0
1986-01-30,79.0
1986-01-31,78.0
1986-02-01,46.0
1986-02-02,21.0
1986-02-03,48.0
1986-02-04,101.0
1986-02-05,92.0
1986-02-06,82.0
1986-02-07,53.0
1986-02-08,73.0
1986-02-09,74.0
1986-02-10,67.0
1986-02-11,66.0
1986-02-12,54.0
1986-02-13,73.0
1986-02-14,52.0
1986-02-15,63.0
1986-02-16,44.0
1986-02-17,42.0
1986-02-18,50.0
1986-02-19,47.0
1986-02-20,31.0
1986-02-21,78.0
1986-02-22,66.0
1986-02-23,58.0
1986-02-24,64.0
1986-02-25,119.0
1986-02-26,133.0
1986-02-27,132.0
1986-02-28,133.0
1986-03-01,120.0
1986-03-02,39.0
1986-03-03,65.0
1986-03-04,55.0
1986-03-05,91.0
1986-03-06,138.0
1986-03-07,120.0
1986-03-08,74.0
1986-03-09,130.0
1986-03-10,92.0
1986-03-11,81.0
1986-03-12,111.0
1986-03-13,137.0
1986-03-14,94.0
1986-03-15,131.0
1986-03-16,144.0
1986-03-17,166.0
1986-03-18,152.0
1986-03-19,144.0
1986-03-20,88.0
1986-03-21,95.0
1986-03-22,144.0
1986-03-23,116.0
1986-03-24,160.0
1986-03-25,64.0
1986-03-26,111.0
1986-03-27,134.0
1986-03-28,200.0
1986-03-29,228.0
1986-03-30,188.0
1986-03-31,207.0
1986-04-01,157.0
1986-04-02,192.0
1986-04-03,187.0
1986-04-04,193.0
1986-04-05,214.0
1986-04-06,187.0
1986-04-07,217.0
1986-04-08,231.0
1986-04-09,246.0
1986-04-10,132.0
1986-04-11,120.0
1986-04-12,92.0
1986-04-13,105.0
1986-04-14,46.0
1986-04-15,239.0
1986-04-16,201.0
1986-04-17,176.0
1986-04-18,146.0
1986-04-19,59.0
1986-04-20,170.0
1986-04-21,219.0
1986-04-22,243.0
1986-04-23,227.0
1986-04-24,293.0
1986-04-25,272.0
1986-04-26,290.0
1986-04-27,217.0
1986-04-28,260.0
1986-04-29,234.0
1986-04-30,250.0
1986-05-01,223.0
1986-05-02,309.0
1986-05-03,307.0
1986-05-04,322.0
1986-05-05,332.0
1986-05-06,317.0
1986-05-07,326.0
1986-05-08,291.0
1986-05-09,121.0
1986-05-10,245.0
1986-05-11,278.0
1986-05-12,216.0
1986-05-13,232.0
1986-05-14,306.0
1986-05-15,290.0
1986-05-16,227.0
1986-05-17,166.0
1986-05-18,275.0
1986-05-19,180.0
1986-05-20,212.0
1986-05-21,290.0
1986-05-22,168.0
1986-05-23,279.0
1986-05-24,267.0
1986-05-25,233.0
1986-05-26,327.0
1986-05-27,323.0
1986-05-28,353.0
1986-05-29,246.0
1986-05-30,249.0
1986-05-31,219.0
1986-06-01,145.0
1986-06-02,171.0
1986-06-03,248.0
1986-06-04,232.0
1986-06-05,125.0
1986-06-06,112.0
1986-06-07,287.0
1986-06-08,266.0
1986-06-09,276.0
1986-06-10,234.0
1986-06-11,239.0
1986-06-12,250.0
1986-06-13,226.0
1986-06-14,281.0
1986-06-15,280.0
1986-06-16,304.0
1986-06-17,315.0
1986-06-18,288.0
1986-06-19,303.0
1986-06-20,285.0
1986-06-21,173.0
1986-06-22,272.0
1986-06-23,285.0
1986-06-24,361.0
1986-06-25,294.0
1986-06-26,263.0
1986-06-27,226.0
1986-06-28,274.0
1986-06-29,235.0
1986-06-30,196.0
1986-07-01,278.0
1986-07-02,291.0
1986-07-03,282.0
1986-07-04,292.0
1986-07-05,314.0
1986-07-06,309.0
1986-07-07,217.0
1986-07-08,144.0
1986-07-09,188.0
1986-07-10,251.0
1986-07-11,237.0
1986-07-12,277.0
1986-07-13,292.0
1986-07-14,292.0
1986-07-15,240.0
1986-07-16,300.0
1986-07-17,255.0
1986-07-18,128.0
1986-07-19,206.0
1986-07-20,126.0
1986-07-21,88.0
1986-07-22,165.0
1986-07-23,258.0
1986-07-24,262.0
1986-07-25,255.0
1986-07-26,165.0
1986-07-27,254.0
1986-07-28,298.0
1986-07-29,294.0
1986-07-30,280.0
1986-07-31,262.0
1986-08-01,248.0
1986-08-02,239.0
1986-08-03,283.0
1986-08-04,277.0
1986-08-05,270.0
1986-08-06,179.0
1986-08-07,268.0
1986-08-08,267.0
1986-08-09,215.0
1986-08-10,286.0
1986-08-11,236.0
1986-08-12,259.0
1986-08-13,249.0
1986-08-14,284.0
1986-08-15,275.0
1986-08-16,257.0
1986-08-17,251.0
1986-08-18,251.0
1986-08-19,191.0
1986-08-20,217.0
1986-08-21,237.0
1986-08-22,268.0
1986-08-23,289.0
1986-08-24,203.0
1986-08-25,105.0
1986-08-26,233.0
1986-08-27,240.0
1986-08-28,223.0
1986-08-29,202.0
1986-08-30,51.0
1986-08-31,210.0
1986-09-01,231.0
1986-09-02,239.0
1986-09-03,225.0
1986-09-04,163.0
1986-09-05,197.0
1986-09-06,247.0
1986-09-07,217.0
1986-09-08,249.0
1986-09-09,182.0
1986-09-10,189.0
1986-09-11,122.0
1986-09-12,189.0
1986-09-13,147.0
1986-09-14,186.0
1986-09-15,185.0
1986-09-16,198.0
1986-09-17,184.0
1986-09-18,142.0
1986-09-19,166.0
1986-09-20,213.0
1986-09-21,198.0
1986-09-22,195.0
1986-09-23,134.0
1986-09-24,171.0
1986-09-25,176.0
1986-09-26,171.0
1986-09-27,130.0
1986-09-28,155.0
1986-09-29,173.0
1986-09-30,132.0
1986-10-01,193.0
1986-10-02,171.0
1986-10-03,151.0
1986-10-04,138.0
1986-10-05,181.0
1986-10-06,167.0
1986-10-07,125.0
1986-10-08,58.0
1986-10-09,125.0
1986-10-10,147.0
1986-10-11,142.0
1986-10-12,138.0
1986-10-13,143.0
1986-10-14,142.0
1986-10-15,149.0
1986-10-16,143.0
1986-10-17,132.0
1986-10-18,126.0
1986-10-19,132.0
1986-10-20,61.0
1986-10-21,102.0
1986-10-22,56.0
1986-10-23,37.0
1986-10-24,55.0
1986-10-25,128.0
1986-10-26,75.0
1986-10-27,70.0
1986-10-28,115.0
1986-10-29,119.0
1986-10-30,72.0
1986-10-31,58.0
1986-11-01,60.0
1986-11-02,36.0
1986-11-03,81.0
1986-11-04,110.0
1986-11-05,90.0
1986-11-06,28.0
1986-11-07,84.0
1986-11-08,98.0
1986-11-09,85.0
1986-11-10,100.0
1986-11-11,105.0
1986-11-12,70.0
1986-11-13,86.0
1986-11-14,82.0
1986-11-15,70.0
1986-11-16,65.0
1986-11-17,64.0
1986-11-18,72.0
1986-11-19,25.0
1986-11-20,12.0
1986-11-21,23.0
1986-11-22,62.0
1986-11-23,48.0
1986-11-24,44.0
1986-11-25,56.0
1986-11-26,61.0
1986-11-27,26.0
1986-11-28,38.0
1986-11-29,60.0
1986-11-30,24.0
1986-12-01,20.0
1986-12-02,27.0
1986-12-03,30.0
1986-12-04,57.0
1986-12-05,22.0
1986-12-06,27.0
1986-12-07,26.0
1986-12-08,28.0
1986-12-09,39.0
1986-12-10,30.0
1986-12-11,19.0
1986-12-12,13.0
1986-12-13,20.0
1986-12-14,37.0
1986-12-15,27.0
1986-12-16,12.0
1986-12-17,24.0
1986-12-18,22.0
1986-12-19,11.0
1986-12-20,27.0
1986-12-21,47.0
1986-12-22,62.0
1986-12-23,38.0
1986-12-24,48.0
1986-12-25,50.0
1986-12-26,60.0
1986-12-27,26.0
1986-12-28,32.0
1986-12-29,21.0
1986-12-30,25.0
1986-12-31,36.0
1987-01-01,44.0
1987-01-02,14.0
1987-01-03,27.0
1987-01-04,58.0
1987-01-05,34.0
1987-01-06,41.0
1987-01-07,39.0
1987-01-08,53.0
1987-01-09,37.0
1987-01-10,31.0
1987-01-11,25.0
1987-01-12,33.0
1987-01-13,38.0
1987-01-14,45.0
1987-01-15,21.0
1987-01-16,26.0
1987-01-17,32.0
1987-01-18,22.0
1987-01-19,42.0
1987-01-20,45.0
1987-01-21,39.0
1987-01-22,29.0
1987-01-23,25.0
1987-01-24,63.0
1987-01-25,45.0
1987-01-26,30.0
1987-01-27,74.0
1987-01-28,54.0
1987-01-29,50.0
1987-01-30,80.0
1987-01-31,83.0
1987-02-01,65.0
1987-02-02,65.0
1987-02-03,47.0
1987-02-04,69.0
1987-02-05,86.0
1987-02-06,70.0
1987-02-07,39.0
1987-02-08,109.0
1987-02-09,75.0
1987-02-10,91.0
1987-02-11,63.0
1987-02-12,99.0
1987-02-13,43.0
1987-02-14,51.0
1987-02-15,72.0
1987-02-16,45.0
1987-02-17,49.0
1987-02-18,40.0
1987-02-19,83.0
1987-02-20,63.0
1987-02-21,123.0
1987-02-22,97.0
1987-02-23,105.0
1987-02-24,148.0
1987-02-25,148.0
1987-02-26,141.0
1987-02-27,134.0
1987-02-28,55.0
1987-03-01,112.0
1987-03-02,93.0
1987-03-03,139.0
1987-03-04,159.0
1987-03-05,134.0
1987-03-06,101.0
1987-03-07,81.0
1987-03-08,126.0
1987-03-09,78.0
1987-03-10,117.0
1987-03-11,143.0
1987-03-12,161.0
1987-03-13,162.0
1987-03-14,156.0
1987-03-15,176.0
1987-03-16,128.0
1987-03-17,141.0
1987-03-18,106.0
1987-03-19,64.0
1987-03-20,96.0
1987-03-21,199.0
1987-03-22,199.0
1987-03-23,99.0
1987-03-24,175.0
1987-03-25,104.0
1987-03-26,132.0
1987-03-27,118.0
1987-03-28,107.0
1987-03-29,46.0
1987-03-30,53.0
1987-03-31,67.0
1987-04-01,60.0
1987-04-02,131.0
1987-04-03,99.0
1987-04-04,110.0
1987-04-05,175.0
1987-04-06,210.0
1987-04-07,162.0
1987-04-08,210.0
1987-04-09,77.0
1987-04-10,109.0
1987-04-11,63.0
1987-04-12,55.0
1987-04-13,121.0
1987-04-14,265.0
1987-04-15,219.0
1987-04-16,213.0
1987-04-17,255.0
1987-04-18,234.0
1987-04-19,283.0
1987-04-20,208.0
1987-04-21,107.0
1987-04-22,191.0
1987-04-23,254.0
1987-04-24,198.0
1987-04-25,256.0
1987-04-26,244.0
1987-04-27,246.0
1987-04-28,270.0
1987-04-29,255.0
1987-04-30,297.0
1987-05-01,305.0
1987-05-02,225.0
1987-05-03,216.0
1987-05-04,177.0
1987-05-05,185.0
1987-05-06,142.0
1987-05-07,94.0
1987-05-08,251.0
1987-05-09,232.0
1987-05-10,308.0
1987-05-11,197.0
1987-05-12,240.0
1987-05-13,260.0
1987-05-14,96.0
1987-05-15,285.0
1987-05-16,159.0
1987-05-17,283.0
1987-05-18,156.0
1987-05-19,195.0
1987-05-20,231.0
1987-05-21,86.0
1987-05-22,71.0
1987-05-23,120.0
1987-05-24,180.0
1987-05-25,209.0
1987-05-26,285.0
1987-05-27,318.0
1987-05-28,124.0
1987-05-29,256.0
1987-05-30,163.0
1987-05-31,286.0
1987-06-01,320.0
1987-06-02,276.0
1987-06-03,160.0
1987-06-04,228.0
1987-06-05,134.0
1987-06-06,290.0
1987-06-07,302.0
1987-06-08,304.0
1987-06-09,245.0
1987-06-10,277.0
1987-06-11,238.0
1987-06-12,291.0
1987-06-13,336.0
1987-06-14,282.0
1987-06-15,265.0
1987-06-16,266.0
1987-06-17,205.0
1987-06-18,316.0
1987-06-19,280.0
1987-06-20,272.0
1987-06-21,187.0
1987-06-22,227.0
1987-06-23,230.0
1987-06-24,280.0
1987-06-25,259.0
1987-06-26,325.0
1987-06-27,314.0
1987-06-28,295.0
1987-06-29,287.0
1987-06-30,320.0
1987-07-01,316.0
1987-07-02,290.0
1987-07-03,261.0
1987-07-04,256.0
1987-07-05,237.0
1987-07-06,342.0
1987-07-07,346.0
1987-07-08,331.0
1987-07-09,339.0
1987-07-10,299.0
1987-07-11,362.0
1987-07-12,357.0
1987-07-13,306.0
1987-07-14,327.0
1987-07-15,300.0
1987-07-16,280.0
1987-07-17,258.0
1987-07-18,259.0
1987-07-19,333.0
1987-07-20,317.0
1987-07-21,309.0
1987-07-22,313.0
1987-07-23,285.0
1987-07-24,306.0
1987-07-25,259.0
1987-07-26,148.0
1987-07-27,268.0
1987-07-28,144.0
1987-07-29,237.0
1987-07-30,283.0
1987-07-31,179.0
1987-08-01,304.0
1987-08-02,196.0
1987-08-03,262.0
1987-08-04,140.0
1987-08-05,53.0
1987-08-06,258.0
1987-08-07,232.0
1987-08-08,226.0
1987-08-09,301.0
1987-08-10,213.0
1987-08-11,265.0
1987-08-12,242.0
1987-08-13,200.0
1987-08-14,218.0
1987-08-15,135.0
1987-08-16,216.0
1987-08-17,227.0
1987-08-18,257.0
1987-08-19,154.0
1987-08-20,210.0
1987-08-21,262.0
1987-08-22,263.0
1987-08-23,265.0
1987-08-24,268.0
1987-08-25,296.0
1987-08-26,196.0
1987-08-27,176.0
1987-08-28,189.0
1987-08-29,196.0
1987-08-30,229.0
1987-08-31,233.0
1987-09-01,235.0
1987-09-02,225.0
1987-09-03,220.0
1987-09-04,200.0
1987-09-05,208.0
1987-09-06,222.0
1987-09-07,158.0
1987-09-08,175.0
1987-09-09,210.0
1987-09-10,221.0
1987-09-11,164.0
1987-09-12,205.0
1987-09-13,203.0
1987-09-14,188.0
1987-09-15,189.0
1987-09-16,174.0
1987-09-17,142.0
1987-09-18,139.0
1987-09-19,183.0
1987-09-20,140.0
1987-09-21,177.0
1987-09-22,190.0
1987-09-23,189.0
1987-09-24,148.0
1987-09-25,93.0
1987-09-26,83.0
1987-09-27,77.0
1987-09-28,154.0
1987-09-29,135.0
1987-09-30,142.0
1987-10-01,137.0
1987-10-02,147.0
1987-10-03,158.0
1987-10-04,169.0
1987-10-05,172.0
1987-10-06,186.0
1987-10-07,123.0
1987-10-08,112.0
1987-10-09,116.0
1987-10-10,129.0
1987-10-11,127.0
1987-10-12,114.0
1987-10-13,38.0
1987-10-14,63.0
1987-10-15,117.0
1987-10-16,108.0
1987-10-17,112.0
1987-10-18,105.0
1987-10-19,70.0
1987-10-20,79.0
1987-10-21,88.0
1987-10-22,98.0
1987-10-23,106.0
1987-10-24,45.0
1987-10-25,28.0
1987-10-26,88.0
1987-10-27,109.0
1987-10-28,108.0
1987-10-29,147.0
1987-10-30,125.0
1987-10-31,109.0
1987-11-01,107.0
1987-11-02,47.0
1987-11-03,48.0
1987-11-04,69.0
1987-11-05,81.0
1987-11-06,38.0
1987-11-07,49.0
1987-11-08,66.0
1987-11-09,31.0
1987-11-10,31.0
1987-11-11,42.0
1987-11-12,54.0
1987-11-13,45.0
1987-11-14,42.0
1987-11-15,28.0
1987-11-16,41.0
1987-11-17,31.0
1987-11-18,46.0
1987-11-19,56.0
1987-11-20,21.0
1987-11-21,33.0
1987-11-22,6.0
1987-11-23,39.0
1987-11-24,32.0
1987-11-25,26.0
1987-11-26,64.0
1987-11-27,29.0
1987-11-28,50.0
1987-11-29,47.0
1987-11-30,48.0
1987-12-01,42.0
1987-12-02,15.0
1987-12-03,49.0
1987-12-04,50.0
1987-12-05,52.0
1987-12-06,24.0
1987-12-07,22.0
1987-12-08,25.0
1987-12-09,62.0
1987-12-10,49.0
1987-12-11,25.0
1987-12-12,57.0
1987-12-13,44.0
1987-12-14,38.0
1987-12-15,24.0
1987-12-16,29.0
1987-12-17,19.0
1987-12-18,20.0
1987-12-19,18.0
1987-12-20,37.0
1987-12-21,35.0
1987-12-22,43.0
1987-12-23,30.0
1987-12-24,38.0
1987-12-25,38.0
1987-12-26,43.0
1987-12-27,25.0
1987-12-28,33.0
1987-12-29,30.0
1987-12-30,49.0
1987-12-31,60.0
1988-01-01,49.0
1988-01-02,26.0
1988-01-03,22.0
1988-01-04,31.0
1988-01-05,40.0
1988-01-06,43.0
1988-01-07,43.0
1988-01-08,45.0
1988-01-09,40.0
1988-01-10,34.0
1988-01-11,17.0
1988-01-12,30.0
1988-01-13,57.0
1988-01-14,45.0
1988-01-15,44.0
1988-01-16,40.0
1988-01-17,37.0
1988-01-18,52.0
1988-01-19,29.0
1988-01-20,67.0
1988-01-21,82.0
1988-01-22,53.0
1988-01-23,24.0
1988-01-24,45.0
1988-01-25,52.0
1988-01-26,21.0
1988-01-27,61.0
1988-01-28,38.0
1988-01-29,36.0
1988-01-30,28.0
1988-01-31,35.0
1988-02-01,84.0
1988-02-02,48.0
1988-02-03,60.0
1988-02-04,79.0
1988-02-05,40.0
1988-02-06,87.0
1988-02-07,48.0
1988-02-08,56.0
1988-02-09,66.0
1988-02-10,55.0
1988-02-11,84.0
1988-02-12,58.0
1988-02-13,89.0
1988-02-14,79.0
1988-02-15,93.0
1988-02-16,101.0
1988-02-17,82.0
1988-02-18,71.0
1988-02-19,43.0
1988-02-20,75.0
1988-02-21,139.0
1988-02-22,55.0
1988-02-23,83.0
1988-02-24,47.0
1988-02-25,31.0
1988-02-26,63.0
1988-02-27,59.0
1988-02-28,44.0
1988-02-29,80.0
1988-03-01,125.0
1988-03-02,127.0
1988-03-03,146.0
1988-03-04,170.0
1988-03-05,117.0
1988-03-06,36.0
1988-03-07,98.0
1988-03-08,77.0
1988-03-09,43.0
1988-03-10,81.0
1988-03-11,104.0
1988-03-12,79.0
1988-03-13,125.0
1988-03-14,108.0
1988-03-15,147.0
1988-03-16,114.0
1988-03-17,119.0
1988-03-18,210.0
1988-03-19,178.0
1988-03-20,152.0
1988-03-21,95.0
1988-03-22,31.0
1988-03-23,43.0
1988-03-24,148.0
1988-03-25,164.0
1988-03-26,158.0
1988-03-27,158.0
1988-03-28,141.0
1988-03-29,61.0
1988-03-30,212.0
1988-03-31,86.0
1988-04-01,135.0
1988-04-02,141.0
1988-04-03,192.0
1988-04-04,106.0
1988-04-05,159.0
1988-04-06,204.0
1988-04-07,228.0
1988-04-08,112.0
1988-04-09,113.0
1988-04-10,113.0
1988-04-11,274.0
1988-04-12,259.0
1988-04-13,98.0
1988-04-14,156.0
1988-04-15,238.0
1988-04-16,235.0
1988-04-17,204.0
1988-04-18,239.0
1988-04-19,245.0
1988-04-20,254.0
1988-04-21,239.0
1988-04-22,197.0
1988-04-23,175.0
1988-04-24,201.0
1988-04-25,237.0
1988-04-26,146.0
1988-04-27,219.0
1988-04-28,205.0
1988-04-29,215.0
1988-04-30,264.0
1988-05-01,281.0
1988-05-02,327.0
1988-05-03,271.0
1988-05-04,271.0
1988-05-05,146.0
1988-05-06,151.0
1988-05-07,296.0
1988-05-08,327.0
1988-05-09,304.0
1988-05-10,287.0
1988-05-11,171.0
1988-05-12,253.0
1988-05-13,255.0
1988-05-14,300.0
1988-05-15,278.0
1988-05-16,206.0
1988-05-17,251.0
1988-05-18,224.0
1988-05-19,251.0
1988-05-20,226.0
1988-05-21,88.0
1988-05-22,88.0
1988-05-23,106.0
1988-05-24,203.0
1988-05-25,255.0
1988-05-26,285.0
1988-05-27,252.0
1988-05-28,210.0
1988-05-29,239.0
1988-05-30,216.0
1988-05-31,288.0
1988-06-01,128.0
1988-06-02,187.0
1988-06-03,247.0
1988-06-04,310.0
1988-06-05,281.0
1988-06-06,142.0
1988-06-07,226.0
1988-06-08,217.0
1988-06-09,318.0
1988-06-10,315.0
1988-06-11,231.0
1988-06-12,215.0
1988-06-13,236.0
1988-06-14,222.0
1988-06-15,285.0
1988-06-16,299.0
1988-06-17,326.0
1988-06-18,272.0
1988-06-19,272.0
1988-06-20,257.0
1988-06-21,240.0
1988-06-22,314.0
1988-06-23,228.0
1988-06-24,165.0
1988-06-25,169.0
1988-06-26,221.0
1988-06-27,204.0
1988-06-28,243.0
1988-06-29,209.0
1988-06-30,277.0
1988-07-01,264.0
1988-07-02,197.0
1988-07-03,309.0
1988-07-04,306.0
1988-07-05,307.0
1988-07-06,322.0
1988-07-07,326.0
1988-07-08,300.0
1988-07-09,211.0
1988-07-10,253.0
1988-07-11,307.0
1988-07-12,297.0
1988-07-13,252.0
1988-07-14,272.0
1988-07-15,195.0
1988-07-16,142.0
1988-07-17,285.0
1988-07-18,235.0
1988-07-19,200.0
1988-07-20,194.0
1988-07-21,249.0
1988-07-22,253.0
1988-07-23,294.0
1988-07-24,280.0
1988-07-25,238.0
1988-07-26,315.0
1988-07-27,297.0
1988-07-28,289.0
1988-07-29,292.0
1988-07-30,169.0
1988-07-31,301.0
1988-08-01,313.0
1988-08-02,285.0
1988-08-03,233.0
1988-08-04,177.0
1988-08-05,89.0
1988-08-06,264.0
1988-08-07,171.0
1988-08-08,253.0
1988-08-09,229.0
1988-08-10,241.0
1988-08-11,251.0
1988-08-12,243.0
1988-08-13,264.0
1988-08-14,288.0
1988-08-15,287.0
1988-08-16,215.0
1988-08-17,159.0
1988-08-18,268.0
1988-08-19,290.0
1988-08-20,284.0
1988-08-21,232.0
1988-08-22,177.0
1988-08-23,62.0
1988-08-24,87.0
1988-08-25,176.0
1988-08-26,151.0
1988-08-27,176.0
1988-08-28,258.0
1988-08-29,271.0
1988-08-30,155.0
1988-08-31,234.0
1988-09-01,223.0
1988-09-02,166.0
1988-09-03,193.0
1988-09-04,173.0
1988-09-05,218.0
1988-09-06,125.0
1988-09-07,119.0
1988-09-08,155.0
1988-09-09,181.0
1988-09-10,165.0
1988-09-11,207.0
1988-09-12,176.0
1988-09-13,97.0
1988-09-14,64.0
1988-09-15,42.0
1988-09-16,99.0
1988-09-17,106.0
1988-09-18,135.0
1988-09-19,175.0
1988-09-20,114.0
1988-09-21,111.0
1988-09-22,107.0
1988-09-23,113.0
1988-09-24,168.0
1988-09-25,158.0
1988-09-26,177.0
1988-09-27,163.0
1988-09-28,168.0
1988-09-29,149.0
1988-09-30,188.0
1988-10-01,134.0
1988-10-02,152.0
1988-10-03,162.0
1988-10-04,168.0
1988-10-05,152.0
1988-10-06,77.0
1988-10-07,79.0
1988-10-08,92.0
1988-10-09,165.0
1988-10-10,153.0
1988-10-11,156.0
1988-10-12,146.0
1988-10-13,136.0
1988-10-14,136.0
1988-10-15,143.0
1988-10-16,145.0
1988-10-17,145.0
1988-10-18,108.0
1988-10-19,78.0
1988-10-20,127.0
1988-10-21,123.0
1988-10-22,93.0
1988-10-23,97.0
1988-10-24,53.0
1988-10-25,53.0
1988-10-26,132.0
1988-10-27,127.0
1988-10-28,132.0
1988-10-29,72.0
1988-10-30,92.0
1988-10-31,93.0
1988-11-01,84.0
1988-11-02,90.0
1988-11-03,55.0
1988-11-04,106.0
1988-11-05,92.0
1988-11-06,104.0
1988-11-07,52.0
1988-11-08,71.0
1988-11-09,74.0
1988-11-10,91.0
1988-11-11,86.0
1988-11-12,38.0
1988-11-13,37.0
1988-11-14,60.0
1988-11-15,64.0
1988-11-16,78.0
1988-11-17,67.0
1988-11-18,51.0
1988-11-19,33.0
1988-11-20,69.0
1988-11-21,43.0
1988-11-22,24.0
1988-11-23,80.0
1988-11-24,88.0
1988-11-25,44.0
1988-11-26,29.0
1988-11-27,26.0
1988-11-28,41.0
1988-11-29,53.0
1988-11-30,52.0
1988-12-01,16.0
1988-12-02,24.0
1988-12-03,18.0
1988-12-04,31.0
1988-12-05,33.0
1988-12-06,22.0
1988-12-07,50.0
1988-12-08,36.0
1988-12-09,34.0
1988-12-10,32.0
1988-12-11,24.0
1988-12-12,24.0
1988-12-13,33.0
1988-12-14,47.0
1988-12-15,46.0
1988-12-16,63.0
1988-12-17,55.0
1988-12-18,43.0
1988-12-19,25.0
1988-12-20,45.0
1988-12-21,59.0
1988-12-22,23.0
1988-12-23,49.0
1988-12-24,31.0
1988-12-25,54.0
1988-12-26,43.0
1988-12-27,37.0
1988-12-28,49.0
1988-12-29,46.0
1988-12-30,34.0
1988-12-31,26.0
1989-01-01,41.0
1989-01-02,68.0
1989-01-03,53.0
1989-01-04,48.0
1989-01-05,29.0
1989-01-06,23.0
1989-01-07,38.0
1989-01-08,61.0
1989-01-09,14.0
1989-01-10,36.0
1989-01-11,41.0
1989-01-12,39.0
1989-01-13,26.0
1989-01-14,29.0
1989-01-15,48.0
1989-01-16,45.0
1989-01-17,33.0
1989-01-18,45.0
1989-01-19,30.0
1989-01-20,35.0
1989-01-21,32.0
1989-01-22,18.0
1989-01-23,19.0
1989-01-24,36.0
1989-01-25,44.0
1989-01-26,44.0
1989-01-27,27.0
1989-01-28,36.0
1989-01-29,37.0
1989-01-30,31.0
1989-01-31,19.0
1989-02-01,33.0
1989-02-02,41.0
1989-02-03,40.0
1989-02-04,36.0
1989-02-05,32.0
1989-02-06,50.0
1989-02-07,33.0
1989-02-08,40.0
1989-02-09,51.0
1989-02-10,99.0
1989-02-11,99.0
1989-02-12,111.0
1989-02-13,49.0
1989-02-14,90.0
1989-02-15,77.0
1989-02-16,30.0
1989-02-17,97.0
1989-02-18,79.0
1989-02-19,49.0
1989-02-20,62.0
1989-02-21,55.0
1989-02-22,126.0
1989-02-23,53.0
1989-02-24,83.0
1989-02-25,83.0
1989-02-26,50.0
1989-02-27,128.0
1989-02-28,138.0
1989-03-01,127.0
1989-03-02,100.0
1989-03-03,102.0
1989-03-04,76.0
1989-03-05,155.0
1989-03-06,169.0
1989-03-07,164.0
1989-03-08,172.0
1989-03-09,122.0
1989-03-10,63.0
1989-03-11,97.0
1989-03-12,83.0
1989-03-13,95.0
1989-03-14,63.0
1989-03-15,98.0
1989-03-16,135.0
1989-03-17,123.0
1989-03-18,114.0
1989-03-19,140.0
1989-03-20,94.0
1989-03-21,56.0
1989-03-22,142.0
1989-03-23,132.0
1989-03-24,221.0
1989-03-25,146.0
1989-03-26,226.0
1989-03-27,230.0
1989-03-28,229.0
1989-03-29,220.0
1989-03-30,219.0
1989-03-31,211.0
1989-04-01,127.0
1989-04-02,119.0
1989-04-03,128.0
1989-04-04,128.0
1989-04-05,129.0
1989-04-06,180.0
1989-04-07,143.0
1989-04-08,216.0
1989-04-09,203.0
1989-04-10,251.0
1989-04-11,216.0
1989-04-12,164.0
1989-04-13,242.0
1989-04-14,149.0
1989-04-15,119.0
1989-04-16,220.0
1989-04-17,162.0
1989-04-18,141.0
1989-04-19,248.0
1989-04-20,235.0
1989-04-21,226.0
1989-04-22,158.0
1989-04-23,160.0
1989-04-24,89.0
1989-04-25,238.0
1989-04-26,195.0
1989-04-27,158.0
1989-04-28,223.0
1989-04-29,112.0
1989-04-30,127.0
1989-05-01,119.0
1989-05-02,93.0
1989-05-03,117.0
1989-05-04,257.0
1989-05-05,284.0
1989-05-06,165.0
1989-05-07,178.0
1989-05-08,60.0
1989-05-09,246.0
1989-05-10,314.0
1989-05-11,257.0
1989-05-12,292.0
1989-05-13,263.0
1989-05-14,203.0
1989-05-15,139.0
1989-05-16,288.0
1989-05-17,321.0
1989-05-18,326.0
1989-05-19,259.0
1989-05-20,176.0
1989-05-21,230.0
1989-05-22,305.0
1989-05-23,322.0
1989-05-24,283.0
1989-05-25,246.0
1989-05-26,237.0
1989-05-27,276.0
1989-05-28,303.0
1989-05-29,234.0
1989-05-30,297.0
1989-05-31,226.0
1989-06-01,217.0
1989-06-02,214.0
1989-06-03,128.0
1989-06-04,201.0
1989-06-05,276.0
1989-06-06,88.0
1989-06-07,211.0
1989-06-08,329.0
1989-06-09,301.0
1989-06-10,312.0
1989-06-11,278.0
1989-06-12,125.0
1989-06-13,226.0
1989-06-14,160.0
1989-06-15,275.0
1989-06-16,223.0
1989-06-17,312.0
1989-06-18,315.0
1989-06-19,252.0
1989-06-20,176.0
1989-06-21,170.0
1989-06-22,248.0
1989-06-23,217.0
1989-06-24,237.0
1989-06-25,222.0
1989-06-26,284.0
1989-06-27,236.0
1989-06-28,237.0
1989-06-29,144.0
1989-06-30,281.0
1989-07-01,289.0
1989-07-02,273.0
1989-07-03,345.0
1989-07-04,316.0
1989-07-05,341.0
1989-07-06,311.0
1989-07-07,342.0
1989-07-08,335.0
1989-07-09,325.0
1989-07-10,277.0
1989-07-11,276.0
1989-07-12,259.0
1989-07-13,158.0
1989-07-14,242.0
1989-07-15,197.0
1989-07-16,213.0
1989-07-17,293.0
1989-07-18,273.0
1989-07-19,180.0
1989-07-20,254.0
1989-07-21,249.0
1989-07-22,289.0
1989-07-23,313.0
1989-07-24,180.0
1989-07-25,163.0
1989-07-26,325.0
1989-07-27,236.0
1989-07-28,255.0
1989-07-29,198.0
1989-07-30,275.0
1989-07-31,243.0
1989-08-01,109.0
1989-08-02,125.0
1989-08-03,227.0
1989-08-04,213.0
1989-08-05,268.0
1989-08-06,267.0
1989-08-07,246.0
1989-08-08,194.0
1989-08-09,120.0
1989-08-10,235.0
1989-08-11,260.0
1989-08-12,253.0
1989-08-13,239.0
1989-08-14,269.0
1989-08-15,247.0
1989-08-16,272.0
1989-08-17,261.0
1989-08-18,238.0
1989-08-19,224.0
1989-08-20,203.0
1989-08-21,210.0
1989-08-22,198.0
1989-08-23,178.0
1989-08-24,237.0
1989-08-25,239.0
1989-08-26,156.0
1989-08-27,74.0
1989-08-28,94.0
1989-08-29,75.0
1989-08-30,75.0
1989-08-31,75.0
1989-09-01,116.0
1989-09-02,188.0
1989-09-03,100.0
1989-09-04,67.0
1989-09-05,71.0
1989-09-06,184.0
1989-09-07,205.0
1989-09-08,188.0
1989-09-09,211.0
1989-09-10,128.0
1989-09-11,143.0
1989-09-12,154.0
1989-09-13,237.0
1989-09-14,133.0
1989-09-15,145.0
1989-09-16,77.0
1989-09-17,198.0
1989-09-18,203.0
1989-09-19,202.0
1989-09-20,205.0
1989-09-21,195.0
1989-09-22,183.0
1989-09-23,177.0
1989-09-24,151.0
1989-09-25,128.0
1989-09-26,164.0
1989-09-27,158.0
1989-09-28,130.0
1989-09-29,93.0
1989-09-30,110.0
1989-10-01,165.0
1989-10-02,112.0
1989-10-03,104.0
1989-10-04,106.0
1989-10-05,124.0
1989-10-06,140.0
1989-10-07,81.0
1989-10-08,42.0
1989-10-09,47.0
1989-10-10,39.0
1989-10-11,148.0
1989-10-12,88.0
1989-10-13,148.0
1989-10-14,153.0
1989-10-15,66.0
1989-10-16,116.0
1989-10-17,115.0
1989-10-18,123.0
1989-10-19,114.0
1989-10-20,114.0
1989-10-21,112.0
1989-10-22,124.0
1989-10-23,131.0
1989-10-24,135.0
1989-10-25,119.0
1989-10-26,102.0
1989-10-27,90.0
1989-10-28,107.0
1989-10-29,110.0
1989-10-30,58.0
1989-10-31,81.0
1989-11-01,70.0
1989-11-02,89.0
1989-11-03,84.0
1989-11-04,69.0
1989-11-05,99.0
1989-11-06,61.0
1989-11-07,28.0
1989-11-08,14.0
1989-11-09,55.0
1989-11-10,34.0
1989-11-11,55.0
1989-11-12,80.0
1989-11-13,66.0
1989-11-14,32.0
1989-11-15,41.0
1989-11-16,44.0
1989-11-17,90.0
1989-11-18,71.0
1989-11-19,78.0
1989-11-20,53.0
1989-11-21,36.0
1989-11-22,34.0
1989-11-23,60.0
1989-11-24,74.0
1989-11-25,57.0
1989-11-26,80.0
1989-11-27,71.0
1989-11-28,58.0
1989-11-29,77.0
1989-11-30,55.0
1989-12-01,47.0
1989-12-02,53.0
1989-12-03,52.0
1989-12-04,29.0
1989-12-05,16.0
1989-12-06,31.0
1989-12-07,41.0
1989-12-08,71.0
1989-12-09,33.0
1989-12-10,71.0
1989-12-11,65.0
1989-12-12,62.0
1989-12-13,35.0
1989-12-14,61.0
1989-12-15,33.0
1989-12-16,41.0
1989-12-17,39.0
1989-12-18,61.0
1989-12-19,33.0
1989-12-20,55.0
1989-12-21,37.0
1989-12-22,32.0
1989-12-23,33.0
1989-12-24,43.0
1989-12-25,45.0
1989-12-26,36.0
1989-12-27,42.0
1989-12-28,39.0
1989-12-29,28.0
1989-12-30,30.0
1989-12-31,27.0
1990-01-01,28.0
1990-01-02,26.0
1990-01-03,30.0
1990-01-04,41.0
1990-01-05,64.0
1990-01-06,63.0
1990-01-07,34.0
1990-01-08,25.0
1990-01-09,12.0
1990-01-10,21.0
1990-01-11,24.0
1990-01-12,17.0
1990-01-13,23.0
1990-01-14,30.0
1990-01-15,40.0
1990-01-16,25.0
1990-01-17,36.0
1990-01-18,55.0
1990-01-19,63.0
1990-01-20,57.0
1990-01-21,60.0
1990-01-22,56.0
1990-01-23,40.0
1990-01-24,76.0
1990-01-25,78.0
1990-01-26,29.0
1990-01-27,87.0
1990-01-28,45.0
1990-01-29,30.0
1990-01-30,58.0
1990-01-31,59.0
1990-02-01,83.0
1990-02-02,88.0
1990-02-03,82.0
1990-02-04,68.0
1990-02-05,85.0
1990-02-06,105.0
1990-02-07,113.0
1990-02-08,105.0
1990-02-09,60.0
1990-02-10,107.0
1990-02-11,106.0
1990-02-12,62.0
1990-02-13,42.0
1990-02-14,47.0
1990-02-15,42.0
1990-02-16,89.0
1990-02-17,111.0
1990-02-18,90.0
1990-02-19,101.0
1990-02-20,117.0
1990-02-21,124.0
1990-02-22,134.0
1990-02-23,144.0
1990-02-24,142.0
1990-02-25,150.0
1990-02-26,148.0
1990-02-27,104.0
1990-02-28,125.0
1990-03-01,74.0
1990-03-02,143.0
1990-03-03,155.0
1990-03-04,143.0
1990-03-05,137.0
1990-03-06,145.0
1990-03-07,129.0
1990-03-08,168.0
1990-03-09,133.0
1990-03-10,135.0
1990-03-11,91.0
1990-03-12,128.0
1990-03-13,188.0
1990-03-14,167.0
1990-03-15,117.0
1990-03-16,197.0
1990-03-17,211.0
1990-03-18,204.0
1990-03-19,204.0
1990-03-20,184.0
1990-03-21,190.0
1990-03-22,190.0
1990-03-23,104.0
1990-03-24,196.0
1990-03-25,137.0
1990-03-26,109.0
1990-03-27,37.0
1990-03-28,124.0
1990-03-29,159.0
1990-03-30,117.0
1990-03-31,145.0
1990-04-01,231.0
1990-04-02,231.0
1990-04-03,227.0
1990-04-04,109.0
1990-04-05,171.0
1990-04-06,139.0
1990-04-07,102.0
1990-04-08,60.0
1990-04-09,183.0
1990-04-10,189.0
1990-04-11,245.0
1990-04-12,192.0
1990-04-13,159.0
1990-04-14,171.0
1990-04-15,165.0
1990-04-16,148.0
1990-04-17,160.0
1990-04-18,122.0
1990-04-19,135.0
1990-04-20,178.0
1990-04-21,140.0
1990-04-22,175.0
1990-04-23,107.0
1990-04-24,198.0
1990-04-25,228.0
1990-04-26,209.0
1990-04-27,209.0
1990-04-28,246.0
1990-04-29,194.0
1990-04-30,275.0
1990-05-01,120.0
1990-05-02,249.0
1990-05-03,292.0
1990-05-04,286.0
1990-05-05,294.0
1990-05-06,301.0
1990-05-07,313.0
1990-05-08,276.0
1990-05-09,297.0
1990-05-10,268.0
1990-05-11,245.0
1990-05-12,159.0
1990-05-13,168.0
1990-05-14,294.0
1990-05-15,206.0
1990-05-16,309.0
1990-05-17,282.0
1990-05-18,261.0
1990-05-19,300.0
1990-05-20,331.0
1990-05-21,243.0
1990-05-22,253.0
1990-05-23,160.0
1990-05-24,208.0
1990-05-25,205.0
1990-05-26,251.0
1990-05-27,202.0
1990-05-28,285.0
1990-05-29,325.0
1990-05-30,306.0
1990-05-31,291.0
1990-06-01,305.0
1990-06-02,316.0
1990-06-03,150.0
1990-06-04,248.0
1990-06-05,235.0
1990-06-06,191.0
1990-06-07,180.0
1990-06-08,180.0
1990-06-09,188.0
1990-06-10,157.0
1990-06-11,197.0
1990-06-12,288.0
1990-06-13,200.0
1990-06-14,243.0
1990-06-15,224.0
1990-06-16,245.0
1990-06-17,218.0
1990-06-18,296.0
1990-06-19,271.0
1990-06-20,289.0
1990-06-21,279.0
1990-06-22,285.0
1990-06-23,308.0
1990-06-24,305.0
1990-06-25,292.0
1990-06-26,240.0
1990-06-27,331.0
1990-06-28,360.0
1990-06-29,300.0
1990-06-30,264.0
1990-07-01,339.0
1990-07-02,294.0
1990-07-03,208.0
1990-07-04,167.0
1990-07-05,253.0
1990-07-06,223.0
1990-07-07,245.0
1990-07-08,297.0
1990-07-09,230.0
1990-07-10,248.0
1990-07-11,253.0
1990-07-12,348.0
1990-07-13,324.0
1990-07-14,238.0
1990-07-15,308.0
1990-07-16,326.0
1990-07-17,268.0
1990-07-18,178.0
1990-07-19,227.0
1990-07-20,245.0
1990-07-21,291.0
1990-07-22,296.0
1990-07-23,326.0
1990-07-24,264.0
1990-07-25,166.0
1990-07-26,270.0
1990-07-27,254.0
1990-07-28,313.0
1990-07-29,324.0
1990-07-30,290.0
1990-07-31,301.0
1990-08-01,302.0
1990-08-02,296.0
1990-08-03,288.0
1990-08-04,307.0
1990-08-05,294.0
1990-08-06,370.0
1990-08-07,273.0
1990-08-08,97.0
1990-08-09,160.0
1990-08-10,232.0
1990-08-11,147.0
1990-08-12,293.0
1990-08-13,266.0
1990-08-14,284.0
1990-08-15,323.0
1990-08-16,248.0
1990-08-17,251.0
1990-08-18,76.0
1990-08-19,237.0
1990-08-20,244.0
1990-08-21,105.0
1990-08-22,160.0
1990-08-23,222.0
1990-08-24,268.0
1990-08-25,259.0
1990-08-26,233.0
1990-08-27,268.0
1990-08-28,260.0
1990-08-29,245.0
1990-08-30,233.0
1990-08-31,234.0
1990-09-01,203.0
1990-09-02,144.0
1990-09-03,177.0
1990-09-04,231.0
1990-09-05,63.0
1990-09-06,131.0
1990-09-07,188.0
1990-09-08,123.0
1990-09-09,174.0
1990-09-10,132.0
1990-09-11,140.0
1990-09-12,130.0
1990-09-13,148.0
1990-09-14,154.0
1990-09-15,131.0
1990-09-16,160.0
1990-09-17,164.0
1990-09-18,100.0
1990-09-19,166.0
1990-09-20,172.0
1990-09-21,158.0
1990-09-22,174.0
1990-09-23,116.0
1990-09-24,98.0
1990-09-25,181.0
1990-09-26,98.0
1990-09-27,141.0
1990-09-28,156.0
1990-09-29,139.0
1990-09-30,168.0
1990-10-01,132.0
1990-10-02,74.0
1990-10-03,180.0
1990-10-04,158.0
1990-10-05,94.0
1990-10-06,128.0
1990-10-07,99.0
1990-10-08,66.0
1990-10-09,93.0
1990-10-10,161.0
1990-10-11,166.0
1990-10-12,157.0
1990-10-13,144.0
1990-10-14,97.0
1990-10-15,148.0
1990-10-16,153.0
1990-10-17,168.0
1990-10-18,142.0
1990-10-19,119.0
1990-10-20,67.0
1990-10-21,100.0
1990-10-22,100.0
1990-10-23,135.0
1990-10-24,135.0
1990-10-25,124.0
1990-10-26,130.0
1990-10-27,81.0
1990-10-28,36.0
1990-10-29,73.0
1990-10-30,35.0
1990-10-31,60.0
1990-11-01,46.0
1990-11-02,88.0
1990-11-03,71.0
1990-11-04,37.0
1990-11-05,95.0
1990-11-06,93.0
1990-11-07,52.0
1990-11-08,27.0
1990-11-09,52.0
1990-11-10,48.0
1990-11-11,68.0
1990-11-12,29.0
1990-11-13,26.0
1990-11-14,43.0
1990-11-15,39.0
1990-11-16,53.0
1990-11-17,29.0
1990-11-18,38.0
1990-11-19,56.0
1990-11-20,50.0
1990-11-21,37.0
1990-11-22,37.0
1990-11-23,38.0
1990-11-24,24.0
1990-11-25,59.0
1990-11-26,34.0
1990-11-27,24.0
1990-11-28,28.0
1990-11-29,19.0
1990-11-30,39.0
1990-12-01,37.0
1990-12-02,61.0
1990-12-03,80.0
1990-12-04,44.0
1990-12-05,42.0
1990-12-06,36.0
1990-12-07,14.0
1990-12-08,26.0
1990-12-09,34.0
1990-12-10,18.0
1990-12-11,58.0
1990-12-12,19.0
1990-12-13,34.0
1990-12-14,24.0
1990-12-15,17.0
1990-12-16,18.0
1990-12-17,32.0
1990-12-18,20.0
1990-12-19,21.0
1990-12-20,38.0
1990-12-21,42.0
1990-12-22,36.0
1990-12-23,41.0
1990-12-24,59.0
1990-12-25,60.0
1990-12-26,56.0
1990-12-27,29.0
1990-12-28,34.0
1990-12-29,19.0
1990-12-30,38.0
1990-12-31,23.0
1991-01-01,20.0
1991-01-02,73.0
1991-01-03,44.0
1991-01-04,42.0
1991-01-05,29.0
1991-01-06,37.0
1991-01-07,42.0
1991-01-08,29.0
1991-01-09,39.0
1991-01-10,43.0
1991-01-11,52.0
1991-01-12,24.0
1991-01-13,21.0
1991-01-14,49.0
1991-01-15,58.0
1991-01-16,77.0
1991-01-17,71.0
1991-01-18,67.0
1991-01-19,72.0
1991-01-20,60.0
1991-01-21,45.0
1991-01-22,33.0
1991-01-23,26.0
1991-01-24,16.0
1991-01-25,91.0
1991-01-26,57.0
1991-01-27,15.0
1991-01-28,44.0
1991-01-29,28.0
1991-01-30,61.0
1991-01-31,87.0
1991-02-01,96.0
1991-02-02,106.0
1991-02-03,96.0
1991-02-04,77.0
1991-02-05,55.0
1991-02-06,55.0
1991-02-07,59.0
1991-02-08,42.0
1991-02-09,51.0
1991-02-10,63.0
1991-02-11,53.0
1991-02-12,30.0
1991-02-13,49.0
1991-02-14,91.0
1991-02-15,99.0
1991-02-16,74.0
1991-02-17,107.0
1991-02-18,120.0
1991-02-19,100.0
1991-02-20,92.0
1991-02-21,121.0
1991-02-22,72.0
1991-02-23,111.0
1991-02-24,69.0
1991-02-25,68.0
1991-02-26,58.0
1991-02-27,128.0
1991-02-28,109.0
1991-03-01,145.0
1991-03-02,105.0
1991-03-03,90.0
1991-03-04,121.0
1991-03-05,104.0
1991-03-06,86.0
1991-03-07,53.0
1991-03-08,47.0
1991-03-09,87.0
1991-03-10,148.0
1991-03-11,114.0
1991-03-12,129.0
1991-03-13,127.0
1991-03-14,174.0
1991-03-15,175.0
1991-03-16,121.0
1991-03-17,152.0
1991-03-18,48.0
1991-03-19,69.0
1991-03-20,75.0
1991-03-21,122.0
1991-03-22,185.0
1991-03-23,125.0
1991-03-24,181.0
1991-03-25,124.0
1991-03-26,119.0
1991-03-27,45.0
1991-03-28,60.0
1991-03-29,52.0
1991-03-30,74.0
1991-03-31,128.0
1991-04-01,178.0
1991-04-02,164.0
1991-04-03,164.0
1991-04-04,201.0
1991-04-05,187.0
1991-04-06,218.0
1991-04-07,181.0
1991-04-08,147.0
1991-04-09,200.0
1991-04-10,178.0
1991-04-11,155.0
1991-04-12,189.0
1991-04-13,206.0
1991-04-14,190.0
1991-04-15,198.0
1991-04-16,202.0
1991-04-17,130.0
1991-04-18,82.0
1991-04-19,81.0
1991-04-20,161.0
1991-04-21,200.0
1991-04-22,264.0
1991-04-23,266.0
1991-04-24,119.0
1991-04-25,157.0
1991-04-26,215.0
1991-04-27,140.0
1991-04-28,101.0
1991-04-29,242.0
1991-04-30,254.0
1991-05-01,163.0
1991-05-02,238.0
1991-05-03,184.0
1991-05-04,217.0
1991-05-05,225.0
1991-05-06,273.0
1991-05-07,205.0
1991-05-08,70.0
1991-05-09,208.0
1991-05-10,326.0
1991-05-11,144.0
1991-05-12,180.0
1991-05-13,121.0
1991-05-14,249.0
1991-05-15,137.0
1991-05-16,200.0
1991-05-17,106.0
1991-05-18,158.0
1991-05-19,78.0
1991-05-20,174.0
1991-05-21,130.0
1991-05-22,268.0
1991-05-23,287.0
1991-05-24,241.0
1991-05-25,273.0
1991-05-26,261.0
1991-05-27,221.0
1991-05-28,41.0
1991-05-29,47.0
1991-05-30,238.0
1991-05-31,232.0
1991-06-01,292.0
1991-06-02,307.0
1991-06-03,308.0
1991-06-04,238.0
1991-06-05,171.0
1991-06-06,262.0
1991-06-07,103.0
1991-06-08,105.0
1991-06-09,264.0
1991-06-10,320.0
1991-06-11,222.0
1991-06-12,319.0
1991-06-13,315.0
1991-06-14,249.0
1991-06-15,288.0
1991-06-16,329.0
1991-06-17,336.0
1991-06-18,260.0
1991-06-19,319.0
1991-06-20,301.0
1991-06-21,206.0
1991-06-22,308.0
1991-06-23,357.0
1991-06-24,296.0
1991-06-25,273.0
1991-06-26,350.0
1991-06-27,251.0
1991-06-28,241.0
1991-06-29,190.0
1991-06-30,209.0
1991-07-01,172.0
1991-07-02,143.0
1991-07-03,211.0
1991-07-04,228.0
1991-07-05,204.0
1991-07-06,309.0
1991-07-07,309.0
1991-07-08,331.0
1991-07-09,327.0
1991-07-10,238.0
1991-07-11,304.0
1991-07-12,301.0
1991-07-13,344.0
1991-07-14,250.0
1991-07-15,168.0
1991-07-16,328.0
1991-07-17,310.0
1991-07-18,132.0
1991-07-19,318.0
1991-07-20,283.0
1991-07-21,292.0
1991-07-22,285.0
1991-07-23,346.0
1991-07-24,306.0
1991-07-25,231.0
1991-07-26,142.0
1991-07-27,123.0
1991-07-28,130.0
1991-07-29,199.0
1991-07-30,103.0
1991-07-31,251.0
1991-08-01,187.0
1991-08-02,107.0
1991-08-03,241.0
1991-08-04,153.0
1991-08-05,193.0
1991-08-06,261.0
1991-08-07,277.0
1991-08-08,267.0
1991-08-09,281.0
1991-08-10,233.0
1991-08-11,303.0
1991-08-12,252.0
1991-08-13,269.0
1991-08-14,200.0
1991-08-15,150.0
1991-08-16,274.0
1991-08-17,299.0
1991-08-18,198.0
1991-08-19,173.0
1991-08-20,251.0
1991-08-21,134.0
1991-08-22,228.0
1991-08-23,291.0
1991-08-24,239.0
1991-08-25,167.0
1991-08-26,199.0
1991-08-27,159.0
1991-08-28,172.0
1991-08-29,149.0
1991-08-30,165.0
1991-08-31,192.0
1991-09-01,168.0
1991-09-02,213.0
1991-09-03,234.0
1991-09-04,238.0
1991-09-05,217.0
1991-09-06,193.0
1991-09-07,162.0
1991-09-08,251.0
1991-09-09,199.0
1991-09-10,229.0
1991-09-11,191.0
1991-09-12,150.0
1991-09-13,172.0
1991-09-14,144.0
1991-09-15,128.0
1991-09-16,87.0
1991-09-17,160.0
1991-09-18,123.0
1991-09-19,114.0
1991-09-20,208.0
1991-09-21,167.0
1991-09-22,151.0
1991-09-23,120.0
1991-09-24,198.0
1991-09-25,192.0
1991-09-26,163.0
1991-09-27,147.0
1991-09-28,139.0
1991-09-29,147.0
1991-09-30,166.0
1991-10-01,97.0
1991-10-02,70.0
1991-10-03,129.0
1991-10-04,176.0
1991-10-05,170.0
1991-10-06,166.0
1991-10-07,160.0
1991-10-08,146.0
1991-10-09,109.0
1991-10-10,82.0
1991-10-11,101.0
1991-10-12,73.0
1991-10-13,65.0
1991-10-14,129.0
1991-10-15,126.0
1991-10-16,49.0
1991-10-17,121.0
1991-10-18,46.0
1991-10-19,61.0
1991-10-20,30.0
1991-10-21,63.0
1991-10-22,27.0
1991-10-23,67.0
1991-10-24,87.0
1991-10-25,91.0
1991-10-26,95.0
1991-10-27,122.0
1991-10-28,101.0
1991-10-29,95.0
1991-10-30,86.0
1991-10-31,103.0
1991-11-01,105.0
1991-11-02,109.0
1991-11-03,83.0
1991-11-04,61.0
1991-11-05,38.0
1991-11-06,85.0
1991-11-07,75.0
1991-11-08,44.0
1991-11-09,72.0
1991-11-10,46.0
1991-11-11,96.0
1991-11-12,63.0
1991-11-13,56.0
1991-11-14,65.0
1991-11-15,77.0
1991-11-16,41.0
1991-11-17,35.0
1991-11-18,22.0
1991-11-19,46.0
1991-11-20,39.0
1991-11-21,32.0
1991-11-22,37.0
1991-11-23,29.0
1991-11-24,40.0
1991-11-25,24.0
1991-11-26,25.0
1991-11-27,41.0
1991-11-28,20.0
1991-11-29,17.0
1991-11-30,15.0
1991-12-01,43.0
1991-12-02,55.0
1991-12-03,47.0
1991-12-04,14.0
1991-12-05,26.0
1991-12-06,52.0
1991-12-07,49.0
1991-12-08,68.0
1991-12-09,50.0
1991-12-10,44.0
1991-12-11,50.0
1991-12-12,48.0
1991-12-13,41.0
1991-12-14,45.0
1991-12-15,36.0
1991-12-16,35.0
1991-12-17,23.0
1991-12-18,22.0
1991-12-19,43.0
1991-12-20,20.0
1991-12-21,33.0
1991-12-22,23.0
1991-12-23,27.0
1991-12-24,35.0
1991-12-25,48.0
1991-12-26,46.0
1991-12-27,28.0
1991-12-28,43.0
1991-12-29,47.0
1991-12-30,32.0
1991-12-31,55.0
1992-01-01,68.0
1992-01-02,49.0
1992-01-03,62.0
1992-01-04,54.0
1992-01-05,32.0
1992-01-06,26.0
1992-01-07,52.0
1992-01-08,42.0
1992-01-09,38.0
1992-01-10,29.0
1992-01-11,62.0
1992-01-12,27.0
1992-01-13,56.0
1992-01-14,43.0
1992-01-15,40.0
1992-01-16,29.0
1992-01-17,56.0
1992-01-18,61.0
1992-01-19,30.0
1992-01-20,56.0
1992-01-21,62.0
1992-01-22,75.0
1992-01-23,69.0
1992-01-24,83.0
1992-01-25,57.0
1992-01-26,34.0
1992-01-27,28.0
1992-01-28,27.0
1992-01-29,39.0
1992-01-30,56.0
1992-01-31,56.0
1992-02-01,113.0
1992-02-02,55.0
1992-02-03,60.0
1992-02-04,84.0
1992-02-05,71.0
1992-02-06,109.0
1992-02-07,46.0
1992-02-08,22.0
1992-02-09,66.0
1992-02-10,86.0
1992-02-11,100.0
1992-02-12,85.0
1992-02-13,83.0
1992-02-14,39.0
1992-02-15,121.0
1992-02-16,43.0
1992-02-17,91.0
1992-02-18,100.0
1992-02-19,94.0
1992-02-20,74.0
1992-02-21,61.0
1992-02-22,157.0
1992-02-23,87.0
1992-02-24,126.0
1992-02-25,139.0
1992-02-26,147.0
1992-02-27,102.0
1992-02-28,139.0
1992-02-29,156.0
1992-03-01,134.0
1992-03-02,119.0
1992-03-03,144.0
1992-03-04,124.0
1992-03-05,156.0
1992-03-06,142.0
1992-03-07,180.0
1992-03-08,155.0
1992-03-09,167.0
1992-03-10,180.0
1992-03-11,171.0
1992-03-12,140.0
1992-03-13,114.0
1992-03-14,88.0
1992-03-15,103.0
1992-03-16,161.0
1992-03-17,146.0
1992-03-18,224.0
1992-03-19,142.0
1992-03-20,140.0
1992-03-21,105.0
1992-03-22,118.0
1992-03-23,85.0
1992-03-24,90.0
1992-03-25,78.0
1992-03-26,92.0
1992-03-27,153.0
1992-03-28,200.0
1992-03-29,108.0
1992-03-30,195.0
1992-03-31,109.0
1992-04-01,62.0
1992-04-02,79.0
1992-04-03,211.0
1992-04-04,79.0
1992-04-05,184.0
1992-04-06,139.0
1992-04-07,69.0
1992-04-08,94.0
1992-04-09,194.0
1992-04-10,194.0
1992-04-11,254.0
1992-04-12,143.0
1992-04-13,205.0
1992-04-14,210.0
1992-04-15,242.0
1992-04-16,156.0
1992-04-17,161.0
1992-04-18,182.0
1992-04-19,216.0
1992-04-20,245.0
1992-04-21,267.0
1992-04-22,248.0
1992-04-23,163.0
1992-04-24,166.0
1992-04-25,257.0
1992-04-26,248.0
1992-04-27,268.0
1992-04-28,268.0
1992-04-29,197.0
1992-04-30,174.0
1992-05-01,264.0
1992-05-02,259.0
1992-05-03,331.0
1992-05-04,235.0
1992-05-05,237.0
1992-05-06,295.0
1992-05-07,277.0
1992-05-08,199.0
1992-05-09,209.0
1992-05-10,243.0
1992-05-11,235.0
1992-05-12,256.0
1992-05-13,292.0
1992-05-14,271.0
1992-05-15,312.0
1992-05-16,324.0
1992-05-17,258.0
1992-05-18,166.0
1992-05-19,212.0
1992-05-20,297.0
1992-05-21,311.0
1992-05-22,250.0
1992-05-23,340.0
1992-05-24,330.0
1992-05-25,315.0
1992-05-26,281.0
1992-05-27,187.0
1992-05-28,121.0
1992-05-29,127.0
1992-05-30,184.0
1992-05-31,263.0
1992-06-01,272.0
1992-06-02,247.0
1992-06-03,274.0
1992-06-04,275.0
1992-06-05,269.0
1992-06-06,163.0
1992-06-07,200.0
1992-06-08,201.0
1992-06-09,177.0
1992-06-10,275.0
1992-06-11,287.0
1992-06-12,287.0
1992-06-13,171.0
1992-06-14,193.0
1992-06-15,255.0
1992-06-16,338.0
1992-06-17,277.0
1992-06-18,77.0
1992-06-19,258.0
1992-06-20,290.0
1992-06-21,310.0
1992-06-22,280.0
1992-06-23,217.0
1992-06-24,308.0
1992-06-25,207.0
1992-06-26,257.0
1992-06-27,287.0
1992-06-28,262.0
1992-06-29,323.0
1992-06-30,303.0
1992-07-01,287.0
1992-07-02,300.0
1992-07-03,265.0
1992-07-04,276.0
1992-07-05,220.0
1992-07-06,125.0
1992-07-07,248.0
1992-07-08,300.0
1992-07-09,345.0
1992-07-10,271.0
1992-07-11,226.0
1992-07-12,157.0
1992-07-13,90.0
1992-07-14,240.0
1992-07-15,194.0
1992-07-16,293.0
1992-07-17,349.0
1992-07-18,272.0
1992-07-19,217.0
1992-07-20,315.0
1992-07-21,321.0
1992-07-22,286.0
1992-07-23,245.0
1992-07-24,274.0
1992-07-25,299.0
1992-07-26,303.0
1992-07-27,269.0
1992-07-28,303.0
1992-07-29,309.0
1992-07-30,303.0
1992-07-31,294.0
1992-08-01,233.0
1992-08-02,284.0
1992-08-03,274.0
1992-08-04,286.0
1992-08-05,260.0
1992-08-06,301.0
1992-08-07,296.0
1992-08-08,281.0
1992-08-09,292.0
1992-08-10,289.0
1992-08-11,216.0
1992-08-12,215.0
1992-08-13,228.0
1992-08-14,226.0
1992-08-15,144.0
1992-08-16,215.0
1992-08-17,248.0
1992-08-18,236.0
1992-08-19,262.0
1992-08-20,212.0
1992-08-21,262.0
1992-08-22,203.0
1992-08-23,210.0
1992-08-24,254.0
1992-08-25,277.0
1992-08-26,261.0
1992-08-27,242.0
1992-08-28,263.0
1992-08-29,256.0
1992-08-30,278.0
1992-08-31,222.0
1992-09-01,199.0
1992-09-02,233.0
1992-09-03,237.0
1992-09-04,195.0
1992-09-05,71.0
1992-09-06,175.0
1992-09-07,129.0
1992-09-08,207.0
1992-09-09,193.0
1992-09-10,206.0
1992-09-11,180.0
1992-09-12,156.0
1992-09-13,215.0
1992-09-14,149.0
1992-09-15,169.0
1992-09-16,189.0
1992-09-17,182.0
1992-09-18,185.0
1992-09-19,187.0
1992-09-20,172.0
1992-09-21,138.0
1992-09-22,186.0
1992-09-23,156.0
1992-09-24,151.0
1992-09-25,174.0
1992-09-26,180.0
1992-09-27,161.0
1992-09-28,142.0
1992-09-29,77.0
1992-09-30,109.0
1992-10-01,159.0
1992-10-02,140.0
1992-10-03,140.0
1992-10-04,85.0
1992-10-05,133.0
1992-10-06,49.0
1992-10-07,124.0
1992-10-08,128.0
1992-10-09,162.0
1992-10-10,76.0
1992-10-11,82.0
1992-10-12,107.0
1992-10-13,135.0
1992-10-14,143.0
1992-10-15,72.0
1992-10-16,69.0
1992-10-17,45.0
1992-10-18,75.0
1992-10-19,110.0
1992-10-20,41.0
1992-10-21,47.0
1992-10-22,70.0
1992-10-23,113.0
1992-10-24,73.0
1992-10-25,56.0
1992-10-26,27.0
1992-10-27,93.0
1992-10-28,43.0
1992-10-29,53.0
1992-10-30,39.0
1992-10-31,43.0
1992-11-01,95.0
1992-11-02,52.0
1992-11-03,40.0
1992-11-04,57.0
1992-11-05,51.0
1992-11-06,53.0
1992-11-07,74.0
1992-11-08,75.0
1992-11-09,99.0
1992-11-10,91.0
1992-11-11,52.0
1992-11-12,28.0
1992-11-13,70.0
1992-11-14,68.0
1992-11-15,73.0
1992-11-16,33.0
1992-11-17,27.0
1992-11-18,43.0
1992-11-19,67.0
1992-11-20,71.0
1992-11-21,81.0
1992-11-22,28.0
1992-11-23,37.0
1992-11-24,36.0
1992-11-25,52.0
1992-11-26,33.0
1992-11-27,49.0
1992-11-28,42.0
1992-11-29,39.0
1992-11-30,65.0
1992-12-01,64.0
1992-12-02,40.0
1992-12-03,36.0
1992-12-04,37.0
1992-12-05,32.0
1992-12-06,17.0
1992-12-07,12.0
1992-12-08,25.0
1992-12-09,18.0
1992-12-10,13.0
1992-12-11,23.0
1992-12-12,25.0
1992-12-13,41.0
1992-12-14,26.0
1992-12-15,37.0
1992-12-16,38.0
1992-12-17,32.0
1992-12-18,25.0
1992-12-19,23.0
1992-12-20,21.0
1992-12-21,14.0
1992-12-22,36.0
1992-12-23,59.0
1992-12-24,48.0
1992-12-25,54.0
1992-12-26,40.0
1992-12-27,24.0
1992-12-28,59.0
1992-12-29,47.0
1992-12-30,37.0
1992-12-31,18.0
1993-01-01,40.0
1993-01-02,44.0
1993-01-03,44.0
1993-01-04,67.0
1993-01-05,63.0
1993-01-06,61.0
1993-01-07,20.0
1993-01-08,35.0
1993-01-09,49.0
1993-01-10,28.0
1993-01-11,52.0
1993-01-12,45.0
1993-01-13,72.0
1993-01-14,41.0
1993-01-15,73.0
1993-01-16,49.0
1993-01-17,63.0
1993-01-18,46.0
1993-01-19,57.0
1993-01-20,30.0
1993-01-21,49.0
1993-01-22,52.0
1993-01-23,36.0
1993-01-24,29.0
1993-01-25,52.0
1993-01-26,69.0
1993-01-27,42.0
1993-01-28,77.0
1993-01-29,52.0
1993-01-30,74.0
1993-01-31,77.0
1993-02-01,63.0
1993-02-02,87.0
1993-02-03,89.0
1993-02-04,66.0
1993-02-05,76.0
1993-02-06,48.0
1993-02-07,95.0
1993-02-08,94.0
1993-02-09,104.0
1993-02-10,82.0
1993-02-11,99.0
1993-02-12,92.0
1993-02-13,97.0
1993-02-14,24.0
1993-02-15,67.0
1993-02-16,130.0
1993-02-17,59.0
1993-02-18,95.0
1993-02-19,62.0
1993-02-20,105.0
1993-02-21,56.0
1993-02-22,66.0
1993-02-23,44.0
1993-02-24,48.0
1993-02-25,96.0
1993-02-26,55.0
1993-02-27,93.0
1993-02-28,88.0
1993-03-01,154.0
1993-03-02,103.0
1993-03-03,85.0
1993-03-04,64.0
1993-03-05,123.0
1993-03-06,148.0
1993-03-07,145.0
1993-03-08,128.0
1993-03-09,140.0
1993-03-10,169.0
1993-03-11,64.0
1993-03-12,107.0
1993-03-13,115.0
1993-03-14,128.0
1993-03-15,127.0
1993-03-16,129.0
1993-03-17,58.0
1993-03-18,99.0
1993-03-19,160.0
1993-03-20,185.0
1993-03-21,209.0
1993-03-22,163.0
1993-03-23,135.0
1993-03-24,89.0
1993-03-25,73.0
1993-03-26,126.0
1993-03-27,67.0
1993-03-28,63.0
1993-03-29,64.0
1993-03-30,111.0
1993-03-31,128.0
1993-04-01,196.0
1993-04-02,192.0
1993-04-03,152.0
1993-04-04,113.0
1993-04-05,110.0
1993-04-06,126.0
1993-04-07,148.0
1993-04-08,168.0
1993-04-09,162.0
1993-04-10,188.0
1993-04-11,177.0
1993-04-12,228.0
1993-04-13,114.0
1993-04-14,124.0
1993-04-15,123.0
1993-04-16,95.0
1993-04-17,133.0
1993-04-18,182.0
1993-04-19,157.0
1993-04-20,245.0
1993-04-21,259.0
1993-04-22,278.0
1993-04-23,241.0
1993-04-24,253.0
1993-04-25,277.0
1993-04-26,281.0
1993-04-27,273.0
1993-04-28,277.0
1993-04-29,262.0
1993-04-30,295.0
1993-05-01,260.0
1993-05-02,266.0
1993-05-03,252.0
1993-05-04,209.0
1993-05-05,191.0
1993-05-06,225.0
1993-05-07,267.0
1993-05-08,233.0
1993-05-09,263.0
1993-05-10,295.0
1993-05-11,293.0
1993-05-12,308.0
1993-05-13,312.0
1993-05-14,280.0
1993-05-15,288.0
1993-05-16,233.0
1993-05-17,247.0
1993-05-18,300.0
1993-05-19,291.0
1993-05-20,290.0
1993-05-21,286.0
1993-05-22,227.0
1993-05-23,252.0
1993-05-24,230.0
1993-05-25,252.0
1993-05-26,264.0
1993-05-27,232.0
1993-05-28,229.0
1993-05-29,247.0
1993-05-30,300.0
1993-05-31,253.0
1993-06-01,258.0
1993-06-02,301.0
1993-06-03,306.0
1993-06-04,279.0
1993-06-05,281.0
1993-06-06,329.0
1993-06-07,295.0
1993-06-08,278.0
1993-06-09,290.0
1993-06-10,344.0
1993-06-11,245.0
1993-06-12,243.0
1993-06-13,262.0
1993-06-14,240.0
1993-06-15,246.0
1993-06-16,272.0
1993-06-17,221.0
1993-06-18,201.0
1993-06-19,271.0
1993-06-20,292.0
1993-06-21,289.0
1993-06-22,248.0
1993-06-23,277.0
1993-06-24,228.0
1993-06-25,263.0
1993-06-26,225.0
1993-06-27,249.0
1993-06-28,217.0
1993-06-29,208.0
1993-06-30,247.0
1993-07-01,251.0
1993-07-02,298.0
1993-07-03,335.0
1993-07-04,297.0
1993-07-05,261.0
1993-07-06,256.0
1993-07-07,195.0
1993-07-08,272.0
1993-07-09,319.0
1993-07-10,311.0
1993-07-11,284.0
1993-07-12,242.0
1993-07-13,242.0
1993-07-14,253.0
1993-07-15,220.0
1993-07-16,145.0
1993-07-17,234.0
1993-07-18,259.0
1993-07-19,281.0
1993-07-20,276.0
1993-07-21,246.0
1993-07-22,132.0
1993-07-23,150.0
1993-07-24,161.0
1993-07-25,265.0
1993-07-26,216.0
1993-07-27,238.0
1993-07-28,232.0
1993-07-29,177.0
1993-07-30,295.0
1993-07-31,327.0
1993-08-01,286.0
1993-08-02,301.0
1993-08-03,284.0
1993-08-04,285.0
1993-08-05,306.0
1993-08-06,269.0
1993-08-07,269.0
1993-08-08,257.0
1993-08-09,295.0
1993-08-10,189.0
1993-08-11,170.0
1993-08-12,248.0
1993-08-13,292.0
1993-08-14,273.0
1993-08-15,284.0
1993-08-16,287.0
1993-08-17,288.0
1993-08-18,226.0
1993-08-19,226.0
1993-08-20,268.0
1993-08-21,232.0
1993-08-22,220.0
1993-08-23,229.0
1993-08-24,221.0
1993-08-25,190.0
1993-08-26,135.0
1993-08-27,183.0
1993-08-28,147.0
1993-08-29,102.0
1993-08-30,163.0
1993-08-31,177.0
1993-09-01,116.0
1993-09-02,145.0
1993-09-03,133.0
1993-09-04,142.0
1993-09-05,116.0
1993-09-06,188.0
1993-09-07,206.0
1993-09-08,199.0
1993-09-09,164.0
1993-09-10,165.0
1993-09-11,182.0
1993-09-12,139.0
1993-09-13,128.0
1993-09-14,200.0
1993-09-15,173.0
1993-09-16,160.0
1993-09-17,204.0
1993-09-18,140.0
1993-09-19,148.0
1993-09-20,186.0
1993-09-21,208.0
1993-09-22,208.0
1993-09-23,186.0
1993-09-24,179.0
1993-09-25,191.0
1993-09-26,139.0
1993-09-27,124.0
1993-09-28,154.0
1993-09-29,148.0
1993-09-30,94.0
1993-10-01,136.0
1993-10-02,139.0
1993-10-03,76.0
1993-10-04,33.0
1993-10-05,66.0
1993-10-06,85.0
1993-10-07,121.0
1993-10-08,144.0
1993-10-09,128.0
1993-10-10,96.0
1993-10-11,135.0
1993-10-12,132.0
1993-10-13,115.0
1993-10-14,118.0
1993-10-15,97.0
1993-10-16,94.0
1993-10-17,100.0
1993-10-18,63.0
1993-10-19,63.0
1993-10-20,25.0
1993-10-21,40.0
1993-10-22,84.0
1993-10-23,97.0
1993-10-24,100.0
1993-10-25,78.0
1993-10-26,99.0
1993-10-27,114.0
1993-10-28,114.0
1993-10-29,104.0
1993-10-30,110.0
1993-10-31,115.0
1993-11-01,88.0
1993-11-02,86.0
1993-11-03,75.0
1993-11-04,32.0
1993-11-05,30.0
1993-11-06,36.0
1993-11-07,41.0
1993-11-08,73.0
1993-11-09,52.0
1993-11-10,39.0
1993-11-11,30.0
1993-11-12,32.0
1993-11-13,27.0
1993-11-14,35.0
1993-11-15,41.0
1993-11-16,44.0
1993-11-17,37.0
1993-11-18,69.0
1993-11-19,84.0
1993-11-20,67.0
1993-11-21,36.0
1993-11-22,68.0
1993-11-23,42.0
1993-11-24,32.0
1993-11-25,48.0
1993-11-26,46.0
1993-11-27,69.0
1993-11-28,36.0
1993-11-29,37.0
1993-11-30,25.0
1993-12-01,25.0
1993-12-02,26.0
1993-12-03,27.0
1993-12-04,29.0
1993-12-05,48.0
1993-12-06,30.0
1993-12-07,32.0
1993-12-08,27.0
1993-12-09,30.0
1993-12-10,43.0
1993-12-11,40.0
1993-12-12,36.0
1993-12-13,46.0
1993-12-14,22.0
1993-12-15,20.0
1993-12-16,24.0
1993-12-17,32.0
1993-12-18,36.0
1993-12-19,36.0
1993-12-20,34.0
1993-12-21,20.0
1993-12-22,32.0
1993-12-23,49.0
1993-12-24,40.0
1993-12-25,32.0
1993-12-26,30.0
1993-12-27,17.0
1993-12-28,20.0
1993-12-29,22.0
1993-12-30,27.0
1993-12-31,36.0
1994-01-01,35.0
1994-01-02,34.0
1994-01-03,44.0
1994-01-04,31.0
1994-01-05,28.0
1994-01-06,34.0
1994-01-07,55.0
1994-01-08,46.0
1994-01-09,38.0
1994-01-10,27.0
1994-01-11,33.0
1994-01-12,44.0
1994-01-13,36.0
1994-01-14,17.0
1994-01-15,38.0
1994-01-16,39.0
1994-01-17,31.0
1994-01-18,49.0
1994-01-19,47.0
1994-01-20,65.0
1994-01-21,40.0
1994-01-22,60.0
1994-01-23,28.0
1994-01-24,61.0
1994-01-25,74.0
1994-01-26,50.0
1994-01-27,62.0
1994-01-28,60.0
1994-01-29,51.0
1994-01-30,76.0
1994-01-31,71.0
1994-02-01,64.0
1994-02-02,71.0
1994-02-03,43.0
1994-02-04,45.0
1994-02-05,75.0
1994-02-06,89.0
1994-02-07,75.0
1994-02-08,63.0
1994-02-09,53.0
1994-02-10,33.0
1994-02-11,39.0
1994-02-12,41.0
1994-02-13,65.0
1994-02-14,96.0
1994-02-15,131.0
1994-02-16,126.0
1994-02-17,82.0
1994-02-18,45.0
1994-02-19,43.0
1994-02-20,48.0
1994-02-21,44.0
1994-02-22,74.0
1994-02-23,76.0
1994-02-24,64.0
1994-02-25,73.0
1994-02-26,78.0
1994-02-27,124.0
1994-02-28,151.0
1994-03-01,142.0
1994-03-02,92.0
1994-03-03,94.0
1994-03-04,77.0
1994-03-05,75.0
1994-03-06,131.0
1994-03-07,126.0
1994-03-08,111.0
1994-03-09,131.0
1994-03-10,154.0
1994-03-11,184.0
1994-03-12,182.0
1994-03-13,161.0
1994-03-14,140.0
1994-03-15,125.0
1994-03-16,146.0
1994-03-17,128.0
1994-03-18,152.0
1994-03-19,136.0
1994-03-20,132.0
1994-03-21,97.0
1994-03-22,131.0
1994-03-23,104.0
1994-03-24,90.0
1994-03-25,126.0
1994-03-26,136.0
1994-03-27,155.0
1994-03-28,183.0
1994-03-29,235.0
1994-03-30,162.0
1994-03-31,151.0
1994-04-01,234.0
1994-04-02,114.0
1994-04-03,97.0
1994-04-04,178.0
1994-04-05,146.0
1994-04-06,70.0
1994-04-07,74.0
1994-04-08,155.0
1994-04-09,208.0
1994-04-10,152.0
1994-04-11,131.0
1994-04-12,107.0
1994-04-13,151.0
1994-04-14,184.0
1994-04-15,205.0
1994-04-16,167.0
1994-04-17,115.0
1994-04-18,83.0
1994-04-19,181.0
1994-04-20,252.0
1994-04-21,211.0
1994-04-22,183.0
1994-04-23,238.0
1994-04-24,259.0
1994-04-25,276.0
1994-04-26,312.0
1994-04-27,210.0
1994-04-28,155.0
1994-04-29,231.0
1994-04-30,276.0
1994-05-01,226.0
1994-05-02,270.0
1994-05-03,309.0
1994-05-04,293.0
1994-05-05,203.0
1994-05-06,113.0
1994-05-07,145.0
1994-05-08,221.0
1994-05-09,175.0
1994-05-10,208.0
1994-05-11,226.0
1994-05-12,198.0
1994-05-13,230.0
1994-05-14,247.0
1994-05-15,241.0
1994-05-16,287.0
1994-05-17,290.0
1994-05-18,266.0
1994-05-19,243.0
1994-05-20,195.0
1994-05-21,207.0
1994-05-22,258.0
1994-05-23,297.0
1994-05-24,298.0
1994-05-25,166.0
1994-05-26,239.0
1994-05-27,211.0
1994-05-28,244.0
1994-05-29,200.0
1994-05-30,219.0
1994-05-31,232.0
1994-06-01,306.0
1994-06-02,309.0
1994-06-03,311.0
1994-06-04,266.0
1994-06-05,161.0
1994-06-06,81.0
1994-06-07,201.0
1994-06-08,290.0
1994-06-09,317.0
1994-06-10,268.0
1994-06-11,196.0
1994-06-12,190.0
1994-06-13,217.0
1994-06-14,226.0
1994-06-15,243.0
1994-06-16,279.0
1994-06-17,224.0
1994-06-18,253.0
1994-06-19,289.0
1994-06-20,308.0
1994-06-21,316.0
1994-06-22,327.0
1994-06-23,315.0
1994-06-24,312.0
1994-06-25,355.0
1994-06-26,342.0
1994-06-27,322.0
1994-06-28,299.0
1994-06-29,315.0
1994-06-30,305.0
1994-07-01,253.0
1994-07-02,302.0
1994-07-03,322.0
1994-07-04,334.0
1994-07-05,294.0
1994-07-06,289.0
1994-07-07,267.0
1994-07-08,271.0
1994-07-09,237.0
1994-07-10,214.0
1994-07-11,204.0
1994-07-12,235.0
1994-07-13,247.0
1994-07-14,239.0
1994-07-15,294.0
1994-07-16,281.0
1994-07-17,276.0
1994-07-18,277.0
1994-07-19,200.0
1994-07-20,235.0
1994-07-21,266.0
1994-07-22,267.0
1994-07-23,291.0
1994-07-24,304.0
1994-07-25,296.0
1994-07-26,292.0
1994-07-27,283.0
1994-07-28,294.0
1994-07-29,298.0
1994-07-30,281.0
1994-07-31,290.0
1994-08-01,285.0
1994-08-02,276.0
1994-08-03,258.0
1994-08-04,272.0
1994-08-05,281.0
1994-08-06,287.0
1994-08-07,246.0
1994-08-08,264.0
1994-08-09,235.0
1994-08-10,254.0
1994-08-11,250.0
1994-08-12,216.0
1994-08-13,227.0
1994-08-14,229.0
1994-08-15,246.0
1994-08-16,230.0
1994-08-17,280.0
1994-08-18,181.0
1994-08-19,193.0
1994-08-20,226.0
1994-08-21,264.0
1994-08-22,243.0
1994-08-23,229.0
1994-08-24,241.0
1994-08-25,200.0
1994-08-26,84.0
1994-08-27,89.0
1994-08-28,221.0
1994-08-29,242.0
1994-08-30,217.0
1994-08-31,160.0
1994-09-01,161.0
1994-09-02,222.0
1994-09-03,211.0
1994-09-04,166.0
1994-09-05,183.0
1994-09-06,179.0
1994-09-07,201.0
1994-09-08,209.0
1994-09-09,214.0
1994-09-10,203.0
1994-09-11,194.0
1994-09-12,198.0
1994-09-13,211.0
1994-09-14,225.0
1994-09-15,126.0
1994-09-16,162.0
1994-09-17,124.0
1994-09-18,125.0
1994-09-19,140.0
1994-09-20,68.0
1994-09-21,85.0
1994-09-22,136.0
1994-09-23,166.0
1994-09-24,167.0
1994-09-25,159.0
1994-09-26,166.0
1994-09-27,130.0
1994-09-28,142.0
1994-09-29,155.0
1994-09-30,159.0
1994-10-01,128.0
1994-10-02,117.0
1994-10-03,100.0
1994-10-04,71.0
1994-10-05,97.0
1994-10-06,107.0
1994-10-07,68.0
1994-10-08,71.0
1994-10-09,68.0
1994-10-10,100.0
1994-10-11,129.0
1994-10-12,147.0
1994-10-13,126.0
1994-10-14,137.0
1994-10-15,136.0
1994-10-16,135.0
1994-10-17,71.0
1994-10-18,75.0
1994-10-19,148.0
1994-10-20,120.0
1994-10-21,106.0
1994-10-22,93.0
1994-10-23,101.0
1994-10-24,87.0
1994-10-25,42.0
1994-10-26,81.0
1994-10-27,82.0
1994-10-28,92.0
1994-10-29,61.0
1994-10-30,47.0
1994-10-31,71.0
1994-11-01,102.0
1994-11-02,91.0
1994-11-03,83.0
1994-11-04,82.0
1994-11-05,114.0
1994-11-06,116.0
1994-11-07,72.0
1994-11-08,52.0
1994-11-09,45.0
1994-11-10,56.0
1994-11-11,45.0
1994-11-12,30.0
1994-11-13,23.0
1994-11-14,44.0
1994-11-15,29.0
1994-11-16,26.0
1994-11-17,54.0
1994-11-18,60.0
1994-11-19,50.0
1994-11-20,84.0
1994-11-21,63.0
1994-11-22,56.0
1994-11-23,53.0
1994-11-24,41.0
1994-11-25,45.0
1994-11-26,63.0
1994-11-27,57.0
1994-11-28,30.0
1994-11-29,37.0
1994-11-30,52.0
1994-12-01,48.0
1994-12-02,74.0
1994-12-03,76.0
1994-12-04,70.0
1994-12-05,55.0
1994-12-06,39.0
1994-12-07,36.0
1994-12-08,26.0
1994-12-09,25.0
1994-12-10,23.0
1994-12-11,22.0
1994-12-12,34.0
1994-12-13,47.0
1994-12-14,38.0
1994-12-15,43.0
1994-12-16,53.0
1994-12-17,43.0
1994-12-18,47.0
1994-12-19,41.0
1994-12-20,39.0
1994-12-21,41.0
1994-12-22,25.0
1994-12-23,22.0
1994-12-24,31.0
1994-12-25,28.0
1994-12-26,16.0
1994-12-27,31.0
1994-12-28,26.0
1994-12-29,28.0
1994-12-30,29.0
1994-12-31,23.0
1995-01-01,33.0
1995-01-02,39.0
1995-01-03,64.0
1995-01-04,49.0
1995-01-05,35.0
1995-01-06,38.0
1995-01-07,37.0
1995-01-08,22.0
1995-01-09,19.0
1995-01-10,29.0
1995-01-11,37.0
1995-01-12,31.0
1995-01-13,59.0
1995-01-14,69.0
1995-01-15,76.0
1995-01-16,43.0
1995-01-17,42.0
1995-01-18,68.0
1995-01-19,43.0
1995-01-20,52.0
1995-01-21,35.0
1995-01-22,33.0
1995-01-23,46.0
1995-01-24,28.0
1995-01-25,41.0
1995-01-26,63.0
1995-01-27,47.0
1995-01-28,57.0
1995-01-29,53.0
1995-01-30,43.0
1995-01-31,45.0
1995-02-01,87.0
1995-02-02,91.0
1995-02-03,88.0
1995-02-04,95.0
1995-02-05,90.0
1995-02-06,63.0
1995-02-07,86.0
1995-02-08,94.0
1995-02-09,63.0
1995-02-10,100.0
1995-02-11,89.0
1995-02-12,81.0
1995-02-13,100.0
1995-02-14,103.0
1995-02-15,73.0
1995-02-16,59.0
1995-02-17,77.0
1995-02-18,58.0
1995-02-19,75.0
1995-02-20,103.0
1995-02-21,99.0
1995-02-22,109.0
1995-02-23,112.0
1995-02-24,77.0
1995-02-25,76.0
1995-02-26,105.0
1995-02-27,71.0
1995-02-28,80.0
1995-03-01,159.0
1995-03-02,128.0
1995-03-03,22.0
1995-03-04,92.0
1995-03-05,81.0
1995-03-06,96.0
1995-03-07,67.0
1995-03-08,101.0
1995-03-09,116.0
1995-03-10,133.0
1995-03-11,166.0
1995-03-12,165.0
1995-03-13,109.0
1995-03-14,121.0
1995-03-15,92.0
1995-03-16,96.0
1995-03-17,147.0
1995-03-18,139.0
1995-03-19,75.0
1995-03-20,60.0
1995-03-21,114.0
1995-03-22,151.0
1995-03-23,144.0
1995-03-24,92.0
1995-03-25,131.0
1995-03-26,168.0
1995-03-27,118.0
1995-03-28,134.0
1995-03-29,119.0
1995-03-30,134.0
1995-03-31,144.0
1995-04-01,178.0
1995-04-02,124.0
1995-04-03,173.0
1995-04-04,196.0
1995-04-05,213.0
1995-04-06,207.0
1995-04-07,158.0
1995-04-08,168.0
1995-04-09,153.0
1995-04-10,194.0
1995-04-11,155.0
1995-04-12,143.0
1995-04-13,121.0
1995-04-14,137.0
1995-04-15,193.0
1995-04-16,254.0
1995-04-17,189.0
1995-04-18,134.0
1995-04-19,176.0
1995-04-20,246.0
1995-04-21,262.0
1995-04-22,257.0
1995-04-23,258.0
1995-04-24,260.0
1995-04-25,206.0
1995-04-26,122.0
1995-04-27,97.0
1995-04-28,146.0
1995-04-29,235.0
1995-04-30,267.0
1995-05-01,280.0
1995-05-02,242.0
1995-05-03,292.0
1995-05-04,266.0
1995-05-05,231.0
1995-05-06,228.0
1995-05-07,234.0
1995-05-08,241.0
1995-05-09,221.0
1995-05-10,218.0
1995-05-11,201.0
1995-05-12,190.0
1995-05-13,210.0
1995-05-14,156.0
1995-05-15,179.0
1995-05-16,214.0
1995-05-17,240.0
1995-05-18,144.0
1995-05-19,125.0
1995-05-20,93.0
1995-05-21,86.0
1995-05-22,119.0
1995-05-23,190.0
1995-05-24,217.0
1995-05-25,289.0
1995-05-26,288.0
1995-05-27,282.0
1995-05-28,235.0
1995-05-29,276.0
1995-05-30,276.0
1995-05-31,275.0
1995-06-01,278.0
1995-06-02,241.0
1995-06-03,126.0
1995-06-04,212.0
1995-06-05,284.0
1995-06-06,274.0
1995-06-07,265.0
1995-06-08,218.0
1995-06-09,230.0
1995-06-10,278.0
1995-06-11,260.0
1995-06-12,258.0
1995-06-13,241.0
1995-06-14,231.0
1995-06-15,284.0
1995-06-16,285.0
1995-06-17,293.0
1995-06-18,306.0
1995-06-19,253.0
1995-06-20,290.0
1995-06-21,295.0
1995-06-22,232.0
1995-06-23,172.0
1995-06-24,160.0
1995-06-25,125.0
1995-06-26,130.0
1995-06-27,159.0
1995-06-28,240.0
1995-06-29,294.0
1995-06-30,318.0
1995-07-01,305.0
1995-07-02,295.0
1995-07-03,277.0
1995-07-04,249.0
1995-07-05,241.0
1995-07-06,309.0
1995-07-07,305.0
1995-07-08,319.0
1995-07-09,309.0
1995-07-10,309.0
1995-07-11,298.0
1995-07-12,294.0
1995-07-13,298.0
1995-07-14,266.0
1995-07-15,227.0
1995-07-16,245.0
1995-07-17,247.0
1995-07-18,300.0
1995-07-19,296.0
1995-07-20,311.0
1995-07-21,315.0
1995-07-22,331.0
1995-07-23,333.0
1995-07-24,230.0
1995-07-25,299.0
1995-07-26,315.0
1995-07-27,306.0
1995-07-28,355.0
1995-07-29,343.0
1995-07-30,278.0
1995-07-31,280.0
1995-08-01,228.0
1995-08-02,218.0
1995-08-03,201.0
1995-08-04,245.0
1995-08-05,255.0
1995-08-06,274.0
1995-08-07,307.0
1995-08-08,185.0
1995-08-09,226.0
1995-08-10,192.0
1995-08-11,260.0
1995-08-12,291.0
1995-08-13,305.0
1995-08-14,282.0
1995-08-15,244.0
1995-08-16,132.0
1995-08-17,185.0
1995-08-18,245.0
1995-08-19,238.0
1995-08-20,187.0
1995-08-21,193.0
1995-08-22,241.0
1995-08-23,247.0
1995-08-24,232.0
1995-08-25,236.0
1995-08-26,96.0
1995-08-27,173.0
1995-08-28,150.0
1995-08-29,134.0
1995-08-30,127.0
1995-08-31,193.0
1995-09-01,185.0
1995-09-02,113.0
1995-09-03,129.0
1995-09-04,64.0
1995-09-05,155.0
1995-09-06,162.0
1995-09-07,209.0
1995-09-08,143.0
1995-09-09,58.0
1995-09-10,149.0
1995-09-11,195.0
1995-09-12,201.0
1995-09-13,202.0
1995-09-14,166.0
1995-09-15,139.0
1995-09-16,104.0
1995-09-17,163.0
1995-09-18,155.0
1995-09-19,165.0
1995-09-20,58.0
1995-09-21,137.0
1995-09-22,93.0
1995-09-23,119.0
1995-09-24,103.0
1995-09-25,134.0
1995-09-26,138.0
1995-09-27,125.0
1995-09-28,92.0
1995-09-29,64.0
1995-09-30,133.0
1995-10-01,123.0
1995-10-02,93.0
1995-10-03,108.0
1995-10-04,140.0
1995-10-05,170.0
1995-10-06,153.0
1995-10-07,150.0
1995-10-08,115.0
1995-10-09,92.0
1995-10-10,159.0
1995-10-11,165.0
1995-10-12,156.0
1995-10-13,159.0
1995-10-14,158.0
1995-10-15,129.0
1995-10-16,90.0
1995-10-17,85.0
1995-10-18,119.0
1995-10-19,116.0
1995-10-20,103.0
1995-10-21,98.0
1995-10-22,88.0
1995-10-23,131.0
1995-10-24,129.0
1995-10-25,119.0
1995-10-26,108.0
1995-10-27,104.0
1995-10-28,124.0
1995-10-29,68.0
1995-10-30,68.0
1995-10-31,44.0
1995-11-01,61.0
1995-11-02,38.0
1995-11-03,44.0
1995-11-04,47.0
1995-11-05,40.0
1995-11-06,35.0
1995-11-07,61.0
1995-11-08,93.0
1995-11-09,93.0
1995-11-10,58.0
1995-11-11,44.0
1995-11-12,28.0
1995-11-13,75.0
1995-11-14,48.0
1995-11-15,44.0
1995-11-16,32.0
1995-11-17,33.0
1995-11-18,32.0
1995-11-19,52.0
1995-11-20,39.0
1995-11-21,57.0
1995-11-22,84.0
1995-11-23,68.0
1995-11-24,33.0
1995-11-25,39.0
1995-11-26,68.0
1995-11-27,56.0
1995-11-28,40.0
1995-11-29,27.0
1995-11-30,23.0
1995-12-01,26.0
1995-12-02,19.0
1995-12-03,18.0
1995-12-04,26.0
1995-12-05,15.0
1995-12-06,32.0
1995-12-07,20.0
1995-12-08,38.0
1995-12-09,33.0
1995-12-10,35.0
1995-12-11,23.0
1995-12-12,24.0
1995-12-13,27.0
1995-12-14,30.0
1995-12-15,36.0
1995-12-16,38.0
1995-12-17,37.0
1995-12-18,33.0
1995-12-19,32.0
1995-12-20,33.0
1995-12-21,59.0
1995-12-22,37.0
1995-12-23,21.0
1995-12-24,24.0
1995-12-25,19.0
1995-12-26,20.0
1995-12-27,25.0
1995-12-28,38.0
1995-12-29,47.0
1995-12-30,33.0
1995-12-31,25.0
1996-01-01,25.0
1996-01-02,20.0
1996-01-03,21.0
1996-01-04,30.0
1996-01-05,48.0
1996-01-06,43.0
1996-01-07,35.0
1996-01-08,30.0
1996-01-09,27.0
1996-01-10,58.0
1996-01-11,43.0
1996-01-12,40.0
1996-01-13,62.0
1996-01-14,33.0
1996-01-15,41.0
1996-01-16,62.0
1996-01-17,61.0
1996-01-18,42.0
1996-01-19,30.0
1996-01-20,41.0
1996-01-21,67.0
1996-01-22,73.0
1996-01-23,69.0
1996-01-24,50.0
1996-01-25,28.0
1996-01-26,31.0
1996-01-27,30.0
1996-01-28,24.0
1996-01-29,26.0
1996-01-30,56.0
1996-01-31,80.0
1996-02-01,98.0
1996-02-02,96.0
1996-02-03,58.0
1996-02-04,45.0
1996-02-05,47.0
1996-02-06,72.0
1996-02-07,73.0
1996-02-08,36.0
1996-02-09,38.0
1996-02-10,49.0
1996-02-11,58.0
1996-02-12,65.0
1996-02-13,62.0
1996-02-14,38.0
1996-02-15,73.0
1996-02-16,86.0
1996-02-17,105.0
1996-02-18,111.0
1996-02-19,90.0
1996-02-20,20.0
1996-02-21,45.0
1996-02-22,53.0
1996-02-23,93.0
1996-02-24,80.0
1996-02-25,123.0
1996-02-26,143.0
1996-02-27,144.0
1996-02-28,150.0
1996-02-29,135.0
1996-03-01,99.0
1996-03-02,120.0
1996-03-03,113.0
1996-03-04,113.0
1996-03-05,127.0
1996-03-06,118.0
1996-03-07,128.0
1996-03-08,164.0
1996-03-09,179.0
1996-03-10,151.0
1996-03-11,156.0
1996-03-12,125.0
1996-03-13,79.0
1996-03-14,99.0
1996-03-15,155.0
1996-03-16,120.0
1996-03-17,94.0
1996-03-18,135.0
1996-03-19,136.0
1996-03-20,153.0
1996-03-21,144.0
1996-03-22,168.0
1996-03-23,149.0
1996-03-24,133.0
1996-03-25,71.0
1996-03-26,144.0
1996-03-27,79.0
1996-03-28,60.0
1996-03-29,155.0
1996-03-30,168.0
1996-03-31,143.0
1996-04-01,195.0
1996-04-02,92.0
1996-04-03,91.0
1996-04-04,142.0
1996-04-05,171.0
1996-04-06,209.0
1996-04-07,246.0
1996-04-08,250.0
1996-04-09,236.0
1996-04-10,180.0
1996-04-11,192.0
1996-04-12,167.0
1996-04-13,116.0
1996-04-14,159.0
1996-04-15,160.0
1996-04-16,117.0
1996-04-17,152.0
1996-04-18,211.0
1996-04-19,251.0
1996-04-20,279.0
1996-04-21,270.0
1996-04-22,268.0
1996-04-23,276.0
1996-04-24,228.0
1996-04-25,167.0
1996-04-26,157.0
1996-04-27,202.0
1996-04-28,159.0
1996-04-29,183.0
1996-04-30,170.0
1996-05-01,202.0
1996-05-02,198.0
1996-05-03,285.0
1996-05-04,251.0
1996-05-05,259.0
1996-05-06,182.0
1996-05-07,234.0
1996-05-08,268.0
1996-05-09,225.0
1996-05-10,208.0
1996-05-11,228.0
1996-05-12,213.0
1996-05-13,154.0
1996-05-14,191.0
1996-05-15,197.0
1996-05-16,215.0
1996-05-17,267.0
1996-05-18,287.0
1996-05-19,323.0
1996-05-20,214.0
1996-05-21,256.0
1996-05-22,268.0
1996-05-23,269.0
1996-05-24,291.0
1996-05-25,315.0
1996-05-26,229.0
1996-05-27,253.0
1996-05-28,89.0
1996-05-29,62.0
1996-05-30,177.0
1996-05-31,301.0
1996-06-01,318.0
1996-06-02,309.0
1996-06-03,278.0
1996-06-04,244.0
1996-06-05,258.0
1996-06-06,312.0
1996-06-07,339.0
1996-06-08,339.0
1996-06-09,335.0
1996-06-10,300.0
1996-06-11,325.0
1996-06-12,307.0
1996-06-13,221.0
1996-06-14,238.0
1996-06-15,255.0
1996-06-16,241.0
1996-06-17,291.0
1996-06-18,305.0
1996-06-19,283.0
1996-06-20,262.0
1996-06-21,228.0
1996-06-22,225.0
1996-06-23,245.0
1996-06-24,170.0
1996-06-25,229.0
1996-06-26,140.0
1996-06-27,201.0
1996-06-28,186.0
1996-06-29,281.0
1996-06-30,193.0
1996-07-01,182.0
1996-07-02,251.0
1996-07-03,107.0
1996-07-04,192.0
1996-07-05,317.0
1996-07-06,313.0
1996-07-07,235.0
1996-07-08,313.0
1996-07-09,231.0
1996-07-10,279.0
1996-07-11,214.0
1996-07-12,235.0
1996-07-13,283.0
1996-07-14,337.0
1996-07-15,303.0
1996-07-16,296.0
1996-07-17,262.0
1996-07-18,231.0
1996-07-19,219.0
1996-07-20,227.0
1996-07-21,296.0
1996-07-22,290.0
1996-07-23,292.0
1996-07-24,194.0
1996-07-25,145.0
1996-07-26,161.0
1996-07-27,300.0
1996-07-28,284.0
1996-07-29,264.0
1996-07-30,229.0
1996-07-31,155.0
1996-08-01,276.0
1996-08-02,296.0
1996-08-03,252.0
1996-08-04,127.0
1996-08-05,132.0
1996-08-06,199.0
1996-08-07,236.0
1996-08-08,223.0
1996-08-09,272.0
1996-08-10,288.0
1996-08-11,296.0
1996-08-12,227.0
1996-08-13,118.0
1996-08-14,180.0
1996-08-15,235.0
1996-08-16,85.0
1996-08-17,113.0
1996-08-18,144.0
1996-08-19,219.0
1996-08-20,231.0
1996-08-21,235.0
1996-08-22,216.0
1996-08-23,164.0
1996-08-24,215.0
1996-08-25,256.0
1996-08-26,237.0
1996-08-27,216.0
1996-08-28,211.0
1996-08-29,139.0
1996-08-30,126.0
1996-08-31,63.0
1996-09-01,114.0
1996-09-02,165.0
1996-09-03,149.0
1996-09-04,140.0
1996-09-05,127.0
1996-09-06,72.0
1996-09-07,82.0
1996-09-08,115.0
1996-09-09,95.0
1996-09-10,144.0
1996-09-11,142.0
1996-09-12,107.0
1996-09-13,49.0
1996-09-14,115.0
1996-09-15,139.0
1996-09-16,139.0
1996-09-17,103.0
1996-09-18,129.0
1996-09-19,171.0
1996-09-20,99.0
1996-09-21,57.0
1996-09-22,42.0
1996-09-23,52.0
1996-09-24,44.0
1996-09-25,103.0
1996-09-26,116.0
1996-09-27,95.0
1996-09-28,113.0
1996-09-29,123.0
1996-09-30,105.0
1996-10-01,152.0
1996-10-02,175.0
1996-10-03,63.0
1996-10-04,121.0
1996-10-05,109.0
1996-10-06,122.0
1996-10-07,147.0
1996-10-08,114.0
1996-10-09,115.0
1996-10-10,113.0
1996-10-11,121.0
1996-10-12,140.0
1996-10-13,143.0
1996-10-14,137.0
1996-10-15,134.0
1996-10-16,112.0
1996-10-17,84.0
1996-10-18,57.0
1996-10-19,69.0
1996-10-20,86.0
1996-10-21,91.0
1996-10-22,77.0
1996-10-23,73.0
1996-10-24,67.0
1996-10-25,66.0
1996-10-26,99.0
1996-10-27,101.0
1996-10-28,46.0
1996-10-29,55.0
1996-10-30,91.0
1996-10-31,86.0
1996-11-01,79.0
1996-11-02,71.0
1996-11-03,80.0
1996-11-04,81.0
1996-11-05,98.0
1996-11-06,107.0
1996-11-07,85.0
1996-11-08,66.0
1996-11-09,81.0
1996-11-10,83.0
1996-11-11,67.0
1996-11-12,63.0
1996-11-13,77.0
1996-11-14,72.0
1996-11-15,54.0
1996-11-16,47.0
1996-11-17,27.0
1996-11-18,46.0
1996-11-19,57.0
1996-11-20,66.0
1996-11-21,45.0
1996-11-22,42.0
1996-11-23,31.0
1996-11-24,26.0
1996-11-25,48.0
1996-11-26,37.0
1996-11-27,19.0
1996-11-28,30.0
1996-11-29,24.0
1996-11-30,31.0
1996-12-01,24.0
1996-12-02,34.0
1996-12-03,27.0
1996-12-04,32.0
1996-12-05,31.0
1996-12-06,23.0
1996-12-07,17.0
1996-12-08,18.0
1996-12-09,21.0
1996-12-10,31.0
1996-12-11,18.0
1996-12-12,22.0
1996-12-13,24.0
1996-12-14,20.0
1996-12-15,48.0
1996-12-16,53.0
1996-12-17,40.0
1996-12-18,22.0
1996-12-19,39.0
1996-12-20,26.0
1996-12-21,28.0
1996-12-22,33.0
1996-12-23,27.0
1996-12-24,22.0
1996-12-25,32.0
1996-12-26,42.0
1996-12-27,53.0
1996-12-28,50.0
1996-12-29,54.0
1996-12-30,28.0
1996-12-31,37.0
1997-01-01,30.0
1997-01-02,26.0
1997-01-03,21.0
1997-01-04,29.0
1997-01-05,24.0
1997-01-06,28.0
1997-01-07,32.0
1997-01-08,42.0
1997-01-09,50.0
1997-01-10,37.0
1997-01-11,30.0
1997-01-12,33.0
1997-01-13,37.0
1997-01-14,38.0
1997-01-15,33.0
1997-01-16,31.0
1997-01-17,30.0
1997-01-18,24.0
1997-01-19,30.0
1997-01-20,27.0
1997-01-21,37.0
1997-01-22,48.0
1997-01-23,29.0
1997-01-24,24.0
1997-01-25,53.0
1997-01-26,80.0
1997-01-27,89.0
1997-01-28,68.0
1997-01-29,70.0
1997-01-30,57.0
1997-01-31,38.0
1997-02-01,96.0
1997-02-02,102.0
1997-02-03,102.0
1997-02-04,111.0
1997-02-05,49.0
1997-02-06,71.0
1997-02-07,96.0
1997-02-08,65.0
1997-02-09,76.0
1997-02-10,67.0
1997-02-11,64.0
1997-02-12,54.0
1997-02-13,34.0
1997-02-14,80.0
1997-02-15,94.0
1997-02-16,67.0
1997-02-17,119.0
1997-02-18,122.0
1997-02-19,65.0
1997-02-20,49.0
1997-02-21,78.0
1997-02-22,126.0
1997-02-23,129.0
1997-02-24,143.0
1997-02-25,103.0
1997-02-26,63.0
1997-02-27,100.0
1997-02-28,159.0
1997-03-01,149.0
1997-03-02,144.0
1997-03-03,131.0
1997-03-04,107.0
1997-03-05,166.0
1997-03-06,174.0
1997-03-07,145.0
1997-03-08,177.0
1997-03-09,164.0
1997-03-10,179.0
1997-03-11,201.0
1997-03-12,193.0
1997-03-13,184.0
1997-03-14,158.0
1997-03-15,121.0
1997-03-16,168.0
1997-03-17,98.0
1997-03-18,177.0
1997-03-19,68.0
1997-03-20,87.0
1997-03-21,160.0
1997-03-22,156.0
1997-03-23,182.0
1997-03-24,240.0
1997-03-25,161.0
1997-03-26,216.0
1997-03-27,76.0
1997-03-28,100.0
1997-03-29,160.0
1997-03-30,199.0
1997-03-31,241.0
1997-04-01,197.0
1997-04-02,185.0
1997-04-03,216.0
1997-04-04,140.0
1997-04-05,184.0
1997-04-06,132.0
1997-04-07,162.0
1997-04-08,221.0
1997-04-09,199.0
1997-04-10,179.0
1997-04-11,128.0
1997-04-12,181.0
1997-04-13,218.0
1997-04-14,268.0
1997-04-15,123.0
1997-04-16,206.0
1997-04-17,115.0
1997-04-18,170.0
1997-04-19,136.0
1997-04-20,171.0
1997-04-21,146.0
1997-04-22,45.0
1997-04-23,136.0
1997-04-24,268.0
1997-04-25,258.0
1997-04-26,170.0
1997-04-27,195.0
1997-04-28,276.0
1997-04-29,146.0
1997-04-30,196.0
1997-05-01,195.0
1997-05-02,263.0
1997-05-03,233.0
1997-05-04,226.0
1997-05-05,291.0
1997-05-06,239.0
1997-05-07,259.0
1997-05-08,143.0
1997-05-09,191.0
1997-05-10,255.0
1997-05-11,292.0
1997-05-12,268.0
1997-05-13,315.0
1997-05-14,279.0
1997-05-15,305.0
1997-05-16,292.0
1997-05-17,258.0
1997-05-18,281.0
1997-05-19,263.0
1997-05-20,302.0
1997-05-21,268.0
1997-05-22,167.0
1997-05-23,168.0
1997-05-24,218.0
1997-05-25,222.0
1997-05-26,266.0
1997-05-27,200.0
1997-05-28,160.0
1997-05-29,178.0
1997-05-30,180.0
1997-05-31,163.0
1997-06-01,219.0
1997-06-02,186.0
1997-06-03,191.0
1997-06-04,225.0
1997-06-05,253.0
1997-06-06,208.0
1997-06-07,118.0
1997-06-08,277.0
1997-06-09,269.0
1997-06-10,288.0
1997-06-11,292.0
1997-06-12,329.0
1997-06-13,181.0
1997-06-14,239.0
1997-06-15,210.0
1997-06-16,321.0
1997-06-17,224.0
1997-06-18,213.0
1997-06-19,232.0
1997-06-20,173.0
1997-06-21,207.0
1997-06-22,299.0
1997-06-23,205.0
1997-06-24,276.0
1997-06-25,271.0
1997-06-26,284.0
1997-06-27,292.0
1997-06-28,297.0
1997-06-29,340.0
1997-06-30,302.0
1997-07-01,246.0
1997-07-02,288.0
1997-07-03,230.0
1997-07-04,280.0
1997-07-05,256.0
1997-07-06,220.0
1997-07-07,172.0
1997-07-08,145.0
1997-07-09,140.0
1997-07-10,251.0
1997-07-11,315.0
1997-07-12,209.0
1997-07-13,251.0
1997-07-14,272.0
1997-07-15,275.0
1997-07-16,280.0
1997-07-17,254.0
1997-07-18,107.0
1997-07-19,138.0
1997-07-20,130.0
1997-07-21,174.0
1997-07-22,165.0
1997-07-23,246.0
1997-07-24,232.0
1997-07-25,207.0
1997-07-26,140.0
1997-07-27,151.0
1997-07-28,277.0
1997-07-29,291.0
1997-07-30,259.0
1997-07-31,279.0
1997-08-01,132.0
1997-08-02,70.0
1997-08-03,181.0
1997-08-04,245.0
1997-08-05,273.0
1997-08-06,242.0
1997-08-07,223.0
1997-08-08,254.0
1997-08-09,205.0
1997-08-10,228.0
1997-08-11,257.0
1997-08-12,261.0
1997-08-13,269.0
1997-08-14,282.0
1997-08-15,238.0
1997-08-16,224.0
1997-08-17,275.0
1997-08-18,309.0
1997-08-19,273.0
1997-08-20,267.0
1997-08-21,246.0
1997-08-22,264.0
1997-08-23,254.0
1997-08-24,237.0
1997-08-25,209.0
1997-08-26,170.0
1997-08-27,197.0
1997-08-28,193.0
1997-08-29,135.0
1997-08-30,82.0
1997-08-31,120.0
1997-09-01,197.0
1997-09-02,204.0
1997-09-03,195.0
1997-09-04,142.0
1997-09-05,143.0
1997-09-06,210.0
1997-09-07,165.0
1997-09-08,187.0
1997-09-09,189.0
1997-09-10,200.0
1997-09-11,213.0
1997-09-12,204.0
1997-09-13,208.0
1997-09-14,79.0
1997-09-15,158.0
1997-09-16,217.0
1997-09-17,212.0
1997-09-18,206.0
1997-09-19,201.0
1997-09-20,178.0
1997-09-21,199.0
1997-09-22,206.0
1997-09-23,206.0
1997-09-24,156.0
1997-09-25,113.0
1997-09-26,85.0
1997-09-27,137.0
1997-09-28,133.0
1997-09-29,162.0
1997-09-30,96.0
1997-10-01,146.0
1997-10-02,63.0
1997-10-03,135.0
1997-10-04,146.0
1997-10-05,168.0
1997-10-06,157.0
1997-10-07,153.0
1997-10-08,140.0
1997-10-09,126.0
1997-10-10,120.0
1997-10-11,99.0
1997-10-12,70.0
1997-10-13,92.0
1997-10-14,59.0
1997-10-15,94.0
1997-10-16,82.0
1997-10-17,124.0
1997-10-18,138.0
1997-10-19,125.0
1997-10-20,136.0
1997-10-21,99.0
1997-10-22,100.0
1997-10-23,98.0
1997-10-24,77.0
1997-10-25,116.0
1997-10-26,101.0
1997-10-27,80.0
1997-10-28,101.0
1997-10-29,126.0
1997-10-30,100.0
1997-10-31,85.0
1997-11-01,105.0
1997-11-02,95.0
1997-11-03,67.0
1997-11-04,100.0
1997-11-05,91.0
1997-11-06,44.0
1997-11-07,54.0
1997-11-08,55.0
1997-11-09,79.0
1997-11-10,48.0
1997-11-11,71.0
1997-11-12,67.0
1997-11-13,54.0
1997-11-14,25.0
1997-11-15,17.0
1997-11-16,58.0
1997-11-17,43.0
1997-11-18,41.0
1997-11-19,47.0
1997-11-20,85.0
1997-11-21,39.0
1997-11-22,32.0
1997-11-23,36.0
1997-11-24,26.0
1997-11-25,30.0
1997-11-26,40.0
1997-11-27,28.0
1997-11-28,18.0
1997-11-29,27.0
1997-11-30,39.0
1997-12-01,31.0
1997-12-02,19.0
1997-12-03,39.0
1997-12-04,29.0
1997-12-05,22.0
1997-12-06,26.0
1997-12-07,68.0
1997-12-08,30.0
1997-12-09,22.0
1997-12-10,23.0
1997-12-11,34.0
1997-12-12,18.0
1997-12-13,27.0
1997-12-14,32.0
1997-12-15,31.0
1997-12-16,39.0
1997-12-17,60.0
1997-12-18,47.0
1997-12-19,26.0
1997-12-20,33.0
1997-12-21,33.0
1997-12-22,25.0
1997-12-23,30.0
1997-12-24,35.0
1997-12-25,24.0
1997-12-26,29.0
1997-12-27,28.0
1997-12-28,18.0
1997-12-29,26.0
1997-12-30,41.0
1997-12-31,50.0
1998-01-01,32.0
1998-01-02,44.0
1998-01-03,53.0
1998-01-04,41.0
1998-01-05,30.0
1998-01-06,30.0
1998-01-07,64.0
1998-01-08,60.0
1998-01-09,26.0
1998-01-10,26.0
1998-01-11,51.0
1998-01-12,59.0
1998-01-13,70.0
1998-01-14,49.0
1998-01-15,27.0
1998-01-16,31.0
1998-01-17,29.0
1998-01-18,76.0
1998-01-19,36.0
1998-01-20,13.0
1998-01-21,23.0
1998-01-22,23.0
1998-01-23,59.0
1998-01-24,66.0
1998-01-25,66.0
1998-01-26,66.0
1998-01-27,53.0
1998-01-28,40.0
1998-01-29,53.0
1998-01-30,62.0
1998-01-31,57.0
1998-02-01,92.0
1998-02-02,67.0
1998-02-03,78.0
1998-02-04,88.0
1998-02-05,91.0
1998-02-06,103.0
1998-02-07,100.0
1998-02-08,79.0
1998-02-09,106.0
1998-02-10,92.0
1998-02-11,113.0
1998-02-12,73.0
1998-02-13,50.0
1998-02-14,38.0
1998-02-15,56.0
1998-02-16,78.0
1998-02-17,85.0
1998-02-18,105.0
1998-02-19,134.0
1998-02-20,130.0
1998-02-21,141.0
1998-02-22,136.0
1998-02-23,108.0
1998-02-24,127.0
1998-02-25,122.0
1998-02-26,127.0
1998-02-27,124.0
1998-02-28,146.0
1998-03-01,59.0
1998-03-02,126.0
1998-03-03,136.0
1998-03-04,100.0
1998-03-05,61.0
1998-03-06,131.0
1998-03-07,71.0
1998-03-08,63.0
1998-03-09,87.0
1998-03-10,142.0
1998-03-11,151.0
1998-03-12,179.0
1998-03-13,128.0
1998-03-14,103.0
1998-03-15,182.0
1998-03-16,190.0
1998-03-17,191.0
1998-03-18,141.0
1998-03-19,108.0
1998-03-20,133.0
1998-03-21,159.0
1998-03-22,151.0
1998-03-23,192.0
1998-03-24,143.0
1998-03-25,158.0
1998-03-26,206.0
1998-03-27,218.0
1998-03-28,116.0
1998-03-29,172.0
1998-03-30,222.0
1998-03-31,213.0
1998-04-01,222.0
1998-04-02,186.0
1998-04-03,200.0
1998-04-04,151.0
1998-04-05,141.0
1998-04-06,96.0
1998-04-07,187.0
1998-04-08,177.0
1998-04-09,84.0
1998-04-10,153.0
1998-04-11,124.0
1998-04-12,180.0
1998-04-13,148.0
1998-04-14,153.0
1998-04-15,226.0
1998-04-16,115.0
1998-04-17,123.0
1998-04-18,137.0
1998-04-19,90.0
1998-04-20,101.0
1998-04-21,77.0
1998-04-22,179.0
1998-04-23,215.0
1998-04-24,263.0
1998-04-25,212.0
1998-04-26,262.0
1998-04-27,287.0
1998-04-28,261.0
1998-04-29,184.0
1998-04-30,156.0
1998-05-01,167.0
1998-05-02,161.0
1998-05-03,177.0
1998-05-04,74.0
1998-05-05,137.0
1998-05-06,235.0
1998-05-07,261.0
1998-05-08,291.0
1998-05-09,300.0
1998-05-10,297.0
1998-05-11,277.0
1998-05-12,272.0
1998-05-13,257.0
1998-05-14,276.0
1998-05-15,189.0
1998-05-16,166.0
1998-05-17,161.0
1998-05-18,145.0
1998-05-19,78.0
1998-05-20,184.0
1998-05-21,285.0
1998-05-22,229.0
1998-05-23,248.0
1998-05-24,266.0
1998-05-25,171.0
1998-05-26,186.0
1998-05-27,251.0
1998-05-28,306.0
1998-05-29,308.0
1998-05-30,288.0
1998-05-31,258.0
1998-06-01,244.0
1998-06-02,233.0
1998-06-03,286.0
1998-06-04,309.0
1998-06-05,306.0
1998-06-06,322.0
1998-06-07,321.0
1998-06-08,340.0
1998-06-09,228.0
1998-06-10,244.0
1998-06-11,282.0
1998-06-12,214.0
1998-06-13,213.0
1998-06-14,105.0
1998-06-15,195.0
1998-06-16,217.0
1998-06-17,274.0
1998-06-18,153.0
1998-06-19,191.0
1998-06-20,165.0
1998-06-21,227.0
1998-06-22,276.0
1998-06-23,239.0
1998-06-24,166.0
1998-06-25,221.0
1998-06-26,258.0
1998-06-27,248.0
1998-06-28,300.0
1998-06-29,314.0
1998-06-30,237.0
1998-07-01,272.0
1998-07-02,186.0
1998-07-03,223.0
1998-07-04,235.0
1998-07-05,214.0
1998-07-06,214.0
1998-07-07,218.0
1998-07-08,108.0
1998-07-09,150.0
1998-07-10,166.0
1998-07-11,277.0
1998-07-12,161.0
1998-07-13,227.0
1998-07-14,327.0
1998-07-15,187.0
1998-07-16,196.0
1998-07-17,216.0
1998-07-18,276.0
1998-07-19,297.0
1998-07-20,301.0
1998-07-21,322.0
1998-07-22,313.0
1998-07-23,312.0
1998-07-24,268.0
1998-07-25,295.0
1998-07-26,195.0
1998-07-27,265.0
1998-07-28,209.0
1998-07-29,231.0
1998-07-30,290.0
1998-07-31,308.0
1998-08-01,254.0
1998-08-02,273.0
1998-08-03,288.0
1998-08-04,235.0
1998-08-05,159.0
1998-08-06,302.0
1998-08-07,305.0
1998-08-08,279.0
1998-08-09,286.0
1998-08-10,303.0
1998-08-11,304.0
1998-08-12,265.0
1998-08-13,246.0
1998-08-14,210.0
1998-08-15,277.0
1998-08-16,259.0
1998-08-17,257.0
1998-08-18,224.0
1998-08-19,187.0
1998-08-20,199.0
1998-08-21,163.0
1998-08-22,94.0
1998-08-23,164.0
1998-08-24,220.0
1998-08-25,237.0
1998-08-26,254.0
1998-08-27,245.0
1998-08-28,140.0
1998-08-29,161.0
1998-08-30,190.0
1998-08-31,198.0
1998-09-01,204.0
1998-09-02,217.0
1998-09-03,128.0
1998-09-04,144.0
1998-09-05,192.0
1998-09-06,37.0
1998-09-07,106.0
1998-09-08,249.0
1998-09-09,205.0
1998-09-10,210.0
1998-09-11,215.0
1998-09-12,189.0
1998-09-13,75.0
1998-09-14,47.0
1998-09-15,176.0
1998-09-16,142.0
1998-09-17,59.0
1998-09-18,139.0
1998-09-19,135.0
1998-09-20,105.0
1998-09-21,159.0
1998-09-22,170.0
1998-09-23,168.0
1998-09-24,193.0
1998-09-25,191.0
1998-09-26,112.0
1998-09-27,67.0
1998-09-28,83.0
1998-09-29,64.0
1998-09-30,125.0
1998-10-01,73.0
1998-10-02,38.0
1998-10-03,74.0
1998-10-04,83.0
1998-10-05,118.0
1998-10-06,98.0
1998-10-07,112.0
1998-10-08,48.0
1998-10-09,90.0
1998-10-10,114.0
1998-10-11,117.0
1998-10-12,39.0
1998-10-13,91.0
1998-10-14,150.0
1998-10-15,46.0
1998-10-16,103.0
1998-10-17,144.0
1998-10-18,103.0
1998-10-19,52.0
1998-10-20,32.0
1998-10-21,115.0
1998-10-22,114.0
1998-10-23,120.0
1998-10-24,141.0
1998-10-25,42.0
1998-10-26,91.0
1998-10-27,97.0
1998-10-28,70.0
1998-10-29,47.0
1998-10-30,103.0
1998-10-31,97.0
1998-11-01,32.0
1998-11-02,89.0
1998-11-03,54.0
1998-11-04,34.0
1998-11-05,29.0
1998-11-06,101.0
1998-11-07,89.0
1998-11-08,91.0
1998-11-09,74.0
1998-11-10,40.0
1998-11-11,28.0
1998-11-12,55.0
1998-11-13,83.0
1998-11-14,44.0
1998-11-15,22.0
1998-11-16,62.0
1998-11-17,70.0
1998-11-18,60.0
1998-11-19,81.0
1998-11-20,49.0
1998-11-21,41.0
1998-11-22,70.0
1998-11-23,48.0
1998-11-24,47.0
1998-11-25,42.0
1998-11-26,23.0
1998-11-27,21.0
1998-11-28,41.0
1998-11-29,18.0
1998-11-30,29.0
1998-12-01,28.0
1998-12-02,50.0
1998-12-03,40.0
1998-12-04,22.0
1998-12-05,19.0
1998-12-06,42.0
1998-12-07,54.0
1998-12-08,62.0
1998-12-09,33.0
1998-12-10,27.0
1998-12-11,62.0
1998-12-12,47.0
1998-12-13,32.0
1998-12-14,54.0
1998-12-15,25.0
1998-12-16,23.0
1998-12-17,49.0
1998-12-18,22.0
1998-12-19,27.0
1998-12-20,26.0
1998-12-21,22.0
1998-12-22,59.0
1998-12-23,68.0
1998-12-24,40.0
1998-12-25,38.0
1998-12-26,40.0
1998-12-27,40.0
1998-12-28,62.0
1998-12-29,54.0
1998-12-30,50.0
1998-12-31,56.0
1999-01-01,48.0
1999-01-02,44.0
1999-01-03,35.0
1999-01-04,31.0
1999-01-05,19.0
1999-01-06,55.0
1999-01-07,46.0
1999-01-08,28.0
1999-01-09,26.0
1999-01-10,36.0
1999-01-11,19.0
1999-01-12,32.0
1999-01-13,32.0
1999-01-14,71.0
1999-01-15,57.0
1999-01-16,58.0
1999-01-17,65.0
1999-01-18,81.0
1999-01-19,73.0
1999-01-20,43.0
1999-01-21,42.0
1999-01-22,34.0
1999-01-23,20.0
1999-01-24,22.0
1999-01-25,17.0
1999-01-26,18.0
1999-01-27,23.0
1999-01-28,41.0
1999-01-29,35.0
1999-01-30,60.0
1999-01-31,29.0
1999-02-01,71.0
1999-02-02,37.0
1999-02-03,58.0
1999-02-04,47.0
1999-02-05,59.0
1999-02-06,97.0
1999-02-07,94.0
1999-02-08,38.0
1999-02-09,75.0
1999-02-10,29.0
1999-02-11,34.0
1999-02-12,38.0
1999-02-13,41.0
1999-02-14,56.0
1999-02-15,70.0
1999-02-16,103.0
1999-02-17,83.0
1999-02-18,114.0
1999-02-19,102.0
1999-02-20,73.0
1999-02-21,76.0
1999-02-22,33.0
1999-02-23,107.0
1999-02-24,120.0
1999-02-25,128.0
1999-02-26,139.0
1999-02-27,152.0
1999-02-28,154.0
1999-03-01,136.0
1999-03-02,95.0
1999-03-03,134.0
1999-03-04,114.0
1999-03-05,44.0
1999-03-06,95.0
1999-03-07,87.0
1999-03-08,62.0
1999-03-09,86.0
1999-03-10,100.0
1999-03-11,119.0
1999-03-12,155.0
1999-03-13,165.0
1999-03-14,163.0
1999-03-15,110.0
1999-03-16,101.0
1999-03-17,168.0
1999-03-18,187.0
1999-03-19,143.0
1999-03-20,186.0
1999-03-21,147.0
1999-03-22,121.0
1999-03-23,140.0
1999-03-24,215.0
1999-03-25,228.0
1999-03-26,196.0
1999-03-27,184.0
1999-03-28,127.0
1999-03-29,90.0
1999-03-30,179.0
1999-03-31,204.0
1999-04-01,189.0
1999-04-02,70.0
1999-04-03,211.0
1999-04-04,233.0
1999-04-05,250.0
1999-04-06,240.0
1999-04-07,173.0
1999-04-08,169.0
1999-04-09,226.0
1999-04-10,208.0
1999-04-11,165.0
1999-04-12,155.0
1999-04-13,125.0
1999-04-14,239.0
1999-04-15,234.0
1999-04-16,237.0
1999-04-17,88.0
1999-04-18,83.0
1999-04-19,194.0
1999-04-20,219.0
1999-04-21,246.0
1999-04-22,104.0
1999-04-23,190.0
1999-04-24,94.0
1999-04-25,116.0
1999-04-26,143.0
1999-04-27,175.0
1999-04-28,203.0
1999-04-29,240.0
1999-04-30,262.0
1999-05-01,299.0
1999-05-02,227.0
1999-05-03,283.0
1999-05-04,223.0
1999-05-05,110.0
1999-05-06,234.0
1999-05-07,267.0
1999-05-08,261.0
1999-05-09,172.0
1999-05-10,296.0
1999-05-11,199.0
1999-05-12,142.0
1999-05-13,174.0
1999-05-14,145.0
1999-05-15,188.0
1999-05-16,235.0
1999-05-17,267.0
1999-05-18,213.0
1999-05-19,242.0
1999-05-20,310.0
1999-05-21,257.0
1999-05-22,193.0
1999-05-23,142.0
1999-05-24,234.0
1999-05-25,295.0
1999-05-26,294.0
1999-05-27,301.0
1999-05-28,329.0
1999-05-29,307.0
1999-05-30,285.0
1999-05-31,234.0
1999-06-01,207.0
1999-06-02,304.0
1999-06-03,193.0
1999-06-04,307.0
1999-06-05,175.0
1999-06-06,241.0
1999-06-07,315.0
1999-06-08,276.0
1999-06-09,141.0
1999-06-10,221.0
1999-06-11,311.0
1999-06-12,258.0
1999-06-13,172.0
1999-06-14,213.0
1999-06-15,257.0
1999-06-16,257.0
1999-06-17,220.0
1999-06-18,214.0
1999-06-19,207.0
1999-06-20,206.0
1999-06-21,254.0
1999-06-22,63.0
1999-06-23,74.0
1999-06-24,112.0
1999-06-25,216.0
1999-06-26,291.0
1999-06-27,356.0
1999-06-28,329.0
1999-06-29,284.0
1999-06-30,305.0
1999-07-01,267.0
1999-07-02,300.0
1999-07-03,294.0
1999-07-04,306.0
1999-07-05,334.0
1999-07-06,304.0
1999-07-07,264.0
1999-07-08,199.0
1999-07-09,228.0
1999-07-10,172.0
1999-07-11,187.0
1999-07-12,194.0
1999-07-13,198.0
1999-07-14,177.0
1999-07-15,228.0
1999-07-16,296.0
1999-07-17,279.0
1999-07-18,288.0
1999-07-19,310.0
1999-07-20,304.0
1999-07-21,319.0
1999-07-22,277.0
1999-07-23,108.0
1999-07-24,103.0
1999-07-25,290.0
1999-07-26,248.0
1999-07-27,175.0
1999-07-28,240.0
1999-07-29,269.0
1999-07-30,209.0
1999-07-31,208.0
1999-08-01,223.0
1999-08-02,209.0
1999-08-03,200.0
1999-08-04,235.0
1999-08-05,275.0
1999-08-06,235.0
1999-08-07,260.0
1999-08-08,269.0
1999-08-09,264.0
1999-08-10,273.0
1999-08-11,188.0
1999-08-12,225.0
1999-08-13,113.0
1999-08-14,253.0
1999-08-15,265.0
1999-08-16,199.0
1999-08-17,238.0
1999-08-18,224.0
1999-08-19,251.0
1999-08-20,168.0
1999-08-21,208.0
1999-08-22,220.0
1999-08-23,256.0
1999-08-24,224.0
1999-08-25,245.0
1999-08-26,251.0
1999-08-27,243.0
1999-08-28,248.0
1999-08-29,171.0
1999-08-30,164.0
1999-08-31,55.0
1999-09-01,204.0
1999-09-02,186.0
1999-09-03,181.0
1999-09-04,141.0
1999-09-05,212.0
1999-09-06,221.0
1999-09-07,232.0
1999-09-08,105.0
1999-09-09,163.0
1999-09-10,206.0
1999-09-11,221.0
1999-09-12,215.0
1999-09-13,212.0
1999-09-14,205.0
1999-09-15,207.0
1999-09-16,169.0
1999-09-17,189.0
1999-09-18,127.0
1999-09-19,137.0
1999-09-20,133.0
1999-09-21,130.0
1999-09-22,160.0
1999-09-23,172.0
1999-09-24,164.0
1999-09-25,161.0
1999-09-26,152.0
1999-09-27,168.0
1999-09-28,152.0
1999-09-29,103.0
1999-09-30,168.0
1999-10-01,156.0
1999-10-02,152.0
1999-10-03,148.0
1999-10-04,133.0
1999-10-05,51.0
1999-10-06,22.0
1999-10-07,123.0
1999-10-08,128.0
1999-10-09,87.0
1999-10-10,53.0
1999-10-11,92.0
1999-10-12,79.0
1999-10-13,119.0
1999-10-14,52.0
1999-10-15,122.0
1999-10-16,101.0
1999-10-17,102.0
1999-10-18,115.0
1999-10-19,73.0
1999-10-20,66.0
1999-10-21,79.0
1999-10-22,92.0
1999-10-23,76.0
1999-10-24,67.0
1999-10-25,75.0
1999-10-26,63.0
1999-10-27,96.0
1999-10-28,93.0
1999-10-29,70.0
1999-10-30,100.0
1999-10-31,72.0
1999-11-01,100.0
1999-11-02,102.0
1999-11-03,80.0
1999-11-04,87.0
1999-11-05,80.0
1999-11-06,60.0
1999-11-07,74.0
1999-11-08,52.0
1999-11-09,27.0
1999-11-10,21.0
1999-11-11,38.0
1999-11-12,66.0
1999-11-13,44.0
1999-11-14,29.0
1999-11-15,33.0
1999-11-16,79.0
1999-11-17,19.0
1999-11-18,27.0
1999-11-19,33.0
1999-11-20,49.0
1999-11-21,24.0
1999-11-22,19.0
1999-11-23,29.0
1999-11-24,29.0
1999-11-25,49.0
1999-11-26,24.0
1999-11-27,49.0
1999-11-28,32.0
1999-11-29,29.0
1999-11-30,29.0
1999-12-01,21.0
1999-12-02,45.0
1999-12-03,63.0
1999-12-04,29.0
1999-12-05,18.0
1999-12-06,63.0
1999-12-07,35.0
1999-12-08,48.0
1999-12-09,48.0
1999-12-10,42.0
1999-12-11,23.0
1999-12-12,21.0
1999-12-13,21.0
1999-12-14,64.0
1999-12-15,31.0
1999-12-16,19.0
1999-12-17,37.0
1999-12-18,23.0
1999-12-19,16.0
1999-12-20,21.0
1999-12-21,50.0
1999-12-22,62.0
1999-12-23,47.0
1999-12-24,50.0
1999-12-25,43.0
1999-12-26,42.0
1999-12-27,25.0
1999-12-28,23.0
1999-12-29,38.0
1999-12-30,46.0
1999-12-31,37.0
2000-01-01,58.0
2000-01-02,31.0
2000-01-03,19.0
2000-01-04,20.0
2000-01-05,25.0
2000-01-06,31.0
2000-01-07,35.0
2000-01-08,23.0
2000-01-09,19.0
2000-01-10,23.0
2000-01-11,31.0
2000-01-12,36.0
2000-01-13,42.0
2000-01-14,38.0
2000-01-15,53.0
2000-01-16,43.0
2000-01-17,22.0
2000-01-18,41.0
2000-01-19,64.0
2000-01-20,67.0
2000-01-21,34.0
2000-01-22,79.0
2000-01-23,43.0
2000-01-24,69.0
2000-01-25,79.0
2000-01-26,46.0
2000-01-27,33.0
2000-01-28,62.0
2000-01-29,64.0
2000-01-30,65.0
2000-01-31,43.0
2000-02-01,73.0
2000-02-02,73.0
2000-02-03,84.0
2000-02-04,117.0
2000-02-05,43.0
2000-02-06,64.0
2000-02-07,79.0
2000-02-08,61.0
2000-02-09,45.0
2000-02-10,101.0
2000-02-11,86.0
2000-02-12,72.0
2000-02-13,88.0
2000-02-14,92.0
2000-02-15,119.0
2000-02-16,88.0
2000-02-17,41.0
2000-02-18,110.0
2000-02-19,64.0
2000-02-20,48.0
2000-02-21,94.0
2000-02-22,125.0
2000-02-23,96.0
2000-02-24,100.0
2000-02-25,47.0
2000-02-26,115.0
2000-02-27,118.0
2000-02-28,158.0
2000-02-29,152.0
2000-03-01,47.0
2000-03-02,54.0
2000-03-03,146.0
2000-03-04,63.0
2000-03-05,131.0
2000-03-06,146.0
2000-03-07,166.0
2000-03-08,100.0
2000-03-09,82.0
2000-03-10,135.0
2000-03-11,73.0
2000-03-12,134.0
2000-03-13,202.0
2000-03-14,123.0
2000-03-15,106.0
2000-03-16,101.0
2000-03-17,142.0
2000-03-18,98.0
2000-03-19,107.0
2000-03-20,119.0
2000-03-21,179.0
2000-03-22,132.0
2000-03-23,188.0
2000-03-24,106.0
2000-03-25,87.0
2000-03-26,137.0
2000-03-27,99.0
2000-03-28,138.0
2000-03-29,175.0
2000-03-30,152.0
2000-03-31,163.0
2000-04-01,169.0
2000-04-02,79.0
2000-04-03,139.0
2000-04-04,126.0
2000-04-05,59.0
2000-04-06,103.0
2000-04-07,214.0
2000-04-08,186.0
2000-04-09,190.0
2000-04-10,218.0
2000-04-11,124.0
2000-04-12,183.0
2000-04-13,204.0
2000-04-14,225.0
2000-04-15,186.0
2000-04-16,218.0
2000-04-17,208.0
2000-04-18,260.0
2000-04-19,258.0
2000-04-20,227.0
2000-04-21,269.0
2000-04-22,259.0
2000-04-23,253.0
2000-04-24,251.0
2000-04-25,107.0
2000-04-26,146.0
2000-04-27,256.0
2000-04-28,268.0
2000-04-29,276.0
2000-04-30,250.0
2000-05-01,239.0
2000-05-02,287.0
2000-05-03,254.0
2000-05-04,301.0
2000-05-05,291.0
2000-05-06,283.0
2000-05-07,282.0
2000-05-08,271.0
2000-05-09,275.0
2000-05-10,257.0
2000-05-11,293.0
2000-05-12,266.0
2000-05-13,284.0
2000-05-14,313.0
2000-05-15,310.0
2000-05-16,316.0
2000-05-17,323.0
2000-05-18,333.0
2000-05-19,257.0
2000-05-20,242.0
2000-05-21,226.0
2000-05-22,226.0
2000-05-23,147.0
2000-05-24,288.0
2000-05-25,269.0
2000-05-26,317.0
2000-05-27,312.0
2000-05-28,334.0
2000-05-29,180.0
2000-05-30,224.0
2000-05-31,156.0
2000-06-01,240.0
2000-06-02,307.0
2000-06-03,348.0
2000-06-04,339.0
2000-06-05,317.0
2000-06-06,293.0
2000-06-07,189.0
2000-06-08,265.0
2000-06-09,323.0
2000-06-10,352.0
2000-06-11,326.0
2000-06-12,308.0
2000-06-13,299.0
2000-06-14,254.0
2000-06-15,272.0
2000-06-16,233.0
2000-06-17,261.0
2000-06-18,241.0
2000-06-19,302.0
2000-06-20,331.0
2000-06-21,326.0
2000-06-22,317.0
2000-06-23,342.0
2000-06-24,262.0
2000-06-25,185.0
2000-06-26,233.0
2000-06-27,243.0
2000-06-28,288.0
2000-06-29,247.0
2000-06-30,271.0
2000-07-01,290.0
2000-07-02,277.0
2000-07-03,290.0
2000-07-04,283.0
2000-07-05,311.0
2000-07-06,318.0
2000-07-07,283.0
2000-07-08,274.0
2000-07-09,96.0
2000-07-10,190.0
2000-07-11,266.0
2000-07-12,250.0
2000-07-13,178.0
2000-07-14,231.0
2000-07-15,139.0
2000-07-16,108.0
2000-07-17,147.0
2000-07-18,158.0
2000-07-19,208.0
2000-07-20,198.0
2000-07-21,232.0
2000-07-22,262.0
2000-07-23,250.0
2000-07-24,173.0
2000-07-25,274.0
2000-07-26,246.0
2000-07-27,255.0
2000-07-28,260.0
2000-07-29,184.0
2000-07-30,226.0
2000-07-31,226.0
2000-08-01,252.0
2000-08-02,261.0
2000-08-03,281.0
2000-08-04,289.0
2000-08-05,236.0
2000-08-06,263.0
2000-08-07,212.0
2000-08-08,250.0
2000-08-09,256.0
2000-08-10,260.0
2000-08-11,252.0
2000-08-12,277.0
2000-08-13,220.0
2000-08-14,245.0
2000-08-15,248.0
2000-08-16,281.0
2000-08-17,268.0
2000-08-18,257.0
2000-08-19,271.0
2000-08-20,278.0
2000-08-21,263.0
2000-08-22,271.0
2000-08-23,241.0
2000-08-24,252.0
2000-08-25,208.0
2000-08-26,168.0
2000-08-27,228.0
2000-08-28,257.0
2000-08-29,173.0
2000-08-30,208.0
2000-08-31,84.0
2000-09-01,56.0
2000-09-02,208.0
2000-09-03,160.0
2000-09-04,132.0
2000-09-05,124.0
2000-09-06,175.0
2000-09-07,168.0
2000-09-08,220.0
2000-09-09,244.0
2000-09-10,221.0
2000-09-11,183.0
2000-09-12,193.0
2000-09-13,192.0
2000-09-14,144.0
2000-09-15,151.0
2000-09-16,123.0
2000-09-17,132.0
2000-09-18,142.0
2000-09-19,161.0
2000-09-20,118.0
2000-09-21,101.0
2000-09-22,57.0
2000-09-23,42.0
2000-09-24,94.0
2000-09-25,133.0
2000-09-26,176.0
2000-09-27,178.0
2000-09-28,175.0
2000-09-29,169.0
2000-09-30,166.0
2000-10-01,126.0
2000-10-02,63.0
2000-10-03,146.0
2000-10-04,159.0
2000-10-05,146.0
2000-10-06,120.0
2000-10-07,125.0
2000-10-08,146.0
2000-10-09,105.0
2000-10-10,80.0
2000-10-11,77.0
2000-10-12,84.0
2000-10-13,138.0
2000-10-14,132.0
2000-10-15,141.0
2000-10-16,119.0
2000-10-17,89.0
2000-10-18,94.0
2000-10-19,36.0
2000-10-20,107.0
2000-10-21,125.0
2000-10-22,123.0
2000-10-23,125.0
2000-10-24,128.0
2000-10-25,78.0
2000-10-26,102.0
2000-10-27,42.0
2000-10-28,65.0
2000-10-29,114.0
2000-10-30,76.0
2000-10-31,99.0
2000-11-01,63.0
2000-11-02,76.0
2000-11-03,74.0
2000-11-04,42.0
2000-11-05,83.0
2000-11-06,99.0
2000-11-07,25.0
2000-11-08,63.0
2000-11-09,63.0
2000-11-10,47.0
2000-11-11,63.0
2000-11-12,74.0
2000-11-13,51.0
2000-11-14,73.0
2000-11-15,61.0
2000-11-16,33.0
2000-11-17,55.0
2000-11-18,46.0
2000-11-19,63.0
2000-11-20,51.0
2000-11-21,62.0
2000-11-22,79.0
2000-11-23,65.0
2000-11-24,58.0
2000-11-25,56.0
2000-11-26,24.0
2000-11-27,35.0
2000-11-28,76.0
2000-11-29,49.0
2000-11-30,66.0
2000-12-01,57.0
2000-12-02,54.0
2000-12-03,53.0
2000-12-04,48.0
2000-12-05,43.0
2000-12-06,31.0
2000-12-07,33.0
2000-12-08,22.0
2000-12-09,46.0
2000-12-10,16.0
2000-12-11,39.0
2000-12-12,37.0
2000-12-13,25.0
2000-12-14,42.0
2000-12-15,26.0
2000-12-16,37.0
2000-12-17,53.0
2000-12-18,54.0
2000-12-19,28.0
2000-12-20,46.0
2000-12-21,42.0
2000-12-22,59.0
2000-12-23,50.0
2000-12-24,57.0
2000-12-25,32.0
2000-12-26,19.0
2000-12-27,26.0
2000-12-28,20.0
2000-12-29,34.0
2000-12-30,21.0
2000-12-31,53.0
2001-01-01,65.0
2001-01-02,53.0
2001-01-03,26.0
2001-01-04,30.0
2001-01-05,28.0
2001-01-06,23.0
2001-01-07,38.0
2001-01-08,25.0
2001-01-09,17.0
2001-01-10,41.0
2001-01-11,31.0
2001-01-12,52.0
2001-01-13,53.0
2001-01-14,72.0
2001-01-15,75.0
2001-01-16,64.0
2001-01-17,73.0
2001-01-18,87.0
2001-01-19,84.0
2001-01-20,60.0
2001-01-21,60.0
2001-01-22,47.0
2001-01-23,27.0
2001-01-24,44.0
2001-01-25,30.0
2001-01-26,26.0
2001-01-27,56.0
2001-01-28,56.0
2001-01-29,29.0
2001-01-30,22.0
2001-01-31,25.0
2001-02-01,58.0
2001-02-02,84.0
2001-02-03,80.0
2001-02-04,40.0
2001-02-05,41.0
2001-02-06,80.0
2001-02-07,79.0
2001-02-08,82.0
2001-02-09,117.0
2001-02-10,73.0
2001-02-11,94.0
2001-02-12,99.0
2001-02-13,58.0
2001-02-14,57.0
2001-02-15,121.0
2001-02-16,130.0
2001-02-17,114.0
2001-02-18,72.0
2001-02-19,107.0
2001-02-20,68.0
2001-02-21,53.0
2001-02-22,94.0
2001-02-23,119.0
2001-02-24,85.0
2001-02-25,105.0
2001-02-26,59.0
2001-02-27,130.0
2001-02-28,136.0
2001-03-01,36.0
2001-03-02,82.0
2001-03-03,30.0
2001-03-04,71.0
2001-03-05,57.0
2001-03-06,129.0
2001-03-07,167.0
2001-03-08,130.0
2001-03-09,82.0
2001-03-10,94.0
2001-03-11,117.0
2001-03-12,133.0
2001-03-13,92.0
2001-03-14,114.0
2001-03-15,158.0
2001-03-16,162.0
2001-03-17,175.0
2001-03-18,106.0
2001-03-19,59.0
2001-03-20,155.0
2001-03-21,73.0
2001-03-22,67.0
2001-03-23,129.0
2001-03-24,90.0
2001-03-25,156.0
2001-03-26,127.0
2001-03-27,81.0
2001-03-28,49.0
2001-03-29,90.0
2001-03-30,179.0
2001-03-31,197.0
2001-04-01,204.0
2001-04-02,225.0
2001-04-03,239.0
2001-04-04,223.0
2001-04-05,172.0
2001-04-06,131.0
2001-04-07,201.0
2001-04-08,145.0
2001-04-09,70.0
2001-04-10,100.0
2001-04-11,192.0
2001-04-12,145.0
2001-04-13,193.0
2001-04-14,202.0
2001-04-15,246.0
2001-04-16,185.0
2001-04-17,112.0
2001-04-18,143.0
2001-04-19,216.0
2001-04-20,136.0
2001-04-21,74.0
2001-04-22,103.0
2001-04-23,93.0
2001-04-24,85.0
2001-04-25,205.0
2001-04-26,224.0
2001-04-27,277.0
2001-04-28,256.0
2001-04-29,269.0
2001-04-30,280.0
2001-05-01,290.0
2001-05-02,287.0
2001-05-03,298.0
2001-05-04,307.0
2001-05-05,223.0
2001-05-06,261.0
2001-05-07,171.0
2001-05-08,258.0
2001-05-09,298.0
2001-05-10,262.0
2001-05-11,202.0
2001-05-12,189.0
2001-05-13,249.0
2001-05-14,295.0
2001-05-15,310.0
2001-05-16,264.0
2001-05-17,260.0
2001-05-18,256.0
2001-05-19,189.0
2001-05-20,267.0
2001-05-21,288.0
2001-05-22,227.0
2001-05-23,247.0
2001-05-24,341.0
2001-05-25,290.0
2001-05-26,289.0
2001-05-27,332.0
2001-05-28,190.0
2001-05-29,244.0
2001-05-30,312.0
2001-05-31,262.0
2001-06-01,216.0
2001-06-02,261.0
2001-06-03,163.0
2001-06-04,97.0
2001-06-05,234.0
2001-06-06,298.0
2001-06-07,243.0
2001-06-08,246.0
2001-06-09,250.0
2001-06-10,219.0
2001-06-11,184.0
2001-06-12,276.0
2001-06-13,264.0
2001-06-14,137.0
2001-06-15,200.0
2001-06-16,321.0
2001-06-17,223.0
2001-06-18,148.0
2001-06-19,133.0
2001-06-20,130.0
2001-06-21,148.0
2001-06-22,242.0
2001-06-23,233.0
2001-06-24,176.0
2001-06-25,220.0
2001-06-26,283.0
2001-06-27,322.0
2001-06-28,327.0
2001-06-29,169.0
2001-06-30,242.0
2001-07-01,269.0
2001-07-02,170.0
2001-07-03,158.0
2001-07-04,215.0
2001-07-05,228.0
2001-07-06,277.0
2001-07-07,290.0
2001-07-08,283.0
2001-07-09,291.0
2001-07-10,289.0
2001-07-11,312.0
2001-07-12,265.0
2001-07-13,244.0
2001-07-14,273.0
2001-07-15,256.0
2001-07-16,315.0
2001-07-17,173.0
2001-07-18,217.0
2001-07-19,283.0
2001-07-20,282.0
2001-07-21,138.0
2001-07-22,119.0
2001-07-23,148.0
2001-07-24,176.0
2001-07-25,149.0
2001-07-26,204.0
2001-07-27,189.0
2001-07-28,200.0
2001-07-29,277.0
2001-07-30,267.0
2001-07-31,297.0
2001-08-01,269.0
2001-08-02,289.0
2001-08-03,280.0
2001-08-04,283.0
2001-08-05,266.0
2001-08-06,271.0
2001-08-07,280.0
2001-08-08,284.0
2001-08-09,285.0
2001-08-10,287.0
2001-08-11,98.0
2001-08-12,216.0
2001-08-13,301.0
2001-08-14,236.0
2001-08-15,259.0
2001-08-16,267.0
2001-08-17,250.0
2001-08-18,243.0
2001-08-19,251.0
2001-08-20,218.0
2001-08-21,161.0
2001-08-22,212.0
2001-08-23,168.0
2001-08-24,228.0
2001-08-25,245.0
2001-08-26,236.0
2001-08-27,248.0
2001-08-28,196.0
2001-08-29,186.0
2001-08-30,227.0
2001-08-31,230.0
2001-09-01,156.0
2001-09-02,145.0
2001-09-03,192.0
2001-09-04,226.0
2001-09-05,107.0
2001-09-06,75.0
2001-09-07,105.0
2001-09-08,73.0
2001-09-09,58.0
2001-09-10,126.0
2001-09-11,33.0
2001-09-12,155.0
2001-09-13,162.0
2001-09-14,158.0
2001-09-15,107.0
2001-09-16,81.0
2001-09-17,78.0
2001-09-18,111.0
2001-09-19,147.0
2001-09-20,169.0
2001-09-21,156.0
2001-09-22,148.0
2001-09-23,107.0
2001-09-24,95.0
2001-09-25,94.0
2001-09-26,80.0
2001-09-27,114.0
2001-09-28,140.0
2001-09-29,170.0
2001-09-30,80.0
2001-10-01,98.0
2001-10-02,138.0
2001-10-03,147.0
2001-10-04,162.0
2001-10-05,89.0
2001-10-06,117.0
2001-10-07,123.0
2001-10-08,114.0
2001-10-09,135.0
2001-10-10,125.0
2001-10-11,121.0
2001-10-12,123.0
2001-10-13,142.0
2001-10-14,136.0
2001-10-15,135.0
2001-10-16,126.0
2001-10-17,88.0
2001-10-18,72.0
2001-10-19,46.0
2001-10-20,58.0
2001-10-21,80.0
2001-10-22,56.0
2001-10-23,59.0
2001-10-24,88.0
2001-10-25,75.0
2001-10-26,94.0
2001-10-27,110.0
2001-10-28,92.0
2001-10-29,56.0
2001-10-30,41.0
2001-10-31,94.0
2001-11-01,38.0
2001-11-02,95.0
2001-11-03,107.0
2001-11-04,78.0
2001-11-05,76.0
2001-11-06,70.0
2001-11-07,54.0
2001-11-08,51.0
2001-11-09,52.0
2001-11-10,49.0
2001-11-11,32.0
2001-11-12,20.0
2001-11-13,10.0
2001-11-14,8.0
2001-11-15,71.0
2001-11-16,75.0
2001-11-17,84.0
2001-11-18,81.0
2001-11-19,34.0
2001-11-20,42.0
2001-11-21,55.0
2001-11-22,54.0
2001-11-23,31.0
2001-11-24,37.0
2001-11-25,36.0
2001-11-26,30.0
2001-11-27,40.0
2001-11-28,25.0
2001-11-29,36.0
2001-11-30,32.0
2001-12-01,53.0
2001-12-02,52.0
2001-12-03,33.0
2001-12-04,24.0
2001-12-05,15.0
2001-12-06,22.0
2001-12-07,46.0
2001-12-08,56.0
2001-12-09,55.0
2001-12-10,25.0
2001-12-11,28.0
2001-12-12,31.0
2001-12-13,44.0
2001-12-14,56.0
2001-12-15,38.0
2001-12-16,39.0
2001-12-17,60.0
2001-12-18,26.0
2001-12-19,23.0
2001-12-20,35.0
2001-12-21,68.0
2001-12-22,38.0
2001-12-23,21.0
2001-12-24,56.0
2001-12-25,41.0
2001-12-26,25.0
2001-12-27,26.0
2001-12-28,43.0
2001-12-29,34.0
2001-12-30,28.0
2001-12-31,30.0
2002-01-01,66.0
2002-01-02,42.0
2002-01-03,54.0
2002-01-04,58.0
2002-01-05,26.0
2002-01-06,60.0
2002-01-07,29.0
2002-01-08,30.0
2002-01-09,37.0
2002-01-10,13.0
2002-01-11,21.0
2002-01-12,17.0
2002-01-13,19.0
2002-01-14,22.0
2002-01-15,26.0
2002-01-16,31.0
2002-01-17,28.0
2002-01-18,32.0
2002-01-19,39.0
2002-01-20,38.0
2002-01-21,45.0
2002-01-22,70.0
2002-01-23,66.0
2002-01-24,50.0
2002-01-25,56.0
2002-01-26,56.0
2002-01-27,51.0
2002-01-28,55.0
2002-01-29,81.0
2002-01-30,89.0
2002-01-31,63.0
2002-02-01,67.0
2002-02-02,73.0
2002-02-03,63.0
2002-02-04,84.0
2002-02-05,67.0
2002-02-06,52.0
2002-02-07,51.0
2002-02-08,32.0
2002-02-09,52.0
2002-02-10,26.0
2002-02-11,103.0
2002-02-12,48.0
2002-02-13,74.0
2002-02-14,88.0
2002-02-15,142.0
2002-02-16,128.0
2002-02-17,126.0
2002-02-18,55.0
2002-02-19,70.0
2002-02-20,75.0
2002-02-21,40.0
2002-02-22,110.0
2002-02-23,78.0
2002-02-24,66.0
2002-02-25,114.0
2002-02-26,84.0
2002-02-27,71.0
2002-02-28,48.0
2002-03-01,84.0
2002-03-02,52.0
2002-03-03,85.0
2002-03-04,154.0
2002-03-05,163.0
2002-03-06,104.0
2002-03-07,98.0
2002-03-08,152.0
2002-03-09,167.0
2002-03-10,132.0
2002-03-11,161.0
2002-03-12,176.0
2002-03-13,169.0
2002-03-14,175.0
2002-03-15,162.0
2002-03-16,91.0
2002-03-17,105.0
2002-03-18,177.0
2002-03-19,168.0
2002-03-20,113.0
2002-03-21,87.0
2002-03-22,132.0
2002-03-23,149.0
2002-03-24,118.0
2002-03-25,66.0
2002-03-26,178.0
2002-03-27,197.0
2002-03-28,207.0
2002-03-29,188.0
2002-03-30,216.0
2002-03-31,228.0
2002-04-01,221.0
2002-04-02,197.0
2002-04-03,211.0
2002-04-04,207.0
2002-04-05,167.0
2002-04-06,154.0
2002-04-07,167.0
2002-04-08,196.0
2002-04-09,184.0
2002-04-10,106.0
2002-04-11,152.0
2002-04-12,74.0
2002-04-13,159.0
2002-04-14,113.0
2002-04-15,206.0
2002-04-16,246.0
2002-04-17,240.0
2002-04-18,220.0
2002-04-19,201.0
2002-04-20,233.0
2002-04-21,229.0
2002-04-22,231.0
2002-04-23,226.0
2002-04-24,193.0
2002-04-25,182.0
2002-04-26,223.0
2002-04-27,131.0
2002-04-28,233.0
2002-04-29,216.0
2002-04-30,179.0
2002-05-01,258.0
2002-05-02,255.0
2002-05-03,293.0
2002-05-04,292.0
2002-05-05,219.0
2002-05-06,194.0
2002-05-07,267.0
2002-05-08,287.0
2002-05-09,293.0
2002-05-10,212.0
2002-05-11,177.0
2002-05-12,205.0
2002-05-13,233.0
2002-05-14,243.0
2002-05-15,252.0
2002-05-16,243.0
2002-05-17,280.0
2002-05-18,281.0
2002-05-19,291.0
2002-05-20,245.0
2002-05-21,83.0
2002-05-22,169.0
2002-05-23,251.0
2002-05-24,229.0
2002-05-25,228.0
2002-05-26,255.0
2002-05-27,205.0
2002-05-28,266.0
2002-05-29,99.0
2002-05-30,106.0
2002-05-31,210.0
2002-06-01,259.0
2002-06-02,213.0
2002-06-03,104.0
2002-06-04,196.0
2002-06-05,257.0
2002-06-06,167.0
2002-06-07,173.0
2002-06-08,187.0
2002-06-09,215.0
2002-06-10,76.0
2002-06-11,78.0
2002-06-12,187.0
2002-06-13,303.0
2002-06-14,266.0
2002-06-15,263.0
2002-06-16,280.0
2002-06-17,261.0
2002-06-18,290.0
2002-06-19,339.0
2002-06-20,335.0
2002-06-21,337.0
2002-06-22,312.0
2002-06-23,321.0
2002-06-24,315.0
2002-06-25,266.0
2002-06-26,257.0
2002-06-27,317.0
2002-06-28,283.0
2002-06-29,219.0
2002-06-30,276.0
2002-07-01,300.0
2002-07-02,286.0
2002-07-03,286.0
2002-07-04,240.0
2002-07-05,265.0
2002-07-06,293.0
2002-07-07,206.0
2002-07-08,230.0
2002-07-09,293.0
2002-07-10,324.0
2002-07-11,322.0
2002-07-12,282.0
2002-07-13,272.0
2002-07-14,217.0
2002-07-15,272.0
2002-07-16,263.0
2002-07-17,281.0
2002-07-18,137.0
2002-07-19,132.0
2002-07-20,133.0
2002-07-21,243.0
2002-07-22,214.0
2002-07-23,268.0
2002-07-24,278.0
2002-07-25,200.0
2002-07-26,251.0
2002-07-27,285.0
2002-07-28,269.0
2002-07-29,259.0
2002-07-30,186.0
2002-07-31,219.0
2002-08-01,203.0
2002-08-02,217.0
2002-08-03,251.0
2002-08-04,297.0
2002-08-05,211.0
2002-08-06,244.0
2002-08-07,128.0
2002-08-08,72.0
2002-08-09,95.0
2002-08-10,183.0
2002-08-11,149.0
2002-08-12,185.0
2002-08-13,132.0
2002-08-14,123.0
2002-08-15,169.0
2002-08-16,175.0
2002-08-17,224.0
2002-08-18,249.0
2002-08-19,260.0
2002-08-20,225.0
2002-08-21,239.0
2002-08-22,233.0
2002-08-23,230.0
2002-08-24,240.0
2002-08-25,240.0
2002-08-26,238.0
2002-08-27,233.0
2002-08-28,215.0
2002-08-29,216.0
2002-08-30,227.0
2002-08-31,217.0
2002-09-01,230.0
2002-09-02,176.0
2002-09-03,203.0
2002-09-04,189.0
2002-09-05,199.0
2002-09-06,175.0
2002-09-07,192.0
2002-09-08,197.0
2002-09-09,206.0
2002-09-10,198.0
2002-09-11,173.0
2002-09-12,167.0
2002-09-13,129.0
2002-09-14,164.0
2002-09-15,89.0
2002-09-16,131.0
2002-09-17,132.0
2002-09-18,128.0
2002-09-19,150.0
2002-09-20,99.0
2002-09-21,91.0
2002-09-22,57.0
2002-09-23,74.0
2002-09-24,55.0
2002-09-25,73.0
2002-09-26,39.0
2002-09-27,122.0
2002-09-28,99.0
2002-09-29,125.0
2002-09-30,162.0
2002-10-01,163.0
2002-10-02,156.0
2002-10-03,135.0
2002-10-04,136.0
2002-10-05,130.0
2002-10-06,117.0
2002-10-07,76.0
2002-10-08,87.0
2002-10-09,128.0
2002-10-10,101.0
2002-10-11,31.0
2002-10-12,32.0
2002-10-13,23.0
2002-10-14,75.0
2002-10-15,49.0
2002-10-16,59.0
2002-10-17,112.0
2002-10-18,60.0
2002-10-19,97.0
2002-10-20,107.0
2002-10-21,97.0
2002-10-22,68.0
2002-10-23,96.0
2002-10-24,31.0
2002-10-25,67.0
2002-10-26,70.0
2002-10-27,116.0
2002-10-28,104.0
2002-10-29,108.0
2002-10-30,68.0
2002-10-31,75.0
2002-11-01,38.0
2002-11-02,36.0
2002-11-03,98.0
2002-11-04,27.0
2002-11-05,26.0
2002-11-06,43.0
2002-11-07,19.0
2002-11-08,30.0
2002-11-09,42.0
2002-11-10,58.0
2002-11-11,40.0
2002-11-12,74.0
2002-11-13,38.0
2002-11-14,58.0
2002-11-15,44.0
2002-11-16,51.0
2002-11-17,56.0
2002-11-18,83.0
2002-11-19,67.0
2002-11-20,58.0
2002-11-21,63.0
2002-11-22,35.0
2002-11-23,43.0
2002-11-24,47.0
2002-11-25,46.0
2002-11-26,65.0
2002-11-27,52.0
2002-11-28,57.0
2002-11-29,45.0
2002-11-30,7.0
2002-12-01,20.0
2002-12-02,11.0
2002-12-03,17.0
2002-12-04,40.0
2002-12-05,29.0
2002-12-06,21.0
2002-12-07,25.0
2002-12-08,50.0
2002-12-09,63.0
2002-12-10,73.0
2002-12-11,66.0
2002-12-12,71.0
2002-12-13,34.0
2002-12-14,38.0
2002-12-15,25.0
2002-12-16,15.0
2002-12-17,21.0
2002-12-18,22.0
2002-12-19,43.0
2002-12-20,65.0
2002-12-21,35.0
2002-12-22,24.0
2002-12-23,22.0
2002-12-24,47.0
2002-12-25,62.0
2002-12-26,54.0
2002-12-27,30.0
2002-12-28,26.0
2002-12-29,16.0
2002-12-30,22.0
2002-12-31,19.0
2003-01-01,39.0
2003-01-02,39.0
2003-01-03,47.0
2003-01-04,42.0
2003-01-05,30.0
2003-01-06,51.0
2003-01-07,28.0
2003-01-08,34.0
2003-01-09,31.0
2003-01-10,22.0
2003-01-11,44.0
2003-01-12,78.0
2003-01-13,45.0
2003-01-14,31.0
2003-01-15,36.0
2003-01-16,50.0
2003-01-17,52.0
2003-01-18,42.0
2003-01-19,52.0
2003-01-20,48.0
2003-01-21,54.0
2003-01-22,53.0
2003-01-23,27.0
2003-01-24,23.0
2003-01-25,54.0
2003-01-26,45.0
2003-01-27,37.0
2003-01-28,30.0
2003-01-29,69.0
2003-01-30,49.0
2003-01-31,40.0
2003-02-01,68.0
2003-02-02,92.0
2003-02-03,81.0
2003-02-04,35.0
2003-02-05,16.0
2003-02-06,39.0
2003-02-07,62.0
2003-02-08,99.0
2003-02-09,67.0
2003-02-10,57.0
2003-02-11,82.0
2003-02-12,115.0
2003-02-13,120.0
2003-02-14,112.0
2003-02-15,85.0
2003-02-16,92.0
2003-02-17,129.0
2003-02-18,121.0
2003-02-19,78.0
2003-02-20,78.0
2003-02-21,99.0
2003-02-22,138.0
2003-02-23,140.0
2003-02-24,135.0
2003-02-25,101.0
2003-02-26,115.0
2003-02-27,149.0
2003-02-28,150.0
2003-03-01,123.0
2003-03-02,99.0
2003-03-03,75.0
2003-03-04,104.0
2003-03-05,112.0
2003-03-06,125.0
2003-03-07,188.0
2003-03-08,168.0
2003-03-09,152.0
2003-03-10,83.0
2003-03-11,84.0
2003-03-12,72.0
2003-03-13,151.0
2003-03-14,130.0
2003-03-15,138.0
2003-03-16,178.0
2003-03-17,190.0
2003-03-18,132.0
2003-03-19,122.0
2003-03-20,132.0
2003-03-21,206.0
2003-03-22,215.0
2003-03-23,199.0
2003-03-24,204.0
2003-03-25,205.0
2003-03-26,180.0
2003-03-27,193.0
2003-03-28,185.0
2003-03-29,190.0
2003-03-30,188.0
2003-03-31,134.0
2003-04-01,237.0
2003-04-02,234.0
2003-04-03,215.0
2003-04-04,149.0
2003-04-05,146.0
2003-04-06,162.0
2003-04-07,172.0
2003-04-08,124.0
2003-04-09,177.0
2003-04-10,211.0
2003-04-11,147.0
2003-04-12,201.0
2003-04-13,173.0
2003-04-14,153.0
2003-04-15,214.0
2003-04-16,211.0
2003-04-17,226.0
2003-04-18,199.0
2003-04-19,190.0
2003-04-20,244.0
2003-04-21,274.0
2003-04-22,230.0
2003-04-23,177.0
2003-04-24,102.0
2003-04-25,204.0
2003-04-26,245.0
2003-04-27,82.0
2003-04-28,238.0
2003-04-29,261.0
2003-04-30,281.0
2003-05-01,229.0
2003-05-02,220.0
2003-05-03,191.0
2003-05-04,302.0
2003-05-05,314.0
2003-05-06,304.0
2003-05-07,290.0
2003-05-08,306.0
2003-05-09,253.0
2003-05-10,238.0
2003-05-11,236.0
2003-05-12,266.0
2003-05-13,275.0
2003-05-14,237.0
2003-05-15,93.0
2003-05-16,225.0
2003-05-17,291.0
2003-05-18,245.0
2003-05-19,227.0
2003-05-20,325.0
2003-05-21,97.0
2003-05-22,81.0
2003-05-23,268.0
2003-05-24,326.0
2003-05-25,273.0
2003-05-26,302.0
2003-05-27,303.0
2003-05-28,255.0
2003-05-29,272.0
2003-05-30,315.0
2003-05-31,314.0
2003-06-01,228.0
2003-06-02,258.0
2003-06-03,288.0
2003-06-04,299.0
2003-06-05,333.0
2003-06-06,305.0
2003-06-07,298.0
2003-06-08,312.0
2003-06-09,234.0
2003-06-10,293.0
2003-06-11,340.0
2003-06-12,333.0
2003-06-13,285.0
2003-06-14,290.0
2003-06-15,200.0
2003-06-16,236.0
2003-06-17,288.0
2003-06-18,267.0
2003-06-19,195.0
2003-06-20,285.0
2003-06-21,288.0
2003-06-22,300.0
2003-06-23,284.0
2003-06-24,269.0
2003-06-25,290.0
2003-06-26,224.0
2003-06-27,271.0
2003-06-28,284.0
2003-06-29,297.0
2003-06-30,303.0
2003-07-01,294.0
2003-07-02,284.0
2003-07-03,257.0
2003-07-04,262.0
2003-07-05,219.0
2003-07-06,243.0
2003-07-07,229.0
2003-07-08,266.0
2003-07-09,318.0
2003-07-10,205.0
2003-07-11,248.0
2003-07-12,246.0
2003-07-13,171.0
2003-07-14,208.0
2003-07-15,238.0
2003-07-16,281.0
2003-07-17,288.0
2003-07-18,158.0
2003-07-19,211.0
2003-07-20,260.0
2003-07-21,285.0
2003-07-22,246.0
2003-07-23,217.0
2003-07-24,245.0
2003-07-25,116.0
2003-07-26,199.0
2003-07-27,287.0
2003-07-28,284.0
2003-07-29,130.0
2003-07-30,143.0
2003-07-31,189.0
2003-08-01,251.0
2003-08-02,296.0
2003-08-03,283.0
2003-08-04,278.0
2003-08-05,281.0
2003-08-06,300.0
2003-08-07,307.0
2003-08-08,292.0
2003-08-09,269.0
2003-08-10,284.0
2003-08-11,283.0
2003-08-12,273.0
2003-08-13,235.0
2003-08-14,261.0
2003-08-15,157.0
2003-08-16,220.0
2003-08-17,257.0
2003-08-18,257.0
2003-08-19,268.0
2003-08-20,231.0
2003-08-21,248.0
2003-08-22,220.0
2003-08-23,276.0
2003-08-24,262.0
2003-08-25,244.0
2003-08-26,237.0
2003-08-27,270.0
2003-08-28,243.0
2003-08-29,233.0
2003-08-30,245.0
2003-08-31,159.0
2003-09-01,199.0
2003-09-02,149.0
2003-09-03,174.0
2003-09-04,170.0
2003-09-05,182.0
2003-09-06,217.0
2003-09-07,221.0
2003-09-08,225.0
2003-09-09,208.0
2003-09-10,138.0
2003-09-11,65.0
2003-09-12,33.0
2003-09-13,107.0
2003-09-14,184.0
2003-09-15,204.0
2003-09-16,207.0
2003-09-17,202.0
2003-09-18,200.0
2003-09-19,200.0
2003-09-20,195.0
2003-09-21,196.0
2003-09-22,201.0
2003-09-23,197.0
2003-09-24,111.0
2003-09-25,155.0
2003-09-26,170.0
2003-09-27,141.0
2003-09-28,165.0
2003-09-29,119.0
2003-09-30,73.0
2003-10-01,167.0
2003-10-02,158.0
2003-10-03,150.0
2003-10-04,62.0
2003-10-05,61.0
2003-10-06,49.0
2003-10-07,129.0
2003-10-08,49.0
2003-10-09,69.0
2003-10-10,113.0
2003-10-11,132.0
2003-10-12,138.0
2003-10-13,146.0
2003-10-14,151.0
2003-10-15,113.0
2003-10-16,89.0
2003-10-17,95.0
2003-10-18,125.0
2003-10-19,84.0
2003-10-20,45.0
2003-10-21,66.0
2003-10-22,54.0
2003-10-23,67.0
2003-10-24,50.0
2003-10-25,116.0
2003-10-26,87.0
2003-10-27,70.0
2003-10-28,112.0
2003-10-29,86.0
2003-10-30,35.0
2003-10-31,84.0
2003-11-01,79.0
2003-11-02,31.0
2003-11-03,92.0
2003-11-04,90.0
2003-11-05,89.0
2003-11-06,68.0
2003-11-07,43.0
2003-11-08,101.0
2003-11-09,88.0
2003-11-10,81.0
2003-11-11,80.0
2003-11-12,93.0
2003-11-13,93.0
2003-11-14,92.0
2003-11-15,33.0
2003-11-16,23.0
2003-11-17,23.0
2003-11-18,41.0
2003-11-19,36.0
2003-11-20,67.0
2003-11-21,54.0
2003-11-22,45.0
2003-11-23,54.0
2003-11-24,50.0
2003-11-25,30.0
2003-11-26,46.0
2003-11-27,52.0
2003-11-28,63.0
2003-11-29,44.0
2003-11-30,29.0
2003-12-01,46.0
2003-12-02,51.0
2003-12-03,52.0
2003-12-04,44.0
2003-12-05,23.0
2003-12-06,18.0
2003-12-07,66.0
2003-12-08,68.0
2003-12-09,63.0
2003-12-10,58.0
2003-12-11,46.0
2003-12-12,25.0
2003-12-13,38.0
2003-12-14,14.0
2003-12-15,51.0
2003-12-16,49.0
2003-12-17,69.0
2003-12-18,29.0
2003-12-19,40.0
2003-12-20,26.0
2003-12-21,44.0
2003-12-22,25.0
2003-12-23,38.0
2003-12-24,52.0
2003-12-25,54.0
2003-12-26,64.0
2003-12-27,57.0
2003-12-28,52.0
2003-12-29,44.0
2003-12-30,30.0
2003-12-31,32.0
2004-01-01,17.0
2004-01-02,21.0
2004-01-03,34.0
2004-01-04,33.0
2004-01-05,28.0
2004-01-06,59.0
2004-01-07,40.0
2004-01-08,48.0
2004-01-09,42.0
2004-01-10,32.0
2004-01-11,29.0
2004-01-12,27.0
2004-01-13,45.0
2004-01-14,53.0
2004-01-15,24.0
2004-01-16,77.0
2004-01-17,36.0
2004-01-18,55.0
2004-01-19,37.0
2004-01-20,23.0
2004-01-21,68.0
2004-01-22,75.0
2004-01-23,74.0
2004-01-24,34.0
2004-01-25,46.0
2004-01-26,48.0
2004-01-27,46.0
2004-01-28,24.0
2004-01-29,75.0
2004-01-30,78.0
2004-01-31,98.0
2004-02-01,71.0
2004-02-02,54.0
2004-02-03,78.0
2004-02-04,28.0
2004-02-05,43.0
2004-02-06,61.0
2004-02-07,80.0
2004-02-08,89.0
2004-02-09,93.0
2004-02-10,126.0
2004-02-11,43.0
2004-02-12,103.0
2004-02-13,114.0
2004-02-14,73.0
2004-02-15,78.0
2004-02-16,78.0
2004-02-17,99.0
2004-02-18,84.0
2004-02-19,84.0
2004-02-20,145.0
2004-02-21,150.0
2004-02-22,30.0
2004-02-23,73.0
2004-02-24,44.0
2004-02-25,110.0
2004-02-26,75.0
2004-02-27,34.0
2004-02-28,54.0
2004-02-29,49.0
2004-03-01,63.0
2004-03-02,117.0
2004-03-03,95.0
2004-03-04,133.0
2004-03-05,108.0
2004-03-06,174.0
2004-03-07,172.0
2004-03-08,79.0
2004-03-09,56.0
2004-03-10,57.0
2004-03-11,70.0
2004-03-12,111.0
2004-03-13,126.0
2004-03-14,134.0
2004-03-15,173.0
2004-03-16,166.0
2004-03-17,146.0
2004-03-18,183.0
2004-03-19,179.0
2004-03-20,141.0
2004-03-21,149.0
2004-03-22,109.0
2004-03-23,130.0
2004-03-24,70.0
2004-03-25,46.0
2004-03-26,62.0
2004-03-27,52.0
2004-03-28,66.0
2004-03-29,113.0
2004-03-30,126.0
2004-03-31,210.0
2004-04-01,226.0
2004-04-02,257.0
2004-04-03,229.0
2004-04-04,146.0
2004-04-05,178.0
2004-04-06,201.0
2004-04-07,114.0
2004-04-08,203.0
2004-04-09,212.0
2004-04-10,97.0
2004-04-11,58.0
2004-04-12,165.0
2004-04-13,129.0
2004-04-14,125.0
2004-04-15,256.0
2004-04-16,216.0
2004-04-17,86.0
2004-04-18,137.0
2004-04-19,158.0
2004-04-20,234.0
2004-04-21,248.0
2004-04-22,264.0
2004-04-23,251.0
2004-04-24,170.0
2004-04-25,152.0
2004-04-26,212.0
2004-04-27,233.0
2004-04-28,246.0
2004-04-29,265.0
2004-04-30,223.0
2004-05-01,239.0
2004-05-02,221.0
2004-05-03,258.0
2004-05-04,216.0
2004-05-05,207.0
2004-05-06,188.0
2004-05-07,140.0
2004-05-08,164.0
2004-05-09,227.0
2004-05-10,235.0
2004-05-11,240.0
2004-05-12,260.0
2004-05-13,222.0
2004-05-14,201.0
2004-05-15,293.0
2004-05-16,172.0
2004-05-17,282.0
2004-05-18,259.0
2004-05-19,264.0
2004-05-20,308.0
2004-05-21,210.0
2004-05-22,188.0
2004-05-23,189.0
2004-05-24,229.0
2004-05-25,233.0
2004-05-26,252.0
2004-05-27,248.0
2004-05-28,278.0
2004-05-29,222.0
2004-05-30,246.0
2004-05-31,280.0
2004-06-01,288.0
2004-06-02,217.0
2004-06-03,166.0
2004-06-04,251.0
2004-06-05,184.0
2004-06-06,180.0
2004-06-07,244.0
2004-06-08,279.0
2004-06-09,282.0
2004-06-10,304.0
2004-06-11,222.0
2004-06-12,249.0
2004-06-13,159.0
2004-06-14,260.0
2004-06-15,303.0
2004-06-16,238.0
2004-06-17,285.0
2004-06-18,305.0
2004-06-19,302.0
2004-06-20,296.0
2004-06-21,265.0
2004-06-22,298.0
2004-06-23,327.0
2004-06-24,273.0
2004-06-25,291.0
2004-06-26,233.0
2004-06-27,285.0
2004-06-28,297.0
2004-06-29,226.0
2004-06-30,247.0
2004-07-01,301.0
2004-07-02,165.0
2004-07-03,228.0
2004-07-04,337.0
2004-07-05,317.0
2004-07-06,259.0
2004-07-07,264.0
2004-07-08,280.0
2004-07-09,289.0
2004-07-10,280.0
2004-07-11,299.0
2004-07-12,288.0
2004-07-13,266.0
2004-07-14,223.0
2004-07-15,218.0
2004-07-16,248.0
2004-07-17,239.0
2004-07-18,306.0
2004-07-19,283.0
2004-07-20,297.0
2004-07-21,281.0
2004-07-22,303.0
2004-07-23,242.0
2004-07-24,260.0
2004-07-25,288.0
2004-07-26,174.0
2004-07-27,97.0
2004-07-28,50.0
2004-07-29,146.0
2004-07-30,152.0
2004-07-31,188.0
2004-08-01,283.0
2004-08-02,263.0
2004-08-03,253.0
2004-08-04,227.0
2004-08-05,256.0
2004-08-06,250.0
2004-08-07,233.0
2004-08-08,222.0
2004-08-09,258.0
2004-08-10,235.0
2004-08-11,265.0
2004-08-12,266.0
2004-08-13,231.0
2004-08-14,171.0
2004-08-15,275.0
2004-08-16,282.0
2004-08-17,270.0
2004-08-18,275.0
2004-08-19,274.0
2004-08-20,273.0
2004-08-21,231.0
2004-08-22,61.0
2004-08-23,224.0
2004-08-24,269.0
2004-08-25,261.0
2004-08-26,160.0
2004-08-27,85.0
2004-08-28,237.0
2004-08-29,252.0
2004-08-30,237.0
2004-08-31,233.0
2004-09-01,174.0
2004-09-02,226.0
2004-09-03,234.0
2004-09-04,231.0
2004-09-05,227.0
2004-09-06,234.0
2004-09-07,231.0
2004-09-08,161.0
2004-09-09,209.0
2004-09-10,220.0
2004-09-11,228.0
2004-09-12,224.0
2004-09-13,143.0
2004-09-14,188.0
2004-09-15,183.0
2004-09-16,80.0
2004-09-17,180.0
2004-09-18,155.0
2004-09-19,136.0
2004-09-20,151.0
2004-09-21,143.0
2004-09-22,136.0
2004-09-23,92.0
2004-09-24,61.0
2004-09-25,56.0
2004-09-26,57.0
2004-09-27,26.0
2004-09-28,108.0
2004-09-29,111.0
2004-09-30,138.0
2004-10-01,149.0
2004-10-02,152.0
2004-10-03,127.0
2004-10-04,142.0
2004-10-05,165.0
2004-10-06,161.0
2004-10-07,155.0
2004-10-08,153.0
2004-10-09,85.0
2004-10-10,30.0
2004-10-11,134.0
2004-10-12,143.0
2004-10-13,129.0
2004-10-14,62.0
2004-10-15,49.0
2004-10-16,57.0
2004-10-17,34.0
2004-10-18,114.0
2004-10-19,123.0
2004-10-20,119.0
2004-10-21,30.0
2004-10-22,43.0
2004-10-23,50.0
2004-10-24,54.0
2004-10-25,102.0
2004-10-26,72.0
2004-10-27,109.0
2004-10-28,111.0
2004-10-29,97.0
2004-10-30,76.0
2004-10-31,71.0
2004-11-01,63.0
2004-11-02,79.0
2004-11-03,83.0
2004-11-04,58.0
2004-11-05,96.0
2004-11-06,48.0
2004-11-07,69.0
2004-11-08,24.0
2004-11-09,31.0
2004-11-10,82.0
2004-11-11,91.0
2004-11-12,64.0
2004-11-13,35.0
2004-11-14,22.0
2004-11-15,23.0
2004-11-16,51.0
2004-11-17,43.0
2004-11-18,51.0
2004-11-19,29.0
2004-11-20,70.0
2004-11-21,68.0
2004-11-22,67.0
2004-11-23,35.0
2004-11-24,50.0
2004-11-25,60.0
2004-11-26,50.0
2004-11-27,39.0
2004-11-28,32.0
2004-11-29,27.0
2004-11-30,46.0
2004-12-01,36.0
2004-12-02,30.0
2004-12-03,22.0
2004-12-04,28.0
2004-12-05,43.0
2004-12-06,26.0
2004-12-07,31.0
2004-12-08,20.0
2004-12-09,24.0
2004-12-10,18.0
2004-12-11,19.0
2004-12-12,16.0
2004-12-13,21.0
2004-12-14,18.0
2004-12-15,18.0
2004-12-16,15.0
2004-12-17,27.0
2004-12-18,21.0
2004-12-19,61.0
2004-12-20,43.0
2004-12-21,50.0
2004-12-22,58.0
2004-12-23,35.0
2004-12-24,27.0
2004-12-25,37.0
2004-12-26,27.0
2004-12-27,31.0
2004-12-28,38.0
2004-12-29,24.0
2004-12-30,49.0
2004-12-31,63.0
2005-01-01,30.0
2005-01-02,22.0
2005-01-03,54.0
2005-01-04,25.0
2005-01-05,54.0
2005-01-06,31.0
2005-01-07,32.0
2005-01-08,51.0
2005-01-09,56.0
2005-01-10,62.0
2005-01-11,43.0
2005-01-12,22.0
2005-01-13,18.0
2005-01-14,51.0
2005-01-15,56.0
2005-01-16,70.0
2005-01-17,64.0
2005-01-18,39.0
2005-01-19,26.0
2005-01-20,50.0
2005-01-21,39.0
2005-01-22,62.0
2005-01-23,82.0
2005-01-24,62.0
2005-01-25,39.0
2005-01-26,29.0
2005-01-27,54.0
2005-01-28,74.0
2005-01-29,82.0
2005-01-30,82.0
2005-01-31,40.0
2005-02-01,51.0
2005-02-02,70.0
2005-02-03,65.0
2005-02-04,103.0
2005-02-05,98.0
2005-02-06,102.0
2005-02-07,115.0
2005-02-08,119.0
2005-02-09,121.0
2005-02-10,110.0
2005-02-11,47.0
2005-02-12,44.0
2005-02-13,34.0
2005-02-14,55.0
2005-02-15,36.0
2005-02-16,57.0
2005-02-17,50.0
2005-02-18,47.0
2005-02-19,25.0
2005-02-20,60.0
2005-02-21,87.0
2005-02-22,36.0
2005-02-23,57.0
2005-02-24,65.0
2005-02-25,61.0
2005-02-26,115.0
2005-02-27,53.0
2005-02-28,118.0
2005-03-01,156.0
2005-03-02,163.0
2005-03-03,125.0
2005-03-04,47.0
2005-03-05,41.0
2005-03-06,87.0
2005-03-07,150.0
2005-03-08,117.0
2005-03-09,117.0
2005-03-10,151.0
2005-03-11,172.0
2005-03-12,123.0
2005-03-13,155.0
2005-03-14,194.0
2005-03-15,176.0
2005-03-16,162.0
2005-03-17,180.0
2005-03-18,153.0
2005-03-19,123.0
2005-03-20,180.0
2005-03-21,196.0
2005-03-22,211.0
2005-03-23,216.0
2005-03-24,134.0
2005-03-25,207.0
2005-03-26,107.0
2005-03-27,91.0
2005-03-28,105.0
2005-03-29,197.0
2005-03-30,201.0
2005-03-31,221.0
2005-04-01,210.0
2005-04-02,224.0
2005-04-03,229.0
2005-04-04,240.0
2005-04-05,252.0
2005-04-06,206.0
2005-04-07,238.0
2005-04-08,177.0
2005-04-09,183.0
2005-04-10,74.0
2005-04-11,79.0
2005-04-12,104.0
2005-04-13,214.0
2005-04-14,158.0
2005-04-15,129.0
2005-04-16,210.0
2005-04-17,174.0
2005-04-18,103.0
2005-04-19,80.0
2005-04-20,83.0
2005-04-21,94.0
2005-04-22,207.0
2005-04-23,229.0
2005-04-24,245.0
2005-04-25,96.0
2005-04-26,68.0
2005-04-27,243.0
2005-04-28,188.0
2005-04-29,182.0
2005-04-30,306.0
2005-05-01,251.0
2005-05-02,260.0
2005-05-03,288.0
2005-05-04,171.0
2005-05-05,214.0
2005-05-06,194.0
2005-05-07,230.0
2005-05-08,138.0
2005-05-09,225.0
2005-05-10,289.0
2005-05-11,131.0
2005-05-12,259.0
2005-05-13,311.0
2005-05-14,305.0
2005-05-15,143.0
2005-05-16,211.0
2005-05-17,204.0
2005-05-18,121.0
2005-05-19,103.0
2005-05-20,179.0
2005-05-21,247.0
2005-05-22,319.0
2005-05-23,309.0
2005-05-24,245.0
2005-05-25,222.0
2005-05-26,256.0
2005-05-27,322.0
2005-05-28,323.0
2005-05-29,321.0
2005-05-30,314.0
2005-05-31,232.0
2005-06-01,259.0
2005-06-02,304.0
2005-06-03,282.0
2005-06-04,344.0
2005-06-05,158.0
2005-06-06,240.0
2005-06-07,249.0
2005-06-08,131.0
2005-06-09,75.0
2005-06-10,88.0
2005-06-11,172.0
2005-06-12,242.0
2005-06-13,287.0
2005-06-14,319.0
2005-06-15,310.0
2005-06-16,305.0
2005-06-17,281.0
2005-06-18,286.0
2005-06-19,253.0
2005-06-20,300.0
2005-06-21,328.0
2005-06-22,268.0
2005-06-23,254.0
2005-06-24,295.0
2005-06-25,352.0
2005-06-26,281.0
2005-06-27,267.0
2005-06-28,319.0
2005-06-29,346.0
2005-06-30,234.0
2005-07-01,277.0
2005-07-02,93.0
2005-07-03,192.0
2005-07-04,255.0
2005-07-05,330.0
2005-07-06,103.0
2005-07-07,212.0
2005-07-08,300.0
2005-07-09,186.0
2005-07-10,148.0
2005-07-11,186.0
2005-07-12,112.0
2005-07-13,205.0
2005-07-14,248.0
2005-07-15,286.0
2005-07-16,297.0
2005-07-17,254.0
2005-07-18,286.0
2005-07-19,199.0
2005-07-20,241.0
2005-07-21,237.0
2005-07-22,217.0
2005-07-23,162.0
2005-07-24,232.0
2005-07-25,247.0
2005-07-26,268.0
2005-07-27,296.0
2005-07-28,290.0
2005-07-29,283.0
2005-07-30,284.0
2005-07-31,322.0
2005-08-01,193.0
2005-08-02,240.0
2005-08-03,251.0
2005-08-04,105.0
2005-08-05,112.0
2005-08-06,204.0
2005-08-07,178.0
2005-08-08,98.0
2005-08-09,264.0
2005-08-10,280.0
2005-08-11,243.0
2005-08-12,227.0
2005-08-13,250.0
2005-08-14,278.0
2005-08-15,204.0
2005-08-16,106.0
2005-08-17,157.0
2005-08-18,105.0
2005-08-19,179.0
2005-08-20,263.0
2005-08-21,219.0
2005-08-22,118.0
2005-08-23,96.0
2005-08-24,122.0
2005-08-25,169.0
2005-08-26,202.0
2005-08-27,185.0
2005-08-28,112.0
2005-08-29,191.0
2005-08-30,235.0
2005-08-31,234.0
2005-09-01,248.0
2005-09-02,257.0
2005-09-03,249.0
2005-09-04,232.0
2005-09-05,233.0
2005-09-06,232.0
2005-09-07,224.0
2005-09-08,223.0
2005-09-09,224.0
2005-09-10,197.0
2005-09-11,108.0
2005-09-12,177.0
2005-09-13,175.0
2005-09-14,166.0
2005-09-15,159.0
2005-09-16,131.0
2005-09-17,141.0
2005-09-18,95.0
2005-09-19,64.0
2005-09-20,34.0
2005-09-21,128.0
2005-09-22,171.0
2005-09-23,155.0
2005-09-24,136.0
2005-09-25,118.0
2005-09-26,117.0
2005-09-27,155.0
2005-09-28,148.0
2005-09-29,140.0
2005-09-30,54.0
2005-10-01,24.0
2005-10-02,83.0
2005-10-03,129.0
2005-10-04,165.0
2005-10-05,172.0
2005-10-06,151.0
2005-10-07,157.0
2005-10-08,138.0
2005-10-09,158.0
2005-10-10,147.0
2005-10-11,131.0
2005-10-12,129.0
2005-10-13,93.0
2005-10-14,97.0
2005-10-15,116.0
2005-10-16,95.0
2005-10-17,79.0
2005-10-18,76.0
2005-10-19,130.0
2005-10-20,135.0
2005-10-21,60.0
2005-10-22,50.0
2005-10-23,83.0
2005-10-24,99.0
2005-10-25,101.0
2005-10-26,124.0
2005-10-27,114.0
2005-10-28,126.0
2005-10-29,123.0
2005-10-30,125.0
2005-10-31,116.0
2005-11-01,116.0
2005-11-02,99.0
2005-11-03,112.0
2005-11-04,105.0
2005-11-05,105.0
2005-11-06,63.0
2005-11-07,62.0
2005-11-08,72.0
2005-11-09,83.0
2005-11-10,66.0
2005-11-11,35.0
2005-11-12,37.0
2005-11-13,37.0
2005-11-14,60.0
2005-11-15,34.0
2005-11-16,44.0
2005-11-17,59.0
2005-11-18,66.0
2005-11-19,62.0
2005-11-20,78.0
2005-11-21,51.0
2005-11-22,40.0
2005-11-23,74.0
2005-11-24,28.0
2005-11-25,22.0
2005-11-26,42.0
2005-11-27,35.0
2005-11-28,44.0
2005-11-29,46.0
2005-11-30,22.0
2005-12-01,39.0
2005-12-02,16.0
2005-12-03,33.0
2005-12-04,23.0
2005-12-05,45.0
2005-12-06,30.0
2005-12-07,35.0
2005-12-08,37.0
2005-12-09,57.0
2005-12-10,62.0
2005-12-11,66.0
2005-12-12,55.0
2005-12-13,30.0
2005-12-14,18.0
2005-12-15,23.0
2005-12-16,23.0
2005-12-17,51.0
2005-12-18,51.0
2005-12-19,58.0
2005-12-20,30.0
2005-12-21,30.0
2005-12-22,21.0
2005-12-23,31.0
2005-12-24,17.0
2005-12-25,37.0
2005-12-26,46.0
2005-12-27,22.0
2005-12-28,19.0
2005-12-29,34.0
2005-12-30,19.0
2005-12-31,33.0
2006-01-01,36.0
2006-01-02,16.0
2006-01-03,15.0
2006-01-04,22.0
2006-01-05,25.0
2006-01-06,24.0
2006-01-07,49.0
2006-01-08,71.0
2006-01-09,66.0
2006-01-10,58.0
2006-01-11,53.0
2006-01-12,32.0
2006-01-13,31.0
2006-01-14,29.0
2006-01-15,32.0
2006-01-16,16.0
2006-01-17,25.0
2006-01-18,21.0
2006-01-19,36.0
2006-01-20,27.0
2006-01-21,40.0
2006-01-22,43.0
2006-01-23,54.0
2006-01-24,82.0
2006-01-25,93.0
2006-01-26,99.0
2006-01-27,95.0
2006-01-28,81.0
2006-01-29,64.0
2006-01-30,77.0
2006-01-31,29.0
2006-02-01,32.0
2006-02-02,22.0
2006-02-03,29.0
2006-02-04,43.0
2006-02-05,103.0
2006-02-06,109.0
2006-02-07,92.0
2006-02-08,28.0
2006-02-09,55.0
2006-02-10,55.0
2006-02-11,78.0
2006-02-12,67.0
2006-02-13,96.0
2006-02-14,84.0
2006-02-15,86.0
2006-02-16,35.0
2006-02-17,35.0
2006-02-18,115.0
2006-02-19,120.0
2006-02-20,112.0
2006-02-21,66.0
2006-02-22,54.0
2006-02-23,69.0
2006-02-24,105.0
2006-02-25,39.0
2006-02-26,27.0
2006-02-27,71.0
2006-02-28,78.0
2006-03-01,133.0
2006-03-02,113.0
2006-03-03,158.0
2006-03-04,57.0
2006-03-05,39.0
2006-03-06,92.0
2006-03-07,165.0
2006-03-08,169.0
2006-03-09,124.0
2006-03-10,94.0
2006-03-11,57.0
2006-03-12,133.0
2006-03-13,49.0
2006-03-14,143.0
2006-03-15,90.0
2006-03-16,86.0
2006-03-17,75.0
2006-03-18,70.0
2006-03-19,86.0
2006-03-20,187.0
2006-03-21,176.0
2006-03-22,98.0
2006-03-23,104.0
2006-03-24,172.0
2006-03-25,186.0
2006-03-26,167.0
2006-03-27,142.0
2006-03-28,122.0
2006-03-29,64.0
2006-03-30,193.0
2006-03-31,94.0
2006-04-01,183.0
2006-04-02,144.0
2006-04-03,184.0
2006-04-04,65.0
2006-04-05,168.0
2006-04-06,59.0
2006-04-07,141.0
2006-04-08,233.0
2006-04-09,219.0
2006-04-10,168.0
2006-04-11,104.0
2006-04-12,72.0
2006-04-13,66.0
2006-04-14,102.0
2006-04-15,240.0
2006-04-16,97.0
2006-04-17,167.0
2006-04-18,243.0
2006-04-19,180.0
2006-04-20,96.0
2006-04-21,134.0
2006-04-22,251.0
2006-04-23,260.0
2006-04-24,268.0
2006-04-25,255.0
2006-04-26,259.0
2006-04-27,256.0
2006-04-28,221.0
2006-04-29,170.0
2006-04-30,224.0
2006-05-01,86.0
2006-05-02,117.0
2006-05-03,183.0
2006-05-04,248.0
2006-05-05,240.0
2006-05-06,192.0
2006-05-07,211.0
2006-05-08,237.0
2006-05-09,251.0
2006-05-10,230.0
2006-05-11,233.0
2006-05-12,277.0
2006-05-13,298.0
2006-05-14,246.0
2006-05-15,243.0
2006-05-16,256.0
2006-05-17,111.0
2006-05-18,239.0
2006-05-19,208.0
2006-05-20,188.0
2006-05-21,212.0
2006-05-22,270.0
2006-05-23,332.0
2006-05-24,228.0
2006-05-25,266.0
2006-05-26,242.0
2006-05-27,192.0
2006-05-28,101.0
2006-05-29,212.0
2006-05-30,81.0
2006-05-31,132.0
2006-06-01,272.0
2006-06-02,75.0
2006-06-03,179.0
2006-06-04,91.0
2006-06-05,195.0
2006-06-06,267.0
2006-06-07,184.0
2006-06-08,193.0
2006-06-09,254.0
2006-06-10,137.0
2006-06-11,254.0
2006-06-12,270.0
2006-06-13,315.0
2006-06-14,262.0
2006-06-15,230.0
2006-06-16,290.0
2006-06-17,296.0
2006-06-18,306.0
2006-06-19,301.0
2006-06-20,228.0
2006-06-21,302.0
2006-06-22,259.0
2006-06-23,255.0
2006-06-24,275.0
2006-06-25,305.0
2006-06-26,315.0
2006-06-27,306.0
2006-06-28,291.0
2006-06-29,230.0
2006-06-30,174.0
2006-07-01,151.0
2006-07-02,159.0
2006-07-03,255.0
2006-07-04,297.0
2006-07-05,321.0
2006-07-06,328.0
2006-07-07,324.0
2006-07-08,312.0
2006-07-09,298.0
2006-07-10,313.0
2006-07-11,317.0
2006-07-12,306.0
2006-07-13,302.0
2006-07-14,316.0
2006-07-15,286.0
2006-07-16,133.0
2006-07-17,258.0
2006-07-18,321.0
2006-07-19,323.0
2006-07-20,310.0
2006-07-21,297.0
2006-07-22,266.0
2006-07-23,306.0
2006-07-24,239.0
2006-07-25,279.0
2006-07-26,291.0
2006-07-27,269.0
2006-07-28,287.0
2006-07-29,264.0
2006-07-30,185.0
2006-07-31,260.0
2006-08-01,257.0
2006-08-02,175.0
2006-08-03,187.0
2006-08-04,123.0
2006-08-05,119.0
2006-08-06,198.0
2006-08-07,168.0
2006-08-08,205.0
2006-08-09,151.0
2006-08-10,233.0
2006-08-11,161.0
2006-08-12,196.0
2006-08-13,111.0
2006-08-14,261.0
2006-08-15,236.0
2006-08-16,265.0
2006-08-17,266.0
2006-08-18,211.0
2006-08-19,274.0
2006-08-20,262.0
2006-08-21,203.0
2006-08-22,245.0
2006-08-23,219.0
2006-08-24,249.0
2006-08-25,148.0
2006-08-26,212.0
2006-08-27,252.0
2006-08-28,105.0
2006-08-29,116.0
2006-08-30,114.0
2006-08-31,88.0
2006-09-01,188.0
2006-09-02,183.0
2006-09-03,155.0
2006-09-04,206.0
2006-09-05,236.0
2006-09-06,233.0
2006-09-07,231.0
2006-09-08,132.0
2006-09-09,200.0
2006-09-10,230.0
2006-09-11,228.0
2006-09-12,221.0
2006-09-13,208.0
2006-09-14,201.0
2006-09-15,193.0
2006-09-16,185.0
2006-09-17,102.0
2006-09-18,140.0
2006-09-19,104.0
2006-09-20,82.0
2006-09-21,173.0
2006-09-22,195.0
2006-09-23,164.0
2006-09-24,169.0
2006-09-25,188.0
2006-09-26,194.0
2006-09-27,108.0
2006-09-28,120.0
2006-09-29,150.0
2006-09-30,166.0
2006-10-01,145.0
2006-10-02,120.0
2006-10-03,135.0
2006-10-04,144.0
2006-10-05,57.0
2006-10-06,157.0
2006-10-07,169.0
2006-10-08,133.0
2006-10-09,167.0
2006-10-10,159.0
2006-10-11,154.0
2006-10-12,153.0
2006-10-13,125.0
2006-10-14,139.0
2006-10-15,107.0
2006-10-16,139.0
2006-10-17,151.0
2006-10-18,151.0
2006-10-19,143.0
2006-10-20,130.0
2006-10-21,74.0
2006-10-22,66.0
2006-10-23,92.0
2006-10-24,69.0
2006-10-25,129.0
2006-10-26,123.0
2006-10-27,127.0
2006-10-28,82.0
2006-10-29,34.0
2006-10-30,115.0
2006-10-31,125.0
2006-11-01,31.0
2006-11-02,64.0
2006-11-03,90.0
2006-11-04,105.0
2006-11-05,52.0
2006-11-06,48.0
2006-11-07,73.0
2006-11-08,83.0
2006-11-09,47.0
2006-11-10,83.0
2006-11-11,81.0
2006-11-12,31.0
2006-11-13,81.0
2006-11-14,51.0
2006-11-15,74.0
2006-11-16,61.0
2006-11-17,49.0
2006-11-18,72.0
2006-11-19,47.0
2006-11-20,58.0
2006-11-21,16.0
2006-11-22,54.0
2006-11-23,28.0
2006-11-24,37.0
2006-11-25,61.0
2006-11-26,70.0
2006-11-27,62.0
2006-11-28,63.0
2006-11-29,30.0
2006-11-30,27.0
2006-12-01,25.0
2006-12-02,50.0
2006-12-03,41.0
2006-12-04,29.0
2006-12-05,35.0
2006-12-06,44.0
2006-12-07,58.0
2006-12-08,43.0
2006-12-09,60.0
2006-12-10,39.0
2006-12-11,29.0
2006-12-12,18.0
2006-12-13,22.0
2006-12-14,24.0
2006-12-15,19.0
2006-12-16,27.0
2006-12-17,19.0
2006-12-18,16.0
2006-12-19,19.0
2006-12-20,48.0
2006-12-21,28.0
2006-12-22,34.0
2006-12-23,35.0
2006-12-24,16.0
2006-12-25,38.0
2006-12-26,63.0
2006-12-27,48.0
2006-12-28,37.0
2006-12-29,21.0
2006-12-30,49.0
2006-12-31,21.0
2007-01-01,17.0
2007-01-02,30.0
2007-01-03,55.0
2007-01-04,26.0
2007-01-05,37.0
2007-01-06,36.0
2007-01-07,35.0
2007-01-08,40.0
2007-01-09,47.0
2007-01-10,52.0
2007-01-11,60.0
2007-01-12,60.0
2007-01-13,42.0
2007-01-14,60.0
2007-01-15,71.0
2007-01-16,67.0
2007-01-17,37.0
2007-01-18,57.0
2007-01-19,48.0
2007-01-20,30.0
2007-01-21,24.0
2007-01-22,32.0
2007-01-23,21.0
2007-01-24,31.0
2007-01-25,49.0
2007-01-26,72.0
2007-01-27,39.0
2007-01-28,59.0
2007-01-29,77.0
2007-01-30,53.0
2007-01-31,61.0
2007-02-01,69.0
2007-02-02,103.0
2007-02-03,51.0
2007-02-04,69.0
2007-02-05,92.0
2007-02-06,54.0
2007-02-07,46.0
2007-02-08,49.0
2007-02-09,37.0
2007-02-10,85.0
2007-02-11,33.0
2007-02-12,65.0
2007-02-13,24.0
2007-02-14,100.0
2007-02-15,78.0
2007-02-16,60.0
2007-02-17,48.0
2007-02-18,83.0
2007-02-19,67.0
2007-02-20,63.0
2007-02-21,79.0
2007-02-22,43.0
2007-02-23,93.0
2007-02-24,80.0
2007-02-25,75.0
2007-02-26,32.0
2007-02-27,53.0
2007-02-28,44.0
2007-03-01,83.0
2007-03-02,33.0
2007-03-03,113.0
2007-03-04,88.0
2007-03-05,142.0
2007-03-06,150.0
2007-03-07,150.0
2007-03-08,144.0
2007-03-09,94.0
2007-03-10,57.0
2007-03-11,152.0
2007-03-12,153.0
2007-03-13,171.0
2007-03-14,179.0
2007-03-15,170.0
2007-03-16,159.0
2007-03-17,136.0
2007-03-18,149.0
2007-03-19,107.0
2007-03-20,66.0
2007-03-21,67.0
2007-03-22,157.0
2007-03-23,21.0
2007-03-24,72.0
2007-03-25,208.0
2007-03-26,214.0
2007-03-27,212.0
2007-03-28,154.0
2007-03-29,179.0
2007-03-30,173.0
2007-03-31,256.0
2007-04-01,228.0
2007-04-02,207.0
2007-04-03,197.0
2007-04-04,166.0
2007-04-05,237.0
2007-04-06,227.0
2007-04-07,160.0
2007-04-08,254.0
2007-04-09,213.0
2007-04-10,170.0
2007-04-11,238.0
2007-04-12,239.0
2007-04-13,259.0
2007-04-14,259.0
2007-04-15,259.0
2007-04-16,262.0
2007-04-17,263.0
2007-04-18,155.0
2007-04-19,251.0
2007-04-20,265.0
2007-04-21,270.0
2007-04-22,294.0
2007-04-23,288.0
2007-04-24,224.0
2007-04-25,190.0
2007-04-26,246.0
2007-04-27,258.0
2007-04-28,222.0
2007-04-29,175.0
2007-04-30,275.0
2007-05-01,249.0
2007-05-02,310.0
2007-05-03,265.0
2007-05-04,200.0
2007-05-05,138.0
2007-05-06,157.0
2007-05-07,185.0
2007-05-08,246.0
2007-05-09,213.0
2007-05-10,233.0
2007-05-11,292.0
2007-05-12,219.0
2007-05-13,313.0
2007-05-14,309.0
2007-05-15,330.0
2007-05-16,286.0
2007-05-17,285.0
2007-05-18,107.0
2007-05-19,211.0
2007-05-20,204.0
2007-05-21,288.0
2007-05-22,295.0
2007-05-23,301.0
2007-05-24,280.0
2007-05-25,263.0
2007-05-26,303.0
2007-05-27,185.0
2007-05-28,292.0
2007-05-29,255.0
2007-05-30,243.0
2007-05-31,178.0
2007-06-01,152.0
2007-06-02,154.0
2007-06-03,228.0
2007-06-04,277.0
2007-06-05,268.0
2007-06-06,253.0
2007-06-07,299.0
2007-06-08,309.0
2007-06-09,285.0
2007-06-10,260.0
2007-06-11,257.0
2007-06-12,286.0
2007-06-13,244.0
2007-06-14,289.0
2007-06-15,273.0
2007-06-16,220.0
2007-06-17,268.0
2007-06-18,276.0
2007-06-19,278.0
2007-06-20,307.0
2007-06-21,294.0
2007-06-22,329.0
2007-06-23,276.0
2007-06-24,315.0
2007-06-25,268.0
2007-06-26,332.0
2007-06-27,318.0
2007-06-28,271.0
2007-06-29,275.0
2007-06-30,191.0
2007-07-01,275.0
2007-07-02,314.0
2007-07-03,290.0
2007-07-04,193.0
2007-07-05,217.0
2007-07-06,237.0
2007-07-07,292.0
2007-07-08,313.0
2007-07-09,274.0
2007-07-10,163.0
2007-07-11,179.0
2007-07-12,250.0
2007-07-13,285.0
2007-07-14,300.0
2007-07-15,317.0
2007-07-16,327.0
2007-07-17,325.0
2007-07-18,342.0
2007-07-19,300.0
2007-07-20,305.0
2007-07-21,262.0
2007-07-22,301.0
2007-07-23,312.0
2007-07-24,311.0
2007-07-25,277.0
2007-07-26,313.0
2007-07-27,331.0
2007-07-28,296.0
2007-07-29,273.0
2007-07-30,110.0
2007-07-31,261.0
2007-08-01,247.0
2007-08-02,291.0
2007-08-03,290.0
2007-08-04,153.0
2007-08-05,237.0
2007-08-06,255.0
2007-08-07,225.0
2007-08-08,243.0
2007-08-09,231.0
2007-08-10,212.0
2007-08-11,182.0
2007-08-12,177.0
2007-08-13,159.0
2007-08-14,250.0
2007-08-15,276.0
2007-08-16,272.0
2007-08-17,267.0
2007-08-18,176.0
2007-08-19,232.0
2007-08-20,248.0
2007-08-21,209.0
2007-08-22,228.0
2007-08-23,257.0
2007-08-24,243.0
2007-08-25,211.0
2007-08-26,235.0
2007-08-27,229.0
2007-08-28,214.0
2007-08-29,140.0
2007-08-30,178.0
2007-08-31,233.0
2007-09-01,187.0
2007-09-02,232.0
2007-09-03,198.0
2007-09-04,127.0
2007-09-05,45.0
2007-09-06,122.0
2007-09-07,131.0
2007-09-08,94.0
2007-09-09,166.0
2007-09-10,160.0
2007-09-11,59.0
2007-09-12,116.0
2007-09-13,166.0
2007-09-14,188.0
2007-09-15,177.0
2007-09-16,210.0
2007-09-17,211.0
2007-09-18,168.0
2007-09-19,137.0
2007-09-20,197.0
2007-09-21,202.0
2007-09-22,205.0
2007-09-23,204.0
2007-09-24,197.0
2007-09-25,187.0
2007-09-26,121.0
2007-09-27,107.0
2007-09-28,68.0
2007-09-29,177.0
2007-09-30,159.0
2007-10-01,176.0
2007-10-02,168.0
2007-10-03,108.0
2007-10-04,114.0
2007-10-05,78.0
2007-10-06,116.0
2007-10-07,117.0
2007-10-08,122.0
2007-10-09,100.0
2007-10-10,127.0
2007-10-11,117.0
2007-10-12,69.0
2007-10-13,102.0
2007-10-14,131.0
2007-10-15,155.0
2007-10-16,151.0
2007-10-17,150.0
2007-10-18,111.0
2007-10-19,45.0
2007-10-20,94.0
2007-10-21,63.0
2007-10-22,49.0
2007-10-23,35.0
2007-10-24,50.0
2007-10-25,28.0
2007-10-26,98.0
2007-10-27,54.0
2007-10-28,73.0
2007-10-29,60.0
2007-10-30,67.0
2007-10-31,20.0
2007-11-01,94.0
2007-11-02,91.0
2007-11-03,98.0
2007-11-04,41.0
2007-11-05,86.0
2007-11-06,64.0
2007-11-07,76.0
2007-11-08,90.0
2007-11-09,26.0
2007-11-10,94.0
2007-11-11,75.0
2007-11-12,69.0
2007-11-13,75.0
2007-11-14,48.0
2007-11-15,16.0
2007-11-16,16.0
2007-11-17,44.0
2007-11-18,46.0
2007-11-19,34.0
2007-11-20,55.0
2007-11-21,85.0
2007-11-22,46.0
2007-11-23,64.0
2007-11-24,66.0
2007-11-25,26.0
2007-11-26,38.0
2007-11-27,72.0
2007-11-28,74.0
2007-11-29,77.0
2007-11-30,21.0
2007-12-01,30.0
2007-12-02,20.0
2007-12-03,14.0
2007-12-04,70.0
2007-12-05,69.0
2007-12-06,51.0
2007-12-07,45.0
2007-12-08,15.0
2007-12-09,21.0
2007-12-10,13.0
2007-12-11,11.0
2007-12-12,27.0
2007-12-13,54.0
2007-12-14,46.0
2007-12-15,26.0
2007-12-16,29.0
2007-12-17,43.0
2007-12-18,53.0
2007-12-19,29.0
2007-12-20,19.0
2007-12-21,22.0
2007-12-22,16.0
2007-12-23,17.0
2007-12-24,18.0
2007-12-25,20.0
2007-12-26,21.0
2007-12-27,21.0
2007-12-28,17.0
2007-12-29,18.0
2007-12-30,15.0
2007-12-31,16.0
2008-01-01,21.0
2008-01-02,32.0
2008-01-03,55.0
2008-01-04,54.0
2008-01-05,43.0
2008-01-06,23.0
2008-01-07,34.0
2008-01-08,22.0
2008-01-09,28.0
2008-01-10,40.0
2008-01-11,50.0
2008-01-12,49.0
2008-01-13,64.0
2008-01-14,58.0
2008-01-15,44.0
2008-01-16,69.0
2008-01-17,46.0
2008-01-18,22.0
2008-01-19,20.0
2008-01-20,31.0
2008-01-21,60.0
2008-01-22,36.0
2008-01-23,67.0
2008-01-24,71.0
2008-01-25,53.0
2008-01-26,83.0
2008-01-27,25.0
2008-01-28,95.0
2008-01-29,58.0
2008-01-30,91.0
2008-01-31,41.0
2008-02-01,65.0
2008-02-02,37.0
2008-02-03,100.0
2008-02-04,37.0
2008-02-05,58.0
2008-02-06,55.0
2008-02-07,35.0
2008-02-08,67.0
2008-02-09,92.0
2008-02-10,90.0
2008-02-11,102.0
2008-02-12,113.0
2008-02-13,101.0
2008-02-14,30.0
2008-02-15,82.0
2008-02-16,81.0
2008-02-17,145.0
2008-02-18,67.0
2008-02-19,88.0
2008-02-20,116.0
2008-02-21,94.0
2008-02-22,80.0
2008-02-23,107.0
2008-02-24,129.0
2008-02-25,150.0
2008-02-26,138.0
2008-02-27,114.0
2008-02-28,150.0
2008-02-29,99.0
2008-03-01,35.0
2008-03-02,77.0
2008-03-03,90.0
2008-03-04,71.0
2008-03-05,96.0
2008-03-06,143.0
2008-03-07,138.0
2008-03-08,18.0
2008-03-09,61.0
2008-03-10,93.0
2008-03-11,96.0
2008-03-12,83.0
2008-03-13,139.0
2008-03-14,164.0
2008-03-15,176.0
2008-03-16,104.0
2008-03-17,140.0
2008-03-18,114.0
2008-03-19,188.0
2008-03-20,194.0
2008-03-21,135.0
2008-03-22,61.0
2008-03-23,108.0
2008-03-24,86.0
2008-03-25,117.0
2008-03-26,159.0
2008-03-27,171.0
2008-03-28,220.0
2008-03-29,193.0
2008-03-30,217.0
2008-03-31,213.0
2008-04-01,147.0
2008-04-02,108.0
2008-04-03,141.0
2008-04-04,108.0
2008-04-05,22.0
2008-04-06,105.0
2008-04-07,150.0
2008-04-08,180.0
2008-04-09,131.0
2008-04-10,115.0
2008-04-11,169.0
2008-04-12,100.0
2008-04-13,219.0
2008-04-14,211.0
2008-04-15,76.0
2008-04-16,113.0
2008-04-17,233.0
2008-04-18,178.0
2008-04-19,105.0
2008-04-20,245.0
2008-04-21,230.0
2008-04-22,188.0
2008-04-23,119.0
2008-04-24,244.0
2008-04-25,281.0
2008-04-26,293.0
2008-04-27,269.0
2008-04-28,246.0
2008-04-29,269.0
2008-04-30,159.0
2008-05-01,236.0
2008-05-02,185.0
2008-05-03,203.0
2008-05-04,129.0
2008-05-05,198.0
2008-05-06,250.0
2008-05-07,304.0
2008-05-08,202.0
2008-05-09,236.0
2008-05-10,257.0
2008-05-11,283.0
2008-05-12,262.0
2008-05-13,287.0
2008-05-14,269.0
2008-05-15,294.0
2008-05-16,274.0
2008-05-17,245.0
2008-05-18,274.0
2008-05-19,278.0
2008-05-20,203.0
2008-05-21,291.0
2008-05-22,174.0
2008-05-23,213.0
2008-05-24,252.0
2008-05-25,265.0
2008-05-26,283.0
2008-05-27,300.0
2008-05-28,288.0
2008-05-29,303.0
2008-05-30,320.0
2008-05-31,275.0
2008-06-01,296.0
2008-06-02,326.0
2008-06-03,342.0
2008-06-04,258.0
2008-06-05,226.0
2008-06-06,160.0
2008-06-07,166.0
2008-06-08,250.0
2008-06-09,292.0
2008-06-10,291.0
2008-06-11,310.0
2008-06-12,186.0
2008-06-13,118.0
2008-06-14,190.0
2008-06-15,125.0
2008-06-16,277.0
2008-06-17,209.0
2008-06-18,93.0
2008-06-19,277.0
2008-06-20,312.0
2008-06-21,328.0
2008-06-22,317.0
2008-06-23,316.0
2008-06-24,266.0
2008-06-25,309.0
2008-06-26,302.0
2008-06-27,258.0
2008-06-28,295.0
2008-06-29,300.0
2008-06-30,235.0
2008-07-01,285.0
2008-07-02,336.0
2008-07-03,313.0
2008-07-04,184.0
2008-07-05,232.0
2008-07-06,278.0
2008-07-07,251.0
2008-07-08,280.0
2008-07-09,287.0
2008-07-10,314.0
2008-07-11,309.0
2008-07-12,329.0
2008-07-13,325.0
2008-07-14,223.0
2008-07-15,66.0
2008-07-16,157.0
2008-07-17,284.0
2008-07-18,147.0
2008-07-19,271.0
2008-07-20,277.0
2008-07-21,216.0
2008-07-22,80.0
2008-07-23,103.0
2008-07-24,125.0
2008-07-25,184.0
2008-07-26,191.0
2008-07-27,274.0
2008-07-28,299.0
2008-07-29,294.0
2008-07-30,288.0
2008-07-31,256.0
2008-08-01,268.0
2008-08-02,284.0
2008-08-03,241.0
2008-08-04,289.0
2008-08-05,237.0
2008-08-06,305.0
2008-08-07,283.0
2008-08-08,279.0
2008-08-09,120.0
2008-08-10,257.0
2008-08-11,293.0
2008-08-12,269.0
2008-08-13,292.0
2008-08-14,224.0
2008-08-15,277.0
2008-08-16,180.0
2008-08-17,231.0
2008-08-18,261.0
2008-08-19,271.0
2008-08-20,286.0
2008-08-21,264.0
2008-08-22,259.0
2008-08-23,202.0
2008-08-24,111.0
2008-08-25,236.0
2008-08-26,246.0
2008-08-27,264.0
2008-08-28,208.0
2008-08-29,195.0
2008-08-30,217.0
2008-08-31,262.0
2008-09-01,233.0
2008-09-02,252.0
2008-09-03,232.0
2008-09-04,231.0
2008-09-05,172.0
2008-09-06,220.0
2008-09-07,215.0
2008-09-08,97.0
2008-09-09,220.0
2008-09-10,210.0
2008-09-11,161.0
2008-09-12,159.0
2008-09-13,202.0
2008-09-14,150.0
2008-09-15,41.0
2008-09-16,50.0
2008-09-17,35.0
2008-09-18,39.0
2008-09-19,66.0
2008-09-20,57.0
2008-09-21,56.0
2008-09-22,101.0
2008-09-23,111.0
2008-09-24,116.0
2008-09-25,117.0
2008-09-26,105.0
2008-09-27,93.0
2008-09-28,162.0
2008-09-29,161.0
2008-09-30,168.0
2008-10-01,117.0
2008-10-02,119.0
2008-10-03,98.0
2008-10-04,21.0
2008-10-05,63.0
2008-10-06,125.0
2008-10-07,113.0
2008-10-08,109.0
2008-10-09,140.0
2008-10-10,139.0
2008-10-11,140.0
2008-10-12,139.0
2008-10-13,130.0
2008-10-14,132.0
2008-10-15,116.0
2008-10-16,105.0
2008-10-17,36.0
2008-10-18,141.0
2008-10-19,135.0
2008-10-20,127.0
2008-10-21,117.0
2008-10-22,116.0
2008-10-23,87.0
2008-10-24,64.0
2008-10-25,76.0
2008-10-26,63.0
2008-10-27,89.0
2008-10-28,53.0
2008-10-29,67.0
2008-10-30,76.0
2008-10-31,110.0
2008-11-01,51.0
2008-11-02,87.0
2008-11-03,89.0
2008-11-04,86.0
2008-11-05,75.0
2008-11-06,80.0
2008-11-07,94.0
2008-11-08,82.0
2008-11-09,58.0
2008-11-10,74.0
2008-11-11,97.0
2008-11-12,80.0
2008-11-13,46.0
2008-11-14,59.0
2008-11-15,73.0
2008-11-16,65.0
2008-11-17,69.0
2008-11-18,85.0
2008-11-19,33.0
2008-11-20,53.0
2008-11-21,20.0
2008-11-22,68.0
2008-11-23,65.0
2008-11-24,36.0
2008-11-25,20.0
2008-11-26,47.0
2008-11-27,33.0
2008-11-28,74.0
2008-11-29,25.0
2008-11-30,43.0
2008-12-01,57.0
2008-12-02,54.0
2008-12-03,19.0
2008-12-04,19.0
2008-12-05,36.0
2008-12-06,29.0
2008-12-07,40.0
2008-12-08,39.0
2008-12-09,51.0
2008-12-10,54.0
2008-12-11,34.0
2008-12-12,27.0
2008-12-13,46.0
2008-12-14,34.0
2008-12-15,33.0
2008-12-16,28.0
2008-12-17,38.0
2008-12-18,22.0
2008-12-19,16.0
2008-12-20,28.0
2008-12-21,48.0
2008-12-22,24.0
2008-12-23,49.0
2008-12-24,60.0
2008-12-25,51.0
2008-12-26,41.0
2008-12-27,62.0
2008-12-28,49.0
2008-12-29,34.0
2008-12-30,29.0
2008-12-31,20.0
2009-01-01,19.0
2009-01-02,19.0
2009-01-03,49.0
2009-01-04,33.0
2009-01-05,32.0
2009-01-06,47.0
2009-01-07,27.0
2009-01-08,52.0
2009-01-09,66.0
2009-01-10,38.0
2009-01-11,43.0
2009-01-12,31.0
2009-01-13,42.0
2009-01-14,31.0
2009-01-15,20.0
2009-01-16,28.0
2009-01-17,46.0
2009-01-18,31.0
2009-01-19,66.0
2009-01-20,47.0
2009-01-21,28.0
2009-01-22,26.0
2009-01-23,30.0
2009-01-24,26.0
2009-01-25,51.0
2009-01-26,26.0
2009-01-27,45.0
2009-01-28,24.0
2009-01-29,43.0
2009-01-30,57.0
2009-01-31,36.0
2009-02-01,34.0
2009-02-02,68.0
2009-02-03,32.0
2009-02-04,31.0
2009-02-05,57.0
2009-02-06,72.0
2009-02-07,83.0
2009-02-08,52.0
2009-02-09,10.0
2009-02-10,79.0
2009-02-11,65.0
2009-02-12,44.0
2009-02-13,34.0
2009-02-14,63.0
2009-02-15,75.0
2009-02-16,113.0
2009-02-17,56.0
2009-02-18,109.0
2009-02-19,115.0
2009-02-20,133.0
2009-02-21,95.0
2009-02-22,145.0
2009-02-23,79.0
2009-02-24,109.0
2009-02-25,117.0
2009-02-26,85.0
2009-02-27,67.0
2009-02-28,107.0
2009-03-01,89.0
2009-03-02,79.0
2009-03-03,65.0
2009-03-04,71.0
2009-03-05,38.0
2009-03-06,72.0
2009-03-07,70.0
2009-03-08,48.0
2009-03-09,73.0
2009-03-10,137.0
2009-03-11,90.0
2009-03-12,150.0
2009-03-13,63.0
2009-03-14,168.0
2009-03-15,160.0
2009-03-16,89.0
2009-03-17,139.0
2009-03-18,128.0
2009-03-19,153.0
2009-03-20,115.0
2009-03-21,183.0
2009-03-22,205.0
2009-03-23,101.0
2009-03-24,83.0
2009-03-25,201.0
2009-03-26,115.0
2009-03-27,146.0
2009-03-28,106.0
2009-03-29,59.0
2009-03-30,104.0
2009-03-31,159.0
2009-04-01,174.0
2009-04-02,239.0
2009-04-03,238.0
2009-04-04,240.0
2009-04-05,228.0
2009-04-06,202.0
2009-04-07,220.0
2009-04-08,197.0
2009-04-09,206.0
2009-04-10,214.0
2009-04-11,218.0
2009-04-12,213.0
2009-04-13,224.0
2009-04-14,202.0
2009-04-15,260.0
2009-04-16,251.0
2009-04-17,116.0
2009-04-18,228.0
2009-04-19,253.0
2009-04-20,263.0
2009-04-21,274.0
2009-04-22,226.0
2009-04-23,213.0
2009-04-24,267.0
2009-04-25,273.0
2009-04-26,298.0
2009-04-27,284.0
2009-04-28,314.0
2009-04-29,296.0
2009-04-30,232.0
2009-05-01,286.0
2009-05-02,220.0
2009-05-03,270.0
2009-05-04,261.0
2009-05-05,225.0
2009-05-06,198.0
2009-05-07,308.0
2009-05-08,297.0
2009-05-09,257.0
2009-05-10,283.0
2009-05-11,268.0
2009-05-12,206.0
2009-05-13,249.0
2009-05-14,195.0
2009-05-15,257.0
2009-05-16,241.0
2009-05-17,306.0
2009-05-18,302.0
2009-05-19,216.0
2009-05-20,278.0
2009-05-21,297.0
2009-05-22,286.0
2009-05-23,294.0
2009-05-24,227.0
2009-05-25,289.0
2009-05-26,322.0
2009-05-27,190.0
2009-05-28,143.0
2009-05-29,222.0
2009-05-30,250.0
2009-05-31,140.0
2009-06-01,105.0
2009-06-02,208.0
2009-06-03,254.0
2009-06-04,252.0
2009-06-05,235.0
2009-06-06,151.0
2009-06-07,267.0
2009-06-08,280.0
2009-06-09,302.0
2009-06-10,317.0
2009-06-11,268.0
2009-06-12,262.0
2009-06-13,287.0
2009-06-14,319.0
2009-06-15,245.0
2009-06-16,285.0
2009-06-17,274.0
2009-06-18,318.0
2009-06-19,323.0
2009-06-20,231.0
2009-06-21,53.0
2009-06-22,121.0
2009-06-23,192.0
2009-06-24,295.0
2009-06-25,265.0
2009-06-26,220.0
2009-06-27,191.0
2009-06-28,240.0
2009-06-29,275.0
2009-06-30,244.0
2009-07-01,296.0
2009-07-02,258.0
2009-07-03,242.0
2009-07-04,266.0
2009-07-05,272.0
2009-07-06,302.0
2009-07-07,265.0
2009-07-08,234.0
2009-07-09,286.0
2009-07-10,322.0
2009-07-11,264.0
2009-07-12,245.0
2009-07-13,289.0
2009-07-14,315.0
2009-07-15,311.0
2009-07-16,211.0
2009-07-17,262.0
2009-07-18,320.0
2009-07-19,169.0
2009-07-20,288.0
2009-07-21,261.0
2009-07-22,304.0
2009-07-23,306.0
2009-07-24,331.0
2009-07-25,215.0
2009-07-26,283.0
2009-07-27,298.0
2009-07-28,314.0
2009-07-29,279.0
2009-07-30,294.0
2009-07-31,259.0
2009-08-01,246.0
2009-08-02,278.0
2009-08-03,293.0
2009-08-04,179.0
2009-08-05,136.0
2009-08-06,113.0
2009-08-07,255.0
2009-08-08,283.0
2009-08-09,317.0
2009-08-10,242.0
2009-08-11,138.0
2009-08-12,235.0
2009-08-13,201.0
2009-08-14,130.0
2009-08-15,258.0
2009-08-16,276.0
2009-08-17,250.0
2009-08-18,238.0
2009-08-19,281.0
2009-08-20,282.0
2009-08-21,269.0
2009-08-22,263.0
2009-08-23,68.0
2009-08-24,152.0
2009-08-25,240.0
2009-08-26,240.0
2009-08-27,221.0
2009-08-28,241.0
2009-08-29,225.0
2009-08-30,212.0
2009-08-31,229.0
2009-09-01,254.0
2009-09-02,262.0
2009-09-03,235.0
2009-09-04,195.0
2009-09-05,159.0
2009-09-06,203.0
2009-09-07,192.0
2009-09-08,190.0
2009-09-09,209.0
2009-09-10,199.0
2009-09-11,173.0
2009-09-12,196.0
2009-09-13,164.0
2009-09-14,177.0
2009-09-15,191.0
2009-09-16,186.0
2009-09-17,41.0
2009-09-18,138.0
2009-09-19,198.0
2009-09-20,200.0
2009-09-21,196.0
2009-09-22,184.0
2009-09-23,187.0
2009-09-24,177.0
2009-09-25,190.0
2009-09-26,195.0
2009-09-27,181.0
2009-09-28,160.0
2009-09-29,120.0
2009-09-30,105.0
2009-10-01,114.0
2009-10-02,142.0
2009-10-03,162.0
2009-10-04,167.0
2009-10-05,157.0
2009-10-06,118.0
2009-10-07,125.0
2009-10-08,148.0
2009-10-09,114.0
2009-10-10,94.0
2009-10-11,27.0
2009-10-12,67.0
2009-10-13,21.0
2009-10-14,39.0
2009-10-15,53.0
2009-10-16,69.0
2009-10-17,66.0
2009-10-18,62.0
2009-10-19,35.0
2009-10-20,27.0
2009-10-21,79.0
2009-10-22,88.0
2009-10-23,41.0
2009-10-24,79.0
2009-10-25,72.0
2009-10-26,54.0
2009-10-27,64.0
2009-10-28,61.0
2009-10-29,44.0
2009-10-30,99.0
2009-10-31,107.0
2009-11-01,114.0
2009-11-02,99.0
2009-11-03,77.0
2009-11-04,60.0
2009-11-05,21.0
2009-11-06,48.0
2009-11-07,28.0
2009-11-08,26.0
2009-11-09,45.0
2009-11-10,23.0
2009-11-11,24.0
2009-11-12,44.0
2009-11-13,73.0
2009-11-14,76.0
2009-11-15,36.0
2009-11-16,16.0
2009-11-17,36.0
2009-11-18,45.0
2009-11-19,55.0
2009-11-20,36.0
2009-11-21,35.0
2009-11-22,19.0
2009-11-23,18.0
2009-11-24,40.0
2009-11-25,63.0
2009-11-26,59.0
2009-11-27,43.0
2009-11-28,17.0
2009-11-29,49.0
2009-11-30,52.0
2009-12-01,32.0
2009-12-02,39.0
2009-12-03,37.0
2009-12-04,26.0
2009-12-05,16.0
2009-12-06,22.0
2009-12-07,29.0
2009-12-08,27.0
2009-12-09,28.0
2009-12-10,29.0
2009-12-11,15.0
2009-12-12,18.0
2009-12-13,27.0
2009-12-14,39.0
2009-12-15,36.0
2009-12-16,25.0
2009-12-17,29.0
2009-12-18,31.0
2009-12-19,34.0
2009-12-20,34.0
2009-12-21,58.0
2009-12-22,16.0
2009-12-23,26.0
2009-12-24,29.0
2009-12-25,24.0
2009-12-26,56.0
2009-12-27,22.0
2009-12-28,50.0
2009-12-29,71.0
2009-12-30,24.0
2009-12-31,26.0
2010-01-01,18.0
2010-01-02,36.0
2010-01-03,23.0
2010-01-04,57.0
2010-01-05,31.0
2010-01-06,21.0
2010-01-07,18.0
2010-01-08,19.0
2010-01-09,33.0
2010-01-10,33.0
2010-01-11,27.0
2010-01-12,24.0
2010-01-13,32.0
2010-01-14,29.0
2010-01-15,62.0
2010-01-16,47.0
2010-01-17,24.0
2010-01-18,21.0
2010-01-19,49.0
2010-01-20,26.0
2010-01-21,29.0
2010-01-22,52.0
2010-01-23,75.0
2010-01-24,82.0
2010-01-25,90.0
2010-01-26,71.0
2010-01-27,69.0
2010-01-28,23.0
2010-01-29,57.0
2010-01-30,29.0
2010-01-31,21.0
2010-02-01,65.0
2010-02-02,73.0
2010-02-03,62.0
2010-02-04,112.0
2010-02-05,77.0
2010-02-06,59.0
2010-02-07,46.0
2010-02-08,55.0
2010-02-09,70.0
2010-02-10,101.0
2010-02-11,51.0
2010-02-12,44.0
2010-02-13,37.0
2010-02-14,76.0
2010-02-15,69.0
2010-02-16,52.0
2010-02-17,50.0
2010-02-18,48.0
2010-02-19,79.0
2010-02-20,51.0
2010-02-21,88.0
2010-02-22,66.0
2010-02-23,101.0
2010-02-24,53.0
2010-02-25,65.0
2010-02-26,70.0
2010-02-27,14.0
2010-02-28,69.0
2010-03-01,107.0
2010-03-02,126.0
2010-03-03,134.0
2010-03-04,86.0
2010-03-05,95.0
2010-03-06,127.0
2010-03-07,102.0
2010-03-08,158.0
2010-03-09,147.0
2010-03-10,147.0
2010-03-11,56.0
2010-03-12,60.0
2010-03-13,80.0
2010-03-14,122.0
2010-03-15,136.0
2010-03-16,119.0
2010-03-17,169.0
2010-03-18,170.0
2010-03-19,181.0
2010-03-20,184.0
2010-03-21,154.0
2010-03-22,158.0
2010-03-23,107.0
2010-03-24,184.0
2010-03-25,190.0
2010-03-26,169.0
2010-03-27,93.0
2010-03-28,169.0
2010-03-29,225.0
2010-03-30,170.0
2010-03-31,114.0
2010-04-01,156.0
2010-04-02,152.0
2010-04-03,213.0
2010-04-04,178.0
2010-04-05,83.0
2010-04-06,87.0
2010-04-07,160.0
2010-04-08,231.0
2010-04-09,198.0
2010-04-10,137.0
2010-04-11,116.0
2010-04-12,130.0
2010-04-13,81.0
2010-04-14,86.0
2010-04-15,132.0
2010-04-16,168.0
2010-04-17,232.0
2010-04-18,273.0
2010-04-19,58.0
2010-04-20,209.0
2010-04-21,243.0
2010-04-22,256.0
2010-04-23,215.0
2010-04-24,240.0
2010-04-25,270.0
2010-04-26,265.0
2010-04-27,241.0
2010-04-28,208.0
2010-04-29,286.0
2010-04-30,298.0
2010-05-01,273.0
2010-05-02,173.0
2010-05-03,195.0
2010-05-04,245.0
2010-05-05,188.0
2010-05-06,113.0
2010-05-07,174.0
2010-05-08,206.0
2010-05-09,157.0
2010-05-10,152.0
2010-05-11,212.0
2010-05-12,182.0
2010-05-13,213.0
2010-05-14,223.0
2010-05-15,140.0
2010-05-16,83.0
2010-05-17,100.0
2010-05-18,73.0
2010-05-19,74.0
2010-05-20,99.0
2010-05-21,207.0
2010-05-22,269.0
2010-05-23,273.0
2010-05-24,242.0
2010-05-25,283.0
2010-05-26,228.0
2010-05-27,275.0
2010-05-28,257.0
2010-05-29,176.0
2010-05-30,225.0
2010-05-31,149.0
2010-06-01,93.0
2010-06-02,201.0
2010-06-03,123.0
2010-06-04,74.0
2010-06-05,187.0
2010-06-06,306.0
2010-06-07,328.0
2010-06-08,320.0
2010-06-09,329.0
2010-06-10,318.0
2010-06-11,332.0
2010-06-12,300.0
2010-06-13,283.0
2010-06-14,229.0
2010-06-15,266.0
2010-06-16,152.0
2010-06-17,246.0
2010-06-18,204.0
2010-06-19,243.0
2010-06-20,249.0
2010-06-21,130.0
2010-06-22,96.0
2010-06-23,193.0
2010-06-24,200.0
2010-06-25,184.0
2010-06-26,81.0
2010-06-27,156.0
2010-06-28,237.0
2010-06-29,298.0
2010-06-30,305.0
2010-07-01,288.0
2010-07-02,308.0
2010-07-03,250.0
2010-07-04,279.0
2010-07-05,246.0
2010-07-06,278.0
2010-07-07,125.0
2010-07-08,184.0
2010-07-09,301.0
2010-07-10,312.0
2010-07-11,313.0
2010-07-12,285.0
2010-07-13,296.0
2010-07-14,295.0
2010-07-15,285.0
2010-07-16,296.0
2010-07-17,303.0
2010-07-18,223.0
2010-07-19,253.0
2010-07-20,289.0
2010-07-21,280.0
2010-07-22,264.0
2010-07-23,275.0
2010-07-24,221.0
2010-07-25,88.0
2010-07-26,104.0
2010-07-27,100.0
2010-07-28,92.0
2010-07-29,260.0
2010-07-30,293.0
2010-07-31,245.0
2010-08-01,253.0
2010-08-02,294.0
2010-08-03,280.0
2010-08-04,164.0
2010-08-05,236.0
2010-08-06,213.0
2010-08-07,272.0
2010-08-08,189.0
2010-08-09,232.0
2010-08-10,277.0
2010-08-11,280.0
2010-08-12,267.0
2010-08-13,223.0
2010-08-14,237.0
2010-08-15,198.0
2010-08-16,221.0
2010-08-17,245.0
2010-08-18,252.0
2010-08-19,237.0
2010-08-20,280.0
2010-08-21,275.0
2010-08-22,280.0
2010-08-23,252.0
2010-08-24,262.0
2010-08-25,223.0
2010-08-26,252.0
2010-08-27,237.0
2010-08-28,102.0
2010-08-29,198.0
2010-08-30,180.0
2010-08-31,145.0
2010-09-01,75.0
2010-09-02,208.0
2010-09-03,170.0
2010-09-04,164.0
2010-09-05,154.0
2010-09-06,159.0
2010-09-07,198.0
2010-09-08,109.0
2010-09-09,115.0
2010-09-10,56.0
2010-09-11,62.0
2010-09-12,150.0
2010-09-13,167.0
2010-09-14,184.0
2010-09-15,131.0
2010-09-16,138.0
2010-09-17,66.0
2010-09-18,117.0
2010-09-19,58.0
2010-09-20,178.0
2010-09-21,202.0
2010-09-22,189.0
2010-09-23,201.0
2010-09-24,191.0
2010-09-25,148.0
2010-09-26,65.0
2010-09-27,104.0
2010-09-28,135.0
2010-09-29,111.0
2010-09-30,81.0
2010-10-01,84.0
2010-10-02,79.0
2010-10-03,196.0
2010-10-04,159.0
2010-10-05,42.0
2010-10-06,175.0
2010-10-07,128.0
2010-10-08,134.0
2010-10-09,148.0
2010-10-10,121.0
2010-10-11,148.0
2010-10-12,143.0
2010-10-13,150.0
2010-10-14,148.0
2010-10-15,109.0
2010-10-16,70.0
2010-10-17,55.0
2010-10-18,89.0
2010-10-19,59.0
2010-10-20,48.0
2010-10-21,110.0
2010-10-22,133.0
2010-10-23,113.0
2010-10-24,95.0
2010-10-25,70.0
2010-10-26,38.0
2010-10-27,113.0
2010-10-28,128.0
2010-10-29,124.0
2010-10-30,117.0
2010-10-31,128.0
2010-11-01,96.0
2010-11-02,80.0
2010-11-03,76.0
2010-11-04,69.0
2010-11-05,95.0
2010-11-06,101.0
2010-11-07,78.0
2010-11-08,35.0
2010-11-09,66.0
2010-11-10,39.0
2010-11-11,84.0
2010-11-12,58.0
2010-11-13,87.0
2010-11-14,94.0
2010-11-15,90.0
2010-11-16,79.0
2010-11-17,75.0
2010-11-18,41.0
2010-11-19,41.0
2010-11-20,48.0
2010-11-21,64.0
2010-11-22,24.0
2010-11-23,45.0
2010-11-24,60.0
2010-11-25,72.0
2010-11-26,48.0
2010-11-27,28.0
2010-11-28,39.0
2010-11-29,32.0
2010-11-30,35.0
2010-12-01,22.0
2010-12-02,18.0
2010-12-03,16.0
2010-12-04,31.0
2010-12-05,74.0
2010-12-06,32.0
2010-12-07,15.0
2010-12-08,17.0
2010-12-09,18.0
2010-12-10,55.0
2010-12-11,50.0
2010-12-12,32.0
2010-12-13,25.0
2010-12-14,34.0
2010-12-15,39.0
2010-12-16,39.0
2010-12-17,31.0
2010-12-18,22.0
2010-12-19,54.0
2010-12-20,34.0
2010-12-21,33.0
2010-12-22,29.0
2010-12-23,33.0
2010-12-24,34.0
2010-12-25,23.0
2010-12-26,19.0
2010-12-27,19.0
2010-12-28,32.0
2010-12-29,31.0
2010-12-30,14.0
2010-12-31,16.0
2011-01-01,19.0
2011-01-02,29.0
2011-01-03,26.0
2011-01-04,17.0
2011-01-05,35.0
2011-01-06,38.0
2011-01-07,30.0
2011-01-08,31.0
2011-01-09,46.0
2011-01-10,35.0
2011-01-11,35.0
2011-01-12,21.0
2011-01-13,21.0
2011-01-14,24.0
2011-01-15,34.0
2011-01-16,50.0
2011-01-17,54.0
2011-01-18,27.0
2011-01-19,21.0
2011-01-20,17.0
2011-01-21,51.0
2011-01-22,51.0
2011-01-23,73.0
2011-01-24,60.0
2011-01-25,79.0
2011-01-26,46.0
2011-01-27,56.0
2011-01-28,90.0
2011-01-29,92.0
2011-01-30,64.0
2011-01-31,43.0
2011-02-01,43.0
2011-02-02,27.0
2011-02-03,21.0
2011-02-04,33.0
2011-02-05,60.0
2011-02-06,85.0
2011-02-07,99.0
2011-02-08,83.0
2011-02-09,93.0
2011-02-10,111.0
2011-02-11,55.0
2011-02-12,108.0
2011-02-13,111.0
2011-02-14,70.0
2011-02-15,114.0
2011-02-16,58.0
2011-02-17,32.0
2011-02-18,73.0
2011-02-19,57.0
2011-02-20,45.0
2011-02-21,77.0
2011-02-22,98.0
2011-02-23,90.0
2011-02-24,39.0
2011-02-25,43.0
2011-02-26,118.0
2011-02-27,112.0
2011-02-28,70.0
2011-03-01,153.0
2011-03-02,130.0
2011-03-03,79.0
2011-03-04,117.0
2011-03-05,90.0
2011-03-06,111.0
2011-03-07,148.0
2011-03-08,178.0
2011-03-09,184.0
2011-03-10,153.0
2011-03-11,142.0
2011-03-12,172.0
2011-03-13,161.0
2011-03-14,81.0
2011-03-15,127.0
2011-03-16,127.0
2011-03-17,58.0
2011-03-18,78.0
2011-03-19,28.0
2011-03-20,60.0
2011-03-21,154.0
2011-03-22,200.0
2011-03-23,174.0
2011-03-24,216.0
2011-03-25,209.0
2011-03-26,141.0
2011-03-27,156.0
2011-03-28,94.0
2011-03-29,200.0
2011-03-30,213.0
2011-03-31,220.0
2011-04-01,114.0
2011-04-02,185.0
2011-04-03,223.0
2011-04-04,239.0
2011-04-05,108.0
2011-04-06,195.0
2011-04-07,192.0
2011-04-08,192.0
2011-04-09,191.0
2011-04-10,174.0
2011-04-11,239.0
2011-04-12,150.0
2011-04-13,156.0
2011-04-14,157.0
2011-04-15,116.0
2011-04-16,217.0
2011-04-17,232.0
2011-04-18,241.0
2011-04-19,208.0
2011-04-20,276.0
2011-04-21,278.0
2011-04-22,261.0
2011-04-23,258.0
2011-04-24,221.0
2011-04-25,187.0
2011-04-26,261.0
2011-04-27,247.0
2011-04-28,211.0
2011-04-29,246.0
2011-04-30,227.0
2011-05-01,125.0
2011-05-02,224.0
2011-05-03,248.0
2011-05-04,228.0
2011-05-05,241.0
2011-05-06,296.0
2011-05-07,185.0
2011-05-08,190.0
2011-05-09,229.0
2011-05-10,270.0
2011-05-11,304.0
2011-05-12,314.0
2011-05-13,203.0
2011-05-14,282.0
2011-05-15,217.0
2011-05-16,131.0
2011-05-17,244.0
2011-05-18,310.0
2011-05-19,290.0
2011-05-20,291.0
2011-05-21,294.0
2011-05-22,293.0
2011-05-23,262.0
2011-05-24,301.0
2011-05-25,301.0
2011-05-26,326.0
2011-05-27,326.0
2011-05-28,277.0
2011-05-29,206.0
2011-05-30,279.0
2011-05-31,286.0
2011-06-01,263.0
2011-06-02,264.0
2011-06-03,242.0
2011-06-04,288.0
2011-06-05,262.0
2011-06-06,282.0
2011-06-07,247.0
2011-06-08,197.0
2011-06-09,218.0
2011-06-10,140.0
2011-06-11,124.0
2011-06-12,247.0
2011-06-13,282.0
2011-06-14,307.0
2011-06-15,296.0
2011-06-16,307.0
2011-06-17,320.0
2011-06-18,300.0
2011-06-19,131.0
2011-06-20,215.0
2011-06-21,256.0
2011-06-22,303.0
2011-06-23,331.0
2011-06-24,245.0
2011-06-25,257.0
2011-06-26,274.0
2011-06-27,262.0
2011-06-28,107.0
2011-06-29,197.0
2011-06-30,162.0
2011-07-01,162.0
2011-07-02,155.0
2011-07-03,171.0
2011-07-04,171.0
2011-07-05,241.0
2011-07-06,174.0
2011-07-07,271.0
2011-07-08,318.0
2011-07-09,310.0
2011-07-10,303.0
2011-07-11,322.0
2011-07-12,284.0
2011-07-13,308.0
2011-07-14,325.0
2011-07-15,300.0
2011-07-16,270.0
2011-07-17,257.0
2011-07-18,301.0
2011-07-19,251.0
2011-07-20,189.0
2011-07-21,175.0
2011-07-22,181.0
2011-07-23,235.0
2011-07-24,147.0
2011-07-25,148.0
2011-07-26,137.0
2011-07-27,169.0
2011-07-28,210.0
2011-07-29,119.0
2011-07-30,127.0
2011-07-31,126.0
2011-08-01,160.0
2011-08-02,212.0
2011-08-03,268.0
2011-08-04,275.0
2011-08-05,253.0
2011-08-06,272.0
2011-08-07,245.0
2011-08-08,236.0
2011-08-09,218.0
2011-08-10,246.0
2011-08-11,284.0
2011-08-12,253.0
2011-08-13,272.0
2011-08-14,267.0
2011-08-15,289.0
2011-08-16,208.0
2011-08-17,274.0
2011-08-18,281.0
2011-08-19,283.0
2011-08-20,286.0
2011-08-21,285.0
2011-08-22,270.0
2011-08-23,244.0
2011-08-24,267.0
2011-08-25,246.0
2011-08-26,257.0
2011-08-27,252.0
2011-08-28,212.0
2011-08-29,234.0
2011-08-30,224.0
2011-08-31,243.0
2011-09-01,225.0
2011-09-02,214.0
2011-09-03,230.0
2011-09-04,237.0
2011-09-05,213.0
2011-09-06,158.0
2011-09-07,196.0
2011-09-08,101.0
2011-09-09,188.0
2011-09-10,165.0
2011-09-11,225.0
2011-09-12,226.0
2011-09-13,221.0
2011-09-14,216.0
2011-09-15,203.0
2011-09-16,216.0
2011-09-17,201.0
2011-09-18,194.0
2011-09-19,216.0
2011-09-20,132.0
2011-09-21,182.0
2011-09-22,170.0
2011-09-23,154.0
2011-09-24,174.0
2011-09-25,187.0
2011-09-26,190.0
2011-09-27,194.0
2011-09-28,177.0
2011-09-29,172.0
2011-09-30,177.0
2011-10-01,180.0
2011-10-02,177.0
2011-10-03,177.0
2011-10-04,148.0
2011-10-05,165.0
2011-10-06,133.0
2011-10-07,142.0
2011-10-08,125.0
2011-10-09,106.0
2011-10-10,146.0
2011-10-11,61.0
2011-10-12,74.0
2011-10-13,117.0
2011-10-14,102.0
2011-10-15,100.0
2011-10-16,150.0
2011-10-17,148.0
2011-10-18,146.0
2011-10-19,132.0
2011-10-20,55.0
2011-10-21,50.0
2011-10-22,46.0
2011-10-23,39.0
2011-10-24,44.0
2011-10-25,85.0
2011-10-26,113.0
2011-10-27,121.0
2011-10-28,127.0
2011-10-29,127.0
2011-10-30,113.0
2011-10-31,101.0
2011-11-01,108.0
2011-11-02,116.0
2011-11-03,101.0
2011-11-04,81.0
2011-11-05,68.0
2011-11-06,91.0
2011-11-07,82.0
2011-11-08,109.0
2011-11-09,103.0
2011-11-10,85.0
2011-11-11,79.0
2011-11-12,86.0
2011-11-13,88.0
2011-11-14,76.0
2011-11-15,86.0
2011-11-16,92.0
2011-11-17,88.0
2011-11-18,44.0
2011-11-19,25.0
2011-11-20,21.0
2011-11-21,16.0
2011-11-22,16.0
2011-11-23,68.0
2011-11-24,34.0
2011-11-25,28.0
2011-11-26,13.0
2011-11-27,25.0
2011-11-28,39.0
2011-11-29,34.0
2011-11-30,46.0
2011-12-01,22.0
2011-12-02,26.0
2011-12-03,19.0
2011-12-04,31.0
2011-12-05,20.0
2011-12-06,52.0
2011-12-07,59.0
2011-12-08,49.0
2011-12-09,41.0
2011-12-10,23.0
2011-12-11,55.0
2011-12-12,30.0
2011-12-13,13.0
2011-12-14,21.0
2011-12-15,15.0
2011-12-16,53.0
2011-12-17,26.0
2011-12-18,59.0
2011-12-19,27.0
2011-12-20,13.0
2011-12-21,48.0
2011-12-22,27.0
2011-12-23,33.0
2011-12-24,20.0
2011-12-25,21.0
2011-12-26,31.0
2011-12-27,14.0
2011-12-28,17.0
2011-12-29,21.0
2011-12-30,30.0
2011-12-31,37.0
2012-01-01,36.0
2012-01-02,60.0
2012-01-03,35.0
2012-01-04,30.0
2012-01-05,32.0
2012-01-06,43.0
2012-01-07,60.0
2012-01-08,30.0
2012-01-09,35.0
2012-01-10,23.0
2012-01-11,49.0
2012-01-12,50.0
2012-01-13,62.0
2012-01-14,62.0
2012-01-15,59.0
2012-01-16,53.0
2012-01-17,35.0
2012-01-18,17.0
2012-01-19,23.0
2012-01-20,23.0
2012-01-21,79.0
2012-01-22,79.0
2012-01-23,80.0
2012-01-24,48.0
2012-01-25,54.0
2012-01-26,33.0
2012-01-27,74.0
2012-01-28,58.0
2012-01-29,88.0
2012-01-30,99.0
2012-01-31,109.0
2012-02-01,106.0
2012-02-02,97.0
2012-02-03,46.0
2012-02-04,29.0
2012-02-05,50.0
2012-02-06,37.0
2012-02-07,80.0
2012-02-08,90.0
2012-02-09,81.0
2012-02-10,107.0
2012-02-11,95.0
2012-02-12,90.0
2012-02-13,64.0
2012-02-14,81.0
2012-02-15,59.0
2012-02-16,58.0
2012-02-17,79.0
2012-02-18,86.0
2012-02-19,66.0
2012-02-20,65.0
2012-02-21,131.0
2012-02-22,129.0
2012-02-23,84.0
2012-02-24,88.0
2012-02-25,131.0
2012-02-26,126.0
2012-02-27,140.0
2012-02-28,128.0
2012-02-29,155.0
2012-03-01,123.0
2012-03-02,99.0
2012-03-03,159.0
2012-03-04,170.0
2012-03-05,178.0
2012-03-06,163.0
2012-03-07,176.0
2012-03-08,146.0
2012-03-09,134.0
2012-03-10,174.0
2012-03-11,78.0
2012-03-12,184.0
2012-03-13,128.0
2012-03-14,101.0
2012-03-15,175.0
2012-03-16,194.0
2012-03-17,200.0
2012-03-18,198.0
2012-03-19,187.0
2012-03-20,212.0
2012-03-21,205.0
2012-03-22,202.0
2012-03-23,209.0
2012-03-24,215.0
2012-03-25,224.0
2012-03-26,221.0
2012-03-27,165.0
2012-03-28,169.0
2012-03-29,156.0
2012-03-30,168.0
2012-03-31,144.0
2012-04-01,174.0
2012-04-02,212.0
2012-04-03,201.0
2012-04-04,146.0
2012-04-05,189.0
2012-04-06,165.0
2012-04-07,210.0
2012-04-08,134.0
2012-04-09,198.0
2012-04-10,280.0
2012-04-11,214.0
2012-04-12,120.0
2012-04-13,222.0
2012-04-14,79.0
2012-04-15,105.0
2012-04-16,139.0
2012-04-17,80.0
2012-04-18,66.0
2012-04-19,172.0
2012-04-20,248.0
2012-04-21,136.0
2012-04-22,243.0
2012-04-23,225.0
2012-04-24,195.0
2012-04-25,180.0
2012-04-26,257.0
2012-04-27,288.0
2012-04-28,303.0
2012-04-29,293.0
2012-04-30,307.0
2012-05-01,294.0
2012-05-02,302.0
2012-05-03,285.0
2012-05-04,274.0
2012-05-05,275.0
2012-05-06,286.0
2012-05-07,104.0
2012-05-08,124.0
2012-05-09,257.0
2012-05-10,312.0
2012-05-11,323.0
2012-05-12,331.0
2012-05-13,160.0
2012-05-14,119.0
2012-05-15,99.0
2012-05-16,111.0
2012-05-17,121.0
2012-05-18,245.0
2012-05-19,276.0
2012-05-20,292.0
2012-05-21,316.0
2012-05-22,265.0
2012-05-23,239.0
2012-05-24,213.0
2012-05-25,243.0
2012-05-26,241.0
2012-05-27,253.0
2012-05-28,251.0
2012-05-29,222.0
2012-05-30,296.0
2012-05-31,298.0
2012-06-01,193.0
2012-06-02,214.0
2012-06-03,238.0
2012-06-04,319.0
2012-06-05,140.0
2012-06-06,230.0
2012-06-07,261.0
2012-06-08,269.0
2012-06-09,326.0
2012-06-10,209.0
2012-06-11,195.0
2012-06-12,142.0
2012-06-13,248.0
2012-06-14,236.0
2012-06-15,287.0
2012-06-16,336.0
2012-06-17,340.0
2012-06-18,344.0
2012-06-19,341.0
2012-06-20,310.0
2012-06-21,337.0
2012-06-22,226.0
2012-06-23,304.0
2012-06-24,309.0
2012-06-25,211.0
2012-06-26,259.0
2012-06-27,319.0
2012-06-28,237.0
2012-06-29,265.0
2012-06-30,316.0
2012-07-01,304.0
2012-07-02,309.0
2012-07-03,320.0
2012-07-04,314.0
2012-07-05,329.0
2012-07-06,300.0
2012-07-07,304.0
2012-07-08,290.0
2012-07-09,294.0
2012-07-10,295.0
2012-07-11,277.0
2012-07-12,260.0
2012-07-13,272.0
2012-07-14,301.0
2012-07-15,250.0
2012-07-16,249.0
2012-07-17,267.0
2012-07-18,284.0
2012-07-19,317.0
2012-07-20,268.0
2012-07-21,254.0
2012-07-22,202.0
2012-07-23,284.0
2012-07-24,219.0
2012-07-25,166.0
2012-07-26,187.0
2012-07-27,232.0
2012-07-28,290.0
2012-07-29,254.0
2012-07-30,261.0
2012-07-31,277.0
2012-08-01,287.0
2012-08-02,303.0
2012-08-03,282.0
2012-08-04,275.0
2012-08-05,253.0
2012-08-06,273.0
2012-08-07,302.0
2012-08-08,308.0
2012-08-09,289.0
2012-08-10,256.0
2012-08-11,199.0
2012-08-12,133.0
2012-08-13,226.0
2012-08-14,204.0
2012-08-15,242.0
2012-08-16,287.0
2012-08-17,201.0
2012-08-18,259.0
2012-08-19,277.0
2012-08-20,276.0
2012-08-21,255.0
2012-08-22,254.0
2012-08-23,196.0
2012-08-24,243.0
2012-08-25,265.0
2012-08-26,251.0
2012-08-27,175.0
2012-08-28,251.0
2012-08-29,229.0
2012-08-30,240.0
2012-08-31,275.0
2012-09-01,239.0
2012-09-02,251.0
2012-09-03,238.0
2012-09-04,199.0
2012-09-05,200.0
2012-09-06,127.0
2012-09-07,225.0
2012-09-08,206.0
2012-09-09,215.0
2012-09-10,230.0
2012-09-11,206.0
2012-09-12,221.0
2012-09-13,161.0
2012-09-14,109.0
2012-09-15,87.0
2012-09-16,162.0
2012-09-17,157.0
2012-09-18,143.0
2012-09-19,152.0
2012-09-20,36.0
2012-09-21,180.0
2012-09-22,147.0
2012-09-23,144.0
2012-09-24,132.0
2012-09-25,125.0
2012-09-26,196.0
2012-09-27,180.0
2012-09-28,152.0
2012-09-29,130.0
2012-09-30,142.0
2012-10-01,114.0
2012-10-02,94.0
2012-10-03,86.0
2012-10-04,155.0
2012-10-05,170.0
2012-10-06,158.0
2012-10-07,78.0
2012-10-08,124.0
2012-10-09,172.0
2012-10-10,135.0
2012-10-11,140.0
2012-10-12,117.0
2012-10-13,97.0
2012-10-14,50.0
2012-10-15,78.0
2012-10-16,63.0
2012-10-17,115.0
2012-10-18,143.0
2012-10-19,151.0
2012-10-20,143.0
2012-10-21,138.0
2012-10-22,148.0
2012-10-23,119.0
2012-10-24,69.0
2012-10-25,31.0
2012-10-26,81.0
2012-10-27,46.0
2012-10-28,16.0
2012-10-29,31.0
2012-10-30,77.0
2012-10-31,111.0
2012-11-01,43.0
2012-11-02,79.0
2012-11-03,69.0
2012-11-04,91.0
2012-11-05,49.0
2012-11-06,96.0
2012-11-07,87.0
2012-11-08,80.0
2012-11-09,48.0
2012-11-10,53.0
2012-11-11,76.0
2012-11-12,61.0
2012-11-13,36.0
2012-11-14,60.0
2012-11-15,80.0
2012-11-16,68.0
2012-11-17,84.0
2012-11-18,69.0
2012-11-19,65.0
2012-11-20,49.0
2012-11-21,67.0
2012-11-22,32.0
2012-11-23,24.0
2012-11-24,26.0
2012-11-25,35.0
2012-11-26,36.0
2012-11-27,38.0
2012-11-28,43.0
2012-11-29,43.0
2012-11-30,37.0
2012-12-01,23.0
2012-12-02,19.0
2012-12-03,22.0
2012-12-04,44.0
2012-12-05,28.0
2012-12-06,38.0
2012-12-07,55.0
2012-12-08,29.0
2012-12-09,24.0
2012-12-10,27.0
2012-12-11,35.0
2012-12-12,28.0
2012-12-13,64.0
2012-12-14,31.0
2012-12-15,20.0
2012-12-16,20.0
2012-12-17,21.0
2012-12-18,33.0
2012-12-19,32.0
2012-12-20,34.0
2012-12-21,37.0
2012-12-22,25.0
2012-12-23,23.0
2012-12-24,24.0
2012-12-25,34.0
2012-12-26,30.0
2012-12-27,44.0
2012-12-28,26.0
2012-12-29,66.0
2012-12-30,67.0
2012-12-31,48.0
2013-01-01,39.0
2013-01-02,29.0
2013-01-03,36.0
2013-01-04,44.0
2013-01-05,41.0
2013-01-06,37.0
2013-01-07,70.0
2013-01-08,66.0
2013-01-09,30.0
2013-01-10,21.0
2013-01-11,29.0
2013-01-12,78.0
2013-01-13,53.0
2013-01-14,32.0
2013-01-15,23.0
2013-01-16,27.0
2013-01-17,35.0
2013-01-18,22.0
2013-01-19,22.0
2013-01-20,31.0
2013-01-21,33.0
2013-01-22,22.0
2013-01-23,28.0
2013-01-24,56.0
2013-01-25,41.0
2013-01-26,57.0
2013-01-27,63.0
2013-01-28,38.0
2013-01-29,45.0
2013-01-30,21.0
2013-01-31,85.0
2013-02-01,76.0
2013-02-02,34.0
2013-02-03,19.0
2013-02-04,46.0
2013-02-05,46.0
2013-02-06,47.0
2013-02-07,22.0
2013-02-08,69.0
2013-02-09,39.0
2013-02-10,26.0
2013-02-11,55.0
2013-02-12,60.0
2013-02-13,57.0
2013-02-14,52.0
2013-02-15,66.0
2013-02-16,72.0
2013-02-17,72.0
2013-02-18,60.0
2013-02-19,62.0
2013-02-20,87.0
2013-02-21,78.0
2013-02-22,40.0
2013-02-23,50.0
2013-02-24,41.0
2013-02-25,64.0
2013-02-26,111.0
2013-02-27,89.0
2013-02-28,145.0
2013-03-01,51.0
2013-03-02,117.0
2013-03-03,159.0
2013-03-04,168.0
2013-03-05,178.0
2013-03-06,111.0
2013-03-07,45.0
2013-03-08,76.0
2013-03-09,66.0
2013-03-10,75.0
2013-03-11,120.0
2013-03-12,155.0
2013-03-13,71.0
2013-03-14,36.0
2013-03-15,65.0
2013-03-16,154.0
2013-03-17,204.0
2013-03-18,116.0
2013-03-19,111.0
2013-03-20,202.0
2013-03-21,73.0
2013-03-22,79.0
2013-03-23,154.0
2013-03-24,215.0
2013-03-25,52.0
2013-03-26,59.0
2013-03-27,45.0
2013-03-28,89.0
2013-03-29,61.0
2013-03-30,92.0
2013-03-31,98.0
2013-04-01,144.0
2013-04-02,124.0
2013-04-03,38.0
2013-04-04,40.0
2013-04-05,71.0
2013-04-06,93.0
2013-04-07,122.0
2013-04-08,173.0
2013-04-09,86.0
2013-04-10,130.0
2013-04-11,215.0
2013-04-12,105.0
2013-04-13,213.0
2013-04-14,227.0
2013-04-15,266.0
2013-04-16,291.0
2013-04-17,265.0
2013-04-18,275.0
2013-04-19,306.0
2013-04-20,279.0
2013-04-21,246.0
2013-04-22,284.0
2013-04-23,263.0
2013-04-24,267.0
2013-04-25,291.0
2013-04-26,284.0
2013-04-27,262.0
2013-04-28,222.0
2013-04-29,272.0
2013-04-30,255.0
2013-05-01,247.0
2013-05-02,214.0
2013-05-03,252.0
2013-05-04,263.0
2013-05-05,289.0
2013-05-06,230.0
2013-05-07,228.0
2013-05-08,285.0
2013-05-09,234.0
2013-05-10,306.0
2013-05-11,353.0
2013-05-12,203.0
2013-05-13,84.0
2013-05-14,102.0
2013-05-15,235.0
2013-05-16,291.0
2013-05-17,119.0
2013-05-18,299.0
2013-05-19,304.0
2013-05-20,308.0
2013-05-21,253.0
2013-05-22,111.0
2013-05-23,101.0
2013-05-24,164.0
2013-05-25,209.0
2013-05-26,109.0
2013-05-27,147.0
2013-05-28,179.0
2013-05-29,250.0
2013-05-30,151.0
2013-05-31,251.0
2013-06-01,171.0
2013-06-02,261.0
2013-06-03,146.0
2013-06-04,112.0
2013-06-05,168.0
2013-06-06,158.0
2013-06-07,239.0
2013-06-08,284.0
2013-06-09,292.0
2013-06-10,209.0
2013-06-11,270.0
2013-06-12,230.0
2013-06-13,287.0
2013-06-14,324.0
2013-06-15,334.0
2013-06-16,314.0
2013-06-17,315.0
2013-06-18,345.0
2013-06-19,318.0
2013-06-20,298.0
2013-06-21,341.0
2013-06-22,250.0
2013-06-23,217.0
2013-06-24,274.0
2013-06-25,123.0
2013-06-26,138.0
2013-06-27,152.0
2013-06-28,238.0
2013-06-29,218.0
2013-06-30,255.0
2013-07-01,300.0
2013-07-02,314.0
2013-07-03,341.0
2013-07-04,332.0
2013-07-05,261.0
2013-07-06,282.0
2013-07-07,296.0
2013-07-08,309.0
2013-07-09,310.0
2013-07-10,305.0
2013-07-11,235.0
2013-07-12,253.0
2013-07-13,270.0
2013-07-14,278.0
2013-07-15,177.0
2013-07-16,269.0
2013-07-17,280.0
2013-07-18,283.0
2013-07-19,289.0
2013-07-20,254.0
2013-07-21,291.0
2013-07-22,302.0
2013-07-23,298.0
2013-07-24,335.0
2013-07-25,272.0
2013-07-26,298.0
2013-07-27,271.0
2013-07-28,289.0
2013-07-29,293.0
2013-07-30,178.0
2013-07-31,301.0
2013-08-01,258.0
2013-08-02,304.0
2013-08-03,290.0
2013-08-04,309.0
2013-08-05,292.0
2013-08-06,295.0
2013-08-07,287.0
2013-08-08,277.0
2013-08-09,274.0
2013-08-10,234.0
2013-08-11,274.0
2013-08-12,289.0
2013-08-13,271.0
2013-08-14,209.0
2013-08-15,250.0
2013-08-16,273.0
2013-08-17,282.0
2013-08-18,276.0
2013-08-19,271.0
2013-08-20,263.0
2013-08-21,138.0
2013-08-22,226.0
2013-08-23,253.0
2013-08-24,250.0
2013-08-25,260.0
2013-08-26,124.0
2013-08-27,158.0
2013-08-28,110.0
2013-08-29,116.0
2013-08-30,205.0
2013-08-31,225.0
2013-09-01,170.0
2013-09-02,210.0
2013-09-03,190.0
2013-09-04,242.0
2013-09-05,213.0
2013-09-06,246.0
2013-09-07,257.0
2013-09-08,243.0
2013-09-09,107.0
2013-09-10,176.0
2013-09-11,74.0
2013-09-12,129.0
2013-09-13,180.0
2013-09-14,89.0
2013-09-15,164.0
2013-09-16,156.0
2013-09-17,75.0
2013-09-18,171.0
2013-09-19,103.0
2013-09-20,190.0
2013-09-21,153.0
2013-09-22,150.0
2013-09-23,108.0
2013-09-24,128.0
2013-09-25,161.0
2013-09-26,112.0
2013-09-27,168.0
2013-09-28,157.0
2013-09-29,147.0
2013-09-30,118.0
2013-10-01,70.0
2013-10-02,68.0
2013-10-03,125.0
2013-10-04,169.0
2013-10-05,183.0
2013-10-06,171.0
2013-10-07,173.0
2013-10-08,150.0
2013-10-09,74.0
2013-10-10,54.0
2013-10-11,131.0
2013-10-12,141.0
2013-10-13,107.0
2013-10-14,113.0
2013-10-15,55.0
2013-10-16,19.0
2013-10-17,74.0
2013-10-18,106.0
2013-10-19,130.0
2013-10-20,135.0
2013-10-21,102.0
2013-10-22,108.0
2013-10-23,114.0
2013-10-24,128.0
2013-10-25,121.0
2013-10-26,116.0
2013-10-27,111.0
2013-10-28,93.0
2013-10-29,113.0
2013-10-30,79.0
2013-10-31,110.0
2013-11-01,33.0
2013-11-02,68.0
2013-11-03,32.0
2013-11-04,63.0
2013-11-05,48.0
2013-11-06,77.0
2013-11-07,50.0
2013-11-08,84.0
2013-11-09,75.0
2013-11-10,60.0
2013-11-11,41.0
2013-11-12,67.0
2013-11-13,25.0
2013-11-14,50.0
2013-11-15,49.0
2013-11-16,58.0
2013-11-17,54.0
2013-11-18,31.0
2013-11-19,67.0
2013-11-20,60.0
2013-11-21,43.0
2013-11-22,58.0
2013-11-23,40.0
2013-11-24,29.0
2013-11-25,20.0
2013-11-26,32.0
2013-11-27,62.0
2013-11-28,76.0
2013-11-29,53.0
2013-11-30,57.0
2013-12-01,68.0
2013-12-02,63.0
2013-12-03,73.0
2013-12-04,51.0
2013-12-05,40.0
2013-12-06,48.0
2013-12-07,68.0
2013-12-08,48.0
2013-12-09,28.0
2013-12-10,64.0
2013-12-11,37.0
2013-12-12,21.0
2013-12-13,28.0
2013-12-14,19.0
2013-12-15,10.0
2013-12-16,13.0
2013-12-17,20.0
2013-12-18,20.0
2013-12-19,15.0
2013-12-20,30.0
2013-12-21,32.0
2013-12-22,27.0
2013-12-23,36.0
2013-12-24,56.0
2013-12-25,58.0
2013-12-26,50.0
2013-12-27,28.0
2013-12-28,56.0
2013-12-29,54.0
2013-12-30,38.0
2013-12-31,39.0
2014-01-01,31.0
2014-01-02,47.0
2014-01-03,49.0
2014-01-04,40.0
2014-01-05,26.0
2014-01-06,37.0
2014-01-07,20.0
2014-01-08,16.0
2014-01-09,16.0
2014-01-10,17.0
2014-01-11,28.0
2014-01-12,54.0
2014-01-13,69.0
2014-01-14,62.0
2014-01-15,21.0
2014-01-16,60.0
2014-01-17,42.0
2014-01-18,21.0
2014-01-19,24.0
2014-01-20,35.0
2014-01-21,23.0
2014-01-22,20.0
2014-01-23,22.0
2014-01-24,45.0
2014-01-25,23.0
2014-01-26,59.0
2014-01-27,49.0
2014-01-28,50.0
2014-01-29,36.0
2014-01-30,66.0
2014-01-31,105.0
2014-02-01,84.0
2014-02-02,66.0
2014-02-03,114.0
2014-02-04,120.0
2014-02-05,110.0
2014-02-06,47.0
2014-02-07,53.0
2014-02-08,39.0
2014-02-09,68.0
2014-02-10,117.0
2014-02-11,53.0
2014-02-12,48.0
2014-02-13,52.0
2014-02-14,37.0
2014-02-15,111.0
2014-02-16,119.0
2014-02-17,69.0
2014-02-18,96.0
2014-02-19,68.0
2014-02-20,60.0
2014-02-21,34.0
2014-02-22,35.0
2014-02-23,64.0
2014-02-24,70.0
2014-02-25,58.0
2014-02-26,127.0
2014-02-27,60.0
2014-02-28,88.0
2014-03-01,135.0
2014-03-02,86.0
2014-03-03,67.0
2014-03-04,61.0
2014-03-05,62.0
2014-03-06,117.0
2014-03-07,46.0
2014-03-08,164.0
2014-03-09,177.0
2014-03-10,151.0
2014-03-11,189.0
2014-03-12,188.0
2014-03-13,191.0
2014-03-14,189.0
2014-03-15,115.0
2014-03-16,77.0
2014-03-17,165.0
2014-03-18,183.0
2014-03-19,86.0
2014-03-20,205.0
2014-03-21,214.0
2014-03-22,195.0
2014-03-23,155.0
2014-03-24,62.0
2014-03-25,123.0
2014-03-26,191.0
2014-03-27,209.0
2014-03-28,196.0
2014-03-29,216.0
2014-03-30,237.0
2014-03-31,203.0
2014-04-01,201.0
2014-04-02,197.0
2014-04-03,208.0
2014-04-04,142.0
2014-04-05,131.0
2014-04-06,87.0
2014-04-07,208.0
2014-04-08,236.0
2014-04-09,92.0
2014-04-10,193.0
2014-04-11,149.0
2014-04-12,149.0
2014-04-13,209.0
2014-04-14,149.0
2014-04-15,159.0
2014-04-16,182.0
2014-04-17,164.0
2014-04-18,209.0
2014-04-19,153.0
2014-04-20,212.0
2014-04-21,215.0
2014-04-22,162.0
2014-04-23,179.0
2014-04-24,152.0
2014-04-25,112.0
2014-04-26,154.0
2014-04-27,249.0
2014-04-28,255.0
2014-04-29,250.0
2014-04-30,203.0
2014-05-01,260.0
2014-05-02,210.0
2014-05-03,189.0
2014-05-04,130.0
2014-05-05,270.0
2014-05-06,291.0
2014-05-07,308.0
2014-05-08,153.0
2014-05-09,293.0
2014-05-10,296.0
2014-05-11,172.0
2014-05-12,226.0
2014-05-13,217.0
2014-05-14,73.0
2014-05-15,58.0
2014-05-16,205.0
2014-05-17,177.0
2014-05-18,213.0
2014-05-19,267.0
2014-05-20,297.0
2014-05-21,314.0
2014-05-22,315.0
2014-05-23,325.0
2014-05-24,226.0
2014-05-25,231.0
2014-05-26,266.0
2014-05-27,204.0
2014-05-28,303.0
2014-05-29,250.0
2014-05-30,187.0
2014-05-31,132.0
2014-06-01,143.0
2014-06-02,138.0
2014-06-03,254.0
2014-06-04,283.0
2014-06-05,327.0
2014-06-06,308.0
2014-06-07,321.0
2014-06-08,319.0
2014-06-09,326.0
2014-06-10,319.0
2014-06-11,321.0
2014-06-12,316.0
2014-06-13,305.0
2014-06-14,236.0
2014-06-15,274.0
2014-06-16,275.0
2014-06-17,207.0
2014-06-18,273.0
2014-06-19,280.0
2014-06-20,267.0
2014-06-21,258.0
2014-06-22,259.0
2014-06-23,296.0
2014-06-24,226.0
2014-06-25,153.0
2014-06-26,227.0
2014-06-27,298.0
2014-06-28,312.0
2014-06-29,317.0
2014-06-30,170.0
2014-07-01,228.0
2014-07-02,302.0
2014-07-03,212.0
2014-07-04,296.0
2014-07-05,280.0
2014-07-06,291.0
2014-07-07,286.0
2014-07-08,182.0
2014-07-09,131.0
2014-07-10,277.0
2014-07-11,53.0
2014-07-12,166.0
2014-07-13,324.0
2014-07-14,255.0
2014-07-15,295.0
2014-07-16,293.0
2014-07-17,238.0
2014-07-18,235.0
2014-07-19,292.0
2014-07-20,324.0
2014-07-21,262.0
2014-07-22,103.0
2014-07-23,89.0
2014-07-24,200.0
2014-07-25,286.0
2014-07-26,272.0
2014-07-27,212.0
2014-07-28,204.0
2014-07-29,178.0
2014-07-30,242.0
2014-07-31,233.0
2014-08-01,283.0
2014-08-02,285.0
2014-08-03,252.0
2014-08-04,192.0
2014-08-05,241.0
2014-08-06,177.0
2014-08-07,175.0
2014-08-08,164.0
2014-08-09,283.0
2014-08-10,256.0
2014-08-11,238.0
2014-08-12,242.0
2014-08-13,224.0
2014-08-14,207.0
2014-08-15,223.0
2014-08-16,257.0
2014-08-17,256.0
2014-08-18,260.0
2014-08-19,238.0
2014-08-20,170.0
2014-08-21,125.0
2014-08-22,263.0
2014-08-23,212.0
2014-08-24,174.0
2014-08-25,252.0
2014-08-26,134.0
2014-08-27,118.0
2014-08-28,244.0
2014-08-29,271.0
2014-08-30,248.0
2014-08-31,183.0
2014-09-01,195.0
2014-09-02,201.0
2014-09-03,117.0
2014-09-04,139.0
2014-09-05,132.0
2014-09-06,123.0
2014-09-07,140.0
2014-09-08,194.0
2014-09-09,227.0
2014-09-10,105.0
2014-09-11,128.0
2014-09-12,88.0
2014-09-13,67.0
2014-09-14,80.0
2014-09-15,119.0
2014-09-16,148.0
2014-09-17,165.0
2014-09-18,202.0
2014-09-19,163.0
2014-09-20,87.0
2014-09-21,116.0
2014-09-22,66.0
2014-09-23,140.0
2014-09-24,190.0
2014-09-25,144.0
2014-09-26,124.0
2014-09-27,183.0
2014-09-28,177.0
2014-09-29,191.0
2014-09-30,180.0
2014-10-01,114.0
2014-10-02,41.0
2014-10-03,23.0
2014-10-04,36.0
2014-10-05,118.0
2014-10-06,142.0
2014-10-07,65.0
2014-10-08,121.0
2014-10-09,158.0
2014-10-10,155.0
2014-10-11,149.0
2014-10-12,137.0
2014-10-13,133.0
2014-10-14,145.0
2014-10-15,50.0
2014-10-16,66.0
2014-10-17,38.0
2014-10-18,101.0
2014-10-19,125.0
2014-10-20,116.0
2014-10-21,68.0
2014-10-22,14.0
2014-10-23,23.0
2014-10-24,21.0
2014-10-25,92.0
2014-10-26,98.0
2014-10-27,133.0
2014-10-28,115.0
2014-10-29,86.0
2014-10-30,97.0
2014-10-31,96.0
2014-11-01,59.0
2014-11-02,70.0
2014-11-03,99.0
2014-11-04,98.0
2014-11-05,100.0
2014-11-06,67.0
2014-11-07,77.0
2014-11-08,59.0
2014-11-09,68.0
2014-11-10,74.0
2014-11-11,71.0
2014-11-12,58.0
2014-11-13,64.0
2014-11-14,57.0
2014-11-15,71.0
2014-11-16,44.0
2014-11-17,25.0
2014-11-18,30.0
2014-11-19,31.0
2014-11-20,40.0
2014-11-21,27.0
2014-11-22,19.0
2014-11-23,41.0
2014-11-24,80.0
2014-11-25,29.0
2014-11-26,33.0
2014-11-27,31.0
2014-11-28,21.0
2014-11-29,22.0
2014-11-30,21.0
2014-12-01,19.0
2014-12-02,17.0
2014-12-03,34.0
2014-12-04,59.0
2014-12-05,54.0
2014-12-06,27.0
2014-12-07,28.0
2014-12-08,16.0
2014-12-09,12.0
2014-12-10,13.0
2014-12-11,30.0
2014-12-12,57.0
2014-12-13,58.0
2014-12-14,28.0
2014-12-15,32.0
2014-12-16,27.0
2014-12-17,18.0
2014-12-18,30.0
2014-12-19,25.0
2014-12-20,62.0
2014-12-21,56.0
2014-12-22,30.0
2014-12-23,43.0
2014-12-24,69.0
2014-12-25,45.0
2014-12-26,46.0
2014-12-27,59.0
2014-12-28,23.0
2014-12-29,60.0
2014-12-30,54.0
2014-12-31,75.0
2015-01-01,30.0
2015-01-02,23.0
2015-01-03,48.0
2015-01-04,58.0
2015-01-05,69.0
2015-01-06,70.0
2015-01-07,58.0
2015-01-08,31.0
2015-01-09,32.0
2015-01-10,26.0
2015-01-11,16.0
2015-01-12,71.0
2015-01-13,73.0
2015-01-14,65.0
2015-01-15,70.0
2015-01-16,37.0
2015-01-17,61.0
2015-01-18,22.0
2015-01-19,16.0
2015-01-20,21.0
2015-01-21,25.0
2015-01-22,28.0
2015-01-23,26.0
2015-01-24,23.0
2015-01-25,18.0
2015-01-26,42.0
2015-01-27,29.0
2015-01-28,65.0
2015-01-29,28.0
2015-01-30,39.0
2015-01-31,70.0
2015-02-01,51.0
2015-02-02,29.0
2015-02-03,86.0
2015-02-04,30.0
2015-02-05,92.0
2015-02-06,40.0
2015-02-07,90.0
2015-02-08,53.0
2015-02-09,87.0
2015-02-10,60.0
2015-02-11,62.0
2015-02-12,108.0
2015-02-13,128.0
2015-02-14,136.0
2015-02-15,141.0
2015-02-16,119.0
2015-02-17,118.0
2015-02-18,162.0
2015-02-19,107.0
2015-02-20,124.0
2015-02-21,104.0
2015-02-22,86.0
2015-02-23,37.0
2015-02-24,116.0
2015-02-25,34.0
2015-02-26,57.0
2015-02-27,39.0
2015-02-28,45.0
2015-03-01,39.0
2015-03-02,57.0
2015-03-03,131.0
2015-03-04,127.0
2015-03-05,92.0
2015-03-06,159.0
2015-03-07,179.0
2015-03-08,177.0
2015-03-09,193.0
2015-03-10,168.0
2015-03-11,144.0
2015-03-12,45.0
2015-03-13,73.0
2015-03-14,56.0
2015-03-15,140.0
2015-03-16,193.0
2015-03-17,217.0
2015-03-18,198.0
2015-03-19,187.0
2015-03-20,193.0
2015-03-21,206.0
2015-03-22,125.0
2015-03-23,195.0
2015-03-24,211.0
2015-03-25,147.0
2015-03-26,175.0
2015-03-27,144.0
2015-03-28,70.0
2015-03-29,181.0
2015-03-30,75.0
2015-03-31,108.0
2015-04-01,191.0
2015-04-02,171.0
2015-04-03,185.0
2015-04-04,186.0
2015-04-05,197.0
2015-04-06,163.0
2015-04-07,174.0
2015-04-08,175.0
2015-04-09,253.0
2015-04-10,261.0
2015-04-11,266.0
2015-04-12,215.0
2015-04-13,237.0
2015-04-14,249.0
2015-04-15,215.0
2015-04-16,247.0
2015-04-17,171.0
2015-04-18,128.0
2015-04-19,187.0
2015-04-20,180.0
2015-04-21,241.0
2015-04-22,283.0
2015-04-23,327.0
2015-04-24,261.0
2015-04-25,256.0
2015-04-26,206.0
2015-04-27,254.0
2015-04-28,137.0
2015-04-29,114.0
2015-04-30,274.0
2015-05-01,180.0
2015-05-02,64.0
2015-05-03,232.0
2015-05-04,159.0
2015-05-05,214.0
2015-05-06,248.0
2015-05-07,238.0
2015-05-08,294.0
2015-05-09,246.0
2015-05-10,193.0
2015-05-11,267.0
2015-05-12,317.0
2015-05-13,255.0
2015-05-14,149.0
2015-05-15,217.0
2015-05-16,253.0
2015-05-17,253.0
2015-05-18,305.0
2015-05-19,321.0
2015-05-20,257.0
2015-05-21,247.0
2015-05-22,131.0
2015-05-23,176.0
2015-05-24,255.0
2015-05-25,186.0
2015-05-26,169.0
2015-05-27,82.0
2015-05-28,155.0
2015-05-29,270.0
2015-05-30,337.0
2015-05-31,261.0
2015-06-01,298.0
2015-06-02,304.0
2015-06-03,322.0
2015-06-04,283.0
2015-06-05,320.0
2015-06-06,332.0
2015-06-07,343.0
2015-06-08,265.0
2015-06-09,268.0
2015-06-10,284.0
2015-06-11,268.0
2015-06-12,318.0
2015-06-13,330.0
2015-06-14,319.0
2015-06-15,268.0
2015-06-16,211.0
2015-06-17,184.0
2015-06-18,260.0
2015-06-19,246.0
2015-06-20,238.0
2015-06-21,256.0
2015-06-22,288.0
2015-06-23,158.0
2015-06-24,125.0
2015-06-25,88.0
2015-06-26,178.0
2015-06-27,257.0
2015-06-28,187.0
2015-06-29,198.0
2015-06-30,257.0
2015-07-01,296.0
2015-07-02,325.0
2015-07-03,309.0
2015-07-04,327.0
2015-07-05,354.0
2015-07-06,333.0
2015-07-07,323.0
2015-07-08,315.0
2015-07-09,157.0
2015-07-10,271.0
2015-07-11,345.0
2015-07-12,337.0
2015-07-13,148.0
2015-07-14,246.0
2015-07-15,273.0
2015-07-16,313.0
2015-07-17,278.0
2015-07-18,270.0
2015-07-19,290.0
2015-07-20,267.0
2015-07-21,308.0
2015-07-22,328.0
2015-07-23,268.0
2015-07-24,286.0
2015-07-25,310.0
2015-07-26,188.0
2015-07-27,142.0
2015-07-28,241.0
2015-07-29,204.0
2015-07-30,155.0
2015-07-31,191.0
2015-08-01,300.0
2015-08-02,251.0
2015-08-03,215.0
2015-08-04,241.0
2015-08-05,236.0
2015-08-06,286.0
2015-08-07,272.0
2015-08-08,291.0
2015-08-09,292.0
2015-08-10,274.0
2015-08-11,264.0
2015-08-12,268.0
2015-08-13,256.0
2015-08-14,251.0
2015-08-15,269.0
2015-08-16,199.0
2015-08-17,115.0
2015-08-18,111.0
2015-08-19,92.0
2015-08-20,107.0
2015-08-21,133.0
2015-08-22,111.0
2015-08-23,204.0
2015-08-24,235.0
2015-08-25,189.0
2015-08-26,210.0
2015-08-27,238.0
2015-08-28,248.0
2015-08-29,242.0
2015-08-30,245.0
2015-08-31,241.0
2015-09-01,233.0
2015-09-02,242.0
2015-09-03,219.0
2015-09-04,185.0
2015-09-05,90.0
2015-09-06,174.0
2015-09-07,207.0
2015-09-08,169.0
2015-09-09,218.0
2015-09-10,59.0
2015-09-11,29.0
2015-09-12,147.0
2015-09-13,201.0
2015-09-14,238.0
2015-09-15,185.0
2015-09-16,185.0
2015-09-17,192.0
2015-09-18,194.0
2015-09-19,174.0
2015-09-20,59.0
2015-09-21,176.0
2015-09-22,189.0
2015-09-23,181.0
2015-09-24,165.0
2015-09-25,56.0
2015-09-26,39.0
2015-09-27,98.0
2015-09-28,67.0
2015-09-29,74.0
2015-09-30,119.0
2015-10-01,172.0
2015-10-02,196.0
2015-10-03,179.0
2015-10-04,154.0
2015-10-05,64.0
2015-10-06,90.0
2015-10-07,136.0
2015-10-08,55.0
2015-10-09,53.0
2015-10-10,65.0
2015-10-11,38.0
2015-10-12,21.0
2015-10-13,73.0
2015-10-14,60.0
2015-10-15,53.0
2015-10-16,68.0
2015-10-17,29.0
2015-10-18,87.0
2015-10-19,49.0
2015-10-20,19.0
2015-10-21,90.0
2015-10-22,96.0
2015-10-23,115.0
2015-10-24,111.0
2015-10-25,109.0
2015-10-26,104.0
2015-10-27,136.0
2015-10-28,110.0
2015-10-29,95.0
2015-10-30,108.0
2015-10-31,110.0
2015-11-01,107.0
2015-11-02,106.0
2015-11-03,101.0
2015-11-04,114.0
2015-11-05,108.0
2015-11-06,57.0
2015-11-07,43.0
2015-11-08,26.0
2015-11-09,34.0
2015-11-10,43.0
2015-11-11,64.0
2015-11-12,75.0
2015-11-13,74.0
2015-11-14,59.0
2015-11-15,36.0
2015-11-16,34.0
2015-11-17,58.0
2015-11-18,58.0
2015-11-19,75.0
2015-11-20,36.0
2015-11-21,16.0
2015-11-22,17.0
2015-11-23,48.0
2015-11-24,51.0
2015-11-25,58.0
2015-11-26,23.0
2015-11-27,31.0
2015-11-28,13.0
2015-11-29,69.0
2015-11-30,38.0
2015-12-01,45.0
2015-12-02,29.0
2015-12-03,22.0
2015-12-04,32.0
2015-12-05,16.0
2015-12-06,16.0
2015-12-07,18.0
2015-12-08,22.0
2015-12-09,17.0
2015-12-10,11.0
2015-12-11,24.0
2015-12-12,26.0
2015-12-13,34.0
2015-12-14,30.0
2015-12-15,17.0
2015-12-16,34.0
2015-12-17,24.0
2015-12-18,17.0
2015-12-19,17.0
2015-12-20,23.0
2015-12-21,21.0
2015-12-22,33.0
2015-12-23,49.0
2015-12-24,25.0
2015-12-25,26.0
2015-12-26,22.0
2015-12-27,29.0
2015-12-28,18.0
2015-12-29,49.0
2015-12-30,64.0
2015-12-31,71.0
2016-01-01,76.0
2016-01-02,47.0
2016-01-03,66.0
2016-01-04,23.0
2016-01-05,22.0
2016-01-06,31.0
2016-01-07,18.0
2016-01-08,23.0
2016-01-09,22.0
2016-01-10,14.0
2016-01-11,28.0
2016-01-12,53.0
2016-01-13,60.0
2016-01-14,64.0
2016-01-15,18.0
2016-01-16,59.0
2016-01-17,48.0
2016-01-18,73.0
2016-01-19,48.0
2016-01-20,63.0
2016-01-21,48.0
2016-01-22,73.0
2016-01-23,78.0
2016-01-24,32.0
2016-01-25,29.0
2016-01-26,31.0
2016-01-27,34.0
2016-01-28,45.0
2016-01-29,26.0
2016-01-30,37.0
2016-01-31,29.0
2016-02-01,45.0
2016-02-02,57.0
2016-02-03,36.0
2016-02-04,72.0
2016-02-05,86.0
2016-02-06,66.0
2016-02-07,101.0
2016-02-08,64.0
2016-02-09,64.0
2016-02-10,22.0
2016-02-11,79.0
2016-02-12,110.0
2016-02-13,12.0
2016-02-14,87.0
2016-02-15,43.0
2016-02-16,27.0
2016-02-17,107.0
2016-02-18,41.0
2016-02-19,21.0
2016-02-20,72.0
2016-02-21,30.0
2016-02-22,140.0
2016-02-23,37.0
2016-02-24,89.0
2016-02-25,71.0
2016-02-26,75.0
2016-02-27,135.0
2016-02-28,88.0
2016-02-29,53.0
2016-03-01,62.0
2016-03-02,90.0
2016-03-03,140.0
2016-03-04,97.0
2016-03-05,81.0
2016-03-06,36.0
2016-03-07,39.0
2016-03-08,87.0
2016-03-09,145.0
2016-03-10,85.0
2016-03-11,128.0
2016-03-12,71.0
2016-03-13,114.0
2016-03-14,190.0
2016-03-15,58.0
2016-03-16,168.0
2016-03-17,209.0
2016-03-18,209.0
2016-03-19,136.0
2016-03-20,205.0
2016-03-21,162.0
2016-03-22,137.0
2016-03-23,64.0
2016-03-24,156.0
2016-03-25,203.0
2016-03-26,108.0
2016-03-27,130.0
2016-03-28,144.0
2016-03-29,150.0
2016-03-30,164.0
2016-03-31,210.0
2016-04-01,138.0
2016-04-02,233.0
2016-04-03,236.0
2016-04-04,224.0
2016-04-05,230.0
2016-04-06,229.0
2016-04-07,208.0
2016-04-08,98.0
2016-04-09,69.0
2016-04-10,67.0
2016-04-11,122.0
2016-04-12,177.0
2016-04-13,235.0
2016-04-14,187.0
2016-04-15,220.0
2016-04-16,238.0
2016-04-17,223.0
2016-04-18,189.0
2016-04-19,188.0
2016-04-20,205.0
2016-04-21,294.0
2016-04-22,270.0
2016-04-23,253.0
2016-04-24,58.0
2016-04-25,70.0
2016-04-26,264.0
2016-04-27,179.0
2016-04-28,264.0
2016-04-29,88.0
2016-04-30,219.0
2016-05-01,249.0
2016-05-02,191.0
2016-05-03,169.0
2016-05-04,218.0
2016-05-05,268.0
2016-05-06,280.0
2016-05-07,287.0
2016-05-08,239.0
2016-05-09,248.0
2016-05-10,255.0
2016-05-11,228.0
2016-05-12,240.0
2016-05-13,220.0
2016-05-14,127.0
2016-05-15,87.0
2016-05-16,231.0
2016-05-17,229.0
2016-05-18,189.0
2016-05-19,230.0
2016-05-20,290.0
2016-05-21,280.0
2016-05-22,327.0
2016-05-23,314.0
2016-05-24,205.0
2016-05-25,253.0
2016-05-26,287.0
2016-05-27,278.0
2016-05-28,281.0
2016-05-29,276.0
2016-05-30,240.0
2016-05-31,313.0
2016-06-01,235.0
2016-06-02,99.0
2016-06-03,228.0
2016-06-04,246.0
2016-06-05,233.0
2016-06-06,291.0
2016-06-07,339.0
2016-06-08,308.0
2016-06-09,308.0
2016-06-10,192.0
2016-06-11,224.0
2016-06-12,154.0
2016-06-13,96.0
2016-06-14,227.0
2016-06-15,233.0
2016-06-16,258.0
2016-06-17,297.0
2016-06-18,308.0
2016-06-19,283.0
2016-06-20,254.0
2016-06-21,193.0
2016-06-22,290.0
2016-06-23,300.0
2016-06-24,296.0
2016-06-25,308.0
2016-06-26,279.0
2016-06-27,200.0
2016-06-28,184.0
2016-06-29,275.0
2016-06-30,308.0
2016-07-01,289.0
2016-07-02,283.0
2016-07-03,215.0
2016-07-04,236.0
2016-07-05,312.0
2016-07-06,231.0
2016-07-07,296.0
2016-07-08,310.0
2016-07-09,260.0
2016-07-10,304.0
2016-07-11,314.0
2016-07-12,320.0
2016-07-13,290.0
2016-07-14,161.0
2016-07-15,256.0
2016-07-16,96.0
2016-07-17,74.0
2016-07-18,216.0
2016-07-19,185.0
2016-07-20,248.0
2016-07-21,290.0
2016-07-22,269.0
2016-07-23,262.0
2016-07-24,264.0
2016-07-25,275.0
2016-07-26,214.0
2016-07-27,264.0
2016-07-28,216.0
2016-07-29,247.0
2016-07-30,279.0
2016-07-31,290.0
2016-08-01,243.0
2016-08-02,196.0
2016-08-03,259.0
2016-08-04,282.0
2016-08-05,277.0
2016-08-06,215.0
2016-08-07,286.0
2016-08-08,300.0
2016-08-09,314.0
2016-08-10,230.0
2016-08-11,90.0
2016-08-12,288.0
2016-08-13,254.0
2016-08-14,258.0
2016-08-15,246.0
2016-08-16,222.0
2016-08-17,141.0
2016-08-18,250.0
2016-08-19,249.0
2016-08-20,244.0
2016-08-21,240.0
2016-08-22,68.0
2016-08-23,173.0
2016-08-24,239.0
2016-08-25,264.0
2016-08-26,265.0
2016-08-27,260.0
2016-08-28,264.0
2016-08-29,262.0
2016-08-30,196.0
2016-08-31,264.0
2016-09-01,252.0
2016-09-02,226.0
2016-09-03,223.0
2016-09-04,195.0
2016-09-05,37.0
2016-09-06,141.0
2016-09-07,227.0
2016-09-08,226.0
2016-09-09,214.0
2016-09-10,202.0
2016-09-11,206.0
2016-09-12,201.0
2016-09-13,155.0
2016-09-14,187.0
2016-09-15,182.0
2016-09-16,180.0
2016-09-17,112.0
2016-09-18,158.0
2016-09-19,63.0
2016-09-20,131.0
2016-09-21,141.0
2016-09-22,146.0
2016-09-23,172.0
2016-09-24,150.0
2016-09-25,136.0
2016-09-26,172.0
2016-09-27,160.0
2016-09-28,171.0
2016-09-29,161.0
2016-09-30,166.0
2016-10-01,149.0
2016-10-02,159.0
2016-10-03,38.0
2016-10-04,45.0
2016-10-05,101.0
2016-10-06,53.0
2016-10-07,83.0
2016-10-08,130.0
2016-10-09,112.0
2016-10-10,131.0
2016-10-11,28.0
2016-10-12,46.0
2016-10-13,48.0
2016-10-14,130.0
2016-10-15,112.0
2016-10-16,21.0
2016-10-17,20.0
2016-10-18,62.0
2016-10-19,51.0
2016-10-20,83.0
2016-10-21,28.0
2016-10-22,107.0
2016-10-23,84.0
2016-10-24,63.0
2016-10-25,49.0
2016-10-26,55.0
2016-10-27,103.0
2016-10-28,117.0
2016-10-29,68.0
2016-10-30,99.0
2016-10-31,90.0
2016-11-01,79.0
2016-11-02,71.0
2016-11-03,72.0
2016-11-04,108.0
2016-11-05,48.0
2016-11-06,31.0
2016-11-07,42.0
2016-11-08,35.0
2016-11-09,24.0
2016-11-10,51.0
2016-11-11,79.0
2016-11-12,22.0
2016-11-13,39.0
2016-11-14,41.0
2016-11-15,77.0
2016-11-16,37.0
2016-11-17,36.0
2016-11-18,47.0
2016-11-19,72.0
2016-11-20,48.0
2016-11-21,76.0
2016-11-22,75.0
2016-11-23,76.0
2016-11-24,66.0
2016-11-25,39.0
2016-11-26,67.0
2016-11-27,21.0
2016-11-28,62.0
2016-11-29,69.0
2016-11-30,65.0
2016-12-01,32.0
2016-12-02,50.0
2016-12-03,67.0
2016-12-04,70.0
2016-12-05,54.0
2016-12-06,30.0
2016-12-07,52.0
2016-12-08,33.0
2016-12-09,27.0
2016-12-10,25.0
2016-12-11,56.0
2016-12-12,40.0
2016-12-13,75.0
2016-12-14,27.0
2016-12-15,22.0
2016-12-16,51.0
2016-12-17,18.0
2016-12-18,13.0
2016-12-19,20.0
2016-12-20,17.0
2016-12-21,17.0
2016-12-22,19.0
2016-12-23,14.0
2016-12-24,17.0
2016-12-25,18.0
2016-12-26,24.0
2016-12-27,61.0
2016-12-28,54.0
2016-12-29,52.0
2016-12-30,62.0
2016-12-31,67.0
2017-01-01,41.0
2017-01-02,51.0
2017-01-03,53.0
2017-01-04,27.0
2017-01-05,50.0
2017-01-06,55.0
2017-01-07,73.0
2017-01-08,67.0
2017-01-09,41.0
2017-01-10,70.0
2017-01-11,56.0
2017-01-12,33.0
2017-01-13,21.0
2017-01-14,42.0
2017-01-15,65.0
2017-01-16,48.0
2017-01-17,65.0
2017-01-18,59.0
2017-01-19,75.0
2017-01-20,79.0
2017-01-21,56.0
2017-01-22,27.0
2017-01-23,79.0
2017-01-24,60.0
2017-01-25,24.0
2017-01-26,61.0
2017-01-27,35.0
2017-01-28,56.0
2017-01-29,82.0
2017-01-30,95.0
2017-01-31,45.0
2017-02-01,37.0
2017-02-02,37.0
2017-02-03,53.0
2017-02-04,56.0
2017-02-05,49.0
2017-02-06,42.0
2017-02-07,13.0
2017-02-08,37.0
2017-02-09,42.0
2017-02-10,89.0
2017-02-11,106.0
2017-02-12,79.0
2017-02-13,64.0
2017-02-14,40.0
2017-02-15,57.0
2017-02-16,56.0
2017-02-17,49.0
2017-02-18,67.0
2017-02-19,41.0
2017-02-20,45.0
2017-02-21,31.0
2017-02-22,97.0
2017-02-23,67.0
2017-02-24,59.0
2017-02-25,148.0
2017-02-26,129.0
2017-02-27,135.0
2017-02-28,141.0
2017-03-01,31.0
2017-03-02,142.0
2017-03-03,172.0
2017-03-04,162.0
2017-03-05,108.0
2017-03-06,99.0
2017-03-07,104.0
2017-03-08,106.0
2017-03-09,64.0
2017-03-10,107.0
2017-03-11,99.0
2017-03-12,79.0
2017-03-13,145.0
2017-03-14,156.0
2017-03-15,150.0
2017-03-16,153.0
2017-03-17,194.0
2017-03-18,40.0
2017-03-19,201.0
2017-03-20,142.0
2017-03-21,164.0
2017-03-22,192.0
2017-03-23,178.0
2017-03-24,179.0
2017-03-25,205.0
2017-03-26,182.0
2017-03-27,198.0
2017-03-28,235.0
2017-03-29,231.0
2017-03-30,171.0
2017-03-31,234.0
2017-04-01,246.0
2017-04-02,246.0
2017-04-03,232.0
2017-04-04,181.0
2017-04-05,163.0
2017-04-06,71.0
2017-04-07,121.0
2017-04-08,167.0
2017-04-09,257.0
2017-04-10,236.0
2017-04-11,183.0
2017-04-12,211.0
2017-04-13,135.0
2017-04-14,177.0
2017-04-15,168.0
2017-04-16,184.0
2017-04-17,238.0
2017-04-18,90.0
2017-04-19,30.0
2017-04-20,68.0
2017-04-21,256.0
2017-04-22,135.0
2017-04-23,210.0
2017-04-24,238.0
2017-04-25,225.0
2017-04-26,221.0
2017-04-27,160.0
2017-04-28,146.0
2017-04-29,113.0
2017-04-30,183.0
2017-05-01,199.0
2017-05-02,181.0
2017-05-03,225.0
2017-05-04,164.0
2017-05-05,191.0
2017-05-06,209.0
2017-05-07,141.0
2017-05-08,126.0
2017-05-09,173.0
2017-05-10,234.0
2017-05-11,246.0
2017-05-12,168.0
2017-05-13,141.0
2017-05-14,271.0
2017-05-15,316.0
2017-05-16,251.0
2017-05-17,293.0
2017-05-18,295.0
2017-05-19,301.0
2017-05-20,288.0
2017-05-21,260.0
2017-05-22,277.0
2017-05-23,250.0
2017-05-24,188.0
2017-05-25,208.0
2017-05-26,278.0
2017-05-27,297.0
2017-05-28,328.0
2017-05-29,325.0
2017-05-30,311.0
2017-05-31,266.0
2017-06-01,284.0
2017-06-02,353.0
2017-06-03,329.0
2017-06-04,323.0
2017-06-05,251.0
2017-06-06,257.0
2017-06-07,227.0
2017-06-08,245.0
2017-06-09,328.0
2017-06-10,251.0
2017-06-11,298.0
2017-06-12,306.0
2017-06-13,335.0
2017-06-14,262.0
2017-06-15,318.0
2017-06-16,221.0
2017-06-17,180.0
2017-06-18,223.0
2017-06-19,304.0
2017-06-20,344.0
2017-06-21,237.0
2017-06-22,311.0
2017-06-23,275.0
2017-06-24,343.0
2017-06-25,245.0
2017-06-26,210.0
2017-06-27,306.0
2017-06-28,302.0
2017-06-29,231.0
2017-06-30,308.0
2017-07-01,201.0
2017-07-02,287.0
2017-07-03,262.0
2017-07-04,289.0
2017-07-05,281.0
2017-07-06,256.0
2017-07-07,227.0
2017-07-08,274.0
2017-07-09,299.0
2017-07-10,228.0
2017-07-11,308.0
2017-07-12,268.0
2017-07-13,292.0
2017-07-14,275.0
2017-07-15,247.0
2017-07-16,280.0
2017-07-17,311.0
2017-07-18,301.0
2017-07-19,323.0
2017-07-20,312.0
2017-07-21,283.0
2017-07-22,252.0
2017-07-23,250.0
2017-07-24,294.0
2017-07-25,113.0
2017-07-26,279.0
2017-07-27,254.0
2017-07-28,279.0
2017-07-29,289.0
2017-07-30,317.0
2017-07-31,270.0
2017-08-01,301.0
2017-08-02,295.0
2017-08-03,284.0
2017-08-04,283.0
2017-08-05,270.0
2017-08-06,256.0
2017-08-07,87.0
2017-08-08,273.0
2017-08-09,286.0
2017-08-10,281.0
2017-08-11,298.0
2017-08-12,244.0
2017-08-13,117.0
2017-08-14,277.0
2017-08-15,280.0
2017-08-16,291.0
2017-08-17,253.0
2017-08-18,261.0
2017-08-19,280.0
2017-08-20,74.0
2017-08-21,246.0
2017-08-22,207.0
2017-08-23,215.0
2017-08-24,273.0
2017-08-25,246.0
2017-08-26,249.0
2017-08-27,219.0
2017-08-28,235.0
2017-08-29,239.0
2017-08-30,259.0
2017-08-31,241.0
2017-09-01,267.0
2017-09-02,214.0
2017-09-03,74.0
2017-09-04,124.0
2017-09-05,173.0
2017-09-06,191.0
2017-09-07,106.0
2017-09-08,228.0
2017-09-09,142.0
2017-09-10,227.0
2017-09-11,218.0
2017-09-12,83.0
2017-09-13,192.0
2017-09-14,216.0
2017-09-15,218.0
2017-09-16,210.0
2017-09-17,97.0
2017-09-18,211.0
2017-09-19,127.0
2017-09-20,120.0
2017-09-21,30.0
2017-09-22,118.0
2017-09-23,61.0
2017-09-24,97.0
2017-09-25,153.0
2017-09-26,151.0
2017-09-27,176.0
2017-09-28,166.0
2017-09-29,140.0
2017-09-30,170.0
2017-10-01,191.0
2017-10-02,166.0
2017-10-03,154.0
2017-10-04,151.0
2017-10-05,67.0
2017-10-06,77.0
2017-10-07,150.0
2017-10-08,80.0
2017-10-09,142.0
2017-10-10,117.0
2017-10-11,112.0
2017-10-12,139.0
2017-10-13,117.0
2017-10-14,133.0
2017-10-15,134.0
2017-10-16,149.0
2017-10-17,142.0
2017-10-18,122.0
2017-10-19,132.0
2017-10-20,119.0
2017-10-21,62.0
2017-10-22,54.0
2017-10-23,22.0
2017-10-24,62.0
2017-10-25,135.0
2017-10-26,90.0
2017-10-27,36.0
2017-10-28,86.0
2017-10-29,25.0
2017-10-30,107.0
2017-10-31,100.0
2017-11-01,74.0
2017-11-02,76.0
2017-11-03,58.0
2017-11-04,98.0
2017-11-05,86.0
2017-11-06,117.0
2017-11-07,105.0
2017-11-08,37.0
2017-11-09,24.0
2017-11-10,30.0
2017-11-11,73.0
2017-11-12,53.0
2017-11-13,28.0
2017-11-14,20.0
2017-11-15,88.0
2017-11-16,58.0
2017-11-17,25.0
2017-11-18,22.0
2017-11-19,50.0
2017-11-20,72.0
2017-11-21,28.0
2017-11-22,29.0
2017-11-23,39.0
2017-11-24,37.0
2017-11-25,45.0
2017-11-26,10.0
2017-11-27,57.0
2017-11-28,84.0
2017-11-29,37.0
2017-11-30,9.0
2017-12-01,59.0
2017-12-02,38.0
2017-12-03,15.0
2017-12-04,31.0
2017-12-05,65.0
2017-12-06,39.0
2017-12-07,58.0
2017-12-08,35.0
2017-12-09,5.0
2017-12-10,66.0
2017-12-11,29.0
2017-12-12,25.0
2017-12-13,21.0
2017-12-14,16.0
2017-12-15,27.0
2017-12-16,15.0
2017-12-17,30.0
2017-12-18,35.0
2017-12-19,49.0
2017-12-20,37.0
2017-12-21,38.0
2017-12-22,18.0
2017-12-23,31.0
2017-12-24,40.0
2017-12-25,62.0
2017-12-26,57.0
2017-12-27,52.0
2017-12-28,25.0
2017-12-29,15.0
2017-12-30,59.0
2017-12-31,21.0
2018-01-01,21.0
2018-01-02,17.0
2018-01-03,49.0
2018-01-04,55.0
2018-01-05,40.0
2018-01-06,26.0
2018-01-07,33.0
2018-01-08,48.0
2018-01-09,57.0
2018-01-10,35.0
2018-01-11,28.0
2018-01-12,25.0
2018-01-13,16.0
2018-01-14,52.0
2018-01-15,39.0
2018-01-16,22.0
2018-01-17,30.0
2018-01-18,75.0
2018-01-19,44.0
2018-01-20,48.0
2018-01-21,14.0
2018-01-22,80.0
2018-01-23,82.0
2018-01-24,33.0
2018-01-25,82.0
2018-01-26,41.0
2018-01-27,72.0
2018-01-28,46.0
2018-01-29,49.0
2018-01-30,92.0
2018-01-31,69.0
2018-02-01,34.0
2018-02-02,37.0
2018-02-03,18.0
2018-02-04,56.0
2018-02-05,36.0
2018-02-06,50.0
2018-02-07,49.0
2018-02-08,21.0
2018-02-09,29.0
2018-02-10,36.0
2018-02-11,70.0
2018-02-12,40.0
2018-02-13,37.0
2018-02-14,20.0
2018-02-15,53.0
2018-02-16,23.0
2018-02-17,59.0
2018-02-18,79.0
2018-02-19,121.0
2018-02-20,40.0
2018-02-21,36.0
2018-02-22,61.0
2018-02-23,43.0
2018-02-24,120.0
2018-02-25,118.0
2018-02-26,116.0
2018-02-27,69.0
2018-02-28,115.0
2018-03-01,141.0
2018-03-02,53.0
2018-03-03,89.0
2018-03-04,142.0
2018-03-05,142.0
2018-03-06,53.0
2018-03-07,83.0
2018-03-08,68.0
2018-03-09,135.0
2018-03-10,110.0
2018-03-11,93.0
2018-03-12,121.0
2018-03-13,148.0
2018-03-14,127.0
2018-03-15,73.0
2018-03-16,57.0
2018-03-17,50.0
2018-03-18,72.0
2018-03-19,67.0
2018-03-20,47.0
2018-03-21,115.0
2018-03-22,171.0
2018-03-23,157.0
2018-03-24,159.0
2018-03-25,112.0
2018-03-26,97.0
2018-03-27,99.0
2018-03-28,159.0
2018-03-29,82.0
2018-03-30,112.0
2018-03-31,101.0
2018-04-01,39.0
2018-04-02,199.0
2018-04-03,205.0
2018-04-04,164.0
2018-04-05,203.0
2018-04-06,100.0
2018-04-07,117.0
2018-04-08,226.0
2018-04-09,229.0
2018-04-10,148.0
2018-04-11,218.0
2018-04-12,251.0
2018-04-13,149.0
2018-04-14,236.0
2018-04-15,175.0
2018-04-16,105.0
2018-04-17,102.0
2018-04-18,226.0
2018-04-19,252.0
2018-04-20,268.0
2018-04-21,275.0
2018-04-22,254.0
2018-04-23,236.0
2018-04-24,200.0
2018-04-25,243.0
2018-04-26,185.0
2018-04-27,254.0
2018-04-28,267.0
2018-04-29,220.0
2018-04-30,243.0
2018-05-01,268.0
2018-05-02,232.0
2018-05-03,272.0
2018-05-04,269.0
2018-05-05,283.0
2018-05-06,286.0
2018-05-07,282.0
2018-05-08,230.0
2018-05-09,226.0
2018-05-10,256.0
2018-05-11,239.0
2018-05-12,268.0
2018-05-13,274.0
2018-05-14,291.0
2018-05-15,161.0
2018-05-16,124.0
2018-05-17,191.0
2018-05-18,195.0
2018-05-19,231.0
2018-05-20,284.0
2018-05-21,299.0
2018-05-22,214.0
2018-05-23,249.0
2018-05-24,287.0
2018-05-25,177.0
2018-05-26,249.0
2018-05-27,258.0
2018-05-28,272.0
2018-05-29,287.0
2018-05-30,297.0
2018-05-31,288.0
2018-06-01,302.0
2018-06-02,202.0
2018-06-03,178.0
2018-06-04,247.0
2018-06-05,261.0
2018-06-06,260.0
2018-06-07,210.0
2018-06-08,248.0
2018-06-09,234.0
2018-06-10,242.0
2018-06-11,218.0
2018-06-12,275.0
2018-06-13,193.0
2018-06-14,114.0
2018-06-15,176.0
2018-06-16,222.0
2018-06-17,251.0
2018-06-18,124.0
2018-06-19,254.0
2018-06-20,250.0
2018-06-21,280.0
2018-06-22,107.0
2018-06-23,218.0
2018-06-24,283.0
2018-06-25,257.0
2018-06-26,262.0
2018-06-27,95.0
2018-06-28,185.0
2018-06-29,226.0
2018-06-30,249.0
2018-07-01,195.0
2018-07-02,278.0
2018-07-03,296.0
2018-07-04,274.0
2018-07-05,278.0
2018-07-06,267.0
2018-07-07,174.0
2018-07-08,223.0
2018-07-09,184.0
2018-07-10,239.0
2018-07-11,194.0
2018-07-12,275.0
2018-07-13,267.0
2018-07-14,295.0
2018-07-15,278.0
2018-07-16,260.0
2018-07-17,249.0
2018-07-18,92.0
2018-07-19,132.0
2018-07-20,146.0
2018-07-21,258.0
2018-07-22,192.0
2018-07-23,198.0
2018-07-24,206.0
2018-07-25,256.0
2018-07-26,257.0
2018-07-27,233.0
2018-07-28,197.0
2018-07-29,249.0
2018-07-30,282.0
2018-07-31,217.0
2018-08-01,188.0
2018-08-02,197.0
2018-08-03,272.0
2018-08-04,284.0
2018-08-05,233.0
2018-08-06,257.0
2018-08-07,283.0
2018-08-08,237.0
2018-08-09,240.0
2018-08-10,277.0
2018-08-11,189.0
2018-08-12,258.0
2018-08-13,246.0
2018-08-14,242.0
2018-08-15,161.0
2018-08-16,224.0
2018-08-17,243.0
2018-08-18,242.0
2018-08-19,251.0
2018-08-20,254.0
2018-08-21,246.0
2018-08-22,251.0
2018-08-23,206.0
2018-08-24,227.0
2018-08-25,219.0
2018-08-26,98.0
2018-08-27,176.0
2018-08-28,242.0
2018-08-29,219.0
2018-08-30,240.0
2018-08-31,198.0
2018-09-01,247.0
2018-09-02,193.0
2018-09-03,178.0
2018-09-04,127.0
2018-09-05,171.0
2018-09-06,176.0
2018-09-07,196.0
2018-09-08,187.0
2018-09-09,184.0
2018-09-10,194.0
2018-09-11,174.0
2018-09-12,204.0
2018-09-13,183.0
2018-09-14,197.0
2018-09-15,158.0
2018-09-16,194.0
2018-09-17,187.0
2018-09-18,200.0
2018-09-19,200.0
2018-09-20,172.0
2018-09-21,171.0
2018-09-22,87.0
2018-09-23,101.0
2018-09-24,103.0
2018-09-25,164.0
2018-09-26,185.0
2018-09-27,147.0
2018-09-28,176.0
2018-09-29,124.0
2018-09-30,149.0
2018-10-01,41.0
2018-10-02,44.0
2018-10-03,116.0
2018-10-04,154.0
2018-10-05,167.0
2018-10-06,154.0
2018-10-07,137.0
2018-10-08,134.0
2018-10-09,145.0
2018-10-10,141.0
2018-10-11,141.0
2018-10-12,143.0
2018-10-13,141.0
2018-10-14,138.0
2018-10-15,161.0
2018-10-16,135.0
2018-10-17,130.0
2018-10-18,98.0
2018-10-19,51.0
2018-10-20,76.0
2018-10-21,31.0
2018-10-22,73.0
2018-10-23,99.0
2018-10-24,82.0
2018-10-25,48.0
2018-10-26,84.0
2018-10-27,48.0
2018-10-28,62.0
2018-10-29,92.0
2018-10-30,39.0
2018-10-31,96.0
2018-11-01,86.0
2018-11-02,67.0
2018-11-03,79.0
2018-11-04,100.0
2018-11-05,77.0
2018-11-06,91.0
2018-11-07,88.0
2018-11-08,99.0
2018-11-09,87.0
2018-11-10,63.0
2018-11-11,86.0
2018-11-12,96.0
2018-11-13,91.0
2018-11-14,56.0
2018-11-15,65.0
2018-11-16,78.0
2018-11-17,72.0
2018-11-18,56.0
2018-11-19,22.0
2018-11-20,19.0
2018-11-21,20.0
2018-11-22,21.0
2018-11-23,28.0
2018-11-24,37.0
2018-11-25,32.0
2018-11-26,14.0
2018-11-27,15.0
2018-11-28,58.0
2018-11-29,15.0
2018-11-30,52.0
2018-12-01,39.0
2018-12-02,43.0
2018-12-03,28.0
2018-12-04,17.0
2018-12-05,53.0
2018-12-06,69.0
2018-12-07,19.0
2018-12-08,18.0
2018-12-09,31.0
2018-12-10,50.0
2018-12-11,49.0
2018-12-12,29.0
2018-12-13,51.0
2018-12-14,50.0
2018-12-15,18.0
2018-12-16,21.0
2018-12-17,28.0
2018-12-18,51.0
2018-12-19,35.0
2018-12-20,22.0
2018-12-21,37.0
2018-12-22,23.0
2018-12-23,49.0
2018-12-24,20.0
2018-12-25,37.0
2018-12-26,39.0
2018-12-27,29.0
2018-12-28,13.0
2018-12-29,41.0
2018-12-30,29.0
2018-12-31,24.0
2019-01-01,52.0
2019-01-02,36.0
2019-01-03,49.0
2019-01-04,31.0
2019-01-05,25.0
2019-01-06,36.0
2019-01-07,74.0
2019-01-08,21.0
2019-01-09,28.0
2019-01-10,54.0
2019-01-11,54.0
2019-01-12,27.0
2019-01-13,30.0
2019-01-14,54.0
2019-01-15,75.0
2019-01-16,39.0
2019-01-17,61.0
2019-01-18,25.0
2019-01-19,63.0
2019-01-20,22.0
2019-01-21,68.0
2019-01-22,35.0
2019-01-23,26.0
2019-01-24,33.0
2019-01-25,34.0
2019-01-26,56.0
2019-01-27,62.0
2019-01-28,46.0
2019-01-29,66.0
2019-01-30,41.0
2019-01-31,68.0
2019-02-01,31.0
2019-02-02,28.0
2019-02-03,44.0
2019-02-04,47.0
2019-02-05,43.0
2019-02-06,95.0
2019-02-07,111.0
2019-02-08,66.0
2019-02-09,39.0
2019-02-10,77.0
2019-02-11,40.0
2019-02-12,70.0
2019-02-13,102.0
2019-02-14,87.0
2019-02-15,107.0
2019-02-16,118.0
2019-02-17,116.0
2019-02-18,114.0
2019-02-19,113.0
2019-02-20,101.0
2019-02-21,101.0
2019-02-22,85.0
2019-02-23,139.0
2019-02-24,76.0
2019-02-25,122.0
2019-02-26,115.0
2019-02-27,132.0
2019-02-28,152.0
2019-03-01,80.0
2019-03-02,136.0
2019-03-03,80.0
2019-03-04,120.0
2019-03-05,160.0
2019-03-06,153.0
2019-03-07,86.0
2019-03-08,84.0
2019-03-09,111.0
2019-03-10,77.0
2019-03-11,103.0
2019-03-12,136.0
2019-03-13,101.0
2019-03-14,114.0
2019-03-15,97.0
2019-03-16,108.0
2019-03-17,173.0
2019-03-18,122.0
2019-03-19,135.0
2019-03-20,171.0
2019-03-21,187.0
2019-03-22,161.0
2019-03-23,210.0
2019-03-24,176.0
2019-03-25,106.0
2019-03-26,165.0
2019-03-27,241.0
2019-03-28,191.0
2019-03-29,208.0
2019-03-30,213.0
2019-03-31,230.0
2019-04-01,217.0
2019-04-02,223.0
2019-04-03,180.0
2019-04-04,165.0
2019-04-05,168.0
2019-04-06,55.0
2019-04-07,219.0
2019-04-08,213.0
2019-04-09,179.0
2019-04-10,176.0
2019-04-11,141.0
2019-04-12,92.0
2019-04-13,86.0
2019-04-14,156.0
2019-04-15,236.0
2019-04-16,247.0
2019-04-17,164.0
2019-04-18,230.0
2019-04-19,267.0
2019-04-20,269.0
2019-04-21,243.0
2019-04-22,135.0
2019-04-23,104.0
2019-04-24,179.0
2019-04-25,242.0
2019-04-26,237.0
2019-04-27,76.0
2019-04-28,12.0
2019-04-29,122.0
2019-04-30,151.0
2019-05-01,174.0
2019-05-02,212.0
2019-05-03,193.0
2019-05-04,163.0
2019-05-05,84.0
2019-05-06,48.0
2019-05-07,102.0
2019-05-08,217.0
2019-05-09,61.0
2019-05-10,188.0
2019-05-11,265.0
2019-05-12,291.0
2019-05-13,237.0
2019-05-14,99.0
2019-05-15,87.0
2019-05-16,185.0
2019-05-17,200.0
2019-05-18,259.0
2019-05-19,247.0
2019-05-20,199.0
2019-05-21,179.0
2019-05-22,127.0
2019-05-23,112.0
2019-05-24,116.0
2019-05-25,237.0
2019-05-26,278.0
2019-05-27,164.0
2019-05-28,180.0
2019-05-29,172.0
2019-05-30,136.0
2019-05-31,188.0
2019-06-01,224.0
2019-06-02,226.0
2019-06-03,268.0
2019-06-04,230.0
2019-06-05,218.0
2019-06-06,209.0
2019-06-07,238.0
2019-06-08,301.0
2019-06-09,272.0
2019-06-10,309.0
2019-06-11,288.0
2019-06-12,290.0
2019-06-13,308.0
2019-06-14,278.0
2019-06-15,304.0
2019-06-16,279.0
2019-06-17,244.0
2019-06-18,235.0
2019-06-19,207.0
2019-06-20,200.0
2019-06-21,208.0
2019-06-22,262.0
2019-06-23,196.0
2019-06-24,198.0
2019-06-25,270.0
2019-06-26,300.0
2019-06-27,261.0
2019-06-28,262.0
2019-06-29,293.0
2019-06-30,304.0
2019-07-01,329.0
2019-07-02,289.0
2019-07-03,301.0
2019-07-04,304.0
2019-07-05,280.0
2019-07-06,294.0
2019-07-07,220.0
2019-07-08,278.0
2019-07-09,263.0
2019-07-10,220.0
2019-07-11,224.0
2019-07-12,248.0
2019-07-13,177.0
2019-07-14,168.0
2019-07-15,231.0
2019-07-16,297.0
2019-07-17,278.0
2019-07-18,225.0
2019-07-19,257.0
2019-07-20,229.0
2019-07-21,268.0
2019-07-22,260.0
2019-07-23,153.0
2019-07-24,188.0
2019-07-25,267.0
2019-07-26,240.0
2019-07-27,157.0
2019-07-28,229.0
2019-07-29,186.0
2019-07-30,246.0
2019-07-31,212.0
2019-08-01,207.0
2019-08-02,210.0
2019-08-03,219.0
2019-08-04,253.0
2019-08-05,248.0
2019-08-06,245.0
2019-08-07,237.0
2019-08-08,213.0
2019-08-09,285.0
2019-08-10,271.0
2019-08-11,286.0
2019-08-12,255.0
2019-08-13,237.0
2019-08-14,57.0
2019-08-15,219.0
2019-08-16,226.0
2019-08-17,221.0
2019-08-18,204.0
2019-08-19,269.0
2019-08-20,252.0
2019-08-21,237.0
2019-08-22,221.0
2019-08-23,229.0
2019-08-24,245.0
2019-08-25,224.0
2019-08-26,161.0
2019-08-27,191.0
2019-08-28,231.0
2019-08-29,228.0
2019-08-30,214.0
2019-08-31,234.0
2019-09-01,237.0
2019-09-02,225.0
2019-09-03,69.0
2019-09-04,222.0
2019-09-05,238.0
2019-09-06,234.0
2019-09-07,135.0
2019-09-08,185.0
2019-09-09,90.0
2019-09-10,206.0
2019-09-11,231.0
2019-09-12,212.0
2019-09-13,214.0
2019-09-14,219.0
2019-09-15,223.0
2019-09-16,227.0
2019-09-17,134.0
2019-09-18,198.0
2019-09-19,171.0
2019-09-20,173.0
2019-09-21,222.0
2019-09-22,222.0
2019-09-23,73.0
2019-09-24,129.0
2019-09-25,54.0
2019-09-26,79.0
2019-09-27,153.0
2019-09-28,114.0
2019-09-29,157.0
2019-09-30,136.0
2019-10-01,165.0
2019-10-02,156.0
2019-10-03,76.0
2019-10-04,95.0
2019-10-05,69.0
2019-10-06,98.0
2019-10-07,152.0
2019-10-08,143.0
2019-10-09,129.0
2019-10-10,58.0
2019-10-11,137.0
2019-10-12,147.0
2019-10-13,136.0
2019-10-14,123.0
2019-10-15,139.0
2019-10-16,127.0
2019-10-17,128.0
2019-10-18,128.0
2019-10-19,116.0
2019-10-20,127.0
2019-10-21,115.0
2019-10-22,121.0
2019-10-23,127.0
2019-10-24,109.0
2019-10-25,124.0
2019-10-26,125.0
2019-10-27,100.0
2019-10-28,64.0
2019-10-29,45.0
2019-10-30,52.0
2019-10-31,91.0
2019-11-01,93.0
2019-11-02,36.0
2019-11-03,27.0
2019-11-04,16.0
2019-11-05,60.0
2019-11-06,55.0
2019-11-07,10.0
2019-11-08,24.0
2019-11-09,55.0
2019-11-10,30.0
2019-11-11,67.0
2019-11-12,44.0
2019-11-13,61.0
2019-11-14,40.0
2019-11-15,32.0
2019-11-16,41.0
2019-11-17,53.0
2019-11-18,40.0
2019-11-19,75.0
2019-11-20,59.0
2019-11-21,49.0
2019-11-22,47.0
2019-11-23,59.0
2019-11-24,81.0
2019-11-25,82.0
2019-11-26,56.0
2019-11-27,47.0
2019-11-28,15.0
2019-11-29,40.0
2019-11-30,42.0
2019-12-01,83.0
2019-12-02,14.0
2019-12-03,34.0
2019-12-04,19.0
2019-12-05,24.0
2019-12-06,23.0
2019-12-07,24.0
2019-12-08,33.0
2019-12-09,23.0
2019-12-10,21.0
2019-12-11,34.0
2019-12-12,23.0
2019-12-13,19.0
2019-12-14,22.0
2019-12-15,46.0
2019-12-16,49.0
2019-12-17,45.0
2019-12-18,59.0
2019-12-19,41.0
2019-12-20,52.0
2019-12-21,33.0
2019-12-22,46.0
2019-12-23,17.0
2019-12-24,16.0
2019-12-25,31.0
2019-12-26,30.0
2019-12-27,34.0
2019-12-28,33.0
2019-12-29,32.0
2019-12-30,58.0
2019-12-31,45.0
2020-01-01,55.0
2020-01-02,23.0
2020-01-03,31.0
2020-01-04,25.0
2020-01-05,56.0
2020-01-06,68.0
2020-01-07,86.0
2020-01-08,75.0
2020-01-09,26.0
2020-01-10,59.0
2020-01-11,31.0
2020-01-12,42.0
2020-01-13,22.0
2020-01-14,18.0
2020-01-15,30.0
2020-01-16,34.0
2020-01-17,30.0
2020-01-18,41.0
2020-01-19,23.0
2020-01-20,21.0
2020-01-21,23.0
2020-01-22,21.0
2020-01-23,87.0
2020-01-24,66.0
2020-01-25,51.0
2020-01-26,39.0
2020-01-27,48.0
2020-01-28,17.0
2020-01-29,58.0
2020-01-30,90.0
2020-01-31,35.0
2020-02-01,81.0
2020-02-02,91.0
2020-02-03,45.0
2020-02-04,13.0
2020-02-05,56.0
2020-02-06,99.0
2020-02-07,86.0
2020-02-08,108.0
2020-02-09,118.0
2020-02-10,39.0
2020-02-11,80.0
2020-02-12,99.0
2020-02-13,124.0
2020-02-14,70.0
2020-02-15,84.0
2020-02-16,123.0
2020-02-17,121.0
2020-02-18,92.0
2020-02-19,114.0
2020-02-20,88.0
2020-02-21,34.0
2020-02-22,134.0
2020-02-23,89.0
2020-02-24,138.0
2020-02-25,144.0
2020-02-26,60.0
2020-02-27,104.0
2020-02-28,42.0
2020-02-29,137.0
2020-03-01,115.0
2020-03-02,98.0
2020-03-03,66.0
2020-03-04,32.0
2020-03-05,133.0
2020-03-06,83.0
2020-03-07,65.0
2020-03-08,107.0
2020-03-09,124.0
2020-03-10,151.0
2020-03-11,72.0
2020-03-12,144.0
2020-03-13,64.0
2020-03-14,167.0
2020-03-15,204.0
2020-03-16,203.0
2020-03-17,206.0
2020-03-18,196.0
2020-03-19,213.0
2020-03-20,196.0
2020-03-21,126.0
2020-03-22,172.0
2020-03-23,66.0
2020-03-24,180.0
2020-03-25,143.0
2020-03-26,175.0
2020-03-27,217.0
2020-03-28,202.0
2020-03-29,213.0
2020-03-30,98.0
2020-03-31,217.0
2020-04-01,227.0
2020-04-02,243.0
2020-04-03,241.0
2020-04-04,265.0
2020-04-05,246.0
2020-04-06,257.0
2020-04-07,261.0
2020-04-08,256.0
2020-04-09,264.0
2020-04-10,258.0
2020-04-11,272.0
2020-04-12,266.0
2020-04-13,218.0
2020-04-14,119.0
2020-04-15,237.0
2020-04-16,279.0
2020-04-17,252.0
2020-04-18,263.0
2020-04-19,163.0
2020-04-20,273.0
2020-04-21,300.0
2020-04-22,289.0
2020-04-23,289.0
2020-04-24,284.0
2020-04-25,238.0
2020-04-26,226.0
2020-04-27,295.0
2020-04-28,260.0
2020-04-29,249.0
2020-04-30,188.0
2020-05-01,143.0
2020-05-02,193.0
2020-05-03,197.0
2020-05-04,202.0
2020-05-05,142.0
2020-05-06,197.0
2020-05-07,292.0
2020-05-08,303.0
2020-05-09,320.0
2020-05-10,275.0
2020-05-11,241.0
2020-05-12,154.0
2020-05-13,165.0
2020-05-14,233.0
2020-05-15,224.0
2020-05-16,294.0
2020-05-17,117.0
2020-05-18,296.0
2020-05-19,261.0
2020-05-20,161.0
2020-05-21,310.0
2020-05-22,332.0
2020-05-23,294.0
2020-05-24,113.0
2020-05-25,199.0
2020-05-26,246.0
2020-05-27,183.0
2020-05-28,273.0
2020-05-29,242.0
2020-05-30,217.0
2020-05-31,145.0
2020-06-01,220.0
2020-06-02,236.0
2020-06-03,269.0
2020-06-04,193.0
2020-06-05,134.0
2020-06-06,201.0
2020-06-07,248.0
2020-06-08,275.0
2020-06-09,248.0
2020-06-10,193.0
2020-06-11,166.0
2020-06-12,225.0
2020-06-13,308.0
2020-06-14,312.0
2020-06-15,94.0
2020-06-16,168.0
2020-06-17,110.0
2020-06-18,214.0
2020-06-19,198.0
2020-06-20,177.0
2020-06-21,117.0
2020-06-22,182.0
2020-06-23,145.0
2020-06-24,285.0
2020-06-25,312.0
2020-06-26,259.0
2020-06-27,284.0
2020-06-28,300.0
2020-06-29,301.0
2020-06-30,347.0
2020-07-01,335.0
2020-07-02,245.0
2020-07-03,239.0
2020-07-04,269.0
2020-07-05,324.0
2020-07-06,330.0
2020-07-07,174.0
2020-07-08,278.0
2020-07-09,266.0
2020-07-10,359.0
2020-07-11,338.0
2020-07-12,181.0
2020-07-13,246.0
2020-07-14,311.0
2020-07-15,302.0
2020-07-16,247.0
2020-07-17,182.0
2020-07-18,134.0
2020-07-19,168.0
2020-07-20,217.0
2020-07-21,284.0
2020-07-22,260.0
2020-07-23,263.0
2020-07-24,302.0
2020-07-25,137.0
2020-07-26,204.0
2020-07-27,229.0
2020-07-28,304.0
2020-07-29,253.0
2020-07-30,282.0
2020-07-31,284.0
2020-08-01,321.0
2020-08-02,320.0
2020-08-03,279.0
2020-08-04,225.0
2020-08-05,203.0
2020-08-06,281.0
2020-08-07,257.0
2020-08-08,267.0
2020-08-09,289.0
2020-08-10,285.0
2020-08-11,271.0
2020-08-12,296.0
2020-08-13,281.0
2020-08-14,186.0
2020-08-15,219.0
2020-08-16,225.0
2020-08-17,212.0
2020-08-18,210.0
2020-08-19,95.0
2020-08-20,238.0
2020-08-21,259.0
2020-08-22,272.0
2020-08-23,203.0
2020-08-24,256.0
2020-08-25,159.0
2020-08-26,262.0
2020-08-27,255.0
2020-08-28,264.0
2020-08-29,240.0
2020-08-30,267.0
2020-08-31,202.0
2020-09-01,128.0
2020-09-02,151.0
2020-09-03,167.0
2020-09-04,249.0
2020-09-05,230.0
2020-09-06,211.0
2020-09-07,192.0
2020-09-08,249.0
2020-09-09,249.0
2020-09-10,223.0
2020-09-11,224.0
2020-09-12,202.0
2020-09-13,211.0
2020-09-14,215.0
2020-09-15,211.0
2020-09-16,201.0
2020-09-17,147.0
2020-09-18,219.0
2020-09-19,199.0
2020-09-20,172.0
2020-09-21,200.0
2020-09-22,198.0
2020-09-23,139.0
2020-09-24,141.0
2020-09-25,140.0
2020-09-26,89.0
2020-09-27,165.0
2020-09-28,85.0
2020-09-29,92.0
2020-09-30,16.0
2020-10-01,50.0
2020-10-02,112.0
2020-10-03,129.0
2020-10-04,156.0
2020-10-05,128.0
2020-10-06,93.0
2020-10-07,92.0
2020-10-08,66.0
2020-10-09,145.0
2020-10-10,116.0
2020-10-11,80.0
2020-10-12,66.0
2020-10-13,37.0
2020-10-14,66.0
2020-10-15,82.0
2020-10-16,61.0
2020-10-17,41.0
2020-10-18,69.0
2020-10-19,117.0
2020-10-20,127.0
2020-10-21,120.0
2020-10-22,131.0
2020-10-23,125.0
2020-10-24,49.0
2020-10-25,25.0
2020-10-26,60.0
2020-10-27,122.0
2020-10-28,95.0
2020-10-29,54.0
2020-10-30,103.0
2020-10-31,67.0
2020-11-01,116.0
2020-11-02,26.0
2020-11-03,35.0
2020-11-04,41.0
2020-11-05,24.0
2020-11-06,94.0
2020-11-07,96.0
2020-11-08,81.0
2020-11-09,69.0
2020-11-10,35.0
2020-11-11,28.0
2020-11-12,18.0
2020-11-13,14.0
2020-11-14,17.0
2020-11-15,34.0
2020-11-16,39.0
2020-11-17,25.0
2020-11-18,33.0
2020-11-19,49.0
2020-11-20,21.0
2020-11-21,77.0
2020-11-22,49.0
2020-11-23,29.0
2020-11-24,43.0
2020-11-25,26.0
2020-11-26,24.0
2020-11-27,13.0
2020-11-28,16.0
2020-11-29,20.0
2020-11-30,23.0
2020-12-01,43.0
2020-12-02,72.0
2020-12-03,44.0
2020-12-04,49.0
2020-12-05,72.0
2020-12-06,67.0
2020-12-07,17.0
2020-12-08,40.0
2020-12-09,59.0
2020-12-10,16.0
2020-12-11,36.0
2020-12-12,22.0
2020-12-13,21.0
2020-12-14,21.0
2020-12-15,23.0
2020-12-16,19.0
2020-12-17,19.0
2020-12-18,13.0
2020-12-19,27.0
2020-12-20,17.0
2020-12-21,27.0
2020-12-22,16.0
2020-12-23,24.0
2020-12-24,13.0
2020-12-25,19.0
2020-12-26,30.0
2020-12-27,28.0
2020-12-28,30.0
2020-12-29,61.0
2020-12-30,28.0
2020-12-31,17.0
2021-01-01,49.0
2021-01-02,63.0
2021-01-03,30.0
2021-01-04,28.0
2021-01-05,20.0
2021-01-06,25.0
2021-01-07,61.0
2021-01-08,32.0
2021-01-09,49.0
2021-01-10,27.0
2021-01-11,34.0
2021-01-12,35.0
2021-01-13,61.0
2021-01-14,35.0
2021-01-15,31.0
2021-01-16,69.0
2021-01-17,42.0
2021-01-18,71.0
2021-01-19,29.0
2021-01-20,41.0
2021-01-21,70.0
2021-01-22,35.0
2021-01-23,46.0
2021-01-24,40.0
2021-01-25,39.0
2021-01-26,38.0
2021-01-27,86.0
2021-01-28,87.0
2021-01-29,33.0
2021-01-30,70.0
2021-01-31,60.0
2021-02-01,24.0
2021-02-02,22.0
2021-02-03,48.0
2021-02-04,104.0
2021-02-05,35.0
2021-02-06,18.0
2021-02-07,31.0
2021-02-08,24.0
2021-02-09,34.0
2021-02-10,35.0
2021-02-11,16.0
2021-02-12,100.0
2021-02-13,122.0
2021-02-14,105.0
2021-02-15,132.0
2021-02-16,108.0
2021-02-17,44.0
2021-02-18,57.0
2021-02-19,54.0
2021-02-20,61.0
2021-02-21,105.0
2021-02-22,144.0
2021-02-23,141.0
2021-02-24,135.0
2021-02-25,138.0
2021-02-26,149.0
2021-02-27,112.0
2021-02-28,163.0
2021-03-01,154.0
2021-03-02,159.0
2021-03-03,174.0
2021-03-04,100.0
2021-03-05,55.0
2021-03-06,149.0
2021-03-07,182.0
2021-03-08,189.0
2021-03-09,191.0
2021-03-10,166.0
2021-03-11,181.0
2021-03-12,133.0
2021-03-13,179.0
2021-03-14,100.0
2021-03-15,37.0
2021-03-16,112.0
2021-03-17,102.0
2021-03-18,112.0
2021-03-19,156.0
2021-03-20,169.0
2021-03-21,219.0
2021-03-22,117.0
2021-03-23,136.0
2021-03-24,241.0
2021-03-25,215.0
2021-03-26,223.0
2021-03-27,220.0
2021-03-28,207.0
2021-03-29,195.0
2021-03-30,156.0
2021-03-31,148.0
2021-04-01,208.0
2021-04-02,128.0
2021-04-03,122.0
2021-04-04,165.0
2021-04-05,263.0
2021-04-06,96.0
2021-04-07,203.0
2021-04-08,170.0
2021-04-09,248.0
2021-04-10,274.0
2021-04-11,241.0
2021-04-12,239.0
2021-04-13,97.0
2021-04-14,90.0
2021-04-15,99.0
2021-04-16,143.0
2021-04-17,204.0
2021-04-18,107.0
2021-04-19,81.0
2021-04-20,167.0
2021-04-21,224.0
2021-04-22,223.0
2021-04-23,238.0
2021-04-24,264.0
2021-04-25,217.0
2021-04-26,276.0
2021-04-27,276.0
2021-04-28,171.0
2021-04-29,170.0
2021-04-30,214.0
2021-05-01,168.0
2021-05-02,246.0
2021-05-03,263.0
2021-05-04,311.0
2021-05-05,278.0
2021-05-06,267.0
2021-05-07,89.0
2021-05-08,278.0
2021-05-09,331.0
2021-05-10,337.0
2021-05-11,326.0
2021-05-12,324.0
2021-05-13,148.0
2021-05-14,146.0
2021-05-15,254.0
2021-05-16,99.0
2021-05-17,232.0
2021-05-18,131.0
2021-05-19,218.0
2021-05-20,127.0
2021-05-21,283.0
2021-05-22,168.0
2021-05-23,200.0
2021-05-24,248.0
2021-05-25,319.0
2021-05-26,336.0
2021-05-27,334.0
2021-05-28,270.0
2021-05-29,153.0
2021-05-30,257.0
2021-05-31,170.0
2021-06-01,304.0
2021-06-02,275.0
2021-06-03,305.0
2021-06-04,326.0
2021-06-05,281.0
2021-06-06,342.0
2021-06-07,310.0
2021-06-08,326.0
2021-06-09,310.0
2021-06-10,287.0
2021-06-11,319.0
2021-06-12,315.0
2021-06-13,257.0
2021-06-14,187.0
2021-06-15,321.0
2021-06-16,339.0
2021-06-17,330.0
2021-06-18,326.0
2021-06-19,317.0
2021-06-20,313.0
2021-06-21,308.0
2021-06-22,332.0
2021-06-23,328.0
2021-06-24,324.0
2021-06-25,319.0
2021-06-26,270.0
2021-06-27,330.0
2021-06-28,332.0
2021-06-29,347.0
2021-06-30,316.0
2021-07-01,304.0
2021-07-02,209.0
2021-07-03,217.0
2021-07-04,258.0
2021-07-05,329.0
2021-07-06,308.0
2021-07-07,321.0
2021-07-08,337.0
2021-07-09,292.0
2021-07-10,315.0
2021-07-11,272.0
2021-07-12,310.0
2021-07-13,317.0
2021-07-14,294.0
2021-07-15,224.0
2021-07-16,250.0
2021-07-17,269.0
2021-07-18,299.0
2021-07-19,154.0
2021-07-20,219.0
2021-07-21,242.0
2021-07-22,271.0
2021-07-23,299.0
2021-07-24,291.0
2021-07-25,267.0
2021-07-26,258.0
2021-07-27,306.0
2021-07-28,274.0
2021-07-29,301.0
2021-07-30,311.0
2021-07-31,214.0
2021-08-01,257.0
2021-08-02,282.0
2021-08-03,267.0
2021-08-04,262.0
2021-08-05,172.0
2021-08-06,223.0
2021-08-07,260.0
2021-08-08,304.0
2021-08-09,297.0
2021-08-10,290.0
2021-08-11,277.0
2021-08-12,283.0
2021-08-13,295.0
2021-08-14,296.0
2021-08-15,273.0
2021-08-16,283.0
2021-08-17,117.0
2021-08-18,220.0
2021-08-19,237.0
2021-08-20,250.0
2021-08-21,235.0
2021-08-22,261.0
2021-08-23,244.0
2021-08-24,211.0
2021-08-25,161.0
2021-08-26,212.0
2021-08-27,95.0
2021-08-28,131.0
2021-08-29,162.0
2021-08-30,120.0
2021-08-31,172.0
2021-09-01,158.0
2021-09-02,179.0
2021-09-03,210.0
2021-09-04,222.0
2021-09-05,247.0
2021-09-06,257.0
2021-09-07,245.0
2021-09-08,243.0
2021-09-09,241.0
2021-09-10,234.0
2021-09-11,235.0
2021-09-12,232.0
2021-09-13,220.0
2021-09-14,212.0
2021-09-15,197.0
2021-09-16,160.0
2021-09-17,123.0
2021-09-18,149.0
2021-09-19,153.0
2021-09-20,93.0
2021-09-21,144.0
2021-09-22,98.0
2021-09-23,127.0
2021-09-24,134.0
2021-09-25,169.0
2021-09-26,187.0
2021-09-27,135.0
2021-09-28,120.0
2021-09-29,64.0
2021-09-30,21.0
2021-10-01,86.0
2021-10-02,128.0
2021-10-03,190.0
2021-10-04,173.0
2021-10-05,159.0
2021-10-06,66.0
2021-10-07,123.0
2021-10-08,151.0
2021-10-09,143.0
2021-10-10,140.0
2021-10-11,79.0
2021-10-12,76.0
2021-10-13,84.0
2021-10-14,81.0
2021-10-15,144.0
2021-10-16,115.0
2021-10-17,129.0
2021-10-18,104.0
2021-10-19,133.0
2021-10-20,113.0
2021-10-21,79.0
2021-10-22,116.0
2021-10-23,132.0
2021-10-24,129.0
2021-10-25,131.0
2021-10-26,135.0
2021-10-27,123.0
2021-10-28,119.0
2021-10-29,123.0
2021-10-30,123.0
2021-10-31,117.0
2021-11-01,109.0
2021-11-02,36.0
2021-11-03,82.0
2021-11-04,48.0
2021-11-05,42.0
2021-11-06,88.0
2021-11-07,24.0
2021-11-08,32.0
2021-11-09,68.0
2021-11-10,69.0
2021-11-11,79.0
2021-11-12,91.0
2021-11-13,50.0
2021-11-14,74.0
2021-11-15,87.0
2021-11-16,88.0
2021-11-17,78.0
2021-11-18,22.0
2021-11-19,42.0
2021-11-20,60.0
2021-11-21,36.0
2021-11-22,61.0
2021-11-23,71.0
2021-11-24,85.0
2021-11-25,35.0
2021-11-26,46.0
2021-11-27,60.0
2021-11-28,53.0
2021-11-29,18.0
2021-11-30,68.0
2021-12-01,48.0
2021-12-02,38.0
2021-12-03,38.0
2021-12-04,64.0
2021-12-05,33.0
2021-12-06,20.0
2021-12-07,39.0
2021-12-08,63.0
2021-12-09,29.0
2021-12-10,8.0
2021-12-11,20.0
2021-12-12,12.0
2021-12-13,44.0
2021-12-14,49.0
2021-12-15,30.0
2021-12-16,24.0
2021-12-17,42.0
2021-12-18,46.0
2021-12-19,19.0
2021-12-20,55.0
2021-12-21,53.0
2021-12-22,55.0
2021-12-23,48.0
2021-12-24,20.0
2021-12-25,22.0
2021-12-26,44.0
2021-12-27,21.0
2021-12-28,20.0
2021-12-29,19.0
2021-12-30,16.0
2021-12-31,29.0
2022-01-01,44.0
2022-01-02,24.0
2022-01-03,19.0
2022-01-04,28.0
2022-01-05,29.0
2022-01-06,33.0
2022-01-07,71.0
2022-01-08,15.0
2022-01-09,40.0
2022-01-10,59.0
2022-01-11,26.0
2022-01-12,78.0
2022-01-13,80.0
2022-01-14,29.0
2022-01-15,57.0
2022-01-16,24.0
2022-01-17,33.0
2022-01-18,79.0
2022-01-19,85.0
2022-01-20,31.0
2022-01-21,85.0
2022-01-22,78.0
2022-01-23,67.0
2022-01-24,80.0
2022-01-25,47.0
2022-01-26,25.0
2022-01-27,15.0
2022-01-28,77.0
2022-01-29,100.0
2022-01-30,97.0
2022-01-31,55.0
2022-02-01,64.0
2022-02-02,55.0
2022-02-03,95.0
2022-02-04,79.0
2022-02-05,112.0
2022-02-06,66.0
2022-02-07,35.0
2022-02-08,99.0
2022-02-09,104.0
2022-02-10,93.0
2022-02-11,102.0
2022-02-12,122.0
2022-02-13,101.0
2022-02-14,105.0
2022-02-15,57.0
2022-02-16,50.0
2022-02-17,76.0
2022-02-18,126.0
2022-02-19,42.0
2022-02-20,104.0
2022-02-21,63.0
2022-02-22,121.0
2022-02-23,60.0
2022-02-24,153.0
2022-02-25,144.0
2022-02-26,109.0
2022-02-27,119.0
2022-02-28,105.0
2022-03-01,141.0
2022-03-02,151.0
2022-03-03,135.0
2022-03-04,129.0
2022-03-05,132.0
2022-03-06,166.0
2022-03-07,81.0
2022-03-08,105.0
2022-03-09,81.0
2022-03-10,182.0
2022-03-11,200.0
2022-03-12,204.0
2022-03-13,194.0
2022-03-14,203.0
2022-03-15,189.0
2022-03-16,46.0
2022-03-17,124.0
2022-03-18,173.0
2022-03-19,215.0
2022-03-20,199.0
2022-03-21,222.0
2022-03-22,218.0
2022-03-23,231.0
2022-03-24,238.0
2022-03-25,241.0
2022-03-26,227.0
2022-03-27,232.0
2022-03-28,251.0
2022-03-29,232.0
2022-03-30,165.0
2022-03-31,54.0
2022-04-01,92.0
2022-04-02,81.0
2022-04-03,105.0
2022-04-04,173.0
2022-04-05,179.0
2022-04-06,229.0
2022-04-07,105.0
2022-04-08,178.0
2022-04-09,84.0
2022-04-10,177.0
2022-04-11,203.0
2022-04-12,281.0
2022-04-13,303.0
2022-04-14,279.0
2022-04-15,225.0
2022-04-16,131.0
2022-04-17,224.0
2022-04-18,247.0
2022-04-19,215.0
2022-04-20,229.0
2022-04-21,253.0
2022-04-22,107.0
2022-04-23,115.0
2022-04-24,169.0
2022-04-25,180.0
2022-04-26,271.0
2022-04-27,188.0
2022-04-28,93.0
2022-04-29,244.0
2022-04-30,257.0
2022-05-01,277.0
2022-05-02,246.0
2022-05-03,227.0
2022-05-04,228.0
2022-05-05,248.0
2022-05-06,199.0
2022-05-07,238.0
2022-05-08,269.0
2022-05-09,281.0
2022-05-10,276.0
2022-05-11,307.0
2022-05-12,310.0
2022-05-13,215.0
2022-05-14,306.0
2022-05-15,312.0
2022-05-16,322.0
2022-05-17,163.0
2022-05-18,342.0
2022-05-19,353.0
2022-05-20,323.0
2022-05-21,268.0
2022-05-22,285.0
2022-05-23,294.0
2022-05-24,230.0
2022-05-25,274.0
2022-05-26,309.0
2022-05-27,324.0
2022-05-28,152.0
2022-05-29,116.0
2022-05-30,221.0
2022-05-31,226.0
2022-06-01,258.0
2022-06-02,296.0
2022-06-03,336.0
2022-06-04,138.0
2022-06-05,297.0
2022-06-06,341.0
2022-06-07,300.0
2022-06-08,300.0
2022-06-09,248.0
2022-06-10,293.0
2022-06-11,274.0
2022-06-12,341.0
2022-06-13,333.0
2022-06-14,293.0
2022-06-15,324.0
2022-06-16,352.0
2022-06-17,298.0
2022-06-18,357.0
2022-06-19,363.0
2022-06-20,353.0
2022-06-21,337.0
2022-06-22,338.0
2022-06-23,328.0
2022-06-24,349.0
2022-06-25,262.0
2022-06-26,315.0
2022-06-27,330.0
2022-06-28,304.0
2022-06-29,331.0
2022-06-30,337.0
2022-07-01,290.0
2022-07-02,291.0
2022-07-03,323.0
2022-07-04,340.0
2022-07-05,324.0
2022-07-06,184.0
2022-07-07,315.0
2022-07-08,211.0
2022-07-09,288.0
2022-07-10,222.0
2022-07-11,242.0
2022-07-12,280.0
2022-07-13,329.0
2022-07-14,290.0
2022-07-15,231.0
2022-07-16,305.0
2022-07-17,331.0
2022-07-18,325.0
2022-07-19,329.0
2022-07-20,331.0
2022-07-21,330.0
2022-07-22,329.0
2022-07-23,321.0
2022-07-24,235.0
2022-07-25,325.0
2022-07-26,304.0
2022-07-27,327.0
2022-07-28,232.0
2022-07-29,229.0
2022-07-30,189.0
2022-07-31,120.0
2022-08-01,214.0
2022-08-02,278.0
2022-08-03,294.0
2022-08-04,313.0
2022-08-05,308.0
2022-08-06,301.0
2022-08-07,259.0
2022-08-08,288.0
2022-08-09,217.0
2022-08-10,286.0
2022-08-11,289.0
2022-08-12,280.0
2022-08-13,250.0
2022-08-14,254.0
2022-08-15,239.0
2022-08-16,236.0
2022-08-17,260.0
2022-08-18,277.0
2022-08-19,256.0
2022-08-20,168.0
2022-08-21,92.0
2022-08-22,156.0
2022-08-23,239.0
2022-08-24,185.0
2022-08-25,269.0
2022-08-26,264.0
2022-08-27,250.0
2022-08-28,234.0
2022-08-29,197.0
2022-08-30,228.0
2022-08-31,233.0
2022-09-01,65.0
2022-09-02,52.0
2022-09-03,176.0
2022-09-04,193.0
2022-09-05,202.0
2022-09-06,204.0
2022-09-07,206.0
2022-09-08,220.0
2022-09-09,150.0
2022-09-10,119.0
2022-09-11,188.0
2022-09-12,188.0
2022-09-13,218.0
2022-09-14,91.0
2022-09-15,122.0
2022-09-16,101.0
2022-09-17,65.0
2022-09-18,153.0
2022-09-19,90.0
2022-09-20,161.0
2022-09-21,151.0
2022-09-22,147.0
2022-09-23,132.0
2022-09-24,168.0
2022-09-25,92.0
2022-09-26,54.0
2022-09-27,113.0
2022-09-28,175.0
2022-09-29,113.0
2022-09-30,113.0
2022-10-01,78.0
2022-10-02,169.0
2022-10-03,156.0
2022-10-04,148.0
2022-10-05,161.0
2022-10-06,149.0
2022-10-07,158.0
2022-10-08,159.0
2022-10-09,142.0
2022-10-10,162.0
2022-10-11,82.0
2022-10-12,101.0
2022-10-13,146.0
2022-10-14,122.0
2022-10-15,132.0
2022-10-16,147.0
2022-10-17,146.0
2022-10-18,143.0
2022-10-19,106.0
2022-10-20,146.0
2022-10-21,135.0
2022-10-22,88.0
2022-10-23,60.0
2022-10-24,97.0
2022-10-25,47.0
2022-10-26,84.0
2022-10-27,95.0
2022-10-28,60.0
2022-10-29,35.0
2022-10-30,25.0
2022-10-31,23.0
2022-11-01,56.0
2022-11-02,51.0
2022-11-03,47.0
2022-11-04,88.0
2022-11-05,21.0
2022-11-06,70.0
2022-11-07,17.0
2022-11-08,54.0
2022-11-09,73.0
2022-11-10,32.0
2022-11-11,73.0
2022-11-12,78.0
2022-11-13,82.0
2022-11-14,63.0
2022-11-15,53.0
2022-11-16,21.0
2022-11-17,29.0
2022-11-18,20.0
2022-11-19,34.0
2022-11-20,36.0
2022-11-21,59.0
2022-11-22,69.0
2022-11-23,38.0
2022-11-24,14.0
2022-11-25,44.0
2022-11-26,30.0
2022-11-27,24.0
2022-11-28,38.0
2022-11-29,49.0
2022-11-30,37.0
2022-12-01,59.0
2022-12-02,22.0
2022-12-03,61.0
2022-12-04,62.0
2022-12-05,31.0
2022-12-06,11.0
2022-12-07,40.0
2022-12-08,40.0
2022-12-09,23.0
2022-12-10,15.0
2022-12-11,13.0
2022-12-12,42.0
2022-12-13,58.0
2022-12-14,23.0
2022-12-15,13.0
2022-12-16,29.0
2022-12-17,21.0
2022-12-18,57.0
2022-12-19,70.0
2022-12-20,60.0
2022-12-21,23.0
2022-12-22,29.0
2022-12-23,18.0
2022-12-24,20.0
2022-12-25,49.0
2022-12-26,41.0
2022-12-27,47.0
2022-12-28,66.0
2022-12-29,40.0
2022-12-30,17.0
2022-12-31,40.0
2023-01-01,53.0
2023-01-02,48.0
2023-01-03,27.0
2023-01-04,57.0
2023-01-05,24.0
2023-01-06,61.0
2023-01-07,43.0
2023-01-08,24.0
2023-01-09,24.0
2023-01-10,7.0
2023-01-11,54.0
2023-01-12,36.0
2023-01-13,34.0
2023-01-14,16.0
2023-01-15,40.0
2023-01-16,23.0
2023-01-17,53.0
2023-01-18,36.0
2023-01-19,23.0
2023-01-20,13.0
2023-01-21,28.0
2023-01-22,75.0
2023-01-23,66.0
2023-01-24,75.0
2023-01-25,42.0
2023-01-26,30.0
2023-01-27,30.0
2023-01-28,32.0
2023-01-29,21.0
2023-01-30,59.0
2023-01-31,64.0
2023-02-01,67.0
2023-02-02,89.0
2023-02-03,63.0
2023-02-04,48.0
2023-02-05,96.0
2023-02-06,113.0
2023-02-07,91.0
2023-02-08,126.0
2023-02-09,129.0
2023-02-10,125.0
2023-02-11,98.0
2023-02-12,110.0
2023-02-13,120.0
2023-02-14,69.0
2023-02-15,130.0
2023-02-16,119.0
2023-02-17,68.0
2023-02-18,55.0
2023-02-19,60.0
2023-02-20,89.0
2023-02-21,131.0
2023-02-22,107.0
2023-02-23,132.0
2023-02-24,66.0
2023-02-25,57.0
2023-02-26,40.0
2023-02-27,92.0
2023-02-28,54.0
2023-03-01,139.0
2023-03-02,144.0
2023-03-03,109.0
2023-03-04,161.0
2023-03-05,70.0
2023-03-06,78.0
2023-03-07,96.0
2023-03-08,117.0
2023-03-09,64.0
2023-03-10,113.0
2023-03-11,88.0
2023-03-12,193.0
2023-03-13,168.0
2023-03-14,147.0
2023-03-15,33.0
2023-03-16,161.0
2023-03-17,211.0
2023-03-18,210.0
2023-03-19,206.0
2023-03-20,144.0
2023-03-21,170.0
2023-03-22,201.0
2023-03-23,182.0
2023-03-24,198.0
2023-03-25,96.0
2023-03-26,206.0
2023-03-27,45.0
2023-03-28,179.0
2023-03-29,231.0
2023-03-30,132.0
2023-03-31,195.0
2023-04-01,122.0
2023-04-02,143.0
2023-04-03,235.0
2023-04-04,62.0
2023-04-05,182.0
2023-04-06,82.0
2023-04-07,67.0
2023-04-08,96.0
2023-04-09,170.0
2023-04-10,112.0
2023-04-11,214.0
2023-04-12,94.0
2023-04-13,229.0
2023-04-14,94.0
2023-04-15,188.0
2023-04-16,195.0
2023-04-17,152.0
2023-04-18,175.0
2023-04-19,184.0
2023-04-20,224.0
2023-04-21,227.0
2023-04-22,260.0
2023-04-23,265.0
2023-04-24,121.0
2023-04-25,40.0
2023-04-26,151.0
2023-04-27,222.0
2023-04-28,301.0
2023-04-29,234.0
2023-04-30,235.0
2023-05-01,326.0
2023-05-02,289.0
2023-05-03,272.0
2023-05-04,245.0
2023-05-05,282.0
2023-05-06,295.0
2023-05-07,199.0
2023-05-08,299.0
2023-05-09,267.0
2023-05-10,246.0
2023-05-11,277.0
2023-05-12,133.0
2023-05-13,154.0
2023-05-14,126.0
2023-05-15,59.0
2023-05-16,76.0
2023-05-17,117.0
2023-05-18,116.0
2023-05-19,287.0
2023-05-20,317.0
2023-05-21,318.0
2023-05-22,325.0
2023-05-23,303.0
2023-05-24,146.0
2023-05-25,290.0
2023-05-26,311.0
2023-05-27,284.0
2023-05-28,298.0
2023-05-29,239.0
2023-05-30,186.0
2023-05-31,320.0
2023-06-01,335.0
2023-06-02,309.0
2023-06-03,345.0
2023-06-04,361.0
2023-06-05,334.0
2023-06-06,107.0
2023-06-07,148.0
2023-06-08,231.0
2023-06-09,140.0
2023-06-10,211.0
2023-06-11,276.0
2023-06-12,288.0
2023-06-13,246.0
2023-06-14,320.0
2023-06-15,274.0
2023-06-16,108.0
2023-06-17,190.0
2023-06-18,321.0
2023-06-19,317.0
2023-06-20,329.0
2023-06-21,268.0
2023-06-22,292.0
2023-06-23,300.0
2023-06-24,262.0
2023-06-25,266.0
2023-06-26,299.0
2023-06-27,186.0
2023-06-28,231.0
2023-06-29,276.0
2023-06-30,287.0
2023-07-01,319.0
2023-07-02,253.0
2023-07-03,347.0
2023-07-04,170.0
2023-07-05,333.0
2023-07-06,243.0
2023-07-07,259.0
2023-07-08,346.0
2023-07-09,338.0
2023-07-10,308.0
2023-07-11,299.0
2023-07-12,244.0
2023-07-13,228.0
2023-07-14,314.0
2023-07-15,330.0
2023-07-16,315.0
2023-07-17,286.0
2023-07-18,317.0
2023-07-19,304.0
2023-07-20,298.0
2023-07-21,224.0
2023-07-22,301.0
2023-07-23,309.0
2023-07-24,311.0
2023-07-25,187.0
2023-07-26,175.0
2023-07-27,289.0
2023-07-28,260.0
2023-07-29,252.0
2023-07-30,166.0
2023-07-31,279.0
2023-08-01,295.0
2023-08-02,278.0
2023-08-03,290.0
2023-08-04,294.0
2023-08-05,247.0
2023-08-06,111.0
2023-08-07,250.0
2023-08-08,249.0
2023-08-09,255.0
2023-08-10,209.0
2023-08-11,274.0
2023-08-12,292.0
2023-08-13,297.0
2023-08-14,305.0
2023-08-15,221.0
2023-08-16,201.0
2023-08-17,180.0
2023-08-18,254.0
2023-08-19,257.0
2023-08-20,268.0
2023-08-21,279.0
2023-08-22,265.0
2023-08-23,223.0
2023-08-24,264.0
2023-08-25,233.0
2023-08-26,261.0
2023-08-27,248.0
2023-08-28,239.0
2023-08-29,192.0
2023-08-30,155.0
2023-08-31,178.0
2023-09-01,218.0
2023-09-02,245.0
2023-09-03,113.0
2023-09-04,238.0
2023-09-05,241.0
2023-09-06,259.0
2023-09-07,255.0
2023-09-08,243.0
2023-09-09,241.0
2023-09-10,240.0
2023-09-11,228.0
2023-09-12,232.0
2023-09-13,223.0
2023-09-14,131.0
2023-09-15,92.0
2023-09-16,176.0
2023-09-17,155.0
2023-09-18,185.0
2023-09-19,102.0
2023-09-20,209.0
2023-09-21,148.0
2023-09-22,137.0
2023-09-23,140.0
2023-09-24,98.0
2023-09-25,178.0
2023-09-26,204.0
2023-09-27,195.0
2023-09-28,187.0
2023-09-29,187.0
2023-09-30,184.0
2023-10-01,147.0
2023-10-02,158.0
2023-10-03,172.0
2023-10-04,155.0
2023-10-05,162.0
2023-10-06,150.0
2023-10-07,152.0
2023-10-08,85.0
2023-10-09,66.0
2023-10-10,147.0
2023-10-11,105.0
2023-10-12,156.0
2023-10-13,121.0
2023-10-14,134.0
2023-10-15,24.0
2023-10-16,145.0
2023-10-17,138.0
2023-10-18,149.0
2023-10-19,44.0
2023-10-20,75.0
2023-10-21,50.0
2023-10-22,120.0
2023-10-23,121.0
2023-10-24,81.0
2023-10-25,70.0
2023-10-26,60.0
2023-10-27,27.0
2023-10-28,103.0
2023-10-29,108.0
2023-10-30,95.0
2023-10-31,55.0
2023-11-01,102.0
2023-11-02,96.0
2023-11-03,33.0
2023-11-04,55.0
2023-11-05,17.0
2023-11-06,81.0
2023-11-07,70.0
2023-11-08,50.0
2023-11-09,100.0
2023-11-10,41.0
2023-11-11,19.0
2023-11-12,60.0
2023-11-13,48.0
2023-11-14,31.0
2023-11-15,55.0
2023-11-16,83.0
2023-11-17,16.0
2023-11-18,43.0
2023-11-19,46.0
2023-11-20,35.0
2023-11-21,29.0
2023-11-22,69.0
2023-11-23,58.0
2023-11-24,39.0
2023-11-25,57.0
2023-11-26,52.0
2023-11-27,21.0
2023-11-28,16.0
2023-11-29,29.0
2023-11-30,20.0
2023-12-01,20.0
2023-12-02,30.0
2023-12-03,31.0
2023-12-04,73.0
2023-12-05,26.0
2023-12-06,25.0
2023-12-07,13.0
2023-12-08,39.0
2023-12-09,30.0
2023-12-10,8.0
2023-12-11,25.0
2023-12-12,50.0
2023-12-13,12.0
2023-12-14,9.0
2023-12-15,22.0
2023-12-16,67.0
2023-12-17,34.0
2023-12-18,46.0
2023-12-19,34.0
2023-12-20,36.0
2023-12-21,36.0
2023-12-22,58.0
2023-12-23,30.0
2023-12-24,20.0
2023-12-25,31.0
2023-12-26,47.0
2023-12-27,63.0
2023-12-28,66.0
2023-12-29,53.0
2023-12-30,54.0
2023-12-31,45.0
2024-01-01,12.0
2024-01-02,54.0
2024-01-03,32.0
2024-01-04,56.0
2024-01-05,65.0
2024-01-06,22.0
2024-01-07,35.0
2024-01-08,40.0
2024-01-09,70.0
2024-01-10,74.0
2024-01-11,42.0
2024-01-12,61.0
2024-01-13,60.0
2024-01-14,56.0
2024-01-15,26.0
2024-01-16,78.0
2024-01-17,31.0
2024-01-18,11.0
2024-01-19,13.0
2024-01-20,89.0
2024-01-21,83.0
2024-01-22,35.0
2024-01-23,39.0
2024-01-24,17.0
2024-01-25,62.0
2024-01-26,82.0
2024-01-27,67.0
2024-01-28,75.0
2024-01-29,102.0
2024-01-30,98.0
2024-01-31,93.0
2024-02-01,46.0
2024-02-02,73.0
2024-02-03,67.0
2024-02-04,94.0
2024-02-05,62.0
2024-02-06,105.0
2024-02-07,99.0
2024-02-08,71.0
2024-02-09,42.0
2024-02-10,65.0
2024-02-11,49.0
2024-02-12,62.0
2024-02-13,59.0
2024-02-14,116.0
2024-02-15,125.0
2024-02-16,130.0
2024-02-17,124.0
2024-02-18,93.0
2024-02-19,75.0
2024-02-20,94.0
2024-02-21,83.0
2024-02-22,91.0
2024-02-23,35.0
2024-02-24,35.0
2024-02-25,90.0
2024-02-26,106.0
2024-02-27,129.0
2024-02-28,87.0
2024-02-29,83.0
2024-03-01,51.0
2024-03-02,55.0
2024-03-03,116.0
2024-03-04,148.0
2024-03-05,146.0
2024-03-06,116.0
2024-03-07,35.0
2024-03-08,63.0
2024-03-09,152.0
2024-03-10,99.0
2024-03-11,66.0
2024-03-12,129.0
2024-03-13,35.0
2024-03-14,114.0
2024-03-15,154.0
2024-03-16,83.0
2024-03-17,104.0
2024-03-18,144.0
2024-03-19,165.0
2024-03-20,194.0
2024-03-21,221.0
2024-03-22,116.0
2024-03-23,148.0
2024-03-24,155.0
2024-03-25,173.0
2024-03-26,226.0
2024-03-27,135.0
2024-03-28,132.0
2024-03-29,220.0
2024-03-30,209.0
2024-03-31,180.0
2024-04-01,198.0
2024-04-02,92.0
2024-04-03,228.0
2024-04-04,149.0
2024-04-05,213.0
2024-04-06,113.0
2024-04-07,231.0
2024-04-08,243.0
2024-04-09,235.0
2024-04-10,236.0
2024-04-11,244.0
2024-04-12,262.0
2024-04-13,250.0
2024-04-14,239.0
2024-04-15,222.0
2024-04-16,80.0
2024-04-17,146.0
2024-04-18,160.0
2024-04-19,230.0
2024-04-20,223.0
2024-04-21,192.0
2024-04-22,104.0
2024-04-23,171.0
2024-04-24,83.0
2024-04-25,215.0
2024-04-26,249.0
2024-04-27,235.0
2024-04-28,271.0
2024-04-29,276.0
2024-04-30,319.0
2024-05-01,310.0
2024-05-02,247.0
2024-05-03,202.0
2024-05-04,297.0
2024-05-05,275.0
2024-05-06,274.0
2024-05-07,188.0
2024-05-08,170.0
2024-05-09,234.0
2024-05-10,303.0
2024-05-11,227.0
2024-05-12,313.0
2024-05-13,339.0
2024-05-14,320.0
2024-05-15,236.0
2024-05-16,320.0
2024-05-17,105.0
2024-05-18,227.0
2024-05-19,205.0
2024-05-20,255.0
2024-05-21,296.0
2024-05-22,180.0
2024-05-23,208.0
2024-05-24,203.0
2024-05-25,299.0
2024-05-26,322.0
2024-05-27,309.0
2024-05-28,308.0
2024-05-29,274.0
2024-05-30,272.0
2024-05-31,256.0
2024-06-01,283.0
2024-06-02,270.0
2024-06-03,181.0
2024-06-04,210.0
2024-06-05,263.0
2024-06-06,314.0
2024-06-07,267.0
2024-06-08,315.0
2024-06-09,215.0
2024-06-10,178.0
2024-06-11,139.0
2024-06-12,208.0
2024-06-13,166.0
2024-06-14,297.0
2024-06-15,362.0
2024-06-16,273.0
2024-06-17,317.0
2024-06-18,336.0
2024-06-19,323.0
2024-06-20,293.0
2024-06-21,311.0
2024-06-22,242.0
2024-06-23,233.0
2024-06-24,352.0
2024-06-25,312.0
2024-06-26,225.0
2024-06-27,218.0
2024-06-28,251.0
2024-06-29,318.0
2024-06-30,253.0
2024-07-01,282.0
2024-07-02,101.0
2024-07-03,246.0
2024-07-04,283.0
2024-07-05,350.0
2024-07-06,319.0
2024-07-07,349.0
2024-07-08,271.0
2024-07-09,323.0
2024-07-10,306.0
2024-07-11,290.0
2024-07-12,313.0
2024-07-13,310.0
2024-07-14,254.0
2024-07-15,289.0
2024-07-16,282.0
2024-07-17,252.0
2024-07-18,302.0
2024-07-19,319.0
2024-07-20,220.0
2024-07-21,212.0
2024-07-22,294.0
2024-07-23,255.0
2024-07-24,251.0
2024-07-25,253.0
2024-07-26,295.0
2024-07-27,312.0
2024-07-28,319.0
2024-07-29,320.0
2024-07-30,326.0
2024-07-31,313.0
2024-08-01,234.0
2024-08-02,215.0
2024-08-03,161.0
2024-08-04,285.0
2024-08-05,232.0
2024-08-06,226.0
2024-08-07,300.0
2024-08-08,243.0
2024-08-09,242.0
2024-08-10,276.0
2024-08-11,279.0
2024-08-12,294.0
2024-08-13,286.0
2024-08-14,287.0
2024-08-15,247.0
2024-08-16,263.0
2024-08-17,189.0
2024-08-18,200.0
2024-08-19,260.0
2024-08-20,254.0
2024-08-21,232.0
2024-08-22,235.0
2024-08-23,274.0
2024-08-24,255.0
2024-08-25,252.0
2024-08-26,239.0
2024-08-27,183.0
2024-08-28,223.0
2024-08-29,248.0
2024-08-30,230.0
2024-08-31,237.0
2024-09-01,229.0
2024-09-02,222.0
2024-09-03,226.0
2024-09-04,208.0
2024-09-05,228.0
2024-09-06,191.0
2024-09-07,200.0
2024-09-08,205.0
2024-09-09,109.0
2024-09-10,39.0
2024-09-11,69.0
2024-09-12,213.0
2024-09-13,65.0
2024-09-14,46.0
2024-09-15,101.0
2024-09-16,50.0
2024-09-17,146.0
2024-09-18,160.0
2024-09-19,171.0
2024-09-20,202.0
2024-09-21,208.0
2024-09-22,201.0
2024-09-23,188.0
2024-09-24,166.0
2024-09-25,92.0
2024-09-26,133.0
2024-09-27,96.0
2024-09-28,75.0
2024-09-29,69.0
2024-09-30,160.0
2024-10-01,150.0
2024-10-02,85.0
2024-10-03,74.0
2024-10-04,58.0
2024-10-05,48.0
2024-10-06,23.0
2024-10-07,128.0
2024-10-08,133.0
2024-10-09,74.0
2024-10-10,146.0
2024-10-11,101.0
2024-10-12,111.0
2024-10-13,105.0
2024-10-14,138.0
2024-10-15,87.0
2024-10-16,123.0
2024-10-17,121.0
2024-10-18,154.0
2024-10-19,142.0
2024-10-20,138.0
2024-10-21,148.0
2024-10-22,137.0
2024-10-23,110.0
2024-10-24,116.0
2024-10-25,160.0
2024-10-26,124.0
2024-10-27,86.0
2024-10-28,101.0
2024-10-29,73.0
2024-10-30,91.0
2024-10-31,63.0
2024-11-01,104.0
2024-11-02,56.0
2024-11-03,88.0
2024-11-04,88.0
2024-11-05,125.0
2024-11-06,116.0
2024-11-07,113.0
2024-11-08,99.0
2024-11-09,81.0
2024-11-10,72.0
2024-11-11,75.0
2024-11-12,55.0
2024-11-13,42.0
2024-11-14,71.0
2024-11-15,54.0
2024-11-16,81.0
2024-11-17,105.0
2024-11-18,72.0
2024-11-19,51.0
2024-11-20,34.0
2024-11-21,55.0
2024-11-22,31.0
2024-11-23,53.0
2024-11-24,45.0
2024-11-25,58.0
2024-11-26,70.0
2024-11-27,57.0
2024-11-28,17.0
2024-11-29,29.0
2024-11-30,35.0
2024-12-01,62.0
2024-12-02,70.0
2024-12-03,47.0
2024-12-04,1.0
2024-12-05,37.0
2024-12-06,25.0
2024-12-07,35.0
2024-12-08,45.0
2024-12-09,31.0
2024-12-10,31.0
2024-12-11,29.0
2024-12-12,32.0
2024-12-13,34.0
2024-12-14,37.0
2024-12-15,31.0
2024-12-16,44.0
2024-12-17,46.0
2024-12-18,52.0
2024-12-19,53.0
2024-12-20,32.0
2024-12-21,37.0
2024-12-22,30.0
2024-12-23,33.0
2024-12-24,16.0
2024-12-25,64.0
2024-12-26,51.0
2024-12-27,28.0
2024-12-28,47.0
2024-12-29,41.0
2024-12-30,45.0
2024-12-31,38.0
