time,tx
1960-01-01,4.46
1960-01-02,2.3
1960-01-03,1.3399999
1960-01-04,1.9399999
1960-01-05,0.52
1960-01-06,0.22
1960-01-07,-0.53
1960-01-08,-0.14
1960-01-09,2.04
1960-01-10,-1.92
1960-01-11,-7.54
1960-01-12,-3.81
1960-01-13,0.78
1960-01-14,-1.3299999
1960-01-15,-1.4699999
1960-01-16,-4.38
1960-01-17,-2.33
1960-01-18,0.07
1960-01-19,-1.63
1960-01-20,-0.65999997
1960-01-21,1.26
1960-01-22,-0.099999994
1960-01-23,-1.78
1960-01-24,-1.9399999
1960-01-25,-2.02
1960-01-26,4.0099998
1960-01-27,3.75
1960-01-28,7.99
1960-01-29,9.99
1960-01-30,7.39
1960-01-31,4.33
1960-02-01,-4.79
1960-02-02,-6.8799996
1960-02-03,-5.56
1960-02-04,-9.24
1960-02-05,-9.96
1960-02-06,-11.05
1960-02-07,-11.54
1960-02-08,-7.31
1960-02-09,-2.6299999
1960-02-10,0.0
1960-02-11,2.62
1960-02-12,4.81
1960-02-13,8.99
1960-02-14,9.46
1960-02-15,8.059999
1960-02-16,3.8
1960-02-17,5.41
1960-02-18,8.7699995
1960-02-19,12.0
1960-02-20,10.76
1960-02-21,3.07
1960-02-22,5.95
1960-02-23,6.5699997
1960-02-24,7.2999997
1960-02-25,8.26
1960-02-26,5.54
1960-02-27,2.47
1960-02-28,2.9199998
1960-02-29,6.5299997
1960-03-01,8.53
1960-03-02,2.34
1960-03-03,2.31
1960-03-04,2.21
1960-03-05,-0.19
1960-03-06,-2.52
1960-03-07,-3.05
1960-03-08,-4.14
1960-03-09,-1.3299999
1960-03-10,2.1
1960-03-11,9.33
1960-03-12,6.66
1960-03-13,5.8199997
1960-03-14,11.36
1960-03-15,13.5
1960-03-16,12.009999
1960-03-17,13.32
1960-03-18,7.97
1960-03-19,10.2699995
1960-03-20,5.0099998
1960-03-21,5.69
1960-03-22,6.66
1960-03-23,6.83
1960-03-24,11.86
1960-03-25,7.5299997
1960-03-26,11.309999
1960-03-27,12.71
1960-03-28,18.25
1960-03-29,17.279999
1960-03-30,15.139999
1960-03-31,15.69
1960-04-01,13.809999
1960-04-02,13.53
1960-04-03,14.66
1960-04-04,14.059999
1960-04-05,12.66
1960-04-06,10.71
1960-04-07,10.0199995
1960-04-08,12.79
1960-04-09,12.84
1960-04-10,13.79
1960-04-11,16.17
1960-04-12,16.63
1960-04-13,17.48
1960-04-14,17.029999
1960-04-15,18.4
1960-04-16,17.43
1960-04-17,15.41
1960-04-18,18.06
1960-04-19,16.8
1960-04-20,15.49
1960-04-21,14.42
1960-04-22,16.24
1960-04-23,10.969999
1960-04-24,14.299999
1960-04-25,13.46
1960-04-26,9.2
1960-04-27,10.99
1960-04-28,12.469999
1960-04-29,12.16
1960-04-30,16.69
1960-05-01,16.06
1960-05-02,13.34
1960-05-03,12.67
1960-05-04,13.549999
1960-05-05,14.94
1960-05-06,12.21
1960-05-07,13.299999
1960-05-08,14.309999
1960-05-09,16.85
1960-05-10,16.39
1960-05-11,17.4
1960-05-12,15.929999
1960-05-13,14.42
1960-05-14,15.299999
1960-05-15,13.599999
1960-05-16,17.39
1960-05-17,19.23
1960-05-18,21.13
1960-05-19,24.039999
1960-05-20,26.83
1960-05-21,20.56
1960-05-22,23.039999
1960-05-23,20.71
1960-05-24,19.4
1960-05-25,19.64
1960-05-26,17.18
1960-05-27,15.009999
1960-05-28,15.889999
1960-05-29,17.59
1960-05-30,13.73
1960-05-31,17.5
1960-06-01,20.289999
1960-06-02,20.21
1960-06-03,21.5
1960-06-04,24.869999
1960-06-05,25.32
1960-06-06,25.67
1960-06-07,24.33
1960-06-08,24.859999
1960-06-09,25.48
1960-06-10,26.08
1960-06-11,25.07
1960-06-12,18.85
1960-06-13,22.72
1960-06-14,24.55
1960-06-15,26.529999
1960-06-16,23.93
1960-06-17,22.15
1960-06-18,19.189999
1960-06-19,22.26
1960-06-20,23.369999
1960-06-21,17.619999
1960-06-22,16.76
1960-06-23,16.39
1960-06-24,17.109999
1960-06-25,21.39
1960-06-26,25.68
1960-06-27,25.88
1960-06-28,22.71
1960-06-29,24.4
1960-06-30,22.83
1960-07-01,19.869999
1960-07-02,20.14
1960-07-03,17.43
1960-07-04,18.84
1960-07-05,19.88
1960-07-06,22.38
1960-07-07,28.64
1960-07-08,28.789999
1960-07-09,28.609999
1960-07-10,21.76
1960-07-11,23.289999
1960-07-12,26.82
1960-07-13,25.4
1960-07-14,23.019999
1960-07-15,25.769999
1960-07-16,26.26
1960-07-17,27.119999
1960-07-18,26.26
1960-07-19,28.91
1960-07-20,28.789999
1960-07-21,29.57
1960-07-22,26.039999
1960-07-23,28.3
1960-07-24,26.55
1960-07-25,21.289999
1960-07-26,18.33
1960-07-27,18.939999
1960-07-28,24.039999
1960-07-29,21.289999
1960-07-30,24.289999
1960-07-31,23.46
1960-08-01,26.779999
1960-08-02,30.21
1960-08-03,27.039999
1960-08-04,27.519999
1960-08-05,27.939999
1960-08-06,29.06
1960-08-07,23.9
1960-08-08,22.0
1960-08-09,23.369999
1960-08-10,21.0
1960-08-11,26.09
1960-08-12,25.92
1960-08-13,26.63
1960-08-14,23.93
1960-08-15,22.98
1960-08-16,23.48
1960-08-17,22.21
1960-08-18,25.1
1960-08-19,28.71
1960-08-20,23.38
1960-08-21,18.869999
1960-08-22,19.09
1960-08-23,19.97
1960-08-24,24.22
1960-08-25,24.09
1960-08-26,24.91
1960-08-27,24.98
1960-08-28,24.98
1960-08-29,28.58
1960-08-30,26.97
1960-08-31,27.539999
1960-09-01,20.75
1960-09-02,23.48
1960-09-03,20.67
1960-09-04,23.699999
1960-09-05,24.22
1960-09-06,26.18
1960-09-07,20.949999
1960-09-08,16.38
1960-09-09,15.469999
1960-09-10,15.07
1960-09-11,16.4
1960-09-12,17.26
1960-09-13,14.679999
1960-09-14,14.309999
1960-09-15,19.07
1960-09-16,19.46
1960-09-17,19.949999
1960-09-18,23.32
1960-09-19,22.74
1960-09-20,21.539999
1960-09-21,23.0
1960-09-22,18.19
1960-09-23,13.17
1960-09-24,14.889999
1960-09-25,14.2699995
1960-09-26,15.589999
1960-09-27,16.19
1960-09-28,14.53
1960-09-29,16.05
1960-09-30,15.299999
1960-10-01,18.369999
1960-10-02,19.75
1960-10-03,15.57
1960-10-04,15.0199995
1960-10-05,22.43
1960-10-06,22.47
1960-10-07,20.8
1960-10-08,17.16
1960-10-09,14.7
1960-10-10,19.31
1960-10-11,19.35
1960-10-12,16.34
1960-10-13,15.03
1960-10-14,13.65
1960-10-15,14.219999
1960-10-16,17.32
1960-10-17,16.56
1960-10-18,13.69
1960-10-19,11.95
1960-10-20,13.34
1960-10-21,16.859999
1960-10-22,16.39
1960-10-23,20.15
1960-10-24,21.85
1960-10-25,22.73
1960-10-26,23.109999
1960-10-27,20.99
1960-10-28,18.72
1960-10-29,22.15
1960-10-30,21.289999
1960-10-31,15.5
1960-11-01,13.04
1960-11-02,13.259999
1960-11-03,15.679999
1960-11-04,15.389999
1960-11-05,17.51
1960-11-06,18.98
1960-11-07,16.07
1960-11-08,12.41
1960-11-09,10.95
1960-11-10,10.51
1960-11-11,13.5199995
1960-11-12,12.25
1960-11-13,15.74
1960-11-14,15.99
1960-11-15,11.69
1960-11-16,9.59
1960-11-17,9.03
1960-11-18,7.22
1960-11-19,9.679999
1960-11-20,7.71
1960-11-21,7.68
1960-11-22,5.3199997
1960-11-23,7.31
1960-11-24,5.47
1960-11-25,5.42
1960-11-26,7.8399997
1960-11-27,10.08
1960-11-28,9.12
1960-11-29,6.77
1960-11-30,5.45
1960-12-01,7.52
1960-12-02,10.5
1960-12-03,7.7599998
1960-12-04,6.75
1960-12-05,11.13
1960-12-06,13.04
1960-12-07,12.95
1960-12-08,10.16
1960-12-09,9.08
1960-12-10,9.309999
1960-12-11,9.24
1960-12-12,10.61
1960-12-13,8.32
1960-12-14,5.98
1960-12-15,6.45
1960-12-16,6.5499997
1960-12-17,4.65
1960-12-18,8.13
1960-12-19,6.72
1960-12-20,8.07
1960-12-21,8.74
1960-12-22,7.2799997
1960-12-23,6.6299996
1960-12-24,3.29
1960-12-25,0.099999994
1960-12-26,0.38
1960-12-27,-0.47
1960-12-28,2.83
1960-12-29,2.61
1960-12-30,1.49
1960-12-31,0.08
1961-01-01,-0.13
1961-01-02,1.16
1961-01-03,2.73
1961-01-04,2.24
1961-01-05,5.1099997
1961-01-06,3.33
1961-01-07,2.71
1961-01-08,0.39
1961-01-09,0.64
1961-01-10,2.6599998
1961-01-11,1.5999999
1961-01-12,2.3
1961-01-13,0.48999998
1961-01-14,-2.8799999
1961-01-15,-1.02
1961-01-16,-1.86
1961-01-17,-4.71
1961-01-18,-13.66
1961-01-19,-15.11
1961-01-20,-15.19
1961-01-21,-13.049999
1961-01-22,-10.5199995
1961-01-23,-5.95
1961-01-24,-0.17
1961-01-25,-1.01
1961-01-26,-2.74
1961-01-27,-7.5
1961-01-28,-5.68
1961-01-29,-0.19
1961-01-30,-2.83
1961-01-31,1.5899999
1961-02-01,5.99
1961-02-02,4.12
1961-02-03,4.33
1961-02-04,2.33
1961-02-05,4.36
1961-02-06,-1.92
1961-02-07,-3.87
1961-02-08,-0.61
1961-02-09,-1.39
1961-02-10,0.04
1961-02-11,1.01
1961-02-12,2.28
1961-02-13,0.72999996
1961-02-14,-1.03
1961-02-15,-4.12
1961-02-16,4.22
1961-02-17,2.9099998
1961-02-18,4.02
1961-02-19,7.33
1961-02-20,7.1299996
1961-02-21,7.17
1961-02-22,0.72999996
1961-02-23,2.32
1961-02-24,1.5999999
1961-02-25,2.3899999
1961-02-26,-0.35999998
1961-02-27,0.21
1961-02-28,4.0699997
1961-03-01,10.37
1961-03-02,8.33
1961-03-03,6.87
1961-03-04,6.95
1961-03-05,7.3399997
1961-03-06,7.56
1961-03-07,11.059999
1961-03-08,10.62
1961-03-09,11.38
1961-03-10,14.69
1961-03-11,17.96
1961-03-12,14.58
1961-03-13,12.16
1961-03-14,8.86
1961-03-15,9.929999
1961-03-16,11.73
1961-03-17,12.17
1961-03-18,15.88
1961-03-19,17.25
1961-03-20,11.23
1961-03-21,8.8
1961-03-22,10.969999
1961-03-23,6.2799997
1961-03-24,8.99
1961-03-25,10.19
1961-03-26,14.69
1961-03-27,14.19
1961-03-28,9.67
1961-03-29,5.5699997
1961-03-30,10.01
1961-03-31,13.57
1961-04-01,14.509999
1961-04-02,17.72
1961-04-03,18.19
1961-04-04,20.39
1961-04-05,21.68
1961-04-06,21.619999
1961-04-07,22.689999
1961-04-08,21.869999
1961-04-09,17.33
1961-04-10,14.929999
1961-04-11,18.4
1961-04-12,15.639999
1961-04-13,14.929999
1961-04-14,22.85
1961-04-15,23.55
1961-04-16,24.25
1961-04-17,20.59
1961-04-18,21.9
1961-04-19,22.449999
1961-04-20,16.779999
1961-04-21,13.48
1961-04-22,14.24
1961-04-23,12.4
1961-04-24,13.11
1961-04-25,9.73
1961-04-26,12.599999
1961-04-27,18.039999
1961-04-28,16.56
1961-04-29,18.97
1961-04-30,13.219999
1961-05-01,14.15
1961-05-02,16.279999
1961-05-03,17.039999
1961-05-04,16.17
1961-05-05,15.87
1961-05-06,19.88
1961-05-07,22.17
1961-05-08,18.21
1961-05-09,12.75
1961-05-10,14.139999
1961-05-11,9.83
1961-05-12,11.509999
1961-05-13,12.05
1961-05-14,19.13
1961-05-15,18.619999
1961-05-16,13.179999
1961-05-17,15.259999
1961-05-18,13.34
1961-05-19,17.46
1961-05-20,13.58
1961-05-21,14.91
1961-05-22,16.51
1961-05-23,18.289999
1961-05-24,19.13
1961-05-25,18.029999
1961-05-26,22.6
1961-05-27,23.72
1961-05-28,21.49
1961-05-29,21.119999
1961-05-30,20.59
1961-05-31,19.08
1961-06-01,24.88
1961-06-02,27.56
1961-06-03,24.41
1961-06-04,19.84
1961-06-05,21.98
1961-06-06,24.539999
1961-06-07,21.97
1961-06-08,23.0
1961-06-09,23.91
1961-06-10,23.93
1961-06-11,23.46
1961-06-12,23.619999
1961-06-13,23.869999
1961-06-14,24.66
1961-06-15,22.41
1961-06-16,22.82
1961-06-17,24.38
1961-06-18,25.789999
1961-06-19,23.59
1961-06-20,25.43
1961-06-21,24.72
1961-06-22,27.25
1961-06-23,26.949999
1961-06-24,23.019999
1961-06-25,26.109999
1961-06-26,28.529999
1961-06-27,28.68
1961-06-28,29.14
1961-06-29,21.58
1961-06-30,18.47
1961-07-01,22.1
1961-07-02,24.539999
1961-07-03,26.92
1961-07-04,28.31
1961-07-05,28.97
1961-07-06,24.289999
1961-07-07,22.689999
1961-07-08,23.99
1961-07-09,22.539999
1961-07-10,19.52
1961-07-11,22.48
1961-07-12,26.539999
1961-07-13,28.119999
1961-07-14,25.89
1961-07-15,27.689999
1961-07-16,31.429998
1961-07-17,26.91
1961-07-18,22.85
1961-07-19,20.72
1961-07-20,26.72
1961-07-21,22.06
1961-07-22,23.92
1961-07-23,24.359999
1961-07-24,21.5
1961-07-25,21.14
1961-07-26,21.83
1961-07-27,25.48
1961-07-28,27.31
1961-07-29,30.22
1961-07-30,29.029999
1961-07-31,23.3
1961-08-01,23.8
1961-08-02,25.269999
1961-08-03,28.13
1961-08-04,28.18
1961-08-05,27.859999
1961-08-06,29.47
1961-08-07,30.4
1961-08-08,29.48
1961-08-09,29.949999
1961-08-10,30.519999
1961-08-11,32.21
1961-08-12,31.42
1961-08-13,31.81
1961-08-14,24.88
1961-08-15,23.74
1961-08-16,24.609999
1961-08-17,22.6
1961-08-18,18.84
1961-08-19,18.3
1961-08-20,24.15
1961-08-21,21.72
1961-08-22,25.119999
1961-08-23,23.74
1961-08-24,17.81
1961-08-25,19.67
1961-08-26,22.67
1961-08-27,24.25
1961-08-28,25.529999
1961-08-29,25.82
1961-08-30,21.97
1961-08-31,20.3
1961-09-01,21.31
1961-09-02,23.859999
1961-09-03,24.689999
1961-09-04,25.63
1961-09-05,27.91
1961-09-06,28.769999
1961-09-07,27.84
1961-09-08,25.8
1961-09-09,20.51
1961-09-10,17.01
1961-09-11,16.01
1961-09-12,18.359999
1961-09-13,20.51
1961-09-14,24.439999
1961-09-15,26.08
1961-09-16,21.8
1961-09-17,23.609999
1961-09-18,29.21
1961-09-19,29.25
1961-09-20,24.59
1961-09-21,19.109999
1961-09-22,17.55
1961-09-23,16.039999
1961-09-24,18.64
1961-09-25,19.24
1961-09-26,23.0
1961-09-27,23.08
1961-09-28,23.21
1961-09-29,22.21
1961-09-30,20.47
1961-10-01,17.6
1961-10-02,14.95
1961-10-03,14.29
1961-10-04,15.87
1961-10-05,17.359999
1961-10-06,17.07
1961-10-07,14.21
1961-10-08,18.81
1961-10-09,17.07
1961-10-10,17.19
1961-10-11,14.15
1961-10-12,9.22
1961-10-13,10.639999
1961-10-14,11.44
1961-10-15,9.04
1961-10-16,14.13
1961-10-17,18.75
1961-10-18,18.51
1961-10-19,20.31
1961-10-20,21.09
1961-10-21,15.75
1961-10-22,12.95
1961-10-23,13.549999
1961-10-24,13.61
1961-10-25,14.139999
1961-10-26,15.79
1961-10-27,17.6
1961-10-28,18.56
1961-10-29,17.23
1961-10-30,18.279999
1961-10-31,17.279999
1961-11-01,12.16
1961-11-02,14.37
1961-11-03,14.259999
1961-11-04,15.69
1961-11-05,16.01
1961-11-06,15.74
1961-11-07,13.259999
1961-11-08,12.03
1961-11-09,10.83
1961-11-10,10.24
1961-11-11,11.88
1961-11-12,13.5
1961-11-13,12.759999
1961-11-14,14.63
1961-11-15,10.91
1961-11-16,7.91
1961-11-17,6.7799997
1961-11-18,5.92
1961-11-19,4.2799997
1961-11-20,-1.28
1961-11-21,-4.75
1961-11-22,0.68
1961-11-23,7.5299997
1961-11-24,10.36
1961-11-25,10.23
1961-11-26,9.34
1961-11-27,9.82
1961-11-28,15.2
1961-11-29,11.389999
1961-11-30,12.23
1961-12-01,10.54
1961-12-02,11.79
1961-12-03,11.59
1961-12-04,10.309999
1961-12-05,13.25
1961-12-06,12.2
1961-12-07,10.469999
1961-12-08,8.3
1961-12-09,4.49
1961-12-10,3.84
1961-12-11,1.7199999
1961-12-12,2.81
1961-12-13,3.58
1961-12-14,-1.5
1961-12-15,-10.91
1961-12-16,-5.44
1961-12-17,-7.33
1961-12-18,-5.14
1961-12-19,-2.49
1961-12-20,-3.1599998
1961-12-21,-3.9199998
1961-12-22,-6.23
1961-12-23,-3.85
1961-12-24,-5.47
1961-12-25,-5.98
1961-12-26,-4.92
1961-12-27,-0.45999998
1961-12-28,1.43
1961-12-29,3.32
1961-12-30,3.6499999
1961-12-31,1.6899999
1962-01-01,2.1
1962-01-02,5.23
1962-01-03,2.9199998
1962-01-04,-3.6699998
1962-01-05,-3.27
1962-01-06,-2.78
1962-01-07,-2.01
1962-01-08,-4.2799997
1962-01-09,-3.47
1962-01-10,-2.25
1962-01-11,-2.97
1962-01-12,-0.34
1962-01-13,2.71
1962-01-14,4.13
1962-01-15,3.22
1962-01-16,-0.96999997
1962-01-17,-0.64
1962-01-18,-1.7099999
1962-01-19,-1.17
1962-01-20,3.62
1962-01-21,2.01
1962-01-22,5.68
1962-01-23,4.14
1962-01-24,1.92
1962-01-25,2.01
1962-01-26,3.04
1962-01-27,1.29
1962-01-28,1.11
1962-01-29,0.26999998
1962-01-30,-1.42
1962-01-31,-1.02
1962-02-01,-2.45
1962-02-02,1.43
1962-02-03,3.6
1962-02-04,1.35
1962-02-05,0.53999996
1962-02-06,0.61
1962-02-07,-0.22999999
1962-02-08,-1.65
1962-02-09,1.16
1962-02-10,2.1299999
1962-02-11,0.65999997
1962-02-12,0.81
1962-02-13,6.12
1962-02-14,7.8599997
1962-02-15,5.81
1962-02-16,-2.96
1962-02-17,2.36
1962-02-18,0.22999999
1962-02-19,-4.17
1962-02-20,0.11
1962-02-21,1.1899999
1962-02-22,-0.91999996
1962-02-23,-0.68
1962-02-24,-2.6
1962-02-25,1.8499999
1962-02-26,0.65
1962-02-27,4.02
1962-02-28,3.49
1962-03-01,3.46
1962-03-02,4.5499997
1962-03-03,5.4
1962-03-04,6.68
1962-03-05,12.24
1962-03-06,12.59
1962-03-07,10.0
1962-03-08,2.6799998
1962-03-09,-2.6799998
1962-03-10,5.33
1962-03-11,5.81
1962-03-12,5.75
1962-03-13,7.3199997
1962-03-14,4.5
1962-03-15,2.3799999
1962-03-16,5.06
1962-03-17,2.3899999
1962-03-18,-1.26
1962-03-19,0.45
1962-03-20,-1.0
1962-03-21,1.4
1962-03-22,3.33
1962-03-23,6.22
1962-03-24,7.0499997
1962-03-25,5.91
1962-03-26,4.1
1962-03-27,2.36
1962-03-28,5.9
1962-03-29,4.49
1962-03-30,9.11
1962-03-31,13.12
1962-04-01,14.559999
1962-04-02,11.74
1962-04-03,12.509999
1962-04-04,12.23
1962-04-05,10.179999
1962-04-06,11.389999
1962-04-07,8.67
1962-04-08,8.34
1962-04-09,12.179999
1962-04-10,16.359999
1962-04-11,16.39
1962-04-12,13.21
1962-04-13,9.92
1962-04-14,13.2
1962-04-15,11.94
1962-04-16,16.21
1962-04-17,16.279999
1962-04-18,19.029999
1962-04-19,18.18
1962-04-20,18.789999
1962-04-21,21.119999
1962-04-22,22.46
1962-04-23,22.9
1962-04-24,22.24
1962-04-25,20.83
1962-04-26,16.75
1962-04-27,19.8
1962-04-28,14.86
1962-04-29,14.86
1962-04-30,12.09
1962-05-01,12.37
1962-05-02,16.279999
1962-05-03,11.15
1962-05-04,14.74
1962-05-05,16.8
1962-05-06,18.38
1962-05-07,20.89
1962-05-08,17.529999
1962-05-09,19.289999
1962-05-10,22.99
1962-05-11,22.619999
1962-05-12,22.49
1962-05-13,23.699999
1962-05-14,25.41
1962-05-15,21.99
1962-05-16,14.25
1962-05-17,16.17
1962-05-18,19.65
1962-05-19,22.02
1962-05-20,23.789999
1962-05-21,19.99
1962-05-22,19.359999
1962-05-23,23.59
1962-05-24,25.019999
1962-05-25,26.18
1962-05-26,25.539999
1962-05-27,26.48
1962-05-28,25.38
1962-05-29,25.76
1962-05-30,27.17
1962-05-31,21.5
1962-06-01,26.939999
1962-06-02,31.4
1962-06-03,25.84
1962-06-04,18.82
1962-06-05,15.98
1962-06-06,13.509999
1962-06-07,11.389999
1962-06-08,14.07
1962-06-09,17.56
1962-06-10,20.91
1962-06-11,19.31
1962-06-12,20.8
1962-06-13,16.57
1962-06-14,20.64
1962-06-15,23.08
1962-06-16,27.42
1962-06-17,28.84
1962-06-18,26.4
1962-06-19,26.51
1962-06-20,26.38
1962-06-21,27.099998
1962-06-22,26.539999
1962-06-23,27.72
1962-06-24,28.23
1962-06-25,30.05
1962-06-26,27.34
1962-06-27,23.039999
1962-06-28,19.91
1962-06-29,19.109999
1962-06-30,20.55
1962-07-01,20.39
1962-07-02,21.05
1962-07-03,19.76
1962-07-04,24.46
1962-07-05,24.609999
1962-07-06,27.289999
1962-07-07,22.71
1962-07-08,20.56
1962-07-09,19.609999
1962-07-10,23.199999
1962-07-11,27.63
1962-07-12,28.93
1962-07-13,23.63
1962-07-14,21.609999
1962-07-15,24.59
1962-07-16,24.57
1962-07-17,27.09
1962-07-18,23.59
1962-07-19,24.22
1962-07-20,21.02
1962-07-21,22.369999
1962-07-22,27.39
1962-07-23,27.5
1962-07-24,24.609999
1962-07-25,26.42
1962-07-26,28.58
1962-07-27,30.67
1962-07-28,28.449999
1962-07-29,25.619999
1962-07-30,23.32
1962-07-31,23.47
1962-08-01,20.699999
1962-08-02,25.8
1962-08-03,29.67
1962-08-04,31.47
1962-08-05,31.09
1962-08-06,27.39
1962-08-07,29.67
1962-08-08,30.73
1962-08-09,32.45
1962-08-10,31.769999
1962-08-11,28.81
1962-08-12,28.47
1962-08-13,28.89
1962-08-14,27.43
1962-08-15,28.5
1962-08-16,30.15
1962-08-17,29.8
1962-08-18,29.119999
1962-08-19,24.57
1962-08-20,18.85
1962-08-21,18.71
1962-08-22,22.32
1962-08-23,23.13
1962-08-24,24.97
1962-08-25,28.15
1962-08-26,27.949999
1962-08-27,27.349998
1962-08-28,30.46
1962-08-29,27.72
1962-08-30,25.89
1962-08-31,22.55
1962-09-01,21.96
1962-09-02,19.58
1962-09-03,24.99
1962-09-04,27.939999
1962-09-05,28.359999
1962-09-06,26.91
1962-09-07,29.4
1962-09-08,28.17
1962-09-09,21.6
1962-09-10,18.07
1962-09-11,24.34
1962-09-12,24.539999
1962-09-13,28.08
1962-09-14,20.92
1962-09-15,19.76
1962-09-16,23.66
1962-09-17,24.279999
1962-09-18,24.3
1962-09-19,22.93
1962-09-20,18.71
1962-09-21,15.95
1962-09-22,14.98
1962-09-23,11.24
1962-09-24,15.15
1962-09-25,17.279999
1962-09-26,18.859999
1962-09-27,18.789999
1962-09-28,19.25
1962-09-29,19.22
1962-09-30,21.529999
1962-10-01,20.88
1962-10-02,19.869999
1962-10-03,18.14
1962-10-04,19.73
1962-10-05,19.789999
1962-10-06,19.09
1962-10-07,18.51
1962-10-08,17.82
1962-10-09,18.57
1962-10-10,16.25
1962-10-11,18.34
1962-10-12,17.58
1962-10-13,17.68
1962-10-14,16.99
1962-10-15,13.559999
1962-10-16,10.8
1962-10-17,13.75
1962-10-18,13.67
1962-10-19,15.88
1962-10-20,13.92
1962-10-21,12.67
1962-10-22,16.539999
1962-10-23,16.85
1962-10-24,16.33
1962-10-25,17.16
1962-10-26,16.59
1962-10-27,15.91
1962-10-28,14.29
1962-10-29,12.429999
1962-10-30,14.21
1962-10-31,15.91
1962-11-01,16.67
1962-11-02,17.59
1962-11-03,13.679999
1962-11-04,12.17
1962-11-05,14.679999
1962-11-06,11.58
1962-11-07,14.24
1962-11-08,15.36
1962-11-09,13.34
1962-11-10,12.9
1962-11-11,11.059999
1962-11-12,11.139999
1962-11-13,9.849999
1962-11-14,9.15
1962-11-15,9.05
1962-11-16,13.94
1962-11-17,10.74
1962-11-18,6.68
1962-11-19,11.71
1962-11-20,14.42
1962-11-21,12.849999
1962-11-22,9.4
1962-11-23,9.45
1962-11-24,9.08
1962-11-25,6.0
1962-11-26,3.73
1962-11-27,5.8799996
1962-11-28,7.62
1962-11-29,5.5499997
1962-11-30,5.02
1962-12-01,4.2799997
1962-12-02,-3.6399999
1962-12-03,-4.98
1962-12-04,-4.0699997
1962-12-05,-2.8899999
1962-12-06,-4.4
1962-12-07,-3.33
1962-12-08,-4.65
1962-12-09,-0.38
1962-12-10,-1.31
1962-12-11,-1.78
1962-12-12,-0.71999997
1962-12-13,-0.85999995
1962-12-14,3.1399999
1962-12-15,3.01
1962-12-16,3.12
1962-12-17,4.35
1962-12-18,1.22
1962-12-19,-1.17
1962-12-20,-0.06
1962-12-21,-2.25
1962-12-22,-4.46
1962-12-23,-4.41
1962-12-24,-6.0899997
1962-12-25,-5.66
1962-12-26,-5.47
1962-12-27,-5.0
1962-12-28,-5.3399997
1962-12-29,-8.47
1962-12-30,-0.78999996
1962-12-31,2.9299998
1963-01-01,1.1
1963-01-02,-1.43
1963-01-03,-1.29
1963-01-04,3.55
1963-01-05,2.57
1963-01-06,2.58
1963-01-07,4.4
1963-01-08,4.81
1963-01-09,1.1899999
1963-01-10,0.08
1963-01-11,-0.52
1963-01-12,-1.92
1963-01-13,-4.23
1963-01-14,-7.47
1963-01-15,-12.13
1963-01-16,-14.759999
1963-01-17,-17.609999
1963-01-18,-18.15
1963-01-19,-10.11
1963-01-20,-10.91
1963-01-21,-9.41
1963-01-22,-10.24
1963-01-23,-13.099999
1963-01-24,-14.62
1963-01-25,-13.7
1963-01-26,-11.98
1963-01-27,-9.32
1963-01-28,-9.08
1963-01-29,-9.53
1963-01-30,-4.77
1963-01-31,-5.2999997
1963-02-01,-5.74
1963-02-02,-1.1
1963-02-03,2.11
1963-02-04,3.8799999
1963-02-05,4.19
1963-02-06,4.5099998
1963-02-07,1.6899999
1963-02-08,3.59
1963-02-09,2.53
1963-02-10,3.78
1963-02-11,2.56
1963-02-12,-0.22
1963-02-13,2.55
1963-02-14,4.25
1963-02-15,-0.7
1963-02-16,0.58
1963-02-17,2.56
1963-02-18,7.12
1963-02-19,3.6
1963-02-20,5.7
1963-02-21,3.51
1963-02-22,2.02
1963-02-23,-1.3399999
1963-02-24,-4.79
1963-02-25,-4.23
1963-02-26,-2.1599998
1963-02-27,-5.2
1963-02-28,-10.59
1963-03-01,-2.9399998
1963-03-02,-4.43
1963-03-03,-0.65
1963-03-04,-2.34
1963-03-05,-1.2099999
1963-03-06,0.64
1963-03-07,6.68
1963-03-08,8.84
1963-03-09,10.59
1963-03-10,8.599999
1963-03-11,6.42
1963-03-12,8.37
1963-03-13,10.36
1963-03-14,4.12
1963-03-15,-1.56
1963-03-16,-1.03
1963-03-17,0.39999998
1963-03-18,4.0
1963-03-19,7.3199997
1963-03-20,6.8599997
1963-03-21,7.25
1963-03-22,8.33
1963-03-23,9.3
1963-03-24,3.6799998
1963-03-25,2.1299999
1963-03-26,9.76
1963-03-27,9.5199995
1963-03-28,11.62
1963-03-29,10.42
1963-03-30,10.32
1963-03-31,7.52
1963-04-01,8.099999
1963-04-02,8.62
1963-04-03,6.3999996
1963-04-04,6.37
1963-04-05,7.8199997
1963-04-06,10.83
1963-04-07,13.349999
1963-04-08,10.45
1963-04-09,9.29
1963-04-10,11.15
1963-04-11,16.19
1963-04-12,13.62
1963-04-13,11.98
1963-04-14,12.33
1963-04-15,13.219999
1963-04-16,13.88
1963-04-17,16.35
1963-04-18,18.84
1963-04-19,19.15
1963-04-20,18.09
1963-04-21,18.699999
1963-04-22,20.119999
1963-04-23,22.5
1963-04-24,21.38
1963-04-25,21.06
1963-04-26,16.01
1963-04-27,15.549999
1963-04-28,18.65
1963-04-29,18.48
1963-04-30,18.76
1963-05-01,22.17
1963-05-02,21.93
1963-05-03,17.97
1963-05-04,18.66
1963-05-05,21.289999
1963-05-06,20.93
1963-05-07,20.359999
1963-05-08,23.32
1963-05-09,21.25
1963-05-10,24.39
1963-05-11,22.439999
1963-05-12,22.76
1963-05-13,21.71
1963-05-14,20.73
1963-05-15,21.83
1963-05-16,21.77
1963-05-17,21.73
1963-05-18,19.31
1963-05-19,19.38
1963-05-20,24.15
1963-05-21,20.619999
1963-05-22,19.24
1963-05-23,20.59
1963-05-24,22.15
1963-05-25,22.76
1963-05-26,23.21
1963-05-27,24.13
1963-05-28,19.369999
1963-05-29,17.56
1963-05-30,20.529999
1963-05-31,19.289999
1963-06-01,20.699999
1963-06-02,16.369999
1963-06-03,17.18
1963-06-04,19.33
1963-06-05,22.71
1963-06-06,21.359999
1963-06-07,22.76
1963-06-08,23.119999
1963-06-09,23.019999
1963-06-10,21.98
1963-06-11,21.41
1963-06-12,20.84
1963-06-13,19.89
1963-06-14,22.859999
1963-06-15,23.74
1963-06-16,24.23
1963-06-17,21.56
1963-06-18,20.07
1963-06-19,22.58
1963-06-20,20.02
1963-06-21,18.8
1963-06-22,23.08
1963-06-23,30.449999
1963-06-24,30.109999
1963-06-25,27.75
1963-06-26,27.519999
1963-06-27,30.9
1963-06-28,32.84
1963-06-29,33.469997
1963-06-30,32.6
1963-07-01,31.72
1963-07-02,28.599998
1963-07-03,25.35
1963-07-04,23.869999
1963-07-05,24.6
1963-07-06,26.349998
1963-07-07,28.32
1963-07-08,28.49
1963-07-09,25.779999
1963-07-10,23.76
1963-07-11,24.869999
1963-07-12,27.109999
1963-07-13,23.85
1963-07-14,28.199999
1963-07-15,25.39
1963-07-16,22.85
1963-07-17,24.97
1963-07-18,27.24
1963-07-19,27.41
1963-07-20,28.49
1963-07-21,28.519999
1963-07-22,26.32
1963-07-23,26.76
1963-07-24,28.109999
1963-07-25,28.199999
1963-07-26,29.109999
1963-07-27,29.15
1963-07-28,26.93
1963-07-29,26.34
1963-07-30,26.56
1963-07-31,28.519999
1963-08-01,29.34
1963-08-02,29.039999
1963-08-03,28.38
1963-08-04,28.41
1963-08-05,28.31
1963-08-06,29.359999
1963-08-07,30.779999
1963-08-08,31.199999
1963-08-09,31.699999
1963-08-10,25.63
1963-08-11,21.38
1963-08-12,26.05
1963-08-13,29.07
1963-08-14,27.74
1963-08-15,30.949999
1963-08-16,31.97
1963-08-17,27.07
1963-08-18,32.67
1963-08-19,29.34
1963-08-20,26.099998
1963-08-21,27.5
1963-08-22,26.56
1963-08-23,17.18
1963-08-24,22.529999
1963-08-25,27.16
1963-08-26,24.789999
1963-08-27,27.689999
1963-08-28,29.929998
1963-08-29,30.09
1963-08-30,27.56
1963-08-31,24.43
1963-09-01,24.15
1963-09-02,26.59
1963-09-03,27.82
1963-09-04,26.88
1963-09-05,26.81
1963-09-06,32.16
1963-09-07,27.289999
1963-09-08,27.199999
1963-09-09,26.43
1963-09-10,20.699999
1963-09-11,19.88
1963-09-12,24.029999
1963-09-13,25.34
1963-09-14,21.15
1963-09-15,19.66
1963-09-16,24.019999
1963-09-17,27.3
1963-09-18,28.09
1963-09-19,27.029999
1963-09-20,26.99
1963-09-21,24.05
1963-09-22,23.08
1963-09-23,21.41
1963-09-24,20.33
1963-09-25,21.63
1963-09-26,22.46
1963-09-27,17.359999
1963-09-28,15.7699995
1963-09-29,12.58
1963-09-30,14.259999
1963-10-01,19.31
1963-10-02,19.83
1963-10-03,21.119999
1963-10-04,23.26
1963-10-05,21.449999
1963-10-06,16.59
1963-10-07,16.96
1963-10-08,19.38
1963-10-09,18.27
1963-10-10,15.79
1963-10-11,14.23
1963-10-12,15.089999
1963-10-13,19.529999
1963-10-14,20.65
1963-10-15,13.86
1963-10-16,12.929999
1963-10-17,19.34
1963-10-18,16.13
1963-10-19,12.71
1963-10-20,12.58
1963-10-21,11.91
1963-10-22,13.45
1963-10-23,12.929999
1963-10-24,11.139999
1963-10-25,8.94
1963-10-26,8.71
1963-10-27,8.2699995
1963-10-28,13.139999
1963-10-29,12.75
1963-10-30,14.009999
1963-10-31,12.05
1963-11-01,11.55
1963-11-02,12.2
1963-11-03,16.39
1963-11-04,18.279999
1963-11-05,17.859999
1963-11-06,18.31
1963-11-07,18.1
1963-11-08,16.31
1963-11-09,13.84
1963-11-10,15.29
1963-11-11,14.67
1963-11-12,17.39
1963-11-13,14.95
1963-11-14,11.15
1963-11-15,11.25
1963-11-16,16.74
1963-11-17,19.48
1963-11-18,12.75
1963-11-19,13.71
1963-11-20,13.679999
1963-11-21,13.21
1963-11-22,4.52
1963-11-23,6.72
1963-11-24,5.97
1963-11-25,8.98
1963-11-26,12.13
1963-11-27,10.03
1963-11-28,8.51
1963-11-29,5.48
1963-11-30,7.2599998
1963-12-01,6.3399997
1963-12-02,0.65
1963-12-03,4.58
1963-12-04,3.76
1963-12-05,1.67
1963-12-06,1.51
1963-12-07,-2.73
1963-12-08,-5.7799997
1963-12-09,-8.65
1963-12-10,-2.01
1963-12-11,-1.89
1963-12-12,-4.33
1963-12-13,1.04
1963-12-14,1.24
1963-12-15,-2.27
1963-12-16,2.6499999
1963-12-17,4.1
1963-12-18,-5.67
1963-12-19,-3.27
1963-12-20,1.03
1963-12-21,2.6299999
1963-12-22,3.55
1963-12-23,0.66999996
1963-12-24,-5.25
1963-12-25,-3.28
1963-12-26,1.9799999
1963-12-27,0.48999998
1963-12-28,-4.63
1963-12-29,-6.43
1963-12-30,-1.12
1963-12-31,-2.23
1964-01-01,1.9799999
1964-01-02,0.0
1964-01-03,-3.6699998
1964-01-04,-3.5
1964-01-05,-1.4499999
1964-01-06,-2.9099998
1964-01-07,-3.6999998
1964-01-08,-2.6499999
1964-01-09,-2.58
1964-01-10,-2.35
1964-01-11,-5.27
1964-01-12,-2.86
1964-01-13,-1.22
1964-01-14,-1.27
1964-01-15,-2.81
1964-01-16,-14.49
1964-01-17,-17.91
1964-01-18,-9.13
1964-01-19,-7.18
1964-01-20,-8.25
1964-01-21,-5.7599998
1964-01-22,-4.95
1964-01-23,-3.3999999
1964-01-24,-5.85
1964-01-25,-3.06
1964-01-26,-3.6399999
1964-01-27,-2.05
1964-01-28,-3.98
1964-01-29,-1.42
1964-01-30,-3.33
1964-01-31,0.66999996
1964-02-01,0.17
1964-02-02,1.4
1964-02-03,0.52
1964-02-04,-1.0799999
1964-02-05,0.42999998
1964-02-06,0.84999996
1964-02-07,-6.37
1964-02-08,-5.42
1964-02-09,-0.049999997
1964-02-10,0.06
1964-02-11,1.1899999
1964-02-12,4.56
1964-02-13,-0.96999997
1964-02-14,-4.15
1964-02-15,-3.76
1964-02-16,0.35999998
1964-02-17,2.22
1964-02-18,4.77
1964-02-19,5.62
1964-02-20,6.1099997
1964-02-21,-1.4499999
1964-02-22,-5.62
1964-02-23,-3.85
1964-02-24,0.29
1964-02-25,1.86
1964-02-26,3.9399998
1964-02-27,3.81
1964-02-28,2.51
1964-02-29,4.41
1964-03-01,1.1
1964-03-02,-0.26999998
1964-03-03,-1.0699999
1964-03-04,3.4499998
1964-03-05,2.9399998
1964-03-06,-0.34
1964-03-07,-4.38
1964-03-08,-1.53
1964-03-09,-1.0699999
1964-03-10,0.26999998
1964-03-11,3.11
1964-03-12,2.25
1964-03-13,0.37
1964-03-14,2.6799998
1964-03-15,2.37
1964-03-16,5.06
1964-03-17,5.0899997
1964-03-18,2.3
1964-03-19,3.76
1964-03-20,5.52
1964-03-21,8.03
1964-03-22,10.09
1964-03-23,10.059999
1964-03-24,12.32
1964-03-25,8.57
1964-03-26,10.82
1964-03-27,15.29
1964-03-28,12.16
1964-03-29,13.139999
1964-03-30,13.71
1964-03-31,17.35
1964-04-01,14.719999
1964-04-02,18.13
1964-04-03,20.13
1964-04-04,19.14
1964-04-05,12.99
1964-04-06,9.19
1964-04-07,10.8
1964-04-08,12.58
1964-04-09,8.95
1964-04-10,9.23
1964-04-11,12.21
1964-04-12,17.16
1964-04-13,15.62
1964-04-14,17.08
1964-04-15,15.33
1964-04-16,13.059999
1964-04-17,13.4
1964-04-18,10.2
1964-04-19,19.08
1964-04-20,22.16
1964-04-21,24.01
1964-04-22,22.64
1964-04-23,18.26
1964-04-24,16.859999
1964-04-25,17.699999
1964-04-26,15.29
1964-04-27,10.19
1964-04-28,15.15
1964-04-29,18.13
1964-04-30,19.88
1964-05-01,15.309999
1964-05-02,13.429999
1964-05-03,14.389999
1964-05-04,14.559999
1964-05-05,16.46
1964-05-06,14.4
1964-05-07,14.37
1964-05-08,15.58
1964-05-09,19.119999
1964-05-10,20.07
1964-05-11,17.65
1964-05-12,18.89
1964-05-13,20.85
1964-05-14,21.89
1964-05-15,22.66
1964-05-16,15.75
1964-05-17,14.96
1964-05-18,20.35
1964-05-19,18.35
1964-05-20,16.21
1964-05-21,17.83
1964-05-22,17.38
1964-05-23,16.55
1964-05-24,18.64
1964-05-25,16.869999
1964-05-26,19.789999
1964-05-27,18.05
1964-05-28,20.6
1964-05-29,22.98
1964-05-30,20.96
1964-05-31,19.51
1964-06-01,23.31
1964-06-02,26.869999
1964-06-03,28.84
1964-06-04,24.609999
1964-06-05,22.05
1964-06-06,23.64
1964-06-07,25.039999
1964-06-08,23.34
1964-06-09,23.41
1964-06-10,21.38
1964-06-11,23.13
1964-06-12,22.529999
1964-06-13,22.3
1964-06-14,24.06
1964-06-15,28.33
1964-06-16,28.42
1964-06-17,27.529999
1964-06-18,28.74
1964-06-19,29.119999
1964-06-20,29.21
1964-06-21,28.09
1964-06-22,28.88
1964-06-23,29.76
1964-06-24,29.289999
1964-06-25,27.33
1964-06-26,27.89
1964-06-27,28.01
1964-06-28,27.83
1964-06-29,27.89
1964-06-30,24.98
1964-07-01,16.96
1964-07-02,16.869999
1964-07-03,15.549999
1964-07-04,18.97
1964-07-05,24.59
1964-07-06,21.699999
1964-07-07,19.609999
1964-07-08,22.23
1964-07-09,26.5
1964-07-10,24.66
1964-07-11,26.46
1964-07-12,25.64
1964-07-13,24.73
1964-07-14,25.789999
1964-07-15,25.529999
1964-07-16,25.65
1964-07-17,25.76
1964-07-18,26.359999
1964-07-19,28.14
1964-07-20,27.68
1964-07-21,31.439999
1964-07-22,31.939999
1964-07-23,28.67
1964-07-24,28.99
1964-07-25,24.5
1964-07-26,22.96
1964-07-27,23.08
1964-07-28,24.96
1964-07-29,28.119999
1964-07-30,26.96
1964-07-31,23.93
1964-08-01,26.449999
1964-08-02,22.63
1964-08-03,19.15
1964-08-04,18.33
1964-08-05,22.06
1964-08-06,25.09
1964-08-07,27.17
1964-08-08,25.73
1964-08-09,29.21
1964-08-10,23.91
1964-08-11,21.289999
1964-08-12,21.27
1964-08-13,25.41
1964-08-14,25.06
1964-08-15,22.96
1964-08-16,23.07
1964-08-17,21.49
1964-08-18,23.769999
1964-08-19,22.89
1964-08-20,24.119999
1964-08-21,22.08
1964-08-22,23.73
1964-08-23,23.289999
1964-08-24,19.699999
1964-08-25,21.99
1964-08-26,20.14
1964-08-27,20.16
1964-08-28,24.9
1964-08-29,26.3
1964-08-30,27.279999
1964-08-31,27.0
1964-09-01,22.92
1964-09-02,21.3
1964-09-03,21.439999
1964-09-04,20.63
1964-09-05,22.83
1964-09-06,25.18
1964-09-07,25.65
1964-09-08,20.279999
1964-09-09,16.17
1964-09-10,17.49
1964-09-11,22.33
1964-09-12,25.72
1964-09-13,22.519999
1964-09-14,21.88
1964-09-15,25.93
1964-09-16,28.08
1964-09-17,25.189999
1964-09-18,21.16
1964-09-19,18.119999
1964-09-20,16.5
1964-09-21,17.26
1964-09-22,15.009999
1964-09-23,14.48
1964-09-24,14.63
1964-09-25,13.11
1964-09-26,15.049999
1964-09-27,15.7699995
1964-09-28,19.52
1964-09-29,19.81
1964-09-30,20.689999
1964-10-01,16.19
1964-10-02,15.95
1964-10-03,16.68
1964-10-04,13.25
1964-10-05,14.66
1964-10-06,18.939999
1964-10-07,18.4
1964-10-08,15.33
1964-10-09,18.13
1964-10-10,17.09
1964-10-11,20.359999
1964-10-12,21.07
1964-10-13,22.539999
1964-10-14,19.38
1964-10-15,15.679999
1964-10-16,20.67
1964-10-17,17.789999
1964-10-18,14.009999
1964-10-19,12.639999
1964-10-20,14.75
1964-10-21,15.13
1964-10-22,11.509999
1964-10-23,11.7699995
1964-10-24,17.609999
1964-10-25,19.06
1964-10-26,19.52
1964-10-27,18.58
1964-10-28,16.23
1964-10-29,14.429999
1964-10-30,13.73
1964-10-31,10.389999
1964-11-01,10.8
1964-11-02,11.5
1964-11-03,11.42
1964-11-04,11.21
1964-11-05,8.889999
1964-11-06,10.429999
1964-11-07,7.08
1964-11-08,6.48
1964-11-09,5.5099998
1964-11-10,6.23
1964-11-11,8.48
1964-11-12,10.17
1964-11-13,10.73
1964-11-14,9.82
1964-11-15,11.04
1964-11-16,10.79
1964-11-17,9.15
1964-11-18,5.6099997
1964-11-19,2.79
1964-11-20,1.6899999
1964-11-21,3.4199998
1964-11-22,4.8199997
1964-11-23,-0.12
1964-11-24,3.54
1964-11-25,8.36
1964-11-26,9.67
1964-11-27,4.91
1964-11-28,7.91
1964-11-29,9.17
1964-11-30,10.639999
1964-12-01,9.01
1964-12-02,8.75
1964-12-03,4.54
1964-12-04,8.9
1964-12-05,5.67
1964-12-06,-3.58
1964-12-07,-4.46
1964-12-08,-3.4299998
1964-12-09,-1.39
1964-12-10,-0.11
1964-12-11,0.79999995
1964-12-12,-1.89
1964-12-13,-1.0699999
1964-12-14,1.3399999
1964-12-15,6.47
1964-12-16,3.56
1964-12-17,4.7999997
1964-12-18,5.06
1964-12-19,3.86
1964-12-20,4.66
1964-12-21,-0.04
1964-12-22,-0.83
1964-12-23,-0.84
1964-12-24,-0.26999998
1964-12-25,0.14
1964-12-26,1.0799999
1964-12-27,8.04
1964-12-28,1.8199999
1964-12-29,1.29
1964-12-30,2.86
1964-12-31,2.85
1965-01-01,-0.74
1965-01-02,0.08
1965-01-03,0.68
1965-01-04,4.45
1965-01-05,1.5699999
1965-01-06,-4.71
1965-01-07,-6.3799996
1965-01-08,-6.7599998
1965-01-09,2.19
1965-01-10,1.42
1965-01-11,-1.75
1965-01-12,-6.0299997
1965-01-13,-4.8599997
1965-01-14,-1.5799999
1965-01-15,-1.0
1965-01-16,0.90999997
1965-01-17,-0.32999998
1965-01-18,-1.0
1965-01-19,1.9
1965-01-20,4.31
1965-01-21,-0.35
1965-01-22,2.6599998
1965-01-23,4.67
1965-01-24,5.02
1965-01-25,2.8799999
1965-01-26,2.6599998
1965-01-27,3.6299999
1965-01-28,3.3899999
1965-01-29,0.78
1965-01-30,3.21
1965-01-31,4.15
1965-02-01,8.38
1965-02-02,5.2799997
1965-02-03,-6.12
1965-02-04,-6.1
1965-02-05,-5.41
1965-02-06,-10.66
1965-02-07,-14.809999
1965-02-08,-7.81
1965-02-09,-3.55
1965-02-10,-4.2599998
1965-02-11,-3.57
1965-02-12,-0.61
1965-02-13,-2.31
1965-02-14,-0.78999996
1965-02-15,2.27
1965-02-16,3.4199998
1965-02-17,4.91
1965-02-18,1.3399999
1965-02-19,-1.66
1965-02-20,-2.4299998
1965-02-21,-2.6499999
1965-02-22,-2.28
1965-02-23,-5.0299997
1965-02-24,-3.4499998
1965-02-25,1.3299999
1965-02-26,-3.21
1965-02-27,-1.6999999
1965-02-28,-3.23
1965-03-01,-1.3199999
1965-03-02,4.64
1965-03-03,8.74
1965-03-04,7.39
1965-03-05,6.66
1965-03-06,7.1
1965-03-07,7.12
1965-03-08,5.52
1965-03-09,4.29
1965-03-10,0.97999996
1965-03-11,-1.48
1965-03-12,4.5099998
1965-03-13,6.68
1965-03-14,6.85
1965-03-15,7.7799997
1965-03-16,9.08
1965-03-17,9.91
1965-03-18,9.9
1965-03-19,10.219999
1965-03-20,13.46
1965-03-21,11.71
1965-03-22,14.389999
1965-03-23,10.309999
1965-03-24,7.6499996
1965-03-25,13.21
1965-03-26,12.66
1965-03-27,12.559999
1965-03-28,8.389999
1965-03-29,8.849999
1965-03-30,8.599999
1965-03-31,8.23
1965-04-01,4.96
1965-04-02,3.1699998
1965-04-03,6.96
1965-04-04,11.74
1965-04-05,11.259999
1965-04-06,12.599999
1965-04-07,15.349999
1965-04-08,15.94
1965-04-09,14.099999
1965-04-10,12.07
1965-04-11,10.57
1965-04-12,8.389999
1965-04-13,9.05
1965-04-14,11.929999
1965-04-15,11.07
1965-04-16,9.599999
1965-04-17,11.309999
1965-04-18,12.98
1965-04-19,12.79
1965-04-20,12.29
1965-04-21,12.259999
1965-04-22,12.11
1965-04-23,12.34
1965-04-24,13.17
1965-04-25,13.88
1965-04-26,18.98
1965-04-27,16.33
1965-04-28,16.77
1965-04-29,12.11
1965-04-30,12.429999
1965-05-01,12.98
1965-05-02,12.25
1965-05-03,13.34
1965-05-04,12.2
1965-05-05,16.81
1965-05-06,18.949999
1965-05-07,16.32
1965-05-08,17.48
1965-05-09,17.97
1965-05-10,17.98
1965-05-11,16.9
1965-05-12,15.17
1965-05-13,18.66
1965-05-14,17.039999
1965-05-15,16.91
1965-05-16,20.83
1965-05-17,20.76
1965-05-18,24.869999
1965-05-19,26.58
1965-05-20,25.73
1965-05-21,20.07
1965-05-22,19.779999
1965-05-23,20.56
1965-05-24,20.4
1965-05-25,20.6
1965-05-26,21.34
1965-05-27,19.199999
1965-05-28,20.76
1965-05-29,19.98
1965-05-30,20.58
1965-05-31,21.75
1965-06-01,24.34
1965-06-02,22.24
1965-06-03,22.3
1965-06-04,23.41
1965-06-05,22.01
1965-06-06,22.75
1965-06-07,21.02
1965-06-08,22.13
1965-06-09,24.17
1965-06-10,20.01
1965-06-11,18.51
1965-06-12,18.47
1965-06-13,18.32
1965-06-14,19.779999
1965-06-15,17.199999
1965-06-16,18.06
1965-06-17,20.65
1965-06-18,22.8
1965-06-19,25.4
1965-06-20,24.16
1965-06-21,24.13
1965-06-22,25.14
1965-06-23,26.92
1965-06-24,28.34
1965-06-25,28.06
1965-06-26,29.07
1965-06-27,28.83
1965-06-28,28.539999
1965-06-29,22.56
1965-06-30,23.96
1965-07-01,26.25
1965-07-02,28.81
1965-07-03,24.449999
1965-07-04,24.58
1965-07-05,29.119999
1965-07-06,22.83
1965-07-07,20.38
1965-07-08,25.09
1965-07-09,25.42
1965-07-10,21.8
1965-07-11,17.25
1965-07-12,18.88
1965-07-13,21.85
1965-07-14,24.119999
1965-07-15,22.619999
1965-07-16,27.699999
1965-07-17,29.47
1965-07-18,27.76
1965-07-19,24.24
1965-07-20,23.31
1965-07-21,26.74
1965-07-22,27.349998
1965-07-23,27.72
1965-07-24,29.13
1965-07-25,31.75
1965-07-26,34.989998
1965-07-27,30.88
1965-07-28,22.4
1965-07-29,24.64
1965-07-30,27.82
1965-07-31,29.07
1965-08-01,31.8
1965-08-02,30.71
1965-08-03,22.48
1965-08-04,23.3
1965-08-05,23.71
1965-08-06,25.98
1965-08-07,29.14
1965-08-08,31.099998
1965-08-09,31.06
1965-08-10,30.16
1965-08-11,27.109999
1965-08-12,20.46
1965-08-13,17.72
1965-08-14,20.27
1965-08-15,20.119999
1965-08-16,20.6
1965-08-17,22.68
1965-08-18,24.82
1965-08-19,24.119999
1965-08-20,23.779999
1965-08-21,25.97
1965-08-22,22.33
1965-08-23,25.17
1965-08-24,28.779999
1965-08-25,28.0
1965-08-26,19.97
1965-08-27,17.8
1965-08-28,15.95
1965-08-29,16.58
1965-08-30,17.869999
1965-08-31,18.859999
1965-09-01,22.85
1965-09-02,26.17
1965-09-03,26.97
1965-09-04,29.31
1965-09-05,28.89
1965-09-06,28.369999
1965-09-07,22.74
1965-09-08,21.119999
1965-09-09,25.51
1965-09-10,26.76
1965-09-11,29.859999
1965-09-12,24.99
1965-09-13,19.97
1965-09-14,18.22
1965-09-15,21.369999
1965-09-16,19.279999
1965-09-17,21.22
1965-09-18,23.96
1965-09-19,24.75
1965-09-20,22.609999
1965-09-21,20.869999
1965-09-22,20.75
1965-09-23,23.82
1965-09-24,25.49
1965-09-25,24.85
1965-09-26,21.91
1965-09-27,23.9
1965-09-28,25.019999
1965-09-29,25.939999
1965-09-30,26.57
1965-10-01,26.73
1965-10-02,26.92
1965-10-03,24.26
1965-10-04,22.08
1965-10-05,23.019999
1965-10-06,18.199999
1965-10-07,15.63
1965-10-08,20.81
1965-10-09,17.98
1965-10-10,15.049999
1965-10-11,12.42
1965-10-12,9.07
1965-10-13,8.92
1965-10-14,13.099999
1965-10-15,19.82
1965-10-16,21.09
1965-10-17,18.91
1965-10-18,16.34
1965-10-19,14.559999
1965-10-20,11.24
1965-10-21,9.099999
1965-10-22,11.49
1965-10-23,11.5
1965-10-24,11.3
1965-10-25,11.66
1965-10-26,11.389999
1965-10-27,16.74
1965-10-28,15.03
1965-10-29,13.32
1965-10-30,14.309999
1965-10-31,14.75
1965-11-01,11.66
1965-11-02,14.66
1965-11-03,14.82
1965-11-04,17.199999
1965-11-05,11.25
1965-11-06,6.73
1965-11-07,6.73
1965-11-08,9.71
1965-11-09,10.59
1965-11-10,9.49
1965-11-11,10.78
1965-11-12,9.05
1965-11-13,6.7599998
1965-11-14,9.63
1965-11-15,4.64
1965-11-16,-1.63
1965-11-17,-7.3799996
1965-11-18,0.31
1965-11-19,4.6
1965-11-20,4.75
1965-11-21,8.08
1965-11-22,11.32
1965-11-23,6.73
1965-11-24,4.0099998
1965-11-25,-0.77
1965-11-26,-2.8799999
1965-11-27,1.31
1965-11-28,7.1099997
1965-11-29,3.4299998
1965-11-30,2.44
1965-12-01,7.5
1965-12-02,4.3199997
1965-12-03,2.11
1965-12-04,1.8499999
1965-12-05,0.44
1965-12-06,2.77
1965-12-07,6.46
1965-12-08,8.97
1965-12-09,6.21
1965-12-10,7.6
1965-12-11,9.849999
1965-12-12,8.25
1965-12-13,2.6499999
1965-12-14,1.9399999
1965-12-15,0.12
1965-12-16,-6.81
1965-12-17,-4.24
1965-12-18,-1.43
1965-12-19,1.7099999
1965-12-20,5.3399997
1965-12-21,4.75
1965-12-22,4.72
1965-12-23,3.27
1965-12-24,3.21
1965-12-25,1.4699999
1965-12-26,1.3199999
1965-12-27,0.58
1965-12-28,6.0499997
1965-12-29,6.2799997
1965-12-30,2.6799998
1965-12-31,4.02
1966-01-01,2.23
1966-01-02,1.7099999
1966-01-03,2.5
1966-01-04,3.25
1966-01-05,0.98999995
1966-01-06,-6.95
1966-01-07,-8.59
1966-01-08,-8.34
1966-01-09,-7.24
1966-01-10,-7.7
1966-01-11,-5.2999997
1966-01-12,-1.52
1966-01-13,3.6999998
1966-01-14,1.23
1966-01-15,-4.39
1966-01-16,-4.23
1966-01-17,-1.56
1966-01-18,1.89
1966-01-19,-0.62
1966-01-20,-2.45
1966-01-21,-4.3399997
1966-01-22,-4.43
1966-01-23,-2.31
1966-01-24,1.5899999
1966-01-25,1.3
1966-01-26,0.59999996
1966-01-27,0.76
1966-01-28,1.26
1966-01-29,-2.1399999
1966-01-30,-2.0
1966-01-31,-0.65
1966-02-01,4.7999997
1966-02-02,1.92
1966-02-03,2.05
1966-02-04,2.83
1966-02-05,-1.23
1966-02-06,3.28
1966-02-07,8.139999
1966-02-08,7.8599997
1966-02-09,7.2
1966-02-10,5.85
1966-02-11,5.6099997
1966-02-12,7.85
1966-02-13,9.08
1966-02-14,7.1099997
1966-02-15,7.43
1966-02-16,5.1099997
1966-02-17,4.71
1966-02-18,6.0899997
1966-02-19,8.33
1966-02-20,6.77
1966-02-21,9.679999
1966-02-22,12.15
1966-02-23,13.549999
1966-02-24,14.44
1966-02-25,10.08
1966-02-26,10.65
1966-02-27,11.98
1966-02-28,13.25
1966-03-01,16.01
1966-03-02,12.99
1966-03-03,10.66
1966-03-04,10.2699995
1966-03-05,10.55
1966-03-06,12.67
1966-03-07,12.0
1966-03-08,7.5899997
1966-03-09,8.22
1966-03-10,10.55
1966-03-11,9.7699995
1966-03-12,13.03
1966-03-13,12.74
1966-03-14,7.77
1966-03-15,5.15
1966-03-16,5.25
1966-03-17,6.1299996
1966-03-18,5.3599997
1966-03-19,5.12
1966-03-20,3.51
1966-03-21,2.3
1966-03-22,9.46
1966-03-23,13.36
1966-03-24,14.0199995
1966-03-25,13.679999
1966-03-26,10.59
1966-03-27,7.74
1966-03-28,10.57
1966-03-29,11.969999
1966-03-30,10.559999
1966-03-31,7.3799996
1966-04-01,5.0
1966-04-02,7.18
1966-04-03,8.73
1966-04-04,13.9
1966-04-05,12.66
1966-04-06,13.2
1966-04-07,14.58
1966-04-08,16.46
1966-04-09,18.16
1966-04-10,16.51
1966-04-11,14.059999
1966-04-12,16.9
1966-04-13,18.63
1966-04-14,19.25
1966-04-15,19.359999
1966-04-16,18.48
1966-04-17,15.45
1966-04-18,15.7
1966-04-19,18.01
1966-04-20,18.93
1966-04-21,20.16
1966-04-22,20.619999
1966-04-23,17.05
1966-04-24,19.439999
1966-04-25,19.789999
1966-04-26,22.47
1966-04-27,23.57
1966-04-28,21.02
1966-04-29,18.82
1966-04-30,16.359999
1966-05-01,18.789999
1966-05-02,21.289999
1966-05-03,20.15
1966-05-04,23.789999
1966-05-05,23.269999
1966-05-06,25.43
1966-05-07,25.08
1966-05-08,24.18
1966-05-09,21.66
1966-05-10,19.65
1966-05-11,19.609999
1966-05-12,15.79
1966-05-13,16.21
1966-05-14,17.84
1966-05-15,19.82
1966-05-16,20.689999
1966-05-17,20.1
1966-05-18,18.91
1966-05-19,17.34
1966-05-20,18.9
1966-05-21,18.24
1966-05-22,17.51
1966-05-23,17.73
1966-05-24,21.189999
1966-05-25,19.15
1966-05-26,21.46
1966-05-27,22.39
1966-05-28,19.4
1966-05-29,17.33
1966-05-30,13.219999
1966-05-31,15.839999
1966-06-01,17.72
1966-06-02,18.48
1966-06-03,17.3
1966-06-04,15.049999
1966-06-05,14.5
1966-06-06,16.96
1966-06-07,19.029999
1966-06-08,21.289999
1966-06-09,22.18
1966-06-10,24.3
1966-06-11,22.9
1966-06-12,21.75
1966-06-13,22.75
1966-06-14,25.34
1966-06-15,26.119999
1966-06-16,26.439999
1966-06-17,25.599998
1966-06-18,24.439999
1966-06-19,21.17
1966-06-20,21.32
1966-06-21,20.32
1966-06-22,18.92
1966-06-23,20.13
1966-06-24,23.93
1966-06-25,25.689999
1966-06-26,21.24
1966-06-27,14.969999
1966-06-28,19.64
1966-06-29,18.63
1966-06-30,20.21
1966-07-01,21.029999
1966-07-02,19.77
1966-07-03,22.83
1966-07-04,24.64
1966-07-05,27.49
1966-07-06,29.41
1966-07-07,30.22
1966-07-08,26.51
1966-07-09,20.869999
1966-07-10,21.33
1966-07-11,23.38
1966-07-12,25.9
1966-07-13,26.18
1966-07-14,27.96
1966-07-15,29.89
1966-07-16,27.519999
1966-07-17,26.33
1966-07-18,27.83
1966-07-19,29.76
1966-07-20,30.06
1966-07-21,29.05
1966-07-22,29.07
1966-07-23,27.0
1966-07-24,26.51
1966-07-25,25.43
1966-07-26,24.58
1966-07-27,24.42
1966-07-28,25.34
1966-07-29,25.9
1966-07-30,22.189999
1966-07-31,24.68
1966-08-01,25.82
1966-08-02,24.939999
1966-08-03,26.65
1966-08-04,27.05
1966-08-05,30.08
1966-08-06,28.189999
1966-08-07,26.39
1966-08-08,24.18
1966-08-09,27.23
1966-08-10,22.07
1966-08-11,19.369999
1966-08-12,21.189999
1966-08-13,26.15
1966-08-14,27.359999
1966-08-15,28.869999
1966-08-16,29.58
1966-08-17,27.88
1966-08-18,29.34
1966-08-19,31.14
1966-08-20,30.22
1966-08-21,27.449999
1966-08-22,26.59
1966-08-23,28.18
1966-08-24,25.98
1966-08-25,24.109999
1966-08-26,23.4
1966-08-27,19.279999
1966-08-28,19.57
1966-08-29,19.39
1966-08-30,19.24
1966-08-31,21.02
1966-09-01,17.539999
1966-09-02,18.72
1966-09-03,20.18
1966-09-04,21.289999
1966-09-05,21.199999
1966-09-06,19.91
1966-09-07,19.51
1966-09-08,20.23
1966-09-09,22.8
1966-09-10,19.06
1966-09-11,22.35
1966-09-12,25.849998
1966-09-13,25.109999
1966-09-14,26.49
1966-09-15,23.5
1966-09-16,23.359999
1966-09-17,22.68
1966-09-18,22.81
1966-09-19,19.369999
1966-09-20,16.49
1966-09-21,20.789999
1966-09-22,22.529999
1966-09-23,21.99
1966-09-24,18.93
1966-09-25,17.609999
1966-09-26,17.8
1966-09-27,21.42
1966-09-28,21.8
1966-09-29,21.699999
1966-09-30,22.119999
1966-10-01,19.689999
1966-10-02,20.89
1966-10-03,22.46
1966-10-04,24.16
1966-10-05,24.71
1966-10-06,24.029999
1966-10-07,24.17
1966-10-08,24.279999
1966-10-09,24.449999
1966-10-10,24.07
1966-10-11,24.789999
1966-10-12,24.41
1966-10-13,23.57
1966-10-14,20.859999
1966-10-15,18.44
1966-10-16,18.109999
1966-10-17,19.97
1966-10-18,20.59
1966-10-19,20.55
1966-10-20,20.359999
1966-10-21,19.449999
1966-10-22,16.619999
1966-10-23,14.589999
1966-10-24,17.82
1966-10-25,21.01
1966-10-26,21.279999
1966-10-27,19.38
1966-10-28,16.1
1966-10-29,15.16
1966-10-30,14.17
1966-10-31,9.22
1966-11-01,5.45
1966-11-02,6.7
1966-11-03,7.0299997
1966-11-04,9.139999
1966-11-05,12.509999
1966-11-06,14.29
1966-11-07,10.48
1966-11-08,9.7699995
1966-11-09,9.48
1966-11-10,12.67
1966-11-11,12.84
1966-11-12,13.57
1966-11-13,8.25
1966-11-14,6.21
1966-11-15,5.74
1966-11-16,4.19
1966-11-17,6.18
1966-11-18,10.58
1966-11-19,11.4
1966-11-20,9.55
1966-11-21,6.5699997
1966-11-22,5.16
1966-11-23,3.4499998
1966-11-24,9.91
1966-11-25,10.73
1966-11-26,5.62
1966-11-27,2.3899999
1966-11-28,1.13
1966-11-29,1.78
1966-11-30,1.7099999
1966-12-01,0.89
1966-12-02,6.0299997
1966-12-03,6.56
1966-12-04,7.6299996
1966-12-05,4.2599998
1966-12-06,2.11
1966-12-07,3.02
1966-12-08,0.93
1966-12-09,0.38
1966-12-10,3.05
1966-12-11,1.93
1966-12-12,0.85999995
1966-12-13,4.37
1966-12-14,5.62
1966-12-15,4.8199997
1966-12-16,-0.28
1966-12-17,-3.49
1966-12-18,-4.68
1966-12-19,-2.49
1966-12-20,-2.77
1966-12-21,1.36
1966-12-22,1.86
1966-12-23,-1.73
1966-12-24,-0.77
1966-12-25,-0.35
1966-12-26,-0.52
1966-12-27,-5.5299997
1966-12-28,-2.85
1966-12-29,-0.91999996
1966-12-30,-2.26
1966-12-31,-1.28
1967-01-01,-2.61
1967-01-02,-2.6699998
1967-01-03,-1.8199999
1967-01-04,-0.85999995
1967-01-05,-5.43
1967-01-06,-1.12
1967-01-07,5.69
1967-01-08,2.74
1967-01-09,-1.74
1967-01-10,-4.65
1967-01-11,-8.559999
1967-01-12,-2.8
1967-01-13,-4.42
1967-01-14,-1.54
1967-01-15,-1.52
1967-01-16,-9.19
1967-01-17,-12.759999
1967-01-18,-11.559999
1967-01-19,-11.13
1967-01-20,-5.3599997
1967-01-21,-3.59
1967-01-22,0.12
1967-01-23,2.07
1967-01-24,2.44
1967-01-25,-0.17999999
1967-01-26,-0.77
1967-01-27,0.52
1967-01-28,-1.38
1967-01-29,-1.43
1967-01-30,0.17
1967-01-31,-3.87
1967-02-01,-2.22
1967-02-02,1.3
1967-02-03,-0.7
1967-02-04,3.09
1967-02-05,5.15
1967-02-06,3.11
1967-02-07,3.3
1967-02-08,3.1299999
1967-02-09,3.12
1967-02-10,-2.8799999
1967-02-11,-5.98
1967-02-12,-6.74
1967-02-13,-5.69
1967-02-14,-6.46
1967-02-15,-5.14
1967-02-16,-2.6299999
1967-02-17,-2.49
1967-02-18,-0.26
1967-02-19,2.59
1967-02-20,2.3999999
1967-02-21,4.7999997
1967-02-22,4.58
1967-02-23,2.71
1967-02-24,3.74
1967-02-25,2.3799999
1967-02-26,5.73
1967-02-27,8.84
1967-02-28,9.07
1967-03-01,8.72
1967-03-02,5.7999997
1967-03-03,5.68
1967-03-04,5.21
1967-03-05,5.79
1967-03-06,3.05
1967-03-07,7.52
1967-03-08,10.7699995
1967-03-09,13.509999
1967-03-10,15.53
1967-03-11,15.809999
1967-03-12,12.34
1967-03-13,10.7699995
1967-03-14,8.349999
1967-03-15,7.95
1967-03-16,6.56
1967-03-17,5.41
1967-03-18,6.62
1967-03-19,9.62
1967-03-20,8.97
1967-03-21,8.67
1967-03-22,6.37
1967-03-23,11.58
1967-03-24,9.86
1967-03-25,4.88
1967-03-26,7.18
1967-03-27,9.7
1967-03-28,10.65
1967-03-29,14.38
1967-03-30,14.809999
1967-03-31,12.58
1967-04-01,11.8
1967-04-02,9.84
1967-04-03,5.18
1967-04-04,8.139999
1967-04-05,9.679999
1967-04-06,12.42
1967-04-07,11.95
1967-04-08,14.63
1967-04-09,20.199999
1967-04-10,23.41
1967-04-11,21.52
1967-04-12,19.08
1967-04-13,21.33
1967-04-14,17.17
1967-04-15,12.67
1967-04-16,14.059999
1967-04-17,15.49
1967-04-18,19.55
1967-04-19,16.72
1967-04-20,8.8
1967-04-21,16.77
1967-04-22,16.32
1967-04-23,12.509999
1967-04-24,10.559999
1967-04-25,10.26
1967-04-26,12.57
1967-04-27,13.7699995
1967-04-28,15.73
1967-04-29,15.87
1967-04-30,16.89
1967-05-01,19.6
1967-05-02,20.43
1967-05-03,19.42
1967-05-04,18.22
1967-05-05,15.429999
1967-05-06,18.699999
1967-05-07,18.88
1967-05-08,18.76
1967-05-09,20.34
1967-05-10,21.21
1967-05-11,21.279999
1967-05-12,20.92
1967-05-13,21.82
1967-05-14,23.31
1967-05-15,24.029999
1967-05-16,24.519999
1967-05-17,23.96
1967-05-18,21.77
1967-05-19,22.63
1967-05-20,21.869999
1967-05-21,21.8
1967-05-22,20.56
1967-05-23,17.56
1967-05-24,20.99
1967-05-25,17.81
1967-05-26,18.529999
1967-05-27,17.859999
1967-05-28,15.58
1967-05-29,16.92
1967-05-30,18.359999
1967-05-31,18.63
1967-06-01,13.9
1967-06-02,15.28
1967-06-03,17.84
1967-06-04,19.88
1967-06-05,20.58
1967-06-06,19.529999
1967-06-07,22.82
1967-06-08,24.18
1967-06-09,24.269999
1967-06-10,21.9
1967-06-11,20.76
1967-06-12,18.09
1967-06-13,19.289999
1967-06-14,18.31
1967-06-15,16.25
1967-06-16,15.889999
1967-06-17,18.21
1967-06-18,20.25
1967-06-19,20.619999
1967-06-20,22.83
1967-06-21,21.75
1967-06-22,19.869999
1967-06-23,20.789999
1967-06-24,24.859999
1967-06-25,29.359999
1967-06-26,29.609999
1967-06-27,29.34
1967-06-28,30.01
1967-06-29,30.05
1967-06-30,26.949999
1967-07-01,26.57
1967-07-02,27.96
1967-07-03,26.72
1967-07-04,28.25
1967-07-05,26.59
1967-07-06,21.6
1967-07-07,21.539999
1967-07-08,23.5
1967-07-09,23.859999
1967-07-10,22.93
1967-07-11,23.18
1967-07-12,24.769999
1967-07-13,26.439999
1967-07-14,26.32
1967-07-15,28.47
1967-07-16,28.65
1967-07-17,26.689999
1967-07-18,26.189999
1967-07-19,24.06
1967-07-20,23.85
1967-07-21,24.15
1967-07-22,26.15
1967-07-23,28.25
1967-07-24,29.42
1967-07-25,25.92
1967-07-26,24.539999
1967-07-27,25.33
1967-07-28,25.08
1967-07-29,24.23
1967-07-30,26.17
1967-07-31,26.92
1967-08-01,27.49
1967-08-02,27.48
1967-08-03,27.96
1967-08-04,26.869999
1967-08-05,29.869999
1967-08-06,28.769999
1967-08-07,25.71
1967-08-08,27.05
1967-08-09,27.58
1967-08-10,28.38
1967-08-11,28.66
1967-08-12,25.46
1967-08-13,23.789999
1967-08-14,25.16
1967-08-15,23.07
1967-08-16,23.76
1967-08-17,27.4
1967-08-18,27.019999
1967-08-19,24.48
1967-08-20,24.859999
1967-08-21,24.42
1967-08-22,22.359999
1967-08-23,22.63
1967-08-24,23.5
1967-08-25,24.75
1967-08-26,25.14
1967-08-27,23.49
1967-08-28,20.24
1967-08-29,20.13
1967-08-30,21.34
1967-08-31,22.59
1967-09-01,24.1
1967-09-02,24.73
1967-09-03,23.96
1967-09-04,23.529999
1967-09-05,24.56
1967-09-06,23.49
1967-09-07,24.76
1967-09-08,23.1
1967-09-09,25.119999
1967-09-10,25.789999
1967-09-11,25.72
1967-09-12,23.039999
1967-09-13,20.08
1967-09-14,21.39
1967-09-15,22.92
1967-09-16,20.46
1967-09-17,18.35
1967-09-18,22.96
1967-09-19,19.02
1967-09-20,19.5
1967-09-21,20.48
1967-09-22,22.88
1967-09-23,22.46
1967-09-24,21.07
1967-09-25,19.97
1967-09-26,21.449999
1967-09-27,22.92
1967-09-28,24.84
1967-09-29,21.5
1967-09-30,19.21
1967-10-01,20.41
1967-10-02,20.66
1967-10-03,21.949999
1967-10-04,23.189999
1967-10-05,20.859999
1967-10-06,17.449999
1967-10-07,11.91
1967-10-08,13.929999
1967-10-09,14.12
1967-10-10,12.82
1967-10-11,15.29
1967-10-12,15.15
1967-10-13,19.89
1967-10-14,21.16
1967-10-15,21.92
1967-10-16,22.72
1967-10-17,23.58
1967-10-18,22.9
1967-10-19,18.39
1967-10-20,8.26
1967-10-21,16.619999
1967-10-22,19.119999
1967-10-23,20.689999
1967-10-24,19.42
1967-10-25,18.89
1967-10-26,17.15
1967-10-27,17.39
1967-10-28,17.41
1967-10-29,19.119999
1967-10-30,19.13
1967-10-31,16.26
1967-11-01,13.67
1967-11-02,13.91
1967-11-03,13.5
1967-11-04,14.66
1967-11-05,13.349999
1967-11-06,14.599999
1967-11-07,14.44
1967-11-08,13.509999
1967-11-09,12.95
1967-11-10,14.469999
1967-11-11,12.57
1967-11-12,7.9199996
1967-11-13,7.5299997
1967-11-14,9.09
1967-11-15,13.74
1967-11-16,15.94
1967-11-17,13.87
1967-11-18,6.1099997
1967-11-19,5.75
1967-11-20,-0.93
1967-11-21,-2.4299998
1967-11-22,-1.9499999
1967-11-23,0.089999996
1967-11-24,0.04
1967-11-25,-2.32
1967-11-26,0.65
1967-11-27,1.27
1967-11-28,6.42
1967-11-29,7.0699997
1967-11-30,7.8599997
1967-12-01,3.8899999
1967-12-02,3.31
1967-12-03,0.37
1967-12-04,2.45
1967-12-05,1.5
1967-12-06,3.86
1967-12-07,5.12
1967-12-08,5.0
1967-12-09,3.24
1967-12-10,2.6499999
1967-12-11,-0.5
1967-12-12,1.43
1967-12-13,0.02
1967-12-14,-1.7099999
1967-12-15,-7.43
1967-12-16,-5.3199997
1967-12-17,-1.6999999
1967-12-18,-1.68
1967-12-19,-4.85
1967-12-20,-2.32
1967-12-21,-5.2
1967-12-22,-10.3
1967-12-23,4.14
1967-12-24,6.47
1967-12-25,6.46
1967-12-26,8.03
1967-12-27,7.52
1967-12-28,4.37
1967-12-29,4.5499997
1967-12-30,2.97
1967-12-31,5.0899997
1968-01-01,4.73
1968-01-02,5.5899997
1968-01-03,3.6599998
1968-01-04,0.56
1968-01-05,-2.06
1968-01-06,-0.39
1968-01-07,1.75
1968-01-08,-1.0699999
1968-01-09,-4.0899997
1968-01-10,-12.71
1968-01-11,-11.2
1968-01-12,-8.25
1968-01-13,-8.53
1968-01-14,-13.07
1968-01-15,-5.93
1968-01-16,1.26
1968-01-17,0.64
1968-01-18,1.88
1968-01-19,1.88
1968-01-20,0.95
1968-01-21,-3.51
1968-01-22,-0.32999998
1968-01-23,-0.74
1968-01-24,-2.2
1968-01-25,-0.72999996
1968-01-26,-1.1
1968-01-27,-1.5
1968-01-28,-3.8799999
1968-01-29,-0.56
1968-01-30,-2.8899999
1968-01-31,2.06
1968-02-01,4.21
1968-02-02,6.62
1968-02-03,2.56
1968-02-04,1.9599999
1968-02-05,0.13
1968-02-06,2.04
1968-02-07,3.84
1968-02-08,4.18
1968-02-09,4.5499997
1968-02-10,5.9
1968-02-11,3.6499999
1968-02-12,-1.56
1968-02-13,-0.91999996
1968-02-14,2.6799998
1968-02-15,4.41
1968-02-16,7.5099998
1968-02-17,6.87
1968-02-18,3.9499998
1968-02-19,-1.91
1968-02-20,-3.03
1968-02-21,2.04
1968-02-22,4.81
1968-02-23,6.2999997
1968-02-24,8.929999
1968-02-25,11.07
1968-02-26,9.13
1968-02-27,2.98
1968-02-28,-1.24
1968-02-29,-0.39
1968-03-01,0.7
1968-03-02,-2.1399999
1968-03-03,-2.52
1968-03-04,-0.5
1968-03-05,-1.64
1968-03-06,0.47
1968-03-07,6.2799997
1968-03-08,5.29
1968-03-09,5.5099998
1968-03-10,4.9
1968-03-11,4.56
1968-03-12,2.1499999
1968-03-13,-2.18
1968-03-14,5.0
1968-03-15,6.21
1968-03-16,9.04
1968-03-17,11.24
1968-03-18,13.29
1968-03-19,11.15
1968-03-20,9.59
1968-03-21,14.67
1968-03-22,17.06
1968-03-23,14.36
1968-03-24,13.41
1968-03-25,8.099999
1968-03-26,13.92
1968-03-27,14.82
1968-03-28,13.99
1968-03-29,17.02
1968-03-30,18.949999
1968-03-31,19.439999
1968-04-01,19.279999
1968-04-02,18.99
1968-04-03,18.8
1968-04-04,18.89
1968-04-05,19.18
1968-04-06,23.25
1968-04-07,24.16
1968-04-08,23.14
1968-04-09,20.56
1968-04-10,10.29
1968-04-11,8.04
1968-04-12,12.679999
1968-04-13,12.94
1968-04-14,14.48
1968-04-15,15.53
1968-04-16,15.03
1968-04-17,17.039999
1968-04-18,17.55
1968-04-19,17.75
1968-04-20,15.49
1968-04-21,19.189999
1968-04-22,20.85
1968-04-23,21.88
1968-04-24,24.14
1968-04-25,26.98
1968-04-26,27.31
1968-04-27,25.13
1968-04-28,21.67
1968-04-29,20.84
1968-04-30,24.6
1968-05-01,19.13
1968-05-02,20.4
1968-05-03,21.81
1968-05-04,22.949999
1968-05-05,26.019999
1968-05-06,29.41
1968-05-07,30.34
1968-05-08,27.66
1968-05-09,22.689999
1968-05-10,24.48
1968-05-11,26.359999
1968-05-12,26.18
1968-05-13,28.49
1968-05-14,24.539999
1968-05-15,20.68
1968-05-16,21.27
1968-05-17,21.24
1968-05-18,19.4
1968-05-19,17.24
1968-05-20,15.179999
1968-05-21,20.939999
1968-05-22,24.63
1968-05-23,25.13
1968-05-24,23.46
1968-05-25,20.9
1968-05-26,23.67
1968-05-27,22.55
1968-05-28,21.4
1968-05-29,20.68
1968-05-30,21.689999
1968-05-31,20.64
1968-06-01,21.1
1968-06-02,24.869999
1968-06-03,25.32
1968-06-04,22.13
1968-06-05,22.51
1968-06-06,25.39
1968-06-07,27.42
1968-06-08,27.65
1968-06-09,27.25
1968-06-10,27.519999
1968-06-11,22.82
1968-06-12,23.17
1968-06-13,24.83
1968-06-14,22.92
1968-06-15,22.92
1968-06-16,24.769999
1968-06-17,27.019999
1968-06-18,29.15
1968-06-19,28.609999
1968-06-20,27.98
1968-06-21,24.85
1968-06-22,22.22
1968-06-23,20.73
1968-06-24,25.199999
1968-06-25,24.63
1968-06-26,23.72
1968-06-27,26.689999
1968-06-28,29.099998
1968-06-29,30.83
1968-06-30,25.789999
1968-07-01,22.64
1968-07-02,20.199999
1968-07-03,19.51
1968-07-04,21.859999
1968-07-05,25.09
1968-07-06,29.23
1968-07-07,31.56
1968-07-08,32.739998
1968-07-09,32.67
1968-07-10,29.82
1968-07-11,29.5
1968-07-12,30.99
1968-07-13,25.17
1968-07-14,27.789999
1968-07-15,27.22
1968-07-16,26.619999
1968-07-17,26.289999
1968-07-18,23.92
1968-07-19,19.77
1968-07-20,19.119999
1968-07-21,18.48
1968-07-22,18.75
1968-07-23,16.98
1968-07-24,22.58
1968-07-25,24.85
1968-07-26,21.779999
1968-07-27,21.13
1968-07-28,20.74
1968-07-29,17.83
1968-07-30,18.369999
1968-07-31,19.859999
1968-08-01,20.619999
1968-08-02,23.3
1968-08-03,25.09
1968-08-04,22.23
1968-08-05,22.82
1968-08-06,23.35
1968-08-07,24.25
1968-08-08,22.699999
1968-08-09,23.98
1968-08-10,23.699999
1968-08-11,23.869999
1968-08-12,22.22
1968-08-13,21.119999
1968-08-14,21.96
1968-08-15,24.449999
1968-08-16,22.24
1968-08-17,25.83
1968-08-18,27.119999
1968-08-19,23.65
1968-08-20,17.51
1968-08-21,17.779999
1968-08-22,20.789999
1968-08-23,22.24
1968-08-24,23.98
1968-08-25,24.16
1968-08-26,23.519999
1968-08-27,23.46
1968-08-28,23.67
1968-08-29,24.4
1968-08-30,25.779999
1968-08-31,22.189999
1968-09-01,21.3
1968-09-02,21.83
1968-09-03,23.789999
1968-09-04,24.97
1968-09-05,25.43
1968-09-06,20.33
1968-09-07,19.619999
1968-09-08,21.76
1968-09-09,22.289999
1968-09-10,18.52
1968-09-11,18.63
1968-09-12,19.59
1968-09-13,18.539999
1968-09-14,20.89
1968-09-15,22.88
1968-09-16,29.529999
1968-09-17,30.5
1968-09-18,26.99
1968-09-19,23.08
1968-09-20,16.98
1968-09-21,17.449999
1968-09-22,20.59
1968-09-23,20.17
1968-09-24,20.859999
1968-09-25,17.08
1968-09-26,12.9
1968-09-27,10.21
1968-09-28,11.389999
1968-09-29,14.95
1968-09-30,18.369999
1968-10-01,13.62
1968-10-02,11.57
1968-10-03,9.469999
1968-10-04,10.32
1968-10-05,12.16
1968-10-06,11.639999
1968-10-07,16.09
1968-10-08,20.51
1968-10-09,19.84
1968-10-10,17.85
1968-10-11,15.139999
1968-10-12,13.69
1968-10-13,16.289999
1968-10-14,21.539999
1968-10-15,21.1
1968-10-16,18.359999
1968-10-17,15.07
1968-10-18,14.82
1968-10-19,12.259999
1968-10-20,8.2
1968-10-21,6.0699997
1968-10-22,11.99
1968-10-23,17.35
1968-10-24,16.18
1968-10-25,17.19
1968-10-26,13.049999
1968-10-27,14.17
1968-10-28,13.99
1968-10-29,14.349999
1968-10-30,13.65
1968-10-31,15.57
1968-11-01,17.18
1968-11-02,18.91
1968-11-03,17.66
1968-11-04,17.75
1968-11-05,16.14
1968-11-06,12.969999
1968-11-07,11.719999
1968-11-08,9.7699995
1968-11-09,8.51
1968-11-10,9.49
1968-11-11,10.45
1968-11-12,9.91
1968-11-13,6.49
1968-11-14,4.54
1968-11-15,1.22
1968-11-16,5.22
1968-11-17,7.45
1968-11-18,9.41
1968-11-19,9.809999
1968-11-20,10.07
1968-11-21,5.96
1968-11-22,5.35
1968-11-23,2.8
1968-11-24,4.48
1968-11-25,3.6799998
1968-11-26,2.31
1968-11-27,1.7099999
1968-11-28,2.3899999
1968-11-29,4.45
1968-11-30,2.29
1968-12-01,1.3399999
1968-12-02,0.32999998
1968-12-03,0.089999996
1968-12-04,-1.0799999
1968-12-05,-2.32
1968-12-06,-1.75
1968-12-07,0.59
1968-12-08,-1.15
1968-12-09,-0.61
1968-12-10,-3.0
1968-12-11,-6.5899997
1968-12-12,-4.2799997
1968-12-13,-4.2599998
1968-12-14,-2.9199998
1968-12-15,2.1299999
1968-12-16,3.1899998
1968-12-17,-0.97999996
1968-12-18,4.5
1968-12-19,7.95
1968-12-20,6.1299996
1968-12-21,3.81
1968-12-22,0.74
1968-12-23,2.04
1968-12-24,1.02
1968-12-25,-0.02
1968-12-26,0.39
1968-12-27,-2.1599998
1968-12-28,-5.06
1968-12-29,-2.54
1968-12-30,-3.9199998
1968-12-31,-0.26
1969-01-01,-0.68
1969-01-02,-3.6899998
1969-01-03,-0.14999999
1969-01-04,-1.0799999
1969-01-05,-4.63
1969-01-06,-6.17
1969-01-07,-7.35
1969-01-08,-10.66
1969-01-09,-8.66
1969-01-10,-7.7
1969-01-11,-10.17
1969-01-12,-9.73
1969-01-13,-8.28
1969-01-14,-2.49
1969-01-15,0.53999996
1969-01-16,3.28
1969-01-17,2.98
1969-01-18,1.9
1969-01-19,2.72
1969-01-20,-2.05
1969-01-21,-11.7699995
1969-01-22,-7.46
1969-01-23,-5.56
1969-01-24,-1.02
1969-01-25,-4.75
1969-01-26,-9.03
1969-01-27,-11.53
1969-01-28,-7.99
1969-01-29,-2.1699998
1969-01-30,2.4199998
1969-01-31,-0.53999996
1969-02-01,3.53
1969-02-02,2.83
1969-02-03,5.8599997
1969-02-04,5.47
1969-02-05,3.9599998
1969-02-06,1.25
1969-02-07,-1.7099999
1969-02-08,-0.90999997
1969-02-09,-1.5899999
1969-02-10,-2.69
1969-02-11,-4.21
1969-02-12,-8.3
1969-02-13,-4.35
1969-02-14,0.65
1969-02-15,2.21
1969-02-16,3.12
1969-02-17,1.8499999
1969-02-18,-1.8299999
1969-02-19,-1.7099999
1969-02-20,2.83
1969-02-21,3.3799999
1969-02-22,0.83
1969-02-23,0.75
1969-02-24,-1.1899999
1969-02-25,1.9799999
1969-02-26,2.21
1969-02-27,0.28
1969-02-28,-0.39
1969-03-01,1.8399999
1969-03-02,-1.5
1969-03-03,-2.31
1969-03-04,-0.71999997
1969-03-05,-1.09
1969-03-06,-0.39
1969-03-07,2.07
1969-03-08,1.43
1969-03-09,2.28
1969-03-10,3.1399999
1969-03-11,3.04
1969-03-12,5.7799997
1969-03-13,6.1299996
1969-03-14,9.389999
1969-03-15,9.66
1969-03-16,7.12
1969-03-17,3.87
1969-03-18,7.06
1969-03-19,6.12
1969-03-20,1.8
1969-03-21,-0.099999994
1969-03-22,-2.24
1969-03-23,-1.0699999
1969-03-24,1.39
1969-03-25,5.83
1969-03-26,4.98
1969-03-27,4.77
1969-03-28,4.89
1969-03-29,8.62
1969-03-30,6.6
1969-03-31,5.89
1969-04-01,9.889999
1969-04-02,11.55
1969-04-03,11.13
1969-04-04,11.34
1969-04-05,11.61
1969-04-06,10.94
1969-04-07,14.5
1969-04-08,11.7
1969-04-09,4.97
1969-04-10,3.6599998
1969-04-11,10.0
1969-04-12,13.16
1969-04-13,15.83
1969-04-14,19.14
1969-04-15,16.68
1969-04-16,11.23
1969-04-17,10.62
1969-04-18,8.01
1969-04-19,7.3599997
1969-04-20,6.7
1969-04-21,9.46
1969-04-22,16.6
1969-04-23,17.859999
1969-04-24,19.01
1969-04-25,15.889999
1969-04-26,18.5
1969-04-27,19.82
1969-04-28,21.289999
1969-04-29,21.359999
1969-04-30,20.63
1969-05-01,22.05
1969-05-02,17.57
1969-05-03,19.91
1969-05-04,24.16
1969-05-05,25.539999
1969-05-06,26.9
1969-05-07,23.57
1969-05-08,19.56
1969-05-09,18.869999
1969-05-10,21.67
1969-05-11,22.57
1969-05-12,20.27
1969-05-13,21.289999
1969-05-14,23.73
1969-05-15,27.51
1969-05-16,30.72
1969-05-17,28.869999
1969-05-18,21.77
1969-05-19,26.71
1969-05-20,26.699999
1969-05-21,19.85
1969-05-22,17.6
1969-05-23,16.76
1969-05-24,15.78
1969-05-25,18.15
1969-05-26,22.91
1969-05-27,24.279999
1969-05-28,25.0
1969-05-29,27.9
1969-05-30,30.82
1969-05-31,29.23
1969-06-01,23.64
1969-06-02,21.89
1969-06-03,18.18
1969-06-04,14.86
1969-06-05,19.109999
1969-06-06,19.449999
1969-06-07,18.029999
1969-06-08,18.119999
1969-06-09,17.109999
1969-06-10,18.23
1969-06-11,17.22
1969-06-12,19.58
1969-06-13,23.67
1969-06-14,24.49
1969-06-15,22.769999
1969-06-16,22.5
1969-06-17,22.89
1969-06-18,24.85
1969-06-19,25.51
1969-06-20,24.48
1969-06-21,21.8
1969-06-22,20.43
1969-06-23,23.9
1969-06-24,26.34
1969-06-25,29.599998
1969-06-26,24.84
1969-06-27,21.48
1969-06-28,17.69
1969-06-29,20.55
1969-06-30,19.449999
1969-07-01,17.619999
1969-07-02,16.52
1969-07-03,21.9
1969-07-04,26.34
1969-07-05,27.64
1969-07-06,27.56
1969-07-07,26.689999
1969-07-08,26.96
1969-07-09,23.189999
1969-07-10,21.91
1969-07-11,20.32
1969-07-12,17.65
1969-07-13,15.759999
1969-07-14,18.02
1969-07-15,19.949999
1969-07-16,20.939999
1969-07-17,23.189999
1969-07-18,26.099998
1969-07-19,23.01
1969-07-20,21.77
1969-07-21,21.67
1969-07-22,20.359999
1969-07-23,21.609999
1969-07-24,23.93
1969-07-25,24.439999
1969-07-26,22.76
1969-07-27,25.68
1969-07-28,23.65
1969-07-29,22.85
1969-07-30,22.74
1969-07-31,23.869999
1969-08-01,24.47
1969-08-02,24.519999
1969-08-03,27.39
1969-08-04,22.63
1969-08-05,22.689999
1969-08-06,22.97
1969-08-07,23.019999
1969-08-08,25.58
1969-08-09,22.91
1969-08-10,20.14
1969-08-11,21.9
1969-08-12,25.42
1969-08-13,26.269999
1969-08-14,28.699999
1969-08-15,29.5
1969-08-16,27.66
1969-08-17,28.05
1969-08-18,24.51
1969-08-19,23.07
1969-08-20,20.34
1969-08-21,22.5
1969-08-22,27.22
1969-08-23,26.289999
1969-08-24,29.25
1969-08-25,29.01
1969-08-26,28.63
1969-08-27,24.18
1969-08-28,23.869999
1969-08-29,21.609999
1969-08-30,22.869999
1969-08-31,24.99
1969-09-01,25.35
1969-09-02,25.49
1969-09-03,23.74
1969-09-04,26.15
1969-09-05,24.269999
1969-09-06,20.99
1969-09-07,19.09
1969-09-08,22.24
1969-09-09,25.58
1969-09-10,25.3
1969-09-11,24.609999
1969-09-12,22.109999
1969-09-13,23.439999
1969-09-14,22.89
1969-09-15,21.529999
1969-09-16,24.31
1969-09-17,23.619999
1969-09-18,20.05
1969-09-19,16.44
1969-09-20,16.07
1969-09-21,17.26
1969-09-22,19.06
1969-09-23,18.92
1969-09-24,18.82
1969-09-25,19.0
1969-09-26,20.31
1969-09-27,19.16
1969-09-28,17.1
1969-09-29,16.57
1969-09-30,22.07
1969-10-01,21.199999
1969-10-02,15.66
1969-10-03,11.719999
1969-10-04,12.24
1969-10-05,13.63
1969-10-06,12.559999
1969-10-07,14.509999
1969-10-08,16.05
1969-10-09,18.38
1969-10-10,21.279999
1969-10-11,23.35
1969-10-12,20.58
1969-10-13,19.65
1969-10-14,20.449999
1969-10-15,20.52
1969-10-16,20.789999
1969-10-17,19.88
1969-10-18,16.67
1969-10-19,14.37
1969-10-20,18.98
1969-10-21,19.97
1969-10-22,20.18
1969-10-23,15.889999
1969-10-24,15.639999
1969-10-25,13.45
1969-10-26,14.21
1969-10-27,11.05
1969-10-28,9.75
1969-10-29,11.84
1969-10-30,12.259999
1969-10-31,7.99
1969-11-01,8.889999
1969-11-02,13.969999
1969-11-03,15.219999
1969-11-04,19.56
1969-11-05,17.73
1969-11-06,9.55
1969-11-07,3.05
1969-11-08,5.0
1969-11-09,11.01
1969-11-10,13.46
1969-11-11,13.59
1969-11-12,16.07
1969-11-13,19.48
1969-11-14,21.09
1969-11-15,19.189999
1969-11-16,15.37
1969-11-17,11.74
1969-11-18,10.23
1969-11-19,9.48
1969-11-20,10.53
1969-11-21,14.15
1969-11-22,13.57
1969-11-23,13.5
1969-11-24,14.889999
1969-11-25,13.63
1969-11-26,15.059999
1969-11-27,13.799999
1969-11-28,5.94
1969-11-29,2.03
1969-11-30,3.9599998
1969-12-01,4.75
1969-12-02,4.7999997
1969-12-03,3.6499999
1969-12-04,0.5
1969-12-05,2.31
1969-12-06,12.08
1969-12-07,10.469999
1969-12-08,4.1
1969-12-09,4.95
1969-12-10,4.65
1969-12-11,1.31
1969-12-12,0.65
1969-12-13,0.29999998
1969-12-14,1.01
1969-12-15,0.52
1969-12-16,3.59
1969-12-17,2.18
1969-12-18,-1.61
1969-12-19,1.27
1969-12-20,1.36
1969-12-21,0.7
1969-12-22,-1.12
1969-12-23,-1.9
1969-12-24,-1.4599999
1969-12-25,-1.48
1969-12-26,-1.9699999
1969-12-27,-1.7099999
1969-12-28,-1.68
1969-12-29,-0.25
1969-12-30,0.19
1969-12-31,-2.26
1970-01-01,2.46
1970-01-02,1.73
1970-01-03,-2.3899999
1970-01-04,-3.6599998
1970-01-05,2.48
1970-01-06,5.56
1970-01-07,4.37
1970-01-08,3.56
1970-01-09,-5.19
1970-01-10,-6.0299997
1970-01-11,0.13
1970-01-12,2.1299999
1970-01-13,2.4199998
1970-01-14,3.54
1970-01-15,2.96
1970-01-16,4.73
1970-01-17,8.33
1970-01-18,3.62
1970-01-19,-5.3399997
1970-01-20,-4.77
1970-01-21,-3.35
1970-01-22,-4.0299997
1970-01-23,-3.21
1970-01-24,-3.4099998
1970-01-25,-2.3
1970-01-26,-2.24
1970-01-27,-0.89
1970-01-28,3.76
1970-01-29,-0.9
1970-01-30,-5.1099997
1970-01-31,-3.5
1970-02-01,-1.5999999
1970-02-02,-3.9199998
1970-02-03,-0.14
1970-02-04,1.79
1970-02-05,7.5099998
1970-02-06,7.6299996
1970-02-07,4.98
1970-02-08,2.77
1970-02-09,4.47
1970-02-10,6.7599998
1970-02-11,5.66
1970-02-12,0.95
1970-02-13,1.73
1970-02-14,5.97
1970-02-15,6.5
1970-02-16,5.69
1970-02-17,0.04
1970-02-18,-6.92
1970-02-19,-3.27
1970-02-20,-1.62
1970-02-21,-1.55
1970-02-22,-3.26
1970-02-23,1.8499999
1970-02-24,4.2
1970-02-25,2.0
1970-02-26,2.4199998
1970-02-27,1.55
1970-02-28,1.1899999
1970-03-01,0.39999998
1970-03-02,-1.22
1970-03-03,0.11
1970-03-04,5.24
1970-03-05,9.2
1970-03-06,9.469999
1970-03-07,8.809999
1970-03-08,6.54
1970-03-09,6.7599998
1970-03-10,6.2
1970-03-11,3.75
1970-03-12,3.26
1970-03-13,4.38
1970-03-14,5.77
1970-03-15,8.49
1970-03-16,7.71
1970-03-17,5.29
1970-03-18,5.9
1970-03-19,7.04
1970-03-20,9.639999
1970-03-21,6.3199997
1970-03-22,9.059999
1970-03-23,13.11
1970-03-24,14.639999
1970-03-25,17.31
1970-03-26,17.02
1970-03-27,14.98
1970-03-28,16.42
1970-03-29,11.08
1970-03-30,6.68
1970-03-31,12.349999
1970-04-01,14.2
1970-04-02,14.7699995
1970-04-03,14.91
1970-04-04,11.99
1970-04-05,11.059999
1970-04-06,11.08
1970-04-07,13.2699995
1970-04-08,12.05
1970-04-09,15.63
1970-04-10,17.21
1970-04-11,18.19
1970-04-12,14.95
1970-04-13,12.5199995
1970-04-14,14.08
1970-04-15,11.58
1970-04-16,7.0699997
1970-04-17,13.88
1970-04-18,13.66
1970-04-19,15.299999
1970-04-20,19.539999
1970-04-21,21.89
1970-04-22,16.17
1970-04-23,19.32
1970-04-24,23.76
1970-04-25,23.43
1970-04-26,22.18
1970-04-27,22.869999
1970-04-28,20.63
1970-04-29,20.34
1970-04-30,18.17
1970-05-01,11.04
1970-05-02,12.32
1970-05-03,10.7
1970-05-04,11.91
1970-05-05,16.31
1970-05-06,18.539999
1970-05-07,21.199999
1970-05-08,22.18
1970-05-09,21.08
1970-05-10,19.43
1970-05-11,24.0
1970-05-12,21.199999
1970-05-13,14.69
1970-05-14,16.88
1970-05-15,17.14
1970-05-16,17.42
1970-05-17,19.47
1970-05-18,16.91
1970-05-19,18.6
1970-05-20,20.14
1970-05-21,18.93
1970-05-22,18.44
1970-05-23,16.8
1970-05-24,12.13
1970-05-25,12.94
1970-05-26,16.73
1970-05-27,19.84
1970-05-28,19.05
1970-05-29,21.05
1970-05-30,19.47
1970-05-31,20.039999
1970-06-01,18.55
1970-06-02,16.5
1970-06-03,16.449999
1970-06-04,17.859999
1970-06-05,18.84
1970-06-06,18.4
1970-06-07,19.52
1970-06-08,24.529999
1970-06-09,26.31
1970-06-10,23.67
1970-06-11,24.3
1970-06-12,21.16
1970-06-13,20.699999
1970-06-14,19.32
1970-06-15,21.58
1970-06-16,22.97
1970-06-17,24.55
1970-06-18,22.47
1970-06-19,22.289999
1970-06-20,21.24
1970-06-21,22.92
1970-06-22,25.4
1970-06-23,25.08
1970-06-24,25.05
1970-06-25,24.119999
1970-06-26,23.55
1970-06-27,22.67
1970-06-28,23.289999
1970-06-29,26.56
1970-06-30,26.789999
1970-07-01,27.869999
1970-07-02,25.96
1970-07-03,27.4
1970-07-04,26.13
1970-07-05,25.32
1970-07-06,24.96
1970-07-07,26.18
1970-07-08,24.859999
1970-07-09,27.48
1970-07-10,29.39
1970-07-11,27.41
1970-07-12,27.8
1970-07-13,26.32
1970-07-14,27.83
1970-07-15,25.82
1970-07-16,27.33
1970-07-17,24.81
1970-07-18,20.47
1970-07-19,17.199999
1970-07-20,23.76
1970-07-21,26.439999
1970-07-22,27.849998
1970-07-23,27.56
1970-07-24,26.8
1970-07-25,27.289999
1970-07-26,24.68
1970-07-27,21.51
1970-07-28,21.99
1970-07-29,22.66
1970-07-30,26.48
1970-07-31,27.65
1970-08-01,27.42
1970-08-02,26.769999
1970-08-03,28.92
1970-08-04,29.039999
1970-08-05,29.22
1970-08-06,28.849998
1970-08-07,26.21
1970-08-08,27.359999
1970-08-09,27.16
1970-08-10,27.47
1970-08-11,25.769999
1970-08-12,21.77
1970-08-13,18.98
1970-08-14,20.46
1970-08-15,24.18
1970-08-16,26.16
1970-08-17,23.619999
1970-08-18,24.21
1970-08-19,24.35
1970-08-20,25.97
1970-08-21,26.09
1970-08-22,24.18
1970-08-23,24.08
1970-08-24,23.01
1970-08-25,19.529999
1970-08-26,19.96
1970-08-27,19.279999
1970-08-28,18.779999
1970-08-29,21.14
1970-08-30,24.49
1970-08-31,22.76
1970-09-01,21.689999
1970-09-02,24.06
1970-09-03,22.48
1970-09-04,25.189999
1970-09-05,20.13
1970-09-06,19.619999
1970-09-07,16.58
1970-09-08,19.63
1970-09-09,26.71
1970-09-10,28.67
1970-09-11,29.949999
1970-09-12,29.869999
1970-09-13,29.71
1970-09-14,25.09
1970-09-15,29.23
1970-09-16,26.5
1970-09-17,27.58
1970-09-18,26.619999
1970-09-19,23.869999
1970-09-20,20.9
1970-09-21,15.179999
1970-09-22,18.289999
1970-09-23,16.0
1970-09-24,15.469999
1970-09-25,14.74
1970-09-26,13.66
1970-09-27,13.5
1970-09-28,10.61
1970-09-29,7.8799996
1970-09-30,8.639999
1970-10-01,15.179999
1970-10-02,12.74
1970-10-03,14.009999
1970-10-04,12.599999
1970-10-05,11.15
1970-10-06,13.53
1970-10-07,19.25
1970-10-08,21.8
1970-10-09,20.15
1970-10-10,21.189999
1970-10-11,19.88
1970-10-12,18.23
1970-10-13,14.5199995
1970-10-14,15.179999
1970-10-15,11.2699995
1970-10-16,5.77
1970-10-17,10.08
1970-10-18,10.639999
1970-10-19,12.78
1970-10-20,15.07
1970-10-21,18.73
1970-10-22,17.199999
1970-10-23,13.32
1970-10-24,8.139999
1970-10-25,6.96
1970-10-26,10.179999
1970-10-27,11.41
1970-10-28,10.55
1970-10-29,15.95
1970-10-30,12.16
1970-10-31,18.08
1970-11-01,16.9
1970-11-02,15.48
1970-11-03,15.57
1970-11-04,16.68
1970-11-05,13.75
1970-11-06,11.62
1970-11-07,7.0899997
1970-11-08,4.97
1970-11-09,8.03
1970-11-10,11.08
1970-11-11,7.43
1970-11-12,10.66
1970-11-13,15.059999
1970-11-14,12.759999
1970-11-15,12.849999
1970-11-16,12.73
1970-11-17,8.72
1970-11-18,4.45
1970-11-19,9.99
1970-11-20,14.17
1970-11-21,13.0199995
1970-11-22,10.78
1970-11-23,9.9
1970-11-24,6.99
1970-11-25,2.5
1970-11-26,4.52
1970-11-27,3.86
1970-11-28,5.5
1970-11-29,4.13
1970-11-30,9.63
1970-12-01,13.63
1970-12-02,9.07
1970-12-03,7.74
1970-12-04,4.4
1970-12-05,3.04
1970-12-06,-0.48999998
1970-12-07,0.83
1970-12-08,3.4299998
1970-12-09,0.77
1970-12-10,-0.03
1970-12-11,0.12
1970-12-12,3.55
1970-12-13,3.3799999
1970-12-14,4.61
1970-12-15,2.6
1970-12-16,3.01
1970-12-17,-0.87
1970-12-18,-1.4
1970-12-19,-2.36
1970-12-20,-3.8999999
1970-12-21,2.95
1970-12-22,2.27
1970-12-23,3.1899998
1970-12-24,5.2799997
1970-12-25,1.56
1970-12-26,3.86
1970-12-27,1.88
1970-12-28,4.19
1970-12-29,6.3399997
1970-12-30,8.179999
1970-12-31,10.59
1971-01-01,8.849999
1971-01-02,2.54
1971-01-03,7.18
1971-01-04,2.4099998
1971-01-05,-0.17999999
1971-01-06,1.11
1971-01-07,-1.17
1971-01-08,-4.0899997
1971-01-09,-1.49
1971-01-10,-2.1299999
1971-01-11,-1.2099999
1971-01-12,2.6399999
1971-01-13,3.8799999
1971-01-14,3.07
1971-01-15,1.53
1971-01-16,0.87
1971-01-17,3.6799998
1971-01-18,2.2
1971-01-19,2.33
1971-01-20,1.1899999
1971-01-21,3.4499998
1971-01-22,6.5
1971-01-23,7.08
1971-01-24,8.099999
1971-01-25,7.6099997
1971-01-26,7.1099997
1971-01-27,4.83
1971-01-28,6.3399997
1971-01-29,7.73
1971-01-30,7.3799996
1971-01-31,7.85
1971-02-01,8.04
1971-02-02,7.1499996
1971-02-03,0.97999996
1971-02-04,-2.26
1971-02-05,-0.56
1971-02-06,1.38
1971-02-07,-0.5
1971-02-08,2.32
1971-02-09,1.8299999
1971-02-10,-2.04
1971-02-11,-3.86
1971-02-12,1.9799999
1971-02-13,1.73
1971-02-14,5.5
1971-02-15,7.41
1971-02-16,7.0099998
1971-02-17,7.77
1971-02-18,6.45
1971-02-19,6.14
1971-02-20,6.68
1971-02-21,6.21
1971-02-22,7.3399997
1971-02-23,7.46
1971-02-24,7.6099997
1971-02-25,3.55
1971-02-26,4.38
1971-02-27,1.3
1971-02-28,-2.22
1971-03-01,-1.0699999
1971-03-02,-0.45
1971-03-03,-2.76
1971-03-04,-2.1399999
1971-03-05,2.98
1971-03-06,1.53
1971-03-07,4.85
1971-03-08,1.03
1971-03-09,1.4599999
1971-03-10,3.6
1971-03-11,-0.39999998
1971-03-12,-2.26
1971-03-13,-3.3
1971-03-14,6.6
1971-03-15,5.5
1971-03-16,9.75
1971-03-17,12.799999
1971-03-18,15.04
1971-03-19,13.13
1971-03-20,15.83
1971-03-21,17.68
1971-03-22,13.87
1971-03-23,12.809999
1971-03-24,7.31
1971-03-25,10.139999
1971-03-26,12.05
1971-03-27,8.37
1971-03-28,10.75
1971-03-29,8.889999
1971-03-30,12.19
1971-03-31,13.67
1971-04-01,11.889999
1971-04-02,8.57
1971-04-03,12.49
1971-04-04,16.64
1971-04-05,17.09
1971-04-06,19.369999
1971-04-07,16.98
1971-04-08,13.799999
1971-04-09,16.14
1971-04-10,18.47
1971-04-11,18.0
1971-04-12,15.589999
1971-04-13,12.62
1971-04-14,11.04
1971-04-15,7.02
1971-04-16,8.98
1971-04-17,14.29
1971-04-18,14.929999
1971-04-19,11.59
1971-04-20,14.589999
1971-04-21,17.07
1971-04-22,17.23
1971-04-23,18.63
1971-04-24,14.37
1971-04-25,15.44
1971-04-26,13.24
1971-04-27,16.84
1971-04-28,17.46
1971-04-29,14.5
1971-04-30,17.51
1971-05-01,15.63
1971-05-02,17.89
1971-05-03,18.67
1971-05-04,18.42
1971-05-05,18.81
1971-05-06,16.46
1971-05-07,12.69
1971-05-08,11.11
1971-05-09,14.719999
1971-05-10,17.3
1971-05-11,19.63
1971-05-12,20.5
1971-05-13,23.9
1971-05-14,23.609999
1971-05-15,24.59
1971-05-16,24.439999
1971-05-17,24.619999
1971-05-18,23.68
1971-05-19,23.38
1971-05-20,24.47
1971-05-21,23.15
1971-05-22,25.31
1971-05-23,23.59
1971-05-24,23.75
1971-05-25,24.14
1971-05-26,24.939999
1971-05-27,23.25
1971-05-28,20.47
1971-05-29,21.57
1971-05-30,20.529999
1971-05-31,18.31
1971-06-01,21.59
1971-06-02,20.14
1971-06-03,20.66
1971-06-04,23.369999
1971-06-05,23.779999
1971-06-06,25.109999
1971-06-07,23.5
1971-06-08,22.449999
1971-06-09,22.01
1971-06-10,24.25
1971-06-11,27.14
1971-06-12,24.63
1971-06-13,17.49
1971-06-14,20.5
1971-06-15,25.01
1971-06-16,26.519999
1971-06-17,22.64
1971-06-18,24.55
1971-06-19,18.039999
1971-06-20,16.46
1971-06-21,17.91
1971-06-22,21.289999
1971-06-23,22.72
1971-06-24,21.24
1971-06-25,25.449999
1971-06-26,24.779999
1971-06-27,25.9
1971-06-28,23.05
1971-06-29,22.74
1971-06-30,19.65
1971-07-01,16.81
1971-07-02,15.009999
1971-07-03,16.74
1971-07-04,18.39
1971-07-05,21.939999
1971-07-06,24.46
1971-07-07,24.97
1971-07-08,22.15
1971-07-09,25.019999
1971-07-10,22.8
1971-07-11,24.59
1971-07-12,26.39
1971-07-13,25.5
1971-07-14,25.05
1971-07-15,22.029999
1971-07-16,21.99
1971-07-17,27.34
1971-07-18,27.17
1971-07-19,25.26
1971-07-20,20.17
1971-07-21,18.06
1971-07-22,17.16
1971-07-23,19.67
1971-07-24,20.13
1971-07-25,22.34
1971-07-26,24.88
1971-07-27,26.939999
1971-07-28,30.76
1971-07-29,30.09
1971-07-30,29.8
1971-07-31,29.32
1971-08-01,27.14
1971-08-02,28.23
1971-08-03,28.949999
1971-08-04,28.949999
1971-08-05,30.48
1971-08-06,30.439999
1971-08-07,31.82
1971-08-08,31.66
1971-08-09,28.09
1971-08-10,23.67
1971-08-11,26.57
1971-08-12,29.88
1971-08-13,25.019999
1971-08-14,25.23
1971-08-15,27.17
1971-08-16,28.97
1971-08-17,25.97
1971-08-18,22.22
1971-08-19,23.33
1971-08-20,24.64
1971-08-21,25.22
1971-08-22,26.529999
1971-08-23,27.88
1971-08-24,23.289999
1971-08-25,18.619999
1971-08-26,19.56
1971-08-27,26.75
1971-08-28,23.06
1971-08-29,18.25
1971-08-30,24.38
1971-08-31,25.849998
1971-09-01,25.49
1971-09-02,23.32
1971-09-03,21.89
1971-09-04,22.66
1971-09-05,24.859999
1971-09-06,20.56
1971-09-07,14.589999
1971-09-08,13.349999
1971-09-09,14.12
1971-09-10,15.009999
1971-09-11,21.72
1971-09-12,18.88
1971-09-13,18.08
1971-09-14,15.87
1971-09-15,17.48
1971-09-16,15.08
1971-09-17,12.5199995
1971-09-18,12.58
1971-09-19,12.29
1971-09-20,11.219999
1971-09-21,14.099999
1971-09-22,17.44
1971-09-23,19.279999
1971-09-24,20.119999
1971-09-25,21.58
1971-09-26,21.67
1971-09-27,19.38
1971-09-28,18.869999
1971-09-29,17.66
1971-09-30,20.109999
1971-10-01,14.5199995
1971-10-02,17.08
1971-10-03,19.75
1971-10-04,21.32
1971-10-05,15.639999
1971-10-06,3.22
1971-10-07,4.71
1971-10-08,13.79
1971-10-09,20.34
1971-10-10,22.9
1971-10-11,20.779999
1971-10-12,21.02
1971-10-13,19.63
1971-10-14,19.39
1971-10-15,22.119999
1971-10-16,14.469999
1971-10-17,7.1299996
1971-10-18,9.55
1971-10-19,10.45
1971-10-20,18.98
1971-10-21,18.039999
1971-10-22,11.469999
1971-10-23,15.11
1971-10-24,10.36
1971-10-25,15.13
1971-10-26,14.299999
1971-10-27,5.27
1971-10-28,2.79
1971-10-29,3.82
1971-10-30,7.22
1971-10-31,7.47
1971-11-01,5.3199997
1971-11-02,2.05
1971-11-03,5.94
1971-11-04,7.2799997
1971-11-05,9.7699995
1971-11-06,12.41
1971-11-07,14.08
1971-11-08,14.589999
1971-11-09,16.16
1971-11-10,13.349999
1971-11-11,12.929999
1971-11-12,11.17
1971-11-13,9.61
1971-11-14,7.27
1971-11-15,6.21
1971-11-16,5.16
1971-11-17,6.56
1971-11-18,5.9
1971-11-19,12.2699995
1971-11-20,13.179999
1971-11-21,4.99
1971-11-22,0.22999999
1971-11-23,6.15
1971-11-24,6.7599998
1971-11-25,1.1899999
1971-11-26,1.5
1971-11-27,-1.3399999
1971-11-28,2.81
1971-11-29,3.3799999
1971-11-30,3.35
1971-12-01,5.72
1971-12-02,5.0
1971-12-03,6.72
1971-12-04,5.4
1971-12-05,1.81
1971-12-06,1.9599999
1971-12-07,-0.13
1971-12-08,-0.84999996
1971-12-09,0.7
1971-12-10,-1.7199999
1971-12-11,-0.79999995
1971-12-12,3.85
1971-12-13,2.29
1971-12-14,-1.1899999
1971-12-15,0.71
1971-12-16,1.1899999
1971-12-17,3.37
1971-12-18,6.3799996
1971-12-19,4.31
1971-12-20,2.9199998
1971-12-21,3.8899999
1971-12-22,4.38
1971-12-23,6.92
1971-12-24,7.68
1971-12-25,4.79
1971-12-26,5.91
1971-12-27,4.73
1971-12-28,2.6799998
1971-12-29,2.46
1971-12-30,3.1
1971-12-31,3.9199998
1972-01-01,3.7099998
1972-01-02,3.1599998
1972-01-03,0.96999997
1972-01-04,3.9299998
1972-01-05,4.24
1972-01-06,3.46
1972-01-07,1.06
1972-01-08,3.27
1972-01-09,4.13
1972-01-10,3.05
1972-01-11,2.8899999
1972-01-12,-2.37
1972-01-13,-8.5
1972-01-14,-8.61
1972-01-15,-8.79
1972-01-16,-8.37
1972-01-17,-12.37
1972-01-18,-4.17
1972-01-19,1.53
1972-01-20,0.96999997
1972-01-21,1.61
1972-01-22,1.22
1972-01-23,0.78999996
1972-01-24,-1.24
1972-01-25,0.88
1972-01-26,1.56
1972-01-27,0.97999996
1972-01-28,6.17
1972-01-29,3.98
1972-01-30,6.72
1972-01-31,4.9
1972-02-01,1.9399999
1972-02-02,-1.89
1972-02-03,-7.47
1972-02-04,-6.04
1972-02-05,-1.27
1972-02-06,2.83
1972-02-07,4.16
1972-02-08,5.12
1972-02-09,9.71
1972-02-10,5.81
1972-02-11,7.48
1972-02-12,7.5299997
1972-02-13,7.37
1972-02-14,5.93
1972-02-15,5.65
1972-02-16,3.09
1972-02-17,2.51
1972-02-18,4.7599998
1972-02-19,12.38
1972-02-20,9.389999
1972-02-21,7.85
1972-02-22,6.62
1972-02-23,8.74
1972-02-24,9.179999
1972-02-25,5.8399997
1972-02-26,8.66
1972-02-27,8.23
1972-02-28,9.38
1972-02-29,10.65
1972-03-01,9.63
1972-03-02,8.58
1972-03-03,8.0
1972-03-04,6.39
1972-03-05,3.7099998
1972-03-06,5.44
1972-03-07,8.7699995
1972-03-08,14.049999
1972-03-09,15.58
1972-03-10,14.759999
1972-03-11,9.61
1972-03-12,-2.96
1972-03-13,1.42
1972-03-14,8.57
1972-03-15,15.41
1972-03-16,14.78
1972-03-17,14.48
1972-03-18,13.5
1972-03-19,14.37
1972-03-20,18.65
1972-03-21,18.91
1972-03-22,19.039999
1972-03-23,16.49
1972-03-24,11.639999
1972-03-25,3.28
1972-03-26,12.509999
1972-03-27,17.26
1972-03-28,17.64
1972-03-29,12.69
1972-03-30,16.66
1972-03-31,17.96
1972-04-01,18.76
1972-04-02,12.57
1972-04-03,11.53
1972-04-04,13.49
1972-04-05,20.02
1972-04-06,22.609999
1972-04-07,14.98
1972-04-08,22.02
1972-04-09,22.13
1972-04-10,16.89
1972-04-11,19.17
1972-04-12,22.76
1972-04-13,19.859999
1972-04-14,20.289999
1972-04-15,19.55
1972-04-16,20.33
1972-04-17,18.75
1972-04-18,20.09
1972-04-19,19.96
1972-04-20,16.96
1972-04-21,16.039999
1972-04-22,16.16
1972-04-23,14.929999
1972-04-24,16.17
1972-04-25,16.43
1972-04-26,13.04
1972-04-27,11.57
1972-04-28,15.46
1972-04-29,16.08
1972-04-30,16.74
1972-05-01,12.95
1972-05-02,12.799999
1972-05-03,13.4
1972-05-04,14.08
1972-05-05,14.86
1972-05-06,16.029999
1972-05-07,16.73
1972-05-08,19.66
1972-05-09,19.31
1972-05-10,18.16
1972-05-11,18.789999
1972-05-12,14.66
1972-05-13,18.24
1972-05-14,20.99
1972-05-15,23.91
1972-05-16,22.8
1972-05-17,24.38
1972-05-18,23.949999
1972-05-19,22.859999
1972-05-20,24.38
1972-05-21,23.439999
1972-05-22,20.46
1972-05-23,20.65
1972-05-24,21.57
1972-05-25,22.68
1972-05-26,23.17
1972-05-27,24.6
1972-05-28,24.46
1972-05-29,16.859999
1972-05-30,21.84
1972-05-31,23.6
1972-06-01,26.15
1972-06-02,25.41
1972-06-03,21.59
1972-06-04,20.939999
1972-06-05,21.77
1972-06-06,22.519999
1972-06-07,24.699999
1972-06-08,25.949999
1972-06-09,26.13
1972-06-10,25.849998
1972-06-11,26.38
1972-06-12,27.099998
1972-06-13,28.269999
1972-06-14,27.369999
1972-06-15,30.08
1972-06-16,31.58
1972-06-17,27.96
1972-06-18,24.439999
1972-06-19,19.48
1972-06-20,19.76
1972-06-21,22.01
1972-06-22,24.75
1972-06-23,29.17
1972-06-24,30.5
1972-06-25,21.689999
1972-06-26,16.63
1972-06-27,18.32
1972-06-28,17.55
1972-06-29,20.51
1972-06-30,23.55
1972-07-01,25.49
1972-07-02,22.73
1972-07-03,18.21
1972-07-04,18.91
1972-07-05,19.99
1972-07-06,20.72
1972-07-07,23.35
1972-07-08,22.75
1972-07-09,21.119999
1972-07-10,19.689999
1972-07-11,21.16
1972-07-12,27.199999
1972-07-13,25.82
1972-07-14,27.779999
1972-07-15,29.14
1972-07-16,28.59
1972-07-17,28.68
1972-07-18,25.779999
1972-07-19,26.58
1972-07-20,26.88
1972-07-21,25.88
1972-07-22,26.22
1972-07-23,26.619999
1972-07-24,27.949999
1972-07-25,27.599998
1972-07-26,30.59
1972-07-27,28.279999
1972-07-28,28.029999
1972-07-29,29.029999
1972-07-30,29.529999
1972-07-31,28.96
1972-08-01,27.519999
1972-08-02,26.41
1972-08-03,28.5
1972-08-04,24.6
1972-08-05,18.59
1972-08-06,16.029999
1972-08-07,19.07
1972-08-08,24.15
1972-08-09,26.14
1972-08-10,25.72
1972-08-11,25.71
1972-08-12,27.51
1972-08-13,26.5
1972-08-14,29.189999
1972-08-15,29.66
1972-08-16,28.67
1972-08-17,26.98
1972-08-18,25.769999
1972-08-19,22.73
1972-08-20,22.81
1972-08-21,23.56
1972-08-22,21.1
1972-08-23,22.55
1972-08-24,22.66
1972-08-25,21.68
1972-08-26,18.89
1972-08-27,19.539999
1972-08-28,20.77
1972-08-29,21.71
1972-08-30,23.189999
1972-08-31,20.4
1972-09-01,17.77
1972-09-02,20.41
1972-09-03,20.92
1972-09-04,21.76
1972-09-05,22.58
1972-09-06,23.58
1972-09-07,20.939999
1972-09-08,23.439999
1972-09-09,23.1
1972-09-10,18.75
1972-09-11,18.19
1972-09-12,16.97
1972-09-13,12.63
1972-09-14,13.759999
1972-09-15,15.73
1972-09-16,20.43
1972-09-17,20.109999
1972-09-18,16.56
1972-09-19,17.58
1972-09-20,18.24
1972-09-21,18.58
1972-09-22,13.94
1972-09-23,11.86
1972-09-24,11.509999
1972-09-25,13.75
1972-09-26,14.839999
1972-09-27,12.09
1972-09-28,14.049999
1972-09-29,9.48
1972-09-30,11.01
1972-10-01,10.42
1972-10-02,11.349999
1972-10-03,8.21
1972-10-04,8.0199995
1972-10-05,10.7699995
1972-10-06,13.69
1972-10-07,14.679999
1972-10-08,12.12
1972-10-09,14.429999
1972-10-10,12.48
1972-10-11,13.24
1972-10-12,16.21
1972-10-13,18.55
1972-10-14,13.4
1972-10-15,10.639999
1972-10-16,8.95
1972-10-17,8.46
1972-10-18,12.86
1972-10-19,5.67
1972-10-20,6.0099998
1972-10-21,9.75
1972-10-22,8.83
1972-10-23,3.4299998
1972-10-24,7.79
1972-10-25,10.59
1972-10-26,9.07
1972-10-27,12.44
1972-10-28,13.58
1972-10-29,15.21
1972-10-30,14.03
1972-10-31,11.24
1972-11-01,9.51
1972-11-02,10.3
1972-11-03,7.7
1972-11-04,9.969999
1972-11-05,11.969999
1972-11-06,11.15
1972-11-07,8.32
1972-11-08,14.24
1972-11-09,12.3
1972-11-10,11.13
1972-11-11,9.04
1972-11-12,9.23
1972-11-13,5.89
1972-11-14,8.83
1972-11-15,12.33
1972-11-16,9.38
1972-11-17,7.97
1972-11-18,11.9
1972-11-19,7.44
1972-11-20,3.03
1972-11-21,6.52
1972-11-22,7.31
1972-11-23,7.75
1972-11-24,8.639999
1972-11-25,9.09
1972-11-26,1.87
1972-11-27,-1.52
1972-11-28,-0.59999996
1972-11-29,4.54
1972-11-30,3.36
1972-12-01,5.29
1972-12-02,4.71
1972-12-03,3.62
1972-12-04,6.0499997
1972-12-05,6.23
1972-12-06,4.02
1972-12-07,2.48
1972-12-08,5.64
1972-12-09,3.29
1972-12-10,3.48
1972-12-11,4.64
1972-12-12,2.6
1972-12-13,4.74
1972-12-14,2.71
1972-12-15,-0.85999995
1972-12-16,-0.78
1972-12-17,0.75
1972-12-18,-2.34
1972-12-19,-1.79
1972-12-20,-4.14
1972-12-21,-1.13
1972-12-22,-1.86
1972-12-23,-0.45
1972-12-24,-1.6999999
1972-12-25,-0.79999995
1972-12-26,-1.27
1972-12-27,-2.31
1972-12-28,-8.57
1972-12-29,-3.85
1972-12-30,-0.96
1972-12-31,1.53
1973-01-01,3.33
1973-01-02,4.61
1973-01-03,3.9599998
1973-01-04,4.0899997
1973-01-05,2.62
1973-01-06,0.90999997
1973-01-07,-0.87
1973-01-08,-0.93
1973-01-09,-0.22999999
1973-01-10,-0.72999996
1973-01-11,-2.1599998
1973-01-12,-6.3999996
1973-01-13,-7.9199996
1973-01-14,-4.92
1973-01-15,-3.74
1973-01-16,-4.6
1973-01-17,-1.5699999
1973-01-18,1.18
1973-01-19,4.47
1973-01-20,3.33
1973-01-21,3.1999998
1973-01-22,2.97
1973-01-23,4.49
1973-01-24,1.62
1973-01-25,-1.7199999
1973-01-26,-0.48
1973-01-27,-0.56
1973-01-28,-1.64
1973-01-29,-0.14999999
1973-01-30,0.24
1973-01-31,-1.06
1973-02-01,0.19
1973-02-02,3.99
1973-02-03,2.3899999
1973-02-04,-0.65
1973-02-05,0.66999996
1973-02-06,3.27
1973-02-07,3.6399999
1973-02-08,6.58
1973-02-09,9.13
1973-02-10,9.87
1973-02-11,10.53
1973-02-12,3.6999998
1973-02-13,4.13
1973-02-14,8.639999
1973-02-15,7.17
1973-02-16,7.7799997
1973-02-17,7.75
1973-02-18,3.7099998
1973-02-19,0.87
1973-02-20,1.63
1973-02-21,-0.38
1973-02-22,3.98
1973-02-23,6.0499997
1973-02-24,8.179999
1973-02-25,3.35
1973-02-26,1.4499999
1973-02-27,-0.07
1973-02-28,0.47
1973-03-01,-2.53
1973-03-02,0.37
1973-03-03,-0.34
1973-03-04,-0.89
1973-03-05,-0.71
1973-03-06,0.22999999
1973-03-07,3.86
1973-03-08,7.02
1973-03-09,4.2799997
1973-03-10,6.16
1973-03-11,3.1699998
1973-03-12,1.8399999
1973-03-13,2.18
1973-03-14,4.21
1973-03-15,2.1299999
1973-03-16,1.78
1973-03-17,4.24
1973-03-18,9.24
1973-03-19,5.16
1973-03-20,3.86
1973-03-21,6.0699997
1973-03-22,6.8399997
1973-03-23,10.62
1973-03-24,13.04
1973-03-25,14.65
1973-03-26,13.929999
1973-03-27,15.549999
1973-03-28,11.83
1973-03-29,10.139999
1973-03-30,11.929999
1973-03-31,15.719999
1973-04-01,18.41
1973-04-02,14.45
1973-04-03,15.96
1973-04-04,16.539999
1973-04-05,12.799999
1973-04-06,15.29
1973-04-07,17.08
1973-04-08,17.74
1973-04-09,17.99
1973-04-10,22.5
1973-04-11,18.65
1973-04-12,12.44
1973-04-13,11.8
1973-04-14,14.5
1973-04-15,8.05
1973-04-16,9.73
1973-04-17,10.83
1973-04-18,14.07
1973-04-19,13.29
1973-04-20,12.3
1973-04-21,14.849999
1973-04-22,11.75
1973-04-23,12.2
1973-04-24,12.42
1973-04-25,14.61
1973-04-26,14.23
1973-04-27,14.96
1973-04-28,16.859999
1973-04-29,18.19
1973-04-30,19.51
1973-05-01,23.689999
1973-05-02,22.56
1973-05-03,22.89
1973-05-04,24.74
1973-05-05,23.73
1973-05-06,25.689999
1973-05-07,26.56
1973-05-08,24.59
1973-05-09,23.82
1973-05-10,16.06
1973-05-11,14.41
1973-05-12,14.86
1973-05-13,14.95
1973-05-14,19.609999
1973-05-15,19.539999
1973-05-16,19.14
1973-05-17,14.34
1973-05-18,14.53
1973-05-19,19.06
1973-05-20,23.779999
1973-05-21,25.279999
1973-05-22,25.39
1973-05-23,25.22
1973-05-24,24.55
1973-05-25,20.88
1973-05-26,16.289999
1973-05-27,16.44
1973-05-28,15.759999
1973-05-29,16.27
1973-05-30,18.31
1973-05-31,19.949999
1973-06-01,21.779999
1973-06-02,22.289999
1973-06-03,24.59
1973-06-04,21.039999
1973-06-05,21.88
1973-06-06,24.09
1973-06-07,24.72
1973-06-08,24.01
1973-06-09,23.25
1973-06-10,21.09
1973-06-11,23.98
1973-06-12,22.05
1973-06-13,23.72
1973-06-14,24.71
1973-06-15,20.8
1973-06-16,15.83
1973-06-17,14.809999
1973-06-18,15.759999
1973-06-19,18.039999
1973-06-20,17.18
1973-06-21,22.619999
1973-06-22,24.019999
1973-06-23,27.289999
1973-06-24,25.16
1973-06-25,19.42
1973-06-26,21.57
1973-06-27,23.289999
1973-06-28,26.38
1973-06-29,27.3
1973-06-30,27.07
1973-07-01,26.83
1973-07-02,27.25
1973-07-03,24.51
1973-07-04,23.57
1973-07-05,22.9
1973-07-06,25.01
1973-07-07,26.349998
1973-07-08,26.599998
1973-07-09,26.48
1973-07-10,24.48
1973-07-11,24.26
1973-07-12,22.369999
1973-07-13,23.67
1973-07-14,22.59
1973-07-15,27.279999
1973-07-16,27.59
1973-07-17,29.679998
1973-07-18,32.52
1973-07-19,27.279999
1973-07-20,24.48
1973-07-21,25.9
1973-07-22,27.949999
1973-07-23,24.01
1973-07-24,24.4
1973-07-25,20.31
1973-07-26,18.39
1973-07-27,20.67
1973-07-28,17.44
1973-07-29,17.949999
1973-07-30,20.33
1973-07-31,22.99
1973-08-01,24.199999
1973-08-02,23.21
1973-08-03,24.949999
1973-08-04,25.8
1973-08-05,25.3
1973-08-06,27.18
1973-08-07,26.359999
1973-08-08,25.05
1973-08-09,22.84
1973-08-10,21.58
1973-08-11,22.38
1973-08-12,26.47
1973-08-13,26.4
1973-08-14,21.17
1973-08-15,20.539999
1973-08-16,20.97
1973-08-17,21.14
1973-08-18,23.439999
1973-08-19,23.779999
1973-08-20,24.84
1973-08-21,25.81
1973-08-22,22.779999
1973-08-23,21.47
1973-08-24,24.14
1973-08-25,23.92
1973-08-26,19.93
1973-08-27,21.84
1973-08-28,25.289999
1973-08-29,24.57
1973-08-30,23.9
1973-08-31,23.24
1973-09-01,25.029999
1973-09-02,20.619999
1973-09-03,24.1
1973-09-04,25.21
1973-09-05,24.09
1973-09-06,26.33
1973-09-07,26.71
1973-09-08,25.88
1973-09-09,27.789999
1973-09-10,27.939999
1973-09-11,21.93
1973-09-12,17.06
1973-09-13,17.52
1973-09-14,16.289999
1973-09-15,21.439999
1973-09-16,20.81
1973-09-17,23.66
1973-09-18,16.41
1973-09-19,16.14
1973-09-20,19.73
1973-09-21,21.98
1973-09-22,24.189999
1973-09-23,22.09
1973-09-24,24.289999
1973-09-25,28.26
1973-09-26,28.359999
1973-09-27,25.05
1973-09-28,23.25
1973-09-29,17.59
1973-09-30,22.23
1973-10-01,24.43
1973-10-02,21.84
1973-10-03,21.949999
1973-10-04,15.07
1973-10-05,15.839999
1973-10-06,19.75
1973-10-07,21.25
1973-10-08,19.81
1973-10-09,20.039999
1973-10-10,20.189999
1973-10-11,21.119999
1973-10-12,20.98
1973-10-13,13.87
1973-10-14,16.08
1973-10-15,17.18
1973-10-16,17.94
1973-10-17,20.88
1973-10-18,20.1
1973-10-19,16.39
1973-10-20,13.92
1973-10-21,14.12
1973-10-22,14.33
1973-10-23,10.73
1973-10-24,9.01
1973-10-25,4.56
1973-10-26,10.969999
1973-10-27,11.099999
1973-10-28,11.57
1973-10-29,13.469999
1973-10-30,10.53
1973-10-31,6.12
1973-11-01,-3.97
1973-11-02,-2.1699998
1973-11-03,2.6599998
1973-11-04,8.01
1973-11-05,10.94
1973-11-06,12.889999
1973-11-07,11.34
1973-11-08,8.139999
1973-11-09,7.46
1973-11-10,6.16
1973-11-11,8.71
1973-11-12,9.57
1973-11-13,7.6099997
1973-11-14,9.179999
1973-11-15,7.62
1973-11-16,9.51
1973-11-17,8.5199995
1973-11-18,0.79999995
1973-11-19,4.29
1973-11-20,7.6699996
1973-11-21,2.03
1973-11-22,-0.29999998
1973-11-23,2.26
1973-11-24,5.1
1973-11-25,9.16
1973-11-26,7.29
1973-11-27,2.62
1973-11-28,-0.44
1973-11-29,-3.4499998
1973-11-30,-3.61
1973-12-01,-7.16
1973-12-02,-7.33
1973-12-03,-9.849999
1973-12-04,-5.95
1973-12-05,-1.75
1973-12-06,-1.4499999
1973-12-07,3.56
1973-12-08,1.6999999
1973-12-09,7.41
1973-12-10,1.65
1973-12-11,-3.9299998
1973-12-12,1.26
1973-12-13,-2.07
1973-12-14,-0.04
1973-12-15,0.39999998
1973-12-16,-2.9099998
1973-12-17,-0.53999996
1973-12-18,1.4599999
1973-12-19,-2.3799999
1973-12-20,-0.02
1973-12-21,1.27
1973-12-22,1.9499999
1973-12-23,2.98
1973-12-24,2.59
1973-12-25,1.9799999
1973-12-26,3.6499999
1973-12-27,4.62
1973-12-28,3.5
1973-12-29,-0.65999997
1973-12-30,1.4599999
1973-12-31,1.0799999
1974-01-01,2.1599998
1974-01-02,1.93
1974-01-03,-0.65999997
1974-01-04,-1.26
1974-01-05,-0.32
1974-01-06,-3.36
1974-01-07,-4.91
1974-01-08,-2.78
1974-01-09,-3.4199998
1974-01-10,-1.77
1974-01-11,-5.8799996
1974-01-12,-6.48
1974-01-13,-9.0199995
1974-01-14,-6.16
1974-01-15,-9.44
1974-01-16,-8.36
1974-01-17,-1.9499999
1974-01-18,1.87
1974-01-19,-1.56
1974-01-20,0.47
1974-01-21,-4.12
1974-01-22,-4.81
1974-01-23,1.56
1974-01-24,1.81
1974-01-25,3.08
1974-01-26,-1.43
1974-01-27,4.42
1974-01-28,-0.5
1974-01-29,1.92
1974-01-30,4.06
1974-01-31,1.4599999
1974-02-01,1.88
1974-02-02,3.29
1974-02-03,3.28
1974-02-04,3.1299999
1974-02-05,5.48
1974-02-06,5.79
1974-02-07,8.4
1974-02-08,4.5699997
1974-02-09,2.86
1974-02-10,6.06
1974-02-11,5.96
1974-02-12,8.679999
1974-02-13,6.87
1974-02-14,6.58
1974-02-15,8.9
1974-02-16,9.45
1974-02-17,11.0199995
1974-02-18,6.74
1974-02-19,7.68
1974-02-20,4.95
1974-02-21,5.3599997
1974-02-22,5.65
1974-02-23,4.3199997
1974-02-24,5.42
1974-02-25,4.14
1974-02-26,0.75
1974-02-27,-1.7199999
1974-02-28,0.74
1974-03-01,2.99
1974-03-02,5.37
1974-03-03,2.98
1974-03-04,9.5199995
1974-03-05,4.7
1974-03-06,4.17
1974-03-07,1.42
1974-03-08,1.29
1974-03-09,4.22
1974-03-10,3.36
1974-03-11,3.4099998
1974-03-12,6.52
1974-03-13,11.04
1974-03-14,13.32
1974-03-15,6.08
1974-03-16,9.12
1974-03-17,10.28
1974-03-18,12.009999
1974-03-19,17.01
1974-03-20,22.68
1974-03-21,24.029999
1974-03-22,22.789999
1974-03-23,22.039999
1974-03-24,15.889999
1974-03-25,14.17
1974-03-26,15.62
1974-03-27,15.589999
1974-03-28,12.33
1974-03-29,13.13
1974-03-30,14.5199995
1974-03-31,12.679999
1974-04-01,9.929999
1974-04-02,7.14
1974-04-03,8.83
1974-04-04,6.3599997
1974-04-05,9.349999
1974-04-06,11.0
1974-04-07,12.36
1974-04-08,13.099999
1974-04-09,9.5199995
1974-04-10,16.05
1974-04-11,14.5
1974-04-12,18.88
1974-04-13,16.369999
1974-04-14,10.639999
1974-04-15,7.69
1974-04-16,9.53
1974-04-17,8.84
1974-04-18,10.219999
1974-04-19,10.16
1974-04-20,9.65
1974-04-21,11.309999
1974-04-22,12.07
1974-04-23,10.41
1974-04-24,13.94
1974-04-25,16.46
1974-04-26,11.71
1974-04-27,12.32
1974-04-28,15.299999
1974-04-29,14.58
1974-04-30,17.05
1974-05-01,15.86
1974-05-02,16.949999
1974-05-03,16.19
1974-05-04,18.56
1974-05-05,15.45
1974-05-06,15.179999
1974-05-07,14.03
1974-05-08,16.25
1974-05-09,16.789999
1974-05-10,18.789999
1974-05-11,18.609999
1974-05-12,21.77
1974-05-13,20.15
1974-05-14,18.63
1974-05-15,20.46
1974-05-16,15.7
1974-05-17,15.679999
1974-05-18,17.539999
1974-05-19,19.5
1974-05-20,20.33
1974-05-21,18.66
1974-05-22,17.13
1974-05-23,14.559999
1974-05-24,17.69
1974-05-25,16.65
1974-05-26,17.01
1974-05-27,19.18
1974-05-28,22.23
1974-05-29,21.42
1974-05-30,21.64
1974-05-31,25.15
1974-06-01,22.1
1974-06-02,21.77
1974-06-03,23.38
1974-06-04,21.72
1974-06-05,23.15
1974-06-06,22.68
1974-06-07,23.57
1974-06-08,18.85
1974-06-09,20.75
1974-06-10,22.41
1974-06-11,24.39
1974-06-12,18.38
1974-06-13,14.75
1974-06-14,15.299999
1974-06-15,16.77
1974-06-16,19.15
1974-06-17,21.27
1974-06-18,22.75
1974-06-19,23.55
1974-06-20,22.81
1974-06-21,22.279999
1974-06-22,22.51
1974-06-23,21.91
1974-06-24,21.67
1974-06-25,21.63
1974-06-26,22.939999
1974-06-27,27.789999
1974-06-28,25.41
1974-06-29,24.17
1974-06-30,22.539999
1974-07-01,20.49
1974-07-02,21.619999
1974-07-03,20.539999
1974-07-04,21.59
1974-07-05,22.74
1974-07-06,27.14
1974-07-07,24.14
1974-07-08,18.63
1974-07-09,17.64
1974-07-10,18.65
1974-07-11,20.119999
1974-07-12,21.67
1974-07-13,27.08
1974-07-14,31.679998
1974-07-15,32.38
1974-07-16,26.859999
1974-07-17,29.3
1974-07-18,29.97
1974-07-19,28.26
1974-07-20,24.46
1974-07-21,18.69
1974-07-22,18.48
1974-07-23,19.88
1974-07-24,21.33
1974-07-25,26.48
1974-07-26,22.939999
1974-07-27,20.8
1974-07-28,26.81
1974-07-29,27.58
1974-07-30,28.189999
1974-07-31,29.099998
1974-08-01,30.22
1974-08-02,30.99
1974-08-03,31.39
1974-08-04,31.289999
1974-08-05,29.98
1974-08-06,26.59
1974-08-07,21.85
1974-08-08,23.83
1974-08-09,27.89
1974-08-10,22.199999
1974-08-11,22.25
1974-08-12,21.949999
1974-08-13,20.77
1974-08-14,22.4
1974-08-15,24.58
1974-08-16,27.689999
1974-08-17,28.619999
1974-08-18,28.789999
1974-08-19,27.869999
1974-08-20,27.869999
1974-08-21,27.439999
1974-08-22,28.08
1974-08-23,25.9
1974-08-24,27.029999
1974-08-25,25.67
1974-08-26,24.41
1974-08-27,24.14
1974-08-28,23.22
1974-08-29,22.13
1974-08-30,21.9
1974-08-31,21.56
1974-09-01,24.029999
1974-09-02,23.68
1974-09-03,25.32
1974-09-04,25.38
1974-09-05,22.02
1974-09-06,21.09
1974-09-07,21.57
1974-09-08,22.619999
1974-09-09,25.32
1974-09-10,25.109999
1974-09-11,21.96
1974-09-12,22.73
1974-09-13,23.96
1974-09-14,24.39
1974-09-15,22.029999
1974-09-16,19.05
1974-09-17,21.83
1974-09-18,22.83
1974-09-19,22.48
1974-09-20,22.439999
1974-09-21,23.619999
1974-09-22,22.82
1974-09-23,22.9
1974-09-24,22.24
1974-09-25,23.47
1974-09-26,18.69
1974-09-27,13.73
1974-09-28,9.99
1974-09-29,17.779999
1974-09-30,23.49
1974-10-01,20.47
1974-10-02,16.99
1974-10-03,14.91
1974-10-04,15.99
1974-10-05,17.859999
1974-10-06,18.58
1974-10-07,16.94
1974-10-08,20.13
1974-10-09,17.6
1974-10-10,14.839999
1974-10-11,16.14
1974-10-12,16.539999
1974-10-13,18.279999
1974-10-14,17.76
1974-10-15,16.41
1974-10-16,18.77
1974-10-17,12.44
1974-10-18,11.73
1974-10-19,11.719999
1974-10-20,13.559999
1974-10-21,18.84
1974-10-22,15.94
1974-10-23,16.359999
1974-10-24,14.15
1974-10-25,8.87
1974-10-26,9.559999
1974-10-27,7.79
1974-10-28,10.61
1974-10-29,11.7699995
1974-10-30,10.61
1974-10-31,9.24
1974-11-01,7.2799997
1974-11-02,1.9599999
1974-11-03,2.9399998
1974-11-04,4.94
1974-11-05,6.1299996
1974-11-06,3.55
1974-11-07,4.9
1974-11-08,3.9399998
1974-11-09,1.11
1974-11-10,2.61
1974-11-11,7.14
1974-11-12,5.7
1974-11-13,4.92
1974-11-14,4.21
1974-11-15,5.13
1974-11-16,7.16
1974-11-17,10.48
1974-11-18,5.5499997
1974-11-19,6.64
1974-11-20,9.2
1974-11-21,5.21
1974-11-22,3.05
1974-11-23,3.3999999
1974-11-24,1.99
1974-11-25,3.9099998
1974-11-26,4.2
1974-11-27,2.99
1974-11-28,2.34
1974-11-29,4.44
1974-11-30,1.89
1974-12-01,1.51
1974-12-02,1.61
1974-12-03,3.08
1974-12-04,3.29
1974-12-05,3.22
1974-12-06,3.1
1974-12-07,-0.35999998
1974-12-08,-1.3399999
1974-12-09,-1.3399999
1974-12-10,0.76
1974-12-11,3.6999998
1974-12-12,4.08
1974-12-13,4.81
1974-12-14,6.35
1974-12-15,3.29
1974-12-16,3.12
1974-12-17,2.72
1974-12-18,1.9399999
1974-12-19,1.3399999
1974-12-20,-0.81
1974-12-21,0.26999998
1974-12-22,3.1499999
1974-12-23,3.36
1974-12-24,3.1499999
1974-12-25,3.47
1974-12-26,4.22
1974-12-27,5.97
1974-12-28,5.1
1974-12-29,7.56
1974-12-30,8.8
1974-12-31,3.76
1975-01-01,-3.1899998
1975-01-02,-2.3999999
1975-01-03,-2.31
1975-01-04,0.53
1975-01-05,-0.08
1975-01-06,6.08
1975-01-07,5.19
1975-01-08,4.0699997
1975-01-09,-1.79
1975-01-10,-5.0699997
1975-01-11,-1.0799999
1975-01-12,0.31
1975-01-13,2.86
1975-01-14,1.25
1975-01-15,0.88
1975-01-16,4.12
1975-01-17,3.6399999
1975-01-18,4.27
1975-01-19,6.62
1975-01-20,5.97
1975-01-21,2.95
1975-01-22,1.5799999
1975-01-23,2.1599998
1975-01-24,2.95
1975-01-25,2.49
1975-01-26,1.31
1975-01-27,1.01
1975-01-28,0.02
1975-01-29,1.14
1975-01-30,1.8499999
1975-01-31,1.52
1975-02-01,3.8799999
1975-02-02,3.53
1975-02-03,1.28
1975-02-04,-1.04
1975-02-05,0.89
1975-02-06,0.32
1975-02-07,3.4099998
1975-02-08,-0.96999997
1975-02-09,-5.5299997
1975-02-10,-1.3299999
1975-02-11,1.9699999
1975-02-12,5.85
1975-02-13,10.5
1975-02-14,9.099999
1975-02-15,6.85
1975-02-16,3.33
1975-02-17,-1.09
1975-02-18,0.72999996
1975-02-19,5.0899997
1975-02-20,7.93
1975-02-21,-0.16
1975-02-22,-1.52
1975-02-23,0.90999997
1975-02-24,2.76
1975-02-25,3.6299999
1975-02-26,-1.73
1975-02-27,-3.55
1975-02-28,0.39
1975-03-01,4.0899997
1975-03-02,11.059999
1975-03-03,13.78
1975-03-04,14.009999
1975-03-05,15.549999
1975-03-06,14.53
1975-03-07,14.139999
1975-03-08,19.55
1975-03-09,17.49
1975-03-10,14.53
1975-03-11,14.04
1975-03-12,17.24
1975-03-13,15.4
1975-03-14,12.5
1975-03-15,12.29
1975-03-16,13.5199995
1975-03-17,14.58
1975-03-18,13.99
1975-03-19,15.48
1975-03-20,15.99
1975-03-21,9.17
1975-03-22,3.1299999
1975-03-23,6.23
1975-03-24,9.01
1975-03-25,7.71
1975-03-26,5.5699997
1975-03-27,10.559999
1975-03-28,12.719999
1975-03-29,15.74
1975-03-30,19.16
1975-03-31,23.31
1975-04-01,18.31
1975-04-02,16.43
1975-04-03,16.43
1975-04-04,13.929999
1975-04-05,17.15
1975-04-06,20.42
1975-04-07,23.5
1975-04-08,23.35
1975-04-09,17.199999
1975-04-10,15.889999
1975-04-11,15.259999
1975-04-12,8.59
1975-04-13,9.84
1975-04-14,9.79
1975-04-15,15.849999
1975-04-16,21.02
1975-04-17,17.73
1975-04-18,13.32
1975-04-19,10.61
1975-04-20,9.74
1975-04-21,12.099999
1975-04-22,12.54
1975-04-23,15.58
1975-04-24,18.55
1975-04-25,15.92
1975-04-26,11.32
1975-04-27,10.91
1975-04-28,14.049999
1975-04-29,15.29
1975-04-30,17.6
1975-05-01,15.599999
1975-05-02,16.89
1975-05-03,15.32
1975-05-04,18.39
1975-05-05,19.6
1975-05-06,20.41
1975-05-07,21.939999
1975-05-08,20.73
1975-05-09,17.82
1975-05-10,20.5
1975-05-11,20.56
1975-05-12,19.64
1975-05-13,20.66
1975-05-14,18.99
1975-05-15,20.14
1975-05-16,20.539999
1975-05-17,22.5
1975-05-18,25.39
1975-05-19,26.26
1975-05-20,25.269999
1975-05-21,23.65
1975-05-22,24.109999
1975-05-23,24.8
1975-05-24,21.699999
1975-05-25,20.82
1975-05-26,20.65
1975-05-27,18.91
1975-05-28,19.01
1975-05-29,22.23
1975-05-30,24.109999
1975-05-31,21.91
1975-06-01,23.08
1975-06-02,27.39
1975-06-03,23.98
1975-06-04,21.68
1975-06-05,15.7699995
1975-06-06,14.849999
1975-06-07,15.75
1975-06-08,16.609999
1975-06-09,16.91
1975-06-10,20.49
1975-06-11,21.06
1975-06-12,22.82
1975-06-13,23.74
1975-06-14,23.33
1975-06-15,25.96
1975-06-16,26.109999
1975-06-17,24.97
1975-06-18,25.539999
1975-06-19,25.33
1975-06-20,25.769999
1975-06-21,27.13
1975-06-22,26.119999
1975-06-23,27.18
1975-06-24,29.269999
1975-06-25,28.9
1975-06-26,22.939999
1975-06-27,23.949999
1975-06-28,26.099998
1975-06-29,26.9
1975-06-30,25.84
1975-07-01,24.949999
1975-07-02,20.84
1975-07-03,19.81
1975-07-04,23.25
1975-07-05,23.59
1975-07-06,24.51
1975-07-07,22.34
1975-07-08,23.09
1975-07-09,22.41
1975-07-10,25.74
1975-07-11,26.48
1975-07-12,25.47
1975-07-13,24.32
1975-07-14,24.449999
1975-07-15,25.859999
1975-07-16,28.189999
1975-07-17,27.789999
1975-07-18,27.05
1975-07-19,28.43
1975-07-20,27.23
1975-07-21,23.529999
1975-07-22,22.64
1975-07-23,24.22
1975-07-24,24.64
1975-07-25,26.0
1975-07-26,23.85
1975-07-27,18.91
1975-07-28,19.6
1975-07-29,21.289999
1975-07-30,24.58
1975-07-31,23.35
1975-08-01,25.64
1975-08-02,24.369999
1975-08-03,24.029999
1975-08-04,22.199999
1975-08-05,22.519999
1975-08-06,24.029999
1975-08-07,25.01
1975-08-08,23.92
1975-08-09,23.859999
1975-08-10,25.539999
1975-08-11,24.65
1975-08-12,24.859999
1975-08-13,22.859999
1975-08-14,19.699999
1975-08-15,22.55
1975-08-16,25.74
1975-08-17,24.67
1975-08-18,25.15
1975-08-19,25.8
1975-08-20,21.57
1975-08-21,19.609999
1975-08-22,22.699999
1975-08-23,21.82
1975-08-24,24.189999
1975-08-25,25.15
1975-08-26,25.49
1975-08-27,26.789999
1975-08-28,22.93
1975-08-29,24.48
1975-08-30,23.73
1975-08-31,23.56
1975-09-01,25.359999
1975-09-02,25.56
1975-09-03,26.05
1975-09-04,24.08
1975-09-05,24.47
1975-09-06,23.5
1975-09-07,21.46
1975-09-08,20.56
1975-09-09,17.73
1975-09-10,18.789999
1975-09-11,23.1
1975-09-12,21.96
1975-09-13,21.48
1975-09-14,19.689999
1975-09-15,24.08
1975-09-16,26.71
1975-09-17,23.66
1975-09-18,23.67
1975-09-19,23.939999
1975-09-20,24.48
1975-09-21,25.13
1975-09-22,24.779999
1975-09-23,26.73
1975-09-24,26.38
1975-09-25,25.66
1975-09-26,24.33
1975-09-27,21.449999
1975-09-28,23.31
1975-09-29,27.369999
1975-09-30,24.55
1975-10-01,22.07
1975-10-02,23.42
1975-10-03,21.25
1975-10-04,19.23
1975-10-05,15.36
1975-10-06,13.299999
1975-10-07,14.2
1975-10-08,11.42
1975-10-09,11.219999
1975-10-10,11.509999
1975-10-11,8.32
1975-10-12,8.5199995
1975-10-13,12.74
1975-10-14,14.2699995
1975-10-15,12.36
1975-10-16,12.57
1975-10-17,13.469999
1975-10-18,15.37
1975-10-19,14.13
1975-10-20,12.24
1975-10-21,13.36
1975-10-22,13.849999
1975-10-23,13.53
1975-10-24,11.3
1975-10-25,9.69
1975-10-26,11.0199995
1975-10-27,12.5
1975-10-28,13.19
1975-10-29,12.599999
1975-10-30,13.299999
1975-10-31,12.23
1975-11-01,10.49
1975-11-02,12.65
1975-11-03,11.46
1975-11-04,8.55
1975-11-05,10.82
1975-11-06,8.91
1975-11-07,10.15
1975-11-08,8.45
1975-11-09,6.15
1975-11-10,4.42
1975-11-11,2.02
1975-11-12,3.81
1975-11-13,3.87
1975-11-14,6.0899997
1975-11-15,5.5499997
1975-11-16,4.17
1975-11-17,3.9599998
1975-11-18,9.13
1975-11-19,10.99
1975-11-20,8.03
1975-11-21,5.43
1975-11-22,-0.22999999
1975-11-23,-0.85999995
1975-11-24,-6.2599998
1975-11-25,-5.2999997
1975-11-26,-5.5699997
1975-11-27,-1.29
1975-11-28,0.32999998
1975-11-29,4.47
1975-11-30,2.98
1975-12-01,5.69
1975-12-02,4.24
1975-12-03,4.43
1975-12-04,6.48
1975-12-05,4.29
1975-12-06,3.34
1975-12-07,2.34
1975-12-08,-0.12
1975-12-09,0.34
1975-12-10,0.78
1975-12-11,0.29
1975-12-12,1.9699999
1975-12-13,1.16
1975-12-14,2.27
1975-12-15,1.1
1975-12-16,0.08
1975-12-17,2.1499999
1975-12-18,7.47
1975-12-19,-0.45
1975-12-20,-5.7599998
1975-12-21,-10.4
1975-12-22,-2.44
1975-12-23,1.27
1975-12-24,0.94
1975-12-25,1.78
1975-12-26,-0.44
1975-12-27,-1.93
1975-12-28,1.15
1975-12-29,3.3
1975-12-30,3.0
1975-12-31,-0.02
1976-01-01,1.18
1976-01-02,4.1
1976-01-03,3.6899998
1976-01-04,2.98
1976-01-05,-5.3599997
1976-01-06,1.13
1976-01-07,-2.56
1976-01-08,1.7199999
1976-01-09,1.67
1976-01-10,3.1399999
1976-01-11,2.84
1976-01-12,3.08
1976-01-13,5.45
1976-01-14,1.74
1976-01-15,5.13
1976-01-16,2.62
1976-01-17,-4.87
1976-01-18,-7.29
1976-01-19,-8.98
1976-01-20,-3.01
1976-01-21,1.77
1976-01-22,1.51
1976-01-23,3.82
1976-01-24,5.8199997
1976-01-25,3.26
1976-01-26,2.5
1976-01-27,4.12
1976-01-28,5.08
1976-01-29,2.57
1976-01-30,-2.6299999
1976-01-31,-3.3
1976-02-01,-3.58
1976-02-02,0.32
1976-02-03,1.0
1976-02-04,-2.9399998
1976-02-05,-2.82
1976-02-06,-4.0899997
1976-02-07,-7.47
1976-02-08,-12.509999
1976-02-09,-9.16
1976-02-10,-5.38
1976-02-11,-3.3999999
1976-02-12,-4.94
1976-02-13,-2.2
1976-02-14,4.7999997
1976-02-15,3.83
1976-02-16,5.58
1976-02-17,1.12
1976-02-18,-0.29
1976-02-19,2.61
1976-02-20,2.53
1976-02-21,4.5299997
1976-02-22,1.79
1976-02-23,2.8899999
1976-02-24,-1.4699999
1976-02-25,-2.23
1976-02-26,3.49
1976-02-27,4.18
1976-02-28,1.03
1976-02-29,3.9499998
1976-03-01,9.46
1976-03-02,8.01
1976-03-03,0.77
1976-03-04,-3.33
1976-03-05,-1.4699999
1976-03-06,-0.51
1976-03-07,-2.45
1976-03-08,2.78
1976-03-09,7.46
1976-03-10,8.12
1976-03-11,4.16
1976-03-12,3.59
1976-03-13,3.29
1976-03-14,3.47
1976-03-15,4.87
1976-03-16,8.61
1976-03-17,11.05
1976-03-18,7.8999996
1976-03-19,9.5
1976-03-20,5.16
1976-03-21,0.25
1976-03-22,0.39999998
1976-03-23,4.31
1976-03-24,7.5499997
1976-03-25,9.29
1976-03-26,7.33
1976-03-27,8.679999
1976-03-28,6.99
1976-03-29,12.13
1976-03-30,13.91
1976-03-31,15.12
1976-04-01,17.02
1976-04-02,19.33
1976-04-03,18.27
1976-04-04,22.16
1976-04-05,21.109999
1976-04-06,21.65
1976-04-07,20.539999
1976-04-08,13.91
1976-04-09,15.36
1976-04-10,13.78
1976-04-11,12.059999
1976-04-12,9.07
1976-04-13,9.32
1976-04-14,15.259999
1976-04-15,18.449999
1976-04-16,13.24
1976-04-17,13.0199995
1976-04-18,16.32
1976-04-19,15.429999
1976-04-20,16.949999
1976-04-21,17.76
1976-04-22,15.78
1976-04-23,15.089999
1976-04-24,11.32
1976-04-25,14.74
1976-04-26,14.92
1976-04-27,11.809999
1976-04-28,12.99
1976-04-29,9.48
1976-04-30,8.7
1976-05-01,14.29
1976-05-02,17.0
1976-05-03,14.34
1976-05-04,16.49
1976-05-05,19.52
1976-05-06,19.52
1976-05-07,21.5
1976-05-08,19.25
1976-05-09,21.05
1976-05-10,19.33
1976-05-11,19.91
1976-05-12,16.98
1976-05-13,18.119999
1976-05-14,21.16
1976-05-15,15.839999
1976-05-16,15.75
1976-05-17,18.82
1976-05-18,21.64
1976-05-19,23.18
1976-05-20,22.88
1976-05-21,24.81
1976-05-22,20.55
1976-05-23,18.8
1976-05-24,17.27
1976-05-25,17.85
1976-05-26,22.18
1976-05-27,21.65
1976-05-28,19.55
1976-05-29,18.82
1976-05-30,20.02
1976-05-31,22.39
1976-06-01,16.609999
1976-06-02,16.609999
1976-06-03,14.65
1976-06-04,15.7
1976-06-05,17.66
1976-06-06,18.89
1976-06-07,21.67
1976-06-08,18.98
1976-06-09,18.64
1976-06-10,16.97
1976-06-11,17.789999
1976-06-12,20.789999
1976-06-13,21.68
1976-06-14,19.189999
1976-06-15,19.119999
1976-06-16,24.06
1976-06-17,18.55
1976-06-18,19.25
1976-06-19,23.689999
1976-06-20,23.769999
1976-06-21,25.15
1976-06-22,25.07
1976-06-23,23.25
1976-06-24,21.789999
1976-06-25,21.189999
1976-06-26,21.789999
1976-06-27,22.99
1976-06-28,26.289999
1976-06-29,25.93
1976-06-30,24.07
1976-07-01,25.93
1976-07-02,24.73
1976-07-03,24.769999
1976-07-04,27.72
1976-07-05,28.14
1976-07-06,22.92
1976-07-07,24.09
1976-07-08,24.51
1976-07-09,23.279999
1976-07-10,22.9
1976-07-11,17.65
1976-07-12,19.359999
1976-07-13,22.35
1976-07-14,23.039999
1976-07-15,24.0
1976-07-16,24.189999
1976-07-17,25.05
1976-07-18,24.51
1976-07-19,28.5
1976-07-20,28.07
1976-07-21,28.42
1976-07-22,26.279999
1976-07-23,23.949999
1976-07-24,24.859999
1976-07-25,22.05
1976-07-26,23.48
1976-07-27,25.14
1976-07-28,24.81
1976-07-29,21.3
1976-07-30,19.8
1976-07-31,24.609999
1976-08-01,26.39
1976-08-02,24.14
1976-08-03,18.81
1976-08-04,20.66
1976-08-05,20.6
1976-08-06,18.279999
1976-08-07,18.96
1976-08-08,18.66
1976-08-09,18.869999
1976-08-10,21.49
1976-08-11,22.439999
1976-08-12,19.83
1976-08-13,20.83
1976-08-14,22.039999
1976-08-15,19.23
1976-08-16,22.15
1976-08-17,21.46
1976-08-18,21.279999
1976-08-19,20.869999
1976-08-20,20.67
1976-08-21,19.439999
1976-08-22,18.05
1976-08-23,18.789999
1976-08-24,18.18
1976-08-25,19.46
1976-08-26,20.48
1976-08-27,21.359999
1976-08-28,20.59
1976-08-29,19.47
1976-08-30,22.609999
1976-08-31,22.289999
1976-09-01,22.23
1976-09-02,19.72
1976-09-03,19.18
1976-09-04,21.91
1976-09-05,18.98
1976-09-06,14.15
1976-09-07,14.29
1976-09-08,15.86
1976-09-09,18.199999
1976-09-10,20.15
1976-09-11,19.98
1976-09-12,23.58
1976-09-13,25.59
1976-09-14,25.769999
1976-09-15,24.46
1976-09-16,20.65
1976-09-17,17.699999
1976-09-18,14.599999
1976-09-19,13.69
1976-09-20,15.5199995
1976-09-21,14.69
1976-09-22,14.759999
1976-09-23,15.639999
1976-09-24,18.23
1976-09-25,19.029999
1976-09-26,14.98
1976-09-27,16.55
1976-09-28,21.609999
1976-09-29,22.779999
1976-09-30,24.76
1976-10-01,16.699999
1976-10-02,16.789999
1976-10-03,17.039999
1976-10-04,20.65
1976-10-05,20.68
1976-10-06,17.73
1976-10-07,19.43
1976-10-08,20.55
1976-10-09,21.859999
1976-10-10,23.56
1976-10-11,22.68
1976-10-12,21.8
1976-10-13,22.01
1976-10-14,21.13
1976-10-15,16.35
1976-10-16,12.7699995
1976-10-17,8.05
1976-10-18,6.12
1976-10-19,4.97
1976-10-20,4.13
1976-10-21,4.35
1976-10-22,5.5699997
1976-10-23,3.1999998
1976-10-24,5.6299996
1976-10-25,9.139999
1976-10-26,11.389999
1976-10-27,11.8
1976-10-28,11.969999
1976-10-29,11.54
1976-10-30,13.219999
1976-10-31,15.11
1976-11-01,13.24
1976-11-02,11.87
1976-11-03,11.0
1976-11-04,11.48
1976-11-05,10.71
1976-11-06,12.17
1976-11-07,14.32
1976-11-08,13.62
1976-11-09,12.53
1976-11-10,10.8
1976-11-11,8.09
1976-11-12,11.44
1976-11-13,10.69
1976-11-14,11.3
1976-11-15,10.929999
1976-11-16,8.99
1976-11-17,7.7
1976-11-18,6.3199997
1976-11-19,6.72
1976-11-20,5.2
1976-11-21,5.64
1976-11-22,5.5099998
1976-11-23,6.0699997
1976-11-24,-0.7
1976-11-25,-2.62
1976-11-26,-3.1299999
1976-11-27,-0.06
1976-11-28,1.93
1976-11-29,3.3799999
1976-11-30,7.8599997
1976-12-01,3.61
1976-12-02,3.3999999
1976-12-03,8.639999
1976-12-04,3.98
1976-12-05,6.71
1976-12-06,4.7599998
1976-12-07,2.08
1976-12-08,7.68
1976-12-09,4.73
1976-12-10,3.49
1976-12-11,3.98
1976-12-12,-1.3
1976-12-13,-4.7999997
1976-12-14,-5.29
1976-12-15,-4.8199997
1976-12-16,-5.9
1976-12-17,-1.25
1976-12-18,1.3199999
1976-12-19,0.26999998
1976-12-20,-0.78
1976-12-21,0.31
1976-12-22,-1.76
1976-12-23,-2.37
1976-12-24,-1.7099999
1976-12-25,-1.14
1976-12-26,-4.0
1976-12-27,-6.0099998
1976-12-28,-5.4
1976-12-29,-1.64
1976-12-30,2.58
1976-12-31,-0.77
1977-01-01,2.5
1977-01-02,0.08
1977-01-03,1.01
1977-01-04,-0.57
1977-01-05,-2.03
1977-01-06,-1.56
1977-01-07,-0.91999996
1977-01-08,0.47
1977-01-09,-4.67
1977-01-10,-2.53
1977-01-11,-1.0
1977-01-12,3.0
1977-01-13,4.73
1977-01-14,3.35
1977-01-15,2.21
1977-01-16,-0.089999996
1977-01-17,-0.81
1977-01-18,-3.6599998
1977-01-19,-3.52
1977-01-20,-3.1899998
1977-01-21,-0.81
1977-01-22,-2.86
1977-01-23,-0.52
1977-01-24,-0.48
1977-01-25,0.89
1977-01-26,1.73
1977-01-27,5.54
1977-01-28,5.66
1977-01-29,3.58
1977-01-30,6.3999996
1977-01-31,6.2
1977-02-01,5.0499997
1977-02-02,5.14
1977-02-03,2.23
1977-02-04,0.26999998
1977-02-05,0.95
1977-02-06,1.66
1977-02-07,2.6499999
1977-02-08,3.9099998
1977-02-09,4.62
1977-02-10,4.22
1977-02-11,10.04
1977-02-12,7.83
1977-02-13,10.04
1977-02-14,8.36
1977-02-15,6.2599998
1977-02-16,7.23
1977-02-17,6.2799997
1977-02-18,6.7
1977-02-19,9.11
1977-02-20,12.13
1977-02-21,13.7699995
1977-02-22,12.86
1977-02-23,15.11
1977-02-24,12.73
1977-02-25,13.0
1977-02-26,11.219999
1977-02-27,8.32
1977-02-28,2.37
1977-03-01,-2.56
1977-03-02,-0.44
1977-03-03,2.4299998
1977-03-04,5.46
1977-03-05,10.19
1977-03-06,8.66
1977-03-07,7.12
1977-03-08,7.71
1977-03-09,10.57
1977-03-10,8.099999
1977-03-11,10.38
1977-03-12,12.28
1977-03-13,12.929999
1977-03-14,10.84
1977-03-15,11.09
1977-03-16,8.88
1977-03-17,8.24
1977-03-18,9.03
1977-03-19,13.48
1977-03-20,14.9
1977-03-21,15.15
1977-03-22,17.6
1977-03-23,20.35
1977-03-24,20.199999
1977-03-25,17.81
1977-03-26,18.08
1977-03-27,21.32
1977-03-28,20.65
1977-03-29,16.44
1977-03-30,11.24
1977-03-31,11.889999
1977-04-01,10.57
1977-04-02,13.57
1977-04-03,16.96
1977-04-04,18.05
1977-04-05,16.779999
1977-04-06,11.63
1977-04-07,13.63
1977-04-08,18.49
1977-04-09,21.189999
1977-04-10,17.119999
1977-04-11,12.92
1977-04-12,7.02
1977-04-13,6.64
1977-04-14,8.65
1977-04-15,12.099999
1977-04-16,12.61
1977-04-17,10.599999
1977-04-18,10.679999
1977-04-19,15.53
1977-04-20,13.98
1977-04-21,11.7699995
1977-04-22,15.42
1977-04-23,16.05
1977-04-24,17.67
1977-04-25,15.799999
1977-04-26,11.599999
1977-04-27,14.059999
1977-04-28,20.22
1977-04-29,23.46
1977-04-30,23.56
1977-05-01,24.07
1977-05-02,24.96
1977-05-03,24.91
1977-05-04,24.119999
1977-05-05,22.85
1977-05-06,21.99
1977-05-07,21.01
1977-05-08,17.27
1977-05-09,17.72
1977-05-10,16.8
1977-05-11,15.469999
1977-05-12,19.33
1977-05-13,20.02
1977-05-14,21.279999
1977-05-15,21.189999
1977-05-16,19.18
1977-05-17,20.119999
1977-05-18,21.609999
1977-05-19,22.18
1977-05-20,26.439999
1977-05-21,28.57
1977-05-22,27.099998
1977-05-23,19.25
1977-05-24,15.16
1977-05-25,16.66
1977-05-26,14.74
1977-05-27,13.79
1977-05-28,14.82
1977-05-29,13.95
1977-05-30,17.43
1977-05-31,19.98
1977-06-01,17.64
1977-06-02,15.13
1977-06-03,15.82
1977-06-04,15.11
1977-06-05,18.949999
1977-06-06,19.15
1977-06-07,22.66
1977-06-08,24.68
1977-06-09,25.98
1977-06-10,24.609999
1977-06-11,20.24
1977-06-12,21.869999
1977-06-13,23.279999
1977-06-14,25.51
1977-06-15,27.07
1977-06-16,27.63
1977-06-17,28.519999
1977-06-18,28.15
1977-06-19,27.41
1977-06-20,24.039999
1977-06-21,21.27
1977-06-22,22.05
1977-06-23,19.189999
1977-06-24,21.23
1977-06-25,22.02
1977-06-26,22.519999
1977-06-27,21.38
1977-06-28,20.55
1977-06-29,22.93
1977-06-30,24.789999
1977-07-01,24.64
1977-07-02,24.07
1977-07-03,23.689999
1977-07-04,24.76
1977-07-05,25.81
1977-07-06,23.22
1977-07-07,23.34
1977-07-08,27.63
1977-07-09,30.3
1977-07-10,25.97
1977-07-11,22.869999
1977-07-12,19.689999
1977-07-13,22.05
1977-07-14,25.789999
1977-07-15,26.67
1977-07-16,21.939999
1977-07-17,20.85
1977-07-18,22.619999
1977-07-19,25.1
1977-07-20,23.99
1977-07-21,27.41
1977-07-22,24.699999
1977-07-23,23.98
1977-07-24,23.99
1977-07-25,27.08
1977-07-26,30.41
1977-07-27,27.029999
1977-07-28,24.93
1977-07-29,24.72
1977-07-30,26.31
1977-07-31,29.88
1977-08-01,27.279999
1977-08-02,23.47
1977-08-03,21.77
1977-08-04,21.789999
1977-08-05,25.51
1977-08-06,26.71
1977-08-07,25.98
1977-08-08,26.26
1977-08-09,27.07
1977-08-10,27.75
1977-08-11,28.859999
1977-08-12,27.019999
1977-08-13,27.57
1977-08-14,26.3
1977-08-15,24.46
1977-08-16,20.77
1977-08-17,20.55
1977-08-18,24.609999
1977-08-19,27.599998
1977-08-20,22.279999
1977-08-21,22.859999
1977-08-22,28.93
1977-08-23,24.42
1977-08-24,21.08
1977-08-25,15.53
1977-08-26,17.77
1977-08-27,22.56
1977-08-28,27.109999
1977-08-29,25.76
1977-08-30,23.189999
1977-08-31,23.17
1977-09-01,23.66
1977-09-02,24.539999
1977-09-03,25.92
1977-09-04,24.71
1977-09-05,24.199999
1977-09-06,24.64
1977-09-07,25.529999
1977-09-08,25.88
1977-09-09,25.939999
1977-09-10,20.91
1977-09-11,16.57
1977-09-12,21.07
1977-09-13,22.81
1977-09-14,17.859999
1977-09-15,18.31
1977-09-16,17.31
1977-09-17,16.43
1977-09-18,18.8
1977-09-19,22.01
1977-09-20,23.26
1977-09-21,22.81
1977-09-22,18.81
1977-09-23,16.32
1977-09-24,14.37
1977-09-25,10.48
1977-09-26,9.58
1977-09-27,8.87
1977-09-28,8.45
1977-09-29,9.969999
1977-09-30,14.75
1977-10-01,19.66
1977-10-02,16.81
1977-10-03,12.71
1977-10-04,10.2699995
1977-10-05,15.46
1977-10-06,21.18
1977-10-07,22.56
1977-10-08,23.769999
1977-10-09,22.58
1977-10-10,17.43
1977-10-11,17.69
1977-10-12,18.06
1977-10-13,15.54
1977-10-14,14.4
1977-10-15,10.24
1977-10-16,8.25
1977-10-17,8.45
1977-10-18,11.95
1977-10-19,16.31
1977-10-20,17.77
1977-10-21,15.87
1977-10-22,16.789999
1977-10-23,18.85
1977-10-24,17.57
1977-10-25,17.55
1977-10-26,14.4
1977-10-27,14.21
1977-10-28,14.219999
1977-10-29,14.03
1977-10-30,17.289999
1977-10-31,15.63
1977-11-01,13.099999
1977-11-02,12.929999
1977-11-03,10.92
1977-11-04,16.94
1977-11-05,16.49
1977-11-06,14.25
1977-11-07,15.0
1977-11-08,12.03
1977-11-09,11.259999
1977-11-10,12.55
1977-11-11,9.36
1977-11-12,12.759999
1977-11-13,14.259999
1977-11-14,11.94
1977-11-15,13.83
1977-11-16,13.559999
1977-11-17,10.91
1977-11-18,7.2599998
1977-11-19,5.7799997
1977-11-20,4.2999997
1977-11-21,6.94
1977-11-22,8.36
1977-11-23,11.91
1977-11-24,9.44
1977-11-25,5.75
1977-11-26,9.679999
1977-11-27,8.59
1977-11-28,2.83
1977-11-29,-0.22999999
1977-11-30,-1.24
1977-12-01,1.81
1977-12-02,4.14
1977-12-03,2.96
1977-12-04,-2.84
1977-12-05,-8.4
1977-12-06,-2.6399999
1977-12-07,2.77
1977-12-08,3.6799998
1977-12-09,0.19
1977-12-10,-0.31
1977-12-11,-3.84
1977-12-12,-4.71
1977-12-13,-2.9099998
1977-12-14,-1.86
1977-12-15,-3.51
1977-12-16,-4.02
1977-12-17,-4.08
1977-12-18,-2.23
1977-12-19,-1.41
1977-12-20,-1.4599999
1977-12-21,-3.36
1977-12-22,-1.75
1977-12-23,-0.44
1977-12-24,4.04
1977-12-25,5.2799997
1977-12-26,4.18
1977-12-27,0.94
1977-12-28,3.37
1977-12-29,5.48
1977-12-30,3.04
1977-12-31,2.36
1978-01-01,0.89
1978-01-02,-2.3
1978-01-03,0.84999996
1978-01-04,0.9
1978-01-05,-0.96
1978-01-06,-8.03
1978-01-07,-7.25
1978-01-08,-9.86
1978-01-09,-5.77
1978-01-10,-0.19
1978-01-11,1.61
1978-01-12,1.49
1978-01-13,5.93
1978-01-14,5.04
1978-01-15,2.35
1978-01-16,3.24
1978-01-17,3.1599998
1978-01-18,-0.74
1978-01-19,-2.1399999
1978-01-20,-2.98
1978-01-21,-3.11
1978-01-22,-1.66
1978-01-23,-0.55
1978-01-24,0.24
1978-01-25,1.2099999
1978-01-26,4.0499997
1978-01-27,2.48
1978-01-28,4.3399997
1978-01-29,3.0
1978-01-30,7.3999996
1978-01-31,5.37
1978-02-01,2.52
1978-02-02,2.3999999
1978-02-03,2.69
1978-02-04,1.18
1978-02-05,-1.24
1978-02-06,1.9499999
1978-02-07,1.67
1978-02-08,1.12
1978-02-09,-0.06
1978-02-10,-2.6799998
1978-02-11,-0.02
1978-02-12,3.6699998
1978-02-13,5.5
1978-02-14,8.32
1978-02-15,6.98
1978-02-16,-0.72999996
1978-02-17,-2.48
1978-02-18,1.1
1978-02-19,-5.18
1978-02-20,-3.8999999
1978-02-21,-5.35
1978-02-22,-2.53
1978-02-23,0.66999996
1978-02-24,5.24
1978-02-25,8.97
1978-02-26,5.9
1978-02-27,5.65
1978-02-28,7.91
1978-03-01,9.0199995
1978-03-02,14.559999
1978-03-03,10.639999
1978-03-04,10.45
1978-03-05,12.67
1978-03-06,11.92
1978-03-07,11.889999
1978-03-08,6.19
1978-03-09,6.52
1978-03-10,7.7599998
1978-03-11,4.88
1978-03-12,4.02
1978-03-13,3.9599998
1978-03-14,8.53
1978-03-15,12.44
1978-03-16,11.23
1978-03-17,11.889999
1978-03-18,10.809999
1978-03-19,8.79
1978-03-20,6.45
1978-03-21,6.52
1978-03-22,6.2
1978-03-23,4.46
1978-03-24,7.6699996
1978-03-25,5.2
1978-03-26,8.58
1978-03-27,7.21
1978-03-28,9.889999
1978-03-29,13.32
1978-03-30,15.71
1978-03-31,15.21
1978-04-01,12.469999
1978-04-02,13.92
1978-04-03,15.79
1978-04-04,10.849999
1978-04-05,12.88
1978-04-06,10.07
1978-04-07,9.099999
1978-04-08,10.45
1978-04-09,7.3999996
1978-04-10,9.23
1978-04-11,13.849999
1978-04-12,16.199999
1978-04-13,19.09
1978-04-14,18.619999
1978-04-15,16.74
1978-04-16,15.969999
1978-04-17,11.059999
1978-04-18,10.33
1978-04-19,11.38
1978-04-20,12.559999
1978-04-21,16.13
1978-04-22,15.23
1978-04-23,14.82
1978-04-24,16.83
1978-04-25,15.299999
1978-04-26,17.609999
1978-04-27,16.4
1978-04-28,17.41
1978-04-29,18.1
1978-04-30,18.05
1978-05-01,19.51
1978-05-02,18.91
1978-05-03,15.29
1978-05-04,14.42
1978-05-05,18.779999
1978-05-06,19.47
1978-05-07,15.08
1978-05-08,16.9
1978-05-09,15.37
1978-05-10,17.22
1978-05-11,13.87
1978-05-12,10.86
1978-05-13,12.24
1978-05-14,15.7
1978-05-15,17.82
1978-05-16,15.67
1978-05-17,16.98
1978-05-18,15.889999
1978-05-19,18.44
1978-05-20,22.73
1978-05-21,20.81
1978-05-22,21.14
1978-05-23,17.25
1978-05-24,18.46
1978-05-25,18.199999
1978-05-26,18.15
1978-05-27,18.119999
1978-05-28,17.8
1978-05-29,16.71
1978-05-30,18.09
1978-05-31,22.289999
1978-06-01,22.949999
1978-06-02,22.72
1978-06-03,24.06
1978-06-04,22.439999
1978-06-05,24.09
1978-06-06,24.81
1978-06-07,25.519999
1978-06-08,24.21
1978-06-09,22.869999
1978-06-10,25.72
1978-06-11,23.59
1978-06-12,24.14
1978-06-13,23.34
1978-06-14,19.359999
1978-06-15,19.529999
1978-06-16,17.85
1978-06-17,21.65
1978-06-18,23.43
1978-06-19,20.3
1978-06-20,19.4
1978-06-21,22.75
1978-06-22,20.779999
1978-06-23,21.13
1978-06-24,27.22
1978-06-25,28.189999
1978-06-26,24.89
1978-06-27,20.039999
1978-06-28,21.24
1978-06-29,17.92
1978-06-30,19.81
1978-07-01,23.89
1978-07-02,28.48
1978-07-03,23.34
1978-07-04,27.14
1978-07-05,27.349998
1978-07-06,26.57
1978-07-07,26.779999
1978-07-08,22.18
1978-07-09,21.449999
1978-07-10,19.13
1978-07-11,22.4
1978-07-12,26.33
1978-07-13,27.689999
1978-07-14,23.449999
1978-07-15,24.869999
1978-07-16,23.09
1978-07-17,20.22
1978-07-18,24.57
1978-07-19,29.39
1978-07-20,24.64
1978-07-21,22.24
1978-07-22,20.71
1978-07-23,16.779999
1978-07-24,18.85
1978-07-25,21.35
1978-07-26,24.14
1978-07-27,24.09
1978-07-28,25.599998
1978-07-29,24.32
1978-07-30,21.91
1978-07-31,20.09
1978-08-01,19.0
1978-08-02,25.56
1978-08-03,26.349998
1978-08-04,28.3
1978-08-05,25.3
1978-08-06,24.67
1978-08-07,27.029999
1978-08-08,30.199999
1978-08-09,27.76
1978-08-10,21.47
1978-08-11,19.949999
1978-08-12,20.76
1978-08-13,18.83
1978-08-14,20.57
1978-08-15,21.31
1978-08-16,24.73
1978-08-17,25.779999
1978-08-18,25.619999
1978-08-19,21.57
1978-08-20,21.68
1978-08-21,20.97
1978-08-22,23.269999
1978-08-23,25.199999
1978-08-24,24.98
1978-08-25,23.6
1978-08-26,23.17
1978-08-27,20.17
1978-08-28,21.48
1978-08-29,21.41
1978-08-30,21.65
1978-08-31,22.39
1978-09-01,17.99
1978-09-02,15.48
1978-09-03,17.25
1978-09-04,17.49
1978-09-05,21.81
1978-09-06,24.42
1978-09-07,20.369999
1978-09-08,21.02
1978-09-09,17.68
1978-09-10,18.55
1978-09-11,21.359999
1978-09-12,23.279999
1978-09-13,18.66
1978-09-14,17.4
1978-09-15,21.91
1978-09-16,18.3
1978-09-17,16.449999
1978-09-18,21.109999
1978-09-19,19.859999
1978-09-20,14.86
1978-09-21,12.03
1978-09-22,14.059999
1978-09-23,13.94
1978-09-24,15.889999
1978-09-25,21.74
1978-09-26,24.41
1978-09-27,23.48
1978-09-28,17.96
1978-09-29,15.29
1978-09-30,16.17
1978-10-01,19.25
1978-10-02,20.75
1978-10-03,21.24
1978-10-04,21.609999
1978-10-05,19.199999
1978-10-06,12.7699995
1978-10-07,14.259999
1978-10-08,18.98
1978-10-09,18.97
1978-10-10,19.51
1978-10-11,20.49
1978-10-12,17.779999
1978-10-13,17.46
1978-10-14,19.34
1978-10-15,20.689999
1978-10-16,20.619999
1978-10-17,19.72
1978-10-18,18.72
1978-10-19,17.82
1978-10-20,13.67
1978-10-21,12.809999
1978-10-22,10.389999
1978-10-23,8.49
1978-10-24,12.3
1978-10-25,12.61
1978-10-26,10.01
1978-10-27,8.309999
1978-10-28,8.11
1978-10-29,9.059999
1978-10-30,9.2
1978-10-31,11.66
1978-11-01,5.62
1978-11-02,6.6299996
1978-11-03,10.19
1978-11-04,9.5
1978-11-05,6.94
1978-11-06,6.15
1978-11-07,2.7
1978-11-08,3.6399999
1978-11-09,2.9199998
1978-11-10,2.79
1978-11-11,4.15
1978-11-12,1.93
1978-11-13,5.1
1978-11-14,4.69
1978-11-15,3.51
1978-11-16,8.37
1978-11-17,6.3199997
1978-11-18,4.7799997
1978-11-19,5.99
1978-11-20,4.5899997
1978-11-21,5.89
1978-11-22,3.6899998
1978-11-23,5.04
1978-11-24,6.92
1978-11-25,7.5499997
1978-11-26,4.85
1978-11-27,5.2999997
1978-11-28,6.79
1978-11-29,3.51
1978-11-30,4.1
1978-12-01,4.58
1978-12-02,1.6899999
1978-12-03,-0.099999994
1978-12-04,-0.91999996
1978-12-05,-3.35
1978-12-06,-3.99
1978-12-07,-5.37
1978-12-08,-6.62
1978-12-09,-4.4
1978-12-10,0.45999998
1978-12-11,1.88
1978-12-12,2.77
1978-12-13,4.74
1978-12-14,6.5299997
1978-12-15,5.41
1978-12-16,6.62
1978-12-17,9.58
1978-12-18,4.17
1978-12-19,2.04
1978-12-20,2.1299999
1978-12-21,2.99
1978-12-22,-0.07
1978-12-23,2.61
1978-12-24,4.4
1978-12-25,4.0099998
1978-12-26,4.11
1978-12-27,4.06
1978-12-28,6.46
1978-12-29,9.3
1978-12-30,11.21
1978-12-31,8.349999
1979-01-01,9.9
1979-01-02,5.85
1979-01-03,-4.8599997
1979-01-04,-10.16
1979-01-05,-8.599999
1979-01-06,-8.42
1979-01-07,-10.69
1979-01-08,-6.72
1979-01-09,-1.43
1979-01-10,1.04
1979-01-11,5.6
1979-01-12,6.5299997
1979-01-13,3.8999999
1979-01-14,-0.35999998
1979-01-15,-0.55
1979-01-16,-5.48
1979-01-17,-5.38
1979-01-18,-1.5899999
1979-01-19,-2.29
1979-01-20,-2.83
1979-01-21,-2.86
1979-01-22,-4.48
1979-01-23,-1.13
1979-01-24,3.04
1979-01-25,3.6599998
1979-01-26,4.6
1979-01-27,3.4199998
1979-01-28,4.98
1979-01-29,7.87
1979-01-30,8.54
1979-01-31,3.82
1979-02-01,1.3299999
1979-02-02,1.99
1979-02-03,6.44
1979-02-04,5.41
1979-02-05,4.99
1979-02-06,6.23
1979-02-07,2.75
1979-02-08,-0.90999997
1979-02-09,1.1899999
1979-02-10,1.3199999
1979-02-11,2.34
1979-02-12,3.82
1979-02-13,9.429999
1979-02-14,6.29
1979-02-15,4.31
1979-02-16,4.02
1979-02-17,1.04
1979-02-18,2.24
1979-02-19,-2.51
1979-02-20,-2.9199998
1979-02-21,-4.98
1979-02-22,-4.42
1979-02-23,-3.6499999
1979-02-24,-4.17
1979-02-25,-0.29
1979-02-26,3.3999999
1979-02-27,4.73
1979-02-28,3.28
1979-03-01,5.96
1979-03-02,9.48
1979-03-03,8.2
1979-03-04,7.22
1979-03-05,6.19
1979-03-06,7.5099998
1979-03-07,9.11
1979-03-08,10.45
1979-03-09,5.5
1979-03-10,5.87
1979-03-11,5.0299997
1979-03-12,6.46
1979-03-13,10.34
1979-03-14,14.49
1979-03-15,15.099999
1979-03-16,13.849999
1979-03-17,10.88
1979-03-18,11.24
1979-03-19,14.37
1979-03-20,14.69
1979-03-21,15.07
1979-03-22,13.7699995
1979-03-23,12.5
1979-03-24,13.19
1979-03-25,8.47
1979-03-26,9.179999
1979-03-27,11.41
1979-03-28,11.2
1979-03-29,15.33
1979-03-30,10.929999
1979-03-31,8.559999
1979-04-01,12.509999
1979-04-02,13.2699995
1979-04-03,9.42
1979-04-04,10.83
1979-04-05,12.57
1979-04-06,15.809999
1979-04-07,13.67
1979-04-08,11.49
1979-04-09,7.2999997
1979-04-10,7.5699997
1979-04-11,11.639999
1979-04-12,9.679999
1979-04-13,9.099999
1979-04-14,11.74
1979-04-15,16.6
1979-04-16,17.74
1979-04-17,15.04
1979-04-18,15.339999
1979-04-19,10.65
1979-04-20,9.2699995
1979-04-21,10.49
1979-04-22,15.38
1979-04-23,16.52
1979-04-24,16.109999
1979-04-25,16.75
1979-04-26,19.27
1979-04-27,19.949999
1979-04-28,20.449999
1979-04-29,16.93
1979-04-30,16.06
1979-05-01,15.9
1979-05-02,18.57
1979-05-03,21.0
1979-05-04,20.109999
1979-05-05,19.97
1979-05-06,18.64
1979-05-07,16.869999
1979-05-08,17.869999
1979-05-09,21.029999
1979-05-10,24.85
1979-05-11,19.77
1979-05-12,16.529999
1979-05-13,14.009999
1979-05-14,14.67
1979-05-15,18.529999
1979-05-16,20.039999
1979-05-17,22.13
1979-05-18,25.109999
1979-05-19,23.49
1979-05-20,25.05
1979-05-21,26.359999
1979-05-22,23.55
1979-05-23,23.72
1979-05-24,23.16
1979-05-25,24.09
1979-05-26,26.609999
1979-05-27,25.13
1979-05-28,26.81
1979-05-29,20.38
1979-05-30,22.619999
1979-05-31,24.26
1979-06-01,27.689999
1979-06-02,26.55
1979-06-03,25.859999
1979-06-04,25.46
1979-06-05,24.6
1979-06-06,26.189999
1979-06-07,26.349998
1979-06-08,26.59
1979-06-09,23.39
1979-06-10,25.26
1979-06-11,23.74
1979-06-12,25.98
1979-06-13,23.93
1979-06-14,25.75
1979-06-15,26.519999
1979-06-16,25.0
1979-06-17,30.42
1979-06-18,29.24
1979-06-19,27.13
1979-06-20,26.91
1979-06-21,23.269999
1979-06-22,21.609999
1979-06-23,19.8
1979-06-24,21.24
1979-06-25,25.289999
1979-06-26,26.51
1979-06-27,27.9
1979-06-28,27.109999
1979-06-29,26.67
1979-06-30,26.039999
1979-07-01,23.449999
1979-07-02,22.55
1979-07-03,24.689999
1979-07-04,23.63
1979-07-05,20.42
1979-07-06,18.69
1979-07-07,19.05
1979-07-08,19.609999
1979-07-09,19.22
1979-07-10,21.4
1979-07-11,19.16
1979-07-12,21.17
1979-07-13,22.13
1979-07-14,22.63
1979-07-15,22.59
1979-07-16,22.34
1979-07-17,21.81
1979-07-18,20.05
1979-07-19,25.449999
1979-07-20,28.64
1979-07-21,26.48
1979-07-22,26.64
1979-07-23,22.35
1979-07-24,19.16
1979-07-25,18.83
1979-07-26,21.8
1979-07-27,22.93
1979-07-28,19.189999
1979-07-29,18.109999
1979-07-30,24.189999
1979-07-31,25.91
1979-08-01,30.01
1979-08-02,32.809998
1979-08-03,32.39
1979-08-04,32.489998
1979-08-05,25.05
1979-08-06,22.779999
1979-08-07,23.21
1979-08-08,24.289999
1979-08-09,25.35
1979-08-10,25.88
1979-08-11,24.96
1979-08-12,20.71
1979-08-13,18.859999
1979-08-14,17.859999
1979-08-15,17.9
1979-08-16,20.18
1979-08-17,17.01
1979-08-18,18.3
1979-08-19,22.97
1979-08-20,23.84
1979-08-21,24.17
1979-08-22,21.38
1979-08-23,24.5
1979-08-24,27.25
1979-08-25,25.83
1979-08-26,21.9
1979-08-27,20.68
1979-08-28,20.38
1979-08-29,18.939999
1979-08-30,17.6
1979-08-31,17.08
1979-09-01,19.22
1979-09-02,21.09
1979-09-03,23.82
1979-09-04,24.75
1979-09-05,23.769999
1979-09-06,24.42
1979-09-07,22.769999
1979-09-08,19.71
1979-09-09,20.23
1979-09-10,22.029999
1979-09-11,21.89
1979-09-12,24.39
1979-09-13,28.189999
1979-09-14,27.41
1979-09-15,21.289999
1979-09-16,16.26
1979-09-17,12.49
1979-09-18,20.02
1979-09-19,24.449999
1979-09-20,27.109999
1979-09-21,26.109999
1979-09-22,24.6
1979-09-23,23.85
1979-09-24,27.08
1979-09-25,25.31
1979-09-26,22.039999
1979-09-27,22.539999
1979-09-28,22.66
1979-09-29,18.13
1979-09-30,17.41
1979-10-01,16.39
1979-10-02,12.15
1979-10-03,8.78
1979-10-04,13.469999
1979-10-05,15.45
1979-10-06,13.799999
1979-10-07,12.94
1979-10-08,14.03
1979-10-09,15.639999
1979-10-10,16.76
1979-10-11,17.93
1979-10-12,22.519999
1979-10-13,22.32
1979-10-14,20.35
1979-10-15,22.66
1979-10-16,21.439999
1979-10-17,23.22
1979-10-18,17.33
1979-10-19,13.2699995
1979-10-20,10.37
1979-10-21,12.78
1979-10-22,14.4
1979-10-23,8.59
1979-10-24,6.33
1979-10-25,1.5
1979-10-26,3.3899999
1979-10-27,8.47
1979-10-28,9.23
1979-10-29,8.99
1979-10-30,10.7
1979-10-31,12.58
1979-11-01,8.26
1979-11-02,5.0899997
1979-11-03,3.6699998
1979-11-04,4.48
1979-11-05,4.66
1979-11-06,8.17
1979-11-07,10.96
1979-11-08,9.25
1979-11-09,12.75
1979-11-10,14.28
1979-11-11,14.849999
1979-11-12,10.88
1979-11-13,8.5
1979-11-14,8.42
1979-11-15,11.429999
1979-11-16,13.38
1979-11-17,14.719999
1979-11-18,12.69
1979-11-19,11.79
1979-11-20,8.36
1979-11-21,9.48
1979-11-22,9.79
1979-11-23,4.87
1979-11-24,5.39
1979-11-25,6.8199997
1979-11-26,4.8199997
1979-11-27,4.97
1979-11-28,4.21
1979-11-29,2.07
1979-11-30,8.63
1979-12-01,7.48
1979-12-02,7.2599998
1979-12-03,8.5
1979-12-04,7.21
1979-12-05,6.04
1979-12-06,7.37
1979-12-07,6.8199997
1979-12-08,10.66
1979-12-09,9.54
1979-12-10,8.12
1979-12-11,10.98
1979-12-12,9.22
1979-12-13,1.5899999
1979-12-14,-2.49
1979-12-15,3.55
1979-12-16,4.8599997
1979-12-17,3.4499998
1979-12-18,3.1499999
1979-12-19,2.8
1979-12-20,3.78
1979-12-21,5.62
1979-12-22,5.66
1979-12-23,6.6499996
1979-12-24,5.0699997
1979-12-25,4.9
1979-12-26,0.71999997
1979-12-27,-1.37
1979-12-28,0.37
1979-12-29,0.91999996
1979-12-30,0.26
1979-12-31,1.7099999
1980-01-01,2.36
1980-01-02,-1.8299999
1980-01-03,-3.1499999
1980-01-04,-7.25
1980-01-05,-7.3999996
1980-01-06,-7.1299996
1980-01-07,-4.17
1980-01-08,-2.1299999
1980-01-09,-3.77
1980-01-10,-5.2
1980-01-11,-4.7599998
1980-01-12,-6.6
1980-01-13,-8.45
1980-01-14,-8.21
1980-01-15,-8.24
1980-01-16,-3.08
1980-01-17,-3.07
1980-01-18,-2.58
1980-01-19,-2.1699998
1980-01-20,-1.36
1980-01-21,-0.65
1980-01-22,0.5
1980-01-23,0.13
1980-01-24,2.1499999
1980-01-25,2.51
1980-01-26,0.79999995
1980-01-27,-0.89
1980-01-28,-8.9
1980-01-29,-8.58
1980-01-30,-4.23
1980-01-31,5.68
1980-02-01,7.8399997
1980-02-02,5.46
1980-02-03,1.49
1980-02-04,2.59
1980-02-05,2.09
1980-02-06,2.8
1980-02-07,6.3399997
1980-02-08,5.58
1980-02-09,1.39
1980-02-10,5.8799996
1980-02-11,6.5099998
1980-02-12,3.8999999
1980-02-13,-1.03
1980-02-14,-2.5
1980-02-15,-3.47
1980-02-16,-0.9
1980-02-17,2.6699998
1980-02-18,2.61
1980-02-19,2.34
1980-02-20,2.6
1980-02-21,-0.5
1980-02-22,1.56
1980-02-23,1.15
1980-02-24,-0.66999996
1980-02-25,0.5
1980-02-26,-0.25
1980-02-27,-3.7099998
1980-02-28,-7.8799996
1980-02-29,-5.5899997
1980-03-01,-2.9199998
1980-03-02,1.3299999
1980-03-03,4.46
1980-03-04,-0.68
1980-03-05,-4.77
1980-03-06,3.9599998
1980-03-07,5.25
1980-03-08,7.46
1980-03-09,6.6
1980-03-10,7.27
1980-03-11,6.31
1980-03-12,7.3199997
1980-03-13,4.38
1980-03-14,4.38
1980-03-15,3.37
1980-03-16,5.69
1980-03-17,6.2999997
1980-03-18,7.6699996
1980-03-19,8.58
1980-03-20,4.7
1980-03-21,7.46
1980-03-22,9.3
1980-03-23,6.5699997
1980-03-24,7.0499997
1980-03-25,9.04
1980-03-26,11.2699995
1980-03-27,9.53
1980-03-28,10.389999
1980-03-29,13.86
1980-03-30,17.449999
1980-03-31,11.259999
1980-04-01,13.849999
1980-04-02,13.58
1980-04-03,14.059999
1980-04-04,11.42
1980-04-05,7.3199997
1980-04-06,11.179999
1980-04-07,5.69
1980-04-08,7.37
1980-04-09,10.05
1980-04-10,12.719999
1980-04-11,9.91
1980-04-12,6.23
1980-04-13,7.25
1980-04-14,11.48
1980-04-15,12.82
1980-04-16,13.82
1980-04-17,14.849999
1980-04-18,18.38
1980-04-19,15.37
1980-04-20,16.52
1980-04-21,15.7699995
1980-04-22,13.9
1980-04-23,10.679999
1980-04-24,10.86
1980-04-25,12.42
1980-04-26,12.429999
1980-04-27,15.99
1980-04-28,17.93
1980-04-29,17.34
1980-04-30,18.55
1980-05-01,17.8
1980-05-02,16.42
1980-05-03,15.21
1980-05-04,15.25
1980-05-05,18.18
1980-05-06,17.3
1980-05-07,16.99
1980-05-08,21.26
1980-05-09,20.869999
1980-05-10,20.27
1980-05-11,15.67
1980-05-12,14.719999
1980-05-13,13.09
1980-05-14,10.58
1980-05-15,11.58
1980-05-16,12.889999
1980-05-17,17.039999
1980-05-18,18.13
1980-05-19,16.949999
1980-05-20,15.41
1980-05-21,15.03
1980-05-22,17.63
1980-05-23,17.16
1980-05-24,14.0199995
1980-05-25,14.0199995
1980-05-26,17.4
1980-05-27,21.75
1980-05-28,20.41
1980-05-29,23.65
1980-05-30,22.6
1980-05-31,23.59
1980-06-01,20.779999
1980-06-02,21.5
1980-06-03,17.76
1980-06-04,15.28
1980-06-05,19.109999
1980-06-06,18.939999
1980-06-07,18.83
1980-06-08,22.09
1980-06-09,23.93
1980-06-10,22.92
1980-06-11,23.3
1980-06-12,22.02
1980-06-13,23.07
1980-06-14,23.33
1980-06-15,27.099998
1980-06-16,23.96
1980-06-17,18.85
1980-06-18,21.07
1980-06-19,23.109999
1980-06-20,22.98
1980-06-21,24.109999
1980-06-22,25.539999
1980-06-23,26.39
1980-06-24,28.779999
1980-06-25,26.789999
1980-06-26,24.039999
1980-06-27,23.23
1980-06-28,17.21
1980-06-29,19.84
1980-06-30,21.85
1980-07-01,20.109999
1980-07-02,22.84
1980-07-03,22.13
1980-07-04,22.029999
1980-07-05,19.82
1980-07-06,22.06
1980-07-07,23.91
1980-07-08,23.58
1980-07-09,28.49
1980-07-10,32.59
1980-07-11,29.599998
1980-07-12,24.08
1980-07-13,19.84
1980-07-14,21.949999
1980-07-15,25.81
1980-07-16,29.64
1980-07-17,29.019999
1980-07-18,25.24
1980-07-19,23.029999
1980-07-20,25.539999
1980-07-21,27.82
1980-07-22,24.769999
1980-07-23,18.15
1980-07-24,20.17
1980-07-25,20.63
1980-07-26,22.82
1980-07-27,25.769999
1980-07-28,26.3
1980-07-29,25.56
1980-07-30,25.25
1980-07-31,25.789999
1980-08-01,26.689999
1980-08-02,27.539999
1980-08-03,27.75
1980-08-04,28.06
1980-08-05,29.439999
1980-08-06,29.81
1980-08-07,26.66
1980-08-08,30.16
1980-08-09,30.33
1980-08-10,24.779999
1980-08-11,21.98
1980-08-12,24.439999
1980-08-13,23.64
1980-08-14,19.22
1980-08-15,18.22
1980-08-16,21.859999
1980-08-17,25.119999
1980-08-18,20.699999
1980-08-19,19.77
1980-08-20,18.88
1980-08-21,23.369999
1980-08-22,23.369999
1980-08-23,19.4
1980-08-24,16.98
1980-08-25,15.04
1980-08-26,16.83
1980-08-27,21.619999
1980-08-28,23.529999
1980-08-29,25.449999
1980-08-30,26.029999
1980-08-31,25.32
1980-09-01,21.22
1980-09-02,17.84
1980-09-03,15.29
1980-09-04,19.74
1980-09-05,21.75
1980-09-06,24.32
1980-09-07,25.279999
1980-09-08,24.539999
1980-09-09,23.3
1980-09-10,22.289999
1980-09-11,19.14
1980-09-12,17.88
1980-09-13,21.67
1980-09-14,21.75
1980-09-15,19.66
1980-09-16,16.859999
1980-09-17,16.16
1980-09-18,17.76
1980-09-19,18.25
1980-09-20,24.31
1980-09-21,24.63
1980-09-22,24.0
1980-09-23,21.199999
1980-09-24,19.48
1980-09-25,18.32
1980-09-26,16.91
1980-09-27,16.71
1980-09-28,18.07
1980-09-29,15.61
1980-09-30,14.099999
1980-10-01,12.849999
1980-10-02,12.7
1980-10-03,12.44
1980-10-04,10.5199995
1980-10-05,12.54
1980-10-06,14.969999
1980-10-07,19.71
1980-10-08,22.18
1980-10-09,21.789999
1980-10-10,21.47
1980-10-11,18.14
1980-10-12,16.88
1980-10-13,18.8
1980-10-14,17.98
1980-10-15,13.96
1980-10-16,17.5
1980-10-17,23.22
1980-10-18,22.68
1980-10-19,20.369999
1980-10-20,17.16
1980-10-21,13.719999
1980-10-22,14.83
1980-10-23,16.05
1980-10-24,16.94
1980-10-25,18.3
1980-10-26,17.55
1980-10-27,11.99
1980-10-28,13.19
1980-10-29,20.189999
1980-10-30,18.17
1980-10-31,12.09
1980-11-01,4.0899997
1980-11-02,1.68
1980-11-03,3.08
1980-11-04,3.6699998
1980-11-05,6.1299996
1980-11-06,5.04
1980-11-07,9.63
1980-11-08,7.02
1980-11-09,4.79
1980-11-10,6.95
1980-11-11,5.5499997
1980-11-12,4.04
1980-11-13,6.18
1980-11-14,5.43
1980-11-15,3.75
1980-11-16,9.179999
1980-11-17,12.259999
1980-11-18,11.42
1980-11-19,10.54
1980-11-20,1.8
1980-11-21,3.79
1980-11-22,4.36
1980-11-23,6.6
1980-11-24,10.599999
1980-11-25,9.55
1980-11-26,11.01
1980-11-27,7.19
1980-11-28,9.34
1980-11-29,7.8199997
1980-11-30,6.5699997
1980-12-01,4.52
1980-12-02,-1.37
1980-12-03,-0.95
1980-12-04,0.79999995
1980-12-05,0.96999997
1980-12-06,-3.25
1980-12-07,3.4099998
1980-12-08,-0.98999995
1980-12-09,-7.18
1980-12-10,-4.93
1980-12-11,-3.21
1980-12-12,2.78
1980-12-13,3.1399999
1980-12-14,-0.97999996
1980-12-15,3.0
1980-12-16,5.93
1980-12-17,5.97
1980-12-18,2.35
1980-12-19,2.85
1980-12-20,1.3299999
1980-12-21,4.0699997
1980-12-22,4.0499997
1980-12-23,2.71
1980-12-24,1.7099999
1980-12-25,2.01
1980-12-26,2.8799999
1980-12-27,1.55
1980-12-28,1.93
1980-12-29,-2.79
1980-12-30,-0.34
1980-12-31,0.0
1981-01-01,3.8999999
1981-01-02,2.24
1981-01-03,1.4
1981-01-04,5.46
1981-01-05,4.5699997
1981-01-06,-0.72999996
1981-01-07,-6.3399997
1981-01-08,-7.99
1981-01-09,-8.599999
1981-01-10,-3.82
1981-01-11,-0.89
1981-01-12,-2.8999999
1981-01-13,0.29
1981-01-14,3.05
1981-01-15,1.26
1981-01-16,0.84999996
1981-01-17,-0.37
1981-01-18,-1.28
1981-01-19,-1.1999999
1981-01-20,0.11
1981-01-21,3.03
1981-01-22,0.26
1981-01-23,-2.33
1981-01-24,-2.96
1981-01-25,0.19
1981-01-26,-1.24
1981-01-27,-5.89
1981-01-28,-5.65
1981-01-29,-3.46
1981-01-30,-2.78
1981-01-31,-2.1499999
1981-02-01,0.34
1981-02-02,1.8299999
1981-02-03,4.44
1981-02-04,6.15
1981-02-05,5.24
1981-02-06,3.6499999
1981-02-07,0.61
1981-02-08,1.63
1981-02-09,4.45
1981-02-10,6.95
1981-02-11,8.03
1981-02-12,5.22
1981-02-13,1.4399999
1981-02-14,-2.26
1981-02-15,-3.83
1981-02-16,-3.51
1981-02-17,-2.8999999
1981-02-18,2.84
1981-02-19,2.82
1981-02-20,-0.06
1981-02-21,1.1899999
1981-02-22,3.6799998
1981-02-23,3.25
1981-02-24,3.72
1981-02-25,-0.26999998
1981-02-26,-2.05
1981-02-27,-0.089999996
1981-02-28,-0.78999996
1981-03-01,1.22
1981-03-02,2.22
1981-03-03,3.9299998
1981-03-04,8.25
1981-03-05,6.15
1981-03-06,5.5499997
1981-03-07,10.219999
1981-03-08,10.73
1981-03-09,12.24
1981-03-10,10.29
1981-03-11,10.969999
1981-03-12,12.04
1981-03-13,9.21
1981-03-14,6.95
1981-03-15,11.96
1981-03-16,11.86
1981-03-17,12.48
1981-03-18,9.54
1981-03-19,11.17
1981-03-20,8.84
1981-03-21,11.49
1981-03-22,14.36
1981-03-23,12.48
1981-03-24,13.349999
1981-03-25,12.63
1981-03-26,13.78
1981-03-27,15.36
1981-03-28,11.74
1981-03-29,11.9
1981-03-30,14.179999
1981-03-31,18.44
1981-04-01,17.31
1981-04-02,12.7699995
1981-04-03,6.02
1981-04-04,7.93
1981-04-05,12.48
1981-04-06,12.66
1981-04-07,13.059999
1981-04-08,15.799999
1981-04-09,18.109999
1981-04-10,18.51
1981-04-11,12.42
1981-04-12,17.89
1981-04-13,17.72
1981-04-14,18.52
1981-04-15,15.549999
1981-04-16,15.339999
1981-04-17,7.24
1981-04-18,5.99
1981-04-19,9.2
1981-04-20,11.57
1981-04-21,10.219999
1981-04-22,12.0
1981-04-23,14.2699995
1981-04-24,16.359999
1981-04-25,14.46
1981-04-26,16.68
1981-04-27,16.82
1981-04-28,14.42
1981-04-29,11.33
1981-04-30,10.76
1981-05-01,13.71
1981-05-02,15.389999
1981-05-03,15.299999
1981-05-04,16.77
1981-05-05,16.91
1981-05-06,14.74
1981-05-07,15.58
1981-05-08,15.389999
1981-05-09,15.79
1981-05-10,17.789999
1981-05-11,20.6
1981-05-12,18.039999
1981-05-13,19.47
1981-05-14,14.94
1981-05-15,15.71
1981-05-16,19.76
1981-05-17,21.4
1981-05-18,23.75
1981-05-19,24.8
1981-05-20,22.39
1981-05-21,16.33
1981-05-22,19.24
1981-05-23,19.939999
1981-05-24,19.71
1981-05-25,22.84
1981-05-26,21.119999
1981-05-27,25.73
1981-05-28,25.529999
1981-05-29,21.96
1981-05-30,21.77
1981-05-31,23.92
1981-06-01,24.51
1981-06-02,23.96
1981-06-03,25.32
1981-06-04,27.21
1981-06-05,29.14
1981-06-06,27.279999
1981-06-07,27.22
1981-06-08,26.09
1981-06-09,25.59
1981-06-10,25.68
1981-06-11,27.369999
1981-06-12,28.09
1981-06-13,27.31
1981-06-14,20.38
1981-06-15,18.69
1981-06-16,25.34
1981-06-17,21.689999
1981-06-18,22.269999
1981-06-19,24.539999
1981-06-20,22.92
1981-06-21,20.75
1981-06-22,23.13
1981-06-23,23.869999
1981-06-24,27.199999
1981-06-25,24.9
1981-06-26,27.8
1981-06-27,28.98
1981-06-28,28.599998
1981-06-29,30.65
1981-06-30,31.07
1981-07-01,24.4
1981-07-02,23.869999
1981-07-03,27.4
1981-07-04,30.66
1981-07-05,20.58
1981-07-06,16.81
1981-07-07,18.67
1981-07-08,18.44
1981-07-09,21.89
1981-07-10,20.23
1981-07-11,23.449999
1981-07-12,26.8
1981-07-13,25.9
1981-07-14,25.24
1981-07-15,25.75
1981-07-16,22.189999
1981-07-17,22.789999
1981-07-18,27.519999
1981-07-19,28.199999
1981-07-20,25.869999
1981-07-21,21.68
1981-07-22,22.789999
1981-07-23,27.74
1981-07-24,27.369999
1981-07-25,29.0
1981-07-26,27.699999
1981-07-27,23.699999
1981-07-28,20.949999
1981-07-29,20.67
1981-07-30,21.279999
1981-07-31,20.72
1981-08-01,26.0
1981-08-02,30.029999
1981-08-03,32.84
1981-08-04,29.539999
1981-08-05,25.38
1981-08-06,26.09
1981-08-07,29.75
1981-08-08,28.369999
1981-08-09,28.21
1981-08-10,27.64
1981-08-11,28.13
1981-08-12,27.25
1981-08-13,23.279999
1981-08-14,24.49
1981-08-15,27.41
1981-08-16,27.9
1981-08-17,27.68
1981-08-18,25.189999
1981-08-19,21.88
1981-08-20,24.48
1981-08-21,30.539999
1981-08-22,24.0
1981-08-23,20.58
1981-08-24,18.25
1981-08-25,17.56
1981-08-26,17.029999
1981-08-27,17.539999
1981-08-28,16.02
1981-08-29,15.23
1981-08-30,17.58
1981-08-31,19.68
1981-09-01,22.83
1981-09-02,22.26
1981-09-03,18.949999
1981-09-04,19.92
1981-09-05,19.34
1981-09-06,18.59
1981-09-07,20.869999
1981-09-08,21.67
1981-09-09,24.51
1981-09-10,22.63
1981-09-11,22.619999
1981-09-12,18.35
1981-09-13,17.57
1981-09-14,24.59
1981-09-15,19.699999
1981-09-16,14.34
1981-09-17,14.179999
1981-09-18,14.679999
1981-09-19,17.83
1981-09-20,19.449999
1981-09-21,29.199999
1981-09-22,28.57
1981-09-23,29.689999
1981-09-24,24.07
1981-09-25,21.47
1981-09-26,24.05
1981-09-27,24.789999
1981-09-28,24.1
1981-09-29,23.43
1981-09-30,22.199999
1981-10-01,18.949999
1981-10-02,16.65
1981-10-03,17.82
1981-10-04,19.1
1981-10-05,22.609999
1981-10-06,23.699999
1981-10-07,25.07
1981-10-08,22.15
1981-10-09,21.359999
1981-10-10,20.609999
1981-10-11,19.15
1981-10-12,16.31
1981-10-13,12.44
1981-10-14,11.66
1981-10-15,13.58
1981-10-16,18.5
1981-10-17,15.009999
1981-10-18,19.119999
1981-10-19,19.72
1981-10-20,15.78
1981-10-21,20.24
1981-10-22,19.51
1981-10-23,19.1
1981-10-24,18.55
1981-10-25,15.179999
1981-10-26,9.809999
1981-10-27,13.719999
1981-10-28,16.85
1981-10-29,12.29
1981-10-30,14.28
1981-10-31,13.82
1981-11-01,15.03
1981-11-02,13.28
1981-11-03,14.24
1981-11-04,5.27
1981-11-05,9.969999
1981-11-06,7.2999997
1981-11-07,4.2799997
1981-11-08,2.53
1981-11-09,-0.35
1981-11-10,-0.51
1981-11-11,-2.02
1981-11-12,1.4599999
1981-11-13,4.8199997
1981-11-14,6.56
1981-11-15,5.75
1981-11-16,3.6599998
1981-11-17,-0.79999995
1981-11-18,-1.5
1981-11-19,-0.98999995
1981-11-20,1.93
1981-11-21,5.08
1981-11-22,7.22
1981-11-23,11.46
1981-11-24,10.26
1981-11-25,7.35
1981-11-26,5.41
1981-11-27,2.1299999
1981-11-28,7.06
1981-11-29,3.82
1981-11-30,3.7099998
1981-12-01,-0.28
1981-12-02,1.52
1981-12-03,1.16
1981-12-04,-1.56
1981-12-05,1.09
1981-12-06,-0.62
1981-12-07,1.4599999
1981-12-08,5.2799997
1981-12-09,8.12
1981-12-10,4.35
1981-12-11,3.21
1981-12-12,6.8799996
1981-12-13,8.7
1981-12-14,1.8
1981-12-15,1.3399999
1981-12-16,-2.18
1981-12-17,2.02
1981-12-18,-2.97
1981-12-19,2.77
1981-12-20,3.1299999
1981-12-21,-4.0499997
1981-12-22,-5.5899997
1981-12-23,3.4199998
1981-12-24,4.7599998
1981-12-25,3.51
1981-12-26,4.0099998
1981-12-27,0.01
1981-12-28,-0.57
1981-12-29,0.58
1981-12-30,2.1
1981-12-31,5.23
1982-01-01,7.29
1982-01-02,6.5499997
1982-01-03,2.04
1982-01-04,6.22
1982-01-05,7.54
1982-01-06,5.18
1982-01-07,4.08
1982-01-08,-12.34
1982-01-09,-9.65
1982-01-10,-5.93
1982-01-11,-4.58
1982-01-12,1.22
1982-01-13,-2.83
1982-01-14,-10.2
1982-01-15,-8.11
1982-01-16,-5.6099997
1982-01-17,-2.54
1982-01-18,-3.59
1982-01-19,-4.56
1982-01-20,-5.75
1982-01-21,-5.1099997
1982-01-22,-3.6799998
1982-01-23,-2.82
1982-01-24,1.5799999
1982-01-25,-2.95
1982-01-26,-3.62
1982-01-27,0.41
1982-01-28,1.54
1982-01-29,-0.08
1982-01-30,1.02
1982-01-31,2.24
1982-02-01,-0.42999998
1982-02-02,-8.21
1982-02-03,-4.04
1982-02-04,-7.64
1982-02-05,-5.0899997
1982-02-06,-3.24
1982-02-07,-0.96
1982-02-08,3.98
1982-02-09,3.84
1982-02-10,-1.3
1982-02-11,-4.89
1982-02-12,-0.59999996
1982-02-13,-1.14
1982-02-14,-1.9599999
1982-02-15,0.48999998
1982-02-16,-2.25
1982-02-17,-2.01
1982-02-18,0.76
1982-02-19,-2.04
1982-02-20,-4.0299997
1982-02-21,-5.04
1982-02-22,1.5
1982-02-23,3.6599998
1982-02-24,4.79
1982-02-25,3.08
1982-02-26,6.12
1982-02-27,1.5899999
1982-02-28,2.53
1982-03-01,1.4399999
1982-03-02,6.62
1982-03-03,5.96
1982-03-04,9.75
1982-03-05,11.16
1982-03-06,9.92
1982-03-07,7.3399997
1982-03-08,1.87
1982-03-09,1.8299999
1982-03-10,6.23
1982-03-11,7.3799996
1982-03-12,9.91
1982-03-13,6.7
1982-03-14,5.1
1982-03-15,3.81
1982-03-16,3.6999998
1982-03-17,8.94
1982-03-18,6.0899997
1982-03-19,5.2799997
1982-03-20,2.37
1982-03-21,0.65999997
1982-03-22,2.55
1982-03-23,5.2999997
1982-03-24,3.97
1982-03-25,4.33
1982-03-26,5.7799997
1982-03-27,13.66
1982-03-28,17.07
1982-03-29,13.7699995
1982-03-30,11.74
1982-03-31,11.0199995
1982-04-01,14.009999
1982-04-02,15.99
1982-04-03,15.4
1982-04-04,13.219999
1982-04-05,10.309999
1982-04-06,14.5
1982-04-07,17.359999
1982-04-08,15.21
1982-04-09,13.639999
1982-04-10,10.37
1982-04-11,11.5199995
1982-04-12,12.49
1982-04-13,12.48
1982-04-14,15.0199995
1982-04-15,10.469999
1982-04-16,9.76
1982-04-17,11.25
1982-04-18,12.21
1982-04-19,10.7
1982-04-20,9.34
1982-04-21,14.21
1982-04-22,11.59
1982-04-23,10.88
1982-04-24,8.929999
1982-04-25,10.21
1982-04-26,8.94
1982-04-27,12.389999
1982-04-28,8.83
1982-04-29,11.259999
1982-04-30,14.809999
1982-05-01,11.849999
1982-05-02,13.16
1982-05-03,15.559999
1982-05-04,22.949999
1982-05-05,21.05
1982-05-06,21.9
1982-05-07,22.58
1982-05-08,22.689999
1982-05-09,22.18
1982-05-10,25.189999
1982-05-11,27.0
1982-05-12,24.58
1982-05-13,19.029999
1982-05-14,19.039999
1982-05-15,19.51
1982-05-16,18.52
1982-05-17,21.51
1982-05-18,24.14
1982-05-19,24.66
1982-05-20,24.439999
1982-05-21,23.73
1982-05-22,23.5
1982-05-23,24.859999
1982-05-24,26.099998
1982-05-25,26.88
1982-05-26,23.15
1982-05-27,24.39
1982-05-28,24.38
1982-05-29,26.689999
1982-05-30,21.66
1982-05-31,22.83
1982-06-01,22.769999
1982-06-02,25.97
1982-06-03,25.63
1982-06-04,28.869999
1982-06-05,26.58
1982-06-06,26.55
1982-06-07,24.66
1982-06-08,21.029999
1982-06-09,21.41
1982-06-10,26.099998
1982-06-11,24.89
1982-06-12,25.34
1982-06-13,23.029999
1982-06-14,21.75
1982-06-15,16.46
1982-06-16,16.039999
1982-06-17,15.589999
1982-06-18,18.63
1982-06-19,22.16
1982-06-20,21.3
1982-06-21,21.34
1982-06-22,23.13
1982-06-23,27.779999
1982-06-24,27.14
1982-06-25,26.14
1982-06-26,29.449999
1982-06-27,33.73
1982-06-28,29.63
1982-06-29,23.73
1982-06-30,23.99
1982-07-01,18.66
1982-07-02,19.359999
1982-07-03,21.359999
1982-07-04,28.15
1982-07-05,24.519999
1982-07-06,21.33
1982-07-07,19.91
1982-07-08,19.539999
1982-07-09,20.949999
1982-07-10,17.76
1982-07-11,21.64
1982-07-12,21.49
1982-07-13,20.97
1982-07-14,22.029999
1982-07-15,25.81
1982-07-16,25.06
1982-07-17,24.93
1982-07-18,27.07
1982-07-19,25.449999
1982-07-20,26.73
1982-07-21,27.47
1982-07-22,27.43
1982-07-23,28.13
1982-07-24,27.99
1982-07-25,28.779999
1982-07-26,21.68
1982-07-27,21.68
1982-07-28,25.189999
1982-07-29,23.609999
1982-07-30,22.75
1982-07-31,22.63
1982-08-01,23.529999
1982-08-02,19.4
1982-08-03,22.01
1982-08-04,26.599998
1982-08-05,23.32
1982-08-06,24.89
1982-08-07,25.35
1982-08-08,26.21
1982-08-09,26.56
1982-08-10,26.689999
1982-08-11,23.72
1982-08-12,23.31
1982-08-13,27.859999
1982-08-14,29.119999
1982-08-15,29.599998
1982-08-16,31.369999
1982-08-17,25.76
1982-08-18,25.88
1982-08-19,24.96
1982-08-20,25.849998
1982-08-21,29.89
1982-08-22,23.99
1982-08-23,19.15
1982-08-24,21.689999
1982-08-25,19.46
1982-08-26,21.34
1982-08-27,24.23
1982-08-28,27.619999
1982-08-29,31.15
1982-08-30,24.289999
1982-08-31,22.42
1982-09-01,26.23
1982-09-02,24.609999
1982-09-03,21.13
1982-09-04,23.039999
1982-09-05,26.859999
1982-09-06,30.14
1982-09-07,30.39
1982-09-08,32.079998
1982-09-09,28.039999
1982-09-10,27.26
1982-09-11,25.82
1982-09-12,22.8
1982-09-13,23.56
1982-09-14,24.91
1982-09-15,22.49
1982-09-16,26.32
1982-09-17,26.449999
1982-09-18,25.16
1982-09-19,26.34
1982-09-20,23.269999
1982-09-21,23.73
1982-09-22,23.06
1982-09-23,19.82
1982-09-24,23.81
1982-09-25,21.15
1982-09-26,23.41
1982-09-27,24.31
1982-09-28,24.73
1982-09-29,20.55
1982-09-30,16.609999
1982-10-01,19.539999
1982-10-02,21.92
1982-10-03,15.41
1982-10-04,14.389999
1982-10-05,18.14
1982-10-06,15.599999
1982-10-07,15.79
1982-10-08,18.609999
1982-10-09,16.94
1982-10-10,14.04
1982-10-11,13.7
1982-10-12,14.839999
1982-10-13,15.12
1982-10-14,21.96
1982-10-15,19.029999
1982-10-16,14.88
1982-10-17,12.05
1982-10-18,11.12
1982-10-19,12.349999
1982-10-20,12.66
1982-10-21,18.199999
1982-10-22,19.189999
1982-10-23,18.85
1982-10-24,19.23
1982-10-25,19.25
1982-10-26,18.07
1982-10-27,17.449999
1982-10-28,13.809999
1982-10-29,12.759999
1982-10-30,14.7699995
1982-10-31,14.75
1982-11-01,10.51
1982-11-02,10.65
1982-11-03,12.33
1982-11-04,11.61
1982-11-05,4.7999997
1982-11-06,-0.19
1982-11-07,0.96999997
1982-11-08,7.72
1982-11-09,10.79
1982-11-10,13.44
1982-11-11,13.509999
1982-11-12,12.009999
1982-11-13,9.04
1982-11-14,12.61
1982-11-15,7.81
1982-11-16,6.1299996
1982-11-17,9.4
1982-11-18,7.14
1982-11-19,7.06
1982-11-20,6.99
1982-11-21,3.25
1982-11-22,4.39
1982-11-23,4.36
1982-11-24,3.99
1982-11-25,4.5699997
1982-11-26,4.93
1982-11-27,2.2
1982-11-28,6.41
1982-11-29,9.61
1982-11-30,6.7
1982-12-01,5.5
1982-12-02,6.72
1982-12-03,2.54
1982-12-04,0.69
1982-12-05,2.31
1982-12-06,4.02
1982-12-07,4.15
1982-12-08,6.6
1982-12-09,9.929999
1982-12-10,11.12
1982-12-11,12.05
1982-12-12,7.7799997
1982-12-13,4.92
1982-12-14,3.77
1982-12-15,2.21
1982-12-16,7.39
1982-12-17,11.75
1982-12-18,8.42
1982-12-19,8.82
1982-12-20,5.39
1982-12-21,4.87
1982-12-22,7.33
1982-12-23,6.06
1982-12-24,7.43
1982-12-25,4.77
1982-12-26,3.73
1982-12-27,1.64
1982-12-28,3.1599998
1982-12-29,2.36
1982-12-30,-3.05
1982-12-31,-6.3999996
1983-01-01,-3.7099998
1983-01-02,-2.9199998
1983-01-03,-1.15
1983-01-04,0.58
1983-01-05,3.12
1983-01-06,1.38
1983-01-07,4.44
1983-01-08,5.73
1983-01-09,2.1599998
1983-01-10,2.61
1983-01-11,1.54
1983-01-12,3.55
1983-01-13,8.15
1983-01-14,4.85
1983-01-15,4.81
1983-01-16,2.6299999
1983-01-17,1.67
1983-01-18,8.0199995
1983-01-19,8.179999
1983-01-20,0.35999998
1983-01-21,-3.83
1983-01-22,0.85999995
1983-01-23,2.69
1983-01-24,1.36
1983-01-25,0.78999996
1983-01-26,2.83
1983-01-27,4.87
1983-01-28,9.61
1983-01-29,7.8999996
1983-01-30,8.46
1983-01-31,8.429999
1983-02-01,4.19
1983-02-02,7.1499996
1983-02-03,5.71
1983-02-04,2.25
1983-02-05,-0.35999998
1983-02-06,-0.45
1983-02-07,5.08
1983-02-08,9.32
1983-02-09,9.12
1983-02-10,11.179999
1983-02-11,9.98
1983-02-12,10.63
1983-02-13,6.0699997
1983-02-14,3.5
1983-02-15,2.4199998
1983-02-16,-0.53999996
1983-02-17,-5.19
1983-02-18,-9.84
1983-02-19,-8.19
1983-02-20,-3.8899999
1983-02-21,1.91
1983-02-22,-1.4599999
1983-02-23,-5.62
1983-02-24,-3.1799998
1983-02-25,1.78
1983-02-26,5.6299996
1983-02-27,5.46
1983-02-28,6.16
1983-03-01,8.099999
1983-03-02,7.99
1983-03-03,2.79
1983-03-04,-0.91999996
1983-03-05,0.0
1983-03-06,4.41
1983-03-07,10.03
1983-03-08,7.7799997
1983-03-09,12.509999
1983-03-10,11.3
1983-03-11,14.139999
1983-03-12,10.57
1983-03-13,2.32
1983-03-14,5.16
1983-03-15,10.95
1983-03-16,14.0199995
1983-03-17,16.529999
1983-03-18,17.279999
1983-03-19,16.58
1983-03-20,17.109999
1983-03-21,14.099999
1983-03-22,17.25
1983-03-23,13.79
1983-03-24,15.5199995
1983-03-25,17.72
1983-03-26,20.689999
1983-03-27,16.59
1983-03-28,11.219999
1983-03-29,13.16
1983-03-30,17.44
1983-03-31,16.8
1983-04-01,15.07
1983-04-02,15.549999
1983-04-03,14.509999
1983-04-04,12.59
1983-04-05,11.71
1983-04-06,15.429999
1983-04-07,17.22
1983-04-08,20.439999
1983-04-09,19.93
1983-04-10,20.39
1983-04-11,21.47
1983-04-12,24.43
1983-04-13,23.519999
1983-04-14,14.839999
1983-04-15,10.29
1983-04-16,9.349999
1983-04-17,10.01
1983-04-18,9.84
1983-04-19,12.87
1983-04-20,17.96
1983-04-21,23.8
1983-04-22,21.01
1983-04-23,18.9
1983-04-24,22.24
1983-04-25,24.029999
1983-04-26,25.17
1983-04-27,23.96
1983-04-28,25.25
1983-04-29,24.21
1983-04-30,24.0
1983-05-01,24.88
1983-05-02,22.109999
1983-05-03,13.509999
1983-05-04,17.4
1983-05-05,16.949999
1983-05-06,15.19
1983-05-07,12.33
1983-05-08,19.27
1983-05-09,19.14
1983-05-10,20.35
1983-05-11,19.92
1983-05-12,26.439999
1983-05-13,25.289999
1983-05-14,26.89
1983-05-15,28.359999
1983-05-16,30.15
1983-05-17,26.06
1983-05-18,23.46
1983-05-19,27.18
1983-05-20,24.68
1983-05-21,26.42
1983-05-22,27.71
1983-05-23,24.369999
1983-05-24,24.47
1983-05-25,22.6
1983-05-26,23.519999
1983-05-27,17.119999
1983-05-28,20.17
1983-05-29,20.07
1983-05-30,22.3
1983-05-31,22.33
1983-06-01,23.35
1983-06-02,24.09
1983-06-03,25.05
1983-06-04,26.47
1983-06-05,27.59
1983-06-06,24.76
1983-06-07,17.529999
1983-06-08,16.41
1983-06-09,22.289999
1983-06-10,23.57
1983-06-11,23.84
1983-06-12,19.619999
1983-06-13,18.92
1983-06-14,19.0
1983-06-15,23.43
1983-06-16,19.14
1983-06-17,18.029999
1983-06-18,17.93
1983-06-19,19.31
1983-06-20,19.81
1983-06-21,25.599998
1983-06-22,21.529999
1983-06-23,18.75
1983-06-24,19.869999
1983-06-25,24.32
1983-06-26,26.199999
1983-06-27,26.57
1983-06-28,26.39
1983-06-29,24.01
1983-06-30,25.029999
1983-07-01,25.949999
1983-07-02,24.84
1983-07-03,25.82
1983-07-04,27.449999
1983-07-05,25.599998
1983-07-06,27.72
1983-07-07,28.97
1983-07-08,28.109999
1983-07-09,26.38
1983-07-10,25.88
1983-07-11,25.619999
1983-07-12,25.369999
1983-07-13,22.449999
1983-07-14,23.15
1983-07-15,26.05
1983-07-16,27.46
1983-07-17,28.619999
1983-07-18,26.099998
1983-07-19,26.48
1983-07-20,30.679998
1983-07-21,24.39
1983-07-22,18.72
1983-07-23,20.06
1983-07-24,22.64
1983-07-25,22.769999
1983-07-26,21.119999
1983-07-27,26.63
1983-07-28,26.71
1983-07-29,27.109999
1983-07-30,23.789999
1983-07-31,25.5
1983-08-01,26.529999
1983-08-02,26.119999
1983-08-03,29.99
1983-08-04,29.269999
1983-08-05,20.71
1983-08-06,17.8
1983-08-07,20.89
1983-08-08,20.23
1983-08-09,21.75
1983-08-10,21.939999
1983-08-11,21.359999
1983-08-12,23.46
1983-08-13,25.109999
1983-08-14,19.72
1983-08-15,17.91
1983-08-16,25.199999
1983-08-17,27.07
1983-08-18,23.22
1983-08-19,26.98
1983-08-20,25.15
1983-08-21,23.56
1983-08-22,24.14
1983-08-23,21.4
1983-08-24,23.8
1983-08-25,25.99
1983-08-26,26.699999
1983-08-27,24.46
1983-08-28,24.18
1983-08-29,27.23
1983-08-30,22.66
1983-08-31,23.939999
1983-09-01,24.67
1983-09-02,24.789999
1983-09-03,26.14
1983-09-04,25.66
1983-09-05,24.71
1983-09-06,23.369999
1983-09-07,19.55
1983-09-08,18.789999
1983-09-09,21.609999
1983-09-10,28.49
1983-09-11,32.25
1983-09-12,30.97
1983-09-13,25.42
1983-09-14,20.32
1983-09-15,23.96
1983-09-16,24.5
1983-09-17,27.269999
1983-09-18,23.21
1983-09-19,21.05
1983-09-20,21.75
1983-09-21,19.74
1983-09-22,22.73
1983-09-23,18.039999
1983-09-24,15.32
1983-09-25,17.15
1983-09-26,18.57
1983-09-27,20.109999
1983-09-28,23.99
1983-09-29,22.68
1983-09-30,21.26
1983-10-01,15.03
1983-10-02,11.139999
1983-10-03,15.099999
1983-10-04,13.7699995
1983-10-05,20.609999
1983-10-06,24.019999
1983-10-07,18.76
1983-10-08,19.57
1983-10-09,17.16
1983-10-10,13.83
1983-10-11,19.01
1983-10-12,16.74
1983-10-13,9.16
1983-10-14,19.189999
1983-10-15,19.529999
1983-10-16,20.91
1983-10-17,20.56
1983-10-18,19.71
1983-10-19,15.99
1983-10-20,14.11
1983-10-21,12.04
1983-10-22,9.51
1983-10-23,8.32
1983-10-24,11.59
1983-10-25,6.79
1983-10-26,9.01
1983-10-27,11.969999
1983-10-28,17.19
1983-10-29,13.32
1983-10-30,12.809999
1983-10-31,9.46
1983-11-01,9.36
1983-11-02,11.849999
1983-11-03,16.55
1983-11-04,14.04
1983-11-05,15.67
1983-11-06,10.559999
1983-11-07,8.99
1983-11-08,9.559999
1983-11-09,6.33
1983-11-10,7.87
1983-11-11,7.1499996
1983-11-12,2.72
1983-11-13,-2.46
1983-11-14,-4.02
1983-11-15,-5.68
1983-11-16,-3.1499999
1983-11-17,-0.22
1983-11-18,-1.93
1983-11-19,-0.39999998
1983-11-20,1.3
1983-11-21,1.3
1983-11-22,2.4299998
1983-11-23,-0.52
1983-11-24,0.13
1983-11-25,4.5899997
1983-11-26,8.57
1983-11-27,14.44
1983-11-28,15.25
1983-11-29,11.849999
1983-11-30,5.5299997
1983-12-01,1.0699999
1983-12-02,-3.23
1983-12-03,-2.26
1983-12-04,-0.35999998
1983-12-05,2.53
1983-12-06,-2.27
1983-12-07,0.44
1983-12-08,-1.67
1983-12-09,-1.9699999
1983-12-10,-1.06
1983-12-11,0.72999996
1983-12-12,-1.62
1983-12-13,-7.3399997
1983-12-14,-8.19
1983-12-15,-9.33
1983-12-16,-6.54
1983-12-17,-2.62
1983-12-18,-0.049999997
1983-12-19,0.11
1983-12-20,1.1999999
1983-12-21,4.0899997
1983-12-22,4.91
1983-12-23,3.26
1983-12-24,1.38
1983-12-25,2.3
1983-12-26,8.88
1983-12-27,5.23
1983-12-28,3.51
1983-12-29,5.49
1983-12-30,2.26
1983-12-31,3.06
1984-01-01,-0.38
1984-01-02,9.13
1984-01-03,8.17
1984-01-04,8.94
1984-01-05,4.8199997
1984-01-06,1.23
1984-01-07,1.87
1984-01-08,0.13
1984-01-09,0.44
1984-01-10,1.51
1984-01-11,-5.08
1984-01-12,-4.9
1984-01-13,-5.66
1984-01-14,-4.96
1984-01-15,4.58
1984-01-16,3.98
1984-01-17,0.89
1984-01-18,2.9199998
1984-01-19,0.83
1984-01-20,-0.44
1984-01-21,2.3899999
1984-01-22,-0.41
1984-01-23,3.78
1984-01-24,4.33
1984-01-25,6.2599998
1984-01-26,1.3199999
1984-01-27,2.49
1984-01-28,2.6599998
1984-01-29,2.76
1984-01-30,0.79999995
1984-01-31,0.94
1984-02-01,0.89
1984-02-02,1.65
1984-02-03,5.56
1984-02-04,5.1
1984-02-05,4.19
1984-02-06,3.6999998
1984-02-07,3.82
1984-02-08,3.04
1984-02-09,2.26
1984-02-10,1.91
1984-02-11,-0.29999998
1984-02-12,-4.81
1984-02-13,-7.3199997
1984-02-14,-7.3199997
1984-02-15,-4.8399997
1984-02-16,-4.45
1984-02-17,-1.91
1984-02-18,-5.0499997
1984-02-19,-1.74
1984-02-20,-0.14
1984-02-21,-0.19
1984-02-22,0.38
1984-02-23,1.1
1984-02-24,2.25
1984-02-25,4.6
1984-02-26,3.1299999
1984-02-27,1.64
1984-02-28,3.62
1984-02-29,2.25
1984-03-01,2.52
1984-03-02,5.64
1984-03-03,7.3599997
1984-03-04,4.4
1984-03-05,3.53
1984-03-06,1.11
1984-03-07,1.66
1984-03-08,3.34
1984-03-09,4.5
1984-03-10,-2.26
1984-03-11,-0.34
1984-03-12,-0.049999997
1984-03-13,1.42
1984-03-14,1.15
1984-03-15,2.34
1984-03-16,5.18
1984-03-17,2.08
1984-03-18,4.73
1984-03-19,0.79999995
1984-03-20,-1.5899999
1984-03-21,2.23
1984-03-22,4.25
1984-03-23,6.92
1984-03-24,9.73
1984-03-25,8.38
1984-03-26,11.42
1984-03-27,11.599999
1984-03-28,14.16
1984-03-29,14.62
1984-03-30,13.65
1984-03-31,10.92
1984-04-01,10.13
1984-04-02,15.75
1984-04-03,14.219999
1984-04-04,12.929999
1984-04-05,15.839999
1984-04-06,15.19
1984-04-07,10.2
1984-04-08,9.04
1984-04-09,8.25
1984-04-10,11.48
1984-04-11,13.37
1984-04-12,11.41
1984-04-13,16.02
1984-04-14,15.48
1984-04-15,16.92
1984-04-16,18.85
1984-04-17,16.21
1984-04-18,11.0
1984-04-19,9.53
1984-04-20,10.07
1984-04-21,9.03
1984-04-22,10.33
1984-04-23,11.62
1984-04-24,9.7
1984-04-25,10.13
1984-04-26,14.839999
1984-04-27,10.28
1984-04-28,9.46
1984-04-29,7.97
1984-04-30,13.4
1984-05-01,15.4
1984-05-02,18.39
1984-05-03,22.25
1984-05-04,22.789999
1984-05-05,21.689999
1984-05-06,20.02
1984-05-07,18.6
1984-05-08,18.35
1984-05-09,18.199999
1984-05-10,14.38
1984-05-11,20.49
1984-05-12,16.94
1984-05-13,18.449999
1984-05-14,15.63
1984-05-15,19.3
1984-05-16,24.18
1984-05-17,26.21
1984-05-18,20.96
1984-05-19,24.38
1984-05-20,25.039999
1984-05-21,21.88
1984-05-22,25.039999
1984-05-23,25.57
1984-05-24,19.46
1984-05-25,16.73
1984-05-26,17.27
1984-05-27,19.6
1984-05-28,22.21
1984-05-29,21.5
1984-05-30,19.949999
1984-05-31,17.859999
1984-06-01,21.57
1984-06-02,20.48
1984-06-03,22.56
1984-06-04,21.97
1984-06-05,25.279999
1984-06-06,26.42
1984-06-07,24.029999
1984-06-08,20.64
1984-06-09,15.759999
1984-06-10,17.949999
1984-06-11,21.289999
1984-06-12,17.13
1984-06-13,16.93
1984-06-14,21.88
1984-06-15,24.76
1984-06-16,18.619999
1984-06-17,18.91
1984-06-18,19.99
1984-06-19,20.529999
1984-06-20,21.14
1984-06-21,23.93
1984-06-22,24.98
1984-06-23,25.369999
1984-06-24,21.33
1984-06-25,19.109999
1984-06-26,17.72
1984-06-27,18.26
1984-06-28,24.529999
1984-06-29,24.97
1984-06-30,22.769999
1984-07-01,20.77
1984-07-02,24.6
1984-07-03,24.01
1984-07-04,19.279999
1984-07-05,14.83
1984-07-06,18.17
1984-07-07,17.55
1984-07-08,16.71
1984-07-09,19.449999
1984-07-10,22.58
1984-07-11,26.39
1984-07-12,30.859999
1984-07-13,31.109999
1984-07-14,34.469997
1984-07-15,28.949999
1984-07-16,27.75
1984-07-17,23.46
1984-07-18,22.07
1984-07-19,21.66
1984-07-20,23.15
1984-07-21,21.34
1984-07-22,24.65
1984-07-23,27.89
1984-07-24,25.21
1984-07-25,19.77
1984-07-26,22.38
1984-07-27,20.49
1984-07-28,16.85
1984-07-29,17.97
1984-07-30,21.83
1984-07-31,25.269999
1984-08-01,26.05
1984-08-02,28.31
1984-08-03,23.93
1984-08-04,27.4
1984-08-05,25.369999
1984-08-06,27.599998
1984-08-07,25.449999
1984-08-08,26.13
1984-08-09,26.17
1984-08-10,26.83
1984-08-11,27.46
1984-08-12,23.369999
1984-08-13,19.869999
1984-08-14,20.02
1984-08-15,24.26
1984-08-16,22.18
1984-08-17,22.06
1984-08-18,20.77
1984-08-19,21.359999
1984-08-20,17.119999
1984-08-21,18.68
1984-08-22,18.279999
1984-08-23,16.01
1984-08-24,22.63
1984-08-25,26.039999
1984-08-26,23.71
1984-08-27,19.85
1984-08-28,17.8
1984-08-29,21.42
1984-08-30,24.609999
1984-08-31,24.529999
1984-09-01,25.4
1984-09-02,25.359999
1984-09-03,24.42
1984-09-04,27.779999
1984-09-05,27.01
1984-09-06,30.279999
1984-09-07,31.3
1984-09-08,26.01
1984-09-09,23.38
1984-09-10,23.24
1984-09-11,21.72
1984-09-12,21.0
1984-09-13,18.359999
1984-09-14,22.269999
1984-09-15,25.88
1984-09-16,25.21
1984-09-17,22.0
1984-09-18,19.88
1984-09-19,22.58
1984-09-20,24.97
1984-09-21,23.59
1984-09-22,21.63
1984-09-23,16.48
1984-09-24,22.59
1984-09-25,25.91
1984-09-26,21.85
1984-09-27,14.83
1984-09-28,13.65
1984-09-29,17.71
1984-09-30,22.01
1984-10-01,22.67
1984-10-02,21.609999
1984-10-03,19.58
1984-10-04,20.369999
1984-10-05,25.38
1984-10-06,28.109999
1984-10-07,26.66
1984-10-08,23.029999
1984-10-09,17.029999
1984-10-10,21.16
1984-10-11,21.82
1984-10-12,24.57
1984-10-13,17.85
1984-10-14,11.24
1984-10-15,12.0
1984-10-16,10.179999
1984-10-17,5.69
1984-10-18,14.63
1984-10-19,19.14
1984-10-20,19.89
1984-10-21,20.15
1984-10-22,18.21
1984-10-23,17.77
1984-10-24,20.23
1984-10-25,16.23
1984-10-26,15.73
1984-10-27,16.35
1984-10-28,16.15
1984-10-29,12.7699995
1984-10-30,11.3
1984-10-31,8.62
1984-11-01,6.21
1984-11-02,9.22
1984-11-03,10.65
1984-11-04,11.94
1984-11-05,12.67
1984-11-06,11.74
1984-11-07,11.12
1984-11-08,8.96
1984-11-09,9.84
1984-11-10,8.929999
1984-11-11,6.89
1984-11-12,0.94
1984-11-13,2.8
1984-11-14,4.14
1984-11-15,3.26
1984-11-16,3.4199998
1984-11-17,5.9
1984-11-18,3.79
1984-11-19,3.53
1984-11-20,8.24
1984-11-21,5.8199997
1984-11-22,5.3399997
1984-11-23,7.3399997
1984-11-24,11.469999
1984-11-25,11.5199995
1984-11-26,10.55
1984-11-27,10.28
1984-11-28,4.24
1984-11-29,3.0
1984-11-30,5.2599998
1984-12-01,1.8199999
1984-12-02,1.55
1984-12-03,2.3799999
1984-12-04,3.1399999
1984-12-05,4.12
1984-12-06,0.38
1984-12-07,-1.25
1984-12-08,-2.62
1984-12-09,1.9499999
1984-12-10,2.62
1984-12-11,0.37
1984-12-12,-2.34
1984-12-13,-3.9399998
1984-12-14,-3.98
1984-12-15,-2.9399998
1984-12-16,-3.81
1984-12-17,2.85
1984-12-18,6.21
1984-12-19,5.19
1984-12-20,4.61
1984-12-21,3.46
1984-12-22,1.14
1984-12-23,0.32999998
1984-12-24,-2.05
1984-12-25,-2.54
1984-12-26,-3.1399999
1984-12-27,-1.43
1984-12-28,0.82
1984-12-29,1.1999999
1984-12-30,-1.7099999
1984-12-31,-2.54
1985-01-01,-4.73
1985-01-02,-6.54
1985-01-03,-3.82
1985-01-04,-7.3599997
1985-01-05,-4.66
1985-01-06,-0.42
1985-01-07,-5.14
1985-01-08,-9.44
1985-01-09,-6.12
1985-01-10,-9.01
1985-01-11,-12.559999
1985-01-12,-16.58
1985-01-13,-14.46
1985-01-14,-12.44
1985-01-15,-7.54
1985-01-16,-7.0
1985-01-17,-6.18
1985-01-18,-7.66
1985-01-19,-6.41
1985-01-20,-5.25
1985-01-21,-5.5099998
1985-01-22,-3.8899999
1985-01-23,6.87
1985-01-24,6.1299996
1985-01-25,2.56
1985-01-26,4.31
1985-01-27,2.95
1985-01-28,0.89
1985-01-29,-0.19
1985-01-30,-1.11
1985-01-31,-3.05
1985-02-01,1.01
1985-02-02,4.27
1985-02-03,1.3299999
1985-02-04,-5.02
1985-02-05,-6.1299996
1985-02-06,0.87
1985-02-07,2.85
1985-02-08,-7.23
1985-02-09,-2.45
1985-02-10,4.0499997
1985-02-11,1.1999999
1985-02-12,-0.01
1985-02-13,-4.3199997
1985-02-14,-8.5199995
1985-02-15,-5.27
1985-02-16,-5.9
1985-02-17,-6.27
1985-02-18,-7.18
1985-02-19,-12.92
1985-02-20,-10.61
1985-02-21,-10.65
1985-02-22,-4.91
1985-02-23,-3.98
1985-02-24,-3.99
1985-02-25,-5.6
1985-02-26,-4.46
1985-02-27,-4.0099998
1985-02-28,-2.34
1985-03-01,-0.39
1985-03-02,1.9399999
1985-03-03,1.27
1985-03-04,5.62
1985-03-05,6.0699997
1985-03-06,4.5899997
1985-03-07,7.73
1985-03-08,4.0099998
1985-03-09,2.01
1985-03-10,1.3299999
1985-03-11,4.2999997
1985-03-12,4.47
1985-03-13,4.87
1985-03-14,2.84
1985-03-15,5.9
1985-03-16,8.389999
1985-03-17,6.87
1985-03-18,6.52
1985-03-19,5.15
1985-03-20,6.33
1985-03-21,7.48
1985-03-22,7.29
1985-03-23,5.39
1985-03-24,6.8599997
1985-03-25,10.91
1985-03-26,12.65
1985-03-27,13.29
1985-03-28,11.139999
1985-03-29,6.77
1985-03-30,10.09
1985-03-31,14.91
1985-04-01,13.759999
1985-04-02,12.94
1985-04-03,15.54
1985-04-04,18.43
1985-04-05,21.01
1985-04-06,22.0
1985-04-07,17.71
1985-04-08,17.18
1985-04-09,18.39
1985-04-10,23.41
1985-04-11,19.68
1985-04-12,15.29
1985-04-13,12.799999
1985-04-14,15.509999
1985-04-15,14.15
1985-04-16,11.4
1985-04-17,12.3
1985-04-18,10.7
1985-04-19,16.109999
1985-04-20,17.22
1985-04-21,13.71
1985-04-22,16.369999
1985-04-23,18.15
1985-04-24,16.869999
1985-04-25,14.07
1985-04-26,14.16
1985-04-27,14.17
1985-04-28,17.01
1985-04-29,16.609999
1985-04-30,11.309999
1985-05-01,13.259999
1985-05-02,15.679999
1985-05-03,17.83
1985-05-04,15.969999
1985-05-05,19.27
1985-05-06,18.4
1985-05-07,21.5
1985-05-08,26.21
1985-05-09,27.21
1985-05-10,25.849998
1985-05-11,26.21
1985-05-12,28.23
1985-05-13,25.199999
1985-05-14,25.939999
1985-05-15,24.25
1985-05-16,23.08
1985-05-17,21.84
1985-05-18,25.49
1985-05-19,22.48
1985-05-20,17.14
1985-05-21,19.26
1985-05-22,24.199999
1985-05-23,22.4
1985-05-24,23.13
1985-05-25,21.9
1985-05-26,23.699999
1985-05-27,23.85
1985-05-28,24.199999
1985-05-29,22.949999
1985-05-30,23.98
1985-05-31,23.9
1985-06-01,23.0
1985-06-02,22.949999
1985-06-03,22.75
1985-06-04,23.119999
1985-06-05,25.55
1985-06-06,25.789999
1985-06-07,27.66
1985-06-08,29.4
1985-06-09,24.33
1985-06-10,19.84
1985-06-11,21.39
1985-06-12,17.539999
1985-06-13,22.84
1985-06-14,21.6
1985-06-15,25.07
1985-06-16,22.279999
1985-06-17,21.21
1985-06-18,18.14
1985-06-19,12.7699995
1985-06-20,19.65
1985-06-21,19.42
1985-06-22,19.9
1985-06-23,22.26
1985-06-24,17.85
1985-06-25,18.1
1985-06-26,17.49
1985-06-27,25.65
1985-06-28,22.06
1985-06-29,20.699999
1985-06-30,20.26
1985-07-01,24.17
1985-07-02,21.529999
1985-07-03,17.46
1985-07-04,16.76
1985-07-05,16.289999
1985-07-06,19.21
1985-07-07,21.14
1985-07-08,23.449999
1985-07-09,23.359999
1985-07-10,21.779999
1985-07-11,21.52
1985-07-12,22.07
1985-07-13,23.42
1985-07-14,25.109999
1985-07-15,26.34
1985-07-16,26.21
1985-07-17,26.92
1985-07-18,27.38
1985-07-19,25.63
1985-07-20,28.88
1985-07-21,29.109999
1985-07-22,25.48
1985-07-23,22.43
1985-07-24,23.76
1985-07-25,25.09
1985-07-26,26.439999
1985-07-27,27.57
1985-07-28,32.46
1985-07-29,31.89
1985-07-30,35.38
1985-07-31,34.86
1985-08-01,27.64
1985-08-02,24.83
1985-08-03,22.41
1985-08-04,23.019999
1985-08-05,24.72
1985-08-06,28.64
1985-08-07,27.93
1985-08-08,21.09
1985-08-09,16.44
1985-08-10,20.949999
1985-08-11,30.06
1985-08-12,28.279999
1985-08-13,29.449999
1985-08-14,30.13
1985-08-15,29.26
1985-08-16,29.39
1985-08-17,27.84
1985-08-18,28.57
1985-08-19,23.6
1985-08-20,23.07
1985-08-21,19.32
1985-08-22,23.84
1985-08-23,29.59
1985-08-24,30.619999
1985-08-25,28.08
1985-08-26,27.01
1985-08-27,30.3
1985-08-28,22.63
1985-08-29,24.1
1985-08-30,22.449999
1985-08-31,23.08
1985-09-01,26.099998
1985-09-02,27.96
1985-09-03,25.97
1985-09-04,22.22
1985-09-05,17.119999
1985-09-06,18.26
1985-09-07,17.369999
1985-09-08,15.63
1985-09-09,14.0199995
1985-09-10,16.34
1985-09-11,19.71
1985-09-12,17.289999
1985-09-13,15.03
1985-09-14,16.68
1985-09-15,20.14
1985-09-16,24.199999
1985-09-17,21.779999
1985-09-18,21.01
1985-09-19,22.72
1985-09-20,30.599998
1985-09-21,30.33
1985-09-22,30.48
1985-09-23,27.65
1985-09-24,22.17
1985-09-25,24.14
1985-09-26,19.46
1985-09-27,17.08
1985-09-28,17.39
1985-09-29,15.179999
1985-09-30,11.83
1985-10-01,15.059999
1985-10-02,23.789999
1985-10-03,26.4
1985-10-04,24.39
1985-10-05,21.77
1985-10-06,24.13
1985-10-07,23.73
1985-10-08,18.92
1985-10-09,18.109999
1985-10-10,17.279999
1985-10-11,13.03
1985-10-12,11.98
1985-10-13,10.16
1985-10-14,8.8
1985-10-15,10.059999
1985-10-16,6.74
1985-10-17,8.139999
1985-10-18,10.49
1985-10-19,13.44
1985-10-20,10.679999
1985-10-21,12.05
1985-10-22,15.79
1985-10-23,10.15
1985-10-24,8.51
1985-10-25,10.16
1985-10-26,10.34
1985-10-27,12.389999
1985-10-28,12.41
1985-10-29,7.96
1985-10-30,11.25
1985-10-31,12.83
1985-11-01,15.049999
1985-11-02,14.53
1985-11-03,11.559999
1985-11-04,11.5
1985-11-05,8.599999
1985-11-06,10.24
1985-11-07,9.94
1985-11-08,5.4
1985-11-09,9.48
1985-11-10,9.16
1985-11-11,13.219999
1985-11-12,9.559999
1985-11-13,11.2
1985-11-14,14.41
1985-11-15,5.9
1985-11-16,1.26
1985-11-17,-0.94
1985-11-18,-1.62
1985-11-19,0.16
1985-11-20,3.01
1985-11-21,4.54
1985-11-22,5.43
1985-11-23,4.37
1985-11-24,1.9799999
1985-11-25,5.2
1985-11-26,2.8999999
1985-11-27,6.5299997
1985-11-28,4.5499997
1985-11-29,2.78
1985-11-30,0.34
1985-12-01,0.42999998
1985-12-02,-1.5799999
1985-12-03,1.75
1985-12-04,5.16
1985-12-05,7.17
1985-12-06,10.2
1985-12-07,10.38
1985-12-08,9.7
1985-12-09,5.95
1985-12-10,3.9599998
1985-12-11,5.31
1985-12-12,7.23
1985-12-13,0.48999998
1985-12-14,2.6299999
1985-12-15,2.4299998
1985-12-16,3.61
1985-12-17,3.97
1985-12-18,1.11
1985-12-19,-0.81
1985-12-20,1.93
1985-12-21,-1.13
1985-12-22,-0.01
1985-12-23,-1.35
1985-12-24,-0.75
1985-12-25,-3.24
1985-12-26,-1.3
1985-12-27,5.8599997
1985-12-28,4.49
1985-12-29,8.23
1985-12-30,8.389999
1985-12-31,2.76
1986-01-01,4.8599997
1986-01-02,3.6899998
1986-01-03,4.7
1986-01-04,5.98
1986-01-05,3.9399998
1986-01-06,-0.51
1986-01-07,4.33
1986-01-08,0.29999998
1986-01-09,-0.79999995
1986-01-10,-2.12
1986-01-11,-4.21
1986-01-12,-2.6699998
1986-01-13,-2.76
1986-01-14,2.0
1986-01-15,4.56
1986-01-16,2.97
1986-01-17,-1.03
1986-01-18,-6.62
1986-01-19,-0.91999996
1986-01-20,6.91
1986-01-21,2.82
1986-01-22,4.06
1986-01-23,5.89
1986-01-24,6.8199997
1986-01-25,7.7799997
1986-01-26,2.77
1986-01-27,1.52
1986-01-28,-1.15
1986-01-29,2.18
1986-01-30,5.0899997
1986-01-31,3.23
1986-02-01,1.8299999
1986-02-02,-1.79
1986-02-03,-5.8599997
1986-02-04,-5.42
1986-02-05,-4.67
1986-02-06,-5.44
1986-02-07,-1.8499999
1986-02-08,2.11
1986-02-09,4.02
1986-02-10,0.25
1986-02-11,1.16
1986-02-12,-2.79
1986-02-13,-0.53
1986-02-14,-0.02
1986-02-15,-0.25
1986-02-16,-0.42999998
1986-02-17,3.4199998
1986-02-18,5.18
1986-02-19,4.9
1986-02-20,4.14
1986-02-21,1.52
1986-02-22,0.88
1986-02-23,4.18
1986-02-24,1.3399999
1986-02-25,-2.03
1986-02-26,-6.49
1986-02-27,-9.469999
1986-02-28,-8.2
1986-03-01,-8.84
1986-03-02,-2.69
1986-03-03,2.83
1986-03-04,6.31
1986-03-05,5.38
1986-03-06,6.5099998
1986-03-07,5.5099998
1986-03-08,7.95
1986-03-09,5.54
1986-03-10,2.79
1986-03-11,3.73
1986-03-12,4.81
1986-03-13,7.46
1986-03-14,7.0699997
1986-03-15,11.8
1986-03-16,3.5
1986-03-17,4.4
1986-03-18,5.04
1986-03-19,6.49
1986-03-20,7.45
1986-03-21,6.17
1986-03-22,10.65
1986-03-23,9.28
1986-03-24,10.62
1986-03-25,12.29
1986-03-26,14.469999
1986-03-27,15.009999
1986-03-28,18.949999
1986-03-29,21.15
1986-03-30,19.689999
1986-03-31,16.49
1986-04-01,20.8
1986-04-02,16.92
1986-04-03,20.75
1986-04-04,24.9
1986-04-05,22.789999
1986-04-06,21.82
1986-04-07,25.46
1986-04-08,24.91
1986-04-09,27.24
1986-04-10,22.31
1986-04-11,11.78
1986-04-12,13.389999
1986-04-13,14.58
1986-04-14,11.969999
1986-04-15,9.88
1986-04-16,10.11
1986-04-17,19.27
1986-04-18,16.58
1986-04-19,19.119999
1986-04-20,13.84
1986-04-21,13.86
1986-04-22,18.26
1986-04-23,19.99
1986-04-24,21.65
1986-04-25,17.94
1986-04-26,16.42
1986-04-27,16.96
1986-04-28,24.23
1986-04-29,21.74
1986-04-30,21.22
1986-05-01,21.029999
1986-05-02,20.52
1986-05-03,21.17
1986-05-04,17.56
1986-05-05,17.779999
1986-05-06,21.119999
1986-05-07,17.58
1986-05-08,19.779999
1986-05-09,20.359999
1986-05-10,16.72
1986-05-11,21.46
1986-05-12,19.369999
1986-05-13,21.449999
1986-05-14,22.3
1986-05-15,25.24
1986-05-16,25.09
1986-05-17,23.779999
1986-05-18,24.22
1986-05-19,25.289999
1986-05-20,22.119999
1986-05-21,24.449999
1986-05-22,25.22
1986-05-23,24.59
1986-05-24,25.17
1986-05-25,23.84
1986-05-26,21.5
1986-05-27,28.96
1986-05-28,26.73
1986-05-29,28.38
1986-05-30,28.42
1986-05-31,25.64
1986-06-01,20.99
1986-06-02,21.35
1986-06-03,24.689999
1986-06-04,21.869999
1986-06-05,21.699999
1986-06-06,23.09
1986-06-07,23.31
1986-06-08,20.51
1986-06-09,20.81
1986-06-10,24.789999
1986-06-11,20.699999
1986-06-12,22.949999
1986-06-13,25.16
1986-06-14,27.91
1986-06-15,29.439999
1986-06-16,28.869999
1986-06-17,30.67
1986-06-18,29.98
1986-06-19,29.4
1986-06-20,28.4
1986-06-21,27.97
1986-06-22,23.779999
1986-06-23,20.63
1986-06-24,20.43
1986-06-25,19.09
1986-06-26,15.799999
1986-06-27,16.02
1986-06-28,17.84
1986-06-29,22.029999
1986-06-30,22.47
1986-07-01,22.58
1986-07-02,20.93
1986-07-03,21.93
1986-07-04,23.55
1986-07-05,26.17
1986-07-06,26.41
1986-07-07,27.949999
1986-07-08,21.67
1986-07-09,18.51
1986-07-10,18.859999
1986-07-11,22.84
1986-07-12,21.98
1986-07-13,24.039999
1986-07-14,22.09
1986-07-15,20.35
1986-07-16,24.439999
1986-07-17,26.859999
1986-07-18,24.22
1986-07-19,25.17
1986-07-20,26.72
1986-07-21,27.46
1986-07-22,24.97
1986-07-23,29.48
1986-07-24,31.189999
1986-07-25,23.71
1986-07-26,22.15
1986-07-27,19.96
1986-07-28,18.81
1986-07-29,20.98
1986-07-30,21.779999
1986-07-31,27.41
1986-08-01,30.689999
1986-08-02,28.89
1986-08-03,29.16
1986-08-04,30.179998
1986-08-05,31.869999
1986-08-06,26.9
1986-08-07,25.55
1986-08-08,26.06
1986-08-09,28.24
1986-08-10,28.99
1986-08-11,29.859999
1986-08-12,32.899998
1986-08-13,31.41
1986-08-14,27.42
1986-08-15,23.5
1986-08-16,26.75
1986-08-17,27.21
1986-08-18,30.609999
1986-08-19,32.5
1986-08-20,28.4
1986-08-21,22.279999
1986-08-22,22.75
1986-08-23,27.43
1986-08-24,27.55
1986-08-25,21.56
1986-08-26,20.3
1986-08-27,25.25
1986-08-28,26.41
1986-08-29,30.849998
1986-08-30,26.189999
1986-08-31,19.64
1986-09-01,19.38
1986-09-02,19.869999
1986-09-03,23.17
1986-09-04,25.38
1986-09-05,19.48
1986-09-06,23.439999
1986-09-07,26.359999
1986-09-08,26.23
1986-09-09,28.019999
1986-09-10,27.05
1986-09-11,26.74
1986-09-12,26.019999
1986-09-13,28.74
1986-09-14,27.21
1986-09-15,30.029999
1986-09-16,31.539999
1986-09-17,30.34
1986-09-18,30.82
1986-09-19,23.199999
1986-09-20,17.76
1986-09-21,21.88
1986-09-22,23.43
1986-09-23,20.789999
1986-09-24,21.8
1986-09-25,20.43
1986-09-26,19.869999
1986-09-27,15.339999
1986-09-28,14.87
1986-09-29,16.57
1986-09-30,14.34
1986-10-01,14.969999
1986-10-02,18.5
1986-10-03,22.23
1986-10-04,18.15
1986-10-05,13.24
1986-10-06,14.94
1986-10-07,17.58
1986-10-08,16.26
1986-10-09,13.599999
1986-10-10,14.549999
1986-10-11,21.949999
1986-10-12,19.859999
1986-10-13,15.16
1986-10-14,14.759999
1986-10-15,12.65
1986-10-16,12.5
1986-10-17,8.94
1986-10-18,11.05
1986-10-19,13.849999
1986-10-20,13.78
1986-10-21,12.3
1986-10-22,12.4
1986-10-23,20.07
1986-10-24,17.539999
1986-10-25,12.75
1986-10-26,11.349999
1986-10-27,10.54
1986-10-28,12.009999
1986-10-29,12.2699995
1986-10-30,14.53
1986-10-31,14.309999
1986-11-01,9.05
1986-11-02,10.33
1986-11-03,8.559999
1986-11-04,7.91
1986-11-05,3.86
1986-11-06,2.1699998
1986-11-07,1.67
1986-11-08,-1.39
1986-11-09,2.56
1986-11-10,2.62
1986-11-11,6.62
1986-11-12,12.92
1986-11-13,10.349999
1986-11-14,11.55
1986-11-15,7.5099998
1986-11-16,3.4299998
1986-11-17,4.23
1986-11-18,7.77
1986-11-19,6.33
1986-11-20,5.69
1986-11-21,6.58
1986-11-22,5.7799997
1986-11-23,4.71
1986-11-24,7.83
1986-11-25,6.23
1986-11-26,5.0099998
1986-11-27,3.4499998
1986-11-28,3.1999998
1986-11-29,3.11
1986-11-30,1.27
1986-12-01,-0.32999998
1986-12-02,1.91
1986-12-03,0.78
1986-12-04,6.0699997
1986-12-05,7.18
1986-12-06,9.58
1986-12-07,8.97
1986-12-08,5.8799996
1986-12-09,5.93
1986-12-10,4.29
1986-12-11,3.1
1986-12-12,-2.6
1986-12-13,-4.99
1986-12-14,-4.21
1986-12-15,0.02
1986-12-16,4.0899997
1986-12-17,3.77
1986-12-18,-1.61
1986-12-19,-1.28
1986-12-20,1.22
1986-12-21,-0.29999998
1986-12-22,-1.26
1986-12-23,-4.44
1986-12-24,-4.7599998
1986-12-25,-9.889999
1986-12-26,-8.91
1986-12-27,-8.59
1986-12-28,-8.309999
1986-12-29,-4.5699997
1986-12-30,3.62
1986-12-31,2.3
1987-01-01,5.83
1987-01-02,5.45
1987-01-03,5.25
1987-01-04,0.29999998
1987-01-05,-6.6499996
1987-01-06,-1.53
1987-01-07,1.9599999
1987-01-08,-1.13
1987-01-09,-7.7999997
1987-01-10,-7.2999997
1987-01-11,-0.07
1987-01-12,4.06
1987-01-13,-4.96
1987-01-14,-0.78999996
1987-01-15,-0.25
1987-01-16,0.5
1987-01-17,1.49
1987-01-18,-0.95
1987-01-19,-1.7199999
1987-01-20,-3.03
1987-01-21,-5.5899997
1987-01-22,-7.7999997
1987-01-23,-5.83
1987-01-24,-5.14
1987-01-25,-7.27
1987-01-26,-1.23
1987-01-27,-1.6999999
1987-01-28,-0.37
1987-01-29,-0.77
1987-01-30,-7.7
1987-01-31,-11.809999
1987-02-01,-9.429999
1987-02-02,-5.72
1987-02-03,-5.5499997
1987-02-04,-3.78
1987-02-05,-3.04
1987-02-06,-3.33
1987-02-07,1.42
1987-02-08,2.6499999
1987-02-09,1.8399999
1987-02-10,5.1
1987-02-11,5.64
1987-02-12,4.2799997
1987-02-13,4.5099998
1987-02-14,5.02
1987-02-15,4.21
1987-02-16,5.75
1987-02-17,4.98
1987-02-18,6.89
1987-02-19,4.69
1987-02-20,6.12
1987-02-21,5.71
1987-02-22,5.4
1987-02-23,7.0
1987-02-24,1.93
1987-02-25,-4.97
1987-02-26,-3.74
1987-02-27,-3.46
1987-02-28,0.51
1987-03-01,3.1899998
1987-03-02,-0.29
1987-03-03,-2.03
1987-03-04,-6.2
1987-03-05,-7.66
1987-03-06,-6.3399997
1987-03-07,-5.69
1987-03-08,-3.99
1987-03-09,-4.5499997
1987-03-10,-0.82
1987-03-11,-2.02
1987-03-12,-3.48
1987-03-13,-1.18
1987-03-14,0.0
1987-03-15,1.78
1987-03-16,3.1499999
1987-03-17,3.4099998
1987-03-18,2.34
1987-03-19,5.72
1987-03-20,10.389999
1987-03-21,10.179999
1987-03-22,7.3799996
1987-03-23,5.9
1987-03-24,4.79
1987-03-25,7.5099998
1987-03-26,11.34
1987-03-27,12.99
1987-03-28,14.23
1987-03-29,13.429999
1987-03-30,15.49
1987-03-31,13.11
1987-04-01,10.99
1987-04-02,7.89
1987-04-03,11.4
1987-04-04,12.45
1987-04-05,14.639999
1987-04-06,15.36
1987-04-07,14.309999
1987-04-08,16.75
1987-04-09,17.449999
1987-04-10,17.76
1987-04-11,15.66
1987-04-12,10.28
1987-04-13,9.75
1987-04-14,7.6
1987-04-15,8.55
1987-04-16,11.429999
1987-04-17,12.889999
1987-04-18,15.4
1987-04-19,12.7699995
1987-04-20,14.65
1987-04-21,15.799999
1987-04-22,13.48
1987-04-23,11.74
1987-04-24,12.719999
1987-04-25,14.599999
1987-04-26,17.66
1987-04-27,14.67
1987-04-28,9.19
1987-04-29,12.87
1987-04-30,15.9
1987-05-01,15.63
1987-05-02,16.6
1987-05-03,14.719999
1987-05-04,17.09
1987-05-05,19.3
1987-05-06,16.97
1987-05-07,17.15
1987-05-08,14.28
1987-05-09,10.44
1987-05-10,15.429999
1987-05-11,18.789999
1987-05-12,18.48
1987-05-13,20.029999
1987-05-14,20.13
1987-05-15,20.09
1987-05-16,18.41
1987-05-17,18.32
1987-05-18,21.369999
1987-05-19,23.22
1987-05-20,21.39
1987-05-21,23.51
1987-05-22,20.109999
1987-05-23,14.9
1987-05-24,17.68
1987-05-25,19.16
1987-05-26,17.49
1987-05-27,16.58
1987-05-28,19.85
1987-05-29,21.039999
1987-05-30,19.369999
1987-05-31,17.09
1987-06-01,16.69
1987-06-02,18.18
1987-06-03,18.23
1987-06-04,20.09
1987-06-05,22.869999
1987-06-06,19.14
1987-06-07,20.21
1987-06-08,25.39
1987-06-09,31.33
1987-06-10,30.949999
1987-06-11,27.609999
1987-06-12,26.33
1987-06-13,27.63
1987-06-14,27.269999
1987-06-15,30.31
1987-06-16,31.72
1987-06-17,23.689999
1987-06-18,20.279999
1987-06-19,20.529999
1987-06-20,23.81
1987-06-21,21.84
1987-06-22,22.67
1987-06-23,23.84
1987-06-24,23.539999
1987-06-25,25.699999
1987-06-26,25.91
1987-06-27,28.859999
1987-06-28,29.519999
1987-06-29,27.63
1987-06-30,29.84
1987-07-01,31.65
1987-07-02,31.99
1987-07-03,29.539999
1987-07-04,24.9
1987-07-05,22.05
1987-07-06,19.279999
1987-07-07,21.47
1987-07-08,25.64
1987-07-09,29.23
1987-07-10,26.56
1987-07-11,23.73
1987-07-12,28.029999
1987-07-13,28.68
1987-07-14,30.349998
1987-07-15,28.279999
1987-07-16,28.199999
1987-07-17,29.42
1987-07-18,30.47
1987-07-19,33.19
1987-07-20,36.29
1987-07-21,35.8
1987-07-22,35.19
1987-07-23,34.23
1987-07-24,33.36
1987-07-25,34.26
1987-07-26,31.33
1987-07-27,27.26
1987-07-28,25.08
1987-07-29,22.4
1987-07-30,24.89
1987-07-31,28.349998
1987-08-01,23.41
1987-08-02,22.68
1987-08-03,25.43
1987-08-04,28.789999
1987-08-05,29.26
1987-08-06,23.279999
1987-08-07,24.15
1987-08-08,28.24
1987-08-09,25.109999
1987-08-10,26.32
1987-08-11,24.26
1987-08-12,23.14
1987-08-13,21.199999
1987-08-14,21.64
1987-08-15,24.57
1987-08-16,20.88
1987-08-17,17.949999
1987-08-18,21.01
1987-08-19,26.849998
1987-08-20,22.949999
1987-08-21,18.039999
1987-08-22,18.859999
1987-08-23,18.84
1987-08-24,25.05
1987-08-25,28.33
1987-08-26,29.34
1987-08-27,31.189999
1987-08-28,28.24
1987-08-29,22.18
1987-08-30,21.22
1987-08-31,24.89
1987-09-01,22.73
1987-09-02,26.51
1987-09-03,26.05
1987-09-04,27.34
1987-09-05,24.39
1987-09-06,25.38
1987-09-07,25.779999
1987-09-08,26.82
1987-09-09,24.33
1987-09-10,22.63
1987-09-11,23.85
1987-09-12,23.98
1987-09-13,29.609999
1987-09-14,30.769999
1987-09-15,30.359999
1987-09-16,25.9
1987-09-17,23.91
1987-09-18,21.16
1987-09-19,23.779999
1987-09-20,27.439999
1987-09-21,23.72
1987-09-22,22.05
1987-09-23,27.289999
1987-09-24,27.93
1987-09-25,23.15
1987-09-26,24.539999
1987-09-27,29.49
1987-09-28,20.8
1987-09-29,12.65
1987-09-30,10.53
1987-10-01,9.41
1987-10-02,9.63
1987-10-03,10.67
1987-10-04,13.639999
1987-10-05,17.529999
1987-10-06,19.67
1987-10-07,20.369999
1987-10-08,18.16
1987-10-09,17.43
1987-10-10,19.07
1987-10-11,19.84
1987-10-12,17.92
1987-10-13,13.95
1987-10-14,14.08
1987-10-15,17.27
1987-10-16,18.05
1987-10-17,16.31
1987-10-18,13.46
1987-10-19,12.53
1987-10-20,13.37
1987-10-21,14.38
1987-10-22,15.16
1987-10-23,16.33
1987-10-24,14.74
1987-10-25,17.09
1987-10-26,13.0
1987-10-27,7.64
1987-10-28,4.24
1987-10-29,4.41
1987-10-30,1.9799999
1987-10-31,3.6299999
1987-11-01,3.4199998
1987-11-02,4.35
1987-11-03,5.5
1987-11-04,1.64
1987-11-05,-1.38
1987-11-06,3.84
1987-11-07,2.05
1987-11-08,6.6
1987-11-09,9.4
1987-11-10,7.6299996
1987-11-11,10.41
1987-11-12,11.53
1987-11-13,11.679999
1987-11-14,13.679999
1987-11-15,13.259999
1987-11-16,9.889999
1987-11-17,10.03
1987-11-18,7.58
1987-11-19,6.77
1987-11-20,4.64
1987-11-21,5.7999997
1987-11-22,6.52
1987-11-23,5.58
1987-11-24,6.93
1987-11-25,8.72
1987-11-26,10.66
1987-11-27,11.74
1987-11-28,11.219999
1987-11-29,7.96
1987-11-30,7.3799996
1987-12-01,5.6299996
1987-12-02,2.69
1987-12-03,-0.63
1987-12-04,-1.18
1987-12-05,-0.16
1987-12-06,3.48
1987-12-07,8.099999
1987-12-08,4.3199997
1987-12-09,1.5999999
1987-12-10,-2.37
1987-12-11,-3.76
1987-12-12,-3.72
1987-12-13,-4.7799997
1987-12-14,-2.25
1987-12-15,2.86
1987-12-16,1.06
1987-12-17,-0.06
1987-12-18,2.85
1987-12-19,4.8599997
1987-12-20,5.3399997
1987-12-21,3.46
1987-12-22,0.65
1987-12-23,0.81
1987-12-24,-5.14
1987-12-25,-8.099999
1987-12-26,-5.3599997
1987-12-27,-0.84999996
1987-12-28,9.929999
1987-12-29,5.12
1987-12-30,7.69
1987-12-31,6.3599997
1988-01-01,4.71
1988-01-02,3.87
1988-01-03,4.79
1988-01-04,7.22
1988-01-05,7.3599997
1988-01-06,8.44
1988-01-07,10.9
1988-01-08,7.1
1988-01-09,3.22
1988-01-10,1.42
1988-01-11,0.91999996
1988-01-12,-0.29
1988-01-13,-2.3999999
1988-01-14,0.53999996
1988-01-15,0.62
1988-01-16,1.31
1988-01-17,2.04
1988-01-18,3.57
1988-01-19,0.52
1988-01-20,1.25
1988-01-21,0.96999997
1988-01-22,1.51
1988-01-23,1.24
1988-01-24,-1.8299999
1988-01-25,0.24
1988-01-26,2.45
1988-01-27,2.83
1988-01-28,0.71
1988-01-29,3.57
1988-01-30,4.0099998
1988-01-31,3.1399999
1988-02-01,-2.61
1988-02-02,-3.29
1988-02-03,1.5
1988-02-04,3.98
1988-02-05,5.35
1988-02-06,8.21
1988-02-07,5.0699997
1988-02-08,5.45
1988-02-09,6.08
1988-02-10,6.46
1988-02-11,4.24
1988-02-12,2.86
1988-02-13,1.9599999
1988-02-14,1.13
1988-02-15,1.6899999
1988-02-16,1.06
1988-02-17,4.16
1988-02-18,3.11
1988-02-19,1.79
1988-02-20,4.67
1988-02-21,-2.1
1988-02-22,-3.26
1988-02-23,-1.4599999
1988-02-24,0.79999995
1988-02-25,7.19
1988-02-26,8.21
1988-02-27,5.47
1988-02-28,2.1399999
1988-02-29,4.0699997
1988-03-01,7.23
1988-03-02,3.1699998
1988-03-03,-0.91999996
1988-03-04,0.69
1988-03-05,6.04
1988-03-06,7.1099997
1988-03-07,6.8399997
1988-03-08,8.83
1988-03-09,5.31
1988-03-10,3.6499999
1988-03-11,3.74
1988-03-12,4.56
1988-03-13,2.79
1988-03-14,7.0
1988-03-15,7.22
1988-03-16,12.42
1988-03-17,10.849999
1988-03-18,9.309999
1988-03-19,4.5099998
1988-03-20,2.9199998
1988-03-21,8.559999
1988-03-22,10.38
1988-03-23,12.29
1988-03-24,11.13
1988-03-25,10.4
1988-03-26,10.48
1988-03-27,12.309999
1988-03-28,9.179999
1988-03-29,9.16
1988-03-30,10.48
1988-03-31,11.25
1988-04-01,13.84
1988-04-02,12.889999
1988-04-03,13.41
1988-04-04,11.87
1988-04-05,14.11
1988-04-06,13.799999
1988-04-07,16.47
1988-04-08,15.299999
1988-04-09,16.039999
1988-04-10,13.17
1988-04-11,11.639999
1988-04-12,16.66
1988-04-13,16.83
1988-04-14,13.259999
1988-04-15,0.71999997
1988-04-16,3.8999999
1988-04-17,7.6
1988-04-18,8.73
1988-04-19,15.0199995
1988-04-20,15.179999
1988-04-21,18.17
1988-04-22,16.96
1988-04-23,14.799999
1988-04-24,12.5199995
1988-04-25,8.09
1988-04-26,12.75
1988-04-27,14.24
1988-04-28,15.74
1988-04-29,14.62
1988-04-30,15.469999
1988-05-01,17.3
1988-05-02,20.6
1988-05-03,22.35
1988-05-04,21.619999
1988-05-05,21.99
1988-05-06,21.74
1988-05-07,17.91
1988-05-08,15.259999
1988-05-09,18.05
1988-05-10,16.59
1988-05-11,18.88
1988-05-12,17.25
1988-05-13,18.26
1988-05-14,20.619999
1988-05-15,20.619999
1988-05-16,19.779999
1988-05-17,19.65
1988-05-18,22.439999
1988-05-19,23.98
1988-05-20,25.109999
1988-05-21,22.609999
1988-05-22,19.52
1988-05-23,16.13
1988-05-24,18.89
1988-05-25,21.35
1988-05-26,20.42
1988-05-27,20.42
1988-05-28,22.21
1988-05-29,22.43
1988-05-30,20.55
1988-05-31,22.57
1988-06-01,23.74
1988-06-02,20.029999
1988-06-03,15.19
1988-06-04,18.0
1988-06-05,21.67
1988-06-06,22.119999
1988-06-07,23.84
1988-06-08,25.18
1988-06-09,26.13
1988-06-10,24.57
1988-06-11,25.15
1988-06-12,23.34
1988-06-13,21.789999
1988-06-14,19.939999
1988-06-15,20.93
1988-06-16,20.64
1988-06-17,18.289999
1988-06-18,19.83
1988-06-19,23.63
1988-06-20,21.39
1988-06-21,20.6
1988-06-22,22.66
1988-06-23,20.96
1988-06-24,20.25
1988-06-25,21.779999
1988-06-26,26.029999
1988-06-27,23.96
1988-06-28,26.5
1988-06-29,25.199999
1988-06-30,25.439999
1988-07-01,27.49
1988-07-02,28.99
1988-07-03,28.39
1988-07-04,30.619999
1988-07-05,32.84
1988-07-06,37.03
1988-07-07,32.0
1988-07-08,31.189999
1988-07-09,27.99
1988-07-10,22.949999
1988-07-11,20.58
1988-07-12,23.66
1988-07-13,24.73
1988-07-14,28.019999
1988-07-15,29.73
1988-07-16,29.23
1988-07-17,25.939999
1988-07-18,25.1
1988-07-19,25.39
1988-07-20,21.779999
1988-07-21,21.16
1988-07-22,24.05
1988-07-23,27.3
1988-07-24,30.96
1988-07-25,30.92
1988-07-26,28.48
1988-07-27,26.98
1988-07-28,27.5
1988-07-29,29.519999
1988-07-30,29.539999
1988-07-31,25.26
1988-08-01,25.529999
1988-08-02,27.89
1988-08-03,30.07
1988-08-04,29.609999
1988-08-05,28.609999
1988-08-06,24.89
1988-08-07,23.15
1988-08-08,26.74
1988-08-09,27.689999
1988-08-10,27.14
1988-08-11,27.75
1988-08-12,30.17
1988-08-13,32.01
1988-08-14,30.029999
1988-08-15,33.35
1988-08-16,31.199999
1988-08-17,28.84
1988-08-18,23.23
1988-08-19,25.599998
1988-08-20,28.349998
1988-08-21,30.56
1988-08-22,29.89
1988-08-23,29.23
1988-08-24,21.71
1988-08-25,20.72
1988-08-26,20.18
1988-08-27,16.99
1988-08-28,16.85
1988-08-29,23.38
1988-08-30,27.82
1988-08-31,25.8
1988-09-01,25.56
1988-09-02,26.01
1988-09-03,21.619999
1988-09-04,21.56
1988-09-05,23.18
1988-09-06,20.57
1988-09-07,17.98
1988-09-08,15.54
1988-09-09,17.83
1988-09-10,18.48
1988-09-11,18.359999
1988-09-12,22.519999
1988-09-13,22.5
1988-09-14,23.13
1988-09-15,24.65
1988-09-16,21.869999
1988-09-17,20.05
1988-09-18,18.26
1988-09-19,17.56
1988-09-20,21.02
1988-09-21,21.16
1988-09-22,19.289999
1988-09-23,17.039999
1988-09-24,19.81
1988-09-25,20.74
1988-09-26,21.08
1988-09-27,21.27
1988-09-28,24.74
1988-09-29,22.689999
1988-09-30,22.33
1988-10-01,18.85
1988-10-02,13.99
1988-10-03,14.28
1988-10-04,13.36
1988-10-05,13.049999
1988-10-06,15.71
1988-10-07,18.15
1988-10-08,18.01
1988-10-09,12.5199995
1988-10-10,14.219999
1988-10-11,18.96
1988-10-12,20.17
1988-10-13,22.3
1988-10-14,20.3
1988-10-15,18.76
1988-10-16,16.94
1988-10-17,16.88
1988-10-18,15.63
1988-10-19,11.42
1988-10-20,10.5199995
1988-10-21,10.86
1988-10-22,12.33
1988-10-23,13.799999
1988-10-24,13.599999
1988-10-25,11.34
1988-10-26,6.44
1988-10-27,6.5
1988-10-28,10.0199995
1988-10-29,11.92
1988-10-30,10.13
1988-10-31,3.9599998
1988-11-01,0.35
1988-11-02,7.5099998
1988-11-03,6.23
1988-11-04,0.28
1988-11-05,0.45
1988-11-06,-0.9
1988-11-07,0.65
1988-11-08,1.4599999
1988-11-09,-0.16
1988-11-10,-2.3899999
1988-11-11,-1.8
1988-11-12,0.42
1988-11-13,2.48
1988-11-14,5.8399997
1988-11-15,1.56
1988-11-16,-1.27
1988-11-17,-2.6399999
1988-11-18,1.77
1988-11-19,5.69
1988-11-20,3.98
1988-11-21,0.29999998
1988-11-22,6.6
1988-11-23,2.1699998
1988-11-24,-0.90999997
1988-11-25,-0.21
1988-11-26,0.39999998
1988-11-27,2.47
1988-11-28,0.55
1988-11-29,4.99
1988-11-30,4.79
1988-12-01,3.06
1988-12-02,2.6
1988-12-03,4.16
1988-12-04,3.6399999
1988-12-05,3.8999999
1988-12-06,4.5899997
1988-12-07,4.42
1988-12-08,0.71999997
1988-12-09,-3.6799998
1988-12-10,-2.4299998
1988-12-11,2.1
1988-12-12,4.47
1988-12-13,4.63
1988-12-14,0.08
1988-12-15,-2.9399998
1988-12-16,-6.6499996
1988-12-17,-5.73
1988-12-18,-5.5
1988-12-19,-0.90999997
1988-12-20,3.4499998
1988-12-21,0.049999997
1988-12-22,0.38
1988-12-23,4.06
1988-12-24,5.27
1988-12-25,4.0099998
1988-12-26,1.11
1988-12-27,3.46
1988-12-28,2.8
1988-12-29,-1.01
1988-12-30,3.62
1988-12-31,3.54
1989-01-01,-0.04
1989-01-02,-1.74
1989-01-03,-5.22
1989-01-04,-1.7199999
1989-01-05,-0.44
1989-01-06,0.76
1989-01-07,-1.81
1989-01-08,-2.25
1989-01-09,-1.37
1989-01-10,2.95
1989-01-11,7.95
1989-01-12,1.56
1989-01-13,4.0899997
1989-01-14,-0.57
1989-01-15,-0.71
1989-01-16,3.84
1989-01-17,6.7799997
1989-01-18,4.5499997
1989-01-19,-1.75
1989-01-20,3.6299999
1989-01-21,5.0
1989-01-22,2.99
1989-01-23,1.55
1989-01-24,-0.17999999
1989-01-25,-1.66
1989-01-26,1.35
1989-01-27,2.6
1989-01-28,-0.96
1989-01-29,-0.37
1989-01-30,-2.57
1989-01-31,-0.97999996
1989-02-01,0.29999998
1989-02-02,4.3199997
1989-02-03,4.85
1989-02-04,4.89
1989-02-05,2.57
1989-02-06,4.02
1989-02-07,2.61
1989-02-08,4.0499997
1989-02-09,4.29
1989-02-10,3.9299998
1989-02-11,-0.76
1989-02-12,4.2
1989-02-13,2.9199998
1989-02-14,4.5699997
1989-02-15,0.88
1989-02-16,1.09
1989-02-17,3.76
1989-02-18,0.90999997
1989-02-19,2.46
1989-02-20,9.58
1989-02-21,9.45
1989-02-22,6.14
1989-02-23,6.16
1989-02-24,10.53
1989-02-25,14.639999
1989-02-26,13.96
1989-02-27,11.5199995
1989-02-28,7.62
1989-03-01,7.37
1989-03-02,7.47
1989-03-03,7.81
1989-03-04,7.8199997
1989-03-05,8.98
1989-03-06,6.43
1989-03-07,8.059999
1989-03-08,7.75
1989-03-09,8.22
1989-03-10,7.16
1989-03-11,8.78
1989-03-12,10.219999
1989-03-13,9.91
1989-03-14,8.95
1989-03-15,7.97
1989-03-16,13.429999
1989-03-17,16.75
1989-03-18,18.07
1989-03-19,13.429999
1989-03-20,13.86
1989-03-21,16.8
1989-03-22,16.99
1989-03-23,13.0
1989-03-24,11.13
1989-03-25,12.42
1989-03-26,11.75
1989-03-27,10.07
1989-03-28,13.38
1989-03-29,17.46
1989-03-30,16.369999
1989-03-31,18.92
1989-04-01,20.91
1989-04-02,17.109999
1989-04-03,11.719999
1989-04-04,18.63
1989-04-05,23.63
1989-04-06,21.51
1989-04-07,14.759999
1989-04-08,16.369999
1989-04-09,17.4
1989-04-10,17.4
1989-04-11,19.63
1989-04-12,21.13
1989-04-13,19.779999
1989-04-14,15.88
1989-04-15,14.469999
1989-04-16,15.92
1989-04-17,17.369999
1989-04-18,17.699999
1989-04-19,17.75
1989-04-20,17.85
1989-04-21,19.31
1989-04-22,18.58
1989-04-23,19.65
1989-04-24,16.43
1989-04-25,12.12
1989-04-26,21.76
1989-04-27,25.21
1989-04-28,22.529999
1989-04-29,19.3
1989-04-30,19.439999
1989-05-01,15.83
1989-05-02,14.37
1989-05-03,17.619999
1989-05-04,15.98
1989-05-05,16.3
1989-05-06,16.31
1989-05-07,12.42
1989-05-08,11.53
1989-05-09,13.58
1989-05-10,17.359999
1989-05-11,22.98
1989-05-12,23.01
1989-05-13,24.189999
1989-05-14,26.89
1989-05-15,23.939999
1989-05-16,20.74
1989-05-17,22.65
1989-05-18,24.63
1989-05-19,23.609999
1989-05-20,21.189999
1989-05-21,20.52
1989-05-22,17.99
1989-05-23,13.94
1989-05-24,15.11
1989-05-25,14.29
1989-05-26,15.389999
1989-05-27,17.3
1989-05-28,16.35
1989-05-29,17.76
1989-05-30,18.18
1989-05-31,23.46
1989-06-01,23.31
1989-06-02,20.67
1989-06-03,21.43
1989-06-04,23.189999
1989-06-05,22.289999
1989-06-06,24.68
1989-06-07,21.64
1989-06-08,20.3
1989-06-09,19.8
1989-06-10,17.65
1989-06-11,16.77
1989-06-12,19.55
1989-06-13,22.75
1989-06-14,24.23
1989-06-15,20.05
1989-06-16,18.73
1989-06-17,19.029999
1989-06-18,17.92
1989-06-19,22.67
1989-06-20,22.24
1989-06-21,20.199999
1989-06-22,16.81
1989-06-23,21.56
1989-06-24,23.09
1989-06-25,24.4
1989-06-26,24.43
1989-06-27,24.56
1989-06-28,23.51
1989-06-29,24.21
1989-06-30,21.64
1989-07-01,24.41
1989-07-02,25.59
1989-07-03,27.09
1989-07-04,27.269999
1989-07-05,26.91
1989-07-06,27.18
1989-07-07,27.65
1989-07-08,29.39
1989-07-09,29.47
1989-07-10,30.26
1989-07-11,30.84
1989-07-12,30.73
1989-07-13,30.359999
1989-07-14,27.32
1989-07-15,25.3
1989-07-16,21.43
1989-07-17,21.47
1989-07-18,21.17
1989-07-19,20.189999
1989-07-20,18.89
1989-07-21,21.6
1989-07-22,21.73
1989-07-23,23.73
1989-07-24,27.71
1989-07-25,22.84
1989-07-26,23.67
1989-07-27,24.01
1989-07-28,23.17
1989-07-29,23.289999
1989-07-30,23.949999
1989-07-31,24.57
1989-08-01,25.849998
1989-08-02,22.47
1989-08-03,16.69
1989-08-04,17.529999
1989-08-05,23.0
1989-08-06,27.43
1989-08-07,26.13
1989-08-08,27.199999
1989-08-09,28.67
1989-08-10,23.32
1989-08-11,24.439999
1989-08-12,24.73
1989-08-13,27.8
1989-08-14,27.789999
1989-08-15,29.06
1989-08-16,31.83
1989-08-17,29.84
1989-08-18,32.19
1989-08-19,31.08
1989-08-20,27.359999
1989-08-21,29.8
1989-08-22,30.929998
1989-08-23,28.05
1989-08-24,25.91
1989-08-25,26.21
1989-08-26,26.06
1989-08-27,26.76
1989-08-28,26.49
1989-08-29,26.5
1989-08-30,18.93
1989-08-31,17.49
1989-09-01,14.73
1989-09-02,18.42
1989-09-03,21.76
1989-09-04,21.72
1989-09-05,18.26
1989-09-06,17.529999
1989-09-07,15.82
1989-09-08,15.94
1989-09-09,21.57
1989-09-10,21.0
1989-09-11,19.84
1989-09-12,17.93
1989-09-13,15.759999
1989-09-14,19.789999
1989-09-15,18.699999
1989-09-16,16.89
1989-09-17,18.42
1989-09-18,24.369999
1989-09-19,25.34
1989-09-20,26.599998
1989-09-21,24.38
1989-09-22,20.25
1989-09-23,20.02
1989-09-24,18.19
1989-09-25,18.34
1989-09-26,18.48
1989-09-27,19.41
1989-09-28,19.539999
1989-09-29,16.449999
1989-09-30,14.589999
1989-10-01,12.679999
1989-10-02,10.48
1989-10-03,10.9
1989-10-04,7.68
1989-10-05,9.73
1989-10-06,10.59
1989-10-07,13.99
1989-10-08,16.109999
1989-10-09,17.92
1989-10-10,16.34
1989-10-11,13.25
1989-10-12,10.83
1989-10-13,13.049999
1989-10-14,17.67
1989-10-15,14.58
1989-10-16,11.969999
1989-10-17,11.88
1989-10-18,13.28
1989-10-19,15.24
1989-10-20,17.46
1989-10-21,15.49
1989-10-22,16.84
1989-10-23,18.58
1989-10-24,19.529999
1989-10-25,18.939999
1989-10-26,18.38
1989-10-27,17.39
1989-10-28,19.779999
1989-10-29,17.58
1989-10-30,15.48
1989-10-31,14.95
1989-11-01,12.509999
1989-11-02,16.369999
1989-11-03,15.839999
1989-11-04,14.94
1989-11-05,13.13
1989-11-06,13.92
1989-11-07,13.07
1989-11-08,10.4
1989-11-09,9.2
1989-11-10,9.08
1989-11-11,7.25
1989-11-12,5.0899997
1989-11-13,4.3199997
1989-11-14,5.46
1989-11-15,5.8599997
1989-11-16,4.0899997
1989-11-17,1.3
1989-11-18,3.1299999
1989-11-19,2.07
1989-11-20,3.9499998
1989-11-21,4.81
1989-11-22,8.98
1989-11-23,10.7
1989-11-24,1.16
1989-11-25,1.74
1989-11-26,-0.32999998
1989-11-27,-2.83
1989-11-28,2.61
1989-11-29,-3.31
1989-11-30,-4.8599997
1989-12-01,-5.97
1989-12-02,-2.85
1989-12-03,1.14
1989-12-04,2.04
1989-12-05,0.90999997
1989-12-06,-3.76
1989-12-07,-1.24
1989-12-08,-2.83
1989-12-09,-0.48
1989-12-10,-4.49
1989-12-11,-7.3399997
1989-12-12,-4.7
1989-12-13,-2.73
1989-12-14,6.0299997
1989-12-15,10.929999
1989-12-16,12.969999
1989-12-17,14.65
1989-12-18,14.34
1989-12-19,11.08
1989-12-20,10.99
1989-12-21,8.88
1989-12-22,10.16
1989-12-23,12.889999
1989-12-24,6.87
1989-12-25,-0.45999998
1989-12-26,-2.98
1989-12-27,-2.23
1989-12-28,1.26
1989-12-29,2.18
1989-12-30,0.62
1989-12-31,0.93
1990-01-01,-4.02
1990-01-02,-4.81
1990-01-03,-3.58
1990-01-04,-8.91
1990-01-05,-6.37
1990-01-06,-6.29
1990-01-07,-5.64
1990-01-08,-5.54
1990-01-09,-7.0
1990-01-10,-3.54
1990-01-11,-3.35
1990-01-12,-2.6599998
1990-01-13,1.28
1990-01-14,0.83
1990-01-15,-1.89
1990-01-16,0.65999997
1990-01-17,2.24
1990-01-18,6.7799997
1990-01-19,2.76
1990-01-20,-1.62
1990-01-21,-1.0
1990-01-22,-0.02
1990-01-23,-1.23
1990-01-24,3.07
1990-01-25,2.6499999
1990-01-26,4.5499997
1990-01-27,5.37
1990-01-28,2.81
1990-01-29,4.18
1990-01-30,6.8399997
1990-01-31,6.6299996
1990-02-01,5.54
1990-02-02,4.94
1990-02-03,4.58
1990-02-04,5.04
1990-02-05,3.6599998
1990-02-06,1.52
1990-02-07,4.1
1990-02-08,7.83
1990-02-09,6.29
1990-02-10,1.74
1990-02-11,2.54
1990-02-12,1.93
1990-02-13,3.9099998
1990-02-14,2.52
1990-02-15,6.17
1990-02-16,7.85
1990-02-17,0.06
1990-02-18,0.58
1990-02-19,4.4
1990-02-20,3.72
1990-02-21,5.1
1990-02-22,8.49
1990-02-23,9.349999
1990-02-24,9.83
1990-02-25,11.45
1990-02-26,14.429999
1990-02-27,11.49
1990-02-28,9.96
1990-03-01,10.53
1990-03-02,6.44
1990-03-03,3.9599998
1990-03-04,1.22
1990-03-05,6.2
1990-03-06,10.599999
1990-03-07,10.3
1990-03-08,14.599999
1990-03-09,18.14
1990-03-10,14.23
1990-03-11,8.33
1990-03-12,15.82
1990-03-13,12.82
1990-03-14,10.44
1990-03-15,11.29
1990-03-16,12.57
1990-03-17,16.88
1990-03-18,19.66
1990-03-19,22.289999
1990-03-20,21.66
1990-03-21,22.02
1990-03-22,21.539999
1990-03-23,20.449999
1990-03-24,16.96
1990-03-25,19.33
1990-03-26,19.89
1990-03-27,15.61
1990-03-28,17.46
1990-03-29,16.029999
1990-03-30,14.389999
1990-03-31,12.63
1990-04-01,14.73
1990-04-02,20.66
1990-04-03,19.35
1990-04-04,18.07
1990-04-05,15.889999
1990-04-06,13.42
1990-04-07,14.82
1990-04-08,14.92
1990-04-09,12.5199995
1990-04-10,10.0199995
1990-04-11,8.84
1990-04-12,11.75
1990-04-13,12.2699995
1990-04-14,14.79
1990-04-15,13.57
1990-04-16,17.06
1990-04-17,15.71
1990-04-18,15.19
1990-04-19,15.639999
1990-04-20,14.599999
1990-04-21,15.29
1990-04-22,14.7699995
1990-04-23,14.799999
1990-04-24,17.5
1990-04-25,16.66
1990-04-26,17.24
1990-04-27,14.09
1990-04-28,13.4
1990-04-29,9.23
1990-04-30,10.8
1990-05-01,17.119999
1990-05-02,16.15
1990-05-03,13.309999
1990-05-04,18.34
1990-05-05,21.119999
1990-05-06,19.75
1990-05-07,21.199999
1990-05-08,22.32
1990-05-09,21.76
1990-05-10,23.55
1990-05-11,23.3
1990-05-12,24.43
1990-05-13,23.43
1990-05-14,23.279999
1990-05-15,23.189999
1990-05-16,23.46
1990-05-17,23.46
1990-05-18,21.189999
1990-05-19,18.83
1990-05-20,17.38
1990-05-21,15.87
1990-05-22,18.58
1990-05-23,22.23
1990-05-24,24.279999
1990-05-25,27.09
1990-05-26,25.23
1990-05-27,18.16
1990-05-28,15.65
1990-05-29,15.339999
1990-05-30,15.33
1990-05-31,14.88
1990-06-01,15.24
1990-06-02,16.22
1990-06-03,18.07
1990-06-04,19.67
1990-06-05,20.8
1990-06-06,22.369999
1990-06-07,24.359999
1990-06-08,23.55
1990-06-09,22.64
1990-06-10,25.3
1990-06-11,22.02
1990-06-12,19.81
1990-06-13,20.17
1990-06-14,20.64
1990-06-15,20.359999
1990-06-16,19.38
1990-06-17,20.35
1990-06-18,22.1
1990-06-19,24.06
1990-06-20,26.97
1990-06-21,28.9
1990-06-22,25.939999
1990-06-23,29.289999
1990-06-24,26.89
1990-06-25,20.6
1990-06-26,21.119999
1990-06-27,23.34
1990-06-28,26.449999
1990-06-29,30.38
1990-06-30,30.73
1990-07-01,31.929998
1990-07-02,28.89
1990-07-03,28.3
1990-07-04,28.769999
1990-07-05,24.63
1990-07-06,26.439999
1990-07-07,23.359999
1990-07-08,19.09
1990-07-09,23.05
1990-07-10,28.46
1990-07-11,28.289999
1990-07-12,25.07
1990-07-13,26.0
1990-07-14,26.21
1990-07-15,22.93
1990-07-16,24.699999
1990-07-17,26.109999
1990-07-18,26.56
1990-07-19,23.56
1990-07-20,22.869999
1990-07-21,25.43
1990-07-22,26.49
1990-07-23,27.18
1990-07-24,26.81
1990-07-25,23.949999
1990-07-26,24.07
1990-07-27,24.039999
1990-07-28,22.9
1990-07-29,26.18
1990-07-30,30.4
1990-07-31,31.82
1990-08-01,29.82
1990-08-02,25.81
1990-08-03,23.34
1990-08-04,23.359999
1990-08-05,24.25
1990-08-06,26.89
1990-08-07,30.269999
1990-08-08,30.72
1990-08-09,27.42
1990-08-10,24.269999
1990-08-11,25.15
1990-08-12,24.6
1990-08-13,28.46
1990-08-14,27.769999
1990-08-15,29.66
1990-08-16,30.199999
1990-08-17,29.99
1990-08-18,28.5
1990-08-19,25.17
1990-08-20,25.039999
1990-08-21,28.0
1990-08-22,21.88
1990-08-23,19.59
1990-08-24,21.57
1990-08-25,26.16
1990-08-26,28.63
1990-08-27,25.8
1990-08-28,25.41
1990-08-29,28.82
1990-08-30,28.64
1990-08-31,26.99
1990-09-01,29.82
1990-09-02,29.09
1990-09-03,23.07
1990-09-04,18.59
1990-09-05,21.529999
1990-09-06,19.789999
1990-09-07,20.15
1990-09-08,23.199999
1990-09-09,20.529999
1990-09-10,20.3
1990-09-11,18.119999
1990-09-12,16.77
1990-09-13,17.23
1990-09-14,15.889999
1990-09-15,18.72
1990-09-16,20.02
1990-09-17,17.23
1990-09-18,20.21
1990-09-19,14.059999
1990-09-20,18.74
1990-09-21,21.98
1990-09-22,18.68
1990-09-23,25.789999
1990-09-24,24.449999
1990-09-25,21.57
1990-09-26,19.65
1990-09-27,17.35
1990-09-28,13.7
1990-09-29,14.969999
1990-09-30,21.73
1990-10-01,24.38
1990-10-02,20.6
1990-10-03,15.87
1990-10-04,20.65
1990-10-05,21.71
1990-10-06,17.859999
1990-10-07,22.38
1990-10-08,22.46
1990-10-09,16.449999
1990-10-10,13.15
1990-10-11,19.63
1990-10-12,23.31
1990-10-13,20.96
1990-10-14,20.59
1990-10-15,22.699999
1990-10-16,21.289999
1990-10-17,20.08
1990-10-18,18.08
1990-10-19,21.17
1990-10-20,18.98
1990-10-21,15.37
1990-10-22,6.68
1990-10-23,5.72
1990-10-24,9.5199995
1990-10-25,10.29
1990-10-26,11.33
1990-10-27,14.639999
1990-10-28,11.78
1990-10-29,13.9
1990-10-30,15.759999
1990-10-31,15.0
1990-11-01,18.31
1990-11-02,16.9
1990-11-03,13.15
1990-11-04,13.95
1990-11-05,11.63
1990-11-06,5.6299996
1990-11-07,4.22
1990-11-08,-0.02
1990-11-09,0.17
1990-11-10,3.25
1990-11-11,4.99
1990-11-12,6.7
1990-11-13,5.48
1990-11-14,7.75
1990-11-15,8.08
1990-11-16,10.91
1990-11-17,12.809999
1990-11-18,12.53
1990-11-19,11.0199995
1990-11-20,9.3
1990-11-21,14.75
1990-11-22,15.62
1990-11-23,17.4
1990-11-24,14.5
1990-11-25,10.58
1990-11-26,10.13
1990-11-27,9.9
1990-11-28,10.87
1990-11-29,8.05
1990-11-30,5.79
1990-12-01,5.9
1990-12-02,2.25
1990-12-03,0.28
1990-12-04,-0.45999998
1990-12-05,0.59999996
1990-12-06,2.1599998
1990-12-07,2.1699998
1990-12-08,2.5
1990-12-09,0.77
1990-12-10,3.28
1990-12-11,6.93
1990-12-12,6.93
1990-12-13,6.2
1990-12-14,4.99
1990-12-15,3.6399999
1990-12-16,1.7099999
1990-12-17,0.88
1990-12-18,0.55
1990-12-19,1.0
1990-12-20,1.14
1990-12-21,-1.74
1990-12-22,-2.24
1990-12-23,-6.5099998
1990-12-24,-4.44
1990-12-25,-2.9099998
1990-12-26,-3.02
1990-12-27,-1.5999999
1990-12-28,1.1
1990-12-29,-0.53
1990-12-30,1.64
1990-12-31,3.81
1991-01-01,5.14
1991-01-02,2.3799999
1991-01-03,2.6299999
1991-01-04,6.99
1991-01-05,8.059999
1991-01-06,6.08
1991-01-07,5.0299997
1991-01-08,8.87
1991-01-09,6.17
1991-01-10,6.1
1991-01-11,10.349999
1991-01-12,10.07
1991-01-13,9.179999
1991-01-14,5.62
1991-01-15,-1.0799999
1991-01-16,-5.0299997
1991-01-17,-3.57
1991-01-18,-3.35
1991-01-19,-0.61
1991-01-20,-2.8
1991-01-21,-1.35
1991-01-22,-1.04
1991-01-23,-2.54
1991-01-24,-1.9399999
1991-01-25,-3.61
1991-01-26,0.16
1991-01-27,1.25
1991-01-28,-1.64
1991-01-29,-2.69
1991-01-30,-4.42
1991-01-31,-9.5
1991-02-01,-12.05
1991-02-02,-10.969999
1991-02-03,-6.62
1991-02-04,-4.12
1991-02-05,-5.72
1991-02-06,-2.72
1991-02-07,-4.27
1991-02-08,-1.3299999
1991-02-09,2.06
1991-02-10,3.01
1991-02-11,6.5099998
1991-02-12,4.5699997
1991-02-13,5.8799996
1991-02-14,-0.44
1991-02-15,-1.16
1991-02-16,-2.79
1991-02-17,-3.48
1991-02-18,-1.17
1991-02-19,-2.4099998
1991-02-20,1.04
1991-02-21,2.61
1991-02-22,4.58
1991-02-23,3.6499999
1991-02-24,1.49
1991-02-25,5.98
1991-02-26,4.71
1991-02-27,3.05
1991-02-28,-1.2099999
1991-03-01,0.89
1991-03-02,0.75
1991-03-03,-0.12
1991-03-04,0.66999996
1991-03-05,1.7199999
1991-03-06,2.83
1991-03-07,4.12
1991-03-08,7.89
1991-03-09,10.71
1991-03-10,10.07
1991-03-11,6.6299996
1991-03-12,10.059999
1991-03-13,10.889999
1991-03-14,11.67
1991-03-15,15.4
1991-03-16,14.03
1991-03-17,8.99
1991-03-18,11.01
1991-03-19,12.12
1991-03-20,11.139999
1991-03-21,11.0
1991-03-22,17.98
1991-03-23,19.109999
1991-03-24,17.6
1991-03-25,16.81
1991-03-26,13.92
1991-03-27,8.84
1991-03-28,9.849999
1991-03-29,7.1
1991-03-30,5.02
1991-03-31,8.95
1991-04-01,10.51
1991-04-02,11.49
1991-04-03,13.7
1991-04-04,13.61
1991-04-05,15.389999
1991-04-06,15.5
1991-04-07,13.08
1991-04-08,14.71
1991-04-09,12.84
1991-04-10,11.94
1991-04-11,12.07
1991-04-12,16.0
1991-04-13,17.09
1991-04-14,14.849999
1991-04-15,12.59
1991-04-16,18.199999
1991-04-17,16.71
1991-04-18,16.92
1991-04-19,16.0
1991-04-20,10.32
1991-04-21,10.38
1991-04-22,11.13
1991-04-23,10.599999
1991-04-24,8.929999
1991-04-25,10.37
1991-04-26,10.95
1991-04-27,12.63
1991-04-28,14.929999
1991-04-29,14.809999
1991-04-30,14.42
1991-05-01,16.26
1991-05-02,16.4
1991-05-03,18.81
1991-05-04,20.119999
1991-05-05,17.51
1991-05-06,16.23
1991-05-07,16.94
1991-05-08,15.65
1991-05-09,15.389999
1991-05-10,18.27
1991-05-11,17.02
1991-05-12,15.389999
1991-05-13,15.71
1991-05-14,18.49
1991-05-15,17.09
1991-05-16,16.869999
1991-05-17,17.39
1991-05-18,15.759999
1991-05-19,15.009999
1991-05-20,14.5
1991-05-21,16.75
1991-05-22,19.0
1991-05-23,17.96
1991-05-24,15.099999
1991-05-25,12.19
1991-05-26,8.86
1991-05-27,12.36
1991-05-28,14.0
1991-05-29,16.17
1991-05-30,12.98
1991-05-31,17.16
1991-06-01,17.71
1991-06-02,21.4
1991-06-03,23.1
1991-06-04,22.359999
1991-06-05,19.46
1991-06-06,21.33
1991-06-07,18.18
1991-06-08,19.55
1991-06-09,19.07
1991-06-10,19.73
1991-06-11,25.74
1991-06-12,22.58
1991-06-13,23.109999
1991-06-14,27.41
1991-06-15,27.08
1991-06-16,26.859999
1991-06-17,27.189999
1991-06-18,29.57
1991-06-19,29.439999
1991-06-20,24.24
1991-06-21,23.88
1991-06-22,20.21
1991-06-23,22.42
1991-06-24,24.82
1991-06-25,23.97
1991-06-26,21.6
1991-06-27,25.76
1991-06-28,28.21
1991-06-29,23.84
1991-06-30,20.49
1991-07-01,19.93
1991-07-02,22.949999
1991-07-03,24.269999
1991-07-04,24.01
1991-07-05,25.25
1991-07-06,23.109999
1991-07-07,23.5
1991-07-08,25.869999
1991-07-09,25.18
1991-07-10,28.3
1991-07-11,28.609999
1991-07-12,27.71
1991-07-13,27.76
1991-07-14,27.99
1991-07-15,29.289999
1991-07-16,27.019999
1991-07-17,27.849998
1991-07-18,25.859999
1991-07-19,24.15
1991-07-20,26.099998
1991-07-21,28.849998
1991-07-22,25.25
1991-07-23,21.529999
1991-07-24,24.68
1991-07-25,26.859999
1991-07-26,26.56
1991-07-27,24.98
1991-07-28,24.23
1991-07-29,21.81
1991-07-30,23.74
1991-07-31,24.0
1991-08-01,25.109999
1991-08-02,21.5
1991-08-03,22.92
1991-08-04,24.21
1991-08-05,25.14
1991-08-06,25.38
1991-08-07,27.25
1991-08-08,28.31
1991-08-09,26.82
1991-08-10,27.65
1991-08-11,26.59
1991-08-12,27.5
1991-08-13,27.05
1991-08-14,24.779999
1991-08-15,23.4
1991-08-16,20.609999
1991-08-17,24.96
1991-08-18,26.029999
1991-08-19,24.05
1991-08-20,22.31
1991-08-21,20.81
1991-08-22,20.619999
1991-08-23,20.939999
1991-08-24,22.74
1991-08-25,22.769999
1991-08-26,25.529999
1991-08-27,22.99
1991-08-28,18.25
1991-08-29,19.939999
1991-08-30,19.949999
1991-08-31,19.18
1991-09-01,18.359999
1991-09-02,21.1
1991-09-03,21.97
1991-09-04,23.97
1991-09-05,23.029999
1991-09-06,21.73
1991-09-07,17.1
1991-09-08,14.599999
1991-09-09,17.279999
1991-09-10,20.3
1991-09-11,21.59
1991-09-12,24.67
1991-09-13,22.699999
1991-09-14,23.67
1991-09-15,24.449999
1991-09-16,25.46
1991-09-17,22.359999
1991-09-18,18.44
1991-09-19,15.339999
1991-09-20,18.17
1991-09-21,18.369999
1991-09-22,21.16
1991-09-23,22.0
1991-09-24,18.42
1991-09-25,22.38
1991-09-26,21.99
1991-09-27,24.1
1991-09-28,22.85
1991-09-29,24.74
1991-09-30,26.71
1991-10-01,28.869999
1991-10-02,22.119999
1991-10-03,15.19
1991-10-04,13.08
1991-10-05,18.1
1991-10-06,19.32
1991-10-07,19.8
1991-10-08,19.58
1991-10-09,22.199999
1991-10-10,20.0
1991-10-11,18.77
1991-10-12,17.359999
1991-10-13,20.439999
1991-10-14,22.199999
1991-10-15,22.4
1991-10-16,19.99
1991-10-17,18.289999
1991-10-18,17.27
1991-10-19,15.87
1991-10-20,21.65
1991-10-21,15.9
1991-10-22,12.179999
1991-10-23,7.4199996
1991-10-24,5.38
1991-10-25,4.0699997
1991-10-26,3.31
1991-10-27,3.5
1991-10-28,2.28
1991-10-29,1.81
1991-10-30,2.33
1991-10-31,2.1699998
1991-11-01,1.28
1991-11-02,3.85
1991-11-03,6.17
1991-11-04,9.79
1991-11-05,11.41
1991-11-06,11.69
1991-11-07,6.7799997
1991-11-08,8.58
1991-11-09,10.65
1991-11-10,9.87
1991-11-11,6.3999996
1991-11-12,7.1
1991-11-13,10.45
1991-11-14,8.49
1991-11-15,11.11
1991-11-16,10.73
1991-11-17,12.66
1991-11-18,11.79
1991-11-19,7.77
1991-11-20,6.8799996
1991-11-21,8.26
1991-11-22,6.91
1991-11-23,7.79
1991-11-24,5.68
1991-11-25,7.87
1991-11-26,6.83
1991-11-27,4.8399997
1991-11-28,2.19
1991-11-29,0.21
1991-11-30,0.59999996
1991-12-01,1.87
1991-12-02,0.79999995
1991-12-03,0.14999999
1991-12-04,0.45
1991-12-05,3.6899998
1991-12-06,1.92
1991-12-07,-2.99
1991-12-08,-7.6699996
1991-12-09,-7.23
1991-12-10,-9.349999
1991-12-11,-4.29
1991-12-12,-3.4499998
1991-12-13,-3.1399999
1991-12-14,0.03
1991-12-15,0.26999998
1991-12-16,2.53
1991-12-17,2.6699998
1991-12-18,0.52
1991-12-19,-0.63
1991-12-20,0.72999996
1991-12-21,0.66999996
1991-12-22,0.13
1991-12-23,1.39
1991-12-24,0.64
1991-12-25,1.4499999
1991-12-26,-3.3
1991-12-27,-4.38
1991-12-28,-2.9399998
1991-12-29,-3.4299998
1991-12-30,-0.97999996
1991-12-31,-3.3
1992-01-01,-8.15
1992-01-02,-2.24
1992-01-03,-0.78
1992-01-04,3.32
1992-01-05,5.58
1992-01-06,0.42999998
1992-01-07,1.04
1992-01-08,3.61
1992-01-09,3.78
1992-01-10,5.8599997
1992-01-11,3.87
1992-01-12,2.3999999
1992-01-13,-0.01
1992-01-14,-3.53
1992-01-15,-1.53
1992-01-16,0.06
1992-01-17,0.12
1992-01-18,-7.18
1992-01-19,-1.54
1992-01-20,-3.27
1992-01-21,-3.48
1992-01-22,-1.9699999
1992-01-23,-0.94
1992-01-24,-4.12
1992-01-25,-4.83
1992-01-26,-0.71999997
1992-01-27,1.16
1992-01-28,-3.3799999
1992-01-29,-0.71999997
1992-01-30,-0.44
1992-01-31,-5.38
1992-02-01,-4.22
1992-02-02,-2.21
1992-02-03,2.52
1992-02-04,1.1
1992-02-05,-0.9
1992-02-06,-2.8
1992-02-07,-2.4099998
1992-02-08,-2.84
1992-02-09,1.99
1992-02-10,6.43
1992-02-11,8.3
1992-02-12,6.97
1992-02-13,9.42
1992-02-14,11.61
1992-02-15,9.5
1992-02-16,8.929999
1992-02-17,6.62
1992-02-18,2.6599998
1992-02-19,-4.38
1992-02-20,-3.22
1992-02-21,-1.11
1992-02-22,-4.04
1992-02-23,-2.55
1992-02-24,0.64
1992-02-25,2.8
1992-02-26,5.7799997
1992-02-27,5.0
1992-02-28,7.58
1992-02-29,6.96
1992-03-01,8.139999
1992-03-02,10.5199995
1992-03-03,9.639999
1992-03-04,6.89
1992-03-05,6.66
1992-03-06,5.54
1992-03-07,4.52
1992-03-08,5.85
1992-03-09,6.3399997
1992-03-10,9.86
1992-03-11,8.08
1992-03-12,6.52
1992-03-13,11.63
1992-03-14,12.16
1992-03-15,6.94
1992-03-16,5.45
1992-03-17,3.6999998
1992-03-18,1.1999999
1992-03-19,2.24
1992-03-20,3.4399998
1992-03-21,7.5099998
1992-03-22,9.13
1992-03-23,11.34
1992-03-24,13.94
1992-03-25,17.529999
1992-03-26,18.3
1992-03-27,16.68
1992-03-28,11.71
1992-03-29,11.32
1992-03-30,8.889999
1992-03-31,12.21
1992-04-01,14.65
1992-04-02,14.67
1992-04-03,11.96
1992-04-04,14.45
1992-04-05,17.68
1992-04-06,18.35
1992-04-07,15.19
1992-04-08,12.09
1992-04-09,12.23
1992-04-10,11.38
1992-04-11,9.76
1992-04-12,9.34
1992-04-13,12.79
1992-04-14,15.49
1992-04-15,16.1
1992-04-16,19.109999
1992-04-17,15.95
1992-04-18,14.44
1992-04-19,16.77
1992-04-20,14.17
1992-04-21,7.68
1992-04-22,14.099999
1992-04-23,14.589999
1992-04-24,14.44
1992-04-25,17.66
1992-04-26,22.35
1992-04-27,23.08
1992-04-28,23.39
1992-04-29,20.98
1992-04-30,19.39
1992-05-01,21.119999
1992-05-02,19.029999
1992-05-03,23.58
1992-05-04,22.17
1992-05-05,23.109999
1992-05-06,20.859999
1992-05-07,20.82
1992-05-08,18.98
1992-05-09,18.6
1992-05-10,21.31
1992-05-11,24.699999
1992-05-12,20.289999
1992-05-13,16.89
1992-05-14,19.17
1992-05-15,18.98
1992-05-16,16.449999
1992-05-17,18.74
1992-05-18,14.15
1992-05-19,16.699999
1992-05-20,20.57
1992-05-21,24.06
1992-05-22,24.09
1992-05-23,20.109999
1992-05-24,15.04
1992-05-25,12.349999
1992-05-26,13.849999
1992-05-27,15.48
1992-05-28,16.89
1992-05-29,19.439999
1992-05-30,18.24
1992-05-31,18.67
1992-06-01,19.77
1992-06-02,24.6
1992-06-03,22.699999
1992-06-04,22.41
1992-06-05,19.99
1992-06-06,16.34
1992-06-07,16.93
1992-06-08,20.3
1992-06-09,18.619999
1992-06-10,18.199999
1992-06-11,23.23
1992-06-12,24.3
1992-06-13,24.019999
1992-06-14,22.689999
1992-06-15,22.65
1992-06-16,24.93
1992-06-17,24.34
1992-06-18,23.38
1992-06-19,22.8
1992-06-20,25.689999
1992-06-21,23.01
1992-06-22,26.4
1992-06-23,27.359999
1992-06-24,30.039999
1992-06-25,26.609999
1992-06-26,21.67
1992-06-27,17.67
1992-06-28,19.25
1992-06-29,20.439999
1992-06-30,19.1
1992-07-01,19.859999
1992-07-02,23.189999
1992-07-03,24.34
1992-07-04,24.529999
1992-07-05,27.55
1992-07-06,26.8
1992-07-07,24.06
1992-07-08,23.48
1992-07-09,22.189999
1992-07-10,23.58
1992-07-11,26.39
1992-07-12,26.189999
1992-07-13,25.35
1992-07-14,26.109999
1992-07-15,26.3
1992-07-16,22.949999
1992-07-17,23.32
1992-07-18,23.99
1992-07-19,23.96
1992-07-20,25.09
1992-07-21,25.39
1992-07-22,25.199999
1992-07-23,25.619999
1992-07-24,25.4
1992-07-25,23.55
1992-07-26,26.15
1992-07-27,28.67
1992-07-28,26.4
1992-07-29,23.83
1992-07-30,27.279999
1992-07-31,29.9
1992-08-01,29.529999
1992-08-02,29.369999
1992-08-03,29.92
1992-08-04,28.72
1992-08-05,26.039999
1992-08-06,25.5
1992-08-07,27.789999
1992-08-08,31.5
1992-08-09,31.98
1992-08-10,31.929998
1992-08-11,32.68
1992-08-12,30.789999
1992-08-13,29.67
1992-08-14,30.46
1992-08-15,30.429998
1992-08-16,26.98
1992-08-17,24.21
1992-08-18,27.15
1992-08-19,29.32
1992-08-20,32.36
1992-08-21,30.109999
1992-08-22,31.039999
1992-08-23,27.619999
1992-08-24,24.369999
1992-08-25,26.279999
1992-08-26,29.9
1992-08-27,31.109999
1992-08-28,32.719997
1992-08-29,29.9
1992-08-30,29.769999
1992-08-31,29.019999
1992-09-01,29.08
1992-09-02,23.56
1992-09-03,24.58
1992-09-04,25.99
1992-09-05,21.74
1992-09-06,14.11
1992-09-07,13.809999
1992-09-08,16.89
1992-09-09,21.63
1992-09-10,22.63
1992-09-11,22.21
1992-09-12,20.57
1992-09-13,21.01
1992-09-14,21.949999
1992-09-15,21.24
1992-09-16,19.869999
1992-09-17,20.83
1992-09-18,19.92
1992-09-19,18.33
1992-09-20,17.71
1992-09-21,20.01
1992-09-22,16.81
1992-09-23,16.609999
1992-09-24,16.58
1992-09-25,17.92
1992-09-26,20.699999
1992-09-27,23.08
1992-09-28,20.43
1992-09-29,21.23
1992-09-30,17.39
1992-10-01,15.44
1992-10-02,14.41
1992-10-03,15.2
1992-10-04,17.779999
1992-10-05,18.85
1992-10-06,22.859999
1992-10-07,21.5
1992-10-08,15.309999
1992-10-09,17.859999
1992-10-10,17.63
1992-10-11,14.65
1992-10-12,13.719999
1992-10-13,7.69
1992-10-14,8.82
1992-10-15,11.34
1992-10-16,14.719999
1992-10-17,17.82
1992-10-18,20.6
1992-10-19,16.21
1992-10-20,10.78
1992-10-21,15.94
1992-10-22,19.84
1992-10-23,11.69
1992-10-24,11.759999
1992-10-25,9.55
1992-10-26,13.29
1992-10-27,10.94
1992-10-28,13.2699995
1992-10-29,19.66
1992-10-30,15.7699995
1992-10-31,18.42
1992-11-01,15.16
1992-11-02,14.46
1992-11-03,15.42
1992-11-04,14.259999
1992-11-05,8.82
1992-11-06,6.3599997
1992-11-07,11.92
1992-11-08,13.74
1992-11-09,8.4
1992-11-10,6.44
1992-11-11,7.93
1992-11-12,7.68
1992-11-13,9.15
1992-11-14,2.59
1992-11-15,1.05
1992-11-16,8.5
1992-11-17,13.95
1992-11-18,13.09
1992-11-19,10.91
1992-11-20,8.75
1992-11-21,1.4399999
1992-11-22,3.12
1992-11-23,1.9499999
1992-11-24,3.6999998
1992-11-25,8.639999
1992-11-26,10.34
1992-11-27,10.469999
1992-11-28,5.5499997
1992-11-29,6.0299997
1992-11-30,2.8799999
1992-12-01,0.71
1992-12-02,0.48999998
1992-12-03,3.34
1992-12-04,7.0699997
1992-12-05,9.33
1992-12-06,9.41
1992-12-07,5.13
1992-12-08,3.9599998
1992-12-09,4.79
1992-12-10,3.05
1992-12-11,3.55
1992-12-12,4.52
1992-12-13,2.24
1992-12-14,-2.87
1992-12-15,-2.29
1992-12-16,0.29999998
1992-12-17,0.48
1992-12-18,-1.37
1992-12-19,-2.05
1992-12-20,-2.04
1992-12-21,0.35
1992-12-22,-1.51
1992-12-23,-9.25
1992-12-24,-5.64
1992-12-25,-6.89
1992-12-26,-7.33
1992-12-27,-7.4199996
1992-12-28,-6.67
1992-12-29,-8.53
1992-12-30,-6.73
1992-12-31,-3.77
1993-01-01,-4.85
1993-01-02,-9.13
1993-01-03,-7.93
1993-01-04,-3.85
1993-01-05,-3.99
1993-01-06,-5.73
1993-01-07,-0.47
1993-01-08,0.32999998
1993-01-09,-2.28
1993-01-10,-0.29
1993-01-11,2.83
1993-01-12,7.7799997
1993-01-13,9.12
1993-01-14,5.8599997
1993-01-15,6.5299997
1993-01-16,4.73
1993-01-17,8.36
1993-01-18,8.849999
1993-01-19,5.56
1993-01-20,3.8
1993-01-21,5.44
1993-01-22,6.7999997
1993-01-23,9.059999
1993-01-24,8.0199995
1993-01-25,8.7
1993-01-26,6.19
1993-01-27,-1.4
1993-01-28,-3.59
1993-01-29,-3.51
1993-01-30,-3.81
1993-01-31,-5.2799997
1993-02-01,-4.79
1993-02-02,-2.11
1993-02-03,1.17
1993-02-04,3.99
1993-02-05,6.54
1993-02-06,6.0299997
1993-02-07,1.41
1993-02-08,-3.1399999
1993-02-09,0.48
1993-02-10,5.3599997
1993-02-11,-0.17
1993-02-12,-2.69
1993-02-13,1.02
1993-02-14,-1.4699999
1993-02-15,-2.23
1993-02-16,-6.2799997
1993-02-17,-2.6499999
1993-02-18,-0.45999998
1993-02-19,4.35
1993-02-20,6.1099997
1993-02-21,2.1599998
1993-02-22,3.31
1993-02-23,2.34
1993-02-24,-1.56
1993-02-25,-3.26
1993-02-26,-3.5
1993-02-27,-0.42
1993-02-28,0.98999995
1993-03-01,4.5
1993-03-02,2.45
1993-03-03,-0.089999996
1993-03-04,-0.42
1993-03-05,-2.1599998
1993-03-06,0.13
1993-03-07,-1.9599999
1993-03-08,-2.3899999
1993-03-09,0.96
1993-03-10,3.6799998
1993-03-11,3.06
1993-03-12,3.02
1993-03-13,4.72
1993-03-14,5.0099998
1993-03-15,7.1099997
1993-03-16,9.24
1993-03-17,6.15
1993-03-18,8.34
1993-03-19,10.73
1993-03-20,8.05
1993-03-21,12.94
1993-03-22,17.14
1993-03-23,16.039999
1993-03-24,12.929999
1993-03-25,10.16
1993-03-26,6.92
1993-03-27,6.92
1993-03-28,9.82
1993-03-29,6.12
1993-03-30,4.91
1993-03-31,5.69
1993-04-01,6.5899997
1993-04-02,7.54
1993-04-03,11.95
1993-04-04,12.4
1993-04-05,13.759999
1993-04-06,11.92
1993-04-07,14.0
1993-04-08,13.179999
1993-04-09,11.5199995
1993-04-10,8.559999
1993-04-11,9.2699995
1993-04-12,11.349999
1993-04-13,12.91
1993-04-14,13.9
1993-04-15,12.139999
1993-04-16,10.599999
1993-04-17,12.74
1993-04-18,10.2699995
1993-04-19,11.759999
1993-04-20,10.38
1993-04-21,10.969999
1993-04-22,18.05
1993-04-23,19.109999
1993-04-24,18.47
1993-04-25,19.31
1993-04-26,18.939999
1993-04-27,19.279999
1993-04-28,17.949999
1993-04-29,16.19
1993-04-30,17.63
1993-05-01,19.619999
1993-05-02,19.56
1993-05-03,19.859999
1993-05-04,16.22
1993-05-05,16.27
1993-05-06,16.31
1993-05-07,19.9
1993-05-08,20.0
1993-05-09,18.359999
1993-05-10,19.81
1993-05-11,19.05
1993-05-12,20.029999
1993-05-13,21.66
1993-05-14,20.65
1993-05-15,20.38
1993-05-16,20.55
1993-05-17,20.779999
1993-05-18,21.47
1993-05-19,22.449999
1993-05-20,24.189999
1993-05-21,21.859999
1993-05-22,23.48
1993-05-23,22.63
1993-05-24,20.73
1993-05-25,19.26
1993-05-26,20.9
1993-05-27,28.519999
1993-05-28,27.63
1993-05-29,24.97
1993-05-30,23.98
1993-05-31,25.71
1993-06-01,20.63
1993-06-02,22.81
1993-06-03,25.17
1993-06-04,24.88
1993-06-05,24.029999
1993-06-06,24.14
1993-06-07,25.64
1993-06-08,24.97
1993-06-09,22.83
1993-06-10,25.32
1993-06-11,26.9
1993-06-12,25.769999
1993-06-13,27.17
1993-06-14,21.5
1993-06-15,21.08
1993-06-16,21.02
1993-06-17,20.63
1993-06-18,19.77
1993-06-19,21.91
1993-06-20,29.519999
1993-06-21,28.39
1993-06-22,27.98
1993-06-23,30.34
1993-06-24,29.099998
1993-06-25,24.4
1993-06-26,19.039999
1993-06-27,17.359999
1993-06-28,18.71
1993-06-29,15.69
1993-06-30,19.38
1993-07-01,19.48
1993-07-02,21.65
1993-07-03,25.63
1993-07-04,28.65
1993-07-05,27.84
1993-07-06,29.73
1993-07-07,26.599998
1993-07-08,19.529999
1993-07-09,22.939999
1993-07-10,23.85
1993-07-11,28.01
1993-07-12,26.5
1993-07-13,19.13
1993-07-14,17.869999
1993-07-15,19.21
1993-07-16,22.949999
1993-07-17,25.24
1993-07-18,29.16
1993-07-19,30.57
1993-07-20,31.89
1993-07-21,33.03
1993-07-22,31.5
1993-07-23,22.619999
1993-07-24,18.25
1993-07-25,25.08
1993-07-26,29.13
1993-07-27,26.49
1993-07-28,23.119999
1993-07-29,22.769999
1993-07-30,24.9
1993-07-31,28.779999
1993-08-01,28.59
1993-08-02,27.56
1993-08-03,31.65
1993-08-04,28.769999
1993-08-05,29.099998
1993-08-06,29.25
1993-08-07,27.48
1993-08-08,26.369999
1993-08-09,24.99
1993-08-10,24.83
1993-08-11,20.49
1993-08-12,21.83
1993-08-13,25.34
1993-08-14,27.32
1993-08-15,27.84
1993-08-16,29.09
1993-08-17,27.05
1993-08-18,27.63
1993-08-19,24.57
1993-08-20,22.84
1993-08-21,23.46
1993-08-22,30.269999
1993-08-23,31.769999
1993-08-24,32.17
1993-08-25,30.16
1993-08-26,25.15
1993-08-27,19.33
1993-08-28,21.02
1993-08-29,21.26
1993-08-30,16.55
1993-08-31,16.89
1993-09-01,16.88
1993-09-02,15.19
1993-09-03,17.26
1993-09-04,19.939999
1993-09-05,18.07
1993-09-06,15.799999
1993-09-07,17.39
1993-09-08,21.189999
1993-09-09,25.23
1993-09-10,26.4
1993-09-11,26.199999
1993-09-12,20.07
1993-09-13,20.89
1993-09-14,24.619999
1993-09-15,24.74
1993-09-16,21.3
1993-09-17,23.39
1993-09-18,20.25
1993-09-19,17.77
1993-09-20,15.33
1993-09-21,17.6
1993-09-22,25.33
1993-09-23,24.85
1993-09-24,27.3
1993-09-25,28.81
1993-09-26,24.07
1993-09-27,20.17
1993-09-28,18.69
1993-09-29,15.7699995
1993-09-30,10.32
1993-10-01,12.17
1993-10-02,13.87
1993-10-03,15.559999
1993-10-04,16.56
1993-10-05,14.37
1993-10-06,16.48
1993-10-07,19.01
1993-10-08,21.8
1993-10-09,22.68
1993-10-10,20.21
1993-10-11,21.52
1993-10-12,23.199999
1993-10-13,25.83
1993-10-14,26.019999
1993-10-15,25.23
1993-10-16,23.25
1993-10-17,21.66
1993-10-18,19.88
1993-10-19,11.8
1993-10-20,14.67
1993-10-21,13.78
1993-10-22,13.74
1993-10-23,17.71
1993-10-24,17.76
1993-10-25,15.74
1993-10-26,10.57
1993-10-27,8.96
1993-10-28,9.7699995
1993-10-29,10.719999
1993-10-30,9.62
1993-10-31,8.61
1993-11-01,10.719999
1993-11-02,12.509999
1993-11-03,10.59
1993-11-04,10.76
1993-11-05,8.57
1993-11-06,11.95
1993-11-07,12.889999
1993-11-08,12.929999
1993-11-09,9.61
1993-11-10,7.94
1993-11-11,-1.06
1993-11-12,-1.3
1993-11-13,0.19999999
1993-11-14,0.66999996
1993-11-15,1.0699999
1993-11-16,1.13
1993-11-17,-1.5699999
1993-11-18,-6.12
1993-11-19,-7.6299996
1993-11-20,-4.5099998
1993-11-21,-0.93
1993-11-22,2.73
1993-11-23,3.04
1993-11-24,-0.55
1993-11-25,-3.9199998
1993-11-26,-3.8899999
1993-11-27,-3.83
1993-11-28,-2.44
1993-11-29,-2.62
1993-11-30,-4.91
1993-12-01,-4.7599998
1993-12-02,-3.6699998
1993-12-03,-0.39
1993-12-04,3.03
1993-12-05,4.46
1993-12-06,3.09
1993-12-07,2.33
1993-12-08,1.28
1993-12-09,4.0299997
1993-12-10,7.04
1993-12-11,5.5499997
1993-12-12,6.2599998
1993-12-13,-1.5
1993-12-14,3.85
1993-12-15,5.24
1993-12-16,8.48
1993-12-17,6.0499997
1993-12-18,1.03
1993-12-19,4.5499997
1993-12-20,7.7799997
1993-12-21,11.349999
1993-12-22,10.86
1993-12-23,4.2999997
1993-12-24,2.54
1993-12-25,5.5499997
1993-12-26,5.7799997
1993-12-27,7.69
1993-12-28,5.8599997
1993-12-29,1.4599999
1993-12-30,0.39999998
1993-12-31,1.68
1994-01-01,1.5899999
1994-01-02,0.26
1994-01-03,-1.0799999
1994-01-04,0.78999996
1994-01-05,4.54
1994-01-06,5.6099997
1994-01-07,7.44
1994-01-08,5.21
1994-01-09,6.3199997
1994-01-10,6.8599997
1994-01-11,4.5499997
1994-01-12,3.4099998
1994-01-13,3.03
1994-01-14,2.4199998
1994-01-15,3.29
1994-01-16,2.87
1994-01-17,2.85
1994-01-18,3.47
1994-01-19,-0.42999998
1994-01-20,0.95
1994-01-21,-0.81
1994-01-22,-2.34
1994-01-23,-0.62
1994-01-24,4.17
1994-01-25,0.64
1994-01-26,4.48
1994-01-27,3.5
1994-01-28,3.6699998
1994-01-29,3.1399999
1994-01-30,-3.1
1994-01-31,1.05
1994-02-01,1.62
1994-02-02,4.83
1994-02-03,7.5699997
1994-02-04,6.8799996
1994-02-05,7.7999997
1994-02-06,5.33
1994-02-07,7.04
1994-02-08,7.21
1994-02-09,7.44
1994-02-10,7.44
1994-02-11,4.21
1994-02-12,1.36
1994-02-13,-5.25
1994-02-14,-5.74
1994-02-15,-7.48
1994-02-16,-6.31
1994-02-17,0.83
1994-02-18,3.12
1994-02-19,5.5099998
1994-02-20,5.97
1994-02-21,5.49
1994-02-22,5.19
1994-02-23,7.6699996
1994-02-24,7.16
1994-02-25,11.2699995
1994-02-26,7.6
1994-02-27,13.53
1994-02-28,16.52
1994-03-01,17.69
1994-03-02,15.889999
1994-03-03,12.42
1994-03-04,8.91
1994-03-05,6.92
1994-03-06,4.85
1994-03-07,7.6499996
1994-03-08,7.2
1994-03-09,9.86
1994-03-10,12.91
1994-03-11,11.42
1994-03-12,12.5199995
1994-03-13,13.219999
1994-03-14,11.15
1994-03-15,13.08
1994-03-16,14.059999
1994-03-17,9.49
1994-03-18,8.16
1994-03-19,12.33
1994-03-20,11.95
1994-03-21,9.2699995
1994-03-22,8.96
1994-03-23,6.95
1994-03-24,16.89
1994-03-25,18.289999
1994-03-26,20.359999
1994-03-27,16.02
1994-03-28,9.11
1994-03-29,7.98
1994-03-30,12.99
1994-03-31,17.289999
1994-04-01,17.06
1994-04-02,17.609999
1994-04-03,14.049999
1994-04-04,11.74
1994-04-05,14.21
1994-04-06,16.109999
1994-04-07,12.37
1994-04-08,12.44
1994-04-09,11.7699995
1994-04-10,14.08
1994-04-11,16.21
1994-04-12,19.039999
1994-04-13,17.67
1994-04-14,16.21
1994-04-15,16.58
1994-04-16,17.47
1994-04-17,16.73
1994-04-18,16.67
1994-04-19,13.48
1994-04-20,16.06
1994-04-21,16.17
1994-04-22,15.98
1994-04-23,16.05
1994-04-24,16.699999
1994-04-25,17.85
1994-04-26,19.63
1994-04-27,18.44
1994-04-28,18.859999
1994-04-29,18.51
1994-04-30,19.43
1994-05-01,20.539999
1994-05-02,17.32
1994-05-03,14.09
1994-05-04,13.059999
1994-05-05,15.87
1994-05-06,18.5
1994-05-07,14.889999
1994-05-08,16.59
1994-05-09,18.1
1994-05-10,18.789999
1994-05-11,17.109999
1994-05-12,20.02
1994-05-13,21.6
1994-05-14,22.529999
1994-05-15,23.55
1994-05-16,25.029999
1994-05-17,28.269999
1994-05-18,26.8
1994-05-19,25.119999
1994-05-20,19.029999
1994-05-21,20.0
1994-05-22,21.25
1994-05-23,24.91
1994-05-24,25.849998
1994-05-25,23.0
1994-05-26,23.89
1994-05-27,25.5
1994-05-28,20.65
1994-05-29,19.949999
1994-05-30,21.1
1994-05-31,17.98
1994-06-01,16.14
1994-06-02,21.22
1994-06-03,27.01
1994-06-04,26.88
1994-06-05,21.0
1994-06-06,17.42
1994-06-07,15.929999
1994-06-08,18.48
1994-06-09,20.33
1994-06-10,22.75
1994-06-11,20.85
1994-06-12,22.119999
1994-06-13,22.4
1994-06-14,20.109999
1994-06-15,20.109999
1994-06-16,22.35
1994-06-17,20.699999
1994-06-18,19.76
1994-06-19,22.32
1994-06-20,28.599998
1994-06-21,26.029999
1994-06-22,24.359999
1994-06-23,27.89
1994-06-24,23.93
1994-06-25,22.64
1994-06-26,27.58
1994-06-27,31.89
1994-06-28,31.32
1994-06-29,31.88
1994-06-30,32.34
1994-07-01,28.81
1994-07-02,26.73
1994-07-03,26.91
1994-07-04,27.91
1994-07-05,29.17
1994-07-06,26.099998
1994-07-07,26.09
1994-07-08,25.439999
1994-07-09,25.57
1994-07-10,21.09
1994-07-11,21.47
1994-07-12,22.82
1994-07-13,20.88
1994-07-14,23.4
1994-07-15,24.49
1994-07-16,27.779999
1994-07-17,28.47
1994-07-18,29.55
1994-07-19,25.56
1994-07-20,25.18
1994-07-21,25.939999
1994-07-22,26.67
1994-07-23,26.18
1994-07-24,26.46
1994-07-25,27.519999
1994-07-26,28.199999
1994-07-27,27.449999
1994-07-28,26.22
1994-07-29,27.279999
1994-07-30,28.39
1994-07-31,27.369999
1994-08-01,30.63
1994-08-02,31.519999
1994-08-03,32.59
1994-08-04,31.279999
1994-08-05,27.48
1994-08-06,29.099998
1994-08-07,30.15
1994-08-08,30.38
1994-08-09,30.119999
1994-08-10,28.42
1994-08-11,32.59
1994-08-12,30.939999
1994-08-13,25.58
1994-08-14,24.1
1994-08-15,22.619999
1994-08-16,24.779999
1994-08-17,24.779999
1994-08-18,25.869999
1994-08-19,20.75
1994-08-20,23.42
1994-08-21,26.439999
1994-08-22,28.439999
1994-08-23,24.519999
1994-08-24,23.6
1994-08-25,23.689999
1994-08-26,24.84
1994-08-27,20.42
1994-08-28,20.869999
1994-08-29,23.71
1994-08-30,26.67
1994-08-31,27.33
1994-09-01,30.24
1994-09-02,30.689999
1994-09-03,30.22
1994-09-04,27.859999
1994-09-05,25.41
1994-09-06,24.47
1994-09-07,27.449999
1994-09-08,32.079998
1994-09-09,31.75
1994-09-10,27.369999
1994-09-11,26.619999
1994-09-12,28.93
1994-09-13,29.57
1994-09-14,30.019999
1994-09-15,33.239998
1994-09-16,28.07
1994-09-17,26.099998
1994-09-18,26.289999
1994-09-19,23.93
1994-09-20,24.49
1994-09-21,20.58
1994-09-22,22.64
1994-09-23,24.01
1994-09-24,22.34
1994-09-25,23.96
1994-09-26,25.939999
1994-09-27,27.609999
1994-09-28,24.99
1994-09-29,20.76
1994-09-30,21.51
1994-10-01,20.55
1994-10-02,21.619999
1994-10-03,23.15
1994-10-04,20.25
1994-10-05,16.82
1994-10-06,12.74
1994-10-07,13.86
1994-10-08,14.809999
1994-10-09,14.16
1994-10-10,12.71
1994-10-11,13.95
1994-10-12,14.46
1994-10-13,11.929999
1994-10-14,15.07
1994-10-15,18.609999
1994-10-16,18.22
1994-10-17,14.0199995
1994-10-18,8.28
1994-10-19,7.56
1994-10-20,12.49
1994-10-21,9.7699995
1994-10-22,9.83
1994-10-23,11.19
1994-10-24,15.29
1994-10-25,13.19
1994-10-26,13.82
1994-10-27,15.839999
1994-10-28,14.809999
1994-10-29,18.99
1994-10-30,15.17
1994-10-31,16.69
1994-11-01,18.99
1994-11-02,17.74
1994-11-03,14.759999
1994-11-04,12.559999
1994-11-05,10.929999
1994-11-06,10.639999
1994-11-07,13.98
1994-11-08,10.78
1994-11-09,14.41
1994-11-10,14.83
1994-11-11,12.79
1994-11-12,10.57
1994-11-13,6.25
1994-11-14,4.23
1994-11-15,5.56
1994-11-16,7.97
1994-11-17,8.57
1994-11-18,7.0899997
1994-11-19,5.23
1994-11-20,2.58
1994-11-21,5.85
1994-11-22,6.02
1994-11-23,3.36
1994-11-24,7.2
1994-11-25,6.7
1994-11-26,2.45
1994-11-27,-2.03
1994-11-28,-1.02
1994-11-29,3.48
1994-11-30,2.58
1994-12-01,-3.27
1994-12-02,-4.42
1994-12-03,0.63
1994-12-04,1.0799999
1994-12-05,2.9199998
1994-12-06,6.5699997
1994-12-07,4.44
1994-12-08,1.26
1994-12-09,1.75
1994-12-10,4.22
1994-12-11,3.73
1994-12-12,8.0199995
1994-12-13,7.6699996
1994-12-14,6.3399997
1994-12-15,2.02
1994-12-16,-3.6
1994-12-17,-4.27
1994-12-18,-4.43
1994-12-19,-3.33
1994-12-20,-2.71
1994-12-21,0.83
1994-12-22,3.08
1994-12-23,1.0699999
1994-12-24,-0.65999997
1994-12-25,1.01
1994-12-26,1.43
1994-12-27,1.7099999
1994-12-28,1.7199999
1994-12-29,6.16
1994-12-30,6.45
1994-12-31,7.69
1995-01-01,4.98
1995-01-02,5.41
1995-01-03,0.7
1995-01-04,-3.48
1995-01-05,-4.25
1995-01-06,-3.8
1995-01-07,-0.94
1995-01-08,-0.88
1995-01-09,-1.6999999
1995-01-10,-0.17
1995-01-11,-1.14
1995-01-12,-1.78
1995-01-13,-2.77
1995-01-14,-6.0099998
1995-01-15,-6.04
1995-01-16,-5.87
1995-01-17,-5.8199997
1995-01-18,-8.59
1995-01-19,-9.349999
1995-01-20,-6.5499997
1995-01-21,-6.29
1995-01-22,-2.54
1995-01-23,3.55
1995-01-24,5.0899997
1995-01-25,1.4
1995-01-26,8.71
1995-01-27,8.23
1995-01-28,3.8999999
1995-01-29,3.4099998
1995-01-30,3.73
1995-01-31,5.72
1995-02-01,2.52
1995-02-02,6.2999997
1995-02-03,5.97
1995-02-04,2.6799998
1995-02-05,0.45
1995-02-06,1.63
1995-02-07,7.3799996
1995-02-08,10.65
1995-02-09,9.86
1995-02-10,6.98
1995-02-11,7.85
1995-02-12,11.87
1995-02-13,11.0199995
1995-02-14,8.65
1995-02-15,6.92
1995-02-16,6.56
1995-02-17,8.22
1995-02-18,9.04
1995-02-19,8.349999
1995-02-20,6.5699997
1995-02-21,9.809999
1995-02-22,11.759999
1995-02-23,9.63
1995-02-24,11.32
1995-02-25,10.74
1995-02-26,9.599999
1995-02-27,13.48
1995-02-28,5.37
1995-03-01,12.65
1995-03-02,15.929999
1995-03-03,16.279999
1995-03-04,13.29
1995-03-05,12.94
1995-03-06,13.24
1995-03-07,11.67
1995-03-08,10.139999
1995-03-09,9.8
1995-03-10,9.94
1995-03-11,7.6
1995-03-12,7.16
1995-03-13,4.66
1995-03-14,-0.58
1995-03-15,3.56
1995-03-16,5.13
1995-03-17,8.55
1995-03-18,10.75
1995-03-19,13.75
1995-03-20,13.2
1995-03-21,10.429999
1995-03-22,6.21
1995-03-23,3.34
1995-03-24,5.38
1995-03-25,9.79
1995-03-26,11.49
1995-03-27,12.9
1995-03-28,11.469999
1995-03-29,5.46
1995-03-30,4.72
1995-03-31,2.57
1995-04-01,3.73
1995-04-02,8.49
1995-04-03,16.73
1995-04-04,20.47
1995-04-05,16.17
1995-04-06,14.94
1995-04-07,13.74
1995-04-08,13.24
1995-04-09,8.69
1995-04-10,6.14
1995-04-11,5.38
1995-04-12,6.14
1995-04-13,7.18
1995-04-14,12.03
1995-04-15,17.15
1995-04-16,15.559999
1995-04-17,12.759999
1995-04-18,12.469999
1995-04-19,16.51
1995-04-20,20.64
1995-04-21,21.18
1995-04-22,24.119999
1995-04-23,22.279999
1995-04-24,17.38
1995-04-25,17.58
1995-04-26,16.1
1995-04-27,14.889999
1995-04-28,16.039999
1995-04-29,18.68
1995-04-30,18.21
1995-05-01,17.85
1995-05-02,15.12
1995-05-03,11.48
1995-05-04,11.78
1995-05-05,13.03
1995-05-06,15.2
1995-05-07,17.81
1995-05-08,18.58
1995-05-09,19.47
1995-05-10,17.66
1995-05-11,15.429999
1995-05-12,18.14
1995-05-13,21.32
1995-05-14,17.35
1995-05-15,12.0
1995-05-16,15.639999
1995-05-17,19.27
1995-05-18,16.39
1995-05-19,15.969999
1995-05-20,17.14
1995-05-21,17.699999
1995-05-22,16.9
1995-05-23,17.66
1995-05-24,18.69
1995-05-25,22.519999
1995-05-26,24.789999
1995-05-27,26.369999
1995-05-28,26.64
1995-05-29,24.82
1995-05-30,24.49
1995-05-31,26.06
1995-06-01,27.07
1995-06-02,27.8
1995-06-03,23.23
1995-06-04,21.779999
1995-06-05,22.289999
1995-06-06,23.16
1995-06-07,23.73
1995-06-08,21.539999
1995-06-09,22.22
1995-06-10,23.39
1995-06-11,23.369999
1995-06-12,25.96
1995-06-13,26.59
1995-06-14,26.32
1995-06-15,25.949999
1995-06-16,26.32
1995-06-17,26.39
1995-06-18,22.8
1995-06-19,22.81
1995-06-20,23.119999
1995-06-21,23.97
1995-06-22,26.13
1995-06-23,20.539999
1995-06-24,24.68
1995-06-25,23.6
1995-06-26,20.99
1995-06-27,20.64
1995-06-28,22.32
1995-06-29,23.67
1995-06-30,24.529999
1995-07-01,26.49
1995-07-02,27.06
1995-07-03,26.769999
1995-07-04,26.42
1995-07-05,26.56
1995-07-06,26.4
1995-07-07,24.13
1995-07-08,22.89
1995-07-09,22.869999
1995-07-10,25.859999
1995-07-11,28.55
1995-07-12,29.56
1995-07-13,28.4
1995-07-14,29.779999
1995-07-15,28.439999
1995-07-16,27.8
1995-07-17,26.599998
1995-07-18,25.93
1995-07-19,25.72
1995-07-20,24.93
1995-07-21,27.84
1995-07-22,29.48
1995-07-23,27.119999
1995-07-24,28.68
1995-07-25,27.8
1995-07-26,27.82
1995-07-27,26.82
1995-07-28,26.599998
1995-07-29,24.439999
1995-07-30,26.189999
1995-07-31,26.91
1995-08-01,27.25
1995-08-02,26.07
1995-08-03,25.779999
1995-08-04,24.67
1995-08-05,24.99
1995-08-06,23.67
1995-08-07,24.73
1995-08-08,28.349998
1995-08-09,24.4
1995-08-10,22.23
1995-08-11,21.96
1995-08-12,21.35
1995-08-13,24.31
1995-08-14,26.16
1995-08-15,26.689999
1995-08-16,24.59
1995-08-17,24.81
1995-08-18,25.949999
1995-08-19,28.23
1995-08-20,28.21
1995-08-21,27.529999
1995-08-22,26.43
1995-08-23,27.09
1995-08-24,26.65
1995-08-25,26.64
1995-08-26,23.56
1995-08-27,21.369999
1995-08-28,21.369999
1995-08-29,24.189999
1995-08-30,17.8
1995-08-31,17.25
1995-09-01,17.1
1995-09-02,17.85
1995-09-03,20.029999
1995-09-04,21.88
1995-09-05,19.439999
1995-09-06,18.699999
1995-09-07,18.68
1995-09-08,22.9
1995-09-09,21.48
1995-09-10,17.89
1995-09-11,21.3
1995-09-12,24.39
1995-09-13,24.16
1995-09-14,24.22
1995-09-15,21.84
1995-09-16,19.24
1995-09-17,21.689999
1995-09-18,17.5
1995-09-19,17.38
1995-09-20,19.39
1995-09-21,22.84
1995-09-22,17.41
1995-09-23,14.309999
1995-09-24,14.799999
1995-09-25,17.199999
1995-09-26,17.81
1995-09-27,16.06
1995-09-28,20.51
1995-09-29,15.53
1995-09-30,13.2699995
1995-10-01,10.48
1995-10-02,8.54
1995-10-03,15.12
1995-10-04,19.06
1995-10-05,20.32
1995-10-06,18.98
1995-10-07,18.39
1995-10-08,17.69
1995-10-09,19.14
1995-10-10,20.699999
1995-10-11,20.75
1995-10-12,24.59
1995-10-13,25.0
1995-10-14,24.039999
1995-10-15,19.51
1995-10-16,17.8
1995-10-17,18.22
1995-10-18,17.67
1995-10-19,18.31
1995-10-20,17.31
1995-10-21,12.809999
1995-10-22,10.389999
1995-10-23,9.45
1995-10-24,13.139999
1995-10-25,13.29
1995-10-26,10.94
1995-10-27,11.11
1995-10-28,13.12
1995-10-29,13.62
1995-10-30,14.5199995
1995-10-31,14.429999
1995-11-01,10.92
1995-11-02,9.95
1995-11-03,7.7799997
1995-11-04,6.44
1995-11-05,2.35
1995-11-06,-1.8399999
1995-11-07,-2.28
1995-11-08,-2.1499999
1995-11-09,-4.18
1995-11-10,0.56
1995-11-11,0.14
1995-11-12,2.45
1995-11-13,1.81
1995-11-14,4.85
1995-11-15,7.0699997
1995-11-16,7.49
1995-11-17,11.809999
1995-11-18,12.21
1995-11-19,2.77
1995-11-20,0.12
1995-11-21,-1.89
1995-11-22,-4.13
1995-11-23,-6.5699997
1995-11-24,-4.43
1995-11-25,1.41
1995-11-26,2.5
1995-11-27,4.99
1995-11-28,8.389999
1995-11-29,5.02
1995-11-30,2.6599998
1995-12-01,0.32999998
1995-12-02,2.07
1995-12-03,2.28
1995-12-04,0.69
1995-12-05,-2.69
1995-12-06,-1.8299999
1995-12-07,0.41
1995-12-08,-3.48
1995-12-09,-3.9199998
1995-12-10,-4.99
1995-12-11,-4.79
1995-12-12,-3.54
1995-12-13,-0.13
1995-12-14,1.91
1995-12-15,0.03
1995-12-16,-4.75
1995-12-17,-4.5
1995-12-18,-2.78
1995-12-19,-0.79999995
1995-12-20,0.38
1995-12-21,-0.85999995
1995-12-22,-1.8299999
1995-12-23,5.33
1995-12-24,7.47
1995-12-25,8.53
1995-12-26,7.1499996
1995-12-27,9.91
1995-12-28,1.79
1995-12-29,-5.0
1995-12-30,-6.48
1995-12-31,-7.17
1996-01-01,4.45
1996-01-02,5.6299996
1996-01-03,3.6299999
1996-01-04,1.5999999
1996-01-05,-2.53
1996-01-06,-0.32
1996-01-07,-0.84999996
1996-01-08,1.18
1996-01-09,-0.47
1996-01-10,0.93
1996-01-11,1.4499999
1996-01-12,0.84
1996-01-13,1.4599999
1996-01-14,-0.16
1996-01-15,-6.25
1996-01-16,-8.25
1996-01-17,-6.14
1996-01-18,-2.4299998
1996-01-19,-3.1299999
1996-01-20,-3.28
1996-01-21,-4.67
1996-01-22,-7.8199997
1996-01-23,-8.55
1996-01-24,-9.0199995
1996-01-25,-3.8899999
1996-01-26,1.18
1996-01-27,1.17
1996-01-28,0.42
1996-01-29,-0.94
1996-01-30,-2.34
1996-01-31,-7.3799996
1996-02-01,-5.2999997
1996-02-02,-3.62
1996-02-03,-0.81
1996-02-04,3.22
1996-02-05,1.75
1996-02-06,-3.1899998
1996-02-07,-5.24
1996-02-08,-2.07
1996-02-09,-0.29
1996-02-10,-1.8199999
1996-02-11,-2.3799999
1996-02-12,-2.26
1996-02-13,0.56
1996-02-14,1.88
1996-02-15,0.90999997
1996-02-16,-2.86
1996-02-17,0.089999996
1996-02-18,2.07
1996-02-19,0.0
1996-02-20,1.8499999
1996-02-21,3.83
1996-02-22,3.02
1996-02-23,-0.19999999
1996-02-24,-3.04
1996-02-25,-2.26
1996-02-26,-2.6
1996-02-27,-3.1
1996-02-28,-3.82
1996-02-29,-2.6299999
1996-03-01,-0.22
1996-03-02,-1.6999999
1996-03-03,-2.86
1996-03-04,-2.4299998
1996-03-05,-3.01
1996-03-06,-0.08
1996-03-07,0.93
1996-03-08,-1.12
1996-03-09,-0.88
1996-03-10,-2.45
1996-03-11,-3.1799998
1996-03-12,-1.7199999
1996-03-13,1.8399999
1996-03-14,4.5899997
1996-03-15,4.85
1996-03-16,4.41
1996-03-17,3.22
1996-03-18,4.42
1996-03-19,1.87
1996-03-20,2.95
1996-03-21,4.0699997
1996-03-22,4.2599998
1996-03-23,5.25
1996-03-24,7.0899997
1996-03-25,5.46
1996-03-26,5.8799996
1996-03-27,7.5899997
1996-03-28,6.73
1996-03-29,7.91
1996-03-30,6.18
1996-03-31,5.19
1996-04-01,7.6699996
1996-04-02,7.2799997
1996-04-03,11.28
1996-04-04,10.82
1996-04-05,13.099999
1996-04-06,12.719999
1996-04-07,11.62
1996-04-08,11.4
1996-04-09,9.62
1996-04-10,9.09
1996-04-11,9.059999
1996-04-12,11.44
1996-04-13,12.25
1996-04-14,10.0199995
1996-04-15,5.71
1996-04-16,8.38
1996-04-17,9.61
1996-04-18,9.44
1996-04-19,13.54
1996-04-20,15.87
1996-04-21,18.02
1996-04-22,19.529999
1996-04-23,19.22
1996-04-24,19.38
1996-04-25,21.189999
1996-04-26,22.65
1996-04-27,23.56
1996-04-28,19.85
1996-04-29,18.63
1996-04-30,20.369999
1996-05-01,19.75
1996-05-02,20.039999
1996-05-03,20.05
1996-05-04,19.779999
1996-05-05,20.5
1996-05-06,20.07
1996-05-07,21.33
1996-05-08,24.1
1996-05-09,20.64
1996-05-10,21.539999
1996-05-11,24.859999
1996-05-12,21.88
1996-05-13,20.68
1996-05-14,20.16
1996-05-15,21.699999
1996-05-16,19.64
1996-05-17,24.51
1996-05-18,27.849998
1996-05-19,29.929998
1996-05-20,29.65
1996-05-21,25.15
1996-05-22,23.51
1996-05-23,20.9
1996-05-24,19.58
1996-05-25,22.289999
1996-05-26,25.3
1996-05-27,22.55
1996-05-28,22.64
1996-05-29,21.89
1996-05-30,22.64
1996-05-31,23.23
1996-06-01,22.48
1996-06-02,23.33
1996-06-03,23.74
1996-06-04,25.0
1996-06-05,26.119999
1996-06-06,25.529999
1996-06-07,28.349998
1996-06-08,31.25
1996-06-09,32.12
1996-06-10,32.1
1996-06-11,30.56
1996-06-12,29.72
1996-06-13,27.08
1996-06-14,22.439999
1996-06-15,17.49
1996-06-16,18.58
1996-06-17,19.32
1996-06-18,22.3
1996-06-19,25.689999
1996-06-20,22.56
1996-06-21,26.949999
1996-06-22,29.539999
1996-06-23,28.349998
1996-06-24,26.349998
1996-06-25,25.82
1996-06-26,26.92
1996-06-27,24.119999
1996-06-28,21.02
1996-06-29,22.15
1996-06-30,25.48
1996-07-01,21.539999
1996-07-02,27.119999
1996-07-03,30.14
1996-07-04,26.92
1996-07-05,27.92
1996-07-06,29.99
1996-07-07,28.93
1996-07-08,31.58
1996-07-09,31.65
1996-07-10,23.449999
1996-07-11,20.539999
1996-07-12,23.57
1996-07-13,26.119999
1996-07-14,28.14
1996-07-15,28.9
1996-07-16,28.75
1996-07-17,21.06
1996-07-18,19.63
1996-07-19,20.96
1996-07-20,20.01
1996-07-21,20.93
1996-07-22,19.21
1996-07-23,19.8
1996-07-24,23.59
1996-07-25,25.33
1996-07-26,19.67
1996-07-27,22.029999
1996-07-28,27.41
1996-07-29,29.99
1996-07-30,31.24
1996-07-31,29.529999
1996-08-01,28.08
1996-08-02,30.06
1996-08-03,30.359999
1996-08-04,28.199999
1996-08-05,25.97
1996-08-06,27.38
1996-08-07,25.779999
1996-08-08,24.83
1996-08-09,21.439999
1996-08-10,22.76
1996-08-11,23.18
1996-08-12,21.52
1996-08-13,27.21
1996-08-14,28.99
1996-08-15,26.96
1996-08-16,23.82
1996-08-17,21.72
1996-08-18,21.92
1996-08-19,21.9
1996-08-20,19.199999
1996-08-21,20.4
1996-08-22,22.35
1996-08-23,22.31
1996-08-24,21.89
1996-08-25,23.75
1996-08-26,24.59
1996-08-27,25.34
1996-08-28,23.57
1996-08-29,25.519999
1996-08-30,23.67
1996-08-31,22.68
1996-09-01,22.74
1996-09-02,21.59
1996-09-03,19.39
1996-09-04,19.71
1996-09-05,18.939999
1996-09-06,17.71
1996-09-07,14.21
1996-09-08,13.46
1996-09-09,15.2699995
1996-09-10,16.1
1996-09-11,17.06
1996-09-12,18.77
1996-09-13,19.0
1996-09-14,18.66
1996-09-15,12.929999
1996-09-16,12.99
1996-09-17,13.429999
1996-09-18,13.759999
1996-09-19,14.41
1996-09-20,12.75
1996-09-21,13.69
1996-09-22,14.74
1996-09-23,15.12
1996-09-24,17.699999
1996-09-25,16.64
1996-09-26,17.07
1996-09-27,14.36
1996-09-28,13.679999
1996-09-29,13.059999
1996-09-30,14.71
1996-10-01,19.449999
1996-10-02,20.32
1996-10-03,20.31
1996-10-04,16.24
1996-10-05,18.289999
1996-10-06,17.869999
1996-10-07,18.34
1996-10-08,16.619999
1996-10-09,16.529999
1996-10-10,15.82
1996-10-11,15.139999
1996-10-12,13.74
1996-10-13,15.88
1996-10-14,17.4
1996-10-15,17.01
1996-10-16,20.59
1996-10-17,20.42
1996-10-18,19.8
1996-10-19,15.37
1996-10-20,12.679999
1996-10-21,11.5199995
1996-10-22,10.69
1996-10-23,10.54
1996-10-24,10.59
1996-10-25,8.71
1996-10-26,9.73
1996-10-27,10.87
1996-10-28,9.25
1996-10-29,11.48
1996-10-30,13.69
1996-10-31,11.04
1996-11-01,9.22
1996-11-02,9.82
1996-11-03,12.09
1996-11-04,14.74
1996-11-05,15.44
1996-11-06,15.36
1996-11-07,15.719999
1996-11-08,14.34
1996-11-09,9.66
1996-11-10,7.87
1996-11-11,12.9
1996-11-12,15.889999
1996-11-13,13.389999
1996-11-14,12.49
1996-11-15,10.59
1996-11-16,12.33
1996-11-17,8.45
1996-11-18,9.42
1996-11-19,13.57
1996-11-20,12.19
1996-11-21,9.5
1996-11-22,7.0699997
1996-11-23,6.69
1996-11-24,9.7
1996-11-25,6.66
1996-11-26,2.59
1996-11-27,5.2599998
1996-11-28,4.39
1996-11-29,4.5299997
1996-11-30,6.67
1996-12-01,9.3
1996-12-02,8.03
1996-12-03,8.2699995
1996-12-04,4.66
1996-12-05,3.1499999
1996-12-06,1.65
1996-12-07,2.34
1996-12-08,0.84
1996-12-09,0.78
1996-12-10,0.02
1996-12-11,0.58
1996-12-12,0.58
1996-12-13,3.01
1996-12-14,4.71
1996-12-15,6.72
1996-12-16,1.8399999
1996-12-17,3.37
1996-12-18,5.5299997
1996-12-19,5.72
1996-12-20,8.75
1996-12-21,7.41
1996-12-22,-0.65
1996-12-23,-0.51
1996-12-24,-0.63
1996-12-25,-2.97
1996-12-26,-0.63
1996-12-27,-12.809999
1996-12-28,-12.509999
1996-12-29,-10.87
1996-12-30,-7.17
1996-12-31,-3.36
1997-01-01,-2.08
1997-01-02,-1.9
1997-01-03,-1.48
1997-01-04,-0.02
1997-01-05,2.8999999
1997-01-06,0.59999996
1997-01-07,-1.9499999
1997-01-08,-2.48
1997-01-09,-0.39999998
1997-01-10,-0.63
1997-01-11,0.089999996
1997-01-12,-0.03
1997-01-13,-1.3399999
1997-01-14,-1.7099999
1997-01-15,-0.14
1997-01-16,1.1999999
1997-01-17,0.68
1997-01-18,0.68
1997-01-19,0.45999998
1997-01-20,0.07
1997-01-21,0.65
1997-01-22,1.06
1997-01-23,4.56
1997-01-24,3.3799999
1997-01-25,2.6299999
1997-01-26,-1.76
1997-01-27,-2.05
1997-01-28,0.0
1997-01-29,-2.08
1997-01-30,-5.33
1997-01-31,-1.9699999
1997-02-01,-1.53
1997-02-02,-7.5
1997-02-03,-6.0099998
1997-02-04,-3.09
1997-02-05,-0.63
1997-02-06,2.81
1997-02-07,0.83
1997-02-08,3.4499998
1997-02-09,4.19
1997-02-10,3.53
1997-02-11,7.0499997
1997-02-12,7.6099997
1997-02-13,7.6699996
1997-02-14,7.37
1997-02-15,7.45
1997-02-16,7.04
1997-02-17,0.22999999
1997-02-18,-4.15
1997-02-19,-1.8399999
1997-02-20,-0.08
1997-02-21,1.14
1997-02-22,3.76
1997-02-23,4.5699997
1997-02-24,7.0
1997-02-25,7.29
1997-02-26,10.62
1997-02-27,10.62
1997-02-28,5.66
1997-03-01,6.5
1997-03-02,11.04
1997-03-03,11.41
1997-03-04,10.41
1997-03-05,5.48
1997-03-06,6.5699997
1997-03-07,7.6499996
1997-03-08,5.7
1997-03-09,7.66
1997-03-10,6.54
1997-03-11,12.66
1997-03-12,13.639999
1997-03-13,15.339999
1997-03-14,13.82
1997-03-15,12.28
1997-03-16,9.45
1997-03-17,6.5899997
1997-03-18,-0.76
1997-03-19,6.0899997
1997-03-20,5.7
1997-03-21,5.42
1997-03-22,2.33
1997-03-23,0.76
1997-03-24,5.2599998
1997-03-25,5.4
1997-03-26,2.75
1997-03-27,5.92
1997-03-28,11.2
1997-03-29,11.389999
1997-03-30,5.9
1997-03-31,5.33
1997-04-01,9.78
1997-04-02,11.61
1997-04-03,12.44
1997-04-04,10.65
1997-04-05,6.7799997
1997-04-06,5.5699997
1997-04-07,5.33
1997-04-08,4.0299997
1997-04-09,2.96
1997-04-10,8.01
1997-04-11,13.41
1997-04-12,11.24
1997-04-13,7.18
1997-04-14,6.33
1997-04-15,8.88
1997-04-16,7.18
1997-04-17,4.23
1997-04-18,7.12
1997-04-19,13.38
1997-04-20,12.86
1997-04-21,9.929999
1997-04-22,11.309999
1997-04-23,9.91
1997-04-24,10.78
1997-04-25,11.94
1997-04-26,12.429999
1997-04-27,13.32
1997-04-28,15.45
1997-04-29,13.59
1997-04-30,13.309999
1997-05-01,18.9
1997-05-02,18.24
1997-05-03,19.26
1997-05-04,21.689999
1997-05-05,22.42
1997-05-06,22.949999
1997-05-07,21.27
1997-05-08,24.519999
1997-05-09,21.71
1997-05-10,20.279999
1997-05-11,24.3
1997-05-12,23.17
1997-05-13,26.47
1997-05-14,28.81
1997-05-15,26.849998
1997-05-16,30.019999
1997-05-17,28.0
1997-05-18,25.89
1997-05-19,23.75
1997-05-20,23.859999
1997-05-21,23.91
1997-05-22,24.039999
1997-05-23,19.58
1997-05-24,20.26
1997-05-25,18.31
1997-05-26,15.38
1997-05-27,16.27
1997-05-28,17.42
1997-05-29,14.589999
1997-05-30,17.26
1997-05-31,15.5
1997-06-01,14.07
1997-06-02,16.93
1997-06-03,18.279999
1997-06-04,20.189999
1997-06-05,20.48
1997-06-06,21.55
1997-06-07,20.68
1997-06-08,22.619999
1997-06-09,25.41
1997-06-10,25.21
1997-06-11,24.359999
1997-06-12,23.619999
1997-06-13,26.75
1997-06-14,28.289999
1997-06-15,25.66
1997-06-16,23.43
1997-06-17,26.019999
1997-06-18,26.269999
1997-06-19,22.699999
1997-06-20,25.64
1997-06-21,21.64
1997-06-22,27.279999
1997-06-23,31.22
1997-06-24,26.619999
1997-06-25,20.48
1997-06-26,20.38
1997-06-27,25.1
1997-06-28,27.99
1997-06-29,29.17
1997-06-30,28.3
1997-07-01,26.38
1997-07-02,25.21
1997-07-03,27.47
1997-07-04,29.63
1997-07-05,31.949999
1997-07-06,31.099998
1997-07-07,24.109999
1997-07-08,21.49
1997-07-09,22.35
1997-07-10,22.59
1997-07-11,23.92
1997-07-12,24.199999
1997-07-13,23.6
1997-07-14,20.57
1997-07-15,22.18
1997-07-16,21.369999
1997-07-17,21.88
1997-07-18,23.33
1997-07-19,24.619999
1997-07-20,21.27
1997-07-21,21.51
1997-07-22,20.439999
1997-07-23,21.68
1997-07-24,24.23
1997-07-25,23.58
1997-07-26,21.99
1997-07-27,20.65
1997-07-28,23.439999
1997-07-29,25.779999
1997-07-30,25.51
1997-07-31,25.0
1997-08-01,24.1
1997-08-02,23.25
1997-08-03,22.6
1997-08-04,26.01
1997-08-05,24.58
1997-08-06,25.49
1997-08-07,23.84
1997-08-08,24.67
1997-08-09,22.85
1997-08-10,21.46
1997-08-11,20.89
1997-08-12,20.15
1997-08-13,22.97
1997-08-14,24.63
1997-08-15,26.109999
1997-08-16,25.21
1997-08-17,23.369999
1997-08-18,23.789999
1997-08-19,23.68
1997-08-20,22.42
1997-08-21,21.859999
1997-08-22,23.01
1997-08-23,19.84
1997-08-24,19.93
1997-08-25,20.279999
1997-08-26,19.439999
1997-08-27,21.33
1997-08-28,23.779999
1997-08-29,25.689999
1997-08-30,21.55
1997-08-31,18.21
1997-09-01,22.859999
1997-09-02,21.85
1997-09-03,20.73
1997-09-04,19.949999
1997-09-05,21.97
1997-09-06,21.47
1997-09-07,22.81
1997-09-08,23.16
1997-09-09,20.779999
1997-09-10,18.09
1997-09-11,13.84
1997-09-12,21.63
1997-09-13,24.33
1997-09-14,24.16
1997-09-15,17.92
1997-09-16,17.02
1997-09-17,20.5
1997-09-18,22.119999
1997-09-19,20.85
1997-09-20,17.67
1997-09-21,14.059999
1997-09-22,17.33
1997-09-23,19.07
1997-09-24,18.41
1997-09-25,15.98
1997-09-26,14.929999
1997-09-27,15.63
1997-09-28,13.28
1997-09-29,16.25
1997-09-30,15.009999
1997-10-01,13.88
1997-10-02,15.73
1997-10-03,14.839999
1997-10-04,15.16
1997-10-05,15.599999
1997-10-06,17.52
1997-10-07,21.81
1997-10-08,23.85
1997-10-09,23.6
1997-10-10,24.24
1997-10-11,19.779999
1997-10-12,15.44
1997-10-13,13.139999
1997-10-14,10.099999
1997-10-15,11.01
1997-10-16,9.5
1997-10-17,9.76
1997-10-18,7.0
1997-10-19,9.73
1997-10-20,12.929999
1997-10-21,13.2699995
1997-10-22,9.73
1997-10-23,13.03
1997-10-24,12.57
1997-10-25,9.08
1997-10-26,7.48
1997-10-27,5.0099998
1997-10-28,2.4199998
1997-10-29,1.9
1997-10-30,7.24
1997-10-31,8.7
1997-11-01,9.71
1997-11-02,11.849999
1997-11-03,8.349999
1997-11-04,5.2799997
1997-11-05,9.0199995
1997-11-06,11.88
1997-11-07,15.91
1997-11-08,16.0
1997-11-09,16.199999
1997-11-10,13.5
1997-11-11,13.95
1997-11-12,13.13
1997-11-13,14.19
1997-11-14,13.759999
1997-11-15,8.67
1997-11-16,6.08
1997-11-17,3.03
1997-11-18,1.5699999
1997-11-19,0.12
1997-11-20,-0.35
1997-11-21,1.7199999
1997-11-22,0.89
1997-11-23,3.05
1997-11-24,7.1
1997-11-25,5.87
1997-11-26,7.21
1997-11-27,5.7599998
1997-11-28,5.47
1997-11-29,6.3399997
1997-11-30,5.96
1997-12-01,5.12
1997-12-02,6.08
1997-12-03,6.6
1997-12-04,4.29
1997-12-05,1.7199999
1997-12-06,0.48999998
1997-12-07,-0.59
1997-12-08,-2.1699998
1997-12-09,-2.4199998
1997-12-10,-0.47
1997-12-11,3.1499999
1997-12-12,6.3799996
1997-12-13,6.48
1997-12-14,5.27
1997-12-15,2.1599998
1997-12-16,-3.6399999
1997-12-17,-9.05
1997-12-18,-6.94
1997-12-19,0.51
1997-12-20,4.3399997
1997-12-21,6.2
1997-12-22,4.8199997
1997-12-23,2.2
1997-12-24,2.61
1997-12-25,3.8
1997-12-26,3.78
1997-12-27,6.67
1997-12-28,6.0899997
1997-12-29,5.0899997
1997-12-30,3.75
1997-12-31,1.68
1998-01-01,1.53
1998-01-02,4.66
1998-01-03,5.25
1998-01-04,5.2599998
1998-01-05,4.43
1998-01-06,3.72
1998-01-07,2.2
1998-01-08,6.52
1998-01-09,5.6299996
1998-01-10,3.98
1998-01-11,1.73
1998-01-12,4.16
1998-01-13,4.6
1998-01-14,4.42
1998-01-15,4.7799997
1998-01-16,4.33
1998-01-17,4.37
1998-01-18,2.84
1998-01-19,4.93
1998-01-20,6.12
1998-01-21,5.56
1998-01-22,2.45
1998-01-23,-0.74
1998-01-24,-3.3999999
1998-01-25,-3.83
1998-01-26,-5.65
1998-01-27,-4.67
1998-01-28,-4.2
1998-01-29,-4.94
1998-01-30,-4.74
1998-01-31,-2.24
1998-02-01,-1.66
1998-02-02,-3.49
1998-02-03,0.19999999
1998-02-04,1.9799999
1998-02-05,3.24
1998-02-06,0.19999999
1998-02-07,0.74
1998-02-08,3.6599998
1998-02-09,1.73
1998-02-10,2.76
1998-02-11,5.2
1998-02-12,8.44
1998-02-13,7.95
1998-02-14,7.0299997
1998-02-15,10.8
1998-02-16,9.74
1998-02-17,10.95
1998-02-18,2.57
1998-02-19,7.8599997
1998-02-20,9.2699995
1998-02-21,10.55
1998-02-22,13.99
1998-02-23,13.94
1998-02-24,14.469999
1998-02-25,8.0
1998-02-26,5.8399997
1998-02-27,8.99
1998-02-28,11.94
1998-03-01,12.95
1998-03-02,8.7699995
1998-03-03,11.5
1998-03-04,15.969999
1998-03-05,16.92
1998-03-06,11.179999
1998-03-07,10.57
1998-03-08,13.59
1998-03-09,12.57
1998-03-10,9.5199995
1998-03-11,0.52
1998-03-12,-0.77
1998-03-13,2.4199998
1998-03-14,3.9599998
1998-03-15,3.31
1998-03-16,0.61
1998-03-17,-1.11
1998-03-18,2.19
1998-03-19,4.5899997
1998-03-20,5.8599997
1998-03-21,3.09
1998-03-22,3.8899999
1998-03-23,2.6799998
1998-03-24,1.54
1998-03-25,3.1899998
1998-03-26,2.97
1998-03-27,2.96
1998-03-28,8.08
1998-03-29,5.52
1998-03-30,10.42
1998-03-31,14.15
1998-04-01,15.549999
1998-04-02,19.13
1998-04-03,19.96
1998-04-04,19.71
1998-04-05,22.369999
1998-04-06,24.83
1998-04-07,19.81
1998-04-08,21.06
1998-04-09,21.859999
1998-04-10,19.72
1998-04-11,19.82
1998-04-12,19.359999
1998-04-13,13.0
1998-04-14,12.55
1998-04-15,12.65
1998-04-16,17.48
1998-04-17,17.75
1998-04-18,16.07
1998-04-19,15.809999
1998-04-20,12.61
1998-04-21,15.259999
1998-04-22,14.21
1998-04-23,15.91
1998-04-24,15.509999
1998-04-25,16.16
1998-04-26,17.72
1998-04-27,17.74
1998-04-28,18.44
1998-04-29,20.85
1998-04-30,15.87
1998-05-01,15.82
1998-05-02,16.16
1998-05-03,16.64
1998-05-04,19.689999
1998-05-05,14.88
1998-05-06,13.259999
1998-05-07,18.42
1998-05-08,19.71
1998-05-09,22.83
1998-05-10,20.35
1998-05-11,20.5
1998-05-12,21.619999
1998-05-13,24.31
1998-05-14,19.71
1998-05-15,17.44
1998-05-16,18.4
1998-05-17,14.799999
1998-05-18,20.369999
1998-05-19,18.09
1998-05-20,18.17
1998-05-21,18.85
1998-05-22,16.869999
1998-05-23,13.57
1998-05-24,16.35
1998-05-25,19.85
1998-05-26,20.1
1998-05-27,19.279999
1998-05-28,21.539999
1998-05-29,23.73
1998-05-30,22.779999
1998-05-31,25.769999
1998-06-01,24.0
1998-06-02,22.279999
1998-06-03,22.49
1998-06-04,26.59
1998-06-05,27.789999
1998-06-06,28.24
1998-06-07,27.269999
1998-06-08,26.14
1998-06-09,26.43
1998-06-10,24.91
1998-06-11,26.449999
1998-06-12,26.96
1998-06-13,24.0
1998-06-14,20.529999
1998-06-15,19.06
1998-06-16,22.88
1998-06-17,23.75
1998-06-18,21.48
1998-06-19,17.23
1998-06-20,17.31
1998-06-21,20.289999
1998-06-22,24.34
1998-06-23,23.96
1998-06-24,24.16
1998-06-25,22.779999
1998-06-26,23.789999
1998-06-27,27.67
1998-06-28,27.96
1998-06-29,27.699999
1998-06-30,28.55
1998-07-01,24.84
1998-07-02,30.289999
1998-07-03,24.34
1998-07-04,22.289999
1998-07-05,20.85
1998-07-06,19.9
1998-07-07,23.39
1998-07-08,25.32
1998-07-09,19.92
1998-07-10,17.4
1998-07-11,21.439999
1998-07-12,23.039999
1998-07-13,28.26
1998-07-14,29.029999
1998-07-15,28.13
1998-07-16,22.76
1998-07-17,19.9
1998-07-18,22.43
1998-07-19,29.16
1998-07-20,29.83
1998-07-21,29.519999
1998-07-22,30.72
1998-07-23,31.099998
1998-07-24,31.82
1998-07-25,30.029999
1998-07-26,30.58
1998-07-27,28.64
1998-07-28,31.72
1998-07-29,29.14
1998-07-30,29.099998
1998-07-31,28.779999
1998-08-01,30.84
1998-08-02,31.71
1998-08-03,32.469997
1998-08-04,33.73
1998-08-05,32.739998
1998-08-06,27.359999
1998-08-07,27.84
1998-08-08,29.4
1998-08-09,31.359999
1998-08-10,26.72
1998-08-11,28.47
1998-08-12,28.09
1998-08-13,28.99
1998-08-14,28.76
1998-08-15,27.869999
1998-08-16,29.33
1998-08-17,28.26
1998-08-18,28.599998
1998-08-19,29.46
1998-08-20,26.26
1998-08-21,26.73
1998-08-22,23.99
1998-08-23,20.91
1998-08-24,23.869999
1998-08-25,22.75
1998-08-26,20.119999
1998-08-27,24.039999
1998-08-28,23.75
1998-08-29,19.38
1998-08-30,19.539999
1998-08-31,18.27
1998-09-01,15.9
1998-09-02,16.91
1998-09-03,18.58
1998-09-04,17.93
1998-09-05,18.5
1998-09-06,18.67
1998-09-07,16.07
1998-09-08,19.699999
1998-09-09,21.199999
1998-09-10,23.769999
1998-09-11,23.38
1998-09-12,24.67
1998-09-13,20.83
1998-09-14,17.63
1998-09-15,15.2699995
1998-09-16,17.21
1998-09-17,19.34
1998-09-18,15.559999
1998-09-19,15.0199995
1998-09-20,16.77
1998-09-21,16.57
1998-09-22,15.219999
1998-09-23,18.699999
1998-09-24,19.58
1998-09-25,21.07
1998-09-26,20.41
1998-09-27,23.16
1998-09-28,20.41
1998-09-29,19.01
1998-09-30,17.05
1998-10-01,16.51
1998-10-02,19.02
1998-10-03,14.0199995
1998-10-04,11.38
1998-10-05,13.88
1998-10-06,18.14
1998-10-07,17.869999
1998-10-08,17.0
1998-10-09,21.84
1998-10-10,19.09
1998-10-11,18.59
1998-10-12,18.13
1998-10-13,17.34
1998-10-14,11.0199995
1998-10-15,12.59
1998-10-16,13.34
1998-10-17,19.5
1998-10-18,18.66
1998-10-19,17.46
1998-10-20,19.51
1998-10-21,13.46
1998-10-22,14.73
1998-10-23,15.83
1998-10-24,14.16
1998-10-25,14.69
1998-10-26,12.5
1998-10-27,8.98
1998-10-28,10.96
1998-10-29,15.429999
1998-10-30,14.41
1998-10-31,9.8
1998-11-01,8.849999
1998-11-02,10.34
1998-11-03,14.92
1998-11-04,14.5
1998-11-05,16.94
1998-11-06,10.13
1998-11-07,7.43
1998-11-08,4.11
1998-11-09,4.8399997
1998-11-10,5.64
1998-11-11,7.0499997
1998-11-12,4.75
1998-11-13,5.8799996
1998-11-14,4.8399997
1998-11-15,5.68
1998-11-16,6.3199997
1998-11-17,2.9299998
1998-11-18,-1.06
1998-11-19,0.45
1998-11-20,0.29999998
1998-11-21,1.9599999
1998-11-22,2.1399999
1998-11-23,2.62
1998-11-24,1.52
1998-11-25,0.97999996
1998-11-26,-0.17
1998-11-27,1.15
1998-11-28,3.53
1998-11-29,0.099999994
1998-11-30,0.66999996
1998-12-01,-0.17
1998-12-02,-3.4099998
1998-12-03,-2.23
1998-12-04,-1.01
1998-12-05,6.27
1998-12-06,4.63
1998-12-07,-2.23
1998-12-08,-5.0299997
1998-12-09,-10.12
1998-12-10,-9.76
1998-12-11,-10.719999
1998-12-12,-9.83
1998-12-13,-2.1499999
1998-12-14,0.52
1998-12-15,-3.3799999
1998-12-16,-0.69
1998-12-17,-0.55
1998-12-18,-0.84999996
1998-12-19,0.19999999
1998-12-20,-0.87
1998-12-21,-0.82
1998-12-22,-0.049999997
1998-12-23,-7.12
1998-12-24,-10.19
1998-12-25,-7.16
1998-12-26,-6.02
1998-12-27,-3.98
1998-12-28,1.81
1998-12-29,0.95
1998-12-30,1.3399999
1998-12-31,-1.9
1999-01-01,1.3299999
1999-01-02,-0.089999996
1999-01-03,0.19
1999-01-04,0.32
1999-01-05,0.39999998
1999-01-06,1.37
1999-01-07,4.52
1999-01-08,5.0499997
1999-01-09,4.2999997
1999-01-10,3.58
1999-01-11,2.1299999
1999-01-12,5.14
1999-01-13,4.21
1999-01-14,1.76
1999-01-15,-1.3399999
1999-01-16,1.03
1999-01-17,3.5
1999-01-18,3.24
1999-01-19,0.42
1999-01-20,-0.28
1999-01-21,0.59
1999-01-22,0.06
1999-01-23,-1.9
1999-01-24,-3.4199998
1999-01-25,-2.55
1999-01-26,2.26
1999-01-27,4.33
1999-01-28,3.9299998
1999-01-29,1.9699999
1999-01-30,-3.1899998
1999-01-31,-6.37
1999-02-01,-5.1099997
1999-02-02,-3.37
1999-02-03,0.42999998
1999-02-04,1.0799999
1999-02-05,4.08
1999-02-06,4.49
1999-02-07,1.39
1999-02-08,2.78
1999-02-09,2.78
1999-02-10,7.5099998
1999-02-11,11.59
1999-02-12,6.8999996
1999-02-13,2.24
1999-02-14,1.68
1999-02-15,-1.75
1999-02-16,-1.03
1999-02-17,1.5799999
1999-02-18,-0.95
1999-02-19,-2.98
1999-02-20,0.71
1999-02-21,4.12
1999-02-22,6.79
1999-02-23,8.41
1999-02-24,3.8799999
1999-02-25,3.53
1999-02-26,0.19
1999-02-27,9.69
1999-02-28,11.03
1999-03-01,11.29
1999-03-02,8.599999
1999-03-03,13.259999
1999-03-04,12.91
1999-03-05,11.4
1999-03-06,11.36
1999-03-07,10.0199995
1999-03-08,9.62
1999-03-09,7.16
1999-03-10,12.69
1999-03-11,14.16
1999-03-12,10.19
1999-03-13,6.62
1999-03-14,3.82
1999-03-15,4.97
1999-03-16,3.8
1999-03-17,1.35
1999-03-18,2.48
1999-03-19,3.1
1999-03-20,4.47
1999-03-21,7.46
1999-03-22,7.7
1999-03-23,11.57
1999-03-24,9.2699995
1999-03-25,12.849999
1999-03-26,17.359999
1999-03-27,13.809999
1999-03-28,10.5
1999-03-29,10.4
1999-03-30,12.24
1999-03-31,11.23
1999-04-01,11.259999
1999-04-02,10.42
1999-04-03,11.5199995
1999-04-04,14.98
1999-04-05,17.38
1999-04-06,18.109999
1999-04-07,17.71
1999-04-08,21.48
1999-04-09,17.48
1999-04-10,15.179999
1999-04-11,13.099999
1999-04-12,14.53
1999-04-13,16.289999
1999-04-14,14.94
1999-04-15,16.49
1999-04-16,16.98
1999-04-17,17.119999
1999-04-18,17.08
1999-04-19,12.57
1999-04-20,9.3
1999-04-21,12.49
1999-04-22,15.809999
1999-04-23,17.98
1999-04-24,14.03
1999-04-25,15.58
1999-04-26,14.049999
1999-04-27,17.57
1999-04-28,15.5199995
1999-04-29,17.26
1999-04-30,18.43
1999-05-01,20.92
1999-05-02,19.58
1999-05-03,18.82
1999-05-04,19.189999
1999-05-05,16.02
1999-05-06,9.51
1999-05-07,11.28
1999-05-08,14.62
1999-05-09,20.5
1999-05-10,17.949999
1999-05-11,19.93
1999-05-12,18.029999
1999-05-13,16.359999
1999-05-14,19.15
1999-05-15,19.32
1999-05-16,16.449999
1999-05-17,14.19
1999-05-18,15.21
1999-05-19,19.68
1999-05-20,24.65
1999-05-21,23.109999
1999-05-22,19.75
1999-05-23,18.109999
1999-05-24,18.4
1999-05-25,20.09
1999-05-26,20.789999
1999-05-27,22.73
1999-05-28,24.01
1999-05-29,24.359999
1999-05-30,25.939999
1999-05-31,25.199999
1999-06-01,22.83
1999-06-02,21.779999
1999-06-03,23.32
1999-06-04,23.689999
1999-06-05,22.699999
1999-06-06,22.4
1999-06-07,26.0
1999-06-08,26.4
1999-06-09,27.55
1999-06-10,26.9
1999-06-11,27.869999
1999-06-12,28.97
1999-06-13,27.38
1999-06-14,25.84
1999-06-15,25.59
1999-06-16,26.789999
1999-06-17,27.369999
1999-06-18,26.97
1999-06-19,26.42
1999-06-20,26.18
1999-06-21,26.57
1999-06-22,26.039999
1999-06-23,19.85
1999-06-24,23.06
1999-06-25,22.039999
1999-06-26,23.83
1999-06-27,27.42
1999-06-28,27.42
1999-06-29,26.519999
1999-06-30,27.24
1999-07-01,25.98
1999-07-02,26.76
1999-07-03,26.92
1999-07-04,26.59
1999-07-05,28.47
1999-07-06,29.56
1999-07-07,31.189999
1999-07-08,32.01
1999-07-09,30.019999
1999-07-10,29.66
1999-07-11,28.619999
1999-07-12,27.609999
1999-07-13,26.99
1999-07-14,27.939999
1999-07-15,23.05
1999-07-16,22.279999
1999-07-17,22.25
1999-07-18,22.779999
1999-07-19,23.23
1999-07-20,25.34
1999-07-21,27.88
1999-07-22,27.849998
1999-07-23,29.3
1999-07-24,27.67
1999-07-25,28.92
1999-07-26,29.56
1999-07-27,27.46
1999-07-28,26.699999
1999-07-29,26.75
1999-07-30,23.189999
1999-07-31,23.65
1999-08-01,24.34
1999-08-02,25.859999
1999-08-03,24.24
1999-08-04,23.93
1999-08-05,23.369999
1999-08-06,26.74
1999-08-07,27.63
1999-08-08,30.05
1999-08-09,31.4
1999-08-10,31.849998
1999-08-11,29.529999
1999-08-12,26.07
1999-08-13,24.09
1999-08-14,21.99
1999-08-15,23.25
1999-08-16,26.21
1999-08-17,26.769999
1999-08-18,28.13
1999-08-19,30.25
1999-08-20,30.76
1999-08-21,27.539999
1999-08-22,23.23
1999-08-23,20.77
1999-08-24,21.779999
1999-08-25,20.67
1999-08-26,15.839999
1999-08-27,21.47
1999-08-28,23.199999
1999-08-29,25.23
1999-08-30,25.039999
1999-08-31,23.34
1999-09-01,21.22
1999-09-02,19.279999
1999-09-03,19.279999
1999-09-04,17.789999
1999-09-05,20.869999
1999-09-06,20.76
1999-09-07,19.4
1999-09-08,19.42
1999-09-09,19.279999
1999-09-10,21.72
1999-09-11,24.43
1999-09-12,22.32
1999-09-13,21.48
1999-09-14,23.73
1999-09-15,20.24
1999-09-16,22.65
1999-09-17,24.05
1999-09-18,23.34
1999-09-19,23.32
1999-09-20,19.52
1999-09-21,20.71
1999-09-22,21.5
1999-09-23,23.74
1999-09-24,24.609999
1999-09-25,25.17
1999-09-26,26.25
1999-09-27,28.15
1999-09-28,24.9
1999-09-29,22.07
1999-09-30,22.51
1999-10-01,23.82
1999-10-02,24.75
1999-10-03,23.51
1999-10-04,24.439999
1999-10-05,24.73
1999-10-06,18.81
1999-10-07,14.589999
1999-10-08,12.639999
1999-10-09,14.099999
1999-10-10,14.009999
1999-10-11,13.61
1999-10-12,17.26
1999-10-13,15.96
1999-10-14,13.44
1999-10-15,9.61
1999-10-16,8.75
1999-10-17,7.4199996
1999-10-18,6.39
1999-10-19,4.23
1999-10-20,5.29
1999-10-21,6.3599997
1999-10-22,10.49
1999-10-23,11.86
1999-10-24,11.69
1999-10-25,16.75
1999-10-26,20.8
1999-10-27,17.71
1999-10-28,13.059999
1999-10-29,13.719999
1999-10-30,12.63
1999-10-31,16.16
1999-11-01,14.259999
1999-11-02,12.0
1999-11-03,15.219999
1999-11-04,11.45
1999-11-05,13.07
1999-11-06,12.55
1999-11-07,13.71
1999-11-08,11.889999
1999-11-09,8.16
1999-11-10,7.52
1999-11-11,11.44
1999-11-12,8.139999
1999-11-13,7.3999996
1999-11-14,6.62
1999-11-15,6.8799996
1999-11-16,2.86
1999-11-17,2.73
1999-11-18,6.62
1999-11-19,5.49
1999-11-20,9.67
1999-11-21,4.16
1999-11-22,8.24
1999-11-23,7.6
1999-11-24,0.089999996
1999-11-25,-3.1
1999-11-26,-1.9699999
1999-11-27,1.03
1999-11-28,2.73
1999-11-29,3.6399999
1999-11-30,4.17
1999-12-01,2.3
1999-12-02,6.73
1999-12-03,5.04
1999-12-04,6.42
1999-12-05,7.7599998
1999-12-06,5.41
1999-12-07,0.0
1999-12-08,3.1999998
1999-12-09,5.0
1999-12-10,4.4
1999-12-11,5.8199997
1999-12-12,4.3199997
1999-12-13,6.02
1999-12-14,5.19
1999-12-15,5.13
1999-12-16,8.22
1999-12-17,4.4
1999-12-18,0.84
1999-12-19,2.7
1999-12-20,3.36
1999-12-21,2.73
1999-12-22,-4.7
1999-12-23,-12.059999
1999-12-24,-9.33
1999-12-25,-5.47
1999-12-26,2.6799998
1999-12-27,4.14
1999-12-28,2.51
1999-12-29,5.81
1999-12-30,0.56
1999-12-31,-3.09
2000-01-01,-3.9099998
2000-01-02,-4.74
2000-01-03,-6.45
2000-01-04,-3.1499999
2000-01-05,0.37
2000-01-06,-0.14
2000-01-07,-1.09
2000-01-08,-1.4699999
2000-01-09,-2.28
2000-01-10,-1.68
2000-01-11,-2.6599998
2000-01-12,-3.09
2000-01-13,-0.19
2000-01-14,-3.08
2000-01-15,-2.55
2000-01-16,-3.3799999
2000-01-17,-5.25
2000-01-18,-2.6499999
2000-01-19,-1.76
2000-01-20,-4.92
2000-01-21,-0.31
2000-01-22,-6.47
2000-01-23,-5.77
2000-01-24,-4.0299997
2000-01-25,-11.15
2000-01-26,-10.04
2000-01-27,-3.51
2000-01-28,0.11
2000-01-29,2.44
2000-01-30,2.9099998
2000-01-31,2.35
2000-02-01,3.05
2000-02-02,7.3799996
2000-02-03,5.6299996
2000-02-04,0.29
2000-02-05,3.8899999
2000-02-06,4.97
2000-02-07,8.07
2000-02-08,6.43
2000-02-09,6.49
2000-02-10,5.25
2000-02-11,1.8199999
2000-02-12,1.4699999
2000-02-13,-0.69
2000-02-14,1.39
2000-02-15,1.2099999
2000-02-16,3.61
2000-02-17,4.7999997
2000-02-18,3.48
2000-02-19,1.15
2000-02-20,5.45
2000-02-21,1.2099999
2000-02-22,-1.67
2000-02-23,2.81
2000-02-24,-0.57
2000-02-25,3.1499999
2000-02-26,5.47
2000-02-27,2.3799999
2000-02-28,3.97
2000-02-29,6.25
2000-03-01,7.2799997
2000-03-02,7.2999997
2000-03-03,8.76
2000-03-04,10.08
2000-03-05,6.48
2000-03-06,0.11
2000-03-07,7.0
2000-03-08,8.38
2000-03-09,12.0
2000-03-10,10.139999
2000-03-11,4.04
2000-03-12,8.44
2000-03-13,6.23
2000-03-14,10.26
2000-03-15,9.429999
2000-03-16,6.49
2000-03-17,3.87
2000-03-18,4.0499997
2000-03-19,3.51
2000-03-20,1.6899999
2000-03-21,4.39
2000-03-22,4.41
2000-03-23,11.73
2000-03-24,14.46
2000-03-25,12.59
2000-03-26,13.32
2000-03-27,14.0
2000-03-28,15.08
2000-03-29,14.65
2000-03-30,15.7
2000-03-31,13.62
2000-04-01,16.1
2000-04-02,15.7699995
2000-04-03,15.349999
2000-04-04,18.23
2000-04-05,19.96
2000-04-06,13.549999
2000-04-07,6.2
2000-04-08,7.98
2000-04-09,8.7
2000-04-10,14.219999
2000-04-11,12.62
2000-04-12,16.8
2000-04-13,19.25
2000-04-14,20.3
2000-04-15,19.24
2000-04-16,21.05
2000-04-17,20.619999
2000-04-18,22.769999
2000-04-19,23.039999
2000-04-20,21.42
2000-04-21,22.1
2000-04-22,20.9
2000-04-23,20.06
2000-04-24,17.67
2000-04-25,19.13
2000-04-26,20.67
2000-04-27,19.199999
2000-04-28,21.1
2000-04-29,22.189999
2000-04-30,24.109999
2000-05-01,22.74
2000-05-02,20.619999
2000-05-03,17.109999
2000-05-04,18.97
2000-05-05,19.71
2000-05-06,19.029999
2000-05-07,22.18
2000-05-08,21.98
2000-05-09,24.07
2000-05-10,25.109999
2000-05-11,23.17
2000-05-12,23.609999
2000-05-13,19.949999
2000-05-14,21.49
2000-05-15,22.9
2000-05-16,25.76
2000-05-17,26.189999
2000-05-18,24.26
2000-05-19,24.3
2000-05-20,23.75
2000-05-21,20.47
2000-05-22,22.529999
2000-05-23,19.56
2000-05-24,17.85
2000-05-25,23.33
2000-05-26,27.189999
2000-05-27,27.609999
2000-05-28,26.949999
2000-05-29,25.47
2000-05-30,22.07
2000-05-31,22.529999
2000-06-01,19.07
2000-06-02,19.56
2000-06-03,24.17
2000-06-04,28.3
2000-06-05,30.32
2000-06-06,29.65
2000-06-07,29.63
2000-06-08,23.43
2000-06-09,26.13
2000-06-10,26.89
2000-06-11,29.82
2000-06-12,32.0
2000-06-13,32.649998
2000-06-14,33.93
2000-06-15,31.63
2000-06-16,26.13
2000-06-17,18.1
2000-06-18,15.38
2000-06-19,17.369999
2000-06-20,20.02
2000-06-21,28.06
2000-06-22,28.449999
2000-06-23,31.849998
2000-06-24,31.869999
2000-06-25,31.26
2000-06-26,25.599998
2000-06-27,19.49
2000-06-28,21.91
2000-06-29,20.609999
2000-06-30,21.55
2000-07-01,27.269999
2000-07-02,29.4
2000-07-03,30.99
2000-07-04,33.25
2000-07-05,35.45
2000-07-06,30.429998
2000-07-07,25.859999
2000-07-08,31.89
2000-07-09,30.47
2000-07-10,22.029999
2000-07-11,29.199999
2000-07-12,31.859999
2000-07-13,23.57
2000-07-14,18.42
2000-07-15,23.41
2000-07-16,21.439999
2000-07-17,20.89
2000-07-18,21.39
2000-07-19,20.63
2000-07-20,22.119999
2000-07-21,22.269999
2000-07-22,23.019999
2000-07-23,22.539999
2000-07-24,25.269999
2000-07-25,31.74
2000-07-26,32.329998
2000-07-27,29.099998
2000-07-28,27.619999
2000-07-29,29.58
2000-07-30,27.17
2000-07-31,21.83
2000-08-01,21.42
2000-08-02,22.96
2000-08-03,28.449999
2000-08-04,31.39
2000-08-05,32.02
2000-08-06,30.779999
2000-08-07,31.16
2000-08-08,26.39
2000-08-09,26.26
2000-08-10,26.869999
2000-08-11,27.289999
2000-08-12,28.0
2000-08-13,29.34
2000-08-14,29.119999
2000-08-15,29.269999
2000-08-16,28.949999
2000-08-17,30.369999
2000-08-18,29.539999
2000-08-19,34.38
2000-08-20,34.57
2000-08-21,33.45
2000-08-22,33.62
2000-08-23,32.51
2000-08-24,26.88
2000-08-25,26.16
2000-08-26,19.72
2000-08-27,16.67
2000-08-28,22.07
2000-08-29,22.41
2000-08-30,20.699999
2000-08-31,24.08
2000-09-01,25.06
2000-09-02,19.93
2000-09-03,22.88
2000-09-04,20.66
2000-09-05,18.23
2000-09-06,14.219999
2000-09-07,15.08
2000-09-08,17.48
2000-09-09,21.15
2000-09-10,24.109999
2000-09-11,21.9
2000-09-12,22.5
2000-09-13,24.519999
2000-09-14,25.14
2000-09-15,22.1
2000-09-16,17.77
2000-09-17,19.07
2000-09-18,20.689999
2000-09-19,21.289999
2000-09-20,22.08
2000-09-21,23.449999
2000-09-22,17.779999
2000-09-23,14.809999
2000-09-24,12.63
2000-09-25,14.16
2000-09-26,13.44
2000-09-27,16.619999
2000-09-28,21.41
2000-09-29,21.14
2000-09-30,21.029999
2000-10-01,19.38
2000-10-02,21.59
2000-10-03,24.369999
2000-10-04,21.73
2000-10-05,19.789999
2000-10-06,19.06
2000-10-07,21.17
2000-10-08,16.119999
2000-10-09,15.0199995
2000-10-10,16.17
2000-10-11,17.92
2000-10-12,19.23
2000-10-13,22.32
2000-10-14,22.189999
2000-10-15,22.24
2000-10-16,24.609999
2000-10-17,20.8
2000-10-18,18.82
2000-10-19,11.599999
2000-10-20,11.2
2000-10-21,10.05
2000-10-22,9.639999
2000-10-23,10.61
2000-10-24,17.289999
2000-10-25,16.039999
2000-10-26,18.84
2000-10-27,14.009999
2000-10-28,9.94
2000-10-29,13.99
2000-10-30,16.73
2000-10-31,16.97
2000-11-01,16.529999
2000-11-02,14.88
2000-11-03,14.04
2000-11-04,16.359999
2000-11-05,15.95
2000-11-06,12.57
2000-11-07,14.41
2000-11-08,17.55
2000-11-09,17.14
2000-11-10,14.009999
2000-11-11,11.05
2000-11-12,7.58
2000-11-13,13.57
2000-11-14,16.43
2000-11-15,17.4
2000-11-16,14.549999
2000-11-17,14.969999
2000-11-18,15.62
2000-11-19,13.65
2000-11-20,10.61
2000-11-21,10.0
2000-11-22,10.82
2000-11-23,10.61
2000-11-24,9.26
2000-11-25,7.85
2000-11-26,9.5199995
2000-11-27,9.92
2000-11-28,4.8399997
2000-11-29,2.28
2000-11-30,4.8599997
2000-12-01,4.18
2000-12-02,5.48
2000-12-03,6.12
2000-12-04,5.79
2000-12-05,5.0299997
2000-12-06,2.6
2000-12-07,2.3799999
2000-12-08,5.12
2000-12-09,7.24
2000-12-10,6.77
2000-12-11,7.22
2000-12-12,5.0899997
2000-12-13,7.35
2000-12-14,8.96
2000-12-15,7.35
2000-12-16,8.62
2000-12-17,2.46
2000-12-18,0.19
2000-12-19,0.31
2000-12-20,-3.8
2000-12-21,-4.8199997
2000-12-22,-6.87
2000-12-23,-7.0299997
2000-12-24,-5.08
2000-12-25,-1.67
2000-12-26,5.47
2000-12-27,7.1499996
2000-12-28,9.11
2000-12-29,8.45
2000-12-30,6.15
2000-12-31,6.14
2001-01-01,-0.58
2001-01-02,-0.9
2001-01-03,3.4299998
2001-01-04,4.67
2001-01-05,1.99
2001-01-06,3.02
2001-01-07,9.179999
2001-01-08,10.88
2001-01-09,10.559999
2001-01-10,4.63
2001-01-11,3.85
2001-01-12,2.95
2001-01-13,-3.47
2001-01-14,-6.3399997
2001-01-15,-3.03
2001-01-16,1.42
2001-01-17,3.3899999
2001-01-18,0.97999996
2001-01-19,-1.3
2001-01-20,4.83
2001-01-21,1.68
2001-01-22,0.29
2001-01-23,-1.73
2001-01-24,1.22
2001-01-25,3.48
2001-01-26,5.1099997
2001-01-27,8.04
2001-01-28,6.85
2001-01-29,8.41
2001-01-30,9.09
2001-01-31,7.25
2001-02-01,4.0699997
2001-02-02,1.13
2001-02-03,-1.25
2001-02-04,1.15
2001-02-05,7.5899997
2001-02-06,9.62
2001-02-07,10.78
2001-02-08,11.04
2001-02-09,11.79
2001-02-10,12.009999
2001-02-11,9.28
2001-02-12,5.27
2001-02-13,5.5299997
2001-02-14,3.8
2001-02-15,1.4599999
2001-02-16,8.67
2001-02-17,7.5299997
2001-02-18,3.87
2001-02-19,-0.34
2001-02-20,-1.18
2001-02-21,-0.26
2001-02-22,2.75
2001-02-23,1.52
2001-02-24,4.8199997
2001-02-25,0.34
2001-02-26,2.77
2001-02-27,2.47
2001-02-28,0.11
2001-03-01,4.39
2001-03-02,7.41
2001-03-03,8.28
2001-03-04,16.0
2001-03-05,14.7
2001-03-06,11.2
2001-03-07,5.45
2001-03-08,9.389999
2001-03-09,13.99
2001-03-10,14.309999
2001-03-11,15.059999
2001-03-12,14.65
2001-03-13,15.929999
2001-03-14,14.559999
2001-03-15,9.48
2001-03-16,11.29
2001-03-17,15.139999
2001-03-18,16.35
2001-03-19,13.86
2001-03-20,11.0
2001-03-21,8.16
2001-03-22,9.94
2001-03-23,12.41
2001-03-24,12.679999
2001-03-25,18.779999
2001-03-26,19.07
2001-03-27,13.71
2001-03-28,9.82
2001-03-29,7.5499997
2001-03-30,11.7
2001-03-31,13.94
2001-04-01,8.04
2001-04-02,10.51
2001-04-03,17.8
2001-04-04,17.72
2001-04-05,18.23
2001-04-06,14.9
2001-04-07,15.5
2001-04-08,18.06
2001-04-09,20.189999
2001-04-10,16.72
2001-04-11,18.27
2001-04-12,19.189999
2001-04-13,13.9
2001-04-14,8.559999
2001-04-15,7.7999997
2001-04-16,11.67
2001-04-17,12.429999
2001-04-18,12.91
2001-04-19,14.219999
2001-04-20,16.529999
2001-04-21,19.27
2001-04-22,17.31
2001-04-23,14.88
2001-04-24,12.07
2001-04-25,13.28
2001-04-26,18.39
2001-04-27,18.51
2001-04-28,18.81
2001-04-29,21.14
2001-04-30,20.949999
2001-05-01,23.75
2001-05-02,29.13
2001-05-03,25.519999
2001-05-04,22.07
2001-05-05,20.6
2001-05-06,20.65
2001-05-07,18.89
2001-05-08,20.859999
2001-05-09,18.51
2001-05-10,15.99
2001-05-11,16.05
2001-05-12,15.0199995
2001-05-13,14.9
2001-05-14,19.23
2001-05-15,21.38
2001-05-16,21.65
2001-05-17,23.83
2001-05-18,25.09
2001-05-19,22.199999
2001-05-20,17.109999
2001-05-21,21.99
2001-05-22,18.9
2001-05-23,15.95
2001-05-24,21.96
2001-05-25,22.789999
2001-05-26,21.57
2001-05-27,21.699999
2001-05-28,20.98
2001-05-29,22.49
2001-05-30,21.39
2001-05-31,23.17
2001-06-01,19.67
2001-06-02,17.99
2001-06-03,20.14
2001-06-04,17.93
2001-06-05,14.13
2001-06-06,16.52
2001-06-07,18.279999
2001-06-08,18.539999
2001-06-09,24.67
2001-06-10,27.72
2001-06-11,30.429998
2001-06-12,27.41
2001-06-13,23.269999
2001-06-14,21.21
2001-06-15,20.31
2001-06-16,21.279999
2001-06-17,26.67
2001-06-18,25.74
2001-06-19,22.09
2001-06-20,20.91
2001-06-21,21.82
2001-06-22,22.74
2001-06-23,21.4
2001-06-24,20.58
2001-06-25,23.55
2001-06-26,21.76
2001-06-27,21.58
2001-06-28,22.88
2001-06-29,26.08
2001-06-30,23.99
2001-07-01,23.5
2001-07-02,24.109999
2001-07-03,24.56
2001-07-04,25.76
2001-07-05,24.689999
2001-07-06,22.74
2001-07-07,27.98
2001-07-08,31.34
2001-07-09,28.189999
2001-07-10,27.859999
2001-07-11,27.25
2001-07-12,28.31
2001-07-13,28.3
2001-07-14,29.599998
2001-07-15,29.0
2001-07-16,30.599998
2001-07-17,29.55
2001-07-18,25.039999
2001-07-19,26.619999
2001-07-20,29.66
2001-07-21,28.46
2001-07-22,23.8
2001-07-23,23.68
2001-07-24,25.43
2001-07-25,25.67
2001-07-26,26.789999
2001-07-27,27.46
2001-07-28,26.46
2001-07-29,25.93
2001-07-30,26.24
2001-07-31,27.619999
2001-08-01,27.75
2001-08-02,26.93
2001-08-03,28.76
2001-08-04,30.71
2001-08-05,31.91
2001-08-06,28.279999
2001-08-07,28.099998
2001-08-08,29.869999
2001-08-09,32.23
2001-08-10,33.38
2001-08-11,31.33
2001-08-12,25.029999
2001-08-13,25.33
2001-08-14,25.699999
2001-08-15,27.48
2001-08-16,28.21
2001-08-17,28.63
2001-08-18,28.0
2001-08-19,29.3
2001-08-20,28.439999
2001-08-21,29.06
2001-08-22,28.109999
2001-08-23,28.17
2001-08-24,26.349998
2001-08-25,25.99
2001-08-26,26.75
2001-08-27,27.16
2001-08-28,25.029999
2001-08-29,19.609999
2001-08-30,16.19
2001-08-31,20.48
2001-09-01,25.119999
2001-09-02,25.88
2001-09-03,20.619999
2001-09-04,23.64
2001-09-05,26.05
2001-09-06,21.52
2001-09-07,17.25
2001-09-08,18.72
2001-09-09,21.77
2001-09-10,19.609999
2001-09-11,18.52
2001-09-12,17.09
2001-09-13,16.869999
2001-09-14,20.4
2001-09-15,22.64
2001-09-16,19.699999
2001-09-17,21.1
2001-09-18,23.39
2001-09-19,22.269999
2001-09-20,20.92
2001-09-21,20.199999
2001-09-22,18.9
2001-09-23,19.199999
2001-09-24,24.019999
2001-09-25,22.09
2001-09-26,17.289999
2001-09-27,13.19
2001-09-28,13.48
2001-09-29,15.83
2001-09-30,18.65
2001-10-01,20.68
2001-10-02,20.38
2001-10-03,26.619999
2001-10-04,27.46
2001-10-05,21.97
2001-10-06,18.359999
2001-10-07,18.369999
2001-10-08,20.89
2001-10-09,22.56
2001-10-10,22.63
2001-10-11,20.13
2001-10-12,17.41
2001-10-13,16.0
2001-10-14,18.25
2001-10-15,17.64
2001-10-16,18.24
2001-10-17,15.15
2001-10-18,16.449999
2001-10-19,16.96
2001-10-20,17.98
2001-10-21,16.49
2001-10-22,15.259999
2001-10-23,13.49
2001-10-24,12.599999
2001-10-25,11.07
2001-10-26,12.3
2001-10-27,11.53
2001-10-28,12.04
2001-10-29,11.46
2001-10-30,11.46
2001-10-31,18.199999
2001-11-01,17.01
2001-11-02,9.96
2001-11-03,4.37
2001-11-04,5.87
2001-11-05,10.849999
2001-11-06,11.9
2001-11-07,9.13
2001-11-08,13.29
2001-11-09,14.99
2001-11-10,12.45
2001-11-11,4.49
2001-11-12,8.37
2001-11-13,13.32
2001-11-14,11.94
2001-11-15,6.85
2001-11-16,3.04
2001-11-17,0.48999998
2001-11-18,6.25
2001-11-19,5.3599997
2001-11-20,2.4099998
2001-11-21,1.16
2001-11-22,4.92
2001-11-23,6.75
2001-11-24,3.4399998
2001-11-25,-1.65
2001-11-26,-0.38
2001-11-27,0.04
2001-11-28,3.79
2001-11-29,4.61
2001-11-30,1.4499999
2001-12-01,-0.9
2001-12-02,0.68
2001-12-03,2.33
2001-12-04,-0.44
2001-12-05,-1.4399999
2001-12-06,-0.77
2001-12-07,-4.65
2001-12-08,-7.0499997
2001-12-09,-10.5
2001-12-10,-7.81
2001-12-11,-4.8199997
2001-12-12,-4.77
2001-12-13,-3.77
2001-12-14,-6.1099997
2001-12-15,-8.24
2001-12-16,-7.8199997
2001-12-17,-11.58
2001-12-18,-11.49
2001-12-19,-6.5699997
2001-12-20,-2.1599998
2001-12-21,-2.51
2001-12-22,-1.28
2001-12-23,2.2
2001-12-24,-1.01
2001-12-25,-8.26
2001-12-26,-3.6899998
2001-12-27,-5.04
2001-12-28,-3.49
2001-12-29,1.38
2001-12-30,3.09
2001-12-31,2.09
2002-01-01,-1.61
2002-01-02,-7.0
2002-01-03,-10.16
2002-01-04,-13.46
2002-01-05,-12.15
2002-01-06,-9.82
2002-01-07,-4.21
2002-01-08,-5.7599998
2002-01-09,-1.64
2002-01-10,-2.46
2002-01-11,-0.51
2002-01-12,-1.26
2002-01-13,-0.96999997
2002-01-14,-1.52
2002-01-15,-2.78
2002-01-16,-4.63
2002-01-17,-1.9799999
2002-01-18,-0.04
2002-01-19,-1.54
2002-01-20,0.31
2002-01-21,2.4299998
2002-01-22,5.85
2002-01-23,7.3199997
2002-01-24,6.6
2002-01-25,5.69
2002-01-26,6.19
2002-01-27,8.83
2002-01-28,7.62
2002-01-29,9.9
2002-01-30,9.12
2002-01-31,11.219999
2002-02-01,12.509999
2002-02-02,9.719999
2002-02-03,11.49
2002-02-04,11.42
2002-02-05,11.13
2002-02-06,8.32
2002-02-07,10.03
2002-02-08,10.37
2002-02-09,8.48
2002-02-10,11.08
2002-02-11,8.17
2002-02-12,10.54
2002-02-13,12.69
2002-02-14,8.76
2002-02-15,3.33
2002-02-16,8.78
2002-02-17,11.32
2002-02-18,12.389999
2002-02-19,10.66
2002-02-20,8.36
2002-02-21,9.09
2002-02-22,6.87
2002-02-23,7.8799996
2002-02-24,8.7
2002-02-25,6.45
2002-02-26,7.64
2002-02-27,12.17
2002-02-28,12.13
2002-03-01,12.88
2002-03-02,13.38
2002-03-03,15.099999
2002-03-04,9.92
2002-03-05,14.66
2002-03-06,18.449999
2002-03-07,18.13
2002-03-08,15.71
2002-03-09,13.78
2002-03-10,12.639999
2002-03-11,11.889999
2002-03-12,12.69
2002-03-13,18.34
2002-03-14,18.23
2002-03-15,18.939999
2002-03-16,11.929999
2002-03-17,15.33
2002-03-18,11.469999
2002-03-19,11.86
2002-03-20,9.24
2002-03-21,9.849999
2002-03-22,12.59
2002-03-23,10.01
2002-03-24,5.0899997
2002-03-25,7.8599997
2002-03-26,6.79
2002-03-27,5.93
2002-03-28,8.21
2002-03-29,8.92
2002-03-30,15.0
2002-03-31,18.93
2002-04-01,17.46
2002-04-02,16.89
2002-04-03,13.71
2002-04-04,11.96
2002-04-05,10.83
2002-04-06,8.7699995
2002-04-07,3.02
2002-04-08,3.31
2002-04-09,8.0
2002-04-10,10.95
2002-04-11,15.549999
2002-04-12,10.2699995
2002-04-13,14.45
2002-04-14,14.99
2002-04-15,16.18
2002-04-16,17.8
2002-04-17,17.59
2002-04-18,16.57
2002-04-19,15.719999
2002-04-20,15.929999
2002-04-21,16.52
2002-04-22,16.02
2002-04-23,15.32
2002-04-24,16.6
2002-04-25,15.559999
2002-04-26,18.22
2002-04-27,19.689999
2002-04-28,17.46
2002-04-29,18.289999
2002-04-30,18.34
2002-05-01,19.58
2002-05-02,23.06
2002-05-03,24.119999
2002-05-04,23.25
2002-05-05,19.35
2002-05-06,19.8
2002-05-07,21.98
2002-05-08,23.48
2002-05-09,21.58
2002-05-10,23.269999
2002-05-11,22.0
2002-05-12,22.939999
2002-05-13,22.74
2002-05-14,23.21
2002-05-15,22.48
2002-05-16,20.189999
2002-05-17,25.41
2002-05-18,26.0
2002-05-19,24.6
2002-05-20,21.06
2002-05-21,16.66
2002-05-22,22.22
2002-05-23,22.91
2002-05-24,26.609999
2002-05-25,27.64
2002-05-26,28.08
2002-05-27,25.09
2002-05-28,24.869999
2002-05-29,24.439999
2002-05-30,20.97
2002-05-31,21.5
2002-06-01,19.71
2002-06-02,16.72
2002-06-03,16.92
2002-06-04,18.52
2002-06-05,20.199999
2002-06-06,22.14
2002-06-07,24.82
2002-06-08,22.14
2002-06-09,26.88
2002-06-10,24.18
2002-06-11,21.15
2002-06-12,24.49
2002-06-13,25.8
2002-06-14,27.5
2002-06-15,26.05
2002-06-16,29.41
2002-06-17,24.35
2002-06-18,23.199999
2002-06-19,26.279999
2002-06-20,28.88
2002-06-21,32.0
2002-06-22,30.029999
2002-06-23,31.06
2002-06-24,30.869999
2002-06-25,28.68
2002-06-26,22.41
2002-06-27,24.519999
2002-06-28,28.05
2002-06-29,25.82
2002-06-30,22.46
2002-07-01,24.35
2002-07-02,26.099998
2002-07-03,30.82
2002-07-04,32.32
2002-07-05,26.9
2002-07-06,27.41
2002-07-07,30.06
2002-07-08,28.71
2002-07-09,27.66
2002-07-10,29.689999
2002-07-11,31.429998
2002-07-12,29.769999
2002-07-13,28.43
2002-07-14,28.869999
2002-07-15,29.33
2002-07-16,32.23
2002-07-17,29.859999
2002-07-18,27.949999
2002-07-19,27.019999
2002-07-20,27.63
2002-07-21,24.869999
2002-07-22,25.439999
2002-07-23,22.02
2002-07-24,23.08
2002-07-25,24.13
2002-07-26,21.689999
2002-07-27,24.019999
2002-07-28,26.289999
2002-07-29,25.289999
2002-07-30,26.099998
2002-07-31,26.47
2002-08-01,27.59
2002-08-02,27.869999
2002-08-03,26.49
2002-08-04,26.93
2002-08-05,27.16
2002-08-06,25.72
2002-08-07,24.74
2002-08-08,23.01
2002-08-09,22.439999
2002-08-10,22.21
2002-08-11,24.64
2002-08-12,23.98
2002-08-13,22.09
2002-08-14,21.289999
2002-08-15,21.8
2002-08-16,22.38
2002-08-17,23.43
2002-08-18,24.97
2002-08-19,22.68
2002-08-20,23.71
2002-08-21,23.97
2002-08-22,25.18
2002-08-23,25.73
2002-08-24,26.269999
2002-08-25,26.55
2002-08-26,25.01
2002-08-27,23.74
2002-08-28,23.51
2002-08-29,23.939999
2002-08-30,24.789999
2002-08-31,23.76
2002-09-01,26.099998
2002-09-02,24.789999
2002-09-03,25.59
2002-09-04,23.58
2002-09-05,22.22
2002-09-06,24.9
2002-09-07,25.619999
2002-09-08,23.93
2002-09-09,24.539999
2002-09-10,23.26
2002-09-11,21.039999
2002-09-12,15.9
2002-09-13,15.349999
2002-09-14,15.36
2002-09-15,19.029999
2002-09-16,16.01
2002-09-17,15.71
2002-09-18,15.78
2002-09-19,17.88
2002-09-20,20.369999
2002-09-21,20.84
2002-09-22,19.369999
2002-09-23,20.81
2002-09-24,19.539999
2002-09-25,19.609999
2002-09-26,17.38
2002-09-27,15.9
2002-09-28,15.87
2002-09-29,13.929999
2002-09-30,12.88
2002-10-01,11.54
2002-10-02,11.71
2002-10-03,16.4
2002-10-04,18.59
2002-10-05,14.44
2002-10-06,14.28
2002-10-07,12.54
2002-10-08,11.86
2002-10-09,12.58
2002-10-10,13.719999
2002-10-11,14.0
2002-10-12,13.5
2002-10-13,14.349999
2002-10-14,12.099999
2002-10-15,13.58
2002-10-16,17.82
2002-10-17,19.1
2002-10-18,22.18
2002-10-19,15.94
2002-10-20,9.969999
2002-10-21,13.84
2002-10-22,17.0
2002-10-23,19.47
2002-10-24,18.5
2002-10-25,13.41
2002-10-26,14.03
2002-10-27,14.11
2002-10-28,12.639999
2002-10-29,8.46
2002-10-30,9.33
2002-10-31,9.809999
2002-11-01,7.58
2002-11-02,11.01
2002-11-03,9.679999
2002-11-04,6.23
2002-11-05,6.6299996
2002-11-06,2.82
2002-11-07,2.69
2002-11-08,7.1299996
2002-11-09,4.56
2002-11-10,2.87
2002-11-11,3.06
2002-11-12,8.21
2002-11-13,6.27
2002-11-14,10.62
2002-11-15,11.9
2002-11-16,15.65
2002-11-17,16.699999
2002-11-18,13.91
2002-11-19,12.98
2002-11-20,10.38
2002-11-21,8.679999
2002-11-22,9.73
2002-11-23,9.37
2002-11-24,8.61
2002-11-25,7.75
2002-11-26,10.44
2002-11-27,9.23
2002-11-28,8.54
2002-11-29,7.5099998
2002-11-30,8.37
2002-12-01,5.18
2002-12-02,2.23
2002-12-03,4.35
2002-12-04,4.97
2002-12-05,4.5699997
2002-12-06,3.01
2002-12-07,-0.64
2002-12-08,-5.97
2002-12-09,-12.9
2002-12-10,-8.46
2002-12-11,-10.51
2002-12-12,-7.1
2002-12-13,-4.29
2002-12-14,-2.37
2002-12-15,-3.23
2002-12-16,-2.35
2002-12-17,-1.01
2002-12-18,-0.82
2002-12-19,-3.6699998
2002-12-20,-6.33
2002-12-21,-5.8199997
2002-12-22,0.0
2002-12-23,0.099999994
2002-12-24,-2.69
2002-12-25,-9.05
2002-12-26,-7.5099998
2002-12-27,-6.0499997
2002-12-28,0.64
2002-12-29,3.6299999
2002-12-30,4.79
2002-12-31,7.0099998
2003-01-01,3.36
2003-01-02,1.5999999
2003-01-03,6.02
2003-01-04,6.04
2003-01-05,3.29
2003-01-06,1.06
2003-01-07,0.35999998
2003-01-08,-0.21
2003-01-09,-6.0299997
2003-01-10,-0.26
2003-01-11,-2.48
2003-01-12,-6.71
2003-01-13,-9.95
2003-01-14,-5.67
2003-01-15,1.5999999
2003-01-16,1.2099999
2003-01-17,0.48999998
2003-01-18,0.38
2003-01-19,0.39
2003-01-20,2.29
2003-01-21,-0.53999996
2003-01-22,1.73
2003-01-23,4.36
2003-01-24,5.1099997
2003-01-25,1.39
2003-01-26,1.43
2003-01-27,-1.14
2003-01-28,1.5799999
2003-01-29,3.3999999
2003-01-30,0.9
2003-01-31,0.21
2003-02-01,0.48999998
2003-02-02,-0.98999995
2003-02-03,-3.6599998
2003-02-04,-2.02
2003-02-05,5.94
2003-02-06,1.8
2003-02-07,-1.75
2003-02-08,-4.2599998
2003-02-09,-2.36
2003-02-10,-1.2099999
2003-02-11,-0.95
2003-02-12,-4.5099998
2003-02-13,-5.0699997
2003-02-14,-5.67
2003-02-15,-3.25
2003-02-16,2.59
2003-02-17,-4.04
2003-02-18,-4.81
2003-02-19,-3.1699998
2003-02-20,-3.54
2003-02-21,-1.12
2003-02-22,-5.8199997
2003-02-23,-4.73
2003-02-24,-2.8799999
2003-02-25,-1.8199999
2003-02-26,-1.9399999
2003-02-27,2.1
2003-02-28,4.94
2003-03-01,8.05
2003-03-02,6.74
2003-03-03,5.33
2003-03-04,6.43
2003-03-05,6.6
2003-03-06,2.56
2003-03-07,2.44
2003-03-08,2.71
2003-03-09,5.27
2003-03-10,6.06
2003-03-11,6.16
2003-03-12,10.28
2003-03-13,7.7999997
2003-03-14,0.03
2003-03-15,2.83
2003-03-16,3.57
2003-03-17,4.83
2003-03-18,3.27
2003-03-19,5.3399997
2003-03-20,6.5899997
2003-03-21,2.97
2003-03-22,0.049999997
2003-03-23,-2.56
2003-03-24,3.6999998
2003-03-25,8.75
2003-03-26,11.309999
2003-03-27,12.599999
2003-03-28,15.179999
2003-03-29,14.839999
2003-03-30,11.42
2003-03-31,13.95
2003-04-01,10.71
2003-04-02,12.54
2003-04-03,14.36
2003-04-04,16.13
2003-04-05,9.15
2003-04-06,4.39
2003-04-07,4.2799997
2003-04-08,3.35
2003-04-09,6.56
2003-04-10,8.9
2003-04-11,16.17
2003-04-12,14.719999
2003-04-13,12.17
2003-04-14,13.059999
2003-04-15,17.18
2003-04-16,14.0199995
2003-04-17,13.53
2003-04-18,10.809999
2003-04-19,9.2
2003-04-20,15.08
2003-04-21,15.469999
2003-04-22,14.96
2003-04-23,15.88
2003-04-24,16.76
2003-04-25,15.73
2003-04-26,17.539999
2003-04-27,15.549999
2003-04-28,16.89
2003-04-29,19.73
2003-04-30,24.46
2003-05-01,27.4
2003-05-02,27.029999
2003-05-03,28.39
2003-05-04,23.72
2003-05-05,26.71
2003-05-06,26.47
2003-05-07,26.26
2003-05-08,28.949999
2003-05-09,30.01
2003-05-10,30.5
2003-05-11,29.25
2003-05-12,29.55
2003-05-13,27.869999
2003-05-14,29.66
2003-05-15,24.689999
2003-05-16,19.98
2003-05-17,19.949999
2003-05-18,21.189999
2003-05-19,23.539999
2003-05-20,26.5
2003-05-21,26.55
2003-05-22,24.05
2003-05-23,24.81
2003-05-24,26.099998
2003-05-25,23.25
2003-05-26,20.17
2003-05-27,25.519999
2003-05-28,25.43
2003-05-29,25.599998
2003-05-30,23.99
2003-05-31,26.599998
2003-06-01,25.859999
2003-06-02,24.949999
2003-06-03,24.92
2003-06-04,25.9
2003-06-05,29.0
2003-06-06,28.75
2003-06-07,28.279999
2003-06-08,28.16
2003-06-09,29.64
2003-06-10,28.76
2003-06-11,28.88
2003-06-12,30.46
2003-06-13,29.99
2003-06-14,28.73
2003-06-15,26.349998
2003-06-16,23.029999
2003-06-17,21.539999
2003-06-18,23.46
2003-06-19,22.09
2003-06-20,24.48
2003-06-21,22.84
2003-06-22,22.67
2003-06-23,26.099998
2003-06-24,30.59
2003-06-25,28.15
2003-06-26,23.41
2003-06-27,23.189999
2003-06-28,24.31
2003-06-29,26.97
2003-06-30,28.38
2003-07-01,30.189999
2003-07-02,32.3
2003-07-03,28.5
2003-07-04,27.42
2003-07-05,24.699999
2003-07-06,22.39
2003-07-07,21.56
2003-07-08,20.56
2003-07-09,22.18
2003-07-10,23.34
2003-07-11,23.06
2003-07-12,22.529999
2003-07-13,23.859999
2003-07-14,19.71
2003-07-15,21.76
2003-07-16,23.82
2003-07-17,25.3
2003-07-18,27.939999
2003-07-19,26.109999
2003-07-20,28.3
2003-07-21,27.39
2003-07-22,30.34
2003-07-23,29.26
2003-07-24,25.58
2003-07-25,25.01
2003-07-26,24.38
2003-07-27,29.64
2003-07-28,28.49
2003-07-29,28.33
2003-07-30,24.189999
2003-07-31,24.91
2003-08-01,25.5
2003-08-02,27.93
2003-08-03,28.55
2003-08-04,26.23
2003-08-05,27.24
2003-08-06,27.63
2003-08-07,26.51
2003-08-08,26.93
2003-08-09,26.9
2003-08-10,25.16
2003-08-11,22.38
2003-08-12,21.96
2003-08-13,26.099998
2003-08-14,30.88
2003-08-15,32.84
2003-08-16,28.05
2003-08-17,28.269999
2003-08-18,30.9
2003-08-19,31.06
2003-08-20,29.17
2003-08-21,26.89
2003-08-22,27.98
2003-08-23,30.019999
2003-08-24,28.99
2003-08-25,26.189999
2003-08-26,26.449999
2003-08-27,26.5
2003-08-28,28.89
2003-08-29,30.91
2003-08-30,31.5
2003-08-31,27.09
2003-09-01,22.279999
2003-09-02,18.939999
2003-09-03,17.93
2003-09-04,15.179999
2003-09-05,17.119999
2003-09-06,18.369999
2003-09-07,19.67
2003-09-08,20.6
2003-09-09,22.529999
2003-09-10,20.71
2003-09-11,18.23
2003-09-12,17.35
2003-09-13,16.21
2003-09-14,14.5199995
2003-09-15,16.369999
2003-09-16,17.74
2003-09-17,19.81
2003-09-18,20.48
2003-09-19,21.93
2003-09-20,24.55
2003-09-21,28.91
2003-09-22,28.97
2003-09-23,27.449999
2003-09-24,24.439999
2003-09-25,18.72
2003-09-26,16.92
2003-09-27,17.71
2003-09-28,20.72
2003-09-29,22.07
2003-09-30,19.779999
2003-10-01,19.73
2003-10-02,20.67
2003-10-03,21.3
2003-10-04,21.63
2003-10-05,21.4
2003-10-06,19.13
2003-10-07,14.19
2003-10-08,16.06
2003-10-09,13.15
2003-10-10,11.0199995
2003-10-11,14.65
2003-10-12,14.0
2003-10-13,11.5199995
2003-10-14,12.07
2003-10-15,11.29
2003-10-16,8.97
2003-10-17,6.3399997
2003-10-18,6.7999997
2003-10-19,5.5
2003-10-20,10.86
2003-10-21,16.47
2003-10-22,15.36
2003-10-23,13.83
2003-10-24,11.86
2003-10-25,6.97
2003-10-26,3.51
2003-10-27,6.08
2003-10-28,2.25
2003-10-29,7.25
2003-10-30,7.9199996
2003-10-31,11.809999
2003-11-01,13.059999
2003-11-02,18.96
2003-11-03,15.259999
2003-11-04,12.12
2003-11-05,9.4
2003-11-06,4.52
2003-11-07,8.48
2003-11-08,10.36
2003-11-09,7.06
2003-11-10,1.0799999
2003-11-11,1.1999999
2003-11-12,3.3799999
2003-11-13,7.1
2003-11-14,8.26
2003-11-15,6.8199997
2003-11-16,6.96
2003-11-17,9.469999
2003-11-18,9.21
2003-11-19,9.969999
2003-11-20,11.65
2003-11-21,10.32
2003-11-22,9.42
2003-11-23,9.45
2003-11-24,7.8799996
2003-11-25,7.0499997
2003-11-26,7.7
2003-11-27,9.71
2003-11-28,12.23
2003-11-29,11.33
2003-11-30,8.57
2003-12-01,8.559999
2003-12-02,3.7099998
2003-12-03,2.86
2003-12-04,3.61
2003-12-05,2.74
2003-12-06,4.25
2003-12-07,3.3799999
2003-12-08,-1.26
2003-12-09,-0.099999994
2003-12-10,3.01
2003-12-11,4.21
2003-12-12,3.1799998
2003-12-13,1.99
2003-12-14,2.3899999
2003-12-15,5.6
2003-12-16,0.049999997
2003-12-17,-4.24
2003-12-18,-4.5
2003-12-19,0.26999998
2003-12-20,3.9099998
2003-12-21,2.11
2003-12-22,7.16
2003-12-23,5.25
2003-12-24,-1.53
2003-12-25,-3.56
2003-12-26,-5.5899997
2003-12-27,-3.8
2003-12-28,-1.3299999
2003-12-29,-0.76
2003-12-30,-1.17
2003-12-31,1.1
2004-01-01,3.6499999
2004-01-02,3.6599998
2004-01-03,3.1999998
2004-01-04,-1.0799999
2004-01-05,-3.28
2004-01-06,-8.84
2004-01-07,-10.95
2004-01-08,-6.6099997
2004-01-09,-3.12
2004-01-10,-1.9699999
2004-01-11,-2.08
2004-01-12,-2.32
2004-01-13,-0.01
2004-01-14,4.7999997
2004-01-15,3.28
2004-01-16,2.87
2004-01-17,0.39999998
2004-01-18,4.2599998
2004-01-19,0.34
2004-01-20,1.9799999
2004-01-21,2.56
2004-01-22,-6.02
2004-01-23,-9.99
2004-01-24,-7.8999996
2004-01-25,-4.7799997
2004-01-26,-5.95
2004-01-27,-7.02
2004-01-28,-0.63
2004-01-29,2.5
2004-01-30,-1.7099999
2004-01-31,-2.6399999
2004-02-01,0.29
2004-02-02,6.5299997
2004-02-03,5.12
2004-02-04,4.06
2004-02-05,9.05
2004-02-06,10.7
2004-02-07,13.969999
2004-02-08,11.88
2004-02-09,4.69
2004-02-10,2.07
2004-02-11,0.26999998
2004-02-12,-2.83
2004-02-13,-10.66
2004-02-14,-8.08
2004-02-15,-4.56
2004-02-16,-1.39
2004-02-17,-0.87
2004-02-18,4.95
2004-02-19,4.04
2004-02-20,-2.4099998
2004-02-21,-5.8199997
2004-02-22,-0.19999999
2004-02-23,5.91
2004-02-24,10.49
2004-02-25,4.15
2004-02-26,4.5099998
2004-02-27,9.57
2004-02-28,10.719999
2004-02-29,11.059999
2004-03-01,6.06
2004-03-02,5.73
2004-03-03,3.1299999
2004-03-04,1.22
2004-03-05,-3.07
2004-03-06,-3.6399999
2004-03-07,1.24
2004-03-08,6.43
2004-03-09,6.72
2004-03-10,4.62
2004-03-11,6.02
2004-03-12,2.1499999
2004-03-13,7.6499996
2004-03-14,8.57
2004-03-15,10.91
2004-03-16,11.349999
2004-03-17,12.88
2004-03-18,16.01
2004-03-19,17.869999
2004-03-20,17.619999
2004-03-21,16.98
2004-03-22,16.94
2004-03-23,16.42
2004-03-24,14.57
2004-03-25,8.65
2004-03-26,8.12
2004-03-27,10.679999
2004-03-28,7.5
2004-03-29,6.6499996
2004-03-30,9.42
2004-03-31,14.549999
2004-04-01,15.19
2004-04-02,11.92
2004-04-03,10.48
2004-04-04,13.59
2004-04-05,14.53
2004-04-06,14.74
2004-04-07,15.17
2004-04-08,13.98
2004-04-09,12.7
2004-04-10,15.44
2004-04-11,17.25
2004-04-12,17.42
2004-04-13,14.42
2004-04-14,12.05
2004-04-15,12.24
2004-04-16,17.08
2004-04-17,15.94
2004-04-18,16.52
2004-04-19,14.78
2004-04-20,14.309999
2004-04-21,17.46
2004-04-22,17.33
2004-04-23,17.0
2004-04-24,18.76
2004-04-25,17.74
2004-04-26,17.85
2004-04-27,15.61
2004-04-28,16.85
2004-04-29,20.16
2004-04-30,21.529999
2004-05-01,22.119999
2004-05-02,20.529999
2004-05-03,20.42
2004-05-04,21.31
2004-05-05,19.59
2004-05-06,19.08
2004-05-07,17.38
2004-05-08,17.67
2004-05-09,15.82
2004-05-10,16.869999
2004-05-11,18.05
2004-05-12,18.529999
2004-05-13,16.699999
2004-05-14,15.25
2004-05-15,15.9
2004-05-16,16.81
2004-05-17,16.25
2004-05-18,17.05
2004-05-19,20.32
2004-05-20,21.64
2004-05-21,24.55
2004-05-22,22.51
2004-05-23,17.8
2004-05-24,14.69
2004-05-25,13.75
2004-05-26,16.82
2004-05-27,20.13
2004-05-28,22.33
2004-05-29,21.3
2004-05-30,20.359999
2004-05-31,18.5
2004-06-01,21.32
2004-06-02,22.14
2004-06-03,20.23
2004-06-04,17.81
2004-06-05,17.67
2004-06-06,19.88
2004-06-07,20.65
2004-06-08,22.199999
2004-06-09,24.359999
2004-06-10,22.0
2004-06-11,23.07
2004-06-12,25.68
2004-06-13,26.439999
2004-06-14,21.14
2004-06-15,23.439999
2004-06-16,23.88
2004-06-17,20.76
2004-06-18,21.85
2004-06-19,23.539999
2004-06-20,26.619999
2004-06-21,25.83
2004-06-22,25.16
2004-06-23,25.23
2004-06-24,25.18
2004-06-25,26.99
2004-06-26,24.47
2004-06-27,22.84
2004-06-28,24.9
2004-06-29,25.25
2004-06-30,21.289999
2004-07-01,22.43
2004-07-02,25.189999
2004-07-03,23.63
2004-07-04,25.23
2004-07-05,28.15
2004-07-06,28.439999
2004-07-07,25.8
2004-07-08,28.789999
2004-07-09,32.91
2004-07-10,31.3
2004-07-11,25.189999
2004-07-12,23.99
2004-07-13,20.33
2004-07-14,18.74
2004-07-15,17.8
2004-07-16,19.83
2004-07-17,24.75
2004-07-18,26.76
2004-07-19,28.41
2004-07-20,29.31
2004-07-21,30.429998
2004-07-22,29.269999
2004-07-23,30.15
2004-07-24,25.83
2004-07-25,27.22
2004-07-26,26.98
2004-07-27,26.47
2004-07-28,23.73
2004-07-29,22.96
2004-07-30,23.17
2004-07-31,24.41
2004-08-01,26.68
2004-08-02,25.3
2004-08-03,23.8
2004-08-04,22.07
2004-08-05,25.49
2004-08-06,26.15
2004-08-07,26.279999
2004-08-08,24.47
2004-08-09,23.97
2004-08-10,23.039999
2004-08-11,25.13
2004-08-12,26.199999
2004-08-13,28.82
2004-08-14,24.97
2004-08-15,20.99
2004-08-16,23.07
2004-08-17,23.68
2004-08-18,28.019999
2004-08-19,27.189999
2004-08-20,28.66
2004-08-21,28.32
2004-08-22,25.269999
2004-08-23,21.24
2004-08-24,23.72
2004-08-25,26.71
2004-08-26,27.279999
2004-08-27,22.96
2004-08-28,19.17
2004-08-29,24.519999
2004-08-30,25.66
2004-08-31,25.14
2004-09-01,24.59
2004-09-02,25.119999
2004-09-03,25.64
2004-09-04,23.519999
2004-09-05,22.08
2004-09-06,21.9
2004-09-07,23.06
2004-09-08,21.91
2004-09-09,15.16
2004-09-10,14.049999
2004-09-11,17.97
2004-09-12,23.73
2004-09-13,24.109999
2004-09-14,25.949999
2004-09-15,25.24
2004-09-16,25.369999
2004-09-17,19.279999
2004-09-18,17.74
2004-09-19,20.55
2004-09-20,21.0
2004-09-21,22.769999
2004-09-22,17.55
2004-09-23,15.74
2004-09-24,19.48
2004-09-25,19.6
2004-09-26,19.859999
2004-09-27,21.109999
2004-09-28,17.88
2004-09-29,17.46
2004-09-30,17.43
2004-10-01,14.75
2004-10-02,15.5199995
2004-10-03,15.809999
2004-10-04,16.71
2004-10-05,17.66
2004-10-06,20.58
2004-10-07,21.25
2004-10-08,21.27
2004-10-09,19.81
2004-10-10,15.49
2004-10-11,13.82
2004-10-12,8.71
2004-10-13,9.44
2004-10-14,11.29
2004-10-15,13.08
2004-10-16,16.01
2004-10-17,18.67
2004-10-18,16.49
2004-10-19,15.33
2004-10-20,13.74
2004-10-21,16.14
2004-10-22,15.599999
2004-10-23,17.859999
2004-10-24,16.6
2004-10-25,21.39
2004-10-26,19.26
2004-10-27,18.19
2004-10-28,20.77
2004-10-29,17.97
2004-10-30,20.369999
2004-10-31,19.91
2004-11-01,18.3
2004-11-02,18.869999
2004-11-03,14.349999
2004-11-04,14.38
2004-11-05,13.21
2004-11-06,12.74
2004-11-07,8.04
2004-11-08,11.17
2004-11-09,12.349999
2004-11-10,9.639999
2004-11-11,10.7
2004-11-12,8.48
2004-11-13,11.059999
2004-11-14,13.69
2004-11-15,8.71
2004-11-16,5.0899997
2004-11-17,4.19
2004-11-18,9.55
2004-11-19,9.94
2004-11-20,8.09
2004-11-21,-0.11
2004-11-22,-1.7099999
2004-11-23,6.24
2004-11-24,4.96
2004-11-25,-3.59
2004-11-26,0.41
2004-11-27,4.35
2004-11-28,5.21
2004-11-29,5.94
2004-11-30,7.31
2004-12-01,7.69
2004-12-02,8.74
2004-12-03,12.16
2004-12-04,9.04
2004-12-05,2.95
2004-12-06,4.44
2004-12-07,1.74
2004-12-08,2.34
2004-12-09,0.84999996
2004-12-10,-1.56
2004-12-11,-0.03
2004-12-12,1.06
2004-12-13,-0.76
2004-12-14,-1.52
2004-12-15,-1.66
2004-12-16,1.18
2004-12-17,1.17
2004-12-18,5.96
2004-12-19,5.81
2004-12-20,0.87
2004-12-21,-1.4699999
2004-12-22,-3.1
2004-12-23,-4.02
2004-12-24,0.94
2004-12-25,5.64
2004-12-26,5.8399997
2004-12-27,8.67
2004-12-28,6.85
2004-12-29,4.31
2004-12-30,1.7099999
2004-12-31,-0.21
2005-01-01,0.56
2005-01-02,2.08
2005-01-03,3.28
2005-01-04,2.81
2005-01-05,5.48
2005-01-06,5.62
2005-01-07,4.49
2005-01-08,8.71
2005-01-09,7.6299996
2005-01-10,7.6699996
2005-01-11,7.7599998
2005-01-12,7.24
2005-01-13,3.8999999
2005-01-14,3.58
2005-01-15,-0.35999998
2005-01-16,-0.78
2005-01-17,-1.79
2005-01-18,-6.45
2005-01-19,-1.86
2005-01-20,0.21
2005-01-21,4.47
2005-01-22,3.76
2005-01-23,0.7
2005-01-24,-1.11
2005-01-25,2.29
2005-01-26,4.79
2005-01-27,3.6499999
2005-01-28,0.65999997
2005-01-29,-0.77
2005-01-30,-1.4599999
2005-01-31,-4.27
2005-02-01,-3.3999999
2005-02-02,-1.51
2005-02-03,-4.88
2005-02-04,-3.48
2005-02-05,-5.02
2005-02-06,-7.6699996
2005-02-07,-5.74
2005-02-08,-6.8999996
2005-02-09,-5.2799997
2005-02-10,-7.2999997
2005-02-11,-5.23
2005-02-12,0.53999996
2005-02-13,3.27
2005-02-14,4.97
2005-02-15,7.5
2005-02-16,6.0099998
2005-02-17,4.1
2005-02-18,1.3199999
2005-02-19,0.21
2005-02-20,1.9499999
2005-02-21,2.81
2005-02-22,5.67
2005-02-23,5.45
2005-02-24,5.47
2005-02-25,4.0699997
2005-02-26,4.99
2005-02-27,3.3
2005-02-28,-2.6799998
2005-03-01,-4.44
2005-03-02,-3.83
2005-03-03,0.38
2005-03-04,2.78
2005-03-05,6.0699997
2005-03-06,6.5099998
2005-03-07,2.24
2005-03-08,0.32999998
2005-03-09,-1.06
2005-03-10,-1.88
2005-03-11,-3.11
2005-03-12,4.68
2005-03-13,6.94
2005-03-14,5.81
2005-03-15,9.59
2005-03-16,10.15
2005-03-17,14.009999
2005-03-18,15.04
2005-03-19,11.94
2005-03-20,3.36
2005-03-21,2.57
2005-03-22,3.09
2005-03-23,6.89
2005-03-24,12.469999
2005-03-25,13.15
2005-03-26,15.469999
2005-03-27,15.99
2005-03-28,13.62
2005-03-29,10.45
2005-03-30,7.73
2005-03-31,7.23
2005-04-01,7.8199997
2005-04-02,7.5499997
2005-04-03,8.82
2005-04-04,11.91
2005-04-05,15.7
2005-04-06,16.55
2005-04-07,16.58
2005-04-08,16.949999
2005-04-09,15.99
2005-04-10,19.99
2005-04-11,15.9
2005-04-12,14.9
2005-04-13,17.75
2005-04-14,15.78
2005-04-15,15.78
2005-04-16,17.27
2005-04-17,21.33
2005-04-18,15.7699995
2005-04-19,13.75
2005-04-20,17.83
2005-04-21,15.299999
2005-04-22,12.54
2005-04-23,10.48
2005-04-24,13.219999
2005-04-25,15.99
2005-04-26,18.029999
2005-04-27,15.48
2005-04-28,16.619999
2005-04-29,13.15
2005-04-30,16.119999
2005-05-01,16.58
2005-05-02,19.1
2005-05-03,20.23
2005-05-04,21.13
2005-05-05,18.619999
2005-05-06,18.44
2005-05-07,15.2
2005-05-08,16.15
2005-05-09,14.24
2005-05-10,15.719999
2005-05-11,14.67
2005-05-12,15.549999
2005-05-13,15.969999
2005-05-14,18.05
2005-05-15,17.08
2005-05-16,18.279999
2005-05-17,20.5
2005-05-18,21.82
2005-05-19,22.039999
2005-05-20,18.05
2005-05-21,19.539999
2005-05-22,21.77
2005-05-23,22.74
2005-05-24,24.84
2005-05-25,22.82
2005-05-26,24.119999
2005-05-27,24.35
2005-05-28,25.9
2005-05-29,29.24
2005-05-30,26.439999
2005-05-31,26.609999
2005-06-01,19.32
2005-06-02,18.1
2005-06-03,19.529999
2005-06-04,22.92
2005-06-05,25.439999
2005-06-06,18.64
2005-06-07,17.93
2005-06-08,16.84
2005-06-09,19.01
2005-06-10,17.35
2005-06-11,16.369999
2005-06-12,18.6
2005-06-13,23.21
2005-06-14,24.529999
2005-06-15,26.699999
2005-06-16,27.689999
2005-06-17,28.14
2005-06-18,25.98
2005-06-19,21.14
2005-06-20,20.74
2005-06-21,21.609999
2005-06-22,22.18
2005-06-23,21.67
2005-06-24,20.6
2005-06-25,25.17
2005-06-26,27.09
2005-06-27,24.789999
2005-06-28,23.93
2005-06-29,25.99
2005-06-30,23.4
2005-07-01,25.5
2005-07-02,23.039999
2005-07-03,20.6
2005-07-04,21.49
2005-07-05,24.029999
2005-07-06,21.33
2005-07-07,20.57
2005-07-08,25.24
2005-07-09,26.72
2005-07-10,23.96
2005-07-11,25.439999
2005-07-12,22.779999
2005-07-13,20.74
2005-07-14,21.439999
2005-07-15,23.55
2005-07-16,25.51
2005-07-17,26.01
2005-07-18,25.14
2005-07-19,28.15
2005-07-20,25.64
2005-07-21,23.789999
2005-07-22,23.779999
2005-07-23,24.689999
2005-07-24,24.38
2005-07-25,21.66
2005-07-26,27.49
2005-07-27,31.75
2005-07-28,30.679998
2005-07-29,30.929998
2005-07-30,29.63
2005-07-31,31.5
2005-08-01,32.73
2005-08-02,29.22
2005-08-03,29.55
2005-08-04,29.4
2005-08-05,26.18
2005-08-06,24.82
2005-08-07,22.89
2005-08-08,20.68
2005-08-09,19.64
2005-08-10,23.41
2005-08-11,23.42
2005-08-12,23.859999
2005-08-13,26.019999
2005-08-14,22.64
2005-08-15,26.109999
2005-08-16,25.84
2005-08-17,23.92
2005-08-18,21.56
2005-08-19,20.91
2005-08-20,19.88
2005-08-21,21.05
2005-08-22,23.91
2005-08-23,22.41
2005-08-24,22.779999
2005-08-25,20.949999
2005-08-26,22.039999
2005-08-27,24.359999
2005-08-28,25.939999
2005-08-29,26.43
2005-08-30,26.16
2005-08-31,26.09
2005-09-01,24.85
2005-09-02,22.1
2005-09-03,19.359999
2005-09-04,22.24
2005-09-05,21.93
2005-09-06,23.859999
2005-09-07,24.439999
2005-09-08,25.99
2005-09-09,26.31
2005-09-10,25.539999
2005-09-11,25.42
2005-09-12,24.55
2005-09-13,24.31
2005-09-14,21.539999
2005-09-15,21.74
2005-09-16,22.609999
2005-09-17,22.4
2005-09-18,21.41
2005-09-19,15.78
2005-09-20,14.299999
2005-09-21,16.48
2005-09-22,16.869999
2005-09-23,17.27
2005-09-24,17.01
2005-09-25,18.38
2005-09-26,20.39
2005-09-27,21.24
2005-09-28,19.199999
2005-09-29,19.72
2005-09-30,19.73
2005-10-01,17.5
2005-10-02,18.02
2005-10-03,19.91
2005-10-04,19.84
2005-10-05,19.27
2005-10-06,19.14
2005-10-07,19.529999
2005-10-08,20.67
2005-10-09,18.939999
2005-10-10,14.219999
2005-10-11,15.559999
2005-10-12,13.0199995
2005-10-13,12.929999
2005-10-14,10.86
2005-10-15,12.75
2005-10-16,11.0
2005-10-17,6.66
2005-10-18,7.48
2005-10-19,9.29
2005-10-20,9.16
2005-10-21,11.66
2005-10-22,17.6
2005-10-23,20.06
2005-10-24,18.3
2005-10-25,17.71
2005-10-26,19.09
2005-10-27,17.89
2005-10-28,14.429999
2005-10-29,9.309999
2005-10-30,9.11
2005-10-31,9.24
2005-11-01,6.98
2005-11-02,9.09
2005-11-03,8.62
2005-11-04,9.94
2005-11-05,8.59
2005-11-06,12.139999
2005-11-07,13.4
2005-11-08,12.259999
2005-11-09,11.69
2005-11-10,9.49
2005-11-11,7.2799997
2005-11-12,5.2
2005-11-13,6.58
2005-11-14,5.52
2005-11-15,5.85
2005-11-16,9.66
2005-11-17,10.82
2005-11-18,8.37
2005-11-19,3.4399998
2005-11-20,-0.21
2005-11-21,-1.9399999
2005-11-22,-0.81
2005-11-23,-3.76
2005-11-24,2.4199998
2005-11-25,5.96
2005-11-26,4.46
2005-11-27,6.17
2005-11-28,9.45
2005-11-29,6.6499996
2005-11-30,5.96
2005-12-01,5.47
2005-12-02,4.33
2005-12-03,4.3199997
2005-12-04,5.0899997
2005-12-05,3.1299999
2005-12-06,5.0699997
2005-12-07,7.89
2005-12-08,6.71
2005-12-09,2.05
2005-12-10,-0.38
2005-12-11,-1.8299999
2005-12-12,-3.9299998
2005-12-13,0.52
2005-12-14,0.53
2005-12-15,2.19
2005-12-16,2.23
2005-12-17,0.42999998
2005-12-18,-1.99
2005-12-19,-5.12
2005-12-20,-5.83
2005-12-21,-2.28
2005-12-22,-3.85
2005-12-23,-3.58
2005-12-24,-3.6799998
2005-12-25,-0.28
2005-12-26,2.0
2005-12-27,5.64
2005-12-28,6.92
2005-12-29,8.04
2005-12-30,8.88
2005-12-31,2.97
2006-01-01,0.22999999
2006-01-02,3.09
2006-01-03,3.81
2006-01-04,2.57
2006-01-05,1.93
2006-01-06,0.06
2006-01-07,-2.9099998
2006-01-08,-6.71
2006-01-09,-3.1599998
2006-01-10,-2.7
2006-01-11,-5.0899997
2006-01-12,-5.44
2006-01-13,-6.96
2006-01-14,-5.31
2006-01-15,-4.71
2006-01-16,-2.97
2006-01-17,-0.93
2006-01-18,-1.38
2006-01-19,1.9399999
2006-01-20,-4.71
2006-01-21,-1.7099999
2006-01-22,-1.53
2006-01-23,-8.51
2006-01-24,-15.41
2006-01-25,-13.46
2006-01-26,-9.94
2006-01-27,-8.01
2006-01-28,-3.99
2006-01-29,-2.59
2006-01-30,-1.28
2006-01-31,-0.089999996
2006-02-01,1.37
2006-02-02,2.3999999
2006-02-03,-0.61
2006-02-04,0.68
2006-02-05,-0.45
2006-02-06,-5.04
2006-02-07,-6.23
2006-02-08,-3.23
2006-02-09,0.02
2006-02-10,0.22
2006-02-11,0.13
2006-02-12,-1.18
2006-02-13,-5.17
2006-02-14,-4.98
2006-02-15,-4.44
2006-02-16,-3.3999999
2006-02-17,5.95
2006-02-18,9.19
2006-02-19,9.66
2006-02-20,7.8599997
2006-02-21,7.62
2006-02-22,7.2599998
2006-02-23,4.22
2006-02-24,1.04
2006-02-25,0.93
2006-02-26,3.4299998
2006-02-27,2.04
2006-02-28,2.18
2006-03-01,4.27
2006-03-02,3.6399999
2006-03-03,3.6899998
2006-03-04,7.66
2006-03-05,9.4
2006-03-06,9.12
2006-03-07,5.67
2006-03-08,-2.37
2006-03-09,-2.07
2006-03-10,7.1499996
2006-03-11,7.6499996
2006-03-12,5.94
2006-03-13,4.7799997
2006-03-14,4.64
2006-03-15,5.69
2006-03-16,4.46
2006-03-17,5.8199997
2006-03-18,4.95
2006-03-19,2.97
2006-03-20,7.7599998
2006-03-21,11.219999
2006-03-22,12.2699995
2006-03-23,10.54
2006-03-24,7.2999997
2006-03-25,8.63
2006-03-26,10.09
2006-03-27,12.349999
2006-03-28,13.79
2006-03-29,14.559999
2006-03-30,9.66
2006-03-31,13.99
2006-04-01,14.86
2006-04-02,15.42
2006-04-03,15.53
2006-04-04,14.54
2006-04-05,13.59
2006-04-06,14.58
2006-04-07,12.4
2006-04-08,11.36
2006-04-09,13.87
2006-04-10,14.0199995
2006-04-11,16.539999
2006-04-12,15.599999
2006-04-13,11.92
2006-04-14,12.83
2006-04-15,13.719999
2006-04-16,13.049999
2006-04-17,14.65
2006-04-18,16.84
2006-04-19,15.009999
2006-04-20,16.119999
2006-04-21,17.949999
2006-04-22,18.89
2006-04-23,19.27
2006-04-24,19.02
2006-04-25,20.199999
2006-04-26,19.82
2006-04-27,19.15
2006-04-28,16.73
2006-04-29,15.809999
2006-04-30,17.1
2006-05-01,16.14
2006-05-02,17.279999
2006-05-03,16.88
2006-05-04,16.869999
2006-05-05,15.309999
2006-05-06,17.56
2006-05-07,15.009999
2006-05-08,16.21
2006-05-09,17.73
2006-05-10,18.279999
2006-05-11,15.98
2006-05-12,17.68
2006-05-13,20.189999
2006-05-14,20.699999
2006-05-15,20.5
2006-05-16,20.8
2006-05-17,23.14
2006-05-18,18.43
2006-05-19,22.68
2006-05-20,21.92
2006-05-21,23.07
2006-05-22,25.83
2006-05-23,27.23
2006-05-24,29.859999
2006-05-25,25.119999
2006-05-26,19.15
2006-05-27,19.42
2006-05-28,19.77
2006-05-29,19.539999
2006-05-30,22.51
2006-05-31,21.539999
2006-06-01,18.65
2006-06-02,18.4
2006-06-03,21.26
2006-06-04,20.5
2006-06-05,15.679999
2006-06-06,17.51
2006-06-07,19.359999
2006-06-08,18.98
2006-06-09,18.65
2006-06-10,20.279999
2006-06-11,21.279999
2006-06-12,21.58
2006-06-13,19.439999
2006-06-14,18.51
2006-06-15,17.65
2006-06-16,22.48
2006-06-17,24.74
2006-06-18,27.15
2006-06-19,26.63
2006-06-20,27.06
2006-06-21,25.84
2006-06-22,24.91
2006-06-23,26.24
2006-06-24,25.48
2006-06-25,26.609999
2006-06-26,29.33
2006-06-27,30.119999
2006-06-28,29.75
2006-06-29,30.84
2006-06-30,31.24
2006-07-01,27.05
2006-07-02,22.73
2006-07-03,23.039999
2006-07-04,23.91
2006-07-05,26.289999
2006-07-06,27.74
2006-07-07,27.269999
2006-07-08,27.47
2006-07-09,27.09
2006-07-10,25.81
2006-07-11,25.109999
2006-07-12,25.269999
2006-07-13,25.35
2006-07-14,25.8
2006-07-15,24.289999
2006-07-16,20.09
2006-07-17,19.49
2006-07-18,21.68
2006-07-19,25.57
2006-07-20,28.38
2006-07-21,28.689999
2006-07-22,28.59
2006-07-23,28.23
2006-07-24,29.21
2006-07-25,30.55
2006-07-26,28.48
2006-07-27,30.21
2006-07-28,29.51
2006-07-29,29.84
2006-07-30,30.73
2006-07-31,28.31
2006-08-01,27.96
2006-08-02,29.029999
2006-08-03,26.949999
2006-08-04,29.269999
2006-08-05,27.99
2006-08-06,23.609999
2006-08-07,23.48
2006-08-08,20.72
2006-08-09,23.97
2006-08-10,24.609999
2006-08-11,21.56
2006-08-12,24.47
2006-08-13,27.58
2006-08-14,26.119999
2006-08-15,24.41
2006-08-16,23.32
2006-08-17,28.779999
2006-08-18,30.439999
2006-08-19,30.13
2006-08-20,32.7
2006-08-21,28.859999
2006-08-22,24.3
2006-08-23,23.449999
2006-08-24,23.06
2006-08-25,25.21
2006-08-26,23.74
2006-08-27,23.06
2006-08-28,21.52
2006-08-29,20.31
2006-08-30,18.19
2006-08-31,16.98
2006-09-01,18.619999
2006-09-02,19.25
2006-09-03,21.47
2006-09-04,25.74
2006-09-05,23.89
2006-09-06,21.17
2006-09-07,24.359999
2006-09-08,25.84
2006-09-09,20.71
2006-09-10,21.34
2006-09-11,22.16
2006-09-12,22.89
2006-09-13,23.279999
2006-09-14,23.289999
2006-09-15,23.59
2006-09-16,23.15
2006-09-17,22.96
2006-09-18,23.05
2006-09-19,21.0
2006-09-20,21.9
2006-09-21,21.789999
2006-09-22,18.66
2006-09-23,18.18
2006-09-24,20.66
2006-09-25,21.57
2006-09-26,21.13
2006-09-27,19.73
2006-09-28,19.25
2006-09-29,20.619999
2006-09-30,20.32
2006-10-01,21.63
2006-10-02,22.51
2006-10-03,23.109999
2006-10-04,27.13
2006-10-05,25.279999
2006-10-06,19.84
2006-10-07,16.46
2006-10-08,14.38
2006-10-09,16.4
2006-10-10,17.41
2006-10-11,17.74
2006-10-12,18.21
2006-10-13,17.17
2006-10-14,15.41
2006-10-15,12.3
2006-10-16,9.75
2006-10-17,7.16
2006-10-18,12.389999
2006-10-19,16.75
2006-10-20,16.82
2006-10-21,16.81
2006-10-22,16.6
2006-10-23,21.189999
2006-10-24,21.31
2006-10-25,18.869999
2006-10-26,17.15
2006-10-27,20.92
2006-10-28,19.55
2006-10-29,16.27
2006-10-30,15.53
2006-10-31,10.13
2006-11-01,10.88
2006-11-02,6.79
2006-11-03,3.11
2006-11-04,-1.38
2006-11-05,5.67
2006-11-06,6.94
2006-11-07,10.889999
2006-11-08,11.88
2006-11-09,12.36
2006-11-10,10.389999
2006-11-11,3.8799999
2006-11-12,8.3
2006-11-13,6.8999996
2006-11-14,8.5199995
2006-11-15,12.0
2006-11-16,13.09
2006-11-17,10.62
2006-11-18,9.88
2006-11-19,9.36
2006-11-20,7.8599997
2006-11-21,7.52
2006-11-22,8.79
2006-11-23,9.22
2006-11-24,10.61
2006-11-25,12.139999
2006-11-26,8.57
2006-11-27,7.0699997
2006-11-28,6.16
2006-11-29,6.67
2006-11-30,6.5699997
2006-12-01,6.27
2006-12-02,6.02
2006-12-03,3.11
2006-12-04,3.26
2006-12-05,4.0499997
2006-12-06,6.3999996
2006-12-07,6.2
2006-12-08,8.599999
2006-12-09,5.58
2006-12-10,5.14
2006-12-11,4.11
2006-12-12,1.41
2006-12-13,1.91
2006-12-14,1.81
2006-12-15,7.93
2006-12-16,10.42
2006-12-17,8.63
2006-12-18,7.0499997
2006-12-19,4.79
2006-12-20,1.3399999
2006-12-21,-1.8299999
2006-12-22,0.84
2006-12-23,2.76
2006-12-24,2.72
2006-12-25,1.51
2006-12-26,-3.58
2006-12-27,-2.9399998
2006-12-28,-1.4
2006-12-29,-1.09
2006-12-30,-2.5
2006-12-31,0.26
2007-01-01,7.0899997
2007-01-02,8.25
2007-01-03,4.4
2007-01-04,0.9
2007-01-05,2.69
2007-01-06,5.49
2007-01-07,9.139999
2007-01-08,8.72
2007-01-09,6.3999996
2007-01-10,8.5
2007-01-11,10.53
2007-01-12,9.21
2007-01-13,8.09
2007-01-14,10.0
2007-01-15,7.8599997
2007-01-16,6.6499996
2007-01-17,8.36
2007-01-18,10.65
2007-01-19,11.75
2007-01-20,8.0
2007-01-21,12.429999
2007-01-22,11.33
2007-01-23,11.17
2007-01-24,11.54
2007-01-25,7.1499996
2007-01-26,3.4499998
2007-01-27,0.74
2007-01-28,-1.13
2007-01-29,6.3199997
2007-01-30,2.49
2007-01-31,2.05
2007-02-01,5.25
2007-02-02,2.18
2007-02-03,-0.59
2007-02-04,0.56
2007-02-05,0.53999996
2007-02-06,5.0699997
2007-02-07,8.51
2007-02-08,12.15
2007-02-09,13.38
2007-02-10,10.98
2007-02-11,10.929999
2007-02-12,10.96
2007-02-13,9.05
2007-02-14,8.42
2007-02-15,9.4
2007-02-16,7.47
2007-02-17,3.9499998
2007-02-18,4.9
2007-02-19,5.3599997
2007-02-20,6.47
2007-02-21,8.849999
2007-02-22,7.99
2007-02-23,8.46
2007-02-24,2.53
2007-02-25,2.51
2007-02-26,5.73
2007-02-27,4.3399997
2007-02-28,4.63
2007-03-01,10.84
2007-03-02,11.79
2007-03-03,11.849999
2007-03-04,9.87
2007-03-05,7.25
2007-03-06,11.05
2007-03-07,13.04
2007-03-08,12.36
2007-03-09,11.65
2007-03-10,11.54
2007-03-11,10.58
2007-03-12,11.509999
2007-03-13,10.849999
2007-03-14,10.599999
2007-03-15,12.799999
2007-03-16,11.469999
2007-03-17,12.79
2007-03-18,11.969999
2007-03-19,14.74
2007-03-20,16.64
2007-03-21,13.94
2007-03-22,11.59
2007-03-23,11.95
2007-03-24,9.349999
2007-03-25,11.84
2007-03-26,11.259999
2007-03-27,11.599999
2007-03-28,10.55
2007-03-29,10.26
2007-03-30,11.21
2007-03-31,12.559999
2007-04-01,14.0
2007-04-02,14.69
2007-04-03,11.7699995
2007-04-04,14.549999
2007-04-05,10.84
2007-04-06,13.54
2007-04-07,14.24
2007-04-08,14.429999
2007-04-09,14.62
2007-04-10,15.67
2007-04-11,13.309999
2007-04-12,17.72
2007-04-13,19.08
2007-04-14,18.9
2007-04-15,17.14
2007-04-16,14.099999
2007-04-17,15.87
2007-04-18,15.719999
2007-04-19,12.61
2007-04-20,14.71
2007-04-21,15.78
2007-04-22,15.38
2007-04-23,17.59
2007-04-24,18.56
2007-04-25,18.21
2007-04-26,18.14
2007-04-27,18.56
2007-04-28,19.85
2007-04-29,19.84
2007-04-30,16.3
2007-05-01,15.48
2007-05-02,13.2699995
2007-05-03,16.72
2007-05-04,18.789999
2007-05-05,19.21
2007-05-06,22.67
2007-05-07,21.9
2007-05-08,21.76
2007-05-09,17.99
2007-05-10,19.23
2007-05-11,23.71
2007-05-12,24.5
2007-05-13,24.56
2007-05-14,25.06
2007-05-15,26.939999
2007-05-16,26.07
2007-05-17,23.539999
2007-05-18,22.67
2007-05-19,22.02
2007-05-20,25.72
2007-05-21,27.609999
2007-05-22,27.43
2007-05-23,25.47
2007-05-24,27.449999
2007-05-25,28.73
2007-05-26,29.59
2007-05-27,28.93
2007-05-28,26.84
2007-05-29,24.359999
2007-05-30,24.26
2007-05-31,22.0
2007-06-01,20.289999
2007-06-02,23.59
2007-06-03,27.9
2007-06-04,26.439999
2007-06-05,26.58
2007-06-06,25.09
2007-06-07,25.41
2007-06-08,25.74
2007-06-09,25.24
2007-06-10,25.58
2007-06-11,24.6
2007-06-12,24.64
2007-06-13,26.199999
2007-06-14,27.539999
2007-06-15,27.39
2007-06-16,26.64
2007-06-17,24.71
2007-06-18,28.05
2007-06-19,27.24
2007-06-20,26.039999
2007-06-21,28.039999
2007-06-22,29.09
2007-06-23,28.689999
2007-06-24,27.05
2007-06-25,29.849998
2007-06-26,34.13
2007-06-27,28.68
2007-06-28,24.019999
2007-06-29,21.72
2007-06-30,23.56
2007-07-01,26.119999
2007-07-02,28.96
2007-07-03,29.099998
2007-07-04,30.21
2007-07-05,26.519999
2007-07-06,20.71
2007-07-07,25.439999
2007-07-08,27.05
2007-07-09,29.029999
2007-07-10,31.75
2007-07-11,26.24
2007-07-12,22.8
2007-07-13,21.32
2007-07-14,24.539999
2007-07-15,27.539999
2007-07-16,32.54
2007-07-17,34.17
2007-07-18,35.01
2007-07-19,36.01
2007-07-20,35.77
2007-07-21,33.63
2007-07-22,36.0
2007-07-23,35.64
2007-07-24,37.25
2007-07-25,32.37
2007-07-26,27.33
2007-07-27,31.07
2007-07-28,31.74
2007-07-29,32.63
2007-07-30,31.96
2007-07-31,25.09
2007-08-01,18.74
2007-08-02,22.869999
2007-08-03,28.8
2007-08-04,27.599998
2007-08-05,23.47
2007-08-06,24.939999
2007-08-07,22.98
2007-08-08,22.26
2007-08-09,25.769999
2007-08-10,25.599998
2007-08-11,26.38
2007-08-12,23.97
2007-08-13,25.359999
2007-08-14,23.56
2007-08-15,24.26
2007-08-16,27.74
2007-08-17,31.14
2007-08-18,27.939999
2007-08-19,26.72
2007-08-20,28.31
2007-08-21,29.63
2007-08-22,31.92
2007-08-23,35.2
2007-08-24,36.35
2007-08-25,34.14
2007-08-26,27.93
2007-08-27,24.14
2007-08-28,26.49
2007-08-29,23.67
2007-08-30,26.93
2007-08-31,24.699999
2007-09-01,22.83
2007-09-02,21.539999
2007-09-03,20.109999
2007-09-04,22.9
2007-09-05,23.72
2007-09-06,19.5
2007-09-07,17.85
2007-09-08,14.75
2007-09-09,18.02
2007-09-10,16.88
2007-09-11,19.64
2007-09-12,16.91
2007-09-13,17.13
2007-09-14,18.46
2007-09-15,18.97
2007-09-16,16.0
2007-09-17,23.019999
2007-09-18,23.34
2007-09-19,20.91
2007-09-20,15.25
2007-09-21,15.089999
2007-09-22,17.16
2007-09-23,19.23
2007-09-24,21.039999
2007-09-25,19.84
2007-09-26,21.439999
2007-09-27,20.96
2007-09-28,22.74
2007-09-29,22.619999
2007-09-30,22.699999
2007-10-01,21.07
2007-10-02,21.41
2007-10-03,21.949999
2007-10-04,20.08
2007-10-05,20.85
2007-10-06,17.23
2007-10-07,14.839999
2007-10-08,16.289999
2007-10-09,15.66
2007-10-10,16.46
2007-10-11,17.5
2007-10-12,17.359999
2007-10-13,15.48
2007-10-14,6.6299996
2007-10-15,8.05
2007-10-16,13.75
2007-10-17,18.81
2007-10-18,17.94
2007-10-19,16.039999
2007-10-20,9.9
2007-10-21,10.679999
2007-10-22,12.05
2007-10-23,13.82
2007-10-24,11.25
2007-10-25,12.0199995
2007-10-26,8.7699995
2007-10-27,12.82
2007-10-28,12.67
2007-10-29,11.0199995
2007-10-30,11.79
2007-10-31,12.799999
2007-11-01,10.099999
2007-11-02,9.0
2007-11-03,8.46
2007-11-04,9.9
2007-11-05,6.3399997
2007-11-06,1.67
2007-11-07,3.9399998
2007-11-08,3.99
2007-11-09,5.93
2007-11-10,5.27
2007-11-11,0.83
2007-11-12,3.02
2007-11-13,2.99
2007-11-14,2.76
2007-11-15,7.02
2007-11-16,6.14
2007-11-17,4.7599998
2007-11-18,5.56
2007-11-19,3.47
2007-11-20,4.18
2007-11-21,2.84
2007-11-22,6.04
2007-11-23,8.0199995
2007-11-24,6.7599998
2007-11-25,6.8399997
2007-11-26,6.3199997
2007-11-27,1.4399999
2007-11-28,-1.5799999
2007-11-29,-1.89
2007-11-30,2.59
2007-12-01,1.81
2007-12-02,4.2599998
2007-12-03,6.1
2007-12-04,5.64
2007-12-05,0.91999996
2007-12-06,2.28
2007-12-07,5.21
2007-12-08,2.19
2007-12-09,2.85
2007-12-10,5.72
2007-12-11,5.02
2007-12-12,6.6499996
2007-12-13,0.88
2007-12-14,-3.83
2007-12-15,-3.35
2007-12-16,-2.74
2007-12-17,-4.9
2007-12-18,-4.16
2007-12-19,-6.15
2007-12-20,-3.97
2007-12-21,-4.72
2007-12-22,-5.3399997
2007-12-23,-5.72
2007-12-24,-4.72
2007-12-25,-2.48
2007-12-26,-2.76
2007-12-27,-2.8999999
2007-12-28,-3.77
2007-12-29,-4.04
2007-12-30,-4.5499997
2007-12-31,-3.3899999
2008-01-01,-1.43
2008-01-02,-3.7099998
2008-01-03,-5.17
2008-01-04,-7.45
2008-01-05,-7.5
2008-01-06,-2.32
2008-01-07,0.32999998
2008-01-08,-1.9399999
2008-01-09,-3.29
2008-01-10,-3.23
2008-01-11,-4.49
2008-01-12,-3.8799999
2008-01-13,-1.22
2008-01-14,-0.71
2008-01-15,-0.35
2008-01-16,-1.25
2008-01-17,1.02
2008-01-18,1.65
2008-01-19,2.11
2008-01-20,3.81
2008-01-21,7.52
2008-01-22,6.3999996
2008-01-23,2.8899999
2008-01-24,-2.32
2008-01-25,0.81
2008-01-26,2.74
2008-01-27,4.64
2008-01-28,-0.90999997
2008-01-29,-2.84
2008-01-30,-1.4399999
2008-01-31,0.71999997
2008-02-01,5.0499997
2008-02-02,6.21
2008-02-03,8.98
2008-02-04,6.99
2008-02-05,9.429999
2008-02-06,6.92
2008-02-07,4.61
2008-02-08,4.48
2008-02-09,3.3999999
2008-02-10,0.93
2008-02-11,3.03
2008-02-12,5.5499997
2008-02-13,1.99
2008-02-14,0.88
2008-02-15,-0.14999999
2008-02-16,-3.1599998
2008-02-17,-7.43
2008-02-18,-0.84
2008-02-19,1.1999999
2008-02-20,6.77
2008-02-21,8.66
2008-02-22,8.33
2008-02-23,11.12
2008-02-24,9.82
2008-02-25,15.48
2008-02-26,13.389999
2008-02-27,15.509999
2008-02-28,12.21
2008-02-29,10.389999
2008-03-01,13.73
2008-03-02,12.37
2008-03-03,13.49
2008-03-04,14.49
2008-03-05,10.51
2008-03-06,7.6099997
2008-03-07,11.03
2008-03-08,10.25
2008-03-09,9.9
2008-03-10,9.599999
2008-03-11,13.4
2008-03-12,14.299999
2008-03-13,12.809999
2008-03-14,10.32
2008-03-15,10.09
2008-03-16,13.7699995
2008-03-17,15.03
2008-03-18,12.9
2008-03-19,9.22
2008-03-20,8.74
2008-03-21,6.74
2008-03-22,11.059999
2008-03-23,14.099999
2008-03-24,16.49
2008-03-25,12.58
2008-03-26,6.5
2008-03-27,9.49
2008-03-28,10.55
2008-03-29,13.15
2008-03-30,11.69
2008-03-31,8.73
2008-04-01,9.48
2008-04-02,12.889999
2008-04-03,14.65
2008-04-04,12.67
2008-04-05,12.599999
2008-04-06,12.38
2008-04-07,14.28
2008-04-08,17.27
2008-04-09,19.279999
2008-04-10,16.779999
2008-04-11,19.01
2008-04-12,19.35
2008-04-13,17.119999
2008-04-14,16.1
2008-04-15,12.67
2008-04-16,11.4
2008-04-17,13.48
2008-04-18,17.19
2008-04-19,17.14
2008-04-20,19.31
2008-04-21,20.25
2008-04-22,20.59
2008-04-23,16.35
2008-04-24,14.95
2008-04-25,15.95
2008-04-26,14.48
2008-04-27,14.049999
2008-04-28,12.4
2008-04-29,14.08
2008-04-30,17.13
2008-05-01,17.75
2008-05-02,17.42
2008-05-03,16.64
2008-05-04,17.539999
2008-05-05,16.84
2008-05-06,17.039999
2008-05-07,16.24
2008-05-08,16.359999
2008-05-09,15.88
2008-05-10,16.06
2008-05-11,16.81
2008-05-12,17.289999
2008-05-13,19.58
2008-05-14,19.64
2008-05-15,19.88
2008-05-16,19.119999
2008-05-17,21.14
2008-05-18,24.64
2008-05-19,23.47
2008-05-20,24.35
2008-05-21,23.85
2008-05-22,20.68
2008-05-23,17.66
2008-05-24,19.619999
2008-05-25,22.609999
2008-05-26,20.57
2008-05-27,27.369999
2008-05-28,27.72
2008-05-29,24.529999
2008-05-30,26.57
2008-05-31,27.93
2008-06-01,22.83
2008-06-02,20.65
2008-06-03,23.71
2008-06-04,27.75
2008-06-05,22.83
2008-06-06,21.56
2008-06-07,21.96
2008-06-08,20.67
2008-06-09,22.83
2008-06-10,24.519999
2008-06-11,26.26
2008-06-12,25.23
2008-06-13,24.789999
2008-06-14,22.02
2008-06-15,20.42
2008-06-16,20.689999
2008-06-17,25.32
2008-06-18,27.51
2008-06-19,23.779999
2008-06-20,24.98
2008-06-21,26.59
2008-06-22,27.789999
2008-06-23,31.3
2008-06-24,29.949999
2008-06-25,28.349998
2008-06-26,30.09
2008-06-27,27.63
2008-06-28,27.05
2008-06-29,25.66
2008-06-30,28.869999
2008-07-01,27.699999
2008-07-02,26.47
2008-07-03,26.57
2008-07-04,30.38
2008-07-05,25.51
2008-07-06,22.05
2008-07-07,28.49
2008-07-08,29.939999
2008-07-09,24.63
2008-07-10,22.22
2008-07-11,25.23
2008-07-12,29.91
2008-07-13,29.49
2008-07-14,33.079998
2008-07-15,29.67
2008-07-16,19.66
2008-07-17,23.22
2008-07-18,28.46
2008-07-19,26.42
2008-07-20,28.06
2008-07-21,30.33
2008-07-22,27.09
2008-07-23,25.189999
2008-07-24,23.039999
2008-07-25,22.689999
2008-07-26,21.91
2008-07-27,24.82
2008-07-28,26.06
2008-07-29,26.769999
2008-07-30,27.97
2008-07-31,25.939999
2008-08-01,27.96
2008-08-02,29.89
2008-08-03,29.66
2008-08-04,30.5
2008-08-05,30.75
2008-08-06,27.449999
2008-08-07,27.39
2008-08-08,28.49
2008-08-09,28.269999
2008-08-10,23.65
2008-08-11,26.34
2008-08-12,29.84
2008-08-13,32.829998
2008-08-14,32.98
2008-08-15,32.37
2008-08-16,32.78
2008-08-17,31.4
2008-08-18,26.689999
2008-08-19,27.06
2008-08-20,31.84
2008-08-21,31.23
2008-08-22,30.66
2008-08-23,31.75
2008-08-24,29.15
2008-08-25,24.63
2008-08-26,26.18
2008-08-27,27.31
2008-08-28,27.26
2008-08-29,26.06
2008-08-30,22.26
2008-08-31,21.32
2008-09-01,24.63
2008-09-02,27.26
2008-09-03,26.9
2008-09-04,27.15
2008-09-05,29.75
2008-09-06,30.269999
2008-09-07,31.82
2008-09-08,30.74
2008-09-09,24.38
2008-09-10,24.039999
2008-09-11,24.24
2008-09-12,21.64
2008-09-13,18.66
2008-09-14,18.199999
2008-09-15,15.42
2008-09-16,18.06
2008-09-17,15.37
2008-09-18,12.98
2008-09-19,12.19
2008-09-20,13.49
2008-09-21,15.25
2008-09-22,14.67
2008-09-23,15.08
2008-09-24,16.039999
2008-09-25,15.549999
2008-09-26,13.309999
2008-09-27,13.4
2008-09-28,15.4
2008-09-29,16.26
2008-09-30,17.46
2008-10-01,17.56
2008-10-02,19.57
2008-10-03,20.689999
2008-10-04,22.24
2008-10-05,16.27
2008-10-06,11.58
2008-10-07,14.79
2008-10-08,18.17
2008-10-09,18.029999
2008-10-10,18.89
2008-10-11,17.91
2008-10-12,21.68
2008-10-13,20.09
2008-10-14,19.89
2008-10-15,19.64
2008-10-16,20.35
2008-10-17,18.58
2008-10-18,13.5199995
2008-10-19,16.0
2008-10-20,15.179999
2008-10-21,19.609999
2008-10-22,19.75
2008-10-23,19.25
2008-10-24,12.24
2008-10-25,10.84
2008-10-26,11.01
2008-10-27,10.84
2008-10-28,15.66
2008-10-29,15.63
2008-10-30,17.1
2008-10-31,18.57
2008-11-01,17.869999
2008-11-02,16.84
2008-11-03,17.15
2008-11-04,13.38
2008-11-05,15.589999
2008-11-06,15.559999
2008-11-07,14.7699995
2008-11-08,14.09
2008-11-09,11.63
2008-11-10,9.82
2008-11-11,9.679999
2008-11-12,9.67
2008-11-13,7.5499997
2008-11-14,8.96
2008-11-15,7.44
2008-11-16,10.59
2008-11-17,6.3599997
2008-11-18,3.86
2008-11-19,4.7999997
2008-11-20,6.5699997
2008-11-21,8.16
2008-11-22,7.33
2008-11-23,-2.72
2008-11-24,-0.28
2008-11-25,5.77
2008-11-26,5.16
2008-11-27,0.29
2008-11-28,2.1699998
2008-11-29,4.0699997
2008-11-30,4.48
2008-12-01,6.48
2008-12-02,7.18
2008-12-03,7.3999996
2008-12-04,10.46
2008-12-05,10.55
2008-12-06,8.51
2008-12-07,6.8799996
2008-12-08,3.4399998
2008-12-09,0.53
2008-12-10,1.91
2008-12-11,5.0299997
2008-12-12,3.26
2008-12-13,3.62
2008-12-14,3.6
2008-12-15,3.74
2008-12-16,1.9599999
2008-12-17,3.87
2008-12-18,5.98
2008-12-19,5.9
2008-12-20,2.46
2008-12-21,2.06
2008-12-22,0.29999998
2008-12-23,1.51
2008-12-24,-1.31
2008-12-25,-4.04
2008-12-26,-2.79
2008-12-27,-3.98
2008-12-28,-5.77
2008-12-29,-5.8399997
2008-12-30,-3.56
2008-12-31,-6.18
2009-01-01,-3.1899998
2009-01-02,-1.15
2009-01-03,-3.6499999
2009-01-04,-6.49
2009-01-05,-5.64
2009-01-06,-5.0699997
2009-01-07,-4.83
2009-01-08,-2.11
2009-01-09,-5.7799997
2009-01-10,-4.67
2009-01-11,-2.3799999
2009-01-12,0.26999998
2009-01-13,-0.68
2009-01-14,4.45
2009-01-15,5.16
2009-01-16,2.9099998
2009-01-17,-2.57
2009-01-18,-0.45
2009-01-19,3.6399999
2009-01-20,4.7999997
2009-01-21,4.24
2009-01-22,7.79
2009-01-23,5.79
2009-01-24,5.94
2009-01-25,6.35
2009-01-26,6.64
2009-01-27,4.47
2009-01-28,6.0099998
2009-01-29,4.65
2009-01-30,2.45
2009-01-31,0.75
2009-02-01,3.9399998
2009-02-02,3.21
2009-02-03,5.99
2009-02-04,8.87
2009-02-05,9.7699995
2009-02-06,11.45
2009-02-07,12.559999
2009-02-08,10.74
2009-02-09,7.6099997
2009-02-10,4.7599998
2009-02-11,7.22
2009-02-12,5.02
2009-02-13,2.9099998
2009-02-14,1.03
2009-02-15,1.06
2009-02-16,-0.44
2009-02-17,-0.31
2009-02-18,1.8299999
2009-02-19,2.46
2009-02-20,0.84999996
2009-02-21,-0.51
2009-02-22,-0.85999995
2009-02-23,-1.23
2009-02-24,0.94
2009-02-25,0.48999998
2009-02-26,0.14
2009-02-27,2.49
2009-02-28,2.62
2009-03-01,3.4499998
2009-03-02,5.83
2009-03-03,8.05
2009-03-04,10.969999
2009-03-05,8.639999
2009-03-06,11.17
2009-03-07,11.53
2009-03-08,7.52
2009-03-09,7.74
2009-03-10,8.53
2009-03-11,9.65
2009-03-12,10.01
2009-03-13,7.62
2009-03-14,7.8199997
2009-03-15,7.49
2009-03-16,7.96
2009-03-17,6.5499997
2009-03-18,7.3199997
2009-03-19,6.45
2009-03-20,6.7599998
2009-03-21,7.97
2009-03-22,9.099999
2009-03-23,8.46
2009-03-24,8.96
2009-03-25,6.69
2009-03-26,5.62
2009-03-27,8.84
2009-03-28,12.92
2009-03-29,13.0199995
2009-03-30,17.93
2009-03-31,15.03
2009-04-01,14.13
2009-04-02,16.5
2009-04-03,22.3
2009-04-04,20.24
2009-04-05,21.789999
2009-04-06,20.34
2009-04-07,18.88
2009-04-08,20.029999
2009-04-09,20.17
2009-04-10,20.46
2009-04-11,15.759999
2009-04-12,15.0199995
2009-04-13,16.01
2009-04-14,14.79
2009-04-15,15.83
2009-04-16,15.639999
2009-04-17,17.42
2009-04-18,16.99
2009-04-19,19.199999
2009-04-20,19.1
2009-04-21,19.85
2009-04-22,16.789999
2009-04-23,18.1
2009-04-24,17.91
2009-04-25,13.88
2009-04-26,14.28
2009-04-27,16.32
2009-04-28,17.47
2009-04-29,18.109999
2009-04-30,18.26
2009-05-01,18.44
2009-05-02,17.67
2009-05-03,17.529999
2009-05-04,17.3
2009-05-05,18.46
2009-05-06,17.699999
2009-05-07,17.58
2009-05-08,18.16
2009-05-09,22.38
2009-05-10,24.96
2009-05-11,24.33
2009-05-12,22.96
2009-05-13,18.07
2009-05-14,17.359999
2009-05-15,23.189999
2009-05-16,24.76
2009-05-17,27.99
2009-05-18,26.23
2009-05-19,25.56
2009-05-20,24.59
2009-05-21,25.99
2009-05-22,28.57
2009-05-23,24.5
2009-05-24,22.0
2009-05-25,22.529999
2009-05-26,22.75
2009-05-27,25.0
2009-05-28,23.769999
2009-05-29,19.98
2009-05-30,15.24
2009-05-31,18.75
2009-06-01,20.24
2009-06-02,23.689999
2009-06-03,19.789999
2009-06-04,19.34
2009-06-05,20.85
2009-06-06,22.06
2009-06-07,29.599998
2009-06-08,25.359999
2009-06-09,27.97
2009-06-10,30.029999
2009-06-11,27.769999
2009-06-12,23.92
2009-06-13,18.82
2009-06-14,21.09
2009-06-15,26.07
2009-06-16,29.26
2009-06-17,25.8
2009-06-18,25.09
2009-06-19,27.699999
2009-06-20,28.41
2009-06-21,28.05
2009-06-22,28.39
2009-06-23,23.14
2009-06-24,24.96
2009-06-25,25.49
2009-06-26,25.9
2009-06-27,25.42
2009-06-28,25.449999
2009-06-29,27.5
2009-06-30,26.71
2009-07-01,27.76
2009-07-02,26.07
2009-07-03,27.39
2009-07-04,25.48
2009-07-05,26.59
2009-07-06,27.26
2009-07-07,27.42
2009-07-08,28.75
2009-07-09,25.26
2009-07-10,26.349998
2009-07-11,24.769999
2009-07-12,20.609999
2009-07-13,22.13
2009-07-14,24.109999
2009-07-15,27.699999
2009-07-16,30.88
2009-07-17,28.449999
2009-07-18,31.39
2009-07-19,28.55
2009-07-20,24.07
2009-07-21,25.56
2009-07-22,28.65
2009-07-23,31.869999
2009-07-24,32.62
2009-07-25,31.849998
2009-07-26,25.9
2009-07-27,23.619999
2009-07-28,28.26
2009-07-29,27.689999
2009-07-30,25.96
2009-07-31,26.83
2009-08-01,28.349998
2009-08-02,30.16
2009-08-03,32.59
2009-08-04,32.75
2009-08-05,27.789999
2009-08-06,26.609999
2009-08-07,24.81
2009-08-08,24.31
2009-08-09,22.789999
2009-08-10,24.619999
2009-08-11,25.32
2009-08-12,22.65
2009-08-13,25.769999
2009-08-14,26.51
2009-08-15,25.869999
2009-08-16,27.73
2009-08-17,28.01
2009-08-18,28.9
2009-08-19,27.939999
2009-08-20,26.98
2009-08-21,26.8
2009-08-22,28.17
2009-08-23,26.779999
2009-08-24,23.5
2009-08-25,25.35
2009-08-26,28.24
2009-08-27,29.939999
2009-08-28,27.269999
2009-08-29,28.099998
2009-08-30,24.97
2009-08-31,22.68
2009-09-01,23.21
2009-09-02,22.58
2009-09-03,25.8
2009-09-04,27.41
2009-09-05,29.349998
2009-09-06,21.68
2009-09-07,17.99
2009-09-08,18.83
2009-09-09,24.039999
2009-09-10,24.41
2009-09-11,26.3
2009-09-12,24.539999
2009-09-13,23.42
2009-09-14,22.029999
2009-09-15,23.5
2009-09-16,24.93
2009-09-17,23.1
2009-09-18,23.8
2009-09-19,20.789999
2009-09-20,19.609999
2009-09-21,22.539999
2009-09-22,22.619999
2009-09-23,26.32
2009-09-24,24.63
2009-09-25,22.06
2009-09-26,21.75
2009-09-27,22.189999
2009-09-28,24.98
2009-09-29,21.07
2009-09-30,17.85
2009-10-01,20.43
2009-10-02,19.13
2009-10-03,17.33
2009-10-04,18.64
2009-10-05,20.32
2009-10-06,19.91
2009-10-07,20.71
2009-10-08,22.689999
2009-10-09,23.9
2009-10-10,19.75
2009-10-11,20.42
2009-10-12,16.26
2009-10-13,18.539999
2009-10-14,9.41
2009-10-15,4.0099998
2009-10-16,5.77
2009-10-17,7.43
2009-10-18,10.059999
2009-10-19,10.849999
2009-10-20,10.09
2009-10-21,9.24
2009-10-22,15.41
2009-10-23,18.72
2009-10-24,21.0
2009-10-25,18.789999
2009-10-26,17.24
2009-10-27,15.86
2009-10-28,12.04
2009-10-29,10.36
2009-10-30,7.8399997
2009-10-31,7.3199997
2009-11-01,2.19
2009-11-02,2.99
2009-11-03,2.22
2009-11-04,3.61
2009-11-05,8.01
2009-11-06,12.09
2009-11-07,14.32
2009-11-08,15.559999
2009-11-09,12.5
2009-11-10,13.09
2009-11-11,12.309999
2009-11-12,6.8399997
2009-11-13,6.97
2009-11-14,9.309999
2009-11-15,7.87
2009-11-16,9.0
2009-11-17,11.349999
2009-11-18,12.809999
2009-11-19,11.759999
2009-11-20,11.309999
2009-11-21,9.5
2009-11-22,9.45
2009-11-23,11.889999
2009-11-24,9.76
2009-11-25,9.889999
2009-11-26,12.57
2009-11-27,11.7
2009-11-28,9.099999
2009-11-29,11.059999
2009-11-30,10.5199995
2009-12-01,7.91
2009-12-02,8.78
2009-12-03,6.2
2009-12-04,4.67
2009-12-05,3.81
2009-12-06,2.8999999
2009-12-07,3.32
2009-12-08,3.98
2009-12-09,4.04
2009-12-10,2.53
2009-12-11,1.14
2009-12-12,-0.28
2009-12-13,-1.99
2009-12-14,-2.25
2009-12-15,-0.72999996
2009-12-16,0.089999996
2009-12-17,0.68
2009-12-18,-3.12
2009-12-19,-4.92
2009-12-20,-2.21
2009-12-21,-6.3599997
2009-12-22,-2.29
2009-12-23,4.4
2009-12-24,4.8399997
2009-12-25,6.6299996
2009-12-26,8.28
2009-12-27,3.36
2009-12-28,3.22
2009-12-29,-0.53999996
2009-12-30,4.23
2009-12-31,8.22
2010-01-01,7.0299997
2010-01-02,6.3199997
2010-01-03,3.1299999
2010-01-04,-2.11
2010-01-05,-1.56
2010-01-06,4.69
2010-01-07,8.41
2010-01-08,5.16
2010-01-09,7.7999997
2010-01-10,8.07
2010-01-11,3.97
2010-01-12,0.89
2010-01-13,-0.06
2010-01-14,0.84
2010-01-15,-0.9
2010-01-16,-1.8399999
2010-01-17,-2.6299999
2010-01-18,-0.97999996
2010-01-19,-2.4199998
2010-01-20,-3.6
2010-01-21,-3.76
2010-01-22,-6.04
2010-01-23,-6.8799996
2010-01-24,-10.5199995
2010-01-25,-12.9
2010-01-26,-8.53
2010-01-27,-9.13
2010-01-28,-9.929999
2010-01-29,-4.81
2010-01-30,-0.75
2010-01-31,2.24
2010-02-01,4.0
2010-02-02,-3.21
2010-02-03,-4.8599997
2010-02-04,-1.02
2010-02-05,-3.04
2010-02-06,-0.64
2010-02-07,-1.93
2010-02-08,-1.4499999
2010-02-09,-1.11
2010-02-10,-1.0
2010-02-11,4.63
2010-02-12,4.1
2010-02-13,3.6799998
2010-02-14,0.03
2010-02-15,0.0
2010-02-16,0.79999995
2010-02-17,1.06
2010-02-18,4.98
2010-02-19,7.1499996
2010-02-20,10.32
2010-02-21,8.75
2010-02-22,3.1599998
2010-02-23,7.1
2010-02-24,9.29
2010-02-25,10.07
2010-02-26,7.69
2010-02-27,7.62
2010-02-28,7.25
2010-03-01,11.58
2010-03-02,12.469999
2010-03-03,5.87
2010-03-04,5.99
2010-03-05,3.98
2010-03-06,1.38
2010-03-07,-1.25
2010-03-08,-0.45
2010-03-09,-1.79
2010-03-10,1.8499999
2010-03-11,-0.32999998
2010-03-12,3.97
2010-03-13,3.03
2010-03-14,4.8599997
2010-03-15,5.83
2010-03-16,4.37
2010-03-17,4.63
2010-03-18,8.44
2010-03-19,12.59
2010-03-20,16.17
2010-03-21,17.08
2010-03-22,17.56
2010-03-23,15.429999
2010-03-24,16.46
2010-03-25,17.9
2010-03-26,17.77
2010-03-27,17.88
2010-03-28,13.4
2010-03-29,13.139999
2010-03-30,16.23
2010-03-31,13.75
2010-04-01,12.11
2010-04-02,14.0
2010-04-03,14.09
2010-04-04,16.369999
2010-04-05,14.03
2010-04-06,10.76
2010-04-07,12.98
2010-04-08,14.78
2010-04-09,14.99
2010-04-10,14.889999
2010-04-11,12.33
2010-04-12,14.63
2010-04-13,14.12
2010-04-14,13.67
2010-04-15,12.099999
2010-04-16,13.849999
2010-04-17,14.759999
2010-04-18,17.72
2010-04-19,16.38
2010-04-20,13.73
2010-04-21,15.03
2010-04-22,13.75
2010-04-23,16.9
2010-04-24,16.699999
2010-04-25,18.55
2010-04-26,16.82
2010-04-27,18.97
2010-04-28,16.5
2010-04-29,18.68
2010-04-30,22.67
2010-05-01,22.34
2010-05-02,22.85
2010-05-03,22.73
2010-05-04,23.119999
2010-05-05,22.859999
2010-05-06,18.67
2010-05-07,18.01
2010-05-08,17.6
2010-05-09,18.01
2010-05-10,17.89
2010-05-11,22.06
2010-05-12,21.199999
2010-05-13,20.05
2010-05-14,19.15
2010-05-15,19.0
2010-05-16,20.43
2010-05-17,14.49
2010-05-18,15.929999
2010-05-19,17.15
2010-05-20,19.439999
2010-05-21,20.279999
2010-05-22,20.699999
2010-05-23,21.539999
2010-05-24,22.359999
2010-05-25,22.64
2010-05-26,25.39
2010-05-27,25.65
2010-05-28,24.17
2010-05-29,24.34
2010-05-30,23.539999
2010-05-31,22.93
2010-06-01,19.63
2010-06-02,18.18
2010-06-03,19.22
2010-06-04,19.85
2010-06-05,22.63
2010-06-06,23.039999
2010-06-07,26.5
2010-06-08,26.17
2010-06-09,28.359999
2010-06-10,30.38
2010-06-11,31.429998
2010-06-12,31.83
2010-06-13,31.279999
2010-06-14,27.68
2010-06-15,26.75
2010-06-16,26.8
2010-06-17,22.98
2010-06-18,26.289999
2010-06-19,24.38
2010-06-20,22.56
2010-06-21,26.699999
2010-06-22,23.25
2010-06-23,19.18
2010-06-24,17.56
2010-06-25,18.109999
2010-06-26,19.32
2010-06-27,22.64
2010-06-28,21.689999
2010-06-29,23.6
2010-06-30,24.8
2010-07-01,27.96
2010-07-02,28.09
2010-07-03,26.699999
2010-07-04,23.56
2010-07-05,24.269999
2010-07-06,23.15
2010-07-07,24.08
2010-07-08,23.0
2010-07-09,23.039999
2010-07-10,25.06
2010-07-11,26.949999
2010-07-12,27.47
2010-07-13,26.98
2010-07-14,28.93
2010-07-15,28.609999
2010-07-16,31.42
2010-07-17,31.66
2010-07-18,31.119999
2010-07-19,29.939999
2010-07-20,26.97
2010-07-21,28.58
2010-07-22,27.789999
2010-07-23,28.619999
2010-07-24,30.34
2010-07-25,26.09
2010-07-26,22.75
2010-07-27,23.01
2010-07-28,23.0
2010-07-29,23.14
2010-07-30,27.769999
2010-07-31,29.38
2010-08-01,29.25
2010-08-02,29.099998
2010-08-03,31.23
2010-08-04,29.3
2010-08-05,28.939999
2010-08-06,29.15
2010-08-07,29.32
2010-08-08,29.429998
2010-08-09,28.33
2010-08-10,29.82
2010-08-11,31.689999
2010-08-12,31.609999
2010-08-13,32.649998
2010-08-14,31.289999
2010-08-15,32.96
2010-08-16,31.63
2010-08-17,28.9
2010-08-18,25.39
2010-08-19,27.01
2010-08-20,22.6
2010-08-21,27.39
2010-08-22,27.039999
2010-08-23,28.46
2010-08-24,29.74
2010-08-25,28.689999
2010-08-26,24.67
2010-08-27,32.309998
2010-08-28,28.539999
2010-08-29,22.02
2010-08-30,18.789999
2010-08-31,20.4
2010-09-01,18.1
2010-09-02,16.21
2010-09-03,20.119999
2010-09-04,19.699999
2010-09-05,21.58
2010-09-06,20.01
2010-09-07,17.65
2010-09-08,22.5
2010-09-09,20.16
2010-09-10,21.33
2010-09-11,22.769999
2010-09-12,21.949999
2010-09-13,22.32
2010-09-14,23.32
2010-09-15,23.83
2010-09-16,24.72
2010-09-17,24.16
2010-09-18,22.02
2010-09-19,22.8
2010-09-20,18.24
2010-09-21,17.93
2010-09-22,21.09
2010-09-23,22.02
2010-09-24,23.17
2010-09-25,20.91
2010-09-26,21.66
2010-09-27,20.039999
2010-09-28,20.91
2010-09-29,18.41
2010-09-30,14.62
2010-10-01,11.57
2010-10-02,12.16
2010-10-03,11.219999
2010-10-04,12.96
2010-10-05,10.58
2010-10-06,10.71
2010-10-07,9.88
2010-10-08,6.91
2010-10-09,7.17
2010-10-10,10.7699995
2010-10-11,14.059999
2010-10-12,15.36
2010-10-13,12.809999
2010-10-14,12.9
2010-10-15,12.7699995
2010-10-16,11.13
2010-10-17,13.16
2010-10-18,11.929999
2010-10-19,13.84
2010-10-20,14.049999
2010-10-21,12.59
2010-10-22,9.719999
2010-10-23,12.24
2010-10-24,15.21
2010-10-25,14.24
2010-10-26,14.94
2010-10-27,10.23
2010-10-28,10.17
2010-10-29,10.76
2010-10-30,14.9
2010-10-31,18.77
2010-11-01,17.98
2010-11-02,16.02
2010-11-03,15.46
2010-11-04,16.64
2010-11-05,17.34
2010-11-06,18.33
2010-11-07,16.51
2010-11-08,14.4
2010-11-09,16.6
2010-11-10,19.109999
2010-11-11,16.58
2010-11-12,13.46
2010-11-13,17.789999
2010-11-14,19.869999
2010-11-15,17.06
2010-11-16,17.69
2010-11-17,12.88
2010-11-18,11.65
2010-11-19,10.48
2010-11-20,10.95
2010-11-21,6.08
2010-11-22,7.47
2010-11-23,10.37
2010-11-24,9.599999
2010-11-25,6.23
2010-11-26,5.4
2010-11-27,6.0299997
2010-11-28,5.73
2010-11-29,12.25
2010-11-30,6.58
2010-12-01,2.86
2010-12-02,5.7
2010-12-03,5.6099997
2010-12-04,6.89
2010-12-05,-1.86
2010-12-06,-2.53
2010-12-07,5.1099997
2010-12-08,8.179999
2010-12-09,10.37
2010-12-10,8.86
2010-12-11,-5.6299996
2010-12-12,-3.3
2010-12-13,-0.44
2010-12-14,-1.36
2010-12-15,-5.04
2010-12-16,-5.99
2010-12-17,-3.6899998
2010-12-18,-1.8
2010-12-19,-1.18
2010-12-20,-1.4499999
2010-12-21,4.17
2010-12-22,4.8199997
2010-12-23,3.76
2010-12-24,3.29
2010-12-25,4.87
2010-12-26,4.21
2010-12-27,-0.65
2010-12-28,-3.3
2010-12-29,-9.55
2010-12-30,-9.29
2010-12-31,-9.01
2011-01-01,-2.72
2011-01-02,-1.67
2011-01-03,-2.48
2011-01-04,-6.71
2011-01-05,-6.15
2011-01-06,-6.68
2011-01-07,-2.09
2011-01-08,3.4499998
2011-01-09,6.21
2011-01-10,3.3
2011-01-11,4.08
2011-01-12,2.73
2011-01-13,2.26
2011-01-14,3.26
2011-01-15,6.15
2011-01-16,2.46
2011-01-17,4.2999997
2011-01-18,4.08
2011-01-19,3.02
2011-01-20,3.74
2011-01-21,2.35
2011-01-22,1.4499999
2011-01-23,-1.3199999
2011-01-24,-2.54
2011-01-25,-4.75
2011-01-26,-4.66
2011-01-27,-4.73
2011-01-28,-3.9499998
2011-01-29,-3.3
2011-01-30,-4.4
2011-01-31,-7.64
2011-02-01,-6.8999996
2011-02-02,-2.37
2011-02-03,-3.47
2011-02-04,-1.36
2011-02-05,5.5299997
2011-02-06,7.24
2011-02-07,8.7
2011-02-08,8.84
2011-02-09,4.98
2011-02-10,-0.19
2011-02-11,5.23
2011-02-12,6.1
2011-02-13,-2.5
2011-02-14,-1.76
2011-02-15,-4.5499997
2011-02-16,0.45
2011-02-17,-0.11
2011-02-18,4.89
2011-02-19,4.73
2011-02-20,0.26
2011-02-21,-0.07
2011-02-22,0.53
2011-02-23,1.0799999
2011-02-24,1.02
2011-02-25,3.1699998
2011-02-26,-0.58
2011-02-27,-0.94
2011-02-28,-1.4499999
2011-03-01,3.36
2011-03-02,3.02
2011-03-03,7.3399997
2011-03-04,4.5099998
2011-03-05,8.99
2011-03-06,3.81
2011-03-07,-1.8
2011-03-08,-3.9499998
2011-03-09,-0.84999996
2011-03-10,6.92
2011-03-11,6.6
2011-03-12,12.21
2011-03-13,15.86
2011-03-14,16.18
2011-03-15,18.22
2011-03-16,17.73
2011-03-17,12.73
2011-03-18,10.21
2011-03-19,9.99
2011-03-20,8.74
2011-03-21,8.36
2011-03-22,7.95
2011-03-23,11.2
2011-03-24,12.36
2011-03-25,15.19
2011-03-26,16.609999
2011-03-27,11.55
2011-03-28,10.16
2011-03-29,12.49
2011-03-30,14.65
2011-03-31,15.429999
2011-04-01,15.5
2011-04-02,12.71
2011-04-03,14.15
2011-04-04,13.54
2011-04-05,17.1
2011-04-06,13.5
2011-04-07,17.83
2011-04-08,16.72
2011-04-09,14.57
2011-04-10,9.26
2011-04-11,8.54
2011-04-12,11.49
2011-04-13,13.469999
2011-04-14,11.09
2011-04-15,8.12
2011-04-16,13.96
2011-04-17,15.5199995
2011-04-18,13.74
2011-04-19,17.02
2011-04-20,15.87
2011-04-21,18.82
2011-04-22,18.32
2011-04-23,16.609999
2011-04-24,16.35
2011-04-25,16.35
2011-04-26,17.56
2011-04-27,18.0
2011-04-28,15.5199995
2011-04-29,17.029999
2011-04-30,17.42
2011-05-01,17.31
2011-05-02,16.13
2011-05-03,16.199999
2011-05-04,16.14
2011-05-05,14.34
2011-05-06,11.08
2011-05-07,13.91
2011-05-08,12.29
2011-05-09,17.44
2011-05-10,19.01
2011-05-11,18.69
2011-05-12,18.279999
2011-05-13,19.539999
2011-05-14,20.58
2011-05-15,23.59
2011-05-16,23.47
2011-05-17,21.09
2011-05-18,23.859999
2011-05-19,24.47
2011-05-20,24.48
2011-05-21,24.91
2011-05-22,25.99
2011-05-23,25.949999
2011-05-24,26.8
2011-05-25,25.439999
2011-05-26,24.0
2011-05-27,24.519999
2011-05-28,27.56
2011-05-29,25.06
2011-05-30,25.109999
2011-05-31,22.55
2011-06-01,22.05
2011-06-02,23.17
2011-06-03,24.859999
2011-06-04,26.8
2011-06-05,25.99
2011-06-06,27.23
2011-06-07,26.8
2011-06-08,27.689999
2011-06-09,26.099998
2011-06-10,20.3
2011-06-11,20.34
2011-06-12,20.72
2011-06-13,21.41
2011-06-14,23.359999
2011-06-15,24.92
2011-06-16,25.359999
2011-06-17,25.74
2011-06-18,27.619999
2011-06-19,28.68
2011-06-20,24.42
2011-06-21,24.9
2011-06-22,27.07
2011-06-23,29.31
2011-06-24,30.609999
2011-06-25,22.96
2011-06-26,17.529999
2011-06-27,18.89
2011-06-28,18.029999
2011-06-29,19.01
2011-06-30,20.14
2011-07-01,22.699999
2011-07-02,20.869999
2011-07-03,17.18
2011-07-04,17.789999
2011-07-05,23.9
2011-07-06,23.289999
2011-07-07,23.779999
2011-07-08,29.019999
2011-07-09,31.119999
2011-07-10,31.619999
2011-07-11,31.099998
2011-07-12,30.369999
2011-07-13,27.16
2011-07-14,28.9
2011-07-15,30.92
2011-07-16,32.01
2011-07-17,27.199999
2011-07-18,29.13
2011-07-19,31.279999
2011-07-20,30.07
2011-07-21,24.23
2011-07-22,22.23
2011-07-23,25.039999
2011-07-24,23.23
2011-07-25,26.9
2011-07-26,27.05
2011-07-27,25.63
2011-07-28,28.8
2011-07-29,28.73
2011-07-30,23.58
2011-07-31,20.529999
2011-08-01,22.97
2011-08-02,23.73
2011-08-03,23.56
2011-08-04,24.71
2011-08-05,24.07
2011-08-06,25.949999
2011-08-07,25.539999
2011-08-08,29.72
2011-08-09,29.31
2011-08-10,23.3
2011-08-11,21.09
2011-08-12,26.41
2011-08-13,26.859999
2011-08-14,27.64
2011-08-15,27.349998
2011-08-16,27.539999
2011-08-17,26.13
2011-08-18,27.18
2011-08-19,29.82
2011-08-20,28.89
2011-08-21,26.5
2011-08-22,28.25
2011-08-23,31.439999
2011-08-24,32.059998
2011-08-25,31.07
2011-08-26,29.66
2011-08-27,26.449999
2011-08-28,27.0
2011-08-29,26.849998
2011-08-30,28.23
2011-08-31,27.38
2011-09-01,27.59
2011-09-02,24.38
2011-09-03,25.189999
2011-09-04,26.099998
2011-09-05,27.76
2011-09-06,26.34
2011-09-07,24.38
2011-09-08,23.769999
2011-09-09,20.57
2011-09-10,23.33
2011-09-11,26.83
2011-09-12,30.34
2011-09-13,29.779999
2011-09-14,30.42
2011-09-15,28.72
2011-09-16,25.59
2011-09-17,25.49
2011-09-18,24.56
2011-09-19,24.98
2011-09-20,27.279999
2011-09-21,24.279999
2011-09-22,26.14
2011-09-23,24.779999
2011-09-24,22.64
2011-09-25,23.5
2011-09-26,23.81
2011-09-27,25.599998
2011-09-28,24.51
2011-09-29,21.4
2011-09-30,18.75
2011-10-01,22.529999
2011-10-02,20.369999
2011-10-03,20.189999
2011-10-04,23.539999
2011-10-05,24.63
2011-10-06,24.619999
2011-10-07,22.39
2011-10-08,16.8
2011-10-09,11.07
2011-10-10,11.4
2011-10-11,15.549999
2011-10-12,15.86
2011-10-13,14.21
2011-10-14,10.04
2011-10-15,6.58
2011-10-16,4.37
2011-10-17,4.13
2011-10-18,10.5199995
2011-10-19,15.95
2011-10-20,16.539999
2011-10-21,14.839999
2011-10-22,11.37
2011-10-23,13.33
2011-10-24,12.5199995
2011-10-25,14.17
2011-10-26,13.259999
2011-10-27,16.76
2011-10-28,17.119999
2011-10-29,14.7699995
2011-10-30,15.08
2011-10-31,12.679999
2011-11-01,6.81
2011-11-02,8.37
2011-11-03,9.55
2011-11-04,12.83
2011-11-05,11.58
2011-11-06,12.65
2011-11-07,13.139999
2011-11-08,12.71
2011-11-09,6.7999997
2011-11-10,5.18
2011-11-11,1.25
2011-11-12,2.77
2011-11-13,4.2799997
2011-11-14,1.9499999
2011-11-15,1.6899999
2011-11-16,-1.1
2011-11-17,2.73
2011-11-18,5.7999997
2011-11-19,2.6299999
2011-11-20,3.73
2011-11-21,4.3399997
2011-11-22,2.02
2011-11-23,3.55
2011-11-24,5.33
2011-11-25,0.62
2011-11-26,1.28
2011-11-27,4.38
2011-11-28,7.3799996
2011-11-29,4.2999997
2011-11-30,6.2
2011-12-01,3.97
2011-12-02,4.2599998
2011-12-03,8.679999
2011-12-04,10.37
2011-12-05,11.09
2011-12-06,9.59
2011-12-07,3.5
2011-12-08,2.6399999
2011-12-09,3.85
2011-12-10,6.0699997
2011-12-11,6.91
2011-12-12,6.54
2011-12-13,6.54
2011-12-14,6.21
2011-12-15,5.75
2011-12-16,7.6099997
2011-12-17,6.7
2011-12-18,2.9199998
2011-12-19,1.7099999
2011-12-20,3.01
2011-12-21,1.87
2011-12-22,-2.53
2011-12-23,-2.18
2011-12-24,-5.33
2011-12-25,-0.17999999
2011-12-26,1.0799999
2011-12-27,4.31
2011-12-28,4.24
2011-12-29,3.56
2011-12-30,2.53
2011-12-31,0.74
2012-01-01,-0.65999997
2012-01-02,4.5
2012-01-03,6.3999996
2012-01-04,6.71
2012-01-05,5.2999997
2012-01-06,4.39
2012-01-07,1.28
2012-01-08,0.65999997
2012-01-09,2.01
2012-01-10,1.53
2012-01-11,2.79
2012-01-12,4.15
2012-01-13,3.48
2012-01-14,0.53999996
2012-01-15,-0.90999997
2012-01-16,-3.48
2012-01-17,-4.45
2012-01-18,-4.95
2012-01-19,-0.68
2012-01-20,4.6
2012-01-21,3.52
2012-01-22,1.1899999
2012-01-23,6.3999996
2012-01-24,5.0699997
2012-01-25,4.94
2012-01-26,-1.16
2012-01-27,-2.79
2012-01-28,-1.66
2012-01-29,-2.87
2012-01-30,-8.429999
2012-01-31,-6.3399997
2012-02-01,-8.84
2012-02-02,-12.73
2012-02-03,-8.0
2012-02-04,0.75
2012-02-05,1.9699999
2012-02-06,0.37
2012-02-07,-2.37
2012-02-08,-10.13
2012-02-09,-8.09
2012-02-10,-6.27
2012-02-11,-8.91
2012-02-12,-5.5499997
2012-02-13,-1.77
2012-02-14,-3.9199998
2012-02-15,-4.97
2012-02-16,-1.43
2012-02-17,-5.29
2012-02-18,-2.62
2012-02-19,-0.14
2012-02-20,3.4299998
2012-02-21,3.24
2012-02-22,0.83
2012-02-23,2.4199998
2012-02-24,4.8399997
2012-02-25,7.04
2012-02-26,2.6499999
2012-02-27,-0.38
2012-02-28,-5.23
2012-02-29,-2.76
2012-03-01,2.21
2012-03-02,7.94
2012-03-03,5.7799997
2012-03-04,2.6
2012-03-05,0.06
2012-03-06,-1.12
2012-03-07,-0.78
2012-03-08,2.1699998
2012-03-09,3.4299998
2012-03-10,5.41
2012-03-11,6.77
2012-03-12,4.25
2012-03-13,5.77
2012-03-14,7.8799996
2012-03-15,6.97
2012-03-16,9.67
2012-03-17,15.5
2012-03-18,17.99
2012-03-19,19.0
2012-03-20,15.4
2012-03-21,14.21
2012-03-22,16.05
2012-03-23,18.26
2012-03-24,19.109999
2012-03-25,17.51
2012-03-26,14.04
2012-03-27,8.29
2012-03-28,11.33
2012-03-29,15.63
2012-03-30,11.42
2012-03-31,12.32
2012-04-01,11.7699995
2012-04-02,12.34
2012-04-03,17.77
2012-04-04,19.43
2012-04-05,20.9
2012-04-06,17.6
2012-04-07,16.26
2012-04-08,14.28
2012-04-09,8.58
2012-04-10,13.0
2012-04-11,16.46
2012-04-12,17.13
2012-04-13,18.27
2012-04-14,15.79
2012-04-15,14.799999
2012-04-16,16.44
2012-04-17,14.73
2012-04-18,11.969999
2012-04-19,16.94
2012-04-20,16.13
2012-04-21,18.19
2012-04-22,20.07
2012-04-23,18.869999
2012-04-24,18.44
2012-04-25,22.48
2012-04-26,18.0
2012-04-27,25.07
2012-04-28,27.63
2012-04-29,28.17
2012-04-30,29.42
2012-05-01,28.68
2012-05-02,29.359999
2012-05-03,27.14
2012-05-04,23.08
2012-05-05,21.32
2012-05-06,22.17
2012-05-07,22.63
2012-05-08,20.17
2012-05-09,18.449999
2012-05-10,21.81
2012-05-11,26.859999
2012-05-12,26.34
2012-05-13,20.15
2012-05-14,15.53
2012-05-15,18.85
2012-05-16,18.49
2012-05-17,17.58
2012-05-18,16.02
2012-05-19,19.83
2012-05-20,22.34
2012-05-21,24.35
2012-05-22,23.83
2012-05-23,21.58
2012-05-24,22.93
2012-05-25,20.51
2012-05-26,18.699999
2012-05-27,18.38
2012-05-28,17.789999
2012-05-29,16.02
2012-05-30,19.539999
2012-05-31,21.55
2012-06-01,21.22
2012-06-02,19.33
2012-06-03,24.39
2012-06-04,28.01
2012-06-05,25.279999
2012-06-06,19.06
2012-06-07,21.109999
2012-06-08,26.08
2012-06-09,30.31
2012-06-10,29.289999
2012-06-11,28.189999
2012-06-12,26.76
2012-06-13,26.09
2012-06-14,24.63
2012-06-15,23.93
2012-06-16,26.73
2012-06-17,30.279999
2012-06-18,32.02
2012-06-19,31.75
2012-06-20,31.48
2012-06-21,32.21
2012-06-22,33.39
2012-06-23,29.91
2012-06-24,27.67
2012-06-25,29.13
2012-06-26,25.88
2012-06-27,24.41
2012-06-28,25.66
2012-06-29,26.16
2012-06-30,27.72
2012-07-01,28.0
2012-07-02,29.64
2012-07-03,31.99
2012-07-04,34.26
2012-07-05,33.809998
2012-07-06,32.85
2012-07-07,32.25
2012-07-08,33.07
2012-07-09,35.05
2012-07-10,32.969997
2012-07-11,31.429998
2012-07-12,30.33
2012-07-13,28.41
2012-07-14,31.65
2012-07-15,34.079998
2012-07-16,28.64
2012-07-17,24.46
2012-07-18,26.689999
2012-07-19,30.449999
2012-07-20,33.27
2012-07-21,33.88
2012-07-22,31.73
2012-07-23,30.16
2012-07-24,31.269999
2012-07-25,33.61
2012-07-26,32.329998
2012-07-27,31.72
2012-07-28,31.75
2012-07-29,34.829998
2012-07-30,32.71
2012-07-31,29.97
2012-08-01,28.96
2012-08-02,30.46
2012-08-03,31.32
2012-08-04,33.75
2012-08-05,34.16
2012-08-06,35.03
2012-08-07,34.899998
2012-08-08,31.859999
2012-08-09,29.449999
2012-08-10,28.82
2012-08-11,23.96
2012-08-12,21.689999
2012-08-13,21.689999
2012-08-14,24.16
2012-08-15,23.41
2012-08-16,25.91
2012-08-17,27.13
2012-08-18,25.88
2012-08-19,28.38
2012-08-20,31.67
2012-08-21,36.969997
2012-08-22,33.63
2012-08-23,34.25
2012-08-24,35.01
2012-08-25,36.29
2012-08-26,35.59
2012-08-27,28.769999
2012-08-28,21.199999
2012-08-29,25.75
2012-08-30,25.48
2012-08-31,26.4
2012-09-01,28.73
2012-09-02,31.65
2012-09-03,31.89
2012-09-04,31.019999
2012-09-05,31.22
2012-09-06,28.97
2012-09-07,23.67
2012-09-08,26.38
2012-09-09,24.5
2012-09-10,25.769999
2012-09-11,28.46
2012-09-12,25.65
2012-09-13,27.66
2012-09-14,28.59
2012-09-15,26.019999
2012-09-16,23.24
2012-09-17,25.039999
2012-09-18,26.5
2012-09-19,25.609999
2012-09-20,23.84
2012-09-21,16.949999
2012-09-22,17.609999
2012-09-23,22.65
2012-09-24,24.15
2012-09-25,25.41
2012-09-26,24.73
2012-09-27,26.39
2012-09-28,26.869999
2012-09-29,25.47
2012-09-30,28.22
2012-10-01,26.25
2012-10-02,26.84
2012-10-03,24.75
2012-10-04,21.869999
2012-10-05,22.71
2012-10-06,24.0
2012-10-07,24.269999
2012-10-08,17.3
2012-10-09,12.94
2012-10-10,17.49
2012-10-11,12.66
2012-10-12,14.61
2012-10-13,15.15
2012-10-14,15.389999
2012-10-15,17.77
2012-10-16,20.33
2012-10-17,18.66
2012-10-18,19.72
2012-10-19,19.47
2012-10-20,17.82
2012-10-21,18.47
2012-10-22,19.93
2012-10-23,17.85
2012-10-24,14.15
2012-10-25,14.78
2012-10-26,14.61
2012-10-27,14.67
2012-10-28,19.08
2012-10-29,13.94
2012-10-30,8.599999
2012-10-31,11.04
2012-11-01,12.75
2012-11-02,15.849999
2012-11-03,16.67
2012-11-04,14.599999
2012-11-05,15.5199995
2012-11-06,16.26
2012-11-07,6.2799997
2012-11-08,7.6699996
2012-11-09,8.059999
2012-11-10,9.11
2012-11-11,13.74
2012-11-12,16.22
2012-11-13,13.5
2012-11-14,7.75
2012-11-15,4.41
2012-11-16,7.5
2012-11-17,8.79
2012-11-18,9.33
2012-11-19,8.05
2012-11-20,7.0099998
2012-11-21,7.3399997
2012-11-22,6.3399997
2012-11-23,5.85
2012-11-24,4.14
2012-11-25,6.41
2012-11-26,9.28
2012-11-27,9.21
2012-11-28,9.349999
2012-11-29,9.36
2012-11-30,11.05
2012-12-01,5.0099998
2012-12-02,4.54
2012-12-03,3.52
2012-12-04,0.71
2012-12-05,1.63
2012-12-06,2.5
2012-12-07,-3.37
2012-12-08,-2.95
2012-12-09,0.21
2012-12-10,-0.59999996
2012-12-11,-0.65999997
2012-12-12,-0.77
2012-12-13,-4.98
2012-12-14,-7.83
2012-12-15,-1.62
2012-12-16,0.81
2012-12-17,-0.58
2012-12-18,-1.92
2012-12-19,-3.6
2012-12-20,-4.0899997
2012-12-21,-2.18
2012-12-22,-2.87
2012-12-23,-3.98
2012-12-24,-0.90999997
2012-12-25,1.6899999
2012-12-26,3.6599998
2012-12-27,4.8599997
2012-12-28,2.74
2012-12-29,-0.84999996
2012-12-30,-1.5799999
2012-12-31,-0.68
2013-01-01,1.8399999
2013-01-02,0.14
2013-01-03,1.4699999
2013-01-04,3.74
2013-01-05,1.49
2013-01-06,-1.5
2013-01-07,-4.7799997
2013-01-08,-5.25
2013-01-09,-9.429999
2013-01-10,-6.6299996
2013-01-11,-0.17999999
2013-01-12,0.5
2013-01-13,-3.28
2013-01-14,1.5999999
2013-01-15,5.5899997
2013-01-16,5.7
2013-01-17,2.4199998
2013-01-18,3.3999999
2013-01-19,1.65
2013-01-20,1.77
2013-01-21,4.3199997
2013-01-22,6.5299997
2013-01-23,4.7
2013-01-24,-0.19
2013-01-25,1.02
2013-01-26,-1.6999999
2013-01-27,-1.05
2013-01-28,-1.36
2013-01-29,-3.48
2013-01-30,-0.31
2013-01-31,3.31
2013-02-01,4.3399997
2013-02-02,4.7
2013-02-03,7.7
2013-02-04,4.5299997
2013-02-05,3.8
2013-02-06,3.52
2013-02-07,5.35
2013-02-08,5.2999997
2013-02-09,4.31
2013-02-10,3.1799998
2013-02-11,0.34
2013-02-12,2.29
2013-02-13,5.24
2013-02-14,2.51
2013-02-15,3.51
2013-02-16,4.8199997
2013-02-17,1.5799999
2013-02-18,2.6399999
2013-02-19,2.6799998
2013-02-20,4.19
2013-02-21,2.06
2013-02-22,2.09
2013-02-23,4.0099998
2013-02-24,6.0
2013-02-25,8.0
2013-02-26,7.0
2013-02-27,4.93
2013-02-28,3.3999999
2013-03-01,5.65
2013-03-02,4.22
2013-03-03,6.68
2013-03-04,3.73
2013-03-05,6.42
2013-03-06,10.36
2013-03-07,11.15
2013-03-08,13.58
2013-03-09,12.2699995
2013-03-10,11.09
2013-03-11,11.2
2013-03-12,9.83
2013-03-13,7.27
2013-03-14,10.73
2013-03-15,11.5
2013-03-16,0.83
2013-03-17,2.1499999
2013-03-18,5.91
2013-03-19,9.71
2013-03-20,10.86
2013-03-21,11.099999
2013-03-22,9.62
2013-03-23,0.74
2013-03-24,2.23
2013-03-25,4.08
2013-03-26,4.08
2013-03-27,4.6
2013-03-28,5.6
2013-03-29,7.16
2013-03-30,11.809999
2013-03-31,14.2
2013-04-01,14.7
2013-04-02,14.69
2013-04-03,11.78
2013-04-04,12.509999
2013-04-05,11.36
2013-04-06,13.2
2013-04-07,11.11
2013-04-08,10.28
2013-04-09,11.34
2013-04-10,13.87
2013-04-11,13.719999
2013-04-12,16.48
2013-04-13,18.76
2013-04-14,16.82
2013-04-15,15.349999
2013-04-16,18.0
2013-04-17,19.01
2013-04-18,18.949999
2013-04-19,16.81
2013-04-20,18.27
2013-04-21,20.27
2013-04-22,19.25
2013-04-23,21.279999
2013-04-24,23.48
2013-04-25,24.289999
2013-04-26,25.46
2013-04-27,25.0
2013-04-28,23.029999
2013-04-29,23.18
2013-04-30,27.43
2013-05-01,26.64
2013-05-02,25.92
2013-05-03,24.029999
2013-05-04,21.24
2013-05-05,25.199999
2013-05-06,25.92
2013-05-07,24.109999
2013-05-08,25.72
2013-05-09,25.31
2013-05-10,25.68
2013-05-11,26.849998
2013-05-12,25.51
2013-05-13,24.519999
2013-05-14,19.57
2013-05-15,18.96
2013-05-16,22.3
2013-05-17,22.67
2013-05-18,24.43
2013-05-19,27.84
2013-05-20,27.22
2013-05-21,25.269999
2013-05-22,21.949999
2013-05-23,21.08
2013-05-24,21.039999
2013-05-25,21.66
2013-05-26,19.32
2013-05-27,15.7
2013-05-28,19.369999
2013-05-29,25.029999
2013-05-30,23.33
2013-05-31,18.9
2013-06-01,17.65
2013-06-02,18.46
2013-06-03,19.14
2013-06-04,19.49
2013-06-05,19.72
2013-06-06,20.76
2013-06-07,22.32
2013-06-08,22.189999
2013-06-09,23.97
2013-06-10,27.4
2013-06-11,24.189999
2013-06-12,23.67
2013-06-13,24.47
2013-06-14,23.3
2013-06-15,24.6
2013-06-16,27.32
2013-06-17,29.73
2013-06-18,30.71
2013-06-19,31.57
2013-06-20,29.9
2013-06-21,30.67
2013-06-22,32.01
2013-06-23,28.88
2013-06-24,28.65
2013-06-25,27.59
2013-06-26,22.99
2013-06-27,22.029999
2013-06-28,25.58
2013-06-29,25.26
2013-06-30,22.3
2013-07-01,21.23
2013-07-02,23.859999
2013-07-03,24.73
2013-07-04,25.769999
2013-07-05,26.05
2013-07-06,26.779999
2013-07-07,26.88
2013-07-08,27.359999
2013-07-09,26.58
2013-07-10,27.67
2013-07-11,26.439999
2013-07-12,26.47
2013-07-13,24.56
2013-07-14,23.18
2013-07-15,23.859999
2013-07-16,22.0
2013-07-17,24.47
2013-07-18,26.46
2013-07-19,26.47
2013-07-20,27.92
2013-07-21,24.199999
2013-07-22,26.08
2013-07-23,27.099998
2013-07-24,28.83
2013-07-25,29.689999
2013-07-26,28.01
2013-07-27,29.96
2013-07-28,31.4
2013-07-29,33.3
2013-07-30,31.449999
2013-07-31,26.47
2013-08-01,26.5
2013-08-02,28.09
2013-08-03,29.32
2013-08-04,29.63
2013-08-05,30.97
2013-08-06,31.199999
2013-08-07,31.89
2013-08-08,32.239998
2013-08-09,33.079998
2013-08-10,32.86
2013-08-11,28.13
2013-08-12,28.63
2013-08-13,30.199999
2013-08-14,31.599998
2013-08-15,26.08
2013-08-16,25.689999
2013-08-17,27.859999
2013-08-18,29.17
2013-08-19,29.39
2013-08-20,31.109999
2013-08-21,29.099998
2013-08-22,27.38
2013-08-23,27.119999
2013-08-24,24.76
2013-08-25,23.6
2013-08-26,26.279999
2013-08-27,23.17
2013-08-28,22.769999
2013-08-29,22.5
2013-08-30,20.81
2013-08-31,21.05
2013-09-01,24.97
2013-09-02,23.109999
2013-09-03,20.619999
2013-09-04,20.47
2013-09-05,20.9
2013-09-06,20.14
2013-09-07,23.019999
2013-09-08,24.46
2013-09-09,24.39
2013-09-10,22.47
2013-09-11,21.92
2013-09-12,23.63
2013-09-13,22.189999
2013-09-14,17.82
2013-09-15,16.38
2013-09-16,21.82
2013-09-17,20.529999
2013-09-18,18.84
2013-09-19,18.279999
2013-09-20,16.75
2013-09-21,17.19
2013-09-22,17.58
2013-09-23,16.56
2013-09-24,16.98
2013-09-25,18.17
2013-09-26,21.9
2013-09-27,18.8
2013-09-28,13.7699995
2013-09-29,13.16
2013-09-30,10.92
2013-10-01,8.179999
2013-10-02,8.22
2013-10-03,3.12
2013-10-04,4.2999997
2013-10-05,10.389999
2013-10-06,12.719999
2013-10-07,17.02
2013-10-08,17.88
2013-10-09,17.039999
2013-10-10,15.38
2013-10-11,17.26
2013-10-12,21.109999
2013-10-13,20.439999
2013-10-14,19.26
2013-10-15,16.65
2013-10-16,15.389999
2013-10-17,15.54
2013-10-18,14.349999
2013-10-19,12.389999
2013-10-20,16.5
2013-10-21,20.97
2013-10-22,19.52
2013-10-23,19.1
2013-10-24,24.57
2013-10-25,21.9
2013-10-26,20.77
2013-10-27,22.46
2013-10-28,23.14
2013-10-29,20.859999
2013-10-30,20.859999
2013-10-31,16.41
2013-11-01,14.309999
2013-11-02,14.65
2013-11-03,15.9
2013-11-04,15.96
2013-11-05,18.539999
2013-11-06,17.26
2013-11-07,10.13
2013-11-08,14.219999
2013-11-09,16.64
2013-11-10,15.75
2013-11-11,17.73
2013-11-12,13.799999
2013-11-13,15.21
2013-11-14,10.25
2013-11-15,7.99
2013-11-16,7.69
2013-11-17,7.75
2013-11-18,10.38
2013-11-19,10.849999
2013-11-20,11.639999
2013-11-21,12.0
2013-11-22,11.71
2013-11-23,9.17
2013-11-24,10.37
2013-11-25,10.36
2013-11-26,5.7
2013-11-27,4.65
2013-11-28,1.66
2013-11-29,1.38
2013-11-30,3.46
2013-12-01,3.74
2013-12-02,3.4499998
2013-12-03,-0.24
2013-12-04,0.29
2013-12-05,-0.53
2013-12-06,0.5
2013-12-07,-3.06
2013-12-08,-3.62
2013-12-09,2.77
2013-12-10,-0.26999998
2013-12-11,-8.32
2013-12-12,-1.2099999
2013-12-13,-0.29
2013-12-14,-0.59
2013-12-15,0.01
2013-12-16,-1.0799999
2013-12-17,-1.49
2013-12-18,0.61
2013-12-19,0.63
2013-12-20,2.1
2013-12-21,2.25
2013-12-22,3.34
2013-12-23,4.3199997
2013-12-24,4.73
2013-12-25,4.66
2013-12-26,3.08
2013-12-27,2.6299999
2013-12-28,3.31
2013-12-29,5.12
2013-12-30,3.73
2013-12-31,2.8799999
2014-01-01,1.3399999
2014-01-02,1.3399999
2014-01-03,2.0
2014-01-04,2.27
2014-01-05,1.9499999
2014-01-06,5.0
2014-01-07,4.29
2014-01-08,4.2599998
2014-01-09,4.15
2014-01-10,6.77
2014-01-11,3.98
2014-01-12,4.85
2014-01-13,0.38
2014-01-14,2.37
2014-01-15,2.3
2014-01-16,3.1499999
2014-01-17,2.33
2014-01-18,5.5499997
2014-01-19,6.39
2014-01-20,6.48
2014-01-21,3.53
2014-01-22,3.4199998
2014-01-23,1.8199999
2014-01-24,0.35999998
2014-01-25,-0.87
2014-01-26,-3.78
2014-01-27,-2.09
2014-01-28,-2.2
2014-01-29,-3.1
2014-01-30,-4.73
2014-01-31,-6.21
2014-02-01,-2.07
2014-02-02,-0.71
2014-02-03,-0.83
2014-02-04,-0.22
2014-02-05,0.64
2014-02-06,1.23
2014-02-07,1.81
2014-02-08,5.31
2014-02-09,6.7799997
2014-02-10,6.47
2014-02-11,7.29
2014-02-12,8.849999
2014-02-13,6.6
2014-02-14,5.73
2014-02-15,2.46
2014-02-16,7.9199996
2014-02-17,11.67
2014-02-18,6.6499996
2014-02-19,6.43
2014-02-20,8.73
2014-02-21,6.8799996
2014-02-22,8.309999
2014-02-23,6.6499996
2014-02-24,3.7099998
2014-02-25,3.97
2014-02-26,5.2799997
2014-02-27,5.0299997
2014-02-28,7.85
2014-03-01,10.84
2014-03-02,6.45
2014-03-03,9.13
2014-03-04,8.94
2014-03-05,10.63
2014-03-06,9.76
2014-03-07,10.099999
2014-03-08,9.21
2014-03-09,7.99
2014-03-10,7.39
2014-03-11,9.62
2014-03-12,12.4
2014-03-13,13.74
2014-03-14,16.82
2014-03-15,17.02
2014-03-16,13.059999
2014-03-17,13.45
2014-03-18,14.94
2014-03-19,15.599999
2014-03-20,13.969999
2014-03-21,21.18
2014-03-22,18.939999
2014-03-23,17.279999
2014-03-24,18.19
2014-03-25,13.759999
2014-03-26,11.639999
2014-03-27,14.719999
2014-03-28,15.24
2014-03-29,14.24
2014-03-30,16.529999
2014-03-31,16.1
2014-04-01,14.849999
2014-04-02,12.29
2014-04-03,17.63
2014-04-04,17.74
2014-04-05,14.4
2014-04-06,12.469999
2014-04-07,14.57
2014-04-08,15.49
2014-04-09,17.59
2014-04-10,14.09
2014-04-11,10.349999
2014-04-12,11.639999
2014-04-13,11.84
2014-04-14,14.86
2014-04-15,11.8
2014-04-16,10.29
2014-04-17,13.42
2014-04-18,16.35
2014-04-19,15.599999
2014-04-20,15.349999
2014-04-21,19.689999
2014-04-22,17.279999
2014-04-23,19.74
2014-04-24,17.369999
2014-04-25,15.98
2014-04-26,16.859999
2014-04-27,16.68
2014-04-28,16.89
2014-04-29,17.88
2014-04-30,17.17
2014-05-01,17.869999
2014-05-02,16.59
2014-05-03,17.83
2014-05-04,15.33
2014-05-05,14.23
2014-05-06,14.74
2014-05-07,16.42
2014-05-08,20.98
2014-05-09,18.97
2014-05-10,18.14
2014-05-11,21.89
2014-05-12,18.199999
2014-05-13,17.85
2014-05-14,17.01
2014-05-15,17.65
2014-05-16,17.99
2014-05-17,15.79
2014-05-18,18.76
2014-05-19,22.0
2014-05-20,23.369999
2014-05-21,25.59
2014-05-22,24.14
2014-05-23,23.029999
2014-05-24,23.84
2014-05-25,25.369999
2014-05-26,26.699999
2014-05-27,22.8
2014-05-28,24.08
2014-05-29,23.289999
2014-05-30,19.779999
2014-05-31,16.46
2014-06-01,17.05
2014-06-02,18.88
2014-06-03,21.34
2014-06-04,22.17
2014-06-05,20.119999
2014-06-06,25.16
2014-06-07,26.0
2014-06-08,28.289999
2014-06-09,28.189999
2014-06-10,28.519999
2014-06-11,24.89
2014-06-12,25.83
2014-06-13,24.63
2014-06-14,21.789999
2014-06-15,20.3
2014-06-16,18.93
2014-06-17,18.69
2014-06-18,19.82
2014-06-19,19.25
2014-06-20,20.48
2014-06-21,18.01
2014-06-22,19.8
2014-06-23,24.4
2014-06-24,22.73
2014-06-25,22.42
2014-06-26,21.109999
2014-06-27,21.16
2014-06-28,21.85
2014-06-29,23.0
2014-06-30,27.769999
2014-07-01,23.42
2014-07-02,25.289999
2014-07-03,25.289999
2014-07-04,21.38
2014-07-05,27.4
2014-07-06,29.16
2014-07-07,27.199999
2014-07-08,26.91
2014-07-09,24.34
2014-07-10,25.359999
2014-07-11,23.289999
2014-07-12,20.99
2014-07-13,25.43
2014-07-14,25.82
2014-07-15,26.32
2014-07-16,26.59
2014-07-17,24.189999
2014-07-18,24.289999
2014-07-19,24.42
2014-07-20,26.789999
2014-07-21,29.17
2014-07-22,28.56
2014-07-23,25.51
2014-07-24,26.22
2014-07-25,27.07
2014-07-26,29.369999
2014-07-27,28.13
2014-07-28,26.83
2014-07-29,23.96
2014-07-30,26.939999
2014-07-31,27.609999
2014-08-01,29.439999
2014-08-02,28.349998
2014-08-03,29.14
2014-08-04,30.189999
2014-08-05,29.849998
2014-08-06,28.26
2014-08-07,28.699999
2014-08-08,28.38
2014-08-09,28.359999
2014-08-10,28.92
2014-08-11,28.83
2014-08-12,29.699999
2014-08-13,29.14
2014-08-14,31.689999
2014-08-15,27.42
2014-08-16,25.859999
2014-08-17,22.199999
2014-08-18,24.869999
2014-08-19,26.789999
2014-08-20,27.32
2014-08-21,26.55
2014-08-22,23.109999
2014-08-23,25.31
2014-08-24,23.66
2014-08-25,21.449999
2014-08-26,23.47
2014-08-27,23.33
2014-08-28,21.75
2014-08-29,22.43
2014-08-30,25.43
2014-08-31,25.21
2014-09-01,27.869999
2014-09-02,28.98
2014-09-03,27.33
2014-09-04,25.88
2014-09-05,24.34
2014-09-06,26.74
2014-09-07,25.51
2014-09-08,26.47
2014-09-09,25.599998
2014-09-10,27.31
2014-09-11,26.75
2014-09-12,25.42
2014-09-13,26.72
2014-09-14,25.369999
2014-09-15,22.869999
2014-09-16,21.539999
2014-09-17,21.449999
2014-09-18,22.67
2014-09-19,22.93
2014-09-20,22.07
2014-09-21,22.039999
2014-09-22,21.51
2014-09-23,17.09
2014-09-24,12.0199995
2014-09-25,18.31
2014-09-26,15.089999
2014-09-27,14.49
2014-09-28,15.94
2014-09-29,21.189999
2014-09-30,21.59
2014-10-01,21.18
2014-10-02,15.679999
2014-10-03,14.44
2014-10-04,15.65
2014-10-05,16.57
2014-10-06,16.72
2014-10-07,13.469999
2014-10-08,16.63
2014-10-09,22.269999
2014-10-10,23.039999
2014-10-11,23.359999
2014-10-12,22.439999
2014-10-13,21.609999
2014-10-14,22.13
2014-10-15,21.71
2014-10-16,18.99
2014-10-17,17.89
2014-10-18,17.27
2014-10-19,13.7699995
2014-10-20,19.189999
2014-10-21,17.94
2014-10-22,15.75
2014-10-23,15.92
2014-10-24,14.32
2014-10-25,7.87
2014-10-26,8.0199995
2014-10-27,8.54
2014-10-28,8.599999
2014-10-29,10.099999
2014-10-30,11.45
2014-10-31,11.0199995
2014-11-01,8.21
2014-11-02,8.809999
2014-11-03,12.49
2014-11-04,14.24
2014-11-05,13.7699995
2014-11-06,14.32
2014-11-07,15.82
2014-11-08,15.28
2014-11-09,14.94
2014-11-10,14.44
2014-11-11,12.889999
2014-11-12,11.54
2014-11-13,13.63
2014-11-14,11.2699995
2014-11-15,9.58
2014-11-16,10.08
2014-11-17,6.8799996
2014-11-18,6.7599998
2014-11-19,8.72
2014-11-20,6.79
2014-11-21,3.1899998
2014-11-22,4.33
2014-11-23,2.76
2014-11-24,-0.01
2014-11-25,-0.38
2014-11-26,0.51
2014-11-27,0.77
2014-11-28,2.1399999
2014-11-29,3.6299999
2014-11-30,3.1699998
2014-12-01,1.18
2014-12-02,1.54
2014-12-03,2.2
2014-12-04,3.57
2014-12-05,1.63
2014-12-06,0.9
2014-12-07,2.62
2014-12-08,3.01
2014-12-09,5.0299997
2014-12-10,1.25
2014-12-11,2.1299999
2014-12-12,3.22
2014-12-13,3.0
2014-12-14,4.0699997
2014-12-15,6.0299997
2014-12-16,4.8199997
2014-12-17,5.13
2014-12-18,4.04
2014-12-19,5.0
2014-12-20,6.67
2014-12-21,3.22
2014-12-22,2.47
2014-12-23,8.21
2014-12-24,8.53
2014-12-25,8.86
2014-12-26,5.08
2014-12-27,1.12
2014-12-28,-2.12
2014-12-29,-0.089999996
2014-12-30,-10.88
2014-12-31,-11.74
2015-01-01,-8.0
2015-01-02,-3.55
2015-01-03,0.78999996
2015-01-04,-1.11
2015-01-05,-2.18
2015-01-06,-6.91
2015-01-07,-12.0199995
2015-01-08,-9.8
2015-01-09,-1.29
2015-01-10,3.4099998
2015-01-11,8.429999
2015-01-12,5.23
2015-01-13,4.56
2015-01-14,5.31
2015-01-15,1.5799999
2015-01-16,3.9299998
2015-01-17,5.35
2015-01-18,5.74
2015-01-19,6.52
2015-01-20,7.16
2015-01-21,8.08
2015-01-22,5.7999997
2015-01-23,5.64
2015-01-24,6.66
2015-01-25,5.39
2015-01-26,4.62
2015-01-27,1.48
2015-01-28,0.94
2015-01-29,1.65
2015-01-30,4.74
2015-01-31,7.1099997
2015-02-01,4.79
2015-02-02,4.7599998
2015-02-03,3.28
2015-02-04,1.99
2015-02-05,4.77
2015-02-06,3.61
2015-02-07,1.3299999
2015-02-08,-2.4099998
2015-02-09,-2.9299998
2015-02-10,-4.68
2015-02-11,-3.73
2015-02-12,1.12
2015-02-13,2.01
2015-02-14,6.06
2015-02-15,5.69
2015-02-16,0.74
2015-02-17,-3.76
2015-02-18,-2.36
2015-02-19,0.77
2015-02-20,7.58
2015-02-21,10.66
2015-02-22,7.5699997
2015-02-23,8.45
2015-02-24,8.84
2015-02-25,9.28
2015-02-26,8.62
2015-02-27,7.3399997
2015-02-28,9.059999
2015-03-01,8.95
2015-03-02,10.889999
2015-03-03,9.54
2015-03-04,6.74
2015-03-05,5.46
2015-03-06,3.23
2015-03-07,4.38
2015-03-08,7.25
2015-03-09,12.03
2015-03-10,9.16
2015-03-11,9.92
2015-03-12,8.94
2015-03-13,7.7
2015-03-14,9.7
2015-03-15,8.54
2015-03-16,12.5
2015-03-17,12.309999
2015-03-18,4.92
2015-03-19,4.0099998
2015-03-20,4.9
2015-03-21,10.26
2015-03-22,11.219999
2015-03-23,8.97
2015-03-24,15.099999
2015-03-25,15.32
2015-03-26,17.19
2015-03-27,14.429999
2015-03-28,13.04
2015-03-29,9.75
2015-03-30,12.98
2015-03-31,12.11
2015-04-01,10.7
2015-04-02,7.5099998
2015-04-03,5.65
2015-04-04,5.9
2015-04-05,8.46
2015-04-06,9.0199995
2015-04-07,8.01
2015-04-08,9.36
2015-04-09,10.42
2015-04-10,16.039999
2015-04-11,23.029999
2015-04-12,21.289999
2015-04-13,20.81
2015-04-14,18.19
2015-04-15,16.96
2015-04-16,21.82
2015-04-17,21.41
2015-04-18,17.23
2015-04-19,9.22
2015-04-20,11.5199995
2015-04-21,11.23
2015-04-22,10.55
2015-04-23,16.91
2015-04-24,20.529999
2015-04-25,21.16
2015-04-26,21.289999
2015-04-27,22.269999
2015-04-28,17.9
2015-04-29,15.04
2015-04-30,15.219999
2015-05-01,15.929999
2015-05-02,14.96
2015-05-03,16.27
2015-05-04,19.85
2015-05-05,22.539999
2015-05-06,22.949999
2015-05-07,22.31
2015-05-08,18.97
2015-05-09,20.89
2015-05-10,19.57
2015-05-11,18.47
2015-05-12,22.07
2015-05-13,24.289999
2015-05-14,18.32
2015-05-15,19.15
2015-05-16,17.91
2015-05-17,20.369999
2015-05-18,23.32
2015-05-19,26.08
2015-05-20,24.9
2015-05-21,28.25
2015-05-22,27.39
2015-05-23,27.01
2015-05-24,26.75
2015-05-25,26.18
2015-05-26,21.41
2015-05-27,21.38
2015-05-28,17.6
2015-05-29,16.75
2015-05-30,20.65
2015-05-31,24.269999
2015-06-01,23.75
2015-06-02,26.15
2015-06-03,27.859999
2015-06-04,27.32
2015-06-05,24.81
2015-06-06,27.21
2015-06-07,26.99
2015-06-08,25.99
2015-06-09,24.26
2015-06-10,23.289999
2015-06-11,26.81
2015-06-12,28.14
2015-06-13,28.88
2015-06-14,29.66
2015-06-15,28.49
2015-06-16,24.67
2015-06-17,21.289999
2015-06-18,20.77
2015-06-19,21.99
2015-06-20,22.939999
2015-06-21,19.8
2015-06-22,22.189999
2015-06-23,23.65
2015-06-24,26.349998
2015-06-25,21.039999
2015-06-26,20.38
2015-06-27,23.859999
2015-06-28,24.16
2015-06-29,25.08
2015-06-30,25.56
2015-07-01,26.58
2015-07-02,24.74
2015-07-03,24.91
2015-07-04,26.439999
2015-07-05,27.519999
2015-07-06,29.97
2015-07-07,32.21
2015-07-08,31.41
2015-07-09,30.14
2015-07-10,25.15
2015-07-11,23.43
2015-07-12,25.21
2015-07-13,27.269999
2015-07-14,23.189999
2015-07-15,26.09
2015-07-16,26.88
2015-07-17,31.46
2015-07-18,32.91
2015-07-19,32.16
2015-07-20,32.55
2015-07-21,29.76
2015-07-22,32.44
2015-07-23,32.01
2015-07-24,32.19
2015-07-25,32.16
2015-07-26,29.67
2015-07-27,27.55
2015-07-28,28.449999
2015-07-29,31.869999
2015-07-30,30.33
2015-07-31,26.32
2015-08-01,24.18
2015-08-02,27.67
2015-08-03,30.189999
2015-08-04,30.23
2015-08-05,31.63
2015-08-06,32.969997
2015-08-07,32.32
2015-08-08,30.8
2015-08-09,30.16
2015-08-10,30.529999
2015-08-11,32.309998
2015-08-12,32.559998
2015-08-13,30.179998
2015-08-14,29.279999
2015-08-15,28.439999
2015-08-16,30.9
2015-08-17,26.97
2015-08-18,24.529999
2015-08-19,21.33
2015-08-20,20.63
2015-08-21,21.21
2015-08-22,20.24
2015-08-23,21.32
2015-08-24,25.63
2015-08-25,26.619999
2015-08-26,27.539999
2015-08-27,28.39
2015-08-28,30.039999
2015-08-29,31.05
2015-08-30,32.28
2015-08-31,34.11
2015-09-01,34.52
2015-09-02,33.16
2015-09-03,29.789999
2015-09-04,28.31
2015-09-05,28.539999
2015-09-06,22.93
2015-09-07,19.529999
2015-09-08,17.85
2015-09-09,20.869999
2015-09-10,17.609999
2015-09-11,18.68
2015-09-12,18.72
2015-09-13,21.48
2015-09-14,19.699999
2015-09-15,25.73
2015-09-16,27.359999
2015-09-17,30.21
2015-09-18,31.32
2015-09-19,31.199999
2015-09-20,28.48
2015-09-21,22.4
2015-09-22,23.17
2015-09-23,25.369999
2015-09-24,23.6
2015-09-25,23.01
2015-09-26,19.9
2015-09-27,18.32
2015-09-28,16.41
2015-09-29,15.03
2015-09-30,11.88
2015-10-01,14.99
2015-10-02,20.09
2015-10-03,22.65
2015-10-04,22.6
2015-10-05,18.949999
2015-10-06,16.09
2015-10-07,16.14
2015-10-08,13.34
2015-10-09,13.73
2015-10-10,12.78
2015-10-11,12.349999
2015-10-12,10.49
2015-10-13,10.03
2015-10-14,13.049999
2015-10-15,14.7
2015-10-16,17.41
2015-10-17,16.09
2015-10-18,16.25
2015-10-19,15.11
2015-10-20,14.67
2015-10-21,11.3
2015-10-22,10.889999
2015-10-23,11.78
2015-10-24,10.45
2015-10-25,12.809999
2015-10-26,13.46
2015-10-27,10.49
2015-10-28,14.91
2015-10-29,13.61
2015-10-30,13.71
2015-10-31,11.95
2015-11-01,14.37
2015-11-02,10.9
2015-11-03,12.04
2015-11-04,17.92
2015-11-05,16.19
2015-11-06,13.61
2015-11-07,10.0199995
2015-11-08,11.75
2015-11-09,12.66
2015-11-10,12.559999
2015-11-11,14.969999
2015-11-12,16.49
2015-11-13,15.78
2015-11-14,15.29
2015-11-15,8.51
2015-11-16,12.46
2015-11-17,9.79
2015-11-18,13.63
2015-11-19,12.15
2015-11-20,13.83
2015-11-21,12.809999
2015-11-22,13.099999
2015-11-23,10.38
2015-11-24,5.93
2015-11-25,4.58
2015-11-26,4.9
2015-11-27,4.7
2015-11-28,4.92
2015-11-29,4.16
2015-11-30,6.6299996
2015-12-01,6.7
2015-12-02,4.74
2015-12-03,3.22
2015-12-04,6.14
2015-12-05,7.7999997
2015-12-06,7.3199997
2015-12-07,8.33
2015-12-08,9.08
2015-12-09,4.0699997
2015-12-10,3.5
2015-12-11,2.86
2015-12-12,2.8999999
2015-12-13,4.93
2015-12-14,5.69
2015-12-15,3.26
2015-12-16,3.05
2015-12-17,3.6999998
2015-12-18,3.1
2015-12-19,4.75
2015-12-20,5.46
2015-12-21,7.9199996
2015-12-22,8.28
2015-12-23,11.19
2015-12-24,9.2699995
2015-12-25,6.31
2015-12-26,6.5099998
2015-12-27,10.33
2015-12-28,9.62
2015-12-29,5.4
2015-12-30,-2.4199998
2015-12-31,-8.55
2016-01-01,-7.72
2016-01-02,-9.099999
2016-01-03,-6.3999996
2016-01-04,-4.88
2016-01-05,-0.26999998
2016-01-06,3.6899998
2016-01-07,5.08
2016-01-08,0.42999998
2016-01-09,4.23
2016-01-10,6.27
2016-01-11,8.75
2016-01-12,8.139999
2016-01-13,4.62
2016-01-14,2.9099998
2016-01-15,2.33
2016-01-16,3.99
2016-01-17,-1.48
2016-01-18,-5.2999997
2016-01-19,-4.64
2016-01-20,-4.48
2016-01-21,-1.91
2016-01-22,-4.88
2016-01-23,-6.1
2016-01-24,-5.04
2016-01-25,-2.74
2016-01-26,0.7
2016-01-27,3.77
2016-01-28,7.6499996
2016-01-29,7.73
2016-01-30,6.1099997
2016-01-31,5.93
2016-02-01,6.33
2016-02-02,9.809999
2016-02-03,13.299999
2016-02-04,9.74
2016-02-05,3.3999999
2016-02-06,0.82
2016-02-07,7.8199997
2016-02-08,7.45
2016-02-09,10.929999
2016-02-10,10.219999
2016-02-11,9.28
2016-02-12,6.3999996
2016-02-13,8.679999
2016-02-14,10.94
2016-02-15,15.009999
2016-02-16,15.61
2016-02-17,12.719999
2016-02-18,11.04
2016-02-19,9.9
2016-02-20,6.79
2016-02-21,5.46
2016-02-22,13.13
2016-02-23,14.929999
2016-02-24,11.12
2016-02-25,4.5099998
2016-02-26,8.79
2016-02-27,8.82
2016-02-28,9.62
2016-02-29,12.2
2016-03-01,12.98
2016-03-02,9.08
2016-03-03,9.76
2016-03-04,8.74
2016-03-05,10.95
2016-03-06,13.09
2016-03-07,16.14
2016-03-08,12.95
2016-03-09,9.94
2016-03-10,10.139999
2016-03-11,8.08
2016-03-12,8.07
2016-03-13,9.07
2016-03-14,6.8799996
2016-03-15,6.66
2016-03-16,9.03
2016-03-17,12.0
2016-03-18,13.75
2016-03-19,9.4
2016-03-20,6.74
2016-03-21,12.5
2016-03-22,11.59
2016-03-23,8.179999
2016-03-24,10.92
2016-03-25,6.5299997
2016-03-26,6.99
2016-03-27,8.889999
2016-03-28,10.49
2016-03-29,13.32
2016-03-30,16.46
2016-03-31,18.88
2016-04-01,20.97
2016-04-02,18.199999
2016-04-03,16.49
2016-04-04,21.789999
2016-04-05,23.18
2016-04-06,24.34
2016-04-07,24.949999
2016-04-08,19.77
2016-04-09,19.41
2016-04-10,16.51
2016-04-11,14.44
2016-04-12,17.0
2016-04-13,20.34
2016-04-14,20.75
2016-04-15,15.639999
2016-04-16,20.98
2016-04-17,23.71
2016-04-18,25.83
2016-04-19,21.59
2016-04-20,16.039999
2016-04-21,13.67
2016-04-22,18.09
2016-04-23,17.38
2016-04-24,17.35
2016-04-25,14.96
2016-04-26,14.45
2016-04-27,17.27
2016-04-28,16.359999
2016-04-29,17.82
2016-04-30,17.82
2016-05-01,17.38
2016-05-02,15.36
2016-05-03,14.96
2016-05-04,15.059999
2016-05-05,18.82
2016-05-06,18.369999
2016-05-07,16.4
2016-05-08,16.65
2016-05-09,16.88
2016-05-10,17.43
2016-05-11,17.77
2016-05-12,20.09
2016-05-13,20.59
2016-05-14,19.64
2016-05-15,19.59
2016-05-16,17.3
2016-05-17,14.54
2016-05-18,13.23
2016-05-19,16.93
2016-05-20,19.869999
2016-05-21,21.35
2016-05-22,22.31
2016-05-23,22.99
2016-05-24,21.88
2016-05-25,16.73
2016-05-26,20.27
2016-05-27,22.22
2016-05-28,23.43
2016-05-29,26.43
2016-05-30,29.89
2016-05-31,24.97
2016-06-01,24.5
2016-06-02,20.9
2016-06-03,19.82
2016-06-04,23.13
2016-06-05,23.539999
2016-06-06,22.57
2016-06-07,19.58
2016-06-08,19.18
2016-06-09,21.199999
2016-06-10,21.51
2016-06-11,21.65
2016-06-12,22.81
2016-06-13,21.05
2016-06-14,20.58
2016-06-15,22.789999
2016-06-16,26.01
2016-06-17,31.939999
2016-06-18,29.769999
2016-06-19,29.26
2016-06-20,30.859999
2016-06-21,32.54
2016-06-22,33.03
2016-06-23,33.11
2016-06-24,32.32
2016-06-25,30.98
2016-06-26,28.15
2016-06-27,28.359999
2016-06-28,24.14
2016-06-29,24.609999
2016-06-30,27.34
2016-07-01,29.439999
2016-07-02,28.16
2016-07-03,28.64
2016-07-04,24.359999
2016-07-05,24.89
2016-07-06,26.119999
2016-07-07,23.289999
2016-07-08,24.93
2016-07-09,26.16
2016-07-10,23.91
2016-07-11,28.619999
2016-07-12,31.349998
2016-07-13,30.73
2016-07-14,30.97
2016-07-15,28.119999
2016-07-16,27.849998
2016-07-17,25.84
2016-07-18,23.1
2016-07-19,21.99
2016-07-20,23.51
2016-07-21,22.42
2016-07-22,25.13
2016-07-23,27.97
2016-07-24,29.16
2016-07-25,29.88
2016-07-26,28.93
2016-07-27,29.599998
2016-07-28,31.039999
2016-07-29,29.9
2016-07-30,29.519999
2016-07-31,28.65
2016-08-01,31.279999
2016-08-02,26.17
2016-08-03,24.869999
2016-08-04,28.0
2016-08-05,28.289999
2016-08-06,31.019999
2016-08-07,29.58
2016-08-08,26.71
2016-08-09,25.89
2016-08-10,28.14
2016-08-11,26.199999
2016-08-12,21.52
2016-08-13,20.289999
2016-08-14,25.31
2016-08-15,27.26
2016-08-16,26.189999
2016-08-17,27.08
2016-08-18,25.199999
2016-08-19,26.869999
2016-08-20,25.59
2016-08-21,29.029999
2016-08-22,29.91
2016-08-23,26.65
2016-08-24,25.31
2016-08-25,24.07
2016-08-26,24.16
2016-08-27,27.56
2016-08-28,29.0
2016-08-29,26.779999
2016-08-30,27.099998
2016-08-31,25.039999
2016-09-01,25.769999
2016-09-02,27.57
2016-09-03,25.47
2016-09-04,27.71
2016-09-05,27.89
2016-09-06,27.609999
2016-09-07,28.32
2016-09-08,28.46
2016-09-09,29.17
2016-09-10,28.779999
2016-09-11,28.88
2016-09-12,27.71
2016-09-13,27.189999
2016-09-14,26.63
2016-09-15,27.26
2016-09-16,27.439999
2016-09-17,29.06
2016-09-18,26.46
2016-09-19,22.05
2016-09-20,18.41
2016-09-21,13.259999
2016-09-22,13.61
2016-09-23,16.289999
2016-09-24,16.96
2016-09-25,16.52
2016-09-26,16.41
2016-09-27,16.46
2016-09-28,17.119999
2016-09-29,19.81
2016-09-30,25.23
2016-10-01,22.73
2016-10-02,22.31
2016-10-03,18.109999
2016-10-04,15.42
2016-10-05,9.139999
2016-10-06,7.77
2016-10-07,11.59
2016-10-08,10.24
2016-10-09,9.7
2016-10-10,11.759999
2016-10-11,10.5
2016-10-12,11.63
2016-10-13,8.809999
2016-10-14,9.849999
2016-10-15,15.24
2016-10-16,12.44
2016-10-17,7.77
2016-10-18,10.2699995
2016-10-19,10.849999
2016-10-20,12.33
2016-10-21,12.099999
2016-10-22,11.86
2016-10-23,12.349999
2016-10-24,13.349999
2016-10-25,15.309999
2016-10-26,12.53
2016-10-27,8.38
2016-10-28,8.13
2016-10-29,10.09
2016-10-30,9.08
2016-10-31,4.99
2016-11-01,4.56
2016-11-02,9.59
2016-11-03,8.86
2016-11-04,5.74
2016-11-05,8.22
2016-11-06,11.4
2016-11-07,13.82
2016-11-08,10.809999
2016-11-09,9.12
2016-11-10,7.27
2016-11-11,7.8199997
2016-11-12,9.96
2016-11-13,8.36
2016-11-14,0.28
2016-11-15,-0.96999997
2016-11-16,1.1
2016-11-17,6.18
2016-11-18,7.23
2016-11-19,8.429999
2016-11-20,10.19
2016-11-21,10.04
2016-11-22,9.05
2016-11-23,9.37
2016-11-24,6.68
2016-11-25,6.25
2016-11-26,6.62
2016-11-27,6.04
2016-11-28,4.38
2016-11-29,-3.35
2016-11-30,-3.6999998
2016-12-01,-0.89
2016-12-02,1.16
2016-12-03,1.1899999
2016-12-04,-0.63
2016-12-05,1.5
2016-12-06,2.97
2016-12-07,-1.25
2016-12-08,3.8899999
2016-12-09,6.3399997
2016-12-10,6.1299996
2016-12-11,11.179999
2016-12-12,10.2699995
2016-12-13,0.97999996
2016-12-14,-1.99
2016-12-15,-0.95
2016-12-16,-4.77
2016-12-17,-2.19
2016-12-18,0.98999995
2016-12-19,3.12
2016-12-20,2.07
2016-12-21,-0.63
2016-12-22,1.05
2016-12-23,1.0
2016-12-24,0.94
2016-12-25,1.8299999
2016-12-26,0.74
2016-12-27,5.1
2016-12-28,0.34
2016-12-29,-4.0699997
2016-12-30,-3.87
2016-12-31,-3.4199998
2017-01-01,-0.44
2017-01-02,0.79999995
2017-01-03,0.74
2017-01-04,1.4399999
2017-01-05,2.02
2017-01-06,-2.3999999
2017-01-07,-10.719999
2017-01-08,-11.7
2017-01-09,-11.389999
2017-01-10,-9.33
2017-01-11,-3.8899999
2017-01-12,-3.4099998
2017-01-13,1.43
2017-01-14,4.77
2017-01-15,2.3899999
2017-01-16,-1.26
2017-01-17,-2.85
2017-01-18,-2.3899999
2017-01-19,-1.36
2017-01-20,-4.7999997
2017-01-21,-2.3999999
2017-01-22,-2.1299999
2017-01-23,-1.54
2017-01-24,-2.72
2017-01-25,-3.47
2017-01-26,-5.33
2017-01-27,-7.08
2017-01-28,-1.9
2017-01-29,3.57
2017-01-30,0.0
2017-01-31,0.76
2017-02-01,1.28
2017-02-02,3.6499999
2017-02-03,6.69
2017-02-04,8.32
2017-02-05,5.04
2017-02-06,5.45
2017-02-07,4.68
2017-02-08,3.1799998
2017-02-09,0.53999996
2017-02-10,2.7
2017-02-11,2.1599998
2017-02-12,-3.05
2017-02-13,-5.31
2017-02-14,-3.59
2017-02-15,-0.39
2017-02-16,1.53
2017-02-17,3.82
2017-02-18,4.24
2017-02-19,3.46
2017-02-20,2.35
2017-02-21,3.84
2017-02-22,7.7599998
2017-02-23,10.84
2017-02-24,10.66
2017-02-25,7.45
2017-02-26,6.62
2017-02-27,8.849999
2017-02-28,12.5199995
2017-03-01,13.69
2017-03-02,10.37
2017-03-03,9.61
2017-03-04,13.87
2017-03-05,15.139999
2017-03-06,14.92
2017-03-07,11.849999
2017-03-08,14.15
2017-03-09,15.33
2017-03-10,11.719999
2017-03-11,9.44
2017-03-12,10.2699995
2017-03-13,8.559999
2017-03-14,8.92
2017-03-15,11.73
2017-03-16,10.309999
2017-03-17,11.8
2017-03-18,10.59
2017-03-19,12.05
2017-03-20,10.62
2017-03-21,15.32
2017-03-22,19.01
2017-03-23,18.22
2017-03-24,17.77
2017-03-25,13.599999
2017-03-26,9.639999
2017-03-27,11.8
2017-03-28,15.82
2017-03-29,19.71
2017-03-30,15.65
2017-03-31,14.48
2017-04-01,19.369999
2017-04-02,19.33
2017-04-03,21.4
2017-04-04,15.66
2017-04-05,14.49
2017-04-06,14.889999
2017-04-07,11.62
2017-04-08,10.59
2017-04-09,14.679999
2017-04-10,19.279999
2017-04-11,18.51
2017-04-12,15.54
2017-04-13,16.5
2017-04-14,13.37
2017-04-15,15.5
2017-04-16,15.13
2017-04-17,11.9
2017-04-18,13.44
2017-04-19,9.7699995
2017-04-20,8.99
2017-04-21,5.97
2017-04-22,13.049999
2017-04-23,12.55
2017-04-24,14.349999
2017-04-25,15.73
2017-04-26,16.949999
2017-04-27,19.06
2017-04-28,22.029999
2017-04-29,20.8
2017-04-30,15.99
2017-05-01,19.43
2017-05-02,21.89
2017-05-03,23.699999
2017-05-04,22.46
2017-05-05,20.359999
2017-05-06,19.65
2017-05-07,19.869999
2017-05-08,15.32
2017-05-09,14.4
2017-05-10,13.82
2017-05-11,16.92
2017-05-12,19.65
2017-05-13,20.99
2017-05-14,17.89
2017-05-15,19.32
2017-05-16,21.07
2017-05-17,20.8
2017-05-18,19.82
2017-05-19,21.689999
2017-05-20,22.15
2017-05-21,20.96
2017-05-22,21.84
2017-05-23,24.57
2017-05-24,22.66
2017-05-25,19.119999
2017-05-26,18.88
2017-05-27,19.97
2017-05-28,21.74
2017-05-29,24.13
2017-05-30,24.96
2017-05-31,24.289999
2017-06-01,25.74
2017-06-02,25.32
2017-06-03,24.56
2017-06-04,24.73
2017-06-05,25.92
2017-06-06,25.16
2017-06-07,26.5
2017-06-08,21.91
2017-06-09,20.449999
2017-06-10,24.55
2017-06-11,25.41
2017-06-12,25.71
2017-06-13,26.93
2017-06-14,24.8
2017-06-15,22.06
2017-06-16,24.039999
2017-06-17,21.83
2017-06-18,18.38
2017-06-19,23.119999
2017-06-20,27.93
2017-06-21,29.519999
2017-06-22,27.22
2017-06-23,29.17
2017-06-24,24.48
2017-06-25,29.789999
2017-06-26,27.83
2017-06-27,25.46
2017-06-28,28.58
2017-06-29,30.97
2017-06-30,31.15
2017-07-01,31.74
2017-07-02,27.25
2017-07-03,23.1
2017-07-04,22.26
2017-07-05,25.07
2017-07-06,25.76
2017-07-07,25.199999
2017-07-08,27.0
2017-07-09,26.59
2017-07-10,28.55
2017-07-11,31.099998
2017-07-12,27.51
2017-07-13,26.14
2017-07-14,23.48
2017-07-15,21.84
2017-07-16,20.56
2017-07-17,23.18
2017-07-18,25.75
2017-07-19,27.189999
2017-07-20,28.109999
2017-07-21,30.769999
2017-07-22,30.21
2017-07-23,30.42
2017-07-24,29.34
2017-07-25,27.34
2017-07-26,25.31
2017-07-27,24.89
2017-07-28,22.13
2017-07-29,24.05
2017-07-30,28.5
2017-07-31,30.429998
2017-08-01,33.57
2017-08-02,33.489998
2017-08-03,33.16
2017-08-04,34.45
2017-08-05,34.5
2017-08-06,34.18
2017-08-07,28.74
2017-08-08,27.99
2017-08-09,28.38
2017-08-10,30.07
2017-08-11,29.679998
2017-08-12,32.079998
2017-08-13,28.689999
2017-08-14,24.189999
2017-08-15,27.359999
2017-08-16,29.09
2017-08-17,29.699999
2017-08-18,30.34
2017-08-19,29.609999
2017-08-20,30.3
2017-08-21,26.71
2017-08-22,21.539999
2017-08-23,21.9
2017-08-24,23.019999
2017-08-25,28.0
2017-08-26,30.24
2017-08-27,29.14
2017-08-28,26.869999
2017-08-29,21.96
2017-08-30,23.06
2017-08-31,24.41
2017-09-01,26.09
2017-09-02,29.929998
2017-09-03,28.869999
2017-09-04,21.199999
2017-09-05,19.4
2017-09-06,19.07
2017-09-07,23.699999
2017-09-08,23.43
2017-09-09,23.84
2017-09-10,24.66
2017-09-11,28.33
2017-09-12,25.57
2017-09-13,22.72
2017-09-14,26.699999
2017-09-15,25.14
2017-09-16,27.13
2017-09-17,29.34
2017-09-18,24.279999
2017-09-19,23.67
2017-09-20,24.119999
2017-09-21,19.15
2017-09-22,14.44
2017-09-23,16.199999
2017-09-24,17.55
2017-09-25,20.42
2017-09-26,19.939999
2017-09-27,19.84
2017-09-28,16.76
2017-09-29,16.359999
2017-09-30,16.9
2017-10-01,16.21
2017-10-02,17.21
2017-10-03,17.789999
2017-10-04,17.19
2017-10-05,18.44
2017-10-06,16.41
2017-10-07,13.16
2017-10-08,10.25
2017-10-09,14.25
2017-10-10,13.32
2017-10-11,16.18
2017-10-12,18.4
2017-10-13,18.41
2017-10-14,15.49
2017-10-15,19.08
2017-10-16,20.529999
2017-10-17,22.029999
2017-10-18,22.529999
2017-10-19,23.59
2017-10-20,20.89
2017-10-21,18.39
2017-10-22,15.16
2017-10-23,13.32
2017-10-24,12.559999
2017-10-25,14.04
2017-10-26,14.549999
2017-10-27,13.75
2017-10-28,11.82
2017-10-29,9.139999
2017-10-30,7.29
2017-10-31,5.96
2017-11-01,4.74
2017-11-02,10.139999
2017-11-03,9.25
2017-11-04,9.75
2017-11-05,9.94
2017-11-06,10.0
2017-11-07,10.69
2017-11-08,8.82
2017-11-09,6.71
2017-11-10,8.88
2017-11-11,9.51
2017-11-12,9.08
2017-11-13,11.929999
2017-11-14,9.58
2017-11-15,7.46
2017-11-16,7.8999996
2017-11-17,7.06
2017-11-18,8.07
2017-11-19,8.46
2017-11-20,5.8399997
2017-11-21,3.0
2017-11-22,4.85
2017-11-23,8.32
2017-11-24,8.41
2017-11-25,11.24
2017-11-26,7.5099998
2017-11-27,7.0499997
2017-11-28,3.54
2017-11-29,7.47
2017-11-30,7.43
2017-12-01,7.73
2017-12-02,7.14
2017-12-03,5.52
2017-12-04,2.61
2017-12-05,-0.14
2017-12-06,1.3299999
2017-12-07,4.61
2017-12-08,6.02
2017-12-09,4.95
2017-12-10,3.7099998
2017-12-11,5.94
2017-12-12,7.85
2017-12-13,7.5499997
2017-12-14,7.6099997
2017-12-15,6.8199997
2017-12-16,9.349999
2017-12-17,5.33
2017-12-18,3.51
2017-12-19,3.4399998
2017-12-20,-2.48
2017-12-21,-2.4199998
2017-12-22,-1.02
2017-12-23,-0.42999998
2017-12-24,4.38
2017-12-25,8.42
2017-12-26,5.49
2017-12-27,5.24
2017-12-28,5.0499997
2017-12-29,7.48
2017-12-30,1.79
2017-12-31,2.9299998
2018-01-01,4.13
2018-01-02,3.9499998
2018-01-03,2.27
2018-01-04,0.14999999
2018-01-05,0.96999997
2018-01-06,5.54
2018-01-07,10.25
2018-01-08,6.41
2018-01-09,6.5
2018-01-10,6.81
2018-01-11,7.2799997
2018-01-12,3.9199998
2018-01-13,0.19999999
2018-01-14,-0.71999997
2018-01-15,-3.59
2018-01-16,-2.95
2018-01-17,2.06
2018-01-18,1.37
2018-01-19,1.35
2018-01-20,1.42
2018-01-21,-3.12
2018-01-22,-2.75
2018-01-23,-0.81
2018-01-24,-3.6999998
2018-01-25,-0.56
2018-01-26,1.55
2018-01-27,4.69
2018-01-28,3.11
2018-01-29,5.4
2018-01-30,7.5899997
2018-01-31,4.18
2018-02-01,5.7799997
2018-02-02,8.3
2018-02-03,9.92
2018-02-04,8.88
2018-02-05,0.44
2018-02-06,0.58
2018-02-07,3.3899999
2018-02-08,4.98
2018-02-09,3.08
2018-02-10,3.29
2018-02-11,0.22999999
2018-02-12,2.4099998
2018-02-13,5.0899997
2018-02-14,2.62
2018-02-15,5.24
2018-02-16,3.48
2018-02-17,0.65999997
2018-02-18,2.99
2018-02-19,2.6799998
2018-02-20,0.31
2018-02-21,1.88
2018-02-22,4.33
2018-02-23,2.6299999
2018-02-24,0.06
2018-02-25,-3.3
2018-02-26,-5.21
2018-02-27,-5.79
2018-02-28,-4.5699997
2018-03-01,-5.68
2018-03-02,-0.94
2018-03-03,3.75
2018-03-04,3.21
2018-03-05,1.43
2018-03-06,4.97
2018-03-07,9.0199995
2018-03-08,11.66
2018-03-09,8.49
2018-03-10,9.26
2018-03-11,11.46
2018-03-12,11.49
2018-03-13,9.94
2018-03-14,9.7
2018-03-15,11.2699995
2018-03-16,10.92
2018-03-17,9.99
2018-03-18,7.3999996
2018-03-19,4.58
2018-03-20,4.23
2018-03-21,3.58
2018-03-22,4.5299997
2018-03-23,-0.19
2018-03-24,5.0499997
2018-03-25,8.34
2018-03-26,9.05
2018-03-27,9.99
2018-03-28,9.04
2018-03-29,10.95
2018-03-30,14.7699995
2018-03-31,15.07
2018-04-01,15.42
2018-04-02,9.16
2018-04-03,16.949999
2018-04-04,21.43
2018-04-05,19.02
2018-04-06,15.339999
2018-04-07,15.37
2018-04-08,18.75
2018-04-09,18.81
2018-04-10,21.41
2018-04-11,21.39
2018-04-12,25.07
2018-04-13,22.05
2018-04-14,22.39
2018-04-15,22.42
2018-04-16,21.93
2018-04-17,23.64
2018-04-18,19.619999
2018-04-19,21.17
2018-04-20,19.24
2018-04-21,21.76
2018-04-22,24.88
2018-04-23,24.06
2018-04-24,23.189999
2018-04-25,24.769999
2018-04-26,25.34
2018-04-27,21.67
2018-04-28,25.869999
2018-04-29,26.449999
2018-04-30,23.82
2018-05-01,24.199999
2018-05-02,24.39
2018-05-03,24.06
2018-05-04,26.83
2018-05-05,27.14
2018-05-06,23.5
2018-05-07,23.31
2018-05-08,22.66
2018-05-09,22.859999
2018-05-10,21.25
2018-05-11,22.9
2018-05-12,21.6
2018-05-13,20.16
2018-05-14,18.32
2018-05-15,21.359999
2018-05-16,22.15
2018-05-17,19.24
2018-05-18,21.96
2018-05-19,21.27
2018-05-20,21.949999
2018-05-21,20.9
2018-05-22,23.6
2018-05-23,25.67
2018-05-24,25.49
2018-05-25,25.98
2018-05-26,26.269999
2018-05-27,25.16
2018-05-28,24.8
2018-05-29,27.24
2018-05-30,26.41
2018-05-31,28.75
2018-06-01,29.21
2018-06-02,26.56
2018-06-03,24.31
2018-06-04,23.369999
2018-06-05,24.359999
2018-06-06,26.41
2018-06-07,25.64
2018-06-08,28.119999
2018-06-09,29.41
2018-06-10,28.31
2018-06-11,27.67
2018-06-12,27.01
2018-06-13,26.43
2018-06-14,22.439999
2018-06-15,24.439999
2018-06-16,25.529999
2018-06-17,23.16
2018-06-18,24.99
2018-06-19,27.32
2018-06-20,29.26
2018-06-21,29.58
2018-06-22,26.71
2018-06-23,20.82
2018-06-24,18.93
2018-06-25,22.289999
2018-06-26,24.98
2018-06-27,22.35
2018-06-28,21.21
2018-06-29,23.06
2018-06-30,22.64
2018-07-01,18.869999
2018-07-02,20.939999
2018-07-03,23.74
2018-07-04,26.15
2018-07-05,25.14
2018-07-06,27.849998
2018-07-07,26.92
2018-07-08,22.98
2018-07-09,21.529999
2018-07-10,22.21
2018-07-11,25.08
2018-07-12,25.67
2018-07-13,26.8
2018-07-14,25.73
2018-07-15,24.82
2018-07-16,23.449999
2018-07-17,27.599998
2018-07-18,25.71
2018-07-19,25.88
2018-07-20,25.96
2018-07-21,25.49
2018-07-22,25.9
2018-07-23,25.859999
2018-07-24,24.1
2018-07-25,25.75
2018-07-26,27.09
2018-07-27,26.74
2018-07-28,27.05
2018-07-29,26.25
2018-07-30,26.96
2018-07-31,27.689999
2018-08-01,28.18
2018-08-02,29.439999
2018-08-03,27.39
2018-08-04,29.119999
2018-08-05,29.72
2018-08-06,29.47
2018-08-07,28.82
2018-08-08,29.109999
2018-08-09,29.05
2018-08-10,27.56
2018-08-11,28.49
2018-08-12,28.8
2018-08-13,29.439999
2018-08-14,30.81
2018-08-15,30.14
2018-08-16,29.09
2018-08-17,27.84
2018-08-18,30.109999
2018-08-19,30.269999
2018-08-20,29.21
2018-08-21,29.83
2018-08-22,29.63
2018-08-23,29.189999
2018-08-24,27.9
2018-08-25,27.369999
2018-08-26,28.57
2018-08-27,27.14
2018-08-28,26.06
2018-08-29,27.17
2018-08-30,25.5
2018-08-31,27.289999
2018-09-01,30.72
2018-09-02,30.21
2018-09-03,30.24
2018-09-04,27.029999
2018-09-05,22.859999
2018-09-06,20.74
2018-09-07,23.33
2018-09-08,22.42
2018-09-09,22.4
2018-09-10,22.56
2018-09-11,21.8
2018-09-12,25.109999
2018-09-13,25.57
2018-09-14,26.08
2018-09-15,26.15
2018-09-16,23.46
2018-09-17,24.519999
2018-09-18,27.0
2018-09-19,27.82
2018-09-20,26.84
2018-09-21,26.84
2018-09-22,26.4
2018-09-23,20.34
2018-09-24,19.859999
2018-09-25,11.889999
2018-09-26,10.929999
2018-09-27,17.539999
2018-09-28,23.39
2018-09-29,19.06
2018-09-30,17.0
2018-10-01,15.7699995
2018-10-02,20.82
2018-10-03,18.44
2018-10-04,14.7699995
2018-10-05,20.16
2018-10-06,24.97
2018-10-07,22.98
2018-10-08,22.49
2018-10-09,22.17
2018-10-10,21.08
2018-10-11,22.22
2018-10-12,21.949999
2018-10-13,21.439999
2018-10-14,22.16
2018-10-15,21.689999
2018-10-16,22.17
2018-10-17,22.89
2018-10-18,22.539999
2018-10-19,19.369999
2018-10-20,18.609999
2018-10-21,17.19
2018-10-22,16.24
2018-10-23,14.99
2018-10-24,13.049999
2018-10-25,9.61
2018-10-26,12.59
2018-10-27,16.16
2018-10-28,19.949999
2018-10-29,21.869999
2018-10-30,22.74
2018-10-31,21.789999
2018-11-01,18.6
2018-11-02,18.939999
2018-11-03,21.039999
2018-11-04,20.58
2018-11-05,19.83
2018-11-06,18.83
2018-11-07,14.87
2018-11-08,14.469999
2018-11-09,14.45
2018-11-10,14.08
2018-11-11,13.24
2018-11-12,12.87
2018-11-13,11.11
2018-11-14,7.6299996
2018-11-15,3.81
2018-11-16,1.48
2018-11-17,1.81
2018-11-18,6.2599998
2018-11-19,3.9199998
2018-11-20,2.9299998
2018-11-21,3.4099998
2018-11-22,4.65
2018-11-23,4.0699997
2018-11-24,5.1099997
2018-11-25,6.5
2018-11-26,6.49
2018-11-27,6.43
2018-11-28,4.0099998
2018-11-29,-5.35
2018-11-30,-6.2999997
2018-12-01,-2.1299999
2018-12-02,-0.35999998
2018-12-03,2.4299998
2018-12-04,5.44
2018-12-05,2.9399998
2018-12-06,-0.81
2018-12-07,0.08
2018-12-08,3.57
2018-12-09,4.69
2018-12-10,1.61
2018-12-11,2.56
2018-12-12,-0.11
2018-12-13,0.42999998
2018-12-14,3.8
2018-12-15,3.4499998
2018-12-16,2.07
2018-12-17,0.51
2018-12-18,0.65
2018-12-19,0.08
2018-12-20,-1.05
2018-12-21,-1.9499999
2018-12-22,3.02
2018-12-23,4.94
2018-12-24,3.48
2018-12-25,-0.24
2018-12-26,-2.03
2018-12-27,-0.12
2018-12-28,2.8
2018-12-29,1.05
2018-12-30,0.65999997
2018-12-31,3.04
2019-01-01,2.79
2019-01-02,-0.31
2019-01-03,0.32
2019-01-04,-4.33
2019-01-05,-4.37
2019-01-06,-5.21
2019-01-07,-7.19
2019-01-08,-4.5499997
2019-01-09,0.08
2019-01-10,0.82
2019-01-11,-0.98999995
2019-01-12,-2.51
2019-01-13,-2.45
2019-01-14,1.66
2019-01-15,-0.97999996
2019-01-16,1.24
2019-01-17,5.2
2019-01-18,6.0699997
2019-01-19,2.44
2019-01-20,2.36
2019-01-21,1.42
2019-01-22,-1.99
2019-01-23,2.27
2019-01-24,0.96
2019-01-25,1.38
2019-01-26,0.89
2019-01-27,1.5799999
2019-01-28,0.47
2019-01-29,3.87
2019-01-30,5.7599998
2019-01-31,5.2
2019-02-01,7.5099998
2019-02-02,6.8399997
2019-02-03,9.8
2019-02-04,10.04
2019-02-05,6.99
2019-02-06,5.6099997
2019-02-07,3.9599998
2019-02-08,3.74
2019-02-09,6.0699997
2019-02-10,8.83
2019-02-11,6.8999996
2019-02-12,4.9
2019-02-13,1.8399999
2019-02-14,-0.12
2019-02-15,5.0499997
2019-02-16,3.1799998
2019-02-17,7.2599998
2019-02-18,6.66
2019-02-19,8.389999
2019-02-20,7.5899997
2019-02-21,5.93
2019-02-22,3.9399998
2019-02-23,-4.16
2019-02-24,-6.0499997
2019-02-25,5.6299996
2019-02-26,5.6099997
2019-02-27,2.28
2019-02-28,8.87
2019-03-01,11.3
2019-03-02,8.82
2019-03-03,6.3999996
2019-03-04,12.94
2019-03-05,13.37
2019-03-06,8.71
2019-03-07,11.88
2019-03-08,18.109999
2019-03-09,16.24
2019-03-10,13.25
2019-03-11,12.79
2019-03-12,8.79
2019-03-13,8.41
2019-03-14,9.54
2019-03-15,10.2699995
2019-03-16,11.5
2019-03-17,15.259999
2019-03-18,19.439999
2019-03-19,14.809999
2019-03-20,11.389999
2019-03-21,12.849999
2019-03-22,14.65
2019-03-23,14.91
2019-03-24,15.7699995
2019-03-25,15.66
2019-03-26,11.65
2019-03-27,7.89
2019-03-28,10.309999
2019-03-29,12.48
2019-03-30,16.05
2019-03-31,18.52
2019-04-01,17.19
2019-04-02,13.4
2019-04-03,13.969999
2019-04-04,16.039999
2019-04-05,12.809999
2019-04-06,15.139999
2019-04-07,14.679999
2019-04-08,14.44
2019-04-09,16.279999
2019-04-10,15.45
2019-04-11,12.679999
2019-04-12,12.48
2019-04-13,12.84
2019-04-14,10.44
2019-04-15,12.69
2019-04-16,11.16
2019-04-17,14.17
2019-04-18,13.099999
2019-04-19,13.809999
2019-04-20,15.24
2019-04-21,16.59
2019-04-22,14.82
2019-04-23,13.54
2019-04-24,18.69
2019-04-25,22.269999
2019-04-26,25.09
2019-04-27,21.92
2019-04-28,18.68
2019-04-29,18.75
2019-04-30,18.8
2019-05-01,17.14
2019-05-02,17.859999
2019-05-03,18.59
2019-05-04,18.42
2019-05-05,18.17
2019-05-06,18.859999
2019-05-07,12.83
2019-05-08,9.94
2019-05-09,15.589999
2019-05-10,15.2
2019-05-11,17.52
2019-05-12,22.41
2019-05-13,21.76
2019-05-14,18.119999
2019-05-15,19.05
2019-05-16,18.279999
2019-05-17,21.73
2019-05-18,22.4
2019-05-19,25.08
2019-05-20,23.189999
2019-05-21,18.41
2019-05-22,18.68
2019-05-23,20.619999
2019-05-24,21.3
2019-05-25,20.66
2019-05-26,24.199999
2019-05-27,25.33
2019-05-28,24.48
2019-05-29,24.939999
2019-05-30,25.75
2019-05-31,23.189999
2019-06-01,22.39
2019-06-02,24.01
2019-06-03,22.38
2019-06-04,21.779999
2019-06-05,20.81
2019-06-06,22.24
2019-06-07,25.76
2019-06-08,26.73
2019-06-09,25.18
2019-06-10,24.369999
2019-06-11,26.119999
2019-06-12,29.019999
2019-06-13,29.859999
2019-06-14,30.4
2019-06-15,29.619999
2019-06-16,29.519999
2019-06-17,29.609999
2019-06-18,28.21
2019-06-19,28.05
2019-06-20,27.699999
2019-06-21,26.619999
2019-06-22,27.97
2019-06-23,27.859999
2019-06-24,26.539999
2019-06-25,25.49
2019-06-26,30.779999
2019-06-27,29.63
2019-06-28,26.789999
2019-06-29,22.699999
2019-06-30,26.609999
2019-07-01,31.199999
2019-07-02,32.36
2019-07-03,28.3
2019-07-04,25.66
2019-07-05,27.48
2019-07-06,26.8
2019-07-07,28.4
2019-07-08,23.83
2019-07-09,21.25
2019-07-10,20.84
2019-07-11,19.81
2019-07-12,21.51
2019-07-13,22.529999
2019-07-14,21.869999
2019-07-15,21.71
2019-07-16,23.029999
2019-07-17,24.83
2019-07-18,24.949999
2019-07-19,25.72
2019-07-20,26.96
2019-07-21,27.8
2019-07-22,29.779999
2019-07-23,25.9
2019-07-24,24.789999
2019-07-25,27.32
2019-07-26,28.75
2019-07-27,27.49
2019-07-28,27.88
2019-07-29,23.0
2019-07-30,25.89
2019-07-31,26.849998
2019-08-01,26.68
2019-08-02,28.65
2019-08-03,25.3
2019-08-04,25.019999
2019-08-05,25.64
2019-08-06,27.029999
2019-08-07,27.65
2019-08-08,30.74
2019-08-09,29.49
2019-08-10,26.59
2019-08-11,30.42
2019-08-12,28.68
2019-08-13,30.89
2019-08-14,30.06
2019-08-15,23.449999
2019-08-16,23.66
2019-08-17,23.08
2019-08-18,27.199999
2019-08-19,25.68
2019-08-20,27.15
2019-08-21,28.269999
2019-08-22,27.43
2019-08-23,29.09
2019-08-24,32.09
2019-08-25,31.3
2019-08-26,29.599998
2019-08-27,29.38
2019-08-28,31.06
2019-08-29,30.07
2019-08-30,30.3
2019-08-31,29.529999
2019-09-01,30.59
2019-09-02,29.449999
2019-09-03,30.289999
2019-09-04,23.869999
2019-09-05,22.939999
2019-09-06,24.67
2019-09-07,25.32
2019-09-08,26.029999
2019-09-09,25.68
2019-09-10,24.73
2019-09-11,26.26
2019-09-12,27.82
2019-09-13,27.47
2019-09-14,24.48
2019-09-15,23.63
2019-09-16,26.689999
2019-09-17,24.31
2019-09-18,21.25
2019-09-19,17.16
2019-09-20,14.099999
2019-09-21,14.86
2019-09-22,22.05
2019-09-23,22.31
2019-09-24,19.17
2019-09-25,20.24
2019-09-26,18.49
2019-09-27,17.84
2019-09-28,22.55
2019-09-29,22.88
2019-09-30,23.85
2019-10-01,22.41
2019-10-02,23.72
2019-10-03,23.109999
2019-10-04,16.449999
2019-10-05,14.0
2019-10-06,12.15
2019-10-07,9.78
2019-10-08,11.88
2019-10-09,20.21
2019-10-10,20.439999
2019-10-11,16.69
2019-10-12,21.52
2019-10-13,22.83
2019-10-14,23.17
2019-10-15,21.0
2019-10-16,23.05
2019-10-17,20.99
2019-10-18,21.109999
2019-10-19,19.77
2019-10-20,22.14
2019-10-21,21.939999
2019-10-22,20.24
2019-10-23,20.1
2019-10-24,21.51
2019-10-25,20.18
2019-10-26,19.38
2019-10-27,18.92
2019-10-28,18.06
2019-10-29,11.809999
2019-10-30,9.88
2019-10-31,6.7599998
2019-11-01,6.66
2019-11-02,9.34
2019-11-03,14.19
2019-11-04,18.109999
2019-11-05,17.63
2019-11-06,18.1
2019-11-07,15.139999
2019-11-08,14.719999
2019-11-09,17.029999
2019-11-10,14.38
2019-11-11,13.66
2019-11-12,15.82
2019-11-13,16.779999
2019-11-14,14.04
2019-11-15,14.13
2019-11-16,16.44
2019-11-17,14.929999
2019-11-18,15.089999
2019-11-19,11.94
2019-11-20,11.0199995
2019-11-21,10.21
2019-11-22,8.3
2019-11-23,9.69
2019-11-24,8.78
2019-11-25,7.5299997
2019-11-26,8.889999
2019-11-27,6.95
2019-11-28,9.37
2019-11-29,12.0
2019-11-30,8.88
2019-12-01,-0.17
2019-12-02,1.76
2019-12-03,3.1399999
2019-12-04,-1.37
2019-12-05,0.55
2019-12-06,1.8
2019-12-07,2.84
2019-12-08,4.0
2019-12-09,7.64
2019-12-10,6.22
2019-12-11,1.87
2019-12-12,2.28
2019-12-13,4.45
2019-12-14,6.15
2019-12-15,7.7
2019-12-16,9.04
2019-12-17,13.19
2019-12-18,11.57
2019-12-19,10.88
2019-12-20,12.4
2019-12-21,6.92
2019-12-22,10.75
2019-12-23,9.9
2019-12-24,5.48
2019-12-25,4.89
2019-12-26,2.58
2019-12-27,0.9
2019-12-28,1.55
2019-12-29,-1.41
2019-12-30,0.61
2019-12-31,2.4199998
2020-01-01,2.05
2020-01-02,-0.26999998
2020-01-03,0.31
2020-01-04,2.25
2020-01-05,3.53
2020-01-06,-3.54
2020-01-07,-3.55
2020-01-08,-0.82
2020-01-09,0.13
2020-01-10,4.3399997
2020-01-11,5.56
2020-01-12,2.1699998
2020-01-13,2.59
2020-01-14,1.09
2020-01-15,-0.39
2020-01-16,2.86
2020-01-17,3.51
2020-01-18,4.89
2020-01-19,2.8799999
2020-01-20,1.3
2020-01-21,0.84
2020-01-22,2.1599998
2020-01-23,1.73
2020-01-24,3.62
2020-01-25,7.79
2020-01-26,5.87
2020-01-27,4.5
2020-01-28,5.74
2020-01-29,6.83
2020-01-30,1.61
2020-01-31,6.0299997
2020-02-01,11.349999
2020-02-02,11.17
2020-02-03,9.96
2020-02-04,8.45
2020-02-05,9.82
2020-02-06,1.1899999
2020-02-07,1.5999999
2020-02-08,-3.04
2020-02-09,4.69
2020-02-10,9.139999
2020-02-11,9.01
2020-02-12,5.5299997
2020-02-13,6.35
2020-02-14,7.5
2020-02-15,6.8999996
2020-02-16,9.8
2020-02-17,13.0
2020-02-18,14.309999
2020-02-19,10.29
2020-02-20,7.0899997
2020-02-21,5.1099997
2020-02-22,6.62
2020-02-23,11.54
2020-02-24,11.94
2020-02-25,11.059999
2020-02-26,14.38
2020-02-27,11.429999
2020-02-28,6.1099997
2020-02-29,8.11
2020-03-01,12.559999
2020-03-02,12.059999
2020-03-03,15.46
2020-03-04,16.039999
2020-03-05,11.75
2020-03-06,10.87
2020-03-07,11.58
2020-03-08,11.46
2020-03-09,11.74
2020-03-10,12.79
2020-03-11,13.469999
2020-03-12,17.56
2020-03-13,16.289999
2020-03-14,13.809999
2020-03-15,7.3399997
2020-03-16,10.679999
2020-03-17,12.71
2020-03-18,13.08
2020-03-19,17.4
2020-03-20,16.66
2020-03-21,14.09
2020-03-22,11.679999
2020-03-23,4.35
2020-03-24,3.26
2020-03-25,6.7999997
2020-03-26,10.0
2020-03-27,15.2699995
2020-03-28,13.45
2020-03-29,14.139999
2020-03-30,12.24
2020-03-31,10.25
2020-04-01,8.12
2020-04-02,8.8
2020-04-03,14.36
2020-04-04,14.75
2020-04-05,12.75
2020-04-06,15.429999
2020-04-07,18.48
2020-04-08,20.68
2020-04-09,21.88
2020-04-10,19.71
2020-04-11,17.43
2020-04-12,17.07
2020-04-13,17.76
2020-04-14,15.57
2020-04-15,9.679999
2020-04-16,19.189999
2020-04-17,19.51
2020-04-18,19.52
2020-04-19,18.98
2020-04-20,16.57
2020-04-21,16.63
2020-04-22,16.58
2020-04-23,18.64
2020-04-24,20.59
2020-04-25,21.38
2020-04-26,16.25
2020-04-27,16.859999
2020-04-28,18.88
2020-04-29,20.26
2020-04-30,17.68
2020-05-01,18.6
2020-05-02,18.89
2020-05-03,18.27
2020-05-04,15.549999
2020-05-05,16.92
2020-05-06,14.29
2020-05-07,15.349999
2020-05-08,16.949999
2020-05-09,19.779999
2020-05-10,21.119999
2020-05-11,23.689999
2020-05-12,21.83
2020-05-13,16.81
2020-05-14,21.609999
2020-05-15,23.66
2020-05-16,21.68
2020-05-17,21.43
2020-05-18,22.689999
2020-05-19,26.96
2020-05-20,23.189999
2020-05-21,19.199999
2020-05-22,15.559999
2020-05-23,15.79
2020-05-24,18.57
2020-05-25,17.55
2020-05-26,16.81
2020-05-27,16.57
2020-05-28,17.15
2020-05-29,17.68
2020-05-30,18.119999
2020-05-31,17.56
2020-06-01,17.97
2020-06-02,16.13
2020-06-03,16.76
2020-06-04,17.81
2020-06-05,22.63
2020-06-06,25.18
2020-06-07,21.619999
2020-06-08,25.15
2020-06-09,22.13
2020-06-10,23.869999
2020-06-11,25.63
2020-06-12,24.51
2020-06-13,25.08
2020-06-14,24.5
2020-06-15,25.13
2020-06-16,24.92
2020-06-17,23.96
2020-06-18,23.8
2020-06-19,24.93
2020-06-20,24.529999
2020-06-21,23.539999
2020-06-22,26.34
2020-06-23,25.4
2020-06-24,26.93
2020-06-25,26.449999
2020-06-26,26.47
2020-06-27,27.58
2020-06-28,28.75
2020-06-29,28.529999
2020-06-30,27.21
2020-07-01,29.82
2020-07-02,28.14
2020-07-03,27.4
2020-07-04,26.66
2020-07-05,27.189999
2020-07-06,27.47
2020-07-07,26.3
2020-07-08,21.33
2020-07-09,27.14
2020-07-10,29.32
2020-07-11,27.88
2020-07-12,26.32
2020-07-13,21.449999
2020-07-14,21.859999
2020-07-15,22.369999
2020-07-16,22.72
2020-07-17,23.96
2020-07-18,23.73
2020-07-19,23.289999
2020-07-20,23.17
2020-07-21,25.699999
2020-07-22,27.47
2020-07-23,27.51
2020-07-24,28.439999
2020-07-25,25.67
2020-07-26,25.59
2020-07-27,27.109999
2020-07-28,28.49
2020-07-29,30.48
2020-07-30,33.23
2020-07-31,33.2
2020-08-01,28.519999
2020-08-02,25.25
2020-08-03,24.59
2020-08-04,29.97
2020-08-05,29.849998
2020-08-06,30.09
2020-08-07,32.26
2020-08-08,32.39
2020-08-09,30.15
2020-08-10,29.519999
2020-08-11,29.029999
2020-08-12,26.71
2020-08-13,28.16
2020-08-14,28.539999
2020-08-15,24.84
2020-08-16,23.56
2020-08-17,26.41
2020-08-18,27.57
2020-08-19,25.449999
2020-08-20,24.09
2020-08-21,28.82
2020-08-22,27.67
2020-08-23,29.119999
2020-08-24,28.83
2020-08-25,26.63
2020-08-26,25.92
2020-08-27,27.0
2020-08-28,25.769999
2020-08-29,26.96
2020-08-30,26.46
2020-08-31,30.689999
2020-09-01,29.039999
2020-09-02,26.519999
2020-09-03,24.23
2020-09-04,23.56
2020-09-05,24.9
2020-09-06,26.34
2020-09-07,28.64
2020-09-08,26.109999
2020-09-09,26.99
2020-09-10,28.199999
2020-09-11,25.849998
2020-09-12,28.18
2020-09-13,27.949999
2020-09-14,29.109999
2020-09-15,28.859999
2020-09-16,30.07
2020-09-17,28.43
2020-09-18,22.34
2020-09-19,20.33
2020-09-20,22.289999
2020-09-21,26.019999
2020-09-22,25.31
2020-09-23,23.0
2020-09-24,22.99
2020-09-25,21.619999
2020-09-26,21.14
2020-09-27,17.5
2020-09-28,18.91
2020-09-29,17.69
2020-09-30,14.03
2020-10-01,14.21
2020-10-02,17.82
2020-10-03,23.07
2020-10-04,26.769999
2020-10-05,27.779999
2020-10-06,22.48
2020-10-07,21.92
2020-10-08,19.6
2020-10-09,19.02
2020-10-10,18.08
2020-10-11,19.15
2020-10-12,20.74
2020-10-13,19.31
2020-10-14,13.82
2020-10-15,16.42
2020-10-16,18.43
2020-10-17,14.61
2020-10-18,12.41
2020-10-19,13.0199995
2020-10-20,13.84
2020-10-21,15.179999
2020-10-22,19.07
2020-10-23,18.96
2020-10-24,17.67
2020-10-25,17.49
2020-10-26,13.95
2020-10-27,16.27
2020-10-28,15.799999
2020-10-29,13.299999
2020-10-30,10.809999
2020-10-31,8.78
2020-11-01,7.2999997
2020-11-02,9.74
2020-11-03,8.95
2020-11-04,10.0
2020-11-05,12.45
2020-11-06,10.059999
2020-11-07,11.389999
2020-11-08,10.78
2020-11-09,8.389999
2020-11-10,6.27
2020-11-11,6.27
2020-11-12,9.349999
2020-11-13,7.95
2020-11-14,8.36
2020-11-15,8.97
2020-11-16,8.37
2020-11-17,7.3599997
2020-11-18,6.25
2020-11-19,8.04
2020-11-20,6.3199997
2020-11-21,3.34
2020-11-22,2.27
2020-11-23,5.7599998
2020-11-24,4.5
2020-11-25,3.6399999
2020-11-26,1.42
2020-11-27,2.54
2020-11-28,1.61
2020-11-29,1.05
2020-11-30,1.12
2020-12-01,-2.61
2020-12-02,0.32
2020-12-03,2.69
2020-12-04,8.05
2020-12-05,8.58
2020-12-06,6.0
2020-12-07,3.84
2020-12-08,1.5
2020-12-09,2.48
2020-12-10,5.65
2020-12-11,6.0699997
2020-12-12,5.13
2020-12-13,5.87
2020-12-14,4.0099998
2020-12-15,2.8799999
2020-12-16,5.0699997
2020-12-17,3.6699998
2020-12-18,3.07
2020-12-19,2.61
2020-12-20,3.9099998
2020-12-21,2.1399999
2020-12-22,4.4
2020-12-23,6.58
2020-12-24,8.49
2020-12-25,8.21
2020-12-26,6.35
2020-12-27,2.7
2020-12-28,9.12
2020-12-29,10.2
2020-12-30,9.65
2020-12-31,9.11
2021-01-01,5.83
2021-01-02,2.85
2021-01-03,5.42
2021-01-04,7.64
2021-01-05,8.8
2021-01-06,5.79
2021-01-07,6.5699997
2021-01-08,3.6799998
2021-01-09,2.27
2021-01-10,-0.14
2021-01-11,-2.8
2021-01-12,-0.19
2021-01-13,0.59999996
2021-01-14,-1.8199999
2021-01-15,-3.87
2021-01-16,-5.14
2021-01-17,-9.45
2021-01-18,-5.44
2021-01-19,-4.37
2021-01-20,2.3999999
2021-01-21,5.0499997
2021-01-22,6.56
2021-01-23,6.8399997
2021-01-24,8.37
2021-01-25,7.7599998
2021-01-26,3.3
2021-01-27,-0.84
2021-01-28,-2.22
2021-01-29,4.81
2021-01-30,6.94
2021-01-31,4.43
2021-02-01,6.83
2021-02-02,8.099999
2021-02-03,8.15
2021-02-04,12.49
2021-02-05,10.65
2021-02-06,9.34
2021-02-07,8.139999
2021-02-08,7.75
2021-02-09,10.139999
2021-02-10,9.25
2021-02-11,9.73
2021-02-12,1.52
2021-02-13,-8.51
2021-02-14,-6.58
2021-02-15,-3.9399998
2021-02-16,-3.81
2021-02-17,1.03
2021-02-18,4.42
2021-02-19,2.99
2021-02-20,3.8899999
2021-02-21,8.67
2021-02-22,8.21
2021-02-23,11.67
2021-02-24,8.78
2021-02-25,13.73
2021-02-26,17.58
2021-02-27,9.34
2021-02-28,4.6
2021-03-01,6.47
2021-03-02,8.5199995
2021-03-03,8.46
2021-03-04,14.11
2021-03-05,11.0199995
2021-03-06,8.29
2021-03-07,5.67
2021-03-08,6.35
2021-03-09,3.4099998
2021-03-10,2.87
2021-03-11,4.5699997
2021-03-12,6.66
2021-03-13,8.349999
2021-03-14,10.679999
2021-03-15,9.179999
2021-03-16,8.0
2021-03-17,4.7999997
2021-03-18,6.5499997
2021-03-19,7.29
2021-03-20,4.3199997
2021-03-21,2.57
2021-03-22,4.33
2021-03-23,5.29
2021-03-24,4.4
2021-03-25,5.6099997
2021-03-26,11.099999
2021-03-27,14.74
2021-03-28,14.7
2021-03-29,10.03
2021-03-30,13.9
2021-03-31,13.46
2021-04-01,18.22
2021-04-02,15.17
2021-04-03,10.41
2021-04-04,10.34
2021-04-05,9.57
2021-04-06,10.78
2021-04-07,10.95
2021-04-08,6.33
2021-04-09,9.12
2021-04-10,15.099999
2021-04-11,19.14
2021-04-12,17.38
2021-04-13,20.0
2021-04-14,13.82
2021-04-15,9.55
2021-04-16,8.059999
2021-04-17,10.92
2021-04-18,12.099999
2021-04-19,12.799999
2021-04-20,13.509999
2021-04-21,14.13
2021-04-22,14.759999
2021-04-23,12.62
2021-04-24,13.13
2021-04-25,13.88
2021-04-26,12.63
2021-04-27,11.2699995
2021-04-28,12.37
2021-04-29,16.6
2021-04-30,19.21
2021-05-01,18.619999
2021-05-02,22.67
2021-05-03,19.58
2021-05-04,18.1
2021-05-05,18.0
2021-05-06,16.16
2021-05-07,18.64
2021-05-08,18.699999
2021-05-09,17.65
2021-05-10,20.99
2021-05-11,21.73
2021-05-12,19.01
2021-05-13,16.5
2021-05-14,19.56
2021-05-15,19.779999
2021-05-16,18.84
2021-05-17,20.08
2021-05-18,17.09
2021-05-19,18.39
2021-05-20,18.0
2021-05-21,19.0
2021-05-22,21.5
2021-05-23,23.3
2021-05-24,21.55
2021-05-25,23.74
2021-05-26,22.05
2021-05-27,22.529999
2021-05-28,20.56
2021-05-29,22.65
2021-05-30,21.56
2021-05-31,20.07
2021-06-01,15.059999
2021-06-02,15.9
2021-06-03,18.88
2021-06-04,19.56
2021-06-05,23.109999
2021-06-06,18.9
2021-06-07,23.18
2021-06-08,23.779999
2021-06-09,24.34
2021-06-10,23.3
2021-06-11,23.05
2021-06-12,22.119999
2021-06-13,18.47
2021-06-14,15.5199995
2021-06-15,20.81
2021-06-16,21.869999
2021-06-17,23.269999
2021-06-18,23.449999
2021-06-19,20.47
2021-06-20,19.88
2021-06-21,22.83
2021-06-22,26.66
2021-06-23,27.99
2021-06-24,30.31
2021-06-25,31.63
2021-06-26,28.859999
2021-06-27,27.13
2021-06-28,27.31
2021-06-29,28.97
2021-06-30,31.63
2021-07-01,28.41
2021-07-02,23.869999
2021-07-03,21.84
2021-07-04,22.56
2021-07-05,24.6
2021-07-06,24.72
2021-07-07,26.519999
2021-07-08,25.34
2021-07-09,27.789999
2021-07-10,29.97
2021-07-11,30.099998
2021-07-12,25.15
2021-07-13,29.679998
2021-07-14,28.019999
2021-07-15,30.279999
2021-07-16,32.37
2021-07-17,30.439999
2021-07-18,30.74
2021-07-19,31.939999
2021-07-20,26.68
2021-07-21,24.05
2021-07-22,24.8
2021-07-23,26.57
2021-07-24,24.89
2021-07-25,26.8
2021-07-26,30.269999
2021-07-27,32.36
2021-07-28,32.559998
2021-07-29,33.239998
2021-07-30,32.68
2021-07-31,29.349998
2021-08-01,30.31
2021-08-02,30.63
2021-08-03,27.619999
2021-08-04,26.59
2021-08-05,30.99
2021-08-06,25.39
2021-08-07,24.71
2021-08-08,30.019999
2021-08-09,31.51
2021-08-10,31.05
2021-08-11,31.47
2021-08-12,29.58
2021-08-13,28.92
2021-08-14,30.5
2021-08-15,32.39
2021-08-16,30.789999
2021-08-17,30.33
2021-08-18,23.9
2021-08-19,22.57
2021-08-20,26.68
2021-08-21,28.48
2021-08-22,26.24
2021-08-23,26.71
2021-08-24,25.4
2021-08-25,23.25
2021-08-26,21.289999
2021-08-27,22.05
2021-08-28,20.939999
2021-08-29,22.63
2021-08-30,22.609999
2021-08-31,22.13
2021-09-01,20.51
2021-09-02,19.0
2021-09-03,20.74
2021-09-04,23.15
2021-09-05,22.609999
2021-09-06,21.06
2021-09-07,22.76
2021-09-08,23.96
2021-09-09,24.39
2021-09-10,23.769999
2021-09-11,25.14
2021-09-12,25.619999
2021-09-13,25.39
2021-09-14,24.75
2021-09-15,25.3
2021-09-16,26.369999
2021-09-17,24.039999
2021-09-18,21.72
2021-09-19,18.75
2021-09-20,16.56
2021-09-21,15.24
2021-09-22,12.24
2021-09-23,12.4
2021-09-24,15.54
2021-09-25,19.4
2021-09-26,23.71
2021-09-27,21.01
2021-09-28,16.609999
2021-09-29,15.04
2021-09-30,17.0
2021-10-01,16.619999
2021-10-02,19.4
2021-10-03,20.06
2021-10-04,17.85
2021-10-05,17.369999
2021-10-06,14.799999
2021-10-07,13.549999
2021-10-08,12.13
2021-10-09,11.5
2021-10-10,12.559999
2021-10-11,13.0
2021-10-12,10.98
2021-10-13,10.9
2021-10-14,9.59
2021-10-15,12.5
2021-10-16,12.65
2021-10-17,11.74
2021-10-18,12.05
2021-10-19,11.62
2021-10-20,17.029999
2021-10-21,18.789999
2021-10-22,17.25
2021-10-23,14.53
2021-10-24,10.41
2021-10-25,13.65
2021-10-26,16.09
2021-10-27,15.53
2021-10-28,12.58
2021-10-29,17.699999
2021-10-30,19.27
2021-10-31,16.21
2021-11-01,10.059999
2021-11-02,11.49
2021-11-03,13.5
2021-11-04,18.21
2021-11-05,19.16
2021-11-06,14.63
2021-11-07,13.83
2021-11-08,14.54
2021-11-09,10.849999
2021-11-10,11.509999
2021-11-11,10.2
2021-11-12,10.469999
2021-11-13,10.0199995
2021-11-14,12.79
2021-11-15,10.53
2021-11-16,10.78
2021-11-17,7.24
2021-11-18,7.8799996
2021-11-19,7.3599997
2021-11-20,9.05
2021-11-21,9.63
2021-11-22,9.059999
2021-11-23,6.16
2021-11-24,4.66
2021-11-25,5.06
2021-11-26,4.7999997
2021-11-27,8.73
2021-11-28,9.71
2021-11-29,10.5
2021-11-30,1.48
2021-12-01,3.4199998
2021-12-02,8.79
2021-12-03,7.52
2021-12-04,4.5
2021-12-05,5.37
2021-12-06,7.39
2021-12-07,6.2
2021-12-08,4.0899997
2021-12-09,4.33
2021-12-10,6.46
2021-12-11,6.2999997
2021-12-12,6.02
2021-12-13,2.8
2021-12-14,2.21
2021-12-15,1.23
2021-12-16,1.35
2021-12-17,2.72
2021-12-18,-1.78
2021-12-19,1.3199999
2021-12-20,0.59999996
2021-12-21,-2.55
2021-12-22,-3.8999999
2021-12-23,-4.75
2021-12-24,5.5299997
2021-12-25,7.93
2021-12-26,5.19
2021-12-27,3.22
2021-12-28,3.27
2021-12-29,3.22
2021-12-30,4.69
2021-12-31,6.87
2022-01-01,9.3
2022-01-02,9.42
2022-01-03,12.73
2022-01-04,9.58
2022-01-05,13.07
2022-01-06,10.86
2022-01-07,5.0
2022-01-08,6.89
2022-01-09,4.66
2022-01-10,9.429999
2022-01-11,3.9299998
2022-01-12,-2.1399999
2022-01-13,-3.1
2022-01-14,2.08
2022-01-15,1.9599999
2022-01-16,-0.72999996
2022-01-17,4.47
2022-01-18,2.1299999
2022-01-19,-0.48
2022-01-20,3.6
2022-01-21,1.25
2022-01-22,-2.5
2022-01-23,-3.6599998
2022-01-24,-4.98
2022-01-25,-3.4099998
2022-01-26,-1.4599999
2022-01-27,-0.01
2022-01-28,6.3399997
2022-01-29,5.21
2022-01-30,5.7599998
2022-01-31,4.3399997
2022-02-01,4.95
2022-02-02,3.54
2022-02-03,4.3399997
2022-02-04,3.6599998
2022-02-05,5.3399997
2022-02-06,5.13
2022-02-07,6.1299996
2022-02-08,4.44
2022-02-09,3.9199998
2022-02-10,11.11
2022-02-11,10.91
2022-02-12,8.61
2022-02-13,8.08
2022-02-14,7.24
2022-02-15,8.25
2022-02-16,10.349999
2022-02-17,12.63
2022-02-18,9.49
2022-02-19,10.19
2022-02-20,9.01
2022-02-21,10.55
2022-02-22,11.17
2022-02-23,7.64
2022-02-24,5.93
2022-02-25,8.0
2022-02-26,5.97
2022-02-27,5.4
2022-02-28,1.1899999
2022-03-01,3.07
2022-03-02,4.56
2022-03-03,5.91
2022-03-04,6.3999996
2022-03-05,5.85
2022-03-06,3.81
2022-03-07,2.29
2022-03-08,1.73
2022-03-09,0.42
2022-03-10,0.31
2022-03-11,-3.9199998
2022-03-12,0.9
2022-03-13,2.62
2022-03-14,8.57
2022-03-15,10.9
2022-03-16,5.91
2022-03-17,4.8399997
2022-03-18,2.05
2022-03-19,3.24
2022-03-20,6.56
2022-03-21,10.23
2022-03-22,14.719999
2022-03-23,14.62
2022-03-24,18.3
2022-03-25,12.99
2022-03-26,14.21
2022-03-27,13.24
2022-03-28,14.049999
2022-03-29,19.16
2022-03-30,17.24
2022-03-31,16.539999
2022-04-01,16.68
2022-04-02,12.84
2022-04-03,9.2699995
2022-04-04,6.17
2022-04-05,10.99
2022-04-06,17.44
2022-04-07,16.789999
2022-04-08,15.44
2022-04-09,17.22
2022-04-10,17.41
2022-04-11,9.5199995
2022-04-12,9.4
2022-04-13,13.17
2022-04-14,18.89
2022-04-15,26.019999
2022-04-16,19.35
2022-04-17,15.309999
2022-04-18,11.15
2022-04-19,11.96
2022-04-20,11.719999
2022-04-21,13.29
2022-04-22,16.15
2022-04-23,14.17
2022-04-24,19.359999
2022-04-25,20.189999
2022-04-26,19.75
2022-04-27,18.25
2022-04-28,15.69
2022-04-29,16.9
2022-04-30,18.09
2022-05-01,18.109999
2022-05-02,17.18
2022-05-03,17.35
2022-05-04,18.08
2022-05-05,18.039999
2022-05-06,21.14
2022-05-07,21.42
2022-05-08,21.42
2022-05-09,21.75
2022-05-10,18.93
2022-05-11,21.39
2022-05-12,25.21
2022-05-13,27.16
2022-05-14,23.43
2022-05-15,21.97
2022-05-16,23.38
2022-05-17,24.289999
2022-05-18,18.369999
2022-05-19,20.33
2022-05-20,27.34
2022-05-21,27.449999
2022-05-22,22.33
2022-05-23,17.02
2022-05-24,18.55
2022-05-25,25.26
2022-05-26,22.93
2022-05-27,23.369999
2022-05-28,21.65
2022-05-29,20.51
2022-05-30,23.8
2022-05-31,25.64
2022-06-01,26.05
2022-06-02,26.63
2022-06-03,26.84
2022-06-04,26.33
2022-06-05,24.72
2022-06-06,24.279999
2022-06-07,27.05
2022-06-08,24.369999
2022-06-09,24.89
2022-06-10,25.08
2022-06-11,24.71
2022-06-12,25.91
2022-06-13,27.029999
2022-06-14,25.93
2022-06-15,23.48
2022-06-16,26.39
2022-06-17,24.82
2022-06-18,22.55
2022-06-19,27.689999
2022-06-20,26.5
2022-06-21,27.859999
2022-06-22,24.24
2022-06-23,23.619999
2022-06-24,25.529999
2022-06-25,28.63
2022-06-26,25.82
2022-06-27,26.47
2022-06-28,28.359999
2022-06-29,32.69
2022-06-30,31.269999
2022-07-01,31.39
2022-07-02,31.39
2022-07-03,30.46
2022-07-04,29.72
2022-07-05,32.98
2022-07-06,26.16
2022-07-07,22.23
2022-07-08,25.609999
2022-07-09,23.25
2022-07-10,23.01
2022-07-11,21.84
2022-07-12,21.91
2022-07-13,23.24
2022-07-14,28.96
2022-07-15,28.66
2022-07-16,27.67
2022-07-17,25.17
2022-07-18,26.39
2022-07-19,28.26
2022-07-20,30.039999
2022-07-21,30.429998
2022-07-22,33.16
2022-07-23,35.03
2022-07-24,32.969997
2022-07-25,29.38
2022-07-26,30.599998
2022-07-27,30.51
2022-07-28,28.71
2022-07-29,27.64
2022-07-30,28.689999
2022-07-31,26.8
2022-08-01,23.92
2022-08-02,26.18
2022-08-03,28.67
2022-08-04,28.58
2022-08-05,30.01
2022-08-06,29.71
2022-08-07,28.849998
2022-08-08,31.75
2022-08-09,30.269999
2022-08-10,26.75
2022-08-11,26.449999
2022-08-12,28.369999
2022-08-13,29.349998
2022-08-14,26.75
2022-08-15,26.39
2022-08-16,27.08
2022-08-17,26.58
2022-08-18,25.23
2022-08-19,29.56
2022-08-20,29.91
2022-08-21,27.76
2022-08-22,27.01
2022-08-23,27.21
2022-08-24,29.5
2022-08-25,29.439999
2022-08-26,27.59
2022-08-27,28.68
2022-08-28,30.679998
2022-08-29,30.699999
2022-08-30,26.949999
2022-08-31,24.619999
2022-09-01,26.359999
2022-09-02,20.76
2022-09-03,19.91
2022-09-04,21.539999
2022-09-05,20.67
2022-09-06,21.74
2022-09-07,22.689999
2022-09-08,24.42
2022-09-09,21.289999
2022-09-10,24.21
2022-09-11,23.73
2022-09-12,17.88
2022-09-13,13.16
2022-09-14,21.73
2022-09-15,23.81
2022-09-16,22.92
2022-09-17,19.76
2022-09-18,20.289999
2022-09-19,16.75
2022-09-20,14.88
2022-09-21,16.06
2022-09-22,16.09
2022-09-23,15.12
2022-09-24,15.37
2022-09-25,18.33
2022-09-26,19.33
2022-09-27,19.199999
2022-09-28,18.44
2022-09-29,19.039999
2022-09-30,21.52
2022-10-01,22.82
2022-10-02,18.41
2022-10-03,14.839999
2022-10-04,14.19
2022-10-05,15.86
2022-10-06,20.42
2022-10-07,18.84
2022-10-08,21.32
2022-10-09,20.189999
2022-10-10,19.82
2022-10-11,19.63
2022-10-12,18.279999
2022-10-13,15.969999
2022-10-14,15.549999
2022-10-15,15.049999
2022-10-16,16.529999
2022-10-17,17.869999
2022-10-18,19.73
2022-10-19,18.119999
2022-10-20,10.61
2022-10-21,15.71
2022-10-22,18.93
2022-10-23,17.38
2022-10-24,17.1
2022-10-25,20.24
2022-10-26,17.359999
2022-10-27,15.99
2022-10-28,17.369999
2022-10-29,15.25
2022-10-30,18.0
2022-10-31,15.42
2022-11-01,13.91
2022-11-02,16.25
2022-11-03,12.62
2022-11-04,12.04
2022-11-05,13.639999
2022-11-06,13.86
2022-11-07,12.469999
2022-11-08,10.34
2022-11-09,10.679999
2022-11-10,12.69
2022-11-11,8.05
2022-11-12,7.24
2022-11-13,11.969999
2022-11-14,12.4
2022-11-15,9.38
2022-11-16,7.66
2022-11-17,10.639999
2022-11-18,9.73
2022-11-19,10.969999
2022-11-20,10.63
2022-11-21,8.9
2022-11-22,6.2599998
2022-11-23,7.73
2022-11-24,6.73
2022-11-25,3.46
2022-11-26,3.9199998
2022-11-27,4.11
2022-11-28,1.5
2022-11-29,4.79
2022-11-30,4.98
2022-12-01,5.49
2022-12-02,4.33
2022-12-03,3.99
2022-12-04,4.12
2022-12-05,4.3399997
2022-12-06,4.95
2022-12-07,5.17
2022-12-08,4.97
2022-12-09,4.3399997
2022-12-10,9.61
2022-12-11,13.09
2022-12-12,7.23
2022-12-13,-0.59999996
2022-12-14,-0.69
2022-12-15,2.62
2022-12-16,6.0499997
2022-12-17,11.9
2022-12-18,4.54
2022-12-19,-5.24
2022-12-20,0.11
2022-12-21,4.46
2022-12-22,6.89
2022-12-23,8.83
2022-12-24,7.39
2022-12-25,7.3999996
2022-12-26,8.679999
2022-12-27,11.87
2022-12-28,4.95
2022-12-29,6.7999997
2022-12-30,7.0699997
2022-12-31,10.13
2023-01-01,13.639999
2023-01-02,10.62
2023-01-03,11.28
2023-01-04,8.2699995
2023-01-05,7.73
2023-01-06,5.02
2023-01-07,5.0
2023-01-08,6.04
2023-01-09,6.1099997
2023-01-10,8.2
2023-01-11,5.5699997
2023-01-12,5.29
2023-01-13,5.3399997
2023-01-14,9.24
2023-01-15,4.9
2023-01-16,5.12
2023-01-17,9.66
2023-01-18,12.45
2023-01-19,13.309999
2023-01-20,9.59
2023-01-21,6.79
2023-01-22,6.44
2023-01-23,7.37
2023-01-24,4.5699997
2023-01-25,3.46
2023-01-26,0.71999997
2023-01-27,1.22
2023-01-28,2.21
2023-01-29,-2.6399999
2023-01-30,-1.1
2023-01-31,0.47
2023-02-01,2.52
2023-02-02,1.7099999
2023-02-03,2.05
2023-02-04,1.65
2023-02-05,-3.47
2023-02-06,-2.36
2023-02-07,-4.44
2023-02-08,-1.9499999
2023-02-09,0.22999999
2023-02-10,-0.68
2023-02-11,1.68
2023-02-12,4.92
2023-02-13,3.1599998
2023-02-14,3.11
2023-02-15,3.1299999
2023-02-16,6.37
2023-02-17,8.67
2023-02-18,10.09
2023-02-19,9.09
2023-02-20,7.1
2023-02-21,12.9
2023-02-22,10.74
2023-02-23,10.099999
2023-02-24,8.61
2023-02-25,10.87
2023-02-26,8.13
2023-02-27,5.93
2023-02-28,7.17
2023-03-01,8.17
2023-03-02,10.99
2023-03-03,8.98
2023-03-04,8.72
2023-03-05,7.2599998
2023-03-06,7.98
2023-03-07,10.309999
2023-03-08,12.86
2023-03-09,14.7
2023-03-10,16.01
2023-03-11,12.469999
2023-03-12,7.3999996
2023-03-13,12.7699995
2023-03-14,14.98
2023-03-15,14.42
2023-03-16,9.11
2023-03-17,4.43
2023-03-18,9.79
2023-03-19,15.679999
2023-03-20,16.65
2023-03-21,14.83
2023-03-22,15.58
2023-03-23,15.7
2023-03-24,18.47
2023-03-25,16.63
2023-03-26,11.599999
2023-03-27,12.41
2023-03-28,9.15
2023-03-29,2.6699998
2023-03-30,11.7699995
2023-03-31,14.0
2023-04-01,12.29
2023-04-02,12.9
2023-04-03,12.11
2023-04-04,8.08
2023-04-05,9.13
2023-04-06,7.0299997
2023-04-07,7.5499997
2023-04-08,9.059999
2023-04-09,14.08
2023-04-10,12.16
2023-04-11,10.969999
2023-04-12,10.57
2023-04-13,14.17
2023-04-14,16.279999
2023-04-15,13.16
2023-04-16,14.17
2023-04-17,13.08
2023-04-18,13.71
2023-04-19,14.33
2023-04-20,13.94
2023-04-21,16.01
2023-04-22,14.86
2023-04-23,16.26
2023-04-24,14.48
2023-04-25,15.969999
2023-04-26,12.57
2023-04-27,10.91
2023-04-28,13.0199995
2023-04-29,17.51
2023-04-30,15.71
2023-05-01,20.43
2023-05-02,19.98
2023-05-03,20.51
2023-05-04,15.33
2023-05-05,17.789999
2023-05-06,20.02
2023-05-07,18.89
2023-05-08,14.759999
2023-05-09,12.96
2023-05-10,15.309999
2023-05-11,13.5
2023-05-12,10.42
2023-05-13,15.969999
2023-05-14,17.89
2023-05-15,22.02
2023-05-16,21.74
2023-05-17,18.15
2023-05-18,17.09
2023-05-19,21.8
2023-05-20,23.279999
2023-05-21,23.64
2023-05-22,24.34
2023-05-23,23.49
2023-05-24,22.949999
2023-05-25,23.47
2023-05-26,22.269999
2023-05-27,22.8
2023-05-28,21.26
2023-05-29,22.6
2023-05-30,27.31
2023-05-31,24.26
2023-06-01,22.93
2023-06-02,24.42
2023-06-03,21.369999
2023-06-04,22.23
2023-06-05,24.05
2023-06-06,22.99
2023-06-07,22.46
2023-06-08,22.6
2023-06-09,24.699999
2023-06-10,26.71
2023-06-11,24.0
2023-06-12,21.35
2023-06-13,19.1
2023-06-14,24.5
2023-06-15,25.93
2023-06-16,25.33
2023-06-17,26.38
2023-06-18,25.289999
2023-06-19,24.34
2023-06-20,25.269999
2023-06-21,25.029999
2023-06-22,27.23
2023-06-23,28.449999
2023-06-24,30.01
2023-06-25,25.8
2023-06-26,23.51
2023-06-27,23.88
2023-06-28,21.6
2023-06-29,19.46
2023-06-30,23.5
2023-07-01,28.92
2023-07-02,25.539999
2023-07-03,26.72
2023-07-04,27.83
2023-07-05,27.949999
2023-07-06,29.97
2023-07-07,26.72
2023-07-08,23.25
2023-07-09,27.519999
2023-07-10,28.59
2023-07-11,29.539999
2023-07-12,28.689999
2023-07-13,30.99
2023-07-14,28.32
2023-07-15,28.88
2023-07-16,29.32
2023-07-17,32.73
2023-07-18,28.939999
2023-07-19,29.64
2023-07-20,29.56
2023-07-21,27.599998
2023-07-22,28.5
2023-07-23,27.25
2023-07-24,28.09
2023-07-25,31.23
2023-07-26,29.8
2023-07-27,20.83
2023-07-28,24.529999
2023-07-29,27.65
2023-07-30,27.41
2023-07-31,24.269999
2023-08-01,26.14
2023-08-02,25.67
2023-08-03,29.769999
2023-08-04,30.679998
2023-08-05,30.869999
2023-08-06,26.199999
2023-08-07,22.88
2023-08-08,20.359999
2023-08-09,24.23
2023-08-10,23.369999
2023-08-11,24.789999
2023-08-12,26.26
2023-08-13,27.13
2023-08-14,30.08
2023-08-15,29.679998
2023-08-16,27.519999
2023-08-17,31.529999
2023-08-18,31.039999
2023-08-19,32.37
2023-08-20,34.35
2023-08-21,33.68
2023-08-22,32.76
2023-08-23,31.01
2023-08-24,31.07
2023-08-25,29.41
2023-08-26,30.24
2023-08-27,29.07
2023-08-28,30.51
2023-08-29,29.46
2023-08-30,26.64
2023-08-31,25.57
2023-09-01,25.41
2023-09-02,26.83
2023-09-03,25.269999
2023-09-04,22.58
2023-09-05,22.689999
2023-09-06,25.0
2023-09-07,27.46
2023-09-08,28.16
2023-09-09,27.74
2023-09-10,26.8
2023-09-11,26.609999
2023-09-12,29.22
2023-09-13,28.42
2023-09-14,28.449999
2023-09-15,24.13
2023-09-16,21.09
2023-09-17,24.81
2023-09-18,23.539999
2023-09-19,23.47
2023-09-20,23.51
2023-09-21,25.26
2023-09-22,24.529999
2023-09-23,29.16
2023-09-24,28.98
2023-09-25,25.939999
2023-09-26,27.09
2023-09-27,25.23
2023-09-28,25.0
2023-09-29,26.029999
2023-09-30,23.72
2023-10-01,23.4
2023-10-02,19.5
2023-10-03,23.15
2023-10-04,24.71
2023-10-05,21.32
2023-10-06,21.26
2023-10-07,22.75
2023-10-08,21.33
2023-10-09,14.7
2023-10-10,15.4
2023-10-11,19.199999
2023-10-12,24.939999
2023-10-13,21.189999
2023-10-14,23.57
2023-10-15,20.41
2023-10-16,11.969999
2023-10-17,12.41
2023-10-18,13.889999
2023-10-19,17.76
2023-10-20,24.68
2023-10-21,27.82
2023-10-22,24.51
2023-10-23,20.49
2023-10-24,19.539999
2023-10-25,20.43
2023-10-26,20.359999
2023-10-27,19.38
2023-10-28,19.64
2023-10-29,20.83
2023-10-30,22.24
2023-10-31,22.029999
2023-11-01,14.62
2023-11-02,12.16
2023-11-03,14.799999
2023-11-04,14.74
2023-11-05,14.849999
2023-11-06,15.5
2023-11-07,14.61
2023-11-08,13.29
2023-11-09,10.969999
2023-11-10,11.53
2023-11-11,11.69
2023-11-12,7.44
2023-11-13,7.1499996
2023-11-14,14.2699995
2023-11-15,13.469999
2023-11-16,9.809999
2023-11-17,8.25
2023-11-18,7.0299997
2023-11-19,6.3399997
2023-11-20,9.48
2023-11-21,10.9
2023-11-22,9.42
2023-11-23,3.75
2023-11-24,6.49
2023-11-25,6.0299997
2023-11-26,3.1399999
2023-11-27,1.75
2023-11-28,6.06
2023-11-29,6.64
2023-11-30,4.21
2023-12-01,9.469999
2023-12-02,11.07
2023-12-03,10.4
2023-12-04,2.35
2023-12-05,2.0
2023-12-06,5.8399997
2023-12-07,3.05
2023-12-08,1.05
2023-12-09,1.9399999
2023-12-10,2.05
2023-12-11,2.25
2023-12-12,4.5299997
2023-12-13,6.29
2023-12-14,9.83
2023-12-15,4.43
2023-12-16,0.57
2023-12-17,2.6
2023-12-18,6.92
2023-12-19,6.5899997
2023-12-20,4.74
2023-12-21,6.25
2023-12-22,5.5499997
2023-12-23,1.81
2023-12-24,5.5699997
2023-12-25,11.71
2023-12-26,12.16
2023-12-27,9.58
2023-12-28,8.0
2023-12-29,9.309999
2023-12-30,9.639999
2023-12-31,8.639999
2024-01-01,8.92
2024-01-02,5.9
2024-01-03,8.2699995
2024-01-04,9.9
2024-01-05,10.969999
2024-01-06,8.7
2024-01-07,8.48
2024-01-08,2.3899999
2024-01-09,-4.74
2024-01-10,1.41
2024-01-11,-1.5799999
2024-01-12,-4.2599998
2024-01-13,-2.8899999
2024-01-14,-1.3199999
2024-01-15,3.21
2024-01-16,3.11
2024-01-17,2.82
2024-01-18,8.22
2024-01-19,7.8799996
2024-01-20,4.6
2024-01-21,-3.9299998
2024-01-22,-0.51
2024-01-23,0.84999996
2024-01-24,2.87
2024-01-25,5.83
2024-01-26,3.23
2024-01-27,4.08
2024-01-28,1.7199999
2024-01-29,-2.76
2024-01-30,-0.39
2024-01-31,3.84
2024-02-01,6.31
2024-02-02,6.2599998
2024-02-03,8.97
2024-02-04,9.389999
2024-02-05,13.75
2024-02-06,13.65
2024-02-07,12.65
2024-02-08,14.099999
2024-02-09,17.4
2024-02-10,16.16
2024-02-11,15.259999
2024-02-12,14.42
2024-02-13,11.21
2024-02-14,6.66
2024-02-15,7.58
2024-02-16,8.32
2024-02-17,7.66
2024-02-18,8.599999
2024-02-19,8.42
2024-02-20,9.86
2024-02-21,10.469999
2024-02-22,10.01
2024-02-23,10.73
2024-02-24,13.45
2024-02-25,11.78
2024-02-26,13.099999
2024-02-27,13.559999
2024-02-28,11.88
2024-02-29,12.639999
2024-03-01,12.24
2024-03-02,10.429999
2024-03-03,12.07
2024-03-04,13.88
2024-03-05,11.61
2024-03-06,11.91
2024-03-07,10.01
2024-03-08,7.37
2024-03-09,7.8199997
2024-03-10,13.61
2024-03-11,14.08
2024-03-12,11.42
2024-03-13,9.9
2024-03-14,8.2699995
2024-03-15,9.349999
2024-03-16,10.58
2024-03-17,12.219999
2024-03-18,8.94
2024-03-19,8.429999
2024-03-20,9.5199995
2024-03-21,10.12
2024-03-22,14.78
2024-03-23,15.969999
2024-03-24,14.82
2024-03-25,10.63
2024-03-26,13.28
2024-03-27,15.03
2024-03-28,15.28
2024-03-29,19.18
2024-03-30,24.51
2024-03-31,22.789999
2024-04-01,23.76
2024-04-02,20.14
2024-04-03,15.059999
2024-04-04,14.4
2024-04-05,17.23
2024-04-06,16.98
2024-04-07,16.859999
2024-04-08,24.65
2024-04-09,24.59
2024-04-10,23.93
2024-04-11,25.68
2024-04-12,23.42
2024-04-13,22.05
2024-04-14,26.09
2024-04-15,27.369999
2024-04-16,23.08
2024-04-17,18.02
2024-04-18,12.98
2024-04-19,10.37
2024-04-20,13.61
2024-04-21,15.559999
2024-04-22,10.94
2024-04-23,13.219999
2024-04-24,16.77
2024-04-25,13.65
2024-04-26,16.699999
2024-04-27,16.199999
2024-04-28,19.09
2024-04-29,19.67
2024-04-30,20.77
2024-05-01,18.949999
2024-05-02,18.84
2024-05-03,19.07
2024-05-04,19.359999
2024-05-05,21.27
2024-05-06,23.119999
2024-05-07,21.289999
2024-05-08,16.32
2024-05-09,17.75
2024-05-10,19.82
2024-05-11,19.99
2024-05-12,17.74
2024-05-13,17.359999
2024-05-14,17.85
2024-05-15,17.029999
2024-05-16,15.2
2024-05-17,18.6
2024-05-18,20.23
2024-05-19,21.93
2024-05-20,23.699999
2024-05-21,22.31
2024-05-22,21.119999
2024-05-23,22.5
2024-05-24,26.619999
2024-05-25,24.779999
2024-05-26,25.17
2024-05-27,20.02
2024-05-28,20.1
2024-05-29,19.01
2024-05-30,21.279999
2024-05-31,23.279999
2024-06-01,25.47
2024-06-02,26.51
2024-06-03,27.33
2024-06-04,26.96
2024-06-05,27.619999
2024-06-06,28.779999
2024-06-07,29.88
2024-06-08,28.59
2024-06-09,26.66
2024-06-10,29.939999
2024-06-11,28.599998
2024-06-12,27.519999
2024-06-13,26.859999
2024-06-14,22.72
2024-06-15,24.38
2024-06-16,27.609999
2024-06-17,27.32
2024-06-18,29.75
2024-06-19,29.689999
2024-06-20,28.84
2024-06-21,30.189999
2024-06-22,31.099998
2024-06-23,31.31
2024-06-24,30.179998
2024-06-25,29.619999
2024-06-26,30.64
2024-06-27,29.109999
2024-06-28,29.519999
2024-06-29,30.17
2024-06-30,32.46
2024-07-01,31.46
2024-07-02,26.769999
2024-07-03,21.43
2024-07-04,23.66
2024-07-05,24.93
2024-07-06,28.769999
2024-07-07,30.01
2024-07-08,31.619999
2024-07-09,31.949999
2024-07-10,30.66
2024-07-11,32.899998
2024-07-12,34.11
2024-07-13,34.52
2024-07-14,35.969997
2024-07-15,34.51
2024-07-16,35.71
2024-07-17,35.739998
2024-07-18,33.66
2024-07-19,33.45
2024-07-20,31.47
2024-07-21,27.369999
2024-07-22,27.58
2024-07-23,30.5
2024-07-24,28.26
2024-07-25,25.8
2024-07-26,24.59
2024-07-27,29.41
2024-07-28,31.769999
2024-07-29,28.65
2024-07-30,24.039999
2024-07-31,28.33
2024-08-01,30.23
2024-08-02,30.41
2024-08-03,28.43
2024-08-04,23.64
2024-08-05,25.92
2024-08-06,21.52
2024-08-07,25.609999
2024-08-08,27.9
2024-08-09,25.38
2024-08-10,26.4
2024-08-11,30.609999
2024-08-12,33.11
2024-08-13,33.77
2024-08-14,30.699999
2024-08-15,31.609999
2024-08-16,33.0
2024-08-17,31.31
2024-08-18,29.26
2024-08-19,23.46
2024-08-20,21.92
2024-08-21,22.49
2024-08-22,28.74
2024-08-23,29.13
2024-08-24,31.66
2024-08-25,30.5
2024-08-26,30.5
2024-08-27,27.8
2024-08-28,25.439999
2024-08-29,26.109999
2024-08-30,26.41
2024-08-31,27.83
2024-09-01,29.34
2024-09-02,28.9
2024-09-03,30.58
2024-09-04,26.17
2024-09-05,28.699999
2024-09-06,27.33
2024-09-07,27.18
2024-09-08,24.08
2024-09-09,26.16
2024-09-10,25.3
2024-09-11,18.859999
2024-09-12,21.41
2024-09-13,24.01
2024-09-14,18.92
2024-09-15,18.46
2024-09-16,18.34
2024-09-17,20.24
2024-09-18,23.84
2024-09-19,21.66
2024-09-20,21.98
2024-09-21,24.029999
2024-09-22,23.779999
2024-09-23,24.5
2024-09-24,21.65
2024-09-25,23.779999
2024-09-26,21.74
2024-09-27,25.13
2024-09-28,25.22
2024-09-29,19.1
2024-09-30,12.219999
2024-10-01,14.4
2024-10-02,18.289999
2024-10-03,22.029999
2024-10-04,21.52
2024-10-05,19.73
2024-10-06,17.51
2024-10-07,16.949999
2024-10-08,20.38
2024-10-09,22.83
2024-10-10,22.529999
2024-10-11,21.49
2024-10-12,15.389999
2024-10-13,16.38
2024-10-14,16.3
2024-10-15,14.99
2024-10-16,10.28
2024-10-17,13.969999
2024-10-18,13.2699995
2024-10-19,15.62
2024-10-20,15.86
2024-10-21,18.18
2024-10-22,20.859999
2024-10-23,19.85
2024-10-24,17.33
2024-10-25,18.029999
2024-10-26,17.44
2024-10-27,18.99
2024-10-28,21.38
2024-10-29,16.65
2024-10-30,15.219999
2024-10-31,13.45
2024-11-01,16.23
2024-11-02,11.849999
2024-11-03,7.5299997
2024-11-04,6.97
2024-11-05,6.62
2024-11-06,9.95
2024-11-07,11.84
2024-11-08,11.74
2024-11-09,5.68
2024-11-10,2.47
2024-11-11,4.31
2024-11-12,2.6799998
2024-11-13,2.77
2024-11-14,5.69
2024-11-15,3.49
2024-11-16,5.12
2024-11-17,9.55
2024-11-18,6.33
2024-11-19,6.5
2024-11-20,10.96
2024-11-21,7.5
2024-11-22,5.44
2024-11-23,3.25
2024-11-24,2.1599998
2024-11-25,5.35
2024-11-26,6.56
2024-11-27,7.8999996
2024-11-28,10.21
2024-11-29,8.5
2024-11-30,10.03
2024-12-01,6.19
2024-12-02,5.6
2024-12-03,5.94
2024-12-04,5.81
2024-12-05,2.6599998
2024-12-06,3.6699998
2024-12-07,5.2
2024-12-08,4.7999997
2024-12-09,5.73
2024-12-10,2.6
2024-12-11,1.41
2024-12-12,-0.53999996
2024-12-13,-0.21
2024-12-14,3.81
2024-12-15,3.34
2024-12-16,6.64
2024-12-17,8.55
2024-12-18,6.99
2024-12-19,8.04
2024-12-20,6.91
2024-12-21,5.79
2024-12-22,5.56
2024-12-23,3.12
2024-12-24,6.7999997
2024-12-25,4.74
2024-12-26,0.82
2024-12-27,0.68
2024-12-28,0.76
2024-12-29,-1.06
2024-12-30,-1.4599999
2024-12-31,1.61
